pattern_id,agent_id,family,target,regime,status,winner_fires_dec,all_fires_dec,manual_precision_dec,winner_precision_dec,weight,hit_pct,real_lift_pp,clean26_lift,rule,parsed_conditions,fire_col
7695,FALCPAT_7695,fresh_breakout,hit_10pc_20d,breakout,PROMOTED,110,953,0.1825813221406086,0.11542497376705142,1338.0239580521643,60.4975548918573,27.79867153835674,12.49,volatility (20d ATR%) >= 2.5871 AND close position in weekly range >= 0.6838 AND weekly range % >= 8.5178,atr_20_pct>=2.5871 AND weekly_close_loc>=0.6838 AND weekly_range_pct>=8.5178,pat_7695
7383,FALCPAT_7383,other,hit_15pc_20d,other,PROMOTED,104,2062,0.08195926285160039,0.0504364694471387,285.0654306819372,31.166241942737223,13.715597136615107,11.72,volatility (20d ATR%) >= 2.4628 AND 20-day return <= 30.2011 AND close position in weekly range >= 0.267 AND weekly range % >= 7.5957,atr_20_pct>=2.4628 AND roc_20<=30.2011 AND weekly_close_loc>=0.267 AND weekly_range_pct>=7.5957,pat_7383
7394,FALCPAT_7394,fresh_breakout,hit_10pc_20d,breakout,PROMOTED,100,928,0.1713362068965517,0.10775862068965517,1173.221052469632,59.34183277245664,26.64294941895608,12.34,volatility (20d ATR%) >= 2.5597 AND 20-day return <= 29.3078 AND close position in weekly range >= 0.7075 AND weekly range % >= 7.8851,atr_20_pct>=2.5597 AND roc_20<=29.3078 AND weekly_close_loc>=0.7075 AND weekly_range_pct>=7.8851,pat_7394
7075,FALCPAT_7075,other,hit_25pc_30d,other,PROMOTED,93,1838,0.08106637649619151,0.05059847660500544,130.72158440431912,15.880246241190935,6.422091199048261,6.74,volatility (20d ATR%) >= 2.1013 AND distance from 200-DMA <= 34.864 AND close position in weekly range >= 0.1023 AND weekly range % >= 8.3165,atr_20_pct>=2.1013 AND dist_sma_200<=34.864 AND weekly_close_loc>=0.1023 AND weekly_range_pct>=8.3165,pat_7075
8737,FALCPAT_8737,continuation,hit_10pc_20d,other,PROMOTED,92,1142,0.1295971978984238,0.08056042031523643,572.3508513315447,53.08293169353499,17.70234444835077,12.19,volatility (20d ATR%) >= 2.9337 AND 60-day return >= -20.5526 AND close position in weekly range >= 0.174 AND weekly range % >= 9.8757,atr_20_pct>=2.9337 AND roc_60>=-20.5526 AND weekly_close_loc>=0.174 AND weekly_range_pct>=9.8757,pat_8737
6427,FALCPAT_6427,fresh_breakout,hit_10pc_20d,breakout,PROMOTED,89,810,0.1765432098765432,0.10987654320987654,1197.3511592481277,61.35762562444902,27.350163672161905,11.69,60-day return >= -14.7778 AND 60d relative strength vs sector >= -15.622 AND close position in weekly range >= 0.6594 AND weekly range % >= 8.9956,roc_60>=-14.7778 AND rs_sector_60d>=-15.622 AND weekly_close_loc>=0.6594 AND weekly_range_pct>=8.9956,pat_6427
6677,FALCPAT_6677,fresh_breakout,hit_15pc_20d,breakout,PROMOTED,89,905,0.15248618784530388,0.09834254143646409,752.8564450996856,37.52965989981545,19.21383795486796,7.04,volatility (20d ATR%) >= 2.673 AND 60-day return >= -15.4153 AND close position in weekly range >= 0.712 AND weekly range % >= 7.2486,atr_20_pct>=2.673 AND roc_60>=-15.4153 AND weekly_close_loc>=0.712 AND weekly_range_pct>=7.2486,pat_6677
6819,FALCPAT_6819,other,hit_10pc_20d,other,PROMOTED,88,898,0.1492204899777283,0.09799554565701558,1004.3502183761068,58.485949951069486,25.787066597568923,16.68,volatility (20d ATR%) >= 2.3312 AND 60d relative strength vs market <= 28.9405 AND close position in weekly range >= 0.3113 AND weekly range % >= 10.1174,atr_20_pct>=2.3312 AND rs_market_60d<=28.9405 AND weekly_close_loc>=0.3113 AND weekly_range_pct>=10.1174,pat_6819
9366,FALCPAT_9366,other,hit_15pc_20d,other,PROMOTED,88,1762,0.07832009080590238,0.049943246311010214,91.91390290851265,24.19286769360625,4.630496270378267,3.43,volatility (20d ATR%) <= 4.3375 AND close position in weekly range >= 0.0701 AND weekly range % >= 8.43,atr_20_pct<=4.3375 AND weekly_close_loc>=0.0701 AND weekly_range_pct>=8.43,pat_9366
7121,FALCPAT_7121,other,hit_15pc_20d,other,PROMOTED,88,3705,0.03805668016194332,0.023751686909581647,74.6612140843609,25.359683258302173,7.909038452180058,8.94,volatility (20d ATR%) >= 2.4454 AND distance from 20-day high <= -2.0303 AND close position in weekly range >= 0.1664 AND weekly range % >= 5.0236,atr_20_pct>=2.4454 AND dist_high_20<=-2.0303 AND weekly_close_loc>=0.1664 AND weekly_range_pct>=5.0236,pat_7121
7085,FALCPAT_7085,fresh_breakout,hit_10pc_20d,breakout,PROMOTED,87,914,0.15317286652078774,0.09518599562363239,1012.7036107651102,59.53545650463518,26.83657315113462,14.54,volatility (20d ATR%) >= 2.3175 AND distance from 120-day high <= -4.8089 AND close position in weekly range >= 0.6441 AND weekly range % >= 7.9969,atr_20_pct>=2.3175 AND dist_high_120<=-4.8089 AND weekly_close_loc>=0.6441 AND weekly_range_pct>=7.9969,pat_7085
7412,FALCPAT_7412,other,hit_25pc_30d,other,PROMOTED,80,693,0.18181818181818182,0.11544011544011544,594.9975148751003,22.70436024531631,13.246205203173634,10.05,volatility (20d ATR%) >= 2.4512 AND 20d relative strength vs sector <= 10.6274 AND close position in weekly range >= 0.319 AND weekly range % >= 10.5184,atr_20_pct>=2.4512 AND rs_sector_20d<=10.6274 AND weekly_close_loc>=0.319 AND weekly_range_pct>=10.5184,pat_7412
8200,FALCPAT_8200,other,hit_10pc_20d,other,PROMOTED,80,2211,0.05879692446856626,0.03618272274988693,180.39046230278896,43.06211844238265,12.812840100493004,13.15,volatility (20d ATR%) >= 2.975 AND distance from 120-day high >= -26.1604 AND 60d relative strength vs sector >= -21.3101 AND close position in weekly range >= 0.4434,atr_20_pct>=2.975 AND dist_high_120>=-26.1604 AND rs_sector_60d>=-21.3101 AND weekly_close_loc>=0.4434,pat_8200
6697,FALCPAT_6697,fresh_breakout,hit_10pc_20d,breakout,PROMOTED,77,995,0.12361809045226131,0.07738693467336684,763.4599195864989,58.272820020404495,25.573936666903936,17.07,volatility (20d ATR%) >= 3.1901 AND close position in weekly range >= 0.7359 AND weekly range % >= 5.1546,atr_20_pct>=3.1901 AND weekly_close_loc>=0.7359 AND weekly_range_pct>=5.1546,pat_6697
7559,FALCPAT_7559,fresh_breakout,hit_15pc_20d,breakout,PROMOTED,77,1177,0.10875106202209006,0.06542056074766354,491.06331908317304,36.90882496343247,19.45818015731036,16.63,volatility (20d ATR%) >= 3.4166 AND close position in weekly range >= 0.6636,atr_20_pct>=3.4166 AND weekly_close_loc>=0.6636,pat_7559
6953,FALCPAT_6953,fresh_breakout,hit_25pc_30d,breakout,PROMOTED,76,571,0.19964973730297722,0.1330998248686515,772.6935987613442,24.551899411449973,15.0937443693073,4.97,volatility (20d ATR%) >= 2.4437 AND distance from 50-DMA >= -2.9357 AND close position in weekly range >= 0.7028 AND weekly range % >= 10.0261,atr_20_pct>=2.4437 AND dist_sma_50>=-2.9357 AND weekly_close_loc>=0.7028 AND weekly_range_pct>=10.0261,pat_6953
9460,FALCPAT_9460,fresh_breakout,hit_10pc_20d,breakout,PROMOTED,75,510,0.23529411764705882,0.14705882352941177,1575.5361232638634,63.31974805483512,27.939160809650907,13.78,volatility (20d ATR%) >= 2.5731 AND distance from year-high >= -52.5716 AND close position in weekly range >= 0.4709 AND weekly range % >= 12.3243,atr_20_pct>=2.5731 AND dist_high_252>=-52.5716 AND weekly_close_loc>=0.4709 AND weekly_range_pct>=12.3243,pat_9460
9293,FALCPAT_9293,other,hit_15pc_20d,other,PROMOTED,75,1001,0.11388611388611389,0.07492507492507493,444.8769833828694,35.04657351962741,15.484202096399432,13.33,distance from 60-day high <= -4.2092 AND close position in weekly range >= 0.0559 AND weekly range % >= 10.6648,dist_high_60<=-4.2092 AND weekly_close_loc>=0.0559 AND weekly_range_pct>=10.6648,pat_9293
7055,FALCPAT_7055,other,hit_15pc_20d,other,PROMOTED,74,1773,0.06542583192329385,0.04173716864072194,178.28755251409166,28.624535315985128,11.173890509863012,14.11,volatility (20d ATR%) >= 2.1406 AND 60d relative strength vs sector <= 10.0563 AND close position in weekly range >= 0.0938 AND weekly range % >= 8.0101,atr_20_pct>=2.1406 AND rs_sector_60d<=10.0563 AND weekly_close_loc>=0.0938 AND weekly_range_pct>=8.0101,pat_7055
6150,FALCPAT_6150,fresh_breakout,hit_10pc_20d,breakout,PROMOTED,73,1223,0.09157808667211774,0.059689288634505316,448.2880318563234,53.7144128113879,19.706950859100782,10.63,volatility (20d ATR%) >= 2.3809 AND distance from year-high <= -5.3701 AND close position in weekly range >= 0.7418 AND weekly range % >= 4.478,atr_20_pct>=2.3809 AND dist_high_252<=-5.3701 AND weekly_close_loc>=0.7418 AND weekly_range_pct>=4.478,pat_6150
8903,FALCPAT_8903,fresh_breakout,hit_10pc_20d,breakout,PROBATION,70,1502,0.06657789613848203,0.04660452729693742,192.8559419850432,46.34435232044794,10.963765075263726,3.39,close position in weekly range >= 0.8051,weekly_close_loc>=0.8051,pat_8903
8568,FALCPAT_8568,other,hit_10pc_20d,other,PROMOTED,64,388,0.24484536082474226,0.16494845360824742,1132.515812903435,53.95610005104645,18.57551280586224,2.95,volatility (20d ATR%) <= 4.0236 AND close position in weekly range >= 0.4465 AND weekly range % >= 11.0237,atr_20_pct<=4.0236 AND weekly_close_loc>=0.4465 AND weekly_range_pct>=11.0237,pat_8568
8337,FALCPAT_8337,fresh_breakout,hit_10pc_20d,breakout,PROMOTED,64,1218,0.08702791461412152,0.052545155993431854,213.21958300192418,41.22768186513206,10.978403523242426,3.19,distance from 60-day high >= -24.0447 AND distance from 200-DMA >= 6.4162 AND close position in weekly range >= 0.5083 AND weekly range % >= 5.9699,dist_high_60>=-24.0447 AND dist_sma_200>=6.4162 AND weekly_close_loc>=0.5083 AND weekly_range_pct>=5.9699,pat_8337
8854,FALCPAT_8854,pullback_reversal,hit_15pc_20d,capitulation,PROMOTED,63,527,0.1859582542694497,0.11954459203036052,975.2820372019069,41.71682805548286,22.15445663225488,15.42,volatility (20d ATR%) >= 2.5103 AND distance from 120-day high <= -16.1544 AND close position in weekly range >= 0.7072 AND weekly range % >= 6.7405,atr_20_pct>=2.5103 AND dist_high_120<=-16.1544 AND weekly_close_loc>=0.7072 AND weekly_range_pct>=6.7405,pat_8854
9058,FALCPAT_9058,fresh_breakout,hit_15pc_20d,breakout,PROMOTED,60,1137,0.08179419525065963,0.052770448548812667,148.22649010236032,27.27919214905419,7.716820725826209,5.82,volatility (20d ATR%) <= 4.0877 AND volatility (20d ATR%) >= 3.1626 AND close position in weekly range >= 0.5534 AND weekly range % >= 4.4766,atr_20_pct<=4.0877 AND atr_20_pct>=3.1626 AND weekly_close_loc>=0.5534 AND weekly_range_pct>=4.4766,pat_9058
7246,FALCPAT_7246,other,hit_25pc_30d,other,PROMOTED,60,1970,0.05228426395939086,0.030456852791878174,115.49083796490144,19.875711912672045,10.417556870529369,12.68,volatility (20d ATR%) >= 3.6162 AND close position in weekly range >= 0.2192 AND weekly range % >= 5.0288,atr_20_pct>=3.6162 AND weekly_close_loc>=0.2192 AND weekly_range_pct>=5.0288,pat_7246
9548,FALCPAT_9548,fresh_breakout,hit_10pc_20d,breakout,PROMOTED,58,595,0.16470588235294117,0.09747899159663866,825.1882354431783,58.827278521351175,23.44669127616697,17.0,volatility (20d ATR%) >= 3.3204 AND 5-day return >= 1.6335 AND close position in weekly range >= 0.6786 AND weekly range % >= 8.9567,atr_20_pct>=3.3204 AND roc_5>=1.6335 AND weekly_close_loc>=0.6786 AND weekly_range_pct>=8.9567,pat_9548
7111,FALCPAT_7111,dryup,hit_10pc_20d,other,PROMOTED,58,672,0.14136904761904762,0.08630952380952381,713.12590081868,55.58367986500331,22.884796511502756,13.65,days with sub-75% volume in last 7 <= 2.5 AND close position in weekly range >= 0.2193 AND weekly range % >= 9.9639,n_sub_75v_7d<=2.5 AND weekly_close_loc>=0.2193 AND weekly_range_pct>=9.9639,pat_7111
8315,FALCPAT_8315,other,hit_15pc_20d,other,PROMOTED,58,1568,0.05994897959183673,0.036989795918367346,185.27107919279703,29.398496240601503,13.872836289488982,13.85,volatility (20d ATR%) >= 3.1996 AND distance from 200-DMA <= 19.1227 AND close position in weekly range >= 0.4185,atr_20_pct>=3.1996 AND dist_sma_200<=19.1227 AND weekly_close_loc>=0.4185,pat_8315
7554,FALCPAT_7554,fresh_breakout,hit_10pc_20d,breakout,PROMOTED,57,1049,0.09628217349857007,0.05433746425166826,368.07579195289196,51.53979840111227,18.840915047611716,2.71,volatility (20d ATR%) >= 2.3477 AND 20-day return >= 3.5439 AND close position in weekly range >= 0.4998 AND weekly range % >= 6.9997,atr_20_pct>=2.3477 AND roc_20>=3.5439 AND weekly_close_loc>=0.4998 AND weekly_range_pct>=6.9997,pat_7554
7251,FALCPAT_7251,other,hit_10pc_20d,other,PROMOTED,57,3775,0.022781456953642386,0.015099337748344372,27.89245667756663,37.83686999938611,5.137986645885556,11.28,volatility (20d ATR%) >= 2.1521 AND distance from 50-DMA <= 4.8521 AND 60d relative strength vs sector <= 13.7136 AND close position in weekly range >= 0.2647,atr_20_pct>=2.1521 AND dist_sma_50<=4.8521 AND rs_sector_60d<=13.7136 AND weekly_close_loc>=0.2647,pat_7251
8590,FALCPAT_8590,other,hit_15pc_20d,other,PROBATION,56,1516,0.055408970976253295,0.036939313984168866,60.23246468946784,24.117179516293856,4.554808093065879,2.29,volatility (20d ATR%) <= 4.1346 AND distance from year-high <= -8.3981 AND close position in weekly range >= 0.4465 AND weekly range % >= 5.5916,atr_20_pct<=4.1346 AND dist_high_252<=-8.3981 AND weekly_close_loc>=0.4465 AND weekly_range_pct>=5.5916,pat_8590
7741,FALCPAT_7741,fresh_breakout,hit_10pc_20d,breakout,PROMOTED,55,535,0.15327102803738318,0.102803738317757,713.1538765078326,49.71219991576583,19.46292157387619,10.46,5-day return >= 4.1146 AND close position in weekly range >= 0.7385 AND weekly range % >= 8.6398,roc_5>=4.1146 AND weekly_close_loc>=0.7385 AND weekly_range_pct>=8.6398,pat_7741
7553,FALCPAT_7553,fresh_breakout,hit_10pc_20d,breakout,PROMOTED,55,855,0.09239766081871345,0.06432748538011696,495.3589658048709,54.30402639845163,21.605143044951078,21.38,volatility (20d ATR%) >= 2.3477 AND 20-day return <= 3.5439 AND close position in weekly range >= 0.4998 AND weekly range % >= 6.9997,atr_20_pct>=2.3477 AND roc_20<=3.5439 AND weekly_close_loc>=0.4998 AND weekly_range_pct>=6.9997,pat_7553
7164,FALCPAT_7164,fresh_breakout,hit_10pc_20d,breakout,PROMOTED,53,396,0.21464646464646464,0.13383838383838384,1705.5628723032796,68.77852982842751,36.07964647492696,15.46,volatility (20d ATR%) >= 2.2284 AND close position in weekly range >= 0.5467 AND weekly range % >= 13.298,atr_20_pct>=2.2284 AND weekly_close_loc>=0.5467 AND weekly_range_pct>=13.298,pat_7164
7163,FALCPAT_7163,fresh_breakout,hit_10pc_20d,breakout,PROMOTED,53,590,0.13728813559322034,0.08983050847457627,701.5606774928464,54.8103018554417,22.111418501941145,10.38,volatility (20d ATR%) >= 2.2284 AND close position in weekly range >= 0.5467 AND weekly range % <= 13.298 AND weekly range % >= 9.6857,atr_20_pct>=2.2284 AND weekly_close_loc>=0.5467 AND weekly_range_pct<=13.298 AND weekly_range_pct>=9.6857,pat_7163
8162,FALCPAT_8162,dryup,hit_10pc_20d,other,PROMOTED,53,1515,0.056105610561056105,0.03498349834983498,245.48616701942748,50.11658575742517,19.867307415535528,19.35,volatility (20d ATR%) >= 3.08 AND days with sub-75% volume in last 20 <= 12.5 AND 60-day return <= 9.1506 AND close position in weekly range >= 0.4086,atr_20_pct>=3.08 AND n_sub_75v_20d<=12.5 AND roc_60<=9.1506 AND weekly_close_loc>=0.4086,pat_8162
7444,FALCPAT_7444,dryup,hit_25pc_30d,other,PROMOTED,53,1782,0.05331088664421998,0.02974186307519641,84.63522327418475,17.514873695503756,8.056718653361079,11.72,volatility (20d ATR%) >= 3.2758 AND days with sub-75% volume in last 20 <= 11.5 AND 60d relative strength vs market <= 39.7537 AND close position in weekly range >= 0.3227,atr_20_pct>=3.2758 AND n_sub_75v_20d<=11.5 AND rs_market_60d<=39.7537 AND weekly_close_loc>=0.3227,pat_7444
6245,FALCPAT_6245,fresh_breakout,hit_15pc_20d,breakout,PROMOTED,52,572,0.15384615384615385,0.09090909090909091,698.6592103993358,40.17697967650968,21.861157731562187,20.07,days with sub-3% range in last 7 <= 2.5 AND close position in weekly range >= 0.7117,n_sub_3_range_7d<=2.5 AND weekly_close_loc>=0.7117,pat_6245
7862,FALCPAT_7862,fresh_breakout,hit_10pc_20d,breakout,PROMOTED,50,882,0.09183673469387756,0.05668934240362812,253.54764623356124,43.09626986150055,12.846991519610912,5.41,distance from 10-day high >= -2.5243 AND close position in weekly range >= 0.4998 AND weekly range % >= 7.5026,dist_high_10>=-2.5243 AND weekly_close_loc>=0.4998 AND weekly_range_pct>=7.5026,pat_7862
9574,FALCPAT_9574,fresh_breakout,hit_15pc_20d,breakout,PROMOTED,49,521,0.15547024952015356,0.09404990403071017,641.3612330286337,39.24941360437842,19.68704218115044,14.88,volatility (20d ATR%) >= 3.5761 AND distance from year-high >= -27.4711 AND close position in weekly range >= 0.5899 AND weekly range % >= 8.6569,atr_20_pct>=3.5761 AND dist_high_252>=-27.4711 AND weekly_close_loc>=0.5899 AND weekly_range_pct>=8.6569,pat_9574
7620,FALCPAT_7620,fresh_breakout,hit_10pc_20d,breakout,PROMOTED,47,643,0.12597200622083982,0.07309486780715396,425.07399952857884,47.21488746385012,16.96560912196048,10.53,distance from 50-DMA <= 14.898 AND 5-day return >= 3.643 AND close position in weekly range >= 0.5098 AND weekly range % >= 9.062,dist_sma_50<=14.898 AND roc_5>=3.643 AND weekly_close_loc>=0.5098 AND weekly_range_pct>=9.062,pat_7620
7942,FALCPAT_7942,other,hit_10pc_20d,other,PROMOTED,47,824,0.09466019417475728,0.05703883495145631,322.27345538771027,46.73263629574309,16.48335795385345,8.58,distance from 10-day high >= -3.8795 AND 60-day return <= 12.7797 AND close position in weekly range >= 0.4131 AND weekly range % >= 7.8994,dist_high_10>=-3.8795 AND roc_60<=12.7797 AND weekly_close_loc>=0.4131 AND weekly_range_pct>=7.8994,pat_7942
7819,FALCPAT_7819,fresh_breakout,hit_40pc_40d,breakout,PROMOTED,47,469,0.16204690831556504,0.10021321961620469,188.19348246439208,8.443759630200308,5.478622341237313,4.18,volatility (20d ATR%) >= 3.3686 AND distance from 200-DMA >= 11.3274 AND close position in weekly range >= 0.6303 AND weekly range % >= 7.7431,atr_20_pct>=3.3686 AND dist_sma_200>=11.3274 AND weekly_close_loc>=0.6303 AND weekly_range_pct>=7.7431,pat_7819
9044,FALCPAT_9044,momentum,hit_10pc_20d,momentum,PROBATION,47,1059,0.06893295561850803,0.044381491973559964,35.82462999439033,37.73548261798408,2.354895372799859,-1.56,volatility (20d ATR%) <= 4.0628 AND 5-day return >= 2.8185 AND close position in weekly range >= 0.4183 AND weekly range % >= 6.2674,atr_20_pct<=4.0628 AND roc_5>=2.8185 AND weekly_close_loc>=0.4183 AND weekly_range_pct>=6.2674,pat_9044
6648,FALCPAT_6648,fresh_breakout,hit_10pc_20d,breakout,PROMOTED,46,722,0.10664819944598337,0.06371191135734072,452.4464505365121,54.83829773648756,20.830835784200445,15.41,volatility (20d ATR%) >= 2.6723 AND 60-day return >= -11.5307 AND 60d relative strength vs market >= 3.557 AND close position in weekly range >= 0.7086,atr_20_pct>=2.6723 AND roc_60>=-11.5307 AND rs_market_60d>=3.557 AND weekly_close_loc>=0.7086,pat_6648
8101,FALCPAT_8101,fresh_breakout,hit_10pc_20d,breakout,PROMOTED,45,248,0.2661290322580645,0.1814516129032258,2386.1382277129846,69.03997665596732,38.79069831407767,24.72,volatility (20d ATR%) >= 3.1155 AND 5-day return <= 5.4794 AND close position in weekly range >= 0.53 AND weekly range % >= 10.472,atr_20_pct>=3.1155 AND roc_5<=5.4794 AND weekly_close_loc>=0.53 AND weekly_range_pct>=10.472,pat_8101
6758,FALCPAT_6758,fresh_breakout,hit_10pc_20d,breakout,PROMOTED,45,591,0.12351945854483926,0.07614213197969544,714.9884220479898,60.39805673091991,27.69917337741936,16.65,volatility (20d ATR%) >= 3.3478 AND close position in daily range >= 0.3941 AND close position in weekly range >= 0.6374 AND weekly range % >= 8.5149,atr_20_pct>=3.3478 AND close_loc>=0.3941 AND weekly_close_loc>=0.6374 AND weekly_range_pct>=8.5149,pat_6758
8069,FALCPAT_8069,fresh_breakout,hit_10pc_20d,breakout,PROMOTED,45,952,0.08403361344537816,0.04726890756302521,224.64973533075593,44.2684766214178,14.019198279528156,8.72,5-day return >= 0.3379 AND close position in weekly range >= 0.4857 AND weekly range % <= 13.8814 AND weekly range % >= 7.862,roc_5>=0.3379 AND weekly_close_loc>=0.4857 AND weekly_range_pct<=13.8814 AND weekly_range_pct>=7.862,pat_8069
6270,FALCPAT_6270,other,hit_10pc_20d,other,PROMOTED,45,1678,0.04469606674612634,0.026817640047675805,112.50256747894278,46.382162799435136,12.374700847148024,4.85,distance from 120-day high >= -15.8326 AND 20d relative strength vs market >= -5.4021 AND close position in weekly range >= 0.364 AND weekly range % >= 5.571,dist_high_120>=-15.8326 AND rs_market_20d>=-5.4021 AND weekly_close_loc>=0.364 AND weekly_range_pct>=5.571,pat_6270
8505,FALCPAT_8505,fresh_breakout,hit_15pc_20d,breakout,PROMOTED,44,603,0.10945273631840796,0.07296849087893864,494.8379107934956,35.64532520325203,20.119665252139512,20.4,volatility (20d ATR%) >= 3.596 AND distance from 50-DMA >= -1.7562 AND 20d relative strength vs market >= -9.092 AND close position in weekly range >= 0.6795,atr_20_pct>=3.596 AND dist_sma_50>=-1.7562 AND rs_market_20d>=-9.092 AND weekly_close_loc>=0.6795,pat_8505
6205,FALCPAT_6205,fresh_breakout,hit_15pc_20d,breakout,PROMOTED,43,423,0.16784869976359337,0.1016548463356974,596.3641860651559,35.824287967343906,17.50846602239642,18.41,distance from year-high <= -15.5928 AND days with sub-2.5% range in last 7 <= 2.5 AND close position in weekly range >= 0.7386,dist_high_252<=-15.5928 AND n_sub_2_5_range_7d<=2.5 AND weekly_close_loc>=0.7386,pat_6205
6440,FALCPAT_6440,fresh_breakout,hit_15pc_20d,breakout,PROMOTED,43,694,0.10230547550432277,0.06195965417867435,307.4839010619219,33.12660527469774,14.81078332975025,4.33,60-day return >= -5.8816 AND 20d relative strength vs sector >= -2.8018 AND close position in weekly range >= 0.7316 AND weekly range % >= 6.249,roc_60>=-5.8816 AND rs_sector_20d>=-2.8018 AND weekly_close_loc>=0.7316 AND weekly_range_pct>=6.249,pat_6440
8508,FALCPAT_8508,dryup,hit_10pc_20d,other,PROMOTED,43,2282,0.027607361963190184,0.018843120070113933,39.11944085232471,36.44517912308276,6.19590078119312,3.48,distance from 60-day high <= -3.6453 AND days with sub-75% volume in last 20 >= 9.5 AND close position in weekly range >= 0.2185 AND weekly range % >= 3.683,dist_high_60<=-3.6453 AND n_sub_75v_20d>=9.5 AND weekly_close_loc>=0.2185 AND weekly_range_pct>=3.683,pat_8508
7740,FALCPAT_7740,fresh_breakout,hit_10pc_20d,breakout,PROMOTED,42,256,0.24609375,0.1640625,2052.3005698083425,67.81076066790352,37.56148232601389,21.67,5-day return <= 4.1146 AND close position in weekly range >= 0.7385 AND weekly range % >= 8.6398,roc_5<=4.1146 AND weekly_close_loc>=0.7385 AND weekly_range_pct>=8.6398,pat_7740
8727,FALCPAT_8727,fresh_breakout,hit_15pc_20d,breakout,PROMOTED,42,485,0.12989690721649486,0.0865979381443299,575.6702219581626,39.52314165497896,19.96077023175098,15.33,volatility (20d ATR%) <= 5.2891 AND volatility (20d ATR%) >= 3.624 AND distance from year-high >= -37.4645 AND close position in weekly range >= 0.7552,atr_20_pct<=5.2891 AND atr_20_pct>=3.624 AND dist_high_252>=-37.4645 AND weekly_close_loc>=0.7552,pat_8727
9214,FALCPAT_9214,other,hit_10pc_20d,other,PROMOTED,41,1312,0.051067073170731704,0.03125,209.19295960732987,55.607688814893294,20.227101569709085,22.44,volatility (20d ATR%) >= 3.2014 AND 60d relative strength vs market >= -9.7985 AND 60d relative strength vs sector <= 15.5385 AND close position in weekly range >= 0.424,atr_20_pct>=3.2014 AND rs_market_60d>=-9.7985 AND rs_sector_60d<=15.5385 AND weekly_close_loc>=0.424,pat_9214
8767,FALCPAT_8767,fresh_breakout,hit_10pc_20d,other,PROMOTED,41,2311,0.032453483340545215,0.017741237559498052,80.59884829051515,49.10777385159011,13.727186606405894,13.73,volatility (20d ATR%) >= 3.6888 AND distance from 20-day high >= -19.8967 AND distance from year-high >= -45.8202 AND 60d relative strength vs market <= 39.5596,atr_20_pct>=3.6888 AND dist_high_20>=-19.8967 AND dist_high_252>=-45.8202 AND rs_market_60d<=39.5596,pat_8767
8102,FALCPAT_8102,fresh_breakout,hit_10pc_20d,breakout,PROMOTED,40,487,0.15195071868583163,0.08213552361396304,589.9144932529207,52.091846662774856,21.842568320885213,15.14,volatility (20d ATR%) >= 3.1155 AND 5-day return >= 5.4794 AND close position in weekly range >= 0.53 AND weekly range % >= 10.472,atr_20_pct>=3.1155 AND roc_5>=5.4794 AND weekly_close_loc>=0.53 AND weekly_range_pct>=10.472,pat_8102
8449,FALCPAT_8449,compression,hit_10pc_20d,other,PROMOTED,39,263,0.21673003802281368,0.1482889733840304,1520.028579988127,61.63166397415186,31.38238563226222,8.72,days with sub-3% range in last 7 >= 1.5 AND 5-day return <= 10.4381 AND close position in weekly range >= 0.1574 AND weekly range % >= 12.8017,n_sub_3_range_7d>=1.5 AND roc_5<=10.4381 AND weekly_close_loc>=0.1574 AND weekly_range_pct>=12.8017,pat_8449
6335,FALCPAT_6335,fresh_breakout,hit_10pc_20d,breakout,PROBATION,39,1061,0.05560791705937795,0.036757775683317624,134.95465276524098,45.24786019971469,11.24039824742758,3.67,distance from year-high >= -29.2888 AND distance from 200-DMA >= -21.0968 AND 20d relative strength vs market >= -3.6469 AND close position in weekly range >= 0.8003,dist_high_252>=-29.2888 AND dist_sma_200>=-21.0968 AND rs_market_20d>=-3.6469 AND weekly_close_loc>=0.8003,pat_6335
7860,FALCPAT_7860,fresh_breakout,hit_10pc_20d,breakout,PROMOTED,38,458,0.13537117903930132,0.08296943231441048,759.7333060417909,58.47708061301629,28.227802271126645,19.54,distance from 10-day high <= -2.5243 AND distance from year-high <= -15.5986 AND close position in weekly range >= 0.4998 AND weekly range % >= 7.5026,dist_high_10<=-2.5243 AND dist_high_252<=-15.5986 AND weekly_close_loc>=0.4998 AND weekly_range_pct>=7.5026,pat_7860
7056,FALCPAT_7056,other,hit_15pc_20d,other,PROMOTED,38,772,0.08290155440414508,0.04922279792746114,209.00567036624798,30.540227220032463,13.089582413910348,10.07,volatility (20d ATR%) >= 2.1406 AND 60d relative strength vs sector >= 10.0563 AND close position in weekly range >= 0.0938 AND weekly range % >= 8.0101,atr_20_pct>=2.1406 AND rs_sector_60d>=10.0563 AND weekly_close_loc>=0.0938 AND weekly_range_pct>=8.0101,pat_7056
6299,FALCPAT_6299,fresh_breakout,hit_10pc_20d,breakout,PROMOTED,38,1542,0.04409857328145266,0.02464332036316472,83.94696118362782,44.50868241297013,10.501220460683008,13.98,distance from 120-day high <= -6.4176 AND distance from 200-DMA >= -7.8665 AND 60d relative strength vs market >= -3.8366 AND close position in weekly range >= 0.4856,dist_high_120<=-6.4176 AND dist_sma_200>=-7.8665 AND rs_market_60d>=-3.8366 AND weekly_close_loc>=0.4856,pat_6299
9149,FALCPAT_9149,dryup,hit_10pc_20d,other,PROMOTED,38,2060,0.031067961165048542,0.018446601941747572,69.7520673127157,47.037263286499694,11.656676041315478,11.66,volatility (20d ATR%) <= 4.4687 AND volatility (20d ATR%) >= 3.33 AND days with sub-75% volume in last 20 <= 11.5 AND 20d relative strength vs market >= -10.4124,atr_20_pct<=4.4687 AND atr_20_pct>=3.33 AND n_sub_75v_20d<=11.5 AND rs_market_20d>=-10.4124,pat_9149
6757,FALCPAT_6757,fresh_breakout,hit_10pc_20d,breakout,PROMOTED,37,216,0.28703703703703703,0.1712962962962963,1939.7738752302812,67.85714285714286,35.158259503642306,22.92,volatility (20d ATR%) >= 3.3478 AND close position in daily range <= 0.3941 AND close position in weekly range >= 0.6374 AND weekly range % >= 8.5149,atr_20_pct>=3.3478 AND close_loc<=0.3941 AND weekly_close_loc>=0.6374 AND weekly_range_pct>=8.5149,pat_6757
7753,FALCPAT_7753,fresh_breakout,hit_15pc_20d,breakout,PROMOTED,37,209,0.2822966507177033,0.17703349282296652,1839.53840277773,47.78664731494921,32.26098736383668,21.24,volatility (20d ATR%) >= 3.5078 AND 5-day return <= 7.2582 AND close position in weekly range >= 0.6063 AND weekly range % >= 10.9288,atr_20_pct>=3.5078 AND roc_5<=7.2582 AND weekly_close_loc>=0.6063 AND weekly_range_pct>=10.9288,pat_7753
7758,FALCPAT_7758,fresh_breakout,hit_10pc_20d,breakout,PROMOTED,37,751,0.0758988015978695,0.0492676431424767,360.3205680090859,52.95584651136428,22.70656816947464,18.57,5-day return <= 2.5905 AND close position in weekly range >= 0.4818 AND weekly range % <= 16.4858 AND weekly range % >= 6.772,roc_5<=2.5905 AND weekly_close_loc>=0.4818 AND weekly_range_pct<=16.4858 AND weekly_range_pct>=6.772,pat_7758
7113,FALCPAT_7113,compression,hit_10pc_20d,compression,PROMOTED,37,1894,0.03167898627243928,0.019535374868004225,57.092675204858246,41.77255121891376,9.0736678654132,5.49,distance from 10-day high >= -8.1051 AND days with sub-75% volume in last 7 >= 2.5 AND close position in weekly range >= 0.2193 AND weekly range % >= 5.8433,dist_high_10>=-8.1051 AND n_sub_75v_7d>=2.5 AND weekly_close_loc>=0.2193 AND weekly_range_pct>=5.8433,pat_7113
9260,FALCPAT_9260,other,hit_10pc_20d,other,PROMOTED,35,1358,0.04050073637702504,0.02577319587628866,93.25984220915927,46.78450879374667,11.403921548562456,14.11,volatility (20d ATR%) <= 4.4771 AND volatility (20d ATR%) >= 3.6046 AND distance from 200-DMA <= 27.3836 AND close position in weekly range >= 0.1095,atr_20_pct<=4.4771 AND atr_20_pct>=3.6046 AND dist_sma_200<=27.3836 AND weekly_close_loc>=0.1095,pat_9260
8629,FALCPAT_8629,dryup,hit_25pc_30d,other,PROMOTED,35,1771,0.03387916431394692,0.019762845849802372,62.19307734084593,20.326447334863555,9.917915009846087,9.92,volatility (20d ATR%) >= 3.712 AND distance from 200-DMA <= 30.3542 AND days with sub-75% volume in last 20 <= 14.5 AND 60d relative strength vs sector <= 25.6836,atr_20_pct>=3.712 AND dist_sma_200<=30.3542 AND n_sub_75v_20d<=14.5 AND rs_sector_60d<=25.6836,pat_8629
9459,FALCPAT_9459,fresh_breakout,hit_10pc_20d,breakout,PROMOTED,35,2739,0.02117561153705732,0.012778386272362175,31.71509884243785,43.2025884089232,7.822001163738984,7.06,volatility (20d ATR%) >= 2.5731 AND distance from year-high >= -52.5716 AND close position in weekly range >= 0.4709 AND weekly range % <= 12.3243,atr_20_pct>=2.5731 AND dist_high_252>=-52.5716 AND weekly_close_loc>=0.4709 AND weekly_range_pct<=12.3243,pat_9459
9128,FALCPAT_9128,fresh_breakout,hit_15pc_20d,breakout,PROMOTED,34,223,0.21973094170403587,0.15246636771300448,1026.0850385068918,40.94025465230167,21.37788322907369,13.05,volatility (20d ATR%) >= 3.4326 AND distance from year-high >= -21.3469 AND close position in weekly range >= 0.7406 AND weekly range % >= 10.6698,atr_20_pct>=3.4326 AND dist_high_252>=-21.3469 AND weekly_close_loc>=0.7406 AND weekly_range_pct>=10.6698,pat_9128
7943,FALCPAT_7943,fresh_breakout,hit_10pc_20d,breakout,PROMOTED,34,515,0.1087378640776699,0.06601941747572816,169.49146467614935,38.404420652737,8.155142310847364,2.21,60-day return >= 12.7797 AND close position in weekly range >= 0.6481,roc_60>=12.7797 AND weekly_close_loc>=0.6481,pat_7943
9301,FALCPAT_9301,pullback_reversal,hit_10pc_20d,capitulation,PROMOTED,32,196,0.2755102040816326,0.16326530612244897,1822.834906643705,71.443141254462,36.06255400927779,22.34,volatility (20d ATR%) >= 2.7959 AND distance from year-high <= -23.5637 AND close position in weekly range >= 0.6562 AND weekly range % >= 9.9519,atr_20_pct>=2.7959 AND dist_high_252<=-23.5637 AND weekly_close_loc>=0.6562 AND weekly_range_pct>=9.9519,pat_9301
9047,FALCPAT_9047,fresh_breakout,hit_10pc_20d,breakout,PROMOTED,32,654,0.08868501529051988,0.04892966360856269,392.7925847741183,61.31008482563619,25.929497580451976,22.97,volatility (20d ATR%) <= 5.8747 AND volatility (20d ATR%) >= 4.0628 AND distance from 200-DMA >= -21.5972 AND close position in weekly range >= 0.5109,atr_20_pct<=5.8747 AND atr_20_pct>=4.0628 AND dist_sma_200>=-21.5972 AND weekly_close_loc>=0.5109,pat_9047
9060,FALCPAT_9060,other,hit_15pc_20d,other,PROMOTED,32,1135,0.051982378854625554,0.028193832599118944,177.19882750128394,39.86301369863013,20.300642275402154,22.28,volatility (20d ATR%) <= 5.9082 AND volatility (20d ATR%) >= 4.0877 AND close position in weekly range >= 0.2085,atr_20_pct<=5.9082 AND atr_20_pct>=4.0877 AND weekly_close_loc>=0.2085,pat_9060
8645,FALCPAT_8645,fresh_breakout,hit_15pc_20d,breakout,PROMOTED,31,176,0.26704545454545453,0.17613636363636365,1917.856840010454,51.007751937984494,35.48209198687197,26.46,volatility (20d ATR%) >= 3.4331 AND 5-day return <= 7.1233 AND close position in weekly range >= 0.6079 AND weekly range % >= 11.7238,atr_20_pct>=3.4331 AND roc_5<=7.1233 AND weekly_close_loc>=0.6079 AND weekly_range_pct>=11.7238,pat_8645
7618,FALCPAT_7618,fresh_breakout,hit_10pc_20d,breakout,PROMOTED,31,310,0.14838709677419354,0.1,922.0708781542,60.296641333660205,30.04736299177057,22.55,5-day return <= 3.643 AND close position in weekly range >= 0.5098 AND weekly range % <= 14.1572 AND weekly range % >= 9.062,roc_5<=3.643 AND weekly_close_loc>=0.5098 AND weekly_range_pct<=14.1572 AND weekly_range_pct>=9.062,pat_7618
7941,FALCPAT_7941,pullback_reversal,hit_10pc_20d,other,PROMOTED,31,418,0.1076555023923445,0.07416267942583732,645.1612857410798,58.59744285160791,28.348164509718263,20.39,distance from 10-day high <= -3.8795 AND 60-day return <= 12.7797 AND close position in weekly range >= 0.4131 AND weekly range % >= 7.8994,dist_high_10<=-3.8795 AND roc_60<=12.7797 AND weekly_close_loc>=0.4131 AND weekly_range_pct>=7.8994,pat_7941
9043,FALCPAT_9043,other,hit_10pc_20d,other,PROMOTED,31,722,0.062326869806094184,0.04293628808864266,163.84914101050146,47.816043679126416,12.435456433942203,8.4,volatility (20d ATR%) <= 4.0628 AND 5-day return <= 2.8185 AND close position in weekly range >= 0.4183 AND weekly range % >= 6.2674,atr_20_pct<=4.0628 AND roc_5<=2.8185 AND weekly_close_loc>=0.4183 AND weekly_range_pct>=6.2674,pat_9043
6617,FALCPAT_6617,other,hit_15pc_20d,other,PROMOTED,30,1878,0.023429179978700747,0.01597444089456869,35.01800324900985,25.525312253940807,7.209490308993316,8.75,volatility (20d ATR%) >= 3.092 AND distance from 120-day high <= -7.0884 AND 60d relative strength vs market <= 6.8165 AND 20d relative strength vs sector <= -0.8391,atr_20_pct>=3.092 AND dist_high_120<=-7.0884 AND rs_market_60d<=6.8165 AND rs_sector_20d<=-0.8391,pat_6617
6561,FALCPAT_6561,other,hit_10pc_20d,other,PROMOTED,30,1878,0.025559105431309903,0.01597444089456869,26.016102513942542,39.36364510237432,5.356183150087201,8.02,volatility (20d ATR%) >= 2.5179 AND distance from 120-day high <= -12.7789 AND 60d relative strength vs market <= 17.574 AND 20d relative strength vs sector <= -4.945,atr_20_pct>=2.5179 AND dist_high_120<=-12.7789 AND rs_market_60d<=17.574 AND rs_sector_20d<=-4.945,pat_6561
8584,FALCPAT_8584,fresh_breakout,hit_10pc_20d,breakout,PROMOTED,29,125,0.344,0.232,3259.20215125323,76.89684569479965,46.647567352910016,30.0,volatility (20d ATR%) >= 3.4313 AND 5-day return <= 5.0998 AND close position in weekly range >= 0.6707 AND weekly range % >= 11.6077,atr_20_pct>=3.4313 AND roc_5<=5.0998 AND weekly_close_loc>=0.6707 AND weekly_range_pct>=11.6077,pat_8584
9215,FALCPAT_9215,other,hit_10pc_20d,other,PROMOTED,29,530,0.09622641509433963,0.05471698113207547,333.2593589595493,55.604534005037785,20.22394675985357,17.24,volatility (20d ATR%) >= 3.2014 AND 60d relative strength vs market >= -9.7985 AND 60d relative strength vs sector >= 15.5385 AND close position in weekly range >= 0.424,atr_20_pct>=3.2014 AND rs_market_60d>=-9.7985 AND rs_sector_60d>=15.5385 AND weekly_close_loc>=0.424,pat_9215
8486,FALCPAT_8486,continuation,hit_40pc_40d,other,PROMOTED,29,512,0.087890625,0.056640625,99.8071149659296,8.816259269431475,5.85112198046848,3.42,volatility (20d ATR%) >= 3.359 AND 20-day return >= -5.2391 AND 60d relative strength vs sector <= 10.8226 AND weekly range % >= 10.7197,atr_20_pct>=3.359 AND roc_20>=-5.2391 AND rs_sector_60d<=10.8226 AND weekly_range_pct>=10.7197,pat_8486
8585,FALCPAT_8585,fresh_breakout,hit_10pc_20d,breakout,PROMOTED,28,296,0.18243243243243243,0.0945945945945946,742.2351024378675,56.565977742448325,26.316699400558687,18.93,volatility (20d ATR%) >= 3.4313 AND 5-day return >= 5.0998 AND close position in weekly range >= 0.6707 AND weekly range % >= 11.6077,atr_20_pct>=3.4313 AND roc_5>=5.0998 AND weekly_close_loc>=0.6707 AND weekly_range_pct>=11.6077,pat_8585
6228,FALCPAT_6228,fresh_breakout,hit_10pc_20d,breakout,PROMOTED,28,461,0.1019522776572668,0.06073752711496746,384.275728461536,55.22730166815229,21.21983971586518,6.11,distance from 200-DMA >= 22.6967 AND 60d relative strength vs market >= -4.0304 AND close position in weekly range >= 0.7031,dist_sma_200>=22.6967 AND rs_market_60d>=-4.0304 AND weekly_close_loc>=0.7031,pat_6228
6647,FALCPAT_6647,fresh_breakout,hit_10pc_20d,breakout,PROMOTED,28,572,0.07342657342657342,0.04895104895104895,213.42597019336188,48.63063139569445,14.623169443407336,2.87,volatility (20d ATR%) >= 2.6723 AND 60-day return >= -11.5307 AND 60d relative strength vs market <= 3.557 AND close position in weekly range >= 0.7086,atr_20_pct>=2.6723 AND roc_60>=-11.5307 AND rs_market_60d<=3.557 AND weekly_close_loc>=0.7086,pat_6647
7508,FALCPAT_7508,fresh_breakout,hit_10pc_20d,breakout,PROMOTED,27,140,0.3357142857142857,0.19285714285714287,2043.6603158291368,68.61413043478261,35.91524708128205,29.14,20d relative strength vs sector <= -6.5723 AND close position in weekly range >= 0.5525 AND weekly range % >= 9.6217,rs_sector_20d<=-6.5723 AND weekly_close_loc>=0.5525 AND weekly_range_pct>=9.6217,pat_7508
8967,FALCPAT_8967,compression,hit_10pc_20d,capitulation,PROMOTED,27,349,0.1518624641833811,0.07736389684813753,770.8788420510857,69.15234488785319,33.77175764266897,30.4,volatility (20d ATR%) >= 3.5669 AND distance from 120-day high <= -15.7106 AND days with sub-3% range in last 7 <= 3.5 AND close position in weekly range >= 0.6536,atr_20_pct>=3.5669 AND dist_high_120<=-15.7106 AND n_sub_3_range_7d<=3.5 AND weekly_close_loc>=0.6536,pat_8967
6562,FALCPAT_6562,other,hit_10pc_20d,other,PROMOTED,27,1848,0.02002164502164502,0.01461038961038961,23.634864033711906,39.490196078431374,5.482734126144257,8.59,volatility (20d ATR%) >= 2.5179 AND 60-day return <= -5.2357 AND 60d relative strength vs market <= 17.574 AND 20d relative strength vs sector >= -4.945,atr_20_pct>=2.5179 AND roc_60<=-5.2357 AND rs_market_60d<=17.574 AND rs_sector_20d>=-4.945,pat_6562
8877,FALCPAT_8877,pullback_reversal,hit_10pc_20d,capitulation,PROMOTED,26,350,0.1,0.07428571428571429,745.3149642215185,69.76062530532487,34.38003806014065,30.71,volatility (20d ATR%) >= 2.5005 AND distance from 120-day high <= -21.2998 AND 20d relative strength vs sector <= 4.9934 AND close position in weekly range >= 0.7657,atr_20_pct>=2.5005 AND dist_high_120<=-21.2998 AND rs_sector_20d<=4.9934 AND weekly_close_loc>=0.7657,pat_8877
7754,FALCPAT_7754,fresh_breakout,hit_15pc_20d,breakout,PROMOTED,26,284,0.1619718309859155,0.09154929577464789,581.4373479667372,37.28870858688303,21.76304863577051,16.31,volatility (20d ATR%) >= 3.5078 AND 5-day return >= 7.2582 AND close position in weekly range >= 0.6063 AND weekly range % >= 10.9288,atr_20_pct>=3.5078 AND roc_5>=7.2582 AND weekly_close_loc>=0.6063 AND weekly_range_pct>=10.9288,pat_7754
7304,FALCPAT_7304,other,hit_15pc_20d,other,PROMOTED,26,690,0.06376811594202898,0.03768115942028986,157.9371536849798,31.81320512210216,14.36256031598004,10.77,distance from 200-DMA >= 24.7508 AND 20d relative strength vs sector >= -5.3079 AND close position in weekly range >= 0.4147 AND weekly range % >= 4.8858,dist_sma_200>=24.7508 AND rs_sector_20d>=-5.3079 AND weekly_close_loc>=0.4147 AND weekly_range_pct>=4.8858,pat_7304
6951,FALCPAT_6951,other,hit_25pc_30d,other,PROMOTED,26,419,0.10501193317422435,0.06205250596658711,138.1362579366516,17.086321786459127,7.628166744316451,8.95,volatility (20d ATR%) >= 2.4437 AND distance from 50-DMA <= -2.9357 AND weekly range % >= 10.0261,atr_20_pct>=2.4437 AND dist_sma_50<=-2.9357 AND weekly_range_pct>=10.0261,pat_6951
9547,FALCPAT_9547,fresh_breakout,hit_10pc_20d,breakout,PROMOTED,25,122,0.319672131147541,0.20491803278688525,2442.831155751621,76.7031118587048,41.322524613520585,24.89,volatility (20d ATR%) >= 3.3204 AND 5-day return <= 1.6335 AND close position in weekly range >= 0.6786 AND weekly range % >= 8.9567,atr_20_pct>=3.3204 AND roc_5<=1.6335 AND weekly_close_loc>=0.6786 AND weekly_range_pct>=8.9567,pat_9547
7602,FALCPAT_7602,fresh_breakout,hit_15pc_20d,breakout,PROMOTED,25,167,0.2215568862275449,0.1497005988023952,1787.205546235426,56.90890481064484,41.38324485953231,13.11,5-day return <= 11.7516 AND close position in weekly range >= 0.5365 AND weekly range % >= 14.9824,roc_5<=11.7516 AND weekly_close_loc>=0.5365 AND weekly_range_pct>=14.9824,pat_7602
7469,FALCPAT_7469,fresh_breakout,hit_15pc_20d,breakout,PROMOTED,25,131,0.29770992366412213,0.19083969465648856,1623.4266392236966,46.93811601227985,29.487471206157736,28.44,distance from 20-day high <= -3.9429 AND 60d relative strength vs sector <= -5.1916 AND close position in weekly range >= 0.5947 AND weekly range % >= 10.0582,dist_high_20<=-3.9429 AND rs_sector_60d<=-5.1916 AND weekly_close_loc>=0.5947 AND weekly_range_pct>=10.0582,pat_7469
7086,FALCPAT_7086,fresh_breakout,hit_10pc_20d,breakout,PROMOTED,25,234,0.1623931623931624,0.10683760683760683,621.7657709799869,52.87215020116227,20.173266847661715,1.71,volatility (20d ATR%) >= 2.3175 AND distance from 120-day high >= -4.8089 AND close position in weekly range >= 0.6441 AND weekly range % >= 7.9969,atr_20_pct>=2.3175 AND dist_high_120>=-4.8089 AND weekly_close_loc>=0.6441 AND weekly_range_pct>=7.9969,pat_7086
6201,FALCPAT_6201,other,hit_10pc_20d,other,PROMOTED,25,417,0.09112709832134293,0.05995203836930456,341.6824813734122,53.76315789473685,19.75569594244973,16.71,volatility (20d ATR%) >= 3.7864 AND distance from 200-DMA >= -1.4701 AND 20d relative strength vs market <= 4.6032 AND close position in weekly range >= 0.4408,atr_20_pct>=3.7864 AND dist_sma_200>=-1.4701 AND rs_market_20d<=4.6032 AND weekly_close_loc>=0.4408,pat_6201
8573,FALCPAT_8573,other,hit_10pc_20d,other,PROMOTED,24,426,0.10328638497652583,0.056338028169014086,546.302592181633,69.40298507462687,34.02239782944265,28.36,volatility (20d ATR%) >= 4.0236 AND 5-day return <= 8.9765 AND close position in weekly range >= 0.4229 AND weekly range % >= 8.6663,atr_20_pct>=4.0236 AND roc_5<=8.9765 AND weekly_close_loc>=0.4229 AND weekly_range_pct>=8.6663,pat_8573
7861,FALCPAT_7861,fresh_breakout,hit_10pc_20d,breakout,PROMOTED,24,340,0.10882352941176471,0.07058823529411765,403.0696633172335,50.28389734272088,20.034619000831235,8.13,distance from 10-day high <= -2.5243 AND distance from year-high >= -15.5986 AND close position in weekly range >= 0.4998 AND weekly range % >= 7.5026,dist_high_10<=-2.5243 AND dist_high_252>=-15.5986 AND weekly_close_loc>=0.4998 AND weekly_range_pct>=7.5026,pat_7861
8666,FALCPAT_8666,dryup,hit_10pc_20d,other,PROMOTED,24,966,0.040372670807453416,0.024844720496894408,101.09361773637471,49.65712581991652,14.276538574732308,18.44,volatility (20d ATR%) <= 4.2698 AND volatility (20d ATR%) >= 3.5891 AND days with sub-75% volume in last 20 <= 11.5 AND close position in weekly range >= 0.1821,atr_20_pct<=4.2698 AND atr_20_pct>=3.5891 AND n_sub_75v_20d<=11.5 AND weekly_close_loc>=0.1821,pat_8666
8646,FALCPAT_8646,fresh_breakout,hit_15pc_20d,breakout,PROMOTED,23,277,0.16606498194945848,0.08303249097472924,514.5986460871035,37.54969280809541,22.02403285698289,17.1,volatility (20d ATR%) >= 3.4331 AND 5-day return >= 7.1233 AND close position in weekly range >= 0.6079 AND weekly range % >= 11.7238,atr_20_pct>=3.4331 AND roc_5>=7.1233 AND weekly_close_loc>=0.6079 AND weekly_range_pct>=11.7238,pat_8646
8509,FALCPAT_8509,other,hit_10pc_20d,other,PROMOTED,23,420,0.09761904761904762,0.05476190476190476,131.43050213582478,38.778195488721806,8.528917146832166,2.25,distance from 60-day high >= -3.6453 AND weekly range % >= 8.9238,dist_high_60>=-3.6453 AND weekly_range_pct>=8.9238,pat_8509
6255,FALCPAT_6255,continuation,hit_25pc_30d,other,PROMOTED,23,932,0.043991416309012876,0.02467811158798283,80.97332892452889,22.38312451447125,11.660209256398824,12.85,volatility (20d ATR%) >= 4.099 AND 60-day return >= -3.7201,atr_20_pct>=4.099 AND roc_60>=-3.7201,pat_6255
7885,FALCPAT_7885,other,hit_25pc_30d,other,PROMOTED,23,857,0.044340723453908985,0.026837806301050177,76.95184049251789,17.91175611181455,10.189392022345888,6.53,volatility (20d ATR%) >= 4.0235 AND distance from 20-DMA >= 2.9741,atr_20_pct>=4.0235 AND dist_sma_20>=2.9741,pat_7885
7253,FALCPAT_7253,fresh_breakout,hit_10pc_20d,breakout,PROMOTED,22,229,0.15283842794759825,0.09606986899563319,642.9727472610765,56.8055346668672,24.10665131336664,10.44,volatility (20d ATR%) >= 2.1521 AND 60d relative strength vs sector >= 13.7136 AND close position in weekly range >= 0.8296,atr_20_pct>=2.1521 AND rs_sector_60d>=13.7136 AND weekly_close_loc>=0.8296,pat_7253
6645,FALCPAT_6645,fresh_breakout,hit_10pc_20d,breakout,PROBATION,21,236,0.13559322033898305,0.08898305084745763,603.6567803447352,58.79396984924623,24.786507896959115,24.77,volatility (20d ATR%) >= 2.6723 AND 60-day return <= -11.5307 AND 60d relative strength vs sector <= -13.9058 AND close position in weekly range >= 0.7086,atr_20_pct>=2.6723 AND roc_60<=-11.5307 AND rs_sector_60d<=-13.9058 AND weekly_close_loc>=0.7086,pat_6645
8199,FALCPAT_8199,pullback_reversal,hit_10pc_20d,capitulation,PROMOTED,21,405,0.08395061728395062,0.05185185185185185,391.06736973306135,57.80551222048882,27.55623387859918,39.51,volatility (20d ATR%) >= 2.975 AND distance from 120-day high <= -26.1604 AND 60d relative strength vs market >= -22.1244 AND close position in weekly range >= 0.4434,atr_20_pct>=2.975 AND dist_high_120<=-26.1604 AND rs_market_60d>=-22.1244 AND weekly_close_loc>=0.4434,pat_8199
8316,FALCPAT_8316,other,hit_15pc_20d,other,PROMOTED,21,629,0.057233704292527825,0.033386327503974564,103.34570694879318,26.835496914237076,11.309836963124551,8.52,volatility (20d ATR%) >= 3.1996 AND distance from 200-DMA <= 47.1586 AND distance from 200-DMA >= 19.1227 AND close position in weekly range >= 0.4185,atr_20_pct>=3.1996 AND dist_sma_200<=47.1586 AND dist_sma_200>=19.1227 AND weekly_close_loc>=0.4185,pat_8316
7547,FALCPAT_7547,other,hit_10pc_20d,other,PROMOTED,21,1206,0.03316749585406302,0.017412935323383085,67.63913489076536,46.89137380191693,14.192490448416372,14.9,volatility (20d ATR%) >= 3.6294 AND distance from 50-DMA >= -1.7213 AND 20d relative strength vs market >= 3.1904 AND 60d relative strength vs sector >= -16.2109,atr_20_pct>=3.6294 AND dist_sma_50>=-1.7213 AND rs_market_20d>=3.1904 AND rs_sector_60d>=-16.2109,pat_7547
8416,FALCPAT_8416,continuation,hit_25pc_30d,other,PROMOTED,21,698,0.05300859598853868,0.03008595988538682,48.20517971841597,13.576494427558258,5.854130338089594,7.56,volatility (20d ATR%) >= 3.5179 AND distance from 200-DMA >= 15.007 AND 60-day return >= 14.8289 AND 60d relative strength vs sector >= 3.8227,atr_20_pct>=3.5179 AND dist_sma_200>=15.007 AND roc_60>=14.8289 AND rs_sector_60d>=3.8227,pat_8416
6292,FALCPAT_6292,fresh_breakout,hit_15pc_20d,other,PROMOTED,21,1249,0.02722177742193755,0.016813450760608487,46.25864151813646,28.368194401722548,10.052372456775055,9.54,volatility (20d ATR%) >= 3.8293 AND distance from 120-day high <= -5.9266 AND distance from year-high >= -25.9776,atr_20_pct>=3.8293 AND dist_high_120<=-5.9266 AND dist_high_252>=-25.9776,pat_6292
9151,FALCPAT_9151,dryup,hit_10pc_20d,other,PROMOTED,21,1024,0.0302734375,0.0205078125,45.86808795208531,43.55250245338567,8.171915208201458,8.17,volatility (20d ATR%) >= 3.33 AND days with sub-75% volume in last 20 >= 11.5 AND 20d relative strength vs market >= -10.4124,atr_20_pct>=3.33 AND n_sub_75v_20d>=11.5 AND rs_market_20d>=-10.4124,pat_9151
8909,FALCPAT_8909,pullback_reversal,hit_25pc_30d,capitulation,PROMOTED,21,1502,0.022636484687083888,0.013981358189081226,37.52283030177307,20.214236351071182,9.805704026053714,9.81,distance from 120-day high <= -27.1874,dist_high_120<=-27.1874,pat_8909
8349,FALCPAT_8349,fresh_breakout,hit_25pc_30d,breakout,PROMOTED,20,97,0.31958762886597936,0.20618556701030927,1406.0958700641233,33.01971326164875,25.297349172180084,6.07,distance from 50-DMA <= 7.1184 AND close position in weekly range >= 0.6784 AND weekly range % >= 14.8541,dist_sma_50<=7.1184 AND weekly_close_loc>=0.6784 AND weekly_range_pct>=14.8541,pat_8349
9395,FALCPAT_9395,pullback_reversal,hit_10pc_20d,capitulation,PROMOTED,20,403,0.08933002481389578,0.04962779156327544,418.4488995786516,66.65836032893098,31.27777308374676,30.77,volatility (20d ATR%) >= 3.3431 AND distance from year-high <= -25.0624 AND 20d relative strength vs sector <= 5.8353 AND close position in weekly range >= 0.4821,atr_20_pct>=3.3431 AND dist_high_252<=-25.0624 AND rs_sector_20d<=5.8353 AND weekly_close_loc>=0.4821,pat_9395
8621,FALCPAT_8621,other,hit_25pc_30d,other,PROMOTED,20,261,0.12643678160919541,0.07662835249042145,256.8897499468755,20.158218576032816,12.435854486564152,12.61,volatility (20d ATR%) >= 3.5234 AND close position in weekly range <= 0.7828 AND close position in weekly range >= 0.3476 AND weekly range % >= 12.8291,atr_20_pct>=3.5234 AND weekly_close_loc<=0.7828 AND weekly_close_loc>=0.3476 AND weekly_range_pct>=12.8291,pat_8621
7324,FALCPAT_7324,other,hit_10pc_20d,other,PROMOTED,20,689,0.05079825834542816,0.02902757619738752,109.49199638349631,46.6912103083295,13.992326954828943,6.59,distance from 200-DMA <= 64.0406 AND distance from 200-DMA >= 24.1184 AND 20d relative strength vs sector >= -5.3079 AND close position in weekly range >= 0.4147,dist_sma_200<=64.0406 AND dist_sma_200>=24.1184 AND rs_sector_20d>=-5.3079 AND weekly_close_loc>=0.4147,pat_7324
7546,FALCPAT_7546,other,hit_10pc_20d,other,PROMOTED,20,705,0.03546099290780142,0.028368794326241134,76.9465482953123,42.76047316493621,10.06158981143565,3.97,volatility (20d ATR%) >= 3.6294 AND distance from 50-DMA >= -1.7213 AND 20d relative strength vs market <= 3.1904 AND 60d relative strength vs sector >= -16.2109,atr_20_pct>=3.6294 AND dist_sma_50>=-1.7213 AND rs_market_20d<=3.1904 AND rs_sector_60d>=-16.2109,pat_7546
6481,FALCPAT_6481,fresh_breakout,hit_10pc_20d,other,PROMOTED,20,1203,0.029925187032418952,0.01662510390689942,61.60559532401351,47.75339215540891,13.745930203121798,13.39,volatility (20d ATR%) >= 3.8654 AND distance from year-high >= -20.1662,atr_20_pct>=3.8654 AND dist_high_252>=-20.1662,pat_6481
6895,FALCPAT_6895,dryup,hit_15pc_20d,capitulation,PROMOTED,20,1384,0.022398843930635837,0.014450867052023121,39.231863506837065,27.52143100300189,10.070786196879776,15.48,distance from 120-day high <= -25.7878 AND days with sub-75% volume in last 20 <= 13.5 AND 20d relative strength vs market <= 4.4732,dist_high_120<=-25.7878 AND n_sub_75v_20d<=13.5 AND rs_market_20d<=4.4732,pat_6895
7947,FALCPAT_7947,other,hit_25pc_30d,other,PROMOTED,20,1507,0.0225613802256138,0.013271400132714002,30.613695063992747,16.279281742776412,8.556917653307746,7.48,volatility (20d ATR%) >= 3.4679 AND distance from 200-DMA <= 5.5845,atr_20_pct>=3.4679 AND dist_sma_200<=5.5845,pat_7947
8622,FALCPAT_8622,fresh_breakout,hit_25pc_30d,breakout,PROMOTED,19,165,0.21212121212121213,0.11515151515151516,706.5404071104389,30.853761622992398,23.131397533523728,9.99,volatility (20d ATR%) >= 3.5234 AND close position in weekly range >= 0.7828 AND weekly range % >= 12.8291,atr_20_pct>=3.5234 AND weekly_close_loc>=0.7828 AND weekly_range_pct>=12.8291,pat_8622
8596,FALCPAT_8596,dryup,hit_15pc_20d,other,PROMOTED,19,502,0.0697211155378486,0.037848605577689244,331.9797606717219,52.62948207171315,33.067110648485176,34.56,volatility (20d ATR%) >= 4.4669 AND days with sub-75% volume in last 20 <= 12.5 AND close position in weekly range >= 0.4229,atr_20_pct>=4.4669 AND n_sub_75v_20d<=12.5 AND weekly_close_loc>=0.4229,pat_8596
6439,FALCPAT_6439,fresh_breakout,hit_15pc_20d,breakout,PROMOTED,19,262,0.10305343511450382,0.07251908396946564,270.4524685466298,32.37542842077511,14.059606475827618,19.19,60-day return <= -5.8816 AND 20d relative strength vs sector >= -2.8018 AND close position in weekly range >= 0.7316 AND weekly range % >= 6.249,roc_60<=-5.8816 AND rs_sector_20d>=-2.8018 AND weekly_close_loc>=0.7316 AND weekly_range_pct>=6.249,pat_6439
9398,FALCPAT_9398,fresh_breakout,hit_10pc_20d,other,PROMOTED,19,733,0.03956343792633015,0.02592087312414734,111.61495159838617,51.61390440720049,16.23331716201628,16.23,volatility (20d ATR%) >= 4.3672 AND distance from year-high >= -25.0624,atr_20_pct>=4.3672 AND dist_high_252>=-25.0624,pat_9398
8953,FALCPAT_8953,other,hit_15pc_20d,other,PROMOTED,19,773,0.04398447606727038,0.02457956015523933,107.7548519541003,36.08949416342412,16.527122740196145,19.25,volatility (20d ATR%) >= 3.9374 AND distance from 20-day high >= -14.2373 AND distance from 200-DMA <= 26.2528 AND close position in weekly range >= 0.1754,atr_20_pct>=3.9374 AND dist_high_20>=-14.2373 AND dist_sma_200<=26.2528 AND weekly_close_loc>=0.1754,pat_8953
8157,FALCPAT_8157,other,hit_15pc_20d,other,PROMOTED,19,821,0.037758830694275276,0.023142509135200974,33.674555586234206,21.011282908483075,5.485622957370556,12.16,volatility (20d ATR%) >= 2.7614 AND 20-day return <= 13.0636 AND 60d relative strength vs sector >= 10.9468 AND close position in weekly range >= 0.0729,atr_20_pct>=2.7614 AND roc_20<=13.0636 AND rs_sector_60d>=10.9468 AND weekly_close_loc>=0.0729,pat_8157
8246,FALCPAT_8246,fresh_breakout,hit_25pc_30d,breakout,PROMOTED,19,975,0.03282051282051282,0.019487179487179488,32.93967213546889,14.094790248731591,6.372426159262928,8.53,volatility (20d ATR%) >= 3.475 AND distance from year-high >= -41.2081 AND close position in weekly range >= 0.5303 AND weekly range % <= 11.9613,atr_20_pct>=3.475 AND dist_high_252>=-41.2081 AND weekly_close_loc>=0.5303 AND weekly_range_pct<=11.9613,pat_8246
7619,FALCPAT_7619,fresh_breakout,hit_10pc_20d,breakout,PROMOTED,18,82,0.35365853658536583,0.21951219512195122,2828.602622154309,79.67445742904842,49.42517908715877,36.05,5-day return <= 3.643 AND close position in weekly range >= 0.5098 AND weekly range % >= 14.1572,roc_5<=3.643 AND weekly_close_loc>=0.5098 AND weekly_range_pct>=14.1572,pat_7619
6151,FALCPAT_6151,fresh_breakout,hit_10pc_20d,breakout,PROMOTED,18,288,0.08680555555555555,0.0625,296.9919287269547,52.23380726698262,18.226345314695507,1.42,volatility (20d ATR%) >= 2.3809 AND distance from year-high >= -5.3701 AND close position in weekly range >= 0.7418 AND weekly range % >= 4.478,atr_20_pct>=2.3809 AND dist_high_252>=-5.3701 AND weekly_close_loc>=0.7418 AND weekly_range_pct>=4.478,pat_6151
9005,FALCPAT_9005,other,hit_15pc_20d,other,PROMOTED,18,484,0.07024793388429752,0.0371900826446281,204.3447320167212,40.63755020080321,21.07517877757524,23.5,volatility (20d ATR%) >= 4.1414 AND 60d relative strength vs sector <= 15.164 AND weekly range % >= 9.1665,atr_20_pct>=4.1414 AND rs_sector_60d<=15.164 AND weekly_range_pct>=9.1665,pat_9005
8942,FALCPAT_8942,other,hit_10pc_20d,other,PROMOTED,18,661,0.048411497730711045,0.02723146747352496,132.23184197007322,54.005745292052346,18.62515804686813,20.14,volatility (20d ATR%) >= 3.9309 AND distance from 20-day high >= -12.7454 AND distance from 200-DMA <= 26.2528 AND close position in weekly range >= 0.2191,atr_20_pct>=3.9309 AND dist_high_20>=-12.7454 AND dist_sma_200<=26.2528 AND weekly_close_loc>=0.2191,pat_8942
8643,FALCPAT_8643,fresh_breakout,hit_15pc_20d,breakout,PROMOTED,18,767,0.04041720990873533,0.02346805736636245,74.89187167350363,27.76597251735373,12.240312566241212,13.74,volatility (20d ATR%) <= 4.9327 AND volatility (20d ATR%) >= 3.4331 AND close position in weekly range >= 0.6079 AND weekly range % <= 11.7238,atr_20_pct<=4.9327 AND atr_20_pct>=3.4331 AND weekly_close_loc>=0.6079 AND weekly_range_pct<=11.7238,pat_8643
9294,FALCPAT_9294,continuation,hit_15pc_20d,momentum,PROMOTED,18,375,0.07466666666666667,0.048,49.13478282608045,23.488664987405546,3.926293564177563,2.58,distance from 60-day high >= -4.2092 AND 20-day return >= 10.848 AND weekly range % >= 8.2161,dist_high_60>=-4.2092 AND roc_20>=10.848 AND weekly_range_pct>=8.2161,pat_9294
7759,FALCPAT_7759,fresh_breakout,hit_10pc_20d,breakout,PROMOTED,17,93,0.2903225806451613,0.1827956989247312,2042.198010716342,73.90243902439025,43.653160682500605,11.76,distance from 20-DMA <= 9.1181 AND close position in weekly range >= 0.4818 AND weekly range % >= 16.4858,dist_sma_20<=9.1181 AND weekly_close_loc>=0.4818 AND weekly_range_pct>=16.4858,pat_7759
8068,FALCPAT_8068,fresh_breakout,hit_10pc_20d,breakout,PROMOTED,17,267,0.08239700374531835,0.06367041198501873,447.0508265908997,57.68415804561885,27.43487970372921,18.16,5-day return <= 0.3379 AND close position in weekly range >= 0.4857 AND weekly range % <= 13.8814 AND weekly range % >= 7.862,roc_5<=0.3379 AND weekly_close_loc>=0.4857 AND weekly_range_pct<=13.8814 AND weekly_range_pct>=7.862,pat_8068
8547,FALCPAT_8547,fresh_breakout,hit_40pc_40d,breakout,PROMOTED,17,144,0.2013888888888889,0.11805555555555555,399.53300156856733,16.18874773139746,13.223610442434468,4.42,volatility (20d ATR%) >= 3.4337 AND close position in weekly range >= 0.7802 AND weekly range % >= 13.9527,atr_20_pct>=3.4337 AND weekly_close_loc>=0.7802 AND weekly_range_pct>=13.9527,pat_8547
9500,FALCPAT_9500,fresh_breakout,hit_10pc_20d,breakout,PROMOTED,17,247,0.0931174089068826,0.06882591093117409,376.1910217296577,56.73758865248227,21.35700140729806,18.3,distance from 120-day high >= -37.6909 AND days with sub-2.5% range in last 7 <= 3.5 AND days with sub-75% volume in last 20 <= 6.5 AND close position in weekly range >= 0.7666,dist_high_120>=-37.6909 AND n_sub_2_5_range_7d<=3.5 AND n_sub_75v_20d<=6.5 AND weekly_close_loc>=0.7666,pat_9500
8546,FALCPAT_8546,other,hit_40pc_40d,other,PROMOTED,17,229,0.13537117903930132,0.07423580786026202,143.58288127455484,10.522548317823908,7.557411028860914,9.35,volatility (20d ATR%) >= 3.4337 AND close position in weekly range <= 0.7802 AND close position in weekly range >= 0.282 AND weekly range % >= 13.9527,atr_20_pct>=3.4337 AND weekly_close_loc<=0.7802 AND weekly_close_loc>=0.282 AND weekly_range_pct>=13.9527,pat_8546
6912,FALCPAT_6912,pullback_reversal,hit_25pc_30d,capitulation,PROMOTED,17,360,0.07222222222222222,0.04722222222222222,45.728999767072494,13.241963115993146,3.783808073850471,8.91,distance from year-high <= -21.4232 AND distance from 200-DMA >= 4.2399,dist_high_252<=-21.4232 AND dist_sma_200>=4.2399,pat_6912
9122,FALCPAT_9122,pullback_reversal,hit_15pc_20d,capitulation,PROMOTED,17,1163,0.027515047291487533,0.014617368873602751,30.803673011853288,27.79648998404538,8.234118560817402,14.31,volatility (20d ATR%) >= 3.4326 AND distance from year-high <= -21.3469 AND 60-day return >= -28.0132 AND close position in weekly range <= 0.8244,atr_20_pct>=3.4326 AND dist_high_252<=-21.3469 AND roc_60>=-28.0132 AND weekly_close_loc<=0.8244,pat_9122
8762,FALCPAT_8762,other,hit_10pc_20d,other,PROMOTED,17,377,0.0636604774535809,0.04509283819628647,27.684494722855803,37.77949113338474,2.398903888200521,5.21,volatility (20d ATR%) <= 3.6888 AND volatility (20d ATR%) >= 3.521 AND distance from 50-DMA >= -4.1929 AND weekly range % >= 6.6399,atr_20_pct<=3.6888 AND atr_20_pct>=3.521 AND dist_sma_50>=-4.1929 AND weekly_range_pct>=6.6399,pat_8762
8230,FALCPAT_8230,fresh_breakout,hit_25pc_30d,other,PROMOTED,16,168,0.16666666666666666,0.09523809523809523,229.76420838825047,17.3391494002181,9.616785310749435,11.81,volatility (20d ATR%) >= 2.9394 AND distance from year-high >= -11.0436 AND 20d relative strength vs market >= 9.5342 AND weekly range % >= 13.1496,atr_20_pct>=2.9394 AND dist_high_252>=-11.0436 AND rs_market_20d>=9.5342 AND weekly_range_pct>=13.1496,pat_8230
6519,FALCPAT_6519,other,hit_15pc_20d,other,PROMOTED,16,452,0.061946902654867256,0.035398230088495575,116.5003254233246,31.43491568144992,13.11909373650243,3.13,distance from 50-DMA >= 5.5854 AND 60d relative strength vs market >= -13.9851 AND 60d relative strength vs sector >= 26.8539,dist_sma_50>=5.5854 AND rs_market_60d>=-13.9851 AND rs_sector_60d>=26.8539,pat_6519
8411,FALCPAT_8411,pullback_reversal,hit_25pc_30d,capitulation,PROMOTED,16,741,0.033738191632928474,0.021592442645074223,70.5855782879601,20.753205128205128,13.030841038736463,12.76,volatility (20d ATR%) >= 3.5179 AND distance from 120-day high <= -26.5584 AND distance from 200-DMA <= 15.007,atr_20_pct>=3.5179 AND dist_high_120<=-26.5584 AND dist_sma_200<=15.007,pat_8411
7621,FALCPAT_7621,fresh_breakout,hit_10pc_20d,breakout,PROMOTED,15,173,0.1329479768786127,0.08670520231213873,387.296909614449,48.444231689803736,18.19495334791409,5.76,distance from 50-DMA >= 14.898 AND 5-day return >= 3.643 AND close position in weekly range >= 0.5098 AND weekly range % >= 9.062,dist_sma_50>=14.898 AND roc_5>=3.643 AND weekly_close_loc>=0.5098 AND weekly_range_pct>=9.062,pat_7621
8691,FALCPAT_8691,fresh_breakout,hit_15pc_20d,breakout,PROMOTED,15,181,0.15469613259668508,0.08287292817679558,387.1319945764559,38.59060402684564,19.02823260361766,19.33,volatility (20d ATR%) >= 3.9142 AND 60d relative strength vs sector >= 26.5086 AND close position in weekly range >= 0.4939,atr_20_pct>=3.9142 AND rs_sector_60d>=26.5086 AND weekly_close_loc>=0.4939,pat_8691
8450,FALCPAT_8450,momentum,hit_10pc_20d,momentum,PROMOTED,15,226,0.11946902654867257,0.06637168141592921,296.0632482102464,48.41922910350801,18.16995076161837,15.6,5-day return >= 10.4381 AND close position in weekly range >= 0.1574 AND weekly range % >= 12.8017,roc_5>=10.4381 AND weekly_close_loc>=0.1574 AND weekly_range_pct>=12.8017,pat_8450
7112,FALCPAT_7112,compression,hit_10pc_20d,compression,PROMOTED,15,357,0.058823529411764705,0.04201680672268908,192.16257045940668,51.32823871906841,18.62935536556785,17.67,distance from 10-day high <= -8.1051 AND days with sub-75% volume in last 7 >= 2.5 AND close position in weekly range >= 0.2193 AND weekly range % >= 5.8433,dist_high_10<=-8.1051 AND n_sub_75v_7d>=2.5 AND weekly_close_loc>=0.2193 AND weekly_range_pct>=5.8433,pat_7112
9150,FALCPAT_9150,dryup,hit_10pc_20d,other,PROMOTED,15,616,0.045454545454545456,0.024350649350649352,191.4106524560415,67.39957716701903,32.018989921834816,32.02,volatility (20d ATR%) >= 4.4687 AND days with sub-75% volume in last 20 <= 11.5 AND 20d relative strength vs market >= -10.4124,atr_20_pct>=4.4687 AND n_sub_75v_20d<=11.5 AND rs_market_20d>=-10.4124,pat_9150
6236,FALCPAT_6236,fresh_breakout,hit_25pc_30d,breakout,PROMOTED,15,268,0.08208955223880597,0.055970149253731345,150.3034771389741,21.661588098225486,10.938672840153064,2.23,volatility (20d ATR%) >= 2.4985 AND distance from year-high >= -9.0394 AND 60d relative strength vs sector >= -3.1676 AND close position in weekly range >= 0.8386,atr_20_pct>=2.4985 AND dist_high_252>=-9.0394 AND rs_sector_60d>=-3.1676 AND weekly_close_loc>=0.8386,pat_6236
7739,FALCPAT_7739,other,hit_10pc_20d,other,PROMOTED,15,506,0.0691699604743083,0.029644268774703556,134.07332032222337,48.67199587416194,18.422717532272294,11.64,close position in weekly range <= 0.7385 AND close position in weekly range >= 0.4445 AND weekly range % >= 9.4473,weekly_close_loc<=0.7385 AND weekly_close_loc>=0.4445 AND weekly_range_pct>=9.4473,pat_7739
7910,FALCPAT_7910,other,hit_25pc_30d,other,PROMOTED,15,560,0.05,0.026785714285714284,86.77084321939634,20.91776702836972,13.195402938901058,19.35,volatility (20d ATR%) >= 4.3575 AND 20d relative strength vs market <= 7.2399 AND weekly range % >= 7.2122,atr_20_pct>=4.3575 AND rs_market_20d<=7.2399 AND weekly_range_pct>=7.2122,pat_7910
8221,FALCPAT_8221,fresh_breakout,hit_40pc_40d,breakout,PROMOTED,14,123,0.18699186991869918,0.11382113821138211,229.8150275031866,11.385606874328678,8.420469585365684,5.21,volatility (20d ATR%) >= 3.2023 AND distance from 20-DMA >= -1.1654 AND 60d relative strength vs market >= 24.7371 AND close position in weekly range >= 0.809,atr_20_pct>=3.2023 AND dist_sma_20>=-1.1654 AND rs_market_60d>=24.7371 AND weekly_close_loc>=0.809,pat_8221
8943,FALCPAT_8943,other,hit_10pc_20d,other,PROMOTED,14,455,0.054945054945054944,0.03076923076923077,174.07371588687343,58.97435897435898,23.59377172917476,21.89,volatility (20d ATR%) >= 3.9309 AND distance from 20-day high >= -12.7454 AND distance from 200-DMA >= 26.2528 AND close position in weekly range >= 0.2191,atr_20_pct>=3.9309 AND dist_high_20>=-12.7454 AND dist_sma_200>=26.2528 AND weekly_close_loc>=0.2191,pat_8943
8670,FALCPAT_8670,dryup,hit_10pc_20d,other,PROMOTED,14,547,0.04570383912248629,0.025594149908592323,158.06817733911947,61.13695090439276,25.756363659208542,25.76,volatility (20d ATR%) >= 4.2698 AND days with sub-75% volume in last 20 <= 12.5 AND 60d relative strength vs sector >= -0.0247,atr_20_pct>=4.2698 AND n_sub_75v_20d<=12.5 AND rs_sector_60d>=-0.0247,pat_8670
8954,FALCPAT_8954,other,hit_15pc_20d,other,PROMOTED,14,469,0.053304904051172705,0.029850746268656716,135.7583516467774,38.52908891328211,18.96671749005413,19.1,volatility (20d ATR%) >= 3.9374 AND distance from 20-day high >= -14.2373 AND distance from 200-DMA >= 26.2528 AND close position in weekly range >= 0.1754,atr_20_pct>=3.9374 AND dist_high_20>=-14.2373 AND dist_sma_200>=26.2528 AND weekly_close_loc>=0.1754,pat_8954
8881,FALCPAT_8881,fresh_breakout,hit_10pc_20d,breakout,PROBATION,14,219,0.1004566210045662,0.0639269406392694,76.79697387393902,40.390625,5.010037754815788,1.58,distance from 120-day high >= -21.2998 AND close position in weekly range <= 0.9115 AND close position in weekly range >= 0.8766,dist_high_120>=-21.2998 AND weekly_close_loc<=0.9115 AND weekly_close_loc>=0.8766,pat_8881
8667,FALCPAT_8667,dryup,hit_10pc_20d,other,PROMOTED,14,393,0.058524173027989825,0.035623409669211195,53.210462579655406,41.60993191830196,6.229344673117748,4.11,volatility (20d ATR%) <= 4.2698 AND volatility (20d ATR%) >= 3.5891 AND days with sub-75% volume in last 20 >= 11.5 AND close position in weekly range >= 0.1821,atr_20_pct<=4.2698 AND atr_20_pct>=3.5891 AND n_sub_75v_20d>=11.5 AND weekly_close_loc>=0.1821,pat_8667
8224,FALCPAT_8224,other,hit_25pc_30d,other,PROMOTED,14,1536,0.018880208333333332,0.009114583333333334,17.488989313075344,15.724551246617985,8.00218715714932,12.45,volatility (20d ATR%) >= 3.732 AND distance from year-high <= -11.0436 AND close position in weekly range <= 0.7961,atr_20_pct>=3.732 AND dist_high_252<=-11.0436 AND weekly_close_loc<=0.7961,pat_8224
6392,FALCPAT_6392,pullback_reversal,hit_10pc_20d,capitulation,PROMOTED,14,1356,0.014749262536873156,0.01032448377581121,10.030793132268773,38.05925952513415,4.051797572847033,15.21,distance from 20-day high <= -3.3536 AND distance from year-high <= -24.2757 AND 60d relative strength vs sector >= -14.3816 AND weekly range % >= 3.5174,dist_high_20<=-3.3536 AND dist_high_252<=-24.2757 AND rs_sector_60d>=-14.3816 AND weekly_range_pct>=3.5174,pat_6392
8408,FALCPAT_8408,fresh_breakout,hit_10pc_20d,breakout,PROMOTED,13,89,0.24719101123595505,0.14606741573033707,958.5713886369373,58.333333333333336,28.084054991443697,23.32,60-day return >= 31.9685 AND 60d relative strength vs market >= 31.0766 AND close position in weekly range >= 0.5947 AND weekly range % >= 9.4741,roc_60>=31.9685 AND rs_market_60d>=31.0766 AND weekly_close_loc>=0.5947 AND weekly_range_pct>=9.4741,pat_8408
7760,FALCPAT_7760,fresh_breakout,hit_10pc_20d,breakout,PROMOTED,13,119,0.15126050420168066,0.1092436974789916,615.7136200158873,54.36893203883495,24.11965369694531,15.32,distance from 20-DMA >= 9.1181 AND close position in weekly range >= 0.4818 AND weekly range % >= 16.4858,dist_sma_20>=9.1181 AND weekly_close_loc>=0.4818 AND weekly_range_pct>=16.4858,pat_7760
6646,FALCPAT_6646,fresh_breakout,hit_10pc_20d,breakout,PROMOTED,13,159,0.11320754716981132,0.08176100628930817,475.12070318811607,58.87578070784178,24.868318755554657,30.98,volatility (20d ATR%) >= 2.6723 AND 60-day return <= -11.5307 AND 60d relative strength vs sector >= -13.9058 AND close position in weekly range >= 0.7086,atr_20_pct>=2.6723 AND roc_60<=-11.5307 AND rs_sector_60d>=-13.9058 AND weekly_close_loc>=0.7086,pat_6646
8429,FALCPAT_8429,fresh_breakout,hit_15pc_20d,breakout,PROMOTED,13,209,0.10526315789473684,0.06220095693779904,434.6556348708563,45.43018755582018,29.904527604707663,31.11,volatility (20d ATR%) >= 4.3977 AND 60d relative strength vs sector <= 27.5345 AND close position in weekly range >= 0.4638 AND weekly range % >= 9.4741,atr_20_pct>=4.3977 AND rs_sector_60d<=27.5345 AND weekly_close_loc>=0.4638 AND weekly_range_pct>=9.4741,pat_8429
8225,FALCPAT_8225,fresh_breakout,hit_25pc_30d,breakout,PROMOTED,13,179,0.12290502793296089,0.07262569832402235,255.5184327306688,22.7787456445993,15.056381555130638,11.43,volatility (20d ATR%) >= 3.732 AND distance from year-high <= -11.0436 AND close position in weekly range <= 0.9024 AND close position in weekly range >= 0.7961,atr_20_pct>=3.732 AND dist_high_252<=-11.0436 AND weekly_close_loc<=0.9024 AND weekly_close_loc>=0.7961,pat_8225
9006,FALCPAT_9006,other,hit_15pc_20d,other,PROMOTED,13,275,0.08727272727272728,0.04727272727272727,194.97493433322452,37.21286370597244,17.65049228274446,20.44,volatility (20d ATR%) >= 4.1414 AND 60d relative strength vs sector >= 15.164 AND weekly range % >= 9.1665,atr_20_pct>=4.1414 AND rs_sector_60d>=15.164 AND weekly_range_pct>=9.1665,pat_9006
9429,FALCPAT_9429,other,hit_15pc_20d,other,PROMOTED,13,260,0.08076923076923077,0.05,179.75406558546345,34.94736842105263,15.384996997824654,15.38,volatility (20d ATR%) >= 4.2484 AND distance from year-high <= -15.7819 AND distance from 200-DMA >= 1.1002 AND 20d relative strength vs sector <= 2.6078,atr_20_pct>=4.2484 AND dist_high_252<=-15.7819 AND dist_sma_200>=1.1002 AND rs_sector_20d<=2.6078,pat_9429
8270,FALCPAT_8270,fresh_breakout,hit_15pc_20d,other,PROMOTED,13,388,0.05154639175257732,0.03350515463917526,55.28715651754331,22.587230883444693,7.061570932332173,9.46,distance from year-high >= -32.38 AND distance from 60-day high <= -19.3918 AND days with sub-3% range in last 7 <= 3.5 AND 60d relative strength vs sector <= 1.7032,dist_high_252>=-32.38 AND dist_high_60<=-19.3918 AND n_sub_3_range_7d<=3.5 AND rs_sector_60d<=1.7032,pat_8270
8748,FALCPAT_8748,fresh_breakout,hit_25pc_30d,other,PROMOTED,13,1036,0.023166023166023165,0.012548262548262547,26.561943879384597,19.4672131147541,9.05868078973663,9.06,volatility (20d ATR%) >= 4.0285 AND distance from year-high >= -34.3354 AND distance from 50-DMA >= -6.3733 AND 60d relative strength vs market <= 38.1353,atr_20_pct>=4.0285 AND dist_high_252>=-34.3354 AND dist_sma_50>=-6.3733 AND rs_market_60d<=38.1353,pat_8748
9195,FALCPAT_9195,other,hit_40pc_40d,other,PROMOTED,13,802,0.032418952618453865,0.016209476309226933,23.396535010666067,10.265332753371032,6.176909781629919,6.18,volatility (20d ATR%) <= 6.4183 AND volatility (20d ATR%) >= 4.4887 AND 20d relative strength vs sector >= -11.6776,atr_20_pct<=6.4183 AND atr_20_pct>=4.4887 AND rs_sector_20d>=-11.6776,pat_9195
8567,FALCPAT_8567,other,hit_10pc_20d,other,PROBATION,13,1679,0.012507444907683145,0.007742703990470518,4.6110963100794065,37.92917877515875,2.548591529974542,0.22,volatility (20d ATR%) <= 4.0236 AND close position in weekly range >= 0.4465 AND weekly range % <= 11.0237 AND weekly range % >= 5.5916,atr_20_pct<=4.0236 AND weekly_close_loc>=0.4465 AND weekly_range_pct<=11.0237 AND weekly_range_pct>=5.5916,pat_8567
8332,FALCPAT_8332,other,hit_10pc_20d,other,PROMOTED,12,108,0.1574074074074074,0.1111111111111111,592.1993404702856,53.716904276985744,23.467625935096105,11.46,distance from 200-DMA <= 6.4162 AND weekly range % >= 16.3281,dist_sma_200<=6.4162 AND weekly_range_pct>=16.3281,pat_8332
6423,FALCPAT_6423,fresh_breakout,hit_10pc_20d,breakout,PROMOTED,12,145,0.0896551724137931,0.08275862068965517,276.69300358193664,48.72867718056003,14.72121522827291,12.65,volatility (20d ATR%) <= 3.7232 AND volatility (20d ATR%) >= 2.9435 AND 60-day return <= -14.7778 AND close position in weekly range >= 0.6594,atr_20_pct<=3.7232 AND atr_20_pct>=2.9435 AND roc_60<=-14.7778 AND weekly_close_loc>=0.6594,pat_6423
9170,FALCPAT_9170,pullback_reversal,hit_25pc_30d,capitulation,PROMOTED,12,398,0.04773869346733668,0.03015075376884422,117.06081165965004,27.5036496350365,17.09511731001903,17.1,volatility (20d ATR%) >= 3.3868 AND distance from 120-day high <= -32.2658 AND distance from year-high <= -26.8517 AND 60d relative strength vs sector >= -32.2112,atr_20_pct>=3.3868 AND dist_high_120<=-32.2658 AND dist_high_252<=-26.8517 AND rs_sector_60d>=-32.2112,pat_9170
7413,FALCPAT_7413,other,hit_25pc_30d,other,PROMOTED,12,372,0.053763440860215055,0.03225806451612903,104.14875498493345,23.674059787849565,14.215904745706892,8.25,volatility (20d ATR%) >= 3.6673 AND 20d relative strength vs sector >= 10.6274 AND close position in weekly range >= 0.319,atr_20_pct>=3.6673 AND rs_sector_20d>=10.6274 AND weekly_close_loc>=0.319,pat_7413
7685,FALCPAT_7685,other,hit_40pc_40d,other,PROMOTED,12,260,0.07692307692307693,0.046153846153846156,79.30426329023638,11.631043785017638,7.565669494236829,2.11,volatility (20d ATR%) >= 2.8119 AND distance from 200-DMA >= 49.4324 AND 60d relative strength vs market <= 130.31,atr_20_pct>=2.8119 AND dist_sma_200>=49.4324 AND rs_market_60d<=130.31,pat_7685
9494,FALCPAT_9494,dryup,hit_15pc_20d,other,PROMOTED,12,609,0.029556650246305417,0.019704433497536946,57.07345970163473,32.31585932315859,12.753487899930612,12.75,volatility (20d ATR%) >= 3.0551 AND days with sub-75% volume in last 20 >= 7.5 AND 60-day return <= -12.4053 AND 60d relative strength vs sector >= -20.1105,atr_20_pct>=3.0551 AND n_sub_75v_20d>=7.5 AND roc_60<=-12.4053 AND rs_sector_60d>=-20.1105,pat_9494
7446,FALCPAT_7446,dryup,hit_25pc_30d,other,PROMOTED,12,444,0.04504504504504504,0.02702702702702703,35.085281549043884,15.174065520485843,5.715910478343169,7.92,volatility (20d ATR%) >= 3.2758 AND days with sub-75% volume in last 20 >= 11.5 AND 60-day return <= 4.3863 AND close position in weekly range >= 0.3227,atr_20_pct>=3.2758 AND n_sub_75v_20d>=11.5 AND roc_60<=4.3863 AND weekly_close_loc>=0.3227,pat_7446
7884,FALCPAT_7884,other,hit_25pc_30d,other,PROMOTED,12,1020,0.025490196078431372,0.011764705882352941,30.762744967087446,19.23574144486692,11.513377355398257,13.6,volatility (20d ATR%) >= 4.0235 AND distance from 20-DMA <= 2.9741,atr_20_pct>=4.0235 AND dist_sma_20<=2.9741,pat_7884
8448,FALCPAT_8448,compression,hit_10pc_20d,other,PROMOTED,11,126,0.14285714285714285,0.0873015873015873,598.2797283926374,61.395802830649096,31.146524488759454,16.89,days with sub-3% range in last 7 <= 1.5 AND 5-day return <= 10.4381 AND close position in weekly range >= 0.1574 AND weekly range % >= 12.8017,n_sub_3_range_7d<=1.5 AND roc_5<=10.4381 AND weekly_close_loc>=0.1574 AND weekly_range_pct>=12.8017,pat_8448
7470,FALCPAT_7470,fresh_breakout,hit_15pc_20d,breakout,PROMOTED,11,107,0.12149532710280374,0.102803738317757,465.4239695938936,38.02694480660583,20.57630000048371,20.61,distance from 20-day high >= -3.9429 AND 60d relative strength vs sector <= -5.1916 AND close position in weekly range >= 0.5947 AND weekly range % >= 10.0582,dist_high_20>=-3.9429 AND rs_sector_60d<=-5.1916 AND weekly_close_loc>=0.5947 AND weekly_range_pct>=10.0582,pat_7470
8574,FALCPAT_8574,momentum,hit_10pc_20d,momentum,PROMOTED,11,183,0.1092896174863388,0.060109289617486336,311.241752852118,58.91393442622951,23.533347181045293,19.23,volatility (20d ATR%) >= 4.0236 AND 5-day return >= 8.9765 AND close position in weekly range >= 0.4229 AND weekly range % >= 8.6663,atr_20_pct>=4.0236 AND roc_5>=8.9765 AND weekly_close_loc>=0.4229 AND weekly_range_pct>=8.6663,pat_8574
8749,FALCPAT_8749,fresh_breakout,hit_25pc_30d,other,PROMOTED,11,159,0.11320754716981132,0.06918238993710692,240.3890217371595,26.200873362445414,15.79234103742795,15.79,volatility (20d ATR%) >= 4.0285 AND distance from year-high >= -34.3354 AND distance from 50-DMA >= -6.3733 AND 60d relative strength vs market >= 38.1353,atr_20_pct>=4.0285 AND dist_high_252>=-34.3354 AND dist_sma_50>=-6.3733 AND rs_market_60d>=38.1353,pat_8749
6675,FALCPAT_6675,pullback_reversal,hit_15pc_20d,capitulation,PROMOTED,11,160,0.1125,0.06875,235.8635815031256,33.90831758034027,15.592495635392773,22.5,volatility (20d ATR%) >= 2.673 AND distance from 50-DMA >= -9.6156 AND 60-day return <= -15.4153 AND close position in weekly range >= 0.712,atr_20_pct>=2.673 AND dist_sma_50>=-9.6156 AND roc_60<=-15.4153 AND weekly_close_loc>=0.712,pat_6675
6696,FALCPAT_6696,fresh_breakout,hit_10pc_20d,breakout,PROMOTED,11,227,0.1013215859030837,0.048458149779735685,191.06005889973932,50.61857466457571,17.91969131107515,12.57,volatility (20d ATR%) >= 3.1901 AND close position in weekly range <= 0.7359 AND close position in weekly range >= 0.6892 AND weekly range % >= 5.1546,atr_20_pct>=3.1901 AND weekly_close_loc<=0.7359 AND weekly_close_loc>=0.6892 AND weekly_range_pct>=5.1546,pat_6696
9261,FALCPAT_9261,other,hit_10pc_20d,other,PROMOTED,11,509,0.0412573673870334,0.021611001964636542,118.13645505888435,60.22544283413849,24.844855588954275,28.33,volatility (20d ATR%) >= 4.4771 AND distance from 200-DMA <= 27.3836 AND close position in weekly range >= 0.1095,atr_20_pct>=4.4771 AND dist_sma_200<=27.3836 AND weekly_close_loc>=0.1095,pat_9261
7992,FALCPAT_7992,fresh_breakout,hit_25pc_30d,breakout,PROMOTED,11,202,0.0891089108910891,0.054455445544554455,45.364510093588315,11.508553654743393,3.7861895652747264,1.59,distance from 200-DMA <= 61.1444 AND distance from 200-DMA >= 35.3444 AND 60d relative strength vs sector >= -20.939 AND close position in weekly range >= 0.6291,dist_sma_200<=61.1444 AND dist_sma_200>=35.3444 AND rs_sector_60d>=-20.939 AND weekly_close_loc>=0.6291,pat_7992
9223,FALCPAT_9223,fresh_breakout,hit_25pc_30d,other,PROMOTED,11,573,0.031413612565445025,0.019197207678883072,45.326263009099996,21.1395101171459,10.730977792128432,10.73,volatility (20d ATR%) >= 4.4887 AND distance from year-high >= -25.6329 AND 20d relative strength vs sector >= -11.6776,atr_20_pct>=4.4887 AND dist_high_252>=-25.6329 AND rs_sector_20d>=-11.6776,pat_9223
9292,FALCPAT_9292,other,hit_15pc_20d,other,PROMOTED,11,1260,0.01507936507936508,0.00873015873015873,13.550489753497079,26.616774922338323,7.054403499110343,10.89,distance from 60-day high <= -4.2092 AND close position in weekly range >= 0.0559 AND weekly range % <= 10.6648 AND weekly range % >= 8.2161,dist_high_60<=-4.2092 AND weekly_close_loc>=0.0559 AND weekly_range_pct<=10.6648 AND weekly_range_pct>=8.2161,pat_9292
9343,FALCPAT_9343,fresh_breakout,hit_10pc_20d,breakout,PROBATION,11,317,0.06309148264984227,0.03470031545741325,0.7634946147482057,33.528183716075155,-1.852403529109059,-6.72,volatility (20d ATR%) <= 3.3809 AND volatility (20d ATR%) >= 2.691 AND 60-day return >= -0.2981 AND close position in weekly range >= 0.6707,atr_20_pct<=3.3809 AND atr_20_pct>=2.691 AND roc_60>=-0.2981 AND weekly_close_loc>=0.6707,pat_9343
8638,FALCPAT_8638,fresh_breakout,hit_15pc_20d,breakout,PROBATION,10,35,0.2857142857142857,0.2857142857142857,1728.7567968497322,44.02332361516035,28.497663664047828,-19.56,volatility (20d ATR%) <= 3.4331 AND close position in weekly range >= 0.6962 AND weekly range % >= 15.3538,atr_20_pct<=3.4331 AND weekly_close_loc>=0.6962 AND weekly_range_pct>=15.3538,pat_8638
9369,FALCPAT_9369,fresh_breakout,hit_15pc_20d,breakout,PROMOTED,10,135,0.1111111111111111,0.07407407407407407,557.6551298578424,55.019762845849804,35.45739142262183,34.84,volatility (20d ATR%) >= 4.3375 AND close position in weekly range >= 0.7694 AND weekly range % <= 14.0257 AND weekly range % >= 6.038,atr_20_pct>=4.3375 AND weekly_close_loc>=0.7694 AND weekly_range_pct<=14.0257 AND weekly_range_pct>=6.038,pat_9369
8226,FALCPAT_8226,fresh_breakout,hit_25pc_30d,breakout,PROMOTED,10,82,0.17073170731707318,0.12195121951219512,509.05383253246555,27.382425742574256,19.660061653105597,14.47,volatility (20d ATR%) >= 3.732 AND distance from year-high <= -11.0436 AND close position in weekly range >= 0.9024,atr_20_pct>=3.732 AND dist_high_252<=-11.0436 AND weekly_close_loc>=0.9024,pat_8226
8430,FALCPAT_8430,fresh_breakout,hit_15pc_20d,breakout,PROMOTED,10,123,0.14634146341463414,0.08130081300813008,399.79280349015687,38.68613138686132,23.1604714357488,22.94,volatility (20d ATR%) >= 4.3977 AND 60d relative strength vs sector >= 27.5345 AND close position in weekly range >= 0.4638,atr_20_pct>=4.3977 AND rs_sector_60d>=27.5345 AND weekly_close_loc>=0.4638,pat_8430
8504,FALCPAT_8504,fresh_breakout,hit_15pc_20d,breakout,PROMOTED,10,151,0.1456953642384106,0.06622516556291391,396.9487034973373,43.756164924048136,28.230504972935616,32.47,volatility (20d ATR%) >= 3.596 AND distance from 50-DMA <= -1.7562 AND 20d relative strength vs market >= -9.092 AND close position in weekly range >= 0.6795,atr_20_pct>=3.596 AND dist_sma_50<=-1.7562 AND rs_market_20d>=-9.092 AND weekly_close_loc>=0.6795,pat_8504
7603,FALCPAT_7603,fresh_breakout,hit_15pc_20d,breakout,PROMOTED,10,113,0.1415929203539823,0.08849557522123894,365.5055897356671,34.97835497835498,19.452695027242463,18.25,5-day return >= 11.7516 AND close position in weekly range >= 0.5365 AND weekly range % >= 14.9824,roc_5>=11.7516 AND weekly_close_loc>=0.5365 AND weekly_range_pct>=14.9824,pat_7603
7445,FALCPAT_7445,dryup,hit_25pc_30d,other,PROMOTED,10,112,0.14285714285714285,0.08928571428571429,282.64573482282304,24.367816091954023,14.909661049811346,28.48,volatility (20d ATR%) >= 3.2758 AND days with sub-75% volume in last 20 <= 11.5 AND 60d relative strength vs market >= 39.7537 AND close position in weekly range >= 0.3227,atr_20_pct>=3.2758 AND n_sub_75v_20d<=11.5 AND rs_market_60d>=39.7537 AND weekly_close_loc>=0.3227,pat_7445
8582,FALCPAT_8582,fresh_breakout,hit_10pc_20d,breakout,PROMOTED,10,222,0.07207207207207207,0.04504504504504504,255.88212985668235,57.00398803589233,26.75470969400269,20.0,volatility (20d ATR%) >= 3.4313 AND close position in daily range <= 0.4382 AND close position in weekly range >= 0.6707 AND weekly range % <= 11.6077,atr_20_pct>=3.4313 AND close_loc<=0.4382 AND weekly_close_loc>=0.6707 AND weekly_range_pct<=11.6077,pat_8582
7447,FALCPAT_7447,dryup,hit_25pc_30d,other,PROMOTED,10,234,0.05128205128205128,0.042735042735042736,78.33274884951012,18.091250360958703,8.633095318816029,4.72,volatility (20d ATR%) >= 3.2758 AND days with sub-75% volume in last 20 >= 11.5 AND 60-day return >= 4.3863 AND close position in weekly range >= 0.3227,atr_20_pct>=3.2758 AND n_sub_75v_20d>=11.5 AND roc_60>=4.3863 AND weekly_close_loc>=0.3227,pat_7447
8163,FALCPAT_8163,dryup,hit_10pc_20d,other,PROMOTED,10,493,0.032454361054766734,0.02028397565922921,58.19692835037619,43.76235666271253,13.513078320822896,6.68,volatility (20d ATR%) >= 3.08 AND days with sub-75% volume in last 20 >= 12.5 AND close position in weekly range >= 0.4086,atr_20_pct>=3.08 AND n_sub_75v_20d>=12.5 AND weekly_close_loc>=0.4086,pat_8163
8469,FALCPAT_8469,other,hit_25pc_30d,other,PROMOTED,10,414,0.036231884057971016,0.024154589371980676,38.85972023687925,15.299539170506913,7.577175081038248,14.26,volatility (20d ATR%) >= 4.3217 AND distance from 200-DMA >= 2.9181 AND 60d relative strength vs sector <= 22.0314 AND weekly range % >= 6.5103,atr_20_pct>=4.3217 AND dist_sma_200>=2.9181 AND rs_sector_60d<=22.0314 AND weekly_range_pct>=6.5103,pat_8469
7252,FALCPAT_7252,other,hit_10pc_20d,other,PROMOTED,10,728,0.028846153846153848,0.013736263736263736,24.35446363785668,41.049475262368816,8.35059190886826,7.85,volatility (20d ATR%) >= 2.1521 AND 60d relative strength vs sector >= 13.7136 AND close position in weekly range <= 0.8296 AND close position in weekly range >= 0.2647,atr_20_pct>=2.1521 AND rs_sector_60d>=13.7136 AND weekly_close_loc<=0.8296 AND weekly_close_loc>=0.2647,pat_7252
8414,FALCPAT_8414,other,hit_25pc_30d,other,PROMOTED,10,235,0.07659574468085106,0.0425531914893617,23.32117787752373,10.30358785648574,2.581223767017077,9.88,volatility (20d ATR%) >= 3.5179 AND distance from 200-DMA >= 15.007 AND 60-day return <= 14.8289 AND weekly range % >= 10.4517,atr_20_pct>=3.5179 AND dist_sma_200>=15.007 AND roc_60<=14.8289 AND weekly_range_pct>=10.4517,pat_8414
8875,FALCPAT_8875,pullback_reversal,hit_10pc_20d,capitulation,PROMOTED,10,2019,0.008915304606240713,0.004952947003467063,8.670576479738637,43.62560516406671,8.24501791888249,17.44,volatility (20d ATR%) >= 2.5005 AND distance from 120-day high <= -21.2998 AND 60d relative strength vs market <= 0.438 AND close position in weekly range <= 0.7657,atr_20_pct>=2.5005 AND dist_high_120<=-21.2998 AND rs_market_60d<=0.438 AND weekly_close_loc<=0.7657,pat_8875
7395,FALCPAT_7395,fresh_breakout,hit_10pc_20d,breakout,PROMOTED,9,51,0.21568627450980393,0.17647058823529413,1025.0849719539058,61.18999323867478,28.49110988517422,9.06,volatility (20d ATR%) >= 2.5597 AND 20-day return >= 29.3078 AND close position in weekly range >= 0.7075 AND weekly range % >= 7.8851,atr_20_pct>=2.5597 AND roc_20>=29.3078 AND weekly_close_loc>=0.7075 AND weekly_range_pct>=7.8851,pat_7395
9332,FALCPAT_9332,compression,hit_25pc_30d,other,PROMOTED,9,184,0.08152173913043478,0.04891304347826087,183.86867556139106,28.846153846153843,18.43762152113638,18.44,volatility (20d ATR%) >= 4.3657 AND distance from 120-day high >= -46.4478 AND days with sub-3% range in last 7 <= 2.5 AND 60d relative strength vs sector >= 25.8669,atr_20_pct>=4.3657 AND dist_high_120>=-46.4478 AND n_sub_3_range_7d<=2.5 AND rs_sector_60d>=25.8669,pat_9332
8262,FALCPAT_8262,other,hit_10pc_20d,other,PROMOTED,9,462,0.03463203463203463,0.01948051948051948,77.43287603185937,49.74533106960951,19.496052727719864,29.26,volatility (20d ATR%) >= 4.4758 AND 60d relative strength vs market <= 49.5142 AND 60d relative strength vs sector >= -3.608 AND weekly range % >= 5.294,atr_20_pct>=4.4758 AND rs_market_60d<=49.5142 AND rs_sector_60d>=-3.608 AND weekly_range_pct>=5.294,pat_8262
8354,FALCPAT_8354,other,hit_25pc_30d,other,PROMOTED,9,148,0.08783783783783784,0.060810810810810814,63.86564436594561,12.873563218390805,5.151199128922141,8.26,distance from 200-DMA <= 62.9021 AND distance from 200-DMA >= 43.4421 AND distance from 50-DMA >= 7.1184 AND close position in weekly range >= 0.3679,dist_sma_200<=62.9021 AND dist_sma_200>=43.4421 AND dist_sma_50>=7.1184 AND weekly_close_loc>=0.3679,pat_8354
6295,FALCPAT_6295,pullback_reversal,hit_10pc_20d,capitulation,PROMOTED,9,999,0.014014014014014014,0.009009009009009009,22.064264991751944,46.01998621640248,12.012524264115363,12.37,distance from 200-DMA <= -7.8665 AND 60-day return <= -15.5387 AND 60d relative strength vs market <= -12.8744,dist_sma_200<=-7.8665 AND roc_60<=-15.5387 AND rs_market_60d<=-12.8744,pat_6295
6263,FALCPAT_6263,pullback_reversal,hit_10pc_20d,capitulation,PROMOTED,9,1104,0.009963768115942028,0.008152173913043478,8.165735750335713,38.92042751577812,4.912965563491007,4.29,distance from 120-day high <= -15.8326 AND 5-day return <= -0.708 AND 20d relative strength vs market <= -6.9151,dist_high_120<=-15.8326 AND roc_5<=-0.708 AND rs_market_20d<=-6.9151,pat_6263
6424,FALCPAT_6424,fresh_breakout,hit_10pc_20d,breakout,PROMOTED,8,133,0.13533834586466165,0.06015037593984962,395.4716570171247,67.80150028851702,33.79403833622991,38.96,volatility (20d ATR%) >= 3.7232 AND 60-day return <= -14.7778 AND close position in weekly range >= 0.6594,atr_20_pct>=3.7232 AND roc_60<=-14.7778 AND weekly_close_loc>=0.6594,pat_6424
8632,FALCPAT_8632,other,hit_25pc_30d,other,PROMOTED,8,157,0.08280254777070063,0.050955414012738856,135.7558618006793,24.102564102564106,13.694031777546634,13.69,volatility (20d ATR%) >= 3.712 AND distance from 200-DMA <= 81.1105 AND 60d relative strength vs sector >= 37.5146,atr_20_pct>=3.712 AND dist_sma_200<=81.1105 AND rs_sector_60d>=37.5146,pat_8632
6865,FALCPAT_6865,pullback_reversal,hit_40pc_40d,capitulation,PROBATION,8,128,0.0859375,0.0625,90.51821245134396,11.509591326105086,7.444217035324277,4.95,volatility (20d ATR%) >= 2.6793 AND distance from 120-day high <= -28.3595 AND distance from 200-DMA <= 14.55 AND close position in weekly range >= 0.8126,atr_20_pct>=2.6793 AND dist_high_120<=-28.3595 AND dist_sma_200<=14.55 AND weekly_close_loc>=0.8126,pat_6865
8583,FALCPAT_8583,fresh_breakout,hit_10pc_20d,breakout,PROMOTED,8,477,0.027253668763102725,0.016771488469601678,63.77550637661328,49.79471523318245,19.5454368912928,19.6,volatility (20d ATR%) >= 3.4313 AND close position in daily range >= 0.4382 AND close position in weekly range >= 0.6707 AND weekly range % <= 11.6077,atr_20_pct>=3.4313 AND close_loc>=0.4382 AND weekly_close_loc>=0.6707 AND weekly_range_pct<=11.6077,pat_8583
7751,FALCPAT_7751,fresh_breakout,hit_15pc_20d,breakout,PROMOTED,8,546,0.02564102564102564,0.014652014652014652,47.15822478122496,32.06899931392728,16.543339362814756,22.33,volatility (20d ATR%) >= 3.5078 AND distance from 60-day high <= -6.8519 AND close position in weekly range >= 0.6063 AND weekly range % <= 10.9288,atr_20_pct>=3.5078 AND dist_high_60<=-6.8519 AND weekly_close_loc>=0.6063 AND weekly_range_pct<=10.9288,pat_7751
9331,FALCPAT_9331,compression,hit_25pc_30d,other,PROMOTED,8,579,0.024179620034542316,0.013816925734024179,37.51884085260909,24.36582109479306,13.95728876977559,13.96,volatility (20d ATR%) >= 4.3657 AND distance from 120-day high >= -46.4478 AND days with sub-3% range in last 7 <= 2.5 AND 60d relative strength vs sector <= 25.8669,atr_20_pct>=4.3657 AND dist_high_120>=-46.4478 AND n_sub_3_range_7d<=2.5 AND rs_sector_60d<=25.8669,pat_9331
9367,FALCPAT_9367,other,hit_15pc_20d,other,PROMOTED,8,642,0.024922118380062305,0.012461059190031152,31.341736013386793,32.49036608863199,12.927994665404006,19.75,volatility (20d ATR%) <= 5.2642 AND volatility (20d ATR%) >= 4.3375 AND close position in weekly range <= 0.7694 AND weekly range % >= 6.038,atr_20_pct<=5.2642 AND atr_20_pct>=4.3375 AND weekly_close_loc<=0.7694 AND weekly_range_pct>=6.038,pat_9367
9412,FALCPAT_9412,pullback_reversal,hit_25pc_30d,capitulation,PROBATION,8,109,0.11926605504587157,0.07339449541284404,16.930292279324988,11.594202898550725,1.1856705735332569,1.19,distance from year-high <= -37.7756 AND distance from 200-DMA >= -8.8104,dist_high_252<=-37.7756 AND dist_sma_200>=-8.8104,pat_9412
6320,FALCPAT_6320,pullback_reversal,hit_15pc_20d,other,PROMOTED,8,660,0.016666666666666666,0.012121212121212121,15.275262863137382,24.79329650365207,6.477474558704579,3.45,distance from 10-day high <= -9.452 AND distance from 20-DMA <= 4.6493 AND distance from 200-DMA >= -7.5282,dist_high_10<=-9.452 AND dist_sma_20<=4.6493 AND dist_sma_200>=-7.5282,pat_6320
6674,FALCPAT_6674,pullback_reversal,hit_15pc_20d,capitulation,PROMOTED,7,80,0.1375,0.0875,435.7167708881801,45.36082474226804,27.04500279732055,32.5,volatility (20d ATR%) >= 2.673 AND distance from 50-DMA <= -9.6156 AND 60-day return <= -15.4153 AND close position in weekly range >= 0.712,atr_20_pct>=2.673 AND dist_sma_50<=-9.6156 AND roc_60<=-15.4153 AND weekly_close_loc>=0.712,pat_6674
8274,FALCPAT_8274,compression,hit_15pc_20d,other,PROMOTED,7,210,0.05714285714285714,0.03333333333333333,59.935395379907725,25.29118136439268,9.76552141328016,3.02,distance from 200-DMA <= 80.5179 AND days with sub-3% range in last 7 <= 3.5 AND 20d relative strength vs sector >= 18.0764 AND 60d relative strength vs sector >= 1.7032,dist_sma_200<=80.5179 AND n_sub_3_range_7d<=3.5 AND rs_sector_20d>=18.0764 AND rs_sector_60d>=1.7032,pat_8274
6393,FALCPAT_6393,pullback_reversal,hit_10pc_20d,capitulation,PROBATION,7,130,0.1076923076923077,0.05384615384615385,58.337236250099394,39.89158803453122,5.8841260822441015,6.6,distance from 20-day high >= -3.3536 AND distance from year-high <= -24.2757 AND 60d relative strength vs sector >= -14.3816 AND close position in weekly range >= 0.7159,dist_high_20>=-3.3536 AND dist_high_252<=-24.2757 AND rs_sector_60d>=-14.3816 AND weekly_close_loc>=0.7159,pat_6393
8721,FALCPAT_8721,fresh_breakout,hit_15pc_20d,breakout,PROBATION,7,100,0.08,0.07,51.52671130622392,23.56020942408377,3.997838000855791,-2.9,volatility (20d ATR%) <= 3.624 AND volatility (20d ATR%) >= 2.7974 AND 60d relative strength vs sector <= -16.2266 AND close position in weekly range >= 0.5958,atr_20_pct<=3.624 AND atr_20_pct>=2.7974 AND rs_sector_60d<=-16.2266 AND weekly_close_loc>=0.5958,pat_8721
6545,FALCPAT_6545,pullback_reversal,hit_15pc_20d,capitulation,PROMOTED,7,462,0.025974025974025976,0.015151515151515152,35.76154108554908,31.134728113234523,12.81890616828703,21.35,volatility (20d ATR%) >= 2.2916 AND distance from year-high <= -37.1329 AND 60d relative strength vs sector <= -4.87,atr_20_pct>=2.2916 AND dist_high_252<=-37.1329 AND rs_sector_60d<=-4.87,pat_6545
6346,FALCPAT_6346,fresh_breakout,hit_15pc_20d,capitulation,PROMOTED,7,471,0.03821656050955414,0.014861995753715499,33.01967942727706,30.382466695315856,12.066644750368368,16.13,volatility (20d ATR%) >= 3.6491 AND distance from 20-day high <= -9.0485 AND distance from year-high <= -24.4198 AND distance from year-high >= -45.8435,atr_20_pct>=3.6491 AND dist_high_20<=-9.0485 AND dist_high_252<=-24.4198 AND dist_high_252>=-45.8435,pat_6346
6569,FALCPAT_6569,pullback_reversal,hit_25pc_30d,capitulation,PROMOTED,7,421,0.028503562945368172,0.0166270783847981,25.648136104403168,19.100728460185884,8.37781320211346,16.22,distance from 120-day high <= -11.5647 AND distance from year-high <= -38.302 AND 60d relative strength vs sector <= -4.7312,dist_high_120<=-11.5647 AND dist_high_252<=-38.302 AND rs_sector_60d<=-4.7312,pat_6569
9568,FALCPAT_9568,pullback_reversal,hit_15pc_20d,capitulation,PROMOTED,7,531,0.022598870056497175,0.013182674199623353,24.93547449478871,29.835552075176192,10.273180651948213,17.21,volatility (20d ATR%) >= 3.5761 AND distance from year-high <= -27.4711 AND 60-day return >= -25.4389 AND close position in weekly range <= 0.767,atr_20_pct>=3.5761 AND dist_high_252<=-27.4711 AND roc_60>=-25.4389 AND weekly_close_loc<=0.767,pat_9568
8421,FALCPAT_8421,continuation,hit_40pc_40d,other,PROMOTED,7,273,0.047619047619047616,0.02564102564102564,23.85156474662432,8.017241379310343,5.052104090347349,7.13,volatility (20d ATR%) >= 4.4253 AND distance from 200-DMA >= 15.902 AND 60-day return >= 14.222 AND weekly range % <= 17.6813,atr_20_pct>=4.4253 AND dist_sma_200>=15.902 AND roc_60>=14.222 AND weekly_range_pct<=17.6813,pat_8421
9570,FALCPAT_9570,pullback_reversal,hit_15pc_20d,capitulation,PROMOTED,6,32,0.40625,0.1875,1514.7703828558354,66.45021645021644,46.88784502698847,23.46,volatility (20d ATR%) >= 3.5761 AND distance from year-high <= -27.4711 AND close position in weekly range >= 0.767 AND weekly range % >= 13.4815,atr_20_pct>=3.5761 AND dist_high_252<=-27.4711 AND weekly_close_loc>=0.767 AND weekly_range_pct>=13.4815,pat_9570
9370,FALCPAT_9370,fresh_breakout,hit_15pc_20d,breakout,PROMOTED,6,88,0.125,0.06818181818181818,472.6280013754046,59.79381443298969,40.23144300976171,19.27,volatility (20d ATR%) >= 4.3375 AND close position in weekly range >= 0.7694 AND weekly range % >= 14.0257,atr_20_pct>=4.3375 AND weekly_close_loc>=0.7694 AND weekly_range_pct>=14.0257,pat_9370
6334,FALCPAT_6334,pullback_reversal,hit_10pc_20d,capitulation,PROMOTED,6,81,0.08641975308641975,0.07407407407407407,224.14133879080566,51.56932030762835,17.561858355341236,21.32,distance from year-high <= -29.2888 AND distance from 200-DMA >= -21.0968 AND 20d relative strength vs market >= -3.6469 AND close position in weekly range >= 0.8003,dist_high_252<=-29.2888 AND dist_sma_200>=-21.0968 AND rs_market_20d>=-3.6469 AND weekly_close_loc>=0.8003,pat_6334
8935,FALCPAT_8935,fresh_breakout,hit_10pc_20d,capitulation,PROMOTED,6,198,0.030303030303030304,0.030303030303030304,109.28044759380363,56.310679611650485,20.93009236646627,23.92,volatility (20d ATR%) <= 3.9309 AND distance from 120-day high <= -32.8584 AND distance from year-high >= -45.3961 AND weekly range % >= 5.4804,atr_20_pct<=3.9309 AND dist_high_120<=-32.8584 AND dist_high_252>=-45.3961 AND weekly_range_pct>=5.4804,pat_8935
6474,FALCPAT_6474,pullback_reversal,hit_15pc_20d,capitulation,PROMOTED,6,195,0.05128205128205128,0.03076923076923077,91.97621748289232,35.66478995236033,17.34896800741284,21.53,volatility (20d ATR%) >= 2.7816 AND distance from year-high <= -43.9096,atr_20_pct>=2.7816 AND dist_high_252<=-43.9096,pat_6474
8594,FALCPAT_8594,other,hit_15pc_20d,other,PROMOTED,6,216,0.05092592592592592,0.027777777777777776,66.01148755742715,33.35467349551857,13.792302072290587,18.71,volatility (20d ATR%) <= 4.4669 AND volatility (20d ATR%) >= 4.1346 AND close position in weekly range <= 0.8334 AND close position in weekly range >= 0.4229,atr_20_pct<=4.4669 AND atr_20_pct>=4.1346 AND weekly_close_loc<=0.8334 AND weekly_close_loc>=0.4229,pat_8594
6199,FALCPAT_6199,fresh_breakout,hit_10pc_20d,breakout,PROBATION,6,189,0.037037037037037035,0.031746031746031744,54.07764322768666,43.89397286210161,9.886510909814492,14.91,distance from 20-DMA >= -2.8747 AND distance from 200-DMA <= -1.4701 AND 60d relative strength vs market >= -13.4875 AND close position in weekly range >= 0.8145,dist_sma_20>=-2.8747 AND dist_sma_200<=-1.4701 AND rs_market_60d>=-13.4875 AND weekly_close_loc>=0.8145,pat_6199
7911,FALCPAT_7911,other,hit_25pc_30d,other,PROMOTED,6,367,0.02452316076294278,0.01634877384196185,39.29126665441094,21.67080231596361,13.94843822649494,14.98,volatility (20d ATR%) >= 4.3575 AND 20d relative strength vs market >= 7.2399 AND 20d relative strength vs sector <= 26.4767,atr_20_pct>=4.3575 AND rs_market_20d>=7.2399 AND rs_sector_20d<=26.4767,pat_7911
9597,FALCPAT_9597,pullback_reversal,hit_40pc_40d,capitulation,PROMOTED,6,225,0.04888888888888889,0.02666666666666667,31.099286906278,10.856985395425738,6.768562423684625,6.77,volatility (20d ATR%) >= 4.1105 AND distance from year-high <= -35.2525 AND 60-day return <= 20.6957,atr_20_pct>=4.1105 AND dist_high_252<=-35.2525 AND roc_60<=20.6957,pat_9597
6166,FALCPAT_6166,pullback_reversal,hit_15pc_20d,capitulation,PROMOTED,6,472,0.019067796610169493,0.012711864406779662,25.320381409127588,29.876298345425127,11.560476400477636,12.5,volatility (20d ATR%) >= 2.3998 AND distance from 10-day high <= -10.5311 AND distance from year-high <= -22.7827 AND distance from 200-DMA <= 26.4245,atr_20_pct>=2.3998 AND dist_high_10<=-10.5311 AND dist_high_252<=-22.7827 AND dist_sma_200<=26.4245,pat_6166
7972,FALCPAT_7972,dryup,hit_15pc_20d,other,PROMOTED,6,487,0.03696098562628337,0.012320328542094456,23.108772551277855,26.41168498720072,10.886025036088204,15.64,days with sub-75% volume in last 20 <= 10.5 AND close position in weekly range <= 0.7255 AND close position in weekly range >= 0.2793 AND weekly range % >= 9.1882,n_sub_75v_20d<=10.5 AND weekly_close_loc<=0.7255 AND weekly_close_loc>=0.2793 AND weekly_range_pct>=9.1882,pat_7972
6514,FALCPAT_6514,pullback_reversal,hit_15pc_20d,other,PROMOTED,6,521,0.019193857965451054,0.011516314779270634,19.773513912776696,28.28100008418217,9.965178139234682,13.16,distance from 10-day high <= -5.1995 AND 60d relative strength vs market <= -13.9851 AND weekly range % >= 5.3499,dist_high_10<=-5.1995 AND rs_market_60d<=-13.9851 AND weekly_range_pct>=5.3499,pat_6514
6229,FALCPAT_6229,mean_reversion,hit_25pc_30d,mean_reversion,PROMOTED,6,533,0.0150093808630394,0.01125703564727955,10.13701067184946,15.949290673105946,5.226375415033521,8.52,distance from 120-day high <= -7.3598 AND distance from 50-DMA <= -0.4667 AND 5-day return <= -5.5714 AND 60d relative strength vs sector <= -3.1676,dist_high_120<=-7.3598 AND dist_sma_50<=-0.4667 AND roc_5<=-5.5714 AND rs_sector_60d<=-3.1676,pat_6229
6458,FALCPAT_6458,other,hit_40pc_40d,other,PROMOTED,6,494,0.020242914979757085,0.012145748987854251,8.899554439437646,9.468072067655353,4.252640809451661,6.0,distance from 60-day high <= -27.1734,dist_high_60<=-27.1734,pat_6458
7162,FALCPAT_7162,fresh_breakout,hit_10pc_20d,breakout,PROMOTED,6,2032,0.006889763779527559,0.002952755905511811,3.227303113284157,39.04235422631954,6.34347087281898,5.28,volatility (20d ATR%) >= 2.2284 AND close position in weekly range >= 0.5467 AND weekly range % <= 9.6857 AND weekly range % >= 4.2386,atr_20_pct>=2.2284 AND weekly_close_loc>=0.5467 AND weekly_range_pct<=9.6857 AND weekly_range_pct>=4.2386,pat_7162
8525,FALCPAT_8525,other,hit_25pc_30d,other,PROMOTED,6,123,0.07317073170731707,0.04878048780487805,1.6290125294135422,7.916181606519208,0.1938175170505443,1.13,distance from 200-DMA >= 10.7458 AND 60d relative strength vs market <= -2.3131 AND weekly range % >= 8.3689,dist_sma_200>=10.7458 AND rs_market_60d<=-2.3131 AND weekly_range_pct>=8.3689,pat_8525
8878,FALCPAT_8878,pullback_reversal,hit_10pc_20d,capitulation,PROMOTED,5,52,0.15384615384615385,0.09615384615384616,538.5635975319879,70.68493150684931,35.3043442616651,25.84,volatility (20d ATR%) >= 2.5005 AND distance from 120-day high <= -21.2998 AND 20d relative strength vs sector >= 4.9934 AND close position in weekly range >= 0.7657,atr_20_pct>=2.5005 AND dist_high_120<=-21.2998 AND rs_sector_20d>=4.9934 AND weekly_close_loc>=0.7657,pat_8878
8595,FALCPAT_8595,fresh_breakout,hit_15pc_20d,breakout,PROMOTED,5,75,0.13333333333333333,0.06666666666666667,270.0507434634575,45.09493670886077,25.53256528563278,15.44,volatility (20d ATR%) <= 4.4669 AND volatility (20d ATR%) >= 4.1346 AND close position in weekly range >= 0.8334,atr_20_pct<=4.4669 AND atr_20_pct>=4.1346 AND weekly_close_loc>=0.8334,pat_8595
6475,FALCPAT_6475,fresh_breakout,hit_15pc_20d,capitulation,PROMOTED,5,100,0.09,0.05,109.03941389905482,32.06166303332295,13.74584108837546,18.22,volatility (20d ATR%) >= 2.7816 AND distance from year-high <= -36.4983 AND distance from year-high >= -43.9096 AND weekly range % >= 9.1288,atr_20_pct>=2.7816 AND dist_high_252<=-36.4983 AND dist_high_252>=-43.9096 AND weekly_range_pct>=9.1288,pat_6475
8668,FALCPAT_8668,pullback_reversal,hit_10pc_20d,capitulation,PROMOTED,5,266,0.045112781954887216,0.018796992481203006,76.19514490274038,60.93093093093093,25.55034368574671,25.55,volatility (20d ATR%) >= 4.2698 AND distance from year-high <= -30.0108 AND 60d relative strength vs sector <= -0.0247,atr_20_pct>=4.2698 AND dist_high_252<=-30.0108 AND rs_sector_60d<=-0.0247,pat_8668
7320,FALCPAT_7320,pullback_reversal,hit_10pc_20d,capitulation,PROMOTED,5,188,0.0425531914893617,0.026595744680851064,70.17028060009817,49.32913698857048,16.630253635069923,23.92,distance from year-high <= -43.4753 AND distance from 200-DMA <= 24.1184 AND 60d relative strength vs sector >= -40.4443,dist_high_252<=-43.4753 AND dist_sma_200<=24.1184 AND rs_sector_60d>=-40.4443,pat_7320
8260,FALCPAT_8260,other,hit_10pc_20d,other,PROMOTED,5,316,0.0379746835443038,0.015822784810126583,70.11637619062056,58.18078453666856,27.93150619477892,30.48,volatility (20d ATR%) >= 4.4758 AND 60-day return <= -7.8751 AND 60d relative strength vs sector <= -3.608 AND weekly range % >= 5.294,atr_20_pct>=4.4758 AND roc_60<=-7.8751 AND rs_sector_60d<=-3.608 AND weekly_range_pct>=5.294,pat_8260
8422,FALCPAT_8422,continuation,hit_40pc_40d,other,PROMOTED,5,67,0.16417910447761194,0.07462686567164178,64.72200699084756,8.431703204047219,5.466565915084224,11.54,distance from 200-DMA >= 15.902 AND 60-day return >= 14.222 AND weekly range % >= 17.6813,dist_sma_200>=15.902 AND roc_60>=14.222 AND weekly_range_pct>=17.6813,pat_8422
8744,FALCPAT_8744,fresh_breakout,hit_25pc_30d,capitulation,PROMOTED,5,148,0.0472972972972973,0.033783783783783786,61.881790135152585,21.95402298850575,11.54549066348828,11.55,volatility (20d ATR%) >= 4.0285 AND distance from year-high <= -34.3354 AND distance from year-high >= -42.9337 AND days with sub-75% volume in last 20 <= 15.5,atr_20_pct>=4.0285 AND dist_high_252<=-34.3354 AND dist_high_252>=-42.9337 AND n_sub_75v_20d<=15.5,pat_8744
6467,FALCPAT_6467,fresh_breakout,hit_25pc_30d,breakout,PROMOTED,5,133,0.09022556390977443,0.03759398496240601,60.91818917964435,20.93669378845009,10.213778530377663,20.82,volatility (20d ATR%) >= 3.8758 AND 60-day return <= -13.0654 AND 60d relative strength vs market >= -19.0757 AND close position in weekly range >= 0.5112,atr_20_pct>=3.8758 AND roc_60<=-13.0654 AND rs_market_60d>=-19.0757 AND weekly_close_loc>=0.5112,pat_6467
9413,FALCPAT_9413,fresh_breakout,hit_25pc_30d,other,PROMOTED,5,303,0.0297029702970297,0.0165016501650165,38.94074119360703,25.28276779773786,14.874235472720391,14.87,volatility (20d ATR%) >= 4.9235 AND distance from year-high >= -37.7756 AND distance from 200-DMA >= -8.8104,atr_20_pct>=4.9235 AND dist_high_252>=-37.7756 AND dist_sma_200>=-8.8104,pat_9413
8957,FALCPAT_8957,dryup,hit_25pc_30d,capitulation,PROMOTED,5,301,0.026578073089700997,0.016611295681063124,38.43261333199988,24.99177902005919,14.583246695041725,14.58,distance from year-high <= -31.6766 AND distance from 60-day high <= -23.6276 AND distance from 200-DMA <= 28.1487 AND days with sub-75% volume in last 20 <= 11.5,dist_high_252<=-31.6766 AND dist_high_60<=-23.6276 AND dist_sma_200<=28.1487 AND n_sub_75v_20d<=11.5,pat_8957
8618,FALCPAT_8618,other,hit_25pc_30d,other,PROMOTED,5,343,0.02040816326530612,0.014577259475218658,35.350365895402774,23.007730147575543,15.28536605810688,22.31,volatility (20d ATR%) >= 4.5898 AND close position in weekly range >= 0.3905 AND weekly range % <= 12.8291,atr_20_pct>=4.5898 AND weekly_close_loc>=0.3905 AND weekly_range_pct<=12.8291,pat_8618
8631,FALCPAT_8631,other,hit_25pc_30d,other,PROMOTED,5,215,0.05116279069767442,0.023255813953488372,32.838535449678794,19.30894308943089,8.900410764413426,8.9,volatility (20d ATR%) >= 3.712 AND distance from 200-DMA <= 81.1105 AND 60d relative strength vs sector <= 37.5146 AND 60d relative strength vs sector >= 25.6836,atr_20_pct>=3.712 AND dist_sma_200<=81.1105 AND rs_sector_60d<=37.5146 AND rs_sector_60d>=25.6836,pat_8631
6329,FALCPAT_6329,fresh_breakout,hit_25pc_30d,breakout,PROMOTED,5,229,0.026200873362445413,0.021834061135371178,27.215659813329385,18.579651261215503,7.856736003143084,9.82,distance from 200-DMA <= -9.4385 AND days with sub-75% volume in last 7 >= 2.5 AND close position in weekly range >= 0.4553 AND weekly range % >= 5.3895,dist_sma_200<=-9.4385 AND n_sub_75v_7d>=2.5 AND weekly_close_loc>=0.4553 AND weekly_range_pct>=5.3895,pat_6329
8669,FALCPAT_8669,fresh_breakout,hit_10pc_20d,other,PROMOTED,5,297,0.02356902356902357,0.016835016835016835,19.223064547285517,42.57784214337437,7.1972548981901525,7.2,volatility (20d ATR%) >= 4.2698 AND distance from year-high >= -30.0108 AND 60d relative strength vs sector <= -0.0247,atr_20_pct>=4.2698 AND dist_high_252>=-30.0108 AND rs_sector_60d<=-0.0247,pat_8669
7828,FALCPAT_7828,other,hit_25pc_30d,other,PROMOTED,5,733,0.015006821282401092,0.0068212824010914054,14.73875476382358,21.341594827586206,13.619230738117544,18.31,volatility (20d ATR%) >= 4.5381 AND distance from 200-DMA <= 77.183 AND 60-day return <= 37.8668 AND weekly range % <= 19.9051,atr_20_pct>=4.5381 AND dist_sma_200<=77.183 AND roc_60<=37.8668 AND weekly_range_pct<=19.9051,pat_7828
8099,FALCPAT_8099,fresh_breakout,hit_10pc_20d,breakout,PROMOTED,5,836,0.009569377990430622,0.005980861244019139,14.433362706124344,45.46041308089501,15.211134739005368,15.82,volatility (20d ATR%) >= 3.1155 AND distance from 200-DMA <= 10.5707 AND close position in weekly range >= 0.53 AND weekly range % <= 10.472,atr_20_pct>=3.1155 AND dist_sma_200<=10.5707 AND weekly_close_loc>=0.53 AND weekly_range_pct<=10.472,pat_8099
9584,FALCPAT_9584,pullback_reversal,hit_25pc_30d,capitulation,PROMOTED,4,55,0.14545454545454545,0.07272727272727272,246.98407330921114,34.23913043478261,23.830598109765145,22.01,volatility (20d ATR%) >= 4.0743 AND distance from year-high <= -32.3954 AND close position in weekly range >= 0.7707,atr_20_pct>=4.0743 AND dist_high_252<=-32.3954 AND weekly_close_loc>=0.7707,pat_9584
8198,FALCPAT_8198,pullback_reversal,hit_10pc_20d,capitulation,PROMOTED,4,106,0.0660377358490566,0.03773584905660377,179.8569379939921,63.69467607440667,33.44539773251704,22.34,volatility (20d ATR%) >= 2.975 AND distance from 120-day high <= -26.1604 AND 60d relative strength vs market <= -22.1244 AND close position in weekly range >= 0.4434,atr_20_pct>=2.975 AND dist_high_120<=-26.1604 AND rs_market_60d<=-22.1244 AND weekly_close_loc>=0.4434,pat_8198
7829,FALCPAT_7829,continuation,hit_25pc_30d,momentum,PROMOTED,4,56,0.125,0.07142857142857142,103.99143823827472,17.938553022794846,10.21618893332618,11.16,volatility (20d ATR%) >= 4.5381 AND distance from 200-DMA <= 77.183 AND 60-day return >= 37.8668 AND weekly range % <= 19.9051,atr_20_pct>=4.5381 AND dist_sma_200<=77.183 AND roc_60>=37.8668 AND weekly_range_pct<=19.9051,pat_7829
8724,FALCPAT_8724,pullback_reversal,hit_15pc_20d,capitulation,PROMOTED,4,194,0.041237113402061855,0.020618556701030927,75.50722606689841,45.26002971768202,25.69765829445404,25.7,volatility (20d ATR%) >= 4.1837 AND distance from year-high <= -37.4645 AND 60-day return <= 24.2728,atr_20_pct>=4.1837 AND dist_high_252<=-37.4645 AND roc_60<=24.2728,pat_8724
8811,FALCPAT_8811,dryup,hit_40pc_40d,capitulation,PROMOTED,4,169,0.04142011834319527,0.023668639053254437,31.635138150697735,13.46749226006192,9.379069288320808,10.35,volatility (20d ATR%) >= 4.0778 AND distance from year-high <= -38.1461 AND days with sub-75% volume in last 20 <= 15.5 AND close position in weekly range >= 0.057,atr_20_pct>=4.0778 AND dist_high_252<=-38.1461 AND n_sub_75v_20d<=15.5 AND weekly_close_loc>=0.057,pat_8811
9300,FALCPAT_9300,pullback_reversal,hit_10pc_20d,capitulation,PROMOTED,4,353,0.014164305949008499,0.0113314447592068,28.80031446742841,53.215674543822914,17.835087298638697,17.3,volatility (20d ATR%) >= 2.7959 AND distance from year-high <= -23.5637 AND close position in weekly range >= 0.6562 AND weekly range % <= 9.9519,atr_20_pct>=2.7959 AND dist_high_252<=-23.5637 AND weekly_close_loc>=0.6562 AND weekly_range_pct<=9.9519,pat_9300
8100,FALCPAT_8100,fresh_breakout,hit_10pc_20d,breakout,PROMOTED,4,541,0.012939001848428836,0.0073937153419593345,11.11199218964702,40.79539319776858,10.54611485587894,8.41,volatility (20d ATR%) >= 3.1155 AND distance from 200-DMA >= 10.5707 AND close position in weekly range >= 0.53 AND weekly range % <= 10.472,atr_20_pct>=3.1155 AND dist_sma_200>=10.5707 AND weekly_close_loc>=0.53 AND weekly_range_pct<=10.472,pat_8100
8633,FALCPAT_8633,other,hit_25pc_30d,other,PROMOTED,3,28,0.17857142857142858,0.10714285714285714,599.604288263978,56.00000000000001,45.59146767498254,45.59,volatility (20d ATR%) >= 3.712 AND distance from 200-DMA >= 81.1105 AND 60d relative strength vs sector >= 25.6836,atr_20_pct>=3.712 AND dist_sma_200>=81.1105 AND rs_sector_60d>=25.6836,pat_8633
8644,FALCPAT_8644,fresh_breakout,hit_15pc_20d,breakout,PROMOTED,3,90,0.044444444444444446,0.03333333333333333,111.67824655732093,42.81995661605206,27.294296664939544,36.73,volatility (20d ATR%) >= 4.9327 AND close position in weekly range >= 0.6079 AND weekly range % <= 11.7238,atr_20_pct>=4.9327 AND weekly_close_loc>=0.6079 AND weekly_range_pct<=11.7238,pat_8644
9569,FALCPAT_9569,pullback_reversal,hit_15pc_20d,capitulation,PROMOTED,3,120,0.03333333333333333,0.025,91.9453934299713,49.52445652173913,29.96208509851115,28.9,volatility (20d ATR%) >= 3.5761 AND distance from year-high <= -27.4711 AND close position in weekly range >= 0.767 AND weekly range % <= 13.4815,atr_20_pct>=3.5761 AND dist_high_252<=-27.4711 AND weekly_close_loc>=0.767 AND weekly_range_pct<=13.4815,pat_9569
6868,FALCPAT_6868,other,hit_40pc_40d,other,PROMOTED,3,61,0.08196721311475409,0.04918032786885246,88.08821132081802,18.65715983363042,14.59178554284961,12.58,volatility (20d ATR%) >= 2.6793 AND distance from 200-DMA >= 73.6638 AND 60-day return <= 78.2525,atr_20_pct>=2.6793 AND dist_sma_200>=73.6638 AND roc_60<=78.2525,pat_6868
7912,FALCPAT_7912,other,hit_25pc_30d,other,PROMOTED,3,79,0.06329113924050633,0.0379746835443038,80.13671932312175,24.91408934707904,17.191725257610376,15.83,volatility (20d ATR%) >= 4.3575 AND 20d relative strength vs market >= 7.2399 AND 20d relative strength vs sector >= 26.4767,atr_20_pct>=4.3575 AND rs_market_20d>=7.2399 AND rs_sector_20d>=26.4767,pat_7912
6348,FALCPAT_6348,pullback_reversal,hit_25pc_30d,capitulation,PROMOTED,3,90,0.05555555555555555,0.03333333333333333,78.65521955610201,29.94634473507713,19.223429477004707,24.01,distance from year-high <= -51.1553,dist_high_252<=-51.1553,pat_6348
8952,FALCPAT_8952,other,hit_15pc_20d,other,PROMOTED,3,142,0.07042253521126761,0.02112676056338028,76.18703874151497,48.94091415830547,29.378542735077485,32.48,volatility (20d ATR%) >= 3.9374 AND distance from 20-day high <= -14.2373 AND 60d relative strength vs sector >= -15.4462 AND close position in weekly range >= 0.1754,atr_20_pct>=3.9374 AND dist_high_20<=-14.2373 AND rs_sector_60d>=-15.4462 AND weekly_close_loc>=0.1754,pat_8952
6512,FALCPAT_6512,pullback_reversal,hit_25pc_30d,capitulation,PROMOTED,3,117,0.05128205128205128,0.02564102564102564,68.17270073976228,32.382851445663015,21.65993618759059,25.17,volatility (20d ATR%) >= 3.3322 AND distance from 120-day high <= -42.3676 AND distance from 50-DMA <= 10.5469,atr_20_pct>=3.3322 AND dist_high_120<=-42.3676 AND dist_sma_50<=10.5469,pat_6512
7296,FALCPAT_7296,pullback_reversal,hit_15pc_20d,capitulation,PROMOTED,3,110,0.02727272727272727,0.02727272727272727,59.31635793517391,35.16918646508279,17.718541658960678,25.08,distance from year-high <= -43.4753 AND distance from 200-DMA <= 24.7508 AND 20d relative strength vs sector <= -5.3304,dist_high_252<=-43.4753 AND dist_sma_200<=24.7508 AND rs_sector_20d<=-5.3304,pat_7296
8876,FALCPAT_8876,pullback_reversal,hit_10pc_20d,capitulation,PROMOTED,3,152,0.03289473684210526,0.019736842105263157,50.025441928172064,56.02941176470589,20.648824519521668,33.14,volatility (20d ATR%) >= 2.5005 AND distance from 120-day high <= -21.2998 AND 60d relative strength vs market >= 0.438 AND close position in weekly range <= 0.7657,atr_20_pct>=2.5005 AND dist_high_120<=-21.2998 AND rs_market_60d>=0.438 AND weekly_close_loc<=0.7657,pat_8876
7297,FALCPAT_7297,pullback_reversal,hit_15pc_20d,capitulation,PROMOTED,3,108,0.06481481481481481,0.027777777777777776,47.17649711384011,31.286635404454863,13.835990598332751,23.92,distance from year-high <= -43.4753 AND distance from 200-DMA <= 24.7508 AND 20d relative strength vs sector >= -5.3304,dist_high_252<=-43.4753 AND dist_sma_200<=24.7508 AND rs_sector_20d>=-5.3304,pat_7297
8723,FALCPAT_8723,pullback_reversal,hit_15pc_20d,capitulation,PROMOTED,3,128,0.0390625,0.0234375,41.321419522766234,33.92539964476021,14.363028221532234,14.36,volatility (20d ATR%) <= 4.1837 AND volatility (20d ATR%) >= 3.624 AND distance from year-high <= -37.4645 AND 60-day return <= 24.2728,atr_20_pct<=4.1837 AND atr_20_pct>=3.624 AND dist_high_252<=-37.4645 AND roc_60<=24.2728,pat_8723
9583,FALCPAT_9583,pullback_reversal,hit_25pc_30d,capitulation,PROMOTED,3,235,0.02553191489361702,0.01276595744680851,21.541186156033113,24.155227032734956,13.746694707717484,18.6,volatility (20d ATR%) >= 4.0743 AND distance from year-high <= -32.3954 AND close position in weekly range <= 0.7707,atr_20_pct>=4.0743 AND dist_high_252<=-32.3954 AND weekly_close_loc<=0.7707,pat_9583
9445,FALCPAT_9445,other,hit_25pc_30d,other,PROMOTED,3,251,0.0199203187250996,0.01195219123505976,21.27183235179991,24.907578558225502,14.49904623320804,14.5,volatility (20d ATR%) >= 4.2366 AND distance from 200-DMA <= 4.8483 AND 20d relative strength vs market <= 9.0401 AND 60d relative strength vs sector <= -10.5818,atr_20_pct>=4.2366 AND dist_sma_200<=4.8483 AND rs_market_20d<=9.0401 AND rs_sector_60d<=-10.5818,pat_9445
6328,FALCPAT_6328,fresh_breakout,hit_25pc_30d,breakout,PROMOTED,3,123,0.04878048780487805,0.024390243902439025,19.647796977071113,17.285573447256,6.562658189183574,14.45,distance from 200-DMA <= -9.4385 AND days with sub-75% volume in last 7 <= 2.5 AND close position in weekly range >= 0.4553 AND weekly range % >= 5.3895,dist_sma_200<=-9.4385 AND n_sub_75v_7d<=2.5 AND weekly_close_loc>=0.4553 AND weekly_range_pct>=5.3895,pat_6328
8273,FALCPAT_8273,compression,hit_15pc_20d,other,PROBATION,3,97,0.041237113402061855,0.030927835051546393,15.055855307104068,19.491525423728813,3.965865472616295,-11.23,distance from 200-DMA >= 53.4427 AND days with sub-3% range in last 7 <= 3.5 AND 20d relative strength vs sector <= 18.0764 AND 60d relative strength vs sector >= 1.7032,dist_sma_200>=53.4427 AND n_sub_3_range_7d<=3.5 AND rs_sector_20d<=18.0764 AND rs_sector_60d>=1.7032,pat_8273
8397,FALCPAT_8397,other,hit_40pc_40d,other,PROMOTED,3,130,0.03076923076923077,0.023076923076923078,14.559092790358259,8.104845663045353,5.139708374082358,5.57,distance from 20-day high <= -17.3947 AND distance from year-high <= -10.8368 AND distance from 200-DMA <= 30.4299 AND close position in weekly range >= 0.1992,dist_high_20<=-17.3947 AND dist_high_252<=-10.8368 AND dist_sma_200<=30.4299 AND weekly_close_loc>=0.1992,pat_8397
9528,FALCPAT_9528,pullback_reversal,hit_25pc_30d,capitulation,PROMOTED,3,211,0.023696682464454975,0.014218009478672985,14.359592387623591,18.63636363636364,8.227831311346169,8.23,volatility (20d ATR%) >= 3.347 AND distance from 120-day high <= -28.3924 AND 20d relative strength vs market <= -10.0472,atr_20_pct>=3.347 AND dist_high_120<=-28.3924 AND rs_market_20d<=-10.0472,pat_9528
7277,FALCPAT_7277,continuation,hit_40pc_40d,momentum,PROMOTED,3,285,0.02456140350877193,0.010526315789473684,13.345483714249987,14.393939393939394,10.328565103158583,3.41,volatility (20d ATR%) >= 4.735 AND 20-day return >= 10.2475,atr_20_pct>=4.735 AND roc_20>=10.2475,pat_7277
9447,FALCPAT_9447,fresh_breakout,hit_25pc_30d,other,PROMOTED,3,254,0.01968503937007874,0.011811023622047244,13.142577805477577,19.473684210526315,9.065151885508849,9.07,volatility (20d ATR%) >= 4.2366 AND distance from year-high >= -15.7819 AND distance from 200-DMA >= 4.8483 AND 20d relative strength vs market <= 9.0401,atr_20_pct>=4.2366 AND dist_high_252>=-15.7819 AND dist_sma_200>=4.8483 AND rs_market_20d<=9.0401,pat_9447
8229,FALCPAT_8229,fresh_breakout,hit_25pc_30d,other,PROMOTED,3,192,0.026041666666666668,0.015625,10.824874052860155,13.366336633663368,5.643972544194703,4.58,volatility (20d ATR%) >= 4.1388 AND distance from year-high >= -11.0436 AND 20d relative strength vs market <= 9.5342,atr_20_pct>=4.1388 AND dist_high_252>=-11.0436 AND rs_market_20d<=9.5342,pat_8229
6575,FALCPAT_6575,pullback_reversal,hit_15pc_20d,capitulation,PROMOTED,3,467,0.01284796573875803,0.006423982869379015,10.31288826557199,31.39432399083377,13.078502045886282,15.97,distance from 200-DMA <= -16.3941 AND 60-day return <= -12.5577,dist_sma_200<=-16.3941 AND roc_60<=-12.5577,pat_6575
8405,FALCPAT_8405,fresh_breakout,hit_10pc_20d,breakout,PROMOTED,3,612,0.008169934640522876,0.004901960784313725,7.491742057937612,42.70001506704836,12.450736725158723,17.21,distance from 20-day high <= -3.9254 AND close position in weekly range >= 0.5947 AND weekly range % <= 9.4741 AND weekly range % >= 5.4665,dist_high_20<=-3.9254 AND weekly_close_loc>=0.5947 AND weekly_range_pct<=9.4741 AND weekly_range_pct>=5.4665,pat_8405
9152,FALCPAT_9152,other,hit_40pc_40d,other,PROMOTED,3,383,0.018276762402088774,0.007832898172323759,6.5464426590131195,10.897134805072804,6.808711833331691,6.81,volatility (20d ATR%) >= 5.2376,atr_20_pct>=5.2376,pat_9152
6264,FALCPAT_6264,pullback_reversal,hit_10pc_20d,capitulation,PROMOTED,3,657,0.0076103500761035,0.0045662100456621,4.0753371133789384,41.27838788783452,7.270925935547407,14.73,distance from 120-day high <= -15.8326 AND distance from year-high <= -27.3799 AND 5-day return <= -0.708 AND 20d relative strength vs market >= -6.9151,dist_high_120<=-15.8326 AND dist_high_252<=-27.3799 AND roc_5<=-0.708 AND rs_market_20d>=-6.9151,pat_6264
