pattern,symbol,n,avg_d1,bucket,edge_score,stability_score,target,regime,hit_pct,base_pct,real_lift_pp,status,rule,mandate,rule_family,screener_tier
FALCPAT_9124,OLECTRA,3,11.583,10%+,34.749,20.062344504070303,hit_15pc_20d,capitulation,50.93023255813953,19.56237142322798,31.36786113491156,PROMOTED,volatility (20d ATR%) >= 3.4326 AND distance from year-high <= -21.3469 AND close position in weekly range >= 0.8244 AND distance from 20-week SMA >= 3.36,"Buy when rule fires; win if +15% within 20d, else exit at horizon. Rs5L account, direction=long.",pullback_from_high|volatility_expansion|weekly_strength,D_extreme_thin
FALCPAT_6658,GODREJIND,3,8.51,5-10%,25.53,14.739752372411145,hit_25pc_30d,compression,20.35162493340437,10.722915258072424,9.628709675331946,PROMOTED,volatility (20d ATR%) >= 3.2273 AND days with sub-75% volume in last 7 >= 3.5 AND slope of 50-DMA <= -2.14 AND distance from 20-week SMA <= -7.067,"Buy when rule fires; win if +25% within 30d, else exit at horizon. Rs5L account, direction=long.",volatility_expansion,ignore
FALCPAT_6674,LODHA,3,8.291,5-10%,24.873,14.360433245553562,hit_15pc_20d,capitulation,45.36082474226804,18.31582194494749,27.04500279732055,PROMOTED,volatility (20d ATR%) >= 2.673 AND distance from 50-DMA <= -9.6156 AND 60-day return <= -15.4153 AND close position in weekly range >= 0.712,"Buy when rule fires; win if +15% within 20d, else exit at horizon. Rs5L account, direction=long.",volatility_expansion|recent_weakness|weekly_strength,ignore
FALCPAT_7619,LODHA,3,8.291,5-10%,24.873,14.360433245553562,hit_10pc_20d,breakout,79.67445742904842,30.24927834188964,49.42517908715877,PROMOTED,5-day return <= 3.643 AND close position in weekly range >= 0.5098 AND weekly range % >= 14.1572,"Buy when rule fires; win if +10% within 20d, else exit at horizon. Rs5L account, direction=long.",volatility_expansion|recent_weakness|weekly_strength,ignore
FALCPAT_7603,ERIS,3,8.185,5-10%,24.555,14.176835859951261,hit_15pc_20d,breakout,34.97835497835498,15.52565995111252,19.452695027242463,PROMOTED,5-day return >= 11.7516 AND close position in weekly range >= 0.5365 AND weekly range % >= 14.9824,"Buy when rule fires; win if +15% within 20d, else exit at horizon. Rs5L account, direction=long.",volatility_expansion|weekly_strength,ignore
FALCPAT_7807,NIACL,3,8.073,5-10%,24.219,13.982846169503546,hit_25pc_30d,breakout,14.818652849740932,7.722364089468664,7.096288760272268,PROMOTED,60-day return <= 60.2461 AND 20-week breakout flag >= 0.5 AND distance from 20-week SMA >= 21.4514,"Buy when rule fires; win if +25% within 30d, else exit at horizon. Rs5L account, direction=long.",recent_weakness,ignore
FALCPAT_9300,PARADEEP,3,7.924,5-10%,23.772000000000002,13.724770599175784,hit_10pc_20d,capitulation,53.215674543822914,35.380587245184216,17.835087298638697,PROMOTED,volatility (20d ATR%) >= 2.7959 AND distance from year-high <= -23.5637 AND close position in weekly range >= 0.6562 AND weekly range % <= 9.9519,"Buy when rule fires; win if +10% within 20d, else exit at horizon. Rs5L account, direction=long.",pullback_from_high|volatility_expansion|compression|weekly_strength,ignore
FALCPAT_8951,CONCORDBIO,3,7.778,5-10%,23.334,13.471891181270726,hit_15pc_20d,other,47.99357945425361,19.56237142322798,28.43120803102564,PROMOTED,volatility (20d ATR%) >= 3.9374 AND distance from 20-day high <= -14.2373 AND 60d relative strength vs sector <= -15.4462 AND close position in weekly range >= 0.1754,"Buy when rule fires; win if +15% within 20d, else exit at horizon. Rs5L account, direction=long.",pullback_from_high|volatility_expansion|weekly_strength|relative_strength,ignore
FALCPAT_6329,GODREJIND,3,7.655,5-10%,22.965,13.258848931939756,hit_25pc_30d,breakout,18.579651261215503,10.722915258072424,7.856736003143084,PROMOTED,distance from 200-DMA <= -9.4385 AND days with sub-75% volume in last 7 >= 2.5 AND close position in weekly range >= 0.4553 AND weekly range % >= 5.3895,"Buy when rule fires; win if +25% within 30d, else exit at horizon. Rs5L account, direction=long.",volatility_expansion|weekly_strength,ignore
FALCPAT_8171,GODREJIND,3,7.655,5-10%,22.965,13.258848931939756,hit_40pc_40d,breakout,9.217691592508965,2.9651372889629943,6.2525543035459705,PROMOTED,volatility (20d ATR%) >= 3.3699 AND slope of 50-DMA <= -1.3271 AND close position in weekly range >= 0.5672 AND distance from 20-week SMA <= -0.524,"Buy when rule fires; win if +40% within 40d, else exit at horizon. Rs5L account, direction=long.",volatility_expansion|weekly_strength,ignore
FALCPAT_8746,GODREJIND,3,7.655,5-10%,22.965,13.258848931939756,hit_25pc_30d,capitulation,24.63054187192118,10.408532325017468,14.222009546903712,PROMOTED,volatility (20d ATR%) >= 4.0285 AND distance from year-high <= -34.3354 AND days with sub-75% volume in last 20 >= 15.5 AND close position in weekly range >= 0.5475,"Buy when rule fires; win if +25% within 30d, else exit at horizon. Rs5L account, direction=long.",pullback_from_high|volatility_expansion|weekly_strength,ignore
FALCPAT_8378,PGEL,4,7.636,5-10%,30.544,15.272,hit_40pc_40d,capitulation,8.674863387978142,2.9651372889629943,5.709726099015147,PROMOTED,distance from 10-day high <= -18.52 AND distance from 120-day high <= -15.2508 AND distance from 20-week SMA <= -6.9757,"Buy when rule fires; win if +40% within 40d, else exit at horizon. Rs5L account, direction=long.",pullback_from_high,ignore
FALCPAT_7430,FACT,4,7.539,5-10%,30.156,15.078,hit_25pc_30d,breakout,23.0642277540916,9.458155042142677,13.60607271194892,PROMOTED,volatility (20d ATR%) >= 2.5484 AND 60d relative strength vs sector <= 22.4458 AND close position in weekly range >= 0.8325 AND distance from 20-week SMA >= 12.5461,"Buy when rule fires; win if +25% within 30d, else exit at horizon. Rs5L account, direction=long.",volatility_expansion|weekly_strength|relative_strength,ignore
FALCPAT_6475,PGEL,3,7.509,5-10%,22.527,13.0059695140347,hit_15pc_20d,capitulation,32.06166303332295,18.31582194494749,13.74584108837546,PROMOTED,volatility (20d ATR%) >= 2.7816 AND distance from year-high <= -36.4983 AND distance from year-high >= -43.9096 AND weekly range % >= 9.1288,"Buy when rule fires; win if +15% within 20d, else exit at horizon. Rs5L account, direction=long.",pullback_from_high|volatility_expansion,ignore
FALCPAT_9570,LODHA,3,7.499,5-10%,22.497,12.98864900595901,hit_15pc_20d,capitulation,66.45021645021644,19.56237142322798,46.88784502698847,PROMOTED,volatility (20d ATR%) >= 3.5761 AND distance from year-high <= -27.4711 AND close position in weekly range >= 0.767 AND weekly range % >= 13.4815,"Buy when rule fires; win if +15% within 20d, else exit at horizon. Rs5L account, direction=long.",pullback_from_high|volatility_expansion|weekly_strength,ignore
FALCPAT_8789,GODFRYPHLP,3,7.484,5-10%,22.451999999999998,12.962668243845476,hit_25pc_30d,other,15.171811298776936,10.408532325017468,4.763278973759467,PROMOTED,volatility (20d ATR%) >= 3.7914 AND distance from 200-DMA <= -4.7543 AND 60-day return <= 41.0247 AND slope of 20-DMA >= -0.7126,"Buy when rule fires; win if +25% within 30d, else exit at horizon. Rs5L account, direction=long.",volatility_expansion|recent_weakness,ignore
FALCPAT_8791,SJVN,3,7.483,5-10%,22.448999999999998,12.960936193037908,hit_40pc_40d,capitulation,5.803571428571429,4.088422971741112,1.7151484568303164,PROMOTED,days with sub-3% range in last 7 <= 3.5 AND 20-day return <= -9.9721 AND RSI(14) <= 26.3331 AND 5-day avg volume vs 20-day <= 0.8266,"Buy when rule fires; win if +40% within 40d, else exit at horizon. Rs5L account, direction=long.",oversold|compression|recent_weakness,ignore
FALCPAT_9570,GODFRYPHLP,3,7.378,5-10%,22.134,12.779070858243177,hit_15pc_20d,capitulation,66.45021645021644,19.56237142322798,46.88784502698847,PROMOTED,volatility (20d ATR%) >= 3.5761 AND distance from year-high <= -27.4711 AND close position in weekly range >= 0.767 AND weekly range % >= 13.4815,"Buy when rule fires; win if +15% within 20d, else exit at horizon. Rs5L account, direction=long.",pullback_from_high|volatility_expansion|weekly_strength,ignore
FALCPAT_8766,JWL,3,7.369,5-10%,22.107,12.763482400975056,hit_10pc_20d,other,56.95732838589982,35.380587245184216,21.576741140715605,PROMOTED,volatility (20d ATR%) >= 3.6888 AND distance from 20-day high <= -19.8967 AND distance from year-high >= -45.8202 AND distance from 60-day high <= -28.1363,"Buy when rule fires; win if +10% within 20d, else exit at horizon. Rs5L account, direction=long.",pullback_from_high|volatility_expansion,ignore
FALCPAT_9106,TTML,4,7.332,5-10%,29.328,14.664,,,,,,,,,other,ignore
FALCPAT_6424,GODREJIND,3,7.251,5-10%,21.753,12.55910040568193,hit_10pc_20d,breakout,67.80150028851702,34.00746195228712,33.79403833622991,PROMOTED,volatility (20d ATR%) >= 3.7232 AND 60-day return <= -14.7778 AND close position in weekly range >= 0.6594,"Buy when rule fires; win if +10% within 20d, else exit at horizon. Rs5L account, direction=long.",volatility_expansion|recent_weakness|weekly_strength,ignore
FALCPAT_6674,GODREJIND,3,7.251,5-10%,21.753,12.55910040568193,hit_15pc_20d,capitulation,45.36082474226804,18.31582194494749,27.04500279732055,PROMOTED,volatility (20d ATR%) >= 2.673 AND distance from 50-DMA <= -9.6156 AND 60-day return <= -15.4153 AND close position in weekly range >= 0.712,"Buy when rule fires; win if +15% within 20d, else exit at horizon. Rs5L account, direction=long.",volatility_expansion|recent_weakness|weekly_strength,ignore
FALCPAT_9569,GODREJIND,3,7.251,5-10%,21.753,12.55910040568193,hit_15pc_20d,capitulation,49.52445652173913,19.56237142322798,29.96208509851115,PROMOTED,volatility (20d ATR%) >= 3.5761 AND distance from year-high <= -27.4711 AND close position in weekly range >= 0.767 AND weekly range % <= 13.4815,"Buy when rule fires; win if +15% within 20d, else exit at horizon. Rs5L account, direction=long.",pullback_from_high|volatility_expansion|compression|weekly_strength,ignore
FALCPAT_9584,GODREJIND,3,7.251,5-10%,21.753,12.55910040568193,hit_25pc_30d,capitulation,34.23913043478261,10.408532325017468,23.830598109765145,PROMOTED,volatility (20d ATR%) >= 4.0743 AND distance from year-high <= -32.3954 AND close position in weekly range >= 0.7707,"Buy when rule fires; win if +25% within 30d, else exit at horizon. Rs5L account, direction=long.",pullback_from_high|volatility_expansion|weekly_strength,ignore
FALCPAT_8397,JUBLPHARMA,3,7.21,5-10%,21.63,12.488086322571604,hit_40pc_40d,other,8.104845663045353,2.9651372889629943,5.139708374082358,PROMOTED,distance from 20-day high <= -17.3947 AND distance from year-high <= -10.8368 AND distance from 200-DMA <= 30.4299 AND close position in weekly range >= 0.1992,"Buy when rule fires; win if +40% within 40d, else exit at horizon. Rs5L account, direction=long.",pullback_from_high|weekly_strength,ignore
FALCPAT_9406,DOMS,3,7.207,5-10%,21.621,12.482890170148897,hit_15pc_20d,momentum,24.778761061946906,19.56237142322798,5.216389638718924,PROMOTED,volatility (20d ATR%) >= 3.3506 AND distance from 120-day high <= -13.1357 AND 20-day return >= -2.1667 AND slope of 50-DMA >= 0.2647,"Buy when rule fires; win if +15% within 20d, else exit at horizon. Rs5L account, direction=long.",pullback_from_high|volatility_expansion,ignore
FALCPAT_7832,VIJAYA,3,7.206,5-10%,21.618000000000002,12.48115811934133,hit_25pc_30d,mean_reversion,10.501193317422434,7.722364089468664,2.7788292279537705,PROMOTED,volatility (20d ATR%) >= 4.5381 AND close position in weekly range <= 0.1837 AND weekly range % >= 19.9051,"Buy when rule fires; win if +25% within 30d, else exit at horizon. Rs5L account, direction=long.",volatility_expansion|weekly_weak_close,ignore
FALCPAT_7297,FACT,3,7.143,5-10%,21.429,12.37203891846449,hit_15pc_20d,capitulation,31.286635404454863,17.450644806122114,13.835990598332751,PROMOTED,distance from year-high <= -43.4753 AND distance from 200-DMA <= 24.7508 AND 20d relative strength vs sector >= -5.3304,"Buy when rule fires; win if +15% within 20d, else exit at horizon. Rs5L account, direction=long.",pullback_from_high|relative_strength,ignore
FALCPAT_8065,MAZDOCK,6,7.068,5-10%,42.408,17.3129935019915,hit_10pc_20d,capitulation,41.82509505703423,30.24927834188964,11.575816715144583,PROMOTED,distance from 20-day high <= -16.1936 AND RSI(14) <= 30.4449 AND close position in weekly range <= 0.4857 AND weekly range % >= 7.862,"Buy when rule fires; win if +10% within 20d, else exit at horizon. Rs5L account, direction=long.",oversold|pullback_from_high|volatility_expansion|weekly_weak_close,C_explosive_thin
FALCPAT_8136,WOCKPHARMA,3,7.021,5-10%,21.063,12.160728719941087,,,,,,,,,other,ignore
FALCPAT_8958,GODREJIND,4,6.972,5-10%,27.888,13.944,hit_25pc_30d,capitulation,30.04405286343612,10.408532325017468,19.635520538418653,PROMOTED,distance from year-high <= -31.6766 AND distance from 60-day high <= -23.6276 AND distance from 200-DMA <= 28.1487 AND days with sub-75% volume in last 20 >= 11.5,"Buy when rule fires; win if +25% within 30d, else exit at horizon. Rs5L account, direction=long.",pullback_from_high,ignore
FALCPAT_7881,JUBLPHARMA,3,6.968,5-10%,20.904,12.068930027139936,hit_40pc_40d,other,8.658008658008658,2.9651372889629943,5.692871369045663,PROMOTED,volatility (20d ATR%) >= 4.5087 AND short-term vol vs longer-term >= 1.451 AND distance from year-high >= -34.5273 AND weekly range % >= 19.6924,"Buy when rule fires; win if +40% within 40d, else exit at horizon. Rs5L account, direction=long.",volatility_expansion,ignore
FALCPAT_8545,HBLENGINE,4,6.964,5-10%,27.856,13.928,,,,,,,,,other,ignore
FALCPAT_8454,CAPLIPOINT,3,6.937,5-10%,20.811,12.015236452105302,hit_10pc_20d,other,42.93606945540648,30.24927834188964,12.686791113516833,PROMOTED,volatility (20d ATR%) >= 3.5945 AND distance from 200-DMA <= -7.3884 AND days with sub-3% range in last 7 >= 1.5 AND close position in weekly range <= 0.7018,"Buy when rule fires; win if +10% within 20d, else exit at horizon. Rs5L account, direction=long.",volatility_expansion|compression|weekly_weak_close,ignore
FALCPAT_8938,NUVAMA,3,6.935,5-10%,20.805,12.011772350490162,hit_10pc_20d,other,53.31825037707391,35.380587245184216,17.937663131889693,PROMOTED,volatility (20d ATR%) >= 3.9309 AND distance from 20-day high <= -12.7454 AND distance from 20-week SMA <= -21.1531,"Buy when rule fires; win if +10% within 20d, else exit at horizon. Rs5L account, direction=long.",pullback_from_high|volatility_expansion,ignore
FALCPAT_8733,POWERINDIA,3,6.781,5-10%,20.343,11.745036526124556,hit_10pc_20d,capitulation,56.63551401869159,35.380587245184216,21.25492677350738,PROMOTED,volatility (20d ATR%) >= 4.3311 AND 60-day return <= -20.5526 AND close position in weekly range <= 0.7189,"Buy when rule fires; win if +10% within 20d, else exit at horizon. Rs5L account, direction=long.",volatility_expansion|recent_weakness|weekly_weak_close,ignore
FALCPAT_9123,GODREJIND,5,6.772,5-10%,33.86,15.142652343628576,hit_15pc_20d,capitulation,49.29338609383833,19.56237142322798,29.731014670610342,PROMOTED,volatility (20d ATR%) >= 3.4326 AND distance from year-high <= -21.3469 AND close position in weekly range >= 0.8244 AND distance from 20-week SMA <= 3.36,"Buy when rule fires; win if +15% within 20d, else exit at horizon. Rs5L account, direction=long.",pullback_from_high|volatility_expansion|weekly_strength,C_explosive_thin
FALCPAT_8378,ITI,4,6.617,5-10%,26.468,13.234,hit_40pc_40d,capitulation,8.674863387978142,2.9651372889629943,5.709726099015147,PROMOTED,distance from 10-day high <= -18.52 AND distance from 120-day high <= -15.2508 AND distance from 20-week SMA <= -6.9757,"Buy when rule fires; win if +40% within 40d, else exit at horizon. Rs5L account, direction=long.",pullback_from_high,ignore
FALCPAT_6784,AEGISLOG,3,6.605,5-10%,19.815,11.440195583992434,hit_15pc_20d,capitulation,37.363697055114606,17.450644806122114,19.91305224899249,PROMOTED,volatility (20d ATR%) >= 3.602 AND distance from year-high <= -35.3532 AND 20d relative strength vs market <= 1.3608 AND distance from 20-week SMA <= 9.4222,"Buy when rule fires; win if +15% within 20d, else exit at horizon. Rs5L account, direction=long.",pullback_from_high|volatility_expansion|relative_strength,ignore
FALCPAT_8511,AEGISLOG,3,6.605,5-10%,19.815,11.440195583992434,hit_40pc_40d,capitulation,7.754079958552802,2.9651372889629943,4.788942669589807,PROMOTED,volatility (20d ATR%) >= 3.3187 AND distance from 200-DMA <= -14.1142 AND 20-day return <= -5.755,"Buy when rule fires; win if +40% within 40d, else exit at horizon. Rs5L account, direction=long.",volatility_expansion|recent_weakness,ignore
FALCPAT_9597,AEGISLOG,3,6.605,5-10%,19.815,11.440195583992434,hit_40pc_40d,capitulation,10.856985395425738,4.088422971741112,6.768562423684625,PROMOTED,volatility (20d ATR%) >= 4.1105 AND distance from year-high <= -35.2525 AND 60-day return <= 20.6957,"Buy when rule fires; win if +40% within 40d, else exit at horizon. Rs5L account, direction=long.",pullback_from_high|volatility_expansion|recent_weakness,ignore
FALCPAT_8347,JUBLPHARMA,3,6.604,5-10%,19.812,11.438463533184866,hit_25pc_30d,mean_reversion,12.325581395348838,7.722364089468664,4.6032173058801735,PROMOTED,distance from 50-DMA <= 7.1184 AND RSI(14) <= 41.0395 AND close position in weekly range <= 0.6784 AND weekly range % >= 14.8541,"Buy when rule fires; win if +25% within 30d, else exit at horizon. Rs5L account, direction=long.",oversold|volatility_expansion|weekly_weak_close,ignore
FALCPAT_9108,PPLPHARMA,6,6.576,5-10%,39.455999999999996,16.107844548542175,hit_10pc_20d,capitulation,42.0377358490566,35.380587245184216,6.657148603872387,PROMOTED,volatility (20d ATR%) >= 3.307 AND 60-day return <= -17.1495 AND 20d relative strength vs market <= -11.4042 AND close position in weekly range <= 0.7784,"Buy when rule fires; win if +10% within 20d, else exit at horizon. Rs5L account, direction=long.",volatility_expansion|recent_weakness|weekly_weak_close|relative_strength,C_explosive_thin
FALCPAT_9221,JUBLPHARMA,4,6.549,5-10%,26.196,13.098,hit_25pc_30d,other,33.80952380952381,10.408532325017468,23.400991484506346,PROMOTED,volatility (20d ATR%) >= 4.4887 AND daily range % >= 5.6888 AND 20d relative strength vs sector <= -11.6776,"Buy when rule fires; win if +25% within 30d, else exit at horizon. Rs5L account, direction=long.",volatility_expansion|relative_strength,ignore
FALCPAT_9506,VIJAYA,10,6.533,5-10%,65.33,20.659159953880025,hit_10pc_20d,capitulation,58.68804664723032,35.380587245184216,23.307459402046103,PROMOTED,distance from 120-day high <= -24.3888 AND 60-day return <= -18.2025 AND RSI(14) >= 30.1137,"Buy when rule fires; win if +10% within 20d, else exit at horizon. Rs5L account, direction=long.",oversold|pullback_from_high|recent_weakness,A_high_edge
FALCPAT_6264,ECLERX,3,6.531,5-10%,19.593,11.312023824232336,hit_10pc_20d,capitulation,41.27838788783452,34.00746195228712,7.270925935547407,PROMOTED,distance from 120-day high <= -15.8326 AND distance from year-high <= -27.3799 AND 5-day return <= -0.708 AND 20d relative strength vs market >= -6.9151,"Buy when rule fires; win if +10% within 20d, else exit at horizon. Rs5L account, direction=long.",pullback_from_high|recent_weakness|relative_strength,ignore
FALCPAT_6344,GRSE,3,6.504,5-10%,19.512,11.265258452427977,hit_15pc_20d,capitulation,33.23017408123791,18.31582194494749,14.914352136290422,PROMOTED,distance from year-high <= -45.8435 AND distance from 200-DMA <= -19.5649 AND distance from 20-week SMA >= -13.0796,"Buy when rule fires; win if +15% within 20d, else exit at horizon. Rs5L account, direction=long.",pullback_from_high,ignore
FALCPAT_6334,GODREJIND,3,6.493,5-10%,19.479,11.24620589354472,hit_10pc_20d,capitulation,51.56932030762835,34.00746195228712,17.561858355341236,PROMOTED,distance from year-high <= -29.2888 AND distance from 200-DMA >= -21.0968 AND 20d relative strength vs market >= -3.6469 AND close position in weekly range >= 0.8003,"Buy when rule fires; win if +10% within 20d, else exit at horizon. Rs5L account, direction=long.",pullback_from_high|weekly_strength|relative_strength,ignore
FALCPAT_8764,WELSPUNLIV,3,6.474,5-10%,19.422,11.213296928200911,hit_10pc_20d,capitulation,68.38351822503962,35.380587245184216,33.00293097985541,PROMOTED,volatility (20d ATR%) >= 3.6888 AND distance from 120-day high <= -33.0168 AND distance from year-high <= -45.8202 AND close position in weekly range >= 0.1255,"Buy when rule fires; win if +10% within 20d, else exit at horizon. Rs5L account, direction=long.",pullback_from_high|volatility_expansion|weekly_strength,ignore
FALCPAT_7436,WOCKPHARMA,3,6.404,5-10%,19.212,11.092053371671089,hit_10pc_20d,other,47.77507195040956,32.698883353500555,15.076188596909008,PROMOTED,distance from 60-day high >= -4.8063 AND distance from 200-DMA <= 27.5645 AND distance from 20-week SMA >= -0.5954 AND weekly range % >= 10.6745,"Buy when rule fires; win if +10% within 20d, else exit at horizon. Rs5L account, direction=long.",volatility_expansion,ignore
FALCPAT_9541,NAVA,3,6.326,5-10%,18.977999999999998,10.956953408680716,hit_10pc_20d,capitulation,57.070422535211264,35.380587245184216,21.689835290027048,PROMOTED,volatility (20d ATR%) >= 3.3204 AND distance from 120-day high <= -25.8628 AND 60-day return <= -24.9121 AND close position in weekly range <= 0.6786,"Buy when rule fires; win if +10% within 20d, else exit at horizon. Rs5L account, direction=long.",pullback_from_high|volatility_expansion|recent_weakness|weekly_weak_close,ignore
FALCPAT_9567,NAVA,3,6.326,5-10%,18.977999999999998,10.956953408680716,hit_15pc_20d,capitulation,42.86539572501445,19.56237142322798,23.303024301786465,PROMOTED,volatility (20d ATR%) >= 3.5761 AND distance from year-high <= -27.4711 AND 60-day return <= -25.4389 AND close position in weekly range <= 0.767,"Buy when rule fires; win if +15% within 20d, else exit at horizon. Rs5L account, direction=long.",pullback_from_high|volatility_expansion|recent_weakness|weekly_weak_close,ignore
FALCPAT_8744,POONAWALLA,4,6.296,5-10%,25.184,12.592,hit_25pc_30d,capitulation,21.95402298850575,10.408532325017468,11.54549066348828,PROMOTED,volatility (20d ATR%) >= 4.0285 AND distance from year-high <= -34.3354 AND distance from year-high >= -42.9337 AND days with sub-75% volume in last 20 <= 15.5,"Buy when rule fires; win if +25% within 30d, else exit at horizon. Rs5L account, direction=long.",pullback_from_high|volatility_expansion,ignore
FALCPAT_7820,GICRE,3,6.272,5-10%,18.816000000000003,10.863422665071997,hit_40pc_40d,mean_reversion,8.067484662576687,2.9651372889629943,5.102347373613693,PROMOTED,RSI(14) <= 36.9408 AND distance from 20-week SMA <= 2.045 AND weekly range % >= 13.229,"Buy when rule fires; win if +40% within 40d, else exit at horizon. Rs5L account, direction=long.",oversold|volatility_expansion,ignore
FALCPAT_8595,IOB,6,6.271,5-10%,37.626,15.360750176993308,hit_15pc_20d,breakout,45.09493670886077,19.56237142322798,25.53256528563278,PROMOTED,volatility (20d ATR%) <= 4.4669 AND volatility (20d ATR%) >= 4.1346 AND close position in weekly range >= 0.8334,"Buy when rule fires; win if +15% within 20d, else exit at horizon. Rs5L account, direction=long.",volatility_expansion|weekly_strength,C_explosive_thin
FALCPAT_8414,ERIS,4,6.269,5-10%,25.076,12.538,hit_25pc_30d,other,10.30358785648574,7.722364089468664,2.581223767017077,PROMOTED,volatility (20d ATR%) >= 3.5179 AND distance from 200-DMA >= 15.007 AND 60-day return <= 14.8289 AND weekly range % >= 10.4517,"Buy when rule fires; win if +25% within 30d, else exit at horizon. Rs5L account, direction=long.",volatility_expansion|recent_weakness,ignore
FALCPAT_9340,KALYANKJIL,3,6.267,5-10%,18.801000000000002,10.854762411034153,hit_10pc_20d,capitulation,43.37928823340814,35.380587245184216,7.998700988223928,PROMOTED,volatility (20d ATR%) >= 2.691 AND distance from year-high <= -37.6917 AND slope of 50-DMA >= -2.1425 AND close position in weekly range <= 0.6707,"Buy when rule fires; win if +10% within 20d, else exit at horizon. Rs5L account, direction=long.",pullback_from_high|volatility_expansion|weekly_weak_close,ignore
FALCPAT_7992,ITI,7,6.253,5-10%,43.771,16.543882948086885,hit_25pc_30d,breakout,11.508553654743393,7.722364089468664,3.7861895652747264,PROMOTED,distance from 200-DMA <= 61.1444 AND distance from 200-DMA >= 35.3444 AND 60d relative strength vs sector >= -20.939 AND close position in weekly range >= 0.6291,"Buy when rule fires; win if +25% within 30d, else exit at horizon. Rs5L account, direction=long.",weekly_strength|relative_strength,C_explosive_thin
FALCPAT_8723,APARINDS,3,6.25,5-10%,18.75,10.825317547305483,hit_15pc_20d,capitulation,33.92539964476021,19.56237142322798,14.363028221532234,PROMOTED,volatility (20d ATR%) <= 4.1837 AND volatility (20d ATR%) >= 3.624 AND distance from year-high <= -37.4645 AND 60-day return <= 24.2728,"Buy when rule fires; win if +15% within 20d, else exit at horizon. Rs5L account, direction=long.",pullback_from_high|volatility_expansion|recent_weakness,ignore
FALCPAT_7619,POONAWALLA,4,6.219,5-10%,24.876,12.438,hit_10pc_20d,breakout,79.67445742904842,30.24927834188964,49.42517908715877,PROMOTED,5-day return <= 3.643 AND close position in weekly range >= 0.5098 AND weekly range % >= 14.1572,"Buy when rule fires; win if +10% within 20d, else exit at horizon. Rs5L account, direction=long.",volatility_expansion|recent_weakness|weekly_strength,ignore
FALCPAT_7832,CENTRALBK,3,6.216,5-10%,18.648,10.766427819848142,hit_25pc_30d,mean_reversion,10.501193317422434,7.722364089468664,2.7788292279537705,PROMOTED,volatility (20d ATR%) >= 4.5381 AND close position in weekly range <= 0.1837 AND weekly range % >= 19.9051,"Buy when rule fires; win if +25% within 30d, else exit at horizon. Rs5L account, direction=long.",volatility_expansion|weekly_weak_close,ignore
FALCPAT_8066,HINDCOPPER,4,6.2,5-10%,24.8,12.4,hit_10pc_20d,other,44.23754403623553,30.24927834188964,13.988265694345891,PROMOTED,distance from 20-day high <= -16.1936 AND RSI(14) >= 30.4449 AND close position in weekly range <= 0.4857 AND weekly range % >= 7.862,"Buy when rule fires; win if +10% within 20d, else exit at horizon. Rs5L account, direction=long.",oversold|pullback_from_high|volatility_expansion|weekly_weak_close,ignore
FALCPAT_7619,ADANIGREEN,3,6.187,5-10%,18.561,10.716198346428644,hit_10pc_20d,breakout,79.67445742904842,30.24927834188964,49.42517908715877,PROMOTED,5-day return <= 3.643 AND close position in weekly range >= 0.5098 AND weekly range % >= 14.1572,"Buy when rule fires; win if +10% within 20d, else exit at horizon. Rs5L account, direction=long.",volatility_expansion|recent_weakness|weekly_strength,ignore
FALCPAT_8619,PATANJALI,3,6.166,5-10%,18.498,10.679825279469698,hit_25pc_30d,mean_reversion,12.61845386533666,7.722364089468664,4.896089775867996,PROMOTED,volatility (20d ATR%) >= 3.5234 AND 5-day return <= -6.8433 AND close position in weekly range <= 0.3476 AND weekly range % >= 12.8291,"Buy when rule fires; win if +25% within 30d, else exit at horizon. Rs5L account, direction=long.",volatility_expansion|recent_weakness|weekly_weak_close,ignore
FALCPAT_7770,ARE&M,3,6.158,5-10%,18.474,10.665968873009147,hit_15pc_20d,breakout,65.72890025575447,15.52565995111252,50.20324030464196,PROMOTED,distance from 20-DMA <= 12.344 AND close position in weekly range >= 0.3004 AND distance from 20-week SMA >= 11.1709 AND weekly range % >= 17.9071,"Buy when rule fires; win if +15% within 20d, else exit at horizon. Rs5L account, direction=long.",volatility_expansion|weekly_strength,ignore
FALCPAT_8766,OLECTRA,3,6.155,5-10%,18.465,10.66077272058644,hit_10pc_20d,other,56.95732838589982,35.380587245184216,21.576741140715605,PROMOTED,volatility (20d ATR%) >= 3.6888 AND distance from 20-day high <= -19.8967 AND distance from year-high >= -45.8202 AND distance from 60-day high <= -28.1363,"Buy when rule fires; win if +10% within 20d, else exit at horizon. Rs5L account, direction=long.",pullback_from_high|volatility_expansion,ignore
FALCPAT_6784,POWERINDIA,4,6.144,5-10%,24.576,12.288,hit_15pc_20d,capitulation,37.363697055114606,17.450644806122114,19.91305224899249,PROMOTED,volatility (20d ATR%) >= 3.602 AND distance from year-high <= -35.3532 AND 20d relative strength vs market <= 1.3608 AND distance from 20-week SMA <= 9.4222,"Buy when rule fires; win if +15% within 20d, else exit at horizon. Rs5L account, direction=long.",pullback_from_high|volatility_expansion|relative_strength,ignore
FALCPAT_8511,POWERINDIA,4,6.144,5-10%,24.576,12.288,hit_40pc_40d,capitulation,7.754079958552802,2.9651372889629943,4.788942669589807,PROMOTED,volatility (20d ATR%) >= 3.3187 AND distance from 200-DMA <= -14.1142 AND 20-day return <= -5.755,"Buy when rule fires; win if +40% within 40d, else exit at horizon. Rs5L account, direction=long.",volatility_expansion|recent_weakness,ignore
FALCPAT_9403,POWERINDIA,4,6.144,5-10%,24.576,12.288,hit_15pc_20d,capitulation,46.963824289405686,19.56237142322798,27.40145286617771,PROMOTED,volatility (20d ATR%) >= 3.3506 AND distance from 120-day high <= -34.8035 AND slope of 50-DMA <= 0.2647,"Buy when rule fires; win if +15% within 20d, else exit at horizon. Rs5L account, direction=long.",pullback_from_high|volatility_expansion,ignore
FALCPAT_9597,POWERINDIA,4,6.144,5-10%,24.576,12.288,hit_40pc_40d,capitulation,10.856985395425738,4.088422971741112,6.768562423684625,PROMOTED,volatility (20d ATR%) >= 4.1105 AND distance from year-high <= -35.2525 AND 60-day return <= 20.6957,"Buy when rule fires; win if +40% within 40d, else exit at horizon. Rs5L account, direction=long.",pullback_from_high|volatility_expansion|recent_weakness,ignore
FALCPAT_7009,ITI,8,6.098,5-10%,48.784,17.247748606702267,hit_10pc_20d,breakout,59.405204460966544,32.698883353500555,26.706321107465985,PROMOTED,volatility (20d ATR%) <= 4.4018 AND close position in weekly range >= 0.8143 AND distance from 20-week SMA >= 2.2342 AND weekly range % >= 8.5031,"Buy when rule fires; win if +10% within 20d, else exit at horizon. Rs5L account, direction=long.",volatility_expansion|weekly_strength,C_explosive_thin
FALCPAT_8334,IRB,3,6.098,5-10%,18.294,10.562045824555012,hit_10pc_20d,other,49.14089347079037,30.24927834188964,18.89161512890073,PROMOTED,distance from 60-day high <= -24.0447 AND distance from 200-DMA >= 6.4162 AND slope of 20-DMA <= -1.2563 AND 5-day avg volume vs 20-day >= 0.7452,"Buy when rule fires; win if +10% within 20d, else exit at horizon. Rs5L account, direction=long.",pullback_from_high,ignore
FALCPAT_8349,ERIS,5,6.083,5-10%,30.415,13.602001507131222,hit_25pc_30d,breakout,33.01971326164875,7.722364089468664,25.297349172180084,PROMOTED,distance from 50-DMA <= 7.1184 AND close position in weekly range >= 0.6784 AND weekly range % >= 14.8541,"Buy when rule fires; win if +25% within 30d, else exit at horizon. Rs5L account, direction=long.",volatility_expansion|weekly_strength,C_explosive_thin
FALCPAT_8621,BIKAJI,3,6.076,5-10%,18.227999999999998,10.523940706788498,hit_25pc_30d,other,20.158218576032816,7.722364089468664,12.435854486564152,PROMOTED,volatility (20d ATR%) >= 3.5234 AND close position in weekly range <= 0.7828 AND close position in weekly range >= 0.3476 AND weekly range % >= 12.8291,"Buy when rule fires; win if +25% within 30d, else exit at horizon. Rs5L account, direction=long.",volatility_expansion|weekly_strength|weekly_weak_close,ignore
FALCPAT_6295,ZENSARTECH,3,6.074,5-10%,18.222,10.520476605173359,hit_10pc_20d,capitulation,46.01998621640248,34.00746195228712,12.012524264115363,PROMOTED,distance from 200-DMA <= -7.8665 AND 60-day return <= -15.5387 AND 60d relative strength vs market <= -12.8744,"Buy when rule fires; win if +10% within 20d, else exit at horizon. Rs5L account, direction=long.",recent_weakness|relative_strength,ignore
FALCPAT_8851,NEWGEN,3,6.071,5-10%,18.213,10.515280452750654,hit_15pc_20d,capitulation,39.231738035264485,19.56237142322798,19.669366612036505,PROMOTED,volatility (20d ATR%) >= 2.5103 AND distance from 120-day high <= -16.1544 AND distance from year-high <= -48.0875 AND close position in weekly range <= 0.7072,"Buy when rule fires; win if +15% within 20d, else exit at horizon. Rs5L account, direction=long.",pullback_from_high|volatility_expansion|weekly_weak_close,ignore
FALCPAT_8766,JUBLPHARMA,4,6.065,5-10%,24.26,12.13,hit_10pc_20d,other,56.95732838589982,35.380587245184216,21.576741140715605,PROMOTED,volatility (20d ATR%) >= 3.6888 AND distance from 20-day high <= -19.8967 AND distance from year-high >= -45.8202 AND distance from 60-day high <= -28.1363,"Buy when rule fires; win if +10% within 20d, else exit at horizon. Rs5L account, direction=long.",pullback_from_high|volatility_expansion,ignore
FALCPAT_6646,GODREJIND,4,6.05,5-10%,24.2,12.1,hit_10pc_20d,breakout,58.87578070784178,34.00746195228712,24.868318755554657,PROMOTED,volatility (20d ATR%) >= 2.6723 AND 60-day return <= -11.5307 AND 60d relative strength vs sector >= -13.9058 AND close position in weekly range >= 0.7086,"Buy when rule fires; win if +10% within 20d, else exit at horizon. Rs5L account, direction=long.",volatility_expansion|recent_weakness|weekly_strength|relative_strength,ignore
FALCPAT_7200,HINDZINC,4,6.024,5-10%,24.096,12.048,hit_25pc_30d,breakout,29.44900014386419,9.458155042142677,19.990845101721515,PROMOTED,distance from 50-DMA <= 31.3804 AND close position in weekly range >= 0.2462 AND distance from 20-week SMA >= 21.4949 AND weekly range % >= 10.7355,"Buy when rule fires; win if +25% within 30d, else exit at horizon. Rs5L account, direction=long.",volatility_expansion|weekly_strength,ignore
FALCPAT_6512,CONCORDBIO,4,6.022,5-10%,24.088,12.044,hit_25pc_30d,capitulation,32.382851445663015,10.722915258072424,21.65993618759059,PROMOTED,volatility (20d ATR%) >= 3.3322 AND distance from 120-day high <= -42.3676 AND distance from 50-DMA <= 10.5469,"Buy when rule fires; win if +25% within 30d, else exit at horizon. Rs5L account, direction=long.",pullback_from_high|volatility_expansion,ignore
FALCPAT_7311,ZEEL,3,6.015,5-10%,18.044999999999998,10.418285607526796,hit_25pc_30d,breakout,27.409516063440424,9.458155042142677,17.95136102129775,PROMOTED,distance from year-high <= -13.7838 AND close position in weekly range >= 0.4481 AND distance from 20-week SMA >= 19.3255,"Buy when rule fires; win if +25% within 30d, else exit at horizon. Rs5L account, direction=long.",pullback_from_high|weekly_strength,ignore
FALCPAT_8501,GODFRYPHLP,3,5.957,5-10%,17.871,10.317826660687802,hit_15pc_20d,other,33.06955435235319,15.52565995111252,17.543894401240667,PROMOTED,volatility (20d ATR%) >= 3.596 AND 60d relative strength vs market <= -27.0458 AND close position in weekly range <= 0.6795,"Buy when rule fires; win if +15% within 20d, else exit at horizon. Rs5L account, direction=long.",volatility_expansion|weekly_weak_close|relative_strength,ignore
FALCPAT_9581,RVNL,7,5.939,5-10%,41.573,15.713117036412605,hit_25pc_30d,breakout,13.357400722021662,10.408532325017468,2.9488683970041936,PROMOTED,volatility (20d ATR%) <= 3.7177 AND volatility (20d ATR%) >= 2.5663 AND close position in weekly range >= 0.7898 AND weekly range % >= 11.496,"Buy when rule fires; win if +25% within 30d, else exit at horizon. Rs5L account, direction=long.",volatility_expansion|weekly_strength,C_explosive_thin
FALCPAT_7200,CONCORDBIO,4,5.936,5-10%,23.744,11.872,hit_25pc_30d,breakout,29.44900014386419,9.458155042142677,19.990845101721515,PROMOTED,distance from 50-DMA <= 31.3804 AND close position in weekly range >= 0.2462 AND distance from 20-week SMA >= 21.4949 AND weekly range % >= 10.7355,"Buy when rule fires; win if +25% within 30d, else exit at horizon. Rs5L account, direction=long.",volatility_expansion|weekly_strength,ignore
FALCPAT_8095,WOCKPHARMA,4,5.905,5-10%,23.62,11.81,,,,,,,,,other,ignore
FALCPAT_6658,JYOTICNC,3,5.9,5-10%,17.700000000000003,10.219099764656375,hit_25pc_30d,compression,20.35162493340437,10.722915258072424,9.628709675331946,PROMOTED,volatility (20d ATR%) >= 3.2273 AND days with sub-75% volume in last 7 >= 3.5 AND slope of 50-DMA <= -2.14 AND distance from 20-week SMA <= -7.067,"Buy when rule fires; win if +25% within 30d, else exit at horizon. Rs5L account, direction=long.",volatility_expansion,ignore
FALCPAT_9124,RITES,3,5.897,5-10%,17.691000000000003,10.213903612233668,hit_15pc_20d,capitulation,50.93023255813953,19.56237142322798,31.36786113491156,PROMOTED,volatility (20d ATR%) >= 3.4326 AND distance from year-high <= -21.3469 AND close position in weekly range >= 0.8244 AND distance from 20-week SMA >= 3.36,"Buy when rule fires; win if +15% within 20d, else exit at horizon. Rs5L account, direction=long.",pullback_from_high|volatility_expansion|weekly_strength,ignore
FALCPAT_6227,ITI,3,5.884,5-10%,17.652,10.191386951735273,hit_10pc_20d,breakout,41.38662893526707,34.00746195228712,7.379166982979951,PROMOTED,distance from 200-DMA <= 14.1688 AND 60d relative strength vs market >= -4.0304 AND 5-day avg volume vs 20-day >= 1.1659 AND close position in weekly range >= 0.7031,"Buy when rule fires; win if +10% within 20d, else exit at horizon. Rs5L account, direction=long.",weekly_strength|relative_strength,ignore
FALCPAT_9536,AAVAS,3,5.84,5-10%,17.52,10.115176716202242,,,,,,,,,other,ignore
FALCPAT_8766,UCOBANK,5,5.838,5-10%,29.19,13.054164852643773,hit_10pc_20d,other,56.95732838589982,35.380587245184216,21.576741140715605,PROMOTED,volatility (20d ATR%) >= 3.6888 AND distance from 20-day high <= -19.8967 AND distance from year-high >= -45.8202 AND distance from 60-day high <= -28.1363,"Buy when rule fires; win if +10% within 20d, else exit at horizon. Rs5L account, direction=long.",pullback_from_high|volatility_expansion,C_explosive_thin
FALCPAT_6393,GODFRYPHLP,3,5.817,5-10%,17.451,10.07533954762816,hit_10pc_20d,capitulation,39.89158803453122,34.00746195228712,5.8841260822441015,PROMOTED,distance from 20-day high >= -3.3536 AND distance from year-high <= -24.2757 AND 60d relative strength vs sector >= -14.3816 AND close position in weekly range >= 0.7159,"Buy when rule fires; win if +10% within 20d, else exit at horizon. Rs5L account, direction=long.",pullback_from_high|weekly_strength|relative_strength,ignore
FALCPAT_8365,IOB,4,5.816,5-10%,23.264,11.632,hit_15pc_20d,breakout,52.53012048192771,15.52565995111252,37.0044605308152,PROMOTED,60-day return <= 70.2502 AND close position in weekly range >= 0.6135 AND distance from 20-week SMA >= 36.7502 AND weekly range % >= 9.6242,"Buy when rule fires; win if +15% within 20d, else exit at horizon. Rs5L account, direction=long.",volatility_expansion|recent_weakness|weekly_strength,ignore
FALCPAT_9168,WOCKPHARMA,3,5.799,5-10%,17.397000000000002,10.04416263309192,hit_25pc_30d,breakout,14.136125654450264,10.408532325017468,3.727593329432795,PROMOTED,volatility (20d ATR%) <= 3.3868 AND volatility (20d ATR%) >= 2.5683 AND close position in weekly range >= 0.6744 AND weekly range % >= 12.7593,"Buy when rule fires; win if +25% within 30d, else exit at horizon. Rs5L account, direction=long.",volatility_expansion|weekly_strength,ignore
FALCPAT_9566,WOCKPHARMA,3,5.799,5-10%,17.397000000000002,10.04416263309192,hit_15pc_20d,breakout,29.44915254237288,19.56237142322798,9.886781119144905,PROMOTED,volatility (20d ATR%) <= 3.5761 AND volatility (20d ATR%) >= 2.5272 AND close position in weekly range >= 0.6352 AND weekly range % >= 11.922,"Buy when rule fires; win if +15% within 20d, else exit at horizon. Rs5L account, direction=long.",volatility_expansion|weekly_strength,ignore
FALCPAT_9581,WOCKPHARMA,3,5.799,5-10%,17.397000000000002,10.04416263309192,hit_25pc_30d,breakout,13.357400722021662,10.408532325017468,2.9488683970041936,PROMOTED,volatility (20d ATR%) <= 3.7177 AND volatility (20d ATR%) >= 2.5663 AND close position in weekly range >= 0.7898 AND weekly range % >= 11.496,"Buy when rule fires; win if +25% within 30d, else exit at horizon. Rs5L account, direction=long.",volatility_expansion|weekly_strength,ignore
FALCPAT_9582,CRAFTSMAN,6,5.793,5-10%,34.758,14.18989407994295,hit_25pc_30d,capitulation,18.62244897959184,10.408532325017468,8.21391665457437,PROMOTED,volatility (20d ATR%) <= 4.0743 AND volatility (20d ATR%) >= 3.7177 AND distance from year-high <= -32.3954 AND slope of 20-DMA >= -4.6017,"Buy when rule fires; win if +25% within 30d, else exit at horizon. Rs5L account, direction=long.",pullback_from_high|volatility_expansion,C_explosive_thin
FALCPAT_7833,BLS,3,5.788,5-10%,17.364,10.025110074208662,hit_25pc_30d,other,32.417582417582416,7.722364089468664,24.69521832811376,PROMOTED,volatility (20d ATR%) <= 6.6596 AND volatility (20d ATR%) >= 4.5381 AND close position in weekly range >= 0.1837 AND weekly range % >= 19.9051,"Buy when rule fires; win if +25% within 30d, else exit at horizon. Rs5L account, direction=long.",volatility_expansion|weekly_strength,ignore
FALCPAT_7881,BLS,3,5.788,5-10%,17.364,10.025110074208662,hit_40pc_40d,other,8.658008658008658,2.9651372889629943,5.692871369045663,PROMOTED,volatility (20d ATR%) >= 4.5087 AND short-term vol vs longer-term >= 1.451 AND distance from year-high >= -34.5273 AND weekly range % >= 19.6924,"Buy when rule fires; win if +40% within 40d, else exit at horizon. Rs5L account, direction=long.",volatility_expansion,ignore
FALCPAT_7820,POONAWALLA,6,5.783,5-10%,34.698,14.165399182515118,hit_40pc_40d,mean_reversion,8.067484662576687,2.9651372889629943,5.102347373613693,PROMOTED,RSI(14) <= 36.9408 AND distance from 20-week SMA <= 2.045 AND weekly range % >= 13.229,"Buy when rule fires; win if +40% within 40d, else exit at horizon. Rs5L account, direction=long.",oversold|volatility_expansion,C_explosive_thin
FALCPAT_7755,POWERINDIA,3,5.764,5-10%,17.292,9.983540854827009,hit_10pc_20d,capitulation,50.17460317460317,30.24927834188964,19.92532483271353,PROMOTED,volatility (20d ATR%) >= 4.2157 AND distance from 200-DMA <= -12.9927 AND close position in weekly range <= 0.4818,"Buy when rule fires; win if +10% within 20d, else exit at horizon. Rs5L account, direction=long.",volatility_expansion|weekly_weak_close,ignore
FALCPAT_8397,PPLPHARMA,6,5.757,5-10%,34.542,14.101712449202754,hit_40pc_40d,other,8.104845663045353,2.9651372889629943,5.139708374082358,PROMOTED,distance from 20-day high <= -17.3947 AND distance from year-high <= -10.8368 AND distance from 200-DMA <= 30.4299 AND close position in weekly range >= 0.1992,"Buy when rule fires; win if +40% within 40d, else exit at horizon. Rs5L account, direction=long.",pullback_from_high|weekly_strength,C_explosive_thin
FALCPAT_8545,NCC,5,5.735,5-10%,28.675,12.823849850961295,,,,,,,,,other,C_explosive_thin
FALCPAT_8595,CAPLIPOINT,4,5.724,5-10%,22.896,11.448,hit_15pc_20d,breakout,45.09493670886077,19.56237142322798,25.53256528563278,PROMOTED,volatility (20d ATR%) <= 4.4669 AND volatility (20d ATR%) >= 4.1346 AND close position in weekly range >= 0.8334,"Buy when rule fires; win if +15% within 20d, else exit at horizon. Rs5L account, direction=long.",volatility_expansion|weekly_strength,ignore
FALCPAT_8525,TRIDENT,3,5.719,5-10%,17.157,9.90559856848641,,,,,,,,,other,ignore
FALCPAT_7602,GODFRYPHLP,6,5.716,5-10%,34.296,14.001283369748645,hit_15pc_20d,breakout,56.90890481064484,15.52565995111252,41.38324485953231,PROMOTED,5-day return <= 11.7516 AND close position in weekly range >= 0.5365 AND weekly range % >= 14.9824,"Buy when rule fires; win if +15% within 20d, else exit at horizon. Rs5L account, direction=long.",volatility_expansion|recent_weakness|weekly_strength,C_explosive_thin
FALCPAT_6458,VIJAYA,12,5.696,5-10%,68.352,19.73152279982465,hit_40pc_40d,other,9.468072067655353,5.215431258203689,4.252640809451661,PROMOTED,distance from 60-day high <= -27.1734,"Buy when rule fires; win if +40% within 40d, else exit at horizon. Rs5L account, direction=long.",pullback_from_high,A_high_edge
FALCPAT_6330,POONAWALLA,4,5.681,5-10%,22.724,11.362,hit_10pc_20d,capitulation,56.53226655437415,34.00746195228712,22.524804602087027,PROMOTED,distance from 200-DMA <= -25.2005,"Buy when rule fires; win if +10% within 20d, else exit at horizon. Rs5L account, direction=long.",other,ignore
FALCPAT_7351,NIACL,5,5.668,5-10%,28.34,12.674033296468808,hit_10pc_20d,breakout,38.83154624711895,32.698883353500555,6.13266289361839,PROMOTED,volatility (20d ATR%) <= 3.8847 AND 60d relative strength vs sector >= 8.5416 AND distance from 20-week SMA >= 18.883,"Buy when rule fires; win if +10% within 20d, else exit at horizon. Rs5L account, direction=long.",volatility_expansion|relative_strength,C_explosive_thin
FALCPAT_9508,NUVAMA,3,5.664,5-10%,16.991999999999997,9.81033577407012,hit_10pc_20d,capitulation,44.081172491544535,35.380587245184216,8.70058524636032,PROMOTED,distance from 120-day high <= -24.3888 AND distance from 20-DMA <= -1.047 AND 60-day return >= -18.2025 AND distance from 20-week SMA >= -10.8665,"Buy when rule fires; win if +10% within 20d, else exit at horizon. Rs5L account, direction=long.",pullback_from_high,ignore
FALCPAT_7820,BLS,4,5.662,5-10%,22.648,11.324,hit_40pc_40d,mean_reversion,8.067484662576687,2.9651372889629943,5.102347373613693,PROMOTED,RSI(14) <= 36.9408 AND distance from 20-week SMA <= 2.045 AND weekly range % >= 13.229,"Buy when rule fires; win if +40% within 40d, else exit at horizon. Rs5L account, direction=long.",oversold|volatility_expansion,ignore
FALCPAT_9529,GODREJIND,6,5.642,5-10%,33.852000000000004,13.82002112878269,hit_25pc_30d,capitulation,29.710920770877948,10.408532325017468,19.30238844586048,PROMOTED,volatility (20d ATR%) >= 3.347 AND distance from 120-day high <= -28.3924 AND lower wick <= 0.2522 AND 20d relative strength vs market >= -10.0472,"Buy when rule fires; win if +25% within 30d, else exit at horizon. Rs5L account, direction=long.",pullback_from_high|volatility_expansion|relative_strength,C_explosive_thin
FALCPAT_8882,RAILTEL,4,5.635,5-10%,22.54,11.27,hit_10pc_20d,breakout,42.05438066465257,35.380587245184216,6.673793419468355,PROMOTED,distance from 120-day high >= -21.2998 AND close position in weekly range >= 0.9393,"Buy when rule fires; win if +10% within 20d, else exit at horizon. Rs5L account, direction=long.",weekly_strength,ignore
FALCPAT_7832,OLECTRA,3,5.608,5-10%,16.823999999999998,9.713340928846263,hit_25pc_30d,mean_reversion,10.501193317422434,7.722364089468664,2.7788292279537705,PROMOTED,volatility (20d ATR%) >= 4.5381 AND close position in weekly range <= 0.1837 AND weekly range % >= 19.9051,"Buy when rule fires; win if +25% within 30d, else exit at horizon. Rs5L account, direction=long.",volatility_expansion|weekly_weak_close,ignore
FALCPAT_7764,CHOLAHLDNG,3,5.604,5-10%,16.812,9.706412725615987,hit_15pc_20d,other,43.37478559176672,15.52565995111252,27.849125640654204,PROMOTED,volatility (20d ATR%) >= 3.4791 AND close position in weekly range >= 0.2163 AND distance from 20-week SMA <= 11.1709 AND weekly range % >= 13.6861,"Buy when rule fires; win if +15% within 20d, else exit at horizon. Rs5L account, direction=long.",volatility_expansion|weekly_strength,ignore
FALCPAT_9221,ELGIEQUIP,3,5.6,5-10%,16.799999999999997,9.699484522385712,hit_25pc_30d,other,33.80952380952381,10.408532325017468,23.400991484506346,PROMOTED,volatility (20d ATR%) >= 4.4887 AND daily range % >= 5.6888 AND 20d relative strength vs sector <= -11.6776,"Buy when rule fires; win if +25% within 30d, else exit at horizon. Rs5L account, direction=long.",volatility_expansion|relative_strength,ignore
FALCPAT_9210,TRITURBINE,6,5.564,5-10%,33.384,13.628960928845602,hit_10pc_20d,other,66.83006535947712,35.380587245184216,31.449478114292905,PROMOTED,volatility (20d ATR%) >= 3.2014 AND 60d relative strength vs market <= -9.7985 AND slope of 20-DMA <= -5.1315 AND close position in weekly range >= 0.1404,"Buy when rule fires; win if +10% within 20d, else exit at horizon. Rs5L account, direction=long.",volatility_expansion|weekly_strength|relative_strength,C_explosive_thin
FALCPAT_7202,NUVAMA,4,5.561,5-10%,22.244,11.122,hit_25pc_30d,capitulation,16.12467787458584,9.458155042142677,6.666522832443163,PROMOTED,distance from 200-DMA <= -15.2073 AND slope of 50-DMA <= -0.6199,"Buy when rule fires; win if +25% within 30d, else exit at horizon. Rs5L account, direction=long.",other,ignore
FALCPAT_7745,MAZDOCK,3,5.555,5-10%,16.665,9.621542236045112,,,,,,,,,other,ignore
FALCPAT_8348,ACE,4,5.548,5-10%,22.192,11.096,hit_25pc_30d,other,11.20234604105572,7.722364089468664,3.479981951587055,PROMOTED,distance from 50-DMA <= 7.1184 AND RSI(14) >= 41.0395 AND close position in weekly range <= 0.6784 AND weekly range % >= 14.8541,"Buy when rule fires; win if +25% within 30d, else exit at horizon. Rs5L account, direction=long.",oversold|volatility_expansion|weekly_weak_close,ignore
FALCPAT_7780,360ONE,4,5.509,5-10%,22.036,11.018,hit_10pc_20d,mean_reversion,55.34799638445315,30.24927834188964,25.098718042563505,PROMOTED,days with sub-2.5% range in last 7 <= 0.5 AND 5-day return <= -6.6651 AND distance from 20-week SMA <= 3.0555,"Buy when rule fires; win if +10% within 20d, else exit at horizon. Rs5L account, direction=long.",compression|recent_weakness,ignore
FALCPAT_9540,TTML,5,5.505,5-10%,27.525,12.309554216136343,hit_10pc_20d,breakout,41.03559870550162,35.380587245184216,5.6550114603174055,PROMOTED,volatility (20d ATR%) <= 3.3204 AND close position in weekly range >= 0.582 AND weekly range % >= 8.5722,"Buy when rule fires; win if +10% within 20d, else exit at horizon. Rs5L account, direction=long.",volatility_expansion|weekly_strength,C_explosive_thin
FALCPAT_9109,AEGISLOG,5,5.493,5-10%,27.465000000000003,12.282721400406347,hit_10pc_20d,capitulation,63.58071920428462,35.380587245184216,28.200131959100403,PROMOTED,volatility (20d ATR%) >= 3.307 AND 60-day return <= -17.1495 AND 20d relative strength vs market >= -11.4042 AND close position in weekly range <= 0.7784,"Buy when rule fires; win if +10% within 20d, else exit at horizon. Rs5L account, direction=long.",volatility_expansion|recent_weakness|weekly_weak_close|relative_strength,C_explosive_thin
FALCPAT_6475,POWERINDIA,3,5.488,5-10%,16.464000000000002,9.505494831937998,hit_15pc_20d,capitulation,32.06166303332295,18.31582194494749,13.74584108837546,PROMOTED,volatility (20d ATR%) >= 2.7816 AND distance from year-high <= -36.4983 AND distance from year-high >= -43.9096 AND weekly range % >= 9.1288,"Buy when rule fires; win if +15% within 20d, else exit at horizon. Rs5L account, direction=long.",pullback_from_high|volatility_expansion,ignore
FALCPAT_7202,POWERINDIA,3,5.488,5-10%,16.464000000000002,9.505494831937998,hit_25pc_30d,capitulation,16.12467787458584,9.458155042142677,6.666522832443163,PROMOTED,distance from 200-DMA <= -15.2073 AND slope of 50-DMA <= -0.6199,"Buy when rule fires; win if +25% within 30d, else exit at horizon. Rs5L account, direction=long.",other,ignore
FALCPAT_6657,TATAINVEST,3,5.471,5-10%,16.413,9.476049968209328,hit_25pc_30d,other,22.45941454684904,10.722915258072424,11.736499288776612,PROMOTED,volatility (20d ATR%) >= 3.2273 AND days with sub-75% volume in last 7 <= 3.5 AND slope of 50-DMA <= -2.14 AND distance from 20-week SMA <= -7.067,"Buy when rule fires; win if +25% within 30d, else exit at horizon. Rs5L account, direction=long.",volatility_expansion,ignore
FALCPAT_9450,GPIL,3,5.442,5-10%,16.326,9.42582049478983,hit_40pc_40d,capitulation,10.331125827814567,4.088422971741112,6.242702856073457,PROMOTED,distance from 120-day high <= -27.921 AND days with sub-2.5% range in last 7 <= 2.5 AND 60d relative strength vs sector <= -9.045 AND distance from 20-week SMA >= -24.3698,"Buy when rule fires; win if +40% within 40d, else exit at horizon. Rs5L account, direction=long.",pullback_from_high|compression|relative_strength,ignore
FALCPAT_9541,NUVAMA,6,5.44,5-10%,32.64,13.325224200740488,hit_10pc_20d,capitulation,57.070422535211264,35.380587245184216,21.689835290027048,PROMOTED,volatility (20d ATR%) >= 3.3204 AND distance from 120-day high <= -25.8628 AND 60-day return <= -24.9121 AND close position in weekly range <= 0.6786,"Buy when rule fires; win if +10% within 20d, else exit at horizon. Rs5L account, direction=long.",pullback_from_high|volatility_expansion|recent_weakness|weekly_weak_close,C_explosive_thin
FALCPAT_8347,IRFC,4,5.438,5-10%,21.752,10.876,hit_25pc_30d,mean_reversion,12.325581395348838,7.722364089468664,4.6032173058801735,PROMOTED,distance from 50-DMA <= 7.1184 AND RSI(14) <= 41.0395 AND close position in weekly range <= 0.6784 AND weekly range % >= 14.8541,"Buy when rule fires; win if +25% within 30d, else exit at horizon. Rs5L account, direction=long.",oversold|volatility_expansion|weekly_weak_close,ignore
FALCPAT_9318,MOTILALOFS,3,5.432,5-10%,16.296,9.408499986714142,hit_25pc_30d,capitulation,27.692307692307693,10.408532325017468,17.28377536729023,PROMOTED,distance from year-high <= -27.2313 AND distance from 60-day high <= -12.4475 AND slope of 50-DMA >= -0.5788 AND weekly range % >= 9.5581,"Buy when rule fires; win if +25% within 30d, else exit at horizon. Rs5L account, direction=long.",pullback_from_high|volatility_expansion,ignore
FALCPAT_8545,ACE,3,5.424,5-10%,16.272000000000002,9.394643580253591,,,,,,,,,other,ignore
FALCPAT_7983,RITES,5,5.417,5-10%,27.085,12.11278023411636,hit_40pc_40d,breakout,9.539121114683816,2.9651372889629943,6.573983825720821,PROMOTED,volatility (20d ATR%) >= 3.1489 AND days with sub-2.5% range in last 7 <= 1.5 AND 60d relative strength vs sector >= -0.9754 AND close position in weekly range >= 0.9074,"Buy when rule fires; win if +40% within 40d, else exit at horizon. Rs5L account, direction=long.",volatility_expansion|compression|weekly_strength|relative_strength,C_explosive_thin
FALCPAT_8780,BEML,4,5.406,5-10%,21.624,10.812,hit_15pc_20d,capitulation,35.860409145607704,19.56237142322798,16.298037722379725,PROMOTED,volatility (20d ATR%) >= 3.6112 AND distance from year-high <= -44.7637 AND distance from 50-DMA >= -3.7816 AND 60-day return <= 46.2598,"Buy when rule fires; win if +15% within 20d, else exit at horizon. Rs5L account, direction=long.",pullback_from_high|volatility_expansion|recent_weakness,ignore
FALCPAT_7021,PPLPHARMA,8,5.402,5-10%,43.216,15.279163327878921,hit_25pc_30d,other,17.9623213512343,9.458155042142677,8.504166309091625,PROMOTED,20-day return <= -15.735 AND slope of 20-DMA <= -1.8906,"Buy when rule fires; win if +25% within 30d, else exit at horizon. Rs5L account, direction=long.",recent_weakness,C_explosive_thin
FALCPAT_6251,VIJAYA,7,5.399,5-10%,37.793,14.284411328437725,hit_25pc_30d,mean_reversion,19.98049818278521,10.722915258072424,9.25758292471279,PROMOTED,volatility (20d ATR%) >= 2.2352 AND distance from 50-DMA <= -12.9875 AND 60-day return <= -3.7201 AND 60d relative strength vs sector <= -4.494,"Buy when rule fires; win if +25% within 30d, else exit at horizon. Rs5L account, direction=long.",volatility_expansion|recent_weakness|relative_strength,C_explosive_thin
FALCPAT_8766,CGPOWER,3,5.394,5-10%,16.182000000000002,9.342682056026524,hit_10pc_20d,other,56.95732838589982,35.380587245184216,21.576741140715605,PROMOTED,volatility (20d ATR%) >= 3.6888 AND distance from 20-day high <= -19.8967 AND distance from year-high >= -45.8202 AND distance from 60-day high <= -28.1363,"Buy when rule fires; win if +10% within 20d, else exit at horizon. Rs5L account, direction=long.",pullback_from_high|volatility_expansion,ignore
FALCPAT_8326,MRPL,5,5.378,5-10%,26.89,12.02557358299387,hit_10pc_20d,breakout,69.0909090909091,30.24927834188964,38.84163074901945,PROMOTED,60-day return >= 69.6886 AND close position in weekly range >= 0.7007 AND distance from 20-week SMA >= 39.2838 AND weekly range % >= 5.1372,"Buy when rule fires; win if +10% within 20d, else exit at horizon. Rs5L account, direction=long.",volatility_expansion|weekly_strength,C_explosive_thin
FALCPAT_6223,NUVAMA,5,5.377,5-10%,26.884999999999998,12.023337515016369,hit_10pc_20d,other,39.944547134935306,34.00746195228712,5.937085182648189,PROMOTED,distance from year-high <= -6.0163 AND distance from 60-day high <= -19.43 AND 60d relative strength vs sector <= -14.1806 AND close position in weekly range <= 0.7031,"Buy when rule fires; win if +10% within 20d, else exit at horizon. Rs5L account, direction=long.",pullback_from_high|weekly_weak_close|relative_strength,C_explosive_thin
FALCPAT_8348,NLCINDIA,5,5.373,5-10%,26.865000000000002,12.01439324310637,hit_25pc_30d,other,11.20234604105572,7.722364089468664,3.479981951587055,PROMOTED,distance from 50-DMA <= 7.1184 AND RSI(14) >= 41.0395 AND close position in weekly range <= 0.6784 AND weekly range % >= 14.8541,"Buy when rule fires; win if +25% within 30d, else exit at horizon. Rs5L account, direction=long.",oversold|volatility_expansion|weekly_weak_close,C_explosive_thin
FALCPAT_9581,NIACL,4,5.37,5-10%,21.48,10.74,hit_25pc_30d,breakout,13.357400722021662,10.408532325017468,2.9488683970041936,PROMOTED,volatility (20d ATR%) <= 3.7177 AND volatility (20d ATR%) >= 2.5663 AND close position in weekly range >= 0.7898 AND weekly range % >= 11.496,"Buy when rule fires; win if +25% within 30d, else exit at horizon. Rs5L account, direction=long.",volatility_expansion|weekly_strength,ignore
FALCPAT_8545,FORCEMOT,4,5.356,5-10%,21.424,10.712,,,,,,,,,other,ignore
FALCPAT_7602,BIKAJI,3,5.354,5-10%,16.062,9.273400023723768,hit_15pc_20d,breakout,56.90890481064484,15.52565995111252,41.38324485953231,PROMOTED,5-day return <= 11.7516 AND close position in weekly range >= 0.5365 AND weekly range % >= 14.9824,"Buy when rule fires; win if +15% within 20d, else exit at horizon. Rs5L account, direction=long.",volatility_expansion|recent_weakness|weekly_strength,ignore
FALCPAT_8450,ERIS,4,5.34,5-10%,21.36,10.68,hit_10pc_20d,momentum,48.41922910350801,30.24927834188964,18.16995076161837,PROMOTED,5-day return >= 10.4381 AND close position in weekly range >= 0.1574 AND weekly range % >= 12.8017,"Buy when rule fires; win if +10% within 20d, else exit at horizon. Rs5L account, direction=long.",volatility_expansion|weekly_strength,ignore
FALCPAT_7688,NATCOPHARM,3,5.34,5-10%,16.02,9.249151312417803,hit_10pc_20d,breakout,49.07120743034056,32.698883353500555,16.372324076840002,PROMOTED,volatility (20d ATR%) <= 2.5871 AND volatility (20d ATR%) >= 2.0732 AND close position in weekly range >= 0.6393 AND weekly range % >= 9.154,"Buy when rule fires; win if +10% within 20d, else exit at horizon. Rs5L account, direction=long.",volatility_expansion|weekly_strength,ignore
FALCPAT_9583,ATUL,3,5.338,5-10%,16.014,9.245687210802666,hit_25pc_30d,capitulation,24.15522703273496,10.408532325017468,13.746694707717484,PROMOTED,volatility (20d ATR%) >= 4.0743 AND distance from year-high <= -32.3954 AND close position in weekly range <= 0.7707,"Buy when rule fires; win if +25% within 30d, else exit at horizon. Rs5L account, direction=long.",pullback_from_high|volatility_expansion|weekly_weak_close,ignore
FALCPAT_7631,GODREJIND,7,5.333,5-10%,37.331,14.109791741907463,hit_25pc_30d,other,19.38718140929535,7.722364089468664,11.664817319826687,PROMOTED,distance from 200-DMA <= 7.1232 AND close position in weekly range >= 0.4448 AND distance from 20-week SMA <= 9.6939 AND weekly range % >= 9.9626,"Buy when rule fires; win if +25% within 30d, else exit at horizon. Rs5L account, direction=long.",volatility_expansion|weekly_strength,C_explosive_thin
FALCPAT_9112,SWANCORP,3,5.322,5-10%,15.966000000000001,9.217974397881564,hit_10pc_20d,breakout,66.44859813084112,35.380587245184216,31.068010885656903,PROMOTED,volatility (20d ATR%) >= 3.307 AND distance from 200-DMA <= -0.9248 AND close position in weekly range >= 0.7784 AND distance from 20-week SMA >= -1.7511,"Buy when rule fires; win if +10% within 20d, else exit at horizon. Rs5L account, direction=long.",volatility_expansion|weekly_strength,ignore
FALCPAT_8448,ADANIPORTS,5,5.318,5-10%,26.589999999999996,11.891409504343882,hit_10pc_20d,other,61.395802830649096,30.24927834188964,31.146524488759454,PROMOTED,days with sub-3% range in last 7 <= 1.5 AND 5-day return <= 10.4381 AND close position in weekly range >= 0.1574 AND weekly range % >= 12.8017,"Buy when rule fires; win if +10% within 20d, else exit at horizon. Rs5L account, direction=long.",volatility_expansion|compression|recent_weakness|weekly_strength,C_explosive_thin
FALCPAT_9244,CRAFTSMAN,9,5.297,5-10%,47.672999999999995,15.890999999999998,hit_15pc_20d,capitulation,34.857723577235774,19.56237142322798,15.295352154007794,PROMOTED,volatility (20d ATR%) >= 3.6482 AND distance from year-high <= -30.6306 AND 60d relative strength vs sector >= -3.3673 AND distance from 20-week SMA <= -2.4895,"Buy when rule fires; win if +15% within 20d, else exit at horizon. Rs5L account, direction=long.",pullback_from_high|volatility_expansion|relative_strength,C_explosive_thin
FALCPAT_6566,WOCKPHARMA,5,5.294,5-10%,26.47,11.837743872883886,hit_15pc_20d,other,23.08738832706,18.31582194494749,4.771566382112505,PROMOTED,distance from 120-day high <= -7.4944 AND distance from 200-DMA <= 8.9192 AND RSI(14) >= 42.6073 AND distance from 20-week SMA >= 2.6106,"Buy when rule fires; win if +15% within 20d, else exit at horizon. Rs5L account, direction=long.",oversold|pullback_from_high,C_explosive_thin
FALCPAT_7962,GODREJIND,4,5.279,5-10%,21.116,10.558,hit_10pc_20d,breakout,42.96264118158123,30.24927834188964,12.713362839691596,PROMOTED,close position in weekly range >= 0.9553 AND weekly range % <= 11.7775,"Buy when rule fires; win if +10% within 20d, else exit at horizon. Rs5L account, direction=long.",compression|weekly_strength,ignore
FALCPAT_9244,GICRE,4,5.278,5-10%,21.112,10.556,hit_15pc_20d,capitulation,34.857723577235774,19.56237142322798,15.295352154007794,PROMOTED,volatility (20d ATR%) >= 3.6482 AND distance from year-high <= -30.6306 AND 60d relative strength vs sector >= -3.3673 AND distance from 20-week SMA <= -2.4895,"Buy when rule fires; win if +15% within 20d, else exit at horizon. Rs5L account, direction=long.",pullback_from_high|volatility_expansion|relative_strength,ignore
FALCPAT_7958,FORTIS,3,5.265,5-10%,15.794999999999998,9.119247501850138,hit_10pc_20d,other,41.48367952522255,30.24927834188964,11.23440118333291,PROMOTED,days with sub-75% volume in last 20 <= 9.5 AND slope of 20-DMA <= -2.7023 AND close position in weekly range <= 0.6229,"Buy when rule fires; win if +10% within 20d, else exit at horizon. Rs5L account, direction=long.",weekly_weak_close,ignore
FALCPAT_7832,IRCON,4,5.255,5-10%,21.02,10.51,hit_25pc_30d,mean_reversion,10.501193317422434,7.722364089468664,2.7788292279537705,PROMOTED,volatility (20d ATR%) >= 4.5381 AND close position in weekly range <= 0.1837 AND weekly range % >= 19.9051,"Buy when rule fires; win if +25% within 30d, else exit at horizon. Rs5L account, direction=long.",volatility_expansion|weekly_weak_close,ignore
FALCPAT_7807,CONCORDBIO,5,5.237,5-10%,26.185000000000002,11.7102879981664,hit_25pc_30d,breakout,14.818652849740932,7.722364089468664,7.096288760272268,PROMOTED,60-day return <= 60.2461 AND 20-week breakout flag >= 0.5 AND distance from 20-week SMA >= 21.4514,"Buy when rule fires; win if +25% within 30d, else exit at horizon. Rs5L account, direction=long.",recent_weakness,C_explosive_thin
FALCPAT_7630,JSWDULUX,3,5.221,5-10%,15.663,9.043037266317109,hit_25pc_30d,other,17.391304347826086,7.722364089468664,9.668940258357422,PROMOTED,volatility (20d ATR%) >= 4.8744 AND distance from 200-DMA >= 23.9935 AND close position in weekly range >= 0.4448 AND weekly range % <= 9.9626,"Buy when rule fires; win if +25% within 30d, else exit at horizon. Rs5L account, direction=long.",volatility_expansion|compression|weekly_strength,ignore
FALCPAT_7755,NAVA,4,5.218,5-10%,20.872,10.436,hit_10pc_20d,capitulation,50.17460317460317,30.24927834188964,19.92532483271353,PROMOTED,volatility (20d ATR%) >= 4.2157 AND distance from 200-DMA <= -12.9927 AND close position in weekly range <= 0.4818,"Buy when rule fires; win if +10% within 20d, else exit at horizon. Rs5L account, direction=long.",volatility_expansion|weekly_weak_close,ignore
FALCPAT_9170,POONAWALLA,5,5.215,5-10%,26.075,11.661094502661404,hit_25pc_30d,capitulation,27.5036496350365,10.408532325017468,17.09511731001903,PROMOTED,volatility (20d ATR%) >= 3.3868 AND distance from 120-day high <= -32.2658 AND distance from year-high <= -26.8517 AND 60d relative strength vs sector >= -32.2112,"Buy when rule fires; win if +25% within 30d, else exit at horizon. Rs5L account, direction=long.",pullback_from_high|volatility_expansion|relative_strength,C_explosive_thin
FALCPAT_7832,LODHA,4,5.195,5-10%,20.78,10.39,hit_25pc_30d,mean_reversion,10.501193317422434,7.722364089468664,2.7788292279537705,PROMOTED,volatility (20d ATR%) >= 4.5381 AND close position in weekly range <= 0.1837 AND weekly range % >= 19.9051,"Buy when rule fires; win if +25% within 30d, else exit at horizon. Rs5L account, direction=long.",volatility_expansion|weekly_weak_close,ignore
FALCPAT_8348,GABRIEL,3,5.186,5-10%,15.558,8.982415488052197,hit_25pc_30d,other,11.20234604105572,7.722364089468664,3.479981951587055,PROMOTED,distance from 50-DMA <= 7.1184 AND RSI(14) >= 41.0395 AND close position in weekly range <= 0.6784 AND weekly range % >= 14.8541,"Buy when rule fires; win if +25% within 30d, else exit at horizon. Rs5L account, direction=long.",oversold|volatility_expansion|weekly_weak_close,ignore
FALCPAT_6295,CAPLIPOINT,4,5.183,5-10%,20.732,10.366,hit_10pc_20d,capitulation,46.01998621640248,34.00746195228712,12.012524264115363,PROMOTED,distance from 200-DMA <= -7.8665 AND 60-day return <= -15.5387 AND 60d relative strength vs market <= -12.8744,"Buy when rule fires; win if +10% within 20d, else exit at horizon. Rs5L account, direction=long.",recent_weakness|relative_strength,ignore
FALCPAT_8780,TECHNOE,4,5.183,5-10%,20.732,10.366,hit_15pc_20d,capitulation,35.860409145607704,19.56237142322798,16.298037722379725,PROMOTED,volatility (20d ATR%) >= 3.6112 AND distance from year-high <= -44.7637 AND distance from 50-DMA >= -3.7816 AND 60-day return <= 46.2598,"Buy when rule fires; win if +15% within 20d, else exit at horizon. Rs5L account, direction=long.",pullback_from_high|volatility_expansion|recent_weakness,ignore
FALCPAT_9426,VIJAYA,18,5.18,5-10%,93.24,21.976878759277895,hit_15pc_20d,mean_reversion,43.16877152698048,19.56237142322798,23.606400103752502,PROMOTED,volatility (20d ATR%) >= 5.1256 AND distance from 20-DMA <= -5.7799 AND distance from 200-DMA <= 1.1002,"Buy when rule fires; win if +15% within 20d, else exit at horizon. Rs5L account, direction=long.",volatility_expansion,A_high_edge
FALCPAT_7759,IIFL,3,5.178,5-10%,15.533999999999999,8.968559081591646,hit_10pc_20d,breakout,73.90243902439025,30.24927834188964,43.653160682500605,PROMOTED,distance from 20-DMA <= 9.1181 AND close position in weekly range >= 0.4818 AND weekly range % >= 16.4858,"Buy when rule fires; win if +10% within 20d, else exit at horizon. Rs5L account, direction=long.",volatility_expansion|weekly_strength,ignore
FALCPAT_8545,YESBANK,3,5.178,5-10%,15.533999999999999,8.968559081591646,,,,,,,,,other,ignore
FALCPAT_7881,CHAMBLFERT,3,5.172,5-10%,15.515999999999998,8.958166776746232,hit_40pc_40d,other,8.658008658008658,2.9651372889629943,5.692871369045663,PROMOTED,volatility (20d ATR%) >= 4.5087 AND short-term vol vs longer-term >= 1.451 AND distance from year-high >= -34.5273 AND weekly range % >= 19.6924,"Buy when rule fires; win if +40% within 40d, else exit at horizon. Rs5L account, direction=long.",volatility_expansion,ignore
FALCPAT_9582,BIKAJI,3,5.168,5-10%,15.504000000000001,8.951238573515958,hit_25pc_30d,capitulation,18.62244897959184,10.408532325017468,8.21391665457437,PROMOTED,volatility (20d ATR%) <= 4.0743 AND volatility (20d ATR%) >= 3.7177 AND distance from year-high <= -32.3954 AND slope of 20-DMA >= -4.6017,"Buy when rule fires; win if +25% within 30d, else exit at horizon. Rs5L account, direction=long.",pullback_from_high|volatility_expansion,ignore
FALCPAT_9210,LODHA,5,5.156,5-10%,25.779999999999998,11.529166491988915,hit_10pc_20d,other,66.83006535947712,35.380587245184216,31.449478114292905,PROMOTED,volatility (20d ATR%) >= 3.2014 AND 60d relative strength vs market <= -9.7985 AND slope of 20-DMA <= -5.1315 AND close position in weekly range >= 0.1404,"Buy when rule fires; win if +10% within 20d, else exit at horizon. Rs5L account, direction=long.",volatility_expansion|weekly_strength|relative_strength,C_explosive_thin
FALCPAT_7321,MMTC,5,5.15,5-10%,25.75,11.515750084123919,hit_10pc_20d,breakout,49.42669942669943,32.698883353500555,16.72781607319887,PROMOTED,distance from year-high >= -43.4753 AND distance from 200-DMA <= 24.1184 AND 60d relative strength vs market <= 7.9488 AND distance from 20-week SMA >= 12.3864,"Buy when rule fires; win if +10% within 20d, else exit at horizon. Rs5L account, direction=long.",relative_strength,C_explosive_thin
FALCPAT_7631,WOCKPHARMA,3,5.143,5-10%,15.428999999999998,8.907937303326735,hit_25pc_30d,other,19.38718140929535,7.722364089468664,11.664817319826687,PROMOTED,distance from 200-DMA <= 7.1232 AND close position in weekly range >= 0.4448 AND distance from 20-week SMA <= 9.6939 AND weekly range % >= 9.9626,"Buy when rule fires; win if +25% within 30d, else exit at horizon. Rs5L account, direction=long.",volatility_expansion|weekly_strength,ignore
FALCPAT_8622,IOB,8,5.138,5-10%,41.104,14.532458566945925,hit_25pc_30d,breakout,30.8537616229924,7.722364089468664,23.131397533523728,PROMOTED,volatility (20d ATR%) >= 3.5234 AND close position in weekly range >= 0.7828 AND weekly range % >= 12.8291,"Buy when rule fires; win if +25% within 30d, else exit at horizon. Rs5L account, direction=long.",volatility_expansion|weekly_strength,C_explosive_thin
FALCPAT_8501,FINCABLES,3,5.134,5-10%,15.402000000000001,8.892348846058615,hit_15pc_20d,other,33.06955435235319,15.52565995111252,17.543894401240667,PROMOTED,volatility (20d ATR%) >= 3.596 AND 60d relative strength vs market <= -27.0458 AND close position in weekly range <= 0.6795,"Buy when rule fires; win if +15% within 20d, else exit at horizon. Rs5L account, direction=long.",volatility_expansion|weekly_weak_close|relative_strength,ignore
FALCPAT_8619,SUZLON,6,5.133,5-10%,30.798000000000002,12.573230849706052,hit_25pc_30d,mean_reversion,12.61845386533666,7.722364089468664,4.896089775867996,PROMOTED,volatility (20d ATR%) >= 3.5234 AND 5-day return <= -6.8433 AND close position in weekly range <= 0.3476 AND weekly range % >= 12.8291,"Buy when rule fires; win if +25% within 30d, else exit at horizon. Rs5L account, direction=long.",volatility_expansion|recent_weakness|weekly_weak_close,C_explosive_thin
FALCPAT_6804,WOCKPHARMA,4,5.126,5-10%,20.504,10.252,hit_15pc_20d,breakout,26.35539592953652,17.450644806122114,8.904751123414398,PROMOTED,volatility (20d ATR%) <= 3.2466 AND close position in weekly range >= 0.4991 AND weekly range % >= 9.7296,"Buy when rule fires; win if +15% within 20d, else exit at horizon. Rs5L account, direction=long.",volatility_expansion|weekly_strength,ignore
FALCPAT_8970,IOB,10,5.123,5-10%,51.230000000000004,16.200348453042608,,,,,,,,,other,A_high_edge
FALCPAT_8065,J&KBANK,3,5.12,5-10%,15.36,8.868100134752652,hit_10pc_20d,capitulation,41.82509505703423,30.24927834188964,11.575816715144583,PROMOTED,distance from 20-day high <= -16.1936 AND RSI(14) <= 30.4449 AND close position in weekly range <= 0.4857 AND weekly range % >= 7.862,"Buy when rule fires; win if +10% within 20d, else exit at horizon. Rs5L account, direction=long.",oversold|pullback_from_high|volatility_expansion|weekly_weak_close,ignore
FALCPAT_8766,RVNL,9,5.113,5-10%,46.017,15.339000000000002,hit_10pc_20d,other,56.95732838589982,35.380587245184216,21.576741140715605,PROMOTED,volatility (20d ATR%) >= 3.6888 AND distance from 20-day high <= -19.8967 AND distance from year-high >= -45.8202 AND distance from 60-day high <= -28.1363,"Buy when rule fires; win if +10% within 20d, else exit at horizon. Rs5L account, direction=long.",pullback_from_high|volatility_expansion,C_explosive_thin
FALCPAT_9017,NUVAMA,6,5.109,5-10%,30.654,12.514443095879257,hit_25pc_30d,capitulation,18.44340915319265,10.408532325017468,8.034876828175188,PROMOTED,volatility (20d ATR%) >= 2.9391 AND distance from 120-day high <= -23.6189 AND distance from 200-DMA >= -37.0609 AND distance from 20-week SMA >= -10.6066,"Buy when rule fires; win if +25% within 30d, else exit at horizon. Rs5L account, direction=long.",pullback_from_high|volatility_expansion,C_explosive_thin
FALCPAT_8743,HBLENGINE,3,5.109,5-10%,15.327,8.849047575869394,hit_25pc_30d,capitulation,32.773512476007674,10.408532325017468,22.36498015099021,PROMOTED,volatility (20d ATR%) >= 4.0285 AND distance from year-high <= -42.9337 AND days with sub-75% volume in last 20 <= 15.5,"Buy when rule fires; win if +25% within 30d, else exit at horizon. Rs5L account, direction=long.",pullback_from_high|volatility_expansion,ignore
FALCPAT_8332,WELSPUNLIV,4,5.105,5-10%,20.42,10.21,hit_10pc_20d,other,53.716904276985744,30.24927834188964,23.467625935096105,PROMOTED,distance from 200-DMA <= 6.4162 AND weekly range % >= 16.3281,"Buy when rule fires; win if +10% within 20d, else exit at horizon. Rs5L account, direction=long.",volatility_expansion,ignore
FALCPAT_7430,HONASA,3,5.098,5-10%,15.294,8.829995016986135,hit_25pc_30d,breakout,23.0642277540916,9.458155042142677,13.60607271194892,PROMOTED,volatility (20d ATR%) >= 2.5484 AND 60d relative strength vs sector <= 22.4458 AND close position in weekly range >= 0.8325 AND distance from 20-week SMA >= 12.5461,"Buy when rule fires; win if +25% within 30d, else exit at horizon. Rs5L account, direction=long.",volatility_expansion|weekly_strength|relative_strength,ignore
FALCPAT_9457,RAILTEL,3,5.097,5-10%,15.291,8.828262966178567,hit_10pc_20d,capitulation,64.83790523690773,35.380587245184216,29.45731799172352,PROMOTED,volatility (20d ATR%) >= 2.5731 AND distance from year-high <= -52.5716 AND volume vs 20-day average >= 0.9969,"Buy when rule fires; win if +10% within 20d, else exit at horizon. Rs5L account, direction=long.",pullback_from_high|volatility_expansion,ignore
FALCPAT_7964,MAPMYINDIA,3,5.083,5-10%,15.249,8.804014254872603,hit_10pc_20d,breakout,70.96171802054155,30.24927834188964,40.71243967865191,PROMOTED,short-term vol vs longer-term <= 1.2039 AND slope of 50-DMA >= 0.7708 AND close position in weekly range >= 0.6229 AND weekly range % >= 11.7775,"Buy when rule fires; win if +10% within 20d, else exit at horizon. Rs5L account, direction=long.",volatility_expansion|weekly_strength,ignore
FALCPAT_8372,WOCKPHARMA,3,5.073,5-10%,15.219000000000001,8.786693746796916,hit_25pc_30d,other,9.473684210526317,7.722364089468664,1.751320121057652,PROMOTED,distance from 200-DMA >= 33.9899 AND 20d relative strength vs market <= -5.828 AND distance from 20-week SMA <= 30.0974 AND weekly range % >= 9.6165,"Buy when rule fires; win if +25% within 30d, else exit at horizon. Rs5L account, direction=long.",volatility_expansion|relative_strength,ignore
FALCPAT_8734,VIJAYA,3,5.069,5-10%,15.207,8.779765543566638,hit_10pc_20d,capitulation,84.83245149911816,35.380587245184216,49.45186425393396,PROMOTED,volatility (20d ATR%) >= 4.3311 AND 60-day return <= -20.5526 AND close position in weekly range >= 0.7189,"Buy when rule fires; win if +10% within 20d, else exit at horizon. Rs5L account, direction=long.",volatility_expansion|recent_weakness|weekly_strength,ignore
FALCPAT_8545,CENTRALBK,6,5.065,5-10%,30.39,12.406665547196797,,,,,,,,,other,C_explosive_thin
FALCPAT_7603,GSPL,4,5.064,5-10%,20.256,10.128,hit_15pc_20d,breakout,34.97835497835498,15.52565995111252,19.452695027242463,PROMOTED,5-day return >= 11.7516 AND close position in weekly range >= 0.5365 AND weekly range % >= 14.9824,"Buy when rule fires; win if +15% within 20d, else exit at horizon. Rs5L account, direction=long.",volatility_expansion|weekly_strength,ignore
FALCPAT_7760,GSPL,4,5.064,5-10%,20.256,10.128,hit_10pc_20d,breakout,54.36893203883495,30.24927834188964,24.11965369694531,PROMOTED,distance from 20-DMA >= 9.1181 AND close position in weekly range >= 0.4818 AND weekly range % >= 16.4858,"Buy when rule fires; win if +10% within 20d, else exit at horizon. Rs5L account, direction=long.",volatility_expansion|weekly_strength,ignore
FALCPAT_6166,RADICO,3,5.054,5-10%,15.162,8.753784781453106,hit_15pc_20d,capitulation,29.876298345425127,18.31582194494749,11.560476400477636,PROMOTED,volatility (20d ATR%) >= 2.3998 AND distance from 10-day high <= -10.5311 AND distance from year-high <= -22.7827 AND distance from 200-DMA <= 26.4245,"Buy when rule fires; win if +15% within 20d, else exit at horizon. Rs5L account, direction=long.",pullback_from_high|volatility_expansion,ignore
FALCPAT_6251,RADICO,3,5.054,5-10%,15.162,8.753784781453106,hit_25pc_30d,mean_reversion,19.98049818278521,10.722915258072424,9.25758292471279,PROMOTED,volatility (20d ATR%) >= 2.2352 AND distance from 50-DMA <= -12.9875 AND 60-day return <= -3.7201 AND 60d relative strength vs sector <= -4.494,"Buy when rule fires; win if +25% within 30d, else exit at horizon. Rs5L account, direction=long.",volatility_expansion|recent_weakness|relative_strength,ignore
FALCPAT_7820,NLCINDIA,3,5.038,5-10%,15.114,8.726071968532004,hit_40pc_40d,mean_reversion,8.067484662576687,2.9651372889629943,5.102347373613693,PROMOTED,RSI(14) <= 36.9408 AND distance from 20-week SMA <= 2.045 AND weekly range % >= 13.229,"Buy when rule fires; win if +40% within 40d, else exit at horizon. Rs5L account, direction=long.",oversold|volatility_expansion,ignore
FALCPAT_8371,RADICO,3,5.036,5-10%,15.107999999999999,8.722607866916865,hit_25pc_30d,other,15.17162905366964,7.722364089468664,7.4492649642009745,PROMOTED,distance from 200-DMA <= 33.9899 AND 20d relative strength vs market <= -5.828 AND distance from 20-week SMA <= 30.0974 AND weekly range % >= 9.6165,"Buy when rule fires; win if +25% within 30d, else exit at horizon. Rs5L account, direction=long.",volatility_expansion|relative_strength,ignore
FALCPAT_9455,DATAPATTNS,3,5.026,5-10%,15.078,8.705287358841176,hit_10pc_20d,capitulation,52.972972972972975,35.380587245184216,17.592385727788763,PROMOTED,volatility (20d ATR%) >= 2.5731 AND distance from year-high <= -56.3506 AND volume vs 20-day average <= 0.9969,"Buy when rule fires; win if +10% within 20d, else exit at horizon. Rs5L account, direction=long.",pullback_from_high|volatility_expansion,ignore
FALCPAT_8646,ERIS,5,5.025,5-10%,25.125,11.236241586936444,hit_15pc_20d,breakout,37.54969280809541,15.52565995111252,22.02403285698289,PROMOTED,volatility (20d ATR%) >= 3.4331 AND 5-day return >= 7.1233 AND close position in weekly range >= 0.6079 AND weekly range % >= 11.7238,"Buy when rule fires; win if +15% within 20d, else exit at horizon. Rs5L account, direction=long.",volatility_expansion|weekly_strength,C_explosive_thin
FALCPAT_8071,ERIS,5,5.018,5-10%,25.09,11.220589111093945,hit_10pc_20d,breakout,44.57627118644068,30.24927834188964,14.32699284455104,PROMOTED,short-term vol vs longer-term >= 1.585 AND close position in weekly range >= 0.4857 AND weekly range % >= 13.8814,"Buy when rule fires; win if +10% within 20d, else exit at horizon. Rs5L account, direction=long.",volatility_expansion|weekly_strength,C_explosive_thin
FALCPAT_9516,BDL,3,5.01,5-10%,15.03,8.677574545920073,hit_25pc_30d,other,31.75542406311637,10.408532325017468,21.346891738098904,PROMOTED,volatility (20d ATR%) >= 3.3726 AND days with sub-75% volume in last 7 <= 0.5 AND slope of 20-DMA <= -1.942,"Buy when rule fires; win if +25% within 30d, else exit at horizon. Rs5L account, direction=long.",volatility_expansion,ignore
FALCPAT_8547,HINDZINC,5,5.006,5-10%,25.03,11.193756295363949,hit_40pc_40d,breakout,16.18874773139746,2.9651372889629943,13.223610442434468,PROMOTED,volatility (20d ATR%) >= 3.4337 AND close position in weekly range >= 0.7802 AND weekly range % >= 13.9527,"Buy when rule fires; win if +40% within 40d, else exit at horizon. Rs5L account, direction=long.",volatility_expansion|weekly_strength,C_explosive_thin
FALCPAT_9370,HINDZINC,5,5.006,5-10%,25.03,11.193756295363949,hit_15pc_20d,breakout,59.79381443298969,19.56237142322798,40.23144300976171,PROMOTED,volatility (20d ATR%) >= 4.3375 AND close position in weekly range >= 0.7694 AND weekly range % >= 14.0257,"Buy when rule fires; win if +15% within 20d, else exit at horizon. Rs5L account, direction=long.",volatility_expansion|weekly_strength,C_explosive_thin
FALCPAT_8525,BBTC,4,5.005,5-10%,20.02,10.01,,,,,,,,,other,ignore
FALCPAT_7771,BSE,8,5.003,5-10%,40.024,14.15062090510519,hit_15pc_20d,breakout,41.76904176904177,15.52565995111252,26.24338181792925,PROMOTED,distance from 20-DMA >= 12.344 AND close position in weekly range >= 0.3004 AND distance from 20-week SMA >= 11.1709 AND weekly range % >= 17.9071,"Buy when rule fires; win if +15% within 20d, else exit at horizon. Rs5L account, direction=long.",volatility_expansion|weekly_strength,C_explosive_thin
FALCPAT_7160,NUVAMA,5,4.993,2-5%,24.965000000000003,11.164687411656452,hit_10pc_20d,capitulation,47.661141804788215,32.698883353500555,14.962258451287658,PROMOTED,volatility (20d ATR%) >= 2.2284 AND distance from 120-day high <= -32.8368 AND close position in weekly range <= 0.5467 AND distance from 20-week SMA <= 8.4216,"Buy when rule fires; win if +10% within 20d, else exit at horizon. Rs5L account, direction=long.",pullback_from_high|volatility_expansion|weekly_weak_close,ignore
FALCPAT_7561,NUVAMA,5,4.993,2-5%,24.965000000000003,11.164687411656452,hit_25pc_30d,capitulation,20.005790387956,9.458155042142677,10.547635345813315,PROMOTED,distance from 120-day high <= -32.6468 AND distance from year-high >= -59.8465 AND distance from 20-week SMA <= 12.5677,"Buy when rule fires; win if +25% within 30d, else exit at horizon. Rs5L account, direction=long.",pullback_from_high,ignore
FALCPAT_8511,NUVAMA,5,4.993,2-5%,24.965000000000003,11.164687411656452,hit_40pc_40d,capitulation,7.754079958552802,2.9651372889629943,4.788942669589807,PROMOTED,volatility (20d ATR%) >= 3.3187 AND distance from 200-DMA <= -14.1142 AND 20-day return <= -5.755,"Buy when rule fires; win if +40% within 40d, else exit at horizon. Rs5L account, direction=long.",volatility_expansion|recent_weakness,ignore
FALCPAT_8744,AEGISLOG,6,4.985,2-5%,29.910000000000004,12.210706367774142,hit_25pc_30d,capitulation,21.95402298850575,10.408532325017468,11.54549066348828,PROMOTED,volatility (20d ATR%) >= 4.0285 AND distance from year-high <= -34.3354 AND distance from year-high >= -42.9337 AND days with sub-75% volume in last 20 <= 15.5,"Buy when rule fires; win if +25% within 30d, else exit at horizon. Rs5L account, direction=long.",pullback_from_high|volatility_expansion,ignore
FALCPAT_6331,BIKAJI,3,4.976,2-5%,14.928,8.618684818462732,hit_10pc_20d,capitulation,48.57057326747493,34.00746195228712,14.563111315187816,PROMOTED,distance from 200-DMA <= -21.0968 AND distance from 200-DMA >= -25.2005,"Buy when rule fires; win if +10% within 20d, else exit at horizon. Rs5L account, direction=long.",other,ignore
FALCPAT_6927,BIKAJI,3,4.976,2-5%,14.928,8.618684818462732,hit_10pc_20d,capitulation,54.64618676448112,32.698883353500555,21.947303410980563,PROMOTED,volatility (20d ATR%) >= 2.4392 AND distance from 200-DMA <= -21.2976 AND distance from 20-week SMA <= 0.1216,"Buy when rule fires; win if +10% within 20d, else exit at horizon. Rs5L account, direction=long.",volatility_expansion,ignore
FALCPAT_9426,BIKAJI,3,4.976,2-5%,14.928,8.618684818462732,hit_15pc_20d,mean_reversion,43.16877152698048,19.56237142322798,23.606400103752502,PROMOTED,volatility (20d ATR%) >= 5.1256 AND distance from 20-DMA <= -5.7799 AND distance from 200-DMA <= 1.1002,"Buy when rule fires; win if +15% within 20d, else exit at horizon. Rs5L account, direction=long.",volatility_expansion,ignore
FALCPAT_6393,WOCKPHARMA,3,4.964,2-5%,14.892000000000001,8.597900208771907,hit_10pc_20d,capitulation,39.89158803453122,34.00746195228712,5.8841260822441015,PROMOTED,distance from 20-day high >= -3.3536 AND distance from year-high <= -24.2757 AND 60d relative strength vs sector >= -14.3816 AND close position in weekly range >= 0.7159,"Buy when rule fires; win if +10% within 20d, else exit at horizon. Rs5L account, direction=long.",pullback_from_high|weekly_strength|relative_strength,ignore
FALCPAT_8878,ITI,4,4.962,2-5%,19.848,9.924,hit_10pc_20d,capitulation,70.68493150684931,35.380587245184216,35.3043442616651,PROMOTED,volatility (20d ATR%) >= 2.5005 AND distance from 120-day high <= -21.2998 AND 20d relative strength vs sector >= 4.9934 AND close position in weekly range >= 0.7657,"Buy when rule fires; win if +10% within 20d, else exit at horizon. Rs5L account, direction=long.",pullback_from_high|volatility_expansion|weekly_strength|relative_strength,ignore
FALCPAT_9522,PARADEEP,4,4.943,2-5%,19.772,9.886,hit_15pc_20d,capitulation,36.59834974713868,19.56237142322798,17.035978323910697,PROMOTED,distance from 120-day high <= -25.7021 AND 60-day return <= -17.0951 AND RSI(14) <= 37.611,"Buy when rule fires; win if +15% within 20d, else exit at horizon. Rs5L account, direction=long.",oversold|pullback_from_high|recent_weakness,ignore
FALCPAT_8938,TARIL,3,4.943,2-5%,14.828999999999999,8.56152714181296,hit_10pc_20d,other,53.31825037707391,35.380587245184216,17.937663131889693,PROMOTED,volatility (20d ATR%) >= 3.9309 AND distance from 20-day high <= -12.7454 AND distance from 20-week SMA <= -21.1531,"Buy when rule fires; win if +10% within 20d, else exit at horizon. Rs5L account, direction=long.",pullback_from_high|volatility_expansion,ignore
FALCPAT_8781,VIJAYA,17,4.928,2-5%,83.776,20.318664523043832,hit_15pc_20d,other,31.96144829382652,19.56237142322798,12.399076870598538,PROMOTED,volatility (20d ATR%) >= 3.6112 AND distance from year-high >= -44.7637 AND 60-day return <= 46.2598 AND distance from 20-week SMA <= -11.7789,"Buy when rule fires; win if +15% within 20d, else exit at horizon. Rs5L account, direction=long.",volatility_expansion|recent_weakness,A_high_edge
FALCPAT_8225,ERIS,7,4.917,2-5%,34.419,13.009159196504593,hit_25pc_30d,breakout,22.7787456445993,7.722364089468664,15.056381555130638,PROMOTED,volatility (20d ATR%) >= 3.732 AND distance from year-high <= -11.0436 AND close position in weekly range <= 0.9024 AND close position in weekly range >= 0.7961,"Buy when rule fires; win if +25% within 30d, else exit at horizon. Rs5L account, direction=long.",pullback_from_high|volatility_expansion|weekly_strength|weekly_weak_close,ignore
FALCPAT_8577,COCHINSHIP,3,4.916,2-5%,14.748000000000001,8.514761770008601,,,,,,,,,other,ignore
FALCPAT_9062,CAPLIPOINT,4,4.911,2-5%,19.644,9.822,hit_15pc_20d,other,43.87417218543047,19.56237142322798,24.311800762202488,PROMOTED,volatility (20d ATR%) >= 5.9082 AND distance from 20-week SMA >= -16.5781,"Buy when rule fires; win if +15% within 20d, else exit at horizon. Rs5L account, direction=long.",volatility_expansion,ignore
FALCPAT_7754,CHAMBLFERT,3,4.904,2-5%,14.712,8.493977160317774,hit_15pc_20d,breakout,37.28870858688303,15.52565995111252,21.76304863577051,PROMOTED,volatility (20d ATR%) >= 3.5078 AND 5-day return >= 7.2582 AND close position in weekly range >= 0.6063 AND weekly range % >= 10.9288,"Buy when rule fires; win if +15% within 20d, else exit at horizon. Rs5L account, direction=long.",volatility_expansion|weekly_strength,ignore
FALCPAT_8574,CHAMBLFERT,3,4.904,2-5%,14.712,8.493977160317774,hit_10pc_20d,momentum,58.91393442622951,35.380587245184216,23.533347181045293,PROMOTED,volatility (20d ATR%) >= 4.0236 AND 5-day return >= 8.9765 AND close position in weekly range >= 0.4229 AND weekly range % >= 8.6663,"Buy when rule fires; win if +10% within 20d, else exit at horizon. Rs5L account, direction=long.",volatility_expansion|weekly_strength,ignore
FALCPAT_7880,FACT,3,4.897,2-5%,14.691,8.481852804664792,hit_40pc_40d,other,6.995884773662551,2.9651372889629943,4.030747484699557,PROMOTED,volatility (20d ATR%) >= 4.5087 AND short-term vol vs longer-term <= 1.451 AND distance from year-high >= -34.5273 AND weekly range % >= 19.6924,"Buy when rule fires; win if +40% within 40d, else exit at horizon. Rs5L account, direction=long.",volatility_expansion,ignore
FALCPAT_8378,SUZLON,3,4.893,2-5%,14.678999999999998,8.474924601434516,hit_40pc_40d,capitulation,8.674863387978142,2.9651372889629943,5.709726099015147,PROMOTED,distance from 10-day high <= -18.52 AND distance from 120-day high <= -15.2508 AND distance from 20-week SMA <= -6.9757,"Buy when rule fires; win if +40% within 40d, else exit at horizon. Rs5L account, direction=long.",pullback_from_high,ignore
FALCPAT_6865,GODREJIND,4,4.892,2-5%,19.568,9.784,hit_40pc_40d,capitulation,11.509591326105086,4.0653742907808095,7.444217035324277,PROMOTED,volatility (20d ATR%) >= 2.6793 AND distance from 120-day high <= -28.3595 AND distance from 200-DMA <= 14.55 AND close position in weekly range >= 0.8126,"Buy when rule fires; win if +40% within 40d, else exit at horizon. Rs5L account, direction=long.",pullback_from_high|volatility_expansion|weekly_strength,ignore
FALCPAT_9111,GODREJIND,4,4.892,2-5%,19.568,9.784,hit_10pc_20d,breakout,63.94869445716903,35.380587245184216,28.568107211984817,PROMOTED,volatility (20d ATR%) >= 3.307 AND distance from 200-DMA <= -0.9248 AND close position in weekly range >= 0.7784 AND distance from 20-week SMA <= -1.7511,"Buy when rule fires; win if +10% within 20d, else exit at horizon. Rs5L account, direction=long.",volatility_expansion|weekly_strength,ignore
FALCPAT_8663,COCHINSHIP,6,4.884,2-5%,29.304000000000002,11.96330790375304,,,,,,,,,other,ignore
FALCPAT_8545,HINDCOPPER,5,4.876,2-5%,24.380000000000003,10.903067458288977,,,,,,,,,other,ignore
FALCPAT_9185,NUVAMA,3,4.876,2-5%,14.628,8.445479737705845,hit_15pc_20d,mean_reversion,41.5065334358186,19.56237142322798,21.94416201259062,PROMOTED,volatility (20d ATR%) >= 3.169 AND 5-day return <= -2.0791 AND 60d relative strength vs market <= -10.3896 AND slope of 20-DMA <= -3.6565,"Buy when rule fires; win if +15% within 20d, else exit at horizon. Rs5L account, direction=long.",volatility_expansion|recent_weakness|relative_strength,ignore
FALCPAT_6174,ATUL,4,4.874,2-5%,19.496,9.748,hit_25pc_30d,other,19.16382453251793,10.722915258072424,8.44090927444551,PROMOTED,distance from 10-day high <= -10.804 AND days with sub-3% range in last 7 <= 2.5 AND close position in weekly range <= 0.7438,"Buy when rule fires; win if +25% within 30d, else exit at horizon. Rs5L account, direction=long.",pullback_from_high|compression|weekly_weak_close,ignore
FALCPAT_6227,WOCKPHARMA,5,4.86,2-5%,24.3,10.867290370648979,hit_10pc_20d,breakout,41.38662893526707,34.00746195228712,7.379166982979951,PROMOTED,distance from 200-DMA <= 14.1688 AND 60d relative strength vs market >= -4.0304 AND 5-day avg volume vs 20-day >= 1.1659 AND close position in weekly range >= 0.7031,"Buy when rule fires; win if +10% within 20d, else exit at horizon. Rs5L account, direction=long.",weekly_strength|relative_strength,ignore
FALCPAT_6871,ACUTAAS,4,4.86,2-5%,19.44,9.72,hit_25pc_30d,other,17.85739623980135,9.458155042142677,8.399241197658673,PROMOTED,volatility (20d ATR%) >= 2.3083 AND distance from 20-day high <= -16.8359 AND distance from 200-DMA <= 20.5254 AND distance from 20-week SMA <= 8.4893,"Buy when rule fires; win if +25% within 30d, else exit at horizon. Rs5L account, direction=long.",pullback_from_high|volatility_expansion,ignore
FALCPAT_7470,TATAELXSI,3,4.857,2-5%,14.571000000000002,8.412570772362036,hit_15pc_20d,breakout,38.02694480660583,17.450644806122114,20.57630000048371,PROMOTED,distance from 20-day high >= -3.9429 AND 60d relative strength vs sector <= -5.1916 AND close position in weekly range >= 0.5947 AND weekly range % >= 10.0582,"Buy when rule fires; win if +15% within 20d, else exit at horizon. Rs5L account, direction=long.",volatility_expansion|weekly_strength|relative_strength,ignore
FALCPAT_7754,ERIS,6,4.852,2-5%,29.112000000000002,11.88492423198398,hit_15pc_20d,breakout,37.28870858688303,15.52565995111252,21.76304863577051,PROMOTED,volatility (20d ATR%) >= 3.5078 AND 5-day return >= 7.2582 AND close position in weekly range >= 0.6063 AND weekly range % >= 10.9288,"Buy when rule fires; win if +15% within 20d, else exit at horizon. Rs5L account, direction=long.",volatility_expansion|weekly_strength,ignore
FALCPAT_9188,GODREJIND,5,4.851,2-5%,24.255,10.84716575885148,hit_15pc_20d,other,33.28671328671329,19.56237142322798,13.724341863485307,PROMOTED,volatility (20d ATR%) >= 4.4699 AND 60d relative strength vs market <= -10.3896 AND slope of 20-DMA >= -3.6565,"Buy when rule fires; win if +15% within 20d, else exit at horizon. Rs5L account, direction=long.",volatility_expansion|relative_strength,ignore
FALCPAT_8096,NEULANDLAB,3,4.844,2-5%,14.532,8.390054111863641,hit_10pc_20d,capitulation,54.98499499833278,30.24927834188964,24.73571665644314,PROMOTED,volatility (20d ATR%) >= 3.1155 AND distance from 120-day high <= -40.3071 AND close position in weekly range <= 0.53,"Buy when rule fires; win if +10% within 20d, else exit at horizon. Rs5L account, direction=long.",pullback_from_high|volatility_expansion|weekly_weak_close,ignore
FALCPAT_8241,NEULANDLAB,3,4.844,2-5%,14.532,8.390054111863641,hit_25pc_30d,capitulation,25.950163604329223,7.722364089468664,18.22779951486056,PROMOTED,volatility (20d ATR%) >= 3.475 AND distance from year-high <= -40.3376 AND 60-day return <= -17.8637 AND close position in weekly range <= 0.5303,"Buy when rule fires; win if +25% within 30d, else exit at horizon. Rs5L account, direction=long.",pullback_from_high|volatility_expansion|recent_weakness|weekly_weak_close,ignore
FALCPAT_9428,GLAXO,7,4.831,2-5%,33.817,12.78162458375304,hit_15pc_20d,other,37.21622627465575,19.56237142322798,17.653854851427774,PROMOTED,volatility (20d ATR%) >= 4.2484 AND distance from 20-DMA >= -5.7799 AND distance from 200-DMA <= 1.1002 AND 60d relative strength vs sector >= -12.1627,"Buy when rule fires; win if +15% within 20d, else exit at horizon. Rs5L account, direction=long.",volatility_expansion|relative_strength,ignore
FALCPAT_7199,JBMA,3,4.824,2-5%,14.472,8.355413095712263,hit_25pc_30d,breakout,16.205910390848427,9.458155042142677,6.747755348705751,PROMOTED,close position in weekly range <= 0.2462 AND distance from 20-week SMA >= 21.4949 AND weekly range % >= 10.7355,"Buy when rule fires; win if +25% within 30d, else exit at horizon. Rs5L account, direction=long.",volatility_expansion|weekly_weak_close,ignore
FALCPAT_6512,RAILTEL,3,4.823,2-5%,14.469000000000001,8.353681044904695,hit_25pc_30d,capitulation,32.382851445663015,10.722915258072424,21.65993618759059,PROMOTED,volatility (20d ATR%) >= 3.3322 AND distance from 120-day high <= -42.3676 AND distance from 50-DMA <= 10.5469,"Buy when rule fires; win if +25% within 30d, else exit at horizon. Rs5L account, direction=long.",pullback_from_high|volatility_expansion,ignore
FALCPAT_6675,TARIL,4,4.82,2-5%,19.28,9.64,hit_15pc_20d,capitulation,33.90831758034027,18.31582194494749,15.592495635392773,PROMOTED,volatility (20d ATR%) >= 2.673 AND distance from 50-DMA >= -9.6156 AND 60-day return <= -15.4153 AND close position in weekly range >= 0.712,"Buy when rule fires; win if +15% within 20d, else exit at horizon. Rs5L account, direction=long.",volatility_expansion|recent_weakness|weekly_strength,ignore
FALCPAT_9119,USHAMART,3,4.807,2-5%,14.421000000000001,8.325968231983593,hit_15pc_20d,breakout,20.77826725403818,19.56237142322798,1.2158958308102013,PROMOTED,volatility (20d ATR%) <= 3.4326 AND 5-day return <= 3.9414 AND close position in weekly range >= 0.6344 AND weekly range % >= 7.0481,"Buy when rule fires; win if +15% within 20d, else exit at horizon. Rs5L account, direction=long.",volatility_expansion|recent_weakness|weekly_strength,ignore
FALCPAT_6675,SAREGAMA,4,4.804,2-5%,19.216,9.608,hit_15pc_20d,capitulation,33.90831758034027,18.31582194494749,15.592495635392773,PROMOTED,volatility (20d ATR%) >= 2.673 AND distance from 50-DMA >= -9.6156 AND 60-day return <= -15.4153 AND close position in weekly range >= 0.712,"Buy when rule fires; win if +15% within 20d, else exit at horizon. Rs5L account, direction=long.",volatility_expansion|recent_weakness|weekly_strength,ignore
FALCPAT_8462,CCL,4,4.803,2-5%,19.212,9.606,hit_15pc_20d,other,42.62422360248447,15.52565995111252,27.09856365137196,PROMOTED,slope of 50-DMA <= 0.4452 AND close position in weekly range >= 0.2196 AND weekly range % >= 12.8017,"Buy when rule fires; win if +15% within 20d, else exit at horizon. Rs5L account, direction=long.",volatility_expansion|weekly_strength,ignore
FALCPAT_7160,POONAWALLA,3,4.803,2-5%,14.408999999999999,8.319040028753317,hit_10pc_20d,capitulation,47.661141804788215,32.698883353500555,14.962258451287658,PROMOTED,volatility (20d ATR%) >= 2.2284 AND distance from 120-day high <= -32.8368 AND close position in weekly range <= 0.5467 AND distance from 20-week SMA <= 8.4216,"Buy when rule fires; win if +10% within 20d, else exit at horizon. Rs5L account, direction=long.",pullback_from_high|volatility_expansion|weekly_weak_close,ignore
FALCPAT_6674,VIJAYA,5,4.802,2-5%,24.009999999999998,10.737598427953989,hit_15pc_20d,capitulation,45.36082474226804,18.31582194494749,27.04500279732055,PROMOTED,volatility (20d ATR%) >= 2.673 AND distance from 50-DMA <= -9.6156 AND 60-day return <= -15.4153 AND close position in weekly range >= 0.712,"Buy when rule fires; win if +15% within 20d, else exit at horizon. Rs5L account, direction=long.",volatility_expansion|recent_weakness|weekly_strength,ignore
FALCPAT_9111,VIJAYA,5,4.802,2-5%,24.009999999999998,10.737598427953989,hit_10pc_20d,breakout,63.94869445716903,35.380587245184216,28.568107211984817,PROMOTED,volatility (20d ATR%) >= 3.307 AND distance from 200-DMA <= -0.9248 AND close position in weekly range >= 0.7784 AND distance from 20-week SMA <= -1.7511,"Buy when rule fires; win if +10% within 20d, else exit at horizon. Rs5L account, direction=long.",volatility_expansion|weekly_strength,ignore
FALCPAT_6516,KFINTECH,3,4.795,2-5%,14.385,8.305183622292766,,,,,,,,,other,ignore
FALCPAT_9430,COCHINSHIP,4,4.792,2-5%,19.168,9.584,hit_15pc_20d,other,31.63636363636364,19.56237142322798,12.073992213135655,PROMOTED,volatility (20d ATR%) >= 4.2484 AND distance from year-high >= -15.7819 AND distance from 200-DMA >= 1.1002 AND slope of 50-DMA <= 1.5738,"Buy when rule fires; win if +15% within 20d, else exit at horizon. Rs5L account, direction=long.",volatility_expansion,ignore
FALCPAT_6474,ZFCVINDIA,3,4.789,2-5%,14.366999999999999,8.294791317447352,hit_15pc_20d,capitulation,35.66478995236033,18.31582194494749,17.34896800741284,PROMOTED,volatility (20d ATR%) >= 2.7816 AND distance from year-high <= -43.9096,"Buy when rule fires; win if +15% within 20d, else exit at horizon. Rs5L account, direction=long.",pullback_from_high|volatility_expansion,ignore
FALCPAT_8952,POONAWALLA,6,4.777,2-5%,28.662,11.701212501275242,hit_15pc_20d,other,48.94091415830547,19.56237142322798,29.378542735077485,PROMOTED,volatility (20d ATR%) >= 3.9374 AND distance from 20-day high <= -14.2373 AND 60d relative strength vs sector >= -15.4462 AND close position in weekly range >= 0.1754,"Buy when rule fires; win if +15% within 20d, else exit at horizon. Rs5L account, direction=long.",pullback_from_high|volatility_expansion|weekly_strength|relative_strength,ignore
FALCPAT_8070,CCL,3,4.769,2-5%,14.307,8.260150301295976,hit_10pc_20d,breakout,68.0883472962681,30.24927834188964,37.839068954378455,PROMOTED,short-term vol vs longer-term <= 1.585 AND close position in weekly range >= 0.4857 AND weekly range % >= 13.8814,"Buy when rule fires; win if +10% within 20d, else exit at horizon. Rs5L account, direction=long.",volatility_expansion|weekly_strength,ignore
FALCPAT_8269,KPITTECH,4,4.767,2-5%,19.068,9.534,hit_15pc_20d,capitulation,39.48043352362042,15.52565995111252,23.954773572507897,PROMOTED,distance from year-high <= -32.38 AND distance from 60-day high <= -19.3918 AND days with sub-3% range in last 7 <= 3.5 AND 60d relative strength vs sector <= 1.7032,"Buy when rule fires; win if +15% within 20d, else exit at horizon. Rs5L account, direction=long.",pullback_from_high|compression|relative_strength,ignore
FALCPAT_6887,ATGL,3,4.767,2-5%,14.301000000000002,8.256686199680837,hit_10pc_20d,breakout,43.73979314099075,32.698883353500555,11.040909787490188,PROMOTED,distance from 10-day high >= -5.1883 AND distance from 120-day high >= -7.2128 AND slope of 50-DMA >= 0.67 AND close position in weekly range >= 0.8183,"Buy when rule fires; win if +10% within 20d, else exit at horizon. Rs5L account, direction=long.",weekly_strength,ignore
FALCPAT_8000,ATGL,3,4.767,2-5%,14.301000000000002,8.256686199680837,hit_10pc_20d,breakout,56.213017751479285,30.24927834188964,25.96373940958965,PROMOTED,days with sub-3% range in last 7 <= 3.5 AND slope of 50-DMA >= 1.6679 AND close position in weekly range >= 0.841,"Buy when rule fires; win if +10% within 20d, else exit at horizon. Rs5L account, direction=long.",compression|weekly_strength,ignore
FALCPAT_8043,ATGL,3,4.767,2-5%,14.301000000000002,8.256686199680837,hit_15pc_20d,breakout,35.85526315789473,15.52565995111252,20.329603206782217,PROMOTED,days with sub-3% range in last 7 <= 3.5 AND slope of 50-DMA >= 1.6719 AND close position in weekly range >= 0.841,"Buy when rule fires; win if +15% within 20d, else exit at horizon. Rs5L account, direction=long.",compression|weekly_strength,ignore
FALCPAT_7807,TATAINVEST,7,4.762,2-5%,33.333999999999996,12.599067743289579,hit_25pc_30d,breakout,14.818652849740932,7.722364089468664,7.096288760272268,PROMOTED,60-day return <= 60.2461 AND 20-week breakout flag >= 0.5 AND distance from 20-week SMA >= 21.4514,"Buy when rule fires; win if +25% within 30d, else exit at horizon. Rs5L account, direction=long.",recent_weakness,ignore
FALCPAT_8547,GSPL,4,4.756,2-5%,19.024,9.512,hit_40pc_40d,breakout,16.18874773139746,2.9651372889629943,13.223610442434468,PROMOTED,volatility (20d ATR%) >= 3.4337 AND close position in weekly range >= 0.7802 AND weekly range % >= 13.9527,"Buy when rule fires; win if +40% within 40d, else exit at horizon. Rs5L account, direction=long.",volatility_expansion|weekly_strength,ignore
FALCPAT_9108,PFC,3,4.755,2-5%,14.265,8.23590158999001,hit_10pc_20d,capitulation,42.0377358490566,35.380587245184216,6.657148603872387,PROMOTED,volatility (20d ATR%) >= 3.307 AND 60-day return <= -17.1495 AND 20d relative strength vs market <= -11.4042 AND close position in weekly range <= 0.7784,"Buy when rule fires; win if +10% within 20d, else exit at horizon. Rs5L account, direction=long.",volatility_expansion|recent_weakness|weekly_weak_close|relative_strength,ignore
FALCPAT_9570,POONAWALLA,6,4.75,2-5%,28.5,11.635076278220096,hit_15pc_20d,capitulation,66.45021645021644,19.56237142322798,46.88784502698847,PROMOTED,volatility (20d ATR%) >= 3.5761 AND distance from year-high <= -27.4711 AND close position in weekly range >= 0.767 AND weekly range % >= 13.4815,"Buy when rule fires; win if +15% within 20d, else exit at horizon. Rs5L account, direction=long.",pullback_from_high|volatility_expansion|weekly_strength,ignore
FALCPAT_7508,RITES,4,4.747,2-5%,18.988,9.494,hit_10pc_20d,breakout,68.61413043478261,32.698883353500555,35.91524708128205,PROMOTED,20d relative strength vs sector <= -6.5723 AND close position in weekly range >= 0.5525 AND weekly range % >= 9.6217,"Buy when rule fires; win if +10% within 20d, else exit at horizon. Rs5L account, direction=long.",volatility_expansion|weekly_strength|relative_strength,ignore
FALCPAT_9566,SYRMA,4,4.745,2-5%,18.98,9.49,hit_15pc_20d,breakout,29.44915254237288,19.56237142322798,9.886781119144905,PROMOTED,volatility (20d ATR%) <= 3.5761 AND volatility (20d ATR%) >= 2.5272 AND close position in weekly range >= 0.6352 AND weekly range % >= 11.922,"Buy when rule fires; win if +15% within 20d, else exit at horizon. Rs5L account, direction=long.",volatility_expansion|weekly_strength,ignore
FALCPAT_6905,ECLERX,3,4.743,2-5%,14.229000000000001,8.215116980299186,hit_40pc_40d,capitulation,8.267284477502743,4.0653742907808095,4.201910186721935,PROMOTED,volatility (20d ATR%) >= 3.3478 AND distance from 120-day high <= -28.8011 AND distance from 20-week SMA <= 9.8642 AND distance from 20-week SMA >= -13.6581,"Buy when rule fires; win if +40% within 40d, else exit at horizon. Rs5L account, direction=long.",pullback_from_high|volatility_expansion,ignore
FALCPAT_7600,KFINTECH,4,4.74,2-5%,18.96,9.48,hit_15pc_20d,breakout,38.07282635620511,15.52565995111252,22.547166405092582,PROMOTED,slope of 50-DMA <= -0.2357 AND close position in weekly range >= 0.5365 AND weekly range % <= 14.9824 AND weekly range % >= 11.038,"Buy when rule fires; win if +15% within 20d, else exit at horizon. Rs5L account, direction=long.",volatility_expansion|compression|weekly_strength,ignore
FALCPAT_6646,SAMMAANCAP,3,4.74,2-5%,14.22,8.209920827876479,hit_10pc_20d,breakout,58.87578070784178,34.00746195228712,24.868318755554657,PROMOTED,volatility (20d ATR%) >= 2.6723 AND 60-day return <= -11.5307 AND 60d relative strength vs sector >= -13.9058 AND close position in weekly range >= 0.7086,"Buy when rule fires; win if +10% within 20d, else exit at horizon. Rs5L account, direction=long.",volatility_expansion|recent_weakness|weekly_strength|relative_strength,ignore
FALCPAT_8938,360ONE,3,4.729,2-5%,14.187000000000001,8.19086826899322,hit_10pc_20d,other,53.31825037707391,35.380587245184216,17.937663131889693,PROMOTED,volatility (20d ATR%) >= 3.9309 AND distance from 20-day high <= -12.7454 AND distance from 20-week SMA <= -21.1531,"Buy when rule fires; win if +10% within 20d, else exit at horizon. Rs5L account, direction=long.",pullback_from_high|volatility_expansion,ignore
FALCPAT_8744,ANURAS,3,4.728,2-5%,14.184,8.18913621818565,hit_25pc_30d,capitulation,21.95402298850575,10.408532325017468,11.54549066348828,PROMOTED,volatility (20d ATR%) >= 4.0285 AND distance from year-high <= -34.3354 AND distance from year-high >= -42.9337 AND days with sub-75% volume in last 20 <= 15.5,"Buy when rule fires; win if +25% within 30d, else exit at horizon. Rs5L account, direction=long.",pullback_from_high|volatility_expansion,ignore
FALCPAT_8878,POWERINDIA,4,4.727,2-5%,18.908,9.454,hit_10pc_20d,capitulation,70.68493150684931,35.380587245184216,35.3043442616651,PROMOTED,volatility (20d ATR%) >= 2.5005 AND distance from 120-day high <= -21.2998 AND 20d relative strength vs sector >= 4.9934 AND close position in weekly range >= 0.7657,"Buy when rule fires; win if +10% within 20d, else exit at horizon. Rs5L account, direction=long.",pullback_from_high|volatility_expansion|weekly_strength|relative_strength,ignore
FALCPAT_6264,PGEL,3,4.719,2-5%,14.157,8.173547760917533,hit_10pc_20d,capitulation,41.27838788783452,34.00746195228712,7.270925935547407,PROMOTED,distance from 120-day high <= -15.8326 AND distance from year-high <= -27.3799 AND 5-day return <= -0.708 AND 20d relative strength vs market >= -6.9151,"Buy when rule fires; win if +10% within 20d, else exit at horizon. Rs5L account, direction=long.",pullback_from_high|recent_weakness|relative_strength,ignore
FALCPAT_7619,ATGL,3,4.717,2-5%,14.151,8.170083659302392,hit_10pc_20d,breakout,79.67445742904842,30.24927834188964,49.42517908715877,PROMOTED,5-day return <= 3.643 AND close position in weekly range >= 0.5098 AND weekly range % >= 14.1572,"Buy when rule fires; win if +10% within 20d, else exit at horizon. Rs5L account, direction=long.",volatility_expansion|recent_weakness|weekly_strength,ignore
FALCPAT_7739,CHOLAFIN,3,4.714,2-5%,14.142000000000001,8.164887506879689,hit_10pc_20d,other,48.67199587416194,30.24927834188964,18.42271753227229,PROMOTED,close position in weekly range <= 0.7385 AND close position in weekly range >= 0.4445 AND weekly range % >= 9.4473,"Buy when rule fires; win if +10% within 20d, else exit at horizon. Rs5L account, direction=long.",volatility_expansion|weekly_strength|weekly_weak_close,ignore
FALCPAT_8065,RVNL,12,4.712,2-5%,56.544,16.322846810529096,hit_10pc_20d,capitulation,41.82509505703423,30.24927834188964,11.575816715144583,PROMOTED,distance from 20-day high <= -16.1936 AND RSI(14) <= 30.4449 AND close position in weekly range <= 0.4857 AND weekly range % >= 7.862,"Buy when rule fires; win if +10% within 20d, else exit at horizon. Rs5L account, direction=long.",oversold|pullback_from_high|volatility_expansion|weekly_weak_close,A_high_edge
FALCPAT_6674,BSE,4,4.711,2-5%,18.844,9.422,hit_15pc_20d,capitulation,45.36082474226804,18.31582194494749,27.04500279732055,PROMOTED,volatility (20d ATR%) >= 2.673 AND distance from 50-DMA <= -9.6156 AND 60-day return <= -15.4153 AND close position in weekly range >= 0.712,"Buy when rule fires; win if +15% within 20d, else exit at horizon. Rs5L account, direction=long.",volatility_expansion|recent_weakness|weekly_strength,ignore
FALCPAT_6199,WOCKPHARMA,3,4.697,2-5%,14.091000000000001,8.135442643151016,hit_10pc_20d,breakout,43.89397286210161,34.00746195228712,9.886510909814492,PROMOTED,distance from 20-DMA >= -2.8747 AND distance from 200-DMA <= -1.4701 AND 60d relative strength vs market >= -13.4875 AND close position in weekly range >= 0.8145,"Buy when rule fires; win if +10% within 20d, else exit at horizon. Rs5L account, direction=long.",weekly_strength|relative_strength,ignore
FALCPAT_8734,LODHA,5,4.696,2-5%,23.479999999999997,10.500575222339013,hit_10pc_20d,capitulation,84.83245149911816,35.380587245184216,49.45186425393396,PROMOTED,volatility (20d ATR%) >= 4.3311 AND 60-day return <= -20.5526 AND close position in weekly range >= 0.7189,"Buy when rule fires; win if +10% within 20d, else exit at horizon. Rs5L account, direction=long.",volatility_expansion|recent_weakness|weekly_strength,ignore
FALCPAT_8455,LLOYDSME,3,4.694,2-5%,14.082,8.13024649072831,hit_10pc_20d,breakout,68.57869454648205,30.24927834188964,38.32941620459241,PROMOTED,volatility (20d ATR%) >= 3.5945 AND distance from 60-day high <= -22.0998 AND slope of 20-DMA <= -1.3013 AND close position in weekly range >= 0.7018,"Buy when rule fires; win if +10% within 20d, else exit at horizon. Rs5L account, direction=long.",pullback_from_high|volatility_expansion|weekly_strength,ignore
FALCPAT_7436,IRCON,3,4.69,2-5%,14.07,8.123318287498035,hit_10pc_20d,other,47.77507195040956,32.698883353500555,15.076188596909008,PROMOTED,distance from 60-day high >= -4.8063 AND distance from 200-DMA <= 27.5645 AND distance from 20-week SMA >= -0.5954 AND weekly range % >= 10.6745,"Buy when rule fires; win if +10% within 20d, else exit at horizon. Rs5L account, direction=long.",volatility_expansion,ignore
FALCPAT_8347,POONAWALLA,3,4.678,2-5%,14.033999999999999,8.102533677807207,hit_25pc_30d,mean_reversion,12.325581395348838,7.722364089468664,4.6032173058801735,PROMOTED,distance from 50-DMA <= 7.1184 AND RSI(14) <= 41.0395 AND close position in weekly range <= 0.6784 AND weekly range % >= 14.8541,"Buy when rule fires; win if +25% within 30d, else exit at horizon. Rs5L account, direction=long.",oversold|volatility_expansion|weekly_weak_close,ignore
FALCPAT_8569,LTFOODS,3,4.674,2-5%,14.022000000000002,8.095605474576933,hit_10pc_20d,other,47.2992700729927,35.380587245184216,11.918682827808484,PROMOTED,volatility (20d ATR%) >= 4.0236 AND slope of 50-DMA <= -1.8097 AND 5-day avg volume vs 20-day >= 0.3353 AND close position in weekly range <= 0.4229,"Buy when rule fires; win if +10% within 20d, else exit at horizon. Rs5L account, direction=long.",volatility_expansion|weekly_weak_close,ignore
FALCPAT_8584,POONAWALLA,5,4.65,2-5%,23.25,10.397716095374024,hit_10pc_20d,breakout,76.89684569479965,30.24927834188964,46.647567352910016,PROMOTED,volatility (20d ATR%) >= 3.4313 AND 5-day return <= 5.0998 AND close position in weekly range >= 0.6707 AND weekly range % >= 11.6077,"Buy when rule fires; win if +10% within 20d, else exit at horizon. Rs5L account, direction=long.",volatility_expansion|recent_weakness|weekly_strength,ignore
FALCPAT_8645,POONAWALLA,5,4.65,2-5%,23.25,10.397716095374024,hit_15pc_20d,breakout,51.007751937984494,15.52565995111252,35.48209198687197,PROMOTED,volatility (20d ATR%) >= 3.4331 AND 5-day return <= 7.1233 AND close position in weekly range >= 0.6079 AND weekly range % >= 11.7238,"Buy when rule fires; win if +15% within 20d, else exit at horizon. Rs5L account, direction=long.",volatility_expansion|recent_weakness|weekly_strength,ignore
FALCPAT_7436,RITES,7,4.647,2-5%,32.529,12.294806342517154,hit_10pc_20d,other,47.77507195040956,32.698883353500555,15.076188596909008,PROMOTED,distance from 60-day high >= -4.8063 AND distance from 200-DMA <= 27.5645 AND distance from 20-week SMA >= -0.5954 AND weekly range % >= 10.6745,"Buy when rule fires; win if +10% within 20d, else exit at horizon. Rs5L account, direction=long.",volatility_expansion,ignore
FALCPAT_9301,GODREJIND,5,4.646,2-5%,23.23,10.388771823464023,hit_10pc_20d,capitulation,71.443141254462,35.380587245184216,36.06255400927779,PROMOTED,volatility (20d ATR%) >= 2.7959 AND distance from year-high <= -23.5637 AND close position in weekly range >= 0.6562 AND weekly range % >= 9.9519,"Buy when rule fires; win if +10% within 20d, else exit at horizon. Rs5L account, direction=long.",pullback_from_high|volatility_expansion|weekly_strength,ignore
FALCPAT_9370,CREDITACC,4,4.641,2-5%,18.564,9.282,hit_15pc_20d,breakout,59.79381443298969,19.56237142322798,40.23144300976171,PROMOTED,volatility (20d ATR%) >= 4.3375 AND close position in weekly range >= 0.7694 AND weekly range % >= 14.0257,"Buy when rule fires; win if +15% within 20d, else exit at horizon. Rs5L account, direction=long.",volatility_expansion|weekly_strength,ignore
FALCPAT_9570,CREDITACC,4,4.641,2-5%,18.564,9.282,hit_15pc_20d,capitulation,66.45021645021644,19.56237142322798,46.88784502698847,PROMOTED,volatility (20d ATR%) >= 3.5761 AND distance from year-high <= -27.4711 AND close position in weekly range >= 0.767 AND weekly range % >= 13.4815,"Buy when rule fires; win if +15% within 20d, else exit at horizon. Rs5L account, direction=long.",pullback_from_high|volatility_expansion|weekly_strength,ignore
FALCPAT_8454,ZENSARTECH,6,4.64,2-5%,27.839999999999996,11.365632406513944,hit_10pc_20d,other,42.93606945540648,30.24927834188964,12.686791113516833,PROMOTED,volatility (20d ATR%) >= 3.5945 AND distance from 200-DMA <= -7.3884 AND days with sub-3% range in last 7 >= 1.5 AND close position in weekly range <= 0.7018,"Buy when rule fires; win if +10% within 20d, else exit at horizon. Rs5L account, direction=long.",volatility_expansion|compression|weekly_weak_close,ignore
FALCPAT_8787,INOXWIND,3,4.636,2-5%,13.908000000000001,8.029787543889315,hit_25pc_30d,capitulation,43.849493487698986,10.408532325017468,33.44096116268152,PROMOTED,volatility (20d ATR%) >= 3.7914 AND distance from 120-day high <= -44.7613 AND 60-day return <= 41.0247 AND slope of 20-DMA <= -0.7126,"Buy when rule fires; win if +25% within 30d, else exit at horizon. Rs5L account, direction=long.",pullback_from_high|volatility_expansion|recent_weakness,ignore
FALCPAT_9425,ELECON,3,4.636,2-5%,13.908000000000001,8.029787543889315,hit_15pc_20d,mean_reversion,40.73013600572656,19.56237142322798,21.16776458249858,PROMOTED,volatility (20d ATR%) <= 5.1256 AND volatility (20d ATR%) >= 4.2484 AND distance from 20-DMA <= -5.7799 AND distance from 200-DMA <= 1.1002,"Buy when rule fires; win if +15% within 20d, else exit at horizon. Rs5L account, direction=long.",volatility_expansion,ignore
FALCPAT_8397,DOMS,4,4.626,2-5%,18.504,9.252,hit_40pc_40d,other,8.104845663045353,2.9651372889629943,5.139708374082358,PROMOTED,distance from 20-day high <= -17.3947 AND distance from year-high <= -10.8368 AND distance from 200-DMA <= 30.4299 AND close position in weekly range >= 0.1992,"Buy when rule fires; win if +40% within 40d, else exit at horizon. Rs5L account, direction=long.",pullback_from_high|weekly_strength,ignore
FALCPAT_8384,JPPOWER,3,4.614,2-5%,13.841999999999999,7.991682426122799,hit_40pc_40d,breakout,6.6006600660066,2.9651372889629943,3.635522777043605,PROMOTED,distance from 20-DMA <= -0.1597 AND distance from 200-DMA <= 38.0728 AND close position in weekly range >= 0.4106 AND distance from 20-week SMA >= 17.2081,"Buy when rule fires; win if +40% within 40d, else exit at horizon. Rs5L account, direction=long.",weekly_strength,ignore
FALCPAT_8292,GMDCLTD,11,4.613,2-5%,50.743,15.29959015790946,hit_25pc_30d,other,18.79457917261056,7.722364089468664,11.072215083141892,PROMOTED,volatility (20d ATR%) >= 4.4758 AND short-term vol vs longer-term >= 0.5644 AND distance from 200-DMA <= 63.9497 AND 60d relative strength vs sector >= 0.7151,"Buy when rule fires; win if +25% within 30d, else exit at horizon. Rs5L account, direction=long.",volatility_expansion|relative_strength,A_high_edge
FALCPAT_8269,NUVAMA,6,4.608,2-5%,27.647999999999996,11.287248734744884,hit_15pc_20d,capitulation,39.48043352362042,15.52565995111252,23.954773572507897,PROMOTED,distance from year-high <= -32.38 AND distance from 60-day high <= -19.3918 AND days with sub-3% range in last 7 <= 3.5 AND 60d relative strength vs sector <= 1.7032,"Buy when rule fires; win if +15% within 20d, else exit at horizon. Rs5L account, direction=long.",pullback_from_high|compression|relative_strength,ignore
FALCPAT_9170,NUVAMA,6,4.608,2-5%,27.647999999999996,11.287248734744884,hit_25pc_30d,capitulation,27.5036496350365,10.408532325017468,17.09511731001903,PROMOTED,volatility (20d ATR%) >= 3.3868 AND distance from 120-day high <= -32.2658 AND distance from year-high <= -26.8517 AND 60d relative strength vs sector >= -32.2112,"Buy when rule fires; win if +25% within 30d, else exit at horizon. Rs5L account, direction=long.",pullback_from_high|volatility_expansion|relative_strength,ignore
FALCPAT_9583,NUVAMA,6,4.608,2-5%,27.647999999999996,11.287248734744884,hit_25pc_30d,capitulation,24.15522703273496,10.408532325017468,13.746694707717484,PROMOTED,volatility (20d ATR%) >= 4.0743 AND distance from year-high <= -32.3954 AND close position in weekly range <= 0.7707,"Buy when rule fires; win if +25% within 30d, else exit at horizon. Rs5L account, direction=long.",pullback_from_high|volatility_expansion|weekly_weak_close,ignore
FALCPAT_8525,OFSS,4,4.607,2-5%,18.428,9.214,,,,,,,,,other,ignore
FALCPAT_6331,MAHABANK,5,4.605,2-5%,23.025000000000002,10.297093036386533,hit_10pc_20d,capitulation,48.57057326747493,34.00746195228712,14.563111315187816,PROMOTED,distance from 200-DMA <= -21.0968 AND distance from 200-DMA >= -25.2005,"Buy when rule fires; win if +10% within 20d, else exit at horizon. Rs5L account, direction=long.",other,ignore
FALCPAT_6927,MAHABANK,5,4.605,2-5%,23.025000000000002,10.297093036386533,hit_10pc_20d,capitulation,54.64618676448112,32.698883353500555,21.947303410980563,PROMOTED,volatility (20d ATR%) >= 2.4392 AND distance from 200-DMA <= -21.2976 AND distance from 20-week SMA <= 0.1216,"Buy when rule fires; win if +10% within 20d, else exit at horizon. Rs5L account, direction=long.",volatility_expansion,ignore
FALCPAT_8766,IOB,5,4.597,2-5%,22.985000000000003,10.279204492566535,hit_10pc_20d,other,56.95732838589982,35.380587245184216,21.576741140715605,PROMOTED,volatility (20d ATR%) >= 3.6888 AND distance from 20-day high <= -19.8967 AND distance from year-high >= -45.8202 AND distance from 60-day high <= -28.1363,"Buy when rule fires; win if +10% within 20d, else exit at horizon. Rs5L account, direction=long.",pullback_from_high|volatility_expansion,ignore
FALCPAT_8732,TATAINVEST,3,4.592,2-5%,13.776,7.953577308356284,hit_10pc_20d,capitulation,57.31903485254691,35.380587245184216,21.938447607362697,PROMOTED,volatility (20d ATR%) <= 4.3311 AND volatility (20d ATR%) >= 2.9337 AND 60-day return <= -20.5526 AND slope of 50-DMA <= -1.64,"Buy when rule fires; win if +10% within 20d, else exit at horizon. Rs5L account, direction=long.",volatility_expansion|recent_weakness,ignore
FALCPAT_8545,NATIONALUM,4,4.581,2-5%,18.324,9.162,,,,,,,,,other,ignore
FALCPAT_8332,BLS,7,4.568,2-5%,31.976,12.085791988943049,hit_10pc_20d,other,53.716904276985744,30.24927834188964,23.467625935096105,PROMOTED,distance from 200-DMA <= 6.4162 AND weekly range % >= 16.3281,"Buy when rule fires; win if +10% within 20d, else exit at horizon. Rs5L account, direction=long.",volatility_expansion,ignore
FALCPAT_9530,HEG,5,4.566,2-5%,22.83,10.20988638526404,hit_25pc_30d,capitulation,28.656009473060983,10.408532325017468,18.24747714804352,PROMOTED,volatility (20d ATR%) >= 3.347 AND distance from 120-day high <= -28.3924 AND lower wick >= 0.2522 AND 20d relative strength vs market >= -10.0472,"Buy when rule fires; win if +25% within 30d, else exit at horizon. Rs5L account, direction=long.",pullback_from_high|volatility_expansion|relative_strength,ignore
FALCPAT_7998,WOCKPHARMA,3,4.564,2-5%,13.692,7.905079885744356,hit_10pc_20d,breakout,49.881796690307326,30.24927834188964,19.632518348417687,PROMOTED,days with sub-3% range in last 7 <= 3.5 AND days with sub-75% volume in last 20 >= 13.5 AND slope of 50-DMA <= 1.6679 AND close position in weekly range >= 0.5865,"Buy when rule fires; win if +10% within 20d, else exit at horizon. Rs5L account, direction=long.",compression|weekly_strength,ignore
FALCPAT_7321,DATAPATTNS,6,4.563,2-5%,27.378,11.17702169631964,hit_10pc_20d,breakout,49.42669942669943,32.698883353500555,16.72781607319887,PROMOTED,distance from year-high >= -43.4753 AND distance from 200-DMA <= 24.1184 AND 60d relative strength vs market <= 7.9488 AND distance from 20-week SMA >= 12.3864,"Buy when rule fires; win if +10% within 20d, else exit at horizon. Rs5L account, direction=long.",relative_strength,ignore
FALCPAT_7305,SYRMA,3,4.562,2-5%,13.686,7.901615784129218,hit_25pc_30d,capitulation,22.61995430312262,9.458155042142677,13.161799260979944,PROMOTED,distance from year-high <= -42.6117 AND days with sub-75% volume in last 20 <= 8.5 AND distance from 20-week SMA <= 19.3255,"Buy when rule fires; win if +25% within 30d, else exit at horizon. Rs5L account, direction=long.",pullback_from_high,ignore
FALCPAT_7470,RVNL,9,4.559,2-5%,41.031,13.677,hit_15pc_20d,breakout,38.02694480660583,17.450644806122114,20.57630000048371,PROMOTED,distance from 20-day high >= -3.9429 AND 60d relative strength vs sector <= -5.1916 AND close position in weekly range >= 0.5947 AND weekly range % >= 10.0582,"Buy when rule fires; win if +15% within 20d, else exit at horizon. Rs5L account, direction=long.",volatility_expansion|weekly_strength|relative_strength,ignore
FALCPAT_8578,USHAMART,5,4.554,2-5%,22.770000000000003,10.183053569534044,hit_10pc_20d,breakout,47.06298655343241,30.24927834188964,16.81370821154277,PROMOTED,volatility (20d ATR%) <= 3.4313 AND close position in weekly range >= 0.7121 AND weekly range % >= 8.9472,"Buy when rule fires; win if +10% within 20d, else exit at horizon. Rs5L account, direction=long.",volatility_expansion|weekly_strength,ignore
FALCPAT_9581,SYRMA,5,4.554,2-5%,22.770000000000003,10.183053569534044,hit_25pc_30d,breakout,13.357400722021662,10.408532325017468,2.9488683970041936,PROMOTED,volatility (20d ATR%) <= 3.7177 AND volatility (20d ATR%) >= 2.5663 AND close position in weekly range >= 0.7898 AND weekly range % >= 11.496,"Buy when rule fires; win if +25% within 30d, else exit at horizon. Rs5L account, direction=long.",volatility_expansion|weekly_strength,ignore
FALCPAT_9509,NUVAMA,3,4.554,2-5%,13.662,7.887759377668667,hit_10pc_20d,capitulation,41.69366034243406,35.380587245184216,6.313073097249844,PROMOTED,distance from 120-day high <= -24.3888 AND distance from 20-DMA >= -1.047 AND 60-day return >= -18.2025 AND distance from 20-week SMA >= -10.8665,"Buy when rule fires; win if +10% within 20d, else exit at horizon. Rs5L account, direction=long.",pullback_from_high,ignore
FALCPAT_6675,GLAXO,3,4.552,2-5%,13.655999999999999,7.884295276053528,hit_15pc_20d,capitulation,33.90831758034027,18.31582194494749,15.592495635392773,PROMOTED,volatility (20d ATR%) >= 2.673 AND distance from 50-DMA >= -9.6156 AND 60-day return <= -15.4153 AND close position in weekly range >= 0.712,"Buy when rule fires; win if +15% within 20d, else exit at horizon. Rs5L account, direction=long.",volatility_expansion|recent_weakness|weekly_strength,ignore
FALCPAT_9300,JSWINFRA,3,4.541,2-5%,13.623000000000001,7.865242717170272,hit_10pc_20d,capitulation,53.215674543822914,35.380587245184216,17.835087298638697,PROMOTED,volatility (20d ATR%) >= 2.7959 AND distance from year-high <= -23.5637 AND close position in weekly range >= 0.6562 AND weekly range % <= 9.9519,"Buy when rule fires; win if +10% within 20d, else exit at horizon. Rs5L account, direction=long.",pullback_from_high|volatility_expansion|compression|weekly_strength,ignore
FALCPAT_8747,REDINGTON,3,4.54,2-5%,13.620000000000001,7.863510666362703,hit_25pc_30d,mean_reversion,27.631578947368425,10.408532325017468,17.223046622350957,PROMOTED,volatility (20d ATR%) >= 4.0285 AND distance from year-high >= -34.3354 AND distance from 50-DMA <= -6.3733 AND 60d relative strength vs sector >= 11.4495,"Buy when rule fires; win if +25% within 30d, else exit at horizon. Rs5L account, direction=long.",volatility_expansion|relative_strength,ignore
FALCPAT_9505,PPLPHARMA,3,4.538,2-5%,13.614,7.860046564747565,hit_10pc_20d,capitulation,54.83998419596997,35.380587245184216,19.45939695078576,PROMOTED,distance from 120-day high <= -24.3888 AND 60-day return <= -18.2025 AND RSI(14) <= 30.1137,"Buy when rule fires; win if +10% within 20d, else exit at horizon. Rs5L account, direction=long.",oversold|pullback_from_high|recent_weakness,ignore
FALCPAT_8375,EIHOTEL,3,4.533,2-5%,13.599,7.851386310709721,hit_25pc_30d,breakout,16.165413533834585,7.722364089468664,8.443049444365922,PROMOTED,short-term vol vs longer-term <= 1.2177 AND close position in weekly range <= 0.6623 AND distance from 20-week SMA >= 30.0974 AND weekly range % >= 9.6165,"Buy when rule fires; win if +25% within 30d, else exit at horizon. Rs5L account, direction=long.",volatility_expansion|weekly_weak_close,ignore
FALCPAT_7619,CREDITACC,4,4.53,2-5%,18.12,9.06,hit_10pc_20d,breakout,79.67445742904842,30.24927834188964,49.42517908715877,PROMOTED,5-day return <= 3.643 AND close position in weekly range >= 0.5098 AND weekly range % >= 14.1572,"Buy when rule fires; win if +10% within 20d, else exit at horizon. Rs5L account, direction=long.",volatility_expansion|recent_weakness|weekly_strength,ignore
FALCPAT_8462,SAIL,3,4.518,2-5%,13.553999999999998,7.825405548596187,hit_15pc_20d,other,42.62422360248447,15.52565995111252,27.09856365137196,PROMOTED,slope of 50-DMA <= 0.4452 AND close position in weekly range >= 0.2196 AND weekly range % >= 12.8017,"Buy when rule fires; win if +15% within 20d, else exit at horizon. Rs5L account, direction=long.",volatility_expansion|weekly_strength,ignore
FALCPAT_9243,NLCINDIA,6,4.513,2-5%,27.078,11.054547209180482,hit_15pc_20d,capitulation,42.370945637277295,19.56237142322798,22.80857421404932,PROMOTED,volatility (20d ATR%) >= 3.6482 AND distance from year-high <= -30.6306 AND 60d relative strength vs sector <= -3.3673 AND distance from 20-week SMA <= -2.4895,"Buy when rule fires; win if +15% within 20d, else exit at horizon. Rs5L account, direction=long.",pullback_from_high|volatility_expansion|relative_strength,ignore
FALCPAT_8065,ACUTAAS,3,4.512,2-5%,13.535999999999998,7.815013243750773,hit_10pc_20d,capitulation,41.82509505703423,30.24927834188964,11.575816715144583,PROMOTED,distance from 20-day high <= -16.1936 AND RSI(14) <= 30.4449 AND close position in weekly range <= 0.4857 AND weekly range % >= 7.862,"Buy when rule fires; win if +10% within 20d, else exit at horizon. Rs5L account, direction=long.",oversold|pullback_from_high|volatility_expansion|weekly_weak_close,ignore
FALCPAT_7983,GODREJIND,3,4.506,2-5%,13.518,7.804620938905361,hit_40pc_40d,breakout,9.539121114683816,2.9651372889629943,6.573983825720821,PROMOTED,volatility (20d ATR%) >= 3.1489 AND days with sub-2.5% range in last 7 <= 1.5 AND 60d relative strength vs sector >= -0.9754 AND close position in weekly range >= 0.9074,"Buy when rule fires; win if +40% within 40d, else exit at horizon. Rs5L account, direction=long.",volatility_expansion|compression|weekly_strength|relative_strength,ignore
FALCPAT_8347,KPIL,3,4.504,2-5%,13.511999999999999,7.801156837290222,hit_25pc_30d,mean_reversion,12.325581395348838,7.722364089468664,4.6032173058801735,PROMOTED,distance from 50-DMA <= 7.1184 AND RSI(14) <= 41.0395 AND close position in weekly range <= 0.6784 AND weekly range % >= 14.8541,"Buy when rule fires; win if +25% within 30d, else exit at horizon. Rs5L account, direction=long.",oversold|volatility_expansion|weekly_weak_close,ignore
FALCPAT_8448,BIKAJI,4,4.502,2-5%,18.008,9.004,hit_10pc_20d,other,61.395802830649096,30.24927834188964,31.146524488759454,PROMOTED,days with sub-3% range in last 7 <= 1.5 AND 5-day return <= 10.4381 AND close position in weekly range >= 0.1574 AND weekly range % >= 12.8017,"Buy when rule fires; win if +10% within 20d, else exit at horizon. Rs5L account, direction=long.",volatility_expansion|compression|recent_weakness|weekly_strength,ignore
FALCPAT_9112,RITES,4,4.497,2-5%,17.988,8.994,hit_10pc_20d,breakout,66.44859813084112,35.380587245184216,31.068010885656903,PROMOTED,volatility (20d ATR%) >= 3.307 AND distance from 200-DMA <= -0.9248 AND close position in weekly range >= 0.7784 AND distance from 20-week SMA >= -1.7511,"Buy when rule fires; win if +10% within 20d, else exit at horizon. Rs5L account, direction=long.",volatility_expansion|weekly_strength,ignore
FALCPAT_7297,NAVA,3,4.492,2-5%,13.475999999999999,7.780372227599396,hit_15pc_20d,capitulation,31.286635404454863,17.450644806122114,13.835990598332751,PROMOTED,distance from year-high <= -43.4753 AND distance from 200-DMA <= 24.7508 AND 20d relative strength vs sector >= -5.3304,"Buy when rule fires; win if +15% within 20d, else exit at horizon. Rs5L account, direction=long.",pullback_from_high|relative_strength,ignore
FALCPAT_7320,NAVA,3,4.492,2-5%,13.475999999999999,7.780372227599396,hit_10pc_20d,capitulation,49.32913698857048,32.698883353500555,16.630253635069923,PROMOTED,distance from year-high <= -43.4753 AND distance from 200-DMA <= 24.1184 AND 60d relative strength vs sector >= -40.4443,"Buy when rule fires; win if +10% within 20d, else exit at horizon. Rs5L account, direction=long.",pullback_from_high|relative_strength,ignore
FALCPAT_7807,HONAUT,4,4.488,2-5%,17.952,8.976,hit_25pc_30d,breakout,14.818652849740932,7.722364089468664,7.096288760272268,PROMOTED,60-day return <= 60.2461 AND 20-week breakout flag >= 0.5 AND distance from 20-week SMA >= 21.4514,"Buy when rule fires; win if +25% within 30d, else exit at horizon. Rs5L account, direction=long.",recent_weakness,ignore
FALCPAT_8397,ACUTAAS,4,4.483,2-5%,17.932,8.966,hit_40pc_40d,other,8.104845663045353,2.9651372889629943,5.139708374082358,PROMOTED,distance from 20-day high <= -17.3947 AND distance from year-high <= -10.8368 AND distance from 200-DMA <= 30.4299 AND close position in weekly range >= 0.1992,"Buy when rule fires; win if +40% within 40d, else exit at horizon. Rs5L account, direction=long.",pullback_from_high|weekly_strength,ignore
FALCPAT_7739,ATUL,3,4.483,2-5%,13.448999999999998,7.764783770331276,hit_10pc_20d,other,48.67199587416194,30.24927834188964,18.42271753227229,PROMOTED,close position in weekly range <= 0.7385 AND close position in weekly range >= 0.4445 AND weekly range % >= 9.4473,"Buy when rule fires; win if +10% within 20d, else exit at horizon. Rs5L account, direction=long.",volatility_expansion|weekly_strength|weekly_weak_close,ignore
FALCPAT_6236,UCOBANK,6,4.475,2-5%,26.849999999999998,10.96146659895472,hit_25pc_30d,breakout,21.661588098225486,10.722915258072424,10.938672840153064,PROMOTED,volatility (20d ATR%) >= 2.4985 AND distance from year-high >= -9.0394 AND 60d relative strength vs sector >= -3.1676 AND close position in weekly range >= 0.8386,"Buy when rule fires; win if +25% within 30d, else exit at horizon. Rs5L account, direction=long.",volatility_expansion|weekly_strength|relative_strength,ignore
FALCPAT_9188,AEGISLOG,6,4.471,2-5%,26.826,10.951668639983588,hit_15pc_20d,other,33.28671328671329,19.56237142322798,13.724341863485307,PROMOTED,volatility (20d ATR%) >= 4.4699 AND 60d relative strength vs market <= -10.3896 AND slope of 20-DMA >= -3.6565,"Buy when rule fires; win if +15% within 20d, else exit at horizon. Rs5L account, direction=long.",volatility_expansion|relative_strength,ignore
FALCPAT_6295,NLCINDIA,3,4.468,2-5%,13.404,7.738803008217743,hit_10pc_20d,capitulation,46.01998621640248,34.00746195228712,12.012524264115363,PROMOTED,distance from 200-DMA <= -7.8665 AND 60-day return <= -15.5387 AND 60d relative strength vs market <= -12.8744,"Buy when rule fires; win if +10% within 20d, else exit at horizon. Rs5L account, direction=long.",recent_weakness|relative_strength,ignore
FALCPAT_8332,INTELLECT,4,4.463,2-5%,17.852,8.926,hit_10pc_20d,other,53.716904276985744,30.24927834188964,23.467625935096105,PROMOTED,distance from 200-DMA <= 6.4162 AND weekly range % >= 16.3281,"Buy when rule fires; win if +10% within 20d, else exit at horizon. Rs5L account, direction=long.",volatility_expansion,ignore
FALCPAT_8743,LINDEINDIA,4,4.461,2-5%,17.844,8.922,hit_25pc_30d,capitulation,32.773512476007674,10.408532325017468,22.36498015099021,PROMOTED,volatility (20d ATR%) >= 4.0285 AND distance from year-high <= -42.9337 AND days with sub-75% volume in last 20 <= 15.5,"Buy when rule fires; win if +25% within 30d, else exit at horizon. Rs5L account, direction=long.",pullback_from_high|volatility_expansion,ignore
FALCPAT_7832,GRSE,3,4.458,2-5%,13.374,7.721482500142055,hit_25pc_30d,mean_reversion,10.501193317422434,7.722364089468664,2.7788292279537705,PROMOTED,volatility (20d ATR%) >= 4.5381 AND close position in weekly range <= 0.1837 AND weekly range % >= 19.9051,"Buy when rule fires; win if +25% within 30d, else exit at horizon. Rs5L account, direction=long.",volatility_expansion|weekly_weak_close,ignore
FALCPAT_7759,SAREGAMA,3,4.455,2-5%,13.365,7.716286347719348,hit_10pc_20d,breakout,73.90243902439025,30.24927834188964,43.653160682500605,PROMOTED,distance from 20-DMA <= 9.1181 AND close position in weekly range >= 0.4818 AND weekly range % >= 16.4858,"Buy when rule fires; win if +10% within 20d, else exit at horizon. Rs5L account, direction=long.",volatility_expansion|weekly_strength,ignore
FALCPAT_8422,WELSPUNLIV,3,4.45,2-5%,13.350000000000001,7.707626093681504,hit_40pc_40d,other,8.431703204047219,2.9651372889629943,5.466565915084224,PROMOTED,distance from 200-DMA >= 15.902 AND 60-day return >= 14.222 AND weekly range % >= 17.6813,"Buy when rule fires; win if +40% within 40d, else exit at horizon. Rs5L account, direction=long.",volatility_expansion,ignore
FALCPAT_8791,ACUTAAS,4,4.449,2-5%,17.796,8.898,hit_40pc_40d,capitulation,5.803571428571429,4.088422971741112,1.7151484568303164,PROMOTED,days with sub-3% range in last 7 <= 3.5 AND 20-day return <= -9.9721 AND RSI(14) <= 26.3331 AND 5-day avg volume vs 20-day <= 0.8266,"Buy when rule fires; win if +40% within 40d, else exit at horizon. Rs5L account, direction=long.",oversold|compression|recent_weakness,ignore
FALCPAT_7963,POLICYBZR,4,4.446,2-5%,17.784,8.892,hit_10pc_20d,breakout,73.19848293299621,30.24927834188964,42.94920459110657,PROMOTED,short-term vol vs longer-term <= 1.2039 AND slope of 50-DMA <= 0.7708 AND close position in weekly range >= 0.6229 AND weekly range % >= 11.7775,"Buy when rule fires; win if +10% within 20d, else exit at horizon. Rs5L account, direction=long.",volatility_expansion|weekly_strength,ignore
FALCPAT_6467,PARADEEP,5,4.445,2-5%,22.225,9.939322159986567,hit_25pc_30d,breakout,20.93669378845009,10.722915258072424,10.213778530377663,PROMOTED,volatility (20d ATR%) >= 3.8758 AND 60-day return <= -13.0654 AND 60d relative strength vs market >= -19.0757 AND close position in weekly range >= 0.5112,"Buy when rule fires; win if +25% within 30d, else exit at horizon. Rs5L account, direction=long.",volatility_expansion|recent_weakness|weekly_strength|relative_strength,ignore
FALCPAT_8333,PPLPHARMA,4,4.443,2-5%,17.772,8.886,hit_10pc_20d,compression,35.507246376811594,30.24927834188964,5.257968034921956,PROMOTED,distance from 60-day high <= -24.0447 AND distance from 200-DMA >= 6.4162 AND 5-day avg volume vs 20-day <= 0.7452,"Buy when rule fires; win if +10% within 20d, else exit at horizon. Rs5L account, direction=long.",pullback_from_high,ignore
FALCPAT_8366,NBCC,5,4.441,2-5%,22.205,9.930377888076567,hit_15pc_20d,breakout,48.59154929577465,15.52565995111252,33.06588934466213,PROMOTED,60-day return >= 70.2502 AND close position in weekly range >= 0.6135 AND distance from 20-week SMA >= 36.7502 AND weekly range % >= 9.6242,"Buy when rule fires; win if +15% within 20d, else exit at horizon. Rs5L account, direction=long.",volatility_expansion|weekly_strength,ignore
FALCPAT_8079,MAZDOCK,3,4.441,2-5%,13.323,7.692037636413383,hit_15pc_20d,other,32.34323432343234,15.52565995111252,16.81757437231982,PROMOTED,volatility (20d ATR%) >= 3.2695 AND 20-day return <= -13.6233 AND 5-day avg volume vs 20-day >= 0.6358 AND distance from 20-week SMA <= 3.4062,"Buy when rule fires; win if +15% within 20d, else exit at horizon. Rs5L account, direction=long.",volatility_expansion|recent_weakness,ignore
FALCPAT_6743,IFCI,4,4.434,2-5%,17.736,8.868,hit_25pc_30d,other,26.794258373205743,9.458155042142677,17.336103331063068,PROMOTED,volatility (20d ATR%) <= 5.1709 AND volatility (20d ATR%) >= 2.9713 AND distance from 200-DMA >= 91.4054 AND 60d relative strength vs market >= 22.8979,"Buy when rule fires; win if +25% within 30d, else exit at horizon. Rs5L account, direction=long.",volatility_expansion|relative_strength,ignore
FALCPAT_6754,UTIAMC,3,4.434,2-5%,13.302,7.679913280760402,hit_10pc_20d,breakout,44.25079221367135,32.698883353500555,11.55190886017079,PROMOTED,volatility (20d ATR%) <= 3.3478 AND 20d relative strength vs sector <= -0.1143 AND close position in weekly range >= 0.4991 AND weekly range % >= 6.8263,"Buy when rule fires; win if +10% within 20d, else exit at horizon. Rs5L account, direction=long.",volatility_expansion|weekly_strength|relative_strength,ignore
FALCPAT_9518,TECHNOE,6,4.429,2-5%,26.574,10.848790070786695,hit_25pc_30d,capitulation,23.748544819557623,10.408532325017468,13.34001249454016,PROMOTED,volatility (20d ATR%) >= 3.3726 AND distance from year-high <= -44.9665 AND 60-day return <= -2.7175 AND slope of 20-DMA >= -1.942,"Buy when rule fires; win if +25% within 30d, else exit at horizon. Rs5L account, direction=long.",pullback_from_high|volatility_expansion|recent_weakness,ignore
FALCPAT_9583,MAZDOCK,3,4.42,2-5%,13.26,7.655664569454437,hit_25pc_30d,capitulation,24.15522703273496,10.408532325017468,13.746694707717484,PROMOTED,volatility (20d ATR%) >= 4.0743 AND distance from year-high <= -32.3954 AND close position in weekly range <= 0.7707,"Buy when rule fires; win if +25% within 30d, else exit at horizon. Rs5L account, direction=long.",pullback_from_high|volatility_expansion|weekly_weak_close,ignore
FALCPAT_7780,SJVN,6,4.418,2-5%,26.508000000000003,10.82184568361608,hit_10pc_20d,mean_reversion,55.34799638445315,30.24927834188964,25.098718042563505,PROMOTED,days with sub-2.5% range in last 7 <= 0.5 AND 5-day return <= -6.6651 AND distance from 20-week SMA <= 3.0555,"Buy when rule fires; win if +10% within 20d, else exit at horizon. Rs5L account, direction=long.",compression|recent_weakness,ignore
FALCPAT_7296,JUBLPHARMA,4,4.418,2-5%,17.672,8.836,hit_15pc_20d,capitulation,35.16918646508279,17.450644806122114,17.718541658960678,PROMOTED,distance from year-high <= -43.4753 AND distance from 200-DMA <= 24.7508 AND 20d relative strength vs sector <= -5.3304,"Buy when rule fires; win if +15% within 20d, else exit at horizon. Rs5L account, direction=long.",pullback_from_high|relative_strength,ignore
FALCPAT_7320,JUBLPHARMA,4,4.418,2-5%,17.672,8.836,hit_10pc_20d,capitulation,49.32913698857048,32.698883353500555,16.630253635069923,PROMOTED,distance from year-high <= -43.4753 AND distance from 200-DMA <= 24.1184 AND 60d relative strength vs sector >= -40.4443,"Buy when rule fires; win if +10% within 20d, else exit at horizon. Rs5L account, direction=long.",pullback_from_high|relative_strength,ignore
FALCPAT_6328,NEULANDLAB,4,4.416,2-5%,17.664,8.832,hit_25pc_30d,breakout,17.285573447256,10.722915258072424,6.562658189183574,PROMOTED,distance from 200-DMA <= -9.4385 AND days with sub-75% volume in last 7 <= 2.5 AND close position in weekly range >= 0.4553 AND weekly range % >= 5.3895,"Buy when rule fires; win if +25% within 30d, else exit at horizon. Rs5L account, direction=long.",volatility_expansion|weekly_strength,ignore
FALCPAT_7305,TECHNOE,5,4.415,2-5%,22.075,9.872240120661573,hit_25pc_30d,capitulation,22.61995430312262,9.458155042142677,13.161799260979944,PROMOTED,distance from year-high <= -42.6117 AND days with sub-75% volume in last 20 <= 8.5 AND distance from 20-week SMA <= 19.3255,"Buy when rule fires; win if +25% within 30d, else exit at horizon. Rs5L account, direction=long.",pullback_from_high,ignore
FALCPAT_8378,GRAVITA,5,4.413,2-5%,22.065,9.867767984706573,hit_40pc_40d,capitulation,8.674863387978142,2.9651372889629943,5.709726099015147,PROMOTED,distance from 10-day high <= -18.52 AND distance from 120-day high <= -15.2508 AND distance from 20-week SMA <= -6.9757,"Buy when rule fires; win if +40% within 40d, else exit at horizon. Rs5L account, direction=long.",pullback_from_high,ignore
FALCPAT_8780,DATAPATTNS,9,4.408,2-5%,39.672000000000004,13.224,hit_15pc_20d,capitulation,35.860409145607704,19.56237142322798,16.298037722379725,PROMOTED,volatility (20d ATR%) >= 3.6112 AND distance from year-high <= -44.7637 AND distance from 50-DMA >= -3.7816 AND 60-day return <= 46.2598,"Buy when rule fires; win if +15% within 20d, else exit at horizon. Rs5L account, direction=long.",pullback_from_high|volatility_expansion|recent_weakness,ignore
FALCPAT_7976,GODREJIND,5,4.403,2-5%,22.014999999999997,9.845407304931573,hit_15pc_20d,breakout,39.295392953929536,15.52565995111252,23.769733002817016,PROMOTED,volatility (20d ATR%) >= 2.9808 AND days with sub-3% range in last 7 <= 3.5 AND close position in weekly range >= 0.7255 AND distance from 20-week SMA <= -3.6827,"Buy when rule fires; win if +15% within 20d, else exit at horizon. Rs5L account, direction=long.",volatility_expansion|compression|weekly_strength,ignore
FALCPAT_8455,GODREJIND,5,4.403,2-5%,22.014999999999997,9.845407304931573,hit_10pc_20d,breakout,68.57869454648205,30.24927834188964,38.32941620459241,PROMOTED,volatility (20d ATR%) >= 3.5945 AND distance from 60-day high <= -22.0998 AND slope of 20-DMA <= -1.3013 AND close position in weekly range >= 0.7018,"Buy when rule fires; win if +10% within 20d, else exit at horizon. Rs5L account, direction=long.",pullback_from_high|volatility_expansion|weekly_strength,ignore
FALCPAT_9505,GILLETTE,3,4.402,2-5%,13.206,7.624487654918197,hit_10pc_20d,capitulation,54.83998419596997,35.380587245184216,19.45939695078576,PROMOTED,distance from 120-day high <= -24.3888 AND 60-day return <= -18.2025 AND RSI(14) <= 30.1137,"Buy when rule fires; win if +10% within 20d, else exit at horizon. Rs5L account, direction=long.",oversold|pullback_from_high|recent_weakness,ignore
FALCPAT_9342,KIRLOSENG,3,4.393,2-5%,13.178999999999998,7.608899197650077,hit_10pc_20d,breakout,35.93677359367736,35.380587245184216,0.5561863484931429,PROMOTED,volatility (20d ATR%) <= 3.3809 AND volatility (20d ATR%) >= 2.691 AND 60-day return <= -0.2981 AND close position in weekly range >= 0.6707,"Buy when rule fires; win if +10% within 20d, else exit at horizon. Rs5L account, direction=long.",volatility_expansion|recent_weakness|weekly_strength,ignore
FALCPAT_6741,OLECTRA,6,4.387,2-5%,26.321999999999996,10.7459115015898,hit_25pc_30d,breakout,20.36948748510132,9.458155042142677,10.911332442958637,PROMOTED,volatility (20d ATR%) >= 2.9713 AND distance from 120-day high >= -11.2596 AND 60d relative strength vs market <= 22.8979 AND distance from 20-week SMA >= 17.6114,"Buy when rule fires; win if +25% within 30d, else exit at horizon. Rs5L account, direction=long.",volatility_expansion|relative_strength,ignore
FALCPAT_8348,IFCI,5,4.381,2-5%,21.905,9.796213809426579,hit_25pc_30d,other,11.20234604105572,7.722364089468664,3.479981951587055,PROMOTED,distance from 50-DMA <= 7.1184 AND RSI(14) >= 41.0395 AND close position in weekly range <= 0.6784 AND weekly range % >= 14.8541,"Buy when rule fires; win if +25% within 30d, else exit at horizon. Rs5L account, direction=long.",oversold|volatility_expansion|weekly_weak_close,ignore
FALCPAT_6810,CHAMBLFERT,4,4.381,2-5%,17.524,8.762,hit_15pc_20d,breakout,45.57649667405765,17.450644806122114,28.125851867935538,PROMOTED,volatility (20d ATR%) >= 3.2466 AND close position in weekly range >= 0.4626 AND distance from 20-week SMA >= 21.7495 AND weekly range % >= 8.4568,"Buy when rule fires; win if +15% within 20d, else exit at horizon. Rs5L account, direction=long.",volatility_expansion|weekly_strength,ignore
FALCPAT_7180,CHAMBLFERT,4,4.381,2-5%,17.524,8.762,hit_15pc_20d,breakout,49.44930810505507,17.450644806122114,31.99866329893295,PROMOTED,volatility (20d ATR%) >= 2.9331 AND close position in weekly range >= 0.6044 AND distance from 20-week SMA >= 21.1347 AND weekly range % >= 9.6857,"Buy when rule fires; win if +15% within 20d, else exit at horizon. Rs5L account, direction=long.",volatility_expansion|weekly_strength,ignore
FALCPAT_8066,CYIENT,3,4.378,2-5%,13.134,7.582918435536545,hit_10pc_20d,other,44.23754403623553,30.24927834188964,13.988265694345891,PROMOTED,distance from 20-day high <= -16.1936 AND RSI(14) >= 30.4449 AND close position in weekly range <= 0.4857 AND weekly range % >= 7.862,"Buy when rule fires; win if +10% within 20d, else exit at horizon. Rs5L account, direction=long.",oversold|pullback_from_high|volatility_expansion|weekly_weak_close,ignore
FALCPAT_8378,HFCL,5,4.368,2-5%,21.840000000000003,9.767144925719082,hit_40pc_40d,capitulation,8.674863387978142,2.9651372889629943,5.709726099015147,PROMOTED,distance from 10-day high <= -18.52 AND distance from 120-day high <= -15.2508 AND distance from 20-week SMA <= -6.9757,"Buy when rule fires; win if +40% within 40d, else exit at horizon. Rs5L account, direction=long.",pullback_from_high,ignore
FALCPAT_9393,TTML,6,4.358,2-5%,26.147999999999996,10.674876299049089,hit_10pc_20d,breakout,39.69344608879493,35.380587245184216,4.312858843610712,PROMOTED,volatility (20d ATR%) <= 3.3431 AND close position in weekly range >= 0.6066 AND weekly range % >= 8.0737,"Buy when rule fires; win if +10% within 20d, else exit at horizon. Rs5L account, direction=long.",volatility_expansion|weekly_strength,ignore
FALCPAT_8378,VIJAYA,8,4.357,2-5%,34.856,12.323456982519152,hit_40pc_40d,capitulation,8.674863387978142,2.9651372889629943,5.709726099015147,PROMOTED,distance from 10-day high <= -18.52 AND distance from 120-day high <= -15.2508 AND distance from 20-week SMA <= -6.9757,"Buy when rule fires; win if +40% within 40d, else exit at horizon. Rs5L account, direction=long.",pullback_from_high,ignore
FALCPAT_8407,RVNL,15,4.355,2-5%,65.325,16.866842472733303,hit_10pc_20d,breakout,58.27659074900211,30.24927834188964,28.02731240711247,PROMOTED,60-day return <= 31.9685 AND close position in weekly range >= 0.5947 AND distance from 20-week SMA >= 8.8666 AND weekly range % >= 9.4741,"Buy when rule fires; win if +10% within 20d, else exit at horizon. Rs5L account, direction=long.",volatility_expansion|recent_weakness|weekly_strength,A_high_edge
FALCPAT_8065,POONAWALLA,3,4.355,2-5%,13.065000000000001,7.543081266962461,hit_10pc_20d,capitulation,41.82509505703423,30.24927834188964,11.575816715144583,PROMOTED,distance from 20-day high <= -16.1936 AND RSI(14) <= 30.4449 AND close position in weekly range <= 0.4857 AND weekly range % >= 7.862,"Buy when rule fires; win if +10% within 20d, else exit at horizon. Rs5L account, direction=long.",oversold|pullback_from_high|volatility_expansion|weekly_weak_close,ignore
FALCPAT_6474,CGCL,6,4.353,2-5%,26.118,10.662628850335173,hit_15pc_20d,capitulation,35.66478995236033,18.31582194494749,17.34896800741284,PROMOTED,volatility (20d ATR%) >= 2.7816 AND distance from year-high <= -43.9096,"Buy when rule fires; win if +15% within 20d, else exit at horizon. Rs5L account, direction=long.",pullback_from_high|volatility_expansion,ignore
FALCPAT_7297,CGCL,6,4.353,2-5%,26.118,10.662628850335173,hit_15pc_20d,capitulation,31.286635404454863,17.450644806122114,13.835990598332751,PROMOTED,distance from year-high <= -43.4753 AND distance from 200-DMA <= 24.7508 AND 20d relative strength vs sector >= -5.3304,"Buy when rule fires; win if +15% within 20d, else exit at horizon. Rs5L account, direction=long.",pullback_from_high|relative_strength,ignore
FALCPAT_7320,CGCL,6,4.353,2-5%,26.118,10.662628850335173,hit_10pc_20d,capitulation,49.32913698857048,32.698883353500555,16.630253635069923,PROMOTED,distance from year-high <= -43.4753 AND distance from 200-DMA <= 24.1184 AND 60d relative strength vs sector >= -40.4443,"Buy when rule fires; win if +10% within 20d, else exit at horizon. Rs5L account, direction=long.",pullback_from_high|relative_strength,ignore
FALCPAT_8317,MMTC,7,4.346,2-5%,30.422,11.498435197886712,hit_15pc_20d,other,22.5,15.52565995111252,6.974340048887481,PROMOTED,volatility (20d ATR%) >= 3.1996 AND distance from 200-DMA >= 47.1586 AND slope of 20-DMA <= 1.267 AND close position in weekly range >= 0.4185,"Buy when rule fires; win if +15% within 20d, else exit at horizon. Rs5L account, direction=long.",volatility_expansion|weekly_strength,ignore
FALCPAT_8547,IOB,8,4.338,2-5%,34.704,12.269716867148974,hit_40pc_40d,breakout,16.18874773139746,2.9651372889629943,13.223610442434468,PROMOTED,volatility (20d ATR%) >= 3.4337 AND close position in weekly range >= 0.7802 AND weekly range % >= 13.9527,"Buy when rule fires; win if +40% within 40d, else exit at horizon. Rs5L account, direction=long.",volatility_expansion|weekly_strength,ignore
FALCPAT_8429,POONAWALLA,5,4.332,2-5%,21.66,9.68664647852909,hit_15pc_20d,breakout,45.43018755582018,15.52565995111252,29.904527604707663,PROMOTED,volatility (20d ATR%) >= 4.3977 AND 60d relative strength vs sector <= 27.5345 AND close position in weekly range >= 0.4638 AND weekly range % >= 9.4741,"Buy when rule fires; win if +15% within 20d, else exit at horizon. Rs5L account, direction=long.",volatility_expansion|weekly_strength|relative_strength,ignore
FALCPAT_9370,POONAWALLA,5,4.332,2-5%,21.66,9.68664647852909,hit_15pc_20d,breakout,59.79381443298969,19.56237142322798,40.23144300976171,PROMOTED,volatility (20d ATR%) >= 4.3375 AND close position in weekly range >= 0.7694 AND weekly range % >= 14.0257,"Buy when rule fires; win if +15% within 20d, else exit at horizon. Rs5L account, direction=long.",volatility_expansion|weekly_strength,ignore
FALCPAT_6227,OLECTRA,5,4.331,2-5%,21.655,9.68441041055159,hit_10pc_20d,breakout,41.38662893526707,34.00746195228712,7.379166982979951,PROMOTED,distance from 200-DMA <= 14.1688 AND 60d relative strength vs market >= -4.0304 AND 5-day avg volume vs 20-day >= 1.1659 AND close position in weekly range >= 0.7031,"Buy when rule fires; win if +10% within 20d, else exit at horizon. Rs5L account, direction=long.",weekly_strength|relative_strength,ignore
FALCPAT_8325,IRCON,6,4.327,2-5%,25.962,10.59894211702281,hit_10pc_20d,breakout,64.87179487179488,30.24927834188964,34.62251652990523,PROMOTED,60-day return <= 69.6886 AND close position in weekly range >= 0.7007 AND distance from 20-week SMA >= 39.2838 AND weekly range % >= 5.1372,"Buy when rule fires; win if +10% within 20d, else exit at horizon. Rs5L account, direction=long.",volatility_expansion|recent_weakness|weekly_strength,ignore
FALCPAT_6804,JKTYRE,5,4.326,2-5%,21.63,9.67323007066409,hit_15pc_20d,breakout,26.35539592953652,17.450644806122114,8.904751123414398,PROMOTED,volatility (20d ATR%) <= 3.2466 AND close position in weekly range >= 0.4991 AND weekly range % >= 9.7296,"Buy when rule fires; win if +15% within 20d, else exit at horizon. Rs5L account, direction=long.",volatility_expansion|weekly_strength,ignore
FALCPAT_8668,GPIL,8,4.325,2-5%,34.6,12.232947314527273,hit_10pc_20d,capitulation,60.93093093093093,35.380587245184216,25.55034368574671,PROMOTED,volatility (20d ATR%) >= 4.2698 AND distance from year-high <= -30.0108 AND 60d relative strength vs sector <= -0.0247,"Buy when rule fires; win if +10% within 20d, else exit at horizon. Rs5L account, direction=long.",pullback_from_high|volatility_expansion|relative_strength,ignore
FALCPAT_6329,RAMCOCEM,3,4.324,2-5%,12.972,7.489387691927825,hit_25pc_30d,breakout,18.579651261215503,10.722915258072424,7.856736003143084,PROMOTED,distance from 200-DMA <= -9.4385 AND days with sub-75% volume in last 7 >= 2.5 AND close position in weekly range >= 0.4553 AND weekly range % >= 5.3895,"Buy when rule fires; win if +25% within 30d, else exit at horizon. Rs5L account, direction=long.",volatility_expansion|weekly_strength,ignore
FALCPAT_8791,GICRE,4,4.32,2-5%,17.28,8.64,hit_40pc_40d,capitulation,5.803571428571429,4.088422971741112,1.7151484568303164,PROMOTED,days with sub-3% range in last 7 <= 3.5 AND 20-day return <= -9.9721 AND RSI(14) <= 26.3331 AND 5-day avg volume vs 20-day <= 0.8266,"Buy when rule fires; win if +40% within 40d, else exit at horizon. Rs5L account, direction=long.",oversold|compression|recent_weakness,ignore
FALCPAT_7820,JUBLPHARMA,3,4.317,2-5%,12.951,7.477263336274843,hit_40pc_40d,mean_reversion,8.067484662576687,2.9651372889629943,5.102347373613693,PROMOTED,RSI(14) <= 36.9408 AND distance from 20-week SMA <= 2.045 AND weekly range % >= 13.229,"Buy when rule fires; win if +40% within 40d, else exit at horizon. Rs5L account, direction=long.",oversold|volatility_expansion,ignore
FALCPAT_9370,IOB,6,4.316,2-5%,25.896,10.571997729852196,hit_15pc_20d,breakout,59.79381443298969,19.56237142322798,40.23144300976171,PROMOTED,volatility (20d ATR%) >= 4.3375 AND close position in weekly range >= 0.7694 AND weekly range % >= 14.0257,"Buy when rule fires; win if +15% within 20d, else exit at horizon. Rs5L account, direction=long.",volatility_expansion|weekly_strength,ignore
FALCPAT_9318,ACE,4,4.311,2-5%,17.244,8.622,hit_25pc_30d,capitulation,27.692307692307693,10.408532325017468,17.28377536729023,PROMOTED,distance from year-high <= -27.2313 AND distance from 60-day high <= -12.4475 AND slope of 50-DMA >= -0.5788 AND weekly range % >= 9.5581,"Buy when rule fires; win if +25% within 30d, else exit at horizon. Rs5L account, direction=long.",pullback_from_high|volatility_expansion,ignore
FALCPAT_8348,SONATSOFTW,3,4.308,2-5%,12.924,7.461674879006723,hit_25pc_30d,other,11.20234604105572,7.722364089468664,3.479981951587055,PROMOTED,distance from 50-DMA <= 7.1184 AND RSI(14) >= 41.0395 AND close position in weekly range <= 0.6784 AND weekly range % >= 14.8541,"Buy when rule fires; win if +25% within 30d, else exit at horizon. Rs5L account, direction=long.",oversold|volatility_expansion|weekly_weak_close,ignore
FALCPAT_8332,AUROPHARMA,3,4.307,2-5%,12.921000000000001,7.459942828199154,hit_10pc_20d,other,53.716904276985744,30.24927834188964,23.467625935096105,PROMOTED,distance from 200-DMA <= 6.4162 AND weekly range % >= 16.3281,"Buy when rule fires; win if +10% within 20d, else exit at horizon. Rs5L account, direction=long.",volatility_expansion,ignore
FALCPAT_9318,AUROPHARMA,3,4.307,2-5%,12.921000000000001,7.459942828199154,hit_25pc_30d,capitulation,27.692307692307693,10.408532325017468,17.28377536729023,PROMOTED,distance from year-high <= -27.2313 AND distance from 60-day high <= -12.4475 AND slope of 50-DMA >= -0.5788 AND weekly range % >= 9.5581,"Buy when rule fires; win if +25% within 30d, else exit at horizon. Rs5L account, direction=long.",pullback_from_high|volatility_expansion,ignore
FALCPAT_6424,BSE,3,4.302,2-5%,12.905999999999999,7.451282574161309,hit_10pc_20d,breakout,67.80150028851702,34.00746195228712,33.79403833622991,PROMOTED,volatility (20d ATR%) >= 3.7232 AND 60-day return <= -14.7778 AND close position in weekly range >= 0.6594,"Buy when rule fires; win if +10% within 20d, else exit at horizon. Rs5L account, direction=long.",volatility_expansion|recent_weakness|weekly_strength,ignore
FALCPAT_8455,BSE,3,4.302,2-5%,12.905999999999999,7.451282574161309,hit_10pc_20d,breakout,68.57869454648205,30.24927834188964,38.32941620459241,PROMOTED,volatility (20d ATR%) >= 3.5945 AND distance from 60-day high <= -22.0998 AND slope of 20-DMA <= -1.3013 AND close position in weekly range >= 0.7018,"Buy when rule fires; win if +10% within 20d, else exit at horizon. Rs5L account, direction=long.",pullback_from_high|volatility_expansion|weekly_strength,ignore
FALCPAT_8206,HDFCLIFE,3,4.298,2-5%,12.894,7.444354370931034,hit_15pc_20d,capitulation,30.73079325421612,15.52565995111252,15.205133303103596,PROMOTED,volatility (20d ATR%) >= 2.8187 AND distance from year-high <= -29.5833 AND distance from 60-day high <= -25.0326 AND close position in weekly range <= 0.4392,"Buy when rule fires; win if +15% within 20d, else exit at horizon. Rs5L account, direction=long.",pullback_from_high|volatility_expansion|weekly_weak_close,ignore
FALCPAT_7964,ITI,10,4.292,2-5%,42.92,13.572495717442685,hit_10pc_20d,breakout,70.96171802054155,30.24927834188964,40.71243967865191,PROMOTED,short-term vol vs longer-term <= 1.2039 AND slope of 50-DMA >= 0.7708 AND close position in weekly range >= 0.6229 AND weekly range % >= 11.7775,"Buy when rule fires; win if +10% within 20d, else exit at horizon. Rs5L account, direction=long.",volatility_expansion|weekly_strength,A_high_edge
FALCPAT_7760,ERIS,5,4.289,2-5%,21.445,9.590495555496597,hit_10pc_20d,breakout,54.36893203883495,30.24927834188964,24.11965369694531,PROMOTED,distance from 20-DMA >= 9.1181 AND close position in weekly range >= 0.4818 AND weekly range % >= 16.4858,"Buy when rule fires; win if +10% within 20d, else exit at horizon. Rs5L account, direction=long.",volatility_expansion|weekly_strength,ignore
FALCPAT_7801,CEMPRO,4,4.289,2-5%,17.156,8.578,hit_25pc_30d,mean_reversion,16.007466003021953,7.722364089468664,8.285101913553289,PROMOTED,distance from 20-DMA <= -7.2311 AND distance from 200-DMA <= 3.487 AND distance from 20-week SMA <= 3.0555,"Buy when rule fires; win if +25% within 30d, else exit at horizon. Rs5L account, direction=long.",other,ignore
FALCPAT_8101,TATASTEEL,3,4.289,2-5%,12.866999999999999,7.428765913662914,hit_10pc_20d,breakout,69.03997665596732,30.24927834188964,38.79069831407767,PROMOTED,volatility (20d ATR%) >= 3.1155 AND 5-day return <= 5.4794 AND close position in weekly range >= 0.53 AND weekly range % >= 10.472,"Buy when rule fires; win if +10% within 20d, else exit at horizon. Rs5L account, direction=long.",volatility_expansion|recent_weakness|weekly_strength,ignore
FALCPAT_9221,REDINGTON,3,4.288,2-5%,12.864,7.427033862855346,hit_25pc_30d,other,33.80952380952381,10.408532325017468,23.400991484506346,PROMOTED,volatility (20d ATR%) >= 4.4887 AND daily range % >= 5.6888 AND 20d relative strength vs sector <= -11.6776,"Buy when rule fires; win if +25% within 30d, else exit at horizon. Rs5L account, direction=long.",volatility_expansion|relative_strength,ignore
FALCPAT_8269,IDBI,4,4.285,2-5%,17.14,8.57,hit_15pc_20d,capitulation,39.48043352362042,15.52565995111252,23.954773572507897,PROMOTED,distance from year-high <= -32.38 AND distance from 60-day high <= -19.3918 AND days with sub-3% range in last 7 <= 3.5 AND 60d relative strength vs sector <= 1.7032,"Buy when rule fires; win if +15% within 20d, else exit at horizon. Rs5L account, direction=long.",pullback_from_high|compression|relative_strength,ignore
FALCPAT_6804,RAMCOCEM,4,4.284,2-5%,17.136,8.568,hit_15pc_20d,breakout,26.35539592953652,17.450644806122114,8.904751123414398,PROMOTED,volatility (20d ATR%) <= 3.2466 AND close position in weekly range >= 0.4991 AND weekly range % >= 9.7296,"Buy when rule fires; win if +15% within 20d, else exit at horizon. Rs5L account, direction=long.",volatility_expansion|weekly_strength,ignore
FALCPAT_7471,RAMCOCEM,4,4.284,2-5%,17.136,8.568,hit_15pc_20d,breakout,34.02133122654553,17.450644806122114,16.57068642042341,PROMOTED,60d relative strength vs sector >= -5.1916 AND close position in weekly range >= 0.5947 AND distance from 20-week SMA <= 19.4889 AND weekly range % >= 10.0582,"Buy when rule fires; win if +15% within 20d, else exit at horizon. Rs5L account, direction=long.",volatility_expansion|weekly_strength|relative_strength,ignore
FALCPAT_7872,RAMCOCEM,4,4.284,2-5%,17.136,8.568,hit_15pc_20d,breakout,36.99297692417945,15.52565995111252,21.46731697306693,PROMOTED,daily range % >= 4.7404 AND close position in weekly range >= 0.5692 AND weekly range % >= 9.2163,"Buy when rule fires; win if +15% within 20d, else exit at horizon. Rs5L account, direction=long.",volatility_expansion|weekly_strength,ignore
FALCPAT_8364,RAMCOCEM,4,4.284,2-5%,17.136,8.568,hit_15pc_20d,breakout,36.29958430212076,15.52565995111252,20.773924351008244,PROMOTED,60-day return <= 32.9608 AND close position in weekly range >= 0.6135 AND distance from 20-week SMA <= 36.7502 AND weekly range % >= 9.6242,"Buy when rule fires; win if +15% within 20d, else exit at horizon. Rs5L account, direction=long.",volatility_expansion|recent_weakness|weekly_strength,ignore
FALCPAT_8094,SAREGAMA,3,4.282,2-5%,12.846,7.416641558009932,hit_10pc_20d,breakout,36.84210526315789,30.24927834188964,6.592826921268252,PROMOTED,volatility (20d ATR%) <= 3.1155 AND close position in weekly range >= 0.7582 AND distance from 20-week SMA <= -0.1748 AND weekly range % >= 6.692,"Buy when rule fires; win if +10% within 20d, else exit at horizon. Rs5L account, direction=long.",volatility_expansion|weekly_strength,ignore
FALCPAT_7515,BLS,4,4.273,2-5%,17.092,8.546,hit_15pc_20d,capitulation,29.247557416571503,17.450644806122114,11.796912610449386,PROMOTED,volatility (20d ATR%) >= 3.6302 AND distance from year-high <= -24.7275 AND slope of 50-DMA >= -0.072 AND distance from 20-week SMA <= 13.8145,"Buy when rule fires; win if +15% within 20d, else exit at horizon. Rs5L account, direction=long.",pullback_from_high|volatility_expansion,ignore
FALCPAT_8332,POONAWALLA,9,4.272,2-5%,38.448,12.816,hit_10pc_20d,other,53.716904276985744,30.24927834188964,23.467625935096105,PROMOTED,distance from 200-DMA <= 6.4162 AND weekly range % >= 16.3281,"Buy when rule fires; win if +10% within 20d, else exit at horizon. Rs5L account, direction=long.",volatility_expansion,ignore
FALCPAT_6865,GLAXO,3,4.267,2-5%,12.801000000000002,7.3906607958964,hit_40pc_40d,capitulation,11.509591326105086,4.0653742907808095,7.444217035324277,PROMOTED,volatility (20d ATR%) >= 2.6793 AND distance from 120-day high <= -28.3595 AND distance from 200-DMA <= 14.55 AND close position in weekly range >= 0.8126,"Buy when rule fires; win if +40% within 40d, else exit at horizon. Rs5L account, direction=long.",pullback_from_high|volatility_expansion|weekly_strength,ignore
FALCPAT_7764,CHAMBLFERT,4,4.266,2-5%,17.064,8.532,hit_15pc_20d,other,43.37478559176672,15.52565995111252,27.849125640654204,PROMOTED,volatility (20d ATR%) >= 3.4791 AND close position in weekly range >= 0.2163 AND distance from 20-week SMA <= 11.1709 AND weekly range % >= 13.6861,"Buy when rule fires; win if +15% within 20d, else exit at horizon. Rs5L account, direction=long.",volatility_expansion|weekly_strength,ignore
FALCPAT_9266,JUBLPHARMA,8,4.265,2-5%,34.12,12.0632416870425,hit_25pc_30d,mean_reversion,26.7104542966612,10.408532325017468,16.30192197164373,PROMOTED,distance from 60-day high <= -5.8193 AND distance from 50-DMA <= -15.3122 AND distance from 20-week SMA <= 14.3274 AND weekly range % >= 5.7248,"Buy when rule fires; win if +25% within 30d, else exit at horizon. Rs5L account, direction=long.",pullback_from_high|volatility_expansion,ignore
FALCPAT_8766,VIJAYA,4,4.263,2-5%,17.052,8.526,hit_10pc_20d,other,56.95732838589982,35.380587245184216,21.576741140715605,PROMOTED,volatility (20d ATR%) >= 3.6888 AND distance from 20-day high <= -19.8967 AND distance from year-high >= -45.8202 AND distance from 60-day high <= -28.1363,"Buy when rule fires; win if +10% within 20d, else exit at horizon. Rs5L account, direction=long.",pullback_from_high|volatility_expansion,ignore
FALCPAT_9111,PARADEEP,3,4.256,2-5%,12.768,7.371608237013142,hit_10pc_20d,breakout,63.94869445716903,35.380587245184216,28.568107211984817,PROMOTED,volatility (20d ATR%) >= 3.307 AND distance from 200-DMA <= -0.9248 AND close position in weekly range >= 0.7784 AND distance from 20-week SMA <= -1.7511,"Buy when rule fires; win if +10% within 20d, else exit at horizon. Rs5L account, direction=long.",volatility_expansion|weekly_strength,ignore
FALCPAT_7764,GODFRYPHLP,5,4.253,2-5%,21.265,9.509997108306607,hit_15pc_20d,other,43.37478559176672,15.52565995111252,27.849125640654204,PROMOTED,volatility (20d ATR%) >= 3.4791 AND close position in weekly range >= 0.2163 AND distance from 20-week SMA <= 11.1709 AND weekly range % >= 13.6861,"Buy when rule fires; win if +15% within 20d, else exit at horizon. Rs5L account, direction=long.",volatility_expansion|weekly_strength,ignore
FALCPAT_7201,GABRIEL,3,4.253,2-5%,12.759,7.366412084590435,hit_25pc_30d,breakout,31.872852233676973,9.458155042142677,22.41469719153429,PROMOTED,distance from 50-DMA >= 31.3804 AND close position in weekly range >= 0.2462 AND distance from 20-week SMA >= 21.4949 AND weekly range % >= 10.7355,"Buy when rule fires; win if +25% within 30d, else exit at horizon. Rs5L account, direction=long.",volatility_expansion|weekly_strength,ignore
FALCPAT_8332,CHOLAHLDNG,3,4.253,2-5%,12.759,7.366412084590435,hit_10pc_20d,other,53.716904276985744,30.24927834188964,23.467625935096105,PROMOTED,distance from 200-DMA <= 6.4162 AND weekly range % >= 16.3281,"Buy when rule fires; win if +10% within 20d, else exit at horizon. Rs5L account, direction=long.",volatility_expansion,ignore
FALCPAT_9221,IRFC,4,4.25,2-5%,17.0,8.5,hit_25pc_30d,other,33.80952380952381,10.408532325017468,23.400991484506346,PROMOTED,volatility (20d ATR%) >= 4.4887 AND daily range % >= 5.6888 AND 20d relative strength vs sector <= -11.6776,"Buy when rule fires; win if +25% within 30d, else exit at horizon. Rs5L account, direction=long.",volatility_expansion|relative_strength,ignore
FALCPAT_7160,AEGISLOG,4,4.249,2-5%,16.996,8.498,hit_10pc_20d,capitulation,47.661141804788215,32.698883353500555,14.962258451287658,PROMOTED,volatility (20d ATR%) >= 2.2284 AND distance from 120-day high <= -32.8368 AND close position in weekly range <= 0.5467 AND distance from 20-week SMA <= 8.4216,"Buy when rule fires; win if +10% within 20d, else exit at horizon. Rs5L account, direction=long.",pullback_from_high|volatility_expansion|weekly_weak_close,ignore
FALCPAT_9403,AEGISLOG,4,4.249,2-5%,16.996,8.498,hit_15pc_20d,capitulation,46.963824289405686,19.56237142322798,27.40145286617771,PROMOTED,volatility (20d ATR%) >= 3.3506 AND distance from 120-day high <= -34.8035 AND slope of 50-DMA <= 0.2647,"Buy when rule fires; win if +15% within 20d, else exit at horizon. Rs5L account, direction=long.",pullback_from_high|volatility_expansion,ignore
FALCPAT_8525,HINDCOPPER,5,4.245,2-5%,21.225,9.492108564486609,,,,,,,,,other,ignore
FALCPAT_9210,POWERINDIA,4,4.239,2-5%,16.956,8.478,hit_10pc_20d,other,66.83006535947712,35.380587245184216,31.449478114292905,PROMOTED,volatility (20d ATR%) >= 3.2014 AND 60d relative strength vs market <= -9.7985 AND slope of 20-DMA <= -5.1315 AND close position in weekly range >= 0.1404,"Buy when rule fires; win if +10% within 20d, else exit at horizon. Rs5L account, direction=long.",volatility_expansion|weekly_strength|relative_strength,ignore
FALCPAT_8138,PGEL,4,4.238,2-5%,16.952,8.476,hit_15pc_20d,capitulation,32.26495726495727,15.52565995111252,16.739297313844748,PROMOTED,volatility (20d ATR%) >= 3.7778 AND distance from year-high <= -38.3916 AND close position in weekly range <= 0.53,"Buy when rule fires; win if +15% within 20d, else exit at horizon. Rs5L account, direction=long.",pullback_from_high|volatility_expansion|weekly_weak_close,ignore
FALCPAT_7764,POONAWALLA,7,4.237,2-5%,29.659,11.21004830498067,hit_15pc_20d,other,43.37478559176672,15.52565995111252,27.849125640654204,PROMOTED,volatility (20d ATR%) >= 3.4791 AND close position in weekly range >= 0.2163 AND distance from 20-week SMA <= 11.1709 AND weekly range % >= 13.6861,"Buy when rule fires; win if +15% within 20d, else exit at horizon. Rs5L account, direction=long.",volatility_expansion|weekly_strength,ignore
FALCPAT_8547,POONAWALLA,7,4.237,2-5%,29.659,11.21004830498067,hit_40pc_40d,breakout,16.18874773139746,2.9651372889629943,13.223610442434468,PROMOTED,volatility (20d ATR%) >= 3.4337 AND close position in weekly range >= 0.7802 AND weekly range % >= 13.9527,"Buy when rule fires; win if +40% within 40d, else exit at horizon. Rs5L account, direction=long.",volatility_expansion|weekly_strength,ignore
FALCPAT_9528,LAURUSLABS,4,4.236,2-5%,16.944,8.472,hit_25pc_30d,capitulation,18.63636363636364,10.408532325017468,8.227831311346169,PROMOTED,volatility (20d ATR%) >= 3.347 AND distance from 120-day high <= -28.3924 AND 20d relative strength vs market <= -10.0472,"Buy when rule fires; win if +25% within 30d, else exit at horizon. Rs5L account, direction=long.",pullback_from_high|volatility_expansion|relative_strength,ignore
FALCPAT_7764,INTELLECT,6,4.235,2-5%,25.410000000000004,10.37358906068676,hit_15pc_20d,other,43.37478559176672,15.52565995111252,27.849125640654204,PROMOTED,volatility (20d ATR%) >= 3.4791 AND close position in weekly range >= 0.2163 AND distance from 20-week SMA <= 11.1709 AND weekly range % >= 13.6861,"Buy when rule fires; win if +15% within 20d, else exit at horizon. Rs5L account, direction=long.",volatility_expansion|weekly_strength,ignore
FALCPAT_8462,GODFRYPHLP,7,4.231,2-5%,29.616999999999997,11.194173797114283,hit_15pc_20d,other,42.62422360248447,15.52565995111252,27.09856365137196,PROMOTED,slope of 50-DMA <= 0.4452 AND close position in weekly range >= 0.2196 AND weekly range % >= 12.8017,"Buy when rule fires; win if +15% within 20d, else exit at horizon. Rs5L account, direction=long.",volatility_expansion|weekly_strength,ignore
FALCPAT_9061,CGPOWER,3,4.229,2-5%,12.687000000000001,7.324842865208782,hit_15pc_20d,other,44.18604651162791,19.56237142322798,24.623675088399928,PROMOTED,volatility (20d ATR%) >= 5.9082 AND distance from 20-week SMA <= -16.5781,"Buy when rule fires; win if +15% within 20d, else exit at horizon. Rs5L account, direction=long.",volatility_expansion,ignore
FALCPAT_7004,TATAINVEST,3,4.228,2-5%,12.684,7.323110814401212,hit_10pc_20d,capitulation,62.5378864417054,32.698883353500555,29.83900308820484,PROMOTED,distance from year-high <= -41.9877 AND distance from 60-day high <= -24.9727 AND close position in weekly range >= 0.1497 AND distance from 20-week SMA <= 2.2342,"Buy when rule fires; win if +10% within 20d, else exit at horizon. Rs5L account, direction=long.",pullback_from_high|weekly_strength,ignore
FALCPAT_8890,ERIS,9,4.224,2-5%,38.016000000000005,12.672,hit_40pc_40d,other,7.41444866920152,4.088422971741112,3.326025697460408,PROMOTED,distance from 200-DMA >= -27.8495 AND daily range % >= 9.3513,"Buy when rule fires; win if +40% within 40d, else exit at horizon. Rs5L account, direction=long.",volatility_expansion,ignore
FALCPAT_6754,TTML,4,4.222,2-5%,16.888,8.444,hit_10pc_20d,breakout,44.25079221367135,32.698883353500555,11.55190886017079,PROMOTED,volatility (20d ATR%) <= 3.3478 AND 20d relative strength vs sector <= -0.1143 AND close position in weekly range >= 0.4991 AND weekly range % >= 6.8263,"Buy when rule fires; win if +10% within 20d, else exit at horizon. Rs5L account, direction=long.",volatility_expansion|weekly_strength|relative_strength,ignore
FALCPAT_8957,HBLENGINE,6,4.221,2-5%,25.326,10.339296204287795,hit_25pc_30d,capitulation,24.99177902005919,10.408532325017468,14.583246695041725,PROMOTED,distance from year-high <= -31.6766 AND distance from 60-day high <= -23.6276 AND distance from 200-DMA <= 28.1487 AND days with sub-75% volume in last 20 <= 11.5,"Buy when rule fires; win if +25% within 30d, else exit at horizon. Rs5L account, direction=long.",pullback_from_high,ignore
FALCPAT_7962,NEULANDLAB,3,4.217,2-5%,12.651,7.304058255517955,hit_10pc_20d,breakout,42.96264118158123,30.24927834188964,12.713362839691596,PROMOTED,close position in weekly range >= 0.9553 AND weekly range % <= 11.7775,"Buy when rule fires; win if +10% within 20d, else exit at horizon. Rs5L account, direction=long.",compression|weekly_strength,ignore
FALCPAT_7631,RAMCOCEM,3,4.211,2-5%,12.633000000000001,7.293665950672542,hit_25pc_30d,other,19.38718140929535,7.722364089468664,11.664817319826687,PROMOTED,distance from 200-DMA <= 7.1232 AND close position in weekly range >= 0.4448 AND distance from 20-week SMA <= 9.6939 AND weekly range % >= 9.9626,"Buy when rule fires; win if +25% within 30d, else exit at horizon. Rs5L account, direction=long.",volatility_expansion|weekly_strength,ignore
FALCPAT_7709,RAMCOCEM,3,4.211,2-5%,12.633000000000001,7.293665950672542,hit_15pc_20d,breakout,35.12149212867899,17.450644806122114,17.670847322556874,PROMOTED,volatility (20d ATR%) >= 2.6034 AND close position in weekly range >= 0.4883 AND distance from 20-week SMA <= 17.526 AND weekly range % >= 9.3895,"Buy when rule fires; win if +15% within 20d, else exit at horizon. Rs5L account, direction=long.",volatility_expansion|weekly_strength,ignore
FALCPAT_8211,RAMCOCEM,3,4.211,2-5%,12.633000000000001,7.293665950672542,hit_15pc_20d,other,37.890338660020525,15.52565995111252,22.364678708908,PROMOTED,volatility (20d ATR%) >= 2.8187 AND slope of 50-DMA <= 3.0696 AND close position in weekly range >= 0.4392 AND weekly range % >= 10.3769,"Buy when rule fires; win if +15% within 20d, else exit at horizon. Rs5L account, direction=long.",volatility_expansion|weekly_strength,ignore
FALCPAT_8406,RAMCOCEM,3,4.211,2-5%,12.633000000000001,7.293665950672542,hit_10pc_20d,breakout,58.75387137912188,30.24927834188964,28.50459303723224,PROMOTED,60-day return <= 31.9685 AND close position in weekly range >= 0.5947 AND distance from 20-week SMA <= 8.8666 AND weekly range % >= 9.4741,"Buy when rule fires; win if +10% within 20d, else exit at horizon. Rs5L account, direction=long.",volatility_expansion|recent_weakness|weekly_strength,ignore
FALCPAT_8230,IOB,9,4.209,2-5%,37.881,12.626999999999999,hit_25pc_30d,other,17.3391494002181,7.722364089468664,9.616785310749435,PROMOTED,volatility (20d ATR%) >= 2.9394 AND distance from year-high >= -11.0436 AND 20d relative strength vs market >= 9.5342 AND weekly range % >= 13.1496,"Buy when rule fires; win if +25% within 30d, else exit at horizon. Rs5L account, direction=long.",volatility_expansion|relative_strength,ignore
FALCPAT_8546,HINDALCO,4,4.209,2-5%,16.836,8.418,hit_40pc_40d,other,10.522548317823908,2.9651372889629943,7.557411028860914,PROMOTED,volatility (20d ATR%) >= 3.4337 AND close position in weekly range <= 0.7802 AND close position in weekly range >= 0.282 AND weekly range % >= 13.9527,"Buy when rule fires; win if +40% within 40d, else exit at horizon. Rs5L account, direction=long.",volatility_expansion|weekly_strength|weekly_weak_close,ignore
FALCPAT_8621,HINDALCO,4,4.209,2-5%,16.836,8.418,hit_25pc_30d,other,20.158218576032816,7.722364089468664,12.435854486564152,PROMOTED,volatility (20d ATR%) >= 3.5234 AND close position in weekly range <= 0.7828 AND close position in weekly range >= 0.3476 AND weekly range % >= 12.8291,"Buy when rule fires; win if +25% within 30d, else exit at horizon. Rs5L account, direction=long.",volatility_expansion|weekly_strength|weekly_weak_close,ignore
FALCPAT_8462,AUROPHARMA,3,4.203,2-5%,12.609000000000002,7.279809544211991,hit_15pc_20d,other,42.62422360248447,15.52565995111252,27.09856365137196,PROMOTED,slope of 50-DMA <= 0.4452 AND close position in weekly range >= 0.2196 AND weekly range % >= 12.8017,"Buy when rule fires; win if +15% within 20d, else exit at horizon. Rs5L account, direction=long.",volatility_expansion|weekly_strength,ignore
FALCPAT_8136,FIVESTAR,3,4.2,2-5%,12.600000000000001,7.274613391789284,,,,,,,,,other,ignore
FALCPAT_8325,ITI,4,4.19,2-5%,16.76,8.38,hit_10pc_20d,breakout,64.87179487179488,30.24927834188964,34.62251652990523,PROMOTED,60-day return <= 69.6886 AND close position in weekly range >= 0.7007 AND distance from 20-week SMA >= 39.2838 AND weekly range % >= 5.1372,"Buy when rule fires; win if +10% within 20d, else exit at horizon. Rs5L account, direction=long.",volatility_expansion|recent_weakness|weekly_strength,ignore
FALCPAT_9574,IDFCFIRSTB,4,4.179,2-5%,16.716,8.358,hit_15pc_20d,breakout,39.24941360437842,19.56237142322798,19.68704218115044,PROMOTED,volatility (20d ATR%) >= 3.5761 AND distance from year-high >= -27.4711 AND close position in weekly range >= 0.5899 AND weekly range % >= 8.6569,"Buy when rule fires; win if +15% within 20d, else exit at horizon. Rs5L account, direction=long.",volatility_expansion|weekly_strength,ignore
FALCPAT_9317,VIJAYA,12,4.176,2-5%,50.112,14.466088344815264,hit_25pc_30d,capitulation,21.47957726363896,10.408532325017468,11.071044938621492,PROMOTED,distance from year-high <= -27.2313 AND distance from 60-day high <= -12.4475 AND slope of 50-DMA <= -0.5788 AND weekly range % >= 9.5581,"Buy when rule fires; win if +25% within 30d, else exit at horizon. Rs5L account, direction=long.",pullback_from_high|volatility_expansion,A_high_edge
FALCPAT_6343,INOXWIND,4,4.175,2-5%,16.7,8.35,hit_15pc_20d,capitulation,38.735058253896206,18.31582194494749,20.41923630894871,PROMOTED,distance from year-high <= -45.8435 AND distance from 20-week SMA <= -13.0796,"Buy when rule fires; win if +15% within 20d, else exit at horizon. Rs5L account, direction=long.",pullback_from_high,ignore
FALCPAT_8764,INOXWIND,4,4.175,2-5%,16.7,8.35,hit_10pc_20d,capitulation,68.38351822503962,35.380587245184216,33.00293097985541,PROMOTED,volatility (20d ATR%) >= 3.6888 AND distance from 120-day high <= -33.0168 AND distance from year-high <= -45.8202 AND close position in weekly range >= 0.1255,"Buy when rule fires; win if +10% within 20d, else exit at horizon. Rs5L account, direction=long.",pullback_from_high|volatility_expansion|weekly_strength,ignore
FALCPAT_8733,BIKAJI,5,4.164,2-5%,20.82,9.310987058309124,hit_10pc_20d,capitulation,56.63551401869159,35.380587245184216,21.25492677350738,PROMOTED,volatility (20d ATR%) >= 4.3311 AND 60-day return <= -20.5526 AND close position in weekly range <= 0.7189,"Buy when rule fires; win if +10% within 20d, else exit at horizon. Rs5L account, direction=long.",volatility_expansion|recent_weakness|weekly_weak_close,ignore
FALCPAT_6251,IDBI,4,4.161,2-5%,16.644,8.322,hit_25pc_30d,mean_reversion,19.98049818278521,10.722915258072424,9.25758292471279,PROMOTED,volatility (20d ATR%) >= 2.2352 AND distance from 50-DMA <= -12.9875 AND 60-day return <= -3.7201 AND 60d relative strength vs sector <= -4.494,"Buy when rule fires; win if +25% within 30d, else exit at horizon. Rs5L account, direction=long.",volatility_expansion|recent_weakness|relative_strength,ignore
FALCPAT_8545,OLECTRA,8,4.159,2-5%,33.272,11.763428411819405,,,,,,,,,other,ignore
FALCPAT_6905,APARINDS,5,4.153,2-5%,20.764999999999997,9.286390310556627,hit_40pc_40d,capitulation,8.267284477502743,4.0653742907808095,4.201910186721935,PROMOTED,volatility (20d ATR%) >= 3.3478 AND distance from 120-day high <= -28.8011 AND distance from 20-week SMA <= 9.8642 AND distance from 20-week SMA >= -13.6581,"Buy when rule fires; win if +40% within 40d, else exit at horizon. Rs5L account, direction=long.",pullback_from_high|volatility_expansion,ignore
FALCPAT_7297,BHEL,5,4.153,2-5%,20.764999999999997,9.286390310556627,hit_15pc_20d,capitulation,31.286635404454863,17.450644806122114,13.835990598332751,PROMOTED,distance from year-high <= -43.4753 AND distance from 200-DMA <= 24.7508 AND 20d relative strength vs sector >= -5.3304,"Buy when rule fires; win if +15% within 20d, else exit at horizon. Rs5L account, direction=long.",pullback_from_high|relative_strength,ignore
FALCPAT_8622,GODREJIND,3,4.152,2-5%,12.456,7.1914749530259785,hit_25pc_30d,breakout,30.8537616229924,7.722364089468664,23.131397533523728,PROMOTED,volatility (20d ATR%) >= 3.5234 AND close position in weekly range >= 0.7828 AND weekly range % >= 12.8291,"Buy when rule fires; win if +25% within 30d, else exit at horizon. Rs5L account, direction=long.",volatility_expansion|weekly_strength,ignore
FALCPAT_8546,BIKAJI,3,4.147,2-5%,12.441,7.1828146989881345,hit_40pc_40d,other,10.522548317823908,2.9651372889629943,7.557411028860914,PROMOTED,volatility (20d ATR%) >= 3.4337 AND close position in weekly range <= 0.7802 AND close position in weekly range >= 0.282 AND weekly range % >= 13.9527,"Buy when rule fires; win if +40% within 40d, else exit at horizon. Rs5L account, direction=long.",volatility_expansion|weekly_strength|weekly_weak_close,ignore
FALCPAT_6467,GODREJIND,7,4.144,2-5%,29.008000000000003,10.963993433051664,hit_25pc_30d,breakout,20.93669378845009,10.722915258072424,10.213778530377663,PROMOTED,volatility (20d ATR%) >= 3.8758 AND 60-day return <= -13.0654 AND 60d relative strength vs market >= -19.0757 AND close position in weekly range >= 0.5112,"Buy when rule fires; win if +25% within 30d, else exit at horizon. Rs5L account, direction=long.",volatility_expansion|recent_weakness|weekly_strength|relative_strength,ignore
FALCPAT_9121,GABRIEL,3,4.144,2-5%,12.432,7.177618546565427,hit_15pc_20d,capitulation,43.26241134751773,19.56237142322798,23.700039924289754,PROMOTED,volatility (20d ATR%) >= 3.4326 AND distance from year-high <= -21.3469 AND 60-day return <= -28.0132 AND close position in weekly range <= 0.8244,"Buy when rule fires; win if +15% within 20d, else exit at horizon. Rs5L account, direction=long.",pullback_from_high|volatility_expansion|recent_weakness|weekly_weak_close,ignore
FALCPAT_6223,EIDPARRY,6,4.143,2-5%,24.857999999999997,10.148236004350705,hit_10pc_20d,other,39.944547134935306,34.00746195228712,5.937085182648189,PROMOTED,distance from year-high <= -6.0163 AND distance from 60-day high <= -19.43 AND 60d relative strength vs sector <= -14.1806 AND close position in weekly range <= 0.7031,"Buy when rule fires; win if +10% within 20d, else exit at horizon. Rs5L account, direction=long.",pullback_from_high|weekly_weak_close|relative_strength,ignore
FALCPAT_8545,PCBL,4,4.141,2-5%,16.564,8.282,,,,,,,,,other,ignore
FALCPAT_8366,MRPL,6,4.137,2-5%,24.821999999999996,10.133539065894006,hit_15pc_20d,breakout,48.59154929577465,15.52565995111252,33.06588934466213,PROMOTED,60-day return >= 70.2502 AND close position in weekly range >= 0.6135 AND distance from 20-week SMA >= 36.7502 AND weekly range % >= 9.6242,"Buy when rule fires; win if +15% within 20d, else exit at horizon. Rs5L account, direction=long.",volatility_expansion|weekly_strength,ignore
FALCPAT_8545,WELSPUNLIV,3,4.134,2-5%,12.402000000000001,7.160298038489739,,,,,,,,,other,ignore
FALCPAT_7759,POONAWALLA,6,4.133,2-5%,24.798000000000002,10.123741106922875,hit_10pc_20d,breakout,73.90243902439025,30.24927834188964,43.653160682500605,PROMOTED,distance from 20-DMA <= 9.1181 AND close position in weekly range >= 0.4818 AND weekly range % >= 16.4858,"Buy when rule fires; win if +10% within 20d, else exit at horizon. Rs5L account, direction=long.",volatility_expansion|weekly_strength,ignore
FALCPAT_7163,RAMCOCEM,3,4.128,2-5%,12.384,7.149905733644325,hit_10pc_20d,breakout,54.8103018554417,32.698883353500555,22.111418501941145,PROMOTED,volatility (20d ATR%) >= 2.2284 AND close position in weekly range >= 0.5467 AND weekly range % <= 13.298 AND weekly range % >= 9.6857,"Buy when rule fires; win if +10% within 20d, else exit at horizon. Rs5L account, direction=long.",volatility_expansion|compression|weekly_strength,ignore
FALCPAT_7173,RAMCOCEM,3,4.128,2-5%,12.384,7.149905733644325,,,,,,,,,other,ignore
FALCPAT_8269,GPIL,6,4.126,2-5%,24.756,10.106594678723393,hit_15pc_20d,capitulation,39.48043352362042,15.52565995111252,23.954773572507897,PROMOTED,distance from year-high <= -32.38 AND distance from 60-day high <= -19.3918 AND days with sub-3% range in last 7 <= 3.5 AND 60d relative strength vs sector <= 1.7032,"Buy when rule fires; win if +15% within 20d, else exit at horizon. Rs5L account, direction=long.",pullback_from_high|compression|relative_strength,ignore
FALCPAT_8269,PARADEEP,3,4.126,2-5%,12.378,7.1464416320291875,hit_15pc_20d,capitulation,39.48043352362042,15.52565995111252,23.954773572507897,PROMOTED,distance from year-high <= -32.38 AND distance from 60-day high <= -19.3918 AND days with sub-3% range in last 7 <= 3.5 AND 60d relative strength vs sector <= 1.7032,"Buy when rule fires; win if +15% within 20d, else exit at horizon. Rs5L account, direction=long.",pullback_from_high|compression|relative_strength,ignore
FALCPAT_9505,PARADEEP,3,4.126,2-5%,12.378,7.1464416320291875,hit_10pc_20d,capitulation,54.83998419596997,35.380587245184216,19.45939695078576,PROMOTED,distance from 120-day high <= -24.3888 AND 60-day return <= -18.2025 AND RSI(14) <= 30.1137,"Buy when rule fires; win if +10% within 20d, else exit at horizon. Rs5L account, direction=long.",oversold|pullback_from_high|recent_weakness,ignore
FALCPAT_6905,RKFORGE,6,4.117,2-5%,24.701999999999998,10.084549271038343,hit_40pc_40d,capitulation,8.267284477502743,4.0653742907808095,4.201910186721935,PROMOTED,volatility (20d ATR%) >= 3.3478 AND distance from 120-day high <= -28.8011 AND distance from 20-week SMA <= 9.8642 AND distance from 20-week SMA >= -13.6581,"Buy when rule fires; win if +40% within 40d, else exit at horizon. Rs5L account, direction=long.",pullback_from_high|volatility_expansion,ignore
FALCPAT_7508,POONAWALLA,4,4.114,2-5%,16.456,8.228,hit_10pc_20d,breakout,68.61413043478261,32.698883353500555,35.91524708128205,PROMOTED,20d relative strength vs sector <= -6.5723 AND close position in weekly range >= 0.5525 AND weekly range % >= 9.6217,"Buy when rule fires; win if +10% within 20d, else exit at horizon. Rs5L account, direction=long.",volatility_expansion|weekly_strength|relative_strength,ignore
FALCPAT_9258,ZENTEC,6,4.113,2-5%,24.678000000000004,10.074751312067212,hit_10pc_20d,breakout,41.14977307110439,35.380587245184216,5.769185825920175,PROMOTED,volatility (20d ATR%) <= 3.6046 AND distance from 20-week SMA >= 22.6957,"Buy when rule fires; win if +10% within 20d, else exit at horizon. Rs5L account, direction=long.",volatility_expansion,ignore
FALCPAT_8781,RADICO,4,4.113,2-5%,16.452,8.226,hit_15pc_20d,other,31.96144829382652,19.56237142322798,12.399076870598538,PROMOTED,volatility (20d ATR%) >= 3.6112 AND distance from year-high >= -44.7637 AND 60-day return <= 46.2598 AND distance from 20-week SMA <= -11.7789,"Buy when rule fires; win if +15% within 20d, else exit at horizon. Rs5L account, direction=long.",volatility_expansion|recent_weakness,ignore
FALCPAT_9426,RADICO,4,4.113,2-5%,16.452,8.226,hit_15pc_20d,mean_reversion,43.16877152698048,19.56237142322798,23.606400103752502,PROMOTED,volatility (20d ATR%) >= 5.1256 AND distance from 20-DMA <= -5.7799 AND distance from 200-DMA <= 1.1002,"Buy when rule fires; win if +15% within 20d, else exit at horizon. Rs5L account, direction=long.",volatility_expansion,ignore
FALCPAT_8935,IREDA,3,4.113,2-5%,12.339000000000002,7.123924971530792,hit_10pc_20d,capitulation,56.310679611650485,35.380587245184216,20.93009236646627,PROMOTED,volatility (20d ATR%) <= 3.9309 AND distance from 120-day high <= -32.8584 AND distance from year-high >= -45.3961 AND weekly range % >= 5.4804,"Buy when rule fires; win if +10% within 20d, else exit at horizon. Rs5L account, direction=long.",pullback_from_high|volatility_expansion,ignore
FALCPAT_8464,WOCKPHARMA,18,4.107,2-5%,73.926,17.424525301998905,hit_15pc_20d,momentum,31.09815354713314,15.52565995111252,15.57249359602062,PROMOTED,slope of 50-DMA >= 0.4452 AND volume vs 20-day average >= 1.9044 AND close position in weekly range >= 0.2196 AND weekly range % >= 12.8017,"Buy when rule fires; win if +15% within 20d, else exit at horizon. Rs5L account, direction=long.",volatility_expansion|weekly_strength,A_high_edge
FALCPAT_8789,SUNDARMFIN,6,4.102,2-5%,24.612000000000002,10.047806924896596,hit_25pc_30d,other,15.171811298776936,10.408532325017468,4.763278973759467,PROMOTED,volatility (20d ATR%) >= 3.7914 AND distance from 200-DMA <= -4.7543 AND 60-day return <= 41.0247 AND slope of 20-DMA >= -0.7126,"Buy when rule fires; win if +25% within 30d, else exit at horizon. Rs5L account, direction=long.",volatility_expansion|recent_weakness,ignore
FALCPAT_7021,POONAWALLA,4,4.101,2-5%,16.404,8.202,hit_25pc_30d,other,17.9623213512343,9.458155042142677,8.504166309091625,PROMOTED,20-day return <= -15.735 AND slope of 20-DMA <= -1.8906,"Buy when rule fires; win if +25% within 30d, else exit at horizon. Rs5L account, direction=long.",recent_weakness,ignore
FALCPAT_7004,ENGINERSIN,5,4.1,2-5%,20.5,9.167878707749137,hit_10pc_20d,capitulation,62.5378864417054,32.698883353500555,29.83900308820484,PROMOTED,distance from year-high <= -41.9877 AND distance from 60-day high <= -24.9727 AND close position in weekly range >= 0.1497 AND distance from 20-week SMA <= 2.2342,"Buy when rule fires; win if +10% within 20d, else exit at horizon. Rs5L account, direction=long.",pullback_from_high|weekly_strength,ignore
FALCPAT_7199,MAZDOCK,10,4.098,2-5%,40.98,12.959013851370019,hit_25pc_30d,breakout,16.205910390848427,9.458155042142677,6.747755348705751,PROMOTED,close position in weekly range <= 0.2462 AND distance from 20-week SMA >= 21.4949 AND weekly range % >= 10.7355,"Buy when rule fires; win if +25% within 30d, else exit at horizon. Rs5L account, direction=long.",volatility_expansion|weekly_weak_close,A_high_edge
FALCPAT_8372,TARIL,5,4.098,2-5%,20.49,9.163406571794138,hit_25pc_30d,other,9.473684210526317,7.722364089468664,1.751320121057652,PROMOTED,distance from 200-DMA >= 33.9899 AND 20d relative strength vs market <= -5.828 AND distance from 20-week SMA <= 30.0974 AND weekly range % >= 9.6165,"Buy when rule fires; win if +25% within 30d, else exit at horizon. Rs5L account, direction=long.",volatility_expansion|relative_strength,ignore
FALCPAT_9339,RKFORGE,7,4.097,2-5%,28.679000000000002,10.83964312143163,,,,,,,,,other,ignore
FALCPAT_9266,CGPOWER,6,4.097,2-5%,24.582,10.03555947618268,hit_25pc_30d,mean_reversion,26.7104542966612,10.408532325017468,16.30192197164373,PROMOTED,distance from 60-day high <= -5.8193 AND distance from 50-DMA <= -15.3122 AND distance from 20-week SMA <= 14.3274 AND weekly range % >= 5.7248,"Buy when rule fires; win if +25% within 30d, else exit at horizon. Rs5L account, direction=long.",pullback_from_high|volatility_expansion,ignore
FALCPAT_8957,NUVAMA,6,4.096,2-5%,24.576,10.033109986439896,hit_25pc_30d,capitulation,24.99177902005919,10.408532325017468,14.583246695041725,PROMOTED,distance from year-high <= -31.6766 AND distance from 60-day high <= -23.6276 AND distance from 200-DMA <= 28.1487 AND days with sub-75% volume in last 20 <= 11.5,"Buy when rule fires; win if +25% within 30d, else exit at horizon. Rs5L account, direction=long.",pullback_from_high,ignore
FALCPAT_8879,BRITANNIA,3,4.096,2-5%,12.288,7.094480107802121,hit_10pc_20d,other,42.44525547445255,35.380587245184216,7.06466822926834,PROMOTED,distance from 120-day high <= -12.9945 AND distance from 120-day high >= -21.2998 AND close position in weekly range <= 0.8766 AND distance from 20-week SMA >= 0.3203,"Buy when rule fires; win if +10% within 20d, else exit at horizon. Rs5L account, direction=long.",pullback_from_high|weekly_weak_close,ignore
FALCPAT_8687,IPCALAB,3,4.093,2-5%,12.279,7.089283955379415,hit_15pc_20d,other,28.155339805825243,19.56237142322798,8.592968382597263,PROMOTED,volatility (20d ATR%) >= 4.2731 AND 60d relative strength vs sector <= -5.334 AND close position in weekly range <= 0.4939,"Buy when rule fires; win if +15% within 20d, else exit at horizon. Rs5L account, direction=long.",volatility_expansion|weekly_weak_close|relative_strength,ignore
FALCPAT_8377,IOB,9,4.09,2-5%,36.81,12.27,hit_25pc_30d,breakout,24.938271604938272,7.722364089468664,17.21590751546961,PROMOTED,short-term vol vs longer-term >= 1.1817 AND close position in weekly range >= 0.6623 AND distance from 20-week SMA >= 30.0974 AND weekly range % >= 9.6165,"Buy when rule fires; win if +25% within 30d, else exit at horizon. Rs5L account, direction=long.",volatility_expansion|weekly_strength,ignore
FALCPAT_7755,NUVAMA,8,4.09,2-5%,32.72,11.568266940211918,hit_10pc_20d,capitulation,50.17460317460317,30.24927834188964,19.92532483271353,PROMOTED,volatility (20d ATR%) >= 4.2157 AND distance from 200-DMA <= -12.9927 AND close position in weekly range <= 0.4818,"Buy when rule fires; win if +10% within 20d, else exit at horizon. Rs5L account, direction=long.",volatility_expansion|weekly_weak_close,ignore
FALCPAT_7321,MAZDOCK,3,4.09,2-5%,12.27,7.084087802956708,hit_10pc_20d,breakout,49.42669942669943,32.698883353500555,16.72781607319887,PROMOTED,distance from year-high >= -43.4753 AND distance from 200-DMA <= 24.1184 AND 60d relative strength vs market <= 7.9488 AND distance from 20-week SMA >= 12.3864,"Buy when rule fires; win if +10% within 20d, else exit at horizon. Rs5L account, direction=long.",relative_strength,ignore
FALCPAT_8574,SOLARINDS,4,4.089,2-5%,16.356,8.178,hit_10pc_20d,momentum,58.91393442622951,35.380587245184216,23.533347181045293,PROMOTED,volatility (20d ATR%) >= 4.0236 AND 5-day return >= 8.9765 AND close position in weekly range >= 0.4229 AND weekly range % >= 8.6663,"Buy when rule fires; win if +10% within 20d, else exit at horizon. Rs5L account, direction=long.",volatility_expansion|weekly_strength,ignore
FALCPAT_7759,ATGL,4,4.084,2-5%,16.336,8.168,hit_10pc_20d,breakout,73.90243902439025,30.24927834188964,43.653160682500605,PROMOTED,distance from 20-DMA <= 9.1181 AND close position in weekly range >= 0.4818 AND weekly range % >= 16.4858,"Buy when rule fires; win if +10% within 20d, else exit at horizon. Rs5L account, direction=long.",volatility_expansion|weekly_strength,ignore
FALCPAT_9403,LAURUSLABS,7,4.083,2-5%,28.581000000000003,10.802602603076725,hit_15pc_20d,capitulation,46.963824289405686,19.56237142322798,27.40145286617771,PROMOTED,volatility (20d ATR%) >= 3.3506 AND distance from 120-day high <= -34.8035 AND slope of 50-DMA <= 0.2647,"Buy when rule fires; win if +15% within 20d, else exit at horizon. Rs5L account, direction=long.",pullback_from_high|volatility_expansion,ignore
FALCPAT_7180,CONCORDBIO,4,4.083,2-5%,16.332,8.166,hit_15pc_20d,breakout,49.44930810505507,17.450644806122114,31.99866329893295,PROMOTED,volatility (20d ATR%) >= 2.9331 AND close position in weekly range >= 0.6044 AND distance from 20-week SMA >= 21.1347 AND weekly range % >= 9.6857,"Buy when rule fires; win if +15% within 20d, else exit at horizon. Rs5L account, direction=long.",volatility_expansion|weekly_strength,ignore
FALCPAT_7472,CONCORDBIO,4,4.083,2-5%,16.332,8.166,hit_15pc_20d,breakout,48.40994306346341,17.450644806122114,30.95929825734129,PROMOTED,60d relative strength vs sector >= -5.1916 AND close position in weekly range >= 0.5947 AND distance from 20-week SMA >= 19.4889 AND weekly range % >= 10.0582,"Buy when rule fires; win if +15% within 20d, else exit at horizon. Rs5L account, direction=long.",volatility_expansion|weekly_strength|relative_strength,ignore
FALCPAT_7621,CONCORDBIO,4,4.083,2-5%,16.332,8.166,hit_10pc_20d,breakout,48.444231689803736,30.24927834188964,18.19495334791409,PROMOTED,distance from 50-DMA >= 14.898 AND 5-day return >= 3.643 AND close position in weekly range >= 0.5098 AND weekly range % >= 9.062,"Buy when rule fires; win if +10% within 20d, else exit at horizon. Rs5L account, direction=long.",volatility_expansion|weekly_strength,ignore
FALCPAT_7713,CONCORDBIO,4,4.083,2-5%,16.332,8.166,hit_15pc_20d,breakout,45.196545037898815,17.450644806122114,27.74590023177669,PROMOTED,volatility (20d ATR%) >= 2.6034 AND close position in weekly range >= 0.58 AND distance from 20-week SMA >= 17.526 AND weekly range % >= 8.5261,"Buy when rule fires; win if +15% within 20d, else exit at horizon. Rs5L account, direction=long.",volatility_expansion|weekly_strength,ignore
FALCPAT_6318,ZOMATO,4,4.081,2-5%,16.324,8.162,hit_15pc_20d,breakout,23.856523832450648,18.31582194494749,5.5407018875031575,PROMOTED,distance from 200-DMA <= -7.5282 AND 60d relative strength vs market >= -13.3824 AND slope of 50-DMA <= -0.9113 AND close position in weekly range >= 0.4553,"Buy when rule fires; win if +15% within 20d, else exit at horizon. Rs5L account, direction=long.",weekly_strength|relative_strength,ignore
FALCPAT_8462,TATACHEM,5,4.079,2-5%,20.395,9.120921280221642,hit_15pc_20d,other,42.62422360248447,15.52565995111252,27.09856365137196,PROMOTED,slope of 50-DMA <= 0.4452 AND close position in weekly range >= 0.2196 AND weekly range % >= 12.8017,"Buy when rule fires; win if +15% within 20d, else exit at horizon. Rs5L account, direction=long.",volatility_expansion|weekly_strength,ignore
FALCPAT_7910,EXIDEIND,4,4.072,2-5%,16.288,8.144,hit_25pc_30d,other,20.91776702836972,7.722364089468664,13.195402938901058,PROMOTED,volatility (20d ATR%) >= 4.3575 AND 20d relative strength vs market <= 7.2399 AND weekly range % >= 7.2122,"Buy when rule fires; win if +25% within 30d, else exit at horizon. Rs5L account, direction=long.",volatility_expansion|relative_strength,ignore
FALCPAT_8938,AWL,3,4.062,2-5%,12.186,7.03559038034478,hit_10pc_20d,other,53.31825037707391,35.380587245184216,17.937663131889693,PROMOTED,volatility (20d ATR%) >= 3.9309 AND distance from 20-day high <= -12.7454 AND distance from 20-week SMA <= -21.1531,"Buy when rule fires; win if +10% within 20d, else exit at horizon. Rs5L account, direction=long.",pullback_from_high|volatility_expansion,ignore
FALCPAT_8245,RHIM,5,4.06,2-5%,20.299999999999997,9.078435988649145,hit_25pc_30d,capitulation,23.15521628498728,7.722364089468664,15.432852195518612,PROMOTED,volatility (20d ATR%) >= 3.475 AND distance from year-high <= -41.2081 AND close position in weekly range >= 0.5303 AND weekly range % <= 11.9613,"Buy when rule fires; win if +25% within 30d, else exit at horizon. Rs5L account, direction=long.",pullback_from_high|volatility_expansion|compression|weekly_strength,ignore
FALCPAT_7833,KPIL,4,4.059,2-5%,16.236,8.118,hit_25pc_30d,other,32.417582417582416,7.722364089468664,24.69521832811376,PROMOTED,volatility (20d ATR%) <= 6.6596 AND volatility (20d ATR%) >= 4.5381 AND close position in weekly range >= 0.1837 AND weekly range % >= 19.9051,"Buy when rule fires; win if +25% within 30d, else exit at horizon. Rs5L account, direction=long.",volatility_expansion|weekly_strength,ignore
FALCPAT_7834,MAZDOCK,4,4.057,2-5%,16.228,8.114,hit_25pc_30d,other,30.0,7.722364089468664,22.27763591053133,PROMOTED,volatility (20d ATR%) >= 6.6596 AND close position in weekly range >= 0.1837 AND weekly range % >= 19.9051,"Buy when rule fires; win if +25% within 30d, else exit at horizon. Rs5L account, direction=long.",volatility_expansion|weekly_strength,ignore
FALCPAT_7086,IOB,13,4.056,2-5%,52.728,14.62411597328194,hit_10pc_20d,breakout,52.87215020116227,32.698883353500555,20.173266847661715,PROMOTED,volatility (20d ATR%) >= 2.3175 AND distance from 120-day high >= -4.8089 AND close position in weekly range >= 0.6441 AND weekly range % >= 7.9969,"Buy when rule fires; win if +10% within 20d, else exit at horizon. Rs5L account, direction=long.",volatility_expansion|weekly_strength,A_high_edge
FALCPAT_8546,CHOLAHLDNG,6,4.054,2-5%,24.324,9.930231417243004,hit_40pc_40d,other,10.522548317823908,2.9651372889629943,7.557411028860914,PROMOTED,volatility (20d ATR%) >= 3.4337 AND close position in weekly range <= 0.7802 AND close position in weekly range >= 0.282 AND weekly range % >= 13.9527,"Buy when rule fires; win if +40% within 40d, else exit at horizon. Rs5L account, direction=long.",volatility_expansion|weekly_strength|weekly_weak_close,ignore
FALCPAT_7619,GICRE,4,4.054,2-5%,16.216,8.108,hit_10pc_20d,breakout,79.67445742904842,30.24927834188964,49.42517908715877,PROMOTED,5-day return <= 3.643 AND close position in weekly range >= 0.5098 AND weekly range % >= 14.1572,"Buy when rule fires; win if +10% within 20d, else exit at horizon. Rs5L account, direction=long.",volatility_expansion|recent_weakness|weekly_strength,ignore
FALCPAT_7320,JSWENERGY,6,4.051,2-5%,24.306,9.922882948014655,hit_10pc_20d,capitulation,49.32913698857048,32.698883353500555,16.630253635069923,PROMOTED,distance from year-high <= -43.4753 AND distance from 200-DMA <= 24.1184 AND 60d relative strength vs sector >= -40.4443,"Buy when rule fires; win if +10% within 20d, else exit at horizon. Rs5L account, direction=long.",pullback_from_high|relative_strength,ignore
FALCPAT_8463,EXIDEIND,5,4.05,2-5%,20.25,9.056075308874147,hit_15pc_20d,momentum,38.96805896805897,15.52565995111252,23.44239901694645,PROMOTED,slope of 50-DMA >= 0.4452 AND volume vs 20-day average <= 1.9044 AND close position in weekly range >= 0.2196 AND weekly range % >= 12.8017,"Buy when rule fires; win if +15% within 20d, else exit at horizon. Rs5L account, direction=long.",volatility_expansion|weekly_strength,ignore
FALCPAT_8397,BIKAJI,6,4.045,2-5%,24.27,9.908186009557955,hit_40pc_40d,other,8.104845663045353,2.9651372889629943,5.139708374082358,PROMOTED,distance from 20-day high <= -17.3947 AND distance from year-high <= -10.8368 AND distance from 200-DMA <= 30.4299 AND close position in weekly range >= 0.1992,"Buy when rule fires; win if +40% within 40d, else exit at horizon. Rs5L account, direction=long.",pullback_from_high|weekly_strength,ignore
FALCPAT_8744,POWERINDIA,5,4.04,2-5%,20.2,9.033714629099151,hit_25pc_30d,capitulation,21.95402298850575,10.408532325017468,11.54549066348828,PROMOTED,volatility (20d ATR%) >= 4.0285 AND distance from year-high <= -34.3354 AND distance from year-high >= -42.9337 AND days with sub-75% volume in last 20 <= 15.5,"Buy when rule fires; win if +25% within 30d, else exit at horizon. Rs5L account, direction=long.",pullback_from_high|volatility_expansion,ignore
FALCPAT_7771,JBMA,3,4.037,2-5%,12.111,6.992289110155557,hit_15pc_20d,breakout,41.76904176904177,15.52565995111252,26.24338181792925,PROMOTED,distance from 20-DMA >= 12.344 AND close position in weekly range >= 0.3004 AND distance from 20-week SMA >= 11.1709 AND weekly range % >= 17.9071,"Buy when rule fires; win if +15% within 20d, else exit at horizon. Rs5L account, direction=long.",volatility_expansion|weekly_strength,ignore
FALCPAT_8349,ADANIENT,8,4.035,2-5%,32.28,11.412703448350879,hit_25pc_30d,breakout,33.01971326164875,7.722364089468664,25.297349172180084,PROMOTED,distance from 50-DMA <= 7.1184 AND close position in weekly range >= 0.6784 AND weekly range % >= 14.8541,"Buy when rule fires; win if +25% within 30d, else exit at horizon. Rs5L account, direction=long.",volatility_expansion|weekly_strength,ignore
FALCPAT_8066,ACE,6,4.034,2-5%,24.204,9.88124162238734,hit_10pc_20d,other,44.23754403623553,30.24927834188964,13.988265694345891,PROMOTED,distance from 20-day high <= -16.1936 AND RSI(14) >= 30.4449 AND close position in weekly range <= 0.4857 AND weekly range % >= 7.862,"Buy when rule fires; win if +10% within 20d, else exit at horizon. Rs5L account, direction=long.",oversold|pullback_from_high|volatility_expansion|weekly_weak_close,ignore
FALCPAT_8347,WOCKPHARMA,4,4.031,2-5%,16.124,8.062,hit_25pc_30d,mean_reversion,12.325581395348838,7.722364089468664,4.6032173058801735,PROMOTED,distance from 50-DMA <= 7.1184 AND RSI(14) <= 41.0395 AND close position in weekly range <= 0.6784 AND weekly range % >= 14.8541,"Buy when rule fires; win if +25% within 30d, else exit at horizon. Rs5L account, direction=long.",oversold|volatility_expansion|weekly_weak_close,ignore
FALCPAT_6818,DCMSHRIRAM,3,4.031,2-5%,12.093,6.981896805310144,hit_10pc_20d,other,39.71456373662017,32.698883353500555,7.015680383119616,PROMOTED,volatility (20d ATR%) >= 2.3312 AND 60d relative strength vs sector >= 13.7474 AND close position in weekly range >= 0.3113 AND weekly range % <= 10.1174,"Buy when rule fires; win if +10% within 20d, else exit at horizon. Rs5L account, direction=long.",volatility_expansion|compression|weekly_strength|relative_strength,ignore
FALCPAT_6423,VTL,6,4.024,2-5%,24.144,9.856746724959509,hit_10pc_20d,breakout,48.72867718056003,34.00746195228712,14.72121522827291,PROMOTED,volatility (20d ATR%) <= 3.7232 AND volatility (20d ATR%) >= 2.9435 AND 60-day return <= -14.7778 AND close position in weekly range >= 0.6594,"Buy when rule fires; win if +10% within 20d, else exit at horizon. Rs5L account, direction=long.",volatility_expansion|recent_weakness|weekly_strength,ignore
