pattern,n,hit1,avg1,med1,mfe1,mae1,conf1,strength1,edge1,hit2,avg2,med2,mfe2,mae2,conf2,strength2,edge2,hit3,avg3,med3,mfe3,mae3,conf3,strength3,edge3,consistency,recency,lift_over_best_single
8965+4723,27,0.7037037037037037,0.7664518467311886,0.5887610428786872,2.3153340914077325,-1.4544998506425681,0.515189666191624,0.11554970219522437,1.1035564640299327,0.7037037037037037,1.2396213087666668,1.562921914357678,3.1103977373319944,-1.832913880649735,0.515189666191624,0.07414556178118292,1.464388222917669,0.7037037037037037,1.675744678472688,2.1074603535238756,3.794427311346681,-2.027047882567977,0.515189666191624,0.06334448167317214,1.7929638842458617,1.0,0.7775577273471324,0.07024921090984976
5305+6671,29,0.6896551724137931,1.1211938153231655,0.4889599449888139,2.448254859966898,-1.1481166492183679,0.5076952952728147,0.10805533127641503,1.4582984326219097,0.6551724137931034,1.532602558492458,0.8701030103010422,3.7551634220785783,-1.5341641753464448,0.47344776507155983,0.03240366066111877,1.7573694726434603,0.7241379310344828,1.8561360896471817,1.6092307692307675,4.350884872375473,-1.754861295776638,0.5428252365556403,0.09098005203718845,1.9733552954203555,1.0,0.6884860367574425,0.12874172773781056
7993+7555,57,0.631578947368421,1.1481596206459135,0.5352333348480222,3.44253710932171,-1.960178310777474,0.5017755948554761,0.10213563085907645,1.4852642379446577,0.6842105263157895,2.6861582446954477,1.362756273925996,5.778985025447707,-2.382454502815529,0.5551998120281706,0.11415570761772953,2.91092515884645,0.6842105263157895,3.310193478726696,1.8744091422830558,7.119595361308982,-3.014428404074567,0.5551998120281706,0.10335462750971874,3.42741268449987,1.0,0.3986663012207491,0.030010060265003524
9166+5305,26,0.6923076923076923,1.2683857938753715,0.4964914084438711,2.5708285769376156,-1.159113888330525,0.5001138848576876,0.10047392086128798,1.6054904111741157,0.6538461538461539,1.964317925085593,1.1164296421135191,4.034238740689552,-1.3682855671187162,0.46220229009632996,0.021158185685888897,2.189084839236595,0.7692307692307693,2.215214680828175,1.621321489302823,4.696567092503709,-1.5697210354932047,0.5794807424804321,0.12763555796198028,2.332433886601349,1.0,1.0177098648198446,0.1171678618535047
5510+8139,26,0.6923076923076923,1.4755955598212838,0.9219904078563592,3.457657759819682,-1.9750038414718802,0.5001138848576876,0.10047392086128798,1.812700177120028,0.7307692307692307,3.0937488078047783,1.6343110186741219,6.012982411704465,-2.557283504393698,0.5391659658023868,0.09812186139194579,3.3185157219557806,0.8076923076923077,4.137268615207258,3.585410004244398,7.420535923186027,-2.811425374644528,0.6212336384535001,0.16938845393504826,4.254487820980432,1.0,0.17572264766546836,0.1099909697787641
7993+5465,74,0.6081081081081081,-0.05659150999172737,0.42543943055264777,3.2637989026382646,-3.526088146700052,0.49419310534999833,0.09455314135359871,0.2805131073070168,0.6621621621621622,0.2756199615027645,1.3331145195538732,4.897521722372309,-4.956520389671968,0.5487829947311835,0.10773889032074246,0.5003868756537667,0.6486486486486487,0.006124700086797351,1.3131830117143186,6.037928150721594,-6.245631611547243,0.5350055040184238,0.08316031949997199,0.12334390585997118,0.0,1.0947640589980785,0.022427570759525783
7410+9498,28,0.6785714285714286,0.37681167210635047,0.49838044038041274,1.7567734986199792,-1.2487361740481158,0.4933850455563118,0.09374508155991218,0.7139162894050946,0.6785714285714286,0.7655151313308858,0.6156958205819675,2.7085767839248014,-1.4531960776841901,0.4933850455563118,0.052340941145870734,0.9902820454818879,0.75,1.0962229296796009,1.053914789420767,3.321610677552834,-1.6173297412148764,0.566439747592954,0.11459456307450216,1.2134421354527747,1.0,1.005682294200551,0.09389641808508481
5386+5510,58,0.6206896551724138,0.4599623631155555,0.3985770124688194,2.204668510301837,-1.617890208057363,0.49202571736165573,0.09238575336525612,0.7970669804142996,0.603448275862069,1.2442365923069647,0.9501393256864656,3.7204343633654813,-2.2005380615458203,0.47492982807449885,0.03388572366405779,1.469003506457967,0.5862068965517241,1.8149087900049738,1.6525189682166699,4.6003141743353995,-2.4782125961009736,0.4579817755925391,0.006136591074087261,1.9321279957781476,1.0,0.8173530010765937,0.09303051459584494
7993+4723,51,0.6274509803921569,0.4898908013822781,0.51672649321171,2.061564886976389,-1.4202345215174643,0.4902496270033425,0.0906096630069429,0.8269954186810222,0.6470588235294118,1.325984144812433,1.3734910811794834,3.2250342519419832,-1.752951648851035,0.5098580497281073,0.06881394531766627,1.5507510589634352,0.7450980392156863,1.9094117979646361,1.6233753148614574,3.964024163044491,-1.909264052324665,0.6113145589385129,0.1594693744200611,2.02663100373781,1.0,0.6789547566347212,0.018484092412869968
7993+5510,62,0.6129032258064516,0.016978618032438747,0.38165786359789966,3.302318610992133,-3.8081067009927847,0.4884761620578099,0.0888361980614103,0.3540832353311829,0.6612903225806451,0.689729123536056,1.4540319020520933,5.4935436730536775,-5.344730887309822,0.5371746717131098,0.09613056730266878,0.9144960376870581,0.6129032258064516,0.6209052935619889,1.6525189682166699,6.88668415259729,-6.537799525229087,0.4884761620578099,0.03663097753935807,0.7381244993351627,0.0,1.0111728591983662,0.01671062746733737
4723+5386,66,0.6060606060606061,0.39379759445585416,0.4870859356819125,1.9272954708599062,-1.4372857875207163,0.48548180775863853,0.08584184376223891,0.7309022117545982,0.6060606060606061,0.9206319316008477,1.2294576602880738,2.8924939858518304,-1.8555379127235068,0.48548180775863853,0.044437703348197466,1.1453988457518498,0.6666666666666666,1.4229345144442422,1.2518130981355837,3.5709133729692155,-2.041769514053765,0.5465611809612104,0.09471599644275858,1.540153720217416,1.0,0.7259645150673458,0.0728420762210783
5386+5465,68,0.6029411764705882,0.3354849973596141,0.4721065459556574,1.9019071855861587,-1.4014616054330848,0.4841583838253139,0.08451841982891428,0.6725896146583583,0.6617647058823529,1.3012356348423941,1.2744079967912427,3.1457480349629354,-1.7299716676494292,0.5433701723652863,0.10232606795484522,1.5260025489933964,0.7205882352941176,2.0046518478652766,1.6525189682166699,4.2001232547028975,-2.0150334699481327,0.6043634045165331,0.1525182199980813,2.1218710536384506,1.0,1.1088571260885924,0.0851631810595031
5386+3994,25,0.68,0.38872407814908677,0.5040228718989282,1.6793548096411897,-1.107441404656744,0.48409913734576715,0.08445917334936753,0.7258286954478309,0.64,1.262557006394618,1.2560780356542225,2.738346247521763,-1.2182455110423733,0.44518154601046633,0.004137441600025271,1.4873239205456203,0.76,2.0153593877727407,1.9319692698833981,3.5775067968838683,-1.3847344363609,0.5656994004476144,0.1138542159291625,2.1325785935459147,1.0,0.809511944964863,0.08510393457995635
7809+9040,25,0.68,1.067178075639874,0.6372053027588632,2.6158772034521394,-1.5875333135140344,0.48409913734576715,0.08445917334936753,1.4042826929386183,0.68,2.3965283481097925,1.5420444096644828,4.562061469337317,-2.019158243670503,0.48409913734576715,0.04305503293532609,2.621295262260795,0.68,2.675911910558924,2.1959408465068764,5.445999988779165,-2.1328741550351524,0.48409913734576715,0.0322539528273153,2.793131116332098,0.0,-0.4940063961188082,0.0009914022579077253
9199+5305,50,0.62,0.6192507136987443,0.355574856158163,2.234571283635391,-1.4290430870019182,0.48150195022393577,0.08186198622753615,0.9563553309974884,0.68,1.5518776748271486,1.2970703737747937,3.7494563427332928,-1.7983259330636263,0.5418944286372392,0.10085032422679818,1.7766445889781508,0.76,1.954651226045119,1.4413674489209762,4.545972226055384,-2.0683333595803703,0.6258705062480764,0.17402532172962454,2.071870431818293,1.0,0.7670471398199994,0.09137903514501228
8423+9423,27,0.6666666666666666,0.3372558890074912,0.53735687115966,1.925488799246966,-1.769685316749097,0.47824419872105484,0.07860423472465522,0.6743605063062353,0.5555555555555556,0.9755285396138841,0.8701030103010422,3.0108486874488154,-2.257861236444965,0.3731271947957688,-0.06791690961467228,1.2002954537648862,0.5555555555555556,1.7672602841465566,1.148097747963588,4.578013722463844,-2.701933983470639,0.3731271947957688,-0.07871798972268307,1.8844794899197304,1.0,0.6066455464773046,0.06784154720348179
7993+9040,54,0.6111111111111112,0.6906625036791377,0.502158604497276,2.418974585869527,-1.5238565820814103,0.4778805658150834,0.07824060181868381,1.0277671209778818,0.6851851851851852,1.790360172445582,1.3968598286617053,3.978592626653306,-1.816206353292122,0.5525630440832037,0.11151893967276261,2.0151270865965842,0.7962962962962963,2.4902686061398276,1.7936936468852462,4.873462794722304,-1.9896388930688598,0.6709743827734083,0.21912919825495641,2.6074878119130016,1.0,0.6286880681552648,0.0061150312246108784
7993+6863,56,0.6071428571428571,0.34672096003524416,0.47775871937942205,2.0960461680891265,-1.748495971976937,0.476331653784818,0.0766916897884184,0.6838255773339883,0.625,1.404842177967979,1.243731254638907,3.7716803094096716,-2.1263304254624367,0.49405126034489305,0.05300715593445199,1.6296090921189812,0.6964285714285714,1.959914909512522,1.6364976137038514,4.608104308583621,-2.3965361827020537,0.5666388751588567,0.11479369064040484,2.0771341152856957,1.0,0.10466282728592732,0.004566119194345464
7993+8965,29,0.6551724137931034,0.9380462492655796,0.49651627322254044,2.5565059846732208,-1.6341274824090253,0.47344776507155983,0.07380780107516022,1.2751508665643236,0.6551724137931034,1.9230317511625448,1.292737957928263,4.24236666098406,-1.9216957709059708,0.47344776507155983,0.03240366066111877,2.147798665313547,0.6896551724137931,2.290482703885379,2.1074603535238756,4.988266050578116,-2.148061756052865,0.5076952952728147,0.0558501107543628,2.407701909658553,1.0,0.1882436674789395,0.001682230481087288
8720+9040,29,0.6551724137931034,0.9500746062731064,0.6372053027588632,2.8691523305183257,-1.8507144844579935,0.47344776507155983,0.07380780107516022,1.2871792235718504,0.5517241379310345,0.9858009407942977,0.5921058965102245,4.2058480443707165,-2.5918620324152037,0.37547667068067625,-0.06556743372976481,1.2105678549452998,0.5517241379310345,0.9492477985494915,1.5928991971454078,4.769581555834346,-3.306272230052889,0.37547667068067625,-0.0763685138377756,1.0664670043226654,1.0,1.1973806647023204,0.06029909707477871
7809+6117,29,0.6551724137931034,0.44322544009138504,0.51672649321171,2.396302564952693,-1.946789242891917,0.47344776507155983,0.07380780107516022,0.7803300573901292,0.6551724137931034,0.9088371419837777,1.362756273925996,4.107777764338146,-3.293056031350426,0.47344776507155983,0.03240366066111877,1.13360405613478,0.6551724137931034,1.2653030116514385,1.6233753148614574,4.895629047063249,-3.5495172110246878,0.47344776507155983,0.021602580553107986,1.3825222174246123,0.0,-0.30071086908282,-0.00965997001629959
5305+2315,38,0.631578947368421,1.0040036632055533,0.5362951030038411,2.737322028820974,-1.7742610479936343,0.4728367282426011,0.07319676424620147,1.3411082805042975,0.631578947368421,1.6806795735333901,0.9393306960701333,4.0665973343787485,-2.237990069641953,0.4728367282426011,0.03179262383216003,1.9054464876843924,0.6052631578947368,2.478999047105285,1.162557161274618,5.573328962837332,-2.6350306736505984,0.44717586998695963,-0.004669314531492219,2.596218252878459,1.0,0.44406109661910187,0.093883160707597
8965+5386,40,0.625,0.7775830267802126,0.5158748040352813,2.3445975875932037,-1.5543343957324096,0.4703216005453191,0.07068163654891946,1.1146876440789568,0.625,1.4317223880319259,0.9569949224692944,3.6853650047912927,-2.013873649489317,0.4703216005453191,0.02927749613487801,1.6564893021829281,0.625,1.7900275205067058,1.6393966693742759,4.353388755738328,-2.1982567111944196,0.4703216005453191,0.018476416026867226,1.9072467262798796,1.0,0.7182283896618027,0.025381145263544846
5789+8139,31,0.6451612903225806,0.9745445144254906,0.5361144158967203,2.6423378275283818,-1.456095779255609,0.46947638042814893,0.06983641643174932,1.3116491317242347,0.6774193548387096,1.6231112527548748,1.470868815938813,4.668522988064677,-2.699048881432629,0.501406855599508,0.06036275118906698,1.847878166905877,0.7419354838709677,2.3411496396859945,2.5213397964976725,5.6976587505970535,-3.1448215996719973,0.567535275722849,0.11569009120439716,2.4583688454591686,1.0,0.36831453800968667,0.0795186746530866
7809+6863,31,0.6451612903225806,0.3568389672048599,0.51672649321171,2.341717184541968,-2.0038382543337825,0.46947638042814893,0.06983641643174932,0.693943584503604,0.6451612903225806,0.8511973613927583,1.362756273925996,3.969670774058636,-3.2632491209562584,0.46947638042814893,0.02843227601770787,1.0759642755437604,0.6451612903225806,1.1503209350343624,1.5928991971454078,4.706959240233872,-3.5031644180708907,0.46947638042814893,0.017631195909697084,1.2675401408075362,0.0,-0.15933682142644168,-0.013631354659710493
7809+9423,31,0.6451612903225806,0.3568389672048599,0.51672649321171,2.341717184541968,-2.0038382543337825,0.46947638042814893,0.06983641643174932,0.693943584503604,0.6451612903225806,0.8511973613927583,1.362756273925996,3.969670774058636,-3.2632491209562584,0.46947638042814893,0.02843227601770787,1.0759642755437604,0.6451612903225806,1.1503209350343624,1.5928991971454078,4.706959240233872,-3.5031644180708907,0.46947638042814893,0.017631195909697084,1.2675401408075362,0.0,-0.15933682142644168,-0.013631354659710493
7809+9166,31,0.6451612903225806,0.3568389672048599,0.51672649321171,2.341717184541968,-2.0038382543337825,0.46947638042814893,0.06983641643174932,0.693943584503604,0.6451612903225806,0.8511973613927583,1.362756273925996,3.969670774058636,-3.2632491209562584,0.46947638042814893,0.02843227601770787,1.0759642755437604,0.6451612903225806,1.1503209350343624,1.5928991971454078,4.706959240233872,-3.5031644180708907,0.46947638042814893,0.017631195909697084,1.2675401408075362,0.0,-0.15933682142644168,-0.013631354659710493
7809+9199,31,0.6451612903225806,0.3568389672048599,0.51672649321171,2.341717184541968,-2.0038382543337825,0.46947638042814893,0.06983641643174932,0.693943584503604,0.6451612903225806,0.8511973613927583,1.362756273925996,3.969670774058636,-3.2632491209562584,0.46947638042814893,0.02843227601770787,1.0759642755437604,0.6451612903225806,1.1503209350343624,1.5928991971454078,4.706959240233872,-3.5031644180708907,0.46947638042814893,0.017631195909697084,1.2675401408075362,0.0,-0.15933682142644168,-0.013631354659710493
7993+9423,53,0.6037735849056604,0.5017040445019159,0.4889599449888139,2.120224905464149,-1.6006155908005784,0.4694123578888073,0.06977239389240769,0.83880866180066,0.6226415094339622,1.538496402643889,1.2313844736235915,3.8253377331037144,-1.972896064374364,0.488066502360923,0.047022397950481964,1.7632633167948912,0.6981132075471698,2.1107090215505395,1.6233753148614574,4.656867539559519,-2.25839648711811,0.5646291313003242,0.11278394678187237,2.2279282273237135,1.0,0.283404254483001,-0.0023531767016652383
5510+4453,33,0.6363636363636364,-0.24614201327739535,0.3327242586111768,3.066282534448278,-3.736098514445477,0.46615872621534094,0.06651876221894132,0.09096260402134879,0.6666666666666666,-0.5957783446604903,1.030175641071889,4.649661659561653,-5.010346587195751,0.49607581799949974,0.05503171358905867,-0.3710114305094881,0.5757575757575758,-0.15714004408581644,1.3153784249856184,5.643509939657228,-5.9620254756762785,0.4080697369146003,-0.04377544760385155,-0.039920838312642606,0.0,1.098040017533664,0.07603581113641744
8965+9040,33,0.6363636363636364,0.954466578661483,0.5887610428786872,2.5043886849541677,-1.44375736179254,0.46615872621534094,0.06651876221894132,1.2915711959602272,0.6666666666666666,1.5851664120722684,1.227530846952556,3.7986055586389056,-1.9406089401786406,0.49607581799949974,0.05503171358905867,1.8099333262232706,0.6363636363636364,1.926025180209756,1.6233753148614574,4.483320854521434,-2.1641035604272503,0.46615872621534094,0.014313541696889087,2.04324438598293,1.0,0.6150613709943755,0.021218270933566707
7993+9199,59,0.5932203389830508,0.32054986915533684,0.4665574937700302,2.08662667043769,-1.7699059590603818,0.465931713655643,0.06629174965924339,0.657654486454081,0.5932203389830508,1.3379617819263723,1.2313844736235915,3.7282842450459177,-2.1084718752585507,0.465931713655643,0.024887609245201947,1.5627286960773745,0.6779661016949152,1.7796062641031798,1.5717472993989337,4.48735245797459,-2.3649383567063227,0.5510476493903221,0.09920246487187029,1.8968254698763536,1.0,0.13566011371174977,-0.005833820934829537
7993+9166,35,0.6285714285714286,0.7442293990218497,0.4889599449888139,2.3472195498199193,-1.644370812143105,0.4633664048802107,0.06372644088381108,1.0813340163205938,0.6857142857142857,2.012252533233713,1.362756273925996,4.131908714104643,-1.7733052624456,0.5201992812074803,0.0791551767970392,2.237019447384715,0.7428571428571429,2.182456081648706,1.6554180238870944,4.903255553537279,-2.0063942007155884,0.5793037572935126,0.12745857277506073,2.29967528742188,0.0,-0.012849504209260898,-0.008399129710261855
7993+6671,35,0.6285714285714286,0.6429391471852426,0.4889599449888139,2.273679172376545,-1.714497700819175,0.4633664048802107,0.06372644088381108,0.9800437644839868,0.6571428571428571,1.6237655333797651,1.2560780356542225,4.010183431986419,-2.021531218833366,0.4915164687273671,0.05047236431692603,1.8485324475307674,0.7142857142857143,2.125657919169936,1.931115261472787,4.858409698491081,-2.2878457089530366,0.5494475193017891,0.0976023347833373,2.24287712494311,1.0,0.06116284835612751,-0.008399129710261855
7993+5386,92,0.5652173913043478,0.1699716577264464,0.3306946230083586,2.068510681464582,-1.755148154014042,0.4633206191683021,0.06368065517190247,0.5070762750251905,0.5869565217391305,0.9724907115002562,0.9569949224692944,3.4724546115428847,-2.1877073980645387,0.48483148595056913,0.04378738154012807,1.1972576256512584,0.6521739130434783,1.1452650797153006,1.1848275862068982,4.163596400896125,-2.676345540168339,0.550524829810952,0.09867964529250012,1.2624842854884744,1.0,0.40911674333652287,-0.008444915422170463
7051+4723,26,0.6538461538461539,0.5907910890705964,0.6842881033629445,1.9455392495147366,-1.3811830623058188,0.46220229009632996,0.06256232609993034,0.9278957063693405,0.7307692307692307,2.2479612903098816,1.7385159753474924,3.671252317043889,-1.594900370674312,0.5391659658023868,0.09812186139194579,2.472728204460884,0.8461538461538461,3.2262203559781457,2.3712874085234525,4.93080488090658,-1.7310935793014954,0.6646841558168644,0.2128389712984125,3.3434395617513197,1.0,0.8484823425899366,0.019870323218551644
5305+6738,50,0.6,0.8460886593172168,0.5212367167711053,2.7586745156966526,-1.96940804280822,0.46181189102759373,0.06217192703119412,1.183193276615961,0.64,1.7179670012355166,1.1032014346904753,4.446572409401971,-2.4322023401961506,0.5014076201030194,0.06036351569257836,1.9427339153865189,0.6,2.3265632921678567,1.162557161274618,5.636729838951859,-2.878578133149178,0.46181189102759373,0.009966706509141887,2.4437824979410308,1.0,0.5539819371074453,0.08285832349258965
7637+5386,37,0.6216216216216216,0.12189477731125707,0.3445871559633097,1.4779775060880933,-1.2142143144342485,0.4610014255281996,0.0613614615318,0.4589993946100012,0.6756756756756757,0.8436665789596971,0.5921058965102245,2.492152684448936,-1.4653398075145672,0.5146336850482394,0.0735895806377983,1.0684334931106994,0.7837837837837838,1.2822995586285981,1.1779385566260727,3.2398197771797967,-1.63032570800514,0.6280453872612309,0.1762002027427791,1.399518764401772,1.0,0.5955600761778834,0.06149545465283757
7786+5386,37,0.6216216216216216,0.36245987584620853,0.5257469403305005,1.9057542538311503,-1.4990479518499962,0.4610014255281996,0.0613614615318,0.6995644931449527,0.7567567567567568,1.3500645370677937,1.5511834961997863,3.316164951007631,-1.9880448437224767,0.5988239750929106,0.15777987068246957,1.574831451218796,0.7837837837837838,2.5484014745606016,2.3927848562067577,4.4274460583965105,-2.0716663403729236,0.6280453872612309,0.1762002027427791,2.6656206803337756,1.0,0.9554949782363935,0.0368715642103607
4723+5465,73,0.5753424657534246,0.4007630712003125,0.38432136733526534,1.8757325512327814,-1.2993439727937568,0.46099174047029373,0.061351776473894115,0.7378676884990567,0.5753424657534246,1.1502985730683066,0.5743192248852714,2.990441529471353,-1.706423023651523,0.46099174047029373,0.01994763605985267,1.3750654872193089,0.726027397260274,1.8581484182045553,1.4357681287193993,3.9440165956756994,-1.92330555891849,0.6143679489221651,0.16252276440371322,1.9753676239777291,1.0,0.500066701501171,0.0483520089327335
8720+9498,39,0.6153846153846154,0.6725537911661983,0.51672649321171,2.4198612337735383,-1.6618635696766764,0.45898781310078474,0.05934784910438512,1.0096584084649425,0.5641025641025641,0.8189549786802934,0.45697006678191887,3.5193773355159386,-2.3197544986506564,0.4097542347452211,-0.03128986966521996,1.0437218928312957,0.5897435897435898,0.9966770932631874,1.5717472993989337,4.093262802884577,-2.7795552391783453,0.4341834847334491,-0.01766169978500276,1.1138962990363612,1.0,0.5458333266590392,0.04583914510400361
7410+6863,28,0.6428571428571429,0.3110583277639925,0.3273960818468359,1.5830977850331582,-1.1186403456620486,0.4582997758222724,0.058659811825872765,0.6481629450627366,0.7142857142857143,0.6796942262354796,0.6156958205819675,2.5028234497513813,-1.3433699198238027,0.529403642629825,0.08835953821938392,0.9044611403864817,0.75,1.217671949782639,1.275364307493181,3.2729328778475852,-1.5405914443515363,0.566439747592954,0.11459456307450216,1.3348911555558127,1.0,1.0380548898751967,0.058811148351045395
3994+5465,28,0.6428571428571429,0.17499937682374883,0.5066213832171252,1.5462227774906088,-1.310014576118087,0.4582997758222724,0.058659811825872765,0.512103994122493,0.6071428571428571,0.4806793960170131,0.42469665615944463,2.1906999423081435,-1.5537633360345586,0.42408726034906297,-0.016956844061378096,0.7054463101680153,0.6428571428571429,0.9301183311798658,0.9243808890253825,2.8479656069736676,-1.758736938094773,0.4582997758222724,0.006454591303820534,1.0473375369530395,1.0,0.7677876513379773,0.06248585338228202
7786+9040,41,0.6097560975609756,0.2836231060058829,0.5257469403305005,1.7408099292817292,-1.5126421761107895,0.45726583898692563,0.057625874990526016,0.6207277233046271,0.6585365853658537,1.017816148517564,1.292737957928263,2.9714225270707995,-1.9677848641927838,0.5054955435372689,0.06445143912682783,1.2425830626685663,0.6829268292682927,1.8394334553513028,1.6192676637441885,3.9160297313461276,-2.0733148357413094,0.5301551434425416,0.0783099589240897,1.9566526611244766,1.0,0.6287580570442393,0.033135977669086714
6863+5305,64,0.578125,0.5070327892055739,0.3306946230083586,2.197164490159071,-1.557483565227939,0.4560981205252726,0.05645815652887298,0.8441374065043181,0.640625,1.1679424902616122,0.7368530597915802,3.431870957355897,-1.9952582600609259,0.5182062363615083,0.07716213195106725,1.3927094044126145,0.671875,1.5134899061641047,1.1774775656058603,4.117636255061171,-2.2609630290741016,0.5499887622745426,0.09814357775609078,1.6307091119372785,1.0,0.6992401285487034,0.06638554736435015
7809+6671,30,0.6333333333333333,0.2858881306131726,0.5122637144918608,2.3064515673827333,-2.0426950245018145,0.4551324643360493,0.0554925003396497,0.6229927479119167,0.6333333333333333,0.7352618936591935,1.0360733477776154,3.9361122182297184,-3.34408625334504,0.4551324643360493,0.014088359925608251,0.9600288078101957,0.6333333333333333,1.00157643817703,1.5823232482721707,4.65414948276236,-3.59199872703016,0.4551324643360493,0.003287279817597466,1.1187956439502038,0.0,-0.12208486307117944,-0.02797527075181011
9380+5305,45,0.6,0.8382407965064563,0.5399917648027764,3.093614537584214,-2.420094550664011,0.4545159420914473,0.054875978095047684,1.1753454138052004,0.6,1.3139823560882098,0.8701030103010422,4.633329277648267,-3.024655304640381,0.4545159420914473,0.013471837681006238,1.538749270239212,0.5555555555555556,2.0515788725878084,0.5417543859649144,5.902794709752838,-3.5676964631279753,0.4117588341636532,-0.04008635035479863,2.1687980783609824,1.0,0.7120867686249901,0.061152555202349634
5386+2315,45,0.6,0.18522306894605461,0.51672649321171,1.7754778882352449,-1.7334715483300607,0.4545159420914473,0.054875978095047684,0.5223276862447988,0.5555555555555556,0.644491383985105,0.3441095890411018,2.7422466006063213,-2.138326729460281,0.4117588341636532,-0.029285270246787842,0.8692582981361072,0.4888888888888889,0.7683076873794361,-0.023371009812462734,3.4038403471957888,-2.571192537323749,0.3495678935302451,-0.10227729098820676,0.8855268931526099,1.0,0.16469231351494495,0.0555207393256365
2315+9498,74,0.5675675675675675,0.0894278661511649,0.29330720611129746,2.0725533981646738,-1.9408945684600467,0.45412539093091314,0.054485426934513526,0.426532483449909,0.5405405405405406,0.09716141078675551,0.331933386580079,2.972618864995644,-2.8613710582016916,0.4278114521014676,-0.01323265230897347,0.3219283249377577,0.5,0.2331624428288636,0.00710653784378637,3.657435721383998,-3.4227205614670324,0.38892400848268727,-0.06292117603576458,0.3503816486020374,1.0,0.39422444456622335,0.07813088818427899
2459+4453,47,0.5957446808510638,-0.07423365522873472,0.3327242586111768,1.864271680719247,-1.9195204932102798,0.4534186823631264,0.05377871836672676,0.26287096207000943,0.5106382978723404,0.010098813819820198,0.3197571841190562,2.9629756080371945,-3.1396651006840908,0.37242217589372884,-0.06862192851671223,0.2348657279708224,0.5319148936170213,0.11441771453274818,0.2414452027298221,3.51654425025743,-3.751381586405952,0.3923214192677079,-0.05952376525074393,0.23163692030592203,0.0,0.807489295104038,0.05854532892727354
7993+3235,32,0.625,-0.0014117359703247345,0.47775871937942205,1.5837397648922127,-1.6154929025431142,0.4525410058952512,0.052901041898851586,0.3356928813284194,0.5625,0.751398394565922,0.5098465582440915,2.817474318273563,-2.011562779879606,0.3932530203122613,-0.04779108409817978,0.9761653087169242,0.75,1.67935861630559,1.634443788145217,3.6808915304816234,-2.255206713659166,0.5789310822975338,0.1270858977790819,1.7965778220787638,1.0,0.05736544804147625,-0.019224528695221343
7993+7051,32,0.625,-0.6891294963856627,0.6003845246342167,4.086289792685386,-5.7884751409674156,0.4525410058952512,0.052901041898851586,-0.35202487908691854,0.65625,-1.0575487252676505,1.6110559591893716,6.131343616834258,-8.427835053136494,0.4831077350878594,0.04206363067741836,-0.8327818111166483,0.5625,-2.1251080141485894,1.1848275862068982,7.827721538791877,-10.900528087807103,0.3932530203122613,-0.05859216420619057,-2.0078888083754154,0.0,0.7109554922203996,-0.019224528695221343
9001+5789,32,0.625,0.4172025894136687,0.5264204545542152,2.0590086284437086,-1.5281669655202448,0.4525410058952512,0.052901041898851586,0.7543072067124128,0.6875,1.3549042765411103,1.4168125449324045,3.45913545598905,-2.0022246937317183,0.5143300030196761,0.07328589860923507,1.5796711906921126,0.71875,2.24217397562637,2.503821613530437,4.4793747153545915,-2.3257420892541263,0.5462516306188822,0.09440644610043031,2.359393181399544,1.0,0.44764004611612307,0.048615911241456145
2911+8139,32,0.625,0.3907857659079972,0.3333275305229023,1.7472168817829343,-1.461764646635693,0.4525410058952512,0.052901041898851586,0.7278903832067414,0.65625,1.5841650409013328,1.1404374784121643,3.543532524322278,-1.8093885513619226,0.4831077350878594,0.04206363067741836,1.808931955052335,0.71875,2.500397879302626,2.4010231927894576,4.924751568060412,-2.053608267282071,0.5462516306188822,0.09440644610043031,2.6176170850758,1.0,1.0420946025156481,0.061905296785007
9001+2315,34,0.6176470588235294,0.5204090017562243,0.4916419934908701,2.02884332675291,-1.501979881024845,0.45040719999382667,0.05076723599742705,0.8575136190549684,0.6176470588235294,1.0431595657234392,0.38295784069101624,3.015702861460816,-1.940822409726888,0.45040719999382667,0.009363095583385606,1.2679264798744414,0.6470588235294118,1.6327750253579099,1.2440020865143333,3.9643278025954563,-2.274123115787002,0.4791365883001342,0.027291403781682377,1.7499942311310837,1.0,1.066619349598875,0.04648210534003161
7410+6117,34,0.6176470588235294,0.2763462078282805,0.3273960818468359,1.7438187734795927,-1.2092172722685581,0.45040719999382667,0.05076723599742705,0.6134508251270246,0.6764705882352942,0.5276823755995965,0.5684834291937825,2.637923857439948,-1.5076762607381302,0.5084258404811939,0.06738173607075282,0.7524492897505988,0.7352941176470589,0.8947537122938014,0.9724164348576082,3.304780575862232,-1.739987176710771,0.5688253783710155,0.1169801938525637,1.0119729180669752,1.0,0.7123347423263326,0.05091857252259968
2459+9380,55,0.5818181818181818,0.12489957125518804,0.2593620343519999,2.01296852350407,-1.6739524349948909,0.4503286833116465,0.05068871931524688,0.46200418855393216,0.4727272727272727,0.3889726153598076,-0.212896059243579,3.0222736213073538,-2.4176795732539604,0.34692885310480803,-0.09411525130563303,0.6137395295108098,0.4727272727272727,0.6564446588311857,-0.12560323329608533,3.9512956836437936,-3.053929547484977,0.34692885310480803,-0.10491633141364382,0.7736638646043595,1.0,0.5836383480343506,0.05545532987579366
7555+2315,55,0.5818181818181818,0.6186953655475812,0.51672649321171,2.9716803568736463,-2.16942956863149,0.4503286833116465,0.05068871931524688,0.9557999828463253,0.5636363636363636,1.2099859030325648,0.7591404794435476,4.443266252804809,-2.8387699913503317,0.43269584078681317,-0.008348263623627894,1.434752817183567,0.5454545454545454,1.7483497320346875,0.8674130384704039,5.763380000869232,-3.6325328022578365,0.41522461348360484,-0.036620571034847005,1.8655689378078613,1.0,0.39644897231523424,0.04447955914345375
7993+6117,59,0.576271186440678,0.3423969862924765,0.3327242586111768,2.3249032030308308,-1.8510845141299535,0.4493425547283663,0.0497025907319667,0.6795016035912207,0.6101694915254238,1.573183095474033,1.227530846952556,3.9528064412324575,-2.1987775785510295,0.48266109561867127,0.0416169912082302,1.7979500096250352,0.7627118644067796,2.321457362352758,1.6233753148614574,4.891194539250511,-2.4231800371107126,0.6402486613269722,0.18840347680852038,2.438676568125932,1.0,0.27719851272668006,-0.02242297986210623
8720+6117,36,0.6111111111111112,0.6225545468767205,0.5122637144918608,2.4112975266969965,-1.765466859778695,0.4486417029674348,0.04900173897103516,0.9596591641754646,0.5555555555555556,0.7654481964353366,0.3789279732718521,3.589859311252291,-2.500712705386446,0.39580787316003413,-0.04523623125040693,0.9902151105863388,0.5555555555555556,0.773370134227869,1.5823232482721707,4.160508228604538,-3.151205767420492,0.39580787316003413,-0.05603731135841772,0.8905893400010428,1.0,0.5788826564508277,0.03549303497065365
9537+9498,36,0.6111111111111112,0.633262397507254,0.4871792147710209,2.6578343881645723,-1.8392633120535262,0.4486417029674348,0.04900173897103516,0.9703670148059982,0.6111111111111112,1.2530141102653982,0.6270547546502182,4.358691988552055,-2.918058544508484,0.4486417029674348,0.007597598556993712,1.4777810244164005,0.5833333333333334,1.3546004745740543,1.894420021826142,4.998920566815402,-3.3327420883667127,0.4219996966427768,-0.029845487875675036,1.471819680347228,1.0,0.8327524039433946,0.059487805678706984
4453+2315,63,0.5714285714285714,0.08102320671017246,0.36158925979681744,2.846590984440904,-2.55594516618908,0.4486139508259402,0.04897398682954057,0.41812782400891657,0.5396825396825397,0.10878117358074303,0.3441095890411018,4.086748520735215,-3.9392982819378823,0.4178903692159613,-0.023153735194479774,0.3335480877317452,0.5396825396825397,0.3498188874017432,0.2414452027298221,5.296452745268013,-4.963149375045654,0.4178903692159613,-0.03395481530249056,0.46703809317491707,1.0,0.46730523561163523,0.061947093856136504
6117+5510,71,0.5633802816901409,0.4545590600391061,0.49651627322254044,2.1987074798858934,-1.74817105507414,0.44771335602917073,0.04807339203277111,0.7916636773378503,0.5492957746478874,1.1027928465944272,0.4193450881611983,3.640153817650602,-2.3146191397230655,0.4340086039234116,-0.007035500487029445,1.3275597607454295,0.5352112676056338,,,4.3926223642405535,-2.6520895143795813,0.4203903355696419,-0.031454848948809955,,1.0,0.3130686695980891,0.05122841666230321
5386+6117,77,0.5584415584415584,0.23360531087259717,0.3327242586111768,2.0198355857258727,-1.6297214514944591,0.4473803679096196,0.047740403913219986,0.5707099281713413,0.6233766233766234,1.2510363551767076,1.227530846952556,3.531200754825644,-2.086293001020607,0.511725974706673,0.07068187029623196,1.4758032693277099,0.7272727272727273,2.223555546766757,1.6496199125462454,4.6719642764154266,-2.2703482208349643,0.6187889696433607,0.16694378512490887,2.340774752539931,1.0,0.421011067541149,0.048385165143808806
6117+6671,93,0.5483870967741935,0.006067109552478772,0.2983367743000943,1.7842176105803813,-1.782776476913792,0.4473311987163517,0.04769123471995207,0.3431717268512229,0.5053763440860215,-0.15506395562792274,0.005107319757828993,2.6639460210654407,-2.7711195854150263,0.40558333097011484,-0.03546077344032622,0.06970295852307945,0.4731182795698925,-0.16137777171602624,-0.1324934671984533,3.200469825785952,-3.3622158868222143,0.3747376923069333,-0.07710749221151852,-0.044158565942852404,1.0,0.32823449019884415,0.05084625934948417
5386+9199,81,0.5555555555555556,0.17366797695261008,0.3286649874055404,1.851916893365111,-1.6450785527169822,0.4472737929727802,0.04763382897638058,0.5107725942513542,0.5802469135802469,0.87452392177514,0.5877477477477512,3.170034473800781,-2.1366108233699665,0.47153462831375703,0.03049052390331597,1.0992908359261422,0.6296296296296297,1.304719739009298,0.9789813155874284,3.9000824682006776,-2.423696721885137,0.5208353214633141,0.06899013694486228,1.4219389447824717,1.0,0.3284552504680298,0.048278590206969396
7993+2459,38,0.6052631578947368,-0.0903717880933383,0.40557232486666994,1.6132642591117314,-1.7334340195840994,0.44717586998695963,0.04753590599056001,0.24673282920540585,0.5526315789473685,0.6509229584839313,0.9569949224692944,2.8012123119629213,-2.1828732245349345,0.3970602917908942,-0.04398381261954687,0.8756898726349336,0.6052631578947368,1.0767589285996608,1.2440020865143333,3.372871343933828,-2.5664344109486863,0.44717586998695963,-0.004669314531492219,1.1939781343728346,1.0,0.018196672134651537,-0.024589664603512917
2459+5305,38,0.6052631578947368,0.3422420527229871,0.33865570728724326,1.949549346238516,-1.4581660829910976,0.44717586998695963,0.04753590599056001,0.6793466700217312,0.5526315789473685,0.527694156147322,0.7289253790243967,2.6790362253584257,-2.0150264532821955,0.3970602917908942,-0.04398381261954687,0.7524610702983241,0.5789473684210527,0.7198999453029611,0.4978506633793446,2.961525592889749,-2.291806300868928,0.4219207061312732,-0.029924478387178655,0.8371191510761349,1.0,0.7594315771672233,0.05230251655110679
9537+4453,25,0.64,0.027074273900375267,0.4665574937700302,2.102087082364022,-1.9573464913059961,0.44518154601046633,0.04554158201406672,0.3641788911991194,0.56,0.18788223323501418,0.5743192248852714,3.5539227961443207,-3.5072260410394516,0.37067017019564436,-0.07037393421479671,0.4126491473860164,0.52,-0.05436333441265738,0.9454315754477794,4.106881739913725,-4.367102542090444,0.3349821795314731,-0.11686300498697877,0.06285587136051646,0.0,1.0828224904795112,0.05602764872173854
7637+5305,25,0.64,0.2826447999861014,0.3327242586111768,1.4572940418391906,-0.9442266008937139,0.44518154601046633,0.04554158201406672,0.6197494172848456,0.72,1.2846829804757147,0.5921058965102245,2.6048293152532436,-1.1855574964399556,0.524230281034417,0.08318617662397598,1.509449894626717,0.88,1.6999286108381082,1.1779385566260727,3.415491439864137,-1.2704680186120247,0.7004380781662651,0.24859289364781328,1.817147816611282,1.0,0.7617162512320793,0.045675575135104285
8720+5386,25,0.64,0.648551957705559,0.5040228718989282,2.56099967859804,-1.7071831034238942,0.44518154601046633,0.04554158201406672,0.9856565750043031,0.52,1.251492857593626,0.5921058965102245,4.082354269294072,-2.2314578555876357,0.3349821795314731,-0.10606192487896798,1.4762597717446282,0.6,1.25321139676282,1.6554180238870944,4.833205396033141,-2.931166478009723,0.4073912778512734,-0.04445390666717847,1.3704306025359938,1.0,0.3482994469609168,0.032032878013685206
5551+2315,42,0.5952380952380952,-0.015302287936598163,0.5008954143090262,1.9500567782542835,-1.973359054022772,0.4449404552817742,0.04530049128537461,0.321802329362146,0.5476190476190477,-0.008393054343675422,0.08264689474265965,2.9072619557738144,-3.1040797264854794,0.399488627471227,-0.041555476939214075,0.21637385980732676,0.5714285714285714,0.47678207252539145,0.554429120600113,3.799307839449427,-3.741330335835293,0.4220597791187447,-0.029785405399707143,0.5940012782985653,1.0,0.5404009145953248,0.05831136627939276
6117+2315,44,0.5909090909090909,0.2083146717253806,0.4193971991471025,2.5171873332816657,-2.1666675341814248,0.44409492646606574,0.044454962469666126,0.5454192890241247,0.5909090909090909,0.19367902687406355,0.5507981883780478,3.4592655344867818,-3.366750585256973,0.44409492646606574,0.00305082205562468,0.4184459410250657,0.6590909090909091,1.0130224518297197,1.4413674489209762,4.49218201553283,-3.8149026650471316,0.511388679719395,0.0595434952009431,1.1302416576028935,1.0,0.5711395224958333,0.047609987099198225
7555+9001,46,0.5869565217391305,0.3774740918948963,0.3996408761906035,1.8680436135397684,-1.523934413429489,0.44339242387017885,0.04375245987377924,0.7145787091936404,0.5652173913043478,1.0730945466909059,0.9115646624603337,3.176651175905292,-2.0570279452083433,0.42247182776628217,-0.01857227664415889,1.2978614608419081,0.6521739130434783,1.7317940462438959,1.5823232482721707,4.077337085151686,-2.3726549534802595,0.5076979217727257,0.05585273725427381,1.8490132520170697,1.0,0.8534718819266882,0.03754329970198611
7637+9498,46,0.5869565217391305,0.06542180863333251,0.2657186372259247,1.3810605881600204,-1.2420607055497677,0.44339242387017885,0.04375245987377924,0.40252642593207666,0.6521739130434783,0.5806910884138515,0.5899268221289878,2.2825214504197753,-1.5795618672856042,0.5076979217727257,0.0666538173622846,0.8054580025648537,0.7391304347826086,0.8945742614971072,0.9749428069370337,2.9642220062834412,-1.851756075321604,0.5974057019172069,0.14556051739875503,1.011793467270281,1.0,0.45190857623632685,0.043886452994816805
5386+9166,46,0.5869565217391305,0.5465517988913426,0.40557232486666994,2.077948872991013,-1.5322921242734846,0.44339242387017885,0.04375245987377924,0.8836564161900868,0.6304347826086957,1.4700348072803013,0.866953220021265,3.52308434536837,-1.8057248477858574,0.4859983314918479,0.04495422708140684,1.6948017214313036,0.6739130434782609,1.7442237359367092,1.621321489302823,4.232976036488188,-1.988514598712857,0.5296746274432708,0.07782944292481891,1.861442941709883,1.0,0.239555463238776,0.044397221104368056
5510+9040,102,0.5392156862745098,0.3679697313516478,0.3542065515879701,1.975487153055886,-1.5357293542588661,0.4428178811663944,0.043177917169994806,0.7050743486503919,0.5392156862745098,0.957794702464566,0.42968683047518896,3.2796713237237483,-2.124203959925923,0.4428178811663944,0.0017737767559533602,1.1825616166155681,0.5,,,4.067568009932342,-2.5139848198244934,0.40474278556489024,-0.04710239895356161,,1.0,0.43919159851176554,0.05269496608747093
9001+4453,50,0.58,0.17446871235214118,0.3273960818468359,1.8667235693819884,-1.7260672775654278,0.4423319668777783,0.0426920028813787,0.5115733296508853,0.56,1.0117242254560108,0.38295784069101624,3.305868765466513,-2.206019342177248,0.4230578680014353,-0.017986236409005762,1.236491139607013,0.6,1.5350904216561392,1.2440020865143333,4.229593875265699,-2.527432364344828,0.46181189102759373,0.009966706509141887,1.652309627429313,0.0,1.059774338165175,0.03840687222398326
5386+6671,50,0.58,0.4253273757702424,0.33662607168442504,1.974947396931662,-1.561167865975733,0.4423319668777783,0.0426920028813787,0.7624319930689865,0.62,1.1170351889993528,0.7717968570783263,3.3015057123925993,-1.9771046802760026,0.48150195022393577,0.04045784581349471,1.341802103150355,0.66,1.5713697977991543,1.614249216487478,4.0111747036104966,-2.1685291374236204,0.5215356854148286,0.0696905008963768,1.688589003572328,1.0,0.4094715269910929,0.04333676411196752
4453+9166,27,0.6296296296296297,0.007156064768506177,0.4665574937700302,2.0644166327525513,-2.1944819009989245,0.442289046234463,0.04264908223806341,0.3442606820672503,0.5925925925925926,0.34339422150456533,0.679790284415165,3.4076464426031126,-3.574005101278264,0.4072638305536409,-0.03378027385680016,0.5681611356555676,0.5555555555555556,0.2532213255017098,1.5717472993989337,4.108756574623559,-4.382236264209409,0.3731271947957688,-0.07871798972268307,0.37044053127488363,0.0,1.4831479972610173,0.05562218926465934
8423+9380,27,0.6296296296296297,-0.05538277982937242,0.37568884456476337,1.890076104039491,-2.232436999230296,0.442289046234463,0.04264908223806341,0.28172183746937174,0.5555555555555556,0.7297534034443113,0.8701030103010422,3.0822977577124444,-2.7328819787011183,0.3731271947957688,-0.06791690961467228,0.9545203175953134,0.5185185185185185,1.6755057708392076,1.148097747963588,4.804033325330554,-3.2640367221776967,0.33985324586210425,-0.1119919386563476,1.7927249766123814,0.0,0.6066455464773046,0.031886394716889976
7410+6671,27,0.6296296296296297,0.3102558858807634,0.32206790508249494,1.5869838964849978,-1.1486444964612499,0.442289046234463,0.04264908223806341,0.6473605031795076,0.7037037037037037,0.4043123603590296,0.5921058965102245,2.2759064710342054,-1.3816973881845505,0.515189666191624,0.07414556178118292,0.6290792745100318,0.7407407407407407,0.9359502017993803,0.9789813155874284,3.0387225846610266,-1.5862234136207187,0.5532106959738432,0.10136551145539135,1.0531694075725542,1.0,1.0663799678725256,0.04280041876323604
7051+9498,27,0.6296296296296297,0.4370871451052968,0.6634121781087733,2.3294575771440806,-1.930048612938003,0.442289046234463,0.04264908223806341,0.7741917624040409,0.7037037037037037,1.669141779993275,1.6355801104972303,3.9527995706896166,-2.422230434806986,0.515189666191624,0.07414556178118292,1.8939086941442773,0.6666666666666666,1.8917115799034083,1.6366416997111657,5.072715359803577,-3.112675830832264,0.47824419872105484,0.02639901420260299,2.0089307856765823,1.0,0.9854033997801475,-4.292064331529177e-05
7809+2459,27,0.6296296296296297,-0.13983457370501443,0.5078009357720116,1.8700324915541158,-2.0412049567900783,0.442289046234463,0.04264908223806341,0.1972700435937297,0.6666666666666666,-0.0438960737216056,1.362756273925996,2.9484228317473034,-3.4700409962621332,0.47824419872105484,0.037200094310613774,0.1808708404293966,0.6296296296296297,0.43656939628056396,1.6233753148614574,3.7928882680502602,-3.745499300356713,0.442289046234463,-0.009556138283988824,0.5537886020537378,1.0,0.05428024042573082,-0.0408186888533964
9380+6738,92,0.5434782608695652,0.07748901331929849,0.24261124044270732,3.5763934064723357,-3.7099855173874228,0.4419960344126341,0.04235607041623446,0.4145936306180426,0.5434782608695652,0.4959770647131033,0.5516250342423247,5.513072469446841,-5.45469918577716,0.4419960344126341,0.0009519300021930133,0.7207439788641055,0.5108695652173914,0.924564268354355,0.12186044782235742,7.1833436750149495,-6.776096131332742,0.41035314036206955,-0.0414920441563823,1.041783474127529,1.0,0.44546260919234776,0.04863264752353641
7993+9498,88,0.5454545454545454,0.3077698826150842,0.2937519117841282,2.257195839023582,-1.798058980312006,0.44169880685506685,0.042058842858667234,0.6448744999138283,0.6136363636363636,1.34810516751718,1.0656875566355797,3.7672818709762073,-2.1386991277744256,0.5091856433622111,0.06814153895177,1.5728720816681823,0.6818181818181818,1.611637458775167,1.3237314213512088,4.520018124028923,-2.5668082325275,0.5786503842476456,0.12680519972919374,1.7288566645483407,1.0,0.46911276273911506,-0.030066727735405696
7637+6863,56,0.5714285714285714,0.02123469497914659,0.18867437260889255,1.3422372504260243,-1.1803229341787451,0.4413738892040555,0.0417339252076559,0.35833931227789073,0.6428571428571429,0.4854544990116826,0.5774441338266146,2.295931525934123,-1.5512320514311708,0.5119364571733127,0.07089235276287165,0.7102214131626847,0.6607142857142857,0.6950800132079077,0.9243808890253825,3.104218009253059,-1.874800890217389,0.5299920896078809,0.07814690508942906,0.8122992189810815,1.0,0.4140450036324061,0.041867918328693465
9199+5789,58,0.5689655172413793,0.29340160226664885,0.4202625971915942,1.915773087186057,-1.4747176768678452,0.44117876705727427,0.04153880306087465,0.630506219565393,0.5344827586206896,0.46752854434549185,0.36011548396149184,3.242640773133941,-2.4452836566893206,0.40799953310272963,-0.033044571307711434,0.692295458496494,0.5344827586206896,0.6177112777252429,0.7341268436306493,3.8894987254201125,-2.9574855587655615,0.40799953310272963,-0.04384565141572222,0.7349304834984167,1.0,0.09017858128296316,0.051055851978350775
7993+5305,60,0.5666666666666667,0.8577376709918617,0.4167735504760618,3.0250346899571614,-2.1595755094440734,0.4410321465469486,0.041392182550548995,1.1948422882906058,0.6666666666666666,1.9673108668133383,1.2970703737747937,5.013044799476288,-2.5696230116422316,0.540566298666634,0.09952219425619291,2.1920777809643406,0.7333333333333333,2.4536088378926837,1.595507481571561,6.2973798166213175,-3.1239451470309265,0.6099104639810864,0.15806527946263454,2.5708280436658577,1.0,0.7880444951374185,-0.030733388043523935
7555+4453,60,0.5666666666666667,0.7136122501993072,0.3996408761906035,3.1066365330966614,-2.3159747910580046,0.4410321465469486,0.041392182550548995,1.0507168674980514,0.5666666666666667,1.6470091002665848,0.7660476112231908,4.873876351742803,-2.9703982423963193,0.4410321465469486,-1.1957863492451093e-05,1.871776014417587,0.5833333333333334,2.1122988712491813,1.0612240750167137,6.15351540619271,-3.8184632343859928,0.4572785431323962,0.005433358613944339,2.2295180770223553,1.0,0.7186288580068356,0.03518302237875587
9380+9423,72,0.5555555555555556,0.012175208201091537,0.24261124044270732,1.8577562129281329,-1.7675653570214394,0.44087185773467513,0.041231893738275516,0.34927982549983566,0.4722222222222222,0.31701761306140824,-0.2114841929688481,2.806351819520818,-2.443632069841722,0.3612631919907144,-0.07978091241972668,0.5417845272124104,0.4583333333333333,0.7519223743014221,-0.13104204940011618,3.7852151195884565,-2.934257930159033,0.34828438695135916,-0.10356079756709269,0.8691415800745959,1.0,0.5791469220826977,0.047508470845577466
9380+2315,72,0.5555555555555556,0.3819531699810046,0.25910043525735793,3.0760482427664813,-2.378522321281265,0.44087185773467513,0.041231893738275516,0.7190577872797488,0.5555555555555556,1.0182126205906064,0.4213464902637455,4.57221725994626,-3.5083674430944227,0.44087185773467513,-0.00017224667576593022,1.2429795347416086,0.5138888888888888,1.8247616563079465,0.12186044782235742,6.0670026050848405,-4.31877191092886,0.4006955591019895,-0.05114962541646234,1.9419808620811203,1.0,0.3639202058895514,0.047508470845577466
5510+5305,29,0.6206896551724138,0.7452892489019608,0.3327242586111768,2.6994473455069765,-2.1598495866547918,0.4400222620928496,0.04038229809645,1.0823938662007049,0.7241379310344828,2.1460521863043605,1.362756273925996,4.990235204998927,-2.659285564878495,0.5428252365556403,0.10178113214519924,2.3708191004553627,0.6896551724137931,2.7757826199457822,2.825665922351077,6.1819786431669534,-2.9323830693637096,0.5076952952728147,0.0558501107543628,2.8930018257189563,1.0,0.7793455058130013,0.04989934701392612
7809+9498,29,0.6206896551724138,0.24461547206658846,0.5078009357720116,2.318234377560294,-2.101461565050911,0.4400222620928496,0.04038229809645,0.5817200893653326,0.6206896551724138,0.6988099867637539,0.7093904216292347,3.97533917178688,-3.447728353509419,0.4400222620928496,-0.0010218423175914482,0.9235769009147561,0.6206896551724138,0.9845556909738026,1.5928991971454078,4.717851678117048,-3.7041895331836825,0.4400222620928496,-0.011822922425602234,1.1017748967469765,0.0,-0.2607980565593249,-0.04308547299500981
7637+8139,29,0.6206896551724138,0.07694254745073656,0.25685583391801725,1.4783046958574042,-1.2469158062425265,0.4400222620928496,0.04038229809645,0.41404716474948067,0.6206896551724138,0.6001127921100217,0.5671405199054781,2.6269938147901324,-1.7765352204350664,0.4400222620928496,-0.0010218423175914482,0.8248797062610238,0.6896551724137931,1.249397199069396,0.9454315754477794,3.7220834722552536,-2.011422377166427,0.5076952952728147,0.0558501107543628,1.3666164048425697,1.0,0.44133162036625717,0.040516291217487566
6117+6863,113,0.5309734513274337,-0.11759866820929339,0.2263836447226987,1.7404656813412702,-1.8462908407127947,0.43946105198257673,0.03982108798617712,0.21950594908945076,0.49557522123893805,-0.03445473495675767,-0.02238532110092159,2.732153999442685,-2.7671213303738713,0.40506171133355484,-0.03598239307688622,0.19031217919424454,0.48672566371681414,0.07289436754579355,-0.09012255428941338,3.3607838573794524,-3.3282928193222636,0.39653058797717566,-0.055314596541276184,0.1901135733189674,1.0,0.3771516885171612,0.04297611261570922
7993+5789,31,0.6129032258064516,0.8432577775187758,0.51672649321171,2.605523224753241,-1.4811706165538319,0.43823801141131963,0.03859804741492001,1.18036239481752,0.7419354838709677,2.378917170296306,1.4202285761439273,4.581451784564689,-1.9102267351156377,0.567535275722849,0.12649117131240795,2.603684084447308,0.8064516129032258,2.9614523441534435,2.341344809037098,5.555722081096285,-2.1630767262309667,0.6371939644454012,0.18534877992694937,3.0786715499266175,1.0,0.8144668704939686,-0.03352752317915292
6117+9166,97,0.5360824742268041,-0.04171171460404214,0.20102634632741992,1.7827398502315224,-1.7304834017152324,0.4373624379272881,0.037722473930888456,0.295392902694702,0.5154639175257731,-0.0222959890834411,0.08810475534113862,2.6746716837644677,-2.598913638085528,0.41732951901522114,-0.023714585395219923,0.2024709250675611,0.4948453608247423,-0.11754986578793501,-0.015155159548791847,3.1655787327021097,-3.1609965325547145,0.3974565165320966,-0.05438866798635522,-0.0003306600147611749,1.0,0.26611686570288845,0.040877498560420555
6650+5386,33,0.6060606060606061,0.04984567947374497,0.2451316677920358,1.6083487793220403,-1.4292087787877361,0.4368314280651038,0.03719146406870416,0.3869502967724891,0.5454545454545454,0.2877620236564595,0.5921058965102245,2.703310096620746,-2.1359379828232066,0.3798565794374957,-0.061187524972945384,0.5125289378074617,0.5757575757575758,0.5598059147943028,1.4357681287193993,3.389724308888225,-2.575192292604858,0.4080697369146003,-0.04377544760385155,0.6770251205674765,1.0,0.4914848197564373,-0.011782522760836411
5386+6863,91,0.5384615384615384,0.19381400622671616,0.21417625376969798,1.903661509801012,-1.6874085909910808,0.4365598988443711,0.03691993484797146,0.5309186235254603,0.5824175824175825,0.7973503107688854,0.5877477477477512,3.0982622970172304,-2.222620866663034,0.4797697912638643,0.03872568685342326,1.0221172249198875,0.6153846153846154,1.2030949457827793,1.068034740456474,3.7927356204614564,-2.5077635344849094,0.5126857717570245,0.06084058723857261,1.320314151555953,1.0,0.45013797925366306,0.03756469607856028
5386+9040,89,0.5393258426966292,0.5666628566866161,0.3286649874055404,2.31262534113261,-1.5310235293376293,0.43629271757013105,0.036652753573731434,0.9037674739853603,0.6179775280898876,1.3142596067240047,0.8638034297414877,3.7518827175092206,-2.058825570540623,0.5141392792900944,0.07309517487965334,1.539026520875007,0.6404494382022472,1.9982480403160443,1.2711842706904444,4.777845549522455,-2.267186504913008,0.5368521850687317,0.08500700055027982,2.115467246089218,1.0,0.53833056511375,0.03729751480432025
4723+9498,89,0.5393258426966292,0.09959533615953124,0.25883883616271597,1.756901843951743,-1.5542495528672475,0.43629271757013105,0.036652753573731434,0.4366999534582754,0.5056179775280899,0.5825541989259032,0.005107319757828993,2.7455760598230383,-2.129670296473798,0.4036837527420452,-0.03736035166839585,0.8073211130769054,0.5955056179775281,1.1752475575853019,0.8674130384704039,3.591763368199336,-2.400070324381332,0.491640345784806,0.03979516126635413,1.2924667633584757,1.0,0.42930458228953605,0.023652986032570822
6117+9423,114,0.5263157894736842,-0.061423590822588546,0.24161973932035796,1.7173925396115801,-1.7477452852956727,0.4353020195230544,0.0356620555266548,0.2756810264761556,0.4824561403508772,-0.05655176532699555,-0.15838680513199463,2.674031602512116,-2.70350981137883,0.3928049157542809,-0.04823918865616017,0.16821514882400665,0.47368421052631576,0.02988922827942082,-0.13448716635130017,3.280572778971183,-3.299849361395803,0.38438621389923394,-0.0674589706192179,0.14710843405259466,1.0,0.3681170961813731,0.0388170801561869
6117+9498,156,0.5128205128205128,0.06904820230267121,0.18035581817721816,1.918666631217315,-1.7827437418668783,0.43502307846802346,0.035383114471623844,0.40615281960141536,0.532051282051282,0.39480474488590434,0.3945732063322539,3.035734311828917,-2.519468104537082,0.4539223732932173,0.012878268882776212,0.6195716590369065,0.5576923076923077,,,3.820081009371687,-2.8878047703209555,0.4792968030004599,0.027451618482008056,,1.0,0.3863694156160954,0.038538139101155944
6650+6117,37,0.5945945945945946,0.47402587644872335,0.47765559814128455,1.8383861716794794,-1.279475783007652,0.4348568313132931,0.035216867316893496,0.8111304937474675,0.6756756756756757,0.752351554788979,0.6392857446537105,3.038090120240193,-1.861345618753543,0.5146336850482394,0.0735895806377983,0.9771184689399812,0.6216216216216216,1.0095271120063796,0.9789813155874284,3.748098079669022,-2.1765707824602325,0.4610014255281996,0.009156241009747768,1.1267463177795534,1.0,0.2136879968448287,-0.013757119512647076
5789+9498,71,0.5492957746478874,0.2733222116380336,0.47765559814128455,1.9396931358008946,-1.4917171837861518,0.4340086039234116,0.034368639927012,0.6104268289367778,0.5774647887323944,0.9517817092050477,0.42758721997795857,3.520308920156571,-2.3202344459495374,0.46150538703455535,0.020461282624114285,1.1765486233560498,0.6338028169014085,2.3625013507965327,1.1770165745856478,5.257560423698544,-2.6384338142782906,0.5175700445451693,0.06572486002671746,2.4797205565697067,1.0,0.29864677790158545,0.04405089814834928
9001+6580,41,0.5853658536585366,0.23061120186309594,0.5078009357720116,1.844689758040947,-1.6363994499072965,0.433668353568366,0.03402838957196641,0.5677158191618401,0.6097560975609756,1.2921492131083523,1.362756273925996,3.3711101488255446,-2.112507404168851,0.45726583898692563,0.01622173457648457,1.5169161272593545,0.6829268292682927,2.323574550190589,2.4761545796174778,4.6302208814000805,-2.4582844725380864,0.5301551434425416,0.0783099589240897,2.440793755963763,1.0,0.20892116515282733,0.02974325891457097
9001+9498,67,0.5522388059701493,0.16652453923790947,0.25883883616271597,1.6803792155980406,-1.5697997089716997,0.43357401531838863,0.03393405132198901,0.5036291565366536,0.5522388059701493,0.9571037706639671,0.4218060923409307,2.9554765793376654,-2.0548127059955115,0.43357401531838863,-0.007470089092052434,1.1818706848149694,0.6268656716417911,1.6419099255841516,1.5717472993989337,3.9436776129723454,-2.4058611881470378,0.5071518645751268,0.055306680056674995,1.7591291313573254,1.0,0.5292548536945422,0.02964892066459357
5305+9423,65,0.5538461538461539,0.42885089893926553,0.2645465071401,2.1211379736987075,-1.5456617892384916,0.43337604317300876,0.033736079176609146,0.7659555162380096,0.6,1.0403531751081923,0.5921058965102245,3.3851989172127412,-1.975963466640435,0.47855778499746787,0.03751368058702681,1.2651200892591945,0.6307692307692307,1.4848527334819652,1.068034740456474,4.12550291320289,-2.2767013115903296,0.5092359303460251,0.05739074582757325,1.602071939255139,1.0,0.7387421684179185,0.054422475638004675
9017+9380,43,0.5813953488372093,0.6828205342047503,0.2645465071401,2.6122338519427144,-1.7733957268793554,0.4332831575571177,0.0336431935607181,1.0199251515034944,0.6046511627906976,1.4240788099189556,1.3734910811794834,3.8709739865736403,-2.300542116539979,0.4557879659331909,0.014743861522749813,1.6488457240699579,0.627906976744186,1.7499271989098164,1.3109875984430188,4.989538345285581,-2.6995454607223257,0.4785953826527317,0.026750198134279868,1.8671464046829902,1.0,0.6715708944706504,0.029296814273236882
9380+9040,61,0.5573770491803278,0.19281944622016553,0.2263836447226987,1.864947626305417,-1.499201334599437,0.433031467004555,0.03339150300815541,0.5299240635189096,0.5245901639344263,0.3650213220253758,0.5887882333277573,2.763876710598458,-2.1605314109065263,0.4015694171531101,-0.03947468725733094,0.589788236176378,0.5081967213114754,0.5724601047871676,0.037584085500035475,3.6690388923896204,-2.7809954742885012,0.386024064532302,-0.06582111998614987,0.6896793105603414,1.0,0.5432125293210639,0.03966808011545736
5386+3235,45,0.5777777777777777,-0.07277248958577305,0.3327242586111768,1.4529719180259133,-1.519214003399137,0.4330053279594451,0.03336536396304546,0.2643321277129711,0.5555555555555556,0.4977631438745075,0.34043140638480474,2.418343948600927,-1.9563814385541993,0.4117588341636532,-0.029285270246787842,0.7225300580255096,0.6666666666666666,1.238810887316057,1.1288482632541055,3.1580601530904233,-2.1532154492893665,0.520702168092554,0.06885698357410214,1.3560300930892308,1.0,0.13551086340209717,0.03401012519363428
5386+6738,59,0.559322033898305,0.1759551956242533,0.2645465071401,1.7888549581380186,-1.664968991537478,0.43289130270422654,0.03325133870782693,0.5130598129229974,0.559322033898305,0.7544653031274945,0.4400285727891796,2.88620664373341,-2.127058687407061,0.43289130270422654,-0.008152801706214519,0.9792322172784966,0.5254237288135594,1.1205858306114926,0.12828828828828534,3.568801496512022,-2.5256638803551903,0.40039576757312717,-0.05144941694532468,1.2378050363846664,1.0,0.23594440414678464,0.03389609993841575
7051+5465,49,0.5714285714285714,-0.4247443108970012,0.53735687115966,3.2917367118287175,-4.383038662514196,0.4327024751701555,0.03306251117375586,-0.08763969359825707,0.6326530612244898,-0.24949415109910128,1.292737957928263,5.116299441090721,-6.264539956072801,0.4926681138688987,0.05162400945845763,-0.024727236948099085,0.6122448979591837,-0.7720401728859463,1.1926385978281486,6.593637347601601,-8.047135125083148,0.47245746488052426,0.02061228036207241,-0.6548209671127725,0.0,0.8854453550296111,-0.00962949170762284
7993+6580,53,0.5660377358490566,0.3780741117266638,0.4889599449888139,2.4354356581626546,-1.7522239520037728,0.43265114979768754,0.03301118580128792,0.7151787290254079,0.6792452830188679,1.4802729043942786,1.3734910811794834,3.8423431231793685,-2.08880330366708,0.5451826763724886,0.10413857196204757,1.7050398185452809,0.7169811320754716,2.3061366755032378,2.217762893502999,4.8101396465224875,-2.343534920743907,0.5842945799989226,0.1324493954804708,2.4233558812764118,1.0,0.8134174279733454,-0.039114384792785006
6117+6580,90,0.5333333333333333,0.2375184090993703,0.4051899283762307,2.1334866495037144,-1.8268216394472117,0.4310200470971506,0.031380083100750966,0.5746230263981145,0.5777777777777777,0.7410703755004203,0.6156958205819675,3.2090444075565756,-2.4073502968355296,0.47460998022687484,0.03356587581643378,0.9658372896514225,0.6111111111111112,1.2267208271466674,1.3743819369922907,3.985591363868825,-2.756578272615149,0.5078226845453938,0.05597750002694196,1.3439400329198412,1.0,0.47956490961053727,0.034535107730283066
9199+9498,137,0.5109489051094891,-0.07901242257611432,0.16808838299298592,1.7446496928600257,-1.7905457976265995,0.4280922379949747,0.028452273998575084,0.2580921947226298,0.5109489051094891,0.17215976916824283,0.0449180327869049,2.800525594079338,-2.568866130413838,0.4280922379949747,-0.012951866415466362,0.396926683319245,0.5328467153284672,0.367275715144563,0.21822552138564447,3.4364728749178988,-3.0184841039753234,0.44954701057317437,-0.002298173945277482,0.4844949209177368,1.0,0.4236410046297205,0.03796932291605121
6117+2459,72,0.5416666666666666,-0.21539482116097516,0.2907149697172474,1.6824803340270582,-1.848169559608637,0.42739664196707616,0.027756677970676547,0.12170979613776897,0.4861111111111111,-0.39673268817574103,-0.11764069017225029,2.435022723244634,-3.0194544697385455,0.37432480743008384,-0.06671929698035722,-0.17196577402473884,0.4722222222222222,-0.2961520021510859,-0.1926439868818307,2.942060207252917,-3.556641456156721,0.3612631919907144,-0.09058199252773746,-0.17893279637791204,0.0,0.43700269505154066,0.030911702600208646
4453+9423,72,0.5416666666666666,-0.1941707487839494,0.2578473350403666,1.7280756099439312,-1.8851258305784988,0.42739664196707616,0.027756677970676547,0.14293386851479473,0.5138888888888888,0.09093649220936603,0.11762445041447092,2.877223597427089,-2.860420402081937,0.4006955591019895,-0.040348545308451556,0.3157034063603682,0.5277777777777778,0.27862408671004274,0.19660630769649426,3.619158169083507,-3.4621045162240236,0.4140046953345257,-0.03784048918392613,0.3958432924832166,0.0,0.6513128343257448,0.04072978499727248
9001+8139,68,0.5441176470588235,0.1570402428108777,0.2178765070460266,1.714488915695484,-1.5296677527071896,0.4265639778429345,0.026924013846534867,0.49414486010962183,0.5441176470588235,0.7816378418750793,0.25504402608054655,2.9694695300927676,-2.1090067578741314,0.4265639778429345,-0.01448012656750658,1.0064047560260816,0.5882352941176471,1.4226144551838988,1.0612240750167137,3.9315983380550032,-2.465328117097633,0.46961251890308464,0.017767334384632794,1.5398336609570726,1.0,0.7230361975108182,0.022638883189139425
6863+4453,68,0.5441176470588235,-0.19253990396605228,0.25910043525735793,1.769186043653166,-1.9416737376501938,0.4265639778429345,0.026924013846534867,0.14456471333269186,0.5294117647058824,0.1760307501493758,0.25504402608054655,2.9791573646021754,-2.8812330642780166,0.41240715813747064,-0.02863694627297042,0.400797664300378,0.5441176470588235,0.3971024847267818,0.47392651278280085,3.7518059642815813,-3.451099619681894,0.4265639778429345,-0.025281206675517365,0.5143216904999556,0.0,0.743201570669642,0.036851404682012034
9199+4453,66,0.5454545454545454,-0.08195977320620074,0.25910043525735793,1.7758181882686572,-1.8175975900819978,0.42614799738706416,0.026508033390664543,0.2551448440925434,0.5303030303030303,0.30530978325282443,0.25504402608054655,3.0199002853610595,-2.7157575572287174,0.41157476624932443,-0.02946933816111663,0.5300766974038267,0.5454545454545454,0.5913513983442171,0.47392651278280085,3.7969721373914167,-3.1614039166975645,0.42614799738706416,-0.02569718713138769,0.7085706041173909,0.0,0.7312983235115167,0.036025082308140666
5465+9498,110,0.5181818181818182,0.2317828633459839,0.09269319379627175,1.8318588942139558,-1.5749975987675056,0.42577772382313195,0.026137759826732332,0.568887480644728,0.5545454545454546,0.9103173190302575,0.42469665615944463,3.009356854105022,-2.067038351372908,0.46138519294934005,0.020341088538898988,1.1350842331812596,0.6090909090909091,1.4899032385335413,0.9243808890253825,4.0336193185057585,-2.444586440973662,0.5156976365529585,0.06385245203450668,1.6071224443067151,1.0,0.7545125651547615,0.03854366070397375
7809+3235,26,0.6153846153846154,-0.21245361555158082,0.5122637144918608,1.8604187310485623,-2.0243201853051316,0.4253452003942009,0.025705236397801257,0.12465100174716331,0.6153846153846154,-0.40006608731061244,0.6418548232572531,2.8710077236795195,-3.525925449355007,0.4253452003942009,-0.01569890401624019,-0.17529917315961024,0.6153846153846154,0.24821520999011495,1.5823232482721707,3.6803999427629557,-3.8119783036070682,0.4253452003942009,-0.026499984124250975,0.3654344157632888,0.0,-0.3320724920411408,-0.05776253469365855
5551+4778,26,0.6153846153846154,0.4436144024858016,0.6579406386423893,2.0895669818861236,-1.681593405801174,0.4253452003942009,0.025705236397801257,0.7807190197845457,0.6538461538461539,1.204279952222657,1.4265606461191285,3.1659422669255832,-2.179516420752148,0.46220229009632996,0.021158185685888897,1.4290468663736593,0.7307692307692307,2.0396276801870092,1.4738146490770923,4.281637027048747,-2.5167818929694237,0.5391659658023868,0.087320781283935,2.1568468859601833,1.0,1.0924845441784998,0.03871611139181941
9199+4778,26,0.6153846153846154,0.601317228516672,0.3686390521807904,2.1373019329247107,-1.592729180462761,0.4253452003942009,0.025705236397801257,0.9384218458154161,0.5384615384615384,0.9987468715456236,0.7755708288713239,3.015381093899372,-2.1396614063078965,0.35457636204430115,-0.08646774236613991,1.2235137856966258,0.5769230769230769,1.2850853137145686,0.5367749243075416,4.128652167492691,-2.5993332356136643,0.3894829692111983,-0.062362215307253555,1.4023045194877424,1.0,1.2222122330528422,0.03522228531527738
5386+2459,62,0.5483870967741935,-0.017470946069165515,0.2937519117841282,1.664665254965361,-1.6957668186643735,0.4253229453059872,0.02568298130958757,0.31963367122957864,0.5,0.3671041064253929,-0.008639000671546299,2.5571060873128313,-2.2904030646858535,0.37922532216457727,-0.06181878224586379,0.5918710205763951,0.532258064516129,0.7069646398141513,0.10678281190092301,3.0293496779869464,-2.5820169191169606,0.4098381737584801,-0.042007010759971763,0.824183845587325,1.0,0.41228720844285344,0.02632774254017639
5789+6863,62,0.5483870967741935,0.23178359636430898,0.3273960818468359,1.9447136406265686,-1.5393084647684192,0.4253229453059872,0.02568298130958757,0.5688882136630531,0.5483870967741935,0.8450192575859827,0.38172733860115005,3.630907732150773,-2.519512019319446,0.4253229453059872,-0.015721159104453875,1.069786171736985,0.5645161290322581,1.7184487362199943,0.8058216651150297,5.057256005328166,-3.050022475093278,0.4409276740746584,-0.010917510443793466,1.835667941993168,1.0,0.2625504591731112,0.03536523953092485
6117+9380,56,0.5535714285714286,0.2452089277938056,0.25910043525735793,2.1384192331667484,-1.7690191746406025,0.4241298613178389,0.024489897321439302,0.5823135450925497,0.5178571428571429,0.5247765653724381,0.38573704465187275,2.99507289238377,-2.4768515259928967,0.3901016225125491,-0.05094248189789197,0.7495434795234404,0.5714285714285714,1.000147554947605,0.31483257963668587,3.9237039058653993,-2.9168483228064233,0.4413738892040555,-0.010471295314396334,1.117366760720779,1.0,0.385643166493834,0.0276449219509714
4723+3994,28,0.6071428571428571,0.15015009089987633,0.4404188202789029,1.664666484636636,-1.2919423004391288,0.42408726034906297,0.02444729635266335,0.4872547081986205,0.5357142857142857,0.44154377904605224,0.28173260876473327,2.171642987321255,-1.4554004338803759,0.35812395142101666,-0.0829201529894244,0.6663106931970544,0.6428571428571429,0.929283212911287,0.9243808890253825,2.764852942651472,-1.6731463815052154,0.4582997758222724,0.006454591303820534,1.046502418684461,1.0,0.6077494695363721,0.011447528811502738
9380+9166,28,0.6071428571428571,-0.029881365231349242,0.29401351087877015,2.0851024109852268,-2.078916453993103,0.42408726034906297,0.02444729635266335,0.30722325206739487,0.5714285714285714,1.0158026201820392,0.7294456218143998,3.4511834624379483,-2.7419424535565997,0.390704789856154,-0.050339314554287085,1.2405695343330414,0.4642857142857143,1.374895948618491,-0.05263885691910261,4.563408656147023,-3.155049923523389,0.2953130373965958,-0.15653214712185604,1.4921151543916649,0.0,0.7569414969922876,0.0307238734599653
9199+8139,83,0.5301204819277109,0.11296162930318229,0.2093693693693545,2.0076940191971295,-1.8008734958157007,0.42380777365590233,0.024167809659502715,0.4500662466019264,0.5421686746987951,0.5062217917604249,0.19033086804203694,3.3763458554976924,-2.732615176951952,0.43549852372657977,-0.005545580683861295,0.7309887059114271,0.5783132530120482,0.9874127602781017,0.842408614338357,4.210450998326696,-3.1273986846103945,0.47092628420898824,0.019081099690536396,1.1046319660512756,1.0,0.6358380952928337,0.03368485857697884
5510+9199,54,0.5555555555555556,0.1108182807622969,0.34964340748209655,1.9064954516694808,-1.8488575809675654,0.4237541391136446,0.024114175117245007,0.447922898061041,0.48148148148148145,0.6380856704637794,-0.08966620195592453,3.2744018062177918,-2.465131260688046,0.3539375603654322,-0.08710654404500884,0.8628525846147816,0.46296296296296297,1.0411415139164437,-0.13073342995095313,4.092040119217412,-2.8605090496488943,0.33689688992410527,-0.11494829459434658,1.1583607196896175,0.0,-0.05366887315982399,0.03363122403472113
8139+2315,54,0.5555555555555556,0.16710799326830722,0.3418285824396562,2.209938188254491,-1.983811455367318,0.4237541391136446,0.024114175117245007,0.5042126105670514,0.5740740740740741,0.32333352505769253,0.331933386580079,3.2278962378650995,-2.9510435164337983,0.44162497846346305,0.0005808740530219847,0.5481004392086948,0.5925925925925926,0.7979672189174674,0.8683435998393986,4.067759178362694,-3.4673760787029413,0.45966610248851525,0.007820917970063401,0.9151864246906412,1.0,0.7866212047282952,0.0370477340926062
7637+9423,54,0.5555555555555556,0.0032935343532039716,0.20295353529184337,1.3261799000272814,-1.16574449843685,0.4237541391136446,0.024114175117245007,0.3403981516519481,0.6111111111111112,0.3374670144887984,0.5137567854500747,2.2475045113714454,-1.6676349707274323,0.4778805658150834,0.03683646140464236,0.5622339286398006,0.6481481481481481,0.5925936939469436,0.8783030929471348,3.02393725549295,-1.9985542164466144,0.5148458381779774,0.06300065365952551,0.7098128997201174,1.0,0.3554220131556015,0.024248168238282575
5510+6863,54,0.5555555555555556,0.14334551870541087,0.34964340748209655,1.9278412913071759,-1.8386950487394356,0.4237541391136446,0.024114175117245007,0.480450136004155,0.5,0.636398662733742,0.12011601901034576,3.28661035130938,-2.5365154819156945,0.37114361988923295,-0.06990048452120812,0.8611655768847442,0.5,1.5787244609759683,0.31094324071731416,4.546562227885062,-2.8689679793797076,0.37114361988923295,-0.0807015646292189,1.695943666749142,0.0,-0.06000670675710279,0.03363122403472113
7637+6117,54,0.5555555555555556,-0.023744056350230865,0.22894109012271857,1.3457253393042508,-1.1911249463934999,0.4237541391136446,0.024114175117245007,0.3133605609485133,0.5555555555555556,0.18000107415852626,0.36134598605135804,2.172348471799293,-1.7110087773652698,0.4237541391136446,-0.01728996529679644,0.4047679883095284,0.6111111111111112,0.31057892692735867,0.7713543963614723,2.717923017728872,-2.052925329735214,0.4778805658150834,0.026035381296631577,0.4277981327005325,1.0,0.430688403878517,0.024248168238282575
9199+2315,52,0.5576923076923077,-0.1805426302901324,0.2907149697172474,1.9820844925848446,-2.0410084005725895,0.4233952499151638,0.02375528591876419,0.15656198700861174,0.5384615384615384,-0.14247333334156323,0.2039309697300974,2.874252445030994,-3.1096058546977403,0.405033783976834,-0.03601032043360708,0.08229358080943897,0.5192307692307693,0.11382846711666057,0.12186044782235742,3.661001703650246,-3.6440423761265204,0.3868545397052721,-0.06499064481317973,0.2310476728898344,0.0,0.4402396447253413,0.033272334836240314
7637+3235,52,0.5576923076923077,-0.12757663950993234,0.1909186951654364,1.2302817650087206,-1.1785464932788596,0.4233952499151638,0.02375528591876419,0.2095279777888118,0.5384615384615384,-0.0003567015438153708,0.25196602534623314,1.9512188905537078,-1.6005093202598824,0.405033783976834,-0.03601032043360708,0.22441021260718683,0.5769230769230769,0.08131608981038038,0.40268600419515643,2.440041080938963,-2.006715863612343,0.44194084979431497,-0.009904334724136876,0.1985352955835542,1.0,0.35010132597570265,0.02388927903980176
6117+9199,132,0.5075757575757576,-0.13892388424670765,0.03842993551277832,1.693075827900835,-1.7554408988908836,0.4232876070549147,0.023647643058515078,0.19818073305203648,0.4696969696969697,-0.10193998634596914,-0.17827969661519213,2.607564286690086,-2.6090208505643524,0.38662084214673215,-0.054423262263708916,0.12282692780503306,0.4772727272727273,-0.017839109217309787,-0.1242649953510043,3.147315268590301,-3.1031573576114027,0.3939166161603908,-0.05792856835806104,0.09938009655586405,1.0,0.3776508702683936,0.026802667688047177
6650+6671,30,0.6,-0.05083382579464789,0.47775871937942205,1.6010231493976732,-1.5432531486481662,0.42320052498273836,0.02356056098633874,0.28627079150409623,0.6,-0.1714698320887123,0.583212560697748,2.3863227050812563,-2.1668225222031974,0.42320052498273836,-0.017843579427702705,0.05329708206228989,0.5666666666666667,0.43023919339866246,0.9749428069370337,3.291808954291244,-2.487340819513223,0.39197009545408734,-0.059875089064364506,0.5474583991718363,0.0,-0.24941518628627385,-0.02541342584320183
6650+9423,30,0.6,-0.05083382579464789,0.47775871937942205,1.6010231493976732,-1.5432531486481662,0.42320052498273836,0.02356056098633874,0.28627079150409623,0.6,-0.1714698320887123,0.583212560697748,2.3863227050812563,-2.1668225222031974,0.42320052498273836,-0.017843579427702705,0.05329708206228989,0.5666666666666667,0.43023919339866246,0.9749428069370337,3.291808954291244,-2.487340819513223,0.39197009545408734,-0.059875089064364506,0.5474583991718363,0.0,-0.24941518628627385,-0.02541342584320183
2459+4778,30,0.6,0.5229293671077277,0.29398645225975806,2.216421046336811,-1.4130131157601007,0.42320052498273836,0.02356056098633874,0.8600339844064719,0.5333333333333333,0.7962959401666531,0.7755708288713239,3.1902640583489523,-1.996397117903654,0.36142013281525043,-0.07962397159519063,1.0210628543176552,0.5333333333333333,0.7986967853371411,0.45249856198521965,4.043739746003094,-2.683161840671383,0.36142013281525043,-0.09042505170320142,0.9159159911103149,1.0,0.6539816341391376,0.02832717154688552
6650+6863,30,0.6,-0.05083382579464789,0.47775871937942205,1.6010231493976732,-1.5432531486481662,0.42320052498273836,0.02356056098633874,0.28627079150409623,0.6,-0.1714698320887123,0.583212560697748,2.3863227050812563,-2.1668225222031974,0.42320052498273836,-0.017843579427702705,0.05329708206228989,0.5666666666666667,0.43023919339866246,0.9749428069370337,3.291808954291244,-2.487340819513223,0.39197009545408734,-0.059875089064364506,0.5474583991718363,0.0,-0.24941518628627385,-0.02541342584320183
2459+9493,30,0.6,0.5095297421206891,0.3469931226780344,1.715634430831661,-1.193673851337097,0.42320052498273836,0.02356056098633874,0.8466343594194332,0.6333333333333333,1.4590640830656396,1.076462579552955,3.053047439446838,-1.4121020420569264,0.4551324643360493,0.014088359925608251,1.6838309972166419,0.7,1.282083310883532,2.2224349491550432,3.799981318473408,-2.364902172699016,0.5212387898833981,0.06939360536494626,1.3993025166567057,1.0,0.9658313022688747,0.02832717154688552
6117+5305,50,0.56,0.6205402284360408,0.33865570728724326,2.478431707566394,-1.665243535852844,0.4230578680014353,0.023417904005035683,0.957644845734785,0.66,1.7343751070429423,1.4455486960413702,4.22763791703712,-2.0907213352906795,0.5215356854148286,0.08049158100438758,1.9591420211939445,0.82,2.9873514473830975,1.987651147290852,5.5966951095862365,-2.2609428173404043,0.6920368054529739,0.240191620934522,3.1045706531562716,1.0,0.6619460603030727,0.026572928634567783
6863+9498,158,0.5,-0.007281734724972626,-0.01583320417821263,1.8102918805266848,-1.772614112870386,0.42296625811981226,0.02332629412341264,0.3298228825737715,0.5126582278481012,0.38219550456785045,0.14947754756682763,2.974387656738145,-2.520842004883981,0.4353481244196621,-0.0056959799907789765,0.6069624187188527,0.5316455696202531,0.9128190015359429,0.22983536205773328,3.9470281092793154,-2.944815897689257,0.454011438386018,0.002166253867566137,1.0300382073091168,1.0,0.5645124485353528,0.033253684958889806
8139+5305,48,0.5625,0.7446923477455846,0.355574856158163,2.6977595848698104,-1.775758383447507,0.4227477150100165,0.023107751013616895,1.0817969650443287,0.6458333333333334,1.5241904775105055,0.9106743772892714,4.234635715554934,-2.2060523024206358,0.5043879645406409,0.06334386013019988,1.7489573916615078,0.6666666666666666,1.7662000507858877,1.2444630775345458,4.888968805297235,-2.67301725395887,0.5253984633247204,0.07355327880626855,1.8834192565590615,1.0,0.6360990089292903,0.03604130998897809
9040+6671,79,0.5316455696202531,0.11954428331726814,0.3286649874055404,1.9496385236885685,-1.7915987537432332,0.42271215907094595,0.02307219507454633,0.45664890061601227,0.46835443037974683,0.14228208593516045,-0.389243496461673,2.907570930975238,-2.5054919495165833,0.36235600950357894,-0.07868809490686213,0.36704900008616265,0.45569620253164556,0.18063598885092785,-0.13648086550414704,3.4546338457439503,-3.060051065326206,0.35048276758066016,-0.10136241693779169,0.2978551946241017,1.0,0.21628625501141654,0.044237194579678674
9166+9498,98,0.5204081632653061,0.03163615092486741,0.15707656116947147,1.8695319561076584,-1.7577148561960465,0.4226063199448908,0.02296635594849117,0.36874076822361157,0.5408163265306123,0.5226106382268385,0.4205755902510645,3.152107587182727,-2.4949243552010762,0.4424786494488038,0.0014345450383627112,0.7473775523778408,0.5510204081632653,1.1442692744653673,0.5915349887384337,4.255261221409236,-2.880659779083179,0.45247368335883686,0.0006284988403850167,1.261488480238541,1.0,0.4384706441407442,0.039660296940707884
9380+4436,32,0.59375,0.9121953565989627,0.24546507593139932,3.5497872236394254,-2.1220681288834395,0.4225972657298823,0.022957301733482705,1.2492999738977069,0.59375,1.3361230173707956,0.9459346668750859,5.334772012301669,-3.4142697479356157,0.4225972657298823,-0.01844683868055874,1.560889931521798,0.53125,2.215173664726296,1.392369723837377,7.012357861575201,-4.384696379708875,0.3644923793257382,-0.08735280519271366,2.33239287049947,1.0,1.290623840764573,0.029233878840784655
4453+6671,32,0.59375,-0.10261910289708459,0.39431269942626257,1.9446363398990836,-2.1178179068451333,0.4225972657298823,0.022957301733482705,0.23448551440165954,0.53125,-0.07654403803470933,0.37078163822999344,3.1015459965377694,-3.5920415137242694,0.3644923793257382,-0.07655172508470287,0.14822287611629287,0.53125,-0.02827274124337198,0.5934383890888008,3.7628524568880133,-4.381371967913356,0.3644923793257382,-0.08735280519271366,0.08894646452980186,0.0,1.1469234734829754,0.035930408760078636
5386+9380,46,0.5652173913043478,0.08011772533001996,0.2966057472728202,1.9698099192505145,-1.8215304117222384,0.42247182776628217,0.022831863769882554,0.4172223426287641,0.5,0.04929761365454153,-0.014641091920737231,2.789950128772314,-2.5460795770194826,0.3611870167007237,-0.07985708770971739,0.27406452780554375,0.45652173913043476,0.4090006501349001,-0.14872754257396856,3.4012988081042486,-3.013028181173256,0.3215451042112199,-0.13030008030723195,0.526219855908074,1.0,0.5174834539843771,0.023476625000471374
7781+9040,34,0.5882352941176471,0.19478289428662338,0.49838044038041274,1.7208905107052144,-1.5340957008737741,0.42221304146519273,0.022573077468793112,0.5318875115853675,0.6470588235294118,1.1074646147982734,1.113279851833742,3.1052400890043153,-2.0114331112208923,0.4791365883001342,0.03809248388969316,1.3322315289492757,0.7058823529411765,2.0988793831314143,1.6373428438156414,4.165297884839685,-2.078245736290961,0.5383077411853625,0.08646255666691066,2.2160985889045883,1.0,0.9543183252382526,0.031440952841088166
7993+9001,34,0.5882352941176471,-0.16173205105219396,0.40557232486666994,1.645889163848426,-1.8557912776664796,0.42221304146519273,0.022573077468793112,0.17537256624655018,0.5588235294117647,0.8825801163142142,0.8534329314835489,3.075268961868728,-2.2901045516557708,0.3945361778918369,-0.04650792651860414,1.1073470304652164,0.6764705882352942,1.8811756179657797,2.280674796933828,4.0281794373090785,-2.65081306380783,0.5084258404811939,0.05658065596274203,1.9983948237389535,1.0,0.264694361082803,-0.04955249312527982
7637+9040,34,0.5882352941176471,0.12050140054204492,0.4366406561620396,1.5341054051016783,-1.157828087533434,0.42221304146519273,0.022573077468793112,0.457606017840789,0.6470588235294118,0.5055549594978891,0.46939472409336835,2.4961306024731056,-1.5308047741877318,0.4791365883001342,0.03809248388969316,0.7303218736488912,0.6176470588235294,0.7447446174459843,0.9371172504448123,3.0815392995213426,-1.8146843350011639,0.45040719999382667,-0.00143798452462518,0.8619638232191581,1.0,0.5015457483918948,0.02270707058983068
2459+3158,34,0.5882352941176471,0.2799318008392605,0.5507620524803182,2.2996674449944314,-1.8186263237862965,0.42221304146519273,0.022573077468793112,0.6170364181380046,0.5294117647058824,0.48776168900447714,0.3798928784541179,3.3324628576407402,-2.7664712483579743,0.3673644042005484,-0.07367970020989267,0.7125286031554794,0.47058823529411764,0.9704963122348692,-0.10786289379274935,4.466805014440792,-3.263130861227621,0.31451251633111366,-0.1373326681873382,1.0877155180080431,1.0,0.6182858909799125,0.027339688029339893
4778+2315,34,0.5882352941176471,0.38949517733418104,0.3130678834684587,2.1261163682006887,-1.5390394689057474,0.42221304146519273,0.022573077468793112,0.7265997946329252,0.5882352941176471,0.8460560282110471,1.1751495321854646,3.060998138871095,-2.083971323974349,0.42221304146519273,-0.018831062945248334,1.0708229423620492,0.5882352941176471,1.4223927893290007,1.0222148065280259,4.159148196693657,-2.463289116031809,0.42221304146519273,-0.02963214305325912,1.5396119951021745,1.0,0.6360261149243492,0.04145265739034826
4778+9423,42,0.5714285714285714,0.34313230236164527,0.22027994924619834,1.9453141464121262,-1.5416189170280004,0.4220597791187447,0.022419815122345088,0.6802369196603895,0.5,0.5686483517602843,0.10168091764092736,2.8224868906144773,-2.1173276461458332,0.3552574591652803,-0.08578664524516078,0.7934152659112865,0.5,0.7896259350151281,-0.1003206577025749,3.798548145099443,-2.6157622900308892,0.3552574591652803,-0.09658772535317156,0.9068451407883019,1.0,0.6751838919286379,0.04129939504390023
7993+5551,42,0.5714285714285714,0.6876983205817156,0.5362951030038411,2.8691881387315683,-2.125986953652931,0.4220597791187447,0.022419815122345088,1.0248029378804597,0.5714285714285714,1.6085957737276548,0.7877470313323467,4.776275427607279,-2.5908068659346104,0.4220597791187447,-0.018984325291696358,1.833362687878657,0.6190476190476191,1.8824207850479888,1.2440020865143333,5.555748205088215,-3.328523886751716,0.46813768219996377,0.01629249768151192,1.9996399908211626,1.0,0.052556901087778274,-0.04970575547172784
5465+9166,42,0.5714285714285714,0.29331895500593663,0.39431269942626257,1.5963276543707077,-1.4483821145620535,0.4220597791187447,0.022419815122345088,0.6304235723046807,0.5714285714285714,0.9952254016222035,0.42469665615944463,2.7683179978718764,-1.799477808378885,0.4220597791187447,-0.018984325291696358,1.2199923157732058,0.6666666666666666,1.5212846216158142,1.0513884173413415,3.712471257906892,-2.078932458980066,0.5155222701166692,0.06367708559821733,1.638503827388988,1.0,0.12121889566510882,0.034825715999586504
4453+3235,36,0.5833333333333334,-0.02345794003411561,0.3273960818468359,1.8269124759544733,-1.8855072640143458,0.4219996966427768,0.022359732646377195,0.3136466772646285,0.5,0.04180664118513086,0.053430562437738596,3.0869055629175937,-3.2451336450291692,0.34474067624730526,-0.0963034281631358,0.26657355533613303,0.5833333333333334,0.4097855959046398,0.9073528683280864,3.7331221822143528,-3.720803203654437,0.4219996966427768,-0.029845487875675036,0.5270048016778136,0.0,1.069549117412805,0.035332839672973126
6650+9040,36,0.5833333333333334,0.31665298162517136,0.4833077715650492,1.755728696509439,-1.324159105959059,0.4219996966427768,0.022359732646377195,0.6537575989239155,0.6111111111111112,0.18807696448063688,0.5904470649189909,2.656669101982957,-2.101193663541716,0.4486417029674348,0.007597598556993712,0.41284387863163907,0.5,0.368537098735527,0.07689329329572571,3.3196331849015013,-2.5683014011728225,0.34474067624730526,-0.10710450827114659,0.48575630450870083,1.0,0.22049593064626427,-0.026614254183163377
9040+3158,36,0.5833333333333334,0.09468189705670736,0.5507620524803182,1.993887993123843,-1.7906019968236382,0.4219996966427768,0.022359732646377195,0.4317865143554515,0.5555555555555556,0.11523536837668624,0.5499952307682677,2.736723764574803,-2.567352990843604,0.39580787316003413,-0.04523623125040693,0.34000228252768844,0.4444444444444444,0.2684335451874438,-0.1133017098967802,3.441646992147588,-3.070347430073972,0.29541029876543135,-0.1564348857530205,0.38565275096061763,1.0,0.38893248198861713,0.04352473215150954
4778+6738,36,0.5833333333333334,0.35744674051961645,0.24546507593139932,2.0634076732400732,-1.5180572617642485,0.4219996966427768,0.022359732646377195,0.6945513578183606,0.5833333333333334,0.9044363471563881,1.1751495321854646,3.065270721343031,-2.0327151248845943,0.4219996966427768,-0.01904440776766425,1.1292032613073903,0.6111111111111112,1.5488745374923203,1.2440020865143333,4.240372451404052,-2.3909597062721955,0.4486417029674348,-0.0032034815510170733,1.666093743265494,1.0,0.7321102452937881,0.04123931256793234
3105+9040,40,0.575,0.18779909988977692,0.3521769159851519,1.8801659075976835,-1.6337317595988086,0.4219480043605999,0.02230804036420031,0.524903717188521,0.6,0.8004199436082114,0.9019700930685206,2.8221778116106,-2.1514886057563105,0.44595619827393507,0.004912093863494005,1.0251868577592136,0.625,1.0850479090243557,1.1660125108442656,3.60003214302154,-2.4935461939307877,0.4703216005453191,0.018476416026867226,1.2022671147975295,0.0,-0.16462806179187145,0.021433900941695394
9040+2315,40,0.575,0.3262043279018929,0.25910043525735793,2.1838955401141824,-1.749445674929489,0.4219480043605999,0.02230804036420031,0.6633089452006371,0.55,0.4689531834814501,0.2640666640651591,2.970558967869544,-2.3332162785765584,0.3982882988844078,-0.04275580552603325,0.6937200976324522,0.525,0.709745637477078,0.13951464411492878,3.801714548013132,-2.7727615120020923,0.37497106853929735,-0.0768741159791545,0.8269648432502518,1.0,0.8191294441859223,0.04347303986933265
4723+8139,38,0.5789473684210527,0.1971593810940988,0.4140733767834238,1.7891654537964925,-1.5751476290249096,0.4219207061312732,0.022280742134873577,0.534263998392843,0.5789473684210527,1.2515414581782658,0.49806265861310106,3.200241474089875,-2.0537412149514953,0.4219207061312732,-0.01912339827916787,1.476308372329268,0.6842105263157895,1.816060047914671,1.2440020865143333,4.061686826347699,-2.3675679328173214,0.5254394356005149,0.07359425108206302,1.9332792536878447,1.0,0.5987565396621204,0.009280974593712965
5386+9423,92,0.5217391304347826,0.14198135313615962,0.21177281156952624,1.8531373729579073,-1.677644020718502,0.4208551790537803,0.021215215057380665,0.47908597043490375,0.5543478260869565,0.7112338617962815,0.5035845463473289,3.0689136671371604,-2.2065173429789686,0.45263522635441744,0.011591121943976379,0.9360007759472837,0.5869565217391305,1.18623601900063,0.8863021819056894,3.801825114089842,-2.5162003590299538,0.48483148595056913,0.03298630143211728,1.3034552247738038,1.0,0.44622029818080156,0.021859976287969485
9498+6738,92,0.5217391304347826,0.09443385291885333,0.21177281156952624,1.9478832938984925,-1.8365589630556303,0.4208551790537803,0.021215215057380665,0.43153847021759745,0.5217391304347826,0.3889715833668704,0.19847310913161842,3.0839218356106324,-2.6559292412016338,0.4208551790537803,-0.02018892535666078,0.6137384975178726,0.532608695652174,0.7205825346647754,0.22379100643725072,3.846783393742217,-3.1726754702515176,0.43140275849037324,-0.02044242602807861,0.8378017404379492,1.0,0.5597074409316867,0.04577646122780521
9199+6863,159,0.4968553459119497,-0.1631692857769953,-0.06074031184084103,1.703782550378031,-1.775785666929952,0.42013416661172726,0.02049420261532764,0.17393533152174884,0.4968553459119497,0.052431821241771634,-0.02238532110092159,2.7233480301291486,-2.583283377677412,0.42013416661172726,-0.020909937798713807,0.27719873539277384,0.5031446540880503,0.2328607588070051,0.037584085500035475,3.4208770763590715,-3.0520158817823053,0.4262751035713248,-0.02557008094712704,0.3500799645801789,1.0,0.23773239504416088,0.030011251532803762
7555+5465,69,0.5362318840579711,0.32163538215319853,0.25883883616271597,2.5386583532742364,-1.9537184801716607,0.4197820076036184,0.020142043607218774,0.6587399994519427,0.5942028985507246,0.9838467387080527,0.772954743002834,3.895398414755865,-2.524530268281183,0.4763567368169741,0.03531263240653304,1.208613652859055,0.6231884057971014,1.643666107650045,0.9454315754477794,5.054634825013566,-3.0273603391237254,0.5052166912305034,0.05337150671205154,1.7608853134232187,1.0,0.7932052516367862,0.013932883435425647
9040+9423,131,0.5038167938931297,0.10557054899736036,0.019388285944925837,1.9174646349471132,-1.7283085628084291,0.4193159467511274,0.01967598275472776,0.4426751662961045,0.5038167938931297,0.5512828160681397,0.005107319757828993,3.0482926769148033,-2.3055964811246814,0.4193159467511274,-0.021728157659313685,0.7760497302191418,0.5114503816793893,0.9143154221175153,0.037584085500035475,3.859299387121131,-2.737795006309563,0.42675116923438533,-0.025094015284066518,1.0315346278906892,1.0,0.5526954304708159,0.040840982259860104
3235+9498,86,0.5232558139534884,-0.20514476764106696,0.19509020668640367,1.5449729546186088,-1.770431105732676,0.4189764160545852,0.01933645205818557,0.13195984965767718,0.4883720930232558,-0.12840214151024193,-0.048161549056853076,2.4431999631637353,-2.6026199606968117,0.38550397038221695,-0.05554013402822411,0.09636477264076027,0.5465116279069767,0.24727782268247334,0.22983536205773328,3.1226657452563433,-2.987831889251043,0.44155981420304113,-0.010285370315410713,0.3644970284556472,0.0,0.29939065062084586,0.033413926389869564
6117+5789,86,0.5232558139534884,0.08462954730608942,0.051910047270968956,1.6653787327322416,-1.4391101631419685,0.4189764160545852,0.01933645205818557,0.42173416460483354,0.47674418604651164,0.25708352920371347,-0.17017916450147816,2.773319317380056,-2.254744001737068,0.37445361147407896,-0.0665904929363621,0.48185044335471566,0.5348837209302325,0.7794982692323766,0.4407657792204357,3.6100505512382313,-2.68978373625008,0.43024115998789875,-0.0216040245305531,0.8967174750055504,1.0,0.19517913661464337,0.02249147668771767
2459+9040,86,0.5232558139534884,0.014810767223396155,0.22027994924619834,1.8445767661802401,-1.7003892153962177,0.4189764160545852,0.01933645205818557,0.3519153845221403,0.47674418604651164,0.18573689165897164,-0.21686297639563298,2.727808129323045,-2.437481192058563,0.37445361147407896,-0.0665904929363621,0.4105038058099738,0.47674418604651164,0.4072511521086879,-0.1853594340518193,3.377737147791279,-2.8864507093322214,0.37445361147407896,-0.07739157304437289,0.5244703578818617,1.0,0.39242339270739734,0.02410306261873235
2459+8139,63,0.5396825396825397,-0.14012272695345301,0.2263836447226987,1.655478007402988,-1.7638270200174584,0.4178903692159613,0.01825040521956167,0.19698189034529112,0.49206349206349204,-0.06512835332286813,-0.02238532110092159,2.664515847079947,-2.858984964835723,0.3726660281435346,-0.06837807626690645,0.15963856082813405,0.5396825396825397,0.4136734390076809,0.2414452027298221,3.332754852858239,-3.3299889258900923,0.4178903692159613,-0.03395481530249056,0.5308926447808547,0.0,0.6953112148080549,0.023017015780108452
5789+9423,63,0.5396825396825397,0.2274698387590882,0.32206790508249494,1.920435542944435,-1.5260477384679687,0.4178903692159613,0.01825040521956167,0.5645744560578323,0.5396825396825397,0.8157313634870347,0.3441095890411018,3.5871758437183314,-2.5039247393343573,0.4178903692159613,-0.023153735194479774,1.040498277638037,0.5714285714285714,1.694141229379174,0.7583673469387754,4.990883668115131,-3.0260143942228903,0.4486139508259402,-0.003231233692511659,1.8113604351523478,1.0,0.2625504591731112,0.027932663440898953
9380+6863,63,0.5396825396825397,-0.06796505004939482,0.2263836447226987,1.838212072007912,-1.8788656230540959,0.4178903692159613,0.01825040521956167,0.2691395672493493,0.4444444444444444,0.20464938773617994,-0.35994148054227615,2.709711300477495,-2.6198022935079512,0.3284690053363268,-0.11257509907411428,0.42941630188718216,0.4444444444444444,0.5824541248749634,-0.13648086550414704,3.6305284478243935,-3.119514696359087,0.3284690053363268,-0.12337617918212507,0.6996733306481372,0.0,0.664711774975944,0.024526982326863622
6863+6580,82,0.524390243902439,0.1879601135345644,0.26901717838744743,2.0031132961098046,-1.7504367210205767,0.4176454367591391,0.018005472762739505,0.5250647308333085,0.573170731707317,0.6878204907818843,0.5978545028961714,3.106136806513148,-2.3093509570452513,0.46521012598662703,0.02416602157618597,0.9125874049328866,0.5975609756097561,1.6225643882938792,1.224100422638046,4.309073714236034,-2.637416092683686,0.489362574712238,0.03751739019378614,1.739783594067053,1.0,0.600483138588642,0.027932863598216673
8139+9498,97,0.5154639175257731,0.17712701479431409,0.2093693693693545,2.145647647124902,-1.9442121477957346,0.41732951901522114,0.017689555018821523,0.5142316320930582,0.5463917525773195,0.6396149413471014,0.3441095890411018,3.4662470594515558,-2.750739331850965,0.4474391434787438,0.006395039068302744,0.8643818554981035,0.5979381443298969,1.0396465867721694,0.8674130384704039,4.240808066088357,-3.214459545267267,0.4984347077450553,0.04658952322660348,1.1568657925453432,1.0,0.6050013021921335,0.030623113994182716
9001+6117,59,0.5423728813559322,0.22943701331818156,0.32206790508249494,1.7712159741881817,-1.5225393851496574,0.4165761502342809,0.01693618623788129,0.5665416306169258,0.576271186440678,0.7264051564778354,0.4218060923409307,2.8678687815596624,-2.126736124218881,0.4493425547283663,0.008298450317925254,0.9511720706288376,0.5932203389830508,1.2971730473368788,1.1770165745856478,3.7008629056383158,-2.4712032267631785,0.465931713655643,0.014086529137191162,1.4143922531100526,1.0,0.4525681119282151,0.012651055580485848
4723+5510,59,0.5423728813559322,-0.018832600824753527,0.3286649874055404,1.960519160815819,-1.8137592699257215,0.4165761502342809,0.01693618623788129,0.3182720164739906,0.5084745762711864,0.47017773227176807,0.14165912518853588,2.9611015313997577,-2.3821520409500674,0.3843492802145344,-0.05669482419590666,0.6949446464227702,0.559322033898305,1.1463554999383154,1.0708940890030985,3.8967501212704097,-2.659081413617974,0.43289130270422654,-0.018953881814225304,1.2635747057114892,1.0,0.1792131405956644,0.003936418696720678
4723+9040,78,0.5256410256410257,0.05648719570049676,0.2937519117841282,1.824091679338718,-1.6288996858896112,0.4162457167544664,0.016605752758066805,0.3935918129992409,0.5,0.414227107590195,-0.035173766566804904,2.676218307184372,-2.2111099941860894,0.39167242528547985,-0.04937167912496121,0.6389940217411971,0.5897435897435898,0.87254362897261,0.8863021819056894,3.3907625472092446,-2.4657451707296634,0.4788794806670461,0.02703429614859426,0.9897628347457837,1.0,0.30527841183126825,0.0036059852169061934
5510+9423,57,0.543859649122807,0.08346852710066724,0.3286649874055404,1.8647391948367729,-1.8263587498157297,0.4159046083127224,0.016264644316322796,0.4205731443994114,0.49122807017543857,0.2868058345554611,-0.10387755102041027,3.225659920222292,-2.9079602651829797,0.3661606806374018,-0.07488342377303925,0.5115727487064633,0.49122807017543857,1.364230988538464,-0.13648086550414704,4.5080311512719415,-3.222915262780466,0.3661606806374018,-0.08568450388105003,1.4814501943116378,0.0,-0.04218225639423839,0.02578169323379892
9199+9423,154,0.4935064935064935,-0.11947534916445454,-0.06924995508071449,1.7162920833324604,-1.7373807893161535,0.4156672286309982,0.01602726463459858,0.2176292681342896,0.4935064935064935,0.07103450209083757,-0.06313143606066593,2.7422333533993712,-2.5618241121282885,0.4156672286309982,-0.025376875779442865,0.29580141624183975,0.5,0.2577043736855428,0.015897008309799926,3.4407427265633883,-3.0441504267353388,0.4219962757449466,-0.029848908773505267,0.3749235794587166,1.0,0.26658065345288906,0.025544313552074704
9001+6863,76,0.5263157894736842,0.10962890628341626,0.20295353529184337,1.6830175589348706,-1.5555607634342303,0.4155183265272202,0.01587836253082059,0.4467335235821604,0.5526315789473685,0.8080460527841629,0.331933386580079,2.938771641617423,-2.081824415710901,0.44100315281611446,-4.095159432659923e-05,1.032812966935165,0.5921052631578947,1.4584540989254295,1.0612240750167137,3.935464046002345,-2.4253999153015333,0.47978347984220315,0.027938295323751305,1.5756733046986033,1.0,0.42756195273926817,0.011593231873425147
9001+9423,76,0.5263157894736842,0.10962890628341626,0.20295353529184337,1.6830175589348706,-1.5555607634342303,0.4155183265272202,0.01587836253082059,0.4467335235821604,0.5526315789473685,0.8080460527841629,0.331933386580079,2.938771641617423,-2.081824415710901,0.44100315281611446,-4.095159432659923e-05,1.032812966935165,0.5921052631578947,1.4584540989254295,1.0612240750167137,3.935464046002345,-2.4253999153015333,0.47978347984220315,0.027938295323751305,1.5756733046986033,1.0,0.42756195273926817,0.011593231873425147
8139+9423,91,0.5164835164835165,0.06734570164148579,0.19653770121433226,1.9087905205755502,-1.751030453125838,0.41523851975365456,0.01559855575725494,0.4044503189402299,0.5164835164835165,0.35001944237286514,0.0449180327869049,3.1689479872575603,-2.7054188768082077,0.41523851975365456,-0.025805584656786507,0.5747863565238673,0.5494505494505495,0.7316565282178022,0.2414452027298221,3.9673852686942066,-3.2183378617415808,0.44729105654358564,-0.004554127974866207,0.848875733990976,1.0,0.642851612508232,0.028532114732616132
4723+2459,53,0.5471698113207547,-0.03412442585242441,0.3286649874055404,1.8040917810700758,-1.7418273258741408,0.41453742646439184,0.014897462467992229,0.3029801914463197,0.49056603773584906,0.27359739728071475,-0.212896059243579,2.6102342001710235,-2.5130797982925355,0.36124029356039444,-0.07980381085004662,0.49836431143171694,0.5283018867924528,0.6882799664471135,0.2414452027298221,3.3825875809926567,-2.874648738956422,0.39659852300756443,-0.05524666151088742,0.8054991722202873,1.0,0.00722164438215428,0.0018976949268316168
9498+6671,115,0.5043478260869565,-0.001906192922309123,0.0460931899641627,1.7625136193383661,-1.7414714351717149,0.41431426709691954,0.014674303100519925,0.335198424376435,0.5130434782608696,0.261511004803116,0.272432432432428,2.881315746449547,-2.5165491505888005,0.42275514470281655,-0.018288959707624508,0.4862779189541182,0.5217391304347826,0.8293685159668478,0.21822552138564447,3.87813465894567,-2.9210063451691033,0.43122236114202445,-0.0206228233764274,0.9465877217400216,1.0,0.2549303357536422,0.03923554927094447
2911+9498,51,0.5490196078431373,0.06871977978191603,0.32206790508249494,1.50154492245147,-1.5063274302047682,0.4138447154164923,0.014204751420092698,0.40582439708066015,0.5882352941176471,0.5897933523420477,0.5743192248852714,2.6729133638387697,-2.0222723654047363,0.4516509274741746,0.010606823063733561,0.8145602664930498,0.6274509803921569,1.2028335213959804,0.9454315754477794,3.643773193554061,-2.3646922743851535,0.4902496270033425,0.038404442484890666,1.3200527271691542,1.0,0.3737286763445976,0.023209006306248114
6650+9498,51,0.5490196078431373,0.1853273340384368,0.1973852069667538,1.6347585495401058,-1.3458308917938604,0.4138447154164923,0.014204751420092698,0.5224319513371809,0.5882352941176471,0.5144493758559106,0.5887882333277573,2.691021886694468,-1.8995866418858534,0.4516509274741746,0.010606823063733561,0.7392162900069128,0.5882352941176471,1.0395765834154531,0.9789813155874284,3.6657976644407135,-2.230490393754047,0.4516509274741746,-0.000194257044277224,1.156795789188627,1.0,0.09700824363163513,-0.034769235409447874
2327+2315,51,0.5490196078431373,0.801756959955043,0.53735687115966,3.403750407636619,-2.447850206912295,0.4138447154164923,0.014204751420092698,1.1388615772537871,0.5882352941176471,2.1021866412870565,0.679790284415165,5.211728324513771,-3.2532971933478247,0.4516509274741746,0.010606823063733561,2.3269535554380587,0.5882352941176471,3.261683036251451,1.1770165745856478,7.066962359544438,-3.9364207755006726,0.4516509274741746,-0.000194257044277224,3.378902242024625,1.0,0.40901459918009225,0.03401707295479395
2459+9199,100,0.51,-0.2284081705376873,0.1277312796667586,1.6492915626407298,-1.8048910554691395,0.4134784047743415,0.013838440777941885,0.10869644676105683,0.47,-0.16792126747267624,-0.18434294373427348,2.506802041701229,-2.8051661399978287,0.3751065198210374,-0.06593758458940369,0.05684564667832595,0.47,-0.006210833492863737,-0.12904835024726932,3.14132003880019,-3.315361366722036,0.3751065198210374,-0.07673866469741447,0.1110083722803101,0.0,0.47309840550186416,0.018605051338488665
6580+9040,124,0.5,0.1748705212972305,0.0655763052423032,1.9126111740977758,-1.6665318589033433,0.4133257730247514,0.013685809028351759,0.5119751385959747,0.5564516129032258,0.6736419923991234,0.5904470649189909,2.984679668556937,-2.231085814629404,0.46861852323138425,0.027574418820943192,0.8984089065501255,0.5645161290322581,1.0146309888478608,1.0577278707919182,3.7905655905327365,-2.59789917779959,0.4766059129009367,0.02476072838248483,1.1318501946210346,1.0,0.42324909736527566,0.03143611335695273
4723+9199,70,0.5285714285714286,-0.06623538977631636,0.29045337062260546,1.6968118987833225,-1.6611119822677332,0.4132168390581603,0.013576875061760696,0.27086922752242776,0.45714285714285713,0.29847114155316207,-0.16464570404039022,2.6041610294954993,-2.2785726415783025,0.345725523240816,-0.09531858116962505,0.5232380557041643,0.5571428571428572,0.8873702543943793,0.3712404126025072,3.428165894733973,-2.5904210401810635,0.4408334313618876,-0.011011753156564275,1.0045894601675531,1.0,0.11964287026496107,0.0005771075206000842
9380+4778,49,0.5510204081632653,0.001435354996051093,0.21417625376969798,1.9524193814269517,-1.8480540529913185,0.4131486679967811,0.01350870400038151,0.3385399722947952,0.5102040816326531,0.4082650745385914,0.3197571841190562,2.837447255724398,-2.392812035187094,0.3746733153340922,-0.06637078907634886,0.6330319886895936,0.5306122448979592,0.743648210119953,0.04624631703005658,3.8249029584587557,-2.894703603933912,0.3938062701991985,-0.05803891431925334,0.8608674158931268,0.0,1.2053756959627022,0.01978528110768346
2911+3235,49,0.5510204081632653,-0.13207308240776283,0.2093693693693545,1.3089214129718851,-1.507737712377314,0.4131486679967811,0.01350870400038151,0.2050315348909813,0.5510204081632653,0.15917599219862846,0.4218060923409307,2.2522052894363247,-2.04369381514383,0.4131486679967811,-0.027895436413659935,0.3839429063496307,0.5714285714285714,0.38034558963197396,0.6509318996415648,3.0171972472203543,-2.527833710742627,0.4327024751701555,-0.01914270934829637,0.4975647954051478,0.0,-0.2237626666816836,0.022512958886536927
9001+9040,49,0.5510204081632653,0.3563141261011465,0.3327242586111768,1.9464783609420717,-1.5101421187737218,0.4131486679967811,0.01350870400038151,0.6934187433998906,0.6122448979591837,1.0953719477471966,0.7093904216292347,3.226329471308793,-2.0558195004394553,0.47245746488052426,0.031413360470083196,1.3201388618981988,0.6122448979591837,1.7240591641182186,1.5928991971454078,4.12400672711195,-2.358559417681246,0.47245746488052426,0.02061228036207241,1.8412783698913924,1.0,0.4526278058991518,0.009223573342986069
4453+6738,85,0.5176470588235295,-0.1145233438835722,0.25883883616271597,2.7605015271391444,-2.8771344142745305,0.41297360126349636,0.013333637267096743,0.22258127341517192,0.5058823529411764,-0.19758332421559643,0.07718903414418068,4.233573391258971,-4.274566050358418,0.40166252134606184,-0.03938158306437922,0.02718358993540576,0.5058823529411764,-0.09378769290458518,0.037584085500035475,5.230535736287896,-5.447703260889857,0.40166252134606184,-0.05018266317239001,0.02343151286858866,0.0,0.5270479935857046,0.026306744293692674
9380+5551,47,0.5531914893617021,0.15664084294334807,0.36158925979681744,2.2924856250104404,-2.1334029575593076,0.4124521373875824,0.01281217339118279,0.4937454602420922,0.48936170212765956,0.6339984534187579,-0.11639534883720146,3.49074809014809,-2.9260744454832195,0.3527532433660351,-0.08829086104440598,0.8587653675697602,0.5319148936170213,1.1780181281470279,0.04624631703005658,4.452777622287977,-3.526849483158872,0.3923214192677079,-0.05952376525074393,1.2952373339202017,1.0,0.517412411522389,0.01908875049848474
8139+6580,47,0.5531914893617021,0.4622238341256551,0.3327242586111768,2.5342610658204263,-1.9500129980893404,0.4124521373875824,0.01281217339118279,0.7993284514243992,0.6382978723404256,1.3657723742590968,1.0874882786336129,4.050379924249942,-2.4867864570351097,0.4953563457177045,0.05431224130726342,1.590539288410099,0.7021276595744681,2.3267964791846847,2.217762893502999,5.156965899345075,-2.8159546493182006,0.5602205595363459,0.10837537501789402,2.4440156849578587,1.0,0.4025162037923895,0.025745732366543983
9166+9040,83,0.5180722891566265,0.05137963748519105,0.20102634632741992,1.8673889468045812,-1.708073390603068,0.41217569697662826,0.012535732980228642,0.38848425478393517,0.5180722891566265,0.3505453162797918,0.08810475534113862,2.8701855279774526,-2.3206367702619843,0.41217569697662826,-0.028868407433812804,0.575312230430794,0.4819277108433735,0.28178100193213834,-0.09012255428941338,3.3975147775969354,-2.8320825109429713,0.3776300414382687,-0.07421514308018312,0.3990002077053122,1.0,0.20992539422352713,0.029229673972445358
4723+6738,45,0.5555555555555556,0.2500493483863135,0.4665574937700302,1.9466737449260874,-1.6905746847533039,0.4117588341636532,0.012118870167253604,0.5871539656850576,0.5555555555555556,1.1256592567934824,0.4400285727891796,3.1494182289095694,-2.2084686787900147,0.4117588341636532,-0.029285270246787842,1.3504261709444847,0.6222222222222222,1.5556499802282748,1.148097747963588,4.028394477340722,-2.5044492328393866,0.4762967000646754,0.024451515546223546,1.6728691860014486,1.0,0.3578700485608503,-0.0008808973739070081
3235+6580,45,0.5555555555555556,-0.0008652650383080286,0.3327242586111768,1.612881184457768,-1.6224066153717294,0.4117588341636532,0.012118870167253604,0.3362393522604361,0.5111111111111111,0.5605596167376766,0.4193450881611983,2.699599627760718,-2.097321094385397,0.37004224326489743,-0.07100186114554363,0.7853265308886788,0.6222222222222222,1.3168788718213587,0.9789813155874284,3.6070670569217764,-2.4036848246038263,0.4762967000646754,0.024451515546223546,1.4340980775945324,0.0,-0.14284068196334104,0.026196344498937596
8720+6671,45,0.5555555555555556,0.49043256171551014,0.5040228718989282,2.2111885682671737,-1.6477724223234256,0.4117588341636532,0.012118870167253604,0.8275371790142543,0.5333333333333333,0.5894775433625585,0.3008858797617854,3.2315179663850446,-2.3956687490017807,0.39077208862410456,-0.0502720157863365,0.8142444575135608,0.5555555555555556,0.5932163114018525,1.4951781070706318,3.747586576076042,-3.0025827283617486,0.4117588341636532,-0.04008635035479863,0.7104355171750263,1.0,0.4862837116254187,-0.001389833833127907
6863+5465,66,0.5303030303030303,0.18182022450591928,0.19509020668640367,1.5548036037685729,-1.4893129480707152,0.41157476624932443,0.011934802252924814,0.5189248418046635,0.5606060606060606,0.8443951079534001,0.38172733860115005,2.7077309445795725,-1.950838927872234,0.44082421430053925,-0.00021989010990181024,1.0691620221044023,0.6212121212121212,1.4248619636243658,0.8863021819056894,3.783451207359542,-2.27201855641386,0.500582541924983,0.04873735740653112,1.5420811693975396,1.0,0.6461137043779082,0.021862193088401982
7993+4453,66,0.5303030303030303,-0.174260199404507,0.14952924552511973,2.9901794809121705,-3.1846609151068184,0.41157476624932443,0.011934802252924814,0.16284441789423715,0.5303030303030303,-0.19749863944746707,0.21064931159264122,4.608940095894098,-4.414379222428212,0.41157476624932443,-0.02946933816111663,0.027268274703535128,0.48484848484848486,-0.203291578867167,-0.17502418046235857,5.613398896797483,-5.736965365009776,0.36846762017425483,-0.08337756434419702,-0.08607237309399317,0.0,0.6420536862226232,-0.060190768341148115
5465+6671,43,0.5581395348837209,0.2624214868261854,0.2093693693693545,1.5303226062809945,-1.4742964259643616,0.4110735806551172,0.01143361665871756,0.5995261041249296,0.5813953488372093,0.9401950758884985,0.4218060923409307,2.691162868795918,-1.8985345931665516,0.4332831575571177,-0.007760946853323347,1.1649619900395007,0.6511627906976745,1.522400806844358,0.9033302026029856,3.662702189491851,-2.141536803855532,0.501715070970981,0.049869886452529155,1.6396200126175318,1.0,0.249636445702006,0.023839517535958976
7637+6671,43,0.5581395348837209,-0.09495716490318153,0.16808838299298592,1.1473938251546394,-1.1941235250257436,0.4110735806551172,0.01143361665871756,0.24214745239556262,0.5813953488372093,0.06921497824226344,0.42758721997795857,1.809461669054235,-1.5931048902987823,0.4332831575571177,-0.007760946853323347,0.29398189239326566,0.627906976744186,0.1626853781966593,0.8532759832912841,2.410737141234613,-1.9875868319967687,0.4785953826527317,0.026750198134279868,0.27990458396983314,1.0,0.21571896380290362,0.011567609779755128
7993+2327,64,0.53125,-0.05312079455520324,0.23919392131868566,3.9318436073715035,-4.497035040206957,0.41071875000475133,0.011078786008351715,0.2839838227435409,0.5625,0.7685901381312374,0.7660476112231908,6.360888636826987,-6.2771589071960685,0.44085991778287875,-0.00018418662756231052,0.9933570522822397,0.515625,1.0360404948368673,0.041915201265046026,8.31462657302884,-7.988693669707287,0.39581392243999036,-0.056031262078461486,1.1532597006100411,0.0,0.5756872910479482,-0.061046784585721214
5386+8139,64,0.53125,0.20705391525773764,0.2957815473869464,2.0536750975486706,-1.8189675554783102,0.41071875000475133,0.011078786008351715,0.5441585325564817,0.5625,0.8744152296903374,0.45562505447328994,3.4212407405297642,-2.4278951135429305,0.44085991778287875,-0.00018418662756231052,1.0991821438413396,0.59375,1.3002091322389362,0.8683435998393986,4.172608071862021,-2.848833105755051,0.4714498650454971,0.019604680527045226,1.41742833801211,1.0,0.3089909548191437,0.011723547238940535
9017+9423,41,0.5609756097560976,0.21072034199690576,0.2263836447226987,2.0466233734262795,-1.7461163556366677,0.41040265151757305,0.01076268752117343,0.5478249592956499,0.5365853658536586,0.7177659519197248,0.3441095890411018,2.909797000470682,-2.255701782253325,0.3874621534597436,-0.053581950950697455,0.9425328660707271,0.5121951219512195,0.8361538563540041,0.037584085500035475,3.845989224488419,-2.6753767672076054,0.36484259315865186,-0.08700259135979999,0.9533730621271779,1.0,0.45755640722276464,0.006416308233692214
7555+9380,62,0.532258064516129,0.554324893464583,0.3776775546926282,3.109674396583481,-2.2489471027947485,0.4098381737584801,0.010198209762080468,0.8914295107633272,0.532258064516129,1.1684525304404303,0.38573704465187275,4.547695246739705,-2.957359758132041,0.4098381737584801,-0.031205930651960978,1.3932194445914325,0.5,1.5775044338601496,0.00710653784378637,5.73888707629437,-3.7058894227718704,0.37922532216457727,-0.07261986235387458,1.6947236396333234,1.0,0.4944498090236643,0.003989049590287341
9537+9166,39,0.5641025641025641,0.5115341734480406,0.3445871559633097,2.5566009786346093,-1.7882011776706714,0.4097542347452211,0.010114270748821486,0.8486387907467847,0.5641025641025641,0.9487732865874013,0.4218060923409307,4.139388595124601,-2.979995989987924,0.4097542347452211,-0.03128986966521996,1.1735402007384035,0.5384615384615384,0.955816018454043,1.5717472993989337,4.730368821213844,-3.625590852116692,0.38569186821738816,-0.06615331630106369,1.0730352242272168,1.0,0.6132802966931212,0.02060033745649331
4723+9380,39,0.5641025641025641,-0.2512405318001343,0.3286649874055404,1.9520080399772222,-2.0258379175178503,0.4097542347452211,0.010114270748821486,0.08586408549860985,0.48717948717948717,0.4841972428093139,-0.11639534883720146,2.9115381434713594,-2.5395385746991206,0.3386492878313309,-0.10239481657911015,0.7089641569603161,0.5641025641025641,1.3084541466900599,0.2414452027298221,4.113087428954989,-2.9199536948482567,0.4097542347452211,-0.042090949773230746,1.4256733524632337,0.0,0.512232201799916,-0.002885496792339126
9199+9537,39,0.5641025641025641,0.5169891892340329,0.3445871559633097,2.560405127255865,-1.7742477439549567,0.4097542347452211,0.010114270748821486,0.854093806532777,0.5641025641025641,0.9822520028614881,0.4218060923409307,4.140343868218472,-2.93105820114504,0.4097542347452211,-0.03128986966521996,1.2070189170124903,0.5384615384615384,1.1609809199570424,1.5717472993989337,4.756801111649602,-3.3688176575806223,0.38569186821738816,-0.06615331630106369,1.2782001257302162,1.0,0.6132802966931212,0.01963131966629761
8720+9199,39,0.5641025641025641,0.5091324608174181,0.5040228718989282,2.3346341787214273,-1.6729267011354814,0.4097542347452211,0.010114270748821486,0.8462370781161623,0.5128205128205128,0.5792388636641703,0.3008858797617854,3.4015579247346444,-2.4783869315534255,0.3619910864569657,-0.07905301795347536,0.8040057778151726,0.5641025641025641,0.7463739095228943,1.4951781070706318,3.9233834755299015,-2.9708368866602024,0.4097542347452211,-0.042090949773230746,0.8635931152960681,1.0,0.6824200427856877,-0.003394433251560025
6863+9537,39,0.5641025641025641,0.5115341734480406,0.3445871559633097,2.5566009786346093,-1.7882011776706714,0.4097542347452211,0.010114270748821486,0.8486387907467847,0.5641025641025641,0.9487732865874013,0.4218060923409307,4.139388595124601,-2.979995989987924,0.4097542347452211,-0.03128986966521996,1.1735402007384035,0.5384615384615384,0.955816018454043,1.5717472993989337,4.730368821213844,-3.625590852116692,0.38569186821738816,-0.06615331630106369,1.0730352242272168,1.0,0.6132802966931212,0.020041661584298653
9537+9423,39,0.5641025641025641,0.5115341734480406,0.3445871559633097,2.5566009786346093,-1.7882011776706714,0.4097542347452211,0.010114270748821486,0.8486387907467847,0.5641025641025641,0.9487732865874013,0.4218060923409307,4.139388595124601,-2.979995989987924,0.4097542347452211,-0.03128986966521996,1.1735402007384035,0.5384615384615384,0.955816018454043,1.5717472993989337,4.730368821213844,-3.625590852116692,0.38569186821738816,-0.06615331630106369,1.0730352242272168,1.0,0.6132802966931212,0.02060033745649331
4417+4453,39,0.5641025641025641,0.10729393276379305,0.2195490064746554,2.31214954572057,-2.223024052565333,0.4097542347452211,0.010114270748821486,0.4443985500625372,0.5384615384615384,0.12221618544536816,0.07342375875339271,3.843865947497991,-3.6744215386401855,0.38569186821738816,-0.055352236193052906,0.34698309959637036,0.48717948717948717,0.1808058162198839,-0.34554042579955746,4.607176410514983,-4.609182342430074,0.3386492878313309,-0.11319589668712093,0.29802502199305775,1.0,0.36406419543324997,0.0
5386+6580,77,0.5194805194805194,0.23725970787987172,0.2093693693693545,2.048231208134669,-1.666804181784417,0.409638111963798,0.009998147967398396,0.5743643251786159,0.6103896103896104,0.828370268704036,0.8638034297414877,3.1106670329433532,-2.164353547518819,0.4987086179545712,0.05766451354413016,1.0531371828550382,0.6233766233766234,1.4286990132711932,1.5717472993989337,3.895419725237131,-2.390152982968615,0.511725974706673,0.05988079018822118,1.545918219044367,1.0,0.9409877550372652,0.010642909197987216
9040+9498,154,0.487012987012987,0.28323940732859104,-0.07031579150847497,1.9678164453427285,-1.6147989778158804,0.40935102131613776,0.009711057319738148,0.6203440246273352,0.5064935064935064,0.7182450134446299,0.12957219105228968,3.149920028283828,-2.1716814093785657,0.4283381594882627,-0.012705944922178358,0.9430119275956321,0.5064935064935064,,,4.004344550941441,-2.5219940584436977,0.4283381594882627,-0.023507025030189144,,1.0,0.5334400065683146,0.03087605682487049
5386+5789,37,0.5675675675675675,0.6413927874468829,0.5078009357720116,2.3352560689322996,-1.4088014759282816,0.40913906334200717,0.009499099345607553,0.978497404745627,0.7027027027027027,2.022853500560046,1.2560780356542225,4.299445861127419,-1.9333381858703385,0.5421656082795642,0.10112150386912311,2.247620414711048,0.7837837837837838,3.3482721441508523,2.341344809037098,5.861575151352647,-2.1451854757237223,0.6280453872612309,0.1762002027427791,3.4654913499240263,1.0,0.6619891943379927,0.010143860576196373
5510+2327,37,0.5675675675675675,-0.7846707939334134,0.3005387672702132,3.7882435079808467,-5.703432962005096,0.40913906334200717,0.009499099345607553,-0.4475661766346693,0.6486486486486487,-0.46163952165596706,1.362756273925996,6.223686344880301,-8.106947858268187,0.48758729517569566,0.046543190765254594,-0.23687260750496486,0.5675675675675675,-0.7343395353836681,1.3153784249856184,8.085514462781601,-10.022978554428168,0.40913906334200717,-0.04270612117644468,-0.6171203296104943,0.0,0.4141659099293658,0.019016148263083676
2911+5465,37,0.5675675675675675,0.39708813440361446,0.32206790508249494,1.71555428859511,-1.4138090964279613,0.40913906334200717,0.009499099345607553,0.7341927517023585,0.6216216216216216,1.200123646049069,0.5743192248852714,3.096273204262119,-1.861336125094612,0.4610014255281996,0.019957321117758553,1.4248905602000712,0.6756756756756757,1.8672624716003154,0.9033302026029856,4.4527690337677575,-2.141054958246625,0.5146336850482394,0.06278850052978752,1.9844816773734892,1.0,0.4254294122000337,0.01850335423176297
9001+2911,37,0.5675675675675675,0.15661608199164573,0.2093693693693545,1.6173611405417294,-1.6032259185273965,0.40913906334200717,0.009499099345607553,0.49372069929038986,0.6486486486486487,1.3744743801530885,0.7093904216292347,3.28898412924817,-1.8975859050272719,0.48758729517569566,0.046543190765254594,1.5992412943040908,0.6756756756756757,2.343999698057853,2.3497899608401474,4.762575296584448,-2.159664728030913,0.5146336850482394,0.06278850052978752,2.461218903831027,1.0,0.4153007100852224,0.005213968688212112
8720+9166,37,0.5675675675675675,0.6289502717195979,0.5040228718989282,2.3936629179435256,-1.608721983504465,0.40913906334200717,0.009499099345607553,0.966054889018342,0.5405405405405406,0.8201784011265797,0.5921058965102245,3.529401251848178,-2.3458254422696934,0.3838377952476737,-0.057206309162767366,1.0449453152775818,0.5675675675675675,0.6453103571075179,1.4951781070706318,4.004486376796113,-3.0525344897415763,0.40913906334200717,-0.04270612117644468,0.7625295628806917,1.0,0.9005126964754087,-0.004009604654773957
5510+3235,37,0.5675675675675675,-0.12928698425246019,0.37568884456476337,1.7288527890101373,-1.8062949551874812,0.40913906334200717,0.009499099345607553,0.20781763304628395,0.43243243243243246,-0.0416286998129278,-0.389243496461673,2.588344257605689,-2.408498840638308,0.2867148684035131,-0.15432923600692794,0.1831382143380744,0.4594594594594595,0.5258011806154304,-0.12498599439775923,3.3774433858420876,-2.7959020895158107,0.3103832782845773,-0.14146190623387456,0.6430203863886041,0.0,-0.5863994906236654,0.019016148263083676
6863+8139,88,0.5113636363636364,-0.019964069772736993,0.12131544558924748,1.9443020954251395,-1.8877219366899198,0.40865348719267547,0.009013523196275852,0.3171405475260071,0.5227272727272727,0.3497992117046219,0.06651139406402176,3.2421853249002326,-2.818926890250345,0.4196177626380677,-0.021426341772373347,0.574566125855624,0.5568181818181818,0.7646112311737472,0.6786698612386722,4.057851327510146,-3.2973961763659174,0.45281603242067786,0.000970847902226013,0.881830436946921,0.0,0.6584008645504634,0.01894091403175302
2459+9537,35,0.5714285714285714,-0.028482628302237627,0.3445871559633097,1.9400572715380877,-1.8172887129753117,0.4085712925897337,0.008931328593334065,0.3086219889965065,0.5714285714285714,0.18136459686288717,0.4218060923409307,3.049719956787101,-3.1063060795585478,0.4085712925897337,-0.03247281182070738,0.40613151101388933,0.5428571428571428,0.4948353753533334,1.5717472993989337,3.708240780143686,-3.5782038361097395,0.3818945134013752,-0.06995067111707665,0.6120545811265072,0.0,0.739814266957713,0.013697939153880845
6650+6580,35,0.5714285714285714,0.33086897321069564,0.47765559814128455,1.77493966095207,-1.2802862926135457,0.4085712925897337,0.008931328593334065,0.6679735905094397,0.6571428571428571,0.9092129159640636,0.8638034297414877,2.816962815769992,-1.665823146621419,0.4915164687273671,0.05047236431692603,1.1339798301150659,0.7428571428571429,2.1056948701225573,1.6554180238870944,4.170332486799009,-1.9040686253154848,0.5793037572935126,0.12745857277506073,2.2229140758957313,1.0,0.37138125584361315,-0.04004265823620651
2459+5510,35,0.5714285714285714,-0.12944778606995952,0.37568884456476337,1.8065755684032854,-1.8633078448041318,0.4085712925897337,0.008931328593334065,0.20765683122878462,0.45714285714285713,-0.6255037415911578,-0.4505018524755665,2.6006690322740766,-3.2774487283341047,0.30465773633760845,-0.1363863680728326,-0.40073682744015565,0.42857142857142855,-0.20179707612069234,-1.5393103448275889,3.31907985007421,-3.7326160384699847,0.27984333081678914,-0.1720018537016627,-0.0845778703475185,0.0,-0.49316270908505716,0.013697939153880845
6863+9040,121,0.49586776859504134,0.08855400206825131,-0.032571784561370304,1.9183929149478838,-1.7875974318934846,0.40828837293641657,0.00864840894001695,0.42565861936699545,0.48760330578512395,0.4493309176072856,-0.212896059243579,3.0011637051215083,-2.4125950955251287,0.4003014516387383,-0.04074265277170275,0.6740978317582877,0.4793388429752066,0.7285662998751998,-0.09012255428941338,3.7400108511132766,-2.8487506842523582,0.3923377779775271,-0.059507406540924734,0.8457855056483736,1.0,0.4846317093193256,0.018575799775494117
4723+5305,33,0.5757575757575758,0.4820145672646455,0.5257469403305005,1.9443715301148015,-1.5025957367868161,0.4080697369146003,0.008429772918200684,0.8191191845633896,0.6363636363636364,0.9472754256460436,1.3734910811794834,2.992599170528458,-1.9276168362011141,0.46615872621534094,0.025114621804899873,1.1720423397970459,0.696969696969697,1.478101109452062,1.1770165745856478,3.7367069626963625,-2.147123371227515,0.5266154602526555,0.07477027573420364,1.5953203152252358,1.0,1.0464036670502161,-0.0045699946229599275
7555+5386,58,0.5344827586206896,0.19806791078316116,0.2957815473869464,1.9988864519806047,-1.7263552921309893,0.40799953310272963,0.008359569106330011,0.5351725280819053,0.5689655172413793,1.2860191954169906,0.675623187976886,3.670157553930344,-2.159554564588469,0.44117876705727427,0.00013466264683320572,1.5107861095679929,0.6206896551724138,1.9864937876722915,1.2440020865143333,4.826348249644249,-2.483230918479326,0.49202571736165573,0.04018053284320389,2.1037129934454653,1.0,0.41629302064405804,0.002150408934536885
7555+9199,73,0.5205479452054794,0.17541138397469133,0.2263836447226987,1.909707836771312,-1.7249380186197638,0.40781398284768294,0.008174018851283327,0.5125160012734354,0.5205479452054794,0.7579897549983595,0.4218060923409307,3.238869332095135,-2.295299813518642,0.40781398284768294,-0.03323012156275812,0.9827566691493617,0.589041095890411,1.1731641158519623,0.8692741612083933,4.006185548003104,-2.6380594300887985,0.4744901519219834,0.022644967403531557,1.2903833216251361,1.0,0.4683873857638468,0.0019648586794902
7637+9199,73,0.5205479452054794,-0.08170611678718903,0.0574715850806308,1.3661805213527012,-1.221255203698439,0.40781398284768294,0.008174018851283327,0.2553985005115551,0.5753424657534246,0.20008644724953484,0.34043140638480474,2.2067451556852498,-1.6219332072311918,0.46099174047029373,0.01994763605985267,0.42485336140053703,0.6164383561643836,0.39157382305183186,0.7098863403225232,2.870763349951869,-1.9482519992149114,0.5017387254305414,0.049893540912089585,0.5087930288250057,1.0,0.2406558710044221,0.008308011972320895
3235+6671,86,0.5116279069767442,-0.24034795089667463,0.05178238752239675,1.4681521755015676,-1.7358360482443538,0.40776537267247004,0.008125408676070422,0.09675666640206951,0.5,-0.29322382627022947,-0.008639000671546299,2.271125368790426,-2.6770359002045874,0.39660790465524204,-0.044436199755199024,-0.06845691211922728,0.5232558139534884,0.023211077244376405,0.1732569048369649,2.9765331571833515,-3.145171665780327,0.4189764160545852,-0.03286876846386666,0.14043028301755023,1.0,0.18698463405329416,0.022202883007754415
6650+9199,31,0.5806451612903226,-0.10201723912311406,0.4665574937700302,1.549377241352587,-1.5539647692702407,0.4076596435202097,0.008019679523810108,0.23508737817563008,0.6129032258064516,-0.14694537836560037,0.5887882333277573,2.346870230896329,-2.157419001742851,0.43823801141131963,-0.0028060929991214345,0.07782153578540182,0.5806451612903226,0.42888373414527153,0.970904298286639,3.236518464713114,-2.4675979991396515,0.4076596435202097,-0.04418554099824212,0.5461029399184454,0.0,-0.24941518628627385,-0.040954307305730464
7786+5465,31,0.5806451612903226,0.36709039908632485,0.5352333348480222,2.0303637187698254,-2.5189653234006957,0.4076596435202097,0.008019679523810108,0.704195016385069,0.6774193548387096,1.251335704220266,1.3734910811794834,3.1975214121305315,-2.8595761190772593,0.501406855599508,0.06036275118906698,1.4761026183712682,0.7419354838709677,2.4821779037003155,1.9319692698833981,4.832081416185228,-3.070689487247195,0.567535275722849,0.11569009120439716,2.5993971094734896,1.0,0.577065836337773,-0.016470217797629194
5386+7781,31,0.5806451612903226,0.20488068677744103,0.4889599449888139,1.8142631851399211,-1.58211568323695,0.4076596435202097,0.008019679523810108,0.5419853040761852,0.7419354838709677,1.3892522662424243,1.5511834961997863,3.4273932805729177,-2.047145251589568,0.567535275722849,0.12649117131240795,1.6140191803934265,0.7741935483870968,2.7079884805490497,2.3927848562067577,4.5981508404159115,-2.117047658450643,0.6018723994130262,0.15002721489457432,2.8252076863222237,1.0,0.882664704838241,0.008664440754398928
6650+9166,31,0.5806451612903226,-0.10201723912311406,0.4665574937700302,1.549377241352587,-1.5539647692702407,0.4076596435202097,0.008019679523810108,0.23508737817563008,0.6129032258064516,-0.14694537836560037,0.5887882333277573,2.346870230896329,-2.157419001742851,0.43823801141131963,-0.0028060929991214345,0.07782153578540182,0.5806451612903226,0.42888373414527153,0.970904298286639,3.236518464713114,-2.4675979991396515,0.4076596435202097,-0.04418554099824212,0.5461029399184454,0.0,-0.24941518628627385,-0.040954307305730464
9199+6671,119,0.4957983193277311,-0.145119231594091,-0.06074031184084103,1.7307660625107213,-1.796996647977217,0.4075121652496596,0.007872201253259992,0.19198538570465312,0.48739495798319327,-0.08423487541834782,-0.07393777701278456,2.661128802433565,-2.671984290076965,0.3993957993661026,-0.041648305044338474,0.14053203873265438,0.48739495798319327,0.09309100512339917,-0.015155159548791847,3.2889186228471265,-3.1355201486559445,0.3993957993661026,-0.05244938515234926,0.210310210896573,1.0,0.24126048804081712,0.017389250170736115
2459+8741,25,0.6,0.7496729535618557,0.2263836447226987,2.353782648789177,-1.2920005224507949,0.4073912778512734,0.007751313854873765,1.0867775708605998,0.6,1.0539229498965321,0.679790284415165,3.3717967917651803,-2.049662157748139,0.4073912778512734,-0.03365282655916768,1.2786898640475344,0.52,1.2642657919678486,1.148097747963588,4.283665267943967,-2.5288139789394632,0.3349821795314731,-0.11686300498697877,1.3814849977410224,1.0,0.8913094472261383,0.012517924415420545
7781+5305,25,0.6,0.43476419750962697,0.5078009357720116,2.043275679064861,-1.5557471347146283,0.4073912778512734,0.007751313854873765,0.7718688148083711,0.76,1.7549593529731646,1.6355801104972303,3.7720182475950237,-1.9782571331472352,0.5656994004476144,0.12465529603717329,1.9797262671241669,0.8,3.1831133993616367,3.757481922586119,5.129317762673504,-2.0632463246546093,0.6086866446346176,0.1568414601161658,3.3003326051348107,1.0,1.1920818403978408,0.016619189227168818
9361+9423,25,0.6,0.29475793462296457,0.5352333348480222,1.9868655368731678,-1.8731683661277072,0.4073912778512734,0.007751313854873765,0.6318625519217087,0.56,0.32335640082778083,0.4400285727891796,2.7752352277940395,-2.693899897622507,0.37067017019564436,-0.07037393421479671,0.548123314978783,0.56,0.9461074191940857,1.1770165745856478,3.6857326504269965,-2.9962713428720167,0.37067017019564436,-0.08117501432280749,1.0633266249672595,1.0,0.4586924998359464,0.016686487995119403
9361+6863,25,0.6,0.29475793462296457,0.5352333348480222,1.9868655368731678,-1.8731683661277072,0.4073912778512734,0.007751313854873765,0.6318625519217087,0.56,0.32335640082778083,0.4400285727891796,2.7752352277940395,-2.693899897622507,0.37067017019564436,-0.07037393421479671,0.548123314978783,0.56,0.9461074191940857,1.1770165745856478,3.6857326504269965,-2.9962713428720167,0.37067017019564436,-0.08117501432280749,1.0633266249672595,1.0,0.4586924998359464,0.016686487995119403
9001+5510,25,0.6,-0.06711058099479267,0.6372053027588632,2.0016265692635473,-2.176647285970195,0.4073912778512734,0.007751313854873765,0.26999403630395147,0.6,0.9747226223102019,0.7093904216292347,3.5296541488667525,-2.6299966282181377,0.4073912778512734,-0.03365282655916768,1.1994895364612042,0.64,2.2745904678514197,2.5213397964976725,4.945916672960242,-2.969579594946601,0.44518154601046633,-0.006663638507985514,2.3918096736245937,0.0,-0.2776432334836613,0.003466183197478323
7780+3105,25,0.6,2.044098887155916,0.5553652392947185,5.492500006607684,-4.66130102811844,0.4073912778512734,0.007751313854873765,2.38120350445466,0.72,3.800137344494288,1.586531807881513,8.460125241710964,-6.0579991627372625,0.524230281034417,0.08318617662397598,4.02490425864529,0.56,5.818516972838047,1.148097747963588,11.713761264098096,-7.249169846605073,0.37067017019564436,-0.08117501432280749,5.935736178611221,1.0,1.8222326943699838,0.0
6650+5510,29,0.5862068965517241,0.11409738833749895,0.4305914685846225,1.5917056803279281,-1.4490096778391248,0.4073752847851524,0.007735320788752775,0.4512020056362431,0.6206896551724138,0.5097413079024276,0.8093877551020247,2.7737307054153373,-2.08498782801186,0.4400222620928496,-0.0010218423175914482,0.7345082220534298,0.5172413793103449,1.26736304898664,0.3882199565435497,3.872119026358831,-2.470845704302425,0.34430737970569164,-0.10753780481276021,1.384582254759814,1.0,0.02673444396609148,-0.0412386660407878
9001+9537,29,0.5862068965517241,0.4796145613711975,0.4665574937700302,1.9296333622533728,-1.3837986009415055,0.4073752847851524,0.007735320788752775,0.8167191786699417,0.6206896551724138,1.4249155200614823,0.5743192248852714,3.247967397789458,-1.8360468447535303,0.4400222620928496,-0.0010218423175914482,1.6496824342124845,0.6206896551724138,1.9790763823080055,2.1959408465068764,4.011661631333328,-2.014683570082199,0.4400222620928496,-0.011822922425602234,2.0962955880811793,1.0,0.5859747736178834,0.0034501901313573335
7786+5305,29,0.5862068965517241,0.4924518712168678,0.5078009357720116,2.165029559765624,-1.543045476253249,0.4073752847851524,0.007735320788752775,0.8295564885156119,0.7586206896551724,1.5737204393117372,1.4796302110587736,3.655324877464041,-2.034070246638276,0.5789204778167131,0.137876373406272,1.7984873534627395,0.7931034482758621,2.83327609045889,2.3927848562067577,4.899099849130658,-2.1393030242609514,0.6160955339174229,0.16425034939897104,2.950495296232064,1.0,1.2330133850841214,-0.016754576532686527
3994+9423,29,0.5862068965517241,0.48514225167418545,0.3445871559633097,1.7690908408295076,-1.19841743972445,0.4073752847851524,0.007735320788752775,0.8222468689729296,0.6206896551724138,1.4167118830186574,0.6714067223901933,3.020163470125438,-1.46828411709903,0.4400222620928496,-0.0010218423175914482,1.6414787971696596,0.6896551724137931,1.167470982204651,0.9454315754477794,3.5846961196533833,-2.2087048130945344,0.5076952952728147,0.0558501107543628,1.2846901879778247,1.0,0.17676109096040582,0.01156136234516203
6650+4723,29,0.5862068965517241,0.06275070084278447,0.32206790508249494,1.4075984349887207,-1.2752137138264346,0.4073752847851524,0.007735320788752775,0.39985531814152864,0.5172413793103449,0.2609265556449281,0.4218060923409307,2.33797007481358,-1.9861775794159902,0.34430737970569164,-0.09673672470474942,0.4856934697959303,0.6206896551724138,1.4548346391019993,1.5717472993989337,3.6909000352831467,-2.2281145304477294,0.4400222620928496,-0.011822922425602234,1.572053844875173,1.0,0.031576777741945394,-0.0412386660407878
3235+2315,29,0.5862068965517241,-0.019928918853744617,0.32206790508249494,2.047739249246366,-1.9671630290841962,0.4073752847851524,0.007735320788752775,0.31717569844499954,0.5517241379310345,-0.33879544164997616,0.08810475534113862,2.9396824877714547,-3.3581090888196234,0.37547667068067625,-0.06556743372976481,-0.11402852749897396,0.6206896551724138,0.18579384569673454,0.9454315754477794,3.6292558745415,-3.78520139944633,0.4400222620928496,-0.011822922425602234,0.30301305146990837,0.0,0.8413235613534316,0.021812795120436768
6863+3235,97,0.5051546391752577,-0.2903826820920208,0.019388285944925837,1.427299383076263,-1.720511976535782,0.4073730589114321,0.00773309491503249,0.04672193520672335,0.4639175257731959,-0.30357850307017703,-0.212896059243579,2.2496562717722255,-2.6344650969354433,0.36794664127193955,-0.07309746313850152,-0.07881158891917484,0.5051546391752577,-0.055084138481952066,0.037584085500035475,2.9059245520347026,-3.11871526452647,0.4073730589114321,-0.04447212560701974,0.06213506729122177,0.0,0.1216499086903095,0.017660485750509658
5386+2911,27,0.5925925925925926,0.347390710152888,0.4665574937700302,1.678539803158397,-1.4348480730630828,0.4072638305536409,0.007623866557241288,0.6844953274516321,0.7037037037037037,1.486265411279845,1.362756273925996,3.165784883225177,-1.7981578293892808,0.515189666191624,0.07414556178118292,1.7110323254308473,0.8148148148148148,2.434536218918689,2.3497899608401474,4.4263528648788695,-2.022115499028166,0.6330094349480825,0.18116425042963064,2.551755424691863,1.0,1.0566705043402758,0.008268627787830107
6650+5465,27,0.5925925925925926,0.21077124586774612,0.32206790508249494,1.4927085217085094,-1.17299453422935,0.4072638305536409,0.007623866557241288,0.5478758631664903,0.5925925925925926,0.8200878870501328,0.5743192248852714,2.6465556133429495,-1.7813961818919593,0.4072638305536409,-0.03378027385680016,1.044854801201135,0.7037037037037037,1.8729736102637722,2.0177061942151564,4.042367972465228,-1.9520100680157353,0.515189666191624,0.06334448167317214,1.990192816036946,1.0,0.30444836037365286,-0.041350120272299284
9361+6580,27,0.5925925925925926,0.6705959261602495,0.5352333348480222,2.4146291506719826,-1.896561166136201,0.4072638305536409,0.007623866557241288,1.0077005434589936,0.5925925925925926,0.9729437756932666,0.5743192248852714,3.328603399881765,-2.4678006150163356,0.4072638305536409,-0.03378027385680016,1.1977106898442689,0.6296296296296297,1.6992194890590822,1.6233753148614574,4.228710567184811,-2.7348653157784293,0.442289046234463,-0.009556138283988824,1.816438694832256,1.0,0.6460666205291199,0.016559040697486926
7410+9040,27,0.5925925925925926,0.2588246431701553,0.4889599449888139,1.8571100021720301,-1.2530477558708881,0.4072638305536409,0.007623866557241288,0.5959292604688995,0.6296296296296297,0.4228983087211795,0.5448609618773405,2.767205027900401,-1.628885000610349,0.442289046234463,0.0012449418240219612,0.6476652228721818,0.6666666666666666,0.6681956751105531,0.970904298286639,3.313129805162218,-1.921424672575897,0.47824419872105484,0.02639901420260299,0.7854148808837269,1.0,0.6618076916083393,0.007775203082413917
7555+2327,56,0.5357142857142857,0.6028803886674261,0.2957815473869464,3.121598992447283,-2.399577503435758,0.40703956657240076,0.007399602576001141,0.9399850059661703,0.5357142857142857,1.5419822541865613,0.5516250342423247,4.903559765671245,-3.1177499658742804,0.40703956657240076,-0.034004537838040305,1.7667491683375636,0.5535714285714286,2.305420904698387,1.0231453678970206,6.274267437207121,-3.851046776080964,0.4241298613178389,-0.02771532320061293,2.422640110471561,1.0,0.27502147973959756,0.0011904424042080142
9001+6738,56,0.5357142857142857,0.27649670458587483,0.2178765070460266,1.7524610117935975,-1.5037839386897562,0.40703956657240076,0.007399602576001141,0.613601321884619,0.5535714285714286,0.9713022633088334,0.25504402608054655,2.996931877197716,-1.9957284674189177,0.4241298613178389,-0.016914243092602144,1.1960691774598355,0.5892857142857143,1.5742228084241174,1.0231453678970206,3.8592135247298103,-2.371779289959861,0.45877362113703657,0.006928436618584721,1.6914420141972912,1.0,0.6899760725438768,0.003114471918605699
7555+5510,56,0.5357142857142857,0.5597891698330616,0.494424987033908,2.6469142053129913,-1.7586546221206625,0.40703956657240076,0.007399602576001141,0.8968937871318057,0.6071428571428571,1.587581151359165,1.295143560439276,4.475212457535443,-2.35817968442316,0.476331653784818,0.03528754937437695,1.8123480655101674,0.6071428571428571,2.0853160074479757,1.3849578858655278,5.45086992204583,-2.670718862097176,0.476331653784818,0.024486469266366162,2.2025352132211498,1.0,0.46580153581621786,0.0011904424042080142
9199+5465,71,0.5211267605633803,0.12527420772330958,0.18081104400345285,1.4951471859227834,-1.461350963389211,0.4068579625004498,0.007217998504050194,0.46237882502205374,0.5492957746478874,0.7384825265928598,0.34043140638480474,2.59938172632106,-1.917029189787321,0.4340086039234116,-0.007035500487029445,0.9632494407438621,0.6056338028169014,1.2161551371338588,0.8692741612083933,3.5852463654914835,-2.263751162109369,0.4893555588836079,0.03751037436515603,1.3333743429070326,1.0,0.3282997698015201,0.016735047421526317
2459+9498,106,0.5,-0.22232952986159132,-0.01583320417821263,1.6445404154130592,-1.8467770399053283,0.40649331718790876,0.006853353191509148,0.11477508743715281,0.4528301886792453,-0.19753832699166002,-0.3134395278663836,2.4966476551952357,-2.7931293599409655,0.3613756390040924,-0.07966846540634864,0.027228587159342177,0.46226415094339623,-0.022678288926818464,-0.1926439868818307,3.0705147298183495,-3.2681097336359537,0.37033458798877916,-0.08151059652967269,0.09454091684635538,0.0,0.4721674608454299,0.011619963752055928
3235+9423,95,0.5052631578947369,-0.2925931378140803,0.019388285944925837,1.4406553779461124,-1.7387318984744626,0.4064912522418622,0.006851288245462606,0.04451147948466383,0.4631578947368421,-0.3127748255492547,-0.23304305482287443,2.2734679522875703,-2.671926137198327,0.36627474206594207,-0.07476936234449899,-0.08800791139825248,0.5052631578947369,-0.050462018368073326,0.037584085500035475,2.937573347169093,-3.163737195652402,0.4064912522418622,-0.045353932276589626,0.0667571874051005,0.0,0.136306495018288,0.020928762577146598
5551+6738,54,0.5370370370370371,0.1426608989820765,0.3102140479797667,2.0229628297762012,-1.8648021389787328,0.4060512701625496,0.006411306166149988,0.47976551628082065,0.5370370370370371,0.5625692234716612,0.08264689474265965,3.4718205893381717,-2.891136915222869,0.4060512701625496,-0.03499283424789146,0.7873361376226633,0.5555555555555556,1.043040154736662,0.554429120600113,4.25405145823553,-3.5034504878526653,0.4237541391136446,-0.028091045404807224,1.1602593605098357,1.0,0.6255476072769274,0.01942218116016814
2327+6738,82,0.5121951219512195,0.18625185791978505,0.1277312796667586,3.458182767473948,-3.666041293611089,0.40590584856555767,0.006265884569158053,0.5233564752185291,0.5609756097560976,1.0278786301895715,0.4659286683944265,5.681675943800304,-5.225841593518598,0.45322727057239914,0.012183166161958081,1.2526455443405737,0.5487804878048781,1.4664858302205366,0.39159979434736825,7.398516561251209,-6.495037085515538,0.4413058357114519,-0.01053934880699997,1.5837050359937104,1.0,0.4125902871513479,0.026078206103859303
5789+9040,82,0.5121951219512195,0.09483140311741264,0.06180442731994931,1.7666633493357122,-1.4985308799562853,0.40590584856555767,0.006265884569158053,0.43193602041615675,0.5,0.7600652964698187,-0.04938511563129064,3.196495918497001,-2.018024333077534,0.39422642728441165,-0.04681767712602941,0.9848322106208209,0.5487804878048781,1.3423644535171522,0.4407657792204357,4.21806025305295,-2.4096612476528994,0.4413058357114519,-0.01053934880699997,1.459583659290326,1.0,0.06142990048914565,0.015948142790495334
9199+9040,115,0.4956521739130435,0.03421448877844944,-0.004648128009949598,1.7808788824553001,-1.6050461255149082,0.4058997051926706,0.006259741196270985,0.3713191060771936,0.48695652173913045,0.3395364573753444,-0.0699546668322569,2.8156404924733383,-2.216675180606338,0.39751145899006946,-0.04353264542037161,0.5643033715263466,0.48695652173913045,0.5733361881825673,-0.09012255428941338,3.4261991673067684,-2.6333955370403666,0.39751145899006946,-0.05433372552838239,0.6905553939557411,1.0,0.2806199923065188,0.015776790113747108
4723+6863,69,0.5217391304347826,-0.07449630308833817,0.25883883616271597,1.730751657914064,-1.7549420314550441,0.4058705117523249,0.0062305477559252975,0.262608314210406,0.463768115942029,0.24083426234749583,-0.212896059243579,2.607449544318665,-2.4670930136484963,0.35113991297637237,-0.08990419143406869,0.465601176498498,0.5507246376811594,0.811943039658422,0.2414452027298221,3.4351319860520655,-2.826342537478051,0.43378559191253313,-0.018059592605918717,0.9291622454315958,1.0,0.1530129437199436,-0.006769219785235314
4723+9423,69,0.5217391304347826,-0.07449630308833817,0.25883883616271597,1.730751657914064,-1.7549420314550441,0.4058705117523249,0.0062305477559252975,0.262608314210406,0.463768115942029,0.24083426234749583,-0.212896059243579,2.607449544318665,-2.4670930136484963,0.35113991297637237,-0.08990419143406869,0.465601176498498,0.5507246376811594,0.811943039658422,0.2414452027298221,3.4351319860520655,-2.826342537478051,0.43378559191253313,-0.018059592605918717,0.9291622454315958,1.0,0.1530129437199436,-0.006769219785235314
9498+9423,162,0.48148148148148145,-0.06560233610106356,-0.15112883441990674,1.757464792441372,-1.7801382996346988,0.4058623839970067,0.006222420000607076,0.2715022811976806,0.4876543209876543,0.28507199051221677,-0.11013644992880586,2.912217138547706,-2.5193421212302796,0.41186389539073653,-0.02918020901970453,0.509838904663219,0.5061728395061729,0.868166592032568,0.027680931638911638,3.896137257710372,-2.9485441568360424,0.42993644770155115,-0.021908736816900698,0.9853857978057418,1.0,0.5241827559006464,0.03078366617103162
9380+4453,67,0.5223880597014925,0.014837805259311493,0.25883883616271597,3.1250764183653534,-3.1017347301056395,0.4048498852683165,0.005209921271916884,0.35194242255805563,0.4925373134328358,-0.009343295311898267,-0.10647121798565515,4.565301060781934,-4.337648682585933,0.37651970947161373,-0.06452439493882733,0.21542361883910394,0.4925373134328358,0.36759393664342727,-0.015155159548791847,5.734708447475933,-5.389718820429962,0.37651970947161373,-0.07532547504683812,0.4848131424166011,1.0,0.32958150897410493,0.011486498379218835
4723+6580,67,0.5223880597014925,0.3798380640552824,0.1973852069667538,2.023742833416957,-1.5205581994336443,0.4048498852683165,0.005209921271916884,0.7169426813540265,0.582089552238806,1.1787435341900145,1.227530846952556,3.1432984525839114,-1.9868600899603288,0.46269715977486015,0.021653055364419083,1.4035104483410168,0.6567164179104478,1.9962666088133416,2.0177061942151564,4.332909217154725,-2.2819504467749656,0.5373244120046358,0.08547922748618392,2.1134858145865154,1.0,0.54498870326621,-0.007789846269243728
5465+9040,91,0.5054945054945055,0.24533332997064486,0.0025062068342897315,1.6546291468665508,-1.3120064157709228,0.4046479711950282,0.0050080071986285946,0.582437947269389,0.5934065934065934,1.0418180045892325,0.5112022282087781,2.907618096495341,-1.7052728968697581,0.49069248026578854,0.04964837585534748,1.2665849187402347,0.6373626373626373,1.6621761304446736,1.1288482632541055,3.9336850679960387,-1.9573295713935086,0.5348810130309675,0.08303582851251562,1.7793953362178474,1.0,0.5929637066107198,0.01741390807587001
7993+8139,50,0.54,0.47897366270436237,0.33865570728724326,2.545776819469572,-1.9374401332869788,0.40398634328388083,0.004346379287481217,0.8160782800031066,0.6,1.5208269778414945,0.9393306960701333,4.294876418969505,-2.376580332824241,0.46181189102759373,0.020767786617152673,1.7455938919924967,0.66,1.9074480093975041,1.4413674489209762,5.089206778091626,-2.934352852504351,0.5215356854148286,0.0696905008963768,2.024667215170678,1.0,0.18402028986800364,-0.06777919130659171
9001+6671,50,0.54,0.17377272847658226,0.2178765070460266,1.6746302455643909,-1.5448749736563157,0.40398634328388083,0.004346379287481217,0.5108773457753264,0.56,0.7427600011785985,0.37078163822999344,2.7451038963657233,-2.100426255572733,0.4230578680014353,-0.017986236409005762,0.9675269153296007,0.6,1.4494414004203988,1.2585894374233566,3.6563088415843525,-2.4076858064680717,0.46181189102759373,0.009966706509141887,1.5666606061935726,1.0,0.2825967154450608,6.124863008577508e-05
5551+6580,50,0.54,0.2796403112361543,0.40453264285176715,2.161358453945097,-1.7559083392859762,0.40398634328388083,0.004346379287481217,0.6167449285348985,0.54,0.83931411302351,0.38172733860115005,3.411867707304529,-2.3550133839048564,0.40398634328388083,-0.03705776112656023,1.0640810271745123,0.6,1.503302249573029,1.6422384640547616,4.377412372217531,-2.837726482358514,0.46181189102759373,0.009966706509141887,1.6205214553462028,1.0,0.08546410820339251,0.017357254281499368
9001+2459,65,0.5230769230769231,0.055320193731376574,0.2093693693693545,1.6264667266716186,-1.5531965938476384,0.40379420402276267,0.004154240026363054,0.3924248110301207,0.5230769230769231,0.6221143651979032,0.08810475534113862,2.7108246773553377,-2.134831528992731,0.40379420402276267,-0.03724990038767839,0.8468812793489053,0.5846153846153846,1.1725621299732298,0.8692741612083933,3.5003053667911685,-2.5220486511965055,0.46338766020913363,0.011542475690681786,1.2897813357464036,1.0,0.29834031366008185,-0.00013089063103238763
5465+9423,65,0.5230769230769231,0.18970651931099164,0.2093693693693545,1.560714647413249,-1.496744706332467,0.40379420402276267,0.004154240026363054,0.5268111366097358,0.5538461538461539,0.8378994680754556,0.4193450881611983,2.7284436647472616,-1.9781961730912219,0.43337604317300876,-0.0076680612374323,1.0626663822264577,0.6307692307692307,1.4581113091113667,0.9033302026029856,3.811974844312837,-2.3004675543305275,0.5092359303460251,0.05739074582757325,1.5753305148845405,1.0,0.571263683810423,0.01656014090360447
8139+6671,48,0.5416666666666666,0.34838936780020396,0.2178765070460266,2.2409250127114357,-1.8208871156729802,0.4029083309494733,0.003268366953073698,0.6854939850989481,0.5208333333333334,0.4934122724911359,0.04660603754948381,3.5816247604640736,-3.004055497662369,0.38328995635984375,-0.05775414805059731,0.7181791866421381,0.5625,0.897705779942854,0.7981817375446721,4.315716082737189,-3.5610835512716306,0.4227477150100165,-0.029097469508435336,1.0149249857160278,1.0,0.4501911553640125,0.01620192592843489
8026+9380,48,0.5416666666666666,-0.41331948241509425,0.14658662041336268,4.786261598512745,-5.968764183949816,0.4029083309494733,0.003268366953073698,-0.07621486511635012,0.5416666666666666,-0.11826790831859106,0.8215288766519381,7.443104431005341,-8.741850014269504,0.4029083309494733,-0.03813577346096775,0.10649900583241113,0.4791666666666667,-0.05832575924599522,-0.6186329463228845,9.705934227133804,-11.017436699003708,0.34471090015787464,-0.1071342843605772,0.058893446527178615,0.0,2.7808724638553244,-0.005091202153256313
8139+9040,48,0.5416666666666666,0.7102793025139569,0.2957815473869464,2.4553143445198677,-1.5900653478034286,0.4029083309494733,0.003268366953073698,1.047383919812701,0.5833333333333334,1.487209782122921,0.6270547546502182,4.005043332720465,-2.1630152713431294,0.4428108221536465,0.0017667177432054149,1.7119766962739233,0.6041666666666666,1.9632917070741442,1.4519433977942133,4.929982512050669,-2.638990974830077,0.46310154596935116,0.01125636145089931,2.080510912847318,1.0,0.5203470400198861,0.01620192592843489
9001+9199,76,0.5131578947368421,0.07244047739627217,0.12131544558924748,1.6533482591471371,-1.574539023025256,0.40288499035495084,0.0032450263585512285,0.4095450946950163,0.5394736842105263,0.7760374654496529,0.25504402608054655,2.9091023418296893,-2.0765056313221137,0.4282242601460333,-0.012819844264407743,1.0008043796006552,0.5789473684210527,1.3737994993708513,0.9073528683280864,3.8776765054071127,-2.4200811309127466,0.46678201550241605,0.0149368309839642,1.4910187051440251,1.0,0.39404014217320144,-0.0010401042988442133
6117+2911,46,0.5434782608695652,0.02592517992472054,0.3102023396912946,1.39471251577085,-1.418861090802619,0.4017993496608042,0.0021593856644046006,0.3630297972234647,0.6086956521739131,0.3349501716828739,0.443980135486315,2.3848549434684525,-2.0030036245398946,0.4645658371764493,0.02352173276600822,0.559717085833876,0.5869565217391305,0.6214811540151931,0.8058216651150297,3.177411633935745,-2.454930590505,0.44339242387017885,-0.008452760648272994,0.7387003597883669,1.0,0.06058822913317796,0.0053144102939367
5465+5551,61,0.5245901639344263,0.1263908987967191,0.25883883616271597,1.7890686425528337,-1.8050256817343233,0.4015694171531101,0.0019294531567105033,0.46349551609546324,0.5409836065573771,0.5445415658184845,0.3197571841190562,2.991467904251059,-2.5475174522600494,0.41723829935814166,-0.0238058050522994,0.7693084799694867,0.5245901639344263,0.6765637711358635,0.21822552138564447,3.8571355764105992,-3.217690494543742,0.4015694171531101,-0.05027576736534173,0.7937829769090373,1.0,0.553652575023403,0.01433535403395192
5465+4453,72,0.5138888888888888,-0.398936855866048,0.14952924552511973,2.413920451000342,-2.9358829584651107,0.4006955591019895,0.0010555951055898904,-0.061832238567303854,0.5138888888888888,-0.4487196212630082,0.0753063964487867,3.486674930447082,-3.9681172463829437,0.4006955591019895,-0.040348545308451556,-0.223952707112006,0.5,-0.29497370529159955,0.00710653784378637,4.254597941559758,-4.813055844240613,0.38746896004724257,-0.06437622447120928,-0.1777544995184257,0.0,0.6531689535006671,0.013461495982831306
9001+5386,44,0.5454545454545454,-0.1713937106919639,0.2957815473869464,1.5527927595827051,-1.7718504228209184,0.4006593217065349,0.0010193577101352824,0.16571090660678023,0.5454545454545454,0.7283226278866507,0.4659286683944265,2.7876937305517924,-2.281133616997339,0.4006593217065349,-0.040384782703906164,0.9530895420376528,0.6363636363636364,1.668936083763954,1.8916534662132212,3.7397201826771207,-2.571116253273892,0.4886610727889105,0.036815888270458674,1.7861552895371278,0.0,0.4151780679025571,-0.0032657729472601593
7555+5305,44,0.5454545454545454,1.0722290076854435,0.41084210179999536,3.0361100995552848,-1.928563397432072,0.4006593217065349,0.0010193577101352824,1.4093336249841877,0.6136363636363636,2.607351850706008,0.7751567964751006,5.50632285293994,-2.3524849641244927,0.46623309846201666,0.025188994051575597,2.83211876485701,0.6363636363636364,3.9880424627512485,1.4413674489209762,7.4229174241757025,-2.771015044099832,0.4886610727889105,0.036815888270458674,4.105261668524422,1.0,0.5484976757235316,-0.005189802461657844
9380+6580,44,0.5454545454545454,0.5730356445786726,0.5522980368606479,2.5676427092703533,-1.9465916218770012,0.4006593217065349,0.0010193577101352824,0.9101402618774168,0.6818181818181818,1.486862246953919,1.1575095627930845,3.838155374609548,-2.383544367217838,0.5344282746687306,0.09338417025828949,1.7116291611049212,0.6590909090909091,2.380132244369196,1.4001959447235526,5.233726787952242,-2.6989443646858837,0.511388679719395,0.0595434952009431,2.49735145014237,1.0,0.4653210768952284,0.007295934817437233
9017+6738,44,0.5454545454545454,0.3016959212273853,0.22027994924619834,2.260645166109599,-1.9096473988416143,0.4006593217065349,0.0010193577101352824,0.6388005385261295,0.5681818181818182,1.0664218995445962,0.7794715817682587,3.369840496777605,-2.484636612312672,0.42223890740554393,-0.018805197004897134,1.2911888136955985,0.5909090909090909,1.5619246876715125,1.162557161274618,4.491646430972598,-2.788352380946781,0.44409492646606574,-0.007750258052386105,1.6791438934446863,1.0,0.46718802818046873,-0.0033270215773459344
7555+6580,83,0.5060240963855421,0.11211243693161596,0.27383195085551215,2.069079272132081,-1.7531428612417952,0.4006020980792863,0.0009621340828867009,0.44921705423036007,0.5783132530120482,0.8585051295581365,0.8638034297414877,3.2840202554263036,-2.230719638359381,0.47092628420898824,0.02988217979854718,1.0832720437091388,0.6144578313253012,1.2869590609526635,1.1770165745856478,4.129739184026867,-2.633699899057926,0.5068990970600648,0.055053912541612904,1.4041782667258373,1.0,0.4176085598719571,-0.005247026088906426
9001+3235,59,0.5254237288135594,0.04552726835380402,0.2093693693693545,1.609546999926275,-1.5756923732345007,0.40039576757312717,0.0007558035767275539,0.38263188565254813,0.5084745762711864,0.5881688451179728,0.005107319757828993,2.6857638725552047,-2.158190642077967,0.3843492802145344,-0.05669482419590666,0.812935759268975,0.576271186440678,1.1556047493923363,0.8532759832912841,3.493598428901087,-2.516650097224843,0.4493425547283663,-0.002502629790085531,1.27282395516551,1.0,0.1872753064722212,-0.003529327080667888
7555+8139,59,0.5254237288135594,0.4984066760098642,0.25883883616271597,2.3270740778329015,-1.9139751325977168,0.40039576757312717,0.0007558035767275539,0.8355112933086084,0.5254237288135594,1.2313453921029769,0.3441095890411018,3.8869493337032184,-2.527176811303589,0.40039576757312717,-0.04064833683731389,1.4561123062539791,0.5932203389830508,1.4990805769557207,1.1770165745856478,4.752430963570665,-3.1553042848961765,0.465931713655643,0.014086529137191162,1.6162997827288945,1.0,0.6977427397525158,-0.005453356595065573
9199+6738,70,0.5142857142857142,-0.03555007729604572,0.1277312796667586,1.8208134832921792,-1.7830448043287994,0.39954182740260175,-9.813659379787065e-05,0.30155454000269843,0.5142857142857142,0.2836233968187294,0.04660603754948381,2.9610997311271183,-2.6850576895788074,0.39954182740260175,-0.04150227700783932,0.5083903109697316,0.5142857142857142,0.623305315068883,0.08293618689416041,3.747861932797518,-3.177163102086468,0.39954182740260175,-0.0523033571158501,0.7405245208420568,1.0,0.5991104932728493,0.009418912323678252
7555+9498,101,0.49504950495049505,0.11041850750831117,-0.155734152376059,2.0894286496769143,-1.8994127053611207,0.3995249927451751,-0.00011497125122450491,0.4475231248070553,0.504950495049505,0.6660438702243129,0.07718903414418068,3.335395409142568,-2.440749086381582,0.40906319132283897,-0.03198091308760209,0.890810784375315,0.5445544554455446,1.0162049268072844,0.5417543859649144,4.256397689463323,-2.9053077610401257,0.44757823482693293,-0.0042669496915189176,1.1334241325804582,1.0,0.3581185150788573,-0.0063241314230176315
7993+8026,42,0.5476190476190477,-0.24891808661794795,0.2937519117841282,5.026349592762095,-6.147311667230587,0.399488627471227,-0.00015133652517262952,0.08818653068079618,0.5952380952380952,-0.08218911699656446,1.2620612157759272,7.980477901739373,-9.144370712335238,0.4449404552817742,0.003896350871333165,0.14257779715443775,0.5238095238095238,-0.4995745272807082,0.041915201265046026,10.40227117306895,-11.987276728969078,0.37722213940207044,-0.0746230451163814,-0.3823553215075344,0.0,2.125722849099598,-0.07227690711924556
3105+9380,42,0.5476190476190477,-0.05720390032628235,0.3451271236011789,4.776931144984985,-5.769821981141108,0.399488627471227,-0.00015133652517262952,0.27990071697246177,0.6666666666666666,0.5654283822696355,2.307311951649742,7.263970975116445,-8.523383772846406,0.5155222701166692,0.07447816570622812,0.7901952964206378,0.5952380952380952,1.3257629339913124,1.4001959447235526,9.884191337506742,-10.602593926793721,0.4449404552817742,-0.00690472923667762,1.4429821397644862,0.0,1.177377671153078,-0.0010254759476775455
9017+2315,42,0.5476190476190477,0.32498509296811723,0.24546507593139932,2.3208016093096,-1.9452801444836552,0.399488627471227,-0.00015133652517262952,0.6620897102668614,0.5714285714285714,1.0268752390835207,0.7794715817682587,3.3808850621781605,-2.54764979669143,0.4220597791187447,-0.018984325291696358,1.251642153234523,0.5714285714285714,1.4601561367859297,1.007755393216996,4.437858890472209,-2.8658282209747816,0.4220597791187447,-0.029785405399707143,1.5773753425591035,1.0,0.49140248082477456,-0.004497715812653846
5510+5789,57,0.5263157894736842,0.1496664298793373,0.3327242586111768,1.997645697409153,-1.7729638957330471,0.39917794452223143,-0.0004620194741681849,0.4867710471780814,0.5087719298245614,0.5164002507517983,0.3441095890411018,3.6221066484805142,-2.6536194631600876,0.38259680329032353,-0.058447301120117534,0.7411671649028004,0.5263157894736842,1.483640056787152,0.7583673469387754,4.80922360002299,-3.1069806876243544,0.39917794452223143,-0.052667239996220416,1.6008592625603257,0.0,-0.5654330255438464,0.009055029443307938
6580+9498,144,0.4791666666666667,0.11316696689362171,-0.10224655524019952,1.8741668828864506,-1.7079377505804616,0.3991775402732238,-0.00046242372317584213,0.45027158419236585,0.5277777777777778,0.5595667185231232,0.44697083762750733,2.8558712544158293,-2.2514703005246295,0.4465785775862376,0.005534473175796528,0.7843336326741255,0.5486111111111112,1.0756126293282255,0.5963431428032396,3.764137148294445,-2.6094453441879635,0.4671212015749865,0.015276017056534641,1.1928318351013993,1.0,0.5192580144036675,0.017287880605425132
7786+9423,40,0.55,0.24570818090341767,0.49838044038041274,1.798324914850434,-1.5894721088723196,0.3982882988844078,-0.0013516651119918066,0.5828127982021618,0.65,1.2092540231357298,0.733703269511803,3.302877384964327,-2.1301960474368395,0.4950559699353738,0.054011865524932756,1.434020937286732,0.65,1.6628479215205754,1.4651276310936037,4.496030849117771,-2.6967261531576225,0.4950559699353738,0.04321078541692197,1.7800671272937492,1.0,0.8389374212205776,-0.02584156243343111
8720+9423,40,0.55,0.47093944916521924,0.4964914084438711,2.2898697183962917,-1.6657445843147922,0.3982882988844078,-0.0013516651119918066,0.8080440664639634,0.5,0.5303672770345247,0.13925027933043188,3.340427677258094,-2.4851780552212768,0.35199278797099753,-0.08905131643944353,0.7551341911855269,0.55,0.5246879115531731,1.271756576448473,3.84920758928347,-3.1679562820012412,0.3982882988844078,-0.05355688563404404,0.6419071173263469,1.0,0.7481423279717099,-0.014860369112373317
7993+3105,40,0.55,-0.6144458320020336,0.07343529992084777,4.274458910996676,-5.645331850533081,0.3982882988844078,-0.0013516651119918066,-0.2773412147032895,0.575,-0.5938330143095503,1.0419555357174584,6.564923095930588,-8.77851987313158,0.4219480043605999,-0.019096100049841136,-0.36906610015854807,0.525,-0.29493332527679283,0.8593854802752812,8.959619224049964,-11.163567976015113,0.37497106853929735,-0.0768741159791545,-0.17771411950361898,0.0,0.6998833921427441,-0.07347723570606474
9537+6671,40,0.55,0.46042262171531767,0.3333275305229023,2.4976013750304675,-1.7933283459305218,0.3982882988844078,-0.0013516651119918066,0.7975272390140618,0.575,0.9364782060922643,0.4393880795614248,4.0571757877687755,-2.977278184546508,0.4219480043605999,-0.019096100049841136,1.1612451202432665,0.525,0.9073266995547783,1.2585894374233566,4.633381508205787,-3.606733175122057,0.37497106853929735,-0.0768741159791545,1.0245459053279522,1.0,0.5228251179303587,0.00913440159568002
9001+9166,40,0.55,0.34943284085340925,0.3333275305229023,1.7995801453499465,-1.5219521301068426,0.3982882988844078,-0.0013516651119918066,0.6865374581521534,0.625,1.3516542939558416,0.6270547546502182,3.062672590455503,-1.8694617490552923,0.4703216005453191,0.02927749613487801,1.5764212081068438,0.625,1.997419507770371,2.2037502397671926,4.026937595736622,-2.105538116769484,0.4703216005453191,0.018476416026867226,2.114638713543545,1.0,0.4061172623610378,-0.005636795769387248
4723+2315,40,0.55,-0.02621639887583114,0.3418285824396562,1.8672215059783965,-1.8916615875100842,0.3982882988844078,-0.0013516651119918066,0.310888218422913,0.5,0.3432785343321261,-0.05564401453968623,2.5954108342849196,-2.595386418083721,0.35199278797099753,-0.08905131643944353,0.5680454484831283,0.575,0.7233858101696276,0.554429120600113,3.4672492493567773,-2.9990342110621855,0.4219480043605999,-0.02989718015785192,0.8406050159428013,0.0,-0.16900364865379253,-0.014351432653152418
8720+6863,40,0.55,0.47093944916521924,0.4964914084438711,2.2898697183962917,-1.6657445843147922,0.3982882988844078,-0.0013516651119918066,0.8080440664639634,0.5,0.5303672770345247,0.13925027933043188,3.340427677258094,-2.4851780552212768,0.35199278797099753,-0.08905131643944353,0.7551341911855269,0.55,0.5246879115531731,1.271756576448473,3.84920758928347,-3.1679562820012412,0.3982882988844078,-0.05355688563404404,0.6419071173263469,1.0,0.7481423279717099,-0.014860369112373317
5789+6671,55,0.5272727272727272,0.1804189544231171,0.2983367743000943,1.8790019448314927,-1.5349457444530934,0.39791319071629383,-0.0017267732801057867,0.5175235717218613,0.4909090909090909,0.45324044633200006,-0.10387755102041027,3.363835670343256,-2.606328381538509,0.3637656048710159,-0.07727849953942517,0.6780073604830023,0.509090909090909,1.1868097453749906,0.015577210078126097,4.7272186555911135,-3.2043583498653745,0.38076038407484447,-0.07108480044360738,1.3040289511481644,0.0,-0.16165970622197207,0.007955484941231494
6863+2327,55,0.5272727272727272,0.1033608450959218,0.19653770121433226,1.70356639304636,-1.60399414299418,0.39791319071629383,-0.0017267732801057867,0.44046546239466594,0.5272727272727272,0.8281047307486994,0.19033086804203694,3.077172631039098,-2.1891336096337928,0.39791319071629383,-0.04313091369414723,1.0528716448997015,0.5454545454545454,1.3253350093602025,0.2414452027298221,4.024174654007483,-2.629676381037395,0.41522461348360484,-0.036620571034847005,1.4425542151333763,1.0,0.5622784538877417,0.008200617555371381
7993+9380,55,0.5272727272727272,-0.015451392960836507,0.25883883616271597,4.381574142096492,-4.907830411993823,0.39791319071629383,-0.0017267732801057867,0.3216532243379076,0.5818181818181818,0.37251016660895364,0.7911731135066536,6.8776138061097845,-7.212868406633587,0.4503286833116465,0.009284578901205431,0.5972770807599559,0.509090909090909,0.7355527469072446,0.037584085500035475,9.023316353762851,-9.162514456834224,0.38076038407484447,-0.07108480044360738,0.8527719526804184,1.0,0.42111729012993077,-0.07385234387417872
9380+2327,66,0.5151515151515151,0.10654683379799038,0.24261124044270732,4.050435296542259,-4.440034325371591,0.39710384843935753,-0.0025361155570420846,0.44365145109673454,0.5454545454545454,0.9107896179078281,0.5516250342423247,6.377334406550869,-6.250659486641474,0.42614799738706416,-0.014896107023376903,1.1355565320588303,0.5454545454545454,1.3387537257998603,0.39159979434736825,8.37906704250092,-7.772080485005127,0.42614799738706416,-0.02569718713138769,1.455972931573034,1.0,0.32806507605839624,0.003740461550259866
2911+6863,66,0.5151515151515151,-0.05026700537321738,0.05178238752239675,1.4585758708774568,-1.48867890675698,0.39710384843935753,-0.0025361155570420846,0.28683761192552676,0.5757575757575758,0.447071746939356,0.443980135486315,2.6103667253615006,-1.9785119815160017,0.45560437087929284,0.014560266468851779,0.6718386610903582,0.5909090909090909,0.847620781150173,0.8058216651150297,3.5744651074564104,-2.3755859207804333,0.47048971538288953,0.01864453086443768,0.9648399869233468,1.0,0.10220567768503439,0.0064681393291133316
2911+9199,66,0.5151515151515151,-0.05026700537321738,0.05178238752239675,1.4585758708774568,-1.48867890675698,0.39710384843935753,-0.0025361155570420846,0.28683761192552676,0.5757575757575758,0.447071746939356,0.443980135486315,2.6103667253615006,-1.9785119815160017,0.45560437087929284,0.014560266468851779,0.6718386610903582,0.5909090909090909,0.847620781150173,0.8058216651150297,3.5744651074564104,-2.3755859207804333,0.47048971538288953,0.01864453086443768,0.9648399869233468,1.0,0.10220567768503439,0.0064681393291133316
7555+6738,66,0.5151515151515151,0.5571991038529709,0.24261124044270732,2.8181692970585694,-2.0931019978693555,0.39710384843935753,-0.0025361155570420846,0.8943037211517151,0.5151515151515151,1.4989011547628746,0.21064931159264122,4.634285517139985,-2.658174733750235,0.39710384843935753,-0.04394025597108353,1.7236680689138768,0.5606060606060606,2.125041782532809,0.8683435998393986,5.923619369816141,-3.4259251459817084,0.44082421430053925,-0.011020970217912596,2.242260988305983,1.0,0.5560707762764712,-0.008745275728835211
4453+9040,38,0.5526315789473685,0.23107053758588347,0.25910043525735793,1.9446153743318266,-1.7040458435873074,0.3970602917908942,-0.0025796722055054233,0.5681751548846277,0.5263157894736842,0.9750532797320304,0.3823250464636542,3.1541464349937876,-2.1405556650097926,0.37258710742710854,-0.06845699698333252,1.1998201938830326,0.5263157894736842,1.0743304018000723,0.13951464411492878,3.941864220682534,-2.7489785765795074,0.37258710742710854,-0.0792580770913433,1.1915496075732461,1.0,1.0307894157346587,0.010393434821090508
4723+4453,38,0.5526315789473685,0.008652531071413241,0.3418285824396562,1.6670586578724957,-1.7441238558098964,0.3970602917908942,-0.0025796722055054233,0.34575714837015736,0.5263157894736842,1.040783140649796,0.37078163822999344,3.029145406595073,-2.2183964600707538,0.37258710742710854,-0.06845699698333252,1.2655500548007983,0.631578947368421,1.5166884462628478,0.9073528683280864,3.8254179429065416,-2.53222317793658,0.4728367282426011,0.020991543724149242,1.6339076520360216,1.0,0.2580838484411771,-0.015579439746666035
8139+9166,38,0.5526315789473685,0.5792464964399223,0.3333275305229023,2.5214761617349275,-1.8693925808884473,0.3970602917908942,-0.0025796722055054233,0.9163511137386664,0.5789473684210527,1.068735809970481,0.49806265861310106,4.136044665847618,-2.9987321334570716,0.4219207061312732,-0.01912339827916787,1.2935027241214831,0.5789473684210527,1.3293312559750496,1.894420021826142,4.879379834779797,-3.546559073905632,0.4219207061312732,-0.029924478387178655,1.4465504617482234,1.0,0.9999686820211426,0.010353886769855769
7786+6863,38,0.5526315789473685,0.1634476070043845,0.49838044038041274,1.7058596675768456,-1.6088134702472356,0.3970602917908942,-0.0025796722055054233,0.5005522243031286,0.631578947368421,0.8113167136973949,0.5978545028961714,2.907564492767964,-2.177996563473046,0.4728367282426011,0.03179262383216003,1.0360836278483971,0.6578947368421053,1.6740819785061059,1.4651276310936037,3.9131789171489206,-2.3734802039084477,0.4989181162907454,0.04707293177229355,1.7913011842792796,1.0,0.8478378709737702,-0.027069569526944726
2459+5789,38,0.5526315789473685,0.025604883880181322,0.4202625971915942,1.8481838400272084,-1.4952626659378503,0.3970602917908942,-0.0025796722055054233,0.3627095011789255,0.5263157894736842,-0.24932034166990022,0.21345670604937983,2.8503639984372042,-2.8261688571469024,0.37258710742710854,-0.06845699698333252,-0.024553427518898024,0.5526315789473685,0.15109391815218368,0.8993537793695318,3.523037282048817,-3.344226188486232,0.3970602917908942,-0.054784892727557655,0.2683131239253575,0.0,-0.04886489761170726,0.002186938355041357
9017+4778,38,0.5526315789473685,0.29133807916679705,0.22027994924619834,2.074609396950886,-1.5642342512945264,0.3970602917908942,-0.0025796722055054233,0.6284426964655412,0.5526315789473685,0.6954170017535299,0.7315120898942198,3.029553771214827,-2.117237564490695,0.3970602917908942,-0.04398381261954687,0.9201839159045322,0.5526315789473685,1.026766180343084,0.5367749243075416,4.073588204147145,-2.593136631943699,0.3970602917908942,-0.054784892727557655,1.1439853861162579,1.0,0.5389875802538584,-0.00692605149298664
2459+9423,154,0.474025974025974,-0.23419060714300677,-0.10789287473688777,1.6731110753727576,-1.8488377465741137,0.3967571705224619,-0.002882793473937717,0.10291401015573737,0.4675324675324675,-0.13996764113573723,-0.24388373436908906,2.613312654077135,-2.8143622489630253,0.3904795652294576,-0.05056453918098347,0.08479927301526496,0.4675324675324675,-0.09594108890132452,-0.24294351351417762,3.34340703910501,-3.5060170588407074,0.3904795652294576,-0.061365619288994255,0.021278116871849315,0.0,0.5279360737802046,0.001883817086609063
7555+9040,86,0.5,-0.021083351328122536,-0.027895133623241225,1.8979462565605791,-1.8126937368365144,0.39660790465524204,-0.003032059341157578,0.3160212659706216,0.5348837209302325,0.6822779267884443,0.5097351983864341,3.3355138423973787,-2.486662150833944,0.43024115998789875,-0.010802944422542315,0.9070448409394465,0.5813953488372093,1.365058147876173,0.9524492467097457,4.4414256189968375,-2.8815186597523934,0.4758426436472955,0.023997459128843657,1.4822773536493468,1.0,0.3491788581927706,-0.009241219512950705
8139+3235,53,0.5283018867924528,-0.18172943509747932,0.2093693693693545,1.620651368642044,-1.785702122811942,0.39659852300756443,-0.0030414409888351868,0.1553751822012648,0.4716981132075472,-0.16995795086086038,-0.212896059243579,2.6281639531750294,-2.9558441275567477,0.3438202760898141,-0.09722382832062698,0.054808963290141816,0.5471698113207547,0.4029200442904196,0.2414452027298221,3.3326615952992746,-3.4060648584702014,0.41453742646439184,-0.03730775805406,0.5201392500635934,0.0,0.3393381515452694,0.009892117986526006
7555+3235,53,0.5283018867924528,0.05007298290193797,0.2263836447226987,1.6633310441325169,-1.6192586559369624,0.39659852300756443,-0.0030414409888351868,0.3871776002006821,0.5094339622641509,0.3254951846163898,0.34043140638480474,2.5828622762462565,-2.216323948929225,0.3788330425329779,-0.06221106187746317,0.5502620987673921,0.6226415094339622,0.9465950698347788,0.9454315754477794,3.3710022387457204,-2.510494175012126,0.488066502360923,0.03622131784247118,1.0638142756079527,1.0,0.36843126574444257,-0.009250601160628313
3235+9040,75,0.5066666666666667,-0.11609856059355848,0.019388285944925837,1.6197757117898297,-1.598124991091258,0.39598184412213266,-0.003658119874266952,0.22100605670518564,0.4666666666666667,-0.046311369269505485,-0.212896059243579,2.3668584040442315,-2.229978656204683,0.35815509458811656,-0.0828890098223245,0.1784555448814967,0.49333333333333335,0.21404761103507666,-0.09012255428941338,2.904613471396338,-2.618635258091559,0.38329818473419525,-0.0685469997842566,0.3312668168082505,1.0,0.0029997241861549617,0.01041935445741704
6117+8139,75,0.5066666666666667,0.23267615189173754,0.2263836447226987,2.3069772674971314,-1.944633868939732,0.39598184412213266,-0.003658119874266952,0.5697807691904817,0.52,0.4676211119938798,0.08810475534113862,3.5482004643459506,-2.9753300349358898,0.4087401957316927,-0.03230390867874838,0.692388026144882,0.5733333333333334,0.9840982152299527,0.9454315754477794,4.36596337099633,-3.500221641336528,0.46052588692688,0.008680702408428165,1.1013174210031265,1.0,0.6303313759923279,-0.0005030952447348525
2459+6863,120,0.48333333333333334,-0.2313306655585759,-0.11214155739217121,1.665898313679142,-1.820029049147428,0.3958348942305447,-0.0038050697658549293,0.10577395174016824,0.44166666666666665,-0.21583148153254336,-0.38352379223842814,2.4883212669872896,-2.7733528748879253,0.35599597315955417,-0.0850481312508869,0.008935432618458833,0.44166666666666665,-0.07760930423031936,-0.3534489131376727,3.094413897023557,-3.2602668292970307,0.35599597315955417,-0.09584921135889768,0.03960990154285447,0.0,0.3804158574332187,0.0009615407946918508
6117+4453,64,0.515625,0.021357773442245986,0.24161973932035796,2.0624335903888493,-1.9922374981194373,0.39581392243999036,-0.0038260415564092543,0.3584623907409901,0.515625,0.19194014023989225,0.26722022854156935,3.1328144828279973,-3.028692751780562,0.39581392243999036,-0.0452301819704507,0.41670705439089445,0.5625,0.5441727521996231,0.39159979434736825,3.888364678487748,-3.6480694291606173,0.44085991778287875,-0.010985266735573096,0.6613919579727969,1.0,0.47682163521924253,-0.0006710169268771549
6863+2315,64,0.515625,-0.2883720888261569,0.22027994924619834,1.8761254442678115,-2.0583405490325197,0.39581392243999036,-0.0038260415564092543,0.048732528472587244,0.484375,-0.4056091785407242,-0.1916664620138463,2.602059040668842,-3.168171443367349,0.366333485657839,-0.07471061875260204,-0.180842264389722,0.453125,-0.1929594929479983,-0.1853594340518193,3.334768623650965,-3.7584379427493446,0.33729251486034373,-0.11455266965810812,-0.07574028717482446,0.0,0.4333513000326773,0.006101349279067914
7786+6117,36,0.5555555555555556,0.10331956870908672,0.41084210179999536,1.711012140935959,-1.538032123380458,0.39580787316003413,-0.003832090836365487,0.44042418600783084,0.6388888888888888,0.9975417576061416,0.8274882716240707,3.022322249339866,-2.0138750828718788,0.4757478039083198,0.034703699497878715,1.2223086717571439,0.7222222222222222,2.0777440699533822,1.9909347479034656,4.127225890401315,-2.22796976976096,0.5600719978365485,0.10822681331809664,2.1949632757265563,1.0,0.6175503551024873,-0.02832198815780479
6580+9423,84,0.5,0.1887135551113555,-0.03979486006253183,1.9273219992274164,-1.6635932328599263,0.3954375003500976,-0.0042024636463020015,0.5258181724100996,0.5476190476190477,0.6494689377634225,0.5810334863165113,2.995964212923123,-2.241529146176921,0.4414284668698881,0.00038436245944706293,0.8742358519144247,0.5714285714285714,1.5998232519490823,1.162557161274618,4.215976923181095,-2.561783207157298,0.4647675967027547,0.012922412184302845,1.717042457722256,1.0,0.5288735863880999,0.013547840682298973
9199+9166,127,0.48031496062992124,-0.16302637452257135,-0.08311963439115541,1.7359804383656219,-1.7476910153568133,0.39528258938537786,-0.004357374611021758,0.1740782427761728,0.49606299212598426,0.035226537233237265,-0.02238532110092159,2.6793531916011832,-2.5177297561205116,0.410506352877393,-0.030537751533048052,0.25999345138423946,0.5039370078740157,0.14484172389758174,0.03647204544483987,3.2581615099414067,-2.945706002305077,0.41814918206933194,-0.03369600244911991,0.26206092967075556,1.0,0.22582905663344394,0.005159674306454365
6580+5305,51,0.5294117647058824,0.5276628255075893,0.29713335826786935,2.3891515614977017,-1.7307389474040396,0.39523071344726596,-0.004409250549133659,0.8647674428063334,0.6470588235294118,0.9827665494749572,0.7911731135066536,3.474273767195091,-2.238594975207801,0.5098580497281073,0.06881394531766627,1.2075334636259594,0.6470588235294118,1.7258235541781244,1.6192676637441885,4.268430890789548,-2.471133475581162,0.5098580497281073,0.058012865209655484,1.8430427599512982,1.0,0.9666282680464455,0.013341053779467316
9537+8139,34,0.5588235294117647,0.6726547318973227,0.40557232486666994,2.646489287767501,-1.7403109012294102,0.3945361778918369,-0.005103786104562691,1.0097593491960668,0.5882352941176471,1.1144115286617526,0.49806265861310106,4.386495784457653,-2.9970962698145094,0.42221304146519273,-0.018831062945248334,1.3391784428127549,0.5882352941176471,1.3130813978792317,1.894420021826142,5.037882042480366,-3.5393527287762443,0.42221304146519273,-0.02963214305325912,1.4303006036524055,1.0,0.739814266957713,0.005382280603109135
8965+9498,34,0.5588235294117647,0.6352920879947942,0.40557232486666994,2.228901464469366,-1.6923202358571239,0.3945361778918369,-0.005103786104562691,0.9723967052935383,0.5588235294117647,1.3404270389086113,0.7717968570783263,3.685537823600243,-2.232954652041721,0.3945361778918369,-0.04650792651860414,1.5651939530596135,0.5882352941176471,1.761597323511206,1.3857365314125227,4.392420756570697,-2.4260315217258364,0.42221304146519273,-0.02963214305325912,1.8788165292843797,1.0,0.7304008249555409,-0.0504042773899373
7410+3235,34,0.5588235294117647,0.12230598340363297,0.2496815603137571,1.575784635873238,-1.1468344048514154,0.3945361778918369,-0.005103786104562691,0.4594106007023771,0.6176470588235294,0.33447429462711287,0.42469665615944463,2.360380163391138,-1.4724802268368724,0.45040719999382667,0.009363095583385606,0.5592412087781151,0.7058823529411765,0.7737697701053884,0.9243808890253825,3.005632340770755,-1.7124623022402998,0.5383077411853625,0.08646255666691066,0.8909889758785622,1.0,0.5902761058718095,-0.004952449579390061
9380+3158,34,0.5588235294117647,0.10997875728663868,0.43372091742537766,2.220789222204013,-1.9238147137255017,0.3945361778918369,-0.005103786104562691,0.44708337458538283,0.5882352941176471,0.8110938599906381,0.7294456218143998,3.4194517850035853,-2.661829276625345,0.42221304146519273,-0.018831062945248334,1.0358607741416404,0.47058823529411764,1.454965559761025,-0.05263885691910261,4.6450738351181595,-3.144256103010643,0.31451251633111366,-0.1373326681873382,1.5721847655341987,1.0,0.6451193869887357,0.0011727910027392596
5551+9040,62,0.5161290322580645,0.3823634036245207,0.23327461524115703,2.128691734561093,-1.624989274897043,0.3944724746061819,-0.005167489390217717,0.7194680209232649,0.532258064516129,0.8817368610062462,0.08908028568575435,3.353772626207562,-2.2425312535872917,0.4098381737584801,-0.031205930651960978,1.1065037751572484,0.5,1.155068982218645,-0.02626923439468895,3.9979242527975787,-2.608837065181801,0.37922532216457727,-0.07261986235387458,1.2722881879918189,0.0,-0.15041506298146273,0.007843385603800435
2459+6580,62,0.5161290322580645,0.13456463038685323,0.1277312796667586,1.8968186089808063,-1.7012057081017946,0.3944724746061819,-0.005167489390217717,0.47166924768559737,0.5,0.5595445298031335,0.18304539788819751,2.865210976020715,-2.3073108938611857,0.37922532216457727,-0.06181878224586379,0.7843114439541357,0.5161290322580645,1.0082168385231922,0.10678281190092301,3.6758539037804185,-2.631782666208226,0.3944724746061819,-0.05737270991226995,1.125436044296366,1.0,0.4448415961127863,-0.00040087882967093647
4723+6117,62,0.5161290322580645,-0.06619507201659806,0.032868397703116475,1.6349396648794488,-1.5713978421080526,0.3944724746061819,-0.005167489390217717,0.27090954528214606,0.45161290322580644,0.25258582082042463,-0.16010566671183044,2.5308053039090788,-2.1983538111273933,0.3341951476826002,-0.10684895672784084,0.47735273497142683,0.5806451612903226,0.8305808116398804,0.706596254369889,3.238511899659636,-2.474434490216404,0.45665361737846166,0.004808432860009815,0.9478000174130542,1.0,0.16454527407264408,-0.01816725693137833
4723+5551,49,0.5306122448979592,-0.04386808357105411,0.36158925979681744,1.7384411358877534,-1.6761290702955258,0.3938062701991985,-0.005833693797201112,0.29323653372769004,0.46938775510204084,0.5225112008720917,-0.11639534883720146,2.8384235354678817,-2.2746132978384592,0.33703281897894777,-0.1040112854314933,0.7472781150230938,0.6122448979591837,1.2600911899468579,0.8674130384704039,3.7572259310850202,-2.588103148496578,0.47245746488052426,0.02061228036207241,1.3773103957200317,0.0,-0.11147934657062364,-0.018833461338361723
6117+7781,32,0.5625,0.13918280124196677,0.41084210179999536,1.7041995361867532,-1.4990613644532034,0.3932530203122613,-0.006386943684138335,0.4762874185407109,0.625,1.163781669192082,1.3681236775527397,3.1416400328262872,-1.957898426251658,0.4525410058952512,0.01149690148481014,1.3885485833430842,0.75,2.262659286829391,2.151700600015376,4.317875807102608,-2.163502485947687,0.5789310822975338,0.1270858977790819,2.379878492602565,1.0,0.46831193374028257,-0.003231919054606236
2911+6580,32,0.5625,0.14174872896704668,0.3491646571790842,1.5993601435539704,-1.6247234006760363,0.3932530203122613,-0.006386943684138335,0.4788533462657908,0.625,1.1914363619310822,0.6156958205819675,3.0894606244051466,-2.0370401129271363,0.4525410058952512,0.01149690148481014,1.4162032760820844,0.6875,2.3737072135689186,1.9076042551255323,4.473422977962304,-2.2875028580692427,0.5143300030196761,0.06248481850122428,2.4909264193420926,1.0,0.5033495608959819,0.002617311202017081
7555+6863,80,0.5,0.10064906976676916,0.06003536608130591,1.8320456680698798,-1.697978857921812,0.392972274311075,-0.006667689685324607,0.4377536870655133,0.5,0.5963239529150409,0.13324681468601007,3.136246153173235,-2.3422775637929023,0.392972274311075,-0.04807183009936605,0.8210908670660431,0.5625,0.9131118085352374,0.860344510880844,3.916749769402864,-2.853944893871703,0.45340937868656955,0.0015641941681177052,1.0303310143084112,1.0,0.43649848687890935,-0.012876849857117734
9199+3235,114,0.4824561403508772,-0.3105025134429425,-0.06924995508071449,1.4248112553887744,-1.6565988883175062,0.3928049157542809,-0.006835048242118724,0.02660210385580164,0.4473684210526316,-0.3722887388911445,-0.24999031500668278,2.194310878909221,-2.508634295076474,0.35929241688059504,-0.08175168752984602,-0.1475218247401423,0.49122807017543857,-0.1506542282341149,-0.07340142358915433,2.780866214883458,-2.974256437735848,0.4012505479700841,-0.050594636548367766,-0.03343502246094106,0.0,0.21129308371002475,0.002682000675357399
8423+9040,30,0.5666666666666667,-0.0595510388192506,0.21958342569106573,1.5732885753404207,-1.8351110115152425,0.39197009545408734,-0.007669868542312275,0.2775535784794935,0.5333333333333333,0.6216941166868142,1.0251881349488337,2.5556555391161955,-2.29009417553883,0.36142013281525043,-0.07962397159519063,0.8464610308378164,0.5333333333333333,1.1745474893592915,1.0384106621506286,3.9489542966538846,-2.7297932303202956,0.36142013281525043,-0.09042505170320142,1.2917666951324653,1.0,0.5244206865011579,-0.018432556063485706
9537+3235,30,0.5666666666666667,0.025272361130869215,0.40557232486666994,1.9350603724858222,-1.8128728510032406,0.39197009545408734,-0.007669868542312275,0.36237697842961336,0.6,0.23707056336023535,0.49806265861310106,3.1847895856498285,-3.1819084227711403,0.42320052498273836,-0.017843579427702705,0.46183747751123755,0.6,0.9109911695978354,1.894420021826142,3.9230273447422364,-3.476857801206189,0.42320052498273836,-0.02864465953571349,1.0282103753710092,1.0,0.5513816877828632,0.0028161981653595514
9380+6671,30,0.5666666666666667,-0.17269786599524858,0.29401351087877015,2.022666577926523,-2.125175361734491,0.39197009545408734,-0.007669868542312275,0.16440675130349555,0.5,0.41193415899048397,-0.08126686152530416,3.2314711056663024,-3.047427724568539,0.3315385122717376,-0.10950559213870348,0.6367010731414862,0.43333333333333335,0.8381574074216155,-0.10786289379274935,4.256599255094398,-3.5475391343678724,0.27377237430615114,-0.1780728102123007,0.9553766131947893,0.0,0.6124587764004452,-0.0013932914350103243
6117+3235,96,0.4895833333333333,-0.3397402112386423,-0.06924995508071449,1.4554802843568286,-1.705204222763431,0.3919268939484636,-0.007713070047936033,-0.002635593939898151,0.4270833333333333,-0.5930422671156211,-0.4138274372151317,2.126590861977206,-2.6556798544563907,0.3328192137965024,-0.10822489061393864,-0.36827535296461894,0.4583333333333333,-0.46051928469164327,-0.2776125071305212,2.6164443504235977,-3.1561445777224226,0.3621868239541502,-0.08965836056430165,-0.3433000789184694,0.0,0.051761158775120886,-0.004558045418403933
6863+6738,87,0.4942528735632184,-0.05052857969793245,-0.07775959832058796,1.8118003946631978,-1.7748072141265345,0.39168097748132213,-0.007958986515077482,0.2865760376008117,0.4942528735632184,0.2053686595777855,-0.11639534883720146,2.864441198212801,-2.632991265330233,0.39168097748132213,-0.04936312692911893,0.4301355737287877,0.4942528735632184,0.46138508034447573,-0.056680292888895284,3.674348204898329,-3.20894718148103,0.39168097748132213,-0.06016420703712971,0.5786042861176496,0.0,0.5869888244216743,0.001968404320399686
7555+9423,78,0.5,0.1079833032298708,0.08282166644092884,1.8586906947701742,-1.7195920162160008,0.39167242528547985,-0.007967538710919764,0.44508792052861496,0.5,0.6081977256901442,0.11385712010195016,3.1879806328111813,-2.380411201724812,0.39167242528547985,-0.04937167912496121,0.8329646398411463,0.5641025641025641,0.9435668509051459,0.8683435998393986,3.981214974178547,-2.9019903133031666,0.45361787664577374,0.0017726921273218954,1.0607860566783198,1.0,0.45979640164254326,-0.01417669888271289
5510+5465,78,0.5,-0.47398437410281996,-0.053830829834617816,2.638180973940357,-3.5412565576967743,0.39167242528547985,-0.007967538710919764,-0.13687975680407583,0.5897435897435898,-0.1353555557482136,0.7820639282547438,4.3281194745239775,-5.07631290806874,0.4788794806670461,0.03783537625660505,0.0894113584027886,0.5641025641025641,0.03679660489442872,0.9871121458030421,5.729612143167806,-6.203140008050169,0.45361787664577374,0.0017726921273218954,0.15401581066760256,0.0,0.016393096887335812,0.0015495102065563593
5465+3235,58,0.5172413793103449,0.019449190408814074,0.11345211698380778,1.4090434460868595,-1.5009788666604036,0.3916204342921343,-0.008019529704265338,0.35655380770755823,0.5,0.44283558622460234,0.03386067408787566,2.370855405470969,-1.9986743017356774,0.3753805824767928,-0.06566352193364827,0.6676025003756045,0.5862068965517241,0.7942454924788089,0.5759837610583786,3.130286298119641,-2.3535206815211995,0.4579817755925391,0.006136591074087261,0.9114646982519827,1.0,0.04517238589348621,0.004386371172976078
7555+5551,58,0.5172413793103449,0.4352079288105147,0.24261124044270732,2.3825875937759187,-1.92258483657354,0.3916204342921343,-0.008019529704265338,0.7723125461092588,0.4827586206896552,1.1078461865913043,-0.08440251251252237,3.994008165102964,-2.566965476426663,0.35927974452990297,-0.0817643598805381,1.3326131007423065,0.5172413793103449,1.2050424935492183,0.12790480344283997,4.655492504104173,-3.0920217747794227,0.3916204342921343,-0.06022475022631757,1.3222616993223921,1.0,0.28354053283937525,-0.014228689876058465
2327+9423,58,0.5172413793103449,0.0782829345449117,0.12131544558924748,1.667288013272602,-1.5766278096707615,0.3916204342921343,-0.008019529704265338,0.41538755184365583,0.5172413793103449,0.7619959182628745,0.13921781169158778,2.9777871229942465,-2.145874384456926,0.3916204342921343,-0.049423670118306784,0.9867628324138766,0.5344827586206896,1.1980605228051844,0.15768204676829725,3.8909646341032746,-2.6424292616632137,0.40799953310272963,-0.04384565141572222,1.3152797285783582,1.0,0.6478041682595828,0.011792791830435911
5789+9166,58,0.5172413793103449,0.1288068811141843,0.16234923251975852,1.7824127295658347,-1.5272509435773753,0.3916204342921343,-0.008019529704265338,0.46591149841292845,0.5,0.5596907706100744,-0.04938511563129064,3.224617073140659,-2.4548455001491183,0.3753805824767928,-0.06566352193364827,0.7844576847610767,0.5,1.0862412534585062,-0.008764219266639145,4.493295497603297,-3.0105037142781614,0.3753805824767928,-0.07646460204165906,1.20346045923168,0.0,-0.06312089780914676,0.001662728517071943
7786+7781,45,0.5333333333333333,0.1639254080975525,0.3327242586111768,1.7503190615838948,-1.575074991785485,0.39077208862410456,-0.008867875372295053,0.5010300253962966,0.6,1.2266826639527284,0.8638034297414877,3.245860740644223,-2.0387828573281404,0.4545159420914473,0.013471837681006238,1.4514495781037307,0.6444444444444445,1.6802846307685226,1.6192676637441885,4.376329077488801,-2.5348070688284747,0.49835546011952203,0.04651027560107018,1.7975038365416964,1.0,0.743996259358974,-0.033357772693734355
5510+9498,94,0.48936170212765956,0.16792610539068625,-0.1329773043215364,1.9784929294308287,-1.7971681625222036,0.3907258951395345,-0.008914068856865132,0.5050307226894304,0.5319148936170213,0.9001275100606879,0.3945732063322539,3.2975780774833647,-2.344070288781763,0.4317808473355929,-0.009263257074848152,1.12489442421169,0.5425531914893617,,,4.407174026503629,-2.6417190880195487,0.4421526742196052,-0.009692510298846657,,1.0,0.21908037488208076,0.0006029800606109914
8139+4453,94,0.48936170212765956,-0.07719028095318332,-0.05887136554259639,1.8908589974120156,-1.9485844304181534,0.3907258951395345,-0.008914068856865132,0.2599143363455608,0.5106382978723404,0.17173679024982869,0.06105353346554279,3.014299441880538,-2.832194482868258,0.41116709806344404,-0.029877006346997026,0.3965037044008309,0.5319148936170213,0.3630918872804605,0.22379100643725072,3.724683711701424,-3.4230710636399304,0.4317808473355929,-0.020064337182858938,0.48031109305363434,0.0,0.7032014915535418,0.004019490118496061
8720+2459,28,0.5714285714285714,-0.121641120822839,0.5059119038354699,1.810329039819628,-1.8767978048398994,0.390704789856154,-0.008935174140245639,0.21546349647590513,0.4642857142857143,-0.30235344416438237,-0.08908757466294479,2.364975429756897,-2.8212516638482397,0.2953130373965958,-0.14573106701384525,-0.07758653001338017,0.5,-0.16122500572377202,0.29595590035613084,2.7851472865644262,-3.314616977549234,0.32632846832446344,-0.1255167161939884,-0.04400579995059818,0.0,1.004327001113186,-0.02244387814062715
2911+9423,67,0.5074626865671642,-0.050113514737267884,0.0460931899641627,1.4430029994711093,-1.4769655306537421,0.3906357091102442,-0.009004254886155416,0.28699110256147625,0.5671641791044776,0.4254718989156675,0.42758721997795857,2.5844776512651637,-1.9719299128405217,0.4480852301650392,0.007041125754598143,0.6502388130666696,0.5970149253731343,0.837761900912832,0.7583673469387754,3.5341865052691044,-2.363077375399514,0.4774111146058888,0.02556593008743696,0.9549811066860058,1.0,0.10220567768503439,0.0
9380+9498,85,0.49411764705882355,0.019170365778681565,-0.07775959832058796,2.0232646793214975,-1.952292016175519,0.39040653316034707,-0.009233430836052547,0.3562749830774257,0.4823529411764706,0.2496776300114517,-0.11639534883720146,2.9656253492501348,-2.6621662609528522,0.379205636706352,-0.06183846770408907,0.4744445441624539,0.4588235294117647,0.3532840788683518,-0.09012255428941338,3.7401187796934194,-3.311755551621059,0.3569695582911919,-0.09487562622725992,0.47050328464152563,1.0,0.23792452367272526,-0.002956853728750597
6580+6671,56,0.5178571428571429,0.15350602833252708,0.1277312796667586,1.8962051635354011,-1.6202817793961601,0.3901016225125491,-0.009538341483850521,0.4906106456312712,0.5,0.24958511174135084,0.17270365557420686,2.8159345259560626,-2.251482342166747,0.37331520958682995,-0.06772889482361111,0.47435202589235304,0.5535714285714286,1.2409856435311348,0.7046496232901701,4.0504378026242005,-2.6576072182222767,0.4241298613178389,-0.02771532320061293,1.3582048493043086,1.0,0.22915496964581022,0.008211962844750453
9380+9199,56,0.5178571428571429,-0.18169060596036388,0.12288596533381227,1.7536083324072425,-1.8990025621063604,0.3901016225125491,-0.009538341483850521,0.15541401133838026,0.44642857142857145,0.23489730847340035,-0.3134395278663836,2.714118223193591,-2.6200215703100556,0.3238651625129941,-0.11717894189744699,0.45966422262440254,0.44642857142857145,0.5074230168179127,-0.13104204940011618,3.5705340127311525,-3.126000689326241,0.3238651625129941,-0.12798002200545777,0.6246422225910865,0.0,0.5727738989241342,-0.0032617643765485704
7786+5551,26,0.5769230769230769,0.15939694760209122,0.5962852710267909,1.7194305562435983,-1.6514414670938582,0.3894829692111983,-0.010156994785201323,0.49650156490083536,0.6923076923076923,1.2490793809470007,1.4265606461191285,3.0575990685620096,-1.9794302212880954,0.5001138848576876,0.059069780447246534,1.473846295098003,0.7307692307692307,2.2056410301238176,2.294362851356817,4.148417250213024,-2.1477620591914675,0.5391659658023868,0.087320781283935,2.3228602358969916,1.0,0.5168778038692685,-0.034646892106640625
9017+8139,26,0.5769230769230769,0.4463168420813413,0.44947306547823873,2.4469957974548504,-2.0744488831144876,0.3894829692111983,-0.010156994785201323,0.7834214593800854,0.6153846153846154,1.5417387899423969,1.3024377774015374,3.7910792797206594,-2.6890454251891125,0.4253452003942009,-0.01569890401624019,1.7665057040933991,0.6923076923076923,2.3034568228943177,1.4738146490770923,5.021861830644799,-3.026310897406389,0.5001138848576876,0.04826870033923575,2.4206760286674918,1.0,0.9464674989006405,-0.01450337407268254
4723+8423,26,0.5769230769230769,-0.08121308254658961,0.4330109292826002,2.11934607817042,-2.1886413403651264,0.3894829692111983,-0.010156994785201323,0.25589153475215454,0.5769230769230769,0.6451954019486107,1.511688647226577,3.5422622669723896,-3.260453739283317,0.3894829692111983,-0.05156113519924277,0.8699623160996128,0.5384615384615384,0.40968793635891276,1.1384730056088468,4.853654927557695,-4.461307369428,0.35457636204430115,-0.0972688224741507,0.5269071421320866,0.0,0.6247857750969474,-0.023156762326361935
2911+2327,26,0.5769230769230769,0.4449296402770626,0.20295353529184337,1.9093777798126828,-1.5382719711859698,0.3894829692111983,-0.010156994785201323,0.7820342575758068,0.6538461538461539,1.6404560085148803,1.613878136963003,3.8489021791020197,-1.9629786606572044,0.46220229009632996,0.021158185685888897,1.8652229226658825,0.6538461538461539,2.4744763369657408,2.6389611735449225,5.146804450854194,-2.263556772558925,0.46220229009632996,0.010357105577878112,2.591695542738915,1.0,1.0826610443080427,-0.001152739899045907
8720+7555,26,0.5769230769230769,0.3750515297162662,0.5122637144918608,2.3315609082101787,-1.9484765790450758,0.3894829692111983,-0.010156994785201323,0.7121561470150104,0.5,0.783014737647073,0.014483393320690152,3.7628360259360614,-2.879642885000013,0.3206030631500208,-0.12044104126042027,1.007781651798075,0.5769230769230769,0.8649929940028842,1.5823232482721707,4.421033463764987,-3.620539958893694,0.3894829692111983,-0.062362215307253555,0.982212199776058,1.0,0.8691517145825456,-0.023665698785582834
7993+6738,65,0.5076923076923077,-0.19563584398977957,0.034334404664009416,3.8457269324438053,-4.567082053966371,0.3891624609220664,-0.010477503074333205,0.14146877330896457,0.5692307692307692,0.3771917076278807,0.772954743002834,6.396690636410518,-6.701286506293773,0.44832757984982086,0.007283475439379794,0.6019586217788828,0.5384615384615384,0.6452101184607141,0.8674130384704039,8.28409438870013,-8.565762887882894,0.4185318739862352,-0.033313310532216645,0.7624293242338879,0.0,0.34155262177731127,-0.08260307366840614
5789+6580,65,0.5076923076923077,-0.09842448412873298,0.046348509461307114,1.7127552635143335,-1.6947129346024707,0.3891624609220664,-0.010477503074333205,0.23868013317001116,0.5230769230769231,0.2371109888428446,0.4193450881611983,2.9256930684652365,-2.4975412870393736,0.40379420402276267,-0.03724990038767839,0.4618779029938468,0.5384615384615384,1.1563878388499496,0.7583673469387754,4.100411682614466,-3.044777277629046,0.4185318739862352,-0.033313310532216645,1.2736070446231234,0.0,-0.32568541302102877,-0.0007952448529959244
9017+9498,43,0.5348837209302325,0.19708328720322307,0.2263836447226987,2.3252120773557414,-2.159446572266286,0.3891538972887278,-0.010486066707671826,0.5341879045019672,0.5581395348837209,0.9913066961285675,0.4400285727891796,3.3925679550653807,-2.780163144572704,0.4110735806551172,-0.029970523755323886,1.2160736102795697,0.5581395348837209,1.1941840956521137,0.8674130384704039,4.288952147607025,-3.1222020489898337,0.4110735806551172,-0.04077160386333467,1.3114033014252875,1.0,0.49140248082477456,-0.014832445995153043
5465+2315,43,0.5348837209302325,0.15627245638433732,0.25883883616271597,2.4988753368474614,-2.162656166624546,0.3891538972887278,-0.010486066707671826,0.4933770736830815,0.5581395348837209,0.5045554087253646,0.3441095890411018,3.6210670300169627,-2.9774963354058026,0.4110735806551172,-0.029970523755323886,0.7293223228763668,0.6046511627906976,1.0801023124466653,1.1770165745856478,4.559457098454459,-3.6794828107711797,0.4557879659331909,0.003942781414739027,1.1973215182198391,1.0,0.49726933976189586,0.0019198341695695897
5386+5551,54,0.5185185185185185,0.28324282851319765,0.3626981649663731,2.328616335910672,-2.0124927127516536,0.38851475048465434,-0.01112521351174528,0.6203474458119418,0.5370370370370371,0.9405918353294027,0.21064931159264122,3.7752488128248256,-2.6615295665270624,0.4060512701625496,-0.03499283424789146,1.165358749480405,0.5925925925925926,1.2713092509216979,1.2440020865143333,4.530908120436875,-3.257586643335303,0.45966610248851525,0.007820917970063401,1.3885284566948717,1.0,0.3168339989875078,-0.01048045228115646
3235+9166,90,0.4888888888888889,-0.28403118618321693,-0.030831052777553353,1.470054130062797,-1.6978649327320492,0.38820314979105425,-0.01143681420534537,0.0530734311155272,0.5,-0.22158675214843906,-0.008639000671546299,2.2775456349572947,-2.5091619605160154,0.398835445409866,-0.04220865900057508,0.0031801620025631305,0.5333333333333333,0.014360671397526965,0.2353662271376279,2.924265513347878,-2.9428851869621706,0.4310200470971506,-0.020825137421301265,0.1315798771707008,0.0,0.17234750409486532,0.002640660126338623
5386+9498,162,0.46296296296296297,0.06618024970049997,-0.18395783421178521,1.9167565772638095,-1.7080420153890266,0.3879260457287527,-0.011713918267646894,0.4032848669992441,0.5493827160493827,0.7745644297013806,0.4347745617790212,3.193841483404192,-2.2353681525988485,0.472503162260369,0.03145905784992792,0.9993313438523828,0.5925925925925926,1.1544007661348312,0.8549108264043804,4.008503290158559,-2.598592351209903,0.5156341699473219,0.06378898542887007,1.271619971908005,1.0,0.42594067448230455,-0.011069157037058075
2315+9423,72,0.5,-0.27104011446102905,0.07639779157912377,1.8583567673357517,-1.9732567754468642,0.38746896004724257,-0.012171003949157044,0.06606450283771509,0.4722222222222222,-0.37770045344210346,-0.3065175013336151,2.6173716358421784,-3.001941191622448,0.3612631919907144,-0.07978091241972668,-0.15293353929110126,0.4305555555555556,-0.5119203812738186,-0.25022806634418904,3.2864753107436666,-3.8472855974123465,0.32257723366453145,-0.1292679508539204,-0.3947011755006447,0.0,0.4052992980310058,0.01147445730060842
9199+6580,72,0.5,-0.0489882770113841,-0.03979486006253183,1.8249056712328091,-1.8003494270275573,0.38746896004724257,-0.012171003949157044,0.28811634028736005,0.5277777777777778,0.43511377632183623,0.5810334863165113,2.954640276105439,-2.414331722803992,0.4140046953345257,-0.027039409075915344,0.6598806904728385,0.5555555555555556,1.0766056231366887,0.7046496232901701,3.8827067008949,-2.775394218468194,0.44087185773467513,-0.010973326783776716,1.1938248289098625,1.0,0.3240289897968398,-0.0026539550316809213
5510+9166,41,0.5365853658536586,0.16749315863191339,0.146064739345957,1.995273610580994,-1.8043271584120875,0.3874621534597436,-0.012177810536656009,0.5045977759306575,0.5121951219512195,0.692736026776688,0.4193450881611983,3.2538784441341884,-2.422449050156883,0.36484259315865186,-0.0762015112517892,0.9175029409276902,0.5121951219512195,1.6278961971392771,0.3882199565435497,4.521754694221119,-2.6413585158483226,0.36484259315865186,-0.08700259135979999,1.745115402912451,1.0,0.29733082580846304,-0.0026607616191798855
7786+6580,41,0.5365853658536586,0.11950925256239459,0.3327242586111768,1.7561302328081092,-1.6275484580177173,0.3874621534597436,-0.012177810536656009,0.4566138698611387,0.5853658536585366,0.7336983511034278,0.5743192248852714,2.850083763422339,-2.176155619416803,0.433668353568366,-0.007375750842075035,0.9584652652544301,0.6341463414634146,1.6378022962695462,1.2711842706904444,3.818849844181626,-2.3224841286429387,0.4812042325216125,0.029359048003160637,1.75502150204272,1.0,0.8246186337630841,-0.03666770785809531
4453+9498,88,0.48863636363636365,-0.08370446768923485,-0.11887979916029398,2.0127478825648155,-2.070957624970308,0.38687686309205005,-0.012763100904349567,0.2534001496095093,0.5227272727272727,0.24178468240945303,0.19847310913161842,3.1507651837611728,-2.986539632375134,0.4196177626380677,-0.021426341772373347,0.4665515965604552,0.5454545454545454,0.3468836993423281,0.39159979434736825,3.8236607209383,-3.6449423962583243,0.44169880685506685,-0.010146377663384998,0.46410290511550195,1.0,0.40040481167200326,0.0002100061222463645
7555+6117,88,0.48863636363636365,0.06435747867699887,-0.10823723210845002,2.0461372236156548,-1.9133303695225408,0.38687686309205005,-0.012763100904349567,0.401462095975743,0.5340909090909091,0.6256783892693906,0.4129613840901093,3.311489766530299,-2.6489493165277027,0.43063280602477044,-0.01041129838567062,0.8504453034203927,0.6022727272727273,1.395596766548344,0.9560445113877704,4.332546109020139,-3.0345848611526027,0.49780538257469953,0.04596019805624768,1.5128159723215178,1.0,0.3848724164930594,-0.018972261076142694
9001+5465,52,0.5192307692307693,0.03904452780998852,0.1277312796667586,1.5388265223673971,-1.7033201710331551,0.3868545397052721,-0.0127854242911275,0.37614914510873265,0.5769230769230769,1.0848408372268203,0.49806265861310106,2.856548823648789,-2.091363936830279,0.44194084979431497,0.0008967453838739092,1.3096077513778226,0.6153846153846154,1.8594434100728177,1.2440020865143333,4.045639049814307,-2.3748879542882326,0.4795962694074179,0.02775108488896605,1.9766626158459915,0.0,0.7738369137224397,-0.017070554948522942
8139+6738,79,0.4936708860759494,0.060315287154297355,-0.03998313276460483,1.8918108223918129,-1.8254030095272171,0.3863008454295994,-0.013339118566800201,0.3974199044530415,0.5189873417721519,0.4133570665357966,0.07718903414418068,3.058685582096255,-2.6742232557668615,0.4105091395596985,-0.030534964850742585,0.6381239806867989,0.5569620253164557,0.8365566889899752,0.2414452027298221,3.840938976065683,-3.268487135023854,0.4473171607311567,-0.004528023787295166,0.953775894763149,1.0,0.7217865295446684,-0.00040555959143900866
5465+8139,61,0.5081967213114754,0.2584409203870433,0.0460931899641627,1.816098968976097,-1.7156463000105673,0.386024064532302,-0.013615899464097636,0.5955455376857874,0.5573770491803278,0.9843613151689707,0.3441095890411018,3.0973596451488765,-2.231524152233416,0.433031467004555,-0.008012637405886036,1.209128229319973,0.6065573770491803,1.5539743771392394,0.9454315754477794,4.117338211616454,-2.6771177367399734,0.4811702438560874,0.029325059337635573,1.6711935829124132,1.0,0.7511470757284617,-0.0012099985868562202
9040+6738,61,0.5081967213114754,0.22142506347105395,0.11349854878322421,1.9783971941240903,-1.6045752977626402,0.386024064532302,-0.013615899464097636,0.5585296807697981,0.5409836065573771,0.7885383838571653,0.19033086804203694,3.1020060324101575,-2.0968991348902097,0.41723829935814166,-0.0238058050522994,1.0133052980081676,0.5573770491803278,1.117872116956882,0.8692741612083933,4.020064875955138,-2.639687495448831,0.433031467004555,-0.01881371751389682,1.2350913227300557,1.0,0.5287914973115392,0.0075491000410347064
7637+7410,39,0.5384615384615384,0.0063532612646824485,0.18081104400345285,1.453279003291407,-1.191541035983342,0.38569186821738816,-0.01394809577901146,0.3434578785634266,0.5897435897435898,0.3020578440789851,0.4218060923409307,2.268427904095208,-1.5069960032960161,0.4341834847334491,-0.006860619676991975,0.5268247582299873,0.6666666666666666,0.6542519751175808,0.8532759832912841,2.9036163426156305,-1.7536952891608333,0.5097710432024052,0.057925858683953335,0.7714711808907546,1.0,0.5311957506342764,-0.013814102657973892
4723+7555,39,0.5384615384615384,0.18623048790840027,0.32206790508249494,2.106037163734313,-1.716165107676576,0.38569186821738816,-0.01394809577901146,0.5233351052071444,0.5128205128205128,0.42206051671803063,0.4218060923409307,3.073055539796447,-2.393237317986107,0.3619910864569657,-0.07905301795347536,0.6468274308690328,0.6153846153846154,0.9219641072264648,0.8692741612083933,3.7788140603422242,-2.7756596118059824,0.45898781310078474,0.007142628582332888,1.0391833129996386,0.0,-0.024351061964893006,-0.026947863320172072
9493+9423,39,0.5384615384615384,0.22930304965595122,0.2093693693693545,1.6237235134073456,-1.3316347142174787,0.38569186821738816,-0.01394809577901146,0.5664076669546954,0.6153846153846154,0.933321954945406,0.5877477477477512,2.7932377760611624,-1.7344600253440854,0.45898781310078474,0.017943708690343674,1.1580888690964082,0.6666666666666666,0.7364390378592464,1.5717472993989337,3.482764767907928,-2.635751515304036,0.5097710432024052,0.057925858683953335,0.8536582436324202,1.0,0.9804342343450931,0.004931484142543685
9380+6145,39,0.5384615384615384,0.11177583742381404,0.034334404664009416,5.535483840786491,-6.134779501718701,0.38569186821738816,-0.01394809577901146,0.44888045472255816,0.5897435897435898,0.5010866886865959,0.7911731135066536,8.386287509185744,-9.240405346458445,0.4341834847334491,-0.006860619676991975,0.7258536028375981,0.5128205128205128,1.0356403247933084,0.5417543859649144,11.35277470724159,-11.604817523207332,0.3619910864569657,-0.08985409806148614,1.1528595305664822,0.0,3.703195845761424,-0.00767151867170951
7410+9199,39,0.5384615384615384,0.0950205333146762,0.18081104400345285,1.5809715267278672,-1.1930512641854294,0.38569186821738816,-0.01394809577901146,0.43212515061342033,0.5897435897435898,0.3053883303258513,0.4218060923409307,2.372781542632699,-1.508506231498104,0.4341834847334491,-0.006860619676991975,0.5301552444768535,0.6923076923076923,0.7213357271421834,0.9033302026029856,3.0079699811531224,-1.7414767615399978,0.5357845138443541,0.08393932932590226,0.8385549329153572,1.0,0.713196993263211,-0.01379675925383883
6863+9166,123,0.4715447154471545,-0.15403979132625306,-0.2696603954627962,1.7304697400001015,-1.7819568494818723,0.3855280623168577,-0.014111901679541905,0.18306482597249107,0.4796747967479675,0.2072000836664443,-0.10387755102041027,2.8603428690869386,-2.6157207978084367,0.39334490336329886,-0.0476992010471422,0.4319669978174465,0.4796747967479675,0.5467755104318501,-0.03310564861140439,3.834634020771458,-3.171970095578777,0.39334490336329886,-0.05850028115515299,0.6639947162050239,1.0,0.2566295155263437,-0.004184510844064737
5789+3235,50,0.52,-0.14744282996621286,0.17790417969036254,1.5554329008310879,-1.4957494784684853,0.38511512258808434,-0.014524841408315281,0.18966178733253128,0.48,-0.39254022350772033,-0.16846030292164235,2.3862883319515205,-2.560558633515262,0.347969123955057,-0.09307498045538404,-0.16777330935671814,0.52,-0.21178621343481385,0.6054609813988577,2.9287731860289403,-3.113708739513661,0.38511512258808434,-0.06673006193036751,-0.09456700766164002,0.0,-0.38112066929595173,-0.004842583186978
6863+9423,199,0.45226130653266333,-0.2073884290959969,-0.2700261312061646,1.6904660254591195,-1.8180563705069437,0.38466444069400246,-0.014975523302397153,0.12971618820274725,0.4623115577889447,0.09767671679818714,-0.3376077600929127,2.7522739719384517,-2.609356286753054,0.394408011243114,-0.046636093167327086,0.3224436309491893,0.4723618090452261,0.4918983786750658,-0.09012255428941338,3.6801828731849544,-3.121083991912554,0.404179088795409,-0.04766609572304287,0.6091175844482396,0.0,0.3508885878464657,-0.005048132466919986
2459+6738,84,0.4880952380952381,-0.06633846124552031,-0.0695701344660192,1.8393082069072786,-1.7207138921823282,0.38408171813322184,-0.015558245863177778,0.27076615605322385,0.4642857142857143,0.06085572286666535,-0.3065175013336151,2.855573661232242,-2.6254077046762925,0.36154050446577934,-0.07950359994466172,0.28562263701766755,0.47619047619047616,-0.026892573891455312,-0.12904835024726932,3.5244664476982996,-3.3743959772165537,0.3727826732247559,-0.07906251129369596,0.09032663188171852,1.0,0.4835492895639721,-0.010791635302630997
6580+2327,37,0.5405405405405406,0.3560392131619639,0.2093693693693545,2.2654607339821533,-1.926754526804738,0.3838377952476737,-0.01580216874872592,0.693143830460708,0.6486486486486487,1.635580415637726,1.0874882786336129,4.072524205209963,-2.5547489856926644,0.48758729517569566,0.046543190765254594,1.8603473297887283,0.7027027027027027,2.613832874517258,2.3927848562067577,5.250644855080704,-2.907418742054951,0.5421656082795642,0.09032042376111232,2.731052080290432,1.0,0.6934939180982471,0.0019481355798750544
2459+9166,75,0.49333333333333335,-0.25698649215719066,-0.06074031184084103,1.7164280509941374,-1.8945635425318645,0.38329818473419525,-0.01634177926220437,0.08011812514155348,0.49333333333333335,-0.07775370040174569,-0.02238532110092159,2.638216910664906,-2.8917927218982244,0.38329818473419525,-0.057745919676245816,0.14701321374925652,0.4666666666666667,0.07423102936241657,-0.1324934671984533,3.370802271623935,-3.35804360608585,0.35815509458811656,-0.09369008993033529,0.1914502351355904,0.0,0.2958946914569643,-0.01157516870165759
6738+6671,48,0.5208333333333334,-0.029351760148396484,0.1277312796667586,1.9764845124896617,-1.8518593646277726,0.38328995635984375,-0.016350007636555863,0.30775285715034767,0.5208333333333334,0.09538921897039747,0.04660603754948381,3.089784187064103,-2.9524505467077566,0.38328995635984375,-0.05775414805059731,0.3201561331213997,0.5208333333333334,0.3885440494012246,0.07193274918320572,3.958709824760231,-3.6082745289948,0.38328995635984375,-0.0685552281586081,0.5057632551743985,1.0,0.6095576208966362,0.009368170961338684
7993+2315,48,0.5208333333333334,0.2989485301071952,0.14658662041336268,3.2280388085428684,-2.9113924208239967,0.38328995635984375,-0.016350007636555863,0.6360531474059393,0.5625,1.1939229681005958,0.5516250342423247,5.187119106103512,-4.132641349720963,0.4227477150100165,-0.01829638940042455,1.418689882251598,0.5625,2.045327612945609,0.8683435998393986,6.941487667635232,-5.3438759488564385,0.4227477150100165,-0.029097469508435336,2.162546818718783,0.0,-0.020753956350963998,-0.08847557823062879
7555+5789,48,0.5208333333333334,0.35814459767111534,0.3102023396912946,2.1947288542741052,-1.6000945030306741,0.38328995635984375,-0.016350007636555863,0.6952492149698595,0.5833333333333334,1.4338346696617075,1.0266816302324668,4.212511084863507,-2.2308935895784,0.4428108221536465,0.0017667177432054149,1.6586015838127097,0.6458333333333334,2.5212957747721076,1.744471485490289,5.786264817622768,-2.6208058615553234,0.5043879645406409,0.052542780022189095,2.6385149805452817,1.0,0.07645707080414038,-0.02255916780834899
9001+2327,57,0.5087719298245614,-0.08278003613212691,0.0460931899641627,1.657749928149412,-1.7615767776450175,0.38259680329032353,-0.017043160706076088,0.2543245811666172,0.5087719298245614,0.6564413539084527,0.08810475534113862,2.983159456037142,-2.3261850349288546,0.38259680329032353,-0.058447301120117534,0.8812082680594548,0.5263157894736842,1.1555449966496059,0.12828828828828534,3.896933337848742,-2.7512701652305753,0.39917794452223143,-0.052667239996220416,1.2727642024227797,0.0,0.6508154506252306,-0.02132829136347153
5510+5551,35,0.5428571428571428,0.34794696846553047,0.6372053027588632,2.1121580284055823,-1.7681885372654353,0.3818945134013752,-0.017745450595024415,0.6850515857642746,0.5714285714285714,1.139757221896669,0.4193450881611983,3.8184063089744096,-2.624660339303611,0.4085712925897337,-0.03247281182070738,1.3645241360476712,0.4857142857142857,1.421797988376082,-0.13648086550414704,4.8319275293202475,-3.0783248705142823,0.32993980391252736,-0.12190538060592448,1.5390171941492559,0.0,-0.3664360129291668,-0.008228401677548292
2459+2911,35,0.5428571428571428,-0.0920019855226345,0.2093693693693545,1.411449022372244,-1.5584578699950775,0.3818945134013752,-0.017745450595024415,0.24510263177610964,0.5428571428571428,0.5193992296440397,0.4603730509946714,2.5351494124438334,-2.1651662751184726,0.3818945134013752,-0.05914959100906586,0.744166143795042,0.5714285714285714,0.9933804085625437,0.8532759832912841,3.455934600240609,-2.531632239516359,0.4085712925897337,-0.04327389192871817,1.1105996143357175,1.0,0.28943989333507975,-0.012978840034477634
6863+4778,35,0.5428571428571428,0.2640364090168565,0.21417625376969798,1.8711392158594236,-1.6345305875514315,0.3818945134013752,-0.017745450595024415,0.6011410263156006,0.45714285714285713,0.3807384386117212,-0.35994148054227615,2.5844229828737784,-2.2995459503700197,0.30465773633760845,-0.1363863680728326,0.6055053527627234,0.4857142857142857,0.6915583764928491,-0.23822540090518526,3.613794764934892,-2.7878623640828093,0.32993980391252736,-0.12190538060592448,0.8087775822660229,1.0,0.8608430256984767,-0.007818059759547247
7781+9423,35,0.5428571428571428,0.2112240218580393,0.4889599449888139,1.7916988803104124,-1.5645351565228467,0.3818945134013752,-0.017745450595024415,0.5483286391567834,0.6571428571428571,1.4246347990313677,1.362756273925996,3.47664261729556,-2.060278126252998,0.4915164687273671,0.05047236431692603,1.64940171318237,0.6857142857142857,1.905334332571602,1.6554180238870944,4.7791898248603575,-2.6490239733308294,0.5201992812074803,0.06835409668902842,2.0225535383447757,1.0,0.9543183252382526,-0.008877575222729361
7781+6580,35,0.5428571428571428,0.07836460267524824,0.3327242586111768,1.6925554222781365,-1.6078090041971946,0.3818945134013752,-0.017745450595024415,0.4154692199739924,0.5714285714285714,0.8795004663543589,0.5921058965102245,2.9394990435669324,-2.1282358617782524,0.4085712925897337,-0.03247281182070738,1.104267380505361,0.6571428571428571,1.9080264154362725,1.6554180238870944,4.01328255813153,-2.2409321274115186,0.4915164687273671,0.03967128420891525,2.0252456212094465,0.0,0.937472692935319,-0.008877575222729361
4453+6580,35,0.5428571428571428,0.606603240802452,0.51672649321171,2.5892900118672846,-1.9860166283710377,0.3818945134013752,-0.017745450595024415,0.9437078581011962,0.6571428571428571,1.9116983085960864,1.3734910811794834,4.345252301536099,-2.4794878568729364,0.4915164687273671,0.05047236431692603,2.1364652227470886,0.7142857142857143,2.8349132194108675,2.217762893502999,5.4278759905922485,-2.7563857189967553,0.5494475193017891,0.0976023347833373,2.9521324251840415,1.0,0.5417859082720222,-0.004772343568428483
6117+9040,186,0.45161290322580644,-0.14432739583301527,-0.2292204269383545,1.5592260887821923,-1.5920085831228157,0.3817927985857694,-0.017847165410630195,0.19277722146572887,0.44623655913978494,0.03127543191376653,-0.36039986925329826,2.3982862411301444,-2.209359397655448,0.37660218836670295,-0.06444191604373811,0.2560423460647687,0.44623655913978494,,,2.9913184238323085,-2.6305479772601568,0.37660218836670295,-0.0752429961517489,,1.0,0.22018977071334558,-0.014692140781098095
7786+9498,46,0.5217391304347826,0.09598073183527145,0.18953638403624196,1.6904433102363654,-1.6285160211394951,0.38137172148151327,-0.018268242514886346,0.4330853491340156,0.5869565217391305,0.687513130230651,0.583212560697748,2.79794446733749,-2.168210020264327,0.44339242387017885,0.002348319459737791,0.9122800443816532,0.6304347826086957,1.4766367195551138,1.2910859345667316,3.722714753189142,-2.3669787856194624,0.4859983314918479,0.034153146973396054,1.5938559253282876,1.0,0.6919921553934105,-0.04275813983632565
3235+6738,46,0.5217391304347826,-0.0794062769202211,0.1277312796667586,1.724714394982611,-1.797018123066787,0.38137172148151327,-0.018268242514886346,0.257698340378523,0.4782608695652174,-0.0316953036442192,-0.23991681721703506,2.8174679005258905,-2.9390616564681737,0.34124459875672114,-0.09979950565371992,0.193071610506783,0.5434782608695652,0.45664911675039954,0.18486674550905371,3.491442870379518,-3.408999753890458,0.4017993496608042,-0.05004583485764763,0.5738683225235733,0.0,0.6418598708353807,-0.0041907681832023536
5465+2327,80,0.4875,-0.499789787980325,-0.05887136554259639,2.8269424926519577,-3.7820873975867464,0.3810769394436833,-0.0185630245527163,-0.16268517068158084,0.5125,-0.41369646237750485,0.0753063964487867,4.3122935350974485,-5.403337205471176,0.4049314460370689,-0.036112658373372186,-0.18892954822650265,0.475,-0.6181924425147475,-0.0945868800436743,5.462538756997847,-6.701131479890625,0.36924549861651623,-0.08259968590193562,-0.5009732367415737,0.0,0.5196361782055108,-0.006157123675474885
5510+6580,122,0.4672131147540984,-0.0037523068220796253,-0.2265251141626022,1.879937596188967,-1.8720230393595862,0.3810360178132848,-0.01860394618311484,0.3333523104766645,0.5245901639344263,0.48030542961504935,0.42968683047518896,3.0230817067381524,-2.6085553275303797,0.4365817092674157,-0.004462395143025377,0.7050723437660515,0.5327868852459017,1.0620816291141422,0.46498717125423206,4.0379437469543,-3.0686417603110265,0.4446080003691328,-0.007237184149319065,1.179300834887316,1.0,0.06534075033587805,-0.009086897265638716
6117+9537,33,0.5454545454545454,0.45521672602085167,0.32206790508249494,2.6742546760352695,-1.9131577534327704,0.3798565794374957,-0.019783384558903938,0.7923213433195958,0.5757575757575758,0.4826599356202603,0.4218060923409307,3.9953703222894803,-3.339041699344612,0.4080697369146003,-0.03297436749584076,0.7074268497712626,0.48484848484848486,0.3392774745498462,-0.015155159548791847,4.515881762191611,-4.073942896772025,0.32503781646924224,-0.1268073680492096,0.45649668032302004,1.0,0.4123291629609386,-0.01662835992937184
2911+5789,33,0.5454545454545454,0.0045095578697471675,0.2983367743000943,1.4908833780613853,-1.5346129889333262,0.3798565794374957,-0.019783384558903938,0.3416141751684913,0.5757575757575758,0.3162445590299398,0.4218060923409307,2.557796560679424,-2.1052783699367583,0.4080697369146003,-0.03297436749584076,0.541011473180942,0.6060606060606061,0.8793534937238684,0.7583673469387754,3.417058296993252,-2.4889907456517806,0.4368314280651038,-0.01501375645334807,0.9965726994970422,0.0,-0.024756594797414322,-0.010779129672748522
7781+6863,33,0.5454545454545454,0.11440977560791765,0.4889599449888139,1.6848221692353702,-1.58529569675157,0.3798565794374957,-0.019783384558903938,0.4515143929066618,0.6363636363636364,0.979457338217263,0.8638034297414877,3.0319650585440643,-2.1110836949502154,0.46615872621534094,0.025114621804899873,1.2042242523682651,0.696969696969697,1.9329666655277289,1.6554180238870944,4.12518814415335,-2.273910323902883,0.5266154602526555,0.07477027573420364,2.050185871300903,0.0,0.9720989158212734,-0.010915509186608885
6117+3994,33,0.5454545454545454,-0.16722883577010758,0.32206790508249494,1.3796672894139776,-1.5732575255580807,0.3798565794374957,-0.019783384558903938,0.16987578152863655,0.45454545454545453,0.13411667251094003,-0.0754548528914388,2.1505237060355853,-1.956940488175805,0.298426891258915,-0.1426172131515261,0.3588835866619422,0.5151515151515151,0.3297001959272262,0.3882199565435497,2.5490688055873627,-2.2078515849261318,0.35218104586210247,-0.09966413865634938,0.44691940170040007,1.0,0.3493361739553452,-0.01662835992937184
9017+2459,33,0.5454545454545454,0.22773066107314088,0.21417625376969798,2.13990607316879,-1.7082838672623568,0.3798565794374957,-0.019783384558903938,0.5648352783718851,0.5454545454545454,0.7621866147745306,0.4400285727891796,3.0406533499142894,-2.2474936171586086,0.3798565794374957,-0.061187524972945384,0.9869535289255329,0.5151515151515151,0.6059083718566944,0.037584085500035475,3.8149151618578463,-2.7689079924048365,0.35218104586210247,-0.09966413865634938,0.7231275776298682,1.0,0.18502497243749672,-0.024129763846385155
7410+9166,33,0.5454545454545454,0.1404209823046045,0.18081104400345285,1.6239416711032826,-1.1508516001431164,0.3798565794374957,-0.019783384558903938,0.4775255996033486,0.6666666666666666,0.416645290061253,0.4603730509946714,2.302528586154544,-1.3154169240686089,0.49607581799949974,0.05503171358905867,0.6414122042122552,0.7575757575757576,0.6757625876254326,0.9454315754477794,2.92146572837854,-1.549586190429081,0.5897505131450972,0.13790532862664534,0.7929817933986064,1.0,0.8788990326569115,-0.01963204803373131
2459+2327,44,0.5227272727272727,0.02156504989262601,0.1277312796667586,1.6251625993671555,-1.612609964631247,0.37935220136171693,-0.020287762634682682,0.35866966719137017,0.4772727272727273,0.5584475890328586,-0.23991681721703506,2.775033044825527,-2.29426687091722,0.3375475794427176,-0.10349652496772344,0.7832145031838609,0.5227272727272727,0.8697148282895093,0.08293618689416041,3.403504257174077,-2.823522039134388,0.37935220136171693,-0.07249298315673491,0.9869340340626831,1.0,0.38855148064054706,-0.015521152074135902
2459+6671,85,0.4823529411764706,-0.32390488031444886,-0.14652351646375447,1.63267153958549,-1.8638765955097574,0.379205636706352,-0.020434327290047627,0.013199736984295274,0.47058823529411764,-0.2870918444315354,-0.15578982822496798,2.479238800504831,-2.907045628337521,0.36805991970356805,-0.07298418470687301,-0.06232493028053321,0.47058823529411764,-0.06895068422514368,-0.12560323329608533,3.194019699658046,-3.388089618340711,0.36805991970356805,-0.0837852648148838,0.04826852154803016,0.0,0.1849861540700271,-0.015667716729500847
9423+6738,99,0.47474747474747475,-0.07694247487419914,-0.07775959832058796,1.7518958350743594,-1.706504815253437,0.37917288365218244,-0.02046708034421718,0.260162142424545,0.47474747474747475,0.2026601999016857,-0.212896059243579,2.828098028203881,-2.5307311841526308,0.37917288365218244,-0.06187122075825863,0.4274271140526879,0.48484848484848486,0.22971060997561787,-0.12560323329608533,3.60390281883874,-3.270083769622776,0.3888205792655413,-0.06302460525291054,0.3469298157487917,0.0,0.5670381294971619,0.004996046841077351
4453+2327,99,0.47474747474747475,-0.1017740686858291,-0.10860263411500246,2.5589567555684414,-2.688427484874802,0.37917288365218244,-0.02046708034421718,0.23533054861291502,0.494949494949495,0.19419344093461485,-0.05517380183654538,3.9593264718497467,-3.601103660660721,0.3985062952748374,-0.04253780913560368,0.418960355085617,0.47474747474747475,0.43173599564772713,-0.16,4.916222568138853,-4.4497040312083485,0.37917288365218244,-0.07267230086626941,0.5489552014209009,0.0,0.7222918241219299,-0.00749397331762125
6117+5465,92,0.4782608695652174,0.09340612353291985,-0.05090225769519105,1.633628977593053,-1.4805631083038342,0.3791196487621324,-0.020520315234267228,0.43051074083166396,0.5108695652173914,0.6179070707199038,0.23863952499359364,2.6912340523915024,-2.0079725642398114,0.41035314036206955,-0.030690964048371516,0.842673984870906,0.6086956521739131,1.3041529454019638,0.8138207540735843,3.5861146530015136,-2.267981679776645,0.5065323092393206,0.05468712472086873,1.4213721511751376,1.0,0.5147768870499931,-0.01736529060473513
8139+2327,76,0.4868421052631579,0.08164783581098137,-0.05887136554259639,1.8846572657292056,-1.8092157857070952,0.377835392150506,-0.021804571845893628,0.41875245310972553,0.5131578947368421,0.6732548561755942,0.08264689474265965,3.15504692470163,-2.3891359047991596,0.40288499035495084,-0.03815911405549022,0.8980217703265965,0.5263157894736842,1.0107377286835562,0.15768204676829725,4.005102563242388,-2.9565046964668054,0.4155183265272202,-0.03632685799123164,1.12795693445673,1.0,0.5138581605913592,-0.008871012870532435
4778+9040,31,0.5483870967741935,0.41773988830412384,0.11349854878322421,1.9752906869750009,-1.4869870379186323,0.37771879603669134,-0.021921167959708276,0.754844505602868,0.5161290322580645,0.7840619476060146,1.3734910811794834,3.018857112855398,-1.9374321301447142,0.3484011828697317,-0.09264292154070936,1.0088288617570167,0.5483870967741935,0.9682325076101241,1.1770165745856478,3.996467186246272,-2.4538491322249985,0.37771879603669134,-0.07412638848176051,1.085451713383298,1.0,1.4083135512900335,-0.0030415880381531313
5789+6738,31,0.5483870967741935,0.4534981507550205,0.51672649321171,2.139898265137851,-1.3899058650540725,0.37771879603669134,-0.021921167959708276,0.7906027680537646,0.6129032258064516,0.6666644228019761,0.5743192248852714,3.646276543454881,-2.626205065292861,0.43823801141131963,-0.0028060929991214345,0.8914313369529783,0.7419354838709677,1.6394071167066968,2.1959408465068764,4.701550029723232,-3.0553126863652564,0.567535275722849,0.11569009120439716,1.7566263224798706,1.0,0.7991250036906079,-0.012238909738370995
6117+6738,60,0.5,0.12279511426425303,0.09320025597904694,2.1576996691099692,-1.9298599994401404,0.37734812427246284,-0.02229183972393678,0.4598997315629972,0.5333333333333333,0.31275155091622964,0.13921781169158778,3.2246374834010383,-2.965473729359501,0.4089320867113511,-0.032112017699089945,0.5375184650672318,0.5833333333333334,0.827041734163511,1.0231453678970206,4.109080660520315,-3.5799962250047614,0.4572785431323962,0.005433358613944339,0.9442609399366848,1.0,0.6935445404855494,-0.01913681509440468
2459+2315,60,0.5,-0.18424876074788096,0.07639779157912377,1.9516585991153081,-1.8883669883907936,0.37734812427246284,-0.02229183972393678,0.15285585655086317,0.48333333333333334,-0.41411585030499365,-0.3065175013336151,2.727199607876616,-2.9669454220506015,0.3617484128577001,-0.07929569155274097,-0.18934893615399145,0.4166666666666667,-0.8299280792343178,-0.2776125071305212,3.2756080304753032,-3.8914959539334877,0.30064086487871833,-0.15120431963973352,-0.712708873461144,1.0,0.2842375664140014,-0.01752522916339
7555+2459,60,0.5,-0.14705128790163133,0.08282166644092884,1.7239415095675052,-1.7889676937619157,0.37734812427246284,-0.02229183972393678,0.1900533293971128,0.4666666666666667,0.17204534611136055,-0.3134395278663836,2.7541812886229313,-2.472198395994787,0.34627701540988,-0.09476708900056108,0.3968122602623627,0.5333333333333333,0.41303414874593547,0.061430710506798075,3.376223515548467,-2.9008624188537655,0.4089320867113511,-0.04291309780710073,0.5302533545191093,1.0,0.18266837027559596,-0.028500999895729906
9166+6671,121,0.4628099173553719,-0.17728633623164897,-0.2700261312061646,1.7244280500642148,-1.8023342505979945,0.37648034032327066,-0.02315962367312896,0.15981828106709517,0.4793388429752066,0.17942977790621317,-0.10387755102041027,2.859945844511107,-2.6430597012494057,0.3923377779775271,-0.04870632643291395,0.40419669205721537,0.4793388429752066,0.5126524537960818,-0.03310564861140439,3.8321113430363103,-3.2085032022886772,0.3923377779775271,-0.059507406540924734,0.6298716595692556,1.0,0.21386552941421239,-0.006465682680912244
9537+6738,29,0.5517241379310345,0.1022261217756526,0.4665574937700302,2.1284657177866304,-1.8680663793581351,0.37547667068067625,-0.024163293315723366,0.43933073907439674,0.5862068965517241,0.3769405566812323,0.5743192248852714,3.3484370930551988,-3.20209039659952,0.4073752847851524,-0.03366881962528867,0.6017074708322345,0.5172413793103449,0.3111571854761519,1.5717472993989337,3.924737175750448,-3.9417799116485104,0.34430737970569164,-0.10753780481276021,0.42837639124932575,0.0,1.2224431924067407,-0.01367722660805154
2327+6671,29,0.5517241379310345,0.20833400091604076,0.2093693693693545,1.7075286005765231,-1.6289933974653157,0.37547667068067625,-0.024163293315723366,0.5454386182147849,0.5172413793103449,0.7335262151211038,0.08810475534113862,2.8673463711211182,-2.3174139901540274,0.34430737970569164,-0.09673672470474942,0.958293129272106,0.5172413793103449,1.1904477247413245,0.12828828828828534,3.6224062259810728,-2.78227923163944,0.34430737970569164,-0.10753780481276021,1.3076669305144983,1.0,0.14577332182802674,-0.004350971781022117
8965+9423,29,0.5517241379310345,0.608665704305807,0.3445871559633097,2.1208485217206428,-1.832298762486817,0.37547667068067625,-0.024163293315723366,0.9457703216045512,0.5517241379310345,1.2591517782748887,0.679790284415165,3.7092821922689314,-2.4646757700776876,0.37547667068067625,-0.06556743372976481,1.483918692425891,0.5862068965517241,1.859740799653096,1.6233753148614574,4.537717559140204,-2.657565544822076,0.4073752847851524,-0.044469899733299456,1.9769600054262697,1.0,0.4450510284472592,-0.06946378460109798
8965+9199,29,0.5517241379310345,0.5208092579381086,0.3445871559633097,2.04198239998652,-1.7717591494435863,0.37547667068067625,-0.024163293315723366,0.8579138752368527,0.5517241379310345,1.1613304970143514,0.14165912518853588,3.6304160705348094,-2.4041361570344573,0.37547667068067625,-0.06556743372976481,1.3860974111653537,0.5517241379310345,1.8158413602613253,1.6233753148614574,4.458851437406082,-2.6249814110527825,0.37547667068067625,-0.0763685138377756,1.933060566034499,1.0,0.4450510284472592,-0.06946378460109798
8965+6863,29,0.5517241379310345,0.608665704305807,0.3445871559633097,2.1208485217206428,-1.832298762486817,0.37547667068067625,-0.024163293315723366,0.9457703216045512,0.5517241379310345,1.2591517782748887,0.679790284415165,3.7092821922689314,-2.4646757700776876,0.37547667068067625,-0.06556743372976481,1.483918692425891,0.5862068965517241,1.859740799653096,1.6233753148614574,4.537717559140204,-2.657565544822076,0.4073752847851524,-0.044469899733299456,1.9769600054262697,1.0,0.4450510284472592,-0.06946378460109798
3994+9199,29,0.5517241379310345,-0.034822296516363475,0.3327242586111768,1.4853659708952447,-1.495283528794915,0.37547667068067625,-0.024163293315723366,0.30228232078238065,0.5172413793103449,0.4866495858598597,0.14165912518853588,2.351044331611664,-1.933386743190232,0.34430737970569164,-0.09673672470474942,0.7114165000108619,0.5862068965517241,0.8333634355783214,0.6820343550016751,2.8306741283426216,-2.176493060104983,0.4073752847851524,-0.044469899733299456,0.9505826413514952,1.0,0.19002012238457425,-0.020337251759314112
8741+9423,29,0.5517241379310345,0.6503951318061918,0.21417625376969798,2.273867811531432,-1.384644790053828,0.37547667068067625,-0.024163293315723366,0.987499749104936,0.5517241379310345,1.6003633552784577,0.4400285727891796,3.855669581465682,-2.0378013722067108,0.37547667068067625,-0.06556743372976481,1.82513026942946,0.5172413793103449,2.4127997408351254,1.148097747963588,5.502023115541795,-2.4508632870268174,0.34430737970569164,-0.10753780481276021,2.5300189466082994,1.0,0.6800829977850436,0.0
7786+9199,29,0.5517241379310345,0.02681533187385096,0.4889599449888139,1.514233139732913,-1.559380222033705,0.37547667068067625,-0.024163293315723366,0.36391994917259507,0.6206896551724138,0.9182094787500075,0.8638034297414877,2.9551156480817853,-2.086406815110444,0.4400222620928496,-0.0010218423175914482,1.1429763929010097,0.6896551724137931,1.9217535063495779,1.6554180238870944,4.070895713033653,-2.294498838669923,0.5076952952728147,0.0558501107543628,2.0389727121227517,1.0,0.577265007801162,-0.04865319063716267
3105+5510,58,0.5,-0.661462329396899,-0.0057245425625306046,2.9892054477737213,-4.323096131685056,0.3753805824767928,-0.024259381519606826,-0.32435771209815484,0.4827586206896552,-0.9660802551050295,-0.1309282086225559,4.463243989059957,-6.553224402987928,0.35927974452990297,-0.0817643598805381,-0.7413133409540273,0.46551724137931033,-0.9457415092124954,-0.3292795331260544,5.709801191063234,-7.907123198153653,0.3433181535782671,-0.10852703094018473,-0.8285223034393217,0.0,0.5519916053586695,-0.025133520942111742
9166+9423,119,0.46218487394957986,-0.16953831174824982,-0.2700261312061646,1.745972885005794,-1.805532922981479,0.3751921938244886,-0.02444777017191102,0.16756630555049432,0.47058823529411764,0.18148035158414064,-0.23304305482287443,2.8792370798592195,-2.66732255024339,0.38323576373558965,-0.05780834067485141,0.4062472657351428,0.47058823529411764,0.5351093297273025,-0.09012255428941338,3.858238229219696,-3.2401666504329647,0.38323576373558965,-0.0686094207828622,0.6523285355004763,1.0,0.20423047156861168,-0.007753829179694305
5510+6671,40,0.525,0.15276131336677756,0.3521769159851519,2.002197826785342,-1.9100472435674256,0.37497106853929735,-0.02466889545710227,0.4898659306655217,0.45,0.2825706940867507,-0.4138274372151317,3.19139390107816,-2.699490487152425,0.30705075280944705,-0.13399335160099402,0.5073376082377529,0.475,1.2702707181224457,-0.387641929011424,4.442388923514355,-3.0567213217227507,0.32935229550181694,-0.12249288901663491,1.3874899238956195,0.0,-0.44414089749020874,-0.015151846539626146
7781+9498,40,0.525,0.05644988507494995,0.18953638403624196,1.6249623126368777,-1.6113891335148047,0.37497106853929735,-0.02466889545710227,0.3935545023736941,0.575,0.8081621979442989,0.5978545028961714,2.868361943051281,-2.125088392457724,0.4219480043605999,-0.019096100049841136,1.032929112095301,0.65,1.688907987318834,1.6373428438156414,3.878423114246435,-2.3022949830884487,0.4950559699353738,0.04321078541692197,1.8061271930920078,1.0,0.7680241339343592,-0.015801020084807216
6863+6671,136,0.45588235294117646,-0.24197506258148682,-0.2928755358923961,1.666555654247835,-1.8074312275314688,0.37453663296823625,-0.025103331028163367,0.09512955471725731,0.4632352941176471,-0.0027542307368218204,-0.2853254074578936,2.7102011952127354,-2.66638578368619,0.38159140797996516,-0.059452696430475904,0.22201268341418037,0.47794117647058826,0.3637555544248444,-0.044892970750149835,3.6275491672208138,-3.2213130326249195,0.3957536153824567,-0.05609156913599517,0.48097476019801827,0.0,0.20892431656146618,-0.0151759401926862
2459+3235,72,0.4861111111111111,-0.3041929412952531,-0.06924995508071449,1.531339014519646,-1.823159099769426,0.37432480743008384,-0.025315156566315777,0.03291167600349104,0.4583333333333333,-0.21637312026826977,-0.23991681721703506,2.4341177573914097,-2.868999726681574,0.34828438695135916,-0.0927597174590819,0.008393793882732425,0.5138888888888888,0.1325956354861043,0.061430710506798075,3.1198743215873534,-3.3154364945445978,0.4006955591019895,-0.05114962541646234,0.24981484125927816,0.0,0.22974866030127017,-0.020548546005768997
2315+6738,105,0.4666666666666667,-0.00715266917763395,-0.245134559901634,2.5818096075927244,-2.354772639569571,0.37410951657470093,-0.025530447421698688,0.3299519481211102,0.4857142857142857,0.06740294107282488,-0.11639534883720146,3.771436742463421,-3.6690616053160636,0.3923202449996005,-0.048723859410840564,0.2921698552238271,0.4380952380952381,0.22519883167846838,-0.2527945065652081,4.869534890312236,-4.736752956345263,0.3470420653581746,-0.10480311916027724,0.34241803745164223,1.0,0.34150051089449734,-0.0018849861719332228
7781+9199,27,0.5555555555555556,0.07527872927650675,0.4889599449888139,1.5872157979051238,-1.5044627870604206,0.3731271947957688,-0.026512769200630837,0.4123833465752509,0.6296296296296297,1.0775136195045738,1.362756273925996,3.0900500472400023,-2.0482696751178477,0.442289046234463,0.0012449418240219612,1.302280533655576,0.7407407407407407,2.146261248763807,2.1074603535238756,4.28848048737349,-2.229995225691585,0.5532106959738432,0.10136551145539135,2.263480454536981,1.0,0.7313298072164262,-0.017644893828335784
9361+9498,27,0.5555555555555556,0.5272486343492475,0.5257469403305005,2.3331365296158975,-1.924558172870254,0.3731271947957688,-0.026512769200630837,0.8643532516479917,0.5555555555555556,0.5826681529637489,0.4400285727891796,3.188712936247637,-2.6844947761061793,0.3731271947957688,-0.06791690961467228,0.807435067114751,0.5925925925925926,1.2327454767707648,1.1770165745856478,4.0401228992746425,-2.964468336522392,0.4072638305536409,-0.044581353964810944,1.3499646825439386,1.0,0.3483453221524236,-0.017577595060385198
7555+2911,27,0.5555555555555556,0.2343011693999489,0.32206790508249494,1.66710671328818,-1.5427331560227637,0.3731271947957688,-0.026512769200630837,0.571405786698693,0.6666666666666666,0.7435058495444303,0.6906069865389376,2.9387374480063047,-2.063996504209501,0.47824419872105484,0.037200094310613774,0.9682727636954325,0.7407407407407407,1.7730869288226263,1.6192676637441885,4.098600480509191,-2.2980811687717835,0.5532106959738432,0.10136551145539135,1.8903061345958,1.0,0.06638502695437054,-0.032721929372423963
3994+9166,27,0.5555555555555556,-0.056802648032008116,0.146064739345957,1.4786356952746416,-1.434173940303636,0.3731271947957688,-0.026512769200630837,0.280301969266736,0.5555555555555556,0.4794735637408131,0.4218060923409307,2.2112211177411427,-1.7560429217807014,0.3731271947957688,-0.06791690961467228,0.7042404778918153,0.6666666666666666,0.9968618987966708,0.9033302026029856,2.8334344892040693,-1.9871308585060194,0.47824419872105484,0.02639901420260299,1.1140811045698447,1.0,0.5810033191638246,-0.022686727644221583
8965+6117,27,0.5555555555555556,0.6376633552104513,0.3445871559633097,2.211828469348701,-1.6336825097083278,0.3731271947957688,-0.026512769200630837,0.9747679725091953,0.5185185185185185,1.1718879469864036,0.005107319757828993,3.587763810040645,-2.3144814041630055,0.33985324586210425,-0.10119085854833682,1.396654861137406,0.5555555555555556,1.773442971495224,0.9789813155874284,4.317332129458993,-2.557615240061521,0.3731271947957688,-0.07871798972268307,1.8906621772683978,1.0,0.5974535315020753,-0.07181326048600545
5465+6580,84,0.47619047619047616,0.022402428721547622,-0.09375214635750181,1.857216002516704,-1.7655790108717377,0.3727826732247559,-0.026857290771643727,0.35950704602029177,0.5833333333333334,0.9297429963409408,0.8010019304566619,3.178015231828279,-2.382797602723452,0.4765244867612664,0.035480382350825346,1.154509910491943,0.6547619047619048,1.889301836033228,1.665814043159113,4.339669721396736,-2.673488424298885,0.5483359511039806,0.09649076658552874,2.006521041806402,0.0,-0.06080463974152772,-0.014451389894402311
2327+9040,38,0.5263157894736842,0.22475106738041828,0.24261124044270732,1.7965361978557144,-1.533170626649919,0.37258710742710854,-0.027052856569291073,0.5618556846791625,0.5526315789473685,1.0795283396489985,0.43506057622860095,3.112465549637907,-2.031418063345303,0.3970602917908942,-0.04398381261954687,1.3042952538000008,0.5789473684210527,1.743032933166356,1.0231453678970206,4.125938569607454,-2.372269916059982,0.4219207061312732,-0.029924478387178655,1.86025213893953,1.0,0.20186246102279537,-0.007240535034589823
2315+6671,38,0.5263157894736842,-0.30283515574185654,0.24287283953734928,2.1115560501996176,-2.2292675244046705,0.37258710742710854,-0.027052856569291073,0.03426946155688759,0.5526315789473685,-0.39524716282729133,0.2039309697300974,2.99518540362609,-3.5933622841248933,0.3970602917908942,-0.04398381261954687,-0.17048024867628914,0.47368421052631576,-0.23902654240267762,-0.07935444095374486,3.7037590573949,-4.257663753814503,0.32478778808941583,-0.12705739642903602,-0.12180733662950378,0.0,0.43195439394545565,-0.003407395319525608
8026+6738,38,0.5263157894736842,-0.3364938734412421,0.14658662041336268,5.580189798521621,-6.754653416817022,0.37258710742710854,-0.027052856569291073,0.0006107438575020385,0.5789473684210527,-0.134898706558538,1.3024377774015374,8.8119302338304,-10.173321527859864,0.4219207061312732,-0.01912339827916787,0.0898682075924642,0.5263157894736842,-0.22376071690740995,0.45249856198521965,11.539866863368173,-13.163542496896971,0.37258710742710854,-0.0792580770913433,-0.10654151113423611,0.0,2.7719319391895394,-0.035412425675621084
5510+6738,38,0.5263157894736842,-0.5934436342311166,0.42923559947083867,3.937979496055768,-5.447831669422001,0.37258710742710854,-0.027052856569291073,-0.25633901693237243,0.6052631578947368,-0.5743389414404774,0.7820639282547438,6.213709567305181,-7.892518279996626,0.44717586998695963,0.006131765576518566,-0.3495720272894752,0.5526315789473685,-0.9248576811097392,1.3849578858655278,7.999379514185523,-9.745185411782575,0.3970602917908942,-0.054784892727557655,-0.8076384753365654,0.0,0.40245492691610757,-0.01753580765181495
3235+2327,38,0.5263157894736842,0.0010304851476448224,0.1277312796667586,1.5986865824776277,-1.656918680645103,0.37258710742710854,-0.027052856569291073,0.33813510244638895,0.4473684210526316,0.495690053724802,-0.3389168162690813,2.746261011183773,-2.355708968906058,0.3014616531155089,-0.13958245129493219,0.7204569678758042,0.5,0.7955682687006924,-0.009548103694429905,3.3778064678788846,-2.862741135010681,0.3484967553286069,-0.10334842918984494,0.9127874744738662,0.0,-0.030469501064304405,-0.01297538223760708
4723+9166,47,0.5106382978723404,-0.20224913004945533,0.019388285944925837,1.6862723140952556,-1.8047229663556732,0.37242217589372884,-0.02721778810267078,0.1348554872492888,0.44680851063829785,0.23016731244773594,-0.4384113779685904,2.4734740231779635,-2.477740130874012,0.3141074747491131,-0.12693662966132796,0.45493422659873817,0.5531914893617021,0.8346123291435384,0.7583673469387754,3.355672848604582,-2.8279208116514103,0.4124521373875824,-0.03939304713086944,0.9518315349167122,1.0,0.06837768074371536,-0.04021755564383139
2459+5465,47,0.5106382978723404,0.06379077672691802,0.0460931899641627,1.5047919249696586,-1.5515477963257136,0.37242217589372884,-0.02721778810267078,0.40089539402566216,0.5106382978723404,0.7326554698344706,0.3197571841190562,2.6144230231896937,-2.122805934021525,0.37242217589372884,-0.06862192851671223,0.9574223839854727,0.5957446808510638,1.2076861764025482,0.8692741612083933,3.4300218606216744,-2.436883298374655,0.4534186823631264,0.0015734978446745318,1.324905382175722,1.0,0.604483359894165,-0.022451177542124
5551+9498,89,0.47191011235955055,-0.1266570490897612,-0.18022449185963282,2.0885020094522826,-2.2006674631978744,0.37151847587556575,-0.02812148812083387,0.21044756820898294,0.449438202247191,0.09267811900465299,-0.2669375751904911,3.2651935212912977,-3.160845573667514,0.35032217121118975,-0.09072193319925131,0.3174450331556552,0.47191011235955055,0.15446807565296614,-0.13648086550414704,3.9521617336577552,-3.8155643363301195,0.37151847587556575,-0.0803267086428861,0.27168728142613996,1.0,0.28495410978884256,-0.01511061312681572
6117+5551,75,0.48,0.04416572384717677,-0.21657831744787512,2.1607958385658903,-1.9923589799274335,0.37068921756788065,-0.02895074642851897,0.3812703411459209,0.48,0.11708787496471601,-0.2042228833319902,3.250137498952178,-3.0118913904671807,0.37068921756788065,-0.07035488684256042,0.3418547891157182,0.48,0.3941250740758499,-0.1324934671984533,3.873884326110012,-3.4935428075014556,0.37068921756788065,-0.0811559669505712,0.5113442798490238,1.0,0.04568646994552833,-0.02579572179898687
7051+6738,25,0.56,-1.0928056879247767,0.53735687115966,4.400175637944624,-6.904628411192209,0.37067017019564436,-0.02896979380075526,-0.7557010706260325,0.64,-1.3313434964301054,1.3734910811794834,7.196876303384334,-10.261569152224533,0.44518154601046633,0.004137441600025271,-1.1065765822791032,0.56,-2.4483461501504395,1.1770165745856478,9.256803475975508,-13.260370913516656,0.37067017019564436,-0.08117501432280749,-2.3311269443772655,0.0,0.7187185450738602,-0.07166179668213396
8423+5510,25,0.56,-0.5959157155243845,0.21278320665943276,1.7099573175558955,-2.368247994750815,0.37067017019564436,-0.02896979380075526,-0.25881109822564036,0.52,-0.030313940957264477,0.3441095890411018,2.7171679519583813,-3.282513424472216,0.3349821795314731,-0.10606192487896798,0.19445297319373772,0.44,0.11971568413277602,-1.129055616658243,3.8749639566329046,-4.1703784270671385,0.2666537494700257,-0.18519143504842617,0.23693488990594985,0.0,0.4120359263805998,-0.03973248132192869
9017+5305,25,0.56,0.4632596243649553,0.2645465071401,2.4352529206953686,-2.0437793464258864,0.37067017019564436,-0.02896979380075526,0.8003642416636995,0.6,1.0322086800814076,0.5623018147086923,3.472553921679415,-2.474526706356011,0.4073912778512734,-0.03365282655916768,1.25697559423241,0.56,1.1648165158749144,0.8674130384704039,4.299430934959504,-2.725247098785784,0.37067017019564436,-0.08117501432280749,1.2820357216480882,1.0,0.5722409561340442,-0.03331617308823648
8965+2459,25,0.56,0.1257280314866832,0.3445871559633097,1.6597938894142317,-1.861032117610862,0.37067017019564436,-0.02896979380075526,0.46283264878542735,0.52,0.16424272585547064,0.005107319757828993,2.54186536912735,-2.5773222132631846,0.3349821795314731,-0.10606192487896798,0.38900964000647287,0.52,0.8509320105897463,1.148097747963588,3.2271585279967705,-2.8010743519666743,0.3349821795314731,-0.11686300498697877,0.9681512163629201,1.0,0.43426573823378867,-0.07427028508612987
2910+5465,25,0.56,0.05031511514778735,0.49651627322254044,1.795814466009145,-1.4785838227867476,0.37067017019564436,-0.02896979380075526,0.3874197324465315,0.6,0.3554917159911797,0.5269241958946226,2.692967527655122,-2.2013201677223084,0.4073912778512734,-0.03365282655916768,0.5802586301421819,0.6,0.08663112778908263,0.6548251618010027,3.0382765853347125,-2.977116102749369,0.4073912778512734,-0.04445390666717847,0.20385033356225646,0.0,-0.1781436749147331,-0.018812799015553938
6117+3158,25,0.56,-0.2637247787357388,0.2593620343519999,1.7439500242424455,-1.9037792554450914,0.37067017019564436,-0.02896979380075526,0.07337983856300534,0.44,-0.5045337599303669,-0.5631391098688442,2.411496349875587,-3.031569414053861,0.2666537494700257,-0.17439035494041538,-0.27976684577936467,0.36,-0.4338609009563415,-0.638802992518701,2.9215285432530793,-3.570234094013097,0.20247656431735636,-0.2493686202010955,-0.31664169518316765,0.0,0.30961742495854183,-0.025814769171223162
4453+5551,61,0.4918032786885246,-0.0782975858142358,-0.07775959832058796,2.079136856578247,-2.1964942950077764,0.37060186643725185,-0.02903809755914777,0.25880703148450834,0.47540983606557374,0.13108717616677476,-0.212896059243579,3.407077931623197,-3.3507514140867944,0.3553028228679598,-0.08574128154248128,0.3558540903177769,0.5081967213114754,0.22027815755190547,0.037584085500035475,4.094553031702174,-4.1682272170406325,0.386024064532302,-0.06582111998614987,0.3374973633250793,0.0,0.6016790876123808,-0.016064990532551837
6580+2315,36,0.5277777777777778,0.6073108380643754,0.5212367167711053,2.70334043480414,-2.016371595887447,0.3700567162693947,-0.029583247727004935,0.9444154553631194,0.6111111111111112,0.9931803269304087,0.9175299740721001,3.71428026871824,-2.6019963075209565,0.4486417029674348,0.007597598556993712,1.217947241081411,0.5555555555555556,1.340115709526705,1.162557161274618,4.758633910903271,-3.0236107302274573,0.39580787316003413,-0.05603731135841772,1.4573349152998787,1.0,0.21239896662119573,-0.011832943398403961
2911+9040,36,0.5277777777777778,0.03561751425077041,0.49838044038041274,1.5435318380587493,-1.5594645191717293,0.3700567162693947,-0.029583247727004935,0.37272213154951456,0.6111111111111112,0.40519922708642186,0.500953222431615,2.6093295527514027,-2.12436960145117,0.4486417029674348,0.007597598556993712,0.629966141237424,0.5555555555555556,0.8275869023534445,0.8308487747708805,3.4399623705946807,-2.5232290500121266,0.39580787316003413,-0.05603731135841772,0.9448061081266182,1.0,0.020823957773207447,-0.02057899284084952
4723+6671,45,0.5111111111111111,-0.16581611094225046,0.32206790508249494,1.731485890673904,-1.8145703141012903,0.37004224326489743,-0.029597720731502186,0.17128850635649367,0.4444444444444444,0.027842385876298004,-0.4384113779685904,2.4979119142324193,-2.636963329513192,0.30938708549039107,-0.13165701892005,0.2526093000273002,0.5555555555555556,0.7479665798133017,0.5010356224751923,3.394657542833944,-3.0210995401637195,0.4117588341636532,-0.04008635035479863,0.8651857855864755,0.0,-0.0083883506299125,-0.0425974882726628
6580+6738,52,0.5,0.4520544643411951,-0.03979486006253183,2.4050935751754263,-1.8764615837718592,0.3688563855796992,-0.03078357841670043,0.7891590816399392,0.6153846153846154,1.3318831731152523,0.854645898202493,3.831882017286337,-2.4127279947577778,0.4795962694074179,0.038552164996976834,1.5566500872662545,0.6346153846153846,2.1501188614653013,1.7336541697142318,4.920059727938017,-2.6523236684460008,0.49871428584801164,0.04686910132955979,2.2673380672384753,1.0,0.6517398937505813,-0.013033274088099456
9166+6580,52,0.5,0.18416521727623023,0.0864654175147407,1.9614812756406759,-1.6373038058571154,0.3688563855796992,-0.03078357841670043,0.5212698345749743,0.5384615384615384,0.5772397658450318,0.5815537291065144,2.986360485451324,-2.145243622496707,0.405033783976834,-0.03601032043360708,0.8020066799960339,0.5769230769230769,1.56468384437265,0.9749428069370337,4.257585521948604,-2.4767796182046165,0.44194084979431497,-0.009904334724136876,1.6819030501458239,1.0,0.48646234577127323,-0.014089637424483714
5386+4453,59,0.4915254237288136,-0.22263660652520395,-0.16,1.7262547420463186,-1.9666946088884762,0.36843625444816314,-0.03120370954823648,0.11446801077354019,0.5084745762711864,0.2279562074488943,0.0449180327869049,2.8161105696568094,-2.6936784859934755,0.3843492802145344,-0.05669482419590666,0.45272312159989647,0.5254237288135594,0.47085241475431855,0.04624631703005658,3.4468912597094103,-3.2872072878348817,0.40039576757312717,-0.05144941694532468,0.5880716205274924,1.0,0.20362810756514102,-0.03055894831764766
9423+6671,131,0.45038167938931295,-0.25689226439937934,-0.31572494057862766,1.6784596030387704,-1.8372416465161467,0.36780548101323723,-0.03183448298316238,0.08021235289936479,0.45038167938931295,-0.05305479144138569,-0.41089605734767154,2.719826230248723,-2.7289807277149403,0.36780548101323723,-0.07323862339720383,0.1717121227096165,0.46564885496183206,0.3380621915036603,-0.09012255428941338,3.64566590572916,-3.3031783624666575,0.3824267321981887,-0.06941845232026317,0.45528139727683414,1.0,0.10566744445936468,-0.00637135579786785
5386+5305,114,0.45614035087719296,0.05953095796400329,-0.2564782777943707,1.9912612371928604,-1.7742076568874707,0.3676298671543296,-0.03201009684207001,0.3966355752627474,0.5526315789473685,0.6165041906943233,0.42855388537341066,3.134148026129955,-2.331954976346123,0.46112402812823594,0.02007992371779488,0.8412711048453254,0.5964912280701754,1.0300305171272717,0.7744082185870683,3.9874507613268433,-2.7522634265256927,0.5047098907900661,0.05286470627161427,1.1472497229004455,1.0,0.6392508056241328,-0.03136533561148119
3105+6145,34,0.5294117647058824,0.09075181187016072,0.19796183223041341,5.319507015201178,-6.014861398433196,0.3673644042005484,-0.03227555979585123,0.4278564291689049,0.6176470588235294,0.10047602112840766,1.6884110418217404,7.991964326695393,-9.492471695446621,0.45040719999382667,0.009363095583385606,0.32524293527940984,0.5588235294117647,0.20560802353645036,2.064245717960016,10.95297781466244,-12.497996999464764,0.3945361778918369,-0.05730900662661492,0.3228272293096242,0.0,2.787404565490682,-0.03314969921835614
9017+6863,34,0.5294117647058824,0.10203681289041222,0.22027994924619834,1.9911246093014119,-1.8838631361831606,0.3673644042005484,-0.03227555979585123,0.43914143018915636,0.5,0.5550299590055007,0.10168091764092736,2.6827068239432994,-2.471768241094471,0.3406906262804899,-0.10035347812995116,0.7797968731565028,0.5,0.7447812357978971,-0.1003206577025749,3.665569202428523,-2.8648121769739054,0.3406906262804899,-0.11115455823796194,0.8620004415710709,1.0,0.6085698830637706,-0.036621939083332444
4778+9498,34,0.5294117647058824,0.032828020175628164,0.22027994924619834,1.8004182463543783,-1.723268832984708,0.3673644042005484,-0.03227555979585123,0.36993263747437233,0.5294117647058824,0.35968345695049264,0.331933386580079,2.6723782543654226,-2.3495035825438406,0.3673644042005484,-0.07367970020989267,0.5844503711014948,0.5588235294117647,0.858889347962047,0.12619156358736797,3.550620126631999,-2.7683560531317646,0.3945361778918369,-0.05730900662661492,0.9761085537352208,1.0,0.6360261149243492,-0.013395979874296082
9498+3158,34,0.5294117647058824,-0.11270276500113455,0.24287283953734928,1.8215347928580758,-1.982711859314353,0.3673644042005484,-0.03227555979585123,0.2244018522976096,0.5,0.3120768750118702,0.02696503957589258,2.913234031103475,-2.7411533985029832,0.3406906262804899,-0.10035347812995116,0.5368437891628723,0.4117647058823529,0.5072072616669041,-0.13104204940011618,3.6442611818098016,-3.124778288924843,0.2636573778568886,-0.18818780666156326,0.6244264674400779,1.0,0.1958467190344441,-0.007714313625426683
4436+6738,34,0.5294117647058824,0.30690288482689754,0.1638374012764611,3.323334558877297,-2.60975860732378,0.3673644042005484,-0.03227555979585123,0.6440075021256417,0.5294117647058824,0.39382590343155904,0.19847310913161842,4.971481829691688,-4.118920835245081,0.3673644042005484,-0.07367970020989267,0.6185928175825612,0.47058823529411764,0.7665390917461323,-0.30754241575508645,6.550386158419719,-5.521180361997298,0.31451251633111366,-0.1373326681873382,0.8837582975193061,1.0,1.069188301921136,-0.014530109200826813
5305+9498,119,0.453781512605042,0.13266355471939453,-0.20791566842357043,2.128184208165421,-1.8306968114037279,0.3671730228743812,-0.03246694112201842,0.4697681720181387,0.5546218487394958,0.6489809299157548,0.42952055076886275,3.255394116913257,-2.3797103657242773,0.4650056938418578,0.02396158943141674,0.873747844066757,0.5966386554621849,1.0187548031465072,0.7064078228357796,4.077756569797839,-2.8172842850320707,0.5068105369827635,0.05496535246431161,1.135974008919681,1.0,0.8504796580656862,-0.011780544660622894
5305+9040,50,0.5,0.579406675967378,0.04424667184023581,2.3011652944527308,-1.6153586189358333,0.36644286412332855,-0.03319709987307107,0.9165112932661221,0.62,1.4461899508774838,1.1164296421135191,3.8949358838848673,-2.114022774595856,0.48150195022393577,0.04045784581349471,1.670956865028486,0.68,2.4478825062490692,1.3237314213512088,5.160697183550966,-2.3170203998616072,0.5418944286372392,0.0900492441187874,2.5651017120222432,1.0,0.9451540918372117,-0.012510703411675539
9380+8139,50,0.5,0.0888828166072056,0.07431202320105537,2.122593536318627,-2.0709741726396156,0.36644286412332855,-0.03319709987307107,0.42598743390594973,0.48,0.4329436331141936,-0.1114332834114283,3.2234561898673757,-2.8920640250231884,0.347969123955057,-0.09307498045538404,0.6577105472651958,0.54,0.9108643434682148,0.22379100643725072,4.05658352360123,-3.479141215835133,0.40398634328388083,-0.047858841234571015,1.0280835492413887,1.0,0.5608661486455335,-0.026920522765769117
6117+2327,57,0.49122807017543857,0.20745908093361445,-0.03998313276460483,2.0163052305563354,-1.7618089233192278,0.3661606806374018,-0.0334792833589978,0.5445636982323586,0.543859649122807,0.8970539004972553,0.3441095890411018,3.24231559995412,-2.3662998578451733,0.4159046083127224,-0.02513949609771865,1.1218208146482576,0.6140350877192983,1.6335555454638706,1.1770165745856478,4.228011866829782,-2.770019225550263,0.48429496444322906,0.03244977992477721,1.7507747512370444,1.0,0.5343315260561874,-0.030324258729465703
9199+2327,57,0.49122807017543857,0.02520451643164904,-0.07775959832058796,1.6243812009519112,-1.6075910717591562,0.3661606806374018,-0.0334792833589978,0.3623091337303932,0.49122807017543857,0.7394373193080296,-0.0699546668322569,2.9576326650576656,-2.1398032704032435,0.3661606806374018,-0.07488342377303925,0.9642042334590317,0.5087719298245614,1.1610533525967417,0.037584085500035475,3.856626415804337,-2.5648884007049646,0.38259680329032353,-0.06924838122812832,1.2782725583699155,1.0,0.6303682911657188,-0.02396223444152168
5465+6738,69,0.4782608695652174,-0.39057232294470673,-0.07775959832058796,2.8984066285372565,-3.788418965277098,0.36468525497597737,-0.03495470902042225,-0.05346770564596259,0.5507246376811594,-0.18608673607599951,0.3441095890411018,4.602080409487274,-5.446992018900522,0.43378559191253313,-0.007258512497907932,0.03868017807500268,0.5507246376811594,-0.313349440565663,0.5417543859649144,5.851742994262366,-6.8365072021987805,0.43378559191253313,-0.018059592605918717,-0.19613023479248914,0.0,0.6356948233522743,-0.022548808143180832
4436+2315,32,0.53125,0.33779535796157745,0.22027994924619834,3.4687079776252787,-2.7002835365090934,0.3644923793257382,-0.035147584670661425,0.6748999752603215,0.53125,0.29988366181933257,0.19847310913161842,5.086080405087046,-4.303768403675476,0.3644923793257382,-0.07655172508470287,0.5246505759703348,0.4375,0.5832562689634688,-0.6923638238296235,6.608461244478402,-5.793669150849707,0.28165085969443177,-0.17019432482402008,0.7004754747366426,1.0,1.2431586350487847,-0.01740213407563701
5789+5551,32,0.53125,0.4915896203054876,0.6311349398921352,2.3216867538591486,-1.6816265358412643,0.3644923793257382,-0.035147584670661425,0.8286942376042317,0.53125,0.4298497656505238,0.17460845439946537,3.998661971696565,-3.3480839198275887,0.3644923793257382,-0.07655172508470287,0.654616679801526,0.46875,0.46927475214380976,-0.4076862765807886,4.689758149925448,-4.132498041561642,0.3086912990168234,-0.14315388550162844,0.5864939579169836,0.0,-0.16417932151024456,-0.025465326449324144
9001+9380,32,0.53125,0.10129647376615313,0.24261124044270732,1.9032534738457794,-1.7475430072316587,0.3644923793257382,-0.035147584670661425,0.4384010910648973,0.46875,0.5972787906060539,-0.16464570404039022,2.9879137303469,-2.56348166593251,0.3086912990168234,-0.13235280539361766,0.8220457047570562,0.59375,1.6400186744133902,1.0231453678970206,4.179677231254046,-2.9773088076008953,0.4225972657298823,-0.029247918788569527,1.757237880186564,1.0,0.5912807653533747,-0.039432715328056867
8139+5551,62,0.4838709677419355,0.035376231921523386,-0.1289920450901104,2.1893718248739513,-2.168257673031913,0.3640965420650529,-0.03554342193134674,0.37248084922026753,0.4838709677419355,0.2685783699038758,-0.16464570404039022,3.5822417375121582,-3.322024958012194,0.3640965420650529,-0.07694756234538819,0.493345284054878,0.5,0.5112911680632745,-0.04745469084920892,4.2481228512205265,-3.9614312491584216,0.37922532216457727,-0.07261986235387458,0.6285103738364483,1.0,0.5681582136962089,-0.02260986295598555
3994+9498,48,0.5,-0.1104672200790527,-0.0672246471453096,1.4292020303256578,-1.4839473382894564,0.36389098932037767,-0.03574897467602195,0.22663739721969145,0.4166666666666667,0.048740752571127664,-0.13155255120252493,2.070279909034337,-2.011740857564709,0.28849459734577015,-0.1525495070646709,0.27350766672212984,0.4791666666666667,0.3498499984220909,-0.09018331312234493,2.578210059859161,-2.2884105059654622,0.34471090015787464,-0.1071342843605772,0.46706920419526476,1.0,0.2849906758410624,-0.031922933119612695
2911+6671,55,0.4909090909090909,-0.21950607090546226,-0.06074031184084103,1.2639603769361245,-1.4973193055724896,0.3637656048710159,-0.035874359125383726,0.11759854639328188,0.5272727272727272,0.051836145141616184,0.4193450881611983,2.1520024248297878,-2.0419477497732523,0.39791319071629383,-0.04313091369414723,0.27660305929261836,0.5636363636363636,0.28002028049057176,0.6509318996415648,2.867063282246684,-2.501297840060703,0.43269584078681317,-0.01914934373163868,0.3972394862637456,0.0,-0.2521372366124433,-0.02687010423922831
5551+9423,74,0.47297297297297297,-0.02053521827606839,-0.3242231129274308,1.9759325302009874,-1.9667179013804081,0.36338517790283736,-0.03625478609356225,0.3165693990226757,0.4594594594594595,0.2126414946392173,-0.23991681721703506,3.2235598677251334,-3.004305183454032,0.35073184428251214,-0.09031226012792892,0.43740840879021947,0.4864864864864865,0.6517332964331078,-0.11130801074393334,3.982272865848028,-3.460714988513361,0.37611598006562663,-0.07572920445282522,0.7689525022062816,1.0,0.15102246640732045,-0.0232439110995441
9166+6738,39,0.5128205128205128,0.035046201227910724,0.2263836447226987,2.1313576957764644,-1.9310689772515472,0.3619910864569657,-0.03764887753943391,0.3721508185266549,0.5641025641025641,0.47889829037047604,0.5743192248852714,3.4246499943336133,-2.9807270661102994,0.4097542347452211,-0.03128986966521996,0.7036652045214782,0.5128205128205128,0.6049078099154931,0.015577210078126097,4.314875213813803,-3.636102151073858,0.3619910864569657,-0.08985409806148614,0.7221270156886669,0.0,0.997039531423431,-0.020954936547217196
7637+2911,39,0.5128205128205128,-0.12420763769538122,0.0460931899641627,1.208661765348135,-1.2216266492816024,0.3619910864569657,-0.03764887753943391,0.2128969796033629,0.6153846153846154,0.22808681577815668,0.4603730509946714,2.1249275350627728,-1.6297187213355957,0.45898781310078474,0.017943708690343674,0.45285372992915884,0.6410256410256411,0.3529895473059918,0.8532759832912841,2.947590951618745,-2.004762338941813,0.484178631846895,0.03233344732844318,0.47020875307916565,0.0,0.4641331157825647,-0.037514884418396344
7786+5510,30,0.5333333333333333,0.0503044530055198,0.4202625971915942,1.9434913335787134,-2.614734329980595,0.36142013281525043,-0.03821983118114919,0.3874090703042639,0.5333333333333333,0.654882166423169,0.38172733860115005,3.051475619023671,-3.168672473526639,0.36142013281525043,-0.07962397159519063,0.8796490805741712,0.5333333333333333,1.9664294277037404,0.6500608664518449,4.560173106522515,-3.296391881876346,0.36142013281525043,-0.09042505170320142,2.083648633476914,1.0,0.18468914687222146,-0.06270972850258849
8026+3105,30,0.5333333333333333,-1.036900918345665,0.1814996960347749,5.076929217175045,-7.332851455550827,0.36142013281525043,-0.03821983118114919,-0.6997963010469208,0.5666666666666667,-0.8403287184532636,1.5747268611195955,7.954210869842929,-11.09599475952624,0.39197009545408734,-0.04907400895635372,-0.6155618043022615,0.5,-0.9789631900337893,0.257721764832757,10.870870463430728,-14.415042064624986,0.3315385122717376,-0.12030667224671426,-0.8617439842606155,0.0,0.9696629703873012,-0.0465794002874792
7051+9380,30,0.5333333333333333,-1.1035807863033673,0.6003845246342167,4.239977782634794,-6.474309293247985,0.36142013281525043,-0.03821983118114919,-0.7664761690046231,0.6,-1.5472652607676283,0.38573704465187275,6.424707944208669,-9.475430708241996,0.42320052498273836,-0.017843579427702705,-1.322498346616626,0.5,-2.433992189860576,-0.4047334200915419,8.460627792388928,-12.176256270205345,0.3315385122717376,-0.12030667224671426,-2.316772984087402,0.0,0.3870186920788151,-0.08091183406252789
3105+9423,30,0.5333333333333333,0.2058450305156871,0.3451271236011789,2.2518890611206843,-1.814057724455507,0.36142013281525043,-0.03821983118114919,0.5429496478144312,0.5666666666666667,0.9350221326045142,0.45896423982379375,3.344191790162258,-2.525566031563634,0.39197009545408734,-0.04907400895635372,1.1597890467555163,0.4666666666666667,0.1533143402395377,-0.14038363736728718,4.1180290600819305,-3.639348867976418,0.3023212722412823,-0.14952391227716955,0.2705335460127115,1.0,0.2884548733982366,-0.039093970603654105
4723+9001,37,0.5135135135135135,-0.0006992919854941426,0.25883883616271597,1.6641249736753017,-1.6466762159160369,0.35894637225980913,-0.040693591736590484,0.33640532531325,0.5405405405405406,1.1333862463615896,0.3197571841190562,3.0272639780289,-2.04939820671423,0.3838377952476737,-0.057206309162767366,1.3581531605125918,0.6756756756756757,2.0451623087806103,1.5717472993989337,4.131451048648015,-2.353775189908902,0.5146336850482394,0.06278850052978752,2.1623815145537844,1.0,0.22689396122748828,-0.053693359277751096
2911+9166,51,0.49019607843137253,-0.1762717264520229,-0.06074031184084103,1.316032864033347,-1.479360124299161,0.3585726214230619,-0.04106734257333772,0.16083289084672123,0.5294117647058824,0.16397698274762312,0.4193450881611983,2.229684472754522,-1.99204242488136,0.39523071344726596,-0.045813390963175105,0.3887438968986253,0.5686274509803921,0.3300638506471437,0.7583673469387754,2.961911534182751,-2.4615239852589936,0.4326506123505807,-0.019194572167871127,0.44728305642031757,0.0,-0.19530215185457273,-0.0320630876871823
4453+5305,51,0.49019607843137253,0.4527600119598657,-0.16,2.779934103517475,-2.386299835184128,0.3585726214230619,-0.04106734257333772,0.7898646292586098,0.6078431372549019,1.316096825272173,0.7911731135066536,4.492717653821318,-2.998195256865839,0.4708491122516505,0.02980500784120943,1.5408637394231752,0.6078431372549019,1.7297010869311231,0.8674130384704039,5.68298062646533,-3.707628022357633,0.4708491122516505,0.019003927733198644,1.846920292704297,1.0,0.9425083864944459,-0.028094235546741786
7637+9166,51,0.49019607843137253,-0.20928885775473552,-0.0009217937142656785,1.2411478178598296,-1.2241498533621216,0.3585726214230619,-0.04106734257333772,0.12781575954400862,0.5490196078431373,-0.017360243829314125,0.34043140638480474,1.8850960973072504,-1.5836123403417504,0.4138447154164923,-0.027199388993948748,0.20740667032168808,0.6274509803921569,-0.018616531698455098,0.8328224524004214,2.3497817620941985,-1.9595823632547653,0.4902496270033425,0.038404442484890666,0.09860267407471873,1.0,0.22143152194040688,-0.04093334945230015
6863+5551,75,0.4666666666666667,-0.1372331144607723,-0.37842009464869697,1.9697926294327741,-2.0801083938380085,0.35815509458811656,-0.041484869408283054,0.19987150283797184,0.4533333333333333,0.12324491208393165,-0.2669375751904911,3.2007849357899314,-3.1228993694276816,0.34569612127592114,-0.09534798313451992,0.3480118262349339,0.48,0.5598836465762885,-0.1324934671984533,3.949381760604521,-3.5732237104195526,0.37068921756788065,-0.0811559669505712,0.6771028523494623,1.0,0.15102246640732045,-0.031557478572805886
9017+9040,28,0.5357142857142857,0.21204248163776865,0.1638374012764611,2.106303245383229,-1.8138330624024739,0.35812395142101666,-0.041516012575382955,0.5491470989365128,0.5714285714285714,0.9777091091041541,1.457767745421983,3.158019682438913,-2.195155695521849,0.390704789856154,-0.050339314554287085,1.2024760232551563,0.5714285714285714,1.0164529999855263,1.162557161274618,4.1206124534820665,-2.6192308826785,0.390704789856154,-0.06114039466229787,1.1336722057587,1.0,0.9484509555770269,-0.04586239186286417
7637+5789,28,0.5357142857142857,-0.26901031265096575,0.17790417969036254,1.141055346212612,-1.285677251576974,0.35812395142101666,-0.041516012575382955,0.06809430464777838,0.5357142857142857,0.21731885291024958,0.36134598605135804,2.072428547511023,-1.7494883798511294,0.35812395142101666,-0.0829201529894244,0.4420857670612518,0.6428571428571429,0.4922594067126097,0.8783030929471348,2.701650773453003,-2.1118748048834446,0.4582997758222724,0.006454591303820534,0.6094786124857835,1.0,0.0017346793235315516,-0.04138201945434539
9537+9040,28,0.5357142857142857,1.0439487299041261,0.38358148506200573,2.985546959562702,-1.5743140478450446,0.35812395142101666,-0.041516012575382955,1.3810533472028703,0.5714285714285714,1.749291787434664,0.331211990113205,4.492246501988777,-2.2144947885392994,0.390704789856154,-0.050339314554287085,1.9740587015856663,0.4642857142857143,1.4304546192880847,-0.06739500509886462,5.061026649706114,-2.916539898848844,0.2953130373965958,-0.15653214712185604,1.5476738250612585,1.0,0.507957008048221,-0.03102994586771113
7637+5465,28,0.5357142857142857,0.09025219542879452,0.11345211698380778,1.157851810577498,-1.0222066901749791,0.35812395142101666,-0.041516012575382955,0.42735681272753867,0.6428571428571429,0.5233833247745954,0.42469665615944463,1.8076471314963172,-1.3469894817547148,0.4582997758222724,0.01725567141183132,0.7481502389255976,0.6785714285714286,0.7671196989354977,0.7771310511222752,2.59933010792538,-1.5588802198441318,0.4933850455563118,0.04153986103785995,0.8843389047086715,1.0,0.5182728902807665,-0.04138201945434539
8965+6671,28,0.5357142857142857,0.5183824084759452,0.33662607168442504,2.0511348326391006,-1.8279180300155666,0.35812395142101666,-0.041516012575382955,0.8554870257746894,0.5357142857142857,1.197747331722416,0.342448802086497,3.6962982771355426,-2.4828799307346827,0.35812395142101666,-0.0829201529894244,1.4225142458734183,0.5714285714285714,1.885156622927721,1.6393966693742759,4.5543206213950755,-2.6826586260056557,0.390704789856154,-0.06114039466229787,2.002375828700895,1.0,0.4450510284472592,-0.08681650386075757
8026+2315,28,0.5357142857142857,0.45018338776424793,0.14658662041336268,4.638830932164384,-3.9567824962442724,0.35812395142101666,-0.041516012575382955,0.787288005062992,0.5714285714285714,1.3311943315717811,1.0021696083132128,7.116981408792408,-5.973042118214539,0.390704789856154,-0.050339314554287085,1.5559612457227834,0.5714285714285714,2.355077297118633,0.8683435998393986,9.552980101927487,-7.905909661989727,0.390704789856154,-0.06114039466229787,2.472296502891807,0.0,1.8865136654706525,-0.049875581681712966
3105+6580,49,0.4897959183673469,0.40293079760399714,-0.00702797202797964,2.3459910772247605,-1.9835581762661851,0.3557488315940086,-0.04389113240239101,0.7400354149027413,0.5306122448979592,0.4574139307186367,0.3441095890411018,3.2370146522967547,-3.049921389256477,0.3938062701991985,-0.04723783421124256,0.6821808448696389,0.5306122448979592,1.0416148767716704,0.5417543859649144,4.14274431647453,-3.5180274233174256,0.3938062701991985,-0.05803891431925334,1.1588340825448442,0.0,-0.04719139301320785,-0.044765271824895925
9166+2315,35,0.5142857142857142,-0.3924461898756255,0.2263836447226987,2.1120065394597467,-2.353107654256902,0.35568539626711626,-0.043954567729283356,-0.05534157257688138,0.5714285714285714,-0.3638562395935906,0.4218060923409307,3.0498354332806934,-3.7036990683935116,0.4085712925897337,-0.03247281182070738,-0.1390893254425884,0.45714285714285713,-0.17084017223945638,-0.12560323329608533,3.7553773097538103,-4.326759717344806,0.30465773633760845,-0.1471874481808434,-0.053620966466282546,0.0,0.3695571527830002,-0.02726062673706664
7555+6671,61,0.47540983606557374,0.053048841746475214,-0.155734152376059,1.8447922057775075,-1.7425270935166202,0.3553028228679598,-0.04433714112843984,0.39015345904521936,0.47540983606557374,0.29229949991882337,-0.4822909071696645,3.0513468829479637,-2.5214973425571343,0.3553028228679598,-0.08574128154248128,0.5170664140698256,0.5245901639344263,0.5356456854836268,0.08527733551356068,3.780606338180871,-3.0942385482898382,0.4015694171531101,-0.05027576736534173,0.6528648912568006,1.0,0.24759522303132114,-0.050546301300232965
3105+6863,26,0.5384615384615384,0.06466276555962316,0.3451271236011789,2.217144956410173,-1.9703750822734751,0.35457636204430115,-0.045063601952098464,0.40176738285836733,0.5769230769230769,0.5384992101413555,0.45896423982379375,3.0353829762022144,-2.7809504360951687,0.3894829692111983,-0.05156113519924277,0.7632661242923577,0.46153846153846156,0.41146407570940724,-0.3559986681344173,3.8247224858175133,-3.4802065591758424,0.28755582695234905,-0.1642893575661028,0.528683281482581,1.0,0.05855003374890433,-0.04593774137460338
9017+4453,26,0.5384615384615384,0.1948270333255848,0.29398645225975806,2.301345030672116,-2.2784131496958606,0.35457636204430115,-0.045063601952098464,0.5319316506243289,0.5769230769230769,1.3142324169446142,0.7877470313323467,3.597642364068744,-2.916858248137873,0.3894829692111983,-0.05156113519924277,1.5389993310956165,0.6538461538461539,2.0524489439574136,1.2440020865143333,4.779917465763411,-3.2541237203551487,0.46220229009632996,0.010357105577878112,2.1696681497305876,1.0,0.712234887138854,-0.04940998123957968
4723+3235,47,0.48936170212765956,-0.18863092508988596,-0.34429892095953585,1.5742471574959342,-1.5788966464621785,0.3527532433660351,-0.04688672063036453,0.14847369220885817,0.40425531914893614,0.07782249996624009,-0.389243496461673,2.3907248775955114,-2.209126965379132,0.27639828961388174,-0.16464581479655932,0.3025894141172423,0.574468085106383,0.656166493542961,0.5010356224751923,3.1335655761373107,-2.5039158856915233,0.43281668771211546,-0.019028496806336392,0.7733856993161348,0.0,-0.3369052625956049,-0.05988648817152514
2327+5305,47,0.48936170212765956,0.40937083571933247,-0.12568291008922636,2.7804514297688043,-2.465187024567314,0.3527532433660351,-0.04688672063036453,0.7464754530180766,0.574468085106383,1.3097033960748634,0.7591404794435476,4.574475998664253,-3.186513211182649,0.43281668771211546,-0.008227416698325607,1.5344703102258657,0.574468085106383,1.811051597112059,0.5417543859649144,5.91764614189147,-3.947336163400562,0.43281668771211546,-0.019028496806336392,1.928270802885233,1.0,0.6276056132959824,-0.027074399095663282
9380+5465,59,0.4745762711864407,-0.6311178101948495,-0.18022449185963282,3.379781167860812,-4.40692782887633,0.35265669027401325,-0.046983273722386365,-0.29401319289610534,0.5254237288135594,-0.629462776206594,0.3197571841190562,4.938544045479626,-6.282936189870505,0.40039576757312717,-0.04064833683731389,-0.40469586205559177,0.5084745762711864,-0.8425330993060592,0.037584085500035475,6.344627486420727,-7.958801317099861,0.3843492802145344,-0.06749590430391744,-0.7253138935328854,0.0,0.3922473015173844,-0.040706696615084415
7555+9166,59,0.4745762711864407,0.13914956496513373,-0.06074031184084103,1.8942106959027343,-1.6992586208444203,0.35265669027401325,-0.046983273722386365,0.47625418226387783,0.5084745762711864,0.6197653281523968,0.34043140638480474,3.1683899680553607,-2.3558518547608056,0.3843492802145344,-0.05669482419590666,0.844532242303399,0.559322033898305,0.7967561563415555,0.3043363859151206,3.9225035879051275,-2.879309673313255,0.43289130270422654,-0.018953881814225304,0.9139753621147293,1.0,0.12575089851138574,-0.05319243389417949
3105+9498,33,0.5151515151515151,0.7747580810521186,0.3286649874055404,2.6978901026154003,-1.8540692691482021,0.35218104586210247,-0.047458918134297146,1.1118626983508628,0.6060606060606061,1.0114866009093866,1.496444277548297,3.8469374600847317,-2.8296056513081984,0.4368314280651038,-0.004212676345337285,1.2362535150603888,0.5757575757575758,1.4953925161491275,1.1770165745856478,4.778878839398979,-3.277832586076389,0.4080697369146003,-0.04377544760385155,1.6126117219223013,0.0,-0.037881990943745336,-0.04833305755680206
5789+5465,64,0.46875,-0.1853753450620561,-0.2654130197282566,1.5305816981935758,-1.6471782660456038,0.3517578764404486,-0.047882087555951025,0.15172927223668803,0.484375,0.18844378997982467,-0.10559641260024608,2.6117240267601183,-2.369332054707783,0.366333485657839,-0.07471061875260204,0.41321070413082683,0.5625,1.0361848112748682,0.7575774243464163,3.688277357455444,-2.788965531967709,0.44085991778287875,-0.010985266735573096,1.153404017048042,0.0,-0.2579854130320563,-0.038199829334613744
2327+9498,74,0.4594594594594595,-0.007363086323286488,-0.15326175823187724,1.9333908997996563,-1.9859261476487684,0.35073184428251214,-0.04890811971388748,0.32974153097545766,0.4864864864864865,0.5415623406570038,-0.08082250991110027,3.149168160478955,-2.66613165356574,0.37611598006562663,-0.06492812434481443,0.7663292548080061,0.527027027027027,0.7967186350157515,0.08726730265917096,3.9482278333147787,-3.324870815345183,0.4147715831154743,-0.03707360140297755,0.9139378407889253,1.0,0.5430762094917928,-0.029095798179186227
9199+5551,74,0.4594594594594595,-0.14988361748847234,-0.4266723932851001,1.9630904565243317,-2.0925200770572183,0.35073184428251214,-0.04890811971388748,0.1872209998102718,0.44594594594594594,0.12026025428721314,-0.3134395278663836,3.2107177940484775,-3.124449101743161,0.33815638584551055,-0.10288771856493051,0.34502716843821535,0.47297297297297297,0.5124477906340578,-0.13448716635130017,3.9405525989096177,-3.58085890680249,0.36338517790283736,-0.08846000661561448,0.6296669964072316,1.0,0.08375217388707074,-0.039391070796411354
5465+6145,31,0.5161290322580645,-1.0915231872994366,0.53735687115966,4.658665007102282,-6.456303697096853,0.3484011828697317,-0.05123878112666791,-0.7544185700006925,0.5806451612903226,-1.8455519213899005,0.7591404794435476,6.568076884189874,-9.661250962678277,0.4076596435202097,-0.03338446089023134,-1.6207850072388983,0.5483870967741935,-2.353888588510063,0.7583673469387754,8.401924519555307,-12.057075766534368,0.37771879603669134,-0.07412638848176051,-2.236669382736889,0.0,0.4641465021396266,-0.038832880249426494
3158+9423,43,0.4883720930232558,-0.28482561673108664,-0.032571784561370304,1.955047406886995,-2.083778593217672,0.34617209277756006,-0.05346787121883956,0.052279000567657496,0.5116279069767442,0.18947349266160596,0.3197571841190562,2.98318593926965,-2.8919721385868673,0.36752063766074083,-0.07352346674970023,0.41424040681260815,0.4186046511627907,0.7561194279995962,-0.13648086550414704,3.995898358061062,-3.3130837621285703,0.28384334337485234,-0.1680018411435995,0.87333863377277,0.0,0.2964396540813325,-0.028501222556532146
7993+6145,36,0.5,-0.5424954821072104,-0.08166991935580445,5.278338581580984,-6.680439623174198,0.34474067624730526,-0.05489928774909436,-0.2053908648084663,0.5833333333333334,-0.4402857012855756,0.7820639282547438,8.145279244973672,-10.09988261489191,0.4219996966427768,-0.01904440776766425,-0.2155187871345734,0.5,-0.3966004243104506,0.25919168807622583,11.058078898538913,-13.032341837360992,0.34474067624730526,-0.10710450827114659,-0.27938121853727677,0.0,1.2646160360288425,-0.1270248583431673
8026+6145,36,0.5,-0.7153147728972463,-0.09638223183196612,5.3030931762175735,-6.97847652544122,0.34474067624730526,-0.05489928774909436,-0.3782101555985022,0.5277777777777778,-0.6531096084465671,1.0328463504655485,8.225973755055909,-10.5683069849423,0.3700567162693947,-0.07098738814104638,-0.4283426942955649,0.4444444444444444,-0.7682992879771967,-1.1791553969711497,11.09197756947409,-13.58983513028453,0.29541029876543135,-0.1564348857530205,-0.6510800822040229,0.0,0.9108187478718355,-0.06325885685542437
4723+5789,48,0.4791666666666667,-0.081457959010229,-0.20531196936095608,1.735587168440303,-1.5941040527581463,0.34471090015787464,-0.05492906383852497,0.2556466582885151,0.4583333333333333,0.12648840024503613,-0.17198217832274473,2.4814626114223723,-2.32014432774293,0.3257502185455351,-0.11529388586490597,0.3512553143960383,0.5416666666666666,0.6893438771326373,0.6297014847069838,3.22145324981037,-2.7521064712884917,0.4029083309494733,-0.04893685356897853,0.8065630829058111,0.0,-0.11137369472372344,-0.06792883137968558
9380+5510,48,0.4791666666666667,-1.0114173091843586,-0.09348829314621096,3.1316506349457165,-5.005984315194127,0.34471090015787464,-0.05492906383852497,-0.6743126918856144,0.5416666666666666,-0.8674615909185626,0.6808714881652956,4.778095246132879,-6.9668360716221995,0.4029083309494733,-0.03813577346096775,-0.6426946767675603,0.4791666666666667,-1.0633084404189947,-0.16889779595442675,6.540181869625026,-8.60311456026359,0.34471090015787464,-0.1071342843605772,-0.946089234645821,0.0,0.4608977310564323,-0.04865248673122302
4723+2911,29,0.5172413793103449,0.13886208666409822,0.32206790508249494,1.7895652123092816,-1.6602340235786424,0.34430737970569164,-0.055332584290707976,0.47596670396284235,0.5172413793103449,0.7992241179518205,0.4218060923409307,3.191926657531429,-2.250298484121722,0.34430737970569164,-0.09673672470474942,1.0239910321028227,0.6551724137931034,1.9876250660873815,0.9454315754477794,4.3744806766127855,-2.450860261214574,0.47344776507155983,0.021602580553107986,2.1048442718605553,1.0,0.16657482836362808,-0.06833235183186859
8965+6580,29,0.5172413793103449,0.34124493529063865,0.3286649874055404,2.077096249816552,-1.626659391273847,0.34430737970569164,-0.055332584290707976,0.6783495525893828,0.5517241379310345,0.31162358119217315,0.8701030103010422,2.8934124694369903,-2.436554315928551,0.37547667068067625,-0.06556743372976481,0.5363904953431753,0.5862068965517241,1.0291308371476704,1.148097747963588,3.6770168705887505,-2.6629203010754448,0.4073752847851524,-0.044469899733299456,1.1463500429208442,1.0,0.6355941880591917,-0.10063307557608259
9166+3158,29,0.5172413793103449,-0.368145745997005,0.2263836447226987,1.9807334654313933,-2.1776695545720077,0.34430737970569164,-0.055332584290707976,-0.031041128698260867,0.5517241379310345,0.5479009134970629,0.5112022282087781,3.2813021529698996,-2.9354964302644744,0.37547667068067625,-0.06556743372976481,0.7726678276480652,0.4482758620689655,0.9938918800155029,-0.09012255428941338,4.266724271248207,-3.2813682876462336,0.2841291114874579,-0.16771607303099395,1.1111110857886768,0.0,0.4848167849687899,-0.03863864329849126
9001+5551,51,0.47058823529411764,0.013849015592430345,-0.2700261312061646,1.6658993425042257,-1.6882171227061673,0.34052771426416406,-0.059112249732235556,0.3509536328911745,0.5098039215686274,0.7860878211679146,0.005107319757828993,2.924236580934442,-2.3197571786932385,0.3768069544840959,-0.06423714992634516,1.0108547353189168,0.5490196078431373,1.4823428969714847,0.8692741612083933,3.8601211165579445,-2.702394764517762,0.4138447154164923,-0.03800046910195953,1.5995621027446585,1.0,0.27048585698749245,-0.063397380389631
3105+4453,27,0.5185185185185185,-0.6511000266239909,0.06736111526611147,3.586831077866553,-4.115924054143708,0.33985324586210425,-0.05978671813429537,-0.3139954093252468,0.48148148148148145,-2.2197359211733882,-0.4822909071696645,4.50105774096172,-6.317196750021257,0.3074295064970908,-0.13361459791335029,-1.994969007022386,0.4074074074074074,-1.969512112612217,-0.8914524555903868,5.8236909951547595,-8.083112704786648,0.24514513372857347,-0.20670005078987838,-1.8522929068390432,0.0,1.0927087960722763,-0.060660857556800285
7786+2459,27,0.5185185185185185,0.13419847405786267,0.3327242586111768,1.8571720755190515,-1.636030094325503,0.33985324586210425,-0.05978671813429537,0.4713030913566068,0.5555555555555556,0.9354860894457182,0.5743192248852714,3.2415592596251197,-2.3487544837382806,0.3731271947957688,-0.06791690961467228,1.1602530035967205,0.5185185185185185,0.7407902078750802,1.148097747963588,4.031031375604311,-3.169719581732095,0.33985324586210425,-0.1119919386563476,0.858009413648254,1.0,0.44055525562193576,-0.08427661545573467
4723+2327,27,0.5185185185185185,0.24103460695334442,0.25883883616271597,1.8681091838010888,-1.651616699490432,0.33985324586210425,-0.05978671813429537,0.5781392242520885,0.5185185185185185,1.33705504538207,0.3197571841190562,3.4443683266108387,-2.149167723343072,0.33985324586210425,-0.10119085854833682,1.5618219595330722,0.6296296296296297,1.9021002806510567,1.1770165745856478,4.262198469962528,-2.52449622558266,0.442289046234463,-0.009556138283988824,2.0193194864242305,1.0,0.5467979873737574,-0.07278648567545598
5386+4778,27,0.5185185185185185,-0.1424782426051436,0.21417625376969798,1.7626915309793008,-1.8124406002749995,0.33985324586210425,-0.05978671813429537,0.19462637469360053,0.5185185185185185,0.23296301657650972,0.3441095890411018,2.620335733500721,-2.3811227829335695,0.33985324586210425,-0.10119085854833682,0.4577299307275119,0.5555555555555556,0.9255016135508284,0.04624631703005658,3.4859743414908144,-2.6745763938743634,0.3731271947957688,-0.07871798972268307,1.0427208193240023,1.0,0.24650635437813273,-0.05914195690370655
3105+6117,27,0.5185185185185185,0.3133203401646919,0.3286649874055404,2.3349059758897144,-1.960755039237927,0.33985324586210425,-0.05978671813429537,0.650424957463436,0.6296296296296297,1.1467036485557347,0.5112022282087781,3.6921853685898545,-2.7598013334634404,0.442289046234463,0.0012449418240219612,1.371470562706737,0.6296296296296297,1.7575117183981201,1.5928991971454078,4.7114102304776155,-3.1321378654912877,0.442289046234463,-0.009556138283988824,1.874730924171294,0.0,-0.6206365262412465,-0.060660857556800285
7051+2327,27,0.5185185185185185,-1.1917945138445607,0.53735687115966,4.4785993354244855,-7.009346991037718,0.33985324586210425,-0.05978671813429537,-0.8546898965458165,0.5925925925925926,-1.7328716699286917,0.3441095890411018,6.881567364517529,-10.335613744971944,0.4072638305536409,-0.03378027385680016,-1.5081047557776894,0.48148148148148145,-2.9754865948444724,-0.8470509256831192,8.788907339138985,-13.26621289717415,0.3074295064970908,-0.14441567802136107,-2.8582673890712984,0.0,0.5865541338446444,-0.10247872101567407
6863+3158,39,0.48717948717948717,-0.2510543950968443,-0.032571784561370304,2.0699972194423926,-2.193668783885447,0.3386492878313309,-0.0609906761650687,0.08605022220189984,0.5128205128205128,0.2126100289403791,0.3197571841190562,3.120024133650041,-3.05671386826253,0.3619910864569657,-0.07905301795347536,0.4373769430913813,0.41025641025641024,0.6714096697151714,-0.13648086550414704,4.008133811514244,-3.4224733361873634,0.2707908943540048,-0.18105429016444707,0.7886288754883451,0.0,0.3817377791075026,-0.051063285329591535
6145+6738,39,0.48717948717948717,-0.5254126128810666,-0.1976742433756183,5.333247383784269,-6.617725637811989,0.3386492878313309,-0.0609906761650687,-0.18830799558232242,0.5641025641025641,-0.45169483365857943,0.7591404794435476,7.997440626776452,-9.959696837661866,0.4097542347452211,-0.03128986966521996,-0.22692791950757724,0.48717948717948717,-0.26240153827626056,-0.023371009812462734,10.949472261812357,-12.67767668974736,0.3386492878313309,-0.11319589668712093,-0.1451823325030867,0.0,2.7271511329388356,-0.04646583475675342
5465+5305,44,0.4772727272727273,0.058319829692884254,-0.1529537009744296,2.1646518932556753,-2.215031317633716,0.3375475794427176,-0.06209238455368199,0.3954244469916284,0.6363636363636364,0.7759456039856963,0.7751567964751006,3.4468659563791118,-2.7008356005772964,0.4886610727889105,0.04761696837846946,1.0007125181366985,0.6818181818181818,1.3391239854958323,1.2440020865143333,4.6711478419372705,-3.1480357389843188,0.5344282746687306,0.0825830901502787,1.4563431912690061,0.0,0.9309712378773769,-0.049686483676440574
7786+6738,25,0.52,0.4684653337911749,0.3327242586111768,2.4262084569524243,-2.9524522801299775,0.3349821795314731,-0.06465778446492654,0.805569951089919,0.68,1.2193652843789184,1.3734910811794834,3.6163815720110706,-3.4436063004953117,0.48409913734576715,0.04305503293532609,1.4441321985299207,0.72,2.6118330573633535,2.1959408465068764,5.450564539401268,-3.6914320956602014,0.524230281034417,0.0723850965159652,2.7290522631365275,1.0,0.3646025742111502,-0.08914768178636584
8026+2327,37,0.4864864864864865,-0.07752609743308371,-0.18022449185963282,5.706091143230112,-6.679732483080322,0.33446153327211037,-0.06517843072428925,0.25957851986566044,0.5945945945945946,0.8090986639492241,1.4796302110587736,9.056370271337059,-9.609177908585545,0.4348568313132931,-0.0061872730971479495,1.0338655781002264,0.5675675675675675,1.0460493357504634,0.8692741612083933,11.917878613477606,-11.971684613578956,0.40913906334200717,-0.04270612117644468,1.1632685415236372,0.0,1.1622315556324807,-0.07353799983061926
3105+6738,37,0.4864864864864865,-0.10776526766557216,-0.061380670611450444,5.20047969677379,-5.938731344198787,0.33446153327211037,-0.06517843072428925,0.22933934963317198,0.5945945945945946,-0.07424954085117844,1.6355801104972303,7.639962290242985,-9.158344960537885,0.4348568313132931,-0.0061872730971479495,0.15051737329982376,0.5405405405405406,-0.019001385537695058,0.5417543859649144,10.420951513601445,-11.815788651789157,0.3838377952476737,-0.06800738927077815,0.09821782023547879,0.0,1.2352026568486116,-0.06605257014679417
3105+5465,42,0.47619047619047616,-0.8595926689888723,-0.11967864528000902,3.186708085071094,-4.643702890591288,0.33359364475964953,-0.06604631923675008,-0.5224880516901282,0.5476190476190477,-1.28825066915543,0.38172733860115005,4.868907176327078,-7.498186797326897,0.399488627471227,-0.041555476939214075,-1.0634837550044278,0.5,-1.4609864149115364,0.09810698008267849,6.378680782454869,-9.269702549818525,0.3552574591652803,-0.09658772535317156,-1.3437672091383626,0.0,0.15246643638154633,-0.066920458659255
5551+6671,52,0.46153846153846156,0.015296228928368315,-0.48506418229391046,2.147387455817867,-2.088639560978825,0.3334025986239788,-0.06623736537242081,0.35240084622711243,0.46153846153846156,0.1756552391447146,-0.43576720181566875,3.4474947315251923,-3.3011506392854315,0.3334025986239788,-0.10764150578646225,0.4004221532957168,0.46153846153846156,0.6273058735419025,-0.13448716635130017,4.205622230296935,-3.727624571160035,0.3334025986239788,-0.11844258589447304,0.7445250793150763,0.0,-0.3120700236718252,-0.05322649037840266
5551+2327,52,0.46153846153846156,0.15545459833625974,-0.1701122459298164,2.1256202637756596,-1.9805541146063246,0.3334025986239788,-0.06623736537242081,0.4925592156350039,0.4807692307692308,0.6970727290576965,-0.16464570404039022,3.5102099616518405,-2.7218341207329626,0.3510389470288445,-0.09000515738159659,0.9218396432086986,0.4807692307692308,0.7354244404935876,-0.1926439868818307,4.190068156130425,-3.560748231785572,0.3510389470288445,-0.10080623748960738,0.8526436462667614,1.0,0.6217885938444371,-0.05322649037840266
5551+9166,47,0.46808510638297873,0.09090274352620278,-0.4749246919215032,2.237766678937815,-2.1295764995494806,0.3333146216846264,-0.06632534231177323,0.42800736082494695,0.48936170212765956,0.4437260773033859,-0.10387755102041027,3.6601427255401164,-3.2598434582591262,0.3527532433660351,-0.08829086104440598,0.6684929914543881,0.46808510638297873,0.8587576368619786,-0.1324934671984533,4.451436273826817,-3.658573486398902,0.3333146216846264,-0.11853056283382546,0.9759768426351524,0.0,-0.33032446143261535,-0.053314467317755077
8026+5465,30,0.5,-1.4365717158214693,0.03930717215154157,4.744141062530358,-7.1232791180444375,0.3315385122717376,-0.06810145172466203,-1.099467098522725,0.5666666666666667,-2.3443092279388424,1.0328463504655485,6.837056209115382,-10.613426372437107,0.39197009545408734,-0.04907400895635372,-2.11954231378784,0.5,-3.6823548472528618,-0.4047334200915419,8.48083405011101,-13.481889192062805,0.3315385122717376,-0.12030667224671426,-3.5651356414796878,1.0,-0.14733509243709958,-0.07646102083099204
9199+3158,35,0.4857142857142857,-0.5078320143448939,-0.6114575629890772,1.855822351745988,-2.1607153577215943,0.32993980391252736,-0.06970016008387225,-0.17072739704614975,0.4857142857142857,0.008597414500937818,-0.4822909071696645,2.9549765256056877,-3.072529681644675,0.32993980391252736,-0.1111043004979137,0.23336432865194,0.42857142857142855,0.5312599511951472,-0.12560323329608533,3.8352357997978777,-3.4572901673298433,0.27984333081678914,-0.1720018537016627,0.648479156968321,0.0,0.3445462706410259,-0.06018311116639613
3994+5510,35,0.4857142857142857,-0.09397036782135838,-0.527905281113079,1.5896892915443668,-1.5496330928044053,0.32993980391252736,-0.06970016008387225,0.24313424947738577,0.45714285714285713,0.26675071976176845,-0.10387755102041027,2.3446920425661544,-2.0875038636563255,0.30465773633760845,-0.1363863680728326,0.49151763391277065,0.45714285714285713,0.4285878709655533,-0.12498599439775923,2.907982993991086,-2.359080889620824,0.30465773633760845,-0.1471874481808434,0.5458070767387271,1.0,0.44319758288221817,-0.065874118527463
5386+2327,50,0.46,-0.36873433437719055,-0.2692100473243485,1.6497687507808407,-2.0381439876529286,0.3296943460178264,-0.06994561797857324,-0.03162971707844642,0.48,0.14252889339982533,-0.1114332834114283,2.6961123098083566,-2.7336326272605787,0.347969123955057,-0.09307498045538404,0.3672958075508275,0.5,0.4713328648133407,0.00710653784378637,3.45707468266065,-3.447861389825148,0.36644286412332855,-0.0854023203951233,0.5885520705865145,0.0,0.3967218805213397,-0.06930085674798442
2911+5551,28,0.5,0.05308901366867572,-0.024440178438185245,1.7694068612852512,-1.83261611542208,0.32632846832446344,-0.07331149567193618,0.3901936309674199,0.5,0.7004011218572004,0.157733768570394,3.2245653131184944,-2.4485812152938116,0.32632846832446344,-0.11471563608597762,0.9251680360082026,0.5357142857142857,1.5129805362937876,0.4882964341622099,4.351230312139251,-2.8621590333227402,0.35812395142101666,-0.09372123309743519,1.6301997420669614,0.0,-0.11228070118710054,-0.06430724078578076
9017+5386,28,0.5,-0.24055406667822624,-0.015479153065968004,1.8852773298069787,-2.2368509501795466,0.32632846832446344,-0.07331149567193618,0.0965505506205179,0.5,0.2425425403071714,0.11385712010195016,2.673140048878566,-2.8206626342689476,0.32632846832446344,-0.11471563608597762,0.4673094544581736,0.4642857142857143,0.37528282622860804,-0.4682590745013825,3.4114230964500734,-3.1203032194599687,0.2953130373965958,-0.15653214712185604,0.4925020320017819,1.0,0.11057629382841513,-0.0776578749594174
5551+5305,38,0.47368421052631576,0.6272392560537029,-0.1701122459298164,3.1534225245535374,-2.3633663581582987,0.32478778808941583,-0.07485217590698379,0.964343873352447,0.5526315789473685,1.3069798352934638,0.7877470313323467,4.965160159770701,-3.0029940893519593,0.3970602917908942,-0.04398381261954687,1.531746749444466,0.5789473684210527,1.361000554048008,1.0222148065280259,5.654836692129839,-3.8507000754920764,0.4219207061312732,-0.029924478387178655,1.4782197598211817,1.0,0.5939770920249728,-0.061841300912965635
3994+9040,46,0.45652173913043476,-0.10370318367625389,-0.4206263173879464,1.4830455588603777,-1.5291278929161032,0.3215451042112199,-0.07809485978517972,0.23340143362249025,0.43478260869565216,0.1281879179876928,-0.21734165577270245,2.1897681261632167,-2.0735061210904893,0.3020904595919057,-0.13895364481853534,0.352954832138695,0.45652173913043476,0.388561227486682,-0.12051125895065726,2.6760573317522387,-2.3835069965201603,0.3215451042112199,-0.13030008030723195,0.5057804332598558,1.0,0.1607515596039035,-0.07426881822877046
4417+2327,26,0.5,0.31902051178290924,0.0008749431274980568,2.4182031011783987,-2.3339691849974074,0.3206030631500208,-0.07903690084637882,0.6561251290816534,0.46153846153846156,1.526125173060731,-0.23816841468973882,4.428951100193627,-3.01788075779952,0.28755582695234905,-0.15348827745809202,1.7508920872117333,0.38461538461538464,1.2372731526467158,-0.8884793663984379,5.309502183100769,-4.15600818889629,0.22428359511834425,-0.2275615894001076,1.3544923584198896,1.0,0.560241821211418,-0.08915117159520031
4453+9493,26,0.5,-0.5380739330741754,-0.06034250251029202,1.4162020096380856,-1.9115572970156611,0.3206030631500208,-0.07903690084637882,-0.20096931577543126,0.5384615384615384,0.0647249573969809,0.05917089577014881,2.6154151519939344,-2.6179155932666096,0.35457636204430115,-0.08646774236613991,0.2894918715479831,0.5,0.2998415674368534,0.34151840651165843,3.0490987150693267,-2.9482138821438357,0.3206030631500208,-0.13124212136843105,0.41706077321002727,1.0,-0.08455994791300242,-0.06606379381978289
8026+4453,34,0.47058823529411764,-0.38937511517448614,-0.19618862073424545,4.357326112843433,-4.814248892074363,0.31451251633111366,-0.08512744766528596,-0.052270497875742006,0.5294117647058824,-1.1007627013865533,0.4250718885735073,6.234454193836924,-6.776437452962834,0.3673644042005484,-0.07367970020989267,-0.875995787235551,0.5,-1.2044857966437268,-0.4047334200915419,7.756777959542861,-8.757889014810285,0.3406906262804899,-0.11115455823796194,-1.087266590870553,0.0,0.6684132981833699,-0.09348701677161597
3105+2327,29,0.4827586206896552,-0.5253685343901119,-0.2323293185320384,5.249088151887236,-6.762705610883421,0.3138581933079522,-0.08578177068844739,-0.18826391709136775,0.5862068965517241,0.12542862128813057,0.7911731135066536,8.163990543781438,-10.312205557765935,0.4073752847851524,-0.03366881962528867,0.35019553543913273,0.5172413793103449,0.6583801789195877,0.5417543859649144,11.26150428476111,-12.642890091928862,0.34430737970569164,-0.10753780481276021,0.7755993846927615,0.0,2.0325254595238342,-0.0866559101109523
2459+5551,58,0.43103448275862066,-0.48845933091494903,-0.48506418229391046,1.576089447538028,-2.0312745570206854,0.3118160080083492,-0.08782395598805043,-0.1513547136162049,0.41379310344827586,-0.4775842027989006,-0.5227150085192543,2.480950621066593,-3.2930450715726907,0.29627832678138283,-0.14476577762905823,-0.25281728864789843,0.43103448275862066,-0.10057181989150141,-0.43104461304680586,3.121221140183955,-3.7753683409240573,0.3118160080083492,-0.14002917651010266,0.01664738588167243,0.0,0.06056539257720139,-0.08305734542750365
3158+6671,32,0.46875,-0.5717890634891257,-0.6476370401717789,1.927296190788161,-2.2885488865108243,0.3086912990168234,-0.09094866497957621,-0.2346844461903816,0.4375,-0.13051744069012966,-0.8299222914525515,3.021035322194077,-3.2858458033016946,0.28165085969443177,-0.1593932447160093,0.09424947346087253,0.375,0.4975631757790505,-0.387641929011424,3.9682946945154978,-3.7066775845198467,0.2293366846595921,-0.22250849985885976,0.6147823815522243,0.0,0.22618092808705376,-0.0659820163172688
6145+2327,32,0.46875,-0.23649428611909817,-0.2049134964922382,5.855192647131441,-7.048705594012107,0.3086912990168234,-0.09094866497957621,0.10061033117964596,0.59375,0.6696373404256641,0.7820639282547438,9.087862804626134,-10.219851946092692,0.4225972657298823,-0.01844683868055874,0.8944042545766664,0.53125,1.24168857247021,1.2080817641239852,12.394690424555275,-12.583271709077813,0.3644923793257382,-0.08735280519271366,1.3589077782433838,0.0,3.1994255202042763,-0.07642382357126093
4417+9498,27,0.48148148148148145,-0.263091124351714,-0.07775959832058796,1.831366734128409,-2.0241121327836455,0.3074295064970908,-0.09221045749930884,0.07401349294703014,0.5555555555555556,-0.9147280053967177,0.07718903414418068,2.6875939837869205,-3.6441672344481986,0.3731271947957688,-0.06791690961467228,-0.6899610912457155,0.5555555555555556,-1.2582579894929617,0.7064078228357796,3.1496086585948153,-4.838751346851961,0.3731271947957688,-0.07871798972268307,-1.141038783719788,0.0,0.16027057719873544,-0.10232472824813033
4723+9017,25,0.48,-0.10868398798537168,-0.245134559901634,1.8830812366905914,-2.0339465464720714,0.30031003928960015,-0.09932992470679947,0.22842062931337245,0.48,0.3523506831916612,-0.11639534883720146,2.5070007472451996,-2.6277499591309765,0.30031003928960015,-0.1407340651208409,0.5771175973426634,0.48,0.35717701373640637,-0.5596587183977774,3.408850989224581,-3.0342544363697574,0.30031003928960015,-0.1515351452288517,0.4743962195095802,1.0,0.024840650570606027,-0.11232969224796008
9380+3235,28,0.4642857142857143,-0.313355972714668,-0.21102925964006192,1.6925503692869834,-2.0081113029706974,0.2953130373965958,-0.1043269265998038,0.023748644584076162,0.32142857142857145,0.04742921759653861,-0.5607312921003814,2.6576310101867917,-2.9844633892783934,0.1793304754342074,-0.2617136289762336,0.2721961317475408,0.4642857142857143,0.617134304146884,-0.24016876062603154,3.5747397513140236,-3.4446066176134784,0.2953130373965958,-0.15653214712185604,0.7343535099200578,0.0,0.19244102818920691,-0.09805034949250185
3994+6580,39,0.4358974358974359,-0.17327780643551147,-0.527905281113079,1.4236322721780177,-1.532996162640964,0.2930452416170466,-0.10659472237935302,0.16382681086323267,0.38461538461538464,-0.07077223318114087,-0.25375404112245137,2.047023249967243,-2.26875261823045,0.24891162547007062,-0.19213247894037044,0.15399468096986133,0.38461538461538464,-0.05755890719934934,-1.3850612530626536,2.485097829299972,-2.686607013500518,0.24891162547007062,-0.20293355904838123,0.059660298573824495,1.0,0.30323543048934753,-0.10276868082294377
5551+3235,56,0.4107142857142857,-0.5430863176170166,-0.5996271840004407,1.542564001700979,-2.0933983123537234,0.29166578979562857,-0.10797417420077104,-0.2059817003182725,0.39285714285714285,-0.6177606805117788,-0.637699176111962,2.439603761575829,-3.3367666402526845,0.27580225617512844,-0.16524184823531263,-0.3929937663607766,0.44642857142857145,-0.14467087836157605,-0.2776125071305212,3.1638464862336266,-3.8347230529304537,0.3238651625129941,-0.12798002200545777,-0.027451672588402212,1.0,-0.3894023340914083,-0.0949632992067529
6145+2315,31,0.45161290322580644,0.46539157673037124,-0.21215274960885808,4.500241240926872,-3.6634828505503294,0.29161482836586106,-0.10802513563053856,0.8024961940291153,0.5161290322580645,1.1473890069926036,0.3441095890411018,6.566390558829052,-5.6835143775250785,0.3484011828697317,-0.09264292154070936,1.3721559211436059,0.4838709677419355,2.439576643028169,-0.023371009812462734,9.08360300637352,-7.357219988413107,0.3196998603127883,-0.13214532420566355,2.556795848801343,1.0,1.4613356697877056,-0.09350029422222328
8139+9493,26,0.46153846153846156,-0.29959525698392736,-0.167284818375225,1.2369679720406894,-1.5062523437243405,0.28755582695234905,-0.11208413704405057,0.037509360314816775,0.5384615384615384,0.40497489654416624,0.3060292763461915,2.4188935891153,-2.0649294049790545,0.35457636204430115,-0.08646774236613991,0.6297418106951684,0.5769230769230769,0.6515924329519126,0.6786698612386722,2.9864302240801663,-2.420065113686469,0.3894829692111983,-0.062362215307253555,0.7688116387250864,0.0,0.15364400189980892,-0.09915057806868938
4453+6145,29,0.4482758620689655,-0.664125402431225,-0.21215274960885808,4.231494911421506,-4.886472447732116,0.2841291114874579,-0.11551085250894172,-0.32702078513248084,0.5172413793103449,-1.6065949230476269,0.3441095890411018,5.66861599574899,-6.951410538010759,0.34430737970569164,-0.09673672470474942,-1.3818280088966246,0.4482758620689655,-1.3308200131576082,-1.0168281039618152,7.508054016107699,-8.868170449513553,0.2841291114874579,-0.16771607303099395,-1.2136008073844344,0.0,1.1993967076077083,-0.10253774548234579
4723+4778,27,0.4444444444444444,-0.5397304554519392,-0.3185734374532577,1.7718451233878538,-2.2439854664047214,0.27585597670072826,-0.12378398729567136,-0.20262583815319507,0.4074074074074074,-0.8754461373409094,-0.35994148054227615,2.4321664288379505,-3.5650752649598525,0.24514513372857347,-0.1958989706818676,-0.6506792231899072,0.4444444444444444,-1.0465993129891644,-0.5596587183977774,3.329702424668762,-4.742838941266228,0.27585597670072826,-0.1759892078177236,-0.9293801072159906,0.0,0.41919867609742495,-0.13678375483683197
3105+2315,30,0.43333333333333335,0.25698674151183926,-0.2617513847912377,3.802330172158016,-3.354396375824059,0.27377237430615114,-0.12586758969024847,0.5940913588105834,0.5333333333333333,1.0258798371643996,0.4213464902637455,5.385129637340807,-4.958187569061987,0.36142013281525043,-0.07962397159519063,1.2506467513154018,0.5,1.737187528664106,0.254324368676755,7.487353396602212,-6.620853761011012,0.3315385122717376,-0.12030667224671426,1.8544067344372799,1.0,1.1655758527594202,-0.1267417291127534
4723+3105,31,0.41935483870967744,-0.5871968534015918,-0.34880255609613486,1.7660713502839398,-2.250960086773096,0.26415303073549257,-0.13548693326090705,-0.25009223610284764,0.4838709677419355,-0.4522663863588181,-0.1899580587177939,2.4751709928845025,-3.473920659923374,0.3196998603127883,-0.12134424409765276,-0.2274994722078159,0.4838709677419355,-0.03956191663784694,-0.03310564861140439,3.5037564809338195,-4.177354946973212,0.3196998603127883,-0.13214532420566355,0.0776572891353269,1.0,-0.31684149823838975,-0.14848670080206766
