trade_date,Year,symbol,entry_time,entry_px,exit_time,exit_px,stock_ret_pct,exit_reason,Postive 
2024-05-14,2024,ECLERX,09:15,1091,15:29,1120,2.66,EOD,Yes
2024-05-14,2024,ANGELONE,09:15,249.2,15:29,262,5.14,EOD,Yes
2024-05-14,2024,MMTC,09:15,69.5,15:29,71.6,3.02,EOD,Yes
2024-05-14,2024,RAILTEL,09:15,358.15,15:29,390,8.89,EOD,Yes
2024-05-14,2024,SCI,09:15,197.94,15:29,203.28,2.7,EOD,Yes
2024-05-14,2024,JKTYRE,09:15,383.7,15:29,386,0.6,EOD,Yes
2024-05-14,2024,SHYAMMETL,09:15,585.8,15:29,607.5,3.7,EOD,Yes
2024-05-14,2024,SWANCORP,09:15,541.7,15:29,562.1,3.77,EOD,Yes
2024-05-14,2024,RPOWER,09:15,24.6,15:29,25.6,4.07,EOD,Yes
2024-05-14,2024,FSL,09:15,181.6,15:29,186.8,2.86,EOD,Yes
2024-05-14,2024,HFCL,09:15,93.3,15:29,96.2,3.11,EOD,Yes
2024-05-14,2024,ACE,09:15,1343.55,15:29,1381.05,2.79,EOD,Yes
2024-05-14,2024,GMDCLTD,09:15,392.1,15:29,408.2,4.11,EOD,Yes
2024-05-14,2024,KAYNES,09:15,2494,15:29,2560,2.65,EOD,Yes
2024-05-15,2024,JKTYRE,09:15,387.95,15:29,389.85,0.49,EOD,Yes
2024-05-15,2024,CEATLTD,09:15,2306,15:29,2285,-0.91,EOD,No
2024-05-15,2024,APLAPOLLO,09:15,1581.05,15:29,1585,0.25,EOD,Neutral
2024-05-15,2024,LODHA,09:15,1144,15:29,1185.9,3.66,EOD,Yes
2024-05-16,2024,CEATLTD,09:15,2291.2,15:28,2278,-0.58,TRAIL,No
2024-05-16,2024,SHYAMMETL,09:15,604,15:28,588,-2.65,TRAIL,No
2024-05-16,2024,JKTYRE,09:15,391.5,15:28,397.4,1.51,TRAIL,Yes
2024-05-16,2024,RITES,09:15,334.7,15:28,330.95,-1.12,TRAIL,No
2024-05-16,2024,JSL,09:15,625,15:28,678.7,8.59,TRAIL,Yes
2024-05-16,2024,ACE,09:15,1402.5,15:28,1391.6,-0.78,TRAIL,No
2024-05-16,2024,APLAPOLLO,09:15,1590.45,15:28,1625,2.17,TRAIL,Yes
2024-05-16,2024,GLAXO,09:15,1999,15:28,2015.6,0.83,TRAIL,Yes
2024-05-16,2024,TARIL,09:15,319,15:28,310.9,-2.54,TRAIL,No
2024-05-17,2024,SWANCORP,09:15,584,15:29,596.05,2.06,EOD,Yes
2024-05-17,2024,ANGELONE,09:15,273.5,15:29,274.8,0.48,EOD,Yes
2024-05-17,2024,RITES,09:15,333,15:29,347,4.2,EOD,Yes
2024-05-17,2024,SHYAMMETL,09:15,594.3,15:29,618,3.99,EOD,Yes
2024-05-17,2024,JKTYRE,09:15,395,15:29,399.85,1.23,EOD,Yes
2024-05-17,2024,CEATLTD,09:15,2300.9,15:29,2390,3.87,EOD,Yes
2024-05-17,2024,ACE,09:15,1396,15:29,1419.9,1.71,EOD,Yes
2024-05-17,2024,MMTC,09:15,72.3,15:29,74.85,3.53,EOD,Yes
2024-05-17,2024,NLCINDIA,09:15,227.3,15:29,241.6,6.29,EOD,Yes
2024-05-17,2024,ITI,09:15,308,15:29,308,0,EOD,Neutral
2024-05-17,2024,RKFORGE,09:15,716.6,15:29,719.5,0.4,EOD,Neutral
2024-05-17,2024,RPOWER,09:15,26,15:29,26.1,0.38,EOD,Neutral
2024-05-18,2024,ANGELONE,09:15,277,12:29,275.5,-0.54,EOD,No
2024-05-18,2024,RPOWER,09:15,26.15,12:29,26.2,0.19,EOD,Neutral
2024-05-18,2024,ECLERX,09:15,1159,12:29,1180,1.81,EOD,Yes
2024-05-18,2024,CHENNPETRO,09:15,884,12:29,898,1.58,EOD,Yes
2024-05-18,2024,HINDZINC,09:15,596,12:29,619.7,3.98,EOD,Yes
2024-05-18,2024,RKFORGE,09:15,722.5,12:29,739.8,2.39,EOD,Yes
2024-05-21,2024,RPOWER,09:15,26.35,09:17,26.05,-1.14,HARD_STOP,No
2024-05-21,2024,ANGELONE,09:15,275.6,09:17,272.2,-1.23,HARD_STOP,No
2024-05-21,2024,APLAPOLLO,09:15,1670.3,09:17,1697.6,1.63,HARD_STOP,Yes
2024-05-21,2024,SWANCORP,09:15,605,09:17,598.45,-1.08,HARD_STOP,No
2024-05-21,2024,CEATLTD,09:15,2430,09:17,2387.65,-1.74,HARD_STOP,No
2024-05-21,2024,NIACL,09:15,236.8,09:17,234.75,-0.87,HARD_STOP,No
2024-05-21,2024,OLECTRA,09:15,1700,09:17,1702.35,0.14,HARD_STOP,Neutral
2024-05-21,2024,JPPOWER,09:15,20,09:17,19.95,-0.25,HARD_STOP,No
2024-05-21,2024,NSLNISP,09:15,66,09:17,64.9,-1.67,HARD_STOP,No
2024-05-21,2024,JSL,09:15,708,09:17,698.1,-1.4,HARD_STOP,No
2024-05-21,2024,KIRLOSENG,09:15,1290,09:17,1261.6,-2.2,HARD_STOP,No
2024-05-22,2024,CHENNPETRO,09:15,896.35,09:43,883.5,-1.43,HARD_STOP,No
2024-05-22,2024,UNIONBANK,09:15,135.7,09:43,137.35,1.22,HARD_STOP,Yes
2024-05-22,2024,ADANIENT,09:15,3034.4,09:43,2983.6,-1.67,HARD_STOP,No
2024-05-22,2024,SYRMA,09:15,421.25,09:43,415.9,-1.27,HARD_STOP,No
2024-05-22,2024,PNBHOUSING,09:15,742,09:43,736.6,-0.73,HARD_STOP,No
2024-05-22,2024,GRAVITA,09:15,956.6,09:43,933.45,-2.42,HARD_STOP,No
2024-05-22,2024,SAREGAMA,09:15,424.1,09:43,419.15,-1.17,HARD_STOP,No
2024-05-22,2024,PHOENIXLTD,09:15,1584.5,09:43,1616.5,2.02,HARD_STOP,Yes
2024-05-23,2024,IDEA,09:15,13.5,15:29,14.05,4.07,EOD,Yes
2024-05-23,2024,ADANIENT,09:15,3060.4,15:29,3294.3,7.64,EOD,Yes
2024-05-23,2024,CHENNPETRO,09:15,898,15:29,941.5,4.84,EOD,Yes
2024-05-23,2024,COCHINSHIP,09:15,1660,15:29,1900,14.46,EOD,Yes
2024-05-23,2024,PNBHOUSING,09:15,750.6,15:29,799,6.45,EOD,Yes
2024-05-23,2024,SAREGAMA,09:15,411.05,15:29,469.9,14.32,EOD,Yes
2024-05-23,2024,SCI,09:15,233.8,15:29,254.32,8.78,EOD,Yes
2024-05-23,2024,ARE&M,09:15,1149.7,15:29,1114.85,-3.03,EOD,No
2024-05-24,2024,HAL,09:15,4950,15:29,5142,3.88,EOD,Yes
2024-05-24,2024,LODHA,09:15,1339,15:29,1337,-0.15,EOD,No
2024-05-24,2024,PHOENIXLTD,09:15,1602.7,15:29,1602.95,0.02,EOD,Neutral
2024-05-24,2024,BEL,09:15,288,15:29,296.8,3.06,EOD,Yes
2024-05-24,2024,FINCABLES,09:15,1165,15:29,1283.75,10.19,EOD,Yes
2024-05-27,2024,COCHINSHIP,09:15,2100,09:47,1955.55,-6.88,HARD_STOP,No
2024-05-27,2024,ADANIENT,09:15,3255.5,09:47,3198.3,-1.76,HARD_STOP,No
2024-05-27,2024,RVNL,09:15,375.75,09:47,392.25,4.39,HARD_STOP,Yes
2024-05-27,2024,PNBHOUSING,09:15,800,09:47,795.95,-0.51,HARD_STOP,No
2024-05-27,2024,ADANIPOWER,09:15,142,09:47,141.1,-0.63,HARD_STOP,No
2024-05-27,2024,LODHA,09:15,1349.65,09:47,1355.25,0.41,HARD_STOP,Yes
2024-05-28,2024,NLCINDIA,09:15,228.85,09:24,227.65,-0.52,HARD_STOP,No
2024-05-28,2024,FIVESTAR,09:15,706.1,09:24,701,-0.72,HARD_STOP,No
2024-05-28,2024,GPIL,09:15,180,09:24,178,-1.11,HARD_STOP,No
2024-05-28,2024,BIKAJI,09:15,562,09:24,557.4,-0.82,HARD_STOP,No
2024-05-28,2024,FORCEMOT,09:15,8357.85,09:24,8315.2,-0.51,HARD_STOP,No
2024-05-28,2024,ATGL,09:15,979,09:24,973,-0.61,HARD_STOP,No
2024-05-28,2024,TECHNOE,09:15,1040,09:24,1032.65,-0.71,HARD_STOP,No
2024-05-28,2024,GVT&D,09:15,1338,09:24,1352,1.05,HARD_STOP,Yes
2024-05-28,2024,HUDCO,09:15,263.9,09:24,259.2,-1.78,HARD_STOP,No
2024-05-28,2024,POLICYBZR,09:15,1235,09:24,1232.15,-0.23,HARD_STOP,No
2024-05-28,2024,TITAGARH,09:15,1257,09:24,1232.05,-1.98,HARD_STOP,No
2024-05-28,2024,GESHIP,09:15,1008.9,09:24,1013,0.41,HARD_STOP,Yes
2024-05-29,2024,NLCINDIA,09:15,223.05,15:29,222,-0.47,EOD,No
2024-05-29,2024,ATGL,09:15,954.65,15:29,953,-0.17,EOD,No
2024-05-29,2024,FIVESTAR,09:15,697.1,15:29,714,2.42,EOD,Yes
2024-05-29,2024,GPIL,09:15,176.4,15:29,182.6,3.51,EOD,Yes
2024-05-29,2024,TARIL,09:15,324,15:29,332.5,2.62,EOD,Yes
2024-05-29,2024,HUDCO,09:15,250.05,15:29,262.25,4.88,EOD,Yes
2024-05-29,2024,FORCEMOT,09:15,8095,15:29,8367.5,3.37,EOD,Yes
2024-05-29,2024,BIKAJI,09:15,551,15:29,544,-1.27,EOD,No
2024-05-29,2024,TECHNOE,09:15,1017,15:29,1145,12.59,EOD,Yes
2024-05-29,2024,GVT&D,09:15,1308.95,15:29,1285,-1.83,EOD,No
2024-05-29,2024,EMAMILTD,09:15,531.85,15:29,516.1,-2.96,EOD,No
2024-05-29,2024,JWL,09:15,546.1,15:29,565,3.46,EOD,Yes
2024-05-29,2024,POLICYBZR,09:15,1194.95,15:29,1180.5,-1.21,EOD,No
2024-05-29,2024,NHPC,09:15,100.2,15:29,101.7,1.5,EOD,Yes
2024-05-30,2024,ATGL,09:15,952,10:06,954.4,0.25,TRAIL,Neutral
2024-05-30,2024,NLCINDIA,09:15,221.45,10:06,219.9,-0.7,TRAIL,No
2024-05-30,2024,BIKAJI,09:15,548,10:06,542,-1.09,TRAIL,No
2024-05-30,2024,FORCEMOT,09:15,8400,10:06,8421,0.25,TRAIL,Neutral
2024-05-30,2024,ZFCVINDIA,09:15,16425.2,10:06,15804.7,-3.78,TRAIL,No
2024-05-30,2024,GVT&D,09:15,1278,10:06,1274.45,-0.28,TRAIL,No
2024-05-30,2024,GLENMARK,09:15,1173.3,10:06,1170.3,-0.26,TRAIL,No
2024-05-30,2024,NHPC,09:15,102,10:06,100.55,-1.42,TRAIL,No
2024-05-30,2024,EMAMILTD,09:15,524.25,10:06,587.95,12.15,TRAIL,Yes
2024-05-31,2024,NLCINDIA,09:15,220.1,15:29,234.3,6.45,EOD,Yes
2024-05-31,2024,ATGL,09:15,966,15:29,1045,8.18,EOD,Yes
2024-05-31,2024,GPIL,09:15,181,15:29,195,7.73,EOD,Yes
2024-05-31,2024,FIVESTAR,09:15,720,15:29,755,4.86,EOD,Yes
2024-05-31,2024,TARIL,09:15,335,15:29,350,4.48,EOD,Yes
2024-05-31,2024,BIKAJI,09:15,556,15:29,586,5.4,EOD,Yes
2024-05-31,2024,HUDCO,09:15,264,15:29,272.4,3.18,EOD,Yes
2024-05-31,2024,NHPC,09:15,101.85,15:29,108.35,6.38,EOD,Yes
2024-05-31,2024,POLICYBZR,09:15,1225,15:29,1266.65,3.4,EOD,Yes
2024-05-31,2024,ZFCVINDIA,09:15,15942.7,15:29,17460,9.52,EOD,Yes
2024-05-31,2024,JSL,09:15,719,15:29,795,10.57,EOD,Yes
2024-05-31,2024,JWL,09:15,574.5,15:29,604,5.13,EOD,Yes
2024-06-03,2024,GLENMARK,09:15,1174.95,09:17,1171.45,-0.3,HARD_STOP,No
2024-06-03,2024,GLAXO,09:15,2625,09:17,2595.25,-1.13,HARD_STOP,No
2024-06-04,2024,PCBL,09:15,235,09:15,230.1,-2.09,HARD_STOP,No
2024-06-04,2024,MEDANTA,09:15,1172,09:15,1157.8,-1.21,HARD_STOP,No
2024-06-04,2024,MAXHEALTH,09:15,769.5,09:15,761.3,-1.07,HARD_STOP,No
2024-06-04,2024,KALYANKJIL,09:15,394,09:15,388.25,-1.46,HARD_STOP,No
2024-06-04,2024,GABRIEL,09:15,364.95,09:15,352.55,-3.4,HARD_STOP,No
2024-06-04,2024,NEULANDLAB,09:15,6168.8,09:15,6002.8,-2.69,HARD_STOP,No
2024-06-04,2024,ACE,09:15,1450.1,09:15,1405.05,-3.11,HARD_STOP,No
2024-06-05,2024,APLAPOLLO,09:15,1462,09:18,1449.5,-0.85,HARD_STOP,No
2024-06-05,2024,KEC,09:15,730,09:18,715.9,-1.93,HARD_STOP,No
2024-06-05,2024,IIFL,09:15,394.95,09:18,390.1,-1.23,HARD_STOP,No
2024-06-05,2024,MEDANTA,09:15,1116.2,09:18,1080.05,-3.24,HARD_STOP,No
2024-06-05,2024,CREDITACC,09:15,1277.9,09:18,1262.9,-1.17,HARD_STOP,No
2024-06-05,2024,GMRAIRPORT,09:15,78,09:18,76.35,-2.12,HARD_STOP,No
2024-06-05,2024,FORCEMOT,09:15,8300,09:18,8173.2,-1.53,HARD_STOP,No
2024-06-05,2024,INOXWIND,09:15,135.34,09:18,130.26,-3.75,HARD_STOP,No
2024-06-05,2024,ASTRAL,09:15,2020,09:18,2019.4,-0.03,HARD_STOP,No
2024-06-05,2024,WOCKPHARMA,09:15,502,09:18,502.8,0.16,HARD_STOP,Neutral
2024-06-05,2024,CESC,09:15,124.45,09:18,122.71,-1.4,HARD_STOP,No
2024-06-05,2024,KALYANKJIL,09:15,386,09:18,386,0,HARD_STOP,Neutral
2024-06-05,2024,NMDC,09:15,75.05,09:18,73.56,-1.99,HARD_STOP,No
2024-06-05,2024,EIHOTEL,09:15,408.45,09:18,406.5,-0.48,HARD_STOP,No
2024-06-05,2024,GRANULES,09:15,419.95,09:18,418,-0.46,HARD_STOP,No
2024-06-06,2024,ACUTAAS,09:15,562.4,09:27,561,-0.25,TRAIL,No
2024-06-06,2024,INOXWIND,09:15,141.21,09:27,140.02,-0.84,TRAIL,No
2024-06-06,2024,WOCKPHARMA,09:15,528,09:27,530,0.38,TRAIL,Neutral
2024-06-06,2024,USHAMART,09:15,342.5,09:27,346.95,1.3,TRAIL,Yes
2024-06-06,2024,TIINDIA,09:15,3770,09:27,3825.55,1.47,TRAIL,Yes
2024-06-07,2024,KALYANKJIL,09:15,401,15:29,406.15,1.28,EOD,Yes
2024-06-07,2024,EIHOTEL,09:15,420.05,15:29,437,4.04,EOD,Yes
2024-06-07,2024,ASTRAL,09:15,2155,15:29,2156,0.05,EOD,Neutral
2024-06-07,2024,CHALET,09:15,778.45,15:29,825,5.98,EOD,Yes
2024-06-07,2024,ETERNAL,09:15,182.5,15:29,183.45,0.52,EOD,Yes
2024-06-07,2024,FORCEMOT,09:15,8474.95,15:29,8551,0.9,EOD,Yes
2024-06-07,2024,LEMONTREE,09:15,140,15:29,142,1.43,EOD,Yes
2024-06-07,2024,CHOICEIN,09:15,357.9,15:29,361,0.87,EOD,Yes
2024-06-10,2024,TIINDIA,09:15,3935,09:56,3945.85,0.28,HARD_STOP,Neutral
2024-06-10,2024,ASTRAL,09:15,2180,09:56,2159.75,-0.93,HARD_STOP,No
2024-06-10,2024,KEC,09:15,814.8,09:56,807.5,-0.9,HARD_STOP,No
2024-06-10,2024,FORCEMOT,09:15,8649.7,09:56,8570,-0.92,HARD_STOP,No
2024-06-10,2024,LEMONTREE,09:15,143.8,09:56,142.6,-0.83,HARD_STOP,No
2024-06-10,2024,ASAHIINDIA,09:15,605.75,09:56,604.35,-0.23,HARD_STOP,No
2024-06-10,2024,USHAMART,09:15,366.5,09:56,364,-0.68,HARD_STOP,No
2024-06-11,2024,APTUS,09:15,322,15:29,319.55,-0.76,EOD,No
2024-06-11,2024,RITES,09:15,330.45,15:29,337.5,2.13,EOD,Yes
2024-06-11,2024,ELGIEQUIP,09:15,611.1,15:29,610,-0.18,EOD,No
2024-06-11,2024,MEDANTA,09:15,1202,15:29,1228,2.16,EOD,Yes
2024-06-11,2024,SPLPETRO,09:15,709.9,15:29,747,5.23,EOD,Yes
2024-06-11,2024,JPPOWER,09:15,17.93,15:29,18.52,3.29,EOD,Yes
2024-06-11,2024,BDL,09:15,1427.8,15:29,1425.5,-0.16,EOD,No
2024-06-11,2024,COCHINSHIP,09:15,1905,15:29,1890.45,-0.76,EOD,No
2024-06-11,2024,ENGINERSIN,09:15,232.25,15:29,246.45,6.11,EOD,Yes
2024-06-11,2024,BLS,09:15,321.15,15:29,331.05,3.08,EOD,Yes
2024-06-11,2024,BEML,09:15,1977.5,15:29,2015.4,1.92,EOD,Yes
2024-06-11,2024,OIL,09:15,406,15:29,430.7,6.08,EOD,Yes
2024-06-11,2024,HOMEFIRST,09:15,890,15:29,928,4.27,EOD,Yes
2024-06-12,2024,ELGIEQUIP,09:15,612.6,15:29,604.75,-1.28,EOD,No
2024-06-12,2024,APTUS,09:15,320.9,15:29,341.45,6.4,EOD,Yes
2024-06-12,2024,MEDANTA,09:15,1235.45,15:29,1243,0.61,EOD,Yes
2024-06-12,2024,MAXHEALTH,09:15,811,15:29,871,7.4,EOD,Yes
2024-06-12,2024,COCHINSHIP,09:15,1902.8,15:29,1907.85,0.27,EOD,Neutral
2024-06-12,2024,LTF,09:15,165.8,15:29,170.55,2.86,EOD,Yes
2024-06-12,2024,BDL,09:15,1425,15:29,1423,-0.14,EOD,No
2024-06-12,2024,DATAPATTNS,09:15,2691.4,15:29,2730,1.43,EOD,Yes
2024-06-12,2024,COHANCE,09:15,682.15,15:29,671,-1.63,EOD,No
2024-06-13,2024,ELGIEQUIP,09:15,605,15:29,655.5,8.35,EOD,Yes
2024-06-13,2024,RITES,09:15,342.5,15:29,339,-1.02,EOD,No
2024-06-13,2024,DATAPATTNS,09:15,2748.6,15:29,2720,-1.04,EOD,No
2024-06-13,2024,MEDANTA,09:15,1243.2,15:29,1280,2.96,EOD,Yes
2024-06-13,2024,FLUOROCHEM,09:15,3250,15:29,3276.8,0.82,EOD,Yes
2024-06-13,2024,BEML,09:15,2000,15:29,2008.5,0.43,EOD,Yes
2024-06-13,2024,SPLPETRO,09:15,734.75,15:29,738,0.44,EOD,Yes
2024-06-13,2024,COCHINSHIP,09:15,1912.4,15:29,2010.1,5.11,EOD,Yes
2024-06-13,2024,COHANCE,09:15,675,15:29,673,-0.3,EOD,No
2024-06-13,2024,BDL,09:15,1425,15:29,1496.75,5.04,EOD,Yes
2024-06-14,2024,JWL,09:15,699.85,15:29,685.95,-1.99,EOD,No
2024-06-14,2024,RITES,09:15,345.5,15:29,352.25,1.95,EOD,Yes
2024-06-14,2024,SPLPETRO,09:15,739,15:29,734.9,-0.55,EOD,No
2024-06-14,2024,APTUS,09:15,346.1,15:29,349.5,0.98,EOD,Yes
2024-06-14,2024,IRCON,09:15,269,15:29,269,0,EOD,Neutral
2024-06-14,2024,DATAPATTNS,09:15,2750,15:29,2933,6.65,EOD,Yes
2024-06-14,2024,ENGINERSIN,09:15,254.3,15:29,263.53,3.63,EOD,Yes
2024-06-14,2024,HONAUT,09:15,54900,15:29,57900,5.46,EOD,Yes
2024-06-18,2024,JWL,09:15,693.25,09:19,687,-0.9,HARD_STOP,No
2024-06-18,2024,INTELLECT,09:15,1075,09:19,1071.95,-0.28,HARD_STOP,No
2024-06-18,2024,SPLPETRO,09:15,736.9,09:19,733.15,-0.51,HARD_STOP,No
2024-06-18,2024,APTUS,09:15,350,09:19,346,-1.14,HARD_STOP,No
2024-06-18,2024,TECHNOE,09:15,1480,09:19,1487,0.47,HARD_STOP,Yes
2024-06-18,2024,PAYTM,09:15,442,09:19,428,-3.17,HARD_STOP,No
2024-06-18,2024,FLUOROCHEM,09:15,3263.65,09:19,3240.15,-0.72,HARD_STOP,No
2024-06-18,2024,GVT&D,09:15,1660,09:19,1640,-1.2,HARD_STOP,No
2024-06-18,2024,IRCON,09:15,272,09:19,273.55,0.57,HARD_STOP,Yes
2024-06-19,2024,CLEAN,09:15,1364,09:29,1392.6,2.1,HARD_STOP,Yes
2024-06-19,2024,SPLPETRO,09:15,732.3,09:29,729.4,-0.4,HARD_STOP,No
2024-06-19,2024,NEWGEN,09:15,931.65,09:29,941.15,1.02,HARD_STOP,Yes
2024-06-19,2024,MAPMYINDIA,09:15,1990,09:29,1981.85,-0.41,HARD_STOP,No
2024-06-19,2024,TITAGARH,09:15,1506,09:29,1458,-3.19,HARD_STOP,No
2024-06-19,2024,PRESTIGE,09:15,1929.05,09:29,1857.75,-3.7,HARD_STOP,No
2024-06-19,2024,FLUOROCHEM,09:15,3190,09:29,3176.4,-0.43,HARD_STOP,No
2024-06-19,2024,ELGIEQUIP,09:15,698.45,09:29,690,-1.21,HARD_STOP,No
2024-06-20,2024,KALYANKJIL,09:15,426,09:20,420.9,-1.2,HARD_STOP,No
2024-06-20,2024,RAILTEL,09:15,428.9,09:20,420.65,-1.92,HARD_STOP,No
2024-06-20,2024,NEWGEN,09:15,939.85,09:20,948.75,0.95,HARD_STOP,Yes
2024-06-20,2024,ASAHIINDIA,09:15,672,09:20,664.05,-1.18,HARD_STOP,No
2024-06-20,2024,MAPMYINDIA,09:15,2220,09:20,2191.25,-1.3,HARD_STOP,No
2024-06-20,2024,TITAGARH,09:15,1482.9,09:20,1472,-0.74,HARD_STOP,No
2024-06-20,2024,KPITTECH,09:15,1526,09:20,1511,-0.98,HARD_STOP,No
2024-06-20,2024,ELGIEQUIP,09:15,701.05,09:20,708.75,1.1,HARD_STOP,Yes
2024-06-21,2024,GALLANTT,09:15,360,15:29,360,0,EOD,Neutral
2024-06-21,2024,RAILTEL,09:15,436.65,15:29,475.7,8.94,EOD,Yes
2024-06-21,2024,ASAHIINDIA,09:15,677,15:29,677.05,0.01,EOD,Neutral
2024-06-21,2024,GRAVITA,09:15,1404.3,15:29,1533,9.16,EOD,Yes
2024-06-21,2024,TITAGARH,09:15,1496,15:29,1595.55,6.65,EOD,Yes
2024-06-21,2024,NAVA,09:15,355.5,15:29,371.75,4.57,EOD,Yes
2024-06-21,2024,KALYANKJIL,09:15,437,15:29,449.85,2.94,EOD,Yes
2024-06-21,2024,INDUSTOWER,09:15,337.75,15:29,336.35,-0.41,EOD,No
2024-06-24,2024,ASAHIINDIA,09:15,680,09:30,695.85,2.33,HARD_STOP,Yes
2024-06-24,2024,CLEAN,09:15,1445,09:30,1422,-1.59,HARD_STOP,No
2024-06-24,2024,PRESTIGE,09:15,2039,09:30,1952.35,-4.25,HARD_STOP,No
2024-06-24,2024,PGEL,09:15,320.6,09:30,325.5,1.53,HARD_STOP,Yes
2024-06-24,2024,SPLPETRO,09:15,800.25,09:30,785.6,-1.83,HARD_STOP,No
2024-06-24,2024,CUB,09:15,162.07,09:30,160.19,-1.16,HARD_STOP,No
2024-06-25,2024,JKTYRE,09:15,392.75,15:29,403.4,2.71,EOD,Yes
2024-06-25,2024,SAIL,09:15,150.8,15:29,147.12,-2.44,EOD,No
2024-06-25,2024,MANAPPURAM,09:15,194,15:29,192.8,-0.62,EOD,No
2024-06-25,2024,AEGISLOG,09:15,810.6,15:29,820,1.16,EOD,Yes
2024-06-25,2024,CDSL,09:15,1019,15:29,1015.5,-0.34,EOD,No
2024-06-25,2024,INDUSTOWER,09:15,342.95,15:29,344.15,0.35,EOD,Neutral
2024-06-25,2024,PTCIL,09:15,13699,15:29,13390,-2.26,EOD,No
2024-06-25,2024,PATANJALI,09:15,485.8,15:29,509.6,4.9,EOD,Yes
2024-06-25,2024,CAPLIPOINT,09:15,1424.35,15:29,1399,-1.78,EOD,No
2024-06-25,2024,CEATLTD,09:15,2483,15:29,2466,-0.68,EOD,No
2024-06-25,2024,ARE&M,09:15,1480.85,15:29,1650,11.42,EOD,Yes
2024-06-26,2024,CEATLTD,09:15,2478.8,15:29,2519.95,1.66,EOD,Yes
2024-06-26,2024,SAIL,09:15,147.45,15:29,144.35,-2.1,EOD,No
2024-06-26,2024,AEGISLOG,09:15,816.05,15:29,825.55,1.16,EOD,Yes
2024-06-26,2024,CAPLIPOINT,09:15,1402.55,15:29,1394,-0.61,EOD,No
2024-06-26,2024,CDSL,09:15,1017.45,15:29,1009,-0.83,EOD,No
2024-06-26,2024,MANAPPURAM,09:15,196.15,15:29,195.8,-0.18,EOD,No
2024-06-26,2024,PTCIL,09:15,13459.7,15:29,13270,-1.41,EOD,No
2024-06-26,2024,INDUSTOWER,09:15,346,15:29,356.75,3.11,EOD,Yes
2024-06-26,2024,POWERINDIA,09:15,11525.4,15:29,12612,9.43,EOD,Yes
2024-06-27,2024,JKTYRE,09:15,399.1,14:05,395.35,-0.94,TRAIL,No
2024-06-27,2024,ARE&M,09:15,1667,14:05,1606.05,-3.66,TRAIL,No
2024-06-27,2024,SAIL,09:15,144.7,14:05,140.92,-2.61,TRAIL,No
2024-06-27,2024,AEGISLOG,09:15,830.75,14:05,850.7,2.4,TRAIL,Yes
2024-06-27,2024,CDSL,09:15,1007.5,14:05,1004.35,-0.31,TRAIL,No
2024-06-27,2024,CEATLTD,09:15,2523,14:05,2589.6,2.64,TRAIL,Yes
2024-06-27,2024,TECHNOE,09:15,1540.95,14:05,1522,-1.23,TRAIL,No
2024-06-27,2024,CAPLIPOINT,09:15,1380,14:05,1457.9,5.64,TRAIL,Yes
2024-06-27,2024,PTCIL,09:15,13250.55,14:05,13058.95,-1.45,TRAIL,No
2024-06-27,2024,NEULANDLAB,09:15,7375,14:05,7468.75,1.27,TRAIL,Yes
2024-06-27,2024,MANAPPURAM,09:15,196.8,14:05,210.23,6.82,TRAIL,Yes
2024-06-28,2024,JKTYRE,09:15,397.9,15:29,429.75,8,EOD,Yes
2024-06-28,2024,TECHNOE,09:15,1539,15:29,1549.9,0.71,EOD,Yes
2024-06-28,2024,ARE&M,09:15,1600,15:29,1667,4.19,EOD,Yes
2024-06-28,2024,GRSE,09:15,2134,15:29,2102,-1.5,EOD,No
2024-06-28,2024,SAIL,09:15,144,15:29,149.2,3.61,EOD,Yes
2024-06-28,2024,POWERINDIA,09:15,12588,15:29,12975,3.07,EOD,Yes
2024-06-28,2024,CDSL,09:15,1080,15:29,1203.7,11.45,EOD,Yes
2024-06-28,2024,APOLLOTYRE,09:15,518,15:29,542.7,4.77,EOD,Yes
2024-06-28,2024,CRAFTSMAN,09:15,5358.95,15:29,5510,2.82,EOD,Yes
2024-07-01,2024,GRSE,09:15,2127.7,15:29,2309,8.52,EOD,Yes
2024-07-01,2024,MANAPPURAM,09:15,210.05,15:29,211.75,0.81,EOD,Yes
2024-07-01,2024,PTCIL,09:15,13949.95,15:29,13935,-0.11,EOD,No
2024-07-01,2024,ULTRACEMCO,09:15,11669,15:29,11889.85,1.89,EOD,Yes
2024-07-02,2024,RITES,09:15,346.5,10:37,350.95,1.28,HARD_STOP,Yes
2024-07-02,2024,PTCIL,09:15,14227,10:37,13398.55,-5.82,HARD_STOP,No
2024-07-02,2024,POWERINDIA,09:15,13100,10:37,13198.4,0.75,HARD_STOP,Yes
2024-07-02,2024,HBLENGINE,09:15,503.8,10:37,499.9,-0.77,HARD_STOP,No
2024-07-02,2024,JWL,09:15,694,10:37,686,-1.15,HARD_STOP,No
2024-07-02,2024,THERMAX,09:15,5309.95,10:37,5219.6,-1.7,HARD_STOP,No
2024-07-02,2024,WELCORP,09:15,563,10:37,564.2,0.21,HARD_STOP,Neutral
2024-07-02,2024,TEGA,09:15,1648.4,10:37,1633.95,-0.88,HARD_STOP,No
2024-07-02,2024,INOXWIND,09:15,142.06,10:37,142.04,-0.01,HARD_STOP,No
2024-07-03,2024,MAZDOCK,09:15,2177.25,15:29,2345,7.7,EOD,Yes
2024-07-03,2024,SWANCORP,09:15,623.95,15:29,616,-1.27,EOD,No
2024-07-03,2024,RITES,09:15,351.5,15:29,349,-0.71,EOD,No
2024-07-03,2024,BAJAJHLDNG,09:15,8855.55,15:29,9270,4.68,EOD,Yes
2024-07-03,2024,COCHINSHIP,09:15,2271,15:29,2434,7.18,EOD,Yes
2024-07-03,2024,PTCIL,09:15,14322.25,15:29,14880,3.89,EOD,Yes
2024-07-03,2024,NIACL,09:15,243,15:29,244.1,0.45,EOD,Yes
2024-07-03,2024,INOXWIND,09:15,142.64,15:29,140.21,-1.7,EOD,No
2024-07-03,2024,LINDEINDIA,09:15,8510,15:29,8595,1,EOD,Yes
2024-07-03,2024,IRFC,09:15,172.8,15:29,176.55,2.17,EOD,Yes
2024-07-03,2024,HBLENGINE,09:15,505.7,15:29,523.2,3.46,EOD,Yes
2024-07-03,2024,YESBANK,09:15,24,15:29,23.95,-0.21,EOD,No
2024-07-03,2024,SJVN,09:15,131.3,15:29,135.76,3.4,EOD,Yes
2024-07-04,2024,RITES,09:15,350.9,15:29,374.1,6.61,EOD,Yes
2024-07-04,2024,SWANCORP,09:15,620.9,15:29,632,1.79,EOD,Yes
2024-07-04,2024,YESBANK,09:15,23.99,15:29,23.99,0,EOD,Neutral
2024-07-04,2024,FSL,09:15,221.1,15:29,226.75,2.56,EOD,Yes
2024-07-04,2024,NIACL,09:15,245.31,15:29,259.05,5.6,EOD,Yes
2024-07-05,2024,POWERINDIA,09:15,13700,09:21,13610.05,-0.66,HARD_STOP,No
2024-07-05,2024,PTCIL,09:15,15000,09:21,14964.3,-0.24,HARD_STOP,No
2024-07-05,2024,ZENTEC,09:15,1445,09:21,1425.8,-1.33,HARD_STOP,No
2024-07-05,2024,VTL,09:15,491,09:21,488.65,-0.48,HARD_STOP,No
2024-07-08,2024,GRSE,09:15,2716.9,09:25,2739.9,0.85,HARD_STOP,Yes
2024-07-08,2024,MAZDOCK,09:15,2855,09:25,2875,0.7,HARD_STOP,Yes
2024-07-08,2024,POWERINDIA,09:15,13900,09:25,14017.5,0.85,HARD_STOP,Yes
2024-07-08,2024,PTCIL,09:15,14800,09:25,14755.9,-0.3,HARD_STOP,No
2024-07-08,2024,NLCINDIA,09:15,268.75,09:25,265.23,-1.31,HARD_STOP,No
2024-07-08,2024,ZENTEC,09:15,1414.95,09:25,1369.15,-3.24,HARD_STOP,No
2024-07-08,2024,TEGA,09:15,1746.05,09:25,1719.35,-1.53,HARD_STOP,No
2024-07-08,2024,BAJAJHLDNG,09:15,9765,09:25,9672,-0.95,HARD_STOP,No
2024-07-08,2024,GVT&D,09:15,1694.15,09:25,1671.6,-1.33,HARD_STOP,No
2024-07-08,2024,JWL,09:15,736.6,09:25,733.55,-0.41,HARD_STOP,No
2024-07-09,2024,NSLNISP,09:15,57.8,15:29,57.72,-0.14,EOD,No
2024-07-09,2024,SONATSOFTW,09:15,635,15:29,627,-1.26,EOD,No
2024-07-09,2024,KPITTECH,09:15,1732,15:29,1717,-0.87,EOD,No
2024-07-09,2024,JUBLINGREA,09:15,531.9,15:29,589,10.74,EOD,Yes
2024-07-09,2024,CGCL,09:15,211.5,15:29,214.8,1.56,EOD,Yes
2024-07-09,2024,WELSPUNLIV,09:15,153,15:29,161.2,5.36,EOD,Yes
2024-07-09,2024,BBTC,09:15,2005.05,15:29,2345,16.95,EOD,Yes
2024-07-10,2024,SONATSOFTW,09:15,627,10:07,617.55,-1.51,HARD_STOP,No
2024-07-10,2024,RVNL,09:15,560,10:07,585.5,4.55,HARD_STOP,Yes
2024-07-10,2024,INOXWIND,09:15,159.7,10:07,155.9,-2.38,HARD_STOP,No
2024-07-10,2024,RITES,09:15,373.2,10:07,367.25,-1.59,HARD_STOP,No
2024-07-10,2024,SONACOMS,09:15,680.15,10:07,678.4,-0.26,HARD_STOP,No
2024-07-10,2024,RAILTEL,09:15,514.75,10:07,516.5,0.34,HARD_STOP,Neutral
2024-07-10,2024,NIACL,09:15,272,10:07,266.75,-1.93,HARD_STOP,No
2024-07-10,2024,IFCI,09:15,63.84,10:07,62.09,-2.74,HARD_STOP,No
2024-07-11,2024,SONATSOFTW,09:15,615.1,15:29,620,0.8,EOD,Yes
2024-07-11,2024,RITES,09:15,366.7,15:29,361.35,-1.46,EOD,No
2024-07-11,2024,MRPL,09:15,226.81,15:29,236.86,4.43,EOD,Yes
2024-07-11,2024,CAPLIPOINT,09:15,1540,15:29,1522,-1.17,EOD,No
2024-07-11,2024,IFCI,09:15,61.9,15:29,62.05,0.24,EOD,Neutral
2024-07-11,2024,JUBLINGREA,09:15,580.55,15:29,601.8,3.66,EOD,Yes
2024-07-11,2024,OIL,09:15,514.7,15:29,554.9,7.81,EOD,Yes
2024-07-11,2024,SJVN,09:15,143.35,15:29,151.55,5.72,EOD,Yes
2024-07-11,2024,BBTC,09:15,2267.6,15:29,2316,2.13,EOD,Yes
2024-07-11,2024,INOXWIND,09:15,159.2,15:29,155.4,-2.39,EOD,No
2024-07-11,2024,NSLNISP,09:15,57.98,15:29,60.28,3.97,EOD,Yes
2024-07-11,2024,SONACOMS,09:15,692.9,15:29,718,3.62,EOD,Yes
2024-07-12,2024,SONATSOFTW,09:15,628,15:29,691.9,10.18,EOD,Yes
2024-07-12,2024,CAPLIPOINT,09:15,1517,15:29,1521,0.26,EOD,Neutral
2024-07-12,2024,KPITTECH,09:15,1718.4,15:29,1860,8.24,EOD,Yes
2024-07-12,2024,RITES,09:15,362.9,15:29,384,5.81,EOD,Yes
2024-07-12,2024,IRCON,09:15,321.5,15:29,336.75,4.74,EOD,Yes
2024-07-12,2024,IFCI,09:15,62.45,15:29,69.7,11.61,EOD,Yes
2024-07-15,2024,RVNL,09:15,637,09:32,633,-0.63,HARD_STOP,No
2024-07-15,2024,NHPC,09:15,113.8,09:32,113.38,-0.37,HARD_STOP,No
2024-07-15,2024,CAPLIPOINT,09:15,1520.05,09:32,1520,0,HARD_STOP,Neutral
2024-07-15,2024,CHENNPETRO,09:15,1055,09:32,1052.05,-0.28,HARD_STOP,No
2024-07-15,2024,SJVN,09:15,151.55,09:32,148.57,-1.97,HARD_STOP,No
2024-07-15,2024,SONACOMS,09:15,731.6,09:32,753.7,3.02,HARD_STOP,Yes
2024-07-15,2024,MRPL,09:15,237.6,09:32,231.77,-2.45,HARD_STOP,No
2024-07-15,2024,JUBLINGREA,09:15,606,09:32,592.8,-2.18,HARD_STOP,No
2024-07-15,2024,WELSPUNLIV,09:15,174,09:32,172.33,-0.96,HARD_STOP,No
2024-07-15,2024,BBTC,09:15,2289,09:32,2263.5,-1.11,HARD_STOP,No
2024-07-16,2024,TTML,09:15,77.99,15:29,81.38,4.35,EOD,Yes
2024-07-16,2024,KARURVYSYA,09:15,168.15,15:29,168.75,0.36,EOD,Neutral
2024-07-16,2024,RVNL,09:15,625,15:29,623.7,-0.21,EOD,No
2024-07-16,2024,PAYTM,09:15,466,15:29,458.1,-1.7,EOD,No
2024-07-16,2024,LICI,09:15,1065,15:29,1105.55,3.81,EOD,Yes
2024-07-16,2024,PTCIL,09:15,14300,15:29,14399,0.69,EOD,Yes
2024-07-16,2024,MAZDOCK,09:15,2695,15:29,2697.5,0.09,EOD,Neutral
2024-07-16,2024,GRSE,09:15,2503.9,15:29,2576,2.88,EOD,Yes
2024-07-16,2024,HUDCO,09:15,336.15,15:29,335.65,-0.15,EOD,No
2024-07-16,2024,EMAMILTD,09:15,772,15:29,772.95,0.12,EOD,Neutral
2024-07-18,2024,KARURVYSYA,09:15,169.05,09:19,167.2,-1.09,TRAIL,No
2024-07-18,2024,RVNL,09:15,612,09:19,618.25,1.02,TRAIL,Yes
2024-07-18,2024,PAYTM,09:15,459,09:19,461.4,0.52,TRAIL,Yes
2024-07-18,2024,MAZDOCK,09:15,2700,09:19,2668.6,-1.16,TRAIL,No
2024-07-18,2024,TECHNOE,09:15,1495.9,09:19,1523,1.81,TRAIL,Yes
2024-07-18,2024,ELECON,09:15,546,09:19,593.55,8.71,TRAIL,Yes
2024-07-18,2024,PTCIL,09:15,14335.7,09:19,14309,-0.19,TRAIL,No
2024-07-18,2024,HUDCO,09:15,335.9,09:19,326.95,-2.66,TRAIL,No
2024-07-18,2024,COCHINSHIP,09:15,2740,09:19,2698.1,-1.53,TRAIL,No
2024-07-19,2024,PAYTM,09:15,443,09:15,439.8,-0.72,HARD_STOP,No
2024-07-19,2024,RVNL,09:15,582.35,09:15,574.6,-1.33,HARD_STOP,No
2024-07-19,2024,CEMPRO,09:15,515.9,09:15,503.1,-2.48,HARD_STOP,No
2024-07-19,2024,DEVYANI,09:15,176.08,09:15,174.17,-1.08,HARD_STOP,No
2024-07-19,2024,ELECON,09:15,665,09:15,674.85,1.48,HARD_STOP,Yes
2024-07-19,2024,GRSE,09:15,2533,09:15,2507.6,-1,HARD_STOP,No
2024-07-19,2024,TECHNOE,09:15,1536.95,09:15,1501.55,-2.3,HARD_STOP,No
2024-07-19,2024,MAZDOCK,09:15,2594,09:15,2568.75,-0.97,HARD_STOP,No
2024-07-19,2024,PTCIL,09:15,14200,09:15,14100,-0.7,HARD_STOP,No
2024-07-19,2024,LICI,09:15,1106,09:15,1101.3,-0.42,HARD_STOP,No
2024-07-19,2024,AEGISLOG,09:15,883.9,09:15,875.4,-0.96,HARD_STOP,No
2024-07-22,2024,INDIACEM,09:15,339.95,09:19,341.1,0.34,HARD_STOP,Neutral
2024-07-22,2024,DEVYANI,09:15,175,09:19,173.88,-0.64,HARD_STOP,No
2024-07-22,2024,KARURVYSYA,09:15,175.1,09:19,172.55,-1.46,HARD_STOP,No
2024-07-22,2024,CEMPRO,09:15,510,09:19,493.45,-3.25,HARD_STOP,No
2024-07-22,2024,ELECON,09:15,631,09:19,619.35,-1.85,HARD_STOP,No
2024-07-22,2024,LICI,09:15,1100,09:19,1091.3,-0.79,HARD_STOP,No
2024-07-22,2024,TECHNOE,09:15,1478,09:19,1480,0.14,HARD_STOP,Neutral
2024-07-22,2024,MAZDOCK,09:15,2527.5,09:19,2483.1,-1.76,HARD_STOP,No
2024-07-22,2024,EMAMILTD,09:15,799.8,09:19,823.5,2.96,HARD_STOP,Yes
2024-07-22,2024,GRSE,09:15,2425,09:19,2409.2,-0.65,HARD_STOP,No
2024-07-22,2024,PTCIL,09:15,13500,09:19,13500,0,HARD_STOP,Neutral
2024-07-22,2024,COCHINSHIP,09:15,2505,09:19,2474.9,-1.2,HARD_STOP,No
2024-07-23,2024,UCOBANK,09:15,56.25,09:46,55.55,-1.24,HARD_STOP,No
2024-07-23,2024,JPPOWER,09:15,18.11,09:46,17.88,-1.27,HARD_STOP,No
2024-07-23,2024,RPOWER,09:15,27.2,09:46,27,-0.74,HARD_STOP,No
2024-07-23,2024,MOTILALOFS,09:15,534.95,09:46,527.45,-1.4,HARD_STOP,No
2024-07-23,2024,ZEEL,09:15,132.32,09:46,132.43,0.08,HARD_STOP,Neutral
2024-07-23,2024,HINDPETRO,09:15,328.75,09:46,324.5,-1.29,HARD_STOP,No
2024-07-23,2024,ABB,09:15,7766.95,09:46,7697.65,-0.89,HARD_STOP,No
2024-07-23,2024,BSE,09:15,735.5,09:46,746.5,1.5,HARD_STOP,Yes
2024-07-23,2024,SCHAEFFLER,09:15,3865,09:46,3884.7,0.51,HARD_STOP,Yes
2024-07-23,2024,IOB,09:15,65.5,09:46,64.89,-0.93,HARD_STOP,No
2024-07-23,2024,MCX,09:15,762,09:46,751,-1.44,HARD_STOP,No
2024-07-24,2024,ABB,09:15,7549.95,15:29,7506.3,-0.58,EOD,No
2024-07-24,2024,JPPOWER,09:15,17.96,15:29,18.8,4.68,EOD,Yes
2024-07-24,2024,ITI,09:15,295.45,15:29,305.3,3.33,EOD,Yes
2024-07-24,2024,RPOWER,09:15,26.99,15:29,28.28,4.78,EOD,Yes
2024-07-24,2024,SCHAEFFLER,09:15,3956.6,15:29,4127.75,4.33,EOD,Yes
2024-07-24,2024,KEI,09:15,4220,15:29,4160,-1.42,EOD,No
2024-07-24,2024,BSE,09:15,748.5,15:29,806.5,7.75,EOD,Yes
2024-07-24,2024,UCOBANK,09:15,54.5,15:29,55.92,2.61,EOD,Yes
2024-07-24,2024,ZEEL,09:15,132.22,15:29,134,1.35,EOD,Yes
2024-07-24,2024,IDEA,09:15,15.3,15:29,15.63,2.16,EOD,Yes
2024-07-24,2024,IOB,09:15,63.76,15:29,65.95,3.43,EOD,Yes
2024-07-24,2024,BHARATFORG,09:15,1598.5,15:29,1591.3,-0.45,EOD,No
2024-07-24,2024,PCBL,09:15,275,15:29,292.2,6.25,EOD,Yes
2024-07-25,2024,ABB,09:15,7450,15:29,7640,2.55,EOD,Yes
2024-07-25,2024,KEI,09:15,4175.2,15:29,4237,1.48,EOD,Yes
2024-07-25,2024,ZEEL,09:15,133.89,15:29,137.11,2.4,EOD,Yes
2024-07-25,2024,LLOYDSME,09:15,701.5,15:29,725,3.35,EOD,Yes
2024-07-26,2024,ABB,09:15,7698.95,15:29,7849,1.95,EOD,Yes
2024-07-26,2024,MOTILALOFS,09:15,595,15:29,590,-0.84,EOD,No
2024-07-26,2024,JPPOWER,09:15,19.01,15:29,19.67,3.47,EOD,Yes
2024-07-26,2024,KEI,09:15,4250,15:29,4356,2.49,EOD,Yes
2024-07-26,2024,UCOBANK,09:15,55.9,15:29,57.07,2.09,EOD,Yes
2024-07-26,2024,IOB,09:15,65.9,15:29,67.2,1.97,EOD,Yes
2024-07-26,2024,SCHAEFFLER,09:15,4094.4,15:29,4173.85,1.94,EOD,Yes
2024-07-26,2024,ITI,09:15,305,15:29,307.35,0.77,EOD,Yes
2024-07-26,2024,CHALET,09:15,825,15:29,835.5,1.27,EOD,Yes
2024-07-26,2024,NIACL,09:15,260.15,15:29,290.85,11.8,EOD,Yes
2024-07-26,2024,ASAHIINDIA,09:15,675,15:29,686.3,1.67,EOD,Yes
2024-07-29,2024,BSE,09:15,822,15:29,812.5,-1.16,EOD,No
2024-07-29,2024,PGEL,09:15,443.6,15:29,459.5,3.58,EOD,Yes
2024-07-29,2024,ZEEL,09:15,140.75,15:29,141.21,0.33,EOD,Neutral
2024-07-29,2024,ITI,09:15,310,15:29,308.5,-0.48,EOD,No
2024-07-29,2024,MCX,09:15,835,15:29,841,0.72,EOD,Yes
2024-07-29,2024,CLEAN,09:15,1546.4,15:29,1515,-2.03,EOD,No
2024-07-29,2024,KFINTECH,09:15,797,15:29,799.15,0.27,EOD,Neutral
2024-07-29,2024,CHALET,09:15,840.5,15:29,830,-1.25,EOD,No
2024-07-30,2024,ADANIENSOL,09:15,1064.9,15:29,1136,6.68,EOD,Yes
2024-07-30,2024,JUBLPHARMA,09:15,724.9,15:29,737,1.67,EOD,Yes
2024-07-30,2024,ANGELONE,09:15,214.7,15:29,213.9,-0.37,EOD,No
2024-07-30,2024,GVT&D,09:15,1577,15:29,1625,3.04,EOD,Yes
2024-07-30,2024,CLEAN,09:15,1516,15:29,1583.05,4.42,EOD,Yes
2024-07-30,2024,HSCL,09:15,420.85,15:29,430.1,2.2,EOD,Yes
2024-07-31,2024,RPOWER,09:15,31.59,15:29,32.84,3.96,EOD,Yes
2024-07-31,2024,JUBLPHARMA,09:15,738.1,15:29,775,5,EOD,Yes
2024-07-31,2024,ANGELONE,09:15,208.9,15:29,216.6,3.69,EOD,Yes
2024-07-31,2024,BSE,09:15,791.5,15:29,853.5,7.83,EOD,Yes
2024-07-31,2024,ASTERDM,09:15,349.15,15:29,346.7,-0.7,EOD,No
2024-07-31,2024,ETERNAL,09:15,227.61,15:29,229.6,0.87,EOD,Yes
2024-07-31,2024,TORNTPOWER,09:15,1700,15:29,1870,10,EOD,Yes
2024-07-31,2024,FSL,09:15,269.15,15:29,267.05,-0.78,EOD,No
2024-08-01,2024,DEEPAKFERT,09:15,943,15:29,940,-0.32,EOD,No
2024-08-01,2024,ADANIENSOL,09:15,1120,15:29,1266,13.04,EOD,Yes
2024-08-01,2024,ZENTEC,09:15,1705,15:29,1700.95,-0.24,EOD,No
2024-08-01,2024,FSL,09:15,269.15,15:29,294,9.23,EOD,Yes
2024-08-01,2024,ETERNAL,09:15,231,15:29,238,3.03,EOD,Yes
2024-08-01,2024,ANGELONE,09:15,216.9,15:29,223.8,3.18,EOD,Yes
2024-08-01,2024,GVT&D,09:15,1664.3,15:29,1664.3,0,EOD,Neutral
2024-08-01,2024,NYKAA,09:15,194,15:29,192.7,-0.67,EOD,No
2024-08-01,2024,JSWDULUX,09:15,2975.85,15:29,3103.3,4.28,EOD,Yes
2024-08-01,2024,SUZLON,09:15,69.93,15:29,68.3,-2.33,EOD,No
2024-08-01,2024,PCBL,09:15,328.5,15:29,349.3,6.33,EOD,Yes
2024-08-02,2024,DEEPAKFERT,09:15,922.5,15:29,960,4.07,EOD,Yes
2024-08-02,2024,MOTILALOFS,09:15,640.1,15:29,660,3.11,EOD,Yes
2024-08-02,2024,CLEAN,09:15,1559.4,15:29,1651,5.87,EOD,Yes
2024-08-02,2024,AWL,09:15,344,15:29,383.15,11.38,EOD,Yes
2024-08-02,2024,SUZLON,09:15,67.8,15:29,71.37,5.27,EOD,Yes
2024-08-02,2024,NYKAA,09:15,190,15:29,199,4.74,EOD,Yes
2024-08-02,2024,ERIS,09:15,1108,15:29,1127.95,1.8,EOD,Yes
2024-08-02,2024,GRANULES,09:15,626.25,15:29,645,2.99,EOD,Yes
2024-08-05,2024,ASTERDM,09:15,367,10:35,371,1.09,TRAIL,Yes
2024-08-05,2024,ANGELONE,09:15,218.1,10:35,216.3,-0.83,TRAIL,No
2024-08-05,2024,ADANIENSOL,09:15,1200,10:35,1201.3,0.11,TRAIL,Neutral
2024-08-05,2024,FSL,09:15,276.95,10:35,278.25,0.47,TRAIL,Yes
2024-08-05,2024,ZENTEC,09:15,1630,10:35,1660,1.84,TRAIL,Yes
2024-08-05,2024,JSWDULUX,09:15,3117.65,10:35,3114.9,-0.09,TRAIL,No
2024-08-05,2024,ERIS,09:15,1081,10:35,1106.15,2.33,TRAIL,Yes
2024-08-05,2024,JUBLPHARMA,09:15,840,10:35,835.9,-0.49,TRAIL,No
2024-08-06,2024,MANKIND,09:15,2000,09:30,2016.2,0.81,TRAIL,Yes
2024-08-06,2024,LODHA,09:15,1184.95,09:30,1178,-0.59,TRAIL,No
2024-08-06,2024,BSE,09:15,812,09:30,809.5,-0.31,TRAIL,No
2024-08-06,2024,NETWEB,09:15,2274.95,09:30,2160.95,-5.01,TRAIL,No
2024-08-06,2024,KIRLOSENG,09:15,1129.5,09:30,1144.2,1.3,TRAIL,Yes
2024-08-06,2024,DCMSHRIRAM,09:15,1055.8,09:30,1075.1,1.83,TRAIL,Yes
2024-08-06,2024,NEWGEN,09:15,967.5,09:30,987.35,2.05,TRAIL,Yes
2024-08-06,2024,MOTHERSON,09:15,121.69,09:30,122.87,0.97,TRAIL,Yes
2024-08-06,2024,GALLANTT,09:15,288.05,09:30,302,4.84,TRAIL,Yes
2024-08-06,2024,NBCC,09:15,113.33,09:30,114.99,1.46,TRAIL,Yes
2024-08-06,2024,PHOENIXLTD,09:15,1659,09:30,1691.6,1.97,TRAIL,Yes
2024-08-06,2024,ZENTEC,09:15,1650,09:30,1668.05,1.09,TRAIL,Yes
2024-08-06,2024,COCHINSHIP,09:15,2401,09:30,2376.35,-1.03,TRAIL,No
2024-08-06,2024,NEULANDLAB,09:15,11114.95,09:30,10970.35,-1.3,TRAIL,No
2024-08-06,2024,ASTERDM,09:15,378,09:30,379,0.26,TRAIL,Neutral
2024-08-07,2024,BSE,09:15,793.5,09:25,785.5,-1.01,HARD_STOP,No
2024-08-07,2024,NETWEB,09:15,2208.95,09:25,2155.25,-2.43,HARD_STOP,No
2024-08-07,2024,KIRLOSENG,09:15,1126.9,09:25,1137.6,0.95,HARD_STOP,Yes
2024-08-07,2024,PHOENIXLTD,09:15,1644.95,09:25,1629,-0.97,HARD_STOP,No
2024-08-07,2024,LODHA,09:15,1241.95,09:25,1218.75,-1.87,HARD_STOP,No
2024-08-07,2024,NEWGEN,09:15,970,09:25,975.6,0.58,HARD_STOP,Yes
2024-08-07,2024,DCMSHRIRAM,09:15,1070.35,09:25,1068,-0.22,HARD_STOP,No
2024-08-07,2024,MUTHOOTFIN,09:15,1812.45,09:25,1793.3,-1.06,HARD_STOP,No
2024-08-07,2024,TRENT,09:15,5289,09:25,5290.15,0.02,HARD_STOP,Neutral
2024-08-07,2024,MOTHERSON,09:15,121.27,09:25,119.54,-1.43,HARD_STOP,No
2024-08-07,2024,NBCC,09:15,112.5,09:25,110.69,-1.61,HARD_STOP,No
2024-08-07,2024,GALLANTT,09:15,289,09:25,291,0.69,HARD_STOP,Yes
2024-08-07,2024,GMRAIRPORT,09:15,94.45,09:25,93.91,-0.57,HARD_STOP,No
2024-08-08,2024,MANKIND,09:15,2056,15:29,2065,0.44,EOD,Yes
2024-08-08,2024,VIJAYA,09:15,810.6,15:29,795.5,-1.86,EOD,No
2024-08-08,2024,PHOENIXLTD,09:15,1639.5,15:29,1632.5,-0.43,EOD,No
2024-08-08,2024,NEWGEN,09:15,962.1,15:29,1020,6.02,EOD,Yes
2024-08-09,2024,KIRLOSENG,09:15,1165,15:29,1231.5,5.71,EOD,Yes
2024-08-09,2024,MANKIND,09:15,2060,15:29,2140,3.88,EOD,Yes
2024-08-09,2024,LODHA,09:15,1200,15:29,1242,3.5,EOD,Yes
2024-08-09,2024,NETWEB,09:15,2292,15:29,2296,0.17,EOD,Neutral
2024-08-09,2024,ASTERDM,09:15,403.55,15:29,407.05,0.87,EOD,Yes
2024-08-09,2024,PHOENIXLTD,09:15,1662,15:29,1683.5,1.29,EOD,Yes
2024-08-09,2024,GMRAIRPORT,09:15,99.9,15:29,99.2,-0.7,EOD,No
2024-08-09,2024,PATANJALI,09:15,598.2,15:29,598.5,0.05,EOD,Neutral
2024-08-09,2024,NBCC,09:15,113.65,15:29,123.03,8.25,EOD,Yes
2024-08-09,2024,CUMMINSIND,09:15,3759.55,15:29,3733,-0.71,EOD,No
2024-08-12,2024,PHOENIXLTD,09:15,1681.05,15:29,1667.25,-0.82,EOD,No
2024-08-12,2024,NETWEB,09:15,2286,15:29,2398,4.9,EOD,Yes
2024-08-12,2024,MUTHOOTFIN,09:15,1879.2,15:29,1890,0.57,EOD,Yes
2024-08-12,2024,NEULANDLAB,09:15,11599.45,15:29,11585,-0.12,EOD,No
2024-08-12,2024,GMRAIRPORT,09:15,99.48,15:29,97.9,-1.59,EOD,No
2024-08-12,2024,ABB,09:15,7989.95,15:29,7644,-4.33,EOD,No
2024-08-12,2024,NEWGEN,09:15,1015.75,15:29,1049.8,3.35,EOD,Yes
2024-08-12,2024,BSE,09:15,866.5,15:29,857.5,-1.04,EOD,No
2024-08-13,2024,ATGL,09:15,867.75,15:29,850,-2.05,EOD,No
2024-08-13,2024,CHENNPETRO,09:15,922,15:29,894.9,-2.94,EOD,No
2024-08-13,2024,ADANIPOWER,09:15,138.5,15:29,137.2,-0.94,EOD,No
2024-08-13,2024,BLUESTARCO,09:15,1640.5,15:29,1710.05,4.24,EOD,Yes
2024-08-13,2024,BDL,09:15,1357.95,15:29,1345,-0.95,EOD,No
2024-08-13,2024,FORTIS,09:15,500,15:29,515.8,3.16,EOD,Yes
2024-08-13,2024,GRAVITA,09:15,1799.7,15:29,1800,0.02,EOD,Neutral
2024-08-13,2024,PAYTM,09:15,515.15,15:29,508,-1.39,EOD,No
2024-08-13,2024,KAYNES,09:15,4310,15:29,4670,8.35,EOD,Yes
2024-08-13,2024,TRITURBINE,09:15,703.3,15:29,787.3,11.94,EOD,Yes
2024-08-14,2024,TITAGARH,09:15,1402,09:16,1397,-0.36,HARD_STOP,No
2024-08-14,2024,CHENNPETRO,09:15,903,09:16,899.05,-0.44,HARD_STOP,No
2024-08-14,2024,BDL,09:15,1345,09:16,1331.65,-0.99,HARD_STOP,No
2024-08-14,2024,PGEL,09:15,433,09:16,428.65,-1,HARD_STOP,No
2024-08-14,2024,JSL,09:15,698,09:16,694,-0.57,HARD_STOP,No
2024-08-14,2024,ADANIPOWER,09:15,137.9,09:16,136.8,-0.8,HARD_STOP,No
2024-08-14,2024,PAYTM,09:15,508.1,09:16,508.65,0.11,HARD_STOP,Neutral
2024-08-14,2024,GRAVITA,09:15,1836.35,09:16,1806.85,-1.61,HARD_STOP,No
2024-08-14,2024,COHANCE,09:15,1020.35,09:16,1012.05,-0.81,HARD_STOP,No
2024-08-14,2024,UNOMINDA,09:15,1047.9,09:16,1051.45,0.34,HARD_STOP,Neutral
2024-08-14,2024,ANANTRAJ,09:15,510.65,09:16,504.8,-1.15,HARD_STOP,No
2024-08-16,2024,TITAGARH,09:15,1434.7,15:29,1425.1,-0.67,EOD,No
2024-08-16,2024,ATGL,09:15,845.9,15:29,847,0.13,EOD,Neutral
2024-08-16,2024,WELCORP,09:15,665,15:29,710,6.77,EOD,Yes
2024-08-16,2024,ADANIPOWER,09:15,136.6,15:29,139.8,2.34,EOD,Yes
2024-08-16,2024,BDL,09:15,1330,15:29,1322,-0.6,EOD,No
2024-08-16,2024,TRITURBINE,09:15,790,15:29,808,2.28,EOD,Yes
2024-08-16,2024,JSL,09:15,699.1,15:29,701.45,0.34,EOD,Neutral
2024-08-16,2024,BLUESTARCO,09:15,1728.35,15:29,1713.9,-0.84,EOD,No
2024-08-16,2024,FORTIS,09:15,524,15:29,531.1,1.35,EOD,Yes
2024-08-16,2024,PGEL,09:15,441.85,15:29,490,10.9,EOD,Yes
2024-08-16,2024,COHANCE,09:15,1000,15:29,1000,0,EOD,Neutral
2024-08-19,2024,TITAGARH,09:15,1450.1,15:29,1474.5,1.68,EOD,Yes
2024-08-19,2024,JSL,09:15,708.2,15:29,723.35,2.14,EOD,Yes
2024-08-19,2024,CHENNPETRO,09:15,987,15:29,986.95,-0.01,EOD,No
2024-08-19,2024,ATGL,09:15,846.5,15:29,857,1.24,EOD,Yes
2024-08-19,2024,BDL,09:15,1313.3,15:29,1331,1.35,EOD,Yes
2024-08-19,2024,BLUESTARCO,09:15,1723.25,15:29,1729.8,0.38,EOD,Neutral
2024-08-19,2024,COHANCE,09:15,1002.3,15:29,967,-3.52,EOD,No
2024-08-19,2024,TRITURBINE,09:15,813.05,15:29,789.1,-2.95,EOD,No
2024-08-19,2024,ADANIGREEN,09:15,1811,15:29,1902.2,5.04,EOD,Yes
2024-08-20,2024,LEMONTREE,09:15,121.39,15:29,124,2.15,EOD,Yes
2024-08-20,2024,RADICO,09:15,1700,15:29,1716,0.94,EOD,Yes
2024-08-20,2024,VIJAYA,09:15,838.85,15:29,890,6.1,EOD,Yes
2024-08-20,2024,CYIENT,09:15,1830.4,15:29,1933,5.61,EOD,Yes
2024-08-20,2024,NEULANDLAB,09:15,11529.4,15:29,11386,-1.24,EOD,No
2024-08-20,2024,FORCEMOT,09:15,8295,15:29,8441,1.76,EOD,Yes
2024-08-21,2024,RADICO,09:15,1710,15:29,1720,0.58,EOD,Yes
2024-08-21,2024,ELGIEQUIP,09:15,630.6,15:29,633,0.38,EOD,Neutral
2024-08-21,2024,VBL,09:15,604,15:29,619.2,2.52,EOD,Yes
2024-08-21,2024,FORCEMOT,09:15,8470,15:29,8509.65,0.47,EOD,Yes
2024-08-21,2024,IIFL,09:15,454.95,15:29,464,1.99,EOD,Yes
2024-08-21,2024,ECLERX,09:15,1354,15:29,1375,1.55,EOD,Yes
2024-08-21,2024,SYRMA,09:15,429,15:29,440.3,2.63,EOD,Yes
2024-08-21,2024,ABREL,09:15,2145,15:29,2300,7.23,EOD,Yes
2024-08-22,2024,ELGIEQUIP,09:15,633.4,15:29,644.85,1.81,EOD,Yes
2024-08-22,2024,POONAWALLA,09:15,403,15:29,402.9,-0.02,EOD,No
2024-08-22,2024,FORCEMOT,09:15,8527,15:29,8650,1.44,EOD,Yes
2024-08-22,2024,INDIGO,09:15,4400,15:29,4485.95,1.95,EOD,Yes
2024-08-22,2024,IIFL,09:15,465.05,15:29,466.4,0.29,EOD,Neutral
2024-08-22,2024,CRAFTSMAN,09:15,5577,15:29,5560.05,-0.3,EOD,No
2024-08-22,2024,NEULANDLAB,09:15,11519,15:29,11985,4.05,EOD,Yes
2024-08-22,2024,BBTC,09:15,2520.4,15:29,2575,2.17,EOD,Yes
2024-08-23,2024,SYRMA,09:15,441.6,09:31,438.45,-0.71,HARD_STOP,No
2024-08-23,2024,LEMONTREE,09:15,133.84,09:31,133,-0.63,HARD_STOP,No
2024-08-23,2024,RBLBANK,09:15,230,09:31,226.9,-1.35,HARD_STOP,No
2024-08-23,2024,DEEPAKFERT,09:15,1064.7,09:31,1048.9,-1.48,HARD_STOP,No
2024-08-23,2024,IIFL,09:15,468.9,09:31,463.05,-1.25,HARD_STOP,No
2024-08-23,2024,SAMMAANCAP,09:15,176.64,09:31,175.1,-0.87,HARD_STOP,No
2024-08-23,2024,CYIENT,09:15,1960.85,09:31,1963.4,0.13,HARD_STOP,Neutral
2024-08-23,2024,POONAWALLA,09:15,403,09:31,400.75,-0.56,HARD_STOP,No
2024-08-23,2024,ECLERX,09:15,1343,09:31,1346.8,0.28,HARD_STOP,Neutral
2024-08-23,2024,KEI,09:15,4700,09:31,4650.6,-1.05,HARD_STOP,No
2024-08-23,2024,POLYMED,09:15,2160,09:31,2179,0.88,HARD_STOP,Yes
2024-08-26,2024,VBL,09:15,630,15:29,628.6,-0.22,EOD,No
2024-08-26,2024,LEMONTREE,09:15,133.41,15:29,133,-0.31,EOD,No
2024-08-26,2024,CYIENT,09:15,1999,15:29,1992,-0.35,EOD,No
2024-08-26,2024,NEULANDLAB,09:15,12249,15:29,11900,-2.85,EOD,No
2024-08-26,2024,POONAWALLA,09:15,402,15:29,405.2,0.8,EOD,Yes
2024-08-26,2024,IIFL,09:15,459,15:29,461,0.44,EOD,Yes
2024-08-26,2024,DEEPAKFERT,09:15,1079.35,15:29,1089,0.89,EOD,Yes
2024-08-26,2024,SUNDARMFIN,09:15,4287.35,15:29,4374,2.02,EOD,Yes
2024-08-26,2024,ABREL,09:15,2365,15:29,2375,0.42,EOD,Yes
2024-08-26,2024,DEVYANI,09:15,185.93,15:29,179.86,-3.26,EOD,No
2024-08-26,2024,CESC,09:15,179.92,15:29,176.86,-1.7,EOD,No
2024-08-26,2024,UTIAMC,09:15,1153.2,15:29,1173.2,1.73,EOD,Yes
2024-08-27,2024,GRAVITA,09:15,2095.2,15:29,2043.9,-2.45,EOD,No
2024-08-27,2024,KEC,09:15,862.7,15:29,862.3,-0.05,EOD,No
2024-08-27,2024,WHIRLPOOL,09:15,2008,15:29,2014,0.3,EOD,Neutral
2024-08-27,2024,SUNDARMFIN,09:15,4399,15:29,4572,3.93,EOD,Yes
2024-08-27,2024,PAYTM,09:15,540.9,15:29,546,0.94,EOD,Yes
2024-08-27,2024,JSL,09:15,744.05,15:29,734.45,-1.29,EOD,No
2024-08-27,2024,JSWDULUX,09:15,3247.7,15:29,3464,6.66,EOD,Yes
2024-08-27,2024,NEWGEN,09:15,1047.8,15:29,1030.6,-1.64,EOD,No
2024-08-27,2024,PFC,09:15,515,15:29,535.15,3.91,EOD,Yes
2024-08-28,2024,LODHA,09:15,1237.1,09:31,1224,-1.06,HARD_STOP,No
2024-08-28,2024,WOCKPHARMA,09:15,1072,09:31,1055.05,-1.58,HARD_STOP,No
2024-08-28,2024,WHIRLPOOL,09:15,2021.1,09:31,2016.55,-0.23,HARD_STOP,No
2024-08-28,2024,GRAVITA,09:15,2072,09:31,2075,0.14,HARD_STOP,Neutral
2024-08-28,2024,KEC,09:15,862,09:31,855,-0.81,HARD_STOP,No
2024-08-28,2024,JSL,09:15,737.3,09:31,729,-1.13,HARD_STOP,No
2024-08-28,2024,PRESTIGE,09:15,1718.35,09:31,1719.75,0.08,HARD_STOP,Neutral
2024-08-28,2024,GODFRYPHLP,09:15,1917,09:31,1902,-0.78,HARD_STOP,No
2024-08-28,2024,NEWGEN,09:15,1041.45,09:31,1040,-0.14,HARD_STOP,No
2024-08-29,2024,WOCKPHARMA,09:15,1065,11:10,1000.6,-6.05,TRAIL,No
2024-08-29,2024,SUNDARMFIN,09:15,4645.85,11:10,4671.8,0.56,TRAIL,Yes
2024-08-29,2024,JSL,09:15,729.5,11:10,730,0.07,TRAIL,Neutral
2024-08-29,2024,KEC,09:15,890,11:10,928,4.27,TRAIL,Yes
2024-08-29,2024,GODREJIND,09:15,1001.55,11:10,996,-0.55,TRAIL,No
2024-08-29,2024,GODFRYPHLP,09:15,1942,11:10,2110,8.65,TRAIL,Yes
2024-08-29,2024,PAYTM,09:15,559,11:10,543.95,-2.69,TRAIL,No
2024-08-29,2024,SONATSOFTW,09:15,645.95,11:10,649.65,0.57,TRAIL,Yes
2024-08-30,2024,GRAVITA,09:15,2158.1,15:29,2294,6.3,EOD,Yes
2024-08-30,2024,IEX,09:15,206.35,15:29,203.7,-1.28,EOD,No
2024-08-30,2024,LODHA,09:15,1254.45,15:29,1251,-0.28,EOD,No
2024-08-30,2024,SUNDARMFIN,09:15,4705.95,15:29,5090.5,8.17,EOD,Yes
2024-08-30,2024,JSL,09:15,735,15:29,794,8.03,EOD,Yes
2024-08-30,2024,WOCKPHARMA,09:15,998.8,15:29,1050.6,5.19,EOD,Yes
2024-08-30,2024,GODREJIND,09:15,1017.35,15:29,1016,-0.13,EOD,No
2024-08-30,2024,JSWDULUX,09:15,3467.15,15:29,3477.9,0.31,EOD,Neutral
2024-08-30,2024,NEWGEN,09:15,1072.95,15:29,1115,3.92,EOD,Yes
2024-08-30,2024,ACUTAAS,09:15,682.5,15:29,690.5,1.17,EOD,Yes
2024-09-02,2024,LODHA,09:15,1253.9,09:17,1248.65,-0.42,HARD_STOP,No
2024-09-02,2024,IEX,09:15,206,09:17,203.35,-1.29,HARD_STOP,No
2024-09-02,2024,BSOFT,09:15,671,09:17,665.05,-0.89,HARD_STOP,No
2024-09-02,2024,ACUTAAS,09:15,691.8,09:17,691.8,0,HARD_STOP,Neutral
2024-09-02,2024,WHIRLPOOL,09:15,2195,09:17,2166.15,-1.31,HARD_STOP,No
2024-09-02,2024,APTUS,09:15,333,09:17,333.85,0.26,HARD_STOP,Neutral
2024-09-03,2024,PGEL,09:15,520,15:29,539,3.65,EOD,Yes
2024-09-03,2024,CARTRADE,09:15,841.25,15:29,890,5.79,EOD,Yes
2024-09-03,2024,FLUOROCHEM,09:15,3174,15:29,3167.6,-0.2,EOD,No
2024-09-03,2024,ASAHIINDIA,09:15,636,15:29,656.55,3.23,EOD,Yes
2024-09-03,2024,COHANCE,09:15,1076.6,15:29,1085.05,0.78,EOD,Yes
2024-09-03,2024,KAJARIACER,09:15,1358.4,15:29,1385,1.96,EOD,Yes
2024-09-03,2024,AAVAS,09:15,1709.85,15:29,1729.5,1.15,EOD,Yes
2024-09-03,2024,JSWDULUX,09:15,3448.25,15:29,3510,1.79,EOD,Yes
2024-09-03,2024,POLYMED,09:15,2393.65,15:29,2515,5.07,EOD,Yes
2024-09-04,2024,GODFRYPHLP,09:15,2199,15:29,2123,-3.46,EOD,No
2024-09-04,2024,FLUOROCHEM,09:15,3125,15:29,3157,1.02,EOD,Yes
2024-09-04,2024,COHANCE,09:15,1078.45,15:29,1124,4.22,EOD,Yes
2024-09-04,2024,PPLPHARMA,09:15,190,15:29,213.1,12.16,EOD,Yes
2024-09-04,2024,CHOLAHLDNG,09:15,1679,15:29,1725,2.74,EOD,Yes
2024-09-04,2024,BRIGADE,09:15,1226.4,15:29,1271,3.64,EOD,Yes
2024-09-04,2024,UTIAMC,09:15,1170,15:29,1191,1.79,EOD,Yes
2024-09-04,2024,AAVAS,09:15,1725.75,15:29,1746.6,1.21,EOD,Yes
2024-09-05,2024,GODFRYPHLP,09:15,2140,15:29,2128,-0.56,EOD,No
2024-09-05,2024,FLUOROCHEM,09:15,3186,15:29,3545,11.27,EOD,Yes
2024-09-05,2024,BRIGADE,09:15,1270,15:29,1303.3,2.62,EOD,Yes
2024-09-05,2024,JSWDULUX,09:15,3624.95,15:29,3665,1.1,EOD,Yes
2024-09-05,2024,UTIAMC,09:15,1199,15:29,1273,6.17,EOD,Yes
2024-09-05,2024,CARTRADE,09:15,911,15:29,945,3.73,EOD,Yes
2024-09-05,2024,AAVAS,09:15,1752.05,15:29,1816,3.65,EOD,Yes
2024-09-05,2024,SBICARD,09:15,768.55,15:29,766.95,-0.21,EOD,No
2024-09-06,2024,GODFRYPHLP,09:15,2128,10:06,2140,0.56,TRAIL,Yes
2024-09-06,2024,ASAHIINDIA,09:15,684,10:06,678.5,-0.8,TRAIL,No
2024-09-06,2024,COHANCE,09:15,1140,10:06,1183.95,3.86,TRAIL,Yes
2024-09-06,2024,SBICARD,09:15,779.05,10:06,794,1.92,TRAIL,Yes
2024-09-06,2024,KAJARIACER,09:15,1469.5,10:06,1449.45,-1.36,TRAIL,No
2024-09-09,2024,PGEL,09:15,610.3,09:25,610.05,-0.04,HARD_STOP,No
2024-09-09,2024,ASAHIINDIA,09:15,687.95,09:25,675,-1.88,HARD_STOP,No
2024-09-09,2024,CARTRADE,09:15,918.8,09:25,897.6,-2.31,HARD_STOP,No
2024-09-09,2024,BRIGADE,09:15,1312.55,09:25,1299.6,-0.99,HARD_STOP,No
2024-09-09,2024,CHOLAHLDNG,09:15,1809.95,09:25,1795,-0.83,HARD_STOP,No
2024-09-09,2024,JMFINANCIL,09:15,124.8,09:25,127.27,1.98,HARD_STOP,Yes
2024-09-10,2024,IDBI,09:15,88.1,10:08,88.15,0.06,TRAIL,Neutral
2024-09-10,2024,JWL,09:15,511.3,10:08,505.05,-1.22,TRAIL,No
2024-09-10,2024,ENGINERSIN,09:15,206.74,10:08,206.03,-0.34,TRAIL,No
2024-09-10,2024,LINDEINDIA,09:15,7376.95,10:08,7429.9,0.72,TRAIL,Yes
2024-09-10,2024,JBMA,09:15,951,10:08,953.35,0.25,TRAIL,Neutral
2024-09-10,2024,SYRMA,09:15,427,10:08,426.75,-0.06,TRAIL,No
2024-09-10,2024,GRAVITA,09:15,2191.05,10:08,2316.6,5.73,TRAIL,Yes
2024-09-10,2024,APARINDS,09:15,9100.85,10:08,9231,1.43,TRAIL,Yes
2024-09-10,2024,IIFL,09:15,471,10:08,470.7,-0.06,TRAIL,No
2024-09-10,2024,ACUTAAS,09:15,708.7,10:08,714.3,0.79,TRAIL,Yes
2024-09-10,2024,GODFRYPHLP,09:15,2293,10:08,2242,-2.22,TRAIL,No
2024-09-10,2024,CGPOWER,09:15,665.65,10:08,667.45,0.27,TRAIL,Neutral
2024-09-10,2024,THERMAX,09:15,4318,10:08,4306,-0.28,TRAIL,No
2024-09-10,2024,KAYNES,09:15,4651.8,10:08,4723.5,1.54,TRAIL,Yes
2024-09-11,2024,IDBI,09:15,89,15:29,87,-2.25,EOD,No
2024-09-11,2024,VBL,09:15,606,15:29,629.25,3.84,EOD,Yes
2024-09-11,2024,JWL,09:15,511.1,15:29,522.15,2.16,EOD,Yes
2024-09-11,2024,JBMA,09:15,968,15:29,957.8,-1.05,EOD,No
2024-09-11,2024,CGPOWER,09:15,669,15:29,693.9,3.72,EOD,Yes
2024-09-11,2024,GODFRYPHLP,09:15,2255,15:29,2204,-2.26,EOD,No
2024-09-11,2024,SYRMA,09:15,421.95,15:29,420.05,-0.45,EOD,No
2024-09-11,2024,ACUTAAS,09:15,722.5,15:29,729.9,1.02,EOD,Yes
2024-09-11,2024,NEWGEN,09:15,1072.9,15:29,1060,-1.2,EOD,No
2024-09-11,2024,THERMAX,09:15,4415,15:29,4465,1.13,EOD,Yes
2024-09-11,2024,KAYNES,09:15,4679.05,15:29,4650,-0.62,EOD,No
2024-09-12,2024,IDBI,09:15,87.01,10:09,86.63,-0.44,TRAIL,No
2024-09-12,2024,ACUTAAS,09:15,737.5,10:09,717.9,-2.66,TRAIL,No
2024-09-12,2024,ENGINERSIN,09:15,213.1,10:09,214.3,0.56,TRAIL,Yes
2024-09-12,2024,JBMA,09:15,974.95,10:09,1001.3,2.7,TRAIL,Yes
2024-09-12,2024,GODFRYPHLP,09:15,2225,10:09,2247,0.99,TRAIL,Yes
2024-09-12,2024,LINDEINDIA,09:15,7688.9,10:09,7599.55,-1.16,TRAIL,No
2024-09-12,2024,GRAVITA,09:15,2252,10:09,2284.5,1.44,TRAIL,Yes
2024-09-12,2024,NEWGEN,09:15,1060.3,10:09,1087.15,2.53,TRAIL,Yes
2024-09-12,2024,INOXWIND,09:15,237.56,10:09,240.22,1.12,TRAIL,Yes
2024-09-12,2024,SYRMA,09:15,424.5,10:09,422.9,-0.38,TRAIL,No
2024-09-13,2024,JWL,09:15,528.15,09:16,526.5,-0.31,HARD_STOP,No
2024-09-13,2024,IDBI,09:15,89.25,09:16,90.15,1.01,HARD_STOP,Yes
2024-09-13,2024,ACUTAAS,09:15,737,09:16,735.5,-0.2,HARD_STOP,No
2024-09-13,2024,LINDEINDIA,09:15,7649.95,09:16,7611.75,-0.5,HARD_STOP,No
2024-09-13,2024,SUZLON,09:15,82.14,09:16,81.3,-1.02,HARD_STOP,No
2024-09-13,2024,GODFRYPHLP,09:15,2220,09:16,2216,-0.18,HARD_STOP,No
2024-09-13,2024,POWERINDIA,09:15,12700.7,09:16,12428.65,-2.14,HARD_STOP,No
2024-09-13,2024,ZFCVINDIA,09:15,17199,09:16,16936.55,-1.53,HARD_STOP,No
2024-09-16,2024,VBL,09:15,648,09:18,626.6,-3.3,HARD_STOP,No
2024-09-16,2024,ENGINERSIN,09:15,224,09:18,222,-0.89,HARD_STOP,No
2024-09-16,2024,INOXWIND,09:15,248.55,09:18,249.07,0.21,HARD_STOP,Neutral
2024-09-16,2024,SUZLON,09:15,83.88,09:18,84.8,1.1,HARD_STOP,Yes
2024-09-17,2024,FORCEMOT,09:15,7123.1,09:40,7025,-1.38,HARD_STOP,No
2024-09-17,2024,COCHINSHIP,09:15,1794.2,09:40,1792.2,-0.11,HARD_STOP,No
2024-09-17,2024,SOBHA,09:15,1775.3,09:40,1759.55,-0.89,HARD_STOP,No
2024-09-17,2024,SCI,09:15,241.46,09:40,239.38,-0.86,HARD_STOP,No
2024-09-17,2024,HUDCO,09:15,247.5,09:40,245.6,-0.77,HARD_STOP,No
2024-09-17,2024,IRB,09:15,30.24,09:40,30.04,-0.66,HARD_STOP,No
2024-09-17,2024,MAZDOCK,09:15,2131.7,09:40,2114.9,-0.79,HARD_STOP,No
2024-09-17,2024,GRSE,09:15,1765,09:40,1755.95,-0.51,HARD_STOP,No
2024-09-17,2024,INOXWIND,09:15,237.56,09:40,236.33,-0.52,HARD_STOP,No
2024-09-17,2024,BIKAJI,09:15,849.6,09:40,853.65,0.48,HARD_STOP,Yes
2024-09-18,2024,SCI,09:15,237.63,15:29,240.44,1.18,EOD,Yes
2024-09-18,2024,COCHINSHIP,09:15,1762.5,15:29,1722,-2.3,EOD,No
2024-09-18,2024,FORCEMOT,09:15,7095.7,15:29,6912.2,-2.59,EOD,No
2024-09-18,2024,HUDCO,09:15,244.4,15:29,240.45,-1.62,EOD,No
2024-09-18,2024,CEMPRO,09:15,490.95,15:29,487,-0.8,EOD,No
2024-09-18,2024,HEG,09:15,423.9,15:29,456.45,7.68,EOD,Yes
2024-09-18,2024,IRB,09:15,30.22,15:29,30.3,0.26,EOD,Neutral
2024-09-18,2024,APTUS,09:15,333.8,15:29,338.3,1.35,EOD,Yes
2024-09-18,2024,LODHA,09:15,1290,15:29,1288.9,-0.09,EOD,No
2024-09-18,2024,TORNTPOWER,09:15,1840,15:29,1931,4.95,EOD,Yes
2024-09-18,2024,TITAGARH,09:15,1310,15:29,1273,-2.82,EOD,No
2024-09-18,2024,ANANTRAJ,09:15,649.5,15:29,664.1,2.25,EOD,Yes
2024-09-18,2024,RPOWER,09:15,32.97,15:29,32.97,0,EOD,Neutral
2024-09-19,2024,SCI,09:15,241.12,09:43,238.7,-1,HARD_STOP,No
2024-09-19,2024,FORCEMOT,09:15,6951,09:43,6867.8,-1.2,HARD_STOP,No
2024-09-19,2024,COCHINSHIP,09:15,1749,09:43,1706.45,-2.43,HARD_STOP,No
2024-09-19,2024,CEMPRO,09:15,489.9,09:43,482.3,-1.55,HARD_STOP,No
2024-09-19,2024,RITES,09:15,344.4,09:43,354.7,2.99,HARD_STOP,Yes
2024-09-19,2024,THERMAX,09:15,5201.5,09:43,5185.55,-0.31,HARD_STOP,No
2024-09-19,2024,HUDCO,09:15,242.15,09:43,238,-1.71,HARD_STOP,No
2024-09-19,2024,SOBHA,09:15,1880,09:43,1870.4,-0.51,HARD_STOP,No
2024-09-19,2024,MAZDOCK,09:15,2105,09:43,2078,-1.28,HARD_STOP,No
2024-09-19,2024,UNOMINDA,09:15,1034.8,09:43,1045.85,1.07,HARD_STOP,Yes
2024-09-19,2024,APTUS,09:15,341.55,09:43,339.95,-0.47,HARD_STOP,No
2024-09-19,2024,TITAGARH,09:15,1279,09:43,1265.65,-1.04,HARD_STOP,No
2024-09-20,2024,SCI,09:15,233.65,15:29,251.85,7.79,EOD,Yes
2024-09-20,2024,FORCEMOT,09:15,6774.95,15:29,7150,5.54,EOD,Yes
2024-09-20,2024,CEMPRO,09:15,521,15:29,565.85,8.61,EOD,Yes
2024-09-20,2024,SOBHA,09:15,1886.95,15:29,2000,5.99,EOD,Yes
2024-09-20,2024,RVNL,09:15,512.5,15:29,545,6.34,EOD,Yes
2024-09-20,2024,HUDCO,09:15,232.25,15:29,251.6,8.33,EOD,Yes
2024-09-20,2024,THERMAX,09:15,5205,15:29,5362.05,3.02,EOD,Yes
2024-09-20,2024,COCHINSHIP,09:15,1688,15:29,1846.05,9.36,EOD,Yes
2024-09-20,2024,RITES,09:15,356,15:29,375.95,5.6,EOD,Yes
2024-09-20,2024,LODHA,09:15,1307,15:29,1398,6.96,EOD,Yes
2024-09-20,2024,GRSE,09:15,1709.5,15:29,1853,8.39,EOD,Yes
2024-09-20,2024,HEG,09:15,451.75,15:29,451.95,0.04,EOD,Neutral
2024-09-20,2024,IRB,09:15,29.7,15:29,32.5,9.43,EOD,Yes
2024-09-23,2024,CDSL,09:15,1554,09:17,1521,-2.12,HARD_STOP,No
2024-09-23,2024,HEG,09:15,454.5,09:17,453.35,-0.25,HARD_STOP,No
2024-09-24,2024,FORCEMOT,09:15,7199,15:29,7100,-1.38,EOD,No
2024-09-24,2024,NMDC,09:15,68.45,15:29,70.07,2.37,EOD,Yes
2024-09-24,2024,NATIONALUM,09:15,180.4,15:29,188.38,4.42,EOD,Yes
2024-09-24,2024,PCBL,09:15,526.5,15:29,528.55,0.39,EOD,Neutral
2024-09-24,2024,KPIL,09:15,1329.05,15:29,1305.05,-1.81,EOD,No
2024-09-24,2024,GVT&D,09:15,1521,15:29,1550.1,1.91,EOD,Yes
2024-09-25,2024,FORCEMOT,09:15,7149,15:29,7034,-1.61,EOD,No
2024-09-25,2024,CHAMBLFERT,09:15,500.05,15:29,516.6,3.31,EOD,Yes
2024-09-25,2024,PCBL,09:15,529.35,15:29,530.95,0.3,EOD,Neutral
2024-09-25,2024,BLUESTARCO,09:15,2042.95,15:29,2057.5,0.71,EOD,Yes
2024-09-25,2024,ECLERX,09:15,1351.7,15:29,1442,6.68,EOD,Yes
2024-09-25,2024,ELECON,09:15,663,15:29,664,0.15,EOD,Neutral
2024-09-25,2024,GAIL,09:15,208.05,15:29,210.62,1.24,EOD,Yes
2024-09-25,2024,GVT&D,09:15,1542,15:29,1630.2,5.72,EOD,Yes
2024-09-25,2024,KPIL,09:15,1311,15:29,1333.9,1.75,EOD,Yes
2024-09-26,2024,FORCEMOT,09:15,7119,09:30,6988.2,-1.84,HARD_STOP,No
2024-09-26,2024,NATIONALUM,09:15,190.63,09:30,188.52,-1.11,HARD_STOP,No
2024-09-26,2024,ELECON,09:15,666.35,09:30,670.9,0.68,HARD_STOP,Yes
2024-09-26,2024,PCBL,09:15,533.3,09:30,527.4,-1.11,HARD_STOP,No
2024-09-26,2024,BLUESTARCO,09:15,2060.6,09:30,2042.45,-0.88,HARD_STOP,No
2024-09-26,2024,WELCORP,09:15,715.8,09:30,705.55,-1.43,HARD_STOP,No
2024-09-26,2024,KPIL,09:15,1322,09:30,1321.85,-0.01,HARD_STOP,No
2024-09-26,2024,NMDC,09:15,70.58,09:30,69.54,-1.47,HARD_STOP,No
2024-09-26,2024,TATAPOWER,09:15,470,09:30,468.5,-0.32,HARD_STOP,No
2024-09-26,2024,ABFRL,09:15,259.45,09:30,262.7,1.25,HARD_STOP,Yes
2024-09-27,2024,FORCEMOT,09:15,7048.95,15:29,7621,8.12,EOD,Yes
2024-09-27,2024,GPIL,09:15,213.6,15:29,210.6,-1.4,EOD,No
2024-09-27,2024,CHAMBLFERT,09:15,510.75,15:29,525.5,2.89,EOD,Yes
2024-09-27,2024,PCBL,09:15,543,15:29,568.65,4.72,EOD,Yes
2024-09-27,2024,KPIL,09:15,1333.15,15:29,1425,6.89,EOD,Yes
2024-09-27,2024,WELCORP,09:15,727.05,15:29,738.5,1.57,EOD,Yes
2024-09-27,2024,GVT&D,09:15,1628.9,15:29,1705.75,4.72,EOD,Yes
2024-09-30,2024,GPIL,09:15,215,09:27,217.25,1.05,TRAIL,Yes
2024-09-30,2024,BLUESTARCO,09:15,2120,09:27,2161,1.93,TRAIL,Yes
2024-09-30,2024,NATIONALUM,09:15,203.26,09:27,203.78,0.26,TRAIL,Neutral
2024-09-30,2024,ECLERX,09:15,1498.6,09:27,1463,-2.38,TRAIL,No
2024-09-30,2024,SAIL,09:15,141.4,09:27,142.73,0.94,TRAIL,Yes
2024-09-30,2024,NMDC,09:15,75.98,09:27,76.42,0.58,TRAIL,Yes
2024-10-01,2024,TARIL,09:15,321,15:29,325.5,1.4,EOD,Yes
2024-10-01,2024,SARDAEN,09:15,444,15:29,452.85,1.99,EOD,Yes
2024-10-01,2024,BSE,09:15,1248.5,15:29,1286,3,EOD,Yes
2024-10-01,2024,CEMPRO,09:15,524.05,15:29,538.4,2.74,EOD,Yes
2024-10-01,2024,THERMAX,09:15,5100.2,15:29,5081,-0.38,EOD,No
2024-10-01,2024,ANANTRAJ,09:15,704.75,15:29,724,2.73,EOD,Yes
2024-10-01,2024,HOMEFIRST,09:15,1195,15:29,1184.6,-0.87,EOD,No
2024-10-01,2024,POLICYBZR,09:15,1645,15:29,1727.1,4.99,EOD,Yes
2024-10-01,2024,OIL,09:15,572.5,15:29,568.3,-0.73,EOD,No
2024-10-01,2024,ANGELONE,09:15,260.2,15:29,259.5,-0.27,EOD,No
2024-10-01,2024,PETRONET,09:15,327.3,15:29,328.8,0.46,EOD,Yes
2024-10-01,2024,NBCC,09:15,120,15:29,120.07,0.06,EOD,Neutral
2024-10-03,2024,SARDAEN,09:15,450,15:29,490.8,9.07,EOD,Yes
2024-10-03,2024,CEMPRO,09:15,533.85,15:29,645.35,20.89,EOD,Yes
2024-10-03,2024,THERMAX,09:15,5080,15:29,4917,-3.21,EOD,No
2024-10-03,2024,VIJAYA,09:15,950.5,15:29,978,2.89,EOD,Yes
2024-10-03,2024,OIL,09:15,574.4,15:29,540,-5.99,EOD,No
2024-10-03,2024,NBCC,09:15,116.73,15:29,113.83,-2.48,EOD,No
2024-10-03,2024,HOMEFIRST,09:15,1167.05,15:29,1175,0.68,EOD,Yes
2024-10-03,2024,ANGELONE,09:15,252.5,15:29,271.2,7.41,EOD,Yes
2024-10-03,2024,WHIRLPOOL,09:15,2274.8,15:29,2322,2.07,EOD,Yes
2024-10-03,2024,PETRONET,09:15,324.8,15:29,348.1,7.17,EOD,Yes
2024-10-04,2024,THERMAX,09:15,4910.05,09:26,4826.4,-1.7,HARD_STOP,No
2024-10-04,2024,OIL,09:15,544.15,09:26,549.55,0.99,HARD_STOP,Yes
2024-10-04,2024,HOMEFIRST,09:15,1175,09:26,1199.95,2.12,HARD_STOP,Yes
2024-10-04,2024,ANANTRAJ,09:15,701.55,09:26,679.2,-3.19,HARD_STOP,No
2024-10-04,2024,POLICYBZR,09:15,1699.95,09:26,1648.9,-3,HARD_STOP,No
2024-10-04,2024,NETWEB,09:15,2396.2,09:26,2402,0.24,HARD_STOP,Neutral
2024-10-07,2024,TARIL,09:15,335,09:26,335.5,0.15,HARD_STOP,Neutral
2024-10-07,2024,RPOWER,09:15,48.4,09:26,48.4,0,HARD_STOP,Neutral
2024-10-07,2024,SARDAEN,09:15,482.5,09:26,470.95,-2.39,HARD_STOP,No
2024-10-07,2024,JPPOWER,09:15,19.43,09:26,18.79,-3.29,HARD_STOP,No
2024-10-07,2024,VIJAYA,09:15,989,09:26,995.95,0.7,HARD_STOP,Yes
2024-10-07,2024,CEMPRO,09:15,655.05,09:26,667.65,1.92,HARD_STOP,Yes
2024-10-07,2024,PETRONET,09:15,345.2,09:26,342.9,-0.67,HARD_STOP,No
2024-10-07,2024,ANGELONE,09:15,269,09:26,262.1,-2.57,HARD_STOP,No
2024-10-07,2024,POLICYBZR,09:15,1705,09:26,1722,1,HARD_STOP,Yes
2024-10-07,2024,JUBLINGREA,09:15,795,09:26,778.2,-2.11,HARD_STOP,No
2024-10-08,2024,NMDC,09:15,70.04,15:29,68.72,-1.88,EOD,No
2024-10-08,2024,FACT,09:15,850.2,15:29,885,4.09,EOD,Yes
2024-10-08,2024,LAURUSLABS,09:15,431.6,15:29,442,2.41,EOD,Yes
2024-10-08,2024,MAZDOCK,09:15,1944.5,15:29,2046.5,5.25,EOD,Yes
2024-10-08,2024,EXIDEIND,09:15,480.5,15:29,494,2.81,EOD,Yes
2024-10-08,2024,OLECTRA,09:15,1569.7,15:29,1660,5.75,EOD,Yes
2024-10-08,2024,BDL,09:15,1110,15:29,1147.75,3.4,EOD,Yes
2024-10-08,2024,RECLTD,09:15,499,15:29,525.3,5.27,EOD,Yes
2024-10-08,2024,TARIL,09:15,312.5,15:29,337.05,7.86,EOD,Yes
2024-10-08,2024,360ONE,09:15,965,15:29,978.95,1.45,EOD,Yes
2024-10-08,2024,VBL,09:15,540.3,15:29,591,9.38,EOD,Yes
2024-10-08,2024,NETWEB,09:15,2447.1,15:29,2469.5,0.92,EOD,Yes
2024-10-08,2024,BEML,09:15,1750,15:29,1800,2.86,EOD,Yes
2024-10-08,2024,NAM-INDIA,09:15,630,15:29,636.95,1.1,EOD,Yes
2024-10-08,2024,JWL,09:15,460.5,15:29,492,6.84,EOD,Yes
2024-10-09,2024,BANDHANBNK,09:15,188.5,15:29,188.99,0.26,EOD,Neutral
2024-10-09,2024,LAURUSLABS,09:15,441.65,15:29,453.7,2.73,EOD,Yes
2024-10-09,2024,NETWEB,09:15,2481.25,15:29,2454.95,-1.06,EOD,No
2024-10-09,2024,NAM-INDIA,09:15,648,15:29,645.5,-0.39,EOD,No
2024-10-09,2024,MEDANTA,09:15,996,15:29,998,0.2,EOD,Neutral
2024-10-09,2024,EIHOTEL,09:15,391.15,15:29,406.95,4.04,EOD,Yes
2024-10-10,2024,GRSE,09:15,1655,15:29,1745.55,5.47,EOD,Yes
2024-10-10,2024,RECLTD,09:15,536.95,15:29,543.5,1.22,EOD,Yes
2024-10-10,2024,MAZDOCK,09:15,2077.5,15:29,2215,6.62,EOD,Yes
2024-10-10,2024,DATAPATTNS,09:15,2429.8,15:29,2501,2.93,EOD,Yes
2024-10-10,2024,IRCON,09:15,223.2,15:29,220.59,-1.17,EOD,No
2024-10-10,2024,BDL,09:15,1180.05,15:29,1220,3.39,EOD,Yes
2024-10-10,2024,MEDANTA,09:15,1001.5,15:29,1038.25,3.67,EOD,Yes
2024-10-10,2024,PFC,09:15,474.95,15:29,472.1,-0.6,EOD,No
2024-10-10,2024,BANDHANBNK,09:15,190.3,15:29,187.9,-1.26,EOD,No
2024-10-10,2024,BEML,09:15,1800.8,15:29,1885,4.68,EOD,Yes
2024-10-10,2024,NAM-INDIA,09:15,649.9,15:29,642.3,-1.17,EOD,No
2024-10-11,2024,BANDHANBNK,09:15,202,15:29,209.3,3.61,EOD,Yes
2024-10-11,2024,JWL,09:15,499.95,15:29,505.6,1.13,EOD,Yes
2024-10-11,2024,SWANCORP,09:15,556.95,15:29,567,1.8,EOD,Yes
2024-10-11,2024,IRCON,09:15,220.5,15:29,226.02,2.5,EOD,Yes
2024-10-11,2024,SARDAEN,09:15,497.35,15:29,496.55,-0.16,EOD,No
2024-10-11,2024,GRANULES,09:15,581.2,15:29,603.7,3.87,EOD,Yes
2024-10-11,2024,NAM-INDIA,09:15,646.25,15:29,700,8.32,EOD,Yes
2024-10-11,2024,NMDC,09:15,70.78,15:29,73.18,3.39,EOD,Yes
2024-10-11,2024,PFC,09:15,469.6,15:29,468.7,-0.19,EOD,No
2024-10-14,2024,LAURUSLABS,09:15,474.1,09:27,469.4,-0.99,HARD_STOP,No
2024-10-14,2024,DATAPATTNS,09:15,2500,09:27,2488,-0.48,HARD_STOP,No
2024-10-14,2024,MEDANTA,09:15,1044,09:27,1035.05,-0.86,HARD_STOP,No
2024-10-14,2024,JWL,09:15,509,09:27,507.7,-0.26,HARD_STOP,No
2024-10-14,2024,RECLTD,09:15,540,09:27,541.6,0.3,HARD_STOP,Neutral
2024-10-14,2024,BEML,09:15,1896,09:27,1876,-1.05,HARD_STOP,No
2024-10-14,2024,FACT,09:15,926.65,09:27,933.65,0.76,HARD_STOP,Yes
2024-10-14,2024,BDL,09:15,1222,09:27,1206.1,-1.3,HARD_STOP,No
2024-10-14,2024,GRSE,09:15,1747.6,09:27,1721.15,-1.51,HARD_STOP,No
2024-10-15,2024,BEML,09:15,1857.8,15:29,1860,0.12,EOD,Neutral
2024-10-15,2024,TEJASNET,09:15,1206,15:29,1189.95,-1.33,EOD,No
2024-10-15,2024,AEGISLOG,09:15,675.5,15:29,732,8.36,EOD,Yes
2024-10-15,2024,PAYTM,09:15,721.4,15:29,729,1.05,EOD,Yes
2024-10-15,2024,ABREL,09:15,2748,15:29,2860.1,4.08,EOD,Yes
2024-10-15,2024,CEATLTD,09:15,3035,15:29,2948,-2.87,EOD,No
2024-10-15,2024,ANANDRATHI,09:15,2040,15:29,2070,1.47,EOD,Yes
2024-10-15,2024,GMDCLTD,09:15,339.8,15:29,342.25,0.72,EOD,Yes
2024-10-15,2024,PGEL,09:15,622.85,15:29,612.25,-1.7,EOD,No
2024-10-16,2024,BEML,09:15,1885,11:18,1945.3,3.2,HARD_STOP,Yes
2024-10-16,2024,KARURVYSYA,09:15,169.6,11:18,167.35,-1.33,HARD_STOP,No
2024-10-16,2024,TEJASNET,09:15,1193.05,11:18,1173.8,-1.61,HARD_STOP,No
2024-10-16,2024,PAYTM,09:15,729,11:18,724.9,-0.56,HARD_STOP,No
2024-10-16,2024,CEATLTD,09:15,2960,11:18,2936.3,-0.8,HARD_STOP,No
2024-10-16,2024,CARTRADE,09:15,994.8,11:18,989,-0.58,HARD_STOP,No
2024-10-16,2024,PGEL,09:15,613,11:18,595.6,-2.84,HARD_STOP,No
2024-10-16,2024,GMDCLTD,09:15,342.9,11:18,341,-0.55,HARD_STOP,No
2024-10-17,2024,TITAGARH,09:15,1137.75,10:07,1153.05,1.34,HARD_STOP,Yes
2024-10-17,2024,KARURVYSYA,09:15,171.6,10:07,168.25,-1.95,HARD_STOP,No
2024-10-17,2024,TEJASNET,09:15,1149,10:07,1121.25,-2.42,HARD_STOP,No
2024-10-17,2024,CEATLTD,09:15,2965,10:07,2882.3,-2.79,HARD_STOP,No
2024-10-17,2024,PAYTM,09:15,726.05,10:07,706.7,-2.67,HARD_STOP,No
2024-10-17,2024,AEGISLOG,09:15,722.15,10:07,727.9,0.8,HARD_STOP,Yes
2024-10-17,2024,FIVESTAR,09:15,894.95,10:07,904.05,1.02,HARD_STOP,Yes
2024-10-17,2024,CARTRADE,09:15,988.2,10:07,998.85,1.08,HARD_STOP,Yes
2024-10-17,2024,SUNDARMFIN,09:15,4986,10:07,4932.85,-1.07,HARD_STOP,No
2024-10-17,2024,PGEL,09:15,606.5,10:07,607.2,0.12,HARD_STOP,Neutral
2024-10-18,2024,BEML,09:15,1955,09:17,1929.7,-1.29,HARD_STOP,No
2024-10-18,2024,PAYTM,09:15,690.15,09:17,685,-0.75,HARD_STOP,No
2024-10-18,2024,MOTILALOFS,09:15,932.9,09:17,916.65,-1.74,HARD_STOP,No
2024-10-18,2024,TEJASNET,09:15,1119.2,09:17,1116.35,-0.25,HARD_STOP,No
2024-10-18,2024,CEATLTD,09:15,2799,09:17,2730.45,-2.45,HARD_STOP,No
2024-10-18,2024,FIVESTAR,09:15,884.3,09:17,886.65,0.27,HARD_STOP,Neutral
2024-10-18,2024,ABREL,09:15,2855.95,09:17,2817.6,-1.34,HARD_STOP,No
2024-10-18,2024,DCMSHRIRAM,09:15,1099,09:17,1092.6,-0.58,HARD_STOP,No
2024-10-18,2024,HINDPETRO,09:15,419.4,09:17,417,-0.57,HARD_STOP,No
2024-10-18,2024,ANANDRATHI,09:15,2012.5,09:17,2033.2,1.03,HARD_STOP,Yes
2024-10-18,2024,AEGISLOG,09:15,732.05,09:17,729.4,-0.36,HARD_STOP,No
2024-10-18,2024,SUNDARMFIN,09:15,4857.7,09:17,4766.5,-1.88,HARD_STOP,No
2024-10-18,2024,LTFOODS,09:15,417.5,09:17,414.55,-0.71,HARD_STOP,No
2024-10-21,2024,AEGISLOG,09:15,725.75,09:18,719.25,-0.9,HARD_STOP,No
2024-10-21,2024,HINDPETRO,09:15,421.95,09:18,423.45,0.36,HARD_STOP,Neutral
2024-10-21,2024,FIVESTAR,09:15,895.4,09:18,880.65,-1.65,HARD_STOP,No
2024-10-21,2024,GMDCLTD,09:15,360.05,09:18,356.4,-1.01,HARD_STOP,No
2024-10-21,2024,LTFOODS,09:15,420.9,09:18,418.75,-0.51,HARD_STOP,No
2024-10-22,2024,CUB,09:15,164,09:25,164.82,0.5,HARD_STOP,Yes
2024-10-22,2024,SONACOMS,09:15,639,09:25,639.85,0.13,HARD_STOP,Neutral
2024-10-22,2024,ASTERDM,09:15,425,09:25,423.4,-0.38,HARD_STOP,No
2024-10-22,2024,MFSL,09:15,1199.5,09:25,1193.75,-0.48,HARD_STOP,No
2024-10-22,2024,COFORGE,09:15,1366,09:25,1373,0.51,HARD_STOP,Yes
2024-10-22,2024,RPOWER,09:15,40.36,09:25,39.4,-2.38,HARD_STOP,No
2024-10-22,2024,IDBI,09:15,81.88,09:25,80.25,-1.99,HARD_STOP,No
2024-10-22,2024,DEEPAKFERT,09:15,999,09:25,1002.15,0.32,HARD_STOP,Neutral
2024-10-22,2024,J&KBANK,09:15,94.66,09:25,92.8,-1.96,HARD_STOP,No
2024-10-22,2024,PERSISTENT,09:15,5252,09:25,5287.85,0.68,HARD_STOP,Yes
2024-10-22,2024,VBL,09:15,584.2,09:25,580.3,-0.67,HARD_STOP,No
2024-10-22,2024,THERMAX,09:15,5150,09:25,5115.05,-0.68,HARD_STOP,No
2024-10-22,2024,ZENSARTECH,09:15,683.05,09:25,672.5,-1.54,HARD_STOP,No
2024-10-22,2024,GESHIP,09:15,1245.05,09:25,1227.5,-1.41,HARD_STOP,No
2024-10-23,2024,IDBI,09:15,77.82,09:43,76.6,-1.57,TRAIL,No
2024-10-23,2024,ASTERDM,09:15,407,09:43,401.2,-1.43,TRAIL,No
2024-10-23,2024,DEEPAKFERT,09:15,971.2,09:43,968.45,-0.28,TRAIL,No
2024-10-23,2024,RPOWER,09:15,37.3,09:43,38.52,3.27,TRAIL,Yes
2024-10-23,2024,J&KBANK,09:15,91.18,09:43,89.12,-2.26,TRAIL,No
2024-10-23,2024,COFORGE,09:15,1390,09:43,1457.5,4.86,TRAIL,Yes
2024-10-23,2024,ZENSARTECH,09:15,650,09:43,650.6,0.09,TRAIL,Neutral
2024-10-23,2024,SONACOMS,09:15,630.15,09:43,634.5,0.69,TRAIL,Yes
2024-10-23,2024,MFSL,09:15,1195,09:43,1232.3,3.12,TRAIL,Yes
2024-10-23,2024,PERSISTENT,09:15,5209.3,09:43,5481.45,5.22,TRAIL,Yes
2024-10-23,2024,THERMAX,09:15,5090,09:43,5000,-1.77,TRAIL,No
2024-10-23,2024,PPLPHARMA,09:15,215.45,09:43,211.81,-1.69,TRAIL,No
2024-10-23,2024,AEGISLOG,09:15,733.7,09:43,733.55,-0.02,TRAIL,No
2024-10-24,2024,ASTERDM,09:15,430,15:29,441.95,2.78,EOD,Yes
2024-10-24,2024,CUB,09:15,168.85,15:29,169.6,0.44,EOD,Yes
2024-10-24,2024,IDBI,09:15,78.51,15:29,81.29,3.54,EOD,Yes
2024-10-24,2024,THERMAX,09:15,5052,15:29,5160,2.14,EOD,Yes
2024-10-24,2024,SONACOMS,09:15,664,15:29,728,9.64,EOD,Yes
2024-10-24,2024,GESHIP,09:15,1214,15:29,1247,2.72,EOD,Yes
2024-10-24,2024,PPLPHARMA,09:15,227.8,15:29,252.7,10.93,EOD,Yes
2024-10-25,2024,COFORGE,09:15,1537,09:24,1534,-0.2,HARD_STOP,No
2024-10-25,2024,J&KBANK,09:15,93.65,09:24,92.95,-0.75,HARD_STOP,No
2024-10-25,2024,VBL,09:15,613,09:24,608.2,-0.78,HARD_STOP,No
2024-10-25,2024,CUB,09:15,170.8,09:24,169.18,-0.95,HARD_STOP,No
2024-10-25,2024,PERSISTENT,09:15,5748.2,09:24,5704.25,-0.76,HARD_STOP,No
2024-10-25,2024,MFSL,09:15,1287.8,09:24,1300,0.95,HARD_STOP,Yes
2024-10-25,2024,ZENSARTECH,09:15,683,09:24,679.4,-0.53,HARD_STOP,No
2024-10-25,2024,DEEPAKFERT,09:15,1116,09:24,1097,-1.7,HARD_STOP,No
2024-10-25,2024,AEGISLOG,09:15,753.55,09:24,744.8,-1.16,HARD_STOP,No
2024-10-28,2024,IDBI,09:15,83,09:17,81.65,-1.63,HARD_STOP,No
2024-10-28,2024,CUB,09:15,172.7,09:17,173,0.17,HARD_STOP,Neutral
2024-10-28,2024,ASTERDM,09:15,452.75,09:17,440.55,-2.69,HARD_STOP,No
2024-10-28,2024,MFSL,09:15,1270.7,09:17,1267.45,-0.26,HARD_STOP,No
2024-10-28,2024,ZENSARTECH,09:15,686,09:17,687.65,0.24,HARD_STOP,Neutral
2024-10-28,2024,RPOWER,09:15,43.2,09:17,42.36,-1.94,HARD_STOP,No
2024-10-28,2024,PERSISTENT,09:15,5655,09:17,5710.45,0.98,HARD_STOP,Yes
2024-10-28,2024,COFORGE,09:15,1543,09:17,1550,0.45,HARD_STOP,Yes
2024-10-28,2024,DEEPAKFERT,09:15,1154,09:17,1152.35,-0.14,HARD_STOP,No
2024-10-28,2024,VBL,09:15,608.25,09:17,606.45,-0.3,HARD_STOP,No
2024-10-28,2024,PPLPHARMA,09:15,246,09:17,244.76,-0.5,HARD_STOP,No
2024-10-28,2024,SONACOMS,09:15,699.25,09:17,693.55,-0.82,HARD_STOP,No
2024-10-28,2024,GESHIP,09:15,1240,09:17,1221.65,-1.48,HARD_STOP,No
2024-10-29,2024,PHOENIXLTD,09:15,1460.95,10:40,1497.15,2.48,TRAIL,Yes
2024-10-29,2024,GPIL,09:15,173.1,10:40,171.3,-1.04,TRAIL,No
2024-10-29,2024,MAHABANK,09:15,49.81,10:40,49.87,0.12,TRAIL,Neutral
2024-10-29,2024,ESCORTS,09:15,3520,10:40,3554.4,0.98,TRAIL,Yes
2024-10-29,2024,BEML,09:15,1880,10:40,1877.4,-0.14,TRAIL,No
2024-10-30,2024,EMAMILTD,09:15,655,15:29,668.05,1.99,EOD,Yes
2024-10-30,2024,GPIL,09:15,173.45,15:29,190.1,9.6,EOD,Yes
2024-10-30,2024,FACT,09:15,829.8,15:29,864,4.12,EOD,Yes
2024-10-30,2024,NBCC,09:15,93.55,15:29,97.26,3.97,EOD,Yes
2024-10-30,2024,GRAVITA,09:15,2007.7,15:29,2000,-0.38,EOD,No
2024-10-30,2024,ARE&M,09:15,1337.8,15:29,1357,1.44,EOD,Yes
2024-10-30,2024,IFCI,09:15,53.45,15:29,57.65,7.86,EOD,Yes
2024-10-30,2024,RVNL,09:15,440,15:29,467,6.14,EOD,Yes
2024-10-30,2024,JWL,09:15,467.7,15:29,488.75,4.5,EOD,Yes
2024-10-30,2024,NSLNISP,09:15,45.25,15:29,46.35,2.43,EOD,Yes
2024-10-30,2024,ACE,09:15,1166.05,15:29,1321.05,13.29,EOD,Yes
2024-10-31,2024,BHEL,09:15,236.5,15:29,239,1.06,EOD,Yes
2024-10-31,2024,INDIANB,09:15,562.6,15:29,574.95,2.2,EOD,Yes
2024-10-31,2024,GRAVITA,09:15,2000.8,15:29,2119,5.91,EOD,Yes
2024-10-31,2024,HUDCO,09:15,216.9,15:29,217.19,0.13,EOD,Neutral
2024-10-31,2024,TECHNOE,09:15,1510.9,15:29,1548,2.46,EOD,Yes
2024-11-01,2024,INDIANB,09:15,577.85,18:00,577.1,-0.13,EOD,No
2024-11-01,2024,BHEL,09:15,240.9,18:00,242.83,0.8,EOD,Yes
2024-11-01,2024,IFCI,09:15,58.1,18:00,58.63,0.91,EOD,Yes
2024-11-01,2024,DATAPATTNS,09:15,2440,18:00,2459.85,0.81,EOD,Yes
2024-11-01,2024,PHOENIXLTD,09:15,1559,18:00,1544.8,-0.91,EOD,No
2024-11-01,2024,NBCC,09:15,97.9,18:00,100.3,2.45,EOD,Yes
2024-11-01,2024,CEMPRO,09:15,568.6,18:00,572.2,0.63,EOD,Yes
2024-11-01,2024,COCHINSHIP,09:15,1523,18:00,1522,-0.07,EOD,No
2024-11-01,2024,BRIGADE,09:15,1225,18:00,1226,0.08,EOD,Neutral
2024-11-01,2024,JUBLINGREA,09:15,715,18:00,717.35,0.33,EOD,Neutral
2024-11-01,2024,RVNL,09:15,471,18:00,473.7,0.57,EOD,Yes
2024-11-04,2024,BHEL,09:15,242.95,09:15,239.27,-1.51,HARD_STOP,No
2024-11-04,2024,RVNL,09:15,469.3,09:15,462.85,-1.37,HARD_STOP,No
2024-11-04,2024,DATAPATTNS,09:15,2437.85,09:15,2408.55,-1.2,HARD_STOP,No
2024-11-04,2024,ENGINERSIN,09:15,196.16,09:15,193.26,-1.48,HARD_STOP,No
2024-11-04,2024,KEC,09:15,1000,09:15,964.55,-3.55,HARD_STOP,No
2024-11-04,2024,SCI,09:15,213.33,09:15,211.25,-0.98,HARD_STOP,No
2024-11-04,2024,HUDCO,09:15,219.7,09:15,218.84,-0.39,HARD_STOP,No
2024-11-04,2024,PHOENIXLTD,09:15,1553,09:15,1526.8,-1.69,HARD_STOP,No
2024-11-04,2024,MANAPPURAM,09:15,159.64,09:15,158.64,-0.63,HARD_STOP,No
2024-11-04,2024,GRSE,09:15,1608,09:15,1616.15,0.51,HARD_STOP,Yes
2024-11-05,2024,SUPREMEIND,09:15,4214.2,15:29,4380,3.93,EOD,Yes
2024-11-05,2024,LATENTVIEW,09:15,455,15:29,455,0,EOD,Neutral
2024-11-05,2024,GLAND,09:15,1601,15:29,1820,13.68,EOD,Yes
2024-11-05,2024,MAPMYINDIA,09:15,1925.7,15:29,1899,-1.39,EOD,No
2024-11-05,2024,ITI,09:15,221.85,15:29,224,0.97,EOD,Yes
2024-11-05,2024,VOLTAS,09:15,1660.55,15:29,1689,1.71,EOD,Yes
2024-11-05,2024,DCMSHRIRAM,09:15,1057.3,15:29,1048,-0.88,EOD,No
2024-11-05,2024,COROMANDEL,09:15,1635.15,15:29,1673.95,2.37,EOD,Yes
2024-11-05,2024,INDHOTEL,09:15,665.9,15:29,668,0.32,EOD,Neutral
2024-11-05,2024,PGEL,09:15,621,15:29,630.85,1.59,EOD,Yes
2024-11-05,2024,PAYTM,09:15,751,15:29,760.6,1.28,EOD,Yes
2024-11-05,2024,VIJAYA,09:15,966.6,15:29,979,1.28,EOD,Yes
2024-11-05,2024,GRANULES,09:15,549.5,15:29,548.6,-0.16,EOD,No
2024-11-05,2024,BEL,09:15,282.5,15:29,285.55,1.08,EOD,Yes
2024-11-06,2024,MAPMYINDIA,09:15,1911,15:29,1996,4.45,EOD,Yes
2024-11-06,2024,LATENTVIEW,09:15,456.9,15:29,469,2.65,EOD,Yes
2024-11-06,2024,DCMSHRIRAM,09:15,1049.15,15:29,1118,6.56,EOD,Yes
2024-11-06,2024,INDHOTEL,09:15,669,15:29,687,2.69,EOD,Yes
2024-11-06,2024,ITI,09:15,224.8,15:29,233,3.65,EOD,Yes
2024-11-06,2024,DIXON,09:15,14500.15,15:29,15630,7.79,EOD,Yes
2024-11-06,2024,JSWENERGY,09:15,660.95,15:29,684.95,3.63,EOD,Yes
2024-11-06,2024,PGEL,09:15,630,15:29,666.5,5.79,EOD,Yes
2024-11-06,2024,VOLTAS,09:15,1696.55,15:29,1736.5,2.35,EOD,Yes
2024-11-06,2024,CARTRADE,09:15,1125.5,15:29,1196.9,6.34,EOD,Yes
2024-11-06,2024,BEL,09:15,287.5,15:29,302,5.04,EOD,Yes
2024-11-06,2024,ECLERX,09:15,1575,15:29,1628.5,3.4,EOD,Yes
2024-11-07,2024,GLAND,09:15,1827.2,09:46,1812.9,-0.78,HARD_STOP,No
2024-11-08,2024,SUPREMEIND,09:15,4640,11:56,4603.5,-0.79,TRAIL,No
2024-11-08,2024,VOLTAS,09:15,1775,11:56,1758,-0.96,TRAIL,No
2024-11-08,2024,INDHOTEL,09:15,710,11:56,722.6,1.77,TRAIL,Yes
2024-11-08,2024,BLUEJET,09:15,540.25,11:56,537.15,-0.57,TRAIL,No
2024-11-08,2024,LATENTVIEW,09:15,466,11:56,460.15,-1.26,TRAIL,No
2024-11-08,2024,CARTRADE,09:15,1205,11:56,1248.05,3.57,TRAIL,Yes
2024-11-08,2024,PAYTM,09:15,796,11:56,821.35,3.18,TRAIL,Yes
2024-11-08,2024,BEL,09:15,300.35,11:56,298.35,-0.67,TRAIL,No
2024-11-08,2024,PGEL,09:15,670.05,11:56,688.4,2.74,TRAIL,Yes
2024-11-08,2024,GRANULES,09:15,572.15,11:56,570.35,-0.31,TRAIL,No
2024-11-11,2024,SUPREMEIND,09:15,4584,12:42,4663.4,1.73,TRAIL,Yes
2024-11-11,2024,GLAND,09:15,1784.5,12:42,1830,2.55,TRAIL,Yes
2024-11-11,2024,VOLTAS,09:15,1768.8,12:42,1754.05,-0.83,TRAIL,No
2024-11-11,2024,COROMANDEL,09:15,1752.25,12:42,1750.95,-0.07,TRAIL,No
2024-11-11,2024,DCMSHRIRAM,09:15,1242.9,12:42,1238.1,-0.39,TRAIL,No
2024-11-11,2024,JSWENERGY,09:15,709.85,12:42,740,4.25,TRAIL,Yes
2024-11-11,2024,BLUEJET,09:15,542.05,12:42,533.6,-1.56,TRAIL,No
2024-11-11,2024,TARIL,09:15,510,12:42,510,0,TRAIL,Neutral
2024-11-11,2024,KALYANKJIL,09:15,692.05,12:42,704.85,1.85,TRAIL,Yes
2024-11-11,2024,DIXON,09:15,15621.1,12:42,15500,-0.78,TRAIL,No
2024-11-12,2024,NEULANDLAB,09:15,14002.3,14:04,15500,10.7,TRAIL,Yes
2024-11-12,2024,SAREGAMA,09:15,482.9,14:04,475.3,-1.57,TRAIL,No
2024-11-12,2024,DCMSHRIRAM,09:15,1256.95,14:04,1246.55,-0.83,TRAIL,No
2024-11-12,2024,DEEPAKNTR,09:15,2628,14:04,2572.9,-2.1,TRAIL,No
2024-11-12,2024,EICHERMOT,09:15,4788,14:04,4745.8,-0.88,TRAIL,No
2024-11-12,2024,AEGISLOG,09:15,760.5,14:04,775.05,1.91,TRAIL,Yes
2024-11-12,2024,POLYMED,09:15,2731.85,14:04,2719.6,-0.45,TRAIL,No
2024-11-12,2024,NUVAMA,09:15,1363,14:04,1327,-2.64,TRAIL,No
2024-11-12,2024,UNOMINDA,09:15,929,14:04,970.65,4.48,TRAIL,Yes
2024-11-12,2024,POLICYBZR,09:15,1679.9,14:04,1678.1,-0.11,TRAIL,No
2024-11-12,2024,RAINBOW,09:15,1569.8,14:04,1625.2,3.53,TRAIL,Yes
2024-11-12,2024,BLUESTARCO,09:15,1797.6,14:04,1767.75,-1.66,TRAIL,No
2024-11-12,2024,MEDANTA,09:15,1079,14:04,1070.9,-0.75,TRAIL,No
2024-11-13,2024,SAREGAMA,09:15,470,09:25,456.75,-2.82,HARD_STOP,No
2024-11-13,2024,ETERNAL,09:15,258.08,09:25,258.8,0.28,HARD_STOP,Neutral
2024-11-13,2024,DEEPAKNTR,09:15,2564,09:25,2560.7,-0.13,HARD_STOP,No
2024-11-13,2024,DCMSHRIRAM,09:15,1244,09:25,1236.2,-0.63,HARD_STOP,No
2024-11-13,2024,EICHERMOT,09:15,4700,09:25,4701.2,0.03,HARD_STOP,Neutral
2024-11-13,2024,AEGISLOG,09:15,765.05,09:25,775.7,1.39,HARD_STOP,Yes
2024-11-13,2024,POLYMED,09:15,2680,09:25,2637.7,-1.58,HARD_STOP,No
2024-11-13,2024,NUVAMA,09:15,1315,09:25,1278.5,-2.78,HARD_STOP,No
2024-11-13,2024,POLICYBZR,09:15,1685.1,09:25,1680.15,-0.29,HARD_STOP,No
2024-11-13,2024,COHANCE,09:15,1220,09:25,1219,-0.08,HARD_STOP,No
2024-11-14,2024,NEULANDLAB,09:15,14610,15:29,15470,5.89,EOD,Yes
2024-11-14,2024,ETERNAL,09:15,261.5,15:29,269.85,3.19,EOD,Yes
2024-11-14,2024,SAREGAMA,09:15,477.45,15:29,484.25,1.42,EOD,Yes
2024-11-14,2024,DCMSHRIRAM,09:15,1190,15:29,1288,8.24,EOD,Yes
2024-11-14,2024,DEEPAKNTR,09:15,2453,15:29,2635,7.42,EOD,Yes
2024-11-14,2024,EICHERMOT,09:15,4725.45,15:29,4890.95,3.5,EOD,Yes
2024-11-14,2024,POLYMED,09:15,2669.95,15:29,2709.75,1.49,EOD,Yes
2024-11-14,2024,AEGISLOG,09:15,784.45,15:29,803,2.36,EOD,Yes
2024-11-14,2024,NUVAMA,09:15,1276,15:29,1349,5.72,EOD,Yes
2024-11-14,2024,RAINBOW,09:15,1618.65,15:29,1649.05,1.88,EOD,Yes
2024-11-14,2024,ZYDUSWELL,09:15,374.7,15:29,392.2,4.67,EOD,Yes
2024-11-14,2024,POLICYBZR,09:15,1636.1,15:29,1730,5.74,EOD,Yes
2024-11-14,2024,MEDANTA,09:15,1033.95,15:29,1072,3.68,EOD,Yes
2024-11-18,2024,POLYMED,09:15,2724.85,09:15,2691.15,-1.24,HARD_STOP,No
2024-11-18,2024,COHANCE,09:15,1274.7,09:15,1270.05,-0.36,HARD_STOP,No
2024-11-19,2024,PTCIL,09:15,11224.5,15:29,11650,3.79,EOD,Yes
2024-11-19,2024,CONCORDBIO,09:15,1915,15:29,1903.05,-0.62,EOD,No
2024-11-19,2024,CRAFTSMAN,09:15,4620,15:29,4970,7.58,EOD,Yes
2024-11-19,2024,NLCINDIA,09:15,234.6,15:29,236,0.6,EOD,Yes
2024-11-19,2024,EIDPARRY,09:15,775.3,15:29,810.2,4.5,EOD,Yes
2024-11-19,2024,MRPL,09:15,146.9,15:29,144.35,-1.74,EOD,No
2024-11-19,2024,UNOMINDA,09:15,1007.8,15:29,1037,2.9,EOD,Yes
2024-11-19,2024,VIJAYA,09:15,1001,15:29,1062.85,6.18,EOD,Yes
2024-11-19,2024,KFINTECH,09:15,980.6,15:29,1011,3.1,EOD,Yes
2024-11-19,2024,PAYTM,09:15,787,15:29,811.55,3.12,EOD,Yes
2024-11-21,2024,SWANCORP,09:15,534,09:40,532.6,-0.26,TRAIL,No
2024-11-21,2024,CONCORDBIO,09:15,1905.95,09:40,1939.75,1.77,TRAIL,Yes
2024-11-21,2024,PHOENIXLTD,09:15,1460.05,09:40,1468.85,0.6,TRAIL,Yes
2024-11-21,2024,FORTIS,09:15,655,09:40,676.65,3.31,TRAIL,Yes
2024-11-21,2024,MRPL,09:15,144.34,09:40,141.51,-1.96,TRAIL,No
2024-11-21,2024,NLCINDIA,09:15,240,09:40,240.5,0.21,TRAIL,Neutral
2024-11-22,2024,SWANCORP,09:15,531.15,15:29,589,10.89,EOD,Yes
2024-11-22,2024,CRAFTSMAN,09:15,4958.4,15:29,5161,4.09,EOD,Yes
2024-11-22,2024,CCL,09:15,714.5,15:29,740.05,3.58,EOD,Yes
2024-11-22,2024,PTCIL,09:15,11917.85,15:29,11899,-0.16,EOD,No
2024-11-22,2024,GVT&D,09:15,1940,15:29,1880,-3.09,EOD,No
2024-11-22,2024,EIDPARRY,09:15,824.1,15:29,831,0.84,EOD,Yes
2024-11-22,2024,MRPL,09:15,142.98,15:29,154.74,8.22,EOD,Yes
2024-11-22,2024,OIL,09:15,487.5,15:29,508,4.21,EOD,Yes
2024-11-25,2024,SUZLON,09:15,67,09:16,66.09,-1.36,HARD_STOP,No
2024-11-25,2024,PTCIL,09:15,12200,09:16,12098.95,-0.83,HARD_STOP,No
2024-11-25,2024,CONCORDBIO,09:15,2073,09:16,2006.1,-3.23,HARD_STOP,No
2024-11-25,2024,UNOMINDA,09:15,1081.7,09:16,1095.8,1.3,HARD_STOP,Yes
2024-11-25,2024,GVT&D,09:15,1918,09:16,1923.95,0.31,HARD_STOP,Neutral
2024-11-25,2024,EIDPARRY,09:15,845.85,09:16,837.05,-1.04,HARD_STOP,No
2024-11-25,2024,SAMMAANCAP,09:15,158.9,09:16,158.41,-0.31,HARD_STOP,No
2024-11-25,2024,FORTIS,09:15,698.7,09:16,692.7,-0.86,HARD_STOP,No
2024-11-26,2024,FACT,09:15,837.8,09:45,860.25,2.68,HARD_STOP,Yes
2024-11-26,2024,PCBL,09:15,395,09:45,396.5,0.38,HARD_STOP,Neutral
2024-11-26,2024,RPOWER,09:15,34.6,09:45,34.98,1.1,HARD_STOP,Yes
2024-11-26,2024,SONATSOFTW,09:15,551.7,09:45,561,1.69,HARD_STOP,Yes
2024-11-26,2024,ADANIGREEN,09:15,968.8,09:45,913.55,-5.7,HARD_STOP,No
2024-11-26,2024,ADANIENSOL,09:15,637.75,09:45,611,-4.19,HARD_STOP,No
2024-11-26,2024,ADANIENT,09:15,2196.5,09:45,2179.6,-0.77,HARD_STOP,No
2024-11-26,2024,HBLENGINE,09:15,562.5,09:45,570,1.33,HARD_STOP,Yes
2024-11-26,2024,ATGL,09:15,605,09:45,593.2,-1.95,HARD_STOP,No
2024-11-26,2024,HONASA,09:15,229.8,09:45,225,-2.09,HARD_STOP,No
2024-11-27,2024,HONASA,09:15,227.9,15:29,229.75,0.81,EOD,Yes
2024-11-27,2024,GALLANTT,09:15,315.25,15:29,322,2.14,EOD,Yes
2024-11-27,2024,ADANIENT,09:15,2113.5,15:29,2327.7,10.13,EOD,Yes
2024-11-27,2024,ADANIGREEN,09:15,890,15:29,988.4,11.06,EOD,Yes
2024-11-27,2024,ADANIENSOL,09:15,601.1,15:29,660.8,9.93,EOD,Yes
2024-11-27,2024,ATGL,09:15,580.05,15:29,695.3,19.87,EOD,Yes
2024-11-27,2024,ADANIPOWER,09:15,87.35,15:29,105.05,20.26,EOD,Yes
2024-11-28,2024,BALRAMCHIN,09:15,566,11:16,557.8,-1.45,TRAIL,No
2024-11-28,2024,FACT,09:15,870.3,11:16,903,3.76,TRAIL,Yes
2024-11-29,2024,HSCL,09:15,525.95,15:29,527.35,0.27,EOD,Neutral
2024-11-29,2024,ADANIENT,09:15,2388.9,15:29,2382,-0.29,EOD,No
2024-11-29,2024,PCBL,09:15,438.4,15:29,434,-1,EOD,No
2024-11-29,2024,MAZDOCK,09:15,2255.5,15:29,2292.5,1.64,EOD,Yes
2024-11-29,2024,KFINTECH,09:15,1157.35,15:29,1164,0.57,EOD,Yes
2024-11-29,2024,BALRAMCHIN,09:15,561.65,15:29,586,4.34,EOD,Yes
2024-11-29,2024,PPLPHARMA,09:15,247.65,15:29,271.2,9.51,EOD,Yes
2024-12-02,2024,ADANIPOWER,09:15,111.4,09:51,110.5,-0.81,TRAIL,No
2024-12-02,2024,HSCL,09:15,525,09:51,524.7,-0.06,TRAIL,No
2024-12-02,2024,BDL,09:15,1147.95,09:51,1163.15,1.32,TRAIL,Yes
2024-12-02,2024,CAMS,09:15,995,09:51,1018,2.31,TRAIL,Yes
2024-12-02,2024,ADANIENT,09:15,2415.3,09:51,2400,-0.63,TRAIL,No
2024-12-02,2024,RPOWER,09:15,38.7,09:51,38.18,-1.34,TRAIL,No
2024-12-02,2024,GRSE,09:15,1669,09:51,1682.3,0.8,TRAIL,Yes
2024-12-02,2024,COCHINSHIP,09:15,1631.5,09:51,1656.15,1.51,TRAIL,Yes
2024-12-02,2024,MAZDOCK,09:15,2287.35,09:51,2274.85,-0.55,TRAIL,No
2024-12-02,2024,SONATSOFTW,09:15,631.6,09:51,643.6,1.9,TRAIL,Yes
2024-12-03,2024,GRSE,09:15,1670,15:29,1702.5,1.95,EOD,Yes
2024-12-03,2024,KPIL,09:15,1142,15:29,1148.15,0.54,EOD,Yes
2024-12-03,2024,PNBHOUSING,09:15,884,15:29,884,0,EOD,Neutral
2024-12-03,2024,KPITTECH,09:15,1374.85,15:29,1430,4.01,EOD,Yes
2024-12-03,2024,FINCABLES,09:15,1159.4,15:29,1156,-0.29,EOD,No
2024-12-03,2024,ZEEL,09:15,128.41,15:29,135.02,5.15,EOD,Yes
2024-12-03,2024,BLS,09:15,398,15:29,418,5.03,EOD,Yes
2024-12-03,2024,UCOBANK,09:15,44.49,15:29,45.12,1.42,EOD,Yes
2024-12-03,2024,HSCL,09:15,536.15,15:29,539.95,0.71,EOD,Yes
2024-12-03,2024,TATAELXSI,09:15,6750.05,15:29,7090,5.04,EOD,Yes
2024-12-03,2024,ANGELONE,09:15,294.1,15:29,307.5,4.56,EOD,Yes
2024-12-04,2024,FINCABLES,09:15,1159.25,12:00,1198.75,3.41,TRAIL,Yes
2024-12-04,2024,PNBHOUSING,09:15,899,12:00,908.55,1.06,TRAIL,Yes
2024-12-04,2024,KPIL,09:15,1150.05,12:00,1144.45,-0.49,TRAIL,No
2024-12-04,2024,MMTC,09:15,80.49,12:00,80.46,-0.04,TRAIL,No
2024-12-04,2024,FLUOROCHEM,09:15,4080,12:00,4045.35,-0.85,TRAIL,No
2024-12-04,2024,HSCL,09:15,542.7,12:00,544.5,0.33,TRAIL,Neutral
2024-12-04,2024,RPOWER,09:15,41.09,12:00,41.09,0,TRAIL,Neutral
2024-12-04,2024,BLUESTARCO,09:15,1877,12:00,1890.65,0.73,TRAIL,Yes
2024-12-05,2024,INOXWIND,09:15,201.58,15:29,201.57,0,EOD,Neutral
2024-12-05,2024,KPIL,09:15,1180.95,15:29,1237.8,4.81,EOD,Yes
2024-12-05,2024,CASTROLIND,09:15,202.85,15:29,212.71,4.86,EOD,Yes
2024-12-05,2024,MMTC,09:15,80.8,15:29,80.36,-0.54,EOD,No
2024-12-05,2024,CESC,09:15,174.24,15:29,180.48,3.58,EOD,Yes
2024-12-05,2024,FLUOROCHEM,09:15,4099,15:29,4263,4,EOD,Yes
2024-12-05,2024,IGL,09:15,187,15:29,191.6,2.46,EOD,Yes
2024-12-05,2024,ANGELONE,09:15,304.6,15:29,322.1,5.75,EOD,Yes
2024-12-06,2024,GRSE,09:15,1775,15:29,1778,0.17,EOD,Neutral
2024-12-06,2024,MMTC,09:15,80.59,15:29,83.65,3.8,EOD,Yes
2024-12-06,2024,INOXWIND,09:15,201.31,15:29,204.34,1.51,EOD,Yes
2024-12-06,2024,ZEEL,09:15,139.86,15:29,140.75,0.64,EOD,Yes
2024-12-06,2024,J&KBANK,09:15,106.6,15:29,106.5,-0.09,EOD,No
2024-12-06,2024,IREDA,09:15,220.4,15:29,221.19,0.36,EOD,Neutral
2024-12-06,2024,MAZDOCK,09:15,2435,15:29,2439.5,0.18,EOD,Neutral
2024-12-06,2024,BANKINDIA,09:15,114.35,15:29,113.58,-0.67,EOD,No
2024-12-06,2024,GABRIEL,09:15,439.45,15:29,479,9,EOD,Yes
2024-12-09,2024,INOXWIND,09:15,205.18,15:29,205.23,0.02,EOD,Neutral
2024-12-09,2024,ZEEL,09:15,140.53,15:29,137.96,-1.83,EOD,No
2024-12-09,2024,IGL,09:15,193.5,15:29,193.3,-0.1,EOD,No
2024-12-09,2024,GRSE,09:15,1787,15:29,1755.7,-1.75,EOD,No
2024-12-09,2024,J&KBANK,09:15,106.9,15:29,105.01,-1.77,EOD,No
2024-12-09,2024,IREDA,09:15,222.15,15:29,221,-0.52,EOD,No
2024-12-09,2024,BANKINDIA,09:15,113.48,15:29,111.98,-1.32,EOD,No
2024-12-09,2024,CASTROLIND,09:15,216.36,15:29,216.51,0.07,EOD,Neutral
2024-12-09,2024,MAXHEALTH,09:15,1062.05,15:29,1119.5,5.41,EOD,Yes
2024-12-10,2024,CLEAN,09:15,1299,15:29,1397.45,7.58,EOD,Yes
2024-12-10,2024,MAXHEALTH,09:15,1117,15:29,1117.05,0,EOD,Neutral
2024-12-10,2024,RPOWER,09:15,44.8,15:29,44.91,0.25,EOD,Neutral
2024-12-10,2024,KPRMILL,09:15,1009.95,15:29,1024,1.39,EOD,Yes
2024-12-10,2024,SYRMA,09:15,557.7,15:29,580,4,EOD,Yes
2024-12-10,2024,CRISIL,09:15,5272.45,15:29,5433.85,3.06,EOD,Yes
2024-12-10,2024,TARIL,09:15,515,15:29,519,0.78,EOD,Yes
2024-12-11,2024,PGEL,09:15,860,11:45,843,-1.98,TRAIL,No
2024-12-11,2024,POWERINDIA,09:15,12580,11:45,12584.35,0.03,TRAIL,Neutral
2024-12-11,2024,KPRMILL,09:15,1029.9,11:45,1017.05,-1.25,TRAIL,No
2024-12-11,2024,CHALET,09:15,923.8,11:45,931.15,0.8,TRAIL,Yes
2024-12-11,2024,MAXHEALTH,09:15,1110.05,11:45,1125,1.35,TRAIL,Yes
2024-12-11,2024,TITAGARH,09:15,1241.1,11:45,1322.1,6.53,TRAIL,Yes
2024-12-11,2024,RPOWER,09:15,45.3,11:45,44.37,-2.05,TRAIL,No
2024-12-12,2024,PGEL,09:15,847,15:29,855,0.94,EOD,Yes
2024-12-12,2024,JBMA,09:15,883.2,15:29,854.9,-3.2,EOD,No
2024-12-12,2024,POWERINDIA,09:15,12735,15:29,13125,3.06,EOD,Yes
2024-12-12,2024,KPRMILL,09:15,1024,15:29,1016,-0.78,EOD,No
2024-12-12,2024,CHALET,09:15,927.1,15:29,1000,7.86,EOD,Yes
2024-12-12,2024,RPOWER,09:15,46.24,15:29,46.24,0,EOD,Neutral
2024-12-12,2024,BLS,09:15,450.8,15:29,478,6.03,EOD,Yes
2024-12-12,2024,CRISIL,09:15,5450,15:29,5530,1.47,EOD,Yes
2024-12-12,2024,MAXHEALTH,09:15,1132,15:29,1170.25,3.38,EOD,Yes
2024-12-12,2024,MANAPPURAM,09:15,178,15:29,178.45,0.25,EOD,Neutral
2024-12-13,2024,PGEL,09:15,852.55,15:29,931,9.2,EOD,Yes
2024-12-13,2024,TITAGARH,09:15,1323.05,15:29,1306,-1.29,EOD,No
2024-12-13,2024,JBMA,09:15,851,15:29,884,3.88,EOD,Yes
2024-12-13,2024,LATENTVIEW,09:15,508.05,15:29,507,-0.21,EOD,No
2024-12-13,2024,GODFRYPHLP,09:15,1990,15:29,2017,1.36,EOD,Yes
2024-12-13,2024,KPRMILL,09:15,1018.4,15:29,1084.35,6.48,EOD,Yes
2024-12-13,2024,DELHIVERY,09:15,380,15:29,389,2.37,EOD,Yes
2024-12-13,2024,CRISIL,09:15,5562.6,15:29,5890,5.89,EOD,Yes
2024-12-13,2024,SYRMA,09:15,596.5,15:29,604.95,1.42,EOD,Yes
2024-12-16,2024,LATENTVIEW,09:15,507.8,15:29,499.9,-1.56,EOD,No
2024-12-16,2024,TARIL,09:15,570,15:29,576,1.05,EOD,Yes
2024-12-16,2024,MANAPPURAM,09:15,182.1,15:29,185.51,1.87,EOD,Yes
2024-12-16,2024,TITAGARH,09:15,1308.6,15:29,1337,2.17,EOD,Yes
2024-12-16,2024,BLS,09:15,469.8,15:29,470.4,0.13,EOD,Neutral
2024-12-16,2024,POWERINDIA,09:15,13024.7,15:29,13205,1.38,EOD,Yes
2024-12-16,2024,MAXHEALTH,09:15,1180.05,15:29,1181,0.08,EOD,Neutral
2024-12-16,2024,CHALET,09:15,1007.55,15:29,973,-3.43,EOD,No
2024-12-16,2024,SYRMA,09:15,613,15:29,608.9,-0.67,EOD,No
2024-12-17,2024,AEGISLOG,09:15,772,09:15,772.25,0.03,HARD_STOP,Neutral
2024-12-17,2024,CARTRADE,09:15,1500,09:15,1494.55,-0.36,HARD_STOP,No
2024-12-17,2024,BLUEJET,09:15,525,09:15,517.8,-1.37,HARD_STOP,No
2024-12-17,2024,KFINTECH,09:15,1249.9,09:15,1248.6,-0.1,HARD_STOP,No
2024-12-17,2024,MANKIND,09:15,2735,09:15,2725.35,-0.35,HARD_STOP,No
2024-12-17,2024,POWERINDIA,09:15,13234.5,09:15,13185.35,-0.37,HARD_STOP,No
2024-12-17,2024,KPRMILL,09:15,1096.75,09:15,1076.6,-1.84,HARD_STOP,No
2024-12-18,2024,TECHNOE,09:15,1501.2,10:08,1499.35,-0.12,TRAIL,No
2024-12-18,2024,KFINTECH,09:15,1243,10:08,1263.45,1.65,TRAIL,Yes
2024-12-18,2024,AEGISLOG,09:15,782.85,10:08,779.5,-0.43,TRAIL,No
2024-12-18,2024,GICRE,09:15,428.2,10:08,440.8,2.94,TRAIL,Yes
2024-12-18,2024,CARTRADE,09:15,1534.5,10:08,1561.95,1.79,TRAIL,Yes
2024-12-18,2024,KPRMILL,09:15,1075.9,10:08,1085.4,0.88,TRAIL,Yes
2024-12-18,2024,HONASA,09:15,245,10:08,245.3,0.12,TRAIL,Neutral
2024-12-18,2024,POWERINDIA,09:15,13199.05,10:08,12950,-1.89,TRAIL,No
2024-12-19,2024,AEGISLOG,09:15,780,15:29,759.95,-2.57,EOD,No
2024-12-19,2024,FIVESTAR,09:15,711.95,15:29,748.65,5.15,EOD,Yes
2024-12-19,2024,ZENTEC,09:15,2316.9,15:29,2435,5.1,EOD,Yes
2024-12-19,2024,NEWGEN,09:15,1466,15:29,1525,4.02,EOD,Yes
2024-12-19,2024,ANANTRAJ,09:15,780,15:29,838,7.44,EOD,Yes
2024-12-19,2024,CARTRADE,09:15,1465.65,15:29,1539,5,EOD,Yes
2024-12-19,2024,GVT&D,09:15,2020,15:29,2102,4.06,EOD,Yes
2024-12-19,2024,POWERINDIA,09:15,12400,15:29,13100,5.65,EOD,Yes
2024-12-20,2024,ACE,09:15,1515,15:29,1492.9,-1.46,EOD,No
2024-12-20,2024,AEGISLOG,09:15,767.35,15:29,840,9.47,EOD,Yes
2024-12-20,2024,TECHNOE,09:15,1540,15:29,1635,6.17,EOD,Yes
2024-12-20,2024,FIVESTAR,09:15,753.9,15:29,757,0.41,EOD,Yes
2024-12-20,2024,GICRE,09:15,432.1,15:29,502.75,16.35,EOD,Yes
2024-12-20,2024,ZENTEC,09:15,2448,15:29,2571.8,5.06,EOD,Yes
2024-12-20,2024,NEWGEN,09:15,1534.9,15:29,1574,2.55,EOD,Yes
2024-12-20,2024,KPRMILL,09:15,1145,15:29,1139,-0.52,EOD,No
2024-12-23,2024,ACE,09:15,1506.05,09:23,1506.25,0.01,HARD_STOP,Neutral
2024-12-23,2024,ANANTRAJ,09:15,858.85,09:23,862.4,0.41,HARD_STOP,Yes
2024-12-23,2024,KFINTECH,09:15,1435,09:23,1415.2,-1.38,HARD_STOP,No
2024-12-23,2024,POWERINDIA,09:15,13410.25,09:23,13339.9,-0.52,HARD_STOP,No
2024-12-23,2024,IPCALAB,09:15,1597,09:23,1588.9,-0.51,HARD_STOP,No
2024-12-23,2024,KPRMILL,09:15,1149.5,09:23,1132.45,-1.48,HARD_STOP,No
2024-12-23,2024,HONASA,09:15,262.5,09:23,257.3,-1.98,HARD_STOP,No
2024-12-24,2024,AJANTPHARM,09:15,2818.75,15:29,2799.95,-0.67,EOD,No
2024-12-24,2024,GRSE,09:15,1571.8,15:29,1564.5,-0.46,EOD,No
2024-12-24,2024,ACUTAAS,09:15,1074.1,15:29,1150,7.07,EOD,Yes
2024-12-24,2024,HSCL,09:15,549.8,15:29,552.5,0.49,EOD,Yes
2024-12-24,2024,ELECON,09:15,604.15,15:29,624.6,3.38,EOD,Yes
2024-12-24,2024,SOLARINDS,09:15,9704.7,15:29,10140,4.49,EOD,Yes
2024-12-24,2024,SIGNATURE,09:15,1245,15:29,1290.1,3.62,EOD,Yes
2024-12-26,2024,AJANTPHARM,09:15,2790,15:29,2785,-0.18,EOD,No
2024-12-26,2024,GRSE,09:15,1569.8,15:29,1552,-1.13,EOD,No
2024-12-26,2024,PTCIL,09:15,12396.3,15:29,12270,-1.02,EOD,No
2024-12-26,2024,PGEL,09:15,975,15:29,964.1,-1.12,EOD,No
2024-12-26,2024,INTELLECT,09:15,915.3,15:29,1012,10.56,EOD,Yes
2024-12-26,2024,DEVYANI,09:15,181,15:29,183,1.1,EOD,Yes
2024-12-26,2024,CAPLIPOINT,09:15,2410,15:29,2400,-0.41,EOD,No
2024-12-26,2024,AWL,09:15,318.65,15:29,320,0.42,EOD,Yes
2024-12-27,2024,GRSE,09:15,1558.3,15:29,1680,7.81,EOD,Yes
2024-12-27,2024,AJANTPHARM,09:15,2795.35,15:29,3020,8.04,EOD,Yes
2024-12-27,2024,PTCIL,09:15,12208,15:29,13583.65,11.27,EOD,Yes
2024-12-27,2024,PGEL,09:15,975,15:29,992,1.74,EOD,Yes
2024-12-27,2024,DEVYANI,09:15,183.58,15:29,194.3,5.84,EOD,Yes
2024-12-27,2024,CAPLIPOINT,09:15,2400,15:29,2620,9.17,EOD,Yes
2024-12-27,2024,ACUTAAS,09:15,1141.4,15:29,1132.4,-0.79,EOD,No
2024-12-27,2024,CEATLTD,09:15,3138,15:29,3247.8,3.5,EOD,Yes
2024-12-27,2024,DCMSHRIRAM,09:15,1092.45,15:29,1094.9,0.22,EOD,Neutral
2024-12-30,2024,INTELLECT,09:15,998.05,09:18,1017.05,1.9,HARD_STOP,Yes
2024-12-30,2024,AMBER,09:15,7404.55,09:18,7363.15,-0.56,HARD_STOP,No
2024-12-30,2024,ACUTAAS,09:15,1134.4,09:18,1130.4,-0.35,HARD_STOP,No
2024-12-30,2024,SOLARINDS,09:15,10204,09:18,10110,-0.92,HARD_STOP,No
2024-12-30,2024,HSCL,09:15,581.55,09:18,570,-1.99,HARD_STOP,No
2024-12-30,2024,ELECON,09:15,642.35,09:18,637.6,-0.74,HARD_STOP,No
2024-12-30,2024,KFINTECH,09:15,1511.45,09:18,1464.75,-3.09,HARD_STOP,No
2024-12-31,2024,MAHABANK,09:15,51.1,15:29,52,1.76,EOD,Yes
2024-12-31,2024,DMART,09:15,3555,15:29,3559.55,0.13,EOD,Neutral
2024-12-31,2024,CHOLAHLDNG,09:15,1430,15:29,1395.8,-2.39,EOD,No
2024-12-31,2024,SAMMAANCAP,09:15,149.6,15:29,150.96,0.91,EOD,Yes
2024-12-31,2024,RAILTEL,09:15,390.05,15:29,403.5,3.45,EOD,Yes
2024-12-31,2024,SHYAMMETL,09:15,715.1,15:29,725.85,1.5,EOD,Yes
2024-12-31,2024,SAREGAMA,09:15,461.45,15:29,464,0.55,EOD,Yes
2024-12-31,2024,OIL,09:15,420.75,15:29,430.9,2.41,EOD,Yes
2024-12-31,2024,LATENTVIEW,09:15,465.5,15:29,489.7,5.2,EOD,Yes
2024-12-31,2024,SUNDARMFIN,09:15,4220.2,15:29,4194,-0.62,EOD,No
2024-12-31,2024,PTCIL,09:15,13487,15:29,13200,-2.13,EOD,No
2024-12-31,2024,HUDCO,09:15,226.9,15:29,234.84,3.5,EOD,Yes
2024-12-31,2024,TARIL,09:15,540,15:29,572.5,6.02,EOD,Yes
2024-12-31,2024,VIJAYA,09:15,1055.95,15:29,1054.6,-0.13,EOD,No
2025-01-01,2025,CHOLAHLDNG,09:15,1400.2,15:29,1392,-0.59,EOD,No
2025-01-01,2025,SHYAMMETL,09:15,726.8,15:29,738,1.54,EOD,Yes
2025-01-01,2025,DMART,09:15,3560,15:29,3562,0.06,EOD,Neutral
2025-01-01,2025,SAREGAMA,09:15,460.3,15:29,480.1,4.3,EOD,Yes
2025-01-01,2025,SAMMAANCAP,09:15,151,15:29,152.7,1.13,EOD,Yes
2025-01-01,2025,AWL,09:15,308,15:29,327.7,6.4,EOD,Yes
2025-01-01,2025,SUNDARMFIN,09:15,4193.7,15:29,4097,-2.31,EOD,No
2025-01-01,2025,POLYMED,09:15,2620,15:29,2678.65,2.24,EOD,Yes
2025-01-01,2025,PTCIL,09:15,13249.5,15:29,13330,0.61,EOD,Yes
2025-01-01,2025,VIJAYA,09:15,1050,15:29,1060,0.95,EOD,Yes
2025-01-02,2025,FORCEMOT,09:15,6698,15:29,7181,7.21,EOD,Yes
2025-01-02,2025,OIL,09:15,435.65,15:29,464,6.51,EOD,Yes
2025-01-02,2025,DMART,09:15,3564.95,15:29,3615.3,1.41,EOD,Yes
2025-01-02,2025,CHOLAHLDNG,09:15,1399.4,15:29,1497.55,7.01,EOD,Yes
2025-01-02,2025,SUNDARMFIN,09:15,4125.65,15:29,4726,14.55,EOD,Yes
2025-01-02,2025,HUDCO,09:15,238,15:29,242.65,1.95,EOD,Yes
2025-01-02,2025,EICHERMOT,09:15,4885,15:29,5303,8.56,EOD,Yes
2025-01-02,2025,CARTRADE,09:15,1516.65,15:29,1601,5.56,EOD,Yes
2025-01-02,2025,IGL,09:15,205.5,15:29,215,4.62,EOD,Yes
2025-01-02,2025,MAHABANK,09:15,52.59,15:29,52.7,0.21,EOD,Neutral
2025-01-03,2025,DMART,09:15,3840,15:29,4012.75,4.5,EOD,Yes
2025-01-03,2025,SAREGAMA,09:15,478.25,15:29,532.6,11.36,EOD,Yes
2025-01-03,2025,SHYAMMETL,09:15,740,15:29,780,5.41,EOD,Yes
2025-01-03,2025,IREDA,09:15,221.58,15:29,229.6,3.62,EOD,Yes
2025-01-03,2025,RITES,09:15,300,15:29,294.8,-1.73,EOD,No
2025-01-03,2025,ITI,09:15,385.5,15:29,457.1,18.57,EOD,Yes
2025-01-03,2025,MAHABANK,09:15,54.71,15:29,55.29,1.06,EOD,Yes
2025-01-03,2025,HUDCO,09:15,242.85,15:29,248.05,2.14,EOD,Yes
2025-01-06,2025,TARIL,09:15,637,09:15,634.5,-0.39,HARD_STOP,No
2025-01-06,2025,FORCEMOT,09:15,7315,09:15,7268.9,-0.63,HARD_STOP,No
2025-01-06,2025,SUNDARMFIN,09:15,4663.8,09:15,4583.95,-1.71,HARD_STOP,No
2025-01-06,2025,AWL,09:15,331,09:15,331.5,0.15,HARD_STOP,Neutral
2025-01-06,2025,RITES,09:15,295.5,09:15,292.1,-1.15,HARD_STOP,No
2025-01-06,2025,CREDITACC,09:15,934.55,09:15,926.85,-0.82,HARD_STOP,No
2025-01-06,2025,HUDCO,09:15,247.7,09:15,246.26,-0.58,HARD_STOP,No
2025-01-07,2025,SRF,09:15,2271,15:29,2304,1.45,EOD,Yes
2025-01-07,2025,SHYAMMETL,09:15,757.55,15:29,782.2,3.25,EOD,Yes
2025-01-07,2025,JSWDULUX,09:15,3440,15:29,3636.35,5.71,EOD,Yes
2025-01-07,2025,ANANDRATHI,09:15,1934.5,15:29,1940.3,0.3,EOD,Neutral
2025-01-07,2025,LLOYDSME,09:15,1405,15:29,1416.7,0.83,EOD,Yes
2025-01-07,2025,VIJAYA,09:15,1153,15:29,1195,3.64,EOD,Yes
2025-01-07,2025,BDL,09:15,1113.15,15:29,1182.35,6.22,EOD,Yes
2025-01-07,2025,AARTIIND,09:15,406,15:29,405.5,-0.12,EOD,No
2025-01-07,2025,RKFORGE,09:15,908.45,15:29,916.1,0.84,EOD,Yes
2025-01-07,2025,NAVINFLUOR,09:15,3350,15:29,3480,3.88,EOD,Yes
2025-01-07,2025,UBL,09:15,2055,15:29,2075,0.97,EOD,Yes
2025-01-07,2025,MARICO,09:15,645.3,15:29,639.65,-0.88,EOD,No
2025-01-08,2025,SRF,09:15,2298.1,09:27,2319.9,0.95,HARD_STOP,Yes
2025-01-08,2025,ANANDRATHI,09:15,1964.8,09:27,1939.8,-1.27,HARD_STOP,No
2025-01-08,2025,AARTIIND,09:15,405.5,09:27,398.4,-1.75,HARD_STOP,No
2025-01-08,2025,CONCORDBIO,09:15,2175,09:27,2169.8,-0.24,HARD_STOP,No
2025-01-08,2025,RKFORGE,09:15,920,09:27,909.3,-1.16,HARD_STOP,No
2025-01-08,2025,UBL,09:15,2080,09:27,2073.6,-0.31,HARD_STOP,No
2025-01-09,2025,SHYAMMETL,09:15,780.45,15:29,790,1.22,EOD,Yes
2025-01-09,2025,SRF,09:15,2500,15:29,2663,6.52,EOD,Yes
2025-01-09,2025,JSWDULUX,09:15,3626.3,15:29,3741.15,3.17,EOD,Yes
2025-01-09,2025,ANANDRATHI,09:15,1994.95,15:29,1974.15,-1.04,EOD,No
2025-01-09,2025,AARTIIND,09:15,398.55,15:29,414.7,4.05,EOD,Yes
2025-01-09,2025,PTCIL,09:15,17252,15:29,17305,0.31,EOD,Neutral
2025-01-09,2025,VIJAYA,09:15,1207.6,15:29,1216.75,0.76,EOD,Yes
2025-01-09,2025,LLOYDSME,09:15,1426,15:29,1433,0.49,EOD,Yes
2025-01-09,2025,UBL,09:15,1991.1,15:29,2002,0.55,EOD,Yes
2025-01-09,2025,RKFORGE,09:15,909.55,15:29,904,-0.61,EOD,No
2025-01-09,2025,BDL,09:15,1177,15:29,1191,1.19,EOD,Yes
2025-01-09,2025,NAVINFLUOR,09:15,3590.3,15:29,3822.55,6.47,EOD,Yes
2025-01-09,2025,MARICO,09:15,639,15:29,666.95,4.37,EOD,Yes
2025-01-10,2025,SHYAMMETL,09:15,787,09:15,745.45,-5.28,HARD_STOP,No
2025-01-10,2025,LLOYDSME,09:15,1435,09:15,1434.9,-0.01,HARD_STOP,No
2025-01-10,2025,PTCIL,09:15,17310.05,09:15,17372.7,0.36,HARD_STOP,Neutral
2025-01-10,2025,VIJAYA,09:15,1230,09:15,1213.4,-1.35,HARD_STOP,No
2025-01-10,2025,UBL,09:15,2013.35,09:15,2000.55,-0.64,HARD_STOP,No
2025-01-10,2025,RKFORGE,09:15,904.1,09:15,909.75,0.62,HARD_STOP,Yes
2025-01-10,2025,BDL,09:15,1191,09:15,1185.5,-0.46,HARD_STOP,No
2025-01-10,2025,INDIAMART,09:15,2315.05,09:15,2311.5,-0.15,HARD_STOP,No
2025-01-13,2025,SHYAMMETL,09:15,779.7,09:16,774.35,-0.69,HARD_STOP,No
2025-01-13,2025,SRF,09:15,2557,09:16,2572.5,0.61,HARD_STOP,Yes
2025-01-13,2025,LLOYDSME,09:15,1441.9,09:16,1412.1,-2.07,HARD_STOP,No
2025-01-13,2025,JSWDULUX,09:15,3750,09:16,3680.35,-1.86,HARD_STOP,No
2025-01-13,2025,PTCIL,09:15,17200,09:16,17050,-0.87,HARD_STOP,No
2025-01-13,2025,VIJAYA,09:15,1243.5,09:16,1260.9,1.4,HARD_STOP,Yes
2025-01-13,2025,UBL,09:15,2012,09:16,2004.95,-0.35,HARD_STOP,No
2025-01-13,2025,BDL,09:15,1175.05,09:16,1168.5,-0.56,HARD_STOP,No
2025-01-13,2025,CONCORDBIO,09:15,2255.9,09:16,2234.6,-0.94,HARD_STOP,No
2025-01-13,2025,INDIAMART,09:15,2314.1,09:16,2293.05,-0.91,HARD_STOP,No
2025-01-14,2025,IDEA,09:15,7.8,09:26,7.97,2.18,TRAIL,Yes
2025-01-14,2025,RAILTEL,09:15,365,09:26,364.7,-0.08,TRAIL,No
2025-01-14,2025,RPOWER,09:15,37.39,09:26,36.77,-1.66,TRAIL,No
2025-01-14,2025,NBCC,09:15,80,09:26,80.29,0.36,TRAIL,Neutral
2025-01-14,2025,RVNL,09:15,360.95,09:26,366.25,1.47,TRAIL,Yes
2025-01-14,2025,ADANIGREEN,09:15,898.05,09:26,930,3.56,TRAIL,Yes
2025-01-14,2025,BDL,09:15,1117.45,09:26,1104.7,-1.14,TRAIL,No
2025-01-14,2025,GMDCLTD,09:15,285,09:26,285.45,0.16,TRAIL,Neutral
2025-01-14,2025,IRCON,09:15,183.65,09:26,184.69,0.57,TRAIL,Yes
2025-01-14,2025,BLS,09:15,438,09:26,426.5,-2.63,TRAIL,No
2025-01-14,2025,INOXWIND,09:15,154.27,09:26,152.15,-1.37,TRAIL,No
2025-01-14,2025,MINDACORP,09:15,511.95,09:26,511.25,-0.14,TRAIL,No
2025-01-14,2025,SWANCORP,09:15,608,09:26,616.65,1.42,TRAIL,Yes
2025-01-14,2025,ADANIENSOL,09:15,702.95,09:26,718.35,2.19,TRAIL,Yes
2025-01-14,2025,HUDCO,09:15,207.48,09:26,209.56,1,TRAIL,Yes
2025-01-16,2025,RAILTEL,09:15,386,15:29,411.8,6.68,EOD,Yes
2025-01-16,2025,GMDCLTD,09:15,295.15,15:29,324.1,9.81,EOD,Yes
2025-01-16,2025,ADANIENSOL,09:15,817.95,15:29,795,-2.81,EOD,No
2025-01-16,2025,RPOWER,09:15,40.05,15:29,41.2,2.87,EOD,Yes
2025-01-16,2025,JWL,09:15,438,15:29,491.65,12.25,EOD,Yes
2025-01-16,2025,RVNL,09:15,391.85,15:29,412,5.14,EOD,Yes
2025-01-16,2025,HUDCO,09:15,218,15:29,225.5,3.44,EOD,Yes
2025-01-16,2025,BDL,09:15,1140,15:29,1201.95,5.43,EOD,Yes
2025-01-16,2025,IDBI,09:15,74.25,15:29,79.2,6.67,EOD,Yes
2025-01-16,2025,SWANCORP,09:15,670.05,15:29,686,2.38,EOD,Yes
2025-01-16,2025,SAMMAANCAP,09:15,144,15:29,154.66,7.4,EOD,Yes
2025-01-17,2025,INOXWIND,09:15,162.51,09:15,160.82,-1.04,HARD_STOP,No
2025-01-17,2025,NBCC,09:15,87.55,09:15,87.3,-0.29,HARD_STOP,No
2025-01-20,2025,HFCL,09:15,104.58,09:15,103.55,-0.98,HARD_STOP,No
2025-01-20,2025,INOXWIND,09:15,165.4,09:15,163.85,-0.94,HARD_STOP,No
2025-01-20,2025,SWANCORP,09:15,687.9,09:15,668.1,-2.88,HARD_STOP,No
2025-01-20,2025,PAYTM,09:15,902.5,09:15,900.75,-0.19,HARD_STOP,No
2025-01-20,2025,NIACL,09:15,195.9,09:15,193.2,-1.38,HARD_STOP,No
2025-01-20,2025,JWL,09:15,491,09:15,486,-1.02,HARD_STOP,No
2025-01-20,2025,MINDACORP,09:15,586.5,09:15,584,-0.43,HARD_STOP,No
2025-01-20,2025,ADANIGREEN,09:15,1082.95,09:15,1071.2,-1.08,HARD_STOP,No
2025-01-20,2025,RAILTEL,09:15,414,09:15,410.55,-0.83,HARD_STOP,No
2025-01-20,2025,BSE,09:15,2028.5,09:15,2028,-0.02,HARD_STOP,No
2025-01-21,2025,CGCL,09:15,181.1,09:37,182.37,0.7,HARD_STOP,Yes
2025-01-21,2025,ZENSARTECH,09:15,755,09:37,754.8,-0.03,HARD_STOP,No
2025-01-21,2025,COFORGE,09:15,1736,09:37,1716.5,-1.12,HARD_STOP,No
2025-01-21,2025,FIVESTAR,09:15,663.45,09:37,663.45,0,HARD_STOP,Neutral
2025-01-21,2025,ULTRACEMCO,09:15,10677.5,09:37,10771,0.88,HARD_STOP,Yes
2025-01-21,2025,MPHASIS,09:15,2750.3,09:37,2779.3,1.05,HARD_STOP,Yes
2025-01-21,2025,WOCKPHARMA,09:15,1392.05,09:37,1380,-0.87,HARD_STOP,No
2025-01-21,2025,POLICYBZR,09:15,1752.95,09:37,1744.3,-0.49,HARD_STOP,No
2025-01-21,2025,MCX,09:15,1190,09:37,1135,-4.62,HARD_STOP,No
2025-01-21,2025,KFINTECH,09:15,1179.5,09:37,1157.55,-1.86,HARD_STOP,No
2025-01-21,2025,KEI,09:15,4177,09:37,4114,-1.51,HARD_STOP,No
2025-01-21,2025,NAVA,09:15,430,09:37,432.5,0.58,HARD_STOP,Yes
2025-01-22,2025,PERSISTENT,09:15,5750,09:16,5755.95,0.1,HARD_STOP,Neutral
2025-01-22,2025,CGCL,09:15,178.51,09:16,178.09,-0.24,HARD_STOP,No
2025-01-22,2025,COFORGE,09:15,1663,09:16,1654,-0.54,HARD_STOP,No
2025-01-22,2025,ZENSARTECH,09:15,740,09:16,729.1,-1.47,HARD_STOP,No
2025-01-22,2025,AMBER,09:15,6552.7,09:16,6540.55,-0.19,HARD_STOP,No
2025-01-22,2025,FIVESTAR,09:15,649,09:16,645,-0.62,HARD_STOP,No
2025-01-22,2025,WOCKPHARMA,09:15,1374,09:16,1340,-2.47,HARD_STOP,No
2025-01-22,2025,MPHASIS,09:15,2719.5,09:16,2733.4,0.51,HARD_STOP,Yes
2025-01-22,2025,POLICYBZR,09:15,1664.9,09:16,1619.8,-2.71,HARD_STOP,No
2025-01-22,2025,ULTRACEMCO,09:15,10700,09:16,10633.5,-0.62,HARD_STOP,No
2025-01-22,2025,LAURUSLABS,09:15,580,09:16,575,-0.86,HARD_STOP,No
2025-01-22,2025,KEI,09:15,3999.45,09:16,4014.3,0.37,HARD_STOP,Neutral
2025-01-22,2025,NAVA,09:15,425,09:16,421.8,-0.75,HARD_STOP,No
2025-01-22,2025,KFINTECH,09:15,1119.6,09:16,1102.75,-1.51,HARD_STOP,No
2025-01-22,2025,MCX,09:15,1112,09:16,1106,-0.54,HARD_STOP,No
2025-01-23,2025,CGCL,09:15,179.19,15:29,181,1.01,EOD,Yes
2025-01-23,2025,COFORGE,09:15,1742,15:29,1835,5.34,EOD,Yes
2025-01-23,2025,PERSISTENT,09:15,5790,15:29,6270,8.29,EOD,Yes
2025-01-23,2025,ZENSARTECH,09:15,752.05,15:29,841.7,11.92,EOD,Yes
2025-01-23,2025,AMBER,09:15,6314.55,15:29,6750,6.9,EOD,Yes
2025-01-23,2025,WOCKPHARMA,09:15,1297,15:29,1430.1,10.26,EOD,Yes
2025-01-23,2025,MPHASIS,09:15,2753.9,15:29,2854,3.63,EOD,Yes
2025-01-23,2025,POLICYBZR,09:15,1612.85,15:29,1685.65,4.51,EOD,Yes
2025-01-23,2025,ULTRACEMCO,09:15,10690,15:29,11406.95,6.71,EOD,Yes
2025-01-23,2025,LAURUSLABS,09:15,571.05,15:29,586,2.62,EOD,Yes
2025-01-23,2025,KFINTECH,09:15,1084.6,15:29,1102.7,1.67,EOD,Yes
2025-01-23,2025,NAVA,09:15,425.3,15:29,444.95,4.62,EOD,Yes
2025-01-24,2025,CGCL,09:15,187.9,15:29,197,4.84,EOD,Yes
2025-01-24,2025,FIVESTAR,09:15,663,15:29,700,5.58,EOD,Yes
2025-01-27,2025,PERSISTENT,09:15,6298.8,09:17,6287,-0.19,HARD_STOP,No
2025-01-27,2025,ZENSARTECH,09:15,831.75,09:17,830.3,-0.17,HARD_STOP,No
2025-01-27,2025,COFORGE,09:15,1819,09:17,1822,0.16,HARD_STOP,Neutral
2025-01-27,2025,WOCKPHARMA,09:15,1351,09:17,1327.45,-1.74,HARD_STOP,No
2025-01-27,2025,POLICYBZR,09:15,1670,09:17,1686.85,1.01,HARD_STOP,Yes
2025-01-27,2025,ULTRACEMCO,09:15,11260,09:17,11192,-0.6,HARD_STOP,No
2025-01-27,2025,MCX,09:15,1140,09:17,1127,-1.14,HARD_STOP,No
2025-01-27,2025,NAVA,09:15,429.45,09:17,419.7,-2.27,HARD_STOP,No
2025-01-27,2025,BBTC,09:15,2150.1,09:17,2128.65,-1,HARD_STOP,No
2025-01-28,2025,POLYMED,09:15,2409.95,09:18,2363.95,-1.91,HARD_STOP,No
2025-01-28,2025,ZENTEC,09:15,1742.75,09:18,1715.3,-1.58,HARD_STOP,No
2025-01-28,2025,GRAVITA,09:15,1967.9,09:18,1997.4,1.5,HARD_STOP,Yes
2025-01-28,2025,KPITTECH,09:15,1291,09:18,1304.45,1.04,HARD_STOP,Yes
2025-01-28,2025,PCBL,09:15,353.65,09:18,352.4,-0.35,HARD_STOP,No
2025-01-28,2025,JMFINANCIL,09:15,107.75,09:18,108.2,0.42,HARD_STOP,Yes
2025-01-28,2025,JUBLFOOD,09:15,641.95,09:18,640.7,-0.19,HARD_STOP,No
2025-01-28,2025,PGEL,09:15,726.95,09:18,696.15,-4.24,HARD_STOP,No
2025-01-28,2025,TRENT,09:15,5484,09:18,5474.9,-0.17,HARD_STOP,No
2025-01-28,2025,KALYANKJIL,09:15,437.55,09:18,431.75,-1.33,HARD_STOP,No
2025-01-28,2025,BRIGADE,09:15,1017.2,09:18,1023.65,0.63,HARD_STOP,Yes
2025-01-28,2025,OLECTRA,09:15,1320,09:18,1323.15,0.24,HARD_STOP,Neutral
2025-01-28,2025,NETWEB,09:15,1561,09:18,1497.05,-4.1,HARD_STOP,No
2025-01-28,2025,GODFRYPHLP,09:15,1460,09:18,1438,-1.51,HARD_STOP,No
2025-01-28,2025,SYRMA,09:15,436.75,09:18,439.95,0.73,HARD_STOP,Yes
2025-01-29,2025,ZENTEC,09:15,1592.05,15:29,1694,6.4,EOD,Yes
2025-01-29,2025,PGEL,09:15,645,15:29,733.15,13.67,EOD,Yes
2025-01-29,2025,JMFINANCIL,09:15,102.31,15:29,109.4,6.93,EOD,Yes
2025-01-29,2025,KPITTECH,09:15,1263,15:29,1377.1,9.03,EOD,Yes
2025-01-29,2025,SYRMA,09:15,455,15:29,505.1,11.01,EOD,Yes
2025-01-29,2025,GODFRYPHLP,09:15,1457,15:29,1502,3.09,EOD,Yes
2025-01-29,2025,GRAVITA,09:15,1880,15:29,2100,11.7,EOD,Yes
2025-01-29,2025,NETWEB,09:15,1511,15:29,1607.65,6.4,EOD,Yes
2025-01-29,2025,NEWGEN,09:15,996.95,15:29,1085.6,8.89,EOD,Yes
2025-01-29,2025,TRENT,09:15,5495,15:29,5611,2.11,EOD,Yes
2025-01-29,2025,KALYANKJIL,09:15,441.1,15:29,451,2.24,EOD,Yes
2025-01-29,2025,JUBLPHARMA,09:15,884,15:29,933.05,5.55,EOD,Yes
2025-01-30,2025,POLYMED,09:15,2269.1,09:15,2220,-2.16,HARD_STOP,No
2025-01-30,2025,JMFINANCIL,09:15,108.7,09:15,107.41,-1.19,HARD_STOP,No
2025-01-31,2025,PCBL,09:15,367,15:29,377.95,2.98,EOD,Yes
2025-01-31,2025,GRAVITA,09:15,1970.25,15:29,2038,3.44,EOD,Yes
2025-01-31,2025,ZENTEC,09:15,1675.05,15:29,1744.05,4.12,EOD,Yes
2025-01-31,2025,PGEL,09:15,724.95,15:29,782,7.87,EOD,Yes
2025-01-31,2025,POLYMED,09:15,2323.85,15:29,2331,0.31,EOD,Neutral
2025-01-31,2025,TRENT,09:15,5569,15:29,5765,3.52,EOD,Yes
2025-01-31,2025,JUBLFOOD,09:15,688.95,15:29,702.1,1.91,EOD,Yes
2025-01-31,2025,NEWGEN,09:15,1060,15:29,1053.8,-0.58,EOD,No
2025-01-31,2025,JMFINANCIL,09:15,107,15:29,110.25,3.04,EOD,Yes
2025-01-31,2025,KALYANKJIL,09:15,460.05,15:29,503,9.34,EOD,Yes
2025-01-31,2025,PNBHOUSING,09:15,866.2,15:29,885.1,2.18,EOD,Yes
2025-01-31,2025,GODFRYPHLP,09:15,1498,15:29,1507,0.6,EOD,Yes
2025-02-01,2025,POLYMED,09:15,2349.85,11:50,2300,-2.12,HARD_STOP,No
2025-02-01,2025,GODFRYPHLP,09:15,1506,11:50,1490,-1.06,HARD_STOP,No
2025-02-01,2025,NEWGEN,09:15,1060,11:50,1059.05,-0.09,HARD_STOP,No
2025-02-01,2025,PNBHOUSING,09:15,890,11:50,892.1,0.24,HARD_STOP,Neutral
2025-02-01,2025,HSCL,09:15,497.45,11:50,487.2,-2.06,HARD_STOP,No
2025-02-01,2025,GPIL,09:15,179.39,11:50,182,1.45,HARD_STOP,Yes
2025-02-03,2025,HSCL,09:15,485,09:15,485.2,0.04,HARD_STOP,Neutral
2025-02-03,2025,GRAVITA,09:15,2020.1,09:15,1974.9,-2.24,HARD_STOP,No
2025-02-03,2025,CGPOWER,09:15,609.95,09:15,597.5,-2.04,HARD_STOP,No
2025-02-03,2025,ABSLAMC,09:15,666,09:15,661.05,-0.74,HARD_STOP,No
2025-02-03,2025,KALYANKJIL,09:15,502.45,09:15,500.65,-0.36,HARD_STOP,No
2025-02-03,2025,NETWEB,09:15,1759.95,09:15,1740,-1.13,HARD_STOP,No
2025-02-03,2025,SUZLON,09:15,57.78,09:15,57.12,-1.14,HARD_STOP,No
2025-02-03,2025,LTFOODS,09:15,385.3,09:15,387.85,0.66,HARD_STOP,Yes
2025-02-03,2025,KPITTECH,09:15,1420,09:15,1403.6,-1.15,HARD_STOP,No
2025-02-04,2025,TARIL,09:15,401,15:29,389.5,-2.87,EOD,No
2025-02-04,2025,NATCOPHARM,09:15,1168,15:29,1234.8,5.72,EOD,Yes
2025-02-04,2025,KFINTECH,09:15,1070,15:29,1100,2.8,EOD,Yes
2025-02-04,2025,JYOTICNC,09:15,1001.2,15:29,1042,4.08,EOD,Yes
2025-02-04,2025,CASTROLIND,09:15,183.9,15:29,182.73,-0.64,EOD,No
2025-02-04,2025,AEGISLOG,09:15,677.9,15:29,755.5,11.45,EOD,Yes
2025-02-04,2025,GODFRYPHLP,09:15,1650,15:29,1568,-4.97,EOD,No
2025-02-04,2025,ERIS,09:15,1245.4,15:29,1230,-1.24,EOD,No
2025-02-04,2025,AFFLE,09:15,1510,15:29,1505.25,-0.31,EOD,No
2025-02-04,2025,SPLPETRO,09:15,614.3,15:29,630,2.56,EOD,Yes
2025-02-04,2025,ABB,09:15,5271.35,15:29,5625,6.71,EOD,Yes
2025-02-04,2025,GALLANTT,09:15,317.45,15:29,315,-0.77,EOD,No
2025-02-04,2025,GICRE,09:15,379.45,15:29,389.7,2.7,EOD,Yes
2025-02-04,2025,ABBOTINDIA,09:15,25999.9,15:29,26111.45,0.43,EOD,Yes
2025-02-05,2025,TARIL,09:15,401,15:29,407.45,1.61,EOD,Yes
2025-02-05,2025,ABBOTINDIA,09:15,26300,15:29,27800,5.7,EOD,Yes
2025-02-05,2025,PAYTM,09:15,781.7,15:29,803,2.72,EOD,Yes
2025-02-05,2025,GODFRYPHLP,09:15,1575,15:29,1557,-1.14,EOD,No
2025-02-05,2025,ERIS,09:15,1230,15:29,1377,11.95,EOD,Yes
2025-02-05,2025,MEDANTA,09:15,1065,15:29,1153,8.26,EOD,Yes
2025-02-05,2025,REDINGTON,09:15,204.55,15:29,215,5.11,EOD,Yes
2025-02-06,2025,GODFRYPHLP,09:15,1557,09:33,1535,-1.41,HARD_STOP,No
2025-02-06,2025,POWERINDIA,09:15,11950,09:33,12155.6,1.72,HARD_STOP,Yes
2025-02-06,2025,CHAMBLFERT,09:15,520,09:33,518.15,-0.36,HARD_STOP,No
2025-02-06,2025,WELCORP,09:15,740,09:33,712.3,-3.74,HARD_STOP,No
2025-02-06,2025,GLAXO,09:15,2000,09:33,2005,0.25,HARD_STOP,Neutral
2025-02-06,2025,GICRE,09:15,402.1,09:33,401.15,-0.24,HARD_STOP,No
2025-02-07,2025,GODFRYPHLP,09:15,1575,15:29,1824,15.81,EOD,Yes
2025-02-07,2025,PAYTM,09:15,799.6,15:29,810.9,1.41,EOD,Yes
2025-02-07,2025,CHAMBLFERT,09:15,520.4,15:29,556.8,6.99,EOD,Yes
2025-02-07,2025,KFINTECH,09:15,1180.05,15:29,1225,3.81,EOD,Yes
2025-02-07,2025,ABB,09:15,5712.8,15:29,5675,-0.66,EOD,No
2025-02-07,2025,JYOTICNC,09:15,1135,15:29,1150,1.32,EOD,Yes
2025-02-07,2025,CAPLIPOINT,09:15,2182.15,15:29,2210,1.28,EOD,Yes
2025-02-07,2025,JSWENERGY,09:15,492.75,15:29,485,-1.57,EOD,No
2025-02-07,2025,GICRE,09:15,405.8,15:29,404.05,-0.43,EOD,No
2025-02-07,2025,GABRIEL,09:15,490,15:29,502.3,2.51,EOD,Yes
2025-02-07,2025,JMFINANCIL,09:15,111,15:29,117.5,5.86,EOD,Yes
2025-02-10,2025,ABB,09:15,5674.95,09:16,5656,-0.33,HARD_STOP,No
2025-02-10,2025,POWERINDIA,09:15,12800,09:16,12406.8,-3.07,HARD_STOP,No
2025-02-10,2025,JYOTICNC,09:15,1129.15,09:16,1090.65,-3.41,HARD_STOP,No
2025-02-10,2025,NATCOPHARM,09:15,1314.05,09:16,1305,-0.69,HARD_STOP,No
2025-02-10,2025,JSWENERGY,09:15,483.6,09:16,483.85,0.05,HARD_STOP,Neutral
2025-02-10,2025,GICRE,09:15,408.35,09:16,403.2,-1.26,HARD_STOP,No
2025-02-10,2025,AEGISLOG,09:15,827.95,09:16,838.25,1.24,HARD_STOP,Yes
2025-02-10,2025,CASTROLIND,09:15,202.88,09:16,206.58,1.82,HARD_STOP,Yes
2025-02-10,2025,PAYTM,09:15,811,09:16,807.7,-0.41,HARD_STOP,No
2025-02-10,2025,NUVAMA,09:15,1135,09:16,1127,-0.7,HARD_STOP,No
2025-02-10,2025,SAREGAMA,09:15,529.9,09:16,527.75,-0.41,HARD_STOP,No
2025-02-11,2025,JBCHEPHARM,09:15,1680,09:18,1662.25,-1.06,HARD_STOP,No
2025-02-11,2025,HONASA,09:15,206.2,09:18,203.54,-1.29,HARD_STOP,No
2025-02-11,2025,CRISIL,09:15,5070,09:18,5064.85,-0.1,HARD_STOP,No
2025-02-11,2025,SBICARD,09:15,797.9,09:18,796.65,-0.16,HARD_STOP,No
2025-02-11,2025,ASHOKLEY,09:15,104.3,09:18,103.8,-0.48,HARD_STOP,No
2025-02-11,2025,BLUESTARCO,09:15,1982.95,09:18,1926.75,-2.83,HARD_STOP,No
2025-02-11,2025,PARADEEP,09:15,103.8,09:18,102.61,-1.15,HARD_STOP,No
2025-02-11,2025,TRITURBINE,09:15,569.95,09:18,564.1,-1.03,HARD_STOP,No
2025-02-11,2025,CHOLAHLDNG,09:15,1438,09:18,1453.6,1.08,HARD_STOP,Yes
2025-02-11,2025,JUBLFOOD,09:15,678.95,09:18,678.15,-0.12,HARD_STOP,No
2025-02-11,2025,BAJAJFINSV,09:15,1792.4,09:18,1782.25,-0.57,HARD_STOP,No
2025-02-11,2025,DCMSHRIRAM,09:15,1048.55,09:18,1048.7,0.01,HARD_STOP,Neutral
2025-02-12,2025,GODFRYPHLP,09:15,1695,09:20,1657,-2.24,HARD_STOP,No
2025-02-12,2025,JBCHEPHARM,09:15,1600,09:20,1579.8,-1.26,HARD_STOP,No
2025-02-12,2025,HONASA,09:15,199.79,09:20,204.99,2.6,HARD_STOP,Yes
2025-02-12,2025,SBICARD,09:15,784,09:20,779.7,-0.55,HARD_STOP,No
2025-02-12,2025,PARADEEP,09:15,98.59,09:20,98.34,-0.25,HARD_STOP,No
2025-02-12,2025,BLUESTARCO,09:15,1884,09:20,1869.6,-0.76,HARD_STOP,No
2025-02-12,2025,ASHOKLEY,09:15,102,09:20,101.75,-0.25,HARD_STOP,No
2025-02-12,2025,TRITURBINE,09:15,555,09:20,552.15,-0.51,HARD_STOP,No
2025-02-12,2025,BAJAJHLDNG,09:15,11480.05,09:20,11431.2,-0.43,HARD_STOP,No
2025-02-12,2025,REDINGTON,09:15,227.5,09:20,222.78,-2.07,HARD_STOP,No
2025-02-12,2025,JUBLFOOD,09:15,665,09:20,650.25,-2.22,HARD_STOP,No
2025-02-12,2025,SUNDARMFIN,09:15,4345.05,09:20,4376.05,0.71,HARD_STOP,Yes
2025-02-12,2025,GESHIP,09:15,882.5,09:20,865.65,-1.91,HARD_STOP,No
2025-02-13,2025,JBCHEPHARM,09:15,1626.1,15:29,1678,3.19,EOD,Yes
2025-02-13,2025,HONASA,09:15,210,15:29,226.7,7.95,EOD,Yes
2025-02-13,2025,CRISIL,09:15,5049.7,15:29,5085.6,0.71,EOD,Yes
2025-02-13,2025,PARADEEP,09:15,97.4,15:29,100.9,3.59,EOD,Yes
2025-02-13,2025,CHOLAHLDNG,09:15,1471,15:29,1508,2.52,EOD,Yes
2025-02-13,2025,REDINGTON,09:15,228.1,15:29,244.73,7.29,EOD,Yes
2025-02-13,2025,JUBLFOOD,09:15,640,15:29,662.95,3.59,EOD,Yes
2025-02-13,2025,DCMSHRIRAM,09:15,1052,15:29,1061,0.86,EOD,Yes
2025-02-13,2025,SARDAEN,09:15,441.8,15:29,462.1,4.59,EOD,Yes
2025-02-14,2025,GODFRYPHLP,09:15,1833,09:16,1786,-2.56,HARD_STOP,No
2025-02-14,2025,CRISIL,09:15,5100,09:16,5074,-0.51,HARD_STOP,No
2025-02-14,2025,PARADEEP,09:15,98.96,09:16,98.59,-0.37,HARD_STOP,No
2025-02-14,2025,BLUESTARCO,09:15,2010.8,09:16,1981.5,-1.46,HARD_STOP,No
2025-02-14,2025,TRITURBINE,09:15,566.3,09:16,564.4,-0.34,HARD_STOP,No
2025-02-14,2025,ASHOKLEY,09:15,108.6,09:16,108.95,0.32,HARD_STOP,Neutral
2025-02-14,2025,DCMSHRIRAM,09:15,1062.55,09:16,1056.75,-0.55,HARD_STOP,No
2025-02-17,2025,JBCHEPHARM,09:15,1669.3,09:15,1654.1,-0.91,HARD_STOP,No
2025-02-17,2025,CRISIL,09:15,5052.7,09:15,4979.8,-1.44,HARD_STOP,No
2025-02-17,2025,HONASA,09:15,220,09:15,219.7,-0.14,HARD_STOP,No
2025-02-17,2025,BLUESTARCO,09:15,1935,09:15,1884.25,-2.62,HARD_STOP,No
2025-02-17,2025,SBICARD,09:15,864,09:15,854.25,-1.13,HARD_STOP,No
2025-02-17,2025,REDINGTON,09:15,241.8,09:15,243.19,0.57,HARD_STOP,Yes
2025-02-17,2025,ASHOKLEY,09:15,106.5,09:15,105,-1.41,HARD_STOP,No
2025-02-17,2025,BAJAJHLDNG,09:15,12032.6,09:15,11852,-1.5,HARD_STOP,No
2025-02-17,2025,CHOLAHLDNG,09:15,1482,09:15,1467.55,-0.98,HARD_STOP,No
2025-02-17,2025,JUBLFOOD,09:15,665.1,09:15,660.45,-0.7,HARD_STOP,No
2025-02-17,2025,HBLENGINE,09:15,491.65,09:15,485,-1.35,HARD_STOP,No
2025-02-17,2025,GESHIP,09:15,884.05,09:15,888.15,0.46,HARD_STOP,Yes
2025-02-18,2025,VIJAYA,09:15,901.3,09:16,891.65,-1.07,HARD_STOP,No
2025-02-18,2025,AEGISLOG,09:15,690.35,09:16,697.6,1.05,HARD_STOP,Yes
2025-02-18,2025,NETWEB,09:15,1370.9,09:16,1386,1.1,HARD_STOP,Yes
2025-02-18,2025,DEVYANI,09:15,160.01,09:16,159.8,-0.13,HARD_STOP,No
2025-02-18,2025,TARIL,09:15,388.35,09:16,380.1,-2.12,HARD_STOP,No
2025-02-18,2025,AMBER,09:15,5795,09:16,5720.3,-1.29,HARD_STOP,No
2025-02-18,2025,JSWINFRA,09:15,225.45,09:16,225.9,0.2,HARD_STOP,Neutral
2025-02-18,2025,JSWENERGY,09:15,430.5,09:16,427.1,-0.79,HARD_STOP,No
2025-02-18,2025,KAYNES,09:15,4053.8,09:16,4028.1,-0.63,HARD_STOP,No
2025-02-18,2025,TECHNOE,09:15,879.05,09:16,860.65,-2.09,HARD_STOP,No
2025-02-18,2025,BIKAJI,09:15,581.2,09:16,576.4,-0.83,HARD_STOP,No
2025-02-19,2025,VIJAYA,09:15,885,15:29,926.3,4.67,EOD,Yes
2025-02-19,2025,NETWEB,09:15,1320,15:29,1474.65,11.72,EOD,Yes
2025-02-19,2025,PGEL,09:15,730,15:29,802.95,9.99,EOD,Yes
2025-02-19,2025,DEVYANI,09:15,161.65,15:29,170,5.17,EOD,Yes
2025-02-19,2025,AEGISLOG,09:15,659.75,15:29,742.45,12.54,EOD,Yes
2025-02-19,2025,DEEPAKFERT,09:15,964.95,15:29,1030.15,6.76,EOD,Yes
2025-02-19,2025,JSWINFRA,09:15,224.1,15:29,225.9,0.8,EOD,Yes
2025-02-19,2025,KAYNES,09:15,3940,15:29,4193,6.42,EOD,Yes
2025-02-19,2025,CESC,09:15,122.79,15:29,127.18,3.58,EOD,Yes
2025-02-19,2025,BALRAMCHIN,09:15,430.85,15:29,447.5,3.86,EOD,Yes
2025-02-19,2025,AMBER,09:15,5450,15:29,5518.7,1.26,EOD,Yes
2025-02-19,2025,BIKAJI,09:15,563.05,15:29,625.2,11.04,EOD,Yes
2025-02-19,2025,TECHNOE,09:15,904,15:29,985,8.96,EOD,Yes
2025-02-20,2025,JSWINFRA,09:15,223.8,09:19,225.9,0.94,TRAIL,Yes
2025-02-20,2025,AMBER,09:15,5537.4,09:19,5481.85,-1,TRAIL,No
2025-02-21,2025,VIJAYA,09:15,923.35,15:29,991.95,7.43,EOD,Yes
2025-02-21,2025,AEGISLOG,09:15,731,15:29,747.45,2.25,EOD,Yes
2025-02-21,2025,TECHNOE,09:15,996.85,15:29,996.15,-0.07,EOD,No
2025-02-21,2025,KAYNES,09:15,4210,15:29,4360,3.56,EOD,Yes
2025-02-21,2025,HSCL,09:15,448.4,15:29,457,1.92,EOD,Yes
2025-02-21,2025,INDHOTEL,09:15,765.45,15:29,755.2,-1.34,EOD,No
2025-02-24,2025,NETWEB,09:15,1568.95,09:16,1535.05,-2.16,HARD_STOP,No
2025-02-24,2025,DEEPAKFERT,09:15,1055.15,09:16,1049.85,-0.5,HARD_STOP,No
2025-02-24,2025,TECHNOE,09:15,998.05,09:16,975.75,-2.23,HARD_STOP,No
2025-02-24,2025,NHPC,09:15,78.9,09:16,78.2,-0.89,HARD_STOP,No
2025-02-24,2025,RADICO,09:15,2097,09:16,2067.25,-1.42,HARD_STOP,No
2025-02-24,2025,BSE,09:15,1883.5,09:16,1887.5,0.21,HARD_STOP,Neutral
2025-02-24,2025,INDHOTEL,09:15,745,09:16,741.8,-0.43,HARD_STOP,No
2025-02-25,2025,PATANJALI,09:15,609,14:28,610.4,0.23,HARD_STOP,Neutral
2025-02-25,2025,HOMEFIRST,09:15,912.95,14:28,892.05,-2.29,HARD_STOP,No
2025-02-25,2025,CRAFTSMAN,09:15,4005.7,14:28,4078.6,1.82,HARD_STOP,Yes
2025-02-25,2025,FIVESTAR,09:15,702,14:28,714.95,1.84,HARD_STOP,Yes
2025-02-25,2025,CHOLAHLDNG,09:15,1501.45,14:28,1558.55,3.8,HARD_STOP,Yes
2025-02-25,2025,ABREL,09:15,1990,14:28,1900.45,-4.5,HARD_STOP,No
2025-02-25,2025,COHANCE,09:15,1213.05,14:28,1212.85,-0.02,HARD_STOP,No
2025-02-25,2025,JBCHEPHARM,09:15,1558,14:28,1544.7,-0.85,HARD_STOP,No
2025-02-25,2025,PGEL,09:15,810.4,14:28,819.85,1.17,HARD_STOP,Yes
2025-02-25,2025,AUBANK,09:15,535.7,14:28,524.45,-2.1,HARD_STOP,No
2025-02-25,2025,INDIACEM,09:15,253.7,14:28,251.15,-1.01,HARD_STOP,No
2025-02-25,2025,TECHNOE,09:15,986.6,14:28,957.85,-2.91,HARD_STOP,No
2025-02-25,2025,HEG,09:15,356.9,14:28,348.5,-2.35,HARD_STOP,No
2025-02-25,2025,SHRIRAMFIN,09:15,581.8,14:28,574.55,-1.25,HARD_STOP,No
2025-02-27,2025,PATANJALI,09:15,609.9,09:40,608.2,-0.28,HARD_STOP,No
2025-02-27,2025,CRAFTSMAN,09:15,4078,09:40,4099.65,0.53,HARD_STOP,Yes
2025-02-27,2025,HOMEFIRST,09:15,888.1,09:40,903.15,1.69,HARD_STOP,Yes
2025-02-27,2025,FIVESTAR,09:15,718.8,09:40,742.5,3.3,HARD_STOP,Yes
2025-02-27,2025,CARTRADE,09:15,1499,09:40,1462,-2.47,HARD_STOP,No
2025-02-27,2025,ABREL,09:15,1891.25,09:40,1846.25,-2.38,HARD_STOP,No
2025-02-27,2025,COHANCE,09:15,1202,09:40,1198.25,-0.31,HARD_STOP,No
2025-02-27,2025,JBCHEPHARM,09:15,1602.3,09:40,1555.45,-2.92,HARD_STOP,No
2025-02-27,2025,PGEL,09:15,817.3,09:40,797.9,-2.37,HARD_STOP,No
2025-02-27,2025,HEG,09:15,343,09:40,340.85,-0.63,HARD_STOP,No
2025-02-27,2025,AUBANK,09:15,535,09:40,544.6,1.79,HARD_STOP,Yes
2025-02-27,2025,TECHNOE,09:15,966.45,09:40,922,-4.6,HARD_STOP,No
2025-02-27,2025,INDIACEM,09:15,256.9,09:40,248.8,-3.15,HARD_STOP,No
2025-02-27,2025,SHRIRAMFIN,09:15,581.3,09:40,597.6,2.8,HARD_STOP,Yes
2025-02-28,2025,PATANJALI,09:15,602,09:16,592.6,-1.56,HARD_STOP,No
2025-02-28,2025,CARTRADE,09:15,1445,09:16,1425,-1.38,HARD_STOP,No
2025-02-28,2025,COHANCE,09:15,1143.9,09:16,1146.35,0.21,HARD_STOP,Neutral
2025-02-28,2025,ABREL,09:15,1808,09:16,1705.2,-5.69,HARD_STOP,No
2025-02-28,2025,PGEL,09:15,773.35,09:16,778,0.6,HARD_STOP,Yes
2025-02-28,2025,JBCHEPHARM,09:15,1577.5,09:16,1558.8,-1.19,HARD_STOP,No
2025-02-28,2025,TECHNOE,09:15,940.15,09:16,936.65,-0.37,HARD_STOP,No
2025-02-28,2025,HEG,09:15,341.95,09:16,342.2,0.07,HARD_STOP,Neutral
2025-02-28,2025,INDIACEM,09:15,242.95,09:16,241.35,-0.66,HARD_STOP,No
2025-02-28,2025,TATAINVEST,09:15,588,09:16,582,-1.02,HARD_STOP,No
2025-03-03,2025,PATANJALI,09:15,580.3,09:15,576,-0.74,HARD_STOP,No
2025-03-03,2025,CHOLAHLDNG,09:15,1666.7,09:15,1623.75,-2.58,HARD_STOP,No
2025-03-03,2025,ABREL,09:15,1882,09:15,1811.25,-3.76,HARD_STOP,No
2025-03-03,2025,PGEL,09:15,798.8,09:15,791.4,-0.93,HARD_STOP,No
2025-03-03,2025,SHRIRAMFIN,09:15,625.3,09:15,624.7,-0.1,HARD_STOP,No
2025-03-03,2025,TATAINVEST,09:15,616,09:15,612,-0.65,HARD_STOP,No
2025-03-04,2025,SHYAMMETL,09:15,698.5,15:29,723.25,3.54,EOD,Yes
2025-03-04,2025,NAVA,09:15,382,15:29,383.7,0.45,EOD,Yes
2025-03-04,2025,DCMSHRIRAM,09:15,923.6,15:29,994,7.62,EOD,Yes
2025-03-04,2025,CAPLIPOINT,09:15,1606,15:29,1809.3,12.66,EOD,Yes
2025-03-04,2025,NEULANDLAB,09:15,10201.7,15:29,11362,11.37,EOD,Yes
2025-03-04,2025,DEEPAKFERT,09:15,924,15:29,975.05,5.52,EOD,Yes
2025-03-04,2025,VIJAYA,09:15,932.65,15:29,978,4.86,EOD,Yes
2025-03-04,2025,JYOTICNC,09:15,760.1,15:29,857.5,12.81,EOD,Yes
2025-03-04,2025,INDIACEM,09:15,253.4,15:29,293,15.63,EOD,Yes
2025-03-04,2025,JUBLINGREA,09:15,570.45,15:29,599.9,5.16,EOD,Yes
2025-03-04,2025,JINDALSAW,09:15,231.15,15:29,234.49,1.44,EOD,Yes
2025-03-04,2025,TARIL,09:15,359.9,15:29,389.4,8.2,EOD,Yes
2025-03-04,2025,WELCORP,09:15,685,15:29,709,3.5,EOD,Yes
2025-03-04,2025,SAREGAMA,09:15,448.05,15:29,468,4.45,EOD,Yes
2025-03-04,2025,ACUTAAS,09:15,1058.6,15:29,1133.5,7.08,EOD,Yes
2025-03-05,2025,NAVA,09:15,386.75,15:29,415.1,7.33,EOD,Yes
2025-03-05,2025,TRITURBINE,09:15,486.85,15:29,504.3,3.58,EOD,Yes
2025-03-05,2025,PCBL,09:15,364,15:29,381.2,4.73,EOD,Yes
2025-03-05,2025,LLOYDSME,09:15,979.7,15:29,1033.95,5.54,EOD,Yes
2025-03-05,2025,DATAPATTNS,09:15,1412.35,15:29,1416,0.26,EOD,Neutral
2025-03-06,2025,JYOTICNC,09:15,833.3,15:29,916.35,9.97,EOD,Yes
2025-03-06,2025,DATAPATTNS,09:15,1425.05,15:29,1416,-0.64,EOD,No
2025-03-07,2025,PARADEEP,09:15,93.9,15:29,94.8,0.96,EOD,Yes
2025-03-07,2025,ANANTRAJ,09:15,464.2,15:29,505,8.79,EOD,Yes
2025-03-07,2025,NEULANDLAB,09:15,11775,15:29,12027,2.14,EOD,Yes
2025-03-07,2025,DATAPATTNS,09:15,1421.1,15:29,1642,15.54,EOD,Yes
2025-03-07,2025,HSCL,09:15,434,15:29,433.9,-0.02,EOD,No
2025-03-07,2025,TITAGARH,09:15,718,15:29,756.95,5.42,EOD,Yes
2025-03-07,2025,SAREGAMA,09:15,475.95,15:29,489,2.74,EOD,Yes
2025-03-07,2025,PCBL,09:15,384,15:29,390,1.56,EOD,Yes
2025-03-07,2025,RPOWER,09:15,35.3,15:29,36.08,2.21,EOD,Yes
2025-03-10,2025,GRAVITA,09:15,1691,09:17,1729.3,2.26,TRAIL,Yes
2025-03-10,2025,CAPLIPOINT,09:15,1923.3,09:17,1916.1,-0.37,TRAIL,No
2025-03-10,2025,ECLERX,09:15,1382.6,09:17,1379.5,-0.22,TRAIL,No
2025-03-10,2025,LTFOODS,09:15,352.85,09:17,358.55,1.62,TRAIL,Yes
2025-03-10,2025,HBLENGINE,09:15,454.65,09:17,454.85,0.04,TRAIL,Neutral
2025-03-10,2025,HSCL,09:15,437,09:17,437.9,0.21,TRAIL,Neutral
2025-03-10,2025,JINDALSAW,09:15,266.6,09:17,268.68,0.78,TRAIL,Yes
2025-03-10,2025,SWANCORP,09:15,445.25,09:17,443.95,-0.29,TRAIL,No
2025-03-11,2025,GODFRYPHLP,09:15,1672,15:29,1756,5.02,EOD,Yes
2025-03-11,2025,KIMS,09:15,513.45,15:29,525.45,2.34,EOD,Yes
2025-03-11,2025,CHENNPETRO,09:15,503.5,15:29,552.1,9.65,EOD,Yes
2025-03-11,2025,ADANIGREEN,09:15,819.25,15:29,833.2,1.7,EOD,Yes
2025-03-11,2025,JYOTICNC,09:15,944,15:29,956.05,1.28,EOD,Yes
2025-03-11,2025,GRAPHITE,09:15,398,15:29,427.4,7.39,EOD,Yes
2025-03-11,2025,TATACOMM,09:15,1366,15:29,1488,8.93,EOD,Yes
2025-03-11,2025,MRPL,09:15,106.94,15:29,110.7,3.52,EOD,Yes
2025-03-11,2025,KALYANKJIL,09:15,404.5,15:29,421.9,4.3,EOD,Yes
2025-03-11,2025,MCX,09:15,890,15:29,941,5.73,EOD,Yes
2025-03-11,2025,TIINDIA,09:15,2700,15:29,2886,6.89,EOD,Yes
2025-03-11,2025,ZFCVINDIA,09:15,11251,15:29,11280,0.26,EOD,Neutral
2025-03-12,2025,JYOTICNC,09:15,962.3,10:02,956.2,-0.63,TRAIL,No
2025-03-12,2025,AAVAS,09:15,1760.5,10:02,1781,1.16,TRAIL,Yes
2025-03-12,2025,ADANIGREEN,09:15,834.4,10:02,831.85,-0.31,TRAIL,No
2025-03-12,2025,MRPL,09:15,110.96,10:02,110.12,-0.76,TRAIL,No
2025-03-12,2025,DOMS,09:15,2734.3,10:02,2821.65,3.19,TRAIL,Yes
2025-03-12,2025,ZFCVINDIA,09:15,11256.5,10:02,11310.25,0.48,TRAIL,Yes
2025-03-13,2025,CHENNPETRO,09:15,553.9,09:16,546.85,-1.27,HARD_STOP,No
2025-03-13,2025,MRPL,09:15,110.42,09:16,109.66,-0.69,HARD_STOP,No
2025-03-13,2025,GRAPHITE,09:15,437,09:16,430.15,-1.57,HARD_STOP,No
2025-03-13,2025,TATACOMM,09:15,1500,09:16,1498.55,-0.1,HARD_STOP,No
2025-03-13,2025,KALYANKJIL,09:15,429.35,09:16,423.3,-1.41,HARD_STOP,No
2025-03-13,2025,MCX,09:15,955,09:16,947,-0.84,HARD_STOP,No
2025-03-13,2025,TIINDIA,09:15,2915.5,09:16,2901.1,-0.49,HARD_STOP,No
2025-03-13,2025,ZFCVINDIA,09:15,11398,09:16,11346,-0.46,HARD_STOP,No
2025-03-13,2025,ZENTEC,09:15,1225,09:16,1223.4,-0.13,HARD_STOP,No
2025-03-17,2025,SARDAEN,09:15,545.1,09:15,537.45,-1.4,HARD_STOP,No
2025-03-17,2025,TATACOMM,09:15,1510.45,09:15,1510.4,0,HARD_STOP,Neutral
2025-03-17,2025,GRAPHITE,09:15,443,09:15,442.8,-0.05,HARD_STOP,No
2025-03-17,2025,KALYANKJIL,09:15,430,09:15,428,-0.47,HARD_STOP,No
2025-03-17,2025,MCX,09:15,970,09:15,965,-0.52,HARD_STOP,No
2025-03-17,2025,ZENTEC,09:15,1224,09:15,1214.55,-0.77,HARD_STOP,No
2025-03-17,2025,TIINDIA,09:15,2897,09:15,2860.6,-1.26,HARD_STOP,No
2025-03-18,2025,BSE,09:15,1336,15:29,1383.5,3.56,EOD,Yes
2025-03-18,2025,KFINTECH,09:15,925,15:29,939,1.51,EOD,Yes
2025-03-18,2025,MAXHEALTH,09:15,1001.95,15:29,1017.5,1.55,EOD,Yes
2025-03-18,2025,JPPOWER,09:15,13.15,15:29,13.42,2.05,EOD,Yes
2025-03-18,2025,TEJASNET,09:15,660,15:29,672.5,1.89,EOD,Yes
2025-03-18,2025,NIACL,09:15,143,15:29,146.39,2.37,EOD,Yes
2025-03-18,2025,RPOWER,09:15,33.45,15:29,34.94,4.45,EOD,Yes
2025-03-18,2025,SYRMA,09:15,422.5,15:29,443,4.85,EOD,Yes
2025-03-18,2025,RHIM,09:15,389,15:29,400,2.83,EOD,Yes
2025-03-18,2025,JWL,09:15,291,15:29,303.45,4.28,EOD,Yes
2025-03-18,2025,UTIAMC,09:15,934,15:29,955,2.25,EOD,Yes
2025-03-18,2025,DCMSHRIRAM,09:15,989.95,15:29,1005,1.52,EOD,Yes
2025-03-20,2025,BLS,09:15,351,09:50,353.35,0.67,TRAIL,Yes
2025-03-20,2025,MRPL,09:15,114.81,09:50,115.48,0.58,TRAIL,Yes
2025-03-20,2025,MANKIND,09:15,2184.75,09:50,2212.6,1.27,TRAIL,Yes
2025-03-20,2025,DCMSHRIRAM,09:15,1029.45,09:50,1029.15,-0.03,TRAIL,No
2025-03-21,2025,JMFINANCIL,09:15,92.42,15:29,97.88,5.91,EOD,Yes
2025-03-21,2025,TEJASNET,09:15,714.2,15:29,798,11.73,EOD,Yes
2025-03-21,2025,PCBL,09:15,395,15:29,426.5,7.97,EOD,Yes
2025-03-21,2025,RAILTEL,09:15,298.9,15:29,311,4.05,EOD,Yes
2025-03-21,2025,RPOWER,09:15,36.46,15:29,37.86,3.84,EOD,Yes
2025-03-21,2025,BSE,09:15,1496.5,15:29,1602.5,7.08,EOD,Yes
2025-03-21,2025,ELECON,09:15,425,15:29,440.8,3.72,EOD,Yes
2025-03-21,2025,NIACL,09:15,151.93,15:29,164.42,8.22,EOD,Yes
2025-03-21,2025,GICRE,09:15,398.5,15:29,432.75,8.59,EOD,Yes
2025-03-21,2025,MANAPPURAM,09:15,226,15:29,233.5,3.32,EOD,Yes
2025-03-21,2025,JWL,09:15,313.9,15:29,347.15,10.59,EOD,Yes
2025-03-21,2025,NETWEB,09:15,1508,15:29,1614,7.03,EOD,Yes
2025-03-24,2025,LODHA,09:15,1190,15:29,1219,2.44,EOD,Yes
2025-03-25,2025,BSE,09:15,1561.5,11:42,1544.5,-1.09,HARD_STOP,No
2025-03-25,2025,ASTERDM,09:15,438.8,11:42,439.95,0.26,HARD_STOP,Neutral
2025-03-25,2025,RPOWER,09:15,38.58,11:42,36.83,-4.54,HARD_STOP,No
2025-03-25,2025,ZFCVINDIA,09:15,12116.95,11:42,11987.65,-1.07,HARD_STOP,No
2025-03-25,2025,CUB,09:15,160.49,11:42,157.23,-2.03,HARD_STOP,No
2025-03-25,2025,NAVA,09:15,492,11:42,471.1,-4.25,HARD_STOP,No
2025-03-25,2025,ADANIENSOL,09:15,822,11:42,823.6,0.19,HARD_STOP,Neutral
2025-03-25,2025,HONAUT,09:15,33799.95,11:42,33552,-0.73,HARD_STOP,No
2025-03-25,2025,JSWDULUX,09:15,3382.5,11:42,3316.95,-1.94,HARD_STOP,No
2025-03-25,2025,HEG,09:15,434.6,11:42,475.35,9.38,HARD_STOP,Yes
2025-03-25,2025,ERIS,09:15,1366.9,11:42,1346.95,-1.46,HARD_STOP,No
2025-03-26,2025,RPOWER,09:15,37.12,13:10,39.9,7.49,TRAIL,Yes
2025-03-26,2025,ASTERDM,09:15,445.1,13:10,437.05,-1.81,TRAIL,No
2025-03-26,2025,BSE,09:15,1556.5,13:10,1505,-3.31,TRAIL,No
2025-03-26,2025,BEML,09:15,1382.5,13:10,1389,0.47,TRAIL,Yes
2025-03-26,2025,CUB,09:15,157.9,13:10,160,1.33,TRAIL,Yes
2025-03-26,2025,ZFCVINDIA,09:15,12100,13:10,12705.65,5.01,TRAIL,Yes
2025-03-26,2025,JSWDULUX,09:15,3351,13:10,3342.05,-0.27,TRAIL,No
2025-03-26,2025,NAVA,09:15,470.25,13:10,487.15,3.59,TRAIL,Yes
2025-03-26,2025,FORTIS,09:15,650,13:10,639,-1.69,TRAIL,No
2025-03-26,2025,ERIS,09:15,1356,13:10,1320,-2.65,TRAIL,No
2025-03-26,2025,ADANIENSOL,09:15,817.05,13:10,813.95,-0.38,TRAIL,No
2025-03-26,2025,TARIL,09:15,517,13:10,513.95,-0.59,TRAIL,No
2025-03-26,2025,GODFRYPHLP,09:15,2073,13:10,2058,-0.72,TRAIL,No
2025-03-27,2025,BSE,09:15,1550,15:29,1564.5,0.94,EOD,Yes
2025-03-27,2025,ASTERDM,09:15,435.05,15:29,452.2,3.94,EOD,Yes
2025-03-27,2025,BEML,09:15,1374.8,15:29,1619.5,17.8,EOD,Yes
2025-03-27,2025,CUB,09:15,158.2,15:29,156.51,-1.07,EOD,No
2025-03-27,2025,FORTIS,09:15,639.7,15:29,665.15,3.98,EOD,Yes
2025-03-27,2025,JSWDULUX,09:15,3325,15:29,3590,7.97,EOD,Yes
2025-03-27,2025,ERIS,09:15,1314,15:29,1384.4,5.36,EOD,Yes
2025-03-27,2025,ADANIENSOL,09:15,803,15:29,870,8.34,EOD,Yes
2025-03-27,2025,TARIL,09:15,481,15:29,514.25,6.91,EOD,Yes
2025-03-27,2025,GODFRYPHLP,09:15,2033,15:29,2155,6,EOD,Yes
2025-03-28,2025,CUB,09:15,156.06,15:29,158.5,1.56,EOD,Yes
2025-03-28,2025,NAVA,09:15,510.5,15:29,517.85,1.44,EOD,Yes
2025-03-28,2025,GALLANTT,09:15,358.9,15:29,384.45,7.12,EOD,Yes
2025-03-28,2025,PTCIL,09:15,14995.6,15:29,14879.95,-0.77,EOD,No
2025-03-28,2025,ZFCVINDIA,09:15,12600,15:29,12816.35,1.72,EOD,Yes
2025-03-28,2025,HONAUT,09:15,33814.5,15:29,33789.95,-0.07,EOD,No
2025-03-28,2025,HEG,09:15,485.95,15:29,486,0.01,EOD,Neutral
2025-04-01,2025,ERIS,09:15,1400,11:01,1404.3,0.31,TRAIL,Neutral
2025-04-01,2025,RPOWER,09:15,41.95,11:01,42.2,0.6,TRAIL,Yes
2025-04-01,2025,PTCIL,09:15,14841,11:01,14819.85,-0.14,TRAIL,No
2025-04-01,2025,ADANIENSOL,09:15,857.4,11:01,872.8,1.8,TRAIL,Yes
2025-04-01,2025,GODREJCP,09:15,1150.7,11:01,1150.7,0,TRAIL,Neutral
2025-04-01,2025,HONAUT,09:15,33511,11:01,33731.2,0.66,TRAIL,Yes
2025-04-02,2025,VTL,09:15,401,15:29,402.9,0.47,EOD,Yes
2025-04-02,2025,BDL,09:15,1251.8,15:29,1322,5.61,EOD,Yes
2025-04-02,2025,PNBHOUSING,09:15,872.9,15:29,920.35,5.44,EOD,Yes
2025-04-02,2025,TATACONSUM,09:15,1018,15:29,1060.8,4.2,EOD,Yes
2025-04-02,2025,LINDEINDIA,09:15,6225,15:29,6215,-0.16,EOD,No
2025-04-02,2025,SBFC,09:15,91,15:29,92.7,1.87,EOD,Yes
2025-04-02,2025,CREDITACC,09:15,968.8,15:29,971.95,0.33,EOD,Neutral
2025-04-03,2025,VTL,09:15,398,15:29,482.4,21.21,EOD,Yes
2025-04-03,2025,PARADEEP,09:15,110.98,15:29,118.05,6.37,EOD,Yes
2025-04-03,2025,LINDEINDIA,09:15,6125,15:29,6195,1.14,EOD,Yes
2025-04-03,2025,TRIDENT,09:15,25.2,15:29,27.12,7.62,EOD,Yes
2025-04-03,2025,WHIRLPOOL,09:15,1060,15:29,1077.2,1.62,EOD,Yes
2025-04-03,2025,GMRAIRPORT,09:15,78.26,15:29,82.72,5.7,EOD,Yes
2025-04-03,2025,TEJASNET,09:15,784,15:29,873.1,11.36,EOD,Yes
2025-04-03,2025,CREDITACC,09:15,971.85,15:29,1010.85,4.01,EOD,Yes
2025-04-03,2025,CUB,09:15,159.5,15:29,164.5,3.13,EOD,Yes
2025-04-04,2025,LINDEINDIA,09:15,6180,09:20,6121.15,-0.95,HARD_STOP,No
2025-04-04,2025,GALLANTT,09:15,431.9,09:20,429.05,-0.66,HARD_STOP,No
2025-04-04,2025,TATACONSUM,09:15,1065.45,09:20,1066.85,0.13,HARD_STOP,Neutral
2025-04-04,2025,WHIRLPOOL,09:15,1078.95,09:20,1057.6,-1.98,HARD_STOP,No
2025-04-04,2025,SBFC,09:15,92.85,09:20,91.89,-1.03,HARD_STOP,No
2025-04-07,2025,GPIL,09:15,169,15:29,181.7,7.51,EOD,Yes
2025-04-07,2025,VTL,09:15,430.05,15:29,444.7,3.41,EOD,Yes
2025-04-07,2025,PARADEEP,09:15,104.97,15:29,114.65,9.22,EOD,Yes
2025-04-07,2025,BDL,09:15,1152.2,15:29,1265,9.79,EOD,Yes
2025-04-07,2025,PNBHOUSING,09:15,879.55,15:29,921.4,4.76,EOD,Yes
2025-04-07,2025,GALLANTT,09:15,356,15:29,394.9,10.93,EOD,Yes
2025-04-07,2025,TRIDENT,09:15,23.46,15:29,25.94,10.57,EOD,Yes
2025-04-07,2025,TATACONSUM,09:15,1019,15:29,1048,2.85,EOD,Yes
2025-04-07,2025,WHIRLPOOL,09:15,958,15:29,1035,8.04,EOD,Yes
2025-04-07,2025,TEJASNET,09:15,731.05,15:29,804.9,10.1,EOD,Yes
2025-04-07,2025,LINDEINDIA,09:15,5500,15:29,5888.05,7.06,EOD,Yes
2025-04-07,2025,GMRAIRPORT,09:15,77,15:29,82.21,6.77,EOD,Yes
2025-04-07,2025,ADANIPOWER,09:15,92.4,15:29,102.35,10.77,EOD,Yes
2025-04-07,2025,LEMONTREE,09:15,121.01,15:29,134,10.73,EOD,Yes
2025-04-07,2025,SBFC,09:15,82,15:29,90,9.76,EOD,Yes
2025-04-08,2025,FSL,09:15,308.25,09:18,312.15,1.27,HARD_STOP,Yes
2025-04-08,2025,DIXON,09:15,13000,09:18,12965.95,-0.26,HARD_STOP,No
2025-04-08,2025,SYRMA,09:15,438,09:18,431.65,-1.45,HARD_STOP,No
2025-04-08,2025,JUBLINGREA,09:15,632.15,09:18,612.2,-3.16,HARD_STOP,No
2025-04-08,2025,JMFINANCIL,09:15,96.62,09:18,91.4,-5.4,HARD_STOP,No
2025-04-08,2025,LTFOODS,09:15,342.8,09:18,347.85,1.47,HARD_STOP,Yes
2025-04-08,2025,MEDANTA,09:15,1224,09:18,1218.65,-0.44,HARD_STOP,No
2025-04-08,2025,CRAFTSMAN,09:15,4487,09:18,4519.75,0.73,HARD_STOP,Yes
2025-04-08,2025,AFFLE,09:15,1469.95,09:18,1458.8,-0.76,HARD_STOP,No
2025-04-08,2025,PIIND,09:15,3259.65,09:18,3280.15,0.63,HARD_STOP,Yes
2025-04-08,2025,MCX,09:15,1022,09:18,1033,1.08,HARD_STOP,Yes
2025-04-08,2025,ATUL,09:15,5377,09:18,5274.55,-1.91,HARD_STOP,No
2025-04-08,2025,PGEL,09:15,850.55,09:18,849,-0.18,HARD_STOP,No
2025-04-08,2025,APARINDS,09:15,5099.1,09:18,5053,-0.9,HARD_STOP,No
2025-04-08,2025,NUVAMA,09:15,1110,09:18,1098,-1.08,HARD_STOP,No
2025-04-09,2025,LTFOODS,09:15,333,09:17,326.3,-2.01,HARD_STOP,No
2025-04-09,2025,NUVAMA,09:15,1080,09:17,1072,-0.74,HARD_STOP,No
2025-04-09,2025,CRAFTSMAN,09:15,4399,09:17,4365.75,-0.76,HARD_STOP,No
2025-04-09,2025,JUBLINGREA,09:15,616.3,09:17,605.55,-1.74,HARD_STOP,No
2025-04-09,2025,ATUL,09:15,5245,09:17,5305,1.14,HARD_STOP,Yes
2025-04-09,2025,ARE&M,09:15,977.9,09:17,967.4,-1.07,HARD_STOP,No
2025-04-09,2025,SUZLON,09:15,53.07,09:17,53.13,0.11,HARD_STOP,Neutral
2025-04-11,2025,JUBLINGREA,09:15,609.95,09:15,616.3,1.04,HARD_STOP,Yes
2025-04-11,2025,NUVAMA,09:15,1113.5,09:15,1099,-1.3,HARD_STOP,No
2025-04-11,2025,LTFOODS,09:15,350.5,09:15,336.35,-4.04,HARD_STOP,No
2025-04-11,2025,FSL,09:15,311.85,09:15,312.95,0.35,HARD_STOP,Neutral
2025-04-11,2025,ATUL,09:15,5292.95,09:15,5256.6,-0.69,HARD_STOP,No
2025-04-11,2025,CRAFTSMAN,09:15,4350,09:15,4319.5,-0.7,HARD_STOP,No
2025-04-11,2025,SYRMA,09:15,451,09:15,449.25,-0.39,HARD_STOP,No
2025-04-11,2025,MCX,09:15,1065,09:15,1058,-0.66,HARD_STOP,No
2025-04-11,2025,KAYNES,09:15,5046,09:15,4940,-2.1,HARD_STOP,No
2025-04-11,2025,PPLPHARMA,09:15,216.67,09:15,213.32,-1.55,HARD_STOP,No
2025-04-11,2025,ARE&M,09:15,995.05,09:15,989.8,-0.53,HARD_STOP,No
2025-04-11,2025,MEDANTA,09:15,1245.9,09:15,1240.65,-0.42,HARD_STOP,No
2025-04-11,2025,FLUOROCHEM,09:15,3725,09:15,3740,0.4,HARD_STOP,Neutral
2025-04-11,2025,GRAVITA,09:15,1664.8,09:15,1651.9,-0.77,HARD_STOP,No
2025-04-15,2025,CRAFTSMAN,09:15,4400,15:29,4582.3,4.14,EOD,Yes
2025-04-15,2025,RKFORGE,09:15,751,15:29,756.5,0.73,EOD,Yes
2025-04-15,2025,BLUESTARCO,09:15,1991.9,15:29,2024.5,1.64,EOD,Yes
2025-04-16,2025,KFINTECH,09:15,1015.2,15:29,1053,3.72,EOD,Yes
2025-04-16,2025,JBMA,09:15,633,15:29,691.95,9.31,EOD,Yes
2025-04-16,2025,DOMS,09:15,2652.7,15:29,2845.1,7.25,EOD,Yes
2025-04-16,2025,NBCC,09:15,90.01,15:29,96.09,6.75,EOD,Yes
2025-04-17,2025,DELHIVERY,09:15,263,15:29,280.85,6.79,EOD,Yes
2025-04-17,2025,FACT,09:15,667,15:29,756.6,13.43,EOD,Yes
2025-04-17,2025,BLUEJET,09:15,747.35,15:29,760,1.69,EOD,Yes
2025-04-21,2025,ENGINERSIN,09:15,181.22,09:20,178.43,-1.54,HARD_STOP,No
2025-04-21,2025,GMDCLTD,09:15,320.85,09:20,317.05,-1.18,HARD_STOP,No
2025-04-21,2025,JBMA,09:15,701,09:20,694,-1,HARD_STOP,No
2025-04-21,2025,ANURAS,09:15,813,09:20,800.95,-1.48,HARD_STOP,No
2025-04-21,2025,DOMS,09:15,2891,09:20,2899.9,0.31,HARD_STOP,Neutral
2025-04-21,2025,INDUSINDBK,09:15,802,09:20,802.35,0.04,HARD_STOP,Neutral
2025-04-21,2025,PARADEEP,09:15,137,09:20,137.7,0.51,HARD_STOP,Yes
2025-04-21,2025,BLUEJET,09:15,761.4,09:20,750.3,-1.46,HARD_STOP,No
2025-04-22,2025,APARINDS,09:15,5025,15:29,5280,5.07,EOD,Yes
2025-04-22,2025,GODFRYPHLP,09:15,2528,15:29,2510,-0.71,EOD,No
2025-04-22,2025,LALPATHLAB,09:15,1370,15:29,1382,0.88,EOD,Yes
2025-04-22,2025,PERSISTENT,09:15,4863,15:29,4966,2.12,EOD,Yes
2025-04-22,2025,SPLPETRO,09:15,627,15:29,607,-3.19,EOD,No
2025-04-23,2025,AUBANK,09:15,620,15:29,662.7,6.89,EOD,Yes
2025-04-23,2025,ATUL,09:15,6059.5,15:29,6215,2.57,EOD,Yes
2025-04-23,2025,REDINGTON,09:15,225,15:29,237.94,5.75,EOD,Yes
2025-04-23,2025,GODFRYPHLP,09:15,2533,15:29,2640,4.22,EOD,Yes
2025-04-23,2025,SPLPETRO,09:15,607,15:29,630.85,3.93,EOD,Yes
2025-04-23,2025,CHOICEIN,09:15,585,15:29,603,3.08,EOD,Yes
2025-04-23,2025,LALPATHLAB,09:15,1389.5,15:29,1382.6,-0.5,EOD,No
2025-04-23,2025,PERSISTENT,09:15,5050,15:29,5160,2.18,EOD,Yes
2025-04-23,2025,MPHASIS,09:15,2410.8,15:29,2471.6,2.52,EOD,Yes
2025-04-23,2025,HCLTECH,09:15,1555,15:29,1594.4,2.53,EOD,Yes
2025-04-23,2025,COFORGE,09:15,1440.5,15:29,1480,2.74,EOD,Yes
2025-04-23,2025,TECHM,09:15,1393.4,15:29,1416.1,1.63,EOD,Yes
2025-04-24,2025,APARINDS,09:15,5379,10:40,5476,1.8,TRAIL,Yes
2025-04-24,2025,LALPATHLAB,09:15,1387.5,10:40,1388,0.04,TRAIL,Neutral
2025-04-24,2025,DATAPATTNS,09:15,2170.7,10:40,2157,-0.63,TRAIL,No
2025-04-25,2025,ATUL,09:15,6235,09:15,6271,0.58,HARD_STOP,Yes
2025-04-25,2025,HCLTECH,09:15,1590,09:15,1584.5,-0.35,HARD_STOP,No
2025-04-25,2025,LALPATHLAB,09:15,1418.5,09:15,1394.3,-1.71,HARD_STOP,No
2025-04-25,2025,MPHASIS,09:15,2453,09:15,2461.9,0.36,HARD_STOP,Neutral
2025-04-25,2025,COFORGE,09:15,1462,09:15,1459.5,-0.17,HARD_STOP,No
2025-04-25,2025,PERSISTENT,09:15,5233,09:15,5179.5,-1.02,HARD_STOP,No
2025-04-25,2025,OFSS,09:15,8308,09:15,8280,-0.34,HARD_STOP,No
2025-04-25,2025,TECHM,09:15,1429.3,09:15,1375.6,-3.76,HARD_STOP,No
2025-04-25,2025,M&M,09:15,2901.4,09:15,2915.9,0.5,HARD_STOP,Yes
2025-04-28,2025,APARINDS,09:15,5512.5,09:25,5450,-1.13,HARD_STOP,No
2025-04-28,2025,GODFRYPHLP,09:15,2666,09:25,2695,1.09,HARD_STOP,Yes
2025-04-28,2025,HCLTECH,09:15,1565,09:25,1538.6,-1.69,HARD_STOP,No
2025-04-28,2025,TATAELXSI,09:15,5612.5,09:25,5586,-0.47,HARD_STOP,No
2025-04-28,2025,AUBANK,09:15,673,09:25,672.3,-0.1,HARD_STOP,No
2025-04-28,2025,OFSS,09:15,8261,09:25,8120,-1.71,HARD_STOP,No
2025-04-28,2025,CHOICEIN,09:15,635.7,09:25,619.45,-2.56,HARD_STOP,No
2025-04-28,2025,TECHM,09:15,1442.9,09:25,1415.4,-1.91,HARD_STOP,No
2025-04-28,2025,REDINGTON,09:15,245,09:25,245.12,0.05,HARD_STOP,Neutral
2025-04-28,2025,IIFL,09:15,365,09:25,364.3,-0.19,HARD_STOP,No
2025-04-28,2025,DATAPATTNS,09:15,2074,09:25,2068.5,-0.27,HARD_STOP,No
2025-04-28,2025,ELECON,09:15,520,09:25,516.6,-0.65,HARD_STOP,No
2025-04-29,2025,TIMKEN,09:15,2535,15:29,2530.3,-0.19,EOD,No
2025-04-29,2025,FORCEMOT,09:15,9149,15:29,9001,-1.62,EOD,No
2025-04-29,2025,CEATLTD,09:15,3051.1,15:29,3066,0.49,EOD,Yes
2025-04-29,2025,INDIACEM,09:15,294,15:29,313.3,6.56,EOD,Yes
2025-04-29,2025,MARUTI,09:15,11812,15:29,11810,-0.02,EOD,No
2025-04-29,2025,HONASA,09:15,232,15:29,249,7.33,EOD,Yes
2025-04-29,2025,ATUL,09:15,6503,15:29,6750,3.8,EOD,Yes
2025-04-30,2025,TIMKEN,09:15,2516,09:16,2493.5,-0.89,HARD_STOP,No
2025-04-30,2025,FORCEMOT,09:15,9068,09:16,8858.5,-2.31,HARD_STOP,No
2025-04-30,2025,CEATLTD,09:15,3045.1,09:16,3042,-0.1,HARD_STOP,No
2025-04-30,2025,MARUTI,09:15,11825,09:16,11864,0.33,HARD_STOP,Neutral
2025-04-30,2025,SCHAEFFLER,09:15,3320,09:16,3302.4,-0.53,HARD_STOP,No
2025-04-30,2025,IGL,09:15,185.34,09:16,184.56,-0.42,HARD_STOP,No
2025-04-30,2025,ACUTAAS,09:15,1086,09:16,1080.7,-0.49,HARD_STOP,No
2025-05-02,2025,TIMKEN,09:15,2467.8,09:20,2444.3,-0.95,TRAIL,No
2025-05-02,2025,FORCEMOT,09:15,8910,09:20,8987,0.86,TRAIL,Yes
2025-05-02,2025,ELECON,09:15,544.9,09:20,552.25,1.35,TRAIL,Yes
2025-05-02,2025,INDIACEM,09:15,304.05,09:20,304.25,0.07,TRAIL,Neutral
2025-05-02,2025,CREDITACC,09:15,1095,09:20,1126,2.83,TRAIL,Yes
2025-05-02,2025,MAZDOCK,09:15,3075,09:20,3073.9,-0.04,TRAIL,No
2025-05-02,2025,POWERINDIA,09:15,14530,09:20,14719,1.3,TRAIL,Yes
2025-05-02,2025,HONASA,09:15,242.68,09:20,242.89,0.09,TRAIL,Neutral
2025-05-05,2025,TIINDIA,09:15,2913,15:29,2982.8,2.4,EOD,Yes
2025-05-05,2025,CEATLTD,09:15,3400,15:29,3475.1,2.21,EOD,Yes
2025-05-05,2025,INDIACEM,09:15,309.4,15:29,309.3,-0.03,EOD,No
2025-05-05,2025,SONATSOFTW,09:15,424.55,15:29,423,-0.37,EOD,No
2025-05-05,2025,IGL,09:15,194.1,15:29,206.31,6.29,EOD,Yes
2025-05-05,2025,GRSE,09:15,1894.6,15:29,1921.3,1.41,EOD,Yes
2025-05-05,2025,MAZDOCK,09:15,3024.1,15:29,3101.2,2.55,EOD,Yes
2025-05-05,2025,MARUTI,09:15,12490,15:29,12449,-0.33,EOD,No
2025-05-05,2025,POWERINDIA,09:15,14974,15:29,14580,-2.63,EOD,No
2025-05-06,2025,WELSPUNLIV,09:15,124.5,09:18,124.83,0.27,HARD_STOP,Neutral
2025-05-06,2025,KPRMILL,09:15,1029.95,09:18,1021.75,-0.8,HARD_STOP,No
2025-05-06,2025,CONCORDBIO,09:15,1435,09:18,1421,-0.98,HARD_STOP,No
2025-05-06,2025,ENDURANCE,09:15,1864.8,09:18,1864.3,-0.03,HARD_STOP,No
2025-05-06,2025,YESBANK,09:15,19.24,09:18,19,-1.25,HARD_STOP,No
2025-05-06,2025,CCL,09:15,684.95,09:18,656.5,-4.15,HARD_STOP,No
2025-05-06,2025,SPLPETRO,09:15,647,09:18,653.9,1.07,HARD_STOP,Yes
2025-05-06,2025,IIFL,09:15,362,09:18,359.6,-0.66,HARD_STOP,No
2025-05-06,2025,TIMKEN,09:15,2664,09:18,2653.4,-0.4,HARD_STOP,No
2025-05-06,2025,KAJARIACER,09:15,818,09:18,819.9,0.23,HARD_STOP,Neutral
2025-05-06,2025,TMPV,09:15,455.5,09:18,452.95,-0.56,HARD_STOP,No
2025-05-07,2025,WELSPUNLIV,09:15,124.2,15:29,136.2,9.66,EOD,Yes
2025-05-07,2025,YESBANK,09:15,17.87,15:29,18.35,2.69,EOD,Yes
2025-05-07,2025,KPRMILL,09:15,1059,15:29,1107,4.53,EOD,Yes
2025-05-07,2025,ENDURANCE,09:15,1871,15:29,2025,8.23,EOD,Yes
2025-05-07,2025,CONCORDBIO,09:15,1386.7,15:29,1391.6,0.35,EOD,Neutral
2025-05-07,2025,APARINDS,09:15,5450,15:29,5746,5.43,EOD,Yes
2025-05-07,2025,IIFL,09:15,337,15:29,370,9.79,EOD,Yes
2025-05-07,2025,SPLPETRO,09:15,638,15:29,654.95,2.66,EOD,Yes
2025-05-07,2025,TIMKEN,09:15,2567,15:29,2700,5.18,EOD,Yes
2025-05-07,2025,CEMPRO,09:15,495,15:29,525,6.06,EOD,Yes
2025-05-07,2025,TMPV,09:15,442,15:29,469.3,6.18,EOD,Yes
2025-05-07,2025,ZEEL,09:15,102.35,15:29,107.05,4.59,EOD,Yes
2025-05-07,2025,GVT&D,09:15,1500,15:29,1630,8.67,EOD,Yes
2025-05-07,2025,KAJARIACER,09:15,764.8,15:29,825.25,7.9,EOD,Yes
2025-05-07,2025,CRAFTSMAN,09:15,4650,15:29,4648.7,-0.03,EOD,No
2025-05-08,2025,CONCORDBIO,09:15,1409.9,09:21,1411.9,0.14,HARD_STOP,Neutral
2025-05-08,2025,YESBANK,09:15,18.35,09:21,18.27,-0.44,HARD_STOP,No
2025-05-08,2025,SPLPETRO,09:15,655,09:21,651.15,-0.59,HARD_STOP,No
2025-05-08,2025,CRAFTSMAN,09:15,4681.3,09:21,4621.6,-1.28,HARD_STOP,No
2025-05-08,2025,RRKABEL,09:15,1229,09:21,1215.9,-1.07,HARD_STOP,No
2025-05-09,2025,YESBANK,09:15,17.8,15:29,20.07,12.75,EOD,Yes
2025-05-09,2025,SPLPETRO,09:15,648.8,15:29,700.15,7.91,EOD,Yes
2025-05-09,2025,ENDURANCE,09:15,1975.2,15:29,2052,3.89,EOD,Yes
2025-05-09,2025,KAJARIACER,09:15,815,15:29,856.05,5.04,EOD,Yes
2025-05-09,2025,IIFL,09:15,346.2,15:29,369.9,6.85,EOD,Yes
2025-05-09,2025,CRAFTSMAN,09:15,4420,15:29,4880,10.41,EOD,Yes
2025-05-09,2025,ELECON,09:15,600,15:29,623.8,3.97,EOD,Yes
2025-05-09,2025,RRKABEL,09:15,1176.1,15:29,1228.3,4.44,EOD,Yes
2025-05-09,2025,UNIONBANK,09:15,111.23,15:29,118.87,6.87,EOD,Yes
2025-05-09,2025,TMPV,09:15,459.55,15:29,488,6.19,EOD,Yes
2025-05-12,2025,CONCORDBIO,09:15,1552,09:38,1530.6,-1.38,HARD_STOP,No
2025-05-12,2025,APARINDS,09:15,6320,09:38,6267,-0.84,HARD_STOP,No
2025-05-12,2025,TIMKEN,09:15,2904,09:38,2830.7,-2.52,HARD_STOP,No
2025-05-12,2025,ENDURANCE,09:15,2097,09:38,2105.4,0.4,HARD_STOP,Neutral
2025-05-12,2025,ELECON,09:15,636.65,09:38,638.05,0.22,HARD_STOP,Neutral
2025-05-12,2025,CCL,09:15,735.1,09:38,737,0.26,HARD_STOP,Neutral
2025-05-13,2025,GRSE,09:15,1835,09:30,1844.5,0.52,TRAIL,Yes
2025-05-14,2025,IRCON,09:15,160.35,15:29,173.25,8.04,EOD,Yes
2025-05-14,2025,PTCIL,09:15,12824,15:29,13970,8.94,EOD,Yes
2025-05-14,2025,RVNL,09:15,359,15:29,372.75,3.83,EOD,Yes
2025-05-14,2025,TITAGARH,09:15,753.9,15:29,810.5,7.51,EOD,Yes
2025-05-14,2025,HBLENGINE,09:15,507.5,15:29,563,10.94,EOD,Yes
2025-05-14,2025,IFCI,09:15,44,15:29,44.3,0.68,EOD,Yes
2025-05-14,2025,BAJAJHLDNG,09:15,11970,15:29,12069,0.83,EOD,Yes
2025-05-14,2025,SCI,09:15,170.78,15:29,170.68,-0.06,EOD,No
2025-05-14,2025,IRFC,09:15,125,15:29,130.1,4.08,EOD,Yes
2025-05-14,2025,RITES,09:15,233.11,15:29,243.28,4.36,EOD,Yes
2025-05-14,2025,GESHIP,09:15,902.6,15:29,918.05,1.71,EOD,Yes
2025-05-15,2025,BAJAJHLDNG,09:15,12066,15:29,12606,4.48,EOD,Yes
2025-05-15,2025,KPIL,09:15,1059,15:29,1065,0.57,EOD,Yes
2025-05-15,2025,SCI,09:15,171.6,15:29,167.91,-2.15,EOD,No
2025-05-15,2025,ANANTRAJ,09:15,461.9,15:29,473,2.4,EOD,Yes
2025-05-15,2025,KEC,09:15,741,15:29,796.45,7.48,EOD,Yes
2025-05-15,2025,ECLERX,09:15,1440.4,15:29,1576,9.41,EOD,Yes
2025-05-16,2025,IFCI,09:15,44.75,15:29,51.4,14.86,EOD,Yes
2025-05-16,2025,TITAGARH,09:15,812,15:29,912,12.32,EOD,Yes
2025-05-16,2025,JWL,09:15,393,15:29,421.9,7.35,EOD,Yes
2025-05-16,2025,GRANULES,09:15,504,15:29,504.5,0.1,EOD,Neutral
2025-05-16,2025,RVNL,09:15,380.5,15:29,410.8,7.96,EOD,Yes
2025-05-16,2025,IRFC,09:15,130.8,15:29,138.79,6.11,EOD,Yes
2025-05-16,2025,SCI,09:15,169.37,15:29,182.9,7.99,EOD,Yes
2025-05-16,2025,GESHIP,09:15,913,15:29,973.8,6.66,EOD,Yes
2025-05-16,2025,RITES,09:15,249.4,15:29,285.2,14.35,EOD,Yes
2025-05-19,2025,HFCL,09:15,89.14,09:35,89.93,0.89,HARD_STOP,Yes
2025-05-19,2025,GRANULES,09:15,505,09:35,513,1.58,HARD_STOP,Yes
2025-05-19,2025,PTCIL,09:15,14600,09:35,14160,-3.01,HARD_STOP,No
2025-05-19,2025,BDL,09:15,1879,09:35,1843.6,-1.88,HARD_STOP,No
2025-05-20,2025,SOLARINDS,09:15,13772,09:20,13627,-1.05,HARD_STOP,No
2025-05-20,2025,TTML,09:15,60.38,09:20,59.55,-1.37,HARD_STOP,No
2025-05-20,2025,JKTYRE,09:15,356,09:20,352.35,-1.03,HARD_STOP,No
2025-05-20,2025,JUBLPHARMA,09:15,960.1,09:20,969.85,1.02,HARD_STOP,Yes
2025-05-20,2025,RPOWER,09:15,46.05,09:20,45.83,-0.48,HARD_STOP,No
2025-05-20,2025,GRSE,09:15,2495,09:20,2375.4,-4.79,HARD_STOP,No
2025-05-20,2025,PFIZER,09:15,4575,09:20,4876.9,6.6,HARD_STOP,Yes
2025-05-20,2025,ERIS,09:15,1466.8,09:20,1475,0.56,HARD_STOP,Yes
2025-05-20,2025,CLEAN,09:15,1290,09:20,1292,0.16,HARD_STOP,Neutral
2025-05-20,2025,PTCIL,09:15,14100,09:20,13875,-1.6,HARD_STOP,No
2025-05-20,2025,IFCI,09:15,52.4,09:20,50.4,-3.82,HARD_STOP,No
2025-05-20,2025,SCI,09:15,181.7,09:20,178.44,-1.79,HARD_STOP,No
2025-05-21,2025,TTML,09:15,58.22,15:29,69.87,20.01,EOD,Yes
2025-05-21,2025,RPOWER,09:15,44.97,15:29,45.1,0.29,EOD,Neutral
2025-05-21,2025,HONASA,09:15,273.33,15:29,270.69,-0.97,EOD,No
2025-05-21,2025,SOLARINDS,09:15,13499,15:29,14198,5.18,EOD,Yes
2025-05-21,2025,JKTYRE,09:15,340,15:29,384.05,12.96,EOD,Yes
2025-05-21,2025,LTFOODS,09:15,377,15:29,396.1,5.07,EOD,Yes
2025-05-21,2025,GRSE,09:15,2388,15:29,2507.4,5,EOD,Yes
2025-05-21,2025,SCI,09:15,175.09,15:29,176.69,0.91,EOD,Yes
2025-05-21,2025,ERIS,09:15,1470.2,15:29,1507,2.5,EOD,Yes
2025-05-21,2025,CLEAN,09:15,1272.4,15:29,1277.6,0.41,EOD,Yes
2025-05-21,2025,PARADEEP,09:15,152.99,15:29,155.9,1.9,EOD,Yes
2025-05-21,2025,PTCIL,09:15,14230,15:29,14461,1.62,EOD,Yes
2025-05-21,2025,KIMS,09:15,643.7,15:29,663.7,3.11,EOD,Yes
2025-05-21,2025,BDL,09:15,1789,15:29,1882,5.2,EOD,Yes
2025-05-22,2025,RPOWER,09:15,45,15:29,44.84,-0.36,EOD,No
2025-05-22,2025,HONASA,09:15,270.27,15:29,275.06,1.77,EOD,Yes
2025-05-22,2025,PTCIL,09:15,14650,15:29,15595,6.45,EOD,Yes
2025-05-22,2025,JUBLPHARMA,09:15,984.85,15:29,1043.2,5.92,EOD,Yes
2025-05-22,2025,SCI,09:15,176.4,15:29,191.15,8.36,EOD,Yes
2025-05-22,2025,CLEAN,09:15,1277.6,15:29,1322,3.48,EOD,Yes
2025-05-22,2025,PARADEEP,09:15,155.9,15:29,155.9,0,EOD,Neutral
2025-05-22,2025,IFCI,09:15,50.16,15:29,49.9,-0.52,EOD,No
2025-05-23,2025,TBOTEK,09:15,1207.2,15:29,1298,7.52,EOD,Yes
2025-05-23,2025,HONASA,09:15,285,15:29,330.19,15.86,EOD,Yes
2025-05-23,2025,RPOWER,09:15,45,15:29,51.96,15.47,EOD,Yes
2025-05-23,2025,ERIS,09:15,1517,15:29,1500.9,-1.06,EOD,No
2025-05-23,2025,PARADEEP,09:15,156.89,15:29,157.2,0.2,EOD,Neutral
2025-05-23,2025,LTFOODS,09:15,402.8,15:29,411.8,2.23,EOD,Yes
2025-05-23,2025,IFCI,09:15,50,15:29,55,10,EOD,Yes
2025-05-23,2025,JKTYRE,09:15,383,15:29,383,0,EOD,Neutral
2025-05-26,2025,GRSE,09:15,2761,15:29,2735.9,-0.91,EOD,No
2025-05-26,2025,ERIS,09:15,1502.4,15:29,1543.9,2.76,EOD,Yes
2025-05-26,2025,JKTYRE,09:15,384.7,15:29,378,-1.74,EOD,No
2025-05-26,2025,BDL,09:15,1910,15:29,1910.9,0.05,EOD,Neutral
2025-05-26,2025,PARADEEP,09:15,158.5,15:29,159,0.32,EOD,Neutral
2025-05-26,2025,TTML,09:15,76.19,15:29,74.55,-2.15,EOD,No
2025-05-26,2025,JUBLPHARMA,09:15,1079,15:29,1119.5,3.75,EOD,Yes
2025-05-26,2025,PFIZER,09:15,5174.5,15:29,5170.9,-0.07,EOD,No
2025-05-27,2025,CONCORDBIO,09:15,1537.8,15:29,1532.8,-0.33,EOD,No
2025-05-27,2025,ITI,09:15,282.9,15:29,309.25,9.31,EOD,Yes
2025-05-27,2025,MMTC,09:15,64.2,15:29,63.8,-0.62,EOD,No
2025-05-27,2025,POWERINDIA,09:15,16430,15:29,17220,4.81,EOD,Yes
2025-05-27,2025,WELCORP,09:15,776.45,15:29,786.75,1.33,EOD,Yes
2025-05-27,2025,ZENTEC,09:15,1889.8,15:29,1916,1.39,EOD,Yes
2025-05-27,2025,ENGINERSIN,09:15,200.6,15:29,203.2,1.3,EOD,Yes
2025-05-27,2025,TEGA,09:15,1467.1,15:29,1579.3,7.65,EOD,Yes
2025-05-27,2025,ELGIEQUIP,09:15,485,15:29,499.5,2.99,EOD,Yes
2025-05-27,2025,GLAXO,09:15,2965.5,15:29,3105,4.7,EOD,Yes
2025-05-28,2025,CONCORDBIO,09:15,1565,09:19,1539.1,-1.65,HARD_STOP,No
2025-05-28,2025,WELCORP,09:15,790.5,09:19,787.75,-0.35,HARD_STOP,No
2025-05-28,2025,MMTC,09:15,64,09:19,64.39,0.61,HARD_STOP,Yes
2025-05-28,2025,ENGINERSIN,09:15,204.89,09:19,204.5,-0.19,HARD_STOP,No
2025-05-28,2025,TECHNOE,09:15,1401,09:19,1351.3,-3.55,HARD_STOP,No
2025-05-28,2025,DEEPAKFERT,09:15,1362.9,09:19,1375.4,0.92,HARD_STOP,Yes
2025-05-28,2025,SUZLON,09:15,65.71,09:19,65.69,-0.03,HARD_STOP,No
2025-05-28,2025,BEML,09:15,2164.5,09:19,2137,-1.27,HARD_STOP,No
2025-05-29,2025,SUZLON,09:15,67.19,09:53,65.55,-2.44,HARD_STOP,No
2025-05-29,2025,WOCKPHARMA,09:15,1342,09:53,1332.4,-0.72,HARD_STOP,No
2025-05-29,2025,BSE,09:15,2429,09:53,2404,-1.03,HARD_STOP,No
2025-05-29,2025,BAYERCROP,09:15,5720,09:53,5807,1.52,HARD_STOP,Yes
2025-05-29,2025,ELGIEQUIP,09:15,508.1,09:53,502.35,-1.13,HARD_STOP,No
2025-05-30,2025,CONCORDBIO,09:15,1750,15:29,1756,0.34,EOD,Neutral
2025-05-30,2025,SUZLON,09:15,71.5,15:29,71.34,-0.22,EOD,No
2025-05-30,2025,TEGA,09:15,1630.1,15:29,1645.1,0.92,EOD,Yes
2025-05-30,2025,BEML,09:15,2120,15:29,2111.2,-0.42,EOD,No
2025-05-30,2025,BAYERCROP,09:15,5731.5,15:29,5675,-0.99,EOD,No
2025-05-30,2025,NBCC,09:15,117.8,15:29,123.3,4.67,EOD,Yes
2025-06-02,2025,ZENTEC,09:15,2140,09:16,2098.4,-1.94,HARD_STOP,No
2025-06-02,2025,GRSE,09:15,3000,09:16,2978.2,-0.73,HARD_STOP,No
2025-06-02,2025,ITI,09:15,335,09:16,329.6,-1.61,HARD_STOP,No
2025-06-02,2025,POWERINDIA,09:15,19280,09:16,19131,-0.77,HARD_STOP,No
2025-06-02,2025,TEGA,09:15,1640.1,09:16,1615.7,-1.49,HARD_STOP,No
2025-06-02,2025,BEML,09:15,2117,09:16,2107.8,-0.43,HARD_STOP,No
2025-06-02,2025,DEEPAKFERT,09:15,1494,09:16,1467.5,-1.77,HARD_STOP,No
2025-06-03,2025,SWANCORP,09:15,419.05,15:29,412.95,-1.46,EOD,No
2025-06-03,2025,COCHINSHIP,09:15,1926.8,15:29,2034,5.56,EOD,Yes
2025-06-03,2025,NEULANDLAB,09:15,11670,15:29,11801,1.12,EOD,Yes
2025-06-03,2025,FACT,09:15,890.7,15:29,1025.2,15.1,EOD,Yes
2025-06-03,2025,GODREJIND,09:15,1199,15:29,1189.3,-0.81,EOD,No
2025-06-03,2025,ABREL,09:15,2148.2,15:29,2140,-0.38,EOD,No
2025-06-03,2025,GMDCLTD,09:15,364.9,15:29,365.95,0.29,EOD,Neutral
2025-06-03,2025,SRF,09:15,2903,15:29,2951,1.65,EOD,Yes
2025-06-03,2025,RAILTEL,09:15,401.1,15:29,397.45,-0.91,EOD,No
2025-06-03,2025,RKFORGE,09:15,607.2,15:29,599,-1.35,EOD,No
2025-06-04,2025,SWANCORP,09:15,416.35,09:45,412.3,-0.97,HARD_STOP,No
2025-06-04,2025,GODREJIND,09:15,1186,09:45,1185.6,-0.03,HARD_STOP,No
2025-06-04,2025,ABREL,09:15,2145.8,09:45,2117.4,-1.32,HARD_STOP,No
2025-06-04,2025,IRCON,09:15,193.99,09:45,192.3,-0.87,HARD_STOP,No
2025-06-04,2025,KFINTECH,09:15,1145,09:45,1147.3,0.2,HARD_STOP,Neutral
2025-06-04,2025,GMDCLTD,09:15,369,09:45,361.8,-1.95,HARD_STOP,No
2025-06-04,2025,NEULANDLAB,09:15,11817,09:45,11821,0.03,HARD_STOP,Neutral
2025-06-04,2025,RAILTEL,09:15,400.5,09:45,400.45,-0.01,HARD_STOP,No
2025-06-04,2025,RKFORGE,09:15,603.8,09:45,595.6,-1.36,HARD_STOP,No
2025-06-04,2025,FIVESTAR,09:15,685,09:45,677.5,-1.09,HARD_STOP,No
2025-06-04,2025,CDSL,09:15,1714,09:45,1701.6,-0.72,HARD_STOP,No
2025-06-04,2025,SRF,09:15,2965,09:45,2982.3,0.58,HARD_STOP,Yes
2025-06-05,2025,GODREJIND,09:15,1188.2,15:29,1191,0.24,EOD,Neutral
2025-06-05,2025,NEULANDLAB,09:15,11817,15:29,11817,0,EOD,Neutral
2025-06-05,2025,ABREL,09:15,2138,15:29,2154.4,0.77,EOD,Yes
2025-06-05,2025,GMDCLTD,09:15,372,15:29,383,2.96,EOD,Yes
2025-06-05,2025,RKFORGE,09:15,593,15:29,604.8,1.99,EOD,Yes
2025-06-05,2025,BRIGADE,09:15,1218,15:29,1253.9,2.95,EOD,Yes
2025-06-05,2025,CDSL,09:15,1713,15:29,1778.5,3.82,EOD,Yes
2025-06-05,2025,JMFINANCIL,09:15,131.21,15:29,140.99,7.45,EOD,Yes
2025-06-05,2025,SOBHA,09:15,1522.3,15:29,1602.1,5.24,EOD,Yes
2025-06-05,2025,FIVESTAR,09:15,690,15:29,689.85,-0.02,EOD,No
2025-06-05,2025,PRESTIGE,09:15,1585,15:29,1630,2.84,EOD,Yes
2025-06-06,2025,NEULANDLAB,09:15,11756,15:29,12900,9.73,EOD,Yes
2025-06-06,2025,GODREJIND,09:15,1198,15:29,1337,11.6,EOD,Yes
2025-06-06,2025,ABREL,09:15,2169.5,15:29,2284,5.28,EOD,Yes
2025-06-06,2025,FIVESTAR,09:15,693,15:29,730,5.34,EOD,Yes
2025-06-06,2025,RKFORGE,09:15,603.95,15:29,657.2,8.82,EOD,Yes
2025-06-06,2025,GRSE,09:15,3425,15:29,3267,-4.61,EOD,No
2025-06-09,2025,COCHINSHIP,09:15,2406.6,09:16,2318.6,-3.66,HARD_STOP,No
2025-06-09,2025,SWANCORP,09:15,456.2,09:16,457,0.18,HARD_STOP,Neutral
2025-06-09,2025,BSE,09:15,2970,09:16,2951,-0.64,HARD_STOP,No
2025-06-09,2025,CDSL,09:15,1786,09:16,1784.5,-0.08,HARD_STOP,No
2025-06-09,2025,RAILTEL,09:15,450,09:16,452.75,0.61,HARD_STOP,Yes
2025-06-09,2025,GRSE,09:15,3340.5,09:16,3283.4,-1.71,HARD_STOP,No
2025-06-09,2025,IRCON,09:15,220,09:16,218.08,-0.87,HARD_STOP,No
2025-06-10,2025,ESCORTS,09:15,3300,15:29,3259,-1.24,EOD,No
2025-06-10,2025,JUBLINGREA,09:15,707,15:29,695,-1.7,EOD,No
2025-06-10,2025,WOCKPHARMA,09:15,1520,15:29,1546.5,1.74,EOD,Yes
2025-06-10,2025,RHIM,09:15,450.65,15:29,455,0.97,EOD,Yes
2025-06-10,2025,360ONE,09:15,1074.5,15:29,1060.1,-1.34,EOD,No
2025-06-10,2025,SCI,09:15,208.62,15:29,209.59,0.46,EOD,Yes
2025-06-10,2025,BLUEJET,09:15,885.55,15:29,907,2.42,EOD,Yes
2025-06-10,2025,FORCEMOT,09:15,12277,15:29,12275,-0.02,EOD,No
2025-06-10,2025,ERIS,09:15,1648.5,15:29,1683.5,2.12,EOD,Yes
2025-06-10,2025,NATCOPHARM,09:15,864.05,15:29,882.9,2.18,EOD,Yes
2025-06-11,2025,ESCORTS,09:15,3266,15:29,3209.1,-1.74,EOD,No
2025-06-11,2025,JUBLINGREA,09:15,698.45,15:29,683,-2.21,EOD,No
2025-06-11,2025,SCI,09:15,209.73,15:29,205.03,-2.24,EOD,No
2025-06-11,2025,RHIM,09:15,456.6,15:29,461.35,1.04,EOD,Yes
2025-06-11,2025,360ONE,09:15,1073.05,15:29,1090,1.58,EOD,Yes
2025-06-11,2025,FORCEMOT,09:15,12250,15:29,12135,-0.94,EOD,No
2025-06-11,2025,OIL,09:15,444.75,15:29,466.7,4.94,EOD,Yes
2025-06-11,2025,SONACOMS,09:15,519,15:29,519.55,0.11,EOD,Neutral
2025-06-11,2025,PTCIL,09:15,14700,15:29,15362,4.5,EOD,Yes
2025-06-11,2025,MANAPPURAM,09:15,265,15:29,268.31,1.25,EOD,Yes
2025-06-12,2025,ESCORTS,09:15,3224.5,13:50,3172.5,-1.61,TRAIL,No
2025-06-12,2025,JUBLINGREA,09:15,680,13:50,680.5,0.07,TRAIL,Neutral
2025-06-12,2025,SCI,09:15,205.71,13:50,200.93,-2.32,TRAIL,No
2025-06-12,2025,FORCEMOT,09:15,12199,13:50,12851,5.34,TRAIL,Yes
2025-06-12,2025,SONACOMS,09:15,520,13:50,509,-2.12,TRAIL,No
2025-06-12,2025,RHIM,09:15,461.45,13:50,502,8.79,TRAIL,Yes
2025-06-12,2025,CONCORDBIO,09:15,2130.4,13:50,2062.6,-3.18,TRAIL,No
2025-06-12,2025,ERIS,09:15,1715.6,13:50,1789.9,4.33,TRAIL,Yes
2025-06-12,2025,ABREL,09:15,2456,13:50,2454.9,-0.04,TRAIL,No
2025-06-12,2025,JINDALSAW,09:15,250.4,13:50,249.89,-0.2,TRAIL,No
2025-06-12,2025,MANAPPURAM,09:15,268.5,13:50,271.2,1.01,TRAIL,Yes
2025-06-13,2025,ESCORTS,09:15,2776.4,15:29,3121.5,12.43,EOD,Yes
2025-06-13,2025,JUBLINGREA,09:15,692,15:29,784.9,13.42,EOD,Yes
2025-06-13,2025,SCI,09:15,192.9,15:29,222.2,15.19,EOD,Yes
2025-06-13,2025,360ONE,09:15,1060.1,15:29,1137,7.25,EOD,Yes
2025-06-13,2025,BLUEJET,09:15,957.75,15:29,955,-0.29,EOD,No
2025-06-13,2025,WOCKPHARMA,09:15,1708,15:29,1777,4.04,EOD,Yes
2025-06-13,2025,OIL,09:15,480,15:29,478.5,-0.31,EOD,No
2025-06-13,2025,CONCORDBIO,09:15,2010.3,15:29,2110,4.96,EOD,Yes
2025-06-13,2025,SONACOMS,09:15,467.95,15:29,502.9,7.47,EOD,Yes
2025-06-13,2025,MANAPPURAM,09:15,265,15:29,279.8,5.58,EOD,Yes
2025-06-13,2025,JINDALSAW,09:15,237,15:29,240.43,1.45,EOD,Yes
2025-06-13,2025,NH,09:15,1796.2,15:29,1912,6.45,EOD,Yes
2025-06-16,2025,ESCORTS,09:15,3144,09:24,3115.7,-0.9,TRAIL,No
2025-06-16,2025,BLUEJET,09:15,950,09:24,955.4,0.57,TRAIL,Yes
2025-06-16,2025,WOCKPHARMA,09:15,1790.4,09:24,1761.6,-1.61,TRAIL,No
2025-06-16,2025,SONACOMS,09:15,499.35,09:24,500.4,0.21,TRAIL,Neutral
2025-06-16,2025,ERIS,09:15,1795,09:24,1867.5,4.04,TRAIL,Yes
2025-06-17,2025,GALLANTT,09:15,453,15:29,445,-1.77,EOD,No
2025-06-17,2025,GRSE,09:15,3074.9,15:29,3175,3.26,EOD,Yes
2025-06-17,2025,BEML,09:15,2190,15:29,2185,-0.23,EOD,No
2025-06-17,2025,GODREJIND,09:15,1307,15:29,1311.5,0.34,EOD,Neutral
2025-06-17,2025,CEMPRO,09:15,783,15:29,778,-0.64,EOD,No
2025-06-17,2025,CRISIL,09:15,5434,15:29,5680,4.53,EOD,Yes
2025-06-17,2025,BSE,09:15,2719,15:29,2660,-2.17,EOD,No
2025-06-17,2025,KFINTECH,09:15,1226.8,15:29,1208,-1.53,EOD,No
2025-06-17,2025,DCMSHRIRAM,09:15,1146,15:29,1155.9,0.86,EOD,Yes
2025-06-17,2025,POWERINDIA,09:15,17675,15:29,18590,5.18,EOD,Yes
2025-06-17,2025,SUNTV,09:15,620.1,15:29,623.95,0.62,EOD,Yes
2025-06-18,2025,GALLANTT,09:15,445,15:29,459.4,3.24,EOD,Yes
2025-06-18,2025,BEML,09:15,2188.9,15:29,2225.5,1.67,EOD,Yes
2025-06-18,2025,GODREJIND,09:15,1318.9,15:29,1347.1,2.14,EOD,Yes
2025-06-18,2025,CEMPRO,09:15,779.95,15:29,801.6,2.78,EOD,Yes
2025-06-18,2025,KFINTECH,09:15,1207.7,15:29,1220,1.02,EOD,Yes
2025-06-18,2025,FORCEMOT,09:15,14049,15:29,13917,-0.94,EOD,No
2025-06-18,2025,ENDURANCE,09:15,2420,15:29,2419.3,-0.03,EOD,No
2025-06-18,2025,BSE,09:15,2525,15:29,2632.6,4.26,EOD,Yes
2025-06-18,2025,DCMSHRIRAM,09:15,1155.8,15:29,1166,0.88,EOD,Yes
2025-06-18,2025,KAYNES,09:15,5655,15:29,5709,0.95,EOD,Yes
2025-06-18,2025,CAMS,09:15,836.2,15:29,826.2,-1.2,EOD,No
2025-06-19,2025,GALLANTT,09:15,445.55,12:45,466.5,4.7,HARD_STOP,Yes
2025-06-19,2025,GRSE,09:15,3212.8,12:45,3158.5,-1.69,HARD_STOP,No
2025-06-19,2025,BEML,09:15,2231.5,12:45,2151.5,-3.59,HARD_STOP,No
2025-06-19,2025,CRISIL,09:15,5600,12:45,5634,0.61,HARD_STOP,Yes
2025-06-19,2025,KFINTECH,09:15,1228.8,12:45,1195.5,-2.71,HARD_STOP,No
2025-06-19,2025,ENDURANCE,09:15,2420.8,12:45,2416.5,-0.18,HARD_STOP,No
2025-06-19,2025,FORCEMOT,09:15,13970,12:45,13759,-1.51,HARD_STOP,No
2025-06-19,2025,ABCAPITAL,09:15,255,12:45,254.07,-0.36,HARD_STOP,No
2025-06-19,2025,DCMSHRIRAM,09:15,1167,12:45,1168,0.09,HARD_STOP,Neutral
2025-06-19,2025,KAYNES,09:15,5737,12:45,5680,-0.99,HARD_STOP,No
2025-06-19,2025,BSE,09:15,2645,12:45,2601.5,-1.64,HARD_STOP,No
2025-06-19,2025,CAMS,09:15,826.2,12:45,803.4,-2.76,HARD_STOP,No
2025-06-19,2025,POWERINDIA,09:15,18461,12:45,18772,1.68,HARD_STOP,Yes
2025-06-20,2025,GRSE,09:15,3138.9,15:29,3289,4.78,EOD,Yes
2025-06-20,2025,BEML,09:15,2145.8,15:29,2332.2,8.69,EOD,Yes
2025-06-20,2025,GODREJIND,09:15,1326.2,15:29,1360,2.55,EOD,Yes
2025-06-20,2025,KFINTECH,09:15,1195.1,15:29,1278.4,6.97,EOD,Yes
2025-06-20,2025,ENDURANCE,09:15,2424.9,15:29,2565,5.78,EOD,Yes
2025-06-20,2025,CRISIL,09:15,5588,15:29,5483.5,-1.87,EOD,No
2025-06-20,2025,CEMPRO,09:15,816.5,15:29,802.55,-1.71,EOD,No
2025-06-20,2025,DCMSHRIRAM,09:15,1168.2,15:29,1169.8,0.14,EOD,Neutral
2025-06-20,2025,FORCEMOT,09:15,13712,15:29,14211,3.64,EOD,Yes
2025-06-20,2025,KAYNES,09:15,5825.5,15:29,5846,0.35,EOD,Neutral
2025-06-20,2025,ABCAPITAL,09:15,255.5,15:29,261.5,2.35,EOD,Yes
2025-06-20,2025,CAMS,09:15,804,15:29,833.4,3.66,EOD,Yes
2025-06-20,2025,BSE,09:15,2600,15:29,2691,3.5,EOD,Yes
2025-06-20,2025,POWERINDIA,09:15,18489,15:29,18890,2.17,EOD,Yes
2025-06-23,2025,CEMPRO,09:15,794.1,15:29,804.3,1.28,EOD,Yes
2025-06-23,2025,ABCAPITAL,09:15,258.8,15:29,264.1,2.05,EOD,Yes
2025-06-23,2025,GODREJIND,09:15,1340,15:29,1277.8,-4.64,EOD,No
2025-06-23,2025,DCMSHRIRAM,09:15,1158,15:29,1186.4,2.45,EOD,Yes
2025-06-23,2025,CRISIL,09:15,5599,15:29,5774.5,3.13,EOD,Yes
2025-06-23,2025,SUNTV,09:15,604.7,15:29,599.5,-0.86,EOD,No
2025-06-24,2025,HSCL,09:15,445,15:29,440.5,-1.01,EOD,No
2025-06-24,2025,IDEA,09:15,6.71,15:29,6.88,2.53,EOD,Yes
2025-06-24,2025,GABRIEL,09:15,600,15:29,604,0.67,EOD,Yes
2025-06-24,2025,WELSPUNLIV,09:15,128.84,15:29,131.25,1.87,EOD,Yes
2025-06-24,2025,GODFRYPHLP,09:15,2694,15:29,2717,0.85,EOD,Yes
2025-06-24,2025,GRAVITA,09:15,1712,15:29,1731.1,1.12,EOD,Yes
2025-06-24,2025,HOMEFIRST,09:15,1309,15:29,1342,2.52,EOD,Yes
2025-06-24,2025,JMFINANCIL,09:15,140.8,15:29,149.85,6.43,EOD,Yes
2025-06-24,2025,LTFOODS,09:15,415,15:29,437.5,5.42,EOD,Yes
2025-06-24,2025,USHAMART,09:15,313.25,15:29,331,5.67,EOD,Yes
2025-06-24,2025,ADANIPOWER,09:15,109,15:29,109.4,0.37,EOD,Neutral
2025-06-25,2025,SAMMAANCAP,09:15,125.6,15:29,143.69,14.4,EOD,Yes
2025-06-25,2025,HSCL,09:15,448.75,15:29,453.2,0.99,EOD,Yes
2025-06-25,2025,GABRIEL,09:15,607.85,15:29,636,4.63,EOD,Yes
2025-06-25,2025,NUVAMA,09:15,1438,15:29,1500.5,4.35,EOD,Yes
2025-06-25,2025,GODFRYPHLP,09:15,2725,15:29,2769,1.61,EOD,Yes
2025-06-25,2025,NH,09:15,1990,15:29,2089,4.97,EOD,Yes
2025-06-25,2025,ATGL,09:15,635,15:29,633.95,-0.17,EOD,No
2025-06-25,2025,ADANIPOWER,09:15,109.85,15:29,111.7,1.68,EOD,Yes
2025-06-25,2025,NSLNISP,09:15,38.8,15:29,39.45,1.68,EOD,Yes
2025-06-25,2025,JSWDULUX,09:15,3259,15:29,3225.4,-1.03,EOD,No
2025-06-26,2025,ATGL,09:15,640,15:29,646.65,1.04,EOD,Yes
2025-06-26,2025,GODFRYPHLP,09:15,2772,15:29,2877,3.79,EOD,Yes
2025-06-26,2025,LTFOODS,09:15,448.8,15:29,441.55,-1.62,EOD,No
2025-06-26,2025,ADANIPOWER,09:15,111.8,15:29,115.8,3.58,EOD,Yes
2025-06-26,2025,JSWDULUX,09:15,3241.8,15:29,3210.2,-0.97,EOD,No
2025-06-26,2025,HINDCOPPER,09:15,260.7,15:29,271.8,4.26,EOD,Yes
2025-06-27,2025,HSCL,09:15,451.9,15:29,502,11.09,EOD,Yes
2025-06-27,2025,JSWDULUX,09:15,3215,15:29,3414.1,6.19,EOD,Yes
2025-06-27,2025,REDINGTON,09:15,298.55,15:29,323.1,8.22,EOD,Yes
2025-06-27,2025,LTFOODS,09:15,442.7,15:29,485,9.56,EOD,Yes
2025-06-27,2025,IDEA,09:15,7.25,15:29,7.4,2.07,EOD,Yes
2025-06-27,2025,ATGL,09:15,648,15:29,682,5.25,EOD,Yes
2025-06-27,2025,NH,09:15,2079,15:29,2160.1,3.9,EOD,Yes
2025-06-27,2025,HOMEFIRST,09:15,1397,15:29,1457.8,4.35,EOD,Yes
2025-06-27,2025,CEMPRO,09:15,872.7,15:29,886.3,1.56,EOD,Yes
2025-06-30,2025,IDEA,09:15,7.4,15:29,7.46,0.81,EOD,Yes
2025-06-30,2025,SAMMAANCAP,09:15,141.96,15:29,142.03,0.05,EOD,Neutral
2025-06-30,2025,GABRIEL,09:15,669.8,15:29,706.5,5.48,EOD,Yes
2025-06-30,2025,CEMPRO,09:15,908.95,15:29,933,2.65,EOD,Yes
2025-06-30,2025,HINDCOPPER,09:15,277,15:29,279.6,0.94,EOD,Yes
2025-06-30,2025,ADANIPOWER,09:15,117.9,15:29,117,-0.76,EOD,No
2025-06-30,2025,WELSPUNLIV,09:15,144.25,15:29,143.01,-0.86,EOD,No
2025-06-30,2025,MCX,09:15,1775,15:29,1790,0.85,EOD,Yes
2025-07-01,2025,CHENNPETRO,09:15,684.05,15:29,680.5,-0.52,EOD,No
2025-07-01,2025,BLUESTARCO,09:15,1635.6,15:29,1710,4.55,EOD,Yes
2025-07-01,2025,LATENTVIEW,09:15,410,15:29,411,0.24,EOD,Neutral
2025-07-01,2025,KPRMILL,09:15,1143.7,15:29,1107.8,-3.14,EOD,No
2025-07-01,2025,AMBER,09:15,6800,15:29,7079,4.1,EOD,Yes
2025-07-01,2025,BOSCHLTD,09:15,32660,15:29,32350,-0.95,EOD,No
2025-07-01,2025,HBLENGINE,09:15,594,15:29,624,5.05,EOD,Yes
2025-07-01,2025,SYRMA,09:15,570.8,15:29,590,3.36,EOD,Yes
2025-07-01,2025,MOTILALOFS,09:15,874.3,15:29,869,-0.61,EOD,No
2025-07-02,2025,DCMSHRIRAM,09:15,1218.3,10:26,1206.3,-0.98,HARD_STOP,No
2025-07-02,2025,CHENNPETRO,09:15,682.4,10:26,708.1,3.77,HARD_STOP,Yes
2025-07-02,2025,COHANCE,09:15,960,10:26,952.8,-0.75,HARD_STOP,No
2025-07-02,2025,KPRMILL,09:15,1107,10:26,1090,-1.54,HARD_STOP,No
2025-07-02,2025,LATENTVIEW,09:15,410.6,10:26,409.65,-0.23,HARD_STOP,No
2025-07-02,2025,TEGA,09:15,1571.9,10:26,1553.2,-1.19,HARD_STOP,No
2025-07-02,2025,MOTILALOFS,09:15,869.95,10:26,853.3,-1.91,HARD_STOP,No
2025-07-02,2025,BOSCHLTD,09:15,32400,10:26,32280,-0.37,HARD_STOP,No
2025-07-02,2025,NATCOPHARM,09:15,940,10:26,918.75,-2.26,HARD_STOP,No
2025-07-02,2025,AJANTPHARM,09:15,2517.2,10:26,2501.8,-0.61,HARD_STOP,No
2025-07-03,2025,DCMSHRIRAM,09:15,1235,15:29,1471,19.11,EOD,Yes
2025-07-03,2025,COHANCE,09:15,968.75,15:29,1008,4.05,EOD,Yes
2025-07-03,2025,KPRMILL,09:15,1104.9,15:29,1149,3.99,EOD,Yes
2025-07-03,2025,HBLENGINE,09:15,628.9,15:29,634.8,0.94,EOD,Yes
2025-07-03,2025,MOTILALOFS,09:15,858.2,15:29,922,7.43,EOD,Yes
2025-07-03,2025,BOSCHLTD,09:15,32545,15:29,34400,5.7,EOD,Yes
2025-07-03,2025,NATCOPHARM,09:15,928,15:29,971.8,4.72,EOD,Yes
2025-07-04,2025,GABRIEL,09:15,949.5,15:29,955,0.58,EOD,Yes
2025-07-04,2025,CHENNPETRO,09:15,715.95,15:29,761.65,6.38,EOD,Yes
2025-07-04,2025,ASAHIINDIA,09:15,832.1,15:29,843.15,1.33,EOD,Yes
2025-07-04,2025,TEGA,09:15,1601.4,15:29,1698,6.03,EOD,Yes
2025-07-04,2025,HBLENGINE,09:15,637,15:29,627,-1.57,EOD,No
2025-07-04,2025,AMBER,09:15,7345,15:29,7330.5,-0.2,EOD,No
2025-07-04,2025,SYRMA,09:15,606.85,15:29,608,0.19,EOD,Neutral
2025-07-07,2025,GABRIEL,09:15,946.95,09:16,935.35,-1.22,HARD_STOP,No
2025-07-07,2025,BLUESTARCO,09:15,1836,09:16,1825.2,-0.59,HARD_STOP,No
2025-07-07,2025,ASAHIINDIA,09:15,844,09:16,838.45,-0.66,HARD_STOP,No
2025-07-07,2025,LATENTVIEW,09:15,445,09:16,442.95,-0.46,HARD_STOP,No
2025-07-07,2025,HBLENGINE,09:15,630.4,09:16,632.9,0.4,HARD_STOP,Neutral
2025-07-07,2025,MOTILALOFS,09:15,915,09:16,906.95,-0.88,HARD_STOP,No
2025-07-07,2025,SYRMA,09:15,606.6,09:16,602.4,-0.69,HARD_STOP,No
2025-07-07,2025,AMBER,09:15,7347,09:16,7262,-1.16,HARD_STOP,No
2025-07-07,2025,CCL,09:15,885.5,09:16,879,-0.73,HARD_STOP,No
2025-07-07,2025,DEEPAKFERT,09:15,1717.4,09:16,1680.6,-2.14,HARD_STOP,No
2025-07-08,2025,GLENMARK,09:15,1860.1,15:29,1827,-1.78,EOD,No
2025-07-08,2025,LEMONTREE,09:15,138.25,15:29,146.11,5.69,EOD,Yes
2025-07-08,2025,GABRIEL,09:15,923.05,15:29,992,7.47,EOD,Yes
2025-07-08,2025,KIRLOSENG,09:15,847.9,15:29,834.1,-1.63,EOD,No
2025-07-08,2025,CARTRADE,09:15,1698.6,15:29,1808,6.44,EOD,Yes
2025-07-08,2025,SARDAEN,09:15,426.65,15:29,424.35,-0.54,EOD,No
2025-07-08,2025,MEDANTA,09:15,1200,15:29,1218,1.5,EOD,Yes
2025-07-08,2025,NETWEB,09:15,1792.6,15:29,1799.8,0.4,EOD,Neutral
2025-07-08,2025,SYRMA,09:15,619,15:29,615.25,-0.61,EOD,No
2025-07-08,2025,UTIAMC,09:15,1316.1,15:29,1341.1,1.9,EOD,Yes
2025-07-08,2025,GALLANTT,09:15,543.55,15:29,549.9,1.17,EOD,Yes
2025-07-08,2025,AAVAS,09:15,1889.9,15:29,1968,4.13,EOD,Yes
2025-07-08,2025,APTUS,09:15,329,15:29,335.2,1.88,EOD,Yes
2025-07-09,2025,GLENMARK,09:15,1826,15:29,1819,-0.38,EOD,No
2025-07-09,2025,KIRLOSENG,09:15,834.9,15:29,834,-0.11,EOD,No
2025-07-09,2025,JPPOWER,09:15,22.39,15:29,22.18,-0.94,EOD,No
2025-07-09,2025,NETWEB,09:15,1808,15:29,1802,-0.33,EOD,No
2025-07-09,2025,MEDANTA,09:15,1218.1,15:29,1274,4.59,EOD,Yes
2025-07-09,2025,SYRMA,09:15,627,15:29,651.9,3.97,EOD,Yes
2025-07-09,2025,SARDAEN,09:15,425,15:29,433,1.88,EOD,Yes
2025-07-09,2025,GALLANTT,09:15,550.05,15:29,555,0.9,EOD,Yes
2025-07-09,2025,SBFC,09:15,111,15:29,113.21,1.99,EOD,Yes
2025-07-10,2025,GLENMARK,09:15,1821.9,15:29,1920,5.38,EOD,Yes
2025-07-10,2025,LEMONTREE,09:15,146.01,15:29,157.81,8.08,EOD,Yes
2025-07-10,2025,CARTRADE,09:15,1764.9,15:29,1838,4.14,EOD,Yes
2025-07-10,2025,KIRLOSENG,09:15,833.65,15:29,912,9.4,EOD,Yes
2025-07-10,2025,JPPOWER,09:15,22.47,15:29,23.06,2.63,EOD,Yes
2025-07-10,2025,NETWEB,09:15,1809.8,15:29,1819.4,0.53,EOD,Yes
2025-07-10,2025,AAVAS,09:15,1971,15:29,1946,-1.27,EOD,No
2025-07-10,2025,GALLANTT,09:15,560.8,15:29,591.55,5.48,EOD,Yes
2025-07-10,2025,UTIAMC,09:15,1355.8,15:29,1395,2.89,EOD,Yes
2025-07-11,2025,FORCEMOT,09:15,16601,15:29,16402,-1.2,EOD,No
2025-07-11,2025,NETWEB,09:15,1821.6,15:29,1931.9,6.06,EOD,Yes
2025-07-11,2025,SARDAEN,09:15,441,15:29,453.2,2.77,EOD,Yes
2025-07-11,2025,MEDANTA,09:15,1300,15:29,1308,0.62,EOD,Yes
2025-07-11,2025,AAVAS,09:15,1946,15:29,1999,2.72,EOD,Yes
2025-07-11,2025,TATAELXSI,09:15,5666,15:29,6040,6.6,EOD,Yes
2025-07-14,2025,FORCEMOT,09:15,16421,15:29,16666,1.49,EOD,Yes
2025-07-14,2025,GABRIEL,09:15,1082,15:29,1110,2.59,EOD,Yes
2025-07-14,2025,LEMONTREE,09:15,152.3,15:29,152.06,-0.16,EOD,No
2025-07-14,2025,MANKIND,09:15,2519.6,15:29,2700,7.16,EOD,Yes
2025-07-14,2025,MEDANTA,09:15,1304.9,15:29,1327.5,1.73,EOD,Yes
2025-07-14,2025,KIRLOSENG,09:15,913.9,15:29,922.45,0.94,EOD,Yes
2025-07-14,2025,GALLANTT,09:15,585.9,15:29,579.25,-1.14,EOD,No
2025-07-14,2025,TATAELXSI,09:15,6026,15:29,6178.5,2.53,EOD,Yes
2025-07-14,2025,UTIAMC,09:15,1394.7,15:29,1411,1.17,EOD,Yes
2025-07-15,2025,PATANJALI,09:15,562.8,15:29,579.7,3,EOD,Yes
2025-07-15,2025,THERMAX,09:15,3459.8,15:29,3480,0.58,EOD,Yes
2025-07-15,2025,SWANCORP,09:15,451.9,15:29,500,10.64,EOD,Yes
2025-07-15,2025,GMDCLTD,09:15,376.5,15:29,381.15,1.24,EOD,Yes
2025-07-15,2025,NUVOCO,09:15,362.65,15:29,366.95,1.19,EOD,Yes
2025-07-15,2025,SUMICHEM,09:15,547.85,15:29,569.4,3.93,EOD,Yes
2025-07-15,2025,CHOICEIN,09:15,694.2,15:29,704,1.41,EOD,Yes
2025-07-15,2025,AADHARHFC,09:15,459.5,15:29,477.75,3.97,EOD,Yes
2025-07-15,2025,SHYAMMETL,09:15,855.3,15:29,866.2,1.27,EOD,Yes
2025-07-16,2025,GMDCLTD,09:15,381.9,15:29,379,-0.76,EOD,No
2025-07-16,2025,THERMAX,09:15,3495,15:29,3649.8,4.43,EOD,Yes
2025-07-16,2025,NUVOCO,09:15,368.95,15:29,374.5,1.5,EOD,Yes
2025-07-16,2025,RRKABEL,09:15,1381.8,15:29,1392.5,0.77,EOD,Yes
2025-07-16,2025,SHYAMMETL,09:15,868,15:29,898,3.46,EOD,Yes
2025-07-16,2025,ANANDRATHI,09:15,2470,15:29,2506,1.46,EOD,Yes
2025-07-16,2025,SONACOMS,09:15,458,15:29,455.75,-0.49,EOD,No
2025-07-16,2025,IDEA,09:15,7.65,15:29,7.83,2.35,EOD,Yes
2025-07-16,2025,BLUEJET,09:15,969.8,15:29,960.95,-0.91,EOD,No
2025-07-17,2025,GMDCLTD,09:15,379.45,15:29,379.95,0.13,EOD,Neutral
2025-07-17,2025,BLUEJET,09:15,959,15:29,972.45,1.4,EOD,Yes
2025-07-17,2025,RRKABEL,09:15,1397.8,15:29,1468.9,5.09,EOD,Yes
2025-07-17,2025,AWL,09:15,264.4,15:29,279.15,5.58,EOD,Yes
2025-07-17,2025,SONACOMS,09:15,455.3,15:29,484.7,6.46,EOD,Yes
2025-07-17,2025,GODFRYPHLP,09:15,3113,15:29,3073,-1.28,EOD,No
2025-07-17,2025,AIIL,09:15,542.4,15:29,555.8,2.47,EOD,Yes
2025-07-17,2025,ANANDRATHI,09:15,2507.8,15:29,2582,2.96,EOD,Yes
2025-07-18,2025,GMDCLTD,09:15,380,10:18,376.5,-0.92,HARD_STOP,No
2025-07-18,2025,NUVOCO,09:15,410,10:18,392.85,-4.18,HARD_STOP,No
2025-07-18,2025,SWANCORP,09:15,507.8,10:18,505.5,-0.45,HARD_STOP,No
2025-07-18,2025,BLUEJET,09:15,981.4,10:18,967.8,-1.39,HARD_STOP,No
2025-07-18,2025,IDEA,09:15,7.76,10:18,7.7,-0.77,HARD_STOP,No
2025-07-18,2025,TEGA,09:15,1901.2,10:18,1912,0.57,HARD_STOP,Yes
2025-07-18,2025,AADHARHFC,09:15,504.55,10:18,502.2,-0.47,HARD_STOP,No
2025-07-18,2025,SUMICHEM,09:15,595.25,10:18,599,0.63,HARD_STOP,Yes
2025-07-18,2025,GODFRYPHLP,09:15,3074,10:18,3093,0.62,HARD_STOP,Yes
2025-07-18,2025,NATCOPHARM,09:15,1039.6,10:18,1033.85,-0.55,HARD_STOP,No
2025-07-21,2025,THERMAX,09:15,3890.1,09:25,3863.3,-0.69,HARD_STOP,No
2025-07-21,2025,SWANCORP,09:15,506.7,09:25,501.15,-1.1,HARD_STOP,No
2025-07-21,2025,AADHARHFC,09:15,520,09:25,512.55,-1.43,HARD_STOP,No
2025-07-21,2025,PATANJALI,09:15,646,09:25,646.5,0.08,HARD_STOP,Neutral
2025-07-21,2025,ANANDRATHI,09:15,2626,09:25,2601.5,-0.93,HARD_STOP,No
2025-07-21,2025,NUVOCO,09:15,391,09:25,391.9,0.23,HARD_STOP,Neutral
2025-07-21,2025,IDEA,09:15,7.69,09:25,7.67,-0.26,HARD_STOP,No
2025-07-21,2025,SUMICHEM,09:15,609.55,09:25,611.45,0.31,HARD_STOP,Neutral
2025-07-21,2025,GODFRYPHLP,09:15,3130,09:25,3097,-1.05,HARD_STOP,No
2025-07-21,2025,RRKABEL,09:15,1473,09:25,1437.4,-2.42,HARD_STOP,No
2025-07-21,2025,AIIL,09:15,561,09:25,555.1,-1.05,HARD_STOP,No
2025-07-21,2025,HEG,09:15,546,09:25,545.2,-0.15,HARD_STOP,No
2025-07-22,2025,OLECTRA,09:15,1267,15:29,1270.1,0.24,EOD,Neutral
2025-07-22,2025,GRAVITA,09:15,1722,15:29,1737,0.87,EOD,Yes
2025-07-22,2025,INDIACEM,09:15,346,15:29,365.9,5.75,EOD,Yes
2025-07-22,2025,HOMEFIRST,09:15,1377.8,15:29,1397.4,1.42,EOD,Yes
2025-07-22,2025,VIJAYA,09:15,1020.7,15:29,1016.65,-0.4,EOD,No
2025-07-22,2025,JSWDULUX,09:15,3715.9,15:29,3830,3.07,EOD,Yes
2025-07-22,2025,NLCINDIA,09:15,231.25,15:29,241.2,4.3,EOD,Yes
2025-07-23,2025,OLECTRA,09:15,1274.9,15:29,1337,4.87,EOD,Yes
2025-07-23,2025,AIIL,09:15,578,15:29,578.2,0.03,EOD,Neutral
2025-07-23,2025,GRAVITA,09:15,1733.2,15:29,1720,-0.76,EOD,No
2025-07-23,2025,HOMEFIRST,09:15,1399.4,15:29,1409.2,0.7,EOD,Yes
2025-07-23,2025,GALLANTT,09:15,621.6,15:29,628.9,1.17,EOD,Yes
2025-07-23,2025,FORCEMOT,09:15,17600,15:29,17210,-2.22,EOD,No
2025-07-23,2025,VIJAYA,09:15,1020,15:29,1017.85,-0.21,EOD,No
2025-07-23,2025,COROMANDEL,09:15,2367,15:29,2325,-1.77,EOD,No
2025-07-23,2025,SYRMA,09:15,700,15:29,697,-0.43,EOD,No
2025-07-23,2025,GABRIEL,09:15,990,15:29,1002.95,1.31,EOD,Yes
2025-07-23,2025,PHOENIXLTD,09:15,1476.8,15:29,1453,-1.61,EOD,No
2025-07-24,2025,AIIL,09:15,576,15:29,561.1,-2.59,EOD,No
2025-07-24,2025,GRAVITA,09:15,1735.2,15:29,1818,4.77,EOD,Yes
2025-07-24,2025,ETERNAL,09:15,302.25,15:29,312.45,3.37,EOD,Yes
2025-07-24,2025,HOMEFIRST,09:15,1407.6,15:29,1415,0.53,EOD,Yes
2025-07-24,2025,INDIACEM,09:15,365,15:29,359.3,-1.56,EOD,No
2025-07-24,2025,GALLANTT,09:15,635.9,15:29,643,1.12,EOD,Yes
2025-07-24,2025,FORCEMOT,09:15,17475,15:29,19300,10.44,EOD,Yes
2025-07-24,2025,COROMANDEL,09:15,2331.2,15:29,2445.2,4.89,EOD,Yes
2025-07-24,2025,VIJAYA,09:15,1017.9,15:29,1103,8.36,EOD,Yes
2025-07-24,2025,SYRMA,09:15,694.45,15:29,707.2,1.84,EOD,Yes
2025-07-24,2025,PHOENIXLTD,09:15,1455.2,15:29,1448.9,-0.43,EOD,No
2025-07-25,2025,AIIL,09:15,554,09:15,454,-18.05,HARD_STOP,No
2025-07-25,2025,INDIACEM,09:15,358,09:15,354.3,-1.03,HARD_STOP,No
2025-07-25,2025,HOMEFIRST,09:15,1419,09:15,1422.1,0.22,HARD_STOP,Neutral
2025-07-25,2025,SYRMA,09:15,708,09:15,712.8,0.68,HARD_STOP,Yes
2025-07-25,2025,NLCINDIA,09:15,242.7,09:15,242.97,0.11,HARD_STOP,Neutral
2025-07-25,2025,GABRIEL,09:15,991.05,09:15,984.95,-0.62,HARD_STOP,No
2025-07-25,2025,PARADEEP,09:15,193.26,09:15,193.73,0.24,HARD_STOP,Neutral
2025-07-28,2025,AIIL,09:15,545,12:23,536.2,-1.61,TRAIL,No
2025-07-28,2025,ETERNAL,09:15,310,12:23,310.05,0.02,TRAIL,Neutral
2025-07-28,2025,OLECTRA,09:15,1475,12:23,1463.6,-0.77,TRAIL,No
2025-07-28,2025,INDIACEM,09:15,358,12:23,359.3,0.36,TRAIL,Neutral
2025-07-28,2025,GALLANTT,09:15,646,12:23,672.7,4.13,TRAIL,Yes
2025-07-28,2025,VIJAYA,09:15,1072.8,12:23,1057.4,-1.44,TRAIL,No
2025-07-28,2025,FORCEMOT,09:15,17500,12:23,18222,4.13,TRAIL,Yes
2025-07-28,2025,GABRIEL,09:15,997.8,12:23,996.2,-0.16,TRAIL,No
2025-07-28,2025,COROMANDEL,09:15,2440,12:23,2417.9,-0.91,TRAIL,No
2025-07-28,2025,PARADEEP,09:15,190.25,12:23,198.87,4.53,TRAIL,Yes
2025-07-28,2025,IPCALAB,09:15,1514,12:23,1484,-1.98,TRAIL,No
2025-07-29,2025,ACUTAAS,09:15,1142,10:46,1136.6,-0.47,TRAIL,No
2025-07-29,2025,GVT&D,09:15,2406,10:46,2382.7,-0.97,TRAIL,No
2025-07-29,2025,KAYNES,09:15,5487,10:46,5430,-1.04,TRAIL,No
2025-07-29,2025,NETWEB,09:15,1815.1,10:46,1920,5.78,TRAIL,Yes
2025-07-29,2025,SUMICHEM,09:15,576.1,10:46,587.7,2.01,TRAIL,Yes
2025-07-29,2025,DMART,09:15,3976.3,10:46,3937.6,-0.97,TRAIL,No
2025-07-29,2025,SUZLON,09:15,60.69,10:46,61.02,0.54,TRAIL,Yes
2025-07-29,2025,RADICO,09:15,2707.6,10:46,2695.3,-0.45,TRAIL,No
2025-07-29,2025,EMAMILTD,09:15,560,10:46,555.35,-0.83,TRAIL,No
2025-07-29,2025,TARIL,09:15,476,10:46,482.15,1.29,TRAIL,Yes
2025-07-30,2025,ACUTAAS,09:15,1170,15:29,1212,3.59,EOD,Yes
2025-07-30,2025,KAYNES,09:15,5584.5,15:29,5640,0.99,EOD,Yes
2025-07-30,2025,GALLANTT,09:15,700,15:29,754,7.71,EOD,Yes
2025-07-30,2025,EMAMILTD,09:15,560.65,15:29,567.5,1.22,EOD,Yes
2025-07-30,2025,DMART,09:15,3999,15:29,4269,6.75,EOD,Yes
2025-07-30,2025,RADICO,09:15,2700.9,15:29,2707.2,0.23,EOD,Neutral
2025-07-30,2025,CARTRADE,09:15,2074,15:29,2092.5,0.89,EOD,Yes
2025-07-30,2025,SUZLON,09:15,61.98,15:29,61.11,-1.4,EOD,No
2025-07-31,2025,KAYNES,09:15,5590,15:29,6200,10.91,EOD,Yes
2025-07-31,2025,ABDL,09:15,485,15:29,514,5.98,EOD,Yes
2025-07-31,2025,SUZLON,09:15,60.05,15:29,61.47,2.36,EOD,Yes
2025-07-31,2025,RADICO,09:15,2707,15:29,2730,0.85,EOD,Yes
2025-07-31,2025,EMAMILTD,09:15,559.95,15:29,599,6.97,EOD,Yes
2025-07-31,2025,CARTRADE,09:15,2070,15:29,2185,5.56,EOD,Yes
2025-07-31,2025,PARADEEP,09:15,205,15:29,215,4.88,EOD,Yes
2025-07-31,2025,AFFLE,09:15,1950,15:29,1940,-0.51,EOD,No
2025-07-31,2025,APTUS,09:15,328.25,15:29,328.85,0.18,EOD,Neutral
2025-08-01,2025,NETWEB,09:15,2092.9,14:55,2152.8,2.86,TRAIL,Yes
2025-08-01,2025,GALLANTT,09:15,760,14:55,759.7,-0.04,TRAIL,No
2025-08-01,2025,RADICO,09:15,2768,14:55,2831.5,2.29,TRAIL,Yes
2025-08-01,2025,SUZLON,09:15,62.3,14:55,66.32,6.45,TRAIL,Yes
2025-08-01,2025,GODIGIT,09:15,374,14:55,369.1,-1.31,TRAIL,No
2025-08-01,2025,AFFLE,09:15,1949.8,14:55,1966,0.83,TRAIL,Yes
2025-08-01,2025,POWERINDIA,09:15,20190,14:55,20550,1.78,TRAIL,Yes
2025-08-01,2025,SUMICHEM,09:15,651,14:55,635,-2.46,TRAIL,No
2025-08-04,2025,GALLANTT,09:15,754.85,15:29,785,3.99,EOD,Yes
2025-08-04,2025,ACUTAAS,09:15,1306,15:29,1326.6,1.58,EOD,Yes
2025-08-04,2025,AFFLE,09:15,1944.6,15:29,1912,-1.68,EOD,No
2025-08-04,2025,SUMICHEM,09:15,632,15:29,635.5,0.55,EOD,Yes
2025-08-04,2025,ABDL,09:15,513.05,15:29,529.75,3.26,EOD,Yes
2025-08-04,2025,CARTRADE,09:15,2179.9,15:29,2243,2.89,EOD,Yes
2025-08-04,2025,PARADEEP,09:15,218.91,15:29,227.92,4.12,EOD,Yes
2025-08-04,2025,GODIGIT,09:15,365,15:29,359.25,-1.58,EOD,No
2025-08-04,2025,TARIL,09:15,519.65,15:29,558,7.38,EOD,Yes
2025-08-05,2025,KAJARIACER,09:15,1189.8,15:29,1185,-0.4,EOD,No
2025-08-05,2025,CAPLIPOINT,09:15,2008.6,15:29,1960,-2.42,EOD,No
2025-08-05,2025,RADICO,09:15,2815,15:29,2888.8,2.62,EOD,Yes
2025-08-05,2025,MEDANTA,09:15,1321,15:29,1328.1,0.54,EOD,Yes
2025-08-05,2025,FSL,09:15,335.65,15:29,347.4,3.5,EOD,Yes
2025-08-05,2025,CUMMINSIND,09:15,3566,15:29,3600,0.95,EOD,Yes
2025-08-05,2025,PVRINOX,09:15,1015,15:29,1030.3,1.51,EOD,Yes
2025-08-05,2025,KPIL,09:15,1125,15:29,1127.8,0.25,EOD,Neutral
2025-08-05,2025,SAPPHIRE,09:15,319.5,15:29,309.9,-3,EOD,No
2025-08-05,2025,FORCEMOT,09:15,17126,15:29,17801,3.94,EOD,Yes
2025-08-05,2025,BLUEJET,09:15,788.95,15:29,790,0.13,EOD,Neutral
2025-08-05,2025,NCC,09:15,212.39,15:29,210.93,-0.69,EOD,No
2025-08-06,2025,CAPLIPOINT,09:15,1957,09:40,1914.6,-2.17,HARD_STOP,No
2025-08-06,2025,MEDANTA,09:15,1326.8,09:40,1325.7,-0.08,HARD_STOP,No
2025-08-06,2025,KAJARIACER,09:15,1187.9,09:40,1184.8,-0.26,HARD_STOP,No
2025-08-06,2025,PVRINOX,09:15,1044,09:40,1020.3,-2.27,HARD_STOP,No
2025-08-06,2025,CUMMINSIND,09:15,3638,09:40,3618.7,-0.53,HARD_STOP,No
2025-08-06,2025,KPIL,09:15,1132,09:40,1124.9,-0.63,HARD_STOP,No
2025-08-06,2025,SAPPHIRE,09:15,310,09:40,305.3,-1.52,HARD_STOP,No
2025-08-06,2025,ECLERX,09:15,1985,09:40,1960,-1.26,HARD_STOP,No
2025-08-06,2025,CONCOR,09:15,583,09:40,564.35,-3.2,HARD_STOP,No
2025-08-06,2025,IIFL,09:15,438.4,09:40,444.9,1.48,HARD_STOP,Yes
2025-08-06,2025,NCC,09:15,210,09:40,217.71,3.67,HARD_STOP,Yes
2025-08-06,2025,ABCAPITAL,09:15,282,09:40,280.7,-0.46,HARD_STOP,No
2025-08-07,2025,CAPLIPOINT,09:15,1900,15:29,2018,6.21,EOD,Yes
2025-08-07,2025,KAJARIACER,09:15,1180.3,15:29,1265,7.18,EOD,Yes
2025-08-07,2025,RADICO,09:15,2840.6,15:29,2830.2,-0.37,EOD,No
2025-08-07,2025,MEDANTA,09:15,1338,15:29,1329.1,-0.67,EOD,No
2025-08-07,2025,CUMMINSIND,09:15,3634.2,15:29,3707.6,2.02,EOD,Yes
2025-08-07,2025,FSL,09:15,342.25,15:29,363.8,6.3,EOD,Yes
2025-08-07,2025,PVRINOX,09:15,1038,15:29,1066,2.7,EOD,Yes
2025-08-07,2025,KPIL,09:15,1115,15:29,1115,0,EOD,Neutral
2025-08-07,2025,FORCEMOT,09:15,18000,15:29,18051,0.28,EOD,Neutral
2025-08-07,2025,ABCAPITAL,09:15,276.5,15:29,278,0.54,EOD,Yes
2025-08-07,2025,SAPPHIRE,09:15,303,15:29,320.05,5.63,EOD,Yes
2025-08-07,2025,ECLERX,09:15,1970,15:29,2064,4.77,EOD,Yes
2025-08-07,2025,NCC,09:15,214.6,15:29,224.14,4.45,EOD,Yes
2025-08-07,2025,BLS,09:15,401.8,15:29,399.6,-0.55,EOD,No
2025-08-08,2025,RADICO,09:15,2849,15:24,2825.4,-0.83,HARD_STOP,No
2025-08-08,2025,MEDANTA,09:15,1355,15:24,1408,3.91,HARD_STOP,Yes
2025-08-08,2025,CUMMINSIND,09:15,3780,15:24,3802,0.58,HARD_STOP,Yes
2025-08-08,2025,KPIL,09:15,1200.1,15:24,1177.8,-1.86,HARD_STOP,No
2025-08-08,2025,ABCAPITAL,09:15,278.45,15:24,271.45,-2.51,HARD_STOP,No
2025-08-08,2025,FORCEMOT,09:15,18150,15:24,17732,-2.3,HARD_STOP,No
2025-08-08,2025,IIFL,09:15,451.9,15:24,448.55,-0.74,HARD_STOP,No
2025-08-08,2025,BLS,09:15,400,15:24,395.8,-1.05,HARD_STOP,No
2025-08-11,2025,RADICO,09:15,2824.1,15:29,2855.2,1.1,EOD,Yes
2025-08-11,2025,FSL,09:15,358.5,15:29,356.4,-0.59,EOD,No
2025-08-11,2025,PVRINOX,09:15,1063,15:29,1073.5,0.99,EOD,Yes
2025-08-11,2025,ABCAPITAL,09:15,271.9,15:29,271.1,-0.29,EOD,No
2025-08-11,2025,BLS,09:15,396.7,15:29,390.2,-1.64,EOD,No
2025-08-11,2025,FORCEMOT,09:15,17831,15:29,18602,4.32,EOD,Yes
2025-08-11,2025,SAPPHIRE,09:15,314.95,15:29,323.8,2.81,EOD,Yes
2025-08-11,2025,ECLERX,09:15,2056.7,15:29,2038,-0.91,EOD,No
2025-08-11,2025,IIFL,09:15,445,15:29,449,0.9,EOD,Yes
2025-08-11,2025,NCC,09:15,221.95,15:29,223.6,0.74,EOD,Yes
2025-08-12,2025,ALKEM,09:15,4864.5,15:29,5165,6.18,EOD,Yes
2025-08-12,2025,EIHOTEL,09:15,360,15:29,364.8,1.33,EOD,Yes
2025-08-12,2025,CONCORDBIO,09:15,1607.2,15:29,1646.6,2.45,EOD,Yes
2025-08-12,2025,AIIL,09:15,578,15:29,572.9,-0.88,EOD,No
2025-08-12,2025,NSLNISP,09:15,36.05,15:29,35.85,-0.55,EOD,No
2025-08-12,2025,GODREJIND,09:15,1094.5,15:29,1095,0.05,EOD,Neutral
2025-08-12,2025,EMCURE,09:15,1386,15:29,1408.5,1.62,EOD,Yes
2025-08-12,2025,MINDACORP,09:15,462,15:29,471,1.95,EOD,Yes
2025-08-12,2025,MUTHOOTFIN,09:15,2592.4,15:29,2514.9,-2.99,EOD,No
2025-08-12,2025,TECHNOE,09:15,1410,15:29,1366.9,-3.06,EOD,No
2025-08-13,2025,EIHOTEL,09:15,365.2,15:29,410,12.27,EOD,Yes
2025-08-13,2025,APOLLOHOSP,09:15,7403,15:29,7830,5.77,EOD,Yes
2025-08-13,2025,JMFINANCIL,09:15,164.45,15:29,184.56,12.23,EOD,Yes
2025-08-13,2025,AIIL,09:15,580,15:29,597.6,3.03,EOD,Yes
2025-08-13,2025,EMCURE,09:15,1408.5,15:29,1454.9,3.29,EOD,Yes
2025-08-13,2025,NSLNISP,09:15,40.04,15:29,43.02,7.44,EOD,Yes
2025-08-13,2025,GODREJIND,09:15,1099,15:29,1170,6.46,EOD,Yes
2025-08-13,2025,GPIL,09:15,199.25,15:29,203.75,2.26,EOD,Yes
2025-08-13,2025,PFIZER,09:15,5126,15:29,5086,-0.78,EOD,No
2025-08-13,2025,HBLENGINE,09:15,690.85,15:29,749.1,8.43,EOD,Yes
2025-08-13,2025,TECHNOE,09:15,1390,15:29,1435,3.24,EOD,Yes
2025-08-14,2025,CONCORDBIO,09:15,1633.6,11:05,1649.9,1,TRAIL,Yes
2025-08-14,2025,BIOCON,09:15,361,11:05,360.15,-0.24,TRAIL,No
2025-08-14,2025,MUTHOOTFIN,09:15,2730,11:05,2758.3,1.04,TRAIL,Yes
2025-08-18,2025,CONCORDBIO,09:15,1640,15:29,1635,-0.3,EOD,No
2025-08-18,2025,FORCEMOT,09:15,20139,15:29,19856,-1.41,EOD,No
2025-08-18,2025,EMCURE,09:15,1461.5,15:29,1451.1,-0.71,EOD,No
2025-08-18,2025,AIIL,09:15,588,15:29,597.5,1.62,EOD,Yes
2025-08-18,2025,BIOCON,09:15,363,15:29,363.9,0.25,EOD,Neutral
2025-08-18,2025,MINDACORP,09:15,509.9,15:29,510.55,0.13,EOD,Neutral
2025-08-18,2025,GODREJIND,09:15,1196.3,15:29,1263.2,5.59,EOD,Yes
2025-08-18,2025,JMFINANCIL,09:15,188.5,15:29,186.12,-1.26,EOD,No
2025-08-18,2025,BDL,09:15,1602,15:29,1608.3,0.39,EOD,Neutral
2025-08-18,2025,HBLENGINE,09:15,769.9,15:29,773,0.4,EOD,Neutral
2025-08-18,2025,NYKAA,09:15,217,15:29,218.07,0.49,EOD,Yes
2025-08-18,2025,GPIL,09:15,203.59,15:29,203.5,-0.04,EOD,No
2025-08-18,2025,ALKEM,09:15,5347.5,15:29,5360,0.23,EOD,Neutral
2025-08-19,2025,RPOWER,09:15,43.5,15:29,45.44,4.46,EOD,Yes
2025-08-19,2025,DEVYANI,09:15,156.25,15:29,166.99,6.87,EOD,Yes
2025-08-19,2025,SWANCORP,09:15,426,15:29,435,2.11,EOD,Yes
2025-08-19,2025,NAVA,09:15,579.5,15:29,590.05,1.82,EOD,Yes
2025-08-19,2025,GPIL,09:15,203.99,15:29,216,5.89,EOD,Yes
2025-08-19,2025,NETWEB,09:15,2166.7,15:29,2128,-1.79,EOD,No
2025-08-19,2025,IDBI,09:15,88.23,15:29,89.56,1.51,EOD,Yes
2025-08-19,2025,POLYMED,09:15,1899.6,15:29,1898,-0.08,EOD,No
2025-08-20,2025,IDEA,09:15,6.61,15:29,6.8,2.87,EOD,Yes
2025-08-20,2025,LEMONTREE,09:15,148.75,15:29,155.9,4.81,EOD,Yes
2025-08-20,2025,NETWEB,09:15,2130,15:29,2054,-3.57,EOD,No
2025-08-20,2025,POLYMED,09:15,1900.4,15:29,1962.1,3.25,EOD,Yes
2025-08-20,2025,IDBI,09:15,89.55,15:29,90.2,0.73,EOD,Yes
2025-08-21,2025,NAVA,09:15,597.35,15:29,670.85,12.3,EOD,Yes
2025-08-21,2025,DEVYANI,09:15,169.1,15:29,174.4,3.13,EOD,Yes
2025-08-21,2025,GPIL,09:15,218.9,15:29,224.11,2.38,EOD,Yes
2025-08-21,2025,NETWEB,09:15,2065,15:29,2068.7,0.18,EOD,Neutral
2025-08-21,2025,GABRIEL,09:15,1192,15:29,1198,0.5,EOD,Yes
2025-08-21,2025,IDBI,09:15,89.3,15:29,98.16,9.92,EOD,Yes
2025-08-21,2025,TEJASNET,09:15,581,15:29,620,6.71,EOD,Yes
2025-08-21,2025,GODREJIND,09:15,1289.9,15:29,1287.9,-0.16,EOD,No
2025-08-22,2025,IDEA,09:15,6.7,15:29,7.02,4.78,EOD,Yes
2025-08-22,2025,SWANCORP,09:15,461.05,15:29,474.9,3,EOD,Yes
2025-08-22,2025,SUNDARMFIN,09:15,5235,15:29,5264,0.55,EOD,Yes
2025-08-22,2025,NETWEB,09:15,2065,15:29,2306,11.67,EOD,Yes
2025-08-22,2025,MSUMI,09:15,42.65,15:29,41.5,-2.7,EOD,No
2025-08-22,2025,GABRIEL,09:15,1200,15:29,1191.9,-0.67,EOD,No
2025-08-22,2025,GODREJIND,09:15,1287,15:29,1285,-0.16,EOD,No
2025-08-22,2025,HONASA,09:15,300.25,15:29,301.75,0.5,EOD,Yes
2025-08-25,2025,DEVYANI,09:15,170.55,09:22,170.88,0.19,HARD_STOP,Neutral
2025-08-25,2025,RPOWER,09:15,46.61,09:22,46.46,-0.32,HARD_STOP,No
2025-08-25,2025,SUNDARMFIN,09:15,5268.4,09:22,5165,-1.96,HARD_STOP,No
2025-08-25,2025,GABRIEL,09:15,1195,09:22,1175.4,-1.64,HARD_STOP,No
2025-08-25,2025,MSUMI,09:15,41.76,09:22,41.99,0.55,HARD_STOP,Yes
2025-08-25,2025,TEJASNET,09:15,621,09:22,612.4,-1.38,HARD_STOP,No
2025-08-25,2025,LEMONTREE,09:15,170.52,09:22,169.5,-0.6,HARD_STOP,No
2025-08-25,2025,NAVA,09:15,670,09:22,663,-1.04,HARD_STOP,No
2025-08-25,2025,GODREJIND,09:15,1287.6,09:22,1288.2,0.05,HARD_STOP,Neutral
2025-08-25,2025,HONASA,09:15,301.05,09:22,300.25,-0.27,HARD_STOP,No
2025-08-25,2025,PGEL,09:15,570,09:22,568.7,-0.23,HARD_STOP,No
2025-08-26,2025,GRANULES,09:15,459,09:31,457.6,-0.31,HARD_STOP,No
2025-08-26,2025,RBLBANK,09:15,257.6,09:31,256.15,-0.56,HARD_STOP,No
2025-08-26,2025,AIIL,09:15,604.6,09:31,606.2,0.26,HARD_STOP,Neutral
2025-08-26,2025,VTL,09:15,411,09:31,407.3,-0.9,HARD_STOP,No
2025-08-26,2025,SAMMAANCAP,09:15,120.49,09:31,118.8,-1.4,HARD_STOP,No
2025-08-26,2025,HBLENGINE,09:15,776,09:31,769.25,-0.87,HARD_STOP,No
2025-08-26,2025,ASTERDM,09:15,600,09:31,600.35,0.06,HARD_STOP,Neutral
2025-08-26,2025,GABRIEL,09:15,1137,09:31,1121.9,-1.33,HARD_STOP,No
2025-08-26,2025,CARTRADE,09:15,2387,09:31,2345,-1.76,HARD_STOP,No
2025-08-26,2025,INDIACEM,09:15,379.5,09:31,377.3,-0.58,HARD_STOP,No
2025-08-26,2025,JKCEMENT,09:15,6956.5,09:31,6906,-0.73,HARD_STOP,No
2025-08-26,2025,CREDITACC,09:15,1375.2,09:31,1369.2,-0.44,HARD_STOP,No
2025-08-26,2025,VOLTAS,09:15,1353.4,09:31,1349.5,-0.29,HARD_STOP,No
2025-08-28,2025,GRANULES,09:15,474,15:29,470,-0.84,EOD,No
2025-08-28,2025,RBLBANK,09:15,255.3,15:29,253,-0.9,EOD,No
2025-08-28,2025,SAMMAANCAP,09:15,119.15,15:29,118.4,-0.63,EOD,No
2025-08-28,2025,VTL,09:15,395.05,15:29,445,12.64,EOD,Yes
2025-08-28,2025,HBLENGINE,09:15,765.25,15:29,779,1.8,EOD,Yes
2025-08-28,2025,INDIACEM,09:15,378,15:29,383,1.32,EOD,Yes
2025-08-28,2025,CARTRADE,09:15,2379.1,15:29,2278,-4.25,EOD,No
2025-08-28,2025,GABRIEL,09:15,1121.9,15:29,1141,1.7,EOD,Yes
2025-08-28,2025,ASTERDM,09:15,601,15:29,592.95,-1.34,EOD,No
2025-08-28,2025,CLEAN,09:15,1134.5,15:29,1157.1,1.99,EOD,Yes
2025-08-28,2025,CEATLTD,09:15,3055,15:29,3111.6,1.85,EOD,Yes
2025-08-28,2025,CREDITACC,09:15,1350,15:29,1340,-0.74,EOD,No
2025-08-29,2025,GRANULES,09:15,470,15:29,490.35,4.33,EOD,Yes
2025-08-29,2025,RBLBANK,09:15,251.5,15:29,262,4.17,EOD,Yes
2025-08-29,2025,HBLENGINE,09:15,780,15:29,808.8,3.69,EOD,Yes
2025-08-29,2025,SAMMAANCAP,09:15,119.3,15:29,124.2,4.11,EOD,Yes
2025-08-29,2025,CARTRADE,09:15,2284.7,15:29,2385.9,4.43,EOD,Yes
2025-08-29,2025,INDIACEM,09:15,384.5,15:29,381.5,-0.78,EOD,No
2025-08-29,2025,ASTERDM,09:15,595.85,15:29,601,0.86,EOD,Yes
2025-08-29,2025,CLEAN,09:15,1171,15:29,1170.2,-0.07,EOD,No
2025-08-29,2025,BRITANNIA,09:15,5671,15:29,5819,2.61,EOD,Yes
2025-08-29,2025,ERIS,09:15,1784.5,15:29,1800,0.87,EOD,Yes
2025-08-29,2025,GABRIEL,09:15,1141,15:29,1150,0.79,EOD,Yes
2025-08-29,2025,JKCEMENT,09:15,6948.5,15:29,6902,-0.67,EOD,No
2025-09-01,2025,OLAELEC,09:15,55.2,15:29,62.96,14.06,EOD,Yes
2025-09-01,2025,VTL,09:15,420,15:29,417,-0.71,EOD,No
2025-09-01,2025,AIIL,09:15,646.4,15:29,640,-0.99,EOD,No
2025-09-01,2025,ASTERDM,09:15,598.4,15:29,606.95,1.43,EOD,Yes
2025-09-01,2025,INDIACEM,09:15,379,15:29,383,1.06,EOD,Yes
2025-09-01,2025,CLEAN,09:15,1178,15:29,1187.9,0.84,EOD,Yes
2025-09-01,2025,JKCEMENT,09:15,6988,15:29,7050,0.89,EOD,Yes
2025-09-01,2025,GABRIEL,09:15,1157,15:29,1232,6.48,EOD,Yes
2025-09-01,2025,BRITANNIA,09:15,5838.5,15:29,5845,0.11,EOD,Neutral
2025-09-02,2025,NETWEB,09:15,2245.2,15:29,2264,0.84,EOD,Yes
2025-09-02,2025,BLUEJET,09:15,651.75,15:29,684.3,4.99,EOD,Yes
2025-09-02,2025,FIRSTCRY,09:15,359.9,15:29,359.7,-0.06,EOD,No
2025-09-02,2025,NSLNISP,09:15,38.05,15:29,39.3,3.29,EOD,Yes
2025-09-02,2025,IDEA,09:15,6.55,15:29,6.51,-0.61,EOD,No
2025-09-02,2025,SAMMAANCAP,09:15,125.5,15:29,138.5,10.36,EOD,Yes
2025-09-02,2025,SYRMA,09:15,769,15:29,755,-1.82,EOD,No
2025-09-02,2025,DOMS,09:15,2470,15:29,2481,0.45,EOD,Yes
2025-09-02,2025,ITI,09:15,285.55,15:29,303,6.11,EOD,Yes
2025-09-02,2025,BATAINDIA,09:15,1120,15:29,1156.1,3.22,EOD,Yes
2025-09-03,2025,FIRSTCRY,09:15,363,09:15,361.1,-0.52,HARD_STOP,No
2025-09-03,2025,NETWEB,09:15,2355.9,09:15,2317.5,-1.63,HARD_STOP,No
2025-09-03,2025,TBOTEK,09:15,1560,09:15,1516.5,-2.79,HARD_STOP,No
2025-09-03,2025,IDEA,09:15,6.52,09:15,6.49,-0.46,HARD_STOP,No
2025-09-03,2025,SYRMA,09:15,759.45,09:15,758.2,-0.16,HARD_STOP,No
2025-09-03,2025,M&M,09:15,3269,09:15,3286.4,0.53,HARD_STOP,Yes
2025-09-03,2025,ZYDUSWELL,09:15,450.7,09:15,449,-0.38,HARD_STOP,No
2025-09-03,2025,DOMS,09:15,2481,09:15,2477.6,-0.14,HARD_STOP,No
2025-09-03,2025,BSE,09:15,2210,09:15,2203.3,-0.3,HARD_STOP,No
2025-09-03,2025,ABFRL,09:15,83.2,09:15,82.75,-0.54,HARD_STOP,No
2025-09-04,2025,FIRSTCRY,09:15,364.5,14:23,351.4,-3.59,HARD_STOP,No
2025-09-04,2025,IDEA,09:15,6.69,14:23,6.65,-0.6,HARD_STOP,No
2025-09-04,2025,GALLANTT,09:15,627,14:23,613.6,-2.14,HARD_STOP,No
2025-09-04,2025,ABFRL,09:15,82.55,14:23,83.4,1.03,HARD_STOP,Yes
2025-09-04,2025,SAMMAANCAP,09:15,139.3,14:23,137.55,-1.26,HARD_STOP,No
2025-09-04,2025,BSE,09:15,2239,14:23,2216,-1.03,HARD_STOP,No
2025-09-04,2025,DOMS,09:15,2725,14:23,2690.3,-1.27,HARD_STOP,No
2025-09-04,2025,BATAINDIA,09:15,1193.9,14:23,1241.3,3.97,HARD_STOP,Yes
2025-09-05,2025,FIRSTCRY,09:15,354.6,15:29,399.9,12.77,EOD,Yes
2025-09-05,2025,BLUEJET,09:15,707.05,15:29,743.75,5.19,EOD,Yes
2025-09-05,2025,IDEA,09:15,6.64,15:29,7.25,9.19,EOD,Yes
2025-09-05,2025,TBOTEK,09:15,1515,15:29,1548,2.18,EOD,Yes
2025-09-05,2025,NSLNISP,09:15,41.77,15:29,42.52,1.8,EOD,Yes
2025-09-05,2025,GALLANTT,09:15,613,15:29,638.2,4.11,EOD,Yes
2025-09-05,2025,GMDCLTD,09:15,455.2,15:29,508,11.6,EOD,Yes
2025-09-05,2025,BSE,09:15,2229,15:29,2324,4.26,EOD,Yes
2025-09-05,2025,SAMMAANCAP,09:15,140,15:29,137.95,-1.46,EOD,No
2025-09-05,2025,NEULANDLAB,09:15,14601,15:29,14549,-0.36,EOD,No
2025-09-05,2025,CARTRADE,09:15,2550,15:29,2609.8,2.35,EOD,Yes
2025-09-08,2025,TBOTEK,09:15,1549.8,13:48,1617.9,4.39,TRAIL,Yes
2025-09-08,2025,NSLNISP,09:15,42.75,13:48,43.51,1.78,TRAIL,Yes
2025-09-08,2025,SYRMA,09:15,833.9,13:48,861,3.25,TRAIL,Yes
2025-09-08,2025,SAMMAANCAP,09:15,138,13:48,137.89,-0.08,TRAIL,No
2025-09-08,2025,BATAINDIA,09:15,1236.9,13:48,1225.1,-0.95,TRAIL,No
2025-09-08,2025,DOMS,09:15,2650,13:48,2575.1,-2.83,TRAIL,No
2025-09-08,2025,MANAPPURAM,09:15,287.6,13:48,291.3,1.29,TRAIL,Yes
2025-09-08,2025,ZYDUSWELL,09:15,485.8,13:48,483.4,-0.49,TRAIL,No
2025-09-08,2025,NEULANDLAB,09:15,14395,13:48,14369,-0.18,TRAIL,No
2025-09-09,2025,JBMA,09:15,625,15:29,625.25,0.04,EOD,Neutral
2025-09-09,2025,INTELLECT,09:15,905,15:29,959,5.97,EOD,Yes
2025-09-09,2025,APARINDS,09:15,7876.5,15:29,7955.5,1,EOD,Yes
2025-09-09,2025,FLUOROCHEM,09:15,3399.7,15:29,3642,7.13,EOD,Yes
2025-09-09,2025,HINDCOPPER,09:15,245.5,15:29,244,-0.61,EOD,No
2025-09-09,2025,CHOLAHLDNG,09:15,1742.4,15:29,1766.4,1.38,EOD,Yes
2025-09-09,2025,CEMPRO,09:15,738,15:29,785,6.37,EOD,Yes
2025-09-09,2025,BDL,09:15,1437,15:29,1426.9,-0.7,EOD,No
2025-09-09,2025,NEULANDLAB,09:15,14450,15:29,14418,-0.22,EOD,No
2025-09-09,2025,FORCEMOT,09:15,17247,15:29,18325,6.25,EOD,Yes
2025-09-10,2025,JBMA,09:15,625.9,15:29,630.1,0.67,EOD,Yes
2025-09-10,2025,HINDCOPPER,09:15,244.5,15:29,244,-0.2,EOD,No
2025-09-10,2025,NLCINDIA,09:15,240.8,15:29,248.7,3.28,EOD,Yes
2025-09-10,2025,SOBHA,09:15,1438.3,15:29,1494,3.87,EOD,Yes
2025-09-10,2025,NEULANDLAB,09:15,14419,15:29,14784,2.53,EOD,Yes
2025-09-10,2025,GMDCLTD,09:15,521.25,15:29,524.5,0.62,EOD,Yes
2025-09-10,2025,ELECON,09:15,561,15:29,600.9,7.11,EOD,Yes
2025-09-10,2025,BDL,09:15,1426,15:29,1502,5.33,EOD,Yes
2025-09-10,2025,MOTHERSON,09:15,99,15:29,100.77,1.79,EOD,Yes
2025-09-10,2025,BEML,09:15,2030,15:29,2033.5,0.17,EOD,Neutral
2025-09-10,2025,APARINDS,09:15,7981.5,15:29,8465,6.06,EOD,Yes
2025-09-11,2025,JBMA,09:15,631.35,12:30,633.3,0.31,TRAIL,Neutral
2025-09-11,2025,HINDCOPPER,09:15,244.93,12:30,252.9,3.25,TRAIL,Yes
2025-09-11,2025,GMDCLTD,09:15,525,12:30,538.35,2.54,TRAIL,Yes
2025-09-11,2025,FORCEMOT,09:15,18400,12:30,18115,-1.55,TRAIL,No
2025-09-11,2025,BEML,09:15,2036,12:30,2030.8,-0.26,TRAIL,No
2025-09-11,2025,CEMPRO,09:15,798.4,12:30,793.5,-0.61,TRAIL,No
2025-09-11,2025,MOTHERSON,09:15,100.91,12:30,101.08,0.17,TRAIL,Neutral
2025-09-12,2025,JBMA,09:15,644,15:29,709,10.09,EOD,Yes
2025-09-12,2025,HINDCOPPER,09:15,251,15:29,278.7,11.04,EOD,Yes
2025-09-12,2025,INTELLECT,09:15,1013,15:29,1016.3,0.33,EOD,Neutral
2025-09-12,2025,FORCEMOT,09:15,18080,15:29,18330,1.38,EOD,Yes
2025-09-12,2025,GMDCLTD,09:15,518,15:29,565.8,9.23,EOD,Yes
2025-09-12,2025,BEML,09:15,2033.2,15:29,2188.3,7.63,EOD,Yes
2025-09-12,2025,CEMPRO,09:15,786.55,15:29,783.25,-0.42,EOD,No
2025-09-12,2025,BDL,09:15,1481.6,15:29,1565.9,5.69,EOD,Yes
2025-09-12,2025,ELECON,09:15,591,15:29,598.25,1.23,EOD,Yes
2025-09-12,2025,ADANIPOWER,09:15,125.6,15:29,129.7,3.26,EOD,Yes
2025-09-12,2025,GRSE,09:15,2370,15:29,2586.4,9.13,EOD,Yes
2025-09-15,2025,INTELLECT,09:15,1017.1,15:29,1023.65,0.64,EOD,Yes
2025-09-15,2025,CEMPRO,09:15,782.85,15:29,794,1.42,EOD,Yes
2025-09-15,2025,AFFLE,09:15,2083,15:29,2052.3,-1.47,EOD,No
2025-09-15,2025,SOBHA,09:15,1565,15:29,1600,2.24,EOD,Yes
2025-09-15,2025,APARINDS,09:15,8640,15:29,8561,-0.91,EOD,No
2025-09-15,2025,ELECON,09:15,600.5,15:29,602.6,0.35,EOD,Neutral
2025-09-16,2025,POONAWALLA,09:15,439.2,15:29,442.5,0.75,EOD,Yes
2025-09-16,2025,IPCALAB,09:15,1305,15:29,1309.1,0.31,EOD,Neutral
2025-09-16,2025,REDINGTON,09:15,242.2,15:29,289.7,19.61,EOD,Yes
2025-09-16,2025,NETWEB,09:15,2904.5,15:29,2835.6,-2.37,EOD,No
2025-09-16,2025,ELGIEQUIP,09:15,468.85,15:29,467.1,-0.37,EOD,No
2025-09-16,2025,ADANIPOWER,09:15,129.4,15:29,127.65,-1.35,EOD,No
2025-09-16,2025,USHAMART,09:15,386.5,15:29,408,5.56,EOD,Yes
2025-09-16,2025,SUMICHEM,09:15,556,15:29,553.35,-0.48,EOD,No
2025-09-16,2025,CARTRADE,09:15,2316,15:29,2380,2.76,EOD,Yes
2025-09-16,2025,PCBL,09:15,391.55,15:29,389.05,-0.64,EOD,No
2025-09-17,2025,IPCALAB,09:15,1308.1,15:29,1312.8,0.36,EOD,Neutral
2025-09-17,2025,POONAWALLA,09:15,443.55,15:29,448.6,1.14,EOD,Yes
2025-09-17,2025,NETWEB,09:15,2860,15:29,2935.8,2.65,EOD,Yes
2025-09-17,2025,ANANTRAJ,09:15,599,15:29,586.1,-2.15,EOD,No
2025-09-17,2025,ADANIPOWER,09:15,128,15:29,126.15,-1.45,EOD,No
2025-09-17,2025,SUMICHEM,09:15,558,15:29,570,2.15,EOD,Yes
2025-09-17,2025,CREDITACC,09:15,1330,15:29,1355,1.88,EOD,Yes
2025-09-17,2025,ELGIEQUIP,09:15,468.2,15:29,498.9,6.56,EOD,Yes
2025-09-17,2025,ZENTEC,09:15,1479.9,15:29,1544.1,4.34,EOD,Yes
2025-09-17,2025,IFCI,09:15,56.2,15:29,59.06,5.09,EOD,Yes
2025-09-18,2025,IPCALAB,09:15,1309,15:29,1345.5,2.79,EOD,Yes
2025-09-18,2025,POONAWALLA,09:15,453,15:29,502.3,10.88,EOD,Yes
2025-09-18,2025,ANANTRAJ,09:15,588,15:29,586.7,-0.22,EOD,No
2025-09-18,2025,REDINGTON,09:15,290,15:29,287.6,-0.83,EOD,No
2025-09-18,2025,ADANIPOWER,09:15,126.7,15:29,126.7,0,EOD,Neutral
2025-09-18,2025,KPRMILL,09:15,1112.75,15:29,1120,0.65,EOD,Yes
2025-09-18,2025,AEGISLOG,09:15,800.95,15:29,784,-2.12,EOD,No
2025-09-18,2025,USHAMART,09:15,402.8,15:29,417.1,3.55,EOD,Yes
2025-09-18,2025,IDEA,09:15,7.79,15:29,7.89,1.28,EOD,Yes
2025-09-19,2025,ANANTRAJ,09:15,586.1,15:29,638.4,8.92,EOD,Yes
2025-09-19,2025,REDINGTON,09:15,288.14,15:29,296.3,2.83,EOD,Yes
2025-09-19,2025,AEGISLOG,09:15,781.55,15:29,796,1.85,EOD,Yes
2025-09-19,2025,ADANIPOWER,09:15,135.2,15:29,143.2,5.92,EOD,Yes
2025-09-19,2025,PCBL,09:15,388.1,15:29,409.5,5.51,EOD,Yes
2025-09-19,2025,IFCI,09:15,59.02,15:29,59.7,1.15,EOD,Yes
2025-09-19,2025,SUMICHEM,09:15,564.55,15:29,610,8.05,EOD,Yes
2025-09-19,2025,CHOLAHLDNG,09:15,1960,15:29,1996.6,1.87,EOD,Yes
2025-09-19,2025,CARTRADE,09:15,2397,15:29,2537,5.84,EOD,Yes
2025-09-19,2025,KPRMILL,09:15,1120,15:29,1142,1.96,EOD,Yes
2025-09-19,2025,IDEA,09:15,7.91,15:29,8.47,7.08,EOD,Yes
2025-09-22,2025,POONAWALLA,09:15,498,12:17,487.85,-2.04,HARD_STOP,No
2025-09-22,2025,AEGISLOG,09:15,791.55,12:17,786.25,-0.67,HARD_STOP,No
2025-09-22,2025,KPRMILL,09:15,1131.55,12:17,1110.1,-1.9,HARD_STOP,No
2025-09-22,2025,IFCI,09:15,59.49,12:17,59.12,-0.62,HARD_STOP,No
2025-09-22,2025,ZENTEC,09:15,1599,12:17,1607.8,0.55,HARD_STOP,Yes
2025-09-22,2025,ELGIEQUIP,09:15,499.05,12:17,500.35,0.26,HARD_STOP,Neutral
2025-09-22,2025,CREDITACC,09:15,1363,12:17,1367.4,0.32,HARD_STOP,Neutral
2025-09-22,2025,COCHINSHIP,09:15,1950,12:17,1936,-0.72,HARD_STOP,No
2025-09-23,2025,TATAINVEST,09:15,739,15:29,803,8.66,EOD,Yes
2025-09-23,2025,NLCINDIA,09:15,265.5,15:29,276.9,4.29,EOD,Yes
2025-09-23,2025,MINDACORP,09:15,532.8,15:29,538,0.98,EOD,Yes
2025-09-23,2025,DEEPAKFERT,09:15,1451.7,15:29,1522,4.84,EOD,Yes
2025-09-23,2025,AUBANK,09:15,710,15:29,732.75,3.2,EOD,Yes
2025-09-23,2025,USHAMART,09:15,432,15:29,443.5,2.66,EOD,Yes
2025-09-23,2025,JWL,09:15,334.45,15:29,330.9,-1.06,EOD,No
2025-09-23,2025,PARADEEP,09:15,178.5,15:29,174,-2.52,EOD,No
2025-09-23,2025,IPCALAB,09:15,1400.8,15:29,1382.8,-1.28,EOD,No
2025-09-23,2025,GABRIEL,09:15,1288.7,15:29,1290,0.1,EOD,Neutral
2025-09-23,2025,GMDCLTD,09:15,569.5,15:29,625.6,9.85,EOD,Yes
2025-09-23,2025,SAMMAANCAP,09:15,141.03,15:29,135.29,-4.07,EOD,No
2025-09-24,2025,NETWEB,09:15,3490,10:58,3474.9,-0.43,TRAIL,No
2025-09-24,2025,MINDACORP,09:15,550,10:58,574.5,4.45,TRAIL,Yes
2025-09-24,2025,PARADEEP,09:15,173,10:58,175.38,1.38,TRAIL,Yes
2025-09-24,2025,JWL,09:15,331.05,10:58,327.7,-1.01,TRAIL,No
2025-09-24,2025,IPCALAB,09:15,1388.2,10:58,1372.2,-1.15,TRAIL,No
2025-09-24,2025,GABRIEL,09:15,1297.3,10:58,1294,-0.25,TRAIL,No
2025-09-24,2025,ANANTRAJ,09:15,665,10:58,693.55,4.29,TRAIL,Yes
2025-09-24,2025,CRAFTSMAN,09:15,6825,10:58,6732,-1.36,TRAIL,No
2025-09-24,2025,AWL,09:15,261,10:58,256.25,-1.82,TRAIL,No
2025-09-25,2025,NETWEB,09:15,3439,15:29,3636,5.73,EOD,Yes
2025-09-25,2025,HINDCOPPER,09:15,315.75,15:29,328,3.88,EOD,Yes
2025-09-25,2025,NLCINDIA,09:15,281.2,15:29,280.5,-0.25,EOD,No
2025-09-25,2025,IPCALAB,09:15,1357.9,15:29,1350,-0.58,EOD,No
2025-09-25,2025,USHAMART,09:15,445,15:29,450.25,1.18,EOD,Yes
2025-09-25,2025,GMDCLTD,09:15,605.4,15:29,605.5,0.02,EOD,Neutral
2025-09-25,2025,JWL,09:15,327.3,15:29,324.05,-0.99,EOD,No
2025-09-25,2025,GABRIEL,09:15,1280,15:29,1249,-2.42,EOD,No
2025-09-25,2025,AWL,09:15,253.75,15:29,261.2,2.94,EOD,Yes
2025-09-25,2025,ANANTRAJ,09:15,677,15:29,681,0.59,EOD,Yes
2025-09-25,2025,CRAFTSMAN,09:15,6839,15:29,6778,-0.89,EOD,No
2025-09-26,2025,TATAINVEST,09:15,836,09:17,842,0.72,HARD_STOP,Yes
2025-09-26,2025,MINDACORP,09:15,573,09:17,569.45,-0.62,HARD_STOP,No
2025-09-26,2025,NLCINDIA,09:15,279.8,09:17,278.15,-0.59,HARD_STOP,No
2025-09-26,2025,DEEPAKFERT,09:15,1537.2,09:17,1528.5,-0.57,HARD_STOP,No
2025-09-26,2025,IPCALAB,09:15,1353.8,09:17,1320,-2.5,HARD_STOP,No
2025-09-26,2025,USHAMART,09:15,446.05,09:17,449.3,0.73,HARD_STOP,Yes
2025-09-26,2025,GMDCLTD,09:15,605.2,09:17,591.8,-2.21,HARD_STOP,No
2025-09-26,2025,GLAND,09:15,1900.1,09:17,1898,-0.11,HARD_STOP,No
2025-09-26,2025,PARADEEP,09:15,192.61,09:17,188.99,-1.88,HARD_STOP,No
2025-09-26,2025,ANANTRAJ,09:15,679.25,09:17,682.05,0.41,HARD_STOP,Yes
2025-09-26,2025,JWL,09:15,324.1,09:17,324.65,0.17,HARD_STOP,Neutral
2025-09-26,2025,CRAFTSMAN,09:15,6755,09:17,6678,-1.14,HARD_STOP,No
2025-09-29,2025,MINDACORP,09:15,578,09:17,572.35,-0.98,HARD_STOP,No
2025-09-29,2025,HINDCOPPER,09:15,315.45,09:17,313.69,-0.56,HARD_STOP,No
2025-09-29,2025,NLCINDIA,09:15,280.3,09:17,277.6,-0.96,HARD_STOP,No
2025-09-29,2025,DEEPAKFERT,09:15,1525,09:17,1518.7,-0.41,HARD_STOP,No
2025-09-29,2025,IPCALAB,09:15,1365,09:17,1348.3,-1.22,HARD_STOP,No
2025-09-29,2025,USHAMART,09:15,451.15,09:17,454.75,0.8,HARD_STOP,Yes
2025-09-29,2025,GMDCLTD,09:15,592,09:17,591.3,-0.12,HARD_STOP,No
2025-09-29,2025,GLAND,09:15,1950,09:17,1934.9,-0.77,HARD_STOP,No
2025-09-29,2025,PARADEEP,09:15,184.77,09:17,183.8,-0.52,HARD_STOP,No
2025-09-29,2025,AWL,09:15,261.5,09:17,259,-0.96,HARD_STOP,No
2025-09-29,2025,CRAFTSMAN,09:15,6779,09:17,6716,-0.93,HARD_STOP,No
2025-09-29,2025,ANANTRAJ,09:15,696,09:17,690.15,-0.84,HARD_STOP,No
2025-09-29,2025,ASAHIINDIA,09:15,895.6,09:17,889.95,-0.63,HARD_STOP,No
2025-09-30,2025,NETWEB,09:15,3618,13:39,3634,0.44,HARD_STOP,Yes
2025-09-30,2025,AEGISLOG,09:15,744.25,13:39,751.45,0.97,HARD_STOP,Yes
2025-09-30,2025,KPITTECH,09:15,1215.7,13:39,1139.5,-6.27,HARD_STOP,No
2025-09-30,2025,DATAPATTNS,09:15,2560.4,13:39,2511.4,-1.91,HARD_STOP,No
2025-09-30,2025,SUNTV,09:15,522,13:39,520.9,-0.21,HARD_STOP,No
2025-09-30,2025,EIHOTEL,09:15,366,13:39,359.85,-1.68,HARD_STOP,No
2025-09-30,2025,PTCIL,09:15,15340,13:39,15080,-1.69,HARD_STOP,No
2025-09-30,2025,PFIZER,09:15,4912.5,13:39,5018.5,2.16,HARD_STOP,Yes
2025-09-30,2025,TMPV,09:15,462.65,13:39,463.1,0.1,HARD_STOP,Neutral
2025-09-30,2025,ZFCVINDIA,09:15,12545,13:39,12800,2.03,HARD_STOP,Yes
2025-09-30,2025,KALYANKJIL,09:15,455.3,13:39,451.3,-0.88,HARD_STOP,No
2025-10-01,2025,NETWEB,09:15,3651,15:29,4088.8,11.99,EOD,Yes
2025-10-01,2025,SUNTV,09:15,528.6,15:29,588.15,11.27,EOD,Yes
2025-10-01,2025,DATAPATTNS,09:15,2559.9,15:29,2636,2.97,EOD,Yes
2025-10-01,2025,EIHOTEL,09:15,361.25,15:29,364.5,0.9,EOD,Yes
2025-10-01,2025,TMPV,09:15,468.85,15:29,494.2,5.41,EOD,Yes
2025-10-01,2025,MRPL,09:15,130.06,15:29,130.79,0.56,EOD,Yes
2025-10-01,2025,KALYANKJIL,09:15,457.7,15:29,464.65,1.52,EOD,Yes
2025-10-01,2025,GODFRYPHLP,09:15,3389,15:29,3370,-0.56,EOD,No
2025-10-01,2025,NUVAMA,09:15,1261,15:29,1299,3.01,EOD,Yes
2025-10-03,2025,EIHOTEL,09:15,365.65,15:29,392.3,7.29,EOD,Yes
2025-10-03,2025,PTCIL,09:15,16200,15:29,16600,2.47,EOD,Yes
2025-10-03,2025,ZFCVINDIA,09:15,13239,15:29,13536,2.24,EOD,Yes
2025-10-03,2025,MRPL,09:15,131.71,15:29,141.02,7.07,EOD,Yes
2025-10-03,2025,IIFL,09:15,450.2,15:29,458,1.73,EOD,Yes
2025-10-03,2025,GODFRYPHLP,09:15,3385,15:29,3413.9,0.85,EOD,Yes
2025-10-06,2025,SUNTV,09:15,576.75,09:15,574.8,-0.34,HARD_STOP,No
2025-10-06,2025,SAMMAANCAP,09:15,165,09:15,164.28,-0.44,HARD_STOP,No
2025-10-06,2025,GODFRYPHLP,09:15,3422.1,09:15,3437.2,0.44,HARD_STOP,Yes
2025-10-06,2025,TMPV,09:15,494.35,09:15,488.15,-1.25,HARD_STOP,No
2025-10-06,2025,IIFL,09:15,459,09:15,455.05,-0.86,HARD_STOP,No
2025-10-06,2025,NEULANDLAB,09:15,15359,09:15,15150,-1.36,HARD_STOP,No
2025-10-07,2025,RPOWER,09:15,45,15:29,44.78,-0.49,EOD,No
2025-10-07,2025,PGEL,09:15,521.7,15:29,522,0.06,EOD,Neutral
2025-10-07,2025,INOXWIND,09:15,140,15:29,139.45,-0.39,EOD,No
2025-10-07,2025,DIVISLAB,09:15,5860,15:29,6116,4.37,EOD,Yes
2025-10-07,2025,YESBANK,09:15,21.95,15:29,22.25,1.37,EOD,Yes
2025-10-07,2025,SONACOMS,09:15,415.45,15:29,413.95,-0.36,EOD,No
2025-10-07,2025,IDEA,09:15,8.54,15:29,9.24,8.2,EOD,Yes
2025-10-07,2025,FEDERALBNK,09:15,194.1,15:29,199.49,2.78,EOD,Yes
2025-10-07,2025,REDINGTON,09:15,279.05,15:29,274.9,-1.49,EOD,No
2025-10-07,2025,BHARTIHEXA,09:15,1682.5,15:29,1753.1,4.2,EOD,Yes
2025-10-08,2025,TATACOMM,09:15,1672.5,15:29,1690,1.05,EOD,Yes
2025-10-08,2025,RPOWER,09:15,45.54,15:29,44.58,-2.11,EOD,No
2025-10-08,2025,BSE,09:15,2227,15:29,2230.8,0.17,EOD,Neutral
2025-10-08,2025,PGEL,09:15,522.8,15:29,514.8,-1.53,EOD,No
2025-10-08,2025,INOXWIND,09:15,139.8,15:29,140.7,0.64,EOD,Yes
2025-10-08,2025,YESBANK,09:15,22.25,15:29,22.07,-0.81,EOD,No
2025-10-08,2025,SONACOMS,09:15,415.3,15:29,404.4,-2.62,EOD,No
2025-10-08,2025,IIFL,09:15,475.55,15:29,489,2.83,EOD,Yes
2025-10-08,2025,REDINGTON,09:15,275.8,15:29,273.95,-0.67,EOD,No
2025-10-08,2025,ASTERDM,09:15,665.9,15:29,695.7,4.48,EOD,Yes
2025-10-08,2025,MOTILALOFS,09:15,935,15:29,922.5,-1.34,EOD,No
2025-10-09,2025,TATACOMM,09:15,1677,15:29,1697.1,1.2,EOD,Yes
2025-10-09,2025,RPOWER,09:15,44.9,15:29,44.43,-1.05,EOD,No
2025-10-09,2025,BSE,09:15,2244.2,15:29,2332,3.91,EOD,Yes
2025-10-09,2025,PGEL,09:15,514.95,15:29,556.55,8.08,EOD,Yes
2025-10-09,2025,YESBANK,09:15,22.05,15:29,22.45,1.81,EOD,Yes
2025-10-09,2025,INOXWIND,09:15,142,15:29,147.26,3.7,EOD,Yes
2025-10-09,2025,SONACOMS,09:15,407.3,15:29,429.9,5.55,EOD,Yes
2025-10-09,2025,DIVISLAB,09:15,6149,15:29,6123.5,-0.41,EOD,No
2025-10-09,2025,REDINGTON,09:15,274.35,15:29,268.6,-2.1,EOD,No
2025-10-09,2025,NYKAA,09:15,257.42,15:29,263.98,2.55,EOD,Yes
2025-10-09,2025,IDEA,09:15,9.08,15:29,9.05,-0.33,EOD,No
2025-10-09,2025,MOTILALOFS,09:15,923,15:29,979.5,6.12,EOD,Yes
2025-10-09,2025,NEULANDLAB,09:15,15518,15:29,15690,1.11,EOD,Yes
2025-10-10,2025,TATACOMM,09:15,1701.6,15:29,1857.2,9.14,EOD,Yes
2025-10-10,2025,RPOWER,09:15,44.1,15:29,48.21,9.32,EOD,Yes
2025-10-10,2025,YESBANK,09:15,22.45,15:29,24.02,6.99,EOD,Yes
2025-10-10,2025,IIFL,09:15,495.1,15:29,491.1,-0.81,EOD,No
2025-10-10,2025,REDINGTON,09:15,269.7,15:29,287.8,6.71,EOD,Yes
2025-10-10,2025,IDEA,09:15,9.1,15:29,9.04,-0.66,EOD,No
2025-10-10,2025,DIVISLAB,09:15,6132.5,15:29,6489,5.81,EOD,Yes
2025-10-10,2025,NEULANDLAB,09:15,15717,15:29,16310,3.77,EOD,Yes
2025-10-10,2025,ASTERDM,09:15,690.05,15:29,689,-0.15,EOD,No
2025-10-13,2025,IIFL,09:15,488.3,15:29,491.85,0.73,EOD,Yes
2025-10-13,2025,IDEA,09:15,9.02,15:29,8.7,-3.55,EOD,No
2025-10-13,2025,NYKAA,09:15,264,15:29,262.45,-0.59,EOD,No
2025-10-13,2025,SONACOMS,09:15,434,15:29,435,0.23,EOD,Neutral
2025-10-13,2025,ASTERDM,09:15,685.55,15:29,701.75,2.36,EOD,Yes
2025-10-13,2025,MOTILALOFS,09:15,967,15:29,1003,3.72,EOD,Yes
2025-10-14,2025,WHIRLPOOL,09:15,1170,10:08,1173.8,0.32,HARD_STOP,Neutral
2025-10-14,2025,ICICIGI,09:15,1838,10:08,1842.7,0.26,HARD_STOP,Neutral
2025-10-14,2025,OLAELEC,09:15,50.5,10:08,49,-2.97,HARD_STOP,No
2025-10-14,2025,BLS,09:15,300,10:08,295.3,-1.57,HARD_STOP,No
2025-10-14,2025,NESTLEIND,09:15,1190.1,10:08,1186.5,-0.3,HARD_STOP,No
2025-10-14,2025,ASIANPAINT,09:15,2342.4,10:08,2336.5,-0.25,HARD_STOP,No
2025-10-14,2025,BBTC,09:15,1889.8,10:08,1890.1,0.02,HARD_STOP,Neutral
2025-10-14,2025,OBEROIRLTY,09:15,1599,10:08,1579.1,-1.24,HARD_STOP,No
2025-10-14,2025,ANGELONE,09:15,236.4,10:08,239.3,1.23,HARD_STOP,Yes
2025-10-14,2025,SOBHA,09:15,1457.3,10:08,1426.5,-2.11,HARD_STOP,No
2025-10-14,2025,PERSISTENT,09:15,5360,10:08,5364.2,0.08,HARD_STOP,Neutral
2025-10-14,2025,GODREJPROP,09:15,2100.1,10:08,2082,-0.86,HARD_STOP,No
2025-10-15,2025,WHIRLPOOL,09:15,1154,15:29,1185,2.69,EOD,Yes
2025-10-15,2025,OLAELEC,09:15,51.4,15:29,52.75,2.63,EOD,Yes
2025-10-15,2025,BLS,09:15,292,15:29,277.9,-4.83,EOD,No
2025-10-15,2025,ICICIGI,09:15,1895.1,15:29,2025,6.85,EOD,Yes
2025-10-15,2025,NESTLEIND,09:15,1175.5,15:29,1222.3,3.98,EOD,Yes
2025-10-15,2025,ASIANPAINT,09:15,2330,15:29,2377,2.02,EOD,Yes
2025-10-15,2025,ADANIPOWER,09:15,154.85,15:29,157.51,1.72,EOD,Yes
2025-10-15,2025,OBEROIRLTY,09:15,1578.5,15:29,1609.2,1.94,EOD,Yes
2025-10-15,2025,PERSISTENT,09:15,5522,15:29,5723.1,3.64,EOD,Yes
2025-10-15,2025,GODREJPROP,09:15,2067.6,15:29,2135,3.26,EOD,Yes
2025-10-15,2025,SOBHA,09:15,1445.1,15:29,1507.2,4.3,EOD,Yes
2025-10-15,2025,BBTC,09:15,1911.2,15:29,1912.1,0.05,EOD,Neutral
2025-10-16,2025,BLS,09:15,279.85,15:29,319.85,14.29,EOD,Yes
2025-10-16,2025,FORCEMOT,09:15,16550,15:29,16530,-0.12,EOD,No
2025-10-16,2025,ANGELONE,09:15,244,15:29,247.2,1.31,EOD,Yes
2025-10-16,2025,OBEROIRLTY,09:15,1675,15:29,1692,1.01,EOD,Yes
2025-10-16,2025,ADANIPOWER,09:15,158.1,15:29,156.5,-1.01,EOD,No
2025-10-16,2025,SONACOMS,09:15,452.25,15:29,467.9,3.46,EOD,Yes
2025-10-16,2025,BBTC,09:15,1930,15:29,1889,-2.12,EOD,No
2025-10-17,2025,FORCEMOT,09:15,16704,15:29,17635,5.57,EOD,Yes
2025-10-17,2025,ANGELONE,09:15,246.8,15:29,249.5,1.09,EOD,Yes
2025-10-17,2025,ADANIPOWER,09:15,157.26,15:29,166.14,5.65,EOD,Yes
2025-10-17,2025,BBTC,09:15,1896,15:29,1990.8,5,EOD,Yes
2025-10-17,2025,ACUTAAS,09:15,1559.9,15:29,1656,6.16,EOD,Yes
2025-10-17,2025,ASIANPAINT,09:15,2421,15:29,2507.8,3.59,EOD,Yes
2025-10-17,2025,ICICIGI,09:15,1996.5,15:29,2006,0.48,EOD,Yes
2025-10-20,2025,BLS,09:15,324.9,15:29,322,-0.89,EOD,No
2025-10-20,2025,ANGELONE,09:15,250.9,15:29,249.8,-0.44,EOD,No
2025-10-20,2025,SONACOMS,09:15,462.05,15:29,462,-0.01,EOD,No
2025-10-20,2025,NESTLEIND,09:15,1289.5,15:29,1286,-0.27,EOD,No
2025-10-20,2025,GODREJPROP,09:15,2239.9,15:29,2293.5,2.39,EOD,Yes
2025-10-20,2025,ICICIGI,09:15,2012,15:29,2010,-0.1,EOD,No
2025-10-20,2025,PERSISTENT,09:15,5783.4,15:29,5845,1.07,EOD,Yes
2025-10-20,2025,TATACOMM,09:15,1935.5,15:29,1907,-1.47,EOD,No
2025-10-20,2025,OBEROIRLTY,09:15,1708,15:29,1700,-0.47,EOD,No
2025-10-21,2025,BSOFT,09:15,340,14:44,352,3.53,EOD,Yes
2025-10-21,2025,SCI,09:15,231,14:44,231.25,0.11,EOD,Neutral
2025-10-21,2025,WELSPUNLIV,09:15,122.53,14:44,122.5,-0.02,EOD,No
2025-10-21,2025,CREDITACC,09:15,1294.9,14:44,1295.5,0.05,EOD,Neutral
2025-10-21,2025,CHOLAHLDNG,09:15,1851.5,14:44,1850,-0.08,EOD,No
2025-10-21,2025,GRAVITA,09:15,1564,14:44,1595.7,2.03,EOD,Yes
2025-10-21,2025,VTL,09:15,408.25,14:44,409.05,0.2,EOD,Neutral
2025-10-23,2025,CREDITACC,09:15,1296.3,15:29,1329.6,2.57,EOD,Yes
2025-10-23,2025,WELSPUNLIV,09:15,129.23,15:29,127.75,-1.15,EOD,No
2025-10-23,2025,CHOLAHLDNG,09:15,1877,15:29,1894,0.91,EOD,Yes
2025-10-23,2025,SAMMAANCAP,09:15,175.12,15:29,174,-0.64,EOD,No
2025-10-23,2025,VTL,09:15,430.5,15:29,430,-0.12,EOD,No
2025-10-23,2025,IDFCFIRSTB,09:15,76.8,15:29,78.97,2.83,EOD,Yes
2025-10-23,2025,IEX,09:15,140,15:29,144.7,3.36,EOD,Yes
2025-10-23,2025,NAUKRI,09:15,1325,15:29,1384,4.45,EOD,Yes
2025-10-23,2025,KARURVYSYA,09:15,245.5,15:29,246.1,0.24,EOD,Neutral
2025-10-23,2025,CHENNPETRO,09:15,779.3,15:29,745.5,-4.34,EOD,No
2025-10-24,2025,SAMMAANCAP,09:15,174.68,15:29,189.19,8.31,EOD,Yes
2025-10-24,2025,GRAVITA,09:15,1596.8,15:29,1682.8,5.39,EOD,Yes
2025-10-24,2025,KARURVYSYA,09:15,245,15:29,242.4,-1.06,EOD,No
2025-10-24,2025,CHENNPETRO,09:15,746.8,15:29,770.3,3.15,EOD,Yes
2025-10-24,2025,SBICARD,09:15,927.85,15:29,936.45,0.93,EOD,Yes
2025-10-24,2025,CEATLTD,09:15,4262.5,15:29,4129.8,-3.11,EOD,No
2025-10-27,2025,WELSPUNLIV,09:15,128.5,15:29,129,0.39,EOD,Neutral
2025-10-27,2025,BSOFT,09:15,383.5,15:29,387.8,1.12,EOD,Yes
2025-10-27,2025,ABDL,09:15,615,15:29,612.45,-0.41,EOD,No
2025-10-27,2025,VTL,09:15,443.85,15:29,440,-0.87,EOD,No
2025-10-27,2025,IDFCFIRSTB,09:15,78.2,15:29,78.04,-0.2,EOD,No
2025-10-27,2025,CEATLTD,09:15,4141,15:29,4059,-1.98,EOD,No
2025-10-27,2025,SBICARD,09:15,905,15:29,898,-0.77,EOD,No
2025-10-27,2025,KARURVYSYA,09:15,243.8,15:29,249.29,2.25,EOD,Yes
2025-10-27,2025,BANKINDIA,09:15,134.19,15:29,140.7,4.85,EOD,Yes
2025-10-28,2025,BLUEDART,09:15,5566,15:29,5544,-0.4,EOD,No
2025-10-28,2025,NAVINFLUOR,09:15,5055,15:29,5019,-0.71,EOD,No
2025-10-28,2025,FIVESTAR,09:15,529.95,15:29,537.2,1.37,EOD,Yes
2025-10-28,2025,GRAPHITE,09:15,567,15:29,589.9,4.04,EOD,Yes
2025-10-28,2025,BHEL,09:15,235,15:29,237,0.85,EOD,Yes
2025-10-28,2025,OLECTRA,09:15,1428.4,15:29,1501,5.08,EOD,Yes
2025-10-28,2025,NEWGEN,09:15,899.95,15:29,990,10.01,EOD,Yes
2025-10-28,2025,CHENNPETRO,09:15,780,15:29,832,6.67,EOD,Yes
2025-10-28,2025,ADANIGREEN,09:15,1020.5,15:29,1005,-1.52,EOD,No
2025-10-28,2025,HEG,09:15,524.2,15:29,533.8,1.83,EOD,Yes
2025-10-29,2025,BLUEDART,09:15,5900,09:16,5844,-0.95,HARD_STOP,No
2025-10-29,2025,FIVESTAR,09:15,539,09:16,530.65,-1.55,HARD_STOP,No
2025-10-29,2025,NAVINFLUOR,09:15,5027.5,09:16,5009.3,-0.36,HARD_STOP,No
2025-10-29,2025,BHEL,09:15,238.44,09:16,237.5,-0.39,HARD_STOP,No
2025-10-29,2025,ABREL,09:15,1695,09:16,1693.1,-0.11,HARD_STOP,No
2025-10-29,2025,WELCORP,09:15,891,09:16,895.2,0.47,HARD_STOP,Yes
2025-10-29,2025,INTELLECT,09:15,1020.95,09:16,1008.9,-1.18,HARD_STOP,No
2025-10-29,2025,ADANIGREEN,09:15,1028,09:16,1019.2,-0.86,HARD_STOP,No
2025-10-30,2025,NAVINFLUOR,09:15,5014,15:29,5014,0,EOD,Neutral
2025-10-30,2025,INTELLECT,09:15,1035,15:29,1049,1.35,EOD,Yes
2025-10-30,2025,CHENNPETRO,09:15,810,15:29,878,8.4,EOD,Yes
2025-10-30,2025,BAYERCROP,09:15,4940,15:29,4904,-0.73,EOD,No
2025-10-30,2025,CARTRADE,09:15,2964,15:29,3025,2.06,EOD,Yes
2025-10-30,2025,LATENTVIEW,09:15,419.55,15:29,423,0.82,EOD,Yes
2025-10-31,2025,NAVINFLUOR,09:15,5525,15:29,5630,1.9,EOD,Yes
2025-10-31,2025,INTELLECT,09:15,1053.5,15:29,1127.8,7.05,EOD,Yes
2025-10-31,2025,BLUEDART,09:15,6578,15:29,6490,-1.34,EOD,No
2025-10-31,2025,BAYERCROP,09:15,4900.1,15:29,4872.3,-0.57,EOD,No
2025-10-31,2025,HEG,09:15,587,15:29,589.85,0.49,EOD,Yes
2025-10-31,2025,MRPL,09:15,158.35,15:29,162.36,2.53,EOD,Yes
2025-10-31,2025,IDBI,09:15,98.11,15:29,103.75,5.75,EOD,Yes
2025-10-31,2025,KIRLOSENG,09:15,1018,15:29,1000,-1.77,EOD,No
2025-10-31,2025,ABDL,09:15,640,15:29,662,3.44,EOD,Yes
2025-10-31,2025,OLECTRA,09:15,1526.7,15:29,1545,1.2,EOD,Yes
2025-10-31,2025,GRAPHITE,09:15,635,15:29,622.9,-1.91,EOD,No
2025-11-03,2025,FIVESTAR,09:15,640,13:31,655.35,2.4,HARD_STOP,Yes
2025-11-03,2025,BLUEDART,09:15,6495,13:31,6401,-1.45,HARD_STOP,No
2025-11-03,2025,ABREL,09:15,1876.7,13:31,1875.8,-0.05,HARD_STOP,No
2025-11-03,2025,HEG,09:15,591,13:31,583.85,-1.21,HARD_STOP,No
2025-11-03,2025,BAYERCROP,09:15,4884.6,13:31,4875,-0.2,HARD_STOP,No
2025-11-03,2025,GRAPHITE,09:15,626.65,13:31,619.95,-1.07,HARD_STOP,No
2025-11-03,2025,CARTRADE,09:15,3029.9,13:31,3041,0.37,HARD_STOP,Neutral
2025-11-03,2025,IIFL,09:15,540.05,13:31,548.9,1.64,HARD_STOP,Yes
2025-11-03,2025,RRKABEL,09:15,1475.4,13:31,1385.9,-6.07,HARD_STOP,No
2025-11-03,2025,ADANIGREEN,09:15,1140,13:31,1131.8,-0.72,HARD_STOP,No
2025-11-04,2025,REDINGTON,09:15,254.15,14:32,251.1,-1.2,TRAIL,No
2025-11-04,2025,POWERINDIA,09:15,19210,14:32,20364,6.01,TRAIL,Yes
2025-11-04,2025,TBOTEK,09:15,1560,14:32,1603.8,2.81,TRAIL,Yes
2025-11-04,2025,SWANCORP,09:15,471.05,14:32,458,-2.77,TRAIL,No
2025-11-04,2025,IOB,09:15,40.44,14:32,39.81,-1.56,TRAIL,No
2025-11-06,2025,REDINGTON,09:15,265.15,10:15,276.8,4.39,TRAIL,Yes
2025-11-06,2025,CCL,09:15,922,10:15,997.75,8.22,TRAIL,Yes
2025-11-06,2025,SWANCORP,09:15,453,10:15,441.3,-2.58,TRAIL,No
2025-11-06,2025,BSE,09:15,2495,10:15,2443.7,-2.06,TRAIL,No
2025-11-06,2025,IDEA,09:15,9.42,10:15,9.29,-1.38,TRAIL,No
2025-11-06,2025,IOB,09:15,39.74,10:15,38.94,-2.01,TRAIL,No
2025-11-06,2025,ASTRAL,09:15,1482.5,10:15,1550,4.55,TRAIL,Yes
2025-11-06,2025,LTF,09:15,279.7,10:15,277.55,-0.77,TRAIL,No
2025-11-06,2025,GALLANTT,09:15,557.5,10:15,534.9,-4.05,TRAIL,No
2025-11-07,2025,BSE,09:15,2450,15:29,2666,8.82,EOD,Yes
2025-11-07,2025,POWERINDIA,09:15,20020,15:29,20889,4.34,EOD,Yes
2025-11-07,2025,3MINDIA,09:15,35500,15:29,35385,-0.32,EOD,No
2025-11-07,2025,SWANCORP,09:15,432.25,15:29,467,8.04,EOD,Yes
2025-11-07,2025,CUB,09:15,252,15:29,254.46,0.98,EOD,Yes
2025-11-07,2025,TBOTEK,09:15,1584.4,15:29,1598,0.86,EOD,Yes
2025-11-07,2025,IDEA,09:15,9.27,15:29,9.61,3.67,EOD,Yes
2025-11-07,2025,INDUSTOWER,09:15,396.5,15:29,400,0.88,EOD,Yes
2025-11-07,2025,LTF,09:15,272,15:29,304.8,12.06,EOD,Yes
2025-11-07,2025,GALLANTT,09:15,517.1,15:29,548.5,6.07,EOD,Yes
2025-11-07,2025,IOB,09:15,38.75,15:29,39.6,2.19,EOD,Yes
2025-11-07,2025,JINDALSTEL,09:15,1035,15:29,1067.7,3.16,EOD,Yes
2025-11-07,2025,CHENNPETRO,09:15,975.85,15:29,1014,3.91,EOD,Yes
2025-11-10,2025,3MINDIA,09:15,35060,09:32,35920,2.45,TRAIL,Yes
2025-11-10,2025,CUB,09:15,254.2,09:32,254.19,0,TRAIL,Neutral
2025-11-10,2025,REDINGTON,09:15,289,09:32,297.75,3.03,TRAIL,Yes
2025-11-10,2025,TBOTEK,09:15,1611.5,09:32,1607.2,-0.27,TRAIL,No
2025-11-10,2025,INDUSTOWER,09:15,400.45,09:32,400.35,-0.02,TRAIL,No
2025-11-10,2025,NEULANDLAB,09:15,19000,09:32,18612,-2.04,TRAIL,No
2025-11-11,2025,DATAPATTNS,09:15,2644.4,15:29,2770,4.75,EOD,Yes
2025-11-11,2025,BERGEPAINT,09:15,535.6,15:29,545,1.76,EOD,Yes
2025-11-11,2025,GRAPHITE,09:15,538.5,15:29,570,5.85,EOD,Yes
2025-11-11,2025,KIRLOSENG,09:15,950,15:29,947,-0.32,EOD,No
2025-11-11,2025,HONASA,09:15,274.95,15:29,277,0.75,EOD,Yes
2025-11-11,2025,TARIL,09:15,301.25,15:29,282.2,-6.32,EOD,No
2025-11-11,2025,SYRMA,09:15,820,15:29,837.95,2.19,EOD,Yes
2025-11-11,2025,APARINDS,09:15,8354.5,15:29,8570,2.58,EOD,Yes
2025-11-11,2025,BIOCON,09:15,384,15:29,386.35,0.61,EOD,Yes
2025-11-11,2025,IDEA,09:15,9.76,15:29,10.18,4.3,EOD,Yes
2025-11-11,2025,PGEL,09:15,533,15:29,533,0,EOD,Neutral
2025-11-12,2025,IPCALAB,09:15,1328.3,15:29,1336.6,0.62,EOD,Yes
2025-11-12,2025,HONASA,09:15,279.9,15:29,282,0.75,EOD,Yes
2025-11-12,2025,KIRLOSENG,09:15,1010,15:29,1051,4.06,EOD,Yes
2025-11-12,2025,TARIL,09:15,289.8,15:29,297.95,2.81,EOD,Yes
2025-11-12,2025,BIOCON,09:15,387.5,15:29,405.2,4.57,EOD,Yes
2025-11-12,2025,AAVAS,09:15,1645,15:29,1707,3.77,EOD,Yes
2025-11-12,2025,BERGEPAINT,09:15,546.2,15:29,566.5,3.72,EOD,Yes
2025-11-12,2025,PGEL,09:15,534,15:29,527.75,-1.17,EOD,No
2025-11-13,2025,IPCALAB,09:15,1340,15:12,1298.4,-3.1,TRAIL,No
2025-11-13,2025,DATAPATTNS,09:15,2940,15:12,2992,1.77,TRAIL,Yes
2025-11-13,2025,GRAPHITE,09:15,569.7,15:12,571.15,0.25,TRAIL,Neutral
2025-11-13,2025,PGEL,09:15,532,15:12,560.2,5.3,TRAIL,Yes
2025-11-13,2025,IDEA,09:15,10.3,15:12,10.48,1.75,TRAIL,Yes
2025-11-13,2025,ADANIENSOL,09:15,1003.2,15:12,1019.8,1.65,TRAIL,Yes
2025-11-13,2025,LATENTVIEW,09:15,483.95,15:12,481.05,-0.6,TRAIL,No
2025-11-13,2025,RPOWER,09:15,41.88,15:12,41.36,-1.24,TRAIL,No
2025-11-14,2025,IPCALAB,09:15,1309.7,15:29,1442,10.1,EOD,Yes
2025-11-14,2025,TARIL,09:15,289,15:29,318.2,10.1,EOD,Yes
2025-11-14,2025,GRAPHITE,09:15,571.95,15:29,574,0.36,EOD,Neutral
2025-11-14,2025,LATENTVIEW,09:15,482,15:29,489,1.45,EOD,Yes
2025-11-14,2025,IDEA,09:15,10.51,15:29,10.95,4.19,EOD,Yes
2025-11-14,2025,RPOWER,09:15,41.12,15:29,41.4,0.68,EOD,Yes
2025-11-14,2025,JYOTICNC,09:15,945.55,15:29,955.95,1.1,EOD,Yes
2025-11-14,2025,AAVAS,09:15,1736.9,15:29,1718,-1.09,EOD,No
2025-11-14,2025,KEC,09:15,784,15:29,793,1.15,EOD,Yes
2025-11-14,2025,SYRMA,09:15,884,15:29,893.5,1.07,EOD,Yes
2025-11-17,2025,GRAPHITE,09:15,573.7,11:16,573.55,-0.03,HARD_STOP,No
2025-11-17,2025,AAVAS,09:15,1715.9,11:16,1675.7,-2.34,HARD_STOP,No
2025-11-17,2025,KIRLOSENG,09:15,1102.45,11:16,1094,-0.77,HARD_STOP,No
2025-11-17,2025,RHIM,09:15,484,11:16,487.7,0.76,HARD_STOP,Yes
2025-11-17,2025,HONASA,09:15,293,11:16,286.7,-2.15,HARD_STOP,No
2025-11-17,2025,SYRMA,09:15,899.8,11:16,895,-0.53,HARD_STOP,No
2025-11-17,2025,JYOTICNC,09:15,964.15,11:16,986.1,2.28,HARD_STOP,Yes
2025-11-17,2025,RPOWER,09:15,41.74,11:16,41.58,-0.38,HARD_STOP,No
2025-11-17,2025,SCI,09:15,266.95,11:16,261.9,-1.89,HARD_STOP,No
2025-11-17,2025,LATENTVIEW,09:15,490,11:16,484.45,-1.13,HARD_STOP,No
2025-11-18,2025,ANURAS,09:15,1075,09:40,1080.4,0.5,HARD_STOP,Yes
2025-11-18,2025,M&MFIN,09:15,315,09:40,313.45,-0.49,HARD_STOP,No
2025-11-18,2025,NATCOPHARM,09:15,821.95,09:40,816.2,-0.7,HARD_STOP,No
2025-11-18,2025,360ONE,09:15,1079.8,09:40,1066,-1.28,HARD_STOP,No
2025-11-18,2025,LTTS,09:15,4107,09:40,4116.3,0.23,HARD_STOP,Neutral
2025-11-18,2025,DCMSHRIRAM,09:15,1212,09:40,1207,-0.41,HARD_STOP,No
2025-11-18,2025,JPPOWER,09:15,17.84,09:40,17.7,-0.78,HARD_STOP,No
2025-11-18,2025,ERIS,09:15,1572,09:40,1551.4,-1.31,HARD_STOP,No
2025-11-18,2025,SONACOMS,09:15,487.7,09:40,482.55,-1.06,HARD_STOP,No
2025-11-18,2025,EICHERMOT,09:15,6835,09:40,6790.5,-0.65,HARD_STOP,No
2025-11-18,2025,MAXHEALTH,09:15,1141.4,09:40,1133.5,-0.69,HARD_STOP,No
2025-11-19,2025,ANURAS,09:15,1108,15:29,1109.9,0.17,EOD,Neutral
2025-11-19,2025,TBOTEK,09:15,1612,15:29,1610,-0.12,EOD,No
2025-11-19,2025,NH,09:15,1950,15:29,1995,2.31,EOD,Yes
2025-11-19,2025,LTTS,09:15,4085,15:29,4410,7.96,EOD,Yes
2025-11-19,2025,NATCOPHARM,09:15,818,15:29,830.1,1.48,EOD,Yes
2025-11-19,2025,360ONE,09:15,1080,15:29,1119.1,3.62,EOD,Yes
2025-11-19,2025,DCMSHRIRAM,09:15,1201,15:29,1177,-2,EOD,No
2025-11-19,2025,JPPOWER,09:15,17.8,15:29,20.13,13.09,EOD,Yes
2025-11-19,2025,ERIS,09:15,1584.9,15:29,1612,1.71,EOD,Yes
2025-11-19,2025,SONACOMS,09:15,491.05,15:29,507.6,3.37,EOD,Yes
2025-11-19,2025,EICHERMOT,09:15,6800,15:29,6898,1.44,EOD,Yes
2025-11-19,2025,LINDEINDIA,09:15,5707,15:29,6034,5.73,EOD,Yes
2025-11-19,2025,FIVESTAR,09:15,627.5,15:29,606,-3.43,EOD,No
2025-11-19,2025,MAXHEALTH,09:15,1115,15:29,1164.7,4.46,EOD,Yes
2025-11-20,2025,TBOTEK,09:15,1644,15:29,1673.6,1.8,EOD,Yes
2025-11-20,2025,ANURAS,09:15,1113.9,15:29,1188,6.65,EOD,Yes
2025-11-20,2025,NATCOPHARM,09:15,831.7,15:29,869,4.48,EOD,Yes
2025-11-20,2025,DCMSHRIRAM,09:15,1186.5,15:29,1171.3,-1.28,EOD,No
2025-11-20,2025,FIVESTAR,09:15,609.35,15:29,594.65,-2.41,EOD,No
2025-11-20,2025,EICHERMOT,09:15,6906,15:29,7125,3.17,EOD,Yes
2025-11-20,2025,PGEL,09:15,581.1,15:29,591,1.7,EOD,Yes
2025-11-20,2025,JUBLINGREA,09:15,716,15:29,726,1.4,EOD,Yes
2025-11-21,2025,NH,09:15,2007,15:29,2040,1.64,EOD,Yes
2025-11-21,2025,DCMSHRIRAM,09:15,1174.3,15:29,1247,6.19,EOD,Yes
2025-11-21,2025,FIVESTAR,09:15,593.5,15:29,619.85,4.44,EOD,Yes
2025-11-21,2025,LTTS,09:15,4300,15:29,4265,-0.81,EOD,No
2025-11-21,2025,PGEL,09:15,588.2,15:29,591.7,0.6,EOD,Yes
2025-11-21,2025,JUBLINGREA,09:15,725,15:29,720,-0.69,EOD,No
2025-11-21,2025,GMRAIRPORT,09:15,103.25,15:29,103.94,0.67,EOD,Yes
2025-11-21,2025,SONACOMS,09:15,507.65,15:29,502,-1.11,EOD,No
2025-11-24,2025,TBOTEK,09:15,1710,13:27,1729,1.11,HARD_STOP,Yes
2025-11-24,2025,NH,09:15,2043.5,13:27,1986.4,-2.79,HARD_STOP,No
2025-11-24,2025,M&MFIN,09:15,342.55,13:27,354.95,3.62,HARD_STOP,Yes
2025-11-24,2025,NATCOPHARM,09:15,855.5,13:27,852.05,-0.4,HARD_STOP,No
2025-11-24,2025,360ONE,09:15,1147.6,13:27,1147.5,-0.01,HARD_STOP,No
2025-11-24,2025,LTTS,09:15,4294.7,13:27,4250.3,-1.03,HARD_STOP,No
2025-11-24,2025,JPPOWER,09:15,20.01,13:27,19.42,-2.95,HARD_STOP,No
2025-11-24,2025,GMRAIRPORT,09:15,104.68,13:27,103.53,-1.1,HARD_STOP,No
2025-11-24,2025,PGEL,09:15,593.45,13:27,573.5,-3.36,HARD_STOP,No
2025-11-24,2025,JUBLINGREA,09:15,719.75,13:27,709.8,-1.38,HARD_STOP,No
2025-11-24,2025,ERIS,09:15,1660.2,13:27,1647.2,-0.78,HARD_STOP,No
2025-11-24,2025,EICHERMOT,09:15,7151.5,13:27,7274,1.71,HARD_STOP,Yes
2025-11-25,2025,GMDCLTD,09:15,471.1,15:29,485.95,3.15,EOD,Yes
2025-11-25,2025,WELSPUNLIV,09:15,131.87,15:29,130.31,-1.18,EOD,No
2025-11-25,2025,ASHOKLEY,09:15,144.59,15:29,145.5,0.63,EOD,Yes
2025-11-25,2025,ELGIEQUIP,09:15,495.5,15:29,480,-3.13,EOD,No
2025-11-25,2025,CEMPRO,09:15,778.5,15:29,771.4,-0.91,EOD,No
2025-11-25,2025,RPOWER,09:15,37,15:29,37.3,0.81,EOD,Yes
2025-11-25,2025,VBL,09:15,447,15:29,447.95,0.21,EOD,Neutral
2025-11-25,2025,CRAFTSMAN,09:15,6630,15:29,7000,5.58,EOD,Yes
2025-11-25,2025,SAREGAMA,09:15,369.45,15:29,371,0.42,EOD,Yes
2025-11-25,2025,ABCAPITAL,09:15,333.95,15:29,346,3.61,EOD,Yes
2025-11-25,2025,EMCURE,09:15,1350.6,15:29,1422,5.29,EOD,Yes
2025-11-25,2025,NUVAMA,09:15,1410.5,15:29,1396,-1.03,EOD,No
2025-11-26,2025,WELSPUNLIV,09:15,130.27,15:29,133.64,2.59,EOD,Yes
2025-11-26,2025,TIMKEN,09:15,3116,15:29,3139,0.74,EOD,Yes
2025-11-26,2025,ELGIEQUIP,09:15,486,15:29,496.2,2.1,EOD,Yes
2025-11-26,2025,RPOWER,09:15,37.21,15:29,39.58,6.37,EOD,Yes
2025-11-26,2025,ASHOKLEY,09:15,146.85,15:29,149.22,1.61,EOD,Yes
2025-11-26,2025,CEMPRO,09:15,780.45,15:29,790.35,1.27,EOD,Yes
2025-11-26,2025,SAREGAMA,09:15,370,15:29,380,2.7,EOD,Yes
2025-11-26,2025,VBL,09:15,449.05,15:29,465.45,3.65,EOD,Yes
2025-11-26,2025,GRAVITA,09:15,1811,15:29,1845,1.88,EOD,Yes
2025-11-26,2025,NUVAMA,09:15,1398,15:29,1458.5,4.33,EOD,Yes
2025-11-26,2025,ACUTAAS,09:15,1793.5,15:29,1788,-0.31,EOD,No
2025-11-26,2025,LEMONTREE,09:15,150.49,15:29,151.85,0.9,EOD,Yes
2025-11-27,2025,TIMKEN,09:15,3149.8,09:16,3142,-0.25,HARD_STOP,No
2025-11-27,2025,CRAFTSMAN,09:15,7101,09:16,7064.5,-0.51,HARD_STOP,No
2025-11-27,2025,ABCAPITAL,09:15,350,09:16,350.55,0.16,HARD_STOP,Neutral
2025-11-27,2025,ACUTAAS,09:15,1796,09:16,1780.3,-0.87,HARD_STOP,No
2025-11-27,2025,GRAVITA,09:15,1878.5,09:16,1847.8,-1.63,HARD_STOP,No
2025-11-27,2025,EMCURE,09:15,1414,09:16,1397.9,-1.14,HARD_STOP,No
2025-11-28,2025,WELSPUNLIV,09:15,132.5,15:29,147.7,11.47,EOD,Yes
2025-11-28,2025,TIMKEN,09:15,3179,15:29,3151.9,-0.85,EOD,No
2025-11-28,2025,ELGIEQUIP,09:15,498.55,15:29,509.25,2.15,EOD,Yes
2025-11-28,2025,VBL,09:15,468,15:29,480.65,2.7,EOD,Yes
2025-11-28,2025,RPOWER,09:15,40,15:29,39.89,-0.28,EOD,No
2025-11-28,2025,ACUTAAS,09:15,1789.9,15:29,1836.8,2.62,EOD,Yes
2025-11-28,2025,ABCAPITAL,09:15,353,15:29,357.6,1.3,EOD,Yes
2025-11-28,2025,CRAFTSMAN,09:15,7085,15:29,7011,-1.04,EOD,No
2025-11-28,2025,NUVAMA,09:15,1476,15:29,1496,1.36,EOD,Yes
2025-11-28,2025,EMCURE,09:15,1411,15:29,1417.5,0.46,EOD,Yes
2025-11-28,2025,GRAVITA,09:15,1821,15:29,1822,0.05,EOD,Neutral
2025-12-01,2025,GMDCLTD,09:15,542,15:29,552.3,1.9,EOD,Yes
2025-12-01,2025,TIMKEN,09:15,3158.1,15:29,3167.3,0.29,EOD,Neutral
2025-12-01,2025,RPOWER,09:15,39.86,15:29,38.86,-2.51,EOD,No
2025-12-01,2025,ASHOKLEY,09:15,158.26,15:29,160,1.1,EOD,Yes
2025-12-01,2025,SAREGAMA,09:15,397.15,15:29,393.25,-0.98,EOD,No
2025-12-01,2025,ABCAPITAL,09:15,358,15:29,355.85,-0.6,EOD,No
2025-12-01,2025,NUVAMA,09:15,1493,15:29,1491.5,-0.1,EOD,No
2025-12-01,2025,GRAVITA,09:15,1825.1,15:29,1787,-2.09,EOD,No
2025-12-01,2025,HEG,09:15,527.7,15:29,521.95,-1.09,EOD,No
2025-12-01,2025,CRAFTSMAN,09:15,7053,15:29,7040.5,-0.18,EOD,No
2025-12-01,2025,EMCURE,09:15,1419.8,15:29,1433.4,0.96,EOD,Yes
2025-12-02,2025,BSOFT,09:15,387,15:29,403.55,4.28,EOD,Yes
2025-12-02,2025,INDIACEM,09:15,386.65,15:29,383,-0.94,EOD,No
2025-12-02,2025,HSCL,09:15,438.8,15:29,433.5,-1.21,EOD,No
2025-12-02,2025,JSWDULUX,09:15,3319.8,15:29,3404,2.54,EOD,Yes
2025-12-02,2025,PATANJALI,09:15,565.1,15:29,563.35,-0.31,EOD,No
2025-12-02,2025,IDEA,09:15,10.2,15:29,10.17,-0.29,EOD,No
2025-12-02,2025,M&MFIN,09:15,367.55,15:29,366.05,-0.41,EOD,No
2025-12-02,2025,ANURAS,09:15,1231.2,15:29,1213.5,-1.44,EOD,No
2025-12-02,2025,MMTC,09:15,59.5,15:29,59.45,-0.08,EOD,No
2025-12-02,2025,NEULANDLAB,09:15,16587,15:29,16399,-1.13,EOD,No
2025-12-02,2025,CRAFTSMAN,09:15,7071.5,15:29,6959,-1.59,EOD,No
2025-12-03,2025,HSCL,09:15,434.1,10:01,439.85,1.32,HARD_STOP,Yes
2025-12-03,2025,INDIACEM,09:15,383.55,10:01,376,-1.97,HARD_STOP,No
2025-12-03,2025,ZFCVINDIA,09:15,14351,10:01,14314,-0.26,HARD_STOP,No
2025-12-03,2025,HINDCOPPER,09:15,342,10:01,337.45,-1.33,HARD_STOP,No
2025-12-03,2025,PATANJALI,09:15,560.9,10:01,559.8,-0.2,HARD_STOP,No
2025-12-03,2025,M&MFIN,09:15,365.55,10:01,359.15,-1.75,HARD_STOP,No
2025-12-03,2025,MMTC,09:15,59.27,10:01,58.83,-0.74,HARD_STOP,No
2025-12-03,2025,NEULANDLAB,09:15,16399,10:01,16535,0.83,HARD_STOP,Yes
2025-12-03,2025,CRAFTSMAN,09:15,6960,10:01,6915.5,-0.64,HARD_STOP,No
2025-12-03,2025,CHOLAHLDNG,09:15,1877.2,10:01,1837.6,-2.11,HARD_STOP,No
2025-12-04,2025,INDIACEM,09:15,374,09:21,375.05,0.28,HARD_STOP,Neutral
2025-12-04,2025,HINDCOPPER,09:15,342,09:21,346.95,1.45,HARD_STOP,Yes
2025-12-04,2025,PATANJALI,09:15,552,09:21,555.75,0.68,HARD_STOP,Yes
2025-12-04,2025,JSWDULUX,09:15,3560,09:21,3554,-0.17,HARD_STOP,No
2025-12-04,2025,NATCOPHARM,09:15,939.6,09:21,917.2,-2.38,HARD_STOP,No
2025-12-04,2025,M&MFIN,09:15,355.4,09:21,348.95,-1.81,HARD_STOP,No
2025-12-04,2025,MMTC,09:15,59,09:21,57.71,-2.19,HARD_STOP,No
2025-12-04,2025,CHOLAHLDNG,09:15,1881.7,09:21,1868.4,-0.71,HARD_STOP,No
2025-12-05,2025,ZFCVINDIA,09:15,14839,15:29,14720,-0.8,EOD,No
2025-12-05,2025,IDEA,09:15,10.57,15:29,10.77,1.89,EOD,Yes
2025-12-05,2025,PATANJALI,09:15,527.45,15:29,548,3.9,EOD,Yes
2025-12-05,2025,JSWDULUX,09:15,3530.1,15:29,3515,-0.43,EOD,No
2025-12-05,2025,ECLERX,09:15,2440.1,15:29,2404.5,-1.46,EOD,No
2025-12-05,2025,M&MFIN,09:15,345,15:29,366.05,6.1,EOD,Yes
2025-12-05,2025,NATCOPHARM,09:15,945,15:29,934.7,-1.09,EOD,No
2025-12-05,2025,MMTC,09:15,57.51,15:29,56.73,-1.36,EOD,No
2025-12-05,2025,CHOLAHLDNG,09:15,1887.5,15:29,1918.8,1.66,EOD,Yes
2025-12-05,2025,NEULANDLAB,09:15,16995,15:29,16805,-1.12,EOD,No
2025-12-05,2025,ANURAS,09:15,1251.4,15:29,1264.5,1.05,EOD,Yes
2025-12-08,2025,ZFCVINDIA,09:15,14721,11:01,14859,0.94,HARD_STOP,Yes
2025-12-08,2025,BSOFT,09:15,433.7,11:01,436,0.53,HARD_STOP,Yes
2025-12-08,2025,INDIACEM,09:15,410.85,11:01,415.05,1.02,HARD_STOP,Yes
2025-12-08,2025,HINDCOPPER,09:15,372,11:01,370.95,-0.28,HARD_STOP,No
2025-12-08,2025,IDEA,09:15,10.76,11:01,10.65,-1.02,HARD_STOP,No
2025-12-08,2025,JSWDULUX,09:15,3520,11:01,3565.9,1.3,HARD_STOP,Yes
2025-12-08,2025,ECLERX,09:15,2408.5,11:01,2351.5,-2.37,HARD_STOP,No
2025-12-08,2025,NATCOPHARM,09:15,934.7,11:01,905.1,-3.17,HARD_STOP,No
2025-12-08,2025,NEULANDLAB,09:15,16887,11:01,16551,-1.99,HARD_STOP,No
2025-12-08,2025,ANURAS,09:15,1255,11:01,1255.8,0.06,HARD_STOP,Neutral
2025-12-08,2025,CRAFTSMAN,09:15,7150,11:01,7110,-0.56,HARD_STOP,No
2025-12-08,2025,MMTC,09:15,56.54,11:01,55.66,-1.56,HARD_STOP,No
2025-12-08,2025,CHOLAHLDNG,09:15,1918,11:01,1901,-0.89,HARD_STOP,No
2025-12-09,2025,JUBLINGREA,09:15,651.8,09:20,657,0.8,HARD_STOP,Yes
2025-12-09,2025,TARIL,09:15,240.75,09:20,233.8,-2.89,HARD_STOP,No
2025-12-09,2025,HINDZINC,09:15,489,09:20,483.9,-1.04,HARD_STOP,No
2025-12-09,2025,ANANTRAJ,09:15,503.1,09:20,492,-2.21,HARD_STOP,No
2025-12-09,2025,GODFRYPHLP,09:15,2629.9,09:20,2591.3,-1.47,HARD_STOP,No
2025-12-09,2025,GVT&D,09:15,2730,09:20,2710.2,-0.73,HARD_STOP,No
2025-12-09,2025,OLAELEC,09:15,34.11,09:20,33.87,-0.7,HARD_STOP,No
2025-12-09,2025,SARDAEN,09:15,472.05,09:20,465.1,-1.47,HARD_STOP,No
2025-12-09,2025,IDEA,09:15,10.3,09:20,10.22,-0.78,HARD_STOP,No
2025-12-09,2025,NAVA,09:15,514.1,09:20,518.05,0.77,HARD_STOP,Yes
2025-12-09,2025,NAVINFLUOR,09:15,5519.5,09:20,5480,-0.72,HARD_STOP,No
2025-12-09,2025,NIACL,09:15,156.29,09:20,156.1,-0.12,HARD_STOP,No
2025-12-09,2025,KAYNES,09:15,3920,09:20,3937,0.43,HARD_STOP,Yes
2025-12-09,2025,DIXON,09:15,13435,09:20,13421,-0.1,HARD_STOP,No
2025-12-09,2025,ACMESOLAR,09:15,209.1,09:20,206.87,-1.07,HARD_STOP,No
2025-12-10,2025,ANANTRAJ,09:15,507,10:47,510.35,0.66,TRAIL,Yes
2025-12-10,2025,HINDZINC,09:15,503.5,10:47,510.95,1.48,TRAIL,Yes
2025-12-10,2025,NIACL,09:15,159.17,10:47,162,1.78,TRAIL,Yes
2025-12-10,2025,OLAELEC,09:15,35,10:47,34.72,-0.8,TRAIL,No
2025-12-10,2025,DIXON,09:15,13517,10:47,13537,0.15,TRAIL,Neutral
2025-12-10,2025,SARDAEN,09:15,480.9,10:47,488.7,1.62,TRAIL,Yes
2025-12-11,2025,TARIL,09:15,242,09:16,234.25,-3.2,HARD_STOP,No
2025-12-11,2025,JUBLINGREA,09:15,673.15,09:16,672.55,-0.09,HARD_STOP,No
2025-12-11,2025,ANANTRAJ,09:15,510.35,09:16,510.9,0.11,HARD_STOP,Neutral
2025-12-11,2025,OLAELEC,09:15,34.06,09:16,33.85,-0.62,HARD_STOP,No
2025-12-11,2025,IDEA,09:15,10.74,09:16,10.74,0,HARD_STOP,Neutral
2025-12-11,2025,NIACL,09:15,160.79,09:16,158.71,-1.29,HARD_STOP,No
2025-12-11,2025,GODFRYPHLP,09:15,2800,09:16,2766.3,-1.2,HARD_STOP,No
2025-12-11,2025,GVT&D,09:15,2920,09:16,2876.3,-1.5,HARD_STOP,No
2025-12-11,2025,KAYNES,09:15,3914,09:16,3847,-1.71,HARD_STOP,No
2025-12-11,2025,SARDAEN,09:15,488,09:16,486.65,-0.28,HARD_STOP,No
2025-12-11,2025,GMDCLTD,09:15,483,09:16,480.95,-0.42,HARD_STOP,No
2025-12-11,2025,ACMESOLAR,09:15,217.3,09:16,218.43,0.52,HARD_STOP,Yes
2025-12-11,2025,IRCON,09:15,151.35,09:16,149.63,-1.14,HARD_STOP,No
2025-12-11,2025,CCL,09:15,970,09:16,965.2,-0.49,HARD_STOP,No
2025-12-12,2025,TARIL,09:15,241.7,15:29,278,15.02,EOD,Yes
2025-12-12,2025,ANANTRAJ,09:15,507.4,15:29,548.35,8.07,EOD,Yes
2025-12-12,2025,NIACL,09:15,163.8,15:29,171,4.4,EOD,Yes
2025-12-12,2025,GODFRYPHLP,09:15,2810,15:29,2855,1.6,EOD,Yes
2025-12-12,2025,GMDCLTD,09:15,504,15:29,519.6,3.1,EOD,Yes
2025-12-12,2025,SARDAEN,09:15,489,15:29,511.5,4.6,EOD,Yes
2025-12-12,2025,HINDZINC,09:15,533,15:29,561,5.25,EOD,Yes
2025-12-12,2025,CCL,09:15,976,15:29,1025,5.02,EOD,Yes
2025-12-15,2025,OLAELEC,09:15,36.46,09:38,36.37,-0.25,HARD_STOP,No
2025-12-15,2025,GODFRYPHLP,09:15,2851.6,09:38,2830.1,-0.75,HARD_STOP,No
2025-12-15,2025,PREMIERENE,09:15,910,09:38,903.1,-0.76,HARD_STOP,No
2025-12-15,2025,IRCON,09:15,156.2,09:38,154.57,-1.04,HARD_STOP,No
2025-12-16,2025,RPOWER,09:15,34.25,11:35,34.82,1.66,HARD_STOP,Yes
2025-12-16,2025,KIRLOSENG,09:15,1136.1,11:35,1163.7,2.43,HARD_STOP,Yes
2025-12-16,2025,TATAELXSI,09:15,5044,11:35,5002,-0.83,HARD_STOP,No
2025-12-16,2025,HBLENGINE,09:15,814.95,11:35,800.85,-1.73,HARD_STOP,No
2025-12-16,2025,POLICYBZR,09:15,1924.9,11:35,1818.1,-5.55,HARD_STOP,No
2025-12-16,2025,INDIACEM,09:15,416.5,11:35,407.9,-2.06,HARD_STOP,No
2025-12-16,2025,ITI,09:15,304.2,11:35,302.1,-0.69,HARD_STOP,No
2025-12-16,2025,GABRIEL,09:15,965.7,11:35,973.4,0.8,HARD_STOP,Yes
2025-12-16,2025,COROMANDEL,09:15,2322.9,11:35,2314.6,-0.36,HARD_STOP,No
2025-12-16,2025,HEROMOTOCO,09:15,5960.5,11:35,5949.5,-0.18,HARD_STOP,No
2025-12-16,2025,M&MFIN,09:15,348,11:35,345.55,-0.7,HARD_STOP,No
2025-12-16,2025,PTCIL,09:15,17527,11:35,17422,-0.6,HARD_STOP,No
2025-12-17,2025,RPOWER,09:15,34.83,13:41,35.68,2.44,HARD_STOP,Yes
2025-12-17,2025,HBLENGINE,09:15,799,13:41,767.05,-4,HARD_STOP,No
2025-12-17,2025,POLICYBZR,09:15,1812.7,13:41,1779.5,-1.83,HARD_STOP,No
2025-12-17,2025,INDIACEM,09:15,407.9,13:41,420.5,3.09,HARD_STOP,Yes
2025-12-17,2025,TATAELXSI,09:15,5000,13:41,4976.5,-0.47,HARD_STOP,No
2025-12-17,2025,MSUMI,09:15,45.51,13:41,45.67,0.35,HARD_STOP,Neutral
2025-12-17,2025,ITI,09:15,301.95,13:41,298.85,-1.03,HARD_STOP,No
2025-12-17,2025,HEROMOTOCO,09:15,5970,13:41,5821,-2.5,HARD_STOP,No
2025-12-17,2025,PTCIL,09:15,17520,13:41,17338,-1.04,HARD_STOP,No
2025-12-17,2025,GABRIEL,09:15,976,13:41,954.6,-2.19,HARD_STOP,No
2025-12-17,2025,M&MFIN,09:15,343.3,13:41,350.05,1.97,HARD_STOP,Yes
2025-12-17,2025,COROMANDEL,09:15,2305,13:41,2258.7,-2.01,HARD_STOP,No
2025-12-18,2025,HBLENGINE,09:15,767.55,09:32,772.6,0.66,HARD_STOP,Yes
2025-12-18,2025,AIIL,09:15,551.8,09:32,549,-0.51,HARD_STOP,No
2025-12-18,2025,ZFCVINDIA,09:15,14755,09:32,14601,-1.04,HARD_STOP,No
2025-12-18,2025,POLICYBZR,09:15,1775,09:32,1779.1,0.23,HARD_STOP,Neutral
2025-12-18,2025,TATAELXSI,09:15,4980,09:32,4982,0.04,HARD_STOP,Neutral
2025-12-18,2025,GABRIEL,09:15,950,09:32,947.1,-0.31,HARD_STOP,No
2025-12-18,2025,MSUMI,09:15,45.23,09:32,44.91,-0.71,HARD_STOP,No
2025-12-18,2025,PTCIL,09:15,17437,09:32,17066,-2.13,HARD_STOP,No
2025-12-18,2025,ITI,09:15,299.4,09:32,296.85,-0.85,HARD_STOP,No
2025-12-18,2025,COROMANDEL,09:15,2255.8,09:32,2231.3,-1.09,HARD_STOP,No
2025-12-18,2025,HONASA,09:15,256,09:32,252.8,-1.25,HARD_STOP,No
2025-12-19,2025,AIIL,09:15,540,15:29,576,6.67,EOD,Yes
2025-12-19,2025,PTCIL,09:15,16911,15:29,17490,3.42,EOD,Yes
2025-12-19,2025,TATAELXSI,09:15,5116,15:29,5410,5.75,EOD,Yes
2025-12-19,2025,COROMANDEL,09:15,2249.2,15:29,2423,7.73,EOD,Yes
2025-12-19,2025,MSUMI,09:15,44.81,15:29,47.6,6.23,EOD,Yes
2025-12-19,2025,INDIACEM,09:15,427,15:29,436.6,2.25,EOD,Yes
2025-12-19,2025,HEROMOTOCO,09:15,5725,15:29,5783,1.01,EOD,Yes
2025-12-19,2025,ITI,09:15,312.95,15:29,309.85,-0.99,EOD,No
2025-12-19,2025,KIRLOSENG,09:15,1280,15:29,1246.9,-2.59,EOD,No
2025-12-19,2025,DEEPAKNTR,09:15,1582.5,15:29,1662.7,5.07,EOD,Yes
2025-12-22,2025,HEROMOTOCO,09:15,5793.5,15:29,5700,-1.61,EOD,No
2025-12-22,2025,KIRLOSENG,09:15,1258.3,15:29,1315,4.51,EOD,Yes
2025-12-22,2025,GABRIEL,09:15,1065.8,15:29,1052.2,-1.28,EOD,No
2025-12-22,2025,INDIACEM,09:15,438.7,15:29,439.85,0.26,EOD,Neutral
2025-12-23,2025,GMDCLTD,09:15,518,15:29,530,2.32,EOD,Yes
2025-12-23,2025,CHOLAFIN,09:15,1605,15:29,1678.4,4.57,EOD,Yes
2025-12-23,2025,OLAELEC,09:15,34.64,15:29,34.67,0.09,EOD,Neutral
2025-12-24,2025,MMTC,09:15,57.2,15:29,57.6,0.7,EOD,Yes
2025-12-24,2025,HINDCOPPER,09:15,418,15:29,434.95,4.06,EOD,Yes
2025-12-24,2025,OLAELEC,09:15,34.98,15:29,35.35,1.06,EOD,Yes
2025-12-24,2025,BDL,09:15,1434,15:29,1479.9,3.2,EOD,Yes
2025-12-24,2025,JBMA,09:15,582.4,15:29,635.2,9.07,EOD,Yes
2025-12-26,2025,MMTC,09:15,57.75,15:29,65.2,12.9,EOD,Yes
2025-12-26,2025,IRCON,09:15,170.01,15:29,178.25,4.85,EOD,Yes
2025-12-26,2025,RVNL,09:15,346.7,15:29,387.25,11.7,EOD,Yes
2025-12-26,2025,RAILTEL,09:15,356.55,15:29,378.05,6.03,EOD,Yes
2025-12-26,2025,IRFC,09:15,122.14,15:29,133.64,9.42,EOD,Yes
2025-12-26,2025,JWL,09:15,340,15:29,345.15,1.51,EOD,Yes
2025-12-26,2025,IFCI,09:15,52.89,15:29,53.2,0.59,EOD,Yes
2025-12-26,2025,CASTROLIND,09:15,188.46,15:29,188.85,0.21,EOD,Neutral
2025-12-26,2025,BEML,09:15,1878,15:29,1885,0.37,EOD,Neutral
2025-12-26,2025,OLAELEC,09:15,36.45,15:29,36.12,-0.91,EOD,No
2025-12-29,2025,IFCI,09:15,53.42,09:22,53.08,-0.64,HARD_STOP,No
2025-12-29,2025,BDL,09:15,1498,09:22,1490.5,-0.5,HARD_STOP,No
2025-12-29,2025,DEVYANI,09:15,144.1,09:22,142.53,-1.09,HARD_STOP,No
2025-12-29,2025,SAPPHIRE,09:15,251.5,09:22,248.69,-1.12,HARD_STOP,No
2025-12-29,2025,BEML,09:15,1889.9,09:22,1884.7,-0.28,HARD_STOP,No
2025-12-30,2025,OLAELEC,09:15,35.6,15:29,36.64,2.92,EOD,Yes
2025-12-30,2025,TARIL,09:15,286.4,15:29,283.5,-1.01,EOD,No
2025-12-30,2025,BOSCHLTD,09:15,35630,15:29,35745,0.32,EOD,Neutral
2025-12-30,2025,SJVN,09:15,73.12,15:29,73.7,0.79,EOD,Yes
2025-12-30,2025,GUJGASLTD,09:15,389.7,15:29,391,0.33,EOD,Neutral
2025-12-30,2025,ZYDUSWELL,09:15,424.35,15:29,422.25,-0.49,EOD,No
2025-12-30,2025,CRAFTSMAN,09:15,6979.5,15:29,7174,2.79,EOD,Yes
2025-12-30,2025,TVSMOTOR,09:15,3575,15:29,3639,1.79,EOD,Yes
2025-12-30,2025,ANANTRAJ,09:15,537,15:29,548.05,2.06,EOD,Yes
2025-12-30,2025,IDBI,09:15,101.4,15:29,101.29,-0.11,EOD,No
2025-12-30,2025,JSL,09:15,795.1,15:29,827.75,4.11,EOD,Yes
2025-12-30,2025,IOB,09:15,33.97,15:29,36.16,6.45,EOD,Yes
2025-12-31,2025,TARIL,09:15,282.5,15:29,285.9,1.2,EOD,Yes
2025-12-31,2025,BOSCHLTD,09:15,35700,15:29,36095,1.11,EOD,Yes
2025-12-31,2025,SJVN,09:15,73.29,15:29,74.75,1.99,EOD,Yes
2025-12-31,2025,CRAFTSMAN,09:15,7200,15:29,7599,5.54,EOD,Yes
2025-12-31,2025,GUJGASLTD,09:15,394.5,15:29,412,4.44,EOD,Yes
2025-12-31,2025,ZYDUSWELL,09:15,432,15:29,454,5.09,EOD,Yes
2025-12-31,2025,IDBI,09:15,101.41,15:29,103.11,1.68,EOD,Yes
2025-12-31,2025,ANANTRAJ,09:15,546,15:29,547.5,0.27,EOD,Neutral
2025-12-31,2025,HFCL,09:15,64.3,15:29,67.57,5.09,EOD,Yes
2025-12-31,2025,TVSMOTOR,09:15,3649,15:29,3718.3,1.9,EOD,Yes
2025-12-31,2025,AJANTPHARM,09:15,2726.9,15:29,2774,1.73,EOD,Yes
2026-01-01,2026,TARIL,09:15,288,15:29,306.05,6.27,EOD,Yes
2026-01-01,2026,OLAELEC,09:15,36.3,15:29,37.65,3.72,EOD,Yes
2026-01-01,2026,ANANTRAJ,09:15,547.95,15:29,553.85,1.08,EOD,Yes
2026-01-01,2026,HINDCOPPER,09:15,521.5,15:29,523.5,0.38,EOD,Neutral
2026-01-01,2026,NLCINDIA,09:15,251.2,15:29,255.7,1.79,EOD,Yes
2026-01-01,2026,ABSLAMC,09:15,806.9,15:29,840,4.1,EOD,Yes
2026-01-01,2026,BOSCHLTD,09:15,36040,15:29,36170,0.36,EOD,Neutral
2026-01-01,2026,IDBI,09:15,103.2,15:29,103.9,0.68,EOD,Yes
2026-01-01,2026,HONASA,09:15,284.65,15:29,284.1,-0.19,EOD,No
2026-01-02,2026,SJVN,09:15,74.96,15:29,83.28,11.1,EOD,Yes
2026-01-02,2026,HINDCOPPER,09:15,530,15:29,542.2,2.3,EOD,Yes
2026-01-02,2026,IDBI,09:15,104.2,15:29,114.55,9.93,EOD,Yes
2026-01-02,2026,FORCEMOT,09:15,21040,15:29,21190,0.71,EOD,Yes
2026-01-02,2026,CRAFTSMAN,09:15,7701,15:29,8024.5,4.2,EOD,Yes
2026-01-02,2026,BOSCHLTD,09:15,36170,15:29,39195,8.36,EOD,Yes
2026-01-02,2026,ANANTRAJ,09:15,552.5,15:29,586,6.06,EOD,Yes
2026-01-02,2026,JBMA,09:15,626.25,15:29,666,6.35,EOD,Yes
2026-01-02,2026,HONASA,09:15,285.3,15:29,292.9,2.66,EOD,Yes
2026-01-02,2026,NSLNISP,09:15,44.14,15:29,45.7,3.53,EOD,Yes
2026-01-02,2026,GRAPHITE,09:15,643,15:29,658.4,2.4,EOD,Yes
2026-01-05,2026,ZYDUSWELL,09:15,470,15:29,481.65,2.48,EOD,Yes
2026-01-05,2026,GRAPHITE,09:15,664,15:29,658.1,-0.89,EOD,No
2026-01-05,2026,FORCEMOT,09:15,21340,15:29,21030,-1.45,EOD,No
2026-01-05,2026,MSUMI,09:15,50.49,15:29,52.3,3.58,EOD,Yes
2026-01-05,2026,ABSLAMC,09:15,833.6,15:29,855,2.57,EOD,Yes
2026-01-05,2026,MAHABANK,09:15,64,15:29,63.96,-0.06,EOD,No
2026-01-06,2026,IPCALAB,09:15,1419.5,15:29,1469.5,3.52,EOD,Yes
2026-01-06,2026,TATAELXSI,09:15,5350,15:29,5343,-0.13,EOD,No
2026-01-06,2026,SIGNATURE,09:15,1132.4,15:29,1120.2,-1.08,EOD,No
2026-01-06,2026,BHEL,09:15,300.7,15:29,296.5,-1.4,EOD,No
2026-01-06,2026,IEX,09:15,135.5,15:29,146.85,8.38,EOD,Yes
2026-01-06,2026,PERSISTENT,09:15,6204,15:29,6242.5,0.62,EOD,Yes
2026-01-06,2026,GALLANTT,09:15,561.95,15:29,566,0.72,EOD,Yes
2026-01-06,2026,DMART,09:15,3641,15:29,3675,0.93,EOD,Yes
2026-01-06,2026,HINDCOPPER,09:15,568.5,15:29,565,-0.62,EOD,No
2026-01-06,2026,CRISIL,09:15,4441.1,15:29,4666,5.06,EOD,Yes
2026-01-06,2026,MANAPPURAM,09:15,309.45,15:29,308.3,-0.37,EOD,No
2026-01-07,2026,SIGNATURE,09:15,1121,15:29,1104.3,-1.49,EOD,No
2026-01-07,2026,TATAELXSI,09:15,5340,15:29,5851,9.57,EOD,Yes
2026-01-07,2026,SOLARINDS,09:15,12856,15:29,13328,3.67,EOD,Yes
2026-01-07,2026,BHEL,09:15,296.95,15:29,303.1,2.07,EOD,Yes
2026-01-07,2026,PERSISTENT,09:15,6206,15:29,6521.5,5.08,EOD,Yes
2026-01-07,2026,MANAPPURAM,09:15,308.25,15:29,320.5,3.97,EOD,Yes
2026-01-07,2026,INDIACEM,09:15,456.1,15:29,455.2,-0.2,EOD,No
2026-01-07,2026,GALLANTT,09:15,560.5,15:29,565.3,0.86,EOD,Yes
2026-01-07,2026,POWERINDIA,09:15,18824,15:29,19640,4.33,EOD,Yes
2026-01-08,2026,SIGNATURE,09:15,1105,09:29,1097,-0.72,HARD_STOP,No
2026-01-08,2026,NETWEB,09:15,3360,09:29,3360.9,0.03,HARD_STOP,Neutral
2026-01-08,2026,EMCURE,09:15,1525,09:29,1532.6,0.5,HARD_STOP,Yes
2026-01-08,2026,HINDCOPPER,09:15,543.9,09:29,529,-2.74,HARD_STOP,No
2026-01-08,2026,GALLANTT,09:15,565,09:29,565.05,0.01,HARD_STOP,Neutral
2026-01-08,2026,INDIACEM,09:15,455,09:29,457,0.44,HARD_STOP,Yes
2026-01-08,2026,NATIONALUM,09:15,348,09:29,339.9,-2.33,HARD_STOP,No
2026-01-08,2026,CRISIL,09:15,4725.1,09:29,4667.6,-1.22,HARD_STOP,No
2026-01-08,2026,KAYNES,09:15,3850,09:29,3863.2,0.34,HARD_STOP,Neutral
2026-01-09,2026,IPCALAB,09:15,1545,09:38,1525,-1.29,HARD_STOP,No
2026-01-09,2026,NETWEB,09:15,3385.1,09:38,3361.1,-0.71,HARD_STOP,No
2026-01-09,2026,SOLARINDS,09:15,13455,09:38,13361,-0.7,HARD_STOP,No
2026-01-09,2026,TATAELXSI,09:15,5662,09:38,5701.5,0.7,HARD_STOP,Yes
2026-01-09,2026,EMCURE,09:15,1521.1,09:38,1500.7,-1.34,HARD_STOP,No
2026-01-09,2026,SIGNATURE,09:15,1010.1,09:38,1004.2,-0.58,HARD_STOP,No
2026-01-09,2026,BHEL,09:15,279,09:38,274.45,-1.63,HARD_STOP,No
2026-01-09,2026,HINDCOPPER,09:15,519.25,09:38,523,0.72,HARD_STOP,Yes
2026-01-09,2026,GALLANTT,09:15,568.15,09:38,570.75,0.46,HARD_STOP,Yes
2026-01-09,2026,PERSISTENT,09:15,6436,09:38,6358,-1.21,HARD_STOP,No
2026-01-09,2026,POWERINDIA,09:15,18500,09:38,17490,-5.46,HARD_STOP,No
2026-01-09,2026,IEX,09:15,150.09,09:38,152.89,1.87,HARD_STOP,Yes
2026-01-09,2026,NATIONALUM,09:15,330.85,09:38,338.5,2.31,HARD_STOP,Yes
2026-01-09,2026,TARIL,09:15,299.5,09:38,292.2,-2.44,HARD_STOP,No
2026-01-12,2026,NETWEB,09:15,3300,09:17,3314.9,0.45,HARD_STOP,Yes
2026-01-12,2026,SOLARINDS,09:15,13200,09:17,13114,-0.65,HARD_STOP,No
2026-01-12,2026,TATAELXSI,09:15,5650,09:17,5622,-0.5,HARD_STOP,No
2026-01-12,2026,EMCURE,09:15,1568.3,09:17,1543.3,-1.59,HARD_STOP,No
2026-01-12,2026,SIGNATURE,09:15,987.6,09:17,971.8,-1.6,HARD_STOP,No
2026-01-12,2026,PERSISTENT,09:15,6417,09:17,6360.5,-0.88,HARD_STOP,No
2026-01-12,2026,HINDCOPPER,09:15,532,09:17,527.45,-0.86,HARD_STOP,No
2026-01-12,2026,BHEL,09:15,272.5,09:17,264.05,-3.1,HARD_STOP,No
2026-01-12,2026,GALLANTT,09:15,575,09:17,573.4,-0.28,HARD_STOP,No
2026-01-12,2026,ZFCVINDIA,09:15,14151,09:17,14184,0.23,HARD_STOP,Neutral
2026-01-12,2026,TARIL,09:15,275.85,09:17,269.45,-2.32,HARD_STOP,No
2026-01-12,2026,CCL,09:15,940.6,09:17,960.75,2.14,HARD_STOP,Yes
2026-01-12,2026,INDIACEM,09:15,458.75,09:17,457.55,-0.26,HARD_STOP,No
2026-01-13,2026,ANGELONE,09:15,237.8,12:07,244,2.61,HARD_STOP,Yes
2026-01-13,2026,FEDERALBNK,09:15,253.15,12:07,249,-1.64,HARD_STOP,No
2026-01-13,2026,JWL,09:15,301,12:07,294.05,-2.31,HARD_STOP,No
2026-01-13,2026,UNIONBANK,09:15,164.99,12:07,164.9,-0.05,HARD_STOP,No
2026-01-13,2026,HFCL,09:15,63.75,12:07,62.38,-2.15,HARD_STOP,No
2026-01-13,2026,MMTC,09:15,64.14,12:07,63.45,-1.08,HARD_STOP,No
2026-01-13,2026,GRAPHITE,09:15,620,12:07,603.8,-2.61,HARD_STOP,No
2026-01-13,2026,MOTILALOFS,09:15,804,12:07,828.55,3.05,HARD_STOP,Yes
2026-01-13,2026,RBLBANK,09:15,306.45,12:07,302.7,-1.22,HARD_STOP,No
2026-01-14,2026,CHENNPETRO,09:15,822.5,15:29,877,6.63,EOD,Yes
2026-01-14,2026,JWL,09:15,294.6,15:29,328.65,11.56,EOD,Yes
2026-01-14,2026,FEDERALBNK,09:15,248.5,15:29,247.2,-0.52,EOD,No
2026-01-14,2026,UNIONBANK,09:15,166.2,15:29,179.2,7.82,EOD,Yes
2026-01-14,2026,FORCEMOT,09:15,20095,15:29,20430,1.67,EOD,Yes
2026-01-14,2026,HFCL,09:15,62.68,15:29,64.31,2.6,EOD,Yes
2026-01-14,2026,MMTC,09:15,63.9,15:29,70,9.55,EOD,Yes
2026-01-14,2026,SBFC,09:15,101.93,15:29,101.5,-0.42,EOD,No
2026-01-14,2026,BANKINDIA,09:15,147.76,15:29,152.7,3.34,EOD,Yes
2026-01-14,2026,360ONE,09:15,1135.4,15:29,1158.8,2.06,EOD,Yes
2026-01-14,2026,RBLBANK,09:15,304.7,15:29,312,2.4,EOD,Yes
2026-01-16,2026,FEDERALBNK,09:15,247.5,15:29,270.75,9.39,EOD,Yes
2026-01-16,2026,MCX,09:15,2450,15:29,2444,-0.24,EOD,No
2026-01-16,2026,HDFCAMC,09:15,2580.2,15:29,2590,0.38,EOD,Neutral
2026-01-16,2026,VEDL,09:15,675.75,15:29,681.45,0.84,EOD,Yes
2026-01-16,2026,MANAPPURAM,09:15,306.85,15:29,315.2,2.72,EOD,Yes
2026-01-16,2026,APOLLOTYRE,09:15,525.65,15:29,509.55,-3.06,EOD,No
2026-01-16,2026,CANFINHOME,09:15,921.35,15:29,915,-0.69,EOD,No
2026-01-16,2026,TECHM,09:15,1600,15:29,1672,4.5,EOD,Yes
2026-01-16,2026,CANBK,09:15,154,15:29,157.2,2.08,EOD,Yes
2026-01-16,2026,NMDC,09:15,81.38,15:29,80.05,-1.63,EOD,No
2026-01-16,2026,LAURUSLABS,09:15,1095,15:29,1075,-1.83,EOD,No
2026-01-16,2026,AUBANK,09:15,975.5,15:29,1023.35,4.91,EOD,Yes
2026-01-16,2026,ABCAPITAL,09:15,360,15:29,360.9,0.25,EOD,Neutral
2026-01-16,2026,INDUSINDBK,09:15,945,15:29,952,0.74,EOD,Yes
2026-01-19,2026,JWL,09:15,320,14:28,318.2,-0.56,HARD_STOP,No
2026-01-19,2026,CHENNPETRO,09:15,857.95,14:28,848.05,-1.15,HARD_STOP,No
2026-01-19,2026,FORCEMOT,09:15,20500,14:28,21280,3.8,HARD_STOP,Yes
2026-01-19,2026,MMTC,09:15,68.67,14:28,68.28,-0.57,HARD_STOP,No
2026-01-19,2026,MCX,09:15,2455,14:28,2425,-1.22,HARD_STOP,No
2026-01-19,2026,UNIONBANK,09:15,175.84,14:28,176.07,0.13,HARD_STOP,Neutral
2026-01-19,2026,GRAPHITE,09:15,639.3,14:28,639.85,0.09,HARD_STOP,Neutral
2026-01-19,2026,HINDCOPPER,09:15,570,14:28,547.4,-3.96,HARD_STOP,No
2026-01-19,2026,GODFRYPHLP,09:15,2240,14:28,2193.1,-2.09,HARD_STOP,No
2026-01-20,2026,SUNTV,09:15,540,09:15,540.1,0.02,HARD_STOP,Neutral
2026-01-20,2026,CREDITACC,09:15,1285,09:15,1276.4,-0.67,HARD_STOP,No
2026-01-20,2026,RADICO,09:15,2852.9,09:15,2821,-1.12,HARD_STOP,No
2026-01-20,2026,MINDACORP,09:15,544.85,09:15,543.5,-0.25,HARD_STOP,No
2026-01-20,2026,MRPL,09:15,140.31,09:15,140.04,-0.19,HARD_STOP,No
2026-01-20,2026,APLAPOLLO,09:15,1919.7,09:15,1907.3,-0.65,HARD_STOP,No
2026-01-20,2026,EMCURE,09:15,1549.8,09:15,1526.6,-1.5,HARD_STOP,No
2026-01-20,2026,BANDHANBNK,09:15,142.6,09:15,141.45,-0.81,HARD_STOP,No
2026-01-20,2026,BIKAJI,09:15,699.1,09:15,690.6,-1.22,HARD_STOP,No
2026-01-20,2026,RKFORGE,09:15,494.8,09:15,493.2,-0.32,HARD_STOP,No
2026-01-20,2026,AAVAS,09:15,1413.6,09:15,1407.1,-0.46,HARD_STOP,No
2026-01-20,2026,WELSPUNLIV,09:15,119,09:15,118.1,-0.76,HARD_STOP,No
2026-01-20,2026,HOMEFIRST,09:15,1062.2,09:15,1062.8,0.06,HARD_STOP,Neutral
2026-01-21,2026,SUNTV,09:15,550.05,10:55,546.8,-0.59,HARD_STOP,No
2026-01-21,2026,CREDITACC,09:15,1309,10:55,1360.9,3.96,HARD_STOP,Yes
2026-01-21,2026,RADICO,09:15,2759.8,10:55,2756.9,-0.11,HARD_STOP,No
2026-01-21,2026,MRPL,09:15,136.13,10:55,141.99,4.3,HARD_STOP,Yes
2026-01-21,2026,APLAPOLLO,09:15,1905,10:55,1860.5,-2.34,HARD_STOP,No
2026-01-21,2026,MINDACORP,09:15,536.05,10:55,514.7,-3.98,HARD_STOP,No
2026-01-21,2026,EMCURE,09:15,1542,10:55,1539.8,-0.14,HARD_STOP,No
2026-01-21,2026,BIKAJI,09:15,685,10:55,664.45,-3,HARD_STOP,No
2026-01-21,2026,RKFORGE,09:15,485,10:55,478.55,-1.33,HARD_STOP,No
2026-01-21,2026,AAVAS,09:15,1374,10:55,1370.7,-0.24,HARD_STOP,No
2026-01-21,2026,BANDHANBNK,09:15,139,10:55,138.46,-0.39,HARD_STOP,No
2026-01-21,2026,HOMEFIRST,09:15,1040.2,10:55,1032.3,-0.76,HARD_STOP,No
2026-01-21,2026,ASHOKLEY,09:15,179.92,10:55,177.51,-1.34,HARD_STOP,No
2026-01-21,2026,ASAHIINDIA,09:15,905.6,10:55,880.8,-2.74,HARD_STOP,No
2026-01-22,2026,SUNTV,09:15,547.2,15:29,554,1.24,EOD,Yes
2026-01-22,2026,MINDACORP,09:15,532,15:29,562.1,5.66,EOD,Yes
2026-01-22,2026,APLAPOLLO,09:15,1899,15:29,1981.2,4.33,EOD,Yes
2026-01-22,2026,EMCURE,09:15,1557.9,15:29,1559.8,0.12,EOD,Neutral
2026-01-22,2026,AAVAS,09:15,1388.1,15:29,1463.7,5.45,EOD,Yes
2026-01-22,2026,BANDHANBNK,09:15,139,15:29,143,2.88,EOD,Yes
2026-01-22,2026,RKFORGE,09:15,497.75,15:29,515.95,3.66,EOD,Yes
2026-01-22,2026,HOMEFIRST,09:15,1053.9,15:29,1047,-0.65,EOD,No
2026-01-22,2026,ASHOKLEY,09:15,185.3,15:29,191.34,3.26,EOD,Yes
2026-01-23,2026,SUNTV,09:15,559.7,15:28,562,0.41,HARD_STOP,Yes
2026-01-23,2026,MRPL,09:15,151.8,15:28,149.45,-1.55,HARD_STOP,No
2026-01-23,2026,EMCURE,09:15,1558.4,15:28,1525.9,-2.09,HARD_STOP,No
2026-01-23,2026,HOMEFIRST,09:15,1068.6,15:28,1113.9,4.24,HARD_STOP,Yes
2026-01-23,2026,JINDALSAW,09:15,185.6,15:28,177.63,-4.29,HARD_STOP,No
2026-01-27,2026,MRPL,09:15,153.48,09:21,150.82,-1.73,HARD_STOP,No
2026-01-27,2026,RADICO,09:15,2901.4,09:21,2932.9,1.09,HARD_STOP,Yes
2026-01-27,2026,APLAPOLLO,09:15,2030.6,09:21,2043.2,0.62,HARD_STOP,Yes
2026-01-27,2026,CREDITACC,09:15,1390,09:21,1384.8,-0.37,HARD_STOP,No
2026-01-27,2026,MINDACORP,09:15,538.95,09:21,525.25,-2.54,HARD_STOP,No
2026-01-27,2026,EMCURE,09:15,1518.7,09:21,1532.8,0.93,HARD_STOP,Yes
2026-01-27,2026,ASHOKLEY,09:15,192.26,09:21,188.22,-2.1,HARD_STOP,No
2026-01-27,2026,RKFORGE,09:15,506.35,09:21,507.3,0.19,HARD_STOP,Neutral
2026-01-27,2026,AAVAS,09:15,1474.9,09:21,1487,0.82,HARD_STOP,Yes
2026-01-27,2026,ASAHIINDIA,09:15,941,09:21,912.1,-3.07,HARD_STOP,No
2026-01-27,2026,JINDALSAW,09:15,178.26,09:21,175.29,-1.67,HARD_STOP,No
2026-01-28,2026,SYRMA,09:15,660.95,15:29,723.95,9.53,EOD,Yes
2026-01-28,2026,ABDL,09:15,454.2,15:29,460,1.28,EOD,Yes
2026-01-28,2026,ABB,09:15,4759,15:29,5040,5.9,EOD,Yes
2026-01-28,2026,SPLPETRO,09:15,512.3,15:29,536,4.63,EOD,Yes
2026-01-28,2026,GVT&D,09:15,2739.1,15:29,2910,6.24,EOD,Yes
2026-01-28,2026,GESHIP,09:15,1117.8,15:29,1171,4.76,EOD,Yes
2026-01-28,2026,VTL,09:15,412.3,15:29,414.75,0.59,EOD,Yes
2026-01-28,2026,IDEA,09:15,9.93,15:29,10.06,1.31,EOD,Yes
2026-01-28,2026,CGPOWER,09:15,535.2,15:29,581.95,8.74,EOD,Yes
2026-01-28,2026,SIGNATURE,09:15,830,15:29,828.2,-0.22,EOD,No
2026-01-29,2026,CARTRADE,09:15,2448.4,09:24,2399.8,-1.98,HARD_STOP,No
2026-01-29,2026,IDEA,09:15,10.04,09:24,10.09,0.5,HARD_STOP,Yes
2026-01-29,2026,DELHIVERY,09:15,405.2,09:24,404.8,-0.1,HARD_STOP,No
2026-01-29,2026,VTL,09:15,415,09:24,410,-1.2,HARD_STOP,No
2026-01-29,2026,SIGNATURE,09:15,829.3,09:24,828.7,-0.07,HARD_STOP,No
2026-01-29,2026,INTELLECT,09:15,910,09:24,891,-2.09,HARD_STOP,No
2026-01-29,2026,ZFCVINDIA,09:15,14163,09:24,14182,0.13,HARD_STOP,Neutral
2026-01-30,2026,SPLPETRO,09:15,522,15:29,568,8.81,EOD,Yes
2026-01-30,2026,ABDL,09:15,450,15:29,495.1,10.02,EOD,Yes
2026-01-30,2026,IDEA,09:15,9.96,15:29,11.14,11.85,EOD,Yes
2026-01-30,2026,VTL,09:15,413.55,15:29,432.75,4.64,EOD,Yes
2026-01-30,2026,DELHIVERY,09:15,411,15:29,426.4,3.75,EOD,Yes
2026-01-30,2026,GESHIP,09:15,1210,15:29,1198.7,-0.93,EOD,No
2026-01-30,2026,CGPOWER,09:15,590,15:29,585.7,-0.73,EOD,No
2026-01-30,2026,ZFCVINDIA,09:15,14227,15:29,15000,5.43,EOD,Yes
2026-01-30,2026,INTELLECT,09:15,902.95,15:29,918,1.67,EOD,Yes
2026-01-30,2026,ACMESOLAR,09:15,214.33,15:29,226,5.44,EOD,Yes
2026-01-30,2026,SYRMA,09:15,747.9,15:29,757.4,1.27,EOD,Yes
2026-02-01,2026,GESHIP,09:15,1215,09:20,1207.4,-0.63,HARD_STOP,No
2026-02-01,2026,INTELLECT,09:15,832.3,09:20,807.05,-3.03,HARD_STOP,No
2026-02-01,2026,CGPOWER,09:15,589.9,09:20,592.75,0.48,HARD_STOP,Yes
2026-02-01,2026,SHYAMMETL,09:15,851,09:20,842.85,-0.96,HARD_STOP,No
2026-02-01,2026,ACE,09:15,855,09:20,857.05,0.24,HARD_STOP,Neutral
2026-02-01,2026,ABB,09:15,5531,09:20,5557,0.47,HARD_STOP,Yes
2026-02-01,2026,OIL,09:15,509,09:20,504.85,-0.82,HARD_STOP,No
2026-02-02,2026,ABDL,09:15,491.1,09:16,475,-3.28,HARD_STOP,No
2026-02-02,2026,INTELLECT,09:15,869.1,09:16,845,-2.77,HARD_STOP,No
2026-02-02,2026,ACMESOLAR,09:15,220.54,09:16,218.15,-1.08,HARD_STOP,No
2026-02-02,2026,CARTRADE,09:15,2574.7,09:16,2546.7,-1.09,HARD_STOP,No
2026-02-02,2026,SIGNATURE,09:15,895,09:16,892.8,-0.25,HARD_STOP,No
2026-02-02,2026,SHYAMMETL,09:15,843.3,09:16,835.3,-0.95,HARD_STOP,No
2026-02-02,2026,SPLPETRO,09:15,588,09:16,582,-1.02,HARD_STOP,No
2026-02-02,2026,ABB,09:15,5490,09:16,5499,0.16,HARD_STOP,Neutral
2026-02-02,2026,OIL,09:15,490,09:16,487.75,-0.46,HARD_STOP,No
2026-02-02,2026,GVT&D,09:15,3209.8,09:16,3227,0.54,HARD_STOP,Yes
2026-02-02,2026,APARINDS,09:15,8065,09:16,8031,-0.42,HARD_STOP,No
2026-02-03,2026,GALLANTT,09:15,534,09:17,528,-1.12,HARD_STOP,No
2026-02-03,2026,BALKRISIND,09:15,2522.5,09:17,2621.6,3.93,HARD_STOP,Yes
2026-02-03,2026,ADANIPOWER,09:15,145,09:17,141.83,-2.19,HARD_STOP,No
2026-02-03,2026,SAPPHIRE,09:15,194,09:17,191.05,-1.52,HARD_STOP,No
2026-02-03,2026,GODFRYPHLP,09:15,2005,09:17,1969,-1.8,HARD_STOP,No
2026-02-03,2026,RKFORGE,09:15,560,09:17,544.9,-2.7,HARD_STOP,No
2026-02-03,2026,UPL,09:15,742,09:17,737.25,-0.64,HARD_STOP,No
2026-02-03,2026,GODREJPROP,09:15,1612,09:17,1656.3,2.75,HARD_STOP,Yes
2026-02-03,2026,POONAWALLA,09:15,409.05,09:17,403.65,-1.32,HARD_STOP,No
2026-02-03,2026,CONCORDBIO,09:15,1169,09:17,1147.8,-1.81,HARD_STOP,No
2026-02-03,2026,ABREL,09:15,1269.7,09:17,1264.2,-0.43,HARD_STOP,No
2026-02-03,2026,NYKAA,09:15,242,09:17,244.63,1.09,HARD_STOP,Yes
2026-02-03,2026,DEVYANI,09:15,120,09:17,118.39,-1.34,HARD_STOP,No
2026-02-03,2026,AARTIIND,09:15,443,09:17,420,-5.19,HARD_STOP,No
2026-02-04,2026,SAPPHIRE,09:15,188.85,15:29,203,7.49,EOD,Yes
2026-02-04,2026,DEVYANI,09:15,116.6,15:29,123,5.49,EOD,Yes
2026-02-04,2026,BLS,09:15,259,15:29,289,11.58,EOD,Yes
2026-02-05,2026,CONCORDBIO,09:15,1177.6,09:15,1175.4,-0.19,HARD_STOP,No
2026-02-05,2026,ABREL,09:15,1219.9,09:15,1217.9,-0.16,HARD_STOP,No
2026-02-05,2026,GODREJPROP,09:15,1720,09:15,1699.8,-1.17,HARD_STOP,No
2026-02-05,2026,CDSL,09:15,1363,09:15,1360.3,-0.2,HARD_STOP,No
2026-02-05,2026,ABCAPITAL,09:15,347,09:15,343.95,-0.88,HARD_STOP,No
2026-02-05,2026,POWERINDIA,09:15,19099,09:15,18802,-1.56,HARD_STOP,No
2026-02-05,2026,MANAPPURAM,09:15,290.95,09:15,288.65,-0.79,HARD_STOP,No
2026-02-05,2026,SAIL,09:15,155.9,09:15,154.9,-0.64,HARD_STOP,No
2026-02-06,2026,CONCORDBIO,09:15,1164.8,15:29,1325.5,13.8,EOD,Yes
2026-02-06,2026,POONAWALLA,09:15,410.3,15:29,440,7.24,EOD,Yes
2026-02-06,2026,GODFRYPHLP,09:15,1980,15:29,2174,9.8,EOD,Yes
2026-02-06,2026,ABCAPITAL,09:15,344,15:29,346,0.58,EOD,Yes
2026-02-06,2026,GODREJPROP,09:15,1695,15:29,1695.7,0.04,EOD,Neutral
2026-02-06,2026,POWERINDIA,09:15,20900,15:29,21871,4.65,EOD,Yes
2026-02-06,2026,CDSL,09:15,1362,15:29,1328,-2.5,EOD,No
2026-02-06,2026,KAYNES,09:15,3415,15:29,3713,8.73,EOD,Yes
2026-02-06,2026,ELECON,09:15,437,15:29,441.5,1.03,EOD,Yes
2026-02-06,2026,UPL,09:15,744,15:29,736.95,-0.95,EOD,No
2026-02-06,2026,ANGELONE,09:15,261.8,15:29,263.1,0.5,EOD,Yes
2026-02-06,2026,MANAPPURAM,09:15,291.85,15:29,300.5,2.96,EOD,Yes
2026-02-06,2026,JIOFIN,09:15,269.95,15:29,268.1,-0.69,EOD,No
2026-02-09,2026,ABCAPITAL,09:15,350.05,15:29,352.75,0.77,EOD,Yes
2026-02-09,2026,GODREJPROP,09:15,1721,15:29,1802,4.71,EOD,Yes
2026-02-09,2026,UPL,09:15,747.8,15:29,745,-0.37,EOD,No
2026-02-09,2026,FLUOROCHEM,09:15,3428,15:29,3508,2.33,EOD,Yes
2026-02-09,2026,LLOYDSME,09:15,1270.9,15:29,1256,-1.17,EOD,No
2026-02-09,2026,ADANIPOWER,09:15,154,15:29,151.2,-1.82,EOD,No
2026-02-09,2026,TARIL,09:15,253.4,15:29,280.95,10.87,EOD,Yes
2026-02-09,2026,RKFORGE,09:15,562.6,15:29,573.4,1.92,EOD,Yes
2026-02-09,2026,ADANIPORTS,09:15,1575.9,15:29,1557,-1.2,EOD,No
2026-02-09,2026,CDSL,09:15,1349.3,15:29,1374,1.83,EOD,Yes
2026-02-09,2026,BHARATFORG,09:15,1585,15:29,1589,0.25,EOD,Neutral
2026-02-10,2026,EICHERMOT,09:15,7280,09:15,7211.5,-0.94,HARD_STOP,No
2026-02-10,2026,ASTRAL,09:15,1499.5,09:15,1494.3,-0.35,HARD_STOP,No
2026-02-11,2026,KIMS,09:15,654.8,15:29,687,4.92,EOD,Yes
2026-02-11,2026,EICHERMOT,09:15,7505,15:29,7776.5,3.62,EOD,Yes
2026-02-11,2026,ENGINERSIN,09:15,183.6,15:29,184.14,0.29,EOD,Neutral
2026-02-11,2026,BHARATFORG,09:15,1620,15:29,1671.1,3.15,EOD,Yes
2026-02-11,2026,FORTIS,09:15,891.85,15:29,920,3.16,EOD,Yes
2026-02-11,2026,VTL,09:15,488,15:29,475.55,-2.55,EOD,No
2026-02-12,2026,ENGINERSIN,09:15,183.51,09:15,185.13,0.88,HARD_STOP,Yes
2026-02-12,2026,MOTHERSON,09:15,130.21,09:15,129.5,-0.55,HARD_STOP,No
2026-02-12,2026,JMFINANCIL,09:15,137.8,09:15,135.8,-1.45,HARD_STOP,No
2026-02-12,2026,LINDEINDIA,09:15,6500,09:15,6443.5,-0.87,HARD_STOP,No
2026-02-12,2026,TBOTEK,09:15,1570,09:15,1515.9,-3.45,HARD_STOP,No
2026-02-12,2026,VTL,09:15,479,09:15,475.15,-0.8,HARD_STOP,No
2026-02-13,2026,ENGINERSIN,09:15,199.1,15:29,199.32,0.11,EOD,Neutral
2026-02-13,2026,AMBER,09:15,7750,15:29,7730,-0.26,EOD,No
2026-02-13,2026,SIGNATURE,09:15,981.9,15:29,1044.45,6.37,EOD,Yes
2026-02-13,2026,PFIZER,09:15,5110.8,15:29,5037.5,-1.43,EOD,No
2026-02-13,2026,KIRLOSENG,09:15,1340,15:29,1371,2.31,EOD,Yes
2026-02-13,2026,LINDEINDIA,09:15,6419,15:29,6880,7.18,EOD,Yes
2026-02-13,2026,MOTHERSON,09:15,132.58,15:29,130.9,-1.27,EOD,No
2026-02-13,2026,ASTRAL,09:15,1589,15:29,1600,0.69,EOD,Yes
2026-02-13,2026,ABFRL,09:15,70,15:29,73.3,4.71,EOD,Yes
2026-02-13,2026,TBOTEK,09:15,1472,15:29,1483,0.75,EOD,Yes
2026-02-13,2026,FORTIS,09:15,928.15,15:29,918.8,-1.01,EOD,No
2026-02-16,2026,AMBER,09:15,7760,09:49,7722.5,-0.48,HARD_STOP,No
2026-02-16,2026,KIMS,09:15,679.95,09:49,677.25,-0.4,HARD_STOP,No
2026-02-16,2026,PFIZER,09:15,5037.5,09:49,5010.9,-0.53,HARD_STOP,No
2026-02-16,2026,EICHERMOT,09:15,8078.5,09:49,8046.5,-0.4,HARD_STOP,No
2026-02-16,2026,MOTHERSON,09:15,130.5,09:49,130.86,0.28,HARD_STOP,Neutral
2026-02-16,2026,BHARATFORG,09:15,1739.1,09:49,1744.6,0.32,HARD_STOP,Neutral
2026-02-16,2026,JMFINANCIL,09:15,135.56,09:49,132.88,-1.98,HARD_STOP,No
2026-02-16,2026,ASTRAL,09:15,1596.5,09:49,1602.8,0.39,HARD_STOP,Neutral
2026-02-16,2026,UBL,09:15,1622.1,09:49,1591.8,-1.87,HARD_STOP,No
2026-02-16,2026,FORTIS,09:15,916.7,09:49,901.55,-1.65,HARD_STOP,No
2026-02-17,2026,TARIL,09:15,270,15:29,273.8,1.41,EOD,Yes
2026-02-17,2026,TATAINVEST,09:15,630.4,15:29,638.1,1.22,EOD,Yes
2026-02-17,2026,GODFRYPHLP,09:15,2020,15:29,2061,2.03,EOD,Yes
2026-02-17,2026,NETWEB,09:15,3088.1,15:29,3102,0.45,EOD,Yes
2026-02-17,2026,TECHNOE,09:15,1050.45,15:29,1076.5,2.48,EOD,Yes
2026-02-17,2026,ELGIEQUIP,09:15,503,15:29,517.05,2.79,EOD,Yes
2026-02-17,2026,APARINDS,09:15,9524,15:29,9524.5,0.01,EOD,Neutral
2026-02-17,2026,NCC,09:15,149.5,15:29,152.35,1.91,EOD,Yes
2026-02-17,2026,THERMAX,09:15,2915.6,15:29,3051,4.64,EOD,Yes
2026-02-17,2026,PNB,09:15,120.57,15:29,124.91,3.6,EOD,Yes
2026-02-17,2026,MCX,09:15,2338.8,15:29,2282,-2.43,EOD,No
2026-02-17,2026,NEWGEN,09:15,463.05,15:29,516.8,11.61,EOD,Yes
2026-02-17,2026,GODREJIND,09:15,969,15:29,980.1,1.15,EOD,Yes
2026-02-18,2026,TARIL,09:15,276,15:29,299.2,8.41,EOD,Yes
2026-02-18,2026,TATAINVEST,09:15,638.9,15:29,644,0.8,EOD,Yes
2026-02-18,2026,NETWEB,09:15,3210.9,15:29,3375,5.11,EOD,Yes
2026-02-18,2026,NCC,09:15,152.98,15:29,150.6,-1.56,EOD,No
2026-02-18,2026,APARINDS,09:15,9556,15:29,10175,6.48,EOD,Yes
2026-02-18,2026,MCX,09:15,2281.2,15:29,2337.5,2.47,EOD,Yes
2026-02-18,2026,GODREJIND,09:15,980,15:29,984.2,0.43,EOD,Yes
2026-02-18,2026,HSCL,09:15,469.9,15:29,468.95,-0.2,EOD,No
2026-02-18,2026,GRAPHITE,09:15,672.95,15:29,692.5,2.91,EOD,Yes
2026-02-19,2026,TATAINVEST,09:15,646.3,15:29,682.8,5.65,EOD,Yes
2026-02-19,2026,NCC,09:15,137.43,15:29,149.7,8.93,EOD,Yes
2026-02-19,2026,THERMAX,09:15,3088,15:29,3023.5,-2.09,EOD,No
2026-02-19,2026,GODREJIND,09:15,988.55,15:29,1032,4.4,EOD,Yes
2026-02-19,2026,HSCL,09:15,471.85,15:29,474.3,0.52,EOD,Yes
2026-02-19,2026,NEWGEN,09:15,536,15:29,606.5,13.15,EOD,Yes
2026-02-19,2026,NATCOPHARM,09:15,896,15:29,887.7,-0.93,EOD,No
2026-02-20,2026,TARIL,09:15,300.25,15:29,312.75,4.16,EOD,Yes
2026-02-20,2026,ELGIEQUIP,09:15,520.55,15:29,531.8,2.16,EOD,Yes
2026-02-20,2026,GODFRYPHLP,09:15,2480,15:29,2473,-0.28,EOD,No
2026-02-20,2026,NCC,09:15,148.99,15:29,149.18,0.13,EOD,Neutral
2026-02-20,2026,TECHNOE,09:15,1131,15:29,1138,0.62,EOD,Yes
2026-02-20,2026,APARINDS,09:15,9990,15:29,10501,5.12,EOD,Yes
2026-02-20,2026,THERMAX,09:15,3000,15:29,3155,5.17,EOD,Yes
2026-02-20,2026,MCX,09:15,2372.1,15:29,2395,0.97,EOD,Yes
2026-02-20,2026,HSCL,09:15,473.3,15:29,487,2.89,EOD,Yes
2026-02-20,2026,GRAPHITE,09:15,685,15:29,687,0.29,EOD,Neutral
2026-02-20,2026,PNB,09:15,125.6,15:29,129.46,3.07,EOD,Yes
2026-02-20,2026,KAJARIACER,09:15,992.55,15:29,1000,0.75,EOD,Yes
2026-02-23,2026,NCC,09:15,150,09:21,150.62,0.41,HARD_STOP,Yes
2026-02-23,2026,ELGIEQUIP,09:15,535,09:21,532.3,-0.5,HARD_STOP,No
2026-02-23,2026,GODFRYPHLP,09:15,2488,09:21,2364.4,-4.97,HARD_STOP,No
2026-02-23,2026,TECHNOE,09:15,1158.4,09:21,1163.35,0.43,HARD_STOP,Yes
2026-02-23,2026,MCX,09:15,2427,09:21,2423.9,-0.13,HARD_STOP,No
2026-02-23,2026,GODREJIND,09:15,1050,09:21,1045.2,-0.46,HARD_STOP,No
2026-02-23,2026,NATCOPHARM,09:15,895,09:21,890.6,-0.49,HARD_STOP,No
2026-02-24,2026,REDINGTON,09:15,246,15:29,240.9,-2.07,EOD,No
2026-02-24,2026,TEJASNET,09:15,325.5,15:29,316.5,-2.76,EOD,No
2026-02-24,2026,CONCORDBIO,09:15,1090,15:29,1073.1,-1.55,EOD,No
2026-02-24,2026,SPLPETRO,09:15,640.4,15:29,651.1,1.67,EOD,Yes
2026-02-24,2026,IDFCFIRSTB,09:15,69.89,15:29,70.7,1.16,EOD,Yes
2026-02-24,2026,SCHAEFFLER,09:15,3964.9,15:29,4057,2.32,EOD,Yes
2026-02-24,2026,MANKIND,09:15,2037,15:29,2060,1.13,EOD,Yes
2026-02-24,2026,SUNTV,09:15,584,15:29,594.4,1.78,EOD,Yes
2026-02-24,2026,NATCOPHARM,09:15,886.9,15:29,943.55,6.39,EOD,Yes
2026-02-24,2026,NETWEB,09:15,3535,15:29,3595,1.7,EOD,Yes
2026-02-24,2026,SARDAEN,09:15,511.25,15:29,517.05,1.13,EOD,Yes
2026-02-25,2026,REDINGTON,09:15,242,15:29,243.5,0.62,EOD,Yes
2026-02-25,2026,TEJASNET,09:15,318.55,15:29,319.95,0.44,EOD,Yes
2026-02-25,2026,CONCORDBIO,09:15,1075,15:29,1260,17.21,EOD,Yes
2026-02-25,2026,FINCABLES,09:15,815,15:29,824,1.1,EOD,Yes
2026-02-25,2026,SPLPETRO,09:15,642.55,15:29,648.35,0.9,EOD,Yes
2026-02-25,2026,MANKIND,09:15,2067.5,15:29,2165,4.72,EOD,Yes
2026-02-25,2026,IDFCFIRSTB,09:15,71.55,15:29,70.16,-1.94,EOD,No
2026-02-25,2026,TIMKEN,09:15,3255.8,15:29,3339.2,2.56,EOD,Yes
2026-02-25,2026,SUNTV,09:15,594,15:29,601.2,1.21,EOD,Yes
2026-02-25,2026,SARDAEN,09:15,519.35,15:29,534,2.82,EOD,Yes
2026-02-25,2026,NETWEB,09:15,3609,15:29,3633,0.67,EOD,Yes
2026-02-26,2026,REDINGTON,09:15,242.9,15:29,245,0.86,EOD,Yes
2026-02-26,2026,TEJASNET,09:15,323.55,15:29,381.35,17.86,EOD,Yes
2026-02-26,2026,FINCABLES,09:15,829,15:29,880.95,6.27,EOD,Yes
2026-02-26,2026,BLUEJET,09:15,395.05,15:29,398,0.75,EOD,Yes
2026-02-26,2026,SPLPETRO,09:15,649.85,15:29,650,0.02,EOD,Neutral
2026-02-26,2026,IDFCFIRSTB,09:15,70.22,15:29,72.74,3.59,EOD,Yes
2026-02-26,2026,NETWEB,09:15,3650,15:29,3691.1,1.13,EOD,Yes
2026-02-26,2026,CHENNPETRO,09:15,918,15:29,915.1,-0.32,EOD,No
2026-02-27,2026,REDINGTON,09:15,244.55,15:29,276,12.86,EOD,Yes
2026-02-27,2026,BLUEJET,09:15,400.05,15:29,405.95,1.47,EOD,Yes
2026-02-27,2026,SPLPETRO,09:15,649.45,15:29,721.95,11.16,EOD,Yes
2026-02-27,2026,SCHAEFFLER,09:15,4345,15:29,4347.6,0.06,EOD,Neutral
2026-02-27,2026,NETWEB,09:15,3780,15:29,3864,2.22,EOD,Yes
2026-02-27,2026,TIMKEN,09:15,3379,15:29,3483,3.08,EOD,Yes
2026-02-27,2026,TEGA,09:15,1844.9,15:29,1815,-1.62,EOD,No
2026-02-27,2026,CONCORDBIO,09:15,1242.9,15:29,1215,-2.24,EOD,No
2026-02-27,2026,LTTS,09:15,3335,15:29,3510,5.25,EOD,Yes
2026-02-27,2026,LAURUSLABS,09:15,1088.4,15:29,1071.95,-1.51,EOD,No
2026-02-27,2026,CHENNPETRO,09:15,911.05,15:29,960.6,5.44,EOD,Yes
2026-03-02,2026,BLUEJET,09:15,393.05,13:25,384.2,-2.25,TRAIL,No
2026-03-02,2026,SCHAEFFLER,09:15,4170,13:25,4282,2.69,TRAIL,Yes
2026-03-02,2026,IDFCFIRSTB,09:15,70.5,13:25,71.79,1.83,TRAIL,Yes
2026-03-02,2026,J&KBANK,09:15,116.2,13:25,118.87,2.3,TRAIL,Yes
2026-03-02,2026,TEGA,09:15,1750,13:25,1765.3,0.87,TRAIL,Yes
2026-03-02,2026,CONCORDBIO,09:15,1196,13:25,1198.1,0.18,TRAIL,Neutral
2026-03-02,2026,NATCOPHARM,09:15,925.15,13:25,944.45,2.09,TRAIL,Yes
2026-03-04,2026,MAZDOCK,09:15,2209.8,09:23,2171.1,-1.75,HARD_STOP,No
2026-03-04,2026,ONESOURCE,09:15,1282.8,09:23,1267.1,-1.22,HARD_STOP,No
2026-03-04,2026,JWL,09:15,252,09:23,248.55,-1.37,HARD_STOP,No
2026-03-04,2026,IRCON,09:15,135.46,09:23,131.8,-2.7,HARD_STOP,No
2026-03-04,2026,CHENNPETRO,09:15,905.6,09:23,917.6,1.33,HARD_STOP,Yes
2026-03-04,2026,GRSE,09:15,2370.7,09:23,2340.5,-1.27,HARD_STOP,No
2026-03-04,2026,KIRLOSENG,09:15,1376.9,09:23,1362,-1.08,HARD_STOP,No
2026-03-04,2026,JSWINFRA,09:15,245,09:23,246.45,0.59,HARD_STOP,Yes
2026-03-04,2026,UBL,09:15,1558.4,09:23,1570.1,0.75,HARD_STOP,Yes
2026-03-04,2026,MRPL,09:15,183.62,09:23,180.72,-1.58,HARD_STOP,No
2026-03-04,2026,DATAPATTNS,09:15,3198.7,09:23,3198,-0.02,HARD_STOP,No
2026-03-04,2026,ASTERDM,09:15,631.95,09:23,635.9,0.63,HARD_STOP,Yes
2026-03-05,2026,MAZDOCK,09:15,2179.9,15:29,2356,8.08,EOD,Yes
2026-03-05,2026,JWL,09:15,252,15:29,255,1.19,EOD,Yes
2026-03-05,2026,ONESOURCE,09:15,1349.9,15:29,1410.8,4.51,EOD,Yes
2026-03-05,2026,DATAPATTNS,09:15,3124.5,15:29,3360,7.54,EOD,Yes
2026-03-05,2026,GRSE,09:15,2335,15:29,2424,3.81,EOD,Yes
2026-03-05,2026,IRCON,09:15,132,15:29,134.4,1.82,EOD,Yes
2026-03-05,2026,MRPL,09:15,189.5,15:29,191.71,1.17,EOD,Yes
2026-03-05,2026,KIRLOSENG,09:15,1410,15:29,1473,4.47,EOD,Yes
2026-03-05,2026,JSWINFRA,09:15,249.85,15:29,262.2,4.94,EOD,Yes
2026-03-05,2026,NAVINFLUOR,09:15,6110,15:29,6480,6.06,EOD,Yes
2026-03-06,2026,SOLARINDS,09:15,14702,15:29,15179,3.24,EOD,Yes
2026-03-06,2026,POLYMED,09:15,1361.2,15:29,1353,-0.6,EOD,No
2026-03-06,2026,UBL,09:15,1640.7,15:29,1758,7.15,EOD,Yes
2026-03-06,2026,ASTERDM,09:15,658,15:29,673.95,2.42,EOD,Yes
2026-03-06,2026,RADICO,09:15,2552.5,15:29,2785,9.11,EOD,Yes
2026-03-09,2026,NATIONALUM,09:15,396,10:49,390.55,-1.38,HARD_STOP,No
2026-03-09,2026,POLYMED,09:15,1345,10:49,1327.8,-1.28,HARD_STOP,No
2026-03-09,2026,FSL,09:15,212.01,10:49,213.29,0.6,HARD_STOP,Yes
2026-03-10,2026,NTPCGREEN,09:15,87.9,15:29,86.74,-1.32,EOD,No
2026-03-10,2026,AIIL,09:15,410,15:29,486.35,18.62,EOD,Yes
2026-03-10,2026,SAREGAMA,09:15,326.95,15:29,327,0.02,EOD,Neutral
2026-03-10,2026,ACMESOLAR,09:15,220.97,15:29,224.5,1.6,EOD,Yes
2026-03-10,2026,PARADEEP,09:15,104.8,15:29,108.45,3.48,EOD,Yes
2026-03-10,2026,PREMIERENE,09:15,728,15:29,748,2.75,EOD,Yes
2026-03-10,2026,JSWENERGY,09:15,480,15:29,490,2.08,EOD,Yes
2026-03-10,2026,FACT,09:15,669,15:29,794.5,18.76,EOD,Yes
2026-03-10,2026,LTTS,09:15,3174,15:29,3155,-0.6,EOD,No
2026-03-10,2026,IFCI,09:15,53.44,15:29,53.8,0.67,EOD,Yes
2026-03-10,2026,GESHIP,09:15,1358,15:29,1395,2.72,EOD,Yes
2026-03-10,2026,ADANIPOWER,09:15,141.5,15:29,139,-1.77,EOD,No
2026-03-10,2026,ATGL,09:15,468.95,15:29,477.9,1.91,EOD,Yes
2026-03-10,2026,CGCL,09:15,158.25,15:29,165,4.27,EOD,Yes
2026-03-10,2026,JINDALSAW,09:15,164.1,15:29,167.8,2.25,EOD,Yes
2026-03-11,2026,NTPCGREEN,09:15,87.2,15:29,86.6,-0.69,EOD,No
2026-03-11,2026,SAREGAMA,09:15,328.35,15:29,331.4,0.93,EOD,Yes
2026-03-11,2026,LTTS,09:15,3160,15:29,3098,-1.96,EOD,No
2026-03-11,2026,ATGL,09:15,479,15:29,566.9,18.35,EOD,Yes
2026-03-11,2026,ADANIPOWER,09:15,139.2,15:29,139.2,0,EOD,Neutral
2026-03-11,2026,TORNTPOWER,09:15,1451.5,15:29,1439,-0.86,EOD,No
2026-03-12,2026,NTPCGREEN,09:15,86.5,09:15,85.85,-0.75,HARD_STOP,No
2026-03-12,2026,SAREGAMA,09:15,327.85,09:15,322.45,-1.65,HARD_STOP,No
2026-03-12,2026,LTTS,09:15,3100,09:15,3053.3,-1.51,HARD_STOP,No
2026-03-12,2026,AIIL,09:15,443.1,09:15,440.4,-0.61,HARD_STOP,No
2026-03-12,2026,IFCI,09:15,53,09:15,52.1,-1.7,HARD_STOP,No
2026-03-12,2026,TORNTPOWER,09:15,1435,09:15,1440,0.35,HARD_STOP,Neutral
2026-03-12,2026,JSWENERGY,09:15,484,09:15,487.8,0.79,HARD_STOP,Yes
2026-03-12,2026,ADANIPOWER,09:15,138.84,09:15,137.61,-0.89,HARD_STOP,No
2026-03-12,2026,CESC,09:15,153.4,09:15,154.72,0.86,HARD_STOP,Yes
2026-03-12,2026,COHANCE,09:15,291.7,09:15,286.05,-1.94,HARD_STOP,No
2026-03-13,2026,AIIL,09:15,447,15:29,460,2.91,EOD,Yes
2026-03-13,2026,LTTS,09:15,3129,15:29,3466,10.77,EOD,Yes
2026-03-13,2026,PARADEEP,09:15,110.4,15:29,110.11,-0.26,EOD,No
2026-03-13,2026,IFCI,09:15,55,15:29,57.01,3.65,EOD,Yes
2026-03-13,2026,PREMIERENE,09:15,781.95,15:29,779,-0.38,EOD,No
2026-03-13,2026,FACT,09:15,830,15:29,849.95,2.4,EOD,Yes
2026-03-13,2026,COHANCE,09:15,286.7,15:29,298.2,4.01,EOD,Yes
2026-03-13,2026,AUROPHARMA,09:15,1304.3,15:29,1294.2,-0.77,EOD,No
2026-03-16,2026,PARADEEP,09:15,111,09:16,109.1,-1.71,HARD_STOP,No
2026-03-16,2026,SAREGAMA,09:15,342.6,09:16,341.75,-0.25,HARD_STOP,No
2026-03-16,2026,NTPCGREEN,09:15,100,09:16,97.55,-2.45,HARD_STOP,No
2026-03-16,2026,TORNTPOWER,09:15,1462,09:16,1471.5,0.65,HARD_STOP,Yes
2026-03-16,2026,PREMIERENE,09:15,781,09:16,773.15,-1.01,HARD_STOP,No
2026-03-16,2026,GESHIP,09:15,1450,09:16,1432,-1.24,HARD_STOP,No
2026-03-16,2026,JSWENERGY,09:15,512.95,09:16,510.15,-0.55,HARD_STOP,No
2026-03-16,2026,FACT,09:15,858,09:16,831.4,-3.1,HARD_STOP,No
2026-03-16,2026,ADANIPOWER,09:15,149.9,09:16,149.82,-0.05,HARD_STOP,No
2026-03-16,2026,AUROPHARMA,09:15,1302,09:16,1309.9,0.61,HARD_STOP,Yes
2026-03-17,2026,FIRSTCRY,09:15,214.05,09:16,210.36,-1.72,HARD_STOP,No
2026-03-17,2026,JPPOWER,09:15,14.04,09:16,13.59,-3.21,HARD_STOP,No
2026-03-17,2026,OLECTRA,09:15,906,09:16,898,-0.88,HARD_STOP,No
2026-03-17,2026,IGIL,09:15,307.05,09:16,307.3,0.08,HARD_STOP,Neutral
2026-03-17,2026,JBMA,09:15,488.75,09:16,490,0.26,HARD_STOP,Neutral
2026-03-17,2026,AWL,09:15,173.55,09:16,174.41,0.5,HARD_STOP,Yes
2026-03-17,2026,MMTC,09:15,52.6,09:16,52.65,0.1,HARD_STOP,Neutral
2026-03-17,2026,TARIL,09:15,268,09:16,267,-0.37,HARD_STOP,No
2026-03-17,2026,HONASA,09:15,265.9,09:16,264.75,-0.43,HARD_STOP,No
2026-03-17,2026,LLOYDSME,09:15,1153.1,09:16,1154.9,0.16,HARD_STOP,Neutral
2026-03-17,2026,ANGELONE,09:15,218,09:16,217,-0.46,HARD_STOP,No
2026-03-17,2026,HEXT,09:15,420,09:16,412.45,-1.8,HARD_STOP,No
2026-03-17,2026,TRIDENT,09:15,22.64,09:16,22.45,-0.84,HARD_STOP,No
2026-03-18,2026,FIRSTCRY,09:15,214.1,15:29,214,-0.05,EOD,No
2026-03-18,2026,OLECTRA,09:15,905,15:29,1033.15,14.16,EOD,Yes
2026-03-18,2026,JBMA,09:15,496.2,15:29,590.6,19.02,EOD,Yes
2026-03-18,2026,MMTC,09:15,53.2,15:29,63.79,19.91,EOD,Yes
2026-03-18,2026,AWL,09:15,176,15:29,177.4,0.8,EOD,Yes
2026-03-18,2026,HONASA,09:15,266.2,15:29,280,5.18,EOD,Yes
2026-03-18,2026,ANGELONE,09:15,217.9,15:29,236.2,8.4,EOD,Yes
2026-03-18,2026,TRIDENT,09:15,22.3,15:29,24.4,9.42,EOD,Yes
2026-03-18,2026,OLAELEC,09:15,23.63,15:29,24.75,4.74,EOD,Yes
2026-03-18,2026,HEXT,09:15,425,15:29,436.7,2.75,EOD,Yes
2026-03-19,2026,FIRSTCRY,09:15,211,13:25,210,-0.47,TRAIL,No
2026-03-19,2026,AWL,09:15,175,13:25,176.65,0.94,TRAIL,Yes
2026-03-19,2026,ACUTAAS,09:15,2177.4,13:25,2249.5,3.31,TRAIL,Yes
2026-03-19,2026,TARIL,09:15,280.5,13:25,280.1,-0.14,TRAIL,No
2026-03-19,2026,CHENNPETRO,09:15,1008,13:25,1028.9,2.07,TRAIL,Yes
2026-03-19,2026,GMDCLTD,09:15,548,13:25,541.25,-1.23,TRAIL,No
2026-03-20,2026,FIRSTCRY,09:15,210.7,15:29,252.07,19.63,EOD,Yes
2026-03-20,2026,AWL,09:15,178.74,15:29,189.44,5.99,EOD,Yes
2026-03-20,2026,OLECTRA,09:15,1009.45,15:29,1084.9,7.47,EOD,Yes
2026-03-20,2026,JBMA,09:15,550,15:29,556.8,1.24,EOD,Yes
2026-03-20,2026,TARIL,09:15,280,15:29,286.95,2.48,EOD,Yes
2026-03-20,2026,ACUTAAS,09:15,2254.9,15:29,2400,6.43,EOD,Yes
2026-03-20,2026,HONASA,09:15,279.9,15:29,289.45,3.41,EOD,Yes
2026-03-20,2026,LLOYDSME,09:15,1201,15:29,1246,3.75,EOD,Yes
2026-03-20,2026,HEXT,09:15,427.05,15:29,440,3.03,EOD,Yes
2026-03-20,2026,IGIL,09:15,335,15:29,339.95,1.48,EOD,Yes
2026-03-20,2026,TRIDENT,09:15,23.71,15:29,24.04,1.39,EOD,Yes
2026-03-20,2026,GMDCLTD,09:15,539.9,15:29,580,7.43,EOD,Yes
2026-03-20,2026,OLAELEC,09:15,24,15:29,25.11,4.62,EOD,Yes
2026-03-20,2026,MMTC,09:15,60.5,15:29,58.6,-3.14,EOD,No
2026-03-20,2026,CHENNPETRO,09:15,1017.2,15:29,1058,4.01,EOD,Yes
2026-03-23,2026,JPPOWER,09:15,15.5,09:17,15.38,-0.77,HARD_STOP,No
2026-03-23,2026,IGIL,09:15,334.8,09:17,333.7,-0.33,HARD_STOP,No
2026-03-23,2026,WAAREEENER,09:15,3108.8,09:17,3087,-0.7,HARD_STOP,No
2026-03-23,2026,PREMIERENE,09:15,851,09:17,852.8,0.21,HARD_STOP,Neutral
2026-03-23,2026,MMTC,09:15,58,09:17,57.04,-1.66,HARD_STOP,No
2026-03-24,2026,SPLPETRO,09:15,642.9,09:15,636.8,-0.95,HARD_STOP,No
2026-03-24,2026,GRAPHITE,09:15,576,09:15,571.9,-0.71,HARD_STOP,No
2026-03-24,2026,HEG,09:15,488,09:15,489,0.2,HARD_STOP,Neutral
2026-03-24,2026,KARURVYSYA,09:15,271.05,09:15,264.6,-2.38,HARD_STOP,No
2026-03-24,2026,SAGILITY,09:15,37.08,09:15,37.21,0.35,HARD_STOP,Neutral
2026-03-24,2026,CHOICEIN,09:15,600.05,09:15,599.05,-0.17,HARD_STOP,No
2026-03-24,2026,ONESOURCE,09:15,1397.9,09:15,1374.7,-1.66,HARD_STOP,No
2026-03-24,2026,AFFLE,09:15,1303.7,09:15,1277.1,-2.04,HARD_STOP,No
2026-03-24,2026,SAMMAANCAP,09:15,135.9,09:15,134.32,-1.16,HARD_STOP,No
2026-03-24,2026,SYRMA,09:15,774.9,09:15,759.85,-1.94,HARD_STOP,No
2026-03-24,2026,ACMESOLAR,09:15,246,09:15,239.5,-2.64,HARD_STOP,No
2026-03-24,2026,BALRAMCHIN,09:15,480.5,09:15,471.35,-1.9,HARD_STOP,No
2026-03-24,2026,EMCURE,09:15,1499.4,09:15,1472.5,-1.79,HARD_STOP,No
2026-03-24,2026,TBOTEK,09:15,1050,09:15,1032.6,-1.66,HARD_STOP,No
2026-03-24,2026,GRANULES,09:15,589,09:15,582.9,-1.04,HARD_STOP,No
2026-03-25,2026,ONESOURCE,09:15,1310,15:29,1413,7.86,EOD,Yes
2026-03-25,2026,GRAPHITE,09:15,579,15:29,599.95,3.62,EOD,Yes
2026-03-25,2026,BALRAMCHIN,09:15,485,15:29,507.4,4.62,EOD,Yes
2026-03-25,2026,APARINDS,09:15,9859,15:29,9960,1.02,EOD,Yes
2026-03-25,2026,CUB,09:15,235.5,15:29,249.35,5.88,EOD,Yes
2026-03-27,2026,ONESOURCE,09:15,1352.9,15:29,1425,5.33,EOD,Yes
2026-03-27,2026,SPLPETRO,09:15,664,15:29,768,15.66,EOD,Yes
2026-03-27,2026,APARINDS,09:15,9980,15:29,10550,5.71,EOD,Yes
2026-03-30,2026,CHOICEIN,09:15,633,09:15,623.8,-1.45,HARD_STOP,No
2026-03-30,2026,SAMMAANCAP,09:15,148.6,09:15,146.49,-1.42,HARD_STOP,No
2026-03-30,2026,BALRAMCHIN,09:15,488.5,09:15,492.7,0.86,HARD_STOP,Yes
2026-03-30,2026,TBOTEK,09:15,1094,09:15,1071.8,-2.03,HARD_STOP,No
2026-03-30,2026,GRANULES,09:15,622.5,09:15,620.15,-0.38,HARD_STOP,No
2026-03-30,2026,SYRMA,09:15,805.8,09:15,793.55,-1.52,HARD_STOP,No
2026-03-30,2026,INDGN,09:15,452,09:15,440.4,-2.57,HARD_STOP,No
2026-03-30,2026,ACUTAAS,09:15,2515,09:15,2516.6,0.06,HARD_STOP,Neutral
2026-04-01,2026,LATENTVIEW,09:15,263.85,09:15,259.8,-1.53,HARD_STOP,No
2026-04-01,2026,OLAELEC,09:15,23.99,09:15,23.57,-1.75,HARD_STOP,No
2026-04-01,2026,TTML,09:15,32.93,09:15,32.71,-0.67,HARD_STOP,No
2026-04-01,2026,IDBI,09:15,63.1,09:15,63.5,0.63,HARD_STOP,Yes
2026-04-01,2026,RPOWER,09:15,21.65,09:15,21.14,-2.36,HARD_STOP,No
2026-04-01,2026,SAPPHIRE,09:15,156.4,09:15,153.25,-2.01,HARD_STOP,No
2026-04-01,2026,POLYMED,09:15,1209.9,09:15,1215.3,0.45,HARD_STOP,Yes
2026-04-01,2026,IFCI,09:15,50.81,09:15,50.04,-1.52,HARD_STOP,No
2026-04-01,2026,BSOFT,09:15,342.85,09:15,342.4,-0.13,HARD_STOP,No
2026-04-01,2026,HINDCOPPER,09:15,473.7,09:15,478.75,1.07,HARD_STOP,Yes
2026-04-01,2026,GODREJIND,09:15,770,09:15,768.15,-0.24,HARD_STOP,No
2026-04-01,2026,RHIM,09:15,345,09:15,348,0.87,HARD_STOP,Yes
2026-04-01,2026,BLS,09:15,248.15,09:15,243.76,-1.77,HARD_STOP,No
2026-04-01,2026,GRSE,09:15,2065,09:15,2067.8,0.14,HARD_STOP,Neutral
2026-04-01,2026,TATACHEM,09:15,605,09:15,598,-1.16,HARD_STOP,No
2026-04-06,2026,SAPPHIRE,09:15,152.23,09:16,153,0.51,HARD_STOP,Yes
2026-04-06,2026,GRSE,09:15,2270,09:16,2228.8,-1.81,HARD_STOP,No
2026-04-06,2026,IFCI,09:15,53.5,09:16,52.06,-2.69,HARD_STOP,No
2026-04-06,2026,RHIM,09:15,365,09:16,361.4,-0.99,HARD_STOP,No
2026-04-06,2026,MAZDOCK,09:15,2270,09:16,2248.9,-0.93,HARD_STOP,No
2026-04-06,2026,RPOWER,09:15,22.65,09:16,22.39,-1.15,HARD_STOP,No
2026-04-06,2026,JWL,09:15,258.75,09:16,253.6,-1.99,HARD_STOP,No
2026-04-07,2026,COHANCE,09:15,302.9,15:29,299.4,-1.16,EOD,No
2026-04-07,2026,ASHOKLEY,09:15,150,15:29,152.46,1.64,EOD,Yes
2026-04-07,2026,FIVESTAR,09:15,356,15:29,375,5.34,EOD,Yes
2026-04-07,2026,ITI,09:15,257,15:29,256.8,-0.08,EOD,No
2026-04-07,2026,PHOENIXLTD,09:15,1540,15:29,1600,3.9,EOD,Yes
2026-04-07,2026,JPPOWER,09:15,15.2,15:29,15.18,-0.13,EOD,No
2026-04-07,2026,NIACL,09:15,123.93,15:29,124.5,0.46,EOD,Yes
2026-04-08,2026,DEVYANI,09:15,104.49,09:23,103.16,-1.27,HARD_STOP,No
2026-04-08,2026,GRAVITA,09:15,1463.9,09:23,1439.9,-1.64,HARD_STOP,No
2026-04-08,2026,COHANCE,09:15,311,09:23,305,-1.93,HARD_STOP,No
2026-04-08,2026,ASHOKLEY,09:15,165.1,09:23,164.34,-0.46,HARD_STOP,No
2026-04-08,2026,JPPOWER,09:15,15.8,09:23,15.65,-0.95,HARD_STOP,No
2026-04-08,2026,ITI,09:15,268.39,09:23,263.88,-1.68,HARD_STOP,No
2026-04-08,2026,LODHA,09:15,754.8,09:23,761.8,0.93,HARD_STOP,Yes
2026-04-08,2026,CHOLAHLDNG,09:15,1465,09:23,1481.2,1.11,HARD_STOP,Yes
2026-04-08,2026,SAPPHIRE,09:15,166.49,09:23,162.94,-2.13,HARD_STOP,No
2026-04-08,2026,NIACL,09:15,128,09:23,129.26,0.98,HARD_STOP,Yes
2026-04-08,2026,HINDPETRO,09:15,354,09:23,357.5,0.99,HARD_STOP,Yes
2026-04-08,2026,OLECTRA,09:15,1085,09:23,1061,-2.21,HARD_STOP,No
2026-04-08,2026,CHOLAFIN,09:15,1503,09:23,1513.1,0.67,HARD_STOP,Yes
2026-04-08,2026,ZEEL,09:15,76.61,09:23,75.31,-1.7,HARD_STOP,No
2026-04-10,2026,PGEL,09:15,486.4,15:29,487,0.12,EOD,Neutral
2026-04-10,2026,DEVYANI,09:15,104.63,15:29,108.55,3.75,EOD,Yes
2026-04-10,2026,ZEEL,09:15,79.7,15:29,81.94,2.81,EOD,Yes
2026-04-10,2026,SAPPHIRE,09:15,160.6,15:29,171,6.48,EOD,Yes
2026-04-10,2026,NIACL,09:15,131.01,15:29,155.92,19.01,EOD,Yes
2026-04-10,2026,LODHA,09:15,790,15:29,825.85,4.54,EOD,Yes
2026-04-10,2026,IRCON,09:15,134.6,15:29,136.8,1.63,EOD,Yes
2026-04-10,2026,SBFC,09:15,88.65,15:29,92.65,4.51,EOD,Yes
2026-04-10,2026,ASHOKLEY,09:15,172.9,15:29,177.99,2.94,EOD,Yes
2026-04-10,2026,BLUEJET,09:15,376.9,15:29,406.85,7.95,EOD,Yes
2026-04-10,2026,REDINGTON,09:15,220.49,15:29,221,0.23,EOD,Neutral
2026-04-10,2026,RPOWER,09:15,24.68,15:29,25.28,2.43,EOD,Yes
2026-04-13,2026,PGEL,09:15,470.45,09:15,466.05,-0.94,HARD_STOP,No
2026-04-13,2026,REDINGTON,09:15,215,09:15,213.39,-0.75,HARD_STOP,No
2026-04-13,2026,HBLENGINE,09:15,712.8,09:15,709.8,-0.42,HARD_STOP,No
2026-04-13,2026,BDL,09:15,1316,09:15,1311.7,-0.33,HARD_STOP,No
2026-04-13,2026,FIVESTAR,09:15,416,09:15,408.7,-1.75,HARD_STOP,No
2026-04-15,2026,GUJGASLTD,09:15,322,15:29,326,1.24,EOD,Yes
2026-04-15,2026,TRITURBINE,09:15,469,15:29,473.95,1.06,EOD,Yes
2026-04-15,2026,NETWEB,09:15,3390,15:29,3575,5.46,EOD,Yes
2026-04-15,2026,SONATSOFTW,09:15,246.9,15:29,254,2.88,EOD,Yes
2026-04-15,2026,JWL,09:15,267.8,15:29,273.75,2.22,EOD,Yes
2026-04-15,2026,PGEL,09:15,502,15:29,537.5,7.07,EOD,Yes
2026-04-15,2026,ECLERX,09:15,1470,15:29,1490,1.36,EOD,Yes
2026-04-15,2026,RVNL,09:15,278,15:29,286.5,3.06,EOD,Yes
2026-04-15,2026,INOXWIND,09:15,91,15:29,93.39,2.63,EOD,Yes
2026-04-15,2026,DCMSHRIRAM,09:15,1126,15:29,1176.9,4.52,EOD,Yes
2026-04-15,2026,MMTC,09:15,60.83,15:29,60.38,-0.74,EOD,No
2026-04-15,2026,NLCINDIA,09:15,274,15:29,275.5,0.55,EOD,Yes
2026-04-15,2026,TBOTEK,09:15,1185.9,15:29,1225,3.3,EOD,Yes
2026-04-16,2026,NLCINDIA,09:15,277.35,15:29,300.85,8.47,EOD,Yes
2026-04-16,2026,GMDCLTD,09:15,628.4,15:29,746.75,18.83,EOD,Yes
2026-04-17,2026,TRITURBINE,09:15,480,15:29,517.5,7.81,EOD,Yes
2026-04-17,2026,NAVA,09:15,626.05,15:29,693.2,10.73,EOD,Yes
2026-04-17,2026,RPOWER,09:15,28.89,15:29,28.58,-1.07,EOD,No
2026-04-17,2026,IRCON,09:15,143.16,15:29,154.6,7.99,EOD,Yes
2026-04-20,2026,RPOWER,09:15,29,09:15,28.37,-2.17,HARD_STOP,No
2026-04-20,2026,SONATSOFTW,09:15,282,09:15,274.12,-2.79,HARD_STOP,No
2026-04-20,2026,PGEL,09:15,561,09:15,551.85,-1.63,HARD_STOP,No
2026-04-20,2026,APTUS,09:15,246.7,09:15,243.87,-1.15,HARD_STOP,No
2026-04-20,2026,JSWENERGY,09:15,540,09:15,535.25,-0.88,HARD_STOP,No
2026-04-20,2026,JWL,09:15,286.01,09:15,281.5,-1.58,HARD_STOP,No
2026-04-20,2026,TARIL,09:15,325,09:15,322.8,-0.68,HARD_STOP,No
2026-04-21,2026,PPLPHARMA,09:15,149,15:29,150.9,1.28,EOD,Yes
2026-04-21,2026,DATAPATTNS,09:15,3478.9,15:29,3532,1.53,EOD,Yes
2026-04-21,2026,ONESOURCE,09:15,1565,15:29,1564.8,-0.01,EOD,No
2026-04-21,2026,HSCL,09:15,490,15:29,506.1,3.29,EOD,Yes
2026-04-21,2026,CLEAN,09:15,747,15:29,753.5,0.87,EOD,Yes
2026-04-21,2026,ARE&M,09:15,766,15:29,775.15,1.19,EOD,Yes
2026-04-21,2026,WELCORP,09:15,1080.1,15:29,1101,1.94,EOD,Yes
2026-04-21,2026,PNBHOUSING,09:15,949.5,15:29,979,3.11,EOD,Yes
2026-04-21,2026,DEEPAKNTR,09:15,1548,15:29,1642.8,6.12,EOD,Yes
2026-04-21,2026,JUBLINGREA,09:15,665,15:29,662.85,-0.32,EOD,No
2026-04-21,2026,ADANIENSOL,09:15,1268.35,15:29,1269.5,0.09,EOD,Neutral
2026-04-21,2026,OFSS,09:15,8130,15:29,7980,-1.85,EOD,No
2026-04-21,2026,SAILIFE,09:15,959.4,15:29,959,-0.04,EOD,No
2026-04-22,2026,ONESOURCE,09:15,1564.8,15:29,1605,2.57,EOD,Yes
2026-04-22,2026,PPLPHARMA,09:15,150.71,15:29,153.6,1.92,EOD,Yes
2026-04-22,2026,DATAPATTNS,09:15,3536,15:29,3840,8.6,EOD,Yes
2026-04-22,2026,CLEAN,09:15,754.85,15:29,766.7,1.57,EOD,Yes
2026-04-22,2026,ARE&M,09:15,779.45,15:29,905,16.11,EOD,Yes
2026-04-22,2026,ADANIENSOL,09:15,1269.5,15:29,1367,7.68,EOD,Yes
2026-04-22,2026,JUBLINGREA,09:15,662.35,15:29,697.5,5.31,EOD,Yes
2026-04-22,2026,OFSS,09:15,7878,15:29,8122,3.1,EOD,Yes
2026-04-22,2026,SAILIFE,09:15,959,15:29,1010,5.32,EOD,Yes
2026-04-22,2026,DRREDDY,09:15,1214.1,15:29,1216.3,0.18,EOD,Neutral
2026-04-23,2026,PPLPHARMA,09:15,153.81,15:29,163.96,6.6,EOD,Yes
2026-04-23,2026,CLEAN,09:15,766,15:29,803,4.83,EOD,Yes
2026-04-23,2026,TARIL,09:15,309.6,15:29,319,3.04,EOD,Yes
2026-04-23,2026,EMCURE,09:15,1605.5,15:29,1633,1.71,EOD,Yes
2026-04-23,2026,GVT&D,09:15,4300,15:29,4495.9,4.56,EOD,Yes
2026-04-24,2026,MANAPPURAM,09:15,292.85,09:20,290.9,-0.67,HARD_STOP,No
2026-04-24,2026,ADANIENSOL,09:15,1359.95,09:20,1322.35,-2.76,HARD_STOP,No
2026-04-24,2026,ELECON,09:15,512.05,09:20,506.6,-1.06,HARD_STOP,No
2026-04-24,2026,EMCURE,09:15,1644.2,09:20,1653.3,0.55,HARD_STOP,Yes
2026-04-24,2026,PNBHOUSING,09:15,1012,09:20,1002.7,-0.92,HARD_STOP,No
2026-04-24,2026,PARADEEP,09:15,137,09:20,136.15,-0.62,HARD_STOP,No
2026-04-27,2026,PPLPHARMA,09:15,166.29,14:03,168.96,1.61,TRAIL,Yes
2026-04-27,2026,DATAPATTNS,09:15,4100,14:03,3974,-3.07,TRAIL,No
2026-04-27,2026,TARIL,09:15,329.4,14:03,342.85,4.08,TRAIL,Yes
2026-04-27,2026,WELCORP,09:15,1224.5,14:03,1219.45,-0.41,TRAIL,No
2026-04-27,2026,MANAPPURAM,09:15,289.5,14:03,290,0.17,TRAIL,Neutral
2026-04-27,2026,PARADEEP,09:15,134.55,14:03,136.21,1.23,TRAIL,Yes
2026-04-27,2026,POWERINDIA,09:15,32340,14:03,32120,-0.68,TRAIL,No
2026-04-27,2026,ELECON,09:15,515.1,14:03,505.55,-1.85,TRAIL,No
2026-04-27,2026,DEEPAKNTR,09:15,1690.3,14:03,1688.1,-0.13,TRAIL,No
2026-04-27,2026,TORNTPOWER,09:15,1710,14:03,1784.6,4.36,TRAIL,Yes
2026-04-28,2026,CHENNPETRO,09:15,1002.4,15:29,1068.2,6.56,EOD,Yes
2026-04-28,2026,GESHIP,09:15,1428,15:29,1474,3.22,EOD,Yes
2026-04-28,2026,RBLBANK,09:15,310,15:29,321.15,3.6,EOD,Yes
2026-04-28,2026,ERIS,09:15,1359,15:29,1326.2,-2.41,EOD,No
2026-04-28,2026,HSCL,09:15,571,15:29,570,-0.18,EOD,No
2026-04-29,2026,SAPPHIRE,09:15,175,15:29,209.16,19.52,EOD,Yes
2026-04-29,2026,IIFL,09:15,442.9,15:29,449,1.38,EOD,Yes
2026-04-29,2026,DEVYANI,09:15,112.85,15:29,127.5,12.98,EOD,Yes
2026-04-29,2026,CONCORDBIO,09:15,1074.3,15:29,1136,5.74,EOD,Yes
2026-04-29,2026,HFCL,09:15,107.69,15:29,107.04,-0.6,EOD,No
2026-04-29,2026,IKS,09:15,1527.8,15:29,1561.9,2.23,EOD,Yes
2026-04-29,2026,ERIS,09:15,1335,15:29,1317.9,-1.28,EOD,No
2026-04-29,2026,BLUEJET,09:15,442,15:29,442,0,EOD,Neutral
2026-04-29,2026,HSCL,09:15,573.55,15:29,600.05,4.62,EOD,Yes
2026-04-30,2026,CEMPRO,09:15,738,15:29,815.25,10.47,EOD,Yes
2026-04-30,2026,HFCL,09:15,106.8,15:29,115.95,8.57,EOD,Yes
2026-04-30,2026,ERIS,09:15,1317.9,15:29,1321,0.24,EOD,Neutral
2026-04-30,2026,COHANCE,09:15,469.7,15:29,480.7,2.34,EOD,Yes
2026-04-30,2026,BLUEJET,09:15,447,15:29,441.2,-1.3,EOD,No
2026-04-30,2026,RRKABEL,09:15,1618.1,15:29,1571,-2.91,EOD,No
2026-05-04,2026,ERIS,09:15,1322.9,13:23,1347.4,1.85,HARD_STOP,Yes
2026-05-04,2026,SAPPHIRE,09:15,199.6,13:23,194.4,-2.61,HARD_STOP,No
2026-05-04,2026,RBLBANK,09:15,339,13:23,330.25,-2.58,HARD_STOP,No
2026-05-04,2026,CHENNPETRO,09:15,1131,13:23,1105.8,-2.23,HARD_STOP,No
2026-05-04,2026,DEVYANI,09:15,123.44,13:23,121.52,-1.56,HARD_STOP,No
2026-05-04,2026,CONCORDBIO,09:15,1158.9,13:23,1195.8,3.18,HARD_STOP,Yes
2026-05-04,2026,BLUEJET,09:15,445,13:23,472.5,6.18,HARD_STOP,Yes
2026-05-04,2026,HSCL,09:15,619.15,13:23,597.4,-3.51,HARD_STOP,No
2026-05-04,2026,GESHIP,09:15,1590,13:23,1529.1,-3.83,HARD_STOP,No
2026-05-04,2026,RKFORGE,09:15,607.5,13:23,600.35,-1.18,HARD_STOP,No
2026-05-05,2026,ECLERX,09:15,1419,15:29,1450,2.18,EOD,Yes
2026-05-05,2026,FSL,09:15,215.53,15:29,219.45,1.82,EOD,Yes
2026-05-05,2026,NUVOCO,09:15,290.55,15:29,294.3,1.29,EOD,Yes
2026-05-05,2026,NUVAMA,09:15,1334.1,15:29,1364.7,2.29,EOD,Yes
2026-05-05,2026,PAYTM,09:15,1111.6,15:29,1088.1,-2.11,EOD,No
2026-05-05,2026,COFORGE,09:15,1166,15:29,1168,0.17,EOD,Neutral
2026-05-05,2026,CARTRADE,09:15,1655,15:29,1641.1,-0.84,EOD,No
2026-05-05,2026,CRAFTSMAN,09:15,7679,15:29,7744,0.85,EOD,Yes
2026-05-05,2026,GODREJIND,09:15,960.45,15:29,983.4,2.39,EOD,Yes
2026-05-05,2026,YESBANK,09:15,19.98,15:29,20.57,2.95,EOD,Yes
2026-05-05,2026,TEJASNET,09:15,422,15:29,425.75,0.89,EOD,Yes
2026-05-05,2026,CAMS,09:15,738,15:29,800,8.4,EOD,Yes
2026-05-05,2026,CREDITACC,09:15,1332.9,15:29,1475,10.66,EOD,Yes
2026-05-06,2026,COFORGE,09:15,1261.2,15:29,1280,1.49,EOD,Yes
2026-05-06,2026,NUVOCO,09:15,297.25,15:29,308.4,3.75,EOD,Yes
2026-05-06,2026,CRAFTSMAN,09:15,7800,15:29,7775,-0.32,EOD,No
2026-05-06,2026,PAYTM,09:15,1105,15:29,1110,0.45,EOD,Yes
2026-05-06,2026,FSL,09:15,222.1,15:29,244.9,10.27,EOD,Yes
2026-05-06,2026,NUVAMA,09:15,1365,15:29,1435,5.13,EOD,Yes
2026-05-06,2026,SONATSOFTW,09:15,263.15,15:29,270.5,2.79,EOD,Yes
2026-05-06,2026,GODREJIND,09:15,995,15:29,1020,2.51,EOD,Yes
2026-05-06,2026,CARTRADE,09:15,1666,15:29,1811,8.7,EOD,Yes
2026-05-06,2026,TEJASNET,09:15,430,15:29,465.05,8.15,EOD,Yes
2026-05-06,2026,THERMAX,09:15,4148.8,15:29,4066.7,-1.98,EOD,No
2026-05-06,2026,PIDILITIND,09:15,1374.8,15:29,1423,3.51,EOD,Yes
2026-05-07,2026,CRAFTSMAN,09:15,7825,15:29,8759.5,11.94,EOD,Yes
2026-05-07,2026,THERMAX,09:15,4097.1,15:29,4211.2,2.78,EOD,Yes
2026-05-07,2026,ACE,09:15,893.9,15:29,907,1.47,EOD,Yes
2026-05-07,2026,FINCABLES,09:15,1048.05,15:29,1090.2,4.02,EOD,Yes
2026-05-08,2026,FSL,09:15,235.18,15:29,272.05,15.68,EOD,Yes
2026-05-08,2026,SONATSOFTW,09:15,275,15:29,296.65,7.87,EOD,Yes
2026-05-08,2026,ECLERX,09:15,1590,15:29,1669,4.97,EOD,Yes
2026-05-08,2026,GODFRYPHLP,09:15,2334,15:29,2421,3.73,EOD,Yes
2026-05-08,2026,COFORGE,09:15,1279.1,15:29,1365.2,6.73,EOD,Yes
2026-05-08,2026,M&MFIN,09:15,327,15:29,339.05,3.69,EOD,Yes
2026-05-08,2026,CREDITACC,09:15,1488,15:29,1493.2,0.35,EOD,Neutral
2026-05-11,2026,HFCL,09:15,139.3,09:16,139.52,0.16,HARD_STOP,Neutral
2026-05-11,2026,NUVOCO,09:15,325,09:16,322.85,-0.66,HARD_STOP,No
2026-05-11,2026,CHOLAHLDNG,09:15,1778.1,09:16,1758.3,-1.11,HARD_STOP,No
2026-05-11,2026,BHEL,09:15,400,09:16,402.85,0.71,HARD_STOP,Yes
2026-05-11,2026,CREDITACC,09:15,1515,09:16,1498.1,-1.12,HARD_STOP,No
2026-05-11,2026,CARTRADE,09:15,1907.7,09:16,1871,-1.92,HARD_STOP,No
2026-05-11,2026,ZENTEC,09:15,1625.1,09:16,1605.7,-1.19,HARD_STOP,No
2026-05-11,2026,RRKABEL,09:15,1942.3,09:16,1938.9,-0.18,HARD_STOP,No
2026-05-12,2026,CARTRADE,09:15,1899.9,09:16,1906,0.32,HARD_STOP,Neutral
2026-05-12,2026,USHAMART,09:15,474.5,09:16,469.65,-1.02,HARD_STOP,No
2026-05-12,2026,KPITTECH,09:15,733,09:16,719,-1.91,HARD_STOP,No
2026-05-12,2026,TIMKEN,09:15,3619,09:16,3611,-0.22,HARD_STOP,No
2026-05-13,2026,HFCL,09:15,149,15:29,153,2.68,EOD,Yes
2026-05-13,2026,VTL,09:15,613.75,15:29,608,-0.94,EOD,No
2026-05-13,2026,AFFLE,09:15,1571,15:29,1529.9,-2.62,EOD,No
2026-05-13,2026,KIMS,09:15,746.25,15:29,776.8,4.09,EOD,Yes
2026-05-13,2026,IDEA,09:15,12.18,15:29,12.76,4.76,EOD,Yes
2026-05-13,2026,TIMKEN,09:15,3614.9,15:29,3571.5,-1.2,EOD,No
2026-05-13,2026,WELCORP,09:15,1318,15:29,1351.5,2.54,EOD,Yes
2026-05-13,2026,BALRAMCHIN,09:15,534,15:29,547.5,2.53,EOD,Yes
2026-05-13,2026,DEEPAKNTR,09:15,1840,15:29,1854,0.76,EOD,Yes
2026-05-14,2026,VTL,09:15,609.9,09:34,613,0.51,HARD_STOP,Yes
2026-05-14,2026,CCL,09:15,1135,09:34,1113,-1.94,HARD_STOP,No
2026-05-14,2026,MAPMYINDIA,09:15,1028.95,09:34,1011.25,-1.72,HARD_STOP,No
2026-05-14,2026,FIRSTCRY,09:15,237,09:34,236.89,-0.05,HARD_STOP,No
2026-05-14,2026,FIVESTAR,09:15,465,09:34,465.9,0.19,HARD_STOP,Neutral
2026-05-15,2026,HFCL,09:15,152.64,09:15,150.44,-1.44,HARD_STOP,No
2026-05-15,2026,IDEA,09:15,13,09:15,13.02,0.15,HARD_STOP,Neutral
2026-05-15,2026,KIMS,09:15,771.5,09:15,759.15,-1.6,HARD_STOP,No
2026-05-15,2026,DIXON,09:15,11103,09:15,11114,0.1,HARD_STOP,Neutral
2026-05-18,2026,SAILIFE,09:15,1073.5,09:16,1059.6,-1.29,HARD_STOP,No
2026-05-18,2026,VEDL,09:15,323.9,09:16,325.3,0.43,HARD_STOP,Yes
2026-05-18,2026,ADANIENT,09:15,2700,09:16,2690,-0.37,HARD_STOP,No
2026-05-18,2026,OIL,09:15,519.8,09:16,514.35,-1.05,HARD_STOP,No
2026-05-18,2026,IDEA,09:15,12.74,09:16,12.51,-1.81,HARD_STOP,No
2026-05-18,2026,BERGEPAINT,09:15,525.5,09:16,521.5,-0.76,HARD_STOP,No
2026-05-18,2026,DIXON,09:15,10871,09:16,10809,-0.57,HARD_STOP,No
2026-05-19,2026,COHANCE,09:15,440,09:35,448.7,1.98,TRAIL,Yes
2026-05-19,2026,VEDL,09:15,325.4,09:35,326.3,0.28,TRAIL,Neutral
2026-05-19,2026,MRPL,09:15,149.41,09:35,147.53,-1.26,TRAIL,No
2026-05-19,2026,CEMPRO,09:15,889.5,09:35,884.6,-0.55,TRAIL,No
2026-05-19,2026,LODHA,09:15,845.7,09:35,869.85,2.86,TRAIL,Yes
2026-05-19,2026,TEJASNET,09:15,442.2,09:35,458.45,3.67,TRAIL,Yes
2026-05-19,2026,KPITTECH,09:15,712,09:35,728,2.25,TRAIL,Yes
2026-05-19,2026,SAPPHIRE,09:15,181.21,09:35,179.54,-0.92,TRAIL,No
2026-05-19,2026,CONCORDBIO,09:15,1127,09:35,1138.2,0.99,TRAIL,Yes
2026-05-19,2026,KALYANKJIL,09:15,347.6,09:35,344,-1.04,TRAIL,No
2026-05-19,2026,SWIGGY,09:15,255.1,09:35,257.5,0.94,TRAIL,Yes
2026-05-19,2026,RPOWER,09:15,26.7,09:35,26.78,0.3,TRAIL,Neutral
2026-05-19,2026,BHEL,09:15,397,09:35,391.5,-1.39,TRAIL,No
2026-05-19,2026,ZENTEC,09:15,1560,09:35,1554,-0.38,TRAIL,No
2026-05-20,2026,SAMMAANCAP,09:15,137.55,09:17,136.44,-0.81,HARD_STOP,No
2026-05-20,2026,HONAUT,09:15,29075,09:17,28795,-0.96,HARD_STOP,No
2026-05-20,2026,TECHNOE,09:15,1180,09:17,1168.8,-0.95,HARD_STOP,No
2026-05-20,2026,MINDACORP,09:15,516.95,09:17,512,-0.96,HARD_STOP,No
2026-05-20,2026,POWERINDIA,09:15,33000,09:17,32960,-0.12,HARD_STOP,No
2026-05-20,2026,GVT&D,09:15,4450,09:17,4449.9,0,HARD_STOP,Neutral
2026-05-20,2026,TATACOMM,09:15,1630.2,09:17,1639.2,0.55,HARD_STOP,Yes
2026-05-20,2026,ELECON,09:15,484.75,09:17,478,-1.39,HARD_STOP,No
2026-05-20,2026,ELGIEQUIP,09:15,536.65,09:17,530.55,-1.14,HARD_STOP,No
2026-05-20,2026,3MINDIA,09:15,31700,09:17,31410,-0.91,HARD_STOP,No
2026-05-21,2026,TECHNOE,09:15,1207.5,15:29,1294,7.16,EOD,Yes
2026-05-21,2026,MINDACORP,09:15,519.8,15:29,533.6,2.65,EOD,Yes
2026-05-21,2026,HONASA,09:15,361,15:29,361.7,0.19,EOD,Neutral
2026-05-21,2026,DEEPAKFERT,09:15,1323.1,15:29,1392.8,5.27,EOD,Yes
2026-05-21,2026,ELECON,09:15,490,15:29,510,4.08,EOD,Yes
2026-05-21,2026,3MINDIA,09:15,31425,15:29,32240,2.59,EOD,Yes
2026-05-21,2026,ANGELONE,09:15,327.8,15:29,339.35,3.52,EOD,Yes
2026-05-21,2026,ECLERX,09:15,1531,15:29,1540.1,0.59,EOD,Yes
2026-05-21,2026,LATENTVIEW,09:15,322.3,15:29,319.5,-0.87,EOD,No
2026-05-22,2026,HONASA,09:15,385,09:40,387.15,0.56,HARD_STOP,Yes
2026-05-22,2026,PCBL,09:15,288.9,09:40,285.5,-1.18,HARD_STOP,No
2026-05-22,2026,ECLERX,09:15,1544.9,09:40,1532.5,-0.8,HARD_STOP,No
2026-05-22,2026,LATENTVIEW,09:15,321.3,09:40,318,-1.03,HARD_STOP,No
2026-05-25,2026,IGIL,09:15,376,09:19,377.4,0.37,HARD_STOP,Neutral
2026-05-25,2026,PCBL,09:15,297.4,09:19,294.8,-0.87,HARD_STOP,No
2026-05-25,2026,LATENTVIEW,09:15,327.2,09:19,326.5,-0.21,HARD_STOP,No
2026-05-25,2026,POWERINDIA,09:15,36000,09:19,35120,-2.44,HARD_STOP,No
2026-05-25,2026,HONAUT,09:15,35245,09:19,34885,-1.02,HARD_STOP,No
2026-05-25,2026,IRB,09:15,22.43,09:19,21.87,-2.5,HARD_STOP,No
2026-05-25,2026,TRITURBINE,09:15,706.95,09:19,707,0.01,HARD_STOP,Neutral
2026-05-25,2026,ANGELONE,09:15,342,09:19,344.4,0.7,HARD_STOP,Yes
2026-05-26,2026,SAGILITY,09:15,41.65,15:29,41.6,-0.12,EOD,No
2026-05-26,2026,TATATECH,09:15,679,15:29,707.55,4.2,EOD,Yes
2026-05-26,2026,LTM,09:15,4003,15:29,3982,-0.52,EOD,No
2026-05-27,2026,ARE&M,09:15,886,15:29,904.85,2.13,EOD,Yes
2026-05-27,2026,MANAPPURAM,09:15,330,15:29,329,-0.3,EOD,No
2026-05-27,2026,ENGINERSIN,09:15,232,15:29,234.2,0.95,EOD,Yes
2026-05-29,2026,COALINDIA,09:15,458.9,09:54,461.8,0.63,TRAIL,Yes
2026-05-29,2026,ENGINERSIN,09:15,235.95,09:54,238.3,1,TRAIL,Yes
2026-06-01,2026,ZEEL,09:15,94.1,09:15,92.72,-1.47,HARD_STOP,No
2026-06-01,2026,ADANIENSOL,09:15,1521.8,09:15,1515.7,-0.4,HARD_STOP,No
2026-06-01,2026,ADANIPOWER,09:15,245,09:15,244.53,-0.19,HARD_STOP,No
2026-06-01,2026,IFCI,09:15,68.6,09:15,68.44,-0.23,HARD_STOP,No
2026-06-01,2026,HBLENGINE,09:15,830,09:15,820.25,-1.17,HARD_STOP,No
2026-06-01,2026,JKTYRE,09:15,408,09:15,402.4,-1.37,HARD_STOP,No
2026-06-02,2026,JKCEMENT,09:15,5199.5,09:15,5219,0.38,HARD_STOP,Neutral
2026-06-02,2026,CEMPRO,09:15,1064.1,09:15,1053.2,-1.02,HARD_STOP,No
2026-06-02,2026,KPIL,09:15,1300,09:15,1284.1,-1.22,HARD_STOP,No
2026-06-02,2026,THERMAX,09:15,4950,09:15,4875.3,-1.51,HARD_STOP,No
2026-06-02,2026,SYNGENE,09:15,444.05,09:15,445,0.21,HARD_STOP,Neutral
2026-06-02,2026,BLS,09:15,261.8,09:15,260,-0.69,HARD_STOP,No
2026-06-02,2026,CCL,09:15,1064.8,09:15,1060,-0.45,HARD_STOP,No
2026-06-03,2026,NMDC,09:15,96.1,09:41,96.55,0.47,TRAIL,Yes
2026-06-04,2026,CONCORDBIO,09:15,1201.5,09:17,1193.6,-0.66,HARD_STOP,No
2026-06-04,2026,NEWGEN,09:15,508.6,09:17,492,-3.26,HARD_STOP,No
2026-06-04,2026,PTCIL,09:15,18890,09:17,18763,-0.67,HARD_STOP,No
2026-06-04,2026,NMDC,09:15,95.81,09:17,96.49,0.71,HARD_STOP,Yes
2026-06-04,2026,ACMESOLAR,09:15,326.7,09:17,325.5,-0.37,HARD_STOP,No
2026-06-04,2026,NSLNISP,09:15,52,09:17,52.07,0.13,HARD_STOP,Neutral
2026-06-05,2026,OLAELEC,09:15,43.4,09:16,42.96,-1.01,HARD_STOP,No
2026-06-05,2026,CARTRADE,09:15,1921,09:16,1933.9,0.67,HARD_STOP,Yes
2026-06-05,2026,HFCL,09:15,196,09:16,190.88,-2.61,HARD_STOP,No
2026-06-05,2026,IFCI,09:15,82,09:16,81.55,-0.55,HARD_STOP,No
2026-06-05,2026,KPRMILL,09:15,1102,09:16,1095.85,-0.56,HARD_STOP,No
2026-06-05,2026,CHENNPETRO,09:15,1192,09:16,1178.4,-1.14,HARD_STOP,No
2026-06-08,2026,RHIM,09:15,390,13:40,377.9,-3.1,TRAIL,No
2026-06-08,2026,CONCORDBIO,09:15,1204.1,13:40,1201.4,-0.22,TRAIL,No
2026-06-08,2026,RRKABEL,09:15,2179,13:40,2205.7,1.23,TRAIL,Yes
2026-06-08,2026,CHENNPETRO,09:15,1169.3,13:40,1203.7,2.94,TRAIL,Yes
2026-06-08,2026,CEMPRO,09:15,1080,13:40,1123.5,4.03,TRAIL,Yes
2026-06-08,2026,SYRMA,09:15,1194,13:40,1191.8,-0.18,TRAIL,No
2026-06-08,2026,KPRMILL,09:15,1070,13:40,1066.15,-0.36,TRAIL,No
2026-06-08,2026,IIFL,09:15,506.5,13:40,499,-1.48,TRAIL,No
2026-06-08,2026,DATAPATTNS,09:15,4140.6,13:40,4204,1.53,TRAIL,Yes
2026-06-09,2026,ANANDRATHI,09:15,1765,09:21,1750,-0.85,HARD_STOP,No
2026-06-09,2026,HEXT,09:15,525,09:21,524.55,-0.09,HARD_STOP,No
2026-06-09,2026,TECHNOE,09:15,1018,09:21,1023.8,0.57,HARD_STOP,Yes
2026-06-09,2026,PERSISTENT,09:15,5145,09:21,5054,-1.77,HARD_STOP,No
2026-06-09,2026,SAPPHIRE,09:15,177.51,09:21,176,-0.85,HARD_STOP,No
2026-06-09,2026,ELECON,09:15,524.6,09:21,526.2,0.3,HARD_STOP,Neutral
2026-06-09,2026,JSWDULUX,09:15,3181,09:21,3184.9,0.12,HARD_STOP,Neutral
2026-06-09,2026,TATATECH,09:15,780,09:21,756.9,-2.96,HARD_STOP,No
2026-06-09,2026,MCX,09:15,2852,09:21,2877.7,0.9,HARD_STOP,Yes
2026-06-09,2026,DEEPAKNTR,09:15,1675,09:21,1655,-1.19,HARD_STOP,No
2026-06-09,2026,CARBORUNIV,09:15,1065,09:21,1051.4,-1.28,HARD_STOP,No
2026-06-10,2026,CCL,09:15,1151.9,12:21,1190.2,3.32,TRAIL,Yes
2026-06-10,2026,LICI,09:15,404.1,12:21,400.75,-0.83,TRAIL,No
2026-06-10,2026,KAYNES,09:15,3079.9,12:21,3078.9,-0.03,TRAIL,No
2026-06-11,2026,OLAELEC,09:15,46.75,09:16,47.05,0.64,HARD_STOP,Yes
2026-06-11,2026,MRPL,09:15,162.95,09:16,159.03,-2.41,HARD_STOP,No
2026-06-11,2026,BELRISE,09:15,225.5,09:16,222.36,-1.39,HARD_STOP,No
2026-06-11,2026,CUB,09:15,190.5,09:16,191.3,0.42,HARD_STOP,Yes
2026-06-12,2026,CARTRADE,09:15,2404.9,15:29,2343.6,-2.55,EOD,No
2026-06-12,2026,CAPLIPOINT,09:15,2350,15:29,2411.2,2.6,EOD,Yes
2026-06-12,2026,CONCORDBIO,09:15,1345.1,15:29,1357,0.88,EOD,Yes
2026-06-12,2026,ASTERDM,09:15,835,15:29,820,-1.8,EOD,No
2026-06-12,2026,CEMPRO,09:15,1175.9,15:29,1128.7,-4.01,EOD,No
2026-06-12,2026,AEGISVOPAK,09:15,205,15:29,217,5.85,EOD,Yes
2026-06-12,2026,COROMANDEL,09:15,1876,15:29,1924,2.56,EOD,Yes
2026-06-15,2026,AEGISLOG,09:15,954.95,09:15,936,-1.98,HARD_STOP,No
2026-06-15,2026,CONCORDBIO,09:15,1379,09:15,1374.7,-0.31,HARD_STOP,No
2026-06-16,2026,LALPATHLAB,09:15,1620,12:26,1687,4.14,TRAIL,Yes
2026-06-17,2026,AARTIIND,09:15,496.7,09:16,492.85,-0.78,HARD_STOP,No
2026-06-17,2026,LICI,09:15,410.5,09:16,410.2,-0.07,HARD_STOP,No
2026-06-17,2026,KALYANKJIL,09:15,379,09:16,378.85,-0.04,HARD_STOP,No
2026-06-17,2026,APARINDS,09:15,16168,09:16,16008,-0.99,HARD_STOP,No
2026-06-17,2026,ANANDRATHI,09:15,1786,09:16,1763.2,-1.28,HARD_STOP,No
2026-06-18,2026,SONATSOFTW,09:15,303,11:55,306.95,1.3,TRAIL,Yes
2026-06-18,2026,MMTC,09:15,76.03,11:55,74.79,-1.63,TRAIL,No
2026-06-18,2026,MGL,09:15,1208.9,11:55,1208.1,-0.07,TRAIL,No
2026-06-18,2026,NETWEB,09:15,4892,11:55,5187,6.03,TRAIL,Yes
2026-06-18,2026,BALKRISIND,09:15,2264,11:55,2221.9,-1.86,TRAIL,No
2026-06-19,2026,SONATSOFTW,09:15,300,13:24,295.8,-1.4,HARD_STOP,No
2026-06-19,2026,JKCEMENT,09:15,5510.5,13:24,5449.5,-1.11,HARD_STOP,No
2026-06-19,2026,DATAPATTNS,09:15,4770,13:24,4767.1,-0.06,HARD_STOP,No
2026-06-19,2026,CARTRADE,09:15,2574.1,13:24,2577.2,0.12,HARD_STOP,Neutral
2026-06-22,2026,DATAPATTNS,09:15,4841.7,10:24,4856.5,0.31,HARD_STOP,Neutral
2026-06-22,2026,PGEL,09:15,564,10:24,557.15,-1.21,HARD_STOP,No
2026-06-22,2026,NETWEB,09:15,5100,10:24,5102.3,0.05,HARD_STOP,Neutral
2026-06-22,2026,TRENT,09:15,3209.8,10:24,3201.3,-0.26,HARD_STOP,No
2026-06-22,2026,FIVESTAR,09:15,519.8,10:24,511.45,-1.61,HARD_STOP,No
2026-06-22,2026,BATAINDIA,09:15,747.7,10:24,740.65,-0.94,HARD_STOP,No
2026-06-23,2026,AAVAS,09:15,1450,11:30,1449.7,-0.02,HARD_STOP,No
2026-06-23,2026,JSWINFRA,09:15,309,11:30,313.35,1.41,HARD_STOP,Yes
2026-06-23,2026,CEMPRO,09:15,1273.2,11:30,1270,-0.25,HARD_STOP,No
2026-06-23,2026,VEDL,09:15,294.5,11:30,283.25,-3.82,HARD_STOP,No
2026-06-23,2026,WOCKPHARMA,09:15,2024,11:30,2023.5,-0.02,HARD_STOP,No
2026-06-23,2026,GVT&D,09:15,5537,11:30,5564,0.49,HARD_STOP,Yes
2026-06-23,2026,SAMMAANCAP,09:15,178.75,11:30,175.04,-2.08,HARD_STOP,No
2026-06-24,2026,TRITURBINE,09:15,720,09:42,687.05,-4.58,HARD_STOP,No
2026-06-24,2026,AAVAS,09:15,1450,09:42,1474.9,1.72,HARD_STOP,Yes
2026-06-24,2026,ACUTAAS,09:15,3301.4,09:42,3284.7,-0.51,HARD_STOP,No
2026-06-24,2026,GODREJIND,09:15,1140,09:42,1133.5,-0.57,HARD_STOP,No
2026-06-24,2026,ANANDRATHI,09:15,1916,09:42,1881.1,-1.82,HARD_STOP,No
2026-06-24,2026,NLCINDIA,09:15,328.5,09:42,326.6,-0.58,HARD_STOP,No
2026-06-24,2026,RRKABEL,09:15,2359.1,09:42,2394.6,1.5,HARD_STOP,Yes
2026-06-24,2026,ACMESOLAR,09:15,354,09:42,353.65,-0.1,HARD_STOP,No
2026-06-25,2026,COHANCE,09:15,462,09:15,456.4,-1.21,HARD_STOP,No
2026-06-29,2026,JSWINFRA,09:15,322,09:18,322.1,0.03,HARD_STOP,Neutral
2026-06-29,2026,AAVAS,09:15,1489.9,09:18,1486,-0.26,HARD_STOP,No
2026-06-29,2026,COHANCE,09:15,456.6,09:18,451.1,-1.2,HARD_STOP,No
2026-06-29,2026,KIRLOSENG,09:15,2480,09:18,2463.6,-0.66,HARD_STOP,No
2026-06-29,2026,SYRMA,09:15,1440,09:18,1406.6,-2.32,HARD_STOP,No
2026-06-29,2026,CREDITACC,09:15,1455.9,09:18,1450.6,-0.36,HARD_STOP,No
2026-06-29,2026,EMCURE,09:15,1855,09:18,1848.9,-0.33,HARD_STOP,No
2026-06-30,2026,HFCL,09:15,213,09:56,212.88,-0.06,HARD_STOP,No
2026-06-30,2026,ELECON,09:15,525.35,09:56,524.55,-0.15,HARD_STOP,No
2026-06-30,2026,IFCI,09:15,77.69,09:56,76.29,-1.8,HARD_STOP,No
2026-07-01,2026,ACUTAAS,09:15,3545,15:29,3589,1.24,EOD,Yes
2026-07-01,2026,AEGISLOG,09:15,1166,15:29,1248,7.03,EOD,Yes
2026-07-01,2026,THERMAX,09:15,5195,15:29,5070,-2.41,EOD,No
2026-07-01,2026,ZYDUSWELL,09:15,570,15:29,570.3,0.05,EOD,Neutral
2026-07-01,2026,BANDHANBNK,09:15,204.2,15:29,204.41,0.1,EOD,Neutral
2026-07-02,2026,ATHERENERG,09:15,1135,15:29,1145.5,0.93,EOD,Yes
2026-07-02,2026,HONASA,09:15,468,15:29,467.2,-0.17,EOD,No
2026-07-02,2026,ACUTAAS,09:15,3600,15:29,3679,2.19,EOD,Yes
2026-07-02,2026,TARIL,09:15,360.7,15:29,358.1,-0.72,EOD,No
2026-07-02,2026,ZYDUSWELL,09:15,568.5,15:29,598.5,5.28,EOD,Yes
2026-07-02,2026,SOLARINDS,09:15,18650,15:29,18620,-0.16,EOD,No
2026-07-03,2026,OLAELEC,09:15,45.8,09:16,45.14,-1.44,HARD_STOP,No
2026-07-03,2026,ATHERENERG,09:15,1149.2,09:16,1159.2,0.87,HARD_STOP,Yes
2026-07-03,2026,HONASA,09:15,469.95,09:16,466.5,-0.73,HARD_STOP,No
2026-07-03,2026,RITES,09:15,225,09:16,220.85,-1.84,HARD_STOP,No
2026-07-03,2026,ABREL,09:15,1425,09:16,1413.5,-0.81,HARD_STOP,No
2026-07-06,2026,CEMPRO,09:15,1463,15:29,1521.4,3.99,EOD,Yes
2026-07-06,2026,ACUTAAS,09:15,3694.8,15:29,3505,-5.14,EOD,No
2026-07-06,2026,AEGISLOG,09:15,1315,15:29,1397,6.24,EOD,Yes
2026-07-06,2026,MAPMYINDIA,09:15,940.1,15:29,947,0.73,EOD,Yes
2026-07-06,2026,HONASA,09:15,460.25,15:29,468.95,1.89,EOD,Yes
2026-07-06,2026,OLAELEC,09:15,44.1,15:29,42.19,-4.33,EOD,No
2026-07-06,2026,FIVESTAR,09:15,550.4,15:29,554.1,0.67,EOD,Yes
2026-07-06,2026,JUBLINGREA,09:15,682,15:29,690.3,1.22,EOD,Yes
2026-07-06,2026,PERSISTENT,09:15,4704.8,15:29,4725,0.43,EOD,Yes
2026-07-06,2026,TATATECH,09:15,716.95,15:29,714.1,-0.4,EOD,No
2026-07-06,2026,ZYDUSWELL,09:15,599.9,15:29,582,-2.98,EOD,No
2026-07-07,2026,KPITTECH,09:15,559.45,09:27,559.2,-0.04,HARD_STOP,No
2026-07-07,2026,ACE,09:15,1010.9,09:27,999,-1.18,HARD_STOP,No
2026-07-08,2026,WELCORP,09:15,1540,13:57,1555.3,0.99,HARD_STOP,Yes
2026-07-08,2026,CUB,09:15,226,13:57,219.21,-3,HARD_STOP,No
2026-07-08,2026,KPITTECH,09:15,562.25,13:57,558.95,-0.59,HARD_STOP,No
2026-07-08,2026,GRAVITA,09:15,1751.2,13:57,1752,0.05,HARD_STOP,Neutral
2026-07-08,2026,BALRAMCHIN,09:15,571,13:57,567.7,-0.58,HARD_STOP,No
2026-07-08,2026,HOMEFIRST,09:15,1202,13:57,1200.2,-0.15,HARD_STOP,No
2026-07-08,2026,MOTHERSON,09:15,142.71,13:57,140.98,-1.21,HARD_STOP,No
2026-07-09,2026,NAUKRI,09:15,1173.05,15:29,1199.5,2.25,EOD,Yes
2026-07-09,2026,WELCORP,09:15,1525,15:29,1595,4.59,EOD,Yes
2026-07-09,2026,AEGISVOPAK,09:15,281.43,15:29,277,-1.57,EOD,No
2026-07-09,2026,CEMPRO,09:15,1500,15:29,1557,3.8,EOD,Yes
2026-07-09,2026,LODHA,09:15,1107.8,15:29,1203,8.59,EOD,Yes
2026-07-09,2026,SWIGGY,09:15,262,15:29,281.95,7.61,EOD,Yes
2026-07-09,2026,JINDALSAW,09:15,258,15:29,275.4,6.74,EOD,Yes
2026-07-09,2026,LATENTVIEW,09:15,293.25,15:29,300.1,2.34,EOD,Yes
2026-07-09,2026,INDUSINDBK,09:15,995.9,15:29,1018,2.22,EOD,Yes
2026-07-09,2026,TEGA,09:15,1649.6,15:29,1665.8,0.98,EOD,Yes
2026-07-09,2026,HONASA,09:15,474.95,15:29,472.45,-0.53,EOD,No
2026-07-10,2026,MCX,09:15,2800,09:18,2803.3,0.12,HARD_STOP,Neutral
2026-07-10,2026,ATHERENERG,09:15,1223.4,09:18,1206.9,-1.35,HARD_STOP,No
