symbol,signal_date,entry_date,range_pct__pct,ret_5d__pct,ret_20d__pct,vol_vs_20d__pct,dist_prior_high_20__pct,atr_20_pct__pct,wtd_range_pct__pct,wtd_close_loc__pct,rs_sector_20d__pct,raw_eod_state_score,raw_eod_state_z,pattern_stock_prior_score,fired_patterns,fired_pair_count,prior_log,pair_log,vol_state,pullback_active_state,continuation_state,raw_repaired_score,prior_pct,pairs_pct,raw_pct,prior_z_capped,pairs_z_capped,raw_z_capped,watchlist_memory,watchlist_memory_z,stale_loser_penalty,final_score,pattern_stock_prior_z,final_rank,risk_mode,recent3_pnl_5x_rs,month_pnl_before_5x_rs,day_quality
ITI,2024-12-31,2025-01-01,0.9915611814345991,0.9936708860759492,0.9957446808510638,0.9787234042553192,0.8354430379746836,1.0,1.0,0.6983122362869199,0.9957446808510638,3.1436583176227675,1.4318105588279284,192.4877708716351,FALCPAT_6427|FALCPAT_6722|FALCPAT_6810|FALCPAT_6967|FALCPAT_7164|FALCPAT_7180|FALCPAT_7201|FALCPAT_7221|FALCPAT_7313|FALCPAT_7324|FALCPAT_7472|FALCPAT_7509|FALCPAT_7519|FALCPAT_7559|FALCPAT_7603|FALCPAT_7621|FALCPAT_7633,44,5.265214310842863,3.8066624897703196,0.9983122362869199,0.4382480474010235,0.9206607415387377,1.2970974684670065,1.0,1.0,0.9535864978902954,3.0,3.0,1.654174529531482,0.0,0.0,0.0,2.3635436323828705,3.0,1,normal,0.0,0.0,0.9852320675105485
ITI,2025-01-02,2025-01-03,0.9324894514767932,0.9936708860759492,0.9936170212765958,0.2245762711864407,0.4135021097046413,0.9957716701902748,0.9978902953586498,0.3248945147679324,0.9936170212765958,3.141638893459868,1.6768086796225763,141.49959161795468,FALCPAT_6810|FALCPAT_6967|FALCPAT_7164|FALCPAT_7180|FALCPAT_7221|FALCPAT_7324|FALCPAT_7472|FALCPAT_7509|FALCPAT_7603|FALCPAT_7621|FALCPAT_7633|FALCPAT_7713|FALCPAT_7754|FALCPAT_7759|FALCPAT_7799|FALCPAT_7834|FALCPAT_7880,35,4.959339133865684,3.58351893845611,0.9838567452565098,0.3924783209398648,0.8264552473292036,1.2773202378052562,1.0,1.0,0.9578059071729957,3.0,3.0,1.7452921237393768,-0.7,-2.5,1.0,1.5863230309348444,3.0,1,normal,-1450.8249384,-1450.8249384,0.9852320675105485
ITI,2025-01-03,2025-01-06,1.0,1.0,1.0,0.9577167019027484,1.0,0.9936708860759492,1.0,1.0,1.0,3.193670886075949,1.7460532139066018,295.77804772342256,FALCPAT_6151|FALCPAT_6236|FALCPAT_6245|FALCPAT_6427|FALCPAT_6440|FALCPAT_6663|FALCPAT_6677|FALCPAT_6697|FALCPAT_6722|FALCPAT_6810|FALCPAT_6824|FALCPAT_6887|FALCPAT_6932|FALCPAT_6953|FALCPAT_6962|FALCPAT_6967|FALCPAT_7164,72,5.6929845453617975,4.290459441148391,0.9971518987341772,0.3915433403805497,1.0,1.3980315591908647,1.0,1.0,0.9789029535864979,3.0,3.0,1.9212502678028982,-1.0,-2.5,2.0,0.8303125669507248,3.0,1,normal,-2654.6920612552003,-2654.6920612552003,0.9852320675105485
CREDITACC,2025-01-15,2025-01-16,0.9662447257383966,0.040084388185654,0.9085106382978724,0.2763713080168776,0.2383966244725738,0.9092827004219408,0.9367088607594936,0.0379746835443038,0.9340425531914892,3.5886237543765147,1.8834021046136649,54.11868984773025,FALCPAT_6174|FALCPAT_6331|FALCPAT_6344|FALCPAT_6905|FALCPAT_7297|FALCPAT_7755|FALCPAT_7927|FALCPAT_8097|FALCPAT_8404|FALCPAT_8486|FALCPAT_8580|FALCPAT_8617|FALCPAT_8641|FALCPAT_8724|FALCPAT_9005|FALCPAT_9318,16,4.009488857332388,2.833213344056216,0.9302742616033755,0.768454080258551,0.3907572493042464,1.6288266121405248,1.0,1.0,0.989451476793249,3.0,3.0,2.0172413095674626,0.0,-0.045931521217462516,0.0,2.454310327391866,3.0,1,normal,-1995.8303623609972,-1995.8303623609972,0.9852320675105485
CREDITACC,2025-01-16,2025-01-17,0.8059071729957806,0.0527426160337552,0.9364406779661016,0.1856540084388185,0.1793248945147679,0.9177215189873418,0.9113924050632912,0.090717299578059,0.9470338983050848,3.5234449867696487,1.9561445629206573,51.52578422642808,FALCPAT_6174|FALCPAT_6331|FALCPAT_6344|FALCPAT_6905|FALCPAT_7005|FALCPAT_7297|FALCPAT_7755|FALCPAT_7927|FALCPAT_8097|FALCPAT_8486|FALCPAT_8580|FALCPAT_8641|FALCPAT_8724|FALCPAT_9005|FALCPAT_9318,15,3.9613041771560744,2.772588722239781,0.893143459915612,0.7632464421082743,0.4173044947436172,1.619500709469154,0.9957805907172996,0.9915611814345991,0.9915611814345991,3.0,3.0,2.1038127331830054,1.0,2.5,0.0,2.4759531832957515,3.0,1,normal,88.33212225240277,-1362.4928161475973,0.9852320675105485
RVNL,2025-01-16,2025-01-17,0.9556962025316456,0.7531645569620253,0.2902542372881356,0.9831223628691984,0.430379746835443,0.7573839662447257,0.9345991561181436,0.938818565400844,0.3241525423728814,3.0607107737967527,1.2837931149755408,35.9726053834889,FALCPAT_6427|FALCPAT_6722|FALCPAT_6865|FALCPAT_7164|FALCPAT_7695|FALCPAT_7965|FALCPAT_8070|FALCPAT_8211|FALCPAT_8258|FALCPAT_8364|FALCPAT_8547|FALCPAT_8622|FALCPAT_9111|FALCPAT_9123|FALCPAT_9584,15,3.610177243375609,2.772588722239781,0.859071729957806,0.49025244940284635,0.6194986769648859,1.0069060181115892,0.989451476793249,0.9936708860759493,0.9113924050632911,3.0,3.0,1.308005728663286,0.0,-0.05863372716400341,0.0,2.2770014321658216,3.0,2,normal,88.33212225240277,-1362.4928161475973,0.9852320675105485
BDL,2025-01-16,2025-01-17,0.959915611814346,0.7109704641350211,0.586864406779661,0.9135021097046412,0.7637130801687764,0.8354430379746836,0.8459915611814346,0.6729957805907173,0.6313559322033898,2.923717192304942,1.0847418447367412,54.365785890568105,FALCPAT_6245|FALCPAT_6440|FALCPAT_6677|FALCPAT_6697|FALCPAT_6953|FALCPAT_7394|FALCPAT_7471|FALCPAT_7695|FALCPAT_7740|FALCPAT_7862|FALCPAT_8037|FALCPAT_8854|FALCPAT_8879|FALCPAT_8907|FALCPAT_9301|FALCPAT_9369|FALCPAT_9395,22,4.013961819767436,3.1354942159291497,0.8640295358649789,0.4692036758921548,0.6585080991203605,0.9173132200489098,0.9978902953586498,1.0,0.8734177215189873,3.0,3.0,1.1916178832270206,0.0,-0.05863372716400341,0.0,2.2479044708067555,3.0,3,normal,88.33212225240277,-1362.4928161475973,0.9852320675105485
CREDITACC,2025-01-17,2025-01-20,0.3122362869198312,0.080168776371308,0.959830866807611,0.0147679324894514,0.170886075949367,0.9092827004219408,0.879746835443038,0.1181434599156118,0.9746300211416492,3.178778735247678,1.5849753623129337,61.32529477820248,FALCPAT_6174|FALCPAT_6331|FALCPAT_6344|FALCPAT_6905|FALCPAT_7005|FALCPAT_7297|FALCPAT_7755|FALCPAT_7927|FALCPAT_8097|FALCPAT_8486|FALCPAT_8580|FALCPAT_8641|FALCPAT_8724|FALCPAT_8952|FALCPAT_9005|FALCPAT_9318|FALCPAT_9367,17,4.132367359092821,2.8903717578961645,0.7795358649789029,0.7270990000089205,0.44374715658201086,1.2892084712680765,0.9957805907172996,0.9915611814345991,0.959915611814346,3.0,3.0,1.7095726015750228,0.5320556826336531,2.5,0.0,2.3773931503937558,3.0,1,normal,3749.25419464882,1094.5621333936197,0.9852320675105485
JUBLPHARMA,2025-01-17,2025-01-20,0.978902953586498,0.2046413502109704,0.1183932346723044,0.959915611814346,0.1392405063291139,0.8860759493670886,0.5210970464135021,0.379746835443038,0.1268498942917547,3.075832062158232,1.422070722646733,64.5932855858384,FALCPAT_6145|FALCPAT_6166|FALCPAT_6174|FALCPAT_6251|FALCPAT_6288|FALCPAT_6320|FALCPAT_6458|FALCPAT_6477|FALCPAT_6791|FALCPAT_7055|FALCPAT_7545|FALCPAT_7801|FALCPAT_8068|FALCPAT_8079|FALCPAT_8883|FALCPAT_8952|FALCPAT_9338,18,4.183473336837113,2.9444389791664403,0.7768987341772151,0.710918502065102,0.21518697424643846,1.0937234076509783,0.9978902953586498,0.9957805907172996,0.930379746835443,3.0,3.0,1.4503405055778245,0.0,-0.08430120050184933,0.0,2.312585126394456,3.0,2,normal,3749.25419464882,1094.5621333936197,0.9852320675105485
BDL,2025-01-17,2025-01-20,0.9767932489451476,0.9367088607594936,0.8921775898520085,0.9852320675105484,0.9852320675105484,0.8312236286919831,0.938818565400844,0.921940928270042,0.9175475687103594,2.954791438078162,1.23053389431617,56.11339887572856,FALCPAT_6245|FALCPAT_6440|FALCPAT_6663|FALCPAT_6677|FALCPAT_6697|FALCPAT_6953|FALCPAT_7253|FALCPAT_7394|FALCPAT_7471|FALCPAT_7695|FALCPAT_7862|FALCPAT_7904|FALCPAT_7983|FALCPAT_8037|FALCPAT_8226|FALCPAT_8547|FALCPAT_8622,22,4.045038745451965,3.1354942159291497,0.8979957805907173,0.4063998091007217,0.9190098661028893,1.0475660729130065,0.9936708860759493,0.9978902953586498,0.9240506329113924,3.0,3.0,1.3891314167176863,0.9285714285714287,2.5,0.0,2.2972828541794215,3.0,3,normal,3749.25419464882,1094.5621333936197,0.9852320675105485
NAVA,2025-01-17,2025-01-20,0.9641350210970464,0.2890295358649789,0.1014799154334038,0.930379746835443,0.1835443037974683,0.7848101265822784,0.689873417721519,0.3670886075949367,0.1057082452431289,3.0014493626283443,1.304366220882141,40.84518174132851,FALCPAT_6145|FALCPAT_6166|FALCPAT_6791|FALCPAT_6882|FALCPAT_6996|FALCPAT_7055|FALCPAT_7183|FALCPAT_7747|FALCPAT_7870|FALCPAT_8068|FALCPAT_8079|FALCPAT_8178|FALCPAT_8269|FALCPAT_8668|FALCPAT_9005|FALCPAT_9243|FALCPAT_9597,17,3.7339766586783814,2.8903717578961645,0.7874472573839661,0.6601711849136047,0.23415870509629708,0.9948428025571143,0.989451476793249,0.9936708860759493,0.9029535864978903,3.0,3.0,1.3192152623614848,0.0,-0.08430120050184933,0.0,2.2798038155903715,3.0,4,normal,3749.25419464882,1094.5621333936197,0.9852320675105485
RVNL,2025-01-17,2025-01-20,0.9746835443037974,0.9620253164556962,0.5623678646934461,0.9873417721518988,0.7911392405063291,0.7616033755274262,0.9852320675105484,0.7827004219409283,0.6236786469344608,2.8336883703089177,1.0388982539853835,65.80104652157041,FALCPAT_6427|FALCPAT_6722|FALCPAT_6865|FALCPAT_6953|FALCPAT_7164|FALCPAT_7620|FALCPAT_7695|FALCPAT_7741|FALCPAT_7754|FALCPAT_7942|FALCPAT_7965|FALCPAT_8102|FALCPAT_8211|FALCPAT_8258|FALCPAT_8364|FALCPAT_8486|FALCPAT_8547,24,4.201718746910457,3.2188758248682006,0.8824894514767933,0.387710412931196,0.7665277294582563,0.8548952174293434,1.0,1.0,0.8544303797468354,3.0,3.0,1.1336312328139442,1.0,2.5,0.0,2.233407808203486,3.0,5,normal,3749.25419464882,1094.5621333936197,0.9852320675105485
ITI,2025-01-20,2025-01-21,0.9493670886075948,0.0063291139240506,0.9683544303797468,0.0021097046413502,0.0021097046413502,1.0,0.9493670886075948,0.7194092827004219,0.9746835443037974,4.138818565400844,2.898973284134883,56.00561013965989,FALCPAT_6150|FALCPAT_6245|FALCPAT_6697|FALCPAT_6721|FALCPAT_6932|FALCPAT_6962|FALCPAT_7324|FALCPAT_7559|FALCPAT_7977|FALCPAT_7999|FALCPAT_8038|FALCPAT_8042|FALCPAT_8405|FALCPAT_8456|FALCPAT_8652|FALCPAT_8728|FALCPAT_9248,20,4.04314968649408,3.044522437723423,0.9721518987341772,0.7926160337552743,0.5703586497890295,2.218739952193537,1.0,1.0,1.0,3.0,3.0,2.8366871249282863,0.0,-0.09149306058536176,2.0,1.0591717812320716,3.0,1,normal,13415.580740995712,11419.750378634715,0.9852320675105485
POLICYBZR,2025-01-22,2025-01-23,0.9240506329113924,0.0548523206751054,0.0485232067510548,0.8544303797468354,0.0274261603375527,0.9282700421940928,0.9367088607594936,0.4873417721518987,0.0485232067510548,3.5683544303797468,1.9070174801947168,62.9430124226011,FALCPAT_6166|FALCPAT_6458|FALCPAT_6477|FALCPAT_6791|FALCPAT_6951|FALCPAT_7021|FALCPAT_7183|FALCPAT_7737|FALCPAT_7780|FALCPAT_7801|FALCPAT_7870|FALCPAT_8097|FALCPAT_8196|FALCPAT_8361|FALCPAT_8411|FALCPAT_8462|FALCPAT_8496,23,4.157992255793735,3.1780538303479458,0.930379746835443,0.754535864978903,0.16044303797468348,1.5173252027472424,0.9978902953586498,1.0,0.9746835443037974,3.0,3.0,1.8782579148146383,0.0,-0.05925287881961415,0.0,2.4195644787036596,3.0,1,normal,12172.826711860705,10810.333895713107,0.9852320675105485
AEGISLOG,2025-01-22,2025-01-23,0.9556962025316456,0.0210970464135021,0.2320675105485232,0.0084388185654008,0.0168776371308016,0.9915611814345991,0.9113924050632912,0.0042194092827004,0.2637130801687763,3.518354430379747,1.8384785041464704,52.03100561818075,FALCPAT_6166|FALCPAT_6346|FALCPAT_6458|FALCPAT_6591|FALCPAT_6871|FALCPAT_7780|FALCPAT_7801|FALCPAT_7915|FALCPAT_8066|FALCPAT_8097|FALCPAT_8196|FALCPAT_8206|FALCPAT_8270|FALCPAT_8361|FALCPAT_8411|FALCPAT_8668|FALCPAT_8766,20,3.970876754163295,3.044522437723423,0.9563291139240507,0.6428270042194094,0.10601265822784808,1.3402721808937503,0.9915611814345991,0.9978902953586498,0.9493670886075949,3.0,3.0,1.6590838965866466,0.0,-0.05925287881961415,0.0,2.364770974146662,3.0,2,normal,12172.826711860705,10810.333895713107,0.9852320675105485
LODHA,2025-01-22,2025-01-23,0.9430379746835444,0.1940928270042194,0.0253164556962025,0.9113924050632912,0.040084388185654,0.90084388185654,0.9535864978902954,0.0654008438818565,0.0337552742616033,3.2740506329113925,1.5035918616828878,68.01274840975532,FALCPAT_6458|FALCPAT_6951|FALCPAT_6996|FALCPAT_7545|FALCPAT_7820|FALCPAT_7915|FALCPAT_8079|FALCPAT_8411|FALCPAT_8496|FALCPAT_8511|FALCPAT_8781|FALCPAT_8883|FALCPAT_8909|FALCPAT_9016|FALCPAT_9244|FALCPAT_9266|FALCPAT_9318,19,4.234291247092985,2.995732273553991,0.9277426160337552,0.7110759493670886,0.09567510548523203,1.2556231821948063,1.0,0.9915611814345991,0.9345991561181435,3.0,3.0,1.5542968616656851,0.0,-0.05925287881961415,0.0,2.3385742154164215,3.0,3,normal,12172.826711860705,10810.333895713107,0.9852320675105485
NUVAMA,2025-01-22,2025-01-23,0.9514767932489452,0.0485232067510548,0.0738396624472573,0.890295358649789,0.0717299578059071,0.7869198312236287,0.9451476793248944,0.1012658227848101,0.0738396624472573,3.2682489451476795,1.4956390269093571,57.6778172829502,FALCPAT_6145|FALCPAT_6166|FALCPAT_6174|FALCPAT_6223|FALCPAT_6346|FALCPAT_6458|FALCPAT_6791|FALCPAT_7545|FALCPAT_7737|FALCPAT_7780|FALCPAT_8097|FALCPAT_8196|FALCPAT_8260|FALCPAT_8312|FALCPAT_8361|FALCPAT_8641|FALCPAT_8687,19,4.072061755632552,2.995732273553991,0.8752109704641351,0.7579113924050632,0.07183544303797462,1.2439018291279216,0.9936708860759493,0.9957805907172996,0.9324894514767933,3.0,3.0,1.5397869932441006,0.0,-0.05925287881961415,0.0,2.334946748311025,3.0,4,normal,12172.826711860705,10810.333895713107,0.9852320675105485
NAVA,2025-01-22,2025-01-23,0.7236286919831224,0.2552742616033755,0.1308016877637131,0.7531645569620253,0.1962025316455696,0.7362869198312236,0.7763713080168776,0.7552742616033755,0.1392405063291139,3.063502109704641,1.2149762579016647,61.3373571363402,FALCPAT_6166|FALCPAT_6475|FALCPAT_6791|FALCPAT_6871|FALCPAT_6882|FALCPAT_6996|FALCPAT_7055|FALCPAT_7183|FALCPAT_7737|FALCPAT_7747|FALCPAT_7801|FALCPAT_7870|FALCPAT_8079|FALCPAT_8178|FALCPAT_8196|FALCPAT_8269|FALCPAT_8668,19,4.132560879092438,2.995732273553991,0.7477848101265823,0.640084388185654,0.33175105485232065,0.9252558795128318,0.9957805907172996,0.9936708860759493,0.8649789029535865,3.0,3.0,1.1453350237826372,0.0,-0.05925287881961415,0.0,2.2363337559456595,3.0,5,normal,12172.826711860705,10810.333895713107,0.9852320675105485
AEGISLOG,2025-01-23,2025-01-24,0.8459915611814346,0.010548523206751,0.1877637130801688,0.0253164556962025,0.0126582278481012,0.9936708860759492,0.9472573839662448,0.0232067510548523,0.20042194092827,3.471413502109704,1.826526932538109,52.03100561818075,FALCPAT_6166|FALCPAT_6346|FALCPAT_6458|FALCPAT_6591|FALCPAT_6871|FALCPAT_7780|FALCPAT_7801|FALCPAT_7915|FALCPAT_8066|FALCPAT_8097|FALCPAT_8196|FALCPAT_8206|FALCPAT_8270|FALCPAT_8361|FALCPAT_8411|FALCPAT_8668|FALCPAT_8766,20,3.970876754163295,3.044522437723423,0.9478902953586498,0.6382911392405063,0.08649789029535862,1.3101947957495925,0.9978902953586498,0.9978902953586498,0.9430379746835443,3.0,3.0,1.6522556442685523,0.0,-0.09162225175894108,0.0,2.3630639110671385,3.0,1,normal,19870.292882962895,20964.855016356516,0.9852320675105485
LODHA,2025-01-23,2025-01-24,0.6139240506329114,0.2088607594936709,0.0147679324894514,0.6772151898734177,0.0358649789029535,0.9029535864978904,0.9493670886075948,0.1476793248945147,0.0168776371308016,3.082700421940928,1.2779510536185987,73.32936077129473,FALCPAT_6458|FALCPAT_6951|FALCPAT_6996|FALCPAT_7545|FALCPAT_7820|FALCPAT_7915|FALCPAT_8079|FALCPAT_8269|FALCPAT_8411|FALCPAT_8448|FALCPAT_8496|FALCPAT_8511|FALCPAT_8781|FALCPAT_8883|FALCPAT_8909|FALCPAT_9016|FALCPAT_9244,21,4.30850603882527,3.091042453358316,0.8613924050632911,0.6567510548523207,0.11624472573839659,1.0151414161896497,1.0,1.0,0.8860759493670886,3.0,3.0,1.2801617123959714,0.0,-0.09162225175894108,0.0,2.270040428098993,3.0,2,normal,19870.292882962895,20964.855016356516,0.9852320675105485
CAPLIPOINT,2025-01-27,2025-01-28,0.9873684210526316,0.0970464135021097,0.050632911392405,0.9451476793248944,0.0675105485232067,0.8987341772151899,0.9873684210526316,0.4147368421052632,0.0527426160337552,3.539306018210082,1.6821864148102526,65.90247500206752,FALCPAT_6166|FALCPAT_6458|FALCPAT_6591|FALCPAT_6882|FALCPAT_6996|FALCPAT_7545|FALCPAT_7737|FALCPAT_7747|FALCPAT_8079|FALCPAT_8097|FALCPAT_8178|FALCPAT_8196|FALCPAT_8397|FALCPAT_8411|FALCPAT_8883|FALCPAT_8890|FALCPAT_8952,21,4.203235961996464,3.091042453358316,0.9474830113257828,0.7487341772151899,0.15822007550521872,1.434315087104514,0.9957894736842106,0.9957894736842106,0.9747368421052631,3.0,3.0,1.7074876398871541,0.0,-0.02568379667816832,0.0,2.376871909971789,3.0,1,normal,7895.197135441292,19314.947514076008,0.985263157894737
NUVAMA,2025-01-27,2025-01-28,0.9705263157894736,0.0421940928270042,0.0485232067510548,0.8396624472573839,0.0485232067510548,0.9029535864978904,0.9705263157894736,0.4105263157894737,0.050632911392405,3.5624610259826786,1.7107817186826162,86.38764176170119,FALCPAT_6145|FALCPAT_6166|FALCPAT_6174|FALCPAT_6346|FALCPAT_6458|FALCPAT_6791|FALCPAT_7545|FALCPAT_7737|FALCPAT_7780|FALCPAT_8097|FALCPAT_8196|FALCPAT_8260|FALCPAT_8312|FALCPAT_8361|FALCPAT_8617|FALCPAT_8641|FALCPAT_8668,25,4.470353874056227,3.258096538021482,0.9401185876082612,0.7511603375527425,0.13712524983344432,1.431521564230325,0.9978947368421053,0.9978947368421053,0.9726315789473684,3.0,3.0,1.7041620092025243,0.47672189163975315,2.5,0.0,2.376040502300631,3.0,2,normal,7895.197135441292,19314.947514076008,0.985263157894737
NLCINDIA,2025-01-27,2025-01-28,0.8463157894736842,0.2658227848101265,0.4493670886075949,0.3649789029535865,0.2320675105485232,0.7573839662447257,0.8463157894736842,0.3978947368421052,0.5421940928270043,3.172228070175439,1.228863074477925,55.81421552024093,FALCPAT_6166|FALCPAT_6229|FALCPAT_6575|FALCPAT_6591|FALCPAT_6871|FALCPAT_7202|FALCPAT_7432|FALCPAT_7801|FALCPAT_7915|FALCPAT_8097|FALCPAT_8196|FALCPAT_8260|FALCPAT_8411|FALCPAT_8511|FALCPAT_8668|FALCPAT_8883|FALCPAT_8909,19,4.03978656765766,2.995732273553991,0.806296469020653,0.6303797468354431,0.3861825449700199,1.0117741435537726,0.9936842105263158,0.9936842105263158,0.8694736842105263,2.99855950867663,3.0,1.2044614644552838,0.0,-0.02568379667816832,0.0,2.2504671450183045,2.99855950867663,3,normal,7895.197135441292,19314.947514076008,0.985263157894737
DOMS,2025-01-27,2025-01-28,0.7452631578947368,0.1139240506329113,0.1919831223628691,0.6603375527426161,0.1772151898734177,0.7236286919831224,0.7452631578947368,0.8968421052631579,0.2194092827004219,3.234711081501221,1.3060265422369666,40.88067124283871,FALCPAT_6591|FALCPAT_6646|FALCPAT_6721|FALCPAT_6871|FALCPAT_7927|FALCPAT_8037|FALCPAT_8141|FALCPAT_8171|FALCPAT_8260|FALCPAT_8270|FALCPAT_8291|FALCPAT_8405|FALCPAT_8618|FALCPAT_8952|FALCPAT_8967|FALCPAT_9345,16,3.7348244136398603,2.833213344056216,0.7355276482345103,0.6917721518987342,0.344991117033089,1.0264993121912074,0.9810526315789474,0.991578947368421,0.8757894736842106,2.7239591836670676,3.0,1.2219914704235424,0.0,-0.02568379667816832,0.0,2.131279500256066,2.7239591836670676,4,normal,7895.197135441292,19314.947514076008,0.985263157894737
AEGISLOG,2025-01-27,2025-01-28,0.9663157894736842,0.0295358649789029,0.1181434599156118,0.1139240506329113,0.010548523206751,0.9957805907172996,0.9663157894736842,0.7684210526315789,0.1160337552742616,3.860551410170997,2.078908786529368,88.64025843119369,FALCPAT_6145|FALCPAT_6166|FALCPAT_6251|FALCPAT_6288|FALCPAT_6346|FALCPAT_6458|FALCPAT_6591|FALCPAT_6871|FALCPAT_7021|FALCPAT_7432|FALCPAT_7780|FALCPAT_7801|FALCPAT_7915|FALCPAT_8260|FALCPAT_8269|FALCPAT_8361|FALCPAT_8397,27,4.495804531918237,3.332204510175204,0.9795749500333111,0.6330168776371309,0.24938374417055295,1.5190689931964358,1.0,1.0,0.9852631578947368,3.0,3.0,1.808385396388736,-0.7,-2.5,1.0,1.6020963490971842,3.0,5,normal,7895.197135441292,19314.947514076008,0.985263157894737
GRAVITA,2025-01-28,2025-01-29,0.9663157894736842,0.1118143459915611,0.4409282700421941,0.8628691983122363,0.350210970464135,0.8438818565400844,0.9473684210526316,0.6905263157894737,0.5443037974683544,3.585971796580058,1.6993918972149222,81.90912428931556,FALCPAT_6145|FALCPAT_6166|FALCPAT_6174|FALCPAT_6591|FALCPAT_6871|FALCPAT_6996|FALCPAT_7164|FALCPAT_7176|FALCPAT_7545|FALCPAT_7619|FALCPAT_7631|FALCPAT_7694|FALCPAT_7739|FALCPAT_7764|FALCPAT_7780|FALCPAT_7799|FALCPAT_8101,29,4.417745119888239,3.4011973816621555,0.9045889407061958,0.754746835443038,0.40364423717521647,1.5074908880614333,0.9894736842105263,0.9978947368421053,0.9831578947368421,2.659218231403213,2.9615118491884624,1.786052170503276,0.0,0.017586649576603473,0.0,2.2354636165949575,2.659218231403213,1,normal,7164.5679146539,17974.901810367006,0.985263157894737
PGEL,2025-01-28,2025-01-29,0.9936842105263158,0.0295358649789029,0.0189873417721519,0.9451476793248944,0.0189873417721519,0.9873417721518988,0.9810526315789474,0.3957894736842105,0.0189873417721519,3.675084832333999,1.8068851372364307,66.58335239966691,FALCPAT_6166|FALCPAT_6392|FALCPAT_6905|FALCPAT_6996|FALCPAT_7075|FALCPAT_7545|FALCPAT_7737|FALCPAT_7764|FALCPAT_7780|FALCPAT_8065|FALCPAT_8079|FALCPAT_8196|FALCPAT_8334|FALCPAT_8414|FALCPAT_8496|FALCPAT_8619|FALCPAT_8890,21,4.213361686443283,3.091042453358316,0.9864090606262492,0.7777426160337553,0.1168798578725294,1.5552072477805066,0.9810526315789474,0.9810526315789474,0.991578947368421,2.500528969545382,2.623644775561824,1.842586872468459,0.0,0.017586649576603473,0.0,2.110613709524902,2.500528969545382,2,normal,7164.5679146539,17974.901810367006,0.985263157894737
CAPLIPOINT,2025-01-28,2025-01-29,0.7747368421052632,0.0759493670886076,0.0886075949367088,0.8016877637130801,0.080168776371308,0.8987341772151899,0.9557894736842104,0.4673684210526316,0.0970464135021097,3.4239857872529424,1.5039951089290295,67.20121842622976,FALCPAT_6166|FALCPAT_6174|FALCPAT_6458|FALCPAT_6591|FALCPAT_6882|FALCPAT_6996|FALCPAT_7545|FALCPAT_7737|FALCPAT_7747|FALCPAT_8079|FALCPAT_8097|FALCPAT_8178|FALCPAT_8196|FALCPAT_8397|FALCPAT_8411|FALCPAT_8621|FALCPAT_8883,22,4.22246243017707,3.1354942159291497,0.8939040639573617,0.7331223628691984,0.18013324450366422,1.2834095689982883,0.9831578947368421,0.9852631578947368,0.9389473684210526,2.5075950525499073,2.6720682748094027,1.520558937914198,0.0,0.017586649576603473,0.0,2.0429711630878886,2.5075950525499073,3,normal,7164.5679146539,17974.901810367006,0.985263157894737
DATAPATTNS,2025-01-28,2025-01-29,0.943157894736842,0.1962025316455696,0.2510548523206751,0.919831223628692,0.3185654008438818,0.7911392405063291,0.8378947368421052,0.9157894736842104,0.3227848101265823,3.4208785254274923,1.5002469520136366,48.9246334117198,FALCPAT_6575|FALCPAT_6646|FALCPAT_7179|FALCPAT_7471|FALCPAT_7618|FALCPAT_7740|FALCPAT_7758|FALCPAT_7780|FALCPAT_8037|FALCPAT_8068|FALCPAT_8101|FALCPAT_8245|FALCPAT_8397|FALCPAT_9222|FALCPAT_9369|FALCPAT_9569|FALCPAT_9584,17,3.910514536495147,2.8903717578961645,0.8379073950699533,0.700210970464135,0.40879968909615805,1.2706070521683879,0.9747368421052631,0.9747368421052631,0.9326315789473684,2.2653896049160043,2.4050442812566044,1.5053904196608376,0.0,0.017586649576603473,0.0,1.8767817833787324,2.2653896049160043,4,normal,7164.5679146539,17974.901810367006,0.985263157894737
CGPOWER,2025-01-28,2025-01-29,0.983157894736842,0.0991561181434599,0.1308016877637131,0.9936708860759492,0.1434599156118143,0.8713080168776371,0.9642105263157896,0.7115789473684211,0.1455696202531645,3.618497001998668,1.7386256600783632,41.92766220613695,FALCPAT_6145|FALCPAT_6166|FALCPAT_6174|FALCPAT_6251|FALCPAT_6458|FALCPAT_6575|FALCPAT_7021|FALCPAT_7202|FALCPAT_7545|FALCPAT_7561|FALCPAT_8269|FALCPAT_8511|FALCPAT_9170|FALCPAT_9243|FALCPAT_9583,15,3.7595164248053314,2.772588722239781,0.9261938707528315,0.7572784810126583,0.26713524317121917,1.492752091861616,0.9705263157894737,0.9642105263157895,0.9810526315789474,2.1481502647106914,2.276737406374063,1.7685895338858144,0.0,0.017586649576603473,0.0,1.8641624838660773,2.1481502647106914,5,normal,7164.5679146539,17974.901810367006,0.985263157894737
NEWGEN,2025-01-28,2025-01-29,0.9221052631578948,0.0147679324894514,0.0063291139240506,0.7025316455696202,0.0042194092827004,0.9915611814345991,0.9621052631578948,0.2189473684210526,0.0063291139240506,3.5515411947590496,1.657859736242985,38.50451070124095,FALCPAT_6145|FALCPAT_6474|FALCPAT_6791|FALCPAT_7160|FALCPAT_7320|FALCPAT_7737|FALCPAT_7755|FALCPAT_8241|FALCPAT_8511|FALCPAT_8619|FALCPAT_8779|FALCPAT_8803|FALCPAT_8890|FALCPAT_9407|FALCPAT_9449,15,3.6764148603554525,2.772588722239781,0.9673604263824117,0.735548523206751,0.06243726404619138,1.3870578363267256,0.96,0.9663157894736842,0.9621052631578947,2.083627785077655,2.276737406374063,1.643362184790522,0.0,0.017586649576603473,0.0,1.8038205307573878,2.083627785077655,6,normal,7164.5679146539,17974.901810367006,0.985263157894737
SHYAMMETL,2025-01-28,2025-01-29,0.8231578947368421,0.1139240506329113,0.8227848101265823,0.5822784810126582,0.5464135021097046,0.8523206751054853,0.8442105263157895,0.3136842105263158,0.9029535864978904,3.2804654674661338,1.330872691402985,41.3849515977606,FALCPAT_6145|FALCPAT_6166|FALCPAT_6229|FALCPAT_6346|FALCPAT_6881|FALCPAT_7183|FALCPAT_7737|FALCPAT_7747|FALCPAT_7927|FALCPAT_8453|FALCPAT_8726|FALCPAT_9016|FALCPAT_9122|FALCPAT_9152|FALCPAT_9413,15,3.7467933840934693,2.772588722239781,0.8436495669553632,0.7205696202531645,0.459433710859427,1.2570890262148098,0.968421052631579,0.968421052631579,0.9305263157894736,2.1382717246298175,2.276737406374063,1.4893741608149713,0.0,0.017586649576603473,0.0,1.7899132975619734,2.1382717246298175,7,normal,7164.5679146539,17974.901810367006,0.985263157894737
AEGISLOG,2025-01-28,2025-01-29,0.8442105263157895,0.050632911392405,0.1033755274261603,0.0232067510548523,0.0210970464135021,0.989451476793249,0.8652631578947368,0.4378947368421053,0.1139240506329113,3.5306018210082173,1.6326014661206056,102.18904094691632,FALCPAT_6145|FALCPAT_6166|FALCPAT_6251|FALCPAT_6288|FALCPAT_6346|FALCPAT_6458|FALCPAT_6591|FALCPAT_6871|FALCPAT_7021|FALCPAT_7432|FALCPAT_7780|FALCPAT_7801|FALCPAT_7915|FALCPAT_8097|FALCPAT_8196|FALCPAT_8206|FALCPAT_8260,31,4.636562655033811,3.4657359027997265,0.9169373750832779,0.6044303797468354,0.17012769264934482,1.1817957564063744,1.0,1.0,0.92,2.8291145510242095,3.0,1.4001661283149034,-0.34760971265398666,-2.5,1.0,1.42314308003962,2.8291145510242095,8,normal,7164.5679146539,17974.901810367006,0.985263157894737
VIJAYA,2025-01-29,2025-01-30,0.8865546218487395,0.3143459915611814,0.5611814345991561,0.20042194092827,0.0991561181434599,0.9324894514767932,0.6932773109243697,0.657563025210084,0.6708860759493671,3.455518473212069,1.7021614680462462,82.95406191278863,FALCPAT_6166|FALCPAT_6477|FALCPAT_6871|FALCPAT_7491|FALCPAT_7553|FALCPAT_7618|FALCPAT_7740|FALCPAT_7758|FALCPAT_7781|FALCPAT_7860|FALCPAT_8178|FALCPAT_8397|FALCPAT_8455|FALCPAT_8496|FALCPAT_8618|FALCPAT_8644|FALCPAT_8788,23,4.430269767258204,3.1780538303479458,0.8395782363578342,0.6394514767932489,0.5153401233911286,1.320301350961628,0.9957983193277311,0.9936974789915967,0.9495798319327731,2.902413469057152,2.9468008409133586,1.6479048177294453,0.0,-0.11156038925559131,0.0,2.3074224336907516,2.902413469057152,1,normal,40679.0101438637,61643.865160220215,0.9852941176470587
PGEL,2025-01-29,2025-01-30,0.9747899159663864,0.3312236286919831,0.0295358649789029,0.8987341772151899,0.0337552742616033,0.9852320675105484,0.9705882352941176,0.8256302521008403,0.0316455696202531,3.647223256391164,1.9574191343720384,45.23641414481678,FALCPAT_6392|FALCPAT_6905|FALCPAT_6996|FALCPAT_7545|FALCPAT_7764|FALCPAT_8079|FALCPAT_8143|FALCPAT_8247|FALCPAT_8334|FALCPAT_8414|FALCPAT_8429|FALCPAT_8496|FALCPAT_8584|FALCPAT_8645|FALCPAT_8890|FALCPAT_9017|FALCPAT_9508,17,3.833767672585797,2.8903717578961645,0.9780182959259651,0.6617088607594936,0.3344666347551678,1.543792725712976,0.9831932773109243,0.9852941176470589,0.9978991596638656,2.409698645017635,2.6144648789655944,1.926856108325176,0.9333333333333332,2.5,0.0,2.088971393132349,2.409698645017635,2,normal,40679.0101438637,61643.865160220215,0.9852941176470587
JUBLPHARMA,2025-01-29,2025-01-30,0.9012605042016808,0.6413502109704642,0.3037974683544304,0.5464135021097046,0.2573839662447257,0.820675105485232,0.7626050420168067,0.8445378151260504,0.3670886075949367,3.091401623940715,1.2173346646999996,58.70020753302641,FALCPAT_6458|FALCPAT_6871|FALCPAT_6882|FALCPAT_6951|FALCPAT_7055|FALCPAT_7075|FALCPAT_7545|FALCPAT_7695|FALCPAT_7740|FALCPAT_8037|FALCPAT_8068|FALCPAT_8496|FALCPAT_8883|FALCPAT_9005|FALCPAT_9293|FALCPAT_9427|FALCPAT_9450,18,4.089335496657613,2.9444389791664403,0.8164676630145729,0.4938818565400844,0.5666196858490231,0.9095916204775257,0.9873949579831933,0.9873949579831933,0.8676470588235294,2.6207994216827397,2.6769243914321263,1.135276491440652,0.0,-0.11156038925559131,0.0,1.9985637409038213,2.6207994216827397,3,normal,40679.0101438637,61643.865160220215,0.9852941176470587
SAREGAMA,2025-01-29,2025-01-30,0.7016806722689075,0.1223628691983122,0.8776371308016878,0.0147679324894514,0.20042194092827,0.9641350210970464,0.7289915966386554,0.4243697478991596,0.9261603375527426,3.452346824805872,1.6979383727371664,39.069329252626375,FALCPAT_6166|FALCPAT_6871|FALCPAT_6905|FALCPAT_6996|FALCPAT_7179|FALCPAT_7471|FALCPAT_7915|FALCPAT_8397|FALCPAT_8406|FALCPAT_8909|FALCPAT_9048|FALCPAT_9222|FALCPAT_9301|FALCPAT_9318|FALCPAT_9426,15,3.6906111851175405,2.772588722239781,0.8293439527709818,0.695253164556962,0.5072527745275325,1.380199154855133,0.976890756302521,0.976890756302521,0.9621848739495799,2.291450403874786,2.478399610377984,1.7226664040257076,0.0,-0.11156038925559131,0.0,1.9574992048256772,2.291450403874786,4,normal,40679.0101438637,61643.865160220215,0.9852941176470587
AEGISLOG,2025-01-29,2025-01-30,0.930672268907563,0.2383966244725738,0.1772151898734177,0.1413502109704641,0.0253164556962025,0.9957805907172996,0.8025210084033614,0.8277310924369747,0.20042194092827,3.627618958975996,1.9313157313939409,78.15215423484058,FALCPAT_6166|FALCPAT_6251|FALCPAT_6288|FALCPAT_6346|FALCPAT_6458|FALCPAT_6591|FALCPAT_6871|FALCPAT_7021|FALCPAT_7432|FALCPAT_7469|FALCPAT_7801|FALCPAT_7915|FALCPAT_8260|FALCPAT_8269|FALCPAT_8397|FALCPAT_8411|FALCPAT_8668,23,4.371372003074022,3.1780538303479458,0.915118072545474,0.5785864978902953,0.36473868028223944,1.3555522051520215,0.9936974789915967,0.9915966386554622,0.9558823529411765,2.853763511621097,2.9468008409133586,1.6919032551722883,0.38948510436739625,2.5,1.0,1.4965295622052375,2.853763511621097,5,normal,40679.0101438637,61643.865160220215,0.9852941176470587
GRAVITA,2025-01-30,2025-01-31,0.9663865546218487,0.3417721518987341,0.350210970464135,0.6413502109704642,0.3080168776371308,0.9156118143459916,0.930672268907563,0.3676470588235294,0.4324894514767932,3.3324194234655886,1.601202063995966,61.03496557501821,FALCPAT_6145|FALCPAT_6166|FALCPAT_6174|FALCPAT_7164|FALCPAT_7176|FALCPAT_7619|FALCPAT_7631|FALCPAT_7694|FALCPAT_7739|FALCPAT_7764|FALCPAT_7799|FALCPAT_8101|FALCPAT_8143|FALCPAT_8247|FALCPAT_8347|FALCPAT_8448|FALCPAT_8546,21,4.127698186966305,3.091042453358316,0.931037921497713,0.6181434599156119,0.36395817820799203,1.2905485976307436,0.9915966386554622,0.9936974789915967,0.957983193277311,2.6086981209768827,2.8008005439497197,1.650550158668028,0.5729830428362417,2.5,0.0,2.146711802896548,2.6086981209768827,1,normal,42818.454002916216,62133.40151699223,0.9852941176470587
VIJAYA,2025-01-30,2025-01-31,0.9894957983193278,0.7362869198312236,0.7763713080168776,0.9156118143459916,0.1624472573839662,0.938818565400844,0.96218487394958,0.3361344537815126,0.8502109704641351,3.342653707052442,1.6153868102982183,50.11379550835095,FALCPAT_6477|FALCPAT_6871|FALCPAT_6951|FALCPAT_7176|FALCPAT_7553|FALCPAT_7602|FALCPAT_7619|FALCPAT_7860|FALCPAT_7880|FALCPAT_8178|FALCPAT_8397|FALCPAT_8496|FALCPAT_8788|FALCPAT_8952|FALCPAT_9048|FALCPAT_9062,16,3.9340544315833137,2.833213344056216,0.9571322199765984,0.6548523206751056,0.6633585079601461,1.5115894309015192,0.9810924369747899,0.976890756302521,0.9873949579831933,2.449981236005937,2.5052732544940324,1.9332565467736342,0.0,-0.11682250882958098,0.0,2.086860343794887,2.449981236005937,2,normal,42818.454002916216,62133.40151699223,0.9852941176470587
PGEL,2025-01-30,2025-01-31,0.8256302521008403,0.20042194092827,0.0337552742616033,0.3924050632911392,0.0337552742616033,0.9831223628691984,0.9684873949579832,0.6995798319327731,0.0358649789029535,3.5763593412048365,1.9393034871936317,47.95398534378564,FALCPAT_6392|FALCPAT_6905|FALCPAT_6996|FALCPAT_7075|FALCPAT_7764|FALCPAT_7780|FALCPAT_8079|FALCPAT_8143|FALCPAT_8247|FALCPAT_8429|FALCPAT_8496|FALCPAT_8584|FALCPAT_8645|FALCPAT_9017|FALCPAT_9266|FALCPAT_9508,16,3.8908807822872,2.833213344056216,0.9465017019466014,0.6070675105485231,0.2588612027089316,1.3890269285310053,0.9789915966386554,0.9747899159663865,0.9747899159663865,2.414594672077994,2.5052732544940324,1.7765017886158625,0.5347841733138257,2.5,0.0,2.0317477004878697,2.414594672077994,3,normal,42818.454002916216,62133.40151699223,0.9852941176470587
BDL,2025-01-30,2025-01-31,0.7836134453781513,0.5970464135021097,0.9915611814345991,0.6962025316455697,0.8059071729957806,0.8333333333333334,0.7752100840336135,0.7815126050420168,0.9936708860759492,2.98252136297557,1.1162423521039888,56.560428626281634,FALCPAT_6245|FALCPAT_6440|FALCPAT_6663|FALCPAT_6677|FALCPAT_6697|FALCPAT_6721|FALCPAT_6824|FALCPAT_6953|FALCPAT_7253|FALCPAT_7394|FALCPAT_7471|FALCPAT_7695|FALCPAT_7740|FALCPAT_8381|FALCPAT_8584|FALCPAT_9114|FALCPAT_9301,21,4.0528353285911916,3.091042453358316,0.8030462184873949,0.5275316455696202,0.8012853242562847,1.0019577861978246,0.9873949579831933,0.9915966386554622,0.8886554621848739,2.54733802362792,2.8008005439497197,1.281448826875983,0.0,-0.11682250882958098,0.0,2.026824426141504,2.54733802362792,4,normal,42818.454002916216,62133.40151699223,0.9852941176470587
NUVAMA,2025-01-30,2025-01-31,0.8487394957983193,0.2552742616033755,0.0611814345991561,0.2827004219409282,0.0654008438818565,0.9071729957805909,0.7163865546218487,0.4243697478991596,0.0611814345991561,3.1598947806970896,1.362082416021626,46.8590873997225,FALCPAT_6145|FALCPAT_6166|FALCPAT_6174|FALCPAT_6223|FALCPAT_6346|FALCPAT_6458|FALCPAT_8260|FALCPAT_8581|FALCPAT_8668|FALCPAT_8733|FALCPAT_8909|FALCPAT_9317|FALCPAT_9368|FALCPAT_9426|FALCPAT_9450,15,3.8682610141772935,2.772588722239781,0.8287110413785768,0.5630801687763712,0.21991100237563377,0.9272770904611091,0.976890756302521,0.9726890756302521,0.8697478991596639,2.396054755177142,2.4357844748593998,1.1859338514728752,-0.1549134773479323,-2.2620483946203134,1.0,1.0618649976698127,2.396054755177142,5,normal,42818.454002916216,62133.40151699223,0.9852941176470587
WOCKPHARMA,2025-02-01,2025-02-03,0.7794117647058824,0.991578947368421,0.9113924050632912,0.9578059071729956,0.9873684210526316,0.8565400843881856,0.9663865546218487,1.0,0.9367088607594936,2.877585222363429,1.1647013688277028,53.51481422285,FALCPAT_6722|FALCPAT_6953|FALCPAT_7086|FALCPAT_7164|FALCPAT_7200|FALCPAT_7741|FALCPAT_7754|FALCPAT_7760|FALCPAT_7771|FALCPAT_8211|FALCPAT_8364|FALCPAT_8422|FALCPAT_8450|FALCPAT_8464|FALCPAT_8509|FALCPAT_8547|FALCPAT_8585,18,3.998472485335424,2.9444389791664403,0.879560685033507,0.3850082167443926,0.9654070619586942,0.9887385175256944,0.9873949579831933,0.9873949579831933,0.9117647058823529,2.691034198124414,2.8556922136602556,1.33883743832739,0.0,-0.11579122833094906,0.0,2.116813191469885,2.691034198124414,1,normal,58657.70639377541,0.0,0.9852941176470587
AEGISLOG,2025-02-01,2025-02-03,0.7878151260504201,0.6126315789473684,0.0611814345991561,0.0063291139240506,0.0210526315789473,0.9873417721518988,0.8046218487394958,0.5,0.0696202531645569,3.093518237141626,1.523761959705758,85.31182608882624,FALCPAT_6145|FALCPAT_6166|FALCPAT_6251|FALCPAT_6288|FALCPAT_6346|FALCPAT_6458|FALCPAT_6591|FALCPAT_6871|FALCPAT_7021|FALCPAT_7432|FALCPAT_7469|FALCPAT_7801|FALCPAT_7915|FALCPAT_8260|FALCPAT_8269|FALCPAT_8397|FALCPAT_8411,26,4.457966623333975,3.295836866004329,0.883484469737262,0.3955056628914057,0.36515944925605154,0.8924269010134634,0.9936974789915967,0.9915966386554622,0.8760504201680672,3.0,3.0,1.2084197530965872,0.11990839076469811,1.6122329799356343,1.0,1.4521049382741469,3.0,2,normal,58657.70639377541,0.0,0.9852941176470587
CGPOWER,2025-02-03,2025-02-04,0.7878151260504201,0.4273684210526315,0.1223628691983122,0.4746835443037974,0.1389473684210526,0.9071729957805909,0.7878151260504201,0.3277310924369748,0.1308016877637131,3.0061105966703807,1.2906162745074317,41.48461833744948,FALCPAT_6145|FALCPAT_6166|FALCPAT_6174|FALCPAT_6251|FALCPAT_6458|FALCPAT_7021|FALCPAT_7202|FALCPAT_7545|FALCPAT_7561|FALCPAT_8269|FALCPAT_8459|FALCPAT_8511|FALCPAT_9170|FALCPAT_9243|FALCPAT_9583,15,3.749142088949212,2.772588722239781,0.841526167428997,0.5367812569398179,0.2817226909417997,0.9034987391346614,0.9894957983193278,0.9915966386554622,0.8697478991596639,3.0,3.0,1.2012988864382736,0.0,-0.06332976817247209,0.0,2.2503247216095685,3.0,1,normal,13245.323155827611,-1743.4198880945912,0.9852941176470587
NUVAMA,2025-02-03,2025-02-04,0.8340336134453782,0.1557894736842105,0.0485232067510548,0.5970464135021097,0.0526315789473684,0.9367088607594936,0.8340336134453782,0.0441176470588235,0.0569620253164556,3.1665666222518323,1.5404327296069535,77.4754179101234,FALCPAT_6145|FALCPAT_6166|FALCPAT_6174|FALCPAT_6223|FALCPAT_6346|FALCPAT_6458|FALCPAT_6791|FALCPAT_7545|FALCPAT_8097|FALCPAT_8260|FALCPAT_8312|FALCPAT_8617|FALCPAT_8641|FALCPAT_8668|FALCPAT_8687|FALCPAT_8733|FALCPAT_8909,23,4.362785428105662,3.1780538303479458,0.8802374747367301,0.6631174772373973,0.08623083303941159,1.1434538826665503,0.9978991596638656,0.9978991596638656,0.930672268907563,3.0,3.0,1.5203542758716715,0.3641625561137003,2.5,1.0,1.530088568967918,3.0,2,normal,13245.323155827611,-1743.4198880945912,0.9852941176470587
KAYNES,2025-02-06,2025-02-07,0.7752100840336135,0.0273109243697479,0.0021097046413502,0.4421052631578947,0.0042016806722689,0.9978947368421052,0.9747899159663864,0.0126050420168067,0.0021097046413502,3.3694314527943083,1.8736912661838787,31.87213719104415,FALCPAT_6474|FALCPAT_6569|FALCPAT_6578|FALCPAT_6890|FALCPAT_7787|FALCPAT_8096|FALCPAT_8138|FALCPAT_8241|FALCPAT_8411|FALCPAT_8724|FALCPAT_8779|FALCPAT_8803|FALCPAT_9317|FALCPAT_9407|FALCPAT_9541,15,3.4926254050648597,2.772588722239781,0.9452711189739053,0.67823374986237,0.013553965890153518,1.3499755685288606,0.9873949579831933,0.9894957983193278,0.9663865546218487,3.0,3.0,1.8144801178900116,0.0,0.015146738769650859,0.0,2.403620029472503,3.0,1,normal,10655.901890007384,-3843.304797142805,0.9852941176470587
KFINTECH,2025-02-06,2025-02-07,0.8382352941176471,0.9201680672268908,0.0675105485232067,0.7578947368421053,0.0525210084033613,0.9642105263157896,0.9432773109243696,0.7521008403361344,0.0696202531645569,3.104964169545233,1.458075108872272,37.39913893930564,FALCPAT_6205|FALCPAT_6245|FALCPAT_6721|FALCPAT_6793|FALCPAT_7514|FALCPAT_7601|FALCPAT_7860|FALCPAT_7963|FALCPAT_8315|FALCPAT_8364|FALCPAT_8414|FALCPAT_8455|FALCPAT_8854|FALCPAT_8967|FALCPAT_9301,15,3.6480350358866893,2.772588722239781,0.9316888544891642,0.43031392237108035,0.5374047087189305,1.0473042293314856,0.9894957983193278,0.9915966386554622,0.9243697478991597,3.0,3.0,1.407656678027154,0.0,0.015146738769650859,0.0,2.3019141695067886,3.0,2,normal,10655.901890007384,-3843.304797142805,0.9852941176470587
GODFRYPHLP,2025-02-06,2025-02-07,0.8823529411764706,0.6428571428571429,0.3881856540084388,0.6105263157894737,0.2205882352941176,0.8294736842105264,0.9642857142857144,0.1092436974789916,0.4578059071729958,2.9574578525614106,1.2262656846938331,48.32829384564931,FALCPAT_6145|FALCPAT_6266|FALCPAT_6474|FALCPAT_6569|FALCPAT_6890|FALCPAT_7320|FALCPAT_7567|FALCPAT_7737|FALCPAT_7902|FALCPAT_8096|FALCPAT_8138|FALCPAT_8486|FALCPAT_8779|FALCPAT_8803|FALCPAT_9005|FALCPAT_9340|FALCPAT_9407,17,3.8984978281007785,2.8903717578961645,0.887233746130031,0.5335193857689644,0.41802822394780703,0.987122153669556,0.9978991596638656,0.9957983193277311,0.9096638655462185,3.0,3.0,1.3267653749265753,0.0,0.015146738769650859,0.0,2.281691343731644,3.0,3,normal,10655.901890007384,-3843.304797142805,0.9852941176470587
ERIS,2025-02-06,2025-02-07,1.0,0.9978991596638656,0.9662447257383966,0.9894736842105264,0.9936974789915968,0.7221052631578947,1.0,0.8739495798319328,0.9746835443037974,2.8610386213112826,1.0747407403196123,165.1920858079791,FALCPAT_6150|FALCPAT_6427|FALCPAT_6440|FALCPAT_6663|FALCPAT_6793|FALCPAT_6809|FALCPAT_6953|FALCPAT_7056|FALCPAT_7075|FALCPAT_7085|FALCPAT_7164|FALCPAT_7179|FALCPAT_7349|FALCPAT_7394|FALCPAT_7471|FALCPAT_7559|FALCPAT_7620,46,5.113144262803671,3.8501476017100584,0.8749473684210525,0.39514237007261266,0.9555158139205049,0.955121374836188,1.0,1.0,0.8991596638655462,3.0,3.0,1.2837528222421875,0.0,0.015146738769650859,0.0,2.270938205560547,3.0,4,normal,10655.901890007384,-3843.304797142805,0.9852941176470587
NAVA,2025-02-11,2025-02-12,0.9138655462184874,0.0693277310924369,0.2151898734177215,0.930672268907563,0.2436974789915966,0.8949579831932774,0.9558823529411764,0.6827731092436975,0.2426160337552742,3.581134099209304,1.8267984514451376,74.96967878496557,FALCPAT_6145|FALCPAT_6166|FALCPAT_6229|FALCPAT_6475|FALCPAT_6791|FALCPAT_6890|FALCPAT_6951|FALCPAT_6996|FALCPAT_7055|FALCPAT_7183|FALCPAT_7737|FALCPAT_7747|FALCPAT_7801|FALCPAT_7870|FALCPAT_8066|FALCPAT_8138|FALCPAT_8178,28,4.330334297323561,3.367295829986474,0.9200630252100841,0.7494685849023153,0.2851478566109988,1.5195957168267638,0.9978991596638656,1.0,0.9852941176470589,3.0,3.0,1.8745821620963903,0.0,-0.02227474163496321,0.0,2.4186455405240976,3.0,1,normal,-1945.8360281156072,-1945.8360281156072,0.9852941176470587
KAYNES,2025-02-11,2025-02-12,0.953781512605042,0.1680672268907563,0.0063291139240506,0.8004201680672269,0.0084033613445378,0.9978991596638656,0.8760504201680672,0.972689075630252,0.0063291139240506,3.751374853738964,2.0483082901204246,40.8382606435104,FALCPAT_6343|FALCPAT_6474|FALCPAT_6569|FALCPAT_6575|FALCPAT_6578|FALCPAT_6890|FALCPAT_7202|FALCPAT_7226|FALCPAT_7787|FALCPAT_8406|FALCPAT_8411|FALCPAT_8459|FALCPAT_8724|FALCPAT_8779|FALCPAT_8803|FALCPAT_9317|FALCPAT_9407,19,3.7338112472747236,2.995732273553991,0.9464285714285714,0.7004254866503564,0.3045274438889479,1.5846580097760752,0.9894957983193278,0.9915966386554622,0.9915966386554622,2.9402620620814406,3.0,1.954844760392429,0.0,-0.02227474163496321,0.0,2.4118291180347557,2.9402620620814406,2,normal,-1945.8360281156072,-1945.8360281156072,0.9852941176470587
POLICYBZR,2025-02-11,2025-02-12,0.972689075630252,0.1029411764705882,0.1835443037974683,0.907563025210084,0.2373949579831932,0.8613445378151261,0.9705882352941176,0.3256302521008403,0.2025316455696202,3.4033440591426443,1.5954658119602882,60.2876037865073,FALCPAT_6145|FALCPAT_6166|FALCPAT_6458|FALCPAT_6791|FALCPAT_6951|FALCPAT_7183|FALCPAT_7737|FALCPAT_7780|FALCPAT_7801|FALCPAT_7870|FALCPAT_8097|FALCPAT_8196|FALCPAT_8361|FALCPAT_8411|FALCPAT_8668|FALCPAT_8781|FALCPAT_8883,22,4.115577600412708,3.1354942159291497,0.9218487394957983,0.7266407828954367,0.19370279757472605,1.3522821964261809,0.9957983193277311,0.9978991596638656,0.9663865546218487,3.0,3.0,1.668179693498022,0.0,-0.02227474163496321,0.0,2.3670449233745057,3.0,3,normal,-1945.8360281156072,-1945.8360281156072,0.9852941176470587
PPLPHARMA,2025-02-11,2025-02-12,0.9663865546218487,0.0945378151260504,0.2320675105485232,0.9432773109243696,0.1596638655462184,0.8487394957983193,0.934873949579832,0.0693277310924369,0.2594936708860759,3.308784969684076,1.4724296523220255,78.94430714804288,FALCPAT_6145|FALCPAT_6166|FALCPAT_6229|FALCPAT_6251|FALCPAT_6458|FALCPAT_6591|FALCPAT_6791|FALCPAT_6871|FALCPAT_6951|FALCPAT_6996|FALCPAT_7737|FALCPAT_7801|FALCPAT_8178|FALCPAT_8196|FALCPAT_9016|FALCPAT_9317|FALCPAT_9426,19,4.381330231592072,2.995732273553991,0.9024159663865545,0.7675499946814168,0.14736109633726904,1.3136103231787015,1.0,0.9936974789915967,0.957983193277311,3.0,3.0,1.6204730282835642,0.0,-0.02227474163496321,0.0,2.3551182570708913,3.0,4,normal,-1945.8360281156072,-1945.8360281156072,0.9852941176470587
BIKAJI,2025-02-11,2025-02-12,0.7710084033613446,0.0126050420168067,0.1497890295358649,0.884453781512605,0.0945378151260504,0.6890756302521008,0.8949579831932774,0.6239495798319328,0.1645569620253164,3.294359642591214,1.453660046383623,50.29177585139832,FALCPAT_6251|FALCPAT_6346|FALCPAT_6458|FALCPAT_6871|FALCPAT_7160|FALCPAT_7202|FALCPAT_7561|FALCPAT_8079|FALCPAT_8206|FALCPAT_8260|FALCPAT_8269|FALCPAT_8459|FALCPAT_8511|FALCPAT_8772|FALCPAT_8781|FALCPAT_8883|FALCPAT_9170,21,3.9375304245373774,3.091042453358316,0.7775210084033614,0.7817559302201893,0.22252996135162922,1.2093840663597006,0.9915966386554622,0.9957983193277311,0.9327731092436975,3.0,3.0,1.4918967085175119,0.0,-0.02227474163496321,0.0,2.322974177129378,3.0,5,normal,-1945.8360281156072,-1945.8360281156072,0.9852941176470587
VIJAYA,2025-02-13,2025-02-14,0.9243697478991596,0.01890756302521,0.2974683544303797,0.976890756302521,0.1386554621848739,0.8928571428571429,0.9894957983193278,0.1239495798319327,0.3649789029535865,3.4877216076303945,1.7108230943646092,91.03666915869196,FALCPAT_6145|FALCPAT_6166|FALCPAT_6229|FALCPAT_6346|FALCPAT_6392|FALCPAT_6591|FALCPAT_6871|FALCPAT_6951|FALCPAT_7514|FALCPAT_7801|FALCPAT_7880|FALCPAT_8066|FALCPAT_8260|FALCPAT_8270|FALCPAT_8291|FALCPAT_8332|FALCPAT_8348,22,4.522187075449874,3.1354942159291497,0.9329831932773109,0.8270924192461795,0.16671896606743958,1.5416013589867272,1.0,0.9957983193277311,0.9936974789915967,3.0,3.0,1.914220328697318,0.0,0.015619808478835519,0.0,2.42855508217433,3.0,1,normal,-1872.3117242538196,-3615.7316123484106,0.9852941176470587
PPLPHARMA,2025-02-13,2025-02-14,0.7647058823529411,0.0504201680672268,0.2573839662447257,0.8466386554621849,0.1281512605042016,0.8676470588235294,0.9327731092436976,0.226890756302521,0.3037974683544304,3.3258669290501013,1.499537094699294,88.32169370306664,FALCPAT_6145|FALCPAT_6166|FALCPAT_6229|FALCPAT_6251|FALCPAT_6458|FALCPAT_6578|FALCPAT_6591|FALCPAT_6791|FALCPAT_6871|FALCPAT_6951|FALCPAT_6996|FALCPAT_7491|FALCPAT_7737|FALCPAT_7801|FALCPAT_8196|FALCPAT_8496|FALCPAT_9016,23,4.492244388985041,3.1780538303479458,0.8698529411764706,0.7804023508137433,0.1842853597135056,1.3202727963542449,0.9978991596638656,0.9978991596638656,0.9558823529411765,3.0,3.0,1.6393900186754402,0.0,0.015619808478835519,0.0,2.3598475046688603,3.0,2,normal,-1872.3117242538196,-3615.7316123484106,0.9852941176470587
GRAVITA,2025-02-13,2025-02-14,0.865546218487395,0.0357142857142857,0.1350210970464135,0.6323529411764706,0.1092436974789916,0.9369747899159664,0.8130252100840336,0.0294117647058823,0.1413502109704641,3.2442204729993267,1.3929553558386507,37.7043048106855,FALCPAT_6145|FALCPAT_6166|FALCPAT_6174|FALCPAT_6591|FALCPAT_6871|FALCPAT_7160|FALCPAT_7545|FALCPAT_7561|FALCPAT_7780|FALCPAT_8196|FALCPAT_8269|FALCPAT_9170|FALCPAT_9243|FALCPAT_9426|FALCPAT_9583,15,3.655950829267766,2.772588722239781,0.8793067226890756,0.714929706059639,0.07481074708364355,1.1472961541156173,0.9852941176470589,0.9831932773109243,0.930672268907563,2.64358045949253,2.9439563985925163,1.4245997374412704,0.0,0.015619808478835519,0.0,2.1345524208504596,2.64358045949253,3,normal,-1872.3117242538196,-3615.7316123484106,0.9852941176470587
NAVA,2025-02-13,2025-02-14,0.8991596638655462,0.0231092436974789,0.2320675105485232,0.569327731092437,0.1848739495798319,0.8970588235294118,0.9558823529411764,0.3109243697478991,0.2637130801687763,3.4731819310002483,1.6918429194412945,80.78954149578593,FALCPAT_6145|FALCPAT_6166|FALCPAT_6229|FALCPAT_6791|FALCPAT_6871|FALCPAT_6890|FALCPAT_6951|FALCPAT_6996|FALCPAT_7055|FALCPAT_7183|FALCPAT_7737|FALCPAT_7747|FALCPAT_7801|FALCPAT_7870|FALCPAT_8066|FALCPAT_8079|FALCPAT_8138,29,4.404149380859864,3.4011973816621555,0.9180672268907564,0.7123014395631672,0.18339316739353964,1.3637439607759838,0.9957983193277311,1.0,0.9642857142857143,3.0,3.0,1.6933694664834347,-0.7,-2.5,1.0,1.573342366620859,3.0,4,normal,-1872.3117242538196,-3615.7316123484106,0.9852941176470587
AEGISLOG,2025-02-13,2025-02-14,0.9894957983193278,0.1890756302521008,0.4556962025316455,0.5546218487394958,0.4285714285714285,0.9600840336134454,0.9390756302521008,0.1491596638655462,0.5738396624472574,3.38834388185654,1.5810948571658427,36.6325976296211,FALCPAT_6145|FALCPAT_6166|FALCPAT_6346|FALCPAT_6458|FALCPAT_7780|FALCPAT_7915|FALCPAT_8097|FALCPAT_8196|FALCPAT_8270|FALCPAT_8361|FALCPAT_8411|FALCPAT_8883|FALCPAT_8909|FALCPAT_9509|FALCPAT_9568,15,3.627870633039228,2.772588722239781,0.9586134453781512,0.6523729745062583,0.3034663865546218,1.3357938419383852,0.9810924369747899,0.9810924369747899,0.9621848739495799,2.6180947014593694,2.9439563985925163,1.6586629661839647,0.0,0.015619808478835519,2.0,0.5815996369212106,2.6180947014593694,5,normal,-1872.3117242538196,-3615.7316123484106,0.9852941176470587
VIJAYA,2025-02-14,2025-02-17,0.476890756302521,0.0210084033613445,0.3375527426160337,0.615546218487395,0.1491596638655462,0.8781512605042017,0.9873949579831932,0.157563025210084,0.4198312236286919,3.208285466085168,1.3192398699058518,254.59023535226828,FALCPAT_6145|FALCPAT_6166|FALCPAT_6229|FALCPAT_6251|FALCPAT_6346|FALCPAT_6392|FALCPAT_6458|FALCPAT_6591|FALCPAT_6871|FALCPAT_6951|FALCPAT_7491|FALCPAT_7514|FALCPAT_7545|FALCPAT_7747|FALCPAT_7801|FALCPAT_7880|FALCPAT_7915,42,5.543575518926482,3.7612001156935624,0.8361344537815125,0.7624326312803602,0.1941065666773038,1.1836040063271125,1.0,1.0,0.9201680672268907,3.0,3.0,1.4385989219387434,0.0,0.035726662336627316,0.0,2.309649730484686,3.0,1,normal,-605.4131077679089,-4448.717904910714,0.9852941176470587
PPLPHARMA,2025-02-14,2025-02-17,0.9684873949579832,0.0231092436974789,0.0843881856540084,0.9642857142857144,0.0693277310924369,0.8907563025210085,0.9789915966386554,0.1701680672268907,0.0970464135021097,3.465373807750949,1.648161051638224,100.90231463585482,FALCPAT_6145|FALCPAT_6166|FALCPAT_6229|FALCPAT_6251|FALCPAT_6458|FALCPAT_6578|FALCPAT_6591|FALCPAT_6791|FALCPAT_6871|FALCPAT_6951|FALCPAT_6996|FALCPAT_7021|FALCPAT_7491|FALCPAT_7737|FALCPAT_7801|FALCPAT_8178|FALCPAT_8196,25,4.624014654748473,3.258096538021482,0.9371848739495798,0.7868462574903379,0.08628426053965885,1.4287133306797983,0.9978991596638656,0.9936974789915967,0.9831932773109243,2.6652808731730087,2.6509005841150395,1.7365209919663631,0.0,0.035726662336627316,0.0,2.1636867577424526,2.6652808731730087,2,normal,-605.4131077679089,-4448.717904910714,0.9852941176470587
NAVA,2025-02-14,2025-02-17,0.8592436974789915,0.0903361344537815,0.2447257383966244,0.6008403361344538,0.2226890756302521,0.8886554621848739,0.9012605042016808,0.3928571428571428,0.2932489451476793,3.382469063574797,1.5420919617333608,83.64922974778668,FALCPAT_6145|FALCPAT_6166|FALCPAT_6229|FALCPAT_6791|FALCPAT_6871|FALCPAT_6882|FALCPAT_6890|FALCPAT_6951|FALCPAT_6996|FALCPAT_7055|FALCPAT_7183|FALCPAT_7737|FALCPAT_7747|FALCPAT_7801|FALCPAT_7870|FALCPAT_8066|FALCPAT_8079,30,4.438516009279467,3.4339872044851463,0.8871848739495798,0.69152794029004,0.2350007091444172,1.2579486130843316,0.9957983193277311,0.9978991596638656,0.9390756302521008,2.523710266562478,2.8387163099961734,1.5289622697999214,-0.34760971265398666,-2.5,1.0,1.2856534494023306,2.523710266562478,3,normal,-605.4131077679089,-4448.717904910714,0.9852941176470587
GRAVITA,2025-02-14,2025-02-17,0.9138655462184874,0.0294117647058823,0.0569620253164556,0.6218487394957983,0.0588235294117647,0.9516806722689076,0.9558823529411764,0.01890756302521,0.0632911392405063,3.394735932347623,1.557786306123972,76.50317491000446,FALCPAT_6145|FALCPAT_6166|FALCPAT_6174|FALCPAT_6475|FALCPAT_6545|FALCPAT_6569|FALCPAT_6591|FALCPAT_6871|FALCPAT_7160|FALCPAT_7545|FALCPAT_7561|FALCPAT_7780|FALCPAT_8196|FALCPAT_8269|FALCPAT_8332|FALCPAT_8347|FALCPAT_8724,26,4.350318902100897,3.295836866004329,0.9455882352941176,0.7120279757472608,0.03875518561855115,1.2757978523244224,0.9936974789915967,0.9957983193277311,0.9432773109243697,2.456399166079805,2.691199636006771,1.5506574146781087,-0.6066666666666667,-2.5,1.0,1.2312839056067937,2.456399166079805,4,normal,-605.4131077679089,-4448.717904910714,0.9852941176470587
AEGISLOG,2025-02-14,2025-02-17,0.6764705882352942,0.1134453781512605,0.5485232067510548,0.5042016806722689,0.4201680672268907,0.96218487394958,0.9516806722689076,0.5756302521008403,0.6645569620253164,3.4734562812466763,1.6585018423419553,50.67073645321527,FALCPAT_6145|FALCPAT_6166|FALCPAT_6346|FALCPAT_6458|FALCPAT_6591|FALCPAT_7545|FALCPAT_7780|FALCPAT_7880|FALCPAT_7915|FALCPAT_8097|FALCPAT_8196|FALCPAT_8206|FALCPAT_8270|FALCPAT_8361|FALCPAT_8411|FALCPAT_8883|FALCPAT_8909,18,3.9448915952111694,2.9444389791664403,0.9013655462184875,0.6890038293798532,0.4204277913697124,1.4025950870061785,0.9726890756302521,0.9726890756302521,0.976890756302521,2.146981328403775,2.315977627264262,1.7047751526708563,0.0,0.035726662336627316,2.0,0.25553091140226525,2.146981328403775,5,normal,-605.4131077679089,-4448.717904910714,0.9852941176470587
ANURAS,2025-02-18,2025-02-19,0.9789915966386554,0.0777310924369747,0.5253164556962026,0.884453781512605,0.3802521008403361,0.6449579831932774,0.9264705882352942,0.5,0.6497890295358649,3.337930362018225,1.513507813508487,76.97265546612073,FALCPAT_6809|FALCPAT_7383|FALCPAT_7514|FALCPAT_7553|FALCPAT_7631|FALCPAT_7709|FALCPAT_7739|FALCPAT_7828|FALCPAT_7860|FALCPAT_7870|FALCPAT_7884|FALCPAT_7927|FALCPAT_7941|FALCPAT_7947|FALCPAT_8211|FALCPAT_8292|FALCPAT_8361,32,4.356358194278061,3.4965075614664802,0.8102941176470588,0.7845796546466688,0.38100335070737146,1.3479857052462207,0.9831932773109243,0.9915966386554622,0.9663865546218487,2.2928714815092057,2.67742260405527,1.6323900772895918,0.0,0.09144624384016935,0.0,1.9753742068125946,2.2928714815092057,1,normal,-6908.740310350582,-8854.57633846619,0.9852941176470587
RVNL,2025-02-18,2025-02-19,0.7794117647058824,0.1239495798319327,0.1497890295358649,0.5,0.0336134453781512,0.9432773109243696,0.8676470588235294,0.245798319327731,0.170886075949367,3.323675672800766,1.494921484267609,72.1203006328398,FALCPAT_6251|FALCPAT_6288|FALCPAT_6330|FALCPAT_6477|FALCPAT_6545|FALCPAT_6996|FALCPAT_7021|FALCPAT_7226|FALCPAT_7296|FALCPAT_8065|FALCPAT_8178|FALCPAT_8241|FALCPAT_8764|FALCPAT_8779|FALCPAT_8851|FALCPAT_9266|FALCPAT_9505,18,4.292106038636892,2.9444389791664403,0.884033613445378,0.6823915009041591,0.16791210154948047,1.1919023256360133,0.9810924369747899,0.9705882352941176,0.9327731092436975,2.2459062975991246,2.1198145342208994,1.4433718454694244,0.0,0.09144624384016935,0.0,1.7954637021311421,2.2459062975991246,2,normal,-6908.740310350582,-8854.57633846619,0.9852941176470587
MAZDOCK,2025-02-18,2025-02-19,0.9369747899159664,0.1155462184873949,0.2573839662447257,0.6428571428571429,0.1365546218487394,0.8991596638655462,0.9453781512605042,0.0273109243697479,0.3122362869198312,3.345417154203454,1.5232696527453786,54.66228849560957,FALCPAT_6145|FALCPAT_6288|FALCPAT_6477|FALCPAT_6591|FALCPAT_6791|FALCPAT_6871|FALCPAT_7183|FALCPAT_7780|FALCPAT_7870|FALCPAT_7947|FALCPAT_8065|FALCPAT_8178|FALCPAT_8196|FALCPAT_8411|FALCPAT_8496|FALCPAT_8949|FALCPAT_9005,17,4.01930287087612,2.8903717578961645,0.9228991596638656,0.7164388540226218,0.1584503421621813,1.2934014556182691,0.9705882352941176,0.9663865546218487,0.9516806722689075,2.046500521757295,2.0652047993792215,1.566288110663343,0.0,0.09144624384016935,0.0,1.725538222332463,2.046500521757295,3,normal,-6908.740310350582,-8854.57633846619,0.9852941176470587
GRSE,2025-02-18,2025-02-19,0.9516806722689076,0.0252100840336134,0.1033755274261603,0.5987394957983193,0.0567226890756302,0.9243697478991596,0.9663865546218487,0.0231092436974789,0.1139240506329113,3.423276779066057,1.624788851108197,42.334854103560616,FALCPAT_6288|FALCPAT_6348|FALCPAT_6575|FALCPAT_6578|FALCPAT_6996|FALCPAT_7202|FALCPAT_8065|FALCPAT_8079|FALCPAT_8178|FALCPAT_8459|FALCPAT_8496|FALCPAT_8791|FALCPAT_9266|FALCPAT_9505|FALCPAT_9522,15,3.768957255869221,2.772588722239781,0.9445378151260504,0.719528507605574,0.057533329787611186,1.321433801532651,0.9621848739495799,0.9558823529411765,0.957983193277311,1.863510118827564,1.946239922048284,1.600235507700364,0.0,0.09144624384016935,0.0,1.6278864148071517,1.863510118827564,4,normal,-6908.740310350582,-8854.57633846619,0.9852941176470587
JBMA,2025-02-18,2025-02-19,0.9600840336134454,0.0504201680672268,0.050632911392405,0.6722689075630253,0.0441176470588235,0.9390756302521008,0.8613445378151261,0.1680672268907563,0.0527426160337552,3.398396890401731,1.5923485926685277,40.16741697254084,FALCPAT_6348|FALCPAT_6474|FALCPAT_7004|FALCPAT_7226|FALCPAT_7572|FALCPAT_7786|FALCPAT_8260|FALCPAT_8764|FALCPAT_8787|FALCPAT_8803|FALCPAT_8888|FALCPAT_9243|FALCPAT_9449|FALCPAT_9456|FALCPAT_9505,15,3.7176470932874532,2.772588722239781,0.9160714285714285,0.7163258341311207,0.08023348579938298,1.2793754232451413,0.957983193277311,0.957983193277311,0.9495798319327731,1.8260048989938995,1.946239922048284,1.549302472312598,0.0,0.09144624384016935,0.0,1.5982758070350611,1.8260048989938995,5,normal,-6908.740310350582,-8854.57633846619,0.9852941176470587
VIJAYA,2025-02-18,2025-02-19,0.2415966386554622,0.01890756302521,0.3523206751054852,0.0504201680672268,0.1281512605042016,0.9201680672268908,0.9873949579831932,0.9327731092436976,0.4367088607594936,3.4639825550473358,1.6778640843070238,242.9257518098734,FALCPAT_6166|FALCPAT_6229|FALCPAT_6251|FALCPAT_6346|FALCPAT_6392|FALCPAT_6458|FALCPAT_6591|FALCPAT_6871|FALCPAT_6951|FALCPAT_7469|FALCPAT_7491|FALCPAT_7514|FALCPAT_7553|FALCPAT_7602|FALCPAT_7619|FALCPAT_7631|FALCPAT_7740,45,5.4968638831246475,3.828641396489095,0.8079831932773109,0.6587703435804702,0.39339742226004326,1.2450078579395891,1.0,1.0,0.9390756302521008,3.0,3.0,1.5076830734871591,-0.7,-2.5,1.0,1.52692076837179,3.0,6,normal,-6908.740310350582,-8854.57633846619,0.9852941176470587
KFINTECH,2025-02-18,2025-02-19,0.7647058823529411,0.0084033613445378,0.0485232067510548,0.8907563025210085,0.01890756302521,0.9936974789915968,0.9558823529411764,0.0714285714285714,0.050632911392405,3.392616476970535,1.5848116575911209,90.34322428757524,FALCPAT_6145|FALCPAT_6223|FALCPAT_6474|FALCPAT_6545|FALCPAT_6569|FALCPAT_6578|FALCPAT_6591|FALCPAT_6643|FALCPAT_6890|FALCPAT_7514|FALCPAT_7787|FALCPAT_8039|FALCPAT_8260|FALCPAT_8269|FALCPAT_8291|FALCPAT_8668|FALCPAT_8733,32,4.514624106975904,3.4965075614664802,0.9346638655462186,0.7806097755557919,0.04052405772435553,1.3701195140258227,0.9915966386554622,0.9957983193277311,0.9705882352941176,2.4085561246527325,2.67742260405527,1.6591942982733645,0.0,0.09144624384016935,1.0,1.234133351473125,2.4085561246527325,7,normal,-6908.740310350582,-8854.57633846619,0.9852941176470587
AEGISLOG,2025-02-18,2025-02-19,0.957983193277311,0.0609243697478991,0.5295358649789029,0.296218487394958,0.1932773109243697,0.98109243697479,0.9474789915966386,0.2836134453781512,0.6540084388185654,3.684680264510868,1.9656262535286928,97.25555788075803,FALCPAT_6145|FALCPAT_6166|FALCPAT_6251|FALCPAT_6346|FALCPAT_6458|FALCPAT_6591|FALCPAT_6871|FALCPAT_7432|FALCPAT_7780|FALCPAT_7801|FALCPAT_7915|FALCPAT_8066|FALCPAT_8097|FALCPAT_8196|FALCPAT_8206|FALCPAT_8260|FALCPAT_8269,29,4.587571817910314,3.4011973816621555,0.9647058823529412,0.7204025280998476,0.322712122823813,1.6076176095620254,0.9936974789915967,0.9831932773109243,0.9957983193277311,2.4618773342785585,2.581156076489366,1.9468064078459488,0.0,0.09144624384016935,2.0,0.5107776176847119,2.4618773342785585,8,normal,-6908.740310350582,-8854.57633846619,0.9852941176470587
RVNL,2025-02-19,2025-02-20,0.9853249475890984,0.8004201680672269,0.3945147679324894,0.9894957983193278,0.0714285714285714,0.930672268907563,0.9685534591194968,0.7358490566037735,0.4810126582278481,3.3910476900735618,1.598639053375931,57.08466673586632,FALCPAT_6288|FALCPAT_6427|FALCPAT_6477|FALCPAT_6722|FALCPAT_6865|FALCPAT_6996|FALCPAT_7164|FALCPAT_7695|FALCPAT_8070|FALCPAT_8178|FALCPAT_8211|FALCPAT_8364|FALCPAT_8547|FALCPAT_8622|FALCPAT_8890|FALCPAT_9111|FALCPAT_9123,18,4.061901717424081,2.9444389791664403,0.9548612212180468,0.596097489628763,0.6348899136917723,1.4075960750325973,0.9811320754716981,0.9769392033542977,0.9727463312368972,2.1982409810601826,2.2276677407164316,1.724810095665343,1.0,2.5,0.0,1.8659445135367043,2.1982409810601826,1,normal,51600.90474040283,47985.17312805442,0.9853249475890986
CREDITACC,2025-02-19,2025-02-20,0.9329140461215932,0.0462184873949579,0.4915611814345991,0.3340336134453781,0.1680672268907563,0.9894957983193278,0.9706498951781972,0.020964360587002,0.5717299578059072,3.569341166926129,1.8334419092116427,47.474979109408,FALCPAT_6174|FALCPAT_6331|FALCPAT_6905|FALCPAT_7297|FALCPAT_7755|FALCPAT_7927|FALCPAT_8097|FALCPAT_8404|FALCPAT_8580|FALCPAT_8641|FALCPAT_8724|FALCPAT_9005|FALCPAT_9062|FALCPAT_9244|FALCPAT_9318,15,3.8810477701726245,2.772588722239781,0.9715833817803852,0.7229594369393326,0.23006734976452164,1.5227643001578681,0.9727463312368972,0.960167714884696,0.9853249475890985,2.0609853409866674,2.0481508492974223,1.8659347881030994,0.0,-0.07773106655188991,0.0,1.8035572703292597,2.0609853409866674,2,normal,51600.90474040283,47985.17312805442,0.9853249475890986
OLECTRA,2025-02-19,2025-02-20,0.9245283018867924,0.1554621848739495,0.1666666666666666,0.6071428571428571,0.0987394957983193,0.8088235294117647,0.7819706498951782,0.6310272536687631,0.1919831223628691,3.346981101970284,1.540605742700512,52.01598414271077,FALCPAT_6251|FALCPAT_6288|FALCPAT_6458|FALCPAT_6477|FALCPAT_6996|FALCPAT_7004|FALCPAT_7021|FALCPAT_7618|FALCPAT_8068|FALCPAT_8079|FALCPAT_8178|FALCPAT_8225|FALCPAT_8455|FALCPAT_8764|FALCPAT_8938|FALCPAT_9266|FALCPAT_9505,18,3.97059345568204,2.9444389791664403,0.8225659760759649,0.6807285572456832,0.2826327131441701,1.186148479172701,0.9748427672955975,0.9748427672955975,0.9266247379454927,2.1289443242834367,2.2276677407164316,1.4534529238168117,0.0,-0.07773106655188991,0.0,1.7669217250250357,2.1289443242834367,3,normal,51600.90474040283,47985.17312805442,0.9853249475890986
GRSE,2025-02-19,2025-02-20,0.989517819706499,0.2521008403361344,0.310126582278481,0.9873949579831932,0.1491596638655462,0.9222689075630252,0.9622641509433962,0.4716981132075472,0.379746835443038,3.5438837687769955,1.79991589416564,38.21420694284534,FALCPAT_6288|FALCPAT_6348|FALCPAT_6575|FALCPAT_6578|FALCPAT_6996|FALCPAT_7202|FALCPAT_7631|FALCPAT_7820|FALCPAT_8037|FALCPAT_8171|FALCPAT_8178|FALCPAT_8496|FALCPAT_9048|FALCPAT_9395|FALCPAT_9505|FALCPAT_9522,16,3.669039103148784,2.833213344056216,0.9497170251748498,0.7479031486012127,0.3406534933056098,1.5662448355038037,0.9643605870020965,0.9643605870020965,0.9916142557651991,1.900085422927204,2.111480074674048,1.9192149109065004,0.8571428571428572,2.5,0.0,1.7571381829786765,1.900085422927204,4,normal,51600.90474040283,47985.17312805442,0.9853249475890986
VIJAYA,2025-02-19,2025-02-20,0.8238993710691824,0.0567226890756302,0.4409282700421941,0.3655462184873949,0.1071428571428571,0.9285714285714286,0.9916142557651992,0.90146750524109,0.5337552742616034,3.85985025846976,2.216026654009055,244.21923400367595,FALCPAT_6166|FALCPAT_6229|FALCPAT_6251|FALCPAT_6346|FALCPAT_6392|FALCPAT_6458|FALCPAT_6591|FALCPAT_6871|FALCPAT_6951|FALCPAT_7469|FALCPAT_7491|FALCPAT_7514|FALCPAT_7553|FALCPAT_7602|FALCPAT_7619|FALCPAT_7631|FALCPAT_7740,46,5.502152643088719,3.8501476017100584,0.9297020065887991,0.7332216430876148,0.43551517613653207,1.7387718251304474,1.0,0.9979035639412998,0.9958071278825996,3.0,3.0,2.130625812843979,-0.310365814869631,-2.5,1.0,1.6826564532109949,3.0,5,normal,51600.90474040283,47985.17312805442,0.9853249475890986
KFINTECH,2025-02-19,2025-02-20,0.9350104821802936,0.0168067226890756,0.050632911392405,0.8361344537815126,0.0231092436974789,0.9936974789915968,0.8930817610062893,0.440251572327044,0.0527426160337552,3.61535974472585,1.8940458846325008,144.8412638079446,FALCPAT_6145|FALCPAT_6245|FALCPAT_6424|FALCPAT_6474|FALCPAT_6545|FALCPAT_6569|FALCPAT_6578|FALCPAT_6591|FALCPAT_6721|FALCPAT_6793|FALCPAT_6890|FALCPAT_7163|FALCPAT_7514|FALCPAT_7618|FALCPAT_7631|FALCPAT_7753|FALCPAT_7758,47,4.982518796048334,3.871201010907891,0.9467445783344784,0.7661157500975073,0.136514866276102,1.5369218479677111,0.9958071278825996,1.0,0.9874213836477987,2.896925683880035,3.0,1.88328314593499,0.6428571428571429,2.5,1.0,1.5744373442297632,2.896925683880035,6,normal,51600.90474040283,47985.17312805442,0.9853249475890986
GRAVITA,2025-02-19,2025-02-20,0.9119496855345912,0.2058823529411764,0.1729957805907173,0.8067226890756303,0.1218487394957983,0.9012605042016808,0.7672955974842768,0.5849056603773585,0.20042194092827,3.3581068252474138,1.5552577178867275,67.89695717455199,FALCPAT_6166|FALCPAT_6424|FALCPAT_6578|FALCPAT_6591|FALCPAT_6674|FALCPAT_6871|FALCPAT_6996|FALCPAT_7545|FALCPAT_7561|FALCPAT_8068|FALCPAT_8178|FALCPAT_8269|FALCPAT_8397|FALCPAT_8455|FALCPAT_8494|FALCPAT_8573|FALCPAT_8734,27,4.232612014120629,3.332204510175204,0.8565106231171715,0.6989079175974187,0.2915974749106712,1.2621453280442392,0.9916142557651991,0.989517819706499,0.9412997903563941,2.3277982917869773,2.632732382288906,1.5465778453094252,-0.3818660073640749,-2.5,2.0,0.36070016908927727,2.3277982917869773,7,normal,51600.90474040283,47985.17312805442,0.9853249475890986
CREDITACC,2025-02-20,2025-02-21,0.941299790356394,0.0147058823529411,0.5178947368421053,0.7394957983193278,0.0798319327731092,0.9936974789915968,0.9748427672955976,0.0335429769392033,0.5789473684210527,3.654925546848995,2.1087363926642166,54.93219450722959,FALCPAT_6174|FALCPAT_6331|FALCPAT_6905|FALCPAT_7005|FALCPAT_7297|FALCPAT_7545|FALCPAT_7755|FALCPAT_7927|FALCPAT_8097|FALCPAT_8404|FALCPAT_8486|FALCPAT_8580|FALCPAT_8641|FALCPAT_8724|FALCPAT_9005|FALCPAT_9062|FALCPAT_9244,18,4.024140144738702,2.9444389791664403,0.9766187921709565,0.8385835913312694,0.22984859253201445,1.8049120268612744,0.9853249475890985,0.9790356394129979,0.9979035639412998,2.3377859826366936,2.3834319009440974,2.3160955628445823,0.0,-0.10031118289925894,0.0,2.107713963086477,2.3377859826366936,1,normal,53340.15369966153,48891.43579475082,0.9853249475890986
AMBER,2025-02-20,2025-02-21,0.9559748427672956,0.1302521008403361,0.0926315789473684,0.7205882352941176,0.1155462184873949,0.9159663865546218,0.8574423480083857,0.6142557651991615,0.0926315789473684,3.496830967540939,1.8831408795566429,38.85633912299424,FALCPAT_6438|FALCPAT_6591|FALCPAT_6871|FALCPAT_6951|FALCPAT_7021|FALCPAT_7545|FALCPAT_7601|FALCPAT_7976|FALCPAT_8079|FALCPAT_8496|FALCPAT_8766|FALCPAT_8877|FALCPAT_9005|FALCPAT_9123|FALCPAT_9222|FALCPAT_9395,16,3.685281467189824,2.833213344056216,0.903484664305974,0.6881691729323309,0.23620480817285536,1.4165607892005023,0.9643605870020965,0.9685534591194969,0.9790356394129979,2.0756014300756993,2.2650174861257333,1.8177499223990738,0.0,-0.10031118289925894,0.0,1.8414616213589798,2.0756014300756993,2,normal,53340.15369966153,48891.43579475082,0.9853249475890986
GRSE,2025-02-20,2025-02-21,0.6771488469601677,0.1449579831932773,0.2084210526315789,0.5567226890756303,0.0966386554621848,0.9390756302521008,0.939203354297694,0.3480083857442348,0.2273684210526315,3.327265600646085,1.6411769481091247,36.26208737755411,FALCPAT_6348|FALCPAT_6575|FALCPAT_6578|FALCPAT_6996|FALCPAT_7202|FALCPAT_7631|FALCPAT_7820|FALCPAT_8037|FALCPAT_8171|FALCPAT_8178|FALCPAT_8496|FALCPAT_9048|FALCPAT_9395|FALCPAT_9505|FALCPAT_9522,15,3.617976385546143,2.772588722239781,0.8867349770096719,0.6819232640424592,0.2239479168694952,1.280780310957758,0.960167714884696,0.9664570230607966,0.960167714884696,2.0235255828715673,2.200474549518866,1.643511751310807,0.47672189163975315,2.5,0.0,1.7615593600236803,2.0235255828715673,3,normal,53340.15369966153,48891.43579475082,0.9853249475890986
KFINTECH,2025-02-20,2025-02-21,0.8742138364779874,0.01890756302521,0.0336842105263157,0.6701680672268907,0.0294117647058823,0.9873949579831932,0.8721174004192872,0.6289308176100629,0.0336842105263157,3.627534545297762,2.069650377972719,164.1489624533409,FALCPAT_6205|FALCPAT_6245|FALCPAT_6424|FALCPAT_6474|FALCPAT_6545|FALCPAT_6569|FALCPAT_6578|FALCPAT_6591|FALCPAT_6721|FALCPAT_6793|FALCPAT_6865|FALCPAT_6890|FALCPAT_7163|FALCPAT_7514|FALCPAT_7618|FALCPAT_7631|FALCPAT_7740,52,5.1068478693668125,3.970291913552122,0.924411588534785,0.7267998673153472,0.1773240356718655,1.5474581195497727,0.9979035639412998,1.0,0.989517819706499,3.0,3.0,1.9857218704696893,0.3575414187298148,2.5,1.0,1.6464304676174224,3.0,4,normal,53340.15369966153,48891.43579475082,0.9853249475890986
VIJAYA,2025-02-20,2025-02-21,0.7484276729559748,0.245798319327731,0.4757894736842105,0.2899159663865546,0.0756302521008403,0.9327731092436976,0.989517819706499,0.6016771488469602,0.5452631578947369,3.5754022500758,1.9952593903655005,244.42014423199407,FALCPAT_6166|FALCPAT_6251|FALCPAT_6346|FALCPAT_6392|FALCPAT_6458|FALCPAT_6591|FALCPAT_6871|FALCPAT_6951|FALCPAT_7469|FALCPAT_7491|FALCPAT_7514|FALCPAT_7553|FALCPAT_7602|FALCPAT_7619|FALCPAT_7631|FALCPAT_7740|FALCPAT_7801,46,5.502971616242769,3.8501476017100584,0.9157646706481335,0.6620988500663424,0.43718554108170904,1.5313289980449334,1.0,0.9979035639412998,0.9874213836477987,3.0,3.0,1.965024428034412,0.7073821252408754,2.5,1.0,1.641256107008603,3.0,5,normal,53340.15369966153,48891.43579475082,0.9853249475890986
ITI,2025-02-20,2025-02-21,0.3983228511530398,0.1239495798319327,0.0442105263157894,0.0441176470588235,0.042016806722689,0.8865546218487395,0.8909853249475891,0.9979035639412998,0.0463157894736842,3.327394968646181,1.641361551784274,45.28586857264177,FALCPAT_6150|FALCPAT_6245|FALCPAT_6427|FALCPAT_6677|FALCPAT_6697|FALCPAT_6721|FALCPAT_6865|FALCPAT_7471|FALCPAT_7559|FALCPAT_7695|FALCPAT_7799|FALCPAT_8622|FALCPAT_8903|FALCPAT_9111|FALCPAT_9344|FALCPAT_9569,16,3.834836700091005,2.833213344056216,0.7904590137941969,0.5642001326846529,0.31085824392650135,1.0407247692383894,0.9748427672955975,0.9748427672955975,0.9203354297693921,2.191316547967864,2.2650174861257333,1.3354642389577487,0.0,-0.10031118289925894,3.0,-0.6270379964498778,2.191316547967864,6,normal,53340.15369966153,48891.43579475082,0.9853249475890986
NEWGEN,2025-02-24,2025-02-25,0.8406708595387841,0.3991596638655462,0.5473684210526316,0.1785714285714285,0.2016806722689075,0.8487394957983193,0.8406708595387841,0.6708595387840671,0.5621052631578948,3.3140082160636517,1.6236146627867802,44.46498988329199,FALCPAT_6343|FALCPAT_6474|FALCPAT_6575|FALCPAT_6791|FALCPAT_7202|FALCPAT_7226|FALCPAT_7320|FALCPAT_7466|FALCPAT_7735|FALCPAT_8141|FALCPAT_8245|FALCPAT_8571|FALCPAT_8764|FALCPAT_8779|FALCPAT_8803|FALCPAT_9330|FALCPAT_9407,17,3.816942576661454,2.8903717578961645,0.8443017458555749,0.5580092879256966,0.5285786617858,1.1857193489862887,0.9874213836477987,0.989517819706499,0.9308176100628931,2.6095178605457994,2.8357016080336894,1.5110032133020002,0.0,-0.003061167318200928,0.0,2.1191741621778477,2.6095178605457994,1,normal,51124.67851126052,42270.10217279434,0.9853249475890986
BEML,2025-02-24,2025-02-25,0.8532494758909853,0.2941176470588235,0.0210526315789473,0.6785714285714286,0.0105042016806722,0.9201680672268908,0.8532494758909853,0.8637316561844863,0.0210526315789473,3.4643364283813494,1.8383070833119453,34.93578732653597,FALCPAT_6343|FALCPAT_6474|FALCPAT_7226|FALCPAT_7320|FALCPAT_7348|FALCPAT_7466|FALCPAT_7561|FALCPAT_7572|FALCPAT_7976|FALCPAT_8734|FALCPAT_8888|FALCPAT_8967|FALCPAT_9170|FALCPAT_9403|FALCPAT_9545,15,3.5817336604212002,2.772588722239781,0.8833628419921428,0.6343575851393188,0.3272951431482887,1.339339748823345,0.9811320754716981,0.9811320754716981,0.9580712788259959,2.4061172269857547,2.69301078491634,1.7067708040891716,0.0,-0.003061167318200928,0.0,2.0480476101491507,2.4061172269857547,2,normal,51124.67851126052,42270.10217279434,0.9853249475890986
VIJAYA,2025-02-24,2025-02-25,0.9685534591194968,0.6596638655462185,0.6378947368421053,0.8928571428571429,0.0903361344537815,0.9663865546218487,0.9685534591194968,0.1069182389937107,0.671578947368421,3.281577656683329,1.5772987039590929,218.73758560693625,FALCPAT_6145|FALCPAT_6166|FALCPAT_6266|FALCPAT_6346|FALCPAT_6392|FALCPAT_6458|FALCPAT_6591|FALCPAT_6871|FALCPAT_7514|FALCPAT_7545|FALCPAT_7747|FALCPAT_7781|FALCPAT_7801|FALCPAT_7915|FALCPAT_8066|FALCPAT_8097|FALCPAT_8196,34,5.392434041713219,3.5553480614894135,0.9675783520955551,0.659420831490491,0.5178224390053936,1.4498470004085575,1.0,1.0,0.9664570230607966,3.0,3.0,1.8475967518818843,1.0,2.5,1.0,1.6118991879704712,3.0,3,normal,51124.67851126052,42270.10217279434,0.9853249475890986
KFINTECH,2025-02-24,2025-02-25,0.9832285115303984,0.9705882352941176,0.0610526315789473,0.819327731092437,0.0462184873949579,0.9852941176470588,0.9832285115303984,0.6729559748427673,0.0631578947368421,3.1827578889881014,1.4361684743426704,74.86801766877963,FALCPAT_6145|FALCPAT_6474|FALCPAT_6545|FALCPAT_6569|FALCPAT_6578|FALCPAT_6591|FALCPAT_6643|FALCPAT_6890|FALCPAT_7514|FALCPAT_7860|FALCPAT_7941|FALCPAT_8039|FALCPAT_8069|FALCPAT_8099|FALCPAT_8141|FALCPAT_8171|FALCPAT_8260,29,4.328995221010482,3.4011973816621555,0.9841580342828955,0.42523662096417514,0.5326817181688961,1.091733684310557,0.9979035639412998,0.9979035639412998,0.9182389937106918,3.0,3.0,1.3912317040388098,-0.2903960655946347,-2.5,2.0,0.6978079260097023,3.0,4,normal,51124.67851126052,42270.10217279434,0.9853249475890986
GRAVITA,2025-02-24,2025-02-25,0.9035639412997905,0.8298319327731093,0.2126315789473684,0.792016806722689,0.2247899159663865,0.8886554621848739,0.9035639412997905,0.6079664570230608,0.2168421052631579,3.001338908221349,1.177073527961558,53.575977484548,FALCPAT_6145|FALCPAT_6166|FALCPAT_6174|FALCPAT_6578|FALCPAT_6591|FALCPAT_6871|FALCPAT_7176|FALCPAT_7545|FALCPAT_7561|FALCPAT_8269|FALCPAT_8397|FALCPAT_8494|FALCPAT_8952|FALCPAT_9170|FALCPAT_9338|FALCPAT_9395|FALCPAT_9403,21,3.9995938131239472,3.091042453358316,0.896855125698078,0.45513312693498453,0.5281170012526692,0.9179563744965366,0.9937106918238994,0.9937106918238994,0.8846960167714885,2.767468408555843,3.0,1.1697769668303963,0.0,-0.003061167318200928,2.0,0.5378050255577285,2.767468408555843,5,normal,51124.67851126052,42270.10217279434,0.9853249475890986
BDL,2025-02-25,2025-02-27,0.6624737945492662,0.6428571428571429,0.0840336134453781,0.4411764705882353,0.0777310924369747,0.934873949579832,0.8092243186582809,0.9119496855345912,0.0861344537815126,3.1062018832690312,1.4450793220061744,53.78174181398134,FALCPAT_6245|FALCPAT_6477|FALCPAT_6697|FALCPAT_6721|FALCPAT_6871|FALCPAT_7466|FALCPAT_7567|FALCPAT_7976|FALCPAT_8037|FALCPAT_8397|FALCPAT_8428|FALCPAT_8455|FALCPAT_8494|FALCPAT_8644|FALCPAT_8877|FALCPAT_9111|FALCPAT_9244,22,4.003356959860674,3.1354942159291497,0.836416547751176,0.46102941176470585,0.48691599281221926,0.9481095992462902,0.9958071278825996,0.9958071278825996,0.9056603773584906,2.7049998625610723,3.0,1.2828989134808333,0.0,0.09715140216858144,0.0,2.137974666522691,2.7049998625610723,1,normal,-7636.365764843593,40348.80736321083,0.9853249475890986
CREDITACC,2025-02-25,2025-02-27,0.9664570230607966,0.0084033613445378,0.0483193277310924,0.9873949579831932,0.0945378151260504,0.976890756302521,0.9329140461215932,0.4046121593291404,0.0483193277310924,3.601029499850255,2.214750297433031,53.00130172266788,FALCPAT_6174|FALCPAT_6331|FALCPAT_6905|FALCPAT_7005|FALCPAT_7545|FALCPAT_7755|FALCPAT_7927|FALCPAT_8097|FALCPAT_8404|FALCPAT_8580|FALCPAT_8617|FALCPAT_8641|FALCPAT_8724|FALCPAT_8952|FALCPAT_9062|FALCPAT_9244,16,3.989008152249061,2.833213344056216,0.9594121610908514,0.7805672268907562,0.12342194739531029,1.701035953221881,0.9937106918238994,0.9853249475890985,0.9958071278825996,2.6927384153217,2.6987305025423534,2.301717660106644,-0.34760971265398666,-2.5,1.0,1.526907802429897,2.6927384153217,2,normal,-7636.365764843593,40348.80736321083,0.9853249475890986
KFINTECH,2025-02-25,2025-02-27,0.89937106918239,0.9663865546218487,0.0630252100840336,0.2752100840336134,0.0336134453781512,0.9894957983193278,0.960167714884696,0.5324947589098532,0.065126050420168,3.0616715554146188,1.3758154011430237,83.80141760253093,FALCPAT_6145|FALCPAT_6474|FALCPAT_6545|FALCPAT_6569|FALCPAT_6578|FALCPAT_6591|FALCPAT_6643|FALCPAT_6890|FALCPAT_7432|FALCPAT_7514|FALCPAT_8039|FALCPAT_8260|FALCPAT_8269|FALCPAT_8291|FALCPAT_8668|FALCPAT_8733|FALCPAT_8772,31,4.440312259669108,3.4657359027997265,0.961206023289819,0.32142857142857145,0.4968841939291439,0.8788522830986387,1.0,1.0,0.870020964360587,3.0,3.0,1.189183702611079,-0.2780877701231893,-2.5,2.0,0.6472959256527697,3.0,3,normal,-7636.365764843593,40348.80736321083,0.9853249475890986
BIKAJI,2025-02-27,2025-02-28,0.8637316561844863,0.3249475890985325,0.4642857142857143,0.1911764705882352,0.2941176470588235,0.9054621848739496,0.8364779874213837,0.5366876310272537,0.5210084033613446,3.30983387065518,1.59600096985407,60.54707822780515,FALCPAT_6346|FALCPAT_6458|FALCPAT_6578|FALCPAT_6871|FALCPAT_7160|FALCPAT_7202|FALCPAT_7561|FALCPAT_7781|FALCPAT_8206|FALCPAT_8260|FALCPAT_8269|FALCPAT_8459|FALCPAT_8494|FALCPAT_8511|FALCPAT_8772|FALCPAT_8781|FALCPAT_8952,23,4.119802381606171,3.1780538303479458,0.8729716100276589,0.5551759068407237,0.44212625301693004,1.1661212375355632,0.9979035639412998,0.9916142557651991,0.949685534591195,2.4845509969349076,2.7368000113528046,1.519998035834313,0.0,0.020013428641159486,0.0,2.0454074598498475,2.4845509969349076,1,normal,-7431.21764827997,41460.21814647085,0.9853249475890986
BLS,2025-02-27,2025-02-28,0.8092243186582809,0.0293501048218029,0.1281512605042016,0.6995798319327731,0.1239495798319327,0.7710084033613446,0.8301886792452831,0.1593291404612159,0.1260504201680672,3.104409122139422,1.306548835320103,59.2661566076933,FALCPAT_6288|FALCPAT_6458|FALCPAT_6591|FALCPAT_6996|FALCPAT_7021|FALCPAT_7160|FALCPAT_7545|FALCPAT_7561|FALCPAT_7737|FALCPAT_7747|FALCPAT_7915|FALCPAT_8079|FALCPAT_8196|FALCPAT_8206|FALCPAT_8411|FALCPAT_8781|FALCPAT_8883,23,4.098770695886231,3.1780538303479458,0.7993646829801103,0.723866118774554,0.10105019995419545,1.0394135904421293,0.9958071278825996,0.9937106918238994,0.9161425576519916,2.4678318960633105,2.7368000113528046,1.3548358150258721,0.0,0.020013428641159486,0.0,1.9965933092555188,2.4678318960633105,2,normal,-7431.21764827997,41460.21814647085,0.9853249475890986
KAYNES,2025-02-27,2025-02-28,0.9685534591194968,0.320754716981132,0.1911764705882352,0.2079831932773109,0.2016806722689075,0.9201680672268908,0.939203354297694,0.0775681341719077,0.2142857142857142,3.204705089583004,1.447870083472766,55.482796455838766,FALCPAT_6343|FALCPAT_6474|FALCPAT_6569|FALCPAT_6575|FALCPAT_6578|FALCPAT_6890|FALCPAT_7202|FALCPAT_7226|FALCPAT_7755|FALCPAT_7787|FALCPAT_8096|FALCPAT_8138|FALCPAT_8241|FALCPAT_8411|FALCPAT_8459|FALCPAT_8724|FALCPAT_8779,25,4.033936104279384,3.258096538021482,0.9365074960801931,0.521769462501982,0.21159315927628902,1.0312144078754613,0.989517819706499,0.9979035639412998,0.9140461215932913,2.416291753657321,2.8248659524551263,1.3441482580189443,0.0,0.020013428641159486,0.0,1.988341544141556,2.416291753657321,3,normal,-7431.21764827997,41460.21814647085,0.9853249475890986
KEC,2025-02-27,2025-02-28,0.960167714884696,0.1362683438155136,0.1890756302521008,0.6848739495798319,0.0966386554621848,0.8928571428571429,0.89937106918239,0.1991614255765199,0.2121848739495798,3.3684880555995984,1.678647190205702,37.3605112052599,FALCPAT_6330|FALCPAT_6343|FALCPAT_6521|FALCPAT_6996|FALCPAT_7226|FALCPAT_7545|FALCPAT_7567|FALCPAT_8196|FALCPAT_8569|FALCPAT_8779|FALCPAT_8803|FALCPAT_9330|FALCPAT_9407|FALCPAT_9505|FALCPAT_9522,15,3.6470285764452073,2.772588722239781,0.90859913147649,0.7075581805049064,0.1765809153850219,1.3372618839472974,0.9706498951781971,0.9685534591194969,0.9643605870020965,2.1087203077932797,2.290692334994102,1.743078251435751,0.0,0.020013428641159486,0.0,1.8428321683647342,2.1087203077932797,4,normal,-7431.21764827997,41460.21814647085,0.9853249475890986
NLCINDIA,2025-02-27,2025-02-28,0.5408805031446541,0.0419287211740041,0.7794117647058824,0.01890756302521,0.5861344537815126,0.8697478991596639,0.8197064989517819,0.4276729559748428,0.8277310924369747,3.147937917305287,1.3678827435540708,46.884056407570746,FALCPAT_6166|FALCPAT_6575|FALCPAT_6591|FALCPAT_7202|FALCPAT_7780|FALCPAT_7915|FALCPAT_8097|FALCPAT_8196|FALCPAT_8411|FALCPAT_8668|FALCPAT_8789|FALCPAT_8909|FALCPAT_9506|FALCPAT_9542|FALCPAT_9583,15,3.8687825973929977,2.772588722239781,0.7864599298839032,0.6081190652361573,0.44060589644662895,1.0396626238711915,0.9832285115303984,0.9706498951781971,0.9182389937106918,2.28500326933418,2.290692334994102,1.3551604277477003,0.0,0.020013428641159486,0.0,1.8251800451361264,2.28500326933418,5,normal,-7431.21764827997,41460.21814647085,0.9853249475890986
FINCABLES,2025-02-27,2025-02-28,0.790356394129979,0.0356394129979035,0.1470588235294117,0.7647058823529411,0.1974789915966386,0.792016806722689,0.9035639412997905,0.1383647798742138,0.1470588235294117,3.125251043813752,1.3359159819760558,40.04119146868892,FALCPAT_6343|FALCPAT_6512|FALCPAT_7296|FALCPAT_7545|FALCPAT_7572|FALCPAT_7870|FALCPAT_8096|FALCPAT_8206|FALCPAT_8241|FALCPAT_8361|FALCPAT_8851|FALCPAT_8888|FALCPAT_8938|FALCPAT_9121|FALCPAT_9541|FALCPAT_9567,16,3.7145762323292284,2.833213344056216,0.8307262213061325,0.7205093987280446,0.10588851892958435,1.0867562633743508,0.9748427672955975,0.9769392033542977,0.9287211740041929,2.16241719578425,2.3573937813771044,1.4165465418830088,0.0,0.020013428641159486,0.0,1.7987031298490859,2.16241719578425,6,normal,-7431.21764827997,41460.21814647085,0.9853249475890986
POLYCAB,2025-02-27,2025-02-28,0.9979035639412998,0.0062893081761006,0.0987394957983193,0.9936974789915968,0.1302521008403361,0.7689075630252101,0.9958071278825996,0.0125786163522012,0.1974789915966386,3.319964149181686,1.6102749595466783,31.79089929940934,FALCPAT_6166|FALCPAT_6458|FALCPAT_6477|FALCPAT_6578|FALCPAT_6927|FALCPAT_7561|FALCPAT_8097|FALCPAT_8206|FALCPAT_8411|FALCPAT_8883|FALCPAT_8909|FALCPAT_9170|FALCPAT_9522|FALCPAT_9541|FALCPAT_9567,15,3.4901510165069825,2.772588722239781,0.8941216109085144,0.8034710110459278,0.05965263463876112,1.3725484938496404,0.9538784067085954,0.9727463312368972,0.9664570230607966,1.984010772665025,2.290692334994102,1.7890740140433112,0.0,0.020013428641159486,0.0,1.7982118182089095,1.984010772665025,7,normal,-7431.21764827997,41460.21814647085,0.9853249475890986
GRANULES,2025-02-28,2025-03-03,0.949685534591195,0.0754716981132075,0.2436974789915966,0.972689075630252,0.1949685534591195,0.6596638655462185,0.909853249475891,0.2327044025157232,0.1533613445378151,3.12120197135458,1.2801360125995325,63.17188678949467,FALCPAT_6145|FALCPAT_6174|FALCPAT_6346|FALCPAT_6591|FALCPAT_6871|FALCPAT_7545|FALCPAT_7737|FALCPAT_7747|FALCPAT_7820|FALCPAT_7870|FALCPAT_8079|FALCPAT_8196|FALCPAT_8206|FALCPAT_8269|FALCPAT_8361|FALCPAT_8411|FALCPAT_8511,26,4.161565214314342,3.295836866004329,0.8052344837305991,0.750052851329211,0.16851976639712485,1.1016586795706584,0.9853249475890985,0.9916142557651991,0.9161425576519916,2.1322468915112753,2.451085434966081,1.4229213264031972,0.0,0.07890884892629768,0.0,1.8054585197740893,2.1322468915112753,1,normal,-4466.380385554059,0.0,0.9853249475890986
REDINGTON,2025-02-28,2025-03-03,0.9853249475890984,0.1781970649895178,0.9789915966386554,0.315126050420168,0.5450733752620545,0.8634453781512605,0.9224318658280922,0.1572327044025157,0.98109243697479,3.371502783503338,1.619543907489005,54.08449478175517,FALCPAT_6174|FALCPAT_6320|FALCPAT_6882|FALCPAT_7209|FALCPAT_7884|FALCPAT_8040|FALCPAT_8224|FALCPAT_8381|FALCPAT_8580|FALCPAT_8641|FALCPAT_8879|FALCPAT_8890|FALCPAT_9006|FALCPAT_9152|FALCPAT_9203|FALCPAT_9368|FALCPAT_9406,17,4.008868275138009,2.8903717578961645,0.9084665627257192,0.6606063809171467,0.4935889135528425,1.3877555086153577,0.9727463312368972,0.9643605870020965,0.9748427672955975,2.020324947223655,2.040899731759321,1.7924566335433336,0.0,0.07890884892629768,0.0,1.7654403309883424,2.020324947223655,2,normal,-4466.380385554059,0.0,0.9853249475890986
WELSPUNLIV,2025-02-28,2025-03-03,0.8448637316561844,0.050314465408805,0.1071428571428571,0.6701680672268907,0.1090146750524109,0.7542016806722689,0.8406708595387841,0.4654088050314465,0.1134453781512605,3.24579435547804,1.4490832822930555,46.56981918908385,FALCPAT_6145|FALCPAT_6174|FALCPAT_6330|FALCPAT_6474|FALCPAT_6578|FALCPAT_6996|FALCPAT_7567|FALCPAT_7737|FALCPAT_8241|FALCPAT_8312|FALCPAT_8733|FALCPAT_8779|FALCPAT_9121|FALCPAT_9317|FALCPAT_9407|FALCPAT_9505,16,3.862198509492755,2.833213344056216,0.8025983034723323,0.7118589574194457,0.1777647851593467,1.1205158968749385,0.9622641509433962,0.960167714884696,0.9224318658280922,1.9128207272453495,1.9830758556568489,1.4472781415822173,0.0,0.07890884892629768,0.0,1.6192040337873315,1.9128207272453495,3,normal,-4466.380385554059,0.0,0.9853249475890986
PPLPHARMA,2025-02-28,2025-03-03,0.958071278825996,0.0587002096436058,0.1869747899159664,0.7058823529411765,0.2641509433962264,0.9327731092436976,0.9475890985324948,0.140461215932914,0.2079831932773109,3.381982321230379,1.6337541603795782,90.31860714109078,FALCPAT_6145|FALCPAT_6166|FALCPAT_6229|FALCPAT_6251|FALCPAT_6458|FALCPAT_6578|FALCPAT_6591|FALCPAT_6791|FALCPAT_6871|FALCPAT_6951|FALCPAT_6996|FALCPAT_7021|FALCPAT_7491|FALCPAT_7737|FALCPAT_7801|FALCPAT_8196|FALCPAT_8496,23,4.514354569038603,3.1780538303479458,0.9430183394112364,0.6961903000193789,0.13360155382907876,1.3247249423659755,0.9958071278825996,0.9853249475890985,0.9664570230607966,2.3908301395953613,2.3319311197354544,1.7110435688269012,0.0,0.07890884892629768,1.0,1.1700206789717287,2.3908301395953613,4,normal,-4466.380385554059,0.0,0.9853249475890986
POLYCAB,2025-02-28,2025-03-03,0.9077568134171908,0.0083857442348008,0.1176470588235294,0.9894957983193278,0.2075471698113207,0.7352941176470589,0.9937106918238994,0.3836477987421384,0.2752100840336134,3.3803597854236034,1.6315540018669752,31.79089929940934,FALCPAT_6166|FALCPAT_6458|FALCPAT_6477|FALCPAT_6578|FALCPAT_6927|FALCPAT_7561|FALCPAT_8097|FALCPAT_8206|FALCPAT_8411|FALCPAT_8883|FALCPAT_8909|FALCPAT_9170|FALCPAT_9522|FALCPAT_9541|FALCPAT_9567,15,3.4901510165069825,2.772588722239781,0.8602324577629794,0.7981193735355778,0.16954023747863925,1.382273301627469,0.9287211740041929,0.9538784067085954,0.9727463312368972,1.6401218833332483,1.9217454165286947,1.7853755727366138,-0.42,-2.5,1.0,0.7687478239898542,1.6401218833332483,5,normal,-4466.380385554059,0.0,0.9853249475890986
VIJAYA,2025-02-28,2025-03-03,0.9559748427672956,0.8846960167714885,0.4873949579831932,0.6281512605042017,0.1886792452830188,0.9852941176470588,0.9874213836477987,0.2054507337526205,0.5609243697478992,3.1166281292391167,1.2739338828076263,228.07251939303455,FALCPAT_6145|FALCPAT_6166|FALCPAT_6346|FALCPAT_6392|FALCPAT_6458|FALCPAT_6591|FALCPAT_6871|FALCPAT_6951|FALCPAT_7514|FALCPAT_7545|FALCPAT_7747|FALCPAT_7801|FALCPAT_7915|FALCPAT_8066|FALCPAT_8097|FALCPAT_8196|FALCPAT_8270,33,5.434038631994367,3.5263605246161616,0.9801748057713651,0.4810017088596445,0.5669936842661593,1.1115120840869113,1.0,0.9979035639412998,0.9203354297693921,3.0,2.6842929468397405,1.4356484191027135,-0.14960215812457459,-2.464098160315807,2.0,0.6457706941436268,3.0,6,normal,-4466.380385554059,0.0,0.9853249475890986
ACE,2025-03-03,2025-03-04,0.989517819706499,0.0293501048218029,0.1848739495798319,0.9894957983193278,0.2222222222222222,0.8235294117647058,0.989517819706499,0.6750524109014675,0.2100840336134453,3.605968676778888,1.8361812532706985,70.7990606127597,FALCPAT_6229|FALCPAT_6346|FALCPAT_6458|FALCPAT_6646|FALCPAT_6871|FALCPAT_7202|FALCPAT_7545|FALCPAT_7801|FALCPAT_7915|FALCPAT_8079|FALCPAT_8171|FALCPAT_8178|FALCPAT_8397|FALCPAT_8411|FALCPAT_8781|FALCPAT_8883|FALCPAT_8890,22,4.273871392580842,3.1354942159291497,0.9148230361326921,0.774087874143368,0.2567667318499727,1.5388662844741408,0.9811320754716981,0.9832285115303984,0.9937106918238994,2.0357703457565886,2.0849081129325846,1.8778840203851492,0.0,0.0822065905657237,0.0,1.8025492832732692,2.0357703457565886,1,normal,-3487.3355615900527,-942.2499856195,0.9853249475890986
CAPLIPOINT,2025-03-03,2025-03-04,0.9119496855345912,0.0335429769392033,0.2563025210084033,0.9096638655462184,0.1823899371069182,0.8403361344537815,0.9119496855345912,0.1425576519916142,0.2878151260504201,3.3189540281521417,1.4673377460460175,65.64360164912627,FALCPAT_6166|FALCPAT_6174|FALCPAT_6458|FALCPAT_6591|FALCPAT_6996|FALCPAT_7514|FALCPAT_7545|FALCPAT_7737|FALCPAT_7747|FALCPAT_7947|FALCPAT_8079|FALCPAT_8097|FALCPAT_8178|FALCPAT_8196|FALCPAT_8397|FALCPAT_8411|FALCPAT_8781,21,4.199359042753572,3.091042453358316,0.8797235875482268,0.7821582721138771,0.15462735408628853,1.307835674585901,0.9769392033542977,0.9727463312368972,0.9580712788259959,1.983632469696112,2.0423469293868837,1.5959523287633668,0.0,0.0822065905657237,0.0,1.700092079431469,1.983632469696112,2,normal,-3487.3355615900527,-942.2499856195,0.9853249475890986
OLECTRA,2025-03-03,2025-03-04,0.9433962264150944,0.0880503144654088,0.0357142857142857,0.7184873949579832,0.0545073375262054,0.773109243697479,0.9433962264150944,0.2473794549266247,0.0357142857142857,3.283198342229974,1.4213879916977394,66.41409073656334,FALCPAT_6251|FALCPAT_6288|FALCPAT_6458|FALCPAT_6477|FALCPAT_6996|FALCPAT_7004|FALCPAT_7021|FALCPAT_7572|FALCPAT_7780|FALCPAT_8079|FALCPAT_8178|FALCPAT_8241|FALCPAT_8764|FALCPAT_8938|FALCPAT_9221|FALCPAT_9266|FALCPAT_9403,21,4.210854057441321,3.091042453358316,0.8667670841921675,0.7063958916900094,0.10694818808026353,1.1466440724982605,0.9790356394129979,0.9790356394129979,0.9203354297693921,1.991675775973428,2.0423469293868837,1.3992467014277614,0.0,0.0822065905657237,0.0,1.6545351604223597,1.991675775973428,3,normal,-3487.3355615900527,-942.2499856195,0.9853249475890986
HBLENGINE,2025-03-03,2025-03-04,0.9559748427672956,0.1174004192872117,0.0525210084033613,0.2626050420168067,0.0440251572327044,0.9558823529411764,0.9559748427672956,0.2851153039832285,0.0546218487394958,3.4933438155136267,1.6914466586131456,55.55603032948852,FALCPAT_6145|FALCPAT_6166|FALCPAT_6174|FALCPAT_6223|FALCPAT_6251|FALCPAT_6475|FALCPAT_6545|FALCPAT_6569|FALCPAT_6927|FALCPAT_6996|FALCPAT_7021|FALCPAT_7737|FALCPAT_8079|FALCPAT_8724|FALCPAT_8766|FALCPAT_8883|FALCPAT_8890,20,4.035231834003029,3.044522437723423,0.9559332223455419,0.6113489420925603,0.13369250215809592,1.2466080485479627,0.9706498951781971,0.9706498951781971,0.9475890985324947,1.8687891707285635,1.9978054576998943,1.5212349214414007,0.0,0.0822065905657237,0.0,1.6208249487281825,1.8687891707285635,4,normal,-3487.3355615900527,-942.2499856195,0.9853249475890986
SAREGAMA,2025-03-03,2025-03-04,0.9329140461215932,0.1551362683438155,0.6701680672268907,0.2058823529411764,0.3857442348008386,0.8487394957983193,0.9329140461215932,0.6561844863731656,0.7542016806722689,3.5703620756478696,1.7904230882977512,50.84683079700652,FALCPAT_6166|FALCPAT_6439|FALCPAT_6477|FALCPAT_6591|FALCPAT_6646|FALCPAT_6871|FALCPAT_6905|FALCPAT_6996|FALCPAT_7801|FALCPAT_7915|FALCPAT_7976|FALCPAT_8397|FALCPAT_8909|FALCPAT_9048|FALCPAT_9222|FALCPAT_9426,16,3.9482938102810854,2.833213344056216,0.89503549847612,0.6412830541021439,0.49901608442118983,1.4190241677797857,0.9685534591194969,0.9517819706498952,0.9769392033542977,1.8079567863484574,1.7954835563778828,1.7316380718352187,0.0,0.0822065905657237,0.0,1.605586783091187,1.8079567863484574,5,normal,-3487.3355615900527,-942.2499856195,0.9853249475890986
JBMA,2025-03-03,2025-03-04,0.7945492662473794,0.0398322851153039,0.0084033613445378,0.6134453781512605,0.0188679245283018,0.98109243697479,0.7945492662473794,0.5953878406708596,0.0084033613445378,3.4790021669044977,1.6730161569029198,48.23422461878671,FALCPAT_6348|FALCPAT_6424|FALCPAT_6474|FALCPAT_7004|FALCPAT_7226|FALCPAT_7572|FALCPAT_7786|FALCPAT_8245|FALCPAT_8260|FALCPAT_8571|FALCPAT_8764|FALCPAT_8787|FALCPAT_8803|FALCPAT_8888|FALCPAT_9243|FALCPAT_9449|FALCPAT_9505,17,3.896589003998254,2.8903717578961645,0.8784936930747143,0.7057114669767278,0.1661496044958864,1.2916817711056936,0.9559748427672956,0.9580712788259959,0.9538784067085954,1.7717778336251249,1.850210964289923,1.5762393680579736,0.0,0.0822065905657237,0.0,1.5614020600037841,1.7717778336251249,6,normal,-3487.3355615900527,-942.2499856195,0.9853249475890986
DATAPATTNS,2025-03-03,2025-03-04,0.8469601677148847,0.3123689727463312,0.0147058823529411,0.5987394957983193,0.0125786163522012,0.9789915966386554,0.8469601677148847,0.6415094339622641,0.0147058823529411,3.399232995084827,1.5705045211966937,46.07159033517538,FALCPAT_6569|FALCPAT_6575|FALCPAT_7004|FALCPAT_7466|FALCPAT_7758|FALCPAT_7780|FALCPAT_7786|FALCPAT_8037|FALCPAT_8068|FALCPAT_8245|FALCPAT_8397|FALCPAT_8494|FALCPAT_8571|FALCPAT_8764|FALCPAT_8787|FALCPAT_8803,16,3.8516696414404565,2.833213344056216,0.9063743107305815,0.6102152810809859,0.2755888518929584,1.1979155435987565,0.9517819706498952,0.9454926624737946,0.9412997903563941,1.740346800203375,1.7954835563778828,1.4618143957531702,0.0,0.0822065905657237,0.0,1.507706370305388,1.740346800203375,7,normal,-3487.3355615900527,-942.2499856195,0.9853249475890986
BLS,2025-03-03,2025-03-04,0.9664570230607966,0.050314465408805,0.0735294117647058,0.8823529411764706,0.0964360587002096,0.7836134453781513,0.9664570230607966,0.429769392033543,0.0777310924369747,3.426332954565474,1.605330771871751,76.60327245807272,FALCPAT_6288|FALCPAT_6458|FALCPAT_6591|FALCPAT_6951|FALCPAT_6996|FALCPAT_7021|FALCPAT_7160|FALCPAT_7545|FALCPAT_7561|FALCPAT_7600|FALCPAT_7631|FALCPAT_7747|FALCPAT_7915|FALCPAT_8079|FALCPAT_8269|FALCPAT_8361|FALCPAT_8411,31,4.351609597151461,3.4657359027997265,0.8841774131036062,0.750297729154555,0.15509442770819015,1.327076207599202,0.9832285115303984,0.9937106918238994,0.9622641509433962,2.090165420995291,2.4011042823632827,1.6194319708020075,-0.32443573181038754,-2.5,1.0,1.0256532886210394,2.090165420995291,8,normal,-3487.3355615900527,-942.2499856195,0.9853249475890986
VIJAYA,2025-03-03,2025-03-04,0.8134171907756813,0.429769392033543,0.3739495798319328,0.8445378151260504,0.2431865828092243,0.9852941176470588,0.8134171907756813,0.4213836477987421,0.4369747899159664,3.21569860648662,1.3346438502839135,144.4851943729761,FALCPAT_6145|FALCPAT_6166|FALCPAT_6346|FALCPAT_6392|FALCPAT_6591|FALCPAT_6871|FALCPAT_7176|FALCPAT_7514|FALCPAT_7553|FALCPAT_7747|FALCPAT_7758|FALCPAT_7781|FALCPAT_7801|FALCPAT_7860|FALCPAT_8397|FALCPAT_8411|FALCPAT_8428,28,4.980074324547202,3.367295829986474,0.8907618078678012,0.6450865880943571,0.4147988126068037,1.1903904607678857,0.9979035639412998,0.989517819706499,0.9371069182389937,2.529915558271839,2.306850966747717,1.45263137306571,0.0,0.0822065905657237,2.0,0.3629900378382982,2.529915558271839,9,normal,-3487.3355615900527,-942.2499856195,0.9853249475890986
NUVAMA,2025-03-03,2025-03-04,0.9371069182389936,0.2054507337526205,0.7457983193277311,0.4159663865546218,0.5157232704402516,0.8046218487394958,0.9371069182389936,0.0838574423480083,0.8088235294117647,3.1959910064654795,1.309317546049764,88.30647125482736,FALCPAT_6145|FALCPAT_6166|FALCPAT_6174|FALCPAT_6346|FALCPAT_6458|FALCPAT_6791|FALCPAT_7545|FALCPAT_7737|FALCPAT_7780|FALCPAT_8097|FALCPAT_8196|FALCPAT_8260|FALCPAT_8312|FALCPAT_8617|FALCPAT_8641|FALCPAT_8668|FALCPAT_8687,25,4.4920739517163195,3.258096538021482,0.8774886369642196,0.6441194087697972,0.4006452266441167,1.1562475156553227,0.9916142557651991,0.9853249475890985,0.9266247379454927,2.188451317577459,2.2022960325991194,1.410965992546691,0.0,0.0822065905657237,2.0,0.1780037975663531,2.188451317577459,10,normal,-3487.3355615900527,-942.2499856195,0.9853249475890986
GRAVITA,2025-03-03,2025-03-04,0.9748427672955976,0.0754716981132075,0.0672268907563025,0.9558823529411764,0.1194968553459119,0.8823529411764706,0.9748427672955976,0.4423480083857442,0.0714285714285714,3.512384387717351,1.715915763116309,128.83294235914065,FALCPAT_6145|FALCPAT_6166|FALCPAT_6174|FALCPAT_6288|FALCPAT_6475|FALCPAT_6477|FALCPAT_6545|FALCPAT_6569|FALCPAT_6578|FALCPAT_6591|FALCPAT_6871|FALCPAT_6890|FALCPAT_6996|FALCPAT_7176|FALCPAT_7202|FALCPAT_7508|FALCPAT_7545,46,4.866248565283659,3.8501476017100584,0.9332223455419905,0.7491728766978489,0.16452310483941998,1.434825419610572,0.9958071278825996,0.9979035639412998,0.9811320754716981,2.4502692534280177,2.7691665576974978,1.7509206840421052,0.0,0.0822065905657237,3.0,-0.30581535340736643,2.4502692534280177,11,normal,-3487.3355615900527,-942.2499856195,0.9853249475890986
ACE,2025-03-04,2025-03-05,0.9056603773584906,0.0628930817610062,0.2815126050420168,0.7478991596638656,0.2935010482180293,0.842436974789916,0.9769392033542976,0.981132075471698,0.296218487394958,3.671375499885489,1.9623336502901807,59.199302183004,FALCPAT_6229|FALCPAT_6346|FALCPAT_6458|FALCPAT_6646|FALCPAT_6871|FALCPAT_7202|FALCPAT_7545|FALCPAT_7801|FALCPAT_7915|FALCPAT_8079|FALCPAT_8171|FALCPAT_8397|FALCPAT_8411|FALCPAT_8781|FALCPAT_8883|FALCPAT_8909|FALCPAT_9016,19,4.09766076060314,2.995732273553991,0.9021574353011643,0.7134356887409052,0.38210652185402455,1.5480794668331144,0.9811320754716981,0.9664570230607966,0.9916142557651991,1.932522961045684,1.940289132512252,1.9380377333355951,1.0,2.5,0.0,1.7422025923069069,1.932522961045684,1,normal,5507.280788479634,9163.77714771021,0.9853249475890986
JBMA,2025-03-04,2025-03-05,0.7987421383647799,0.0398322851153039,0.0147058823529411,0.2331932773109243,0.0146750524109014,0.976890756302521,0.7295597484276729,0.6729559748427673,0.0147058823529411,3.4679916935327597,1.6952343542438204,66.0924939147007,FALCPAT_6348|FALCPAT_6424|FALCPAT_6474|FALCPAT_6674|FALCPAT_7004|FALCPAT_7226|FALCPAT_7572|FALCPAT_7786|FALCPAT_8068|FALCPAT_8245|FALCPAT_8260|FALCPAT_8455|FALCPAT_8571|FALCPAT_8734|FALCPAT_8764|FALCPAT_8787|FALCPAT_8803,22,4.20607217355794,3.1354942159291497,0.8546951799587759,0.6319697690396914,0.18806264644222462,1.1798403604338654,0.9874213836477987,0.9811320754716981,0.9308176100628931,2.0096570438619876,2.07458245439057,1.4770330490359223,0.6666666666666666,2.5,0.0,1.688520422874989,2.0096570438619876,2,normal,5507.280788479634,9163.77714771021,0.9853249475890986
CAPLIPOINT,2025-03-04,2025-03-05,0.9853249475890984,0.1488469601677149,0.4663865546218487,0.9663865546218487,0.2578616352201258,0.8550420168067226,0.9559748427672956,0.8721174004192872,0.4978991596638655,3.703520559167063,2.0045490206259413,36.65914572997784,FALCPAT_6166|FALCPAT_6458|FALCPAT_6591|FALCPAT_6882|FALCPAT_6996|FALCPAT_7514|FALCPAT_7545|FALCPAT_7947|FALCPAT_8397|FALCPAT_8411|FALCPAT_8781|FALCPAT_8883|FALCPAT_8890|FALCPAT_8952|FALCPAT_9016,15,3.6285758392218015,2.772588722239781,0.9164250920493983,0.7762952979934111,0.461407298768564,1.7053838705840827,0.9371069182389937,0.9412997903563941,0.9979035639412998,1.5987717978836216,1.725876766367029,2.1349697422666036,0.0,-0.0712813924527106,0.0,1.5983650978876867,1.5987717978836216,3,normal,5507.280788479634,9163.77714771021,0.9853249475890986
HBLENGINE,2025-03-04,2025-03-05,0.8742138364779874,0.2641509433962264,0.0357142857142857,0.1953781512605042,0.0566037735849056,0.957983193277311,0.8805031446540881,0.6331236897274634,0.0357142857142857,3.434005205855928,1.6506006781593716,38.43499028087947,FALCPAT_6166|FALCPAT_6251|FALCPAT_6475|FALCPAT_6545|FALCPAT_6569|FALCPAT_6927|FALCPAT_7021|FALCPAT_8455|FALCPAT_8724|FALCPAT_8766|FALCPAT_8883|FALCPAT_8938|FALCPAT_9395|FALCPAT_9450|FALCPAT_9506|FALCPAT_9583,16,3.6746535003906735,2.833213344056216,0.9141113048993181,0.5396147138100523,0.2650194669062593,1.138061604339749,0.9412997903563941,0.9475890985324947,0.9245283018867925,1.6315557828508054,1.7841292613809567,1.4247295268708453,0.8,2.5,0.0,1.4472083362767652,1.6315557828508054,4,normal,5507.280788479634,9163.77714771021,0.9853249475890986
BDL,2025-03-04,2025-03-05,0.9559748427672956,0.9371069182389936,0.4642857142857143,0.8907563025210085,0.3983228511530398,0.8571428571428571,0.9706498951781972,0.9874213836477987,0.4936974789915966,3.165366744181949,1.2978039374018742,70.61779195561614,FALCPAT_6245|FALCPAT_6663|FALCPAT_6677|FALCPAT_6697|FALCPAT_7394|FALCPAT_7471|FALCPAT_7695|FALCPAT_7740|FALCPAT_7963|FALCPAT_7976|FALCPAT_7983|FALCPAT_8037|FALCPAT_8226|FALCPAT_8547|FALCPAT_8584|FALCPAT_8622|FALCPAT_8854,28,4.27134353409805,3.367295829986474,0.9166367175801138,0.4493226221306133,0.7649688177157654,1.0893767292568106,0.9937106918238994,0.9916142557651991,0.9161425576519916,2.0560972330654317,2.29731410965731,1.363780119060136,0.0,-0.0712813924527106,1.0,0.9256516065759404,2.0560972330654317,5,normal,5507.280788479634,9163.77714771021,0.9853249475890986
OLECTRA,2025-03-04,2025-03-05,0.9664570230607966,0.0880503144654088,0.0525210084033613,0.930672268907563,0.0649895178197065,0.7878151260504201,0.8825995807127882,0.3354297693920335,0.0546218487394958,3.3082954565473983,1.4855089427424426,69.514074493237,FALCPAT_6251|FALCPAT_6288|FALCPAT_6458|FALCPAT_6477|FALCPAT_6996|FALCPAT_7004|FALCPAT_7021|FALCPAT_7572|FALCPAT_7780|FALCPAT_8068|FALCPAT_8079|FALCPAT_8178|FALCPAT_8241|FALCPAT_8764|FALCPAT_8938|FALCPAT_9221|FALCPAT_9266,22,4.255812328095113,3.1354942159291497,0.8567180645843243,0.749993834011592,0.13599858182266614,1.2349995057556293,0.9916142557651991,0.9832285115303984,0.9517819706498952,2.0450468713238394,2.07458245439057,1.5460877038333123,-0.5055555555555556,-2.5,1.0,0.9217095089321699,2.0450468713238394,6,normal,5507.280788479634,9163.77714771021,0.9853249475890986
BLS,2025-03-04,2025-03-05,0.8679245283018868,0.2410901467505241,0.0798319327731092,0.5273109243697479,0.0964360587002096,0.8025210084033614,0.9056603773584906,0.9643605870020964,0.0861344537815126,3.455099933054983,1.6783039003883131,57.643300876213466,FALCPAT_6458|FALCPAT_6591|FALCPAT_6951|FALCPAT_6996|FALCPAT_7021|FALCPAT_7348|FALCPAT_7545|FALCPAT_7561|FALCPAT_7631|FALCPAT_7915|FALCPAT_8079|FALCPAT_8269|FALCPAT_8411|FALCPAT_8455|FALCPAT_8668|FALCPAT_8781|FALCPAT_8883,23,4.071473346516202,3.1780538303479458,0.8517004915173616,0.6141985095925163,0.3583498493737117,1.2200371888984605,0.9769392033542977,0.9874213836477987,0.9412997903563941,1.9138907699149506,2.1154767915830126,1.5273561295945561,0.3990749862984587,2.5,1.0,0.8661852371769694,1.9138907699149506,7,normal,5507.280788479634,9163.77714771021,0.9853249475890986
NUVAMA,2025-03-04,2025-03-05,0.8574423480083857,0.4213836477987421,0.8928571428571429,0.2605042016806723,0.5094339622641509,0.8130252100840336,0.909853249475891,0.2893081761006289,0.9180672268907564,3.1256485298521928,1.245642915942291,53.83257338925142,FALCPAT_6346|FALCPAT_6458|FALCPAT_8097|FALCPAT_8260|FALCPAT_8361|FALCPAT_8581|FALCPAT_8668|FALCPAT_8733|FALCPAT_8789|FALCPAT_8909|FALCPAT_9243|FALCPAT_9317|FALCPAT_9368|FALCPAT_9426|FALCPAT_9506|FALCPAT_9541,16,4.0042844222786895,2.833213344056216,0.8557984514560542,0.5608715184186883,0.5807356905026162,1.067849814647053,0.9727463312368972,0.9538784067085954,0.9077568134171907,1.866086245416821,1.7841292613809567,1.3368302153123857,0.4,2.5,2.0,-0.06922778345814273,1.866086245416821,8,normal,5507.280788479634,9163.77714771021,0.9853249475890986
GRAVITA,2025-03-04,2025-03-05,0.9077568134171908,0.1509433962264151,0.1827731092436974,0.8235294117647058,0.1467505241090146,0.8529411764705882,0.9475890985324948,0.7966457023060797,0.1974789915966386,3.559794672586016,1.81579710464076,120.25027984592091,FALCPAT_6166|FALCPAT_6424|FALCPAT_6475|FALCPAT_6545|FALCPAT_6569|FALCPAT_6578|FALCPAT_6591|FALCPAT_6674|FALCPAT_6871|FALCPAT_6890|FALCPAT_6996|FALCPAT_7202|FALCPAT_7508|FALCPAT_7545|FALCPAT_7561|FALCPAT_7618|FALCPAT_7631,43,4.797856837822525,3.784189633918261,0.8970310765815761,0.71468386096577,0.32730674030618534,1.4578138122650857,0.9958071278825996,0.9979035639412998,0.9832285115303984,2.4307083525635367,2.697895647442511,1.8250326535814632,0.3333333333333333,2.5,3.0,-0.310343948462541,2.4307083525635367,9,normal,5507.280788479634,9163.77714771021,0.9853249475890986
GPIL,2025-03-05,2025-03-06,0.9182389937106918,0.3710691823899371,0.4201680672268907,0.8130252100840336,0.4067085953878406,0.7337526205450734,0.8427672955974843,0.7819706498951782,0.4705882352941176,3.184726846713528,1.4960186503424588,78.75152985591225,FALCPAT_7545|FALCPAT_7631|FALCPAT_7860|FALCPAT_7915|FALCPAT_7941|FALCPAT_7976|FALCPAT_8037|FALCPAT_8141|FALCPAT_8260|FALCPAT_8406|FALCPAT_8429|FALCPAT_8455|FALCPAT_8496|FALCPAT_8644|FALCPAT_8781|FALCPAT_8854|FALCPAT_8877,29,4.3789159246271945,3.4011973816621555,0.8088050314465409,0.6251713263921921,0.5009971284111128,1.1707018555540405,0.9937106918238994,0.9937106918238994,0.9433962264150944,2.2985134845628274,2.4952516915448095,1.5518238503367212,0.0,-0.09058314410179631,0.0,1.9213373689464148,2.2985134845628274,1,normal,14197.409462921732,14197.409462921732,0.9853249475890986
JBMA,2025-03-05,2025-03-06,0.7924528301886793,0.0649895178197065,0.0168067226890756,0.4726890756302521,0.0167714884696016,0.9727463312368972,0.7756813417190775,0.4234800838574423,0.0168067226890756,3.365421137008262,1.76430758515196,70.55617751547634,FALCPAT_6348|FALCPAT_6424|FALCPAT_6474|FALCPAT_6674|FALCPAT_7004|FALCPAT_7226|FALCPAT_7469|FALCPAT_7508|FALCPAT_7572|FALCPAT_8068|FALCPAT_8245|FALCPAT_8260|FALCPAT_8455|FALCPAT_8734|FALCPAT_8764|FALCPAT_8787|FALCPAT_8803,24,4.27048284071683,3.2188758248682006,0.8677148846960168,0.6709599563095678,0.1353390412768881,1.2551855029131598,0.9832285115303984,0.9832285115303984,0.9559748427672956,2.220209715333516,2.317250608394154,1.66381334962197,0.8448500725781777,2.5,0.0,1.8784978309844056,2.220209715333516,2,normal,14197.409462921732,14197.409462921732,0.9853249475890986
TARIL,2025-03-05,2025-03-06,0.9077568134171908,0.0943396226415094,0.9222689075630252,0.5840336134453782,0.3668763102725367,0.9874213836477987,0.9643605870020964,0.2222222222222222,0.934873949579832,3.6331807251202366,2.1618682084700387,41.77954274981582,FALCPAT_6229|FALCPAT_6424|FALCPAT_6696|FALCPAT_7471|FALCPAT_7631|FALCPAT_7753|FALCPAT_8070|FALCPAT_8171|FALCPAT_8269|FALCPAT_8291|FALCPAT_8584|FALCPAT_8645|FALCPAT_8668|FALCPAT_9243|FALCPAT_9301,15,3.756060015187036,2.772588722239781,0.9634171907756813,0.7790435671123795,0.45937274280781487,1.8305974161790664,0.9622641509433962,0.960167714884696,1.0,1.8487248809643888,1.8815391705316387,2.426565598888587,0.0,-0.09058314410179631,0.0,1.8148754302624495,1.8487248809643888,3,normal,14197.409462921732,14197.409462921732,0.9853249475890986
ACE,2025-03-05,2025-03-06,0.6310272536687631,0.1572327044025157,0.3361344537815126,0.3445378151260504,0.2285115303983228,0.870020964360587,0.979035639412998,0.8742138364779874,0.3571428571428571,3.466404612159329,1.914244525259198,49.19386947439247,FALCPAT_6346|FALCPAT_6458|FALCPAT_6646|FALCPAT_6871|FALCPAT_7202|FALCPAT_7915|FALCPAT_8171|FALCPAT_8397|FALCPAT_8411|FALCPAT_8781|FALCPAT_8883|FALCPAT_8909|FALCPAT_9016|FALCPAT_9048|FALCPAT_9426,15,3.9158928972161275,2.772588722239781,0.8603773584905661,0.6281768053133202,0.41118994767718403,1.3723797885206845,0.9685534591194969,0.9559748427672956,0.9748427672955975,1.9641464539596534,1.8815391705316387,1.8191632874447299,1.0,2.5,0.0,1.7149645602493542,1.9641464539596534,4,normal,14197.409462921732,14197.409462921732,0.9853249475890986
JYOTICNC,2025-03-05,2025-03-06,0.8930817610062893,0.4381551362683438,0.0672268907563025,0.5441176470588235,0.0293501048218029,0.9958071278825996,0.9559748427672956,0.1383647798742138,0.0693277310924369,3.230344370452584,1.563750048122852,37.07502233803516,FALCPAT_6145|FALCPAT_6882|FALCPAT_6996|FALCPAT_7561|FALCPAT_8037|FALCPAT_8171|FALCPAT_8642|FALCPAT_8668|FALCPAT_8733|FALCPAT_9016|FALCPAT_9121|FALCPAT_9170|FALCPAT_9243|FALCPAT_9395|FALCPAT_9541|FALCPAT_9567|FALCPAT_9583,17,3.6395584854661527,2.8903717578961645,0.9613207547169811,0.561997251730881,0.21515137501541493,1.1670262202632444,0.949685534591195,0.9643605870020965,0.9412997903563941,1.7645945715685325,1.9965311017781562,1.5469515162384821,0.0,-0.09058314410179631,0.0,1.5801116566210913,1.7645945715685325,5,normal,14197.409462921732,14197.409462921732,0.9853249475890986
BLS,2025-03-05,2025-03-06,0.450733752620545,0.0796645702306079,0.042016806722689,0.6680672268907563,0.0461215932914046,0.859538784067086,0.9035639412997905,0.2557651991614256,0.042016806722689,3.0351461339252683,1.2739261313339736,69.7213409439403,FALCPAT_6251|FALCPAT_6458|FALCPAT_6591|FALCPAT_6951|FALCPAT_6996|FALCPAT_7021|FALCPAT_7545|FALCPAT_7561|FALCPAT_7600|FALCPAT_7631|FALCPAT_7915|FALCPAT_8079|FALCPAT_8143|FALCPAT_8247|FALCPAT_8269|FALCPAT_8411|FALCPAT_8455,28,4.258747379460997,3.367295829986474,0.7931865828092244,0.7026038088191251,0.10863062206014477,0.9921519693957999,0.9811320754716981,0.9874213836477987,0.9119496855345912,2.211735079946996,2.462153504885626,1.3151423980871197,-0.056899198748546743,-0.7971425692633917,2.0,0.21649708647505328,2.211735079946996,6,normal,14197.409462921732,14197.409462921732,0.9853249475890986
GRAVITA,2025-03-05,2025-03-06,0.9350104821802936,0.2327044025157232,0.111344537815126,0.8550420168067226,0.1236897274633123,0.90146750524109,0.9727463312368972,0.2935010482180293,0.1134453781512605,3.347462695770132,1.7376434826905147,123.64511673666848,FALCPAT_6424|FALCPAT_6475|FALCPAT_6545|FALCPAT_6569|FALCPAT_6578|FALCPAT_6591|FALCPAT_6674|FALCPAT_6871|FALCPAT_6890|FALCPAT_6996|FALCPAT_7164|FALCPAT_7202|FALCPAT_7508|FALCPAT_7545|FALCPAT_7561|FALCPAT_7619|FALCPAT_7631,44,4.825470633403286,3.8066624897703196,0.9331236897274632,0.6813285062452655,0.199674744111481,1.365200913538783,0.9958071278825996,0.9979035639412998,0.9727463312368972,2.620988098428562,2.891108493626722,1.8096471427257748,-0.07129148425738947,-0.97586222084986,4.0,-0.9899218713003592,2.620988098428562,7,normal,14197.409462921732,14197.409462921732,0.9853249475890986
ERIS,2025-03-06,2025-03-07,0.958071278825996,0.7337526205450734,0.4873949579831932,0.5618448637316562,0.2809224318658281,0.8972746331236897,0.8532494758909853,0.2662473794549266,0.5441176470588235,3.0028101492169195,1.3890936429236842,160.9611159396033,FALCPAT_6721|FALCPAT_6793|FALCPAT_6809|FALCPAT_6881|FALCPAT_6953|FALCPAT_7075|FALCPAT_7085|FALCPAT_7164|FALCPAT_7179|FALCPAT_7394|FALCPAT_7412|FALCPAT_7471|FALCPAT_7559|FALCPAT_7620|FALCPAT_7695|FALCPAT_7709|FALCPAT_7764,42,5.087356281357581,3.7612001156935624,0.8940251572327045,0.49414847700086323,0.5268416486091292,1.057243240064973,1.0,0.9958071278825996,0.9266247379454927,2.938803568024863,2.9879580260434495,1.4768232189221941,0.0,-0.03803341202986435,0.0,2.2892590155504267,2.938803568024863,1,normal,11518.118064231418,10575.868078611917,0.9853249475890986
ANURAS,2025-03-06,2025-03-07,0.8029350104821803,1.0,0.9558823529411764,0.9685534591194968,0.979035639412998,0.8301886792452831,0.9979035639412998,0.960167714884696,0.96218487394958,2.879846466888642,1.1822193847189777,137.5468925955025,FALCPAT_6205|FALCPAT_6245|FALCPAT_6427|FALCPAT_6677|FALCPAT_6793|FALCPAT_6809|FALCPAT_6953|FALCPAT_7056|FALCPAT_7164|FALCPAT_7179|FALCPAT_7184|FALCPAT_7209|FALCPAT_7383|FALCPAT_7394|FALCPAT_7471|FALCPAT_7559|FALCPAT_7620,49,4.931208843020683,3.912023005428146,0.8834381551362683,0.39138875676056584,0.9733402480489051,1.0131184489739768,0.9958071278825996,1.0,0.9140461215932913,2.821717231551824,3.0,1.4151856210964628,0.0,-0.03803341202986435,0.0,2.2235691594724365,2.821717231551824,2,normal,11518.118064231418,10575.868078611917,0.9853249475890986
TARIL,2025-03-06,2025-03-07,0.8071278825995807,0.3563941299790356,0.8760504201680672,0.4926624737945492,0.4129979035639413,0.989517819706499,0.8930817610062893,0.7274633123689728,0.9033613445378152,3.5393420890368734,2.291755672489956,48.65382620806208,FALCPAT_6424|FALCPAT_6439|FALCPAT_6646|FALCPAT_7432|FALCPAT_7631|FALCPAT_7753|FALCPAT_8070|FALCPAT_8171|FALCPAT_8269|FALCPAT_8291|FALCPAT_8547|FALCPAT_8584|FALCPAT_8645|FALCPAT_8668|FALCPAT_9243|FALCPAT_9301|FALCPAT_9370,17,3.9050754511284214,2.8903717578961645,0.9192872117400419,0.6512173422828251,0.6611205803075948,1.7443414576545135,0.9748427672955975,0.9664570230607966,1.0,2.052276497403528,2.1021696640233305,2.436625691759348,0.0,-0.03803341202986435,0.0,1.9531147795760906,2.052276497403528,3,normal,11518.118064231418,10575.868078611917,0.9853249475890986
JBMA,2025-03-06,2025-03-07,0.7064989517819706,0.2264150943396226,0.0168067226890756,0.1320754716981132,0.0230607966457023,0.9769392033542976,0.7484276729559748,0.2872117400419287,0.0168067226890756,3.1239117030459984,1.5928350537326443,63.74750141844502,FALCPAT_6348|FALCPAT_6424|FALCPAT_6474|FALCPAT_6674|FALCPAT_7004|FALCPAT_7226|FALCPAT_7469|FALCPAT_7508|FALCPAT_7572|FALCPAT_7600|FALCPAT_8068|FALCPAT_8260|FALCPAT_8455|FALCPAT_8734|FALCPAT_8764|FALCPAT_8787|FALCPAT_8803,24,4.170495111702983,3.2188758248682006,0.8428721174004192,0.5447659566971442,0.15777090710498032,0.9881211044755155,0.9832285115303984,0.9811320754716981,0.9035639412997903,2.2513000357695074,2.4363171189088155,1.3802670134654385,0.7534531113996639,2.5,0.0,1.845415193244401,2.2513000357695074,4,normal,11518.118064231418,10575.868078611917,0.9853249475890986
INOXWIND,2025-03-06,2025-03-07,0.7735849056603774,0.1719077568134172,0.3928571428571428,0.2264150943396226,0.3081761006289308,0.8511530398322851,0.8784067085953878,0.310272536687631,0.4369747899159664,3.189523985694908,1.7032212429317712,41.37323112128319,FALCPAT_6575|FALCPAT_6578|FALCPAT_7202|FALCPAT_7348|FALCPAT_7600|FALCPAT_7740|FALCPAT_7753|FALCPAT_7941|FALCPAT_7965|FALCPAT_8101|FALCPAT_8448|FALCPAT_8546|FALCPAT_8584|FALCPAT_8621|FALCPAT_8645|FALCPAT_9547,16,3.7465168213787883,2.833213344056216,0.8451781970649894,0.5954662368091891,0.30149635325828444,1.1714486380885905,0.9622641509433962,0.960167714884696,0.9580712788259959,1.9333821417144241,2.0440293229129236,1.6363559038110684,0.0,-0.03803341202986435,0.0,1.6879168043068427,1.9333821417144241,5,normal,11518.118064231418,10575.868078611917,0.9853249475890986
ZENTEC,2025-03-06,2025-03-07,0.8427672955974843,0.8427672955974843,0.0084033613445378,0.1656184486373165,0.0083857442348008,0.9979035639412998,0.9685534591194968,0.8406708595387841,0.0084033613445378,3.251368849426563,1.807269121671291,31.07785313272894,FALCPAT_6521|FALCPAT_6645|FALCPAT_6927|FALCPAT_7572|FALCPAT_7602|FALCPAT_7753|FALCPAT_7787|FALCPAT_7799|FALCPAT_8645|FALCPAT_8734|FALCPAT_8764|FALCPAT_8803|FALCPAT_8888|FALCPAT_9330|FALCPAT_9449,15,3.4681658584624375,2.772588722239781,0.9566037735849056,0.3377393724785512,0.5084976128816306,1.08236532850338,0.9412997903563941,0.9580712788259959,0.9412997903563941,1.724662134209075,1.9823632276646073,1.5119160804502108,0.0,-0.03803341202986435,0.0,1.5505496260395581,1.724662134209075,6,normal,11518.118064231418,10575.868078611917,0.9853249475890986
PPLPHARMA,2025-03-06,2025-03-07,0.7987421383647799,0.1656184486373165,0.2542016806722689,0.3668763102725367,0.2578616352201258,0.9517819706498952,0.689727463312369,0.2327044025157232,0.2731092436974789,3.101982365273153,1.555941107497639,52.89084332243743,FALCPAT_6145|FALCPAT_6166|FALCPAT_6424|FALCPAT_6578|FALCPAT_6591|FALCPAT_6951|FALCPAT_7491|FALCPAT_7618|FALCPAT_8068|FALCPAT_8101|FALCPAT_8496|FALCPAT_8644|FALCPAT_8904|FALCPAT_8952|FALCPAT_9016|FALCPAT_9048|FALCPAT_9061,20,3.9869605807826467,3.044522437723423,0.829454926624738,0.605565244965911,0.22065936437468064,1.0689296251531977,0.9790356394129979,0.9727463312368972,0.9329140461215933,2.1136776317733865,2.2589685061439986,1.4931478447457847,0.0,-0.03803341202986435,1.0,0.9762355967132699,2.1136776317733865,7,normal,11518.118064231418,10575.868078611917,0.9853249475890986
BLS,2025-03-06,2025-03-07,0.639412997903564,0.1090146750524109,0.0294117647058823,0.6079664570230608,0.0356394129979035,0.859538784067086,0.790356394129979,0.259958071278826,0.0294117647058823,3.056520532741399,1.479456061640562,74.0537713945449,FALCPAT_6251|FALCPAT_6458|FALCPAT_6591|FALCPAT_6951|FALCPAT_6996|FALCPAT_7021|FALCPAT_7545|FALCPAT_7561|FALCPAT_7600|FALCPAT_7631|FALCPAT_7915|FALCPAT_8079|FALCPAT_8143|FALCPAT_8247|FALCPAT_8269|FALCPAT_8411|FALCPAT_8455,30,4.318204808576319,3.4339872044851463,0.7912997903563942,0.6804106548279689,0.11490935997040323,1.0481783389782013,0.989517819706499,0.9916142557651991,0.9245283018867925,2.3620593761253033,2.655123907751484,1.4641605249195369,-0.05074377066976382,-0.6342375462254088,2.0,0.3599916320365675,2.3620593761253033,8,normal,11518.118064231418,10575.868078611917,0.9853249475890986
GRAVITA,2025-03-06,2025-03-07,0.9224318658280922,0.4192872117400419,0.1638655462184874,0.859538784067086,0.1677148846960167,0.8846960167714885,0.9706498951781972,0.6792452830188679,0.1638655462184874,3.3688833394993214,2.004975651776689,93.5665397522982,FALCPAT_6424|FALCPAT_6475|FALCPAT_6578|FALCPAT_6591|FALCPAT_6674|FALCPAT_6871|FALCPAT_7164|FALCPAT_7508|FALCPAT_7545|FALCPAT_7561|FALCPAT_7619|FALCPAT_7631|FALCPAT_7753|FALCPAT_7764|FALCPAT_7799|FALCPAT_8101|FALCPAT_8143,33,4.549303711083387,3.5263605246161616,0.9223270440251573,0.6160016207740958,0.38210806335112657,1.4547911726239569,0.9937106918238994,0.9937106918238994,0.989517819706499,2.5353476743240364,2.7490841138019264,2.0321550171620664,-0.4835790803285512,-2.5,5.0,-1.8012379695032816,2.5353476743240364,9,normal,11518.118064231418,10575.868078611917,0.9853249475890986
ANURAS,2025-03-07,2025-03-10,0.8322851153039832,0.9979035639412998,0.957983193277311,0.8846960167714885,0.9958071278825996,0.8197064989517819,0.9937106918238994,0.9937106918238994,0.9684873949579832,2.8955743618202,1.2353039784025577,122.37440519205222,FALCPAT_6205|FALCPAT_6245|FALCPAT_6427|FALCPAT_6677|FALCPAT_6721|FALCPAT_6809|FALCPAT_6953|FALCPAT_7056|FALCPAT_7164|FALCPAT_7179|FALCPAT_7184|FALCPAT_7209|FALCPAT_7383|FALCPAT_7394|FALCPAT_7471|FALCPAT_7559|FALCPAT_7620,47,4.815223676603643,3.871201010907891,0.8831236897274632,0.3724186529957895,0.9824628278984548,1.0127378076229663,0.9979035639412998,1.0,0.9245283018867925,2.9263567397283756,3.0,1.411804460006741,1.0,2.5,0.0,2.2698116478794548,2.9263567397283756,1,normal,16804.26913548545,25968.04628319566,0.9853249475890986
TARIL,2025-03-07,2025-03-10,0.939203354297694,0.8301886792452831,0.7941176470588235,0.5576519916142557,0.5178197064989518,0.989517819706499,0.9433962264150944,0.6876310272536688,0.8382352941176471,3.2618309902577383,1.8650676224643157,44.34630314104691,FALCPAT_6424|FALCPAT_6439|FALCPAT_6646|FALCPAT_7432|FALCPAT_7631|FALCPAT_8070|FALCPAT_8171|FALCPAT_8269|FALCPAT_8291|FALCPAT_8547|FALCPAT_8585|FALCPAT_8668|FALCPAT_9243|FALCPAT_9301|FALCPAT_9370,15,3.814328654849078,2.772588722239781,0.9633123689727463,0.45915649278579357,0.7867385004316192,1.4067943119261663,0.9706498951781971,0.9622641509433962,0.9916142557651991,2.147068981799687,2.152560346978053,1.961150362426352,0.9285714285714287,2.5,0.0,1.8869807018120577,2.147068981799687,2,normal,16804.26913548545,25968.04628319566,0.9853249475890986
BDL,2025-03-07,2025-03-10,0.9664570230607966,0.9832285115303984,0.5735294117647058,0.9706498951781972,0.5241090146750524,0.8742138364779874,0.979035639412998,0.9308176100628932,0.6239495798319328,3.1227848686644477,1.6259833699804622,71.13220574099073,FALCPAT_6245|FALCPAT_6663|FALCPAT_6677|FALCPAT_6697|FALCPAT_6953|FALCPAT_7394|FALCPAT_7471|FALCPAT_7603|FALCPAT_7695|FALCPAT_7862|FALCPAT_7963|FALCPAT_7983|FALCPAT_8037|FALCPAT_8226|FALCPAT_8450|FALCPAT_8547|FALCPAT_8574,27,4.278500626125529,3.332204510175204,0.929350104821803,0.44376266229762346,0.8138091714673291,1.2563764606800722,0.989517819706499,0.989517819706499,0.9790356394129979,2.5084690556608455,2.7454459754081717,1.7514559928868378,0.19375475738269082,2.0249073219320866,1.0,1.3157642683507242,2.5084690556608455,3,normal,16804.26913548545,25968.04628319566,0.9853249475890986
JBMA,2025-03-07,2025-03-10,0.9371069182389936,0.6373165618448637,0.01890756302521,0.6750524109014675,0.0230607966457023,0.9853249475890984,0.80083857442348,0.3941299790356394,0.0210084033613445,3.1039986434825506,1.5936812061146863,59.64008499406013,FALCPAT_6348|FALCPAT_6424|FALCPAT_6474|FALCPAT_6674|FALCPAT_7004|FALCPAT_7226|FALCPAT_7469|FALCPAT_7508|FALCPAT_7572|FALCPAT_7600|FALCPAT_8260|FALCPAT_8455|FALCPAT_8734|FALCPAT_8764|FALCPAT_8787|FALCPAT_8803|FALCPAT_8888,22,4.10495614295022,3.1354942159291497,0.911111111111111,0.5103861670454345,0.3294714426651163,1.098572751559809,0.9811320754716981,0.9832285115303984,0.9433962264150944,2.3733488999451113,2.537041014474147,1.531465153895048,-0.2534030360583935,-2.5,1.0,1.1582814963438914,2.3733488999451113,4,normal,16804.26913548545,25968.04628319566,0.9853249475890986
GRSE,2025-03-07,2025-03-10,0.9643605870020964,0.8679245283018868,0.4264705882352941,0.981132075471698,0.3438155136268344,0.9371069182389936,0.8616352201257862,0.920335429769392,0.4558823529411764,3.1978187816006907,1.7550011863692787,42.99276018940282,FALCPAT_6575|FALCPAT_6578|FALCPAT_6663|FALCPAT_7202|FALCPAT_7631|FALCPAT_7862|FALCPAT_8037|FALCPAT_8102|FALCPAT_8171|FALCPAT_8496|FALCPAT_8547|FALCPAT_8574|FALCPAT_8585|FALCPAT_8622|FALCPAT_8646|FALCPAT_9048|FALCPAT_9370,18,3.784025079229945,2.9444389791664403,0.9161425576519916,0.4976754223702059,0.7088574423480083,1.3230655685444384,0.9685534591194969,0.9748427672955975,0.9853249475890985,2.1234748935205197,2.334627311081641,1.844425878528214,0.0,-0.06896798294754651,1.0,1.0835956339326154,2.1234748935205197,5,normal,16804.26913548545,25968.04628319566,0.9853249475890986
KFINTECH,2025-03-07,2025-03-10,0.9559748427672956,0.6750524109014675,0.0441176470588235,0.8050314465408805,0.0251572327044025,0.9769392033542976,0.4423480083857442,0.9517819706498952,0.0441176470588235,3.0724642372672344,1.539459054132888,113.31775903598567,FALCPAT_6205|FALCPAT_6245|FALCPAT_6424|FALCPAT_6545|FALCPAT_6569|FALCPAT_6578|FALCPAT_6591|FALCPAT_6721|FALCPAT_6793|FALCPAT_6865|FALCPAT_6890|FALCPAT_7514|FALCPAT_7942|FALCPAT_7976|FALCPAT_8039|FALCPAT_8069|FALCPAT_8099,38,4.73898193087512,3.6635616461296463,0.7856394129979034,0.5272721667283266,0.4918608953015168,1.021197684625168,0.9958071278825996,0.9958071278825996,0.9266247379454927,2.8669956101413816,3.0,1.423598196984516,0.0,-0.06896798294754651,2.0,0.6460475738097506,2.8669956101413816,6,normal,16804.26913548545,25968.04628319566,0.9853249475890986
BLS,2025-03-07,2025-03-10,0.6960167714884696,0.2976939203354298,0.0294117647058823,0.6436058700209644,0.0356394129979035,0.8385744234800838,0.6939203354297694,0.8364779874213837,0.0294117647058823,3.136814033789616,1.6501059590788798,65.81704018459837,FALCPAT_6251|FALCPAT_6458|FALCPAT_6591|FALCPAT_6951|FALCPAT_7021|FALCPAT_7348|FALCPAT_7545|FALCPAT_7561|FALCPAT_7600|FALCPAT_7631|FALCPAT_7915|FALCPAT_8079|FALCPAT_8143|FALCPAT_8247|FALCPAT_8269|FALCPAT_8411|FALCPAT_8455,27,4.201958140595827,3.332204510175204,0.7594339622641509,0.621500801578493,0.3250770748550993,1.0931747191656058,0.9853249475890985,0.9916142557651991,0.939203354297694,2.4488737728007437,2.7454459754081717,1.523939870225064,0.47895470995046907,2.5,2.0,0.43206736039823523,2.4488737728007437,7,normal,16804.26913548545,25968.04628319566,0.9853249475890986
GRAVITA,2025-03-07,2025-03-10,0.8951781970649895,0.6226415094339622,0.0903361344537815,0.8343815513626834,0.1132075471698113,0.9077568134171908,0.9685534591194968,0.4423480083857442,0.088235294117647,3.134655937846837,1.6463951993010777,92.85911748125424,FALCPAT_6424|FALCPAT_6475|FALCPAT_6545|FALCPAT_6578|FALCPAT_6591|FALCPAT_6674|FALCPAT_6871|FALCPAT_7164|FALCPAT_7508|FALCPAT_7545|FALCPAT_7561|FALCPAT_7631|FALCPAT_7753|FALCPAT_7764|FALCPAT_7799|FALCPAT_8143|FALCPAT_8247,35,4.541794907821048,3.58351893845611,0.9265199161425577,0.5382969540017264,0.3643308581294153,1.1933864688381093,0.9937106918238994,0.9937106918238994,0.9622641509433962,2.7134675879727177,3.0,1.6636429672573911,-0.5498102700714139,-2.5,5.0,-1.763028843597929,2.7134675879727177,8,normal,16804.26913548545,25968.04628319566,0.9853249475890986
360ONE,2025-03-10,2025-03-11,0.9937106918238994,0.0062893081761006,0.3319327731092437,0.981132075471698,0.2557651991614256,0.7253668763102725,0.9937106918238994,0.0314465408805031,0.3403361344537815,3.267859785423604,1.7139666344411568,43.58888482573899,FALCPAT_6145|FALCPAT_6166|FALCPAT_6229|FALCPAT_6346|FALCPAT_6458|FALCPAT_7737|FALCPAT_7755|FALCPAT_8097|FALCPAT_8206|FALCPAT_8361|FALCPAT_8668|FALCPAT_8687|FALCPAT_8883|FALCPAT_9243|FALCPAT_9338,15,3.79748460881193,2.772588722239781,0.8729559748427673,0.7981510843331042,0.14409650652713912,1.4208620882914973,0.9874213836477987,0.9769392033542977,0.9832285115303984,2.4425295030485543,2.524179425031467,1.9377698541684931,0.0,-0.021923614045427187,0.0,2.0884166249202663,2.4425295030485543,1,normal,10772.440266462723,24969.849729384456,0.9853249475890986
BIKAJI,2025-03-10,2025-03-11,0.8805031446540881,0.1132075471698113,0.792016806722689,0.0251572327044025,0.6855345911949685,0.90146750524109,0.8805031446540881,0.4528301886792453,0.8340336134453782,3.363505056110495,1.8642656705270777,39.14349402518489,FALCPAT_7160|FALCPAT_7202|FALCPAT_7561|FALCPAT_7781|FALCPAT_7786|FALCPAT_8269|FALCPAT_8459|FALCPAT_8494|FALCPAT_8772|FALCPAT_8781|FALCPAT_9152|FALCPAT_9170|FALCPAT_9403|FALCPAT_9583|FALCPAT_9597,15,3.6924603855486433,2.772588722239781,0.8899371069182389,0.56083187992178,0.47593943237672426,1.3219536242748673,0.9811320754716981,0.9790356394129979,0.9727463312368972,2.3549055274917188,2.524179425031467,1.8028764370468848,0.0,-0.021923614045427187,0.0,2.0152624816392883,2.3549055274917188,2,normal,10772.440266462723,24969.849729384456,0.9853249475890986
NEWGEN,2025-03-10,2025-03-11,0.9329140461215932,0.190775681341719,0.3802521008403361,0.5366876310272537,0.3836477987421384,0.6939203354297694,0.9329140461215932,0.1383647798742138,0.3970588235294117,3.0354066469355043,1.3486847715847978,46.4593380972211,FALCPAT_6343|FALCPAT_6474|FALCPAT_6575|FALCPAT_7160|FALCPAT_7202|FALCPAT_7226|FALCPAT_7320|FALCPAT_7755|FALCPAT_8241|FALCPAT_8459|FALCPAT_8511|FALCPAT_8779|FALCPAT_8803|FALCPAT_8949|FALCPAT_9330|FALCPAT_9407|FALCPAT_9449,17,3.8598733043705638,2.8903717578961645,0.8253668763102725,0.6240658527561969,0.2559845321776508,1.0183645801128385,0.9937106918238994,0.9916142557651991,0.8972746331236897,2.494581737902488,2.6610322624610014,1.388835394403523,0.0,-0.021923614045427187,0.0,2.0019770831492005,2.494581737902488,3,normal,10772.440266462723,24969.849729384456,0.9853249475890986
HBLENGINE,2025-03-10,2025-03-11,0.9119496855345912,0.440251572327044,0.0714285714285714,0.0440251572327044,0.0461215932914046,0.9664570230607966,0.9119496855345912,0.2872117400419287,0.0672268907563025,3.236736958934517,1.6650595553144505,36.50120967611894,FALCPAT_6145|FALCPAT_6166|FALCPAT_6174|FALCPAT_6223|FALCPAT_6251|FALCPAT_6545|FALCPAT_6569|FALCPAT_6927|FALCPAT_7021|FALCPAT_8724|FALCPAT_8766|FALCPAT_8938|FALCPAT_9450|FALCPAT_9506|FALCPAT_9583,15,3.6243731904859247,2.772588722239781,0.9364779874213836,0.4566319609604848,0.2538321617955358,1.050671680541714,0.9748427672955975,0.9811320754716981,0.9119496855345912,2.298098911546055,2.524179425031467,1.4328964888454432,0.0,-0.021923614045427187,0.0,1.8972045174133791,2.298098911546055,4,normal,10772.440266462723,24969.849729384456,0.9853249475890986
KAYNES,2025-03-10,2025-03-11,0.9161425576519916,0.5870020964360587,0.8886554621848739,0.259958071278826,0.8553459119496856,0.8322851153039832,0.9161425576519916,0.4675052410901467,0.907563025210084,2.9836847946725857,1.2674079401861649,46.309270162178464,FALCPAT_6474|FALCPAT_6569|FALCPAT_6578|FALCPAT_6890|FALCPAT_7297|FALCPAT_7755|FALCPAT_8096|FALCPAT_8138|FALCPAT_8241|FALCPAT_8411|FALCPAT_8459|FALCPAT_8724|FALCPAT_8779|FALCPAT_8803|FALCPAT_9121|FALCPAT_9222|FALCPAT_9427,21,3.85670626281044,3.091042453358316,0.8784067085953878,0.41421700755774005,0.6806253633528883,0.9446769241123547,0.9916142557651991,0.9958071278825996,0.8763102725366876,2.4919394067942062,2.8941927843469486,1.2883386389800884,0.0,-0.021923614045427187,1.0,1.2222959496718049,2.4919394067942062,5,normal,10772.440266462723,24969.849729384456,0.9853249475890986
KFINTECH,2025-03-10,2025-03-11,0.870020964360587,0.5303983228511531,0.0147058823529411,0.230607966457023,0.020964360587002,0.9727463312368972,0.870020964360587,0.3522012578616352,0.0168067226890756,3.1499075101738807,1.5286138914685314,85.47457848113606,FALCPAT_6474|FALCPAT_6545|FALCPAT_6569|FALCPAT_6578|FALCPAT_6591|FALCPAT_6643|FALCPAT_6890|FALCPAT_7432|FALCPAT_7514|FALCPAT_8039|FALCPAT_8260|FALCPAT_8269|FALCPAT_8291|FALCPAT_8668|FALCPAT_8733|FALCPAT_8772|FALCPAT_8779,29,4.459850480352099,3.4011973816621555,0.9162473794549266,0.4586024346845656,0.279887206454909,0.983459159531212,1.0,1.0,0.8909853249475891,2.99515564142064,3.0,1.3412306569815482,0.0,-0.021923614045427187,2.0,0.6831277028846752,2.99515564142064,6,normal,10772.440266462723,24969.849729384456,0.9853249475890986
BLS,2025-03-10,2025-03-11,0.859538784067086,0.2955974842767295,0.0210084033613445,0.6687631027253669,0.0251572327044025,0.8805031446540881,0.859538784067086,0.2452830188679245,0.0252100840336134,3.1483413491182635,1.5261527922910805,61.09856226017426,FALCPAT_6251|FALCPAT_6458|FALCPAT_6591|FALCPAT_7021|FALCPAT_7160|FALCPAT_7545|FALCPAT_7561|FALCPAT_7747|FALCPAT_7915|FALCPAT_8079|FALCPAT_8206|FALCPAT_8269|FALCPAT_8411|FALCPAT_8511|FALCPAT_8668|FALCPAT_8733|FALCPAT_8781,24,4.128722836661344,3.2188758248682006,0.8689727463312369,0.6290462096788401,0.1738134876592146,1.1155244459986982,0.9979035639412998,0.9979035639412998,0.9308176100628931,2.718888703609409,3.0,1.5213440370836597,0.31781459442650206,2.5,2.0,0.6038359258951491,2.718888703609409,7,normal,10772.440266462723,24969.849729384456,0.9853249475890986
360ONE,2025-03-11,2025-03-12,0.6582809224318659,0.0083857442348008,0.2436974789915966,0.9245283018867924,0.1362683438155136,0.750524109014675,0.9853249475890984,0.0125786163522012,0.2352941176470588,3.0818288321617957,1.37218896140936,77.74387432332603,FALCPAT_6145|FALCPAT_6166|FALCPAT_6229|FALCPAT_6346|FALCPAT_6458|FALCPAT_7202|FALCPAT_7561|FALCPAT_7737|FALCPAT_7755|FALCPAT_7801|FALCPAT_8097|FALCPAT_8206|FALCPAT_8269|FALCPAT_8361|FALCPAT_8496|FALCPAT_8511|FALCPAT_8619,24,4.3662004883097625,3.2188758248682006,0.8142557651991613,0.7949623874707115,0.10229815196518854,1.1841024798931854,1.0,0.9937106918238994,0.9538784067085954,2.830161990727564,2.9386469216124778,1.5659076202502265,0.0,-0.07492132794914404,0.0,2.252779185212456,2.830161990727564,1,normal,19276.727583789743,29852.59566240166,0.9853249475890986
INDUSINDBK,2025-03-11,2025-03-12,1.0,0.0020964360587002,0.0021008403361344,0.9958071278825996,0.0062893081761006,0.9538784067085954,1.0,0.0062893081761006,0.0042016806722689,3.503671846096929,2.0120266240502955,43.470167838201206,FALCPAT_6343|FALCPAT_6348|FALCPAT_6512|FALCPAT_7226|FALCPAT_7567|FALCPAT_7737|FALCPAT_7870|FALCPAT_8196|FALCPAT_8260|FALCPAT_8291|FALCPAT_8361|FALCPAT_8779|FALCPAT_8787|FALCPAT_8888|FALCPAT_9005|FALCPAT_9203|FALCPAT_9266,19,3.794818578704851,2.995732273553991,0.9792452830188678,0.7976956820464034,0.0034615418494441546,1.6101736865560998,0.9811320754716981,0.9832285115303984,0.9916142557651991,2.361950886235605,2.6852150912201984,2.129373299893993,0.0,-0.07492132794914404,0.0,2.1322642420235605,2.361950886235605,2,normal,19276.727583789743,29852.59566240166,0.9853249475890986
LODHA,2025-03-11,2025-03-12,0.960167714884696,0.4046121593291404,0.6743697478991597,0.939203354297694,0.5576519916142557,0.440251572327044,0.7127882599580713,0.8805031446540881,0.7142857142857143,2.853354297693921,1.0256462730684794,72.63077799133166,FALCPAT_6150|FALCPAT_6205|FALCPAT_6266|FALCPAT_6424|FALCPAT_6646|FALCPAT_6675|FALCPAT_6722|FALCPAT_6793|FALCPAT_7348|FALCPAT_7553|FALCPAT_7976|FALCPAT_8037|FALCPAT_8171|FALCPAT_8258|FALCPAT_8455|FALCPAT_8854|FALCPAT_8877,22,4.299063117552315,3.1354942159291497,0.6396226415094339,0.6496705600479187,0.6374753360463682,0.865319522440471,0.9937106918238994,0.9916142557651991,0.8511530398322851,2.775147188917044,2.8439475514087587,1.1443272529994248,0.0,-0.07492132794914404,0.0,2.1036875585442774,2.775147188917044,3,normal,19276.727583789743,29852.59566240166,0.9853249475890986
NUVAMA,2025-03-11,2025-03-12,0.941299790356394,0.2117400419287211,0.3970588235294117,0.9371069182389936,0.469601677148847,0.7777777777777778,0.9622641509433962,0.020964360587002,0.4180672268907563,3.0446463805648047,1.3157918370403965,75.87183261789649,FALCPAT_6346|FALCPAT_6458|FALCPAT_6881|FALCPAT_7545|FALCPAT_7737|FALCPAT_8097|FALCPAT_8196|FALCPAT_8260|FALCPAT_8312|FALCPAT_8361|FALCPAT_8617|FALCPAT_8641|FALCPAT_8668|FALCPAT_8687|FALCPAT_8733|FALCPAT_8909|FALCPAT_9243,21,4.342139523559448,3.091042453358316,0.8750524109014676,0.6795253950636859,0.24132489473776925,1.1345220270282224,0.9979035639412998,0.989517819706499,0.9350104821802935,2.8104455616780744,2.793462150929377,1.5003390412575033,0.0,-0.07492132794914404,1.0,1.3984776932553846,2.8104455616780744,4,normal,19276.727583789743,29852.59566240166,0.9853249475890986
KFINTECH,2025-03-11,2025-03-12,0.8343815513626834,0.6519916142557652,0.0525210084033613,0.140461215932914,0.0293501048218029,0.9622641509433962,0.8280922431865828,0.660377358490566,0.0588235294117647,3.1549697866568014,1.483126764861067,73.58099499413268,FALCPAT_6474|FALCPAT_6545|FALCPAT_6569|FALCPAT_6578|FALCPAT_6591|FALCPAT_6643|FALCPAT_6890|FALCPAT_7432|FALCPAT_7514|FALCPAT_7860|FALCPAT_7941|FALCPAT_8039|FALCPAT_8069|FALCPAT_8260|FALCPAT_8269|FALCPAT_8291|FALCPAT_8315,27,4.311885715961394,3.332204510175204,0.889727463312369,0.4043223578739672,0.41524518612476435,0.917303959926829,0.9958071278825996,1.0,0.8742138364779874,2.78565449211067,3.0,1.2130750255338958,0.7692307692307692,2.5,2.0,0.5568132778332755,2.78565449211067,5,normal,19276.727583789743,29852.59566240166,0.9853249475890986
BLS,2025-03-11,2025-03-12,0.4339622641509434,0.0419287211740041,0.0357142857142857,0.5807127882599581,0.0335429769392033,0.8553459119496856,0.8637316561844863,0.2976939203354298,0.0357142857142857,3.0376572327044027,1.3051909265520716,62.46213247832216,FALCPAT_6251|FALCPAT_6458|FALCPAT_6591|FALCPAT_6996|FALCPAT_7021|FALCPAT_7160|FALCPAT_7561|FALCPAT_7737|FALCPAT_7747|FALCPAT_7915|FALCPAT_8079|FALCPAT_8196|FALCPAT_8206|FALCPAT_8269|FALCPAT_8411|FALCPAT_8511|FALCPAT_8668,26,4.150443389093808,3.295836866004329,0.7740041928721173,0.7002246181491465,0.10338424678047316,0.9766988493511738,0.989517819706499,0.9958071278825996,0.8972746331236897,2.6533627816036094,3.0,1.2916228861109476,0.15175197781021937,2.4043526818401504,2.0,0.5169189732493611,2.6533627816036094,6,normal,19276.727583789743,29852.59566240166,0.9853249475890986
360ONE,2025-03-13,2025-03-17,0.979035639412998,0.0251572327044025,0.2773109243697479,0.8972746331236897,0.0964360587002096,0.8029350104821803,0.989517819706499,0.4821802935010482,0.2752100840336134,3.580180971759773,1.960083479985583,79.53630103974281,FALCPAT_6145|FALCPAT_6166|FALCPAT_6229|FALCPAT_6346|FALCPAT_6458|FALCPAT_7202|FALCPAT_7561|FALCPAT_7737|FALCPAT_7755|FALCPAT_7801|FALCPAT_7820|FALCPAT_8097|FALCPAT_8206|FALCPAT_8269|FALCPAT_8361|FALCPAT_8496|FALCPAT_8511,25,4.3887080273726395,3.258096538021482,0.9034591194968554,0.8015828973098674,0.2399593485192819,1.608038566192541,0.9937106918238994,0.989517819706499,0.9916142557651991,2.6620311547470443,2.8144670100626956,2.0385469850823235,0.0,-0.041884175637460136,0.0,2.27044416791929,2.6620311547470443,1,normal,6292.007615534989,32260.05389873065,0.9853249475890986
POLICYBZR,2025-03-13,2025-03-17,0.9853249475890984,0.2368972746331236,0.0777310924369747,0.9874213836477987,0.0754716981132075,0.8448637316561844,0.9077568134171908,0.1719077568134172,0.0735294117647058,3.2275172647675423,1.4674003162521236,86.768397628681,FALCPAT_6145|FALCPAT_6166|FALCPAT_6458|FALCPAT_6791|FALCPAT_6951|FALCPAT_7021|FALCPAT_7183|FALCPAT_7561|FALCPAT_7737|FALCPAT_7801|FALCPAT_7870|FALCPAT_8196|FALCPAT_8269|FALCPAT_8361|FALCPAT_8411|FALCPAT_8496|FALCPAT_8668,29,4.474701499956584,3.4011973816621555,0.8949685534591195,0.7104081884326057,0.15635317019889708,1.2272108206935741,0.9958071278825996,0.9979035639412998,0.9559748427672956,2.729291596146386,2.970546471775887,1.5557561039439074,0.0,-0.041884175637460136,0.0,2.211229538607028,2.729291596146386,2,normal,6292.007615534989,32260.05389873065,0.9853249475890986
INDUSINDBK,2025-03-13,2025-03-17,0.9475890985324948,0.0020964360587002,0.0042016806722689,0.9559748427672956,0.0041928721174004,0.9685534591194968,1.0,0.4192872117400419,0.0042016806722689,3.671177087187077,2.0872081405256213,40.81095659185296,FALCPAT_6343|FALCPAT_6348|FALCPAT_6512|FALCPAT_7226|FALCPAT_7567|FALCPAT_7737|FALCPAT_7870|FALCPAT_8196|FALCPAT_8260|FALCPAT_8291|FALCPAT_8361|FALCPAT_8779|FALCPAT_8787|FALCPAT_8888|FALCPAT_9005|FALCPAT_9266|FALCPAT_9368,18,3.7331584246057363,2.9444389791664403,0.9753668763102724,0.7902533340380178,0.10723622782446311,1.672828030580116,0.9622641509433962,0.9811320754716981,0.9979035639412998,2.149288102090078,2.472362088086862,2.1206832342654813,1.0,2.5,0.0,1.9918228721242779,2.149288102090078,3,normal,6292.007615534989,32260.05389873065,0.9853249475890986
ZENSARTECH,2025-03-13,2025-03-17,0.8930817610062893,0.0062893081761006,0.0147058823529411,0.2893081761006289,0.0125786163522012,0.9538784067085954,0.9832285115303984,0.1865828092243186,0.0147058823529411,3.500534899494389,1.848815214823504,46.96230468097757,FALCPAT_6145|FALCPAT_6591|FALCPAT_7561|FALCPAT_7737|FALCPAT_7915|FALCPAT_7947|FALCPAT_8097|FALCPAT_8196|FALCPAT_8411|FALCPAT_8781|FALCPAT_8909|FALCPAT_9016|FALCPAT_9170|FALCPAT_9244|FALCPAT_9317|FALCPAT_9542|FALCPAT_9568,17,3.870415383236972,2.8903717578961645,0.9519916142557652,0.6554568997410284,0.0547293131088913,1.3342064205194815,0.9748427672955975,0.9790356394129979,0.9685534591194969,2.2566446646902922,2.4133912072905024,1.691398794184877,0.0,-0.041884175637460136,0.0,1.9210180391149514,2.2566446646902922,4,normal,6292.007615534989,32260.05389873065,0.9853249475890986
HBLENGINE,2025-03-13,2025-03-17,0.8951781970649895,0.0649895178197065,0.0483193277310924,0.5387840670859538,0.0775681341719077,0.9308176100628932,0.9035639412997905,0.1236897274633123,0.0462184873949579,3.331165988407942,1.6122010997396408,47.116622096134776,FALCPAT_6145|FALCPAT_6166|FALCPAT_6174|FALCPAT_6223|FALCPAT_6251|FALCPAT_6545|FALCPAT_6569|FALCPAT_6927|FALCPAT_6996|FALCPAT_7021|FALCPAT_7737|FALCPAT_8079|FALCPAT_8724|FALCPAT_8883|FALCPAT_8938|FALCPAT_9522|FALCPAT_9583,17,3.8736276911390846,2.8903717578961645,0.9141509433962265,0.6748621461163081,0.07268136814474213,1.2244729360756212,0.9769392033542977,0.9769392033542977,0.9538784067085954,2.2591571954779726,2.4133912072905024,1.5522851758332863,0.0,-0.041884175637460136,0.0,1.8873702733815099,2.2591571954779726,5,normal,6292.007615534989,32260.05389873065,0.9853249475890986
KEC,2025-03-13,2025-03-17,0.9643605870020964,0.1844863731656184,0.1617647058823529,0.9937106918238994,0.2033542976939203,0.8176100628930818,0.8427672955974843,0.2138364779874214,0.1449579831932773,3.151888333949932,1.3617441339849192,40.972599462860266,FALCPAT_6330|FALCPAT_6343|FALCPAT_6521|FALCPAT_6996|FALCPAT_7226|FALCPAT_7545|FALCPAT_7567|FALCPAT_7787|FALCPAT_8196|FALCPAT_8569|FALCPAT_8779|FALCPAT_8803|FALCPAT_9330|FALCPAT_9407|FALCPAT_9522,15,3.737017011640547,2.772588722239781,0.8557651991614257,0.7123249299719888,0.1802142240544016,1.1491809921908802,0.9643605870020965,0.9664570230607966,0.9308176100628931,2.152306124962521,2.284925767559378,1.4568345046036688,0.0,-0.041884175637460136,0.0,1.7897315358959274,2.152306124962521,6,normal,6292.007615534989,32260.05389873065,0.9853249475890986
KAYNES,2025-03-13,2025-03-17,0.9350104821802936,0.7463312368972747,0.7857142857142857,0.7987421383647799,0.6415094339622641,0.8846960167714885,0.9727463312368972,0.750524109014675,0.8088235294117647,3.1869666420027127,1.4107497204606536,63.61010483535416,FALCPAT_6474|FALCPAT_6569|FALCPAT_6575|FALCPAT_6578|FALCPAT_6890|FALCPAT_7202|FALCPAT_7297|FALCPAT_8096|FALCPAT_8138|FALCPAT_8241|FALCPAT_8411|FALCPAT_8486|FALCPAT_8497|FALCPAT_8724|FALCPAT_8779|FALCPAT_8789|FALCPAT_8803,26,4.168370820155883,3.295836866004329,0.9255765199161425,0.49991984215069674,0.766599061008051,1.2185108699498883,0.989517819706499,0.9958071278825996,0.949685534591195,2.4896927508102764,2.8556302200521007,1.5447268211906204,0.0,-0.041884175637460136,1.0,1.2776694871726997,2.4896927508102764,7,normal,6292.007615534989,32260.05389873065,0.9853249475890986
NUVAMA,2025-03-13,2025-03-17,0.6792452830188679,0.0859538784067086,0.4096638655462185,0.8343815513626834,0.3417190775681342,0.790356394129979,0.9538784067085954,0.0754716981132075,0.4012605042016807,3.044948513996794,1.212345577289207,86.94796390076561,FALCPAT_6145|FALCPAT_6166|FALCPAT_6174|FALCPAT_6346|FALCPAT_6458|FALCPAT_6881|FALCPAT_7545|FALCPAT_7737|FALCPAT_7780|FALCPAT_8097|FALCPAT_8196|FALCPAT_8260|FALCPAT_8312|FALCPAT_8361|FALCPAT_8641|FALCPAT_8668|FALCPAT_8687,25,4.476745320270512,3.258096538021482,0.8253668763102725,0.7316147842784912,0.21155682398745662,1.0907651829267646,0.9979035639412998,0.9937106918238994,0.9056603773584906,2.730890185577944,2.8144670100626956,1.382778398239663,-0.5,-2.5,2.0,0.5374885850825297,2.730890185577944,8,normal,6292.007615534989,32260.05389873065,0.9853249475890986
ZOMATO,2025-03-17,2025-03-18,0.7473794549266247,0.1876310272536687,0.3897058823529412,0.7725366876310272,0.2044025157232704,0.5859538784067087,0.7473794549266247,0.6069182389937107,0.7226890756302521,3.084178073745221,1.253280160286622,40.44879924403002,FALCPAT_6166|FALCPAT_6458|FALCPAT_7545|FALCPAT_7735|FALCPAT_7781|FALCPAT_7786|FALCPAT_7915|FALCPAT_8099|FALCPAT_8141|FALCPAT_8411|FALCPAT_8494|FALCPAT_8511|FALCPAT_8781|FALCPAT_8883|FALCPAT_8909|FALCPAT_9541,16,3.7244589123807605,2.833213344056216,0.6747379454926625,0.7822736641826543,0.4232302512199848,1.0920370751519557,0.9790356394129979,0.9853249475890985,0.9119496855345912,2.260610834732186,2.485886648827175,1.38478292095958,0.0,0.037150362353620014,0.0,1.8606479356348136,2.260610834732186,1,normal,1713.5138840203049,26683.36361340476,0.9853249475890986
HBLENGINE,2025-03-17,2025-03-18,0.6687631027253669,0.0377358490566037,0.0630252100840336,0.5723270440251572,0.0628930817610062,0.939203354297694,0.6687631027253669,0.0419287211740041,0.0630252100840336,3.0104236034036256,1.151370528621054,43.40968990354981,FALCPAT_6145|FALCPAT_6166|FALCPAT_6174|FALCPAT_6223|FALCPAT_6251|FALCPAT_6545|FALCPAT_6569|FALCPAT_6927|FALCPAT_7021|FALCPAT_8079|FALCPAT_8724|FALCPAT_8766|FALCPAT_8883|FALCPAT_8938|FALCPAT_9522|FALCPAT_9583,16,3.7934576866980025,2.833213344056216,0.7904612159329141,0.6981396332117753,0.04889981149692575,0.9047084708316977,0.9853249475890985,0.9790356394129979,0.8658280922431866,2.316535164739274,2.485886648827175,1.147231539885712,0.0,0.037150362353620014,0.0,1.8264260388695361,2.316535164739274,2,normal,1713.5138840203049,26683.36361340476,0.9853249475890986
POLICYBZR,2025-03-17,2025-03-18,0.7735849056603774,0.3920335429769392,0.0693277310924369,0.9433962264150944,0.1111111111111111,0.8029350104821803,0.7735849056603774,0.8364779874213837,0.0693277310924369,3.126256320138119,1.3114214305197676,74.52961280664576,FALCPAT_6458|FALCPAT_7021|FALCPAT_7561|FALCPAT_7801|FALCPAT_8171|FALCPAT_8269|FALCPAT_8411|FALCPAT_8494|FALCPAT_8668|FALCPAT_8724|FALCPAT_8781|FALCPAT_8877|FALCPAT_8883|FALCPAT_8909|FALCPAT_9016|FALCPAT_9111|FALCPAT_9170,23,4.32452480196038,3.1780538303479458,0.7867924528301886,0.6375552736817998,0.3740623293342494,1.0276999013267616,0.9937106918238994,0.9958071278825996,0.8972746331236897,2.7469713993496594,2.877446182801889,1.3031969584098575,-0.6533333333333333,-2.5,1.0,1.337425605870189,2.7469713993496594,3,normal,1713.5138840203049,26683.36361340476,0.9853249475890986
OLECTRA,2025-03-17,2025-03-18,0.8972746331236897,0.0356394129979035,0.0672268907563025,0.7085953878406709,0.0796645702306079,0.9308176100628932,0.8972746331236897,0.10062893081761,0.0672268907563025,3.342816623504748,1.6106518452629155,42.72106027653141,FALCPAT_6251|FALCPAT_6288|FALCPAT_6458|FALCPAT_7021|FALCPAT_7572|FALCPAT_7780|FALCPAT_8079|FALCPAT_8241|FALCPAT_8764|FALCPAT_8938|FALCPAT_8949|FALCPAT_9403|FALCPAT_9505|FALCPAT_9522|FALCPAT_9541|FALCPAT_9567,16,3.777829914536036,2.833213344056216,0.9123689727463312,0.7227745186124764,0.06452178355618972,1.2846168613707982,0.9832285115303984,0.9832285115303984,0.949685534591195,2.3038686689020715,2.485886648827175,1.6289933251805284,0.0,0.037150362353620014,1.0,1.1411665620664992,2.3038686689020715,4,normal,1713.5138840203049,26683.36361340476,0.9853249475890986
ANURAS,2025-03-17,2025-03-18,0.7756813417190775,0.5094339622641509,0.98109243697479,0.9706498951781972,0.6834381551362684,0.7966457023060797,0.7756813417190775,0.3836477987421384,0.98109243697479,2.8757722900480944,0.9653171859044408,31.79020328357584,FALCPAT_7828|FALCPAT_7947|FALCPAT_8274|FALCPAT_8292|FALCPAT_8381|FALCPAT_8726|FALCPAT_8773|FALCPAT_8942|FALCPAT_8953|FALCPAT_9060|FALCPAT_9152|FALCPAT_9195|FALCPAT_9261|FALCPAT_9331|FALCPAT_9413,15,3.4901297903974444,2.772588722239781,0.7851153039832286,0.6411870408540775,0.6666508112679035,1.0152257056885385,0.9580712788259959,0.9769392033542977,0.8930817610062893,2.0706842849095253,2.4170485929448553,1.28737843239031,0.0,0.037150362353620014,1.0,0.937062254895835,2.0706842849095253,5,normal,1713.5138840203049,26683.36361340476,0.9853249475890986
BLS,2025-03-17,2025-03-18,0.7610062893081762,0.3983228511530398,0.1176470588235294,0.5953878406708596,0.1425576519916142,0.7693920335429769,0.7610062893081762,0.9056603773584906,0.1092436974789916,3.100394623258108,1.2756872439534233,46.28953739075728,FALCPAT_6251|FALCPAT_6458|FALCPAT_6591|FALCPAT_7348|FALCPAT_7561|FALCPAT_7915|FALCPAT_8079|FALCPAT_8225|FALCPAT_8269|FALCPAT_8411|FALCPAT_8455|FALCPAT_8511|FALCPAT_8668|FALCPAT_8781|FALCPAT_8883|FALCPAT_8909|FALCPAT_9016,20,3.8562890742175218,3.044522437723423,0.7647798742138365,0.5658738967285027,0.41162641157091767,0.9034630077577454,0.989517819706499,0.989517819706499,0.8637316561844863,2.367460754145965,2.72582393441305,1.145652168308331,0.0,0.037150362353620014,2.0,0.29693516832537714,2.367460754145965,6,normal,1713.5138840203049,26683.36361340476,0.9853249475890986
KAYNES,2025-03-17,2025-03-18,0.8867924528301887,0.4276729559748428,0.8781512605042017,0.5828092243186582,0.7190775681341719,0.8637316561844863,0.8867924528301887,0.639412997903564,0.8886554621848739,3.2164801455173264,1.4360874578028355,39.80172386184277,FALCPAT_6474|FALCPAT_6569|FALCPAT_6578|FALCPAT_6890|FALCPAT_7297|FALCPAT_8411|FALCPAT_8571|FALCPAT_8724|FALCPAT_8789|FALCPAT_9121|FALCPAT_9222|FALCPAT_9427|FALCPAT_9450|FALCPAT_9506|FALCPAT_9541|FALCPAT_9567,16,3.7087243320333,2.833213344056216,0.8764150943396225,0.5648380106759685,0.6623749185208674,1.2142450477394897,0.9769392033542977,0.9811320754716981,0.9371069182389937,2.247857769586005,2.485886648827175,1.539754836603467,-0.42,-2.5,2.0,0.2936520352300038,2.247857769586005,7,normal,1713.5138840203049,26683.36361340476,0.9853249475890986
GRAVITA,2025-03-17,2025-03-18,0.8825995807127882,0.1740041928721174,0.2331932773109243,0.4423480083857442,0.2075471698113207,0.9350104821802936,0.8825995807127882,0.0649895178197065,0.2226890756302521,3.210960044395117,1.4284601035622644,72.74761293415578,FALCPAT_6145|FALCPAT_6166|FALCPAT_6174|FALCPAT_6545|FALCPAT_6569|FALCPAT_6578|FALCPAT_6591|FALCPAT_6890|FALCPAT_7160|FALCPAT_7202|FALCPAT_7561|FALCPAT_8269|FALCPAT_8494|FALCPAT_8511|FALCPAT_8569|FALCPAT_8724|FALCPAT_8733,26,4.300648627701609,3.295836866004329,0.9061844863731656,0.620219156845128,0.1688505276324366,1.1045537779656425,0.9916142557651991,0.9979035639412998,0.9203354297693921,2.7276194751775718,3.0,1.4006553503233263,0.0,0.037150362353620014,5.0,-1.8224073985892613,2.7276194751775718,8,normal,1713.5138840203049,26683.36361340476,0.9853249475890986
HBLENGINE,2025-03-18,2025-03-19,0.7295597484276729,0.0796645702306079,0.0273109243697479,0.779874213836478,0.0545073375262054,0.9350104821802936,0.6016771488469602,0.4255765199161425,0.0252100840336134,3.131779504254532,1.3374596845993052,59.52646703103844,FALCPAT_6145|FALCPAT_6166|FALCPAT_6251|FALCPAT_6545|FALCPAT_6569|FALCPAT_6927|FALCPAT_7021|FALCPAT_7466|FALCPAT_7545|FALCPAT_8079|FALCPAT_8455|FALCPAT_8724|FALCPAT_8883|FALCPAT_8938|FALCPAT_9300|FALCPAT_9395|FALCPAT_9506,20,4.103080740961412,3.044522437723423,0.7772536687631028,0.7195074256117542,0.14488597325722735,1.039341183016469,0.989517819706499,0.9832285115303984,0.9119496855345912,2.5417931310265596,2.655647807159576,1.2715932971588495,1.0,2.5,0.0,1.9928347946835796,2.5417931310265596,1,normal,6197.6146752817185,36050.21033768338,0.9853249475890986
FACT,2025-03-18,2025-03-19,0.8679245283018868,0.3228511530398323,0.0252100840336134,0.5849056603773585,0.0167714884696016,0.9727463312368972,0.7840670859538784,0.9832285115303984,0.0231092436974789,3.5072496608706376,1.863502079537162,38.00528552348756,FALCPAT_6205|FALCPAT_6343|FALCPAT_6424|FALCPAT_6645|FALCPAT_7226|FALCPAT_8141|FALCPAT_8171|FALCPAT_8245|FALCPAT_8734|FALCPAT_8764|FALCPAT_8877|FALCPAT_9300|FALCPAT_9407|FALCPAT_9545|FALCPAT_9569|FALCPAT_9584,16,3.6636971631900654,2.833213344056216,0.8857442348008386,0.6044122051336257,0.3685739390095661,1.3294979513363065,0.9685534591194969,0.9769392033542977,0.9517819706498952,2.190742137462732,2.422145607948236,1.6265966132777752,0.0,-0.05714031787321928,0.0,1.8769122367673206,2.190742137462732,2,normal,6197.6146752817185,36050.21033768338,0.9853249475890986
POLICYBZR,2025-03-18,2025-03-19,0.941299790356394,0.649895178197065,0.1659663865546218,0.909853249475891,0.230607966457023,0.80083857442348,0.9769392033542976,0.939203354297694,0.1281512605042016,3.2251464422246885,1.4682689294684048,84.1599203451232,FALCPAT_6458|FALCPAT_6865|FALCPAT_6951|FALCPAT_7085|FALCPAT_7179|FALCPAT_7183|FALCPAT_7561|FALCPAT_7942|FALCPAT_8171|FALCPAT_8269|FALCPAT_8364|FALCPAT_8411|FALCPAT_8429|FALCPAT_8496|FALCPAT_8668|FALCPAT_8781|FALCPAT_8854,30,4.444530904669313,3.4339872044851463,0.890566037735849,0.52248559801279,0.5229784366576818,1.124002464589319,0.9958071278825996,0.9979035639412998,0.9224318658280922,2.8145990010824686,3.0,1.3751753568822,0.6388966680264397,2.5,1.0,1.4103633897076608,2.8145990010824686,3,normal,6197.6146752817185,36050.21033768338,0.9853249475890986
JBMA,2025-03-18,2025-03-19,0.9329140461215932,0.2976939203354298,0.065126050420168,0.750524109014675,0.020964360587002,0.9832285115303984,0.8553459119496856,0.7735849056603774,0.0504201680672268,3.5429091133308668,1.913461799221437,70.2655582306726,FALCPAT_6348|FALCPAT_6424|FALCPAT_6474|FALCPAT_6674|FALCPAT_7004|FALCPAT_7226|FALCPAT_7572|FALCPAT_7786|FALCPAT_8245|FALCPAT_8260|FALCPAT_8455|FALCPAT_8571|FALCPAT_8734|FALCPAT_8764|FALCPAT_8888|FALCPAT_8951|FALCPAT_9243,21,4.266413156443685,3.091042453358316,0.9284067085953879,0.6507548931522295,0.3214336363476208,1.4449726288046119,0.9937106918238994,0.9853249475890985,0.9769392033542977,2.672289602986352,2.7070536684482573,1.7678784922647388,0.0,-0.05714031787321928,1.0,1.3859106780996948,2.672289602986352,4,normal,6197.6146752817185,36050.21033768338,0.9853249475890986
GRAVITA,2025-03-18,2025-03-19,0.8553459119496856,0.10062893081761,0.5063025210084033,0.6834381551362684,0.4150943396226415,0.9245283018867924,0.7610062893081762,0.589098532494759,0.4705882352941176,3.358102108768035,1.6545429009588497,55.13055255737829,FALCPAT_6424|FALCPAT_6545|FALCPAT_6569|FALCPAT_6578|FALCPAT_6591|FALCPAT_6645|FALCPAT_6674|FALCPAT_7202|FALCPAT_7545|FALCPAT_7561|FALCPAT_8269|FALCPAT_8455|FALCPAT_8494|FALCPAT_8724|FALCPAT_8734|FALCPAT_9170|FALCPAT_9243,22,4.027680273148987,3.1354942159291497,0.8534591194968553,0.6918115673942533,0.3796586244560717,1.3294194320160535,0.9832285115303984,0.989517819706499,0.949685534591195,2.4815509861676466,2.7561740547930915,1.6265005458338528,0.0,-0.05714031787321928,5.0,-1.9254421088074776,2.4815509861676466,5,normal,6197.6146752817185,36050.21033768338,0.9853249475890986
TARIL,2025-03-19,2025-03-20,0.9245283018867924,0.9769392033542976,0.9264705882352942,0.6163522012578616,0.4067085953878406,0.9979035639412998,0.9874213836477987,0.8385744234800838,0.9285714285714286,3.3534067085953883,1.999916488123853,53.14433568050424,FALCPAT_6424|FALCPAT_6439|FALCPAT_6646|FALCPAT_7471|FALCPAT_7603|FALCPAT_7631|FALCPAT_7760|FALCPAT_8070|FALCPAT_8171|FALCPAT_8291|FALCPAT_8450|FALCPAT_8547|FALCPAT_8585|FALCPAT_8668|FALCPAT_9243|FALCPAT_9301|FALCPAT_9370,18,3.991653363737446,2.9444389791664403,0.9795597484276729,0.4653788559448937,0.922475688388563,1.5517537968232102,0.9832285115303984,0.9811320754716981,0.9979035639412998,2.550221666389418,2.6433976084458135,2.118955932108354,0.0,-0.06512741790844426,0.0,2.2060182545914895,2.550221666389418,1,normal,21806.03938139933,54066.09328012998,0.9853249475890986
ITI,2025-03-19,2025-03-20,0.8553459119496856,0.7044025157232704,0.4852941176470588,0.7987421383647799,0.2368972746331236,0.8406708595387841,0.6079664570230608,0.8448637316561844,0.4285714285714285,2.9564989517819704,1.3250794536560029,42.14052791052905,FALCPAT_6150|FALCPAT_6245|FALCPAT_6424|FALCPAT_6674|FALCPAT_6697|FALCPAT_6721|FALCPAT_6865|FALCPAT_7559|FALCPAT_8245|FALCPAT_8405|FALCPAT_8903|FALCPAT_9111|FALCPAT_9300|FALCPAT_9345|FALCPAT_9428|FALCPAT_9545|FALCPAT_9569,17,3.76446287803331,2.8903717578961645,0.7621593291404614,0.5396975142258161,0.6433660571146698,0.9875615375105641,0.9748427672955975,0.9769392033542977,0.9077568134171907,2.3653464629498395,2.582595773551586,1.3485268495438487,0.0,-0.06512741790844426,0.0,1.918056775423707,2.3653464629498395,2,normal,21806.03938139933,54066.09328012998,0.9853249475890986
BSE,2025-03-19,2025-03-20,0.8909853249475891,0.9874213836477987,0.0210084033613445,0.6373165618448637,0.0062893081761006,0.981132075471698,0.9161425576519916,0.9224318658280922,0.0168067226890756,3.173387594031323,1.693841428278021,37.39046306360613,FALCPAT_6150|FALCPAT_6266|FALCPAT_6793|FALCPAT_6823|FALCPAT_7348|FALCPAT_7514|FALCPAT_7600|FALCPAT_7754|FALCPAT_8037|FALCPAT_8141|FALCPAT_8171|FALCPAT_8781|FALCPAT_8907|FALCPAT_8952|FALCPAT_8967|FALCPAT_9395|FALCPAT_9505,17,3.6478090710292053,2.8903717578961645,0.940356394129979,0.38365484558603313,0.5839785599774501,1.1125591027107675,0.9643605870020965,0.9748427672955975,0.9475890985324947,2.27041996884493,2.582595773551586,1.5192164644586543,0.0,-0.06512741790844426,0.0,1.9180122568051994,2.27041996884493,3,normal,21806.03938139933,54066.09328012998,0.9853249475890986
POLICYBZR,2025-03-19,2025-03-20,0.9538784067085954,0.7274633123689728,0.6029411764705882,0.750524109014675,0.6771488469601677,0.7610062893081762,0.981132075471698,0.989517819706499,0.5756302521008403,3.1022043408558395,1.5728130667705906,67.35352807550346,FALCPAT_6458|FALCPAT_6865|FALCPAT_6951|FALCPAT_7085|FALCPAT_7179|FALCPAT_7183|FALCPAT_7349|FALCPAT_7620|FALCPAT_7753|FALCPAT_7942|FALCPAT_8171|FALCPAT_8364|FALCPAT_8411|FALCPAT_8429|FALCPAT_8462|FALCPAT_8496|FALCPAT_8547,29,4.224693179621324,3.4011973816621555,0.8766247379454927,0.44133150115392067,0.7390714461885383,1.1344142999962963,0.9916142557651991,0.9937106918238994,0.9538784067085954,2.739856735118309,3.0,1.5490606874447508,0.7945325894389011,2.5,1.0,1.4202007026644268,2.739856735118309,4,normal,21806.03938139933,54066.09328012998,0.9853249475890986
GRSE,2025-03-19,2025-03-20,1.0,1.0,0.9936974789915968,0.9916142557651992,1.0,0.939203354297694,1.0,0.99895178197065,0.9936974789915968,3.136525773831545,1.6311676180496173,56.76971619505075,FALCPAT_6440|FALCPAT_6663|FALCPAT_6953|FALCPAT_7184|FALCPAT_7209|FALCPAT_7349|FALCPAT_7603|FALCPAT_7621|FALCPAT_7631|FALCPAT_7760|FALCPAT_7862|FALCPAT_8102|FALCPAT_8248|FALCPAT_8547|FALCPAT_8574|FALCPAT_8585|FALCPAT_8622,21,4.056464697111049,3.091042453358316,0.9726415094339622,0.3970623469513592,0.9972169370893011,1.3268838586086789,0.9853249475890985,0.9874213836477987,0.9790356394129979,2.602961588158145,2.8082620128540925,1.8118862456046365,0.0,-0.06512741790844426,1.0,1.3859566786431425,2.602961588158145,5,normal,21806.03938139933,54066.09328012998,0.9853249475890986
GRAVITA,2025-03-19,2025-03-20,0.8322851153039832,0.5953878406708596,0.523109243697479,0.3710691823899371,0.4821802935010482,0.9140461215932912,0.8448637316561844,0.5283018867924528,0.4747899159663865,3.014499321741275,1.4236937966348808,41.44607554584988,FALCPAT_6424|FALCPAT_6578|FALCPAT_6591|FALCPAT_7545|FALCPAT_7561|FALCPAT_7631|FALCPAT_8269|FALCPAT_8455|FALCPAT_8573|FALCPAT_8734|FALCPAT_9170|FALCPAT_9243|FALCPAT_9301|FALCPAT_9395|FALCPAT_9427|FALCPAT_9597,16,3.7482344596226813,2.833213344056216,0.8734800838574422,0.44024100206120176,0.5424570142522418,0.9792487758016649,0.9706498951781971,0.9727463312368972,0.9014675052410901,2.352140662777931,2.5183177071101888,1.3371754116762555,0.5010888603291572,2.5,5.0,-2.1035793074088294,2.352140662777931,6,normal,21806.03938139933,54066.09328012998,0.9853249475890986
TARIL,2025-03-20,2025-03-21,0.8637316561844863,0.981132075471698,0.9432773109243696,0.5303983228511531,0.350104821802935,0.9979035639412998,0.9832285115303984,0.5786163522012578,0.9411764705882352,3.223751387347392,1.852805951886048,53.14433568050424,FALCPAT_6424|FALCPAT_6439|FALCPAT_6646|FALCPAT_7471|FALCPAT_7603|FALCPAT_7631|FALCPAT_7760|FALCPAT_8070|FALCPAT_8171|FALCPAT_8291|FALCPAT_8450|FALCPAT_8547|FALCPAT_8585|FALCPAT_8668|FALCPAT_9243|FALCPAT_9301|FALCPAT_9370,18,3.991653363737446,2.9444389791664403,0.9659329140461217,0.4633925268220496,0.8650461127847363,1.445416718275734,0.9832285115303984,0.9769392033542977,0.9853249475890985,2.4940148351939437,2.5856094508665732,1.9681375944001211,0.0,-0.06290379076377389,0.0,2.1314629646106193,2.4940148351939437,1,normal,26265.22037409922,52948.58398750398,0.9853249475890986
RVNL,2025-03-20,2025-03-21,0.7945492662473794,0.7924528301886793,0.6701680672268907,0.4842767295597484,0.1928721174004193,0.9119496855345912,0.8197064989517819,0.4758909853249476,0.6428571428571429,3.0208071278826,1.493532667781125,46.5083669661464,FALCPAT_7554|FALCPAT_7620|FALCPAT_7695|FALCPAT_7741|FALCPAT_7754|FALCPAT_7862|FALCPAT_7871|FALCPAT_7942|FALCPAT_8102|FALCPAT_8211|FALCPAT_8245|FALCPAT_8364|FALCPAT_8486|FALCPAT_9111|FALCPAT_9548|FALCPAT_9569|FALCPAT_9584,17,3.8609058421843088,2.8903717578961645,0.8561844863731656,0.49985025456723564,0.6603018251325687,1.122981578062077,0.9706498951781971,0.9727463312368972,0.9538784067085954,2.3888771590564843,2.525556674107156,1.5290899405460276,0.0,-0.06290379076377389,0.0,1.9623785415333561,2.3888771590564843,2,normal,26265.22037409922,52948.58398750398,0.9853249475890986
BSE,2025-03-20,2025-03-21,0.8071278825995807,0.939203354297694,0.0252100840336134,0.6918238993710691,0.0062893081761006,0.9832285115303984,0.9329140461215932,0.7526205450733753,0.01890756302521,3.089217227771612,1.6146394254587677,40.80487942968572,FALCPAT_6150|FALCPAT_6266|FALCPAT_6793|FALCPAT_6823|FALCPAT_7348|FALCPAT_7514|FALCPAT_7600|FALCPAT_7754|FALCPAT_8037|FALCPAT_8171|FALCPAT_8225|FALCPAT_8450|FALCPAT_8646|FALCPAT_8907|FALCPAT_8952|FALCPAT_8967|FALCPAT_9395,17,3.733013065485572,2.8903717578961645,0.930398322851153,0.4118527914310378,0.5260149657347215,1.0808207147160283,0.9622641509433962,0.9685534591194969,0.9433962264150944,2.2860350617291756,2.525556674107156,1.4716810981838708,0.0,-0.06290379076377389,0.0,1.901747387145528,2.2860350617291756,3,normal,26265.22037409922,52948.58398750398,0.9853249475890986
KFINTECH,2025-03-20,2025-03-21,0.9916142557651992,0.9748427672955976,0.9873949579831932,0.9454926624737946,1.0,0.8322851153039832,0.9517819706498952,0.7421383647798742,0.9873949579831932,2.886573560241706,1.2558982808285315,148.08723307798556,FALCPAT_6205|FALCPAT_6245|FALCPAT_6424|FALCPAT_6439|FALCPAT_6645|FALCPAT_6675|FALCPAT_6793|FALCPAT_6824|FALCPAT_6865|FALCPAT_7514|FALCPAT_7554|FALCPAT_7631|FALCPAT_7787|FALCPAT_7800|FALCPAT_7942|FALCPAT_7963|FALCPAT_7976,47,5.004531591531662,3.871201010907891,0.9059748427672956,0.39538255553793844,0.9216875429417049,1.0536518545393998,1.0,1.0,0.9371069182389937,3.0,3.0,1.4346862957236475,0.0,-0.06290379076377389,1.0,1.508671573930912,3.0,4,normal,26265.22037409922,52948.58398750398,0.9853249475890986
GRSE,2025-03-20,2025-03-21,0.9748427672955976,1.0,0.9978991596638656,0.9874213836477987,0.989517819706499,0.9287211740041929,1.0,0.7253668763102725,0.9978991596638656,2.993289863115057,1.444818710023996,68.28788698549164,FALCPAT_6440|FALCPAT_6663|FALCPAT_6953|FALCPAT_7184|FALCPAT_7209|FALCPAT_7395|FALCPAT_7509|FALCPAT_7603|FALCPAT_7621|FALCPAT_7760|FALCPAT_7771|FALCPAT_7862|FALCPAT_8102|FALCPAT_8225|FALCPAT_8248|FALCPAT_8407|FALCPAT_8509,26,4.238270099943988,3.295836866004329,0.9628930817610063,0.39968465373570816,0.9305013829431144,1.2109871274518735,0.9916142557651991,0.9916142557651991,0.9664570230607966,2.692326131908069,2.9759091251649497,1.6489237463778839,0.0,-0.06290379076377389,1.0,1.418959520986092,2.692326131908069,5,normal,26265.22037409922,52948.58398750398,0.9853249475890986
FINCABLES,2025-03-20,2025-03-21,0.9308176100628932,0.4318658280922431,0.0819327731092437,0.920335429769392,0.0943396226415094,0.7631027253668763,0.9664570230607966,0.0482180293501048,0.0588235294117647,2.957380688124306,1.381248509701756,47.72511476531976,FALCPAT_6343|FALCPAT_6348|FALCPAT_6512|FALCPAT_7296|FALCPAT_7545|FALCPAT_7572|FALCPAT_7870|FALCPAT_8096|FALCPAT_8206|FALCPAT_8241|FALCPAT_8361|FALCPAT_8546|FALCPAT_8621|FALCPAT_8851|FALCPAT_8888|FALCPAT_8938|FALCPAT_9121,19,3.8861946007591373,2.995732273553991,0.8678197064989518,0.6210938463435689,0.19251426985888692,1.0505390886328725,0.9790356394129979,0.9811320754716981,0.9329140461215933,2.4092125449771893,2.6425812109226823,1.4304477609059094,0.0,-0.06290379076377389,1.0,1.170273827650749,2.4092125449771893,6,normal,26265.22037409922,52948.58398750398,0.9853249475890986
ERIS,2025-03-21,2025-03-24,0.8385744234800838,0.7924528301886793,0.7169811320754716,0.5031446540880503,0.1970649895178197,0.639412997903564,0.9475890985324948,0.129979035639413,0.7023060796645703,2.7358490566037736,1.0366707892182925,100.22383492826566,FALCPAT_6809|FALCPAT_7056|FALCPAT_7075|FALCPAT_7164|FALCPAT_7184|FALCPAT_7209|FALCPAT_7412|FALCPAT_7620|FALCPAT_7709|FALCPAT_7764|FALCPAT_7861|FALCPAT_7872|FALCPAT_7902|FALCPAT_8070|FALCPAT_8084|FALCPAT_8102|FALCPAT_8143,26,4.617334252128754,3.295836866004329,0.7871069182389938,0.5144654088050314,0.5944444444444444,0.8395214731950171,0.9958071278825996,0.9916142557651991,0.8742138364779874,3.0,3.0,1.1815690326672745,0.0,-0.052789001393306306,0.0,2.245392258166819,3.0,1,normal,31994.537710491222,68044.7480481746,0.9853249475890986
ITI,2025-03-21,2025-03-24,0.6687631027253669,0.2096436058700209,0.4129979035639413,0.469601677148847,0.1509433962264151,0.8532494758909853,0.3438155136268344,0.5052410901467506,0.3626834381551362,2.838364779874213,1.2268891816864886,59.37983097190831,FALCPAT_6150|FALCPAT_6245|FALCPAT_6424|FALCPAT_6674|FALCPAT_6697|FALCPAT_6721|FALCPAT_6865|FALCPAT_7559|FALCPAT_8038|FALCPAT_8225|FALCPAT_8245|FALCPAT_8405|FALCPAT_8456|FALCPAT_8903|FALCPAT_8908|FALCPAT_9111|FALCPAT_9300,21,4.10065512486948,3.091042453358316,0.6380503144654088,0.6553459119496856,0.35733752620545073,0.8315168110225315,0.989517819706499,0.9853249475890985,0.870020964360587,2.697640793618834,2.8712171957102806,1.1703027096969303,0.0,-0.052789001393306306,0.0,2.080757473694764,2.697640793618834,2,normal,31994.537710491222,68044.7480481746,0.9853249475890986
SONATSOFTW,2025-03-21,2025-03-24,0.7421383647798742,0.2809224318658281,0.0524109014675052,0.3752620545073375,0.0649895178197065,0.8092243186582809,0.6352201257861635,0.4947589098532495,0.0377358490566037,2.9387840670859537,1.4132176274784445,46.99047335927065,FALCPAT_6674|FALCPAT_6809|FALCPAT_6865|FALCPAT_7085|FALCPAT_7179|FALCPAT_7631|FALCPAT_7709|FALCPAT_7976|FALCPAT_8406|FALCPAT_8429|FALCPAT_8455|FALCPAT_8734|FALCPAT_8787|FALCPAT_8803|FALCPAT_8877|FALCPAT_9111|FALCPAT_9123,20,3.8710025195279187,3.044522437723423,0.7349056603773585,0.5680293501048218,0.24077568134171906,0.8526513936742979,0.9706498951781971,0.9832285115303984,0.8846960167714885,2.5087363867149888,2.81826224266796,1.200049003652556,0.0,-0.052789001393306306,0.0,1.9925960734684762,2.5087363867149888,3,normal,31994.537710491222,68044.7480481746,0.9853249475890986
FACT,2025-03-21,2025-03-24,0.8176100628930818,0.8553459119496856,0.0838574423480083,0.4633123689727463,0.0943396226415094,0.9685534591194968,0.8050314465408805,0.5786163522012578,0.0649895178197065,2.933752620545073,1.4038817554554657,48.73671926046811,FALCPAT_6205|FALCPAT_6424|FALCPAT_6645|FALCPAT_6809|FALCPAT_7179|FALCPAT_7620|FALCPAT_7942|FALCPAT_8171|FALCPAT_8211|FALCPAT_8225|FALCPAT_8364|FALCPAT_8429|FALCPAT_8622|FALCPAT_8734|FALCPAT_8854|FALCPAT_8877|FALCPAT_9427,18,3.906743478428902,2.9444389791664403,0.881132075471698,0.3827044025157233,0.4747379454926624,0.8701136534442145,0.9769392033542977,0.9727463312368972,0.8930817610062893,2.5381356815034075,2.7043346187008104,1.2246266128158967,0.0,-0.052789001393306306,0.0,1.9891846336206696,2.5381356815034075,4,normal,31994.537710491222,68044.7480481746,0.9853249475890986
KFINTECH,2025-03-21,2025-03-24,0.8930817610062893,0.981132075471698,0.9916142557651992,0.3018867924528302,0.9475890985324948,0.8155136268343816,0.9664570230607966,0.6813417190775681,0.9916142557651992,2.8129979035639407,1.179820826903969,124.83441588989626,FALCPAT_6205|FALCPAT_6245|FALCPAT_6424|FALCPAT_6439|FALCPAT_6645|FALCPAT_6675|FALCPAT_6721|FALCPAT_6793|FALCPAT_6824|FALCPAT_6865|FALCPAT_7514|FALCPAT_7554|FALCPAT_7787|FALCPAT_7800|FALCPAT_7942|FALCPAT_7963|FALCPAT_8039,42,4.834966883082477,3.7612001156935624,0.8838574423480083,0.27840670859538785,0.910377358490566,0.827742955141376,1.0,1.0,0.8679245283018868,3.0,3.0,1.1649911202401289,0.8,2.5,1.0,1.441247780060032,3.0,5,normal,31994.537710491222,68044.7480481746,0.9853249475890986
KAYNES,2025-03-21,2025-03-24,0.8343815513626834,0.9182389937106918,0.8909853249475891,0.5345911949685535,0.9245283018867924,0.8721174004192872,0.8259958071278826,0.8238993710691824,0.8930817610062893,2.8081761006289305,1.170873949548615,81.931272846009,FALCPAT_6424|FALCPAT_6439|FALCPAT_6578|FALCPAT_6675|FALCPAT_6824|FALCPAT_6865|FALCPAT_7470|FALCPAT_7741|FALCPAT_7754|FALCPAT_7862|FALCPAT_7942|FALCPAT_7976|FALCPAT_8406|FALCPAT_8411|FALCPAT_8486|FALCPAT_8497|FALCPAT_8622,31,4.418012226783877,3.4657359027997265,0.8484276729559749,0.33301886792452834,0.8840670859538784,0.8457712133740299,0.9937106918238994,0.9979035639412998,0.8805031446540881,2.9586879305528955,3.0,1.1903653553377702,0.0,-0.052789001393306306,2.0,0.6290009075832454,2.9586879305528955,6,normal,31994.537710491222,68044.7480481746,0.9853249475890986
GRSE,2025-03-21,2025-03-24,0.3417190775681342,1.0,0.981132075471698,0.270440251572327,0.3333333333333333,0.9035639412997905,1.0,0.4654088050314465,0.981132075471698,2.761844863731656,1.0849061280036831,54.74002454877633,FALCPAT_6440|FALCPAT_6663|FALCPAT_6953|FALCPAT_7184|FALCPAT_7209|FALCPAT_7349|FALCPAT_7509|FALCPAT_7603|FALCPAT_7621|FALCPAT_7760|FALCPAT_7771|FALCPAT_8102|FALCPAT_8225|FALCPAT_8248|FALCPAT_8407|FALCPAT_8547|FALCPAT_8574,22,4.020698462469499,3.1354942159291497,0.8249475890985325,0.4169811320754717,0.8588050314465407,0.8869793402396091,0.9853249475890985,0.9874213836477987,0.9035639412997903,2.6318711679435007,2.921817802082847,1.2483645633326244,-0.42777777777777776,-2.5,2.0,0.48079672682430097,2.6318711679435007,7,normal,31994.537710491222,68044.7480481746,0.9853249475890986
JBMA,2025-03-21,2025-03-24,0.8532494758909853,0.920335429769392,0.0314465408805031,0.2473794549266247,0.0356394129979035,0.9371069182389936,0.8553459119496856,0.8385744234800838,0.0230607966457023,3.0526205450733754,1.6244417319983449,56.33119190043243,FALCPAT_6348|FALCPAT_6424|FALCPAT_6474|FALCPAT_6674|FALCPAT_7004|FALCPAT_7226|FALCPAT_7469|FALCPAT_7508|FALCPAT_7572|FALCPAT_7600|FALCPAT_8260|FALCPAT_8455|FALCPAT_8734|FALCPAT_8764|FALCPAT_8888|FALCPAT_8951|FALCPAT_9243,19,4.048844836873941,2.995732273553991,0.8917190775681342,0.3230607966457023,0.5430817610062891,0.922905179583389,0.9874213836477987,0.9790356394129979,0.9119496855345912,2.655023416338231,2.762723120050352,1.2989291093816726,-0.11507858317274969,-1.5098240207473803,2.0,0.4720374387076922,2.655023416338231,8,normal,31994.537710491222,68044.7480481746,0.9853249475890986
INDUSINDBK,2025-03-25,2025-03-26,0.89937106918239,0.0125786163522012,0.0020964360587002,0.4465408805031446,0.0020964360587002,0.9979035639412998,0.9517819706498952,0.0419287211740041,0.0020964360587002,3.4567085953878407,1.888961987377174,41.78865260702152,FALCPAT_6343|FALCPAT_6348|FALCPAT_6512|FALCPAT_6881|FALCPAT_7226|FALCPAT_7567|FALCPAT_7737|FALCPAT_7870|FALCPAT_8196|FALCPAT_8260|FALCPAT_8291|FALCPAT_8779|FALCPAT_8787|FALCPAT_8888|FALCPAT_9005|FALCPAT_9266|FALCPAT_9368,18,3.756272941431469,2.9444389791664403,0.9620545073375262,0.6848008385744234,0.015723270440251524,1.3865544137900148,0.9979035639412998,0.9979035639412998,0.9811320754716981,3.0,3.0,1.7902221914375183,0.0,-0.03983216455546207,1.0,1.5975555478593797,3.0,1,normal,13825.112499861438,67891.20577999142,0.9853249475890986
KFINTECH,2025-03-25,2025-03-26,0.958071278825996,0.9832285115303984,0.9643605870020964,0.6079664570230608,0.3228511530398323,0.8930817610062893,0.9035639412997905,0.4570230607966457,0.9643605870020964,3.086163522012579,1.3419413741734134,54.69936873739041,FALCPAT_6223|FALCPAT_6643|FALCPAT_7514|FALCPAT_8039|FALCPAT_8260|FALCPAT_8269|FALCPAT_8291|FALCPAT_8668|FALCPAT_8733|FALCPAT_8942|FALCPAT_8953|FALCPAT_9121|FALCPAT_9170|FALCPAT_9222|FALCPAT_9243|FALCPAT_9450|FALCPAT_9506,19,4.019968813608521,2.995732273553991,0.909748427672956,0.4896226415094339,0.8441299790356394,1.1907795441685494,1.0,1.0,0.9433962264150944,3.0,3.0,1.5374471641569805,0.47672189163975315,2.5,1.0,1.534361791039245,3.0,2,normal,13825.112499861438,67891.20577999142,0.9853249475890986
KFINTECH,2025-03-26,2025-03-27,0.9245283018867924,0.9182389937106918,0.9077568134171908,0.2075471698113207,0.1257861635220125,0.9077568134171908,0.9664570230607966,0.2243186582809224,0.9077568134171908,3.142452830188679,1.3558089695274311,81.19040451104122,FALCPAT_6145|FALCPAT_6223|FALCPAT_6578|FALCPAT_6591|FALCPAT_6643|FALCPAT_7432|FALCPAT_7514|FALCPAT_7787|FALCPAT_8039|FALCPAT_8260|FALCPAT_8269|FALCPAT_8291|FALCPAT_8486|FALCPAT_8668|FALCPAT_8733|FALCPAT_9121|FALCPAT_9170,26,4.409038561805935,3.295836866004329,0.9316561844863731,0.47023060796645705,0.7405660377358491,1.1499195000696634,1.0,1.0,0.9308176100628931,3.0,3.0,1.4390131057722846,0.23673308538394222,2.5,1.0,1.5097532764430712,3.0,1,normal,13863.65107961743,66812.23506712141,0.9853249475890986
INDUSINDBK,2025-03-26,2025-03-27,0.6624737945492662,0.0356394129979035,0.0020964360587002,0.7064989517819706,0.0020964360587002,0.9979035639412998,0.8490566037735849,0.70020964360587,0.0020964360587002,3.5069182389937104,1.8677155594988584,41.99322360101626,FALCPAT_6343|FALCPAT_6348|FALCPAT_6512|FALCPAT_6881|FALCPAT_7226|FALCPAT_7383|FALCPAT_7567|FALCPAT_7737|FALCPAT_8196|FALCPAT_8260|FALCPAT_8291|FALCPAT_8779|FALCPAT_8787|FALCPAT_8888|FALCPAT_9005|FALCPAT_9266|FALCPAT_9368,18,3.761042512600807,2.9444389791664403,0.8787211740041929,0.7287211740041929,0.1883647798742138,1.4155462475902918,0.9937106918238994,0.9979035639412998,0.9727463312368972,3.0,3.0,1.7714259539470465,-0.7,-2.5,2.0,0.7928564884867617,3.0,2,normal,13863.65107961743,66812.23506712141,0.9853249475890986
ERIS,2025-03-27,2025-03-28,0.9727463312368972,0.6540880503144654,0.8448637316561844,0.8071278825995807,0.3333333333333333,0.7610062893081762,0.8930817610062893,0.9140461215932912,0.8406708595387841,3.3268343815513632,1.7017013577093494,162.9579141021238,FALCPAT_6150|FALCPAT_6427|FALCPAT_6440|FALCPAT_6663|FALCPAT_6793|FALCPAT_6809|FALCPAT_6953|FALCPAT_7056|FALCPAT_7075|FALCPAT_7085|FALCPAT_7179|FALCPAT_7184|FALCPAT_7209|FALCPAT_7349|FALCPAT_7394|FALCPAT_7412|FALCPAT_7471,45,5.099609773562798,3.828641396489095,0.84958071278826,0.6172955974842768,0.7947589098532495,1.4253096032395434,1.0,1.0,0.9643605870020965,3.0,3.0,1.817499846142736,0.0,0.04049960429670404,0.0,2.404374961535684,3.0,1,normal,-2254.30580775321,65790.44224042138,0.9853249475890986
KFINTECH,2025-03-27,2025-03-28,0.6058700209643606,0.259958071278826,0.9077568134171908,0.4046121593291404,0.0733752620545073,0.90146750524109,0.9685534591194968,0.1341719077568134,0.9077568134171908,3.344129979035639,1.727301350782109,74.38638206247496,FALCPAT_6145|FALCPAT_6223|FALCPAT_6578|FALCPAT_6591|FALCPAT_6643|FALCPAT_7514|FALCPAT_7787|FALCPAT_8039|FALCPAT_8260|FALCPAT_8269|FALCPAT_8291|FALCPAT_8486|FALCPAT_8668|FALCPAT_8733|FALCPAT_9121|FALCPAT_9170|FALCPAT_9222,25,4.3226266494511005,3.258096538021482,0.8658280922431865,0.7531446540880504,0.4876310272536687,1.5078845015010505,0.9979035639412998,0.9979035639412998,0.9748427672955975,3.0,3.0,1.9227978714459213,0.0,0.04049960429670404,1.0,1.6306994678614803,3.0,2,normal,-2254.30580775321,65790.44224042138,0.9853249475890986
INDUSINDBK,2025-03-27,2025-03-28,0.8238993710691824,0.190775681341719,0.0020964360587002,0.3794549266247379,0.0020964360587002,0.9979035639412998,0.7568134171907757,0.7589098532494759,0.0020964360587002,3.468238993710692,1.911000695013316,33.929492287222395,FALCPAT_6343|FALCPAT_6348|FALCPAT_6512|FALCPAT_6881|FALCPAT_7226|FALCPAT_7383|FALCPAT_7567|FALCPAT_7758|FALCPAT_8260|FALCPAT_8291|FALCPAT_8779|FALCPAT_8787|FALCPAT_8888|FALCPAT_9266|FALCPAT_9368|FALCPAT_9407,16,3.5533315235634446,2.833213344056216,0.8787211740041929,0.6090146750524109,0.2573375262054507,1.2980698522187164,0.9937106918238994,0.9958071278825996,0.9454926624737946,3.0,3.0,1.6552460038172936,-1.0,-2.5,3.0,-0.03618849904567689,3.0,3,normal,-2254.30580775321,65790.44224042138,0.9853249475890986
KFINTECH,2025-03-28,2025-04-01,0.7337526205450734,0.0545073375262054,0.9475890985324948,0.0838574423480083,0.0733752620545073,0.8825995807127882,0.9454926624737946,0.1236897274633123,0.9475890985324948,3.533857442348008,1.88537966670518,88.96117142993018,FALCPAT_6145|FALCPAT_6223|FALCPAT_6545|FALCPAT_6591|FALCPAT_6643|FALCPAT_7432|FALCPAT_7514|FALCPAT_7787|FALCPAT_8039|FALCPAT_8260|FALCPAT_8269|FALCPAT_8291|FALCPAT_8486|FALCPAT_8668|FALCPAT_8733|FALCPAT_9121|FALCPAT_9170,27,4.499378148681858,3.332204510175204,0.8748427672955975,0.7688679245283019,0.4290356394129978,1.5808972916984625,0.9979035639412998,0.9979035639412998,0.989517819706499,3.0,3.0,1.9622134789344856,0.0,-0.02476139585493228,1.0,1.6405533697336214,3.0,1,normal,-1119.6466223939299,0.0,0.9853249475890986
INDUSINDBK,2025-03-28,2025-04-01,0.7127882599580713,0.0964360587002096,0.0020964360587002,0.0587002096436058,0.0020964360587002,1.0,0.710691823899371,0.4067085953878406,0.0020964360587002,3.2663522012578614,1.5136351786087865,44.05723834896556,FALCPAT_6343|FALCPAT_6348|FALCPAT_6512|FALCPAT_6881|FALCPAT_7226|FALCPAT_7383|FALCPAT_7567|FALCPAT_7737|FALCPAT_7870|FALCPAT_8196|FALCPAT_8260|FALCPAT_8291|FALCPAT_8779|FALCPAT_8787|FALCPAT_8888|FALCPAT_9005|FALCPAT_9266,19,3.8079336448206464,2.995732273553991,0.8412997903563941,0.5778825995807128,0.1362683438155136,0.9894303859532338,0.9937106918238994,0.9958071278825996,0.8658280922431866,3.0,3.0,1.2280726681311354,-0.41421133880792677,-2.5,3.0,-0.14298183296721634,3.0,2,normal,-1119.6466223939299,0.0,0.9853249475890986
KFINTECH,2025-04-01,2025-04-02,0.9433962264150944,0.0251572327044025,0.8784067085953878,0.7589098532494759,0.0859538784067086,0.8846960167714885,0.9433962264150944,0.8825995807127882,0.8679245283018868,3.99706498951782,2.4550203682334097,133.3631486627212,FALCPAT_6205|FALCPAT_6245|FALCPAT_6424|FALCPAT_6439|FALCPAT_6591|FALCPAT_6645|FALCPAT_6675|FALCPAT_6721|FALCPAT_6793|FALCPAT_7514|FALCPAT_7976|FALCPAT_8039|FALCPAT_8099|FALCPAT_8141|FALCPAT_8171|FALCPAT_8260|FALCPAT_8269,39,4.9005461989940775,3.6888794541139363,0.9169811320754717,0.8950733752620545,0.5792452830188679,2.112521084179506,1.0,1.0,1.0,3.0,3.0,2.593510044883961,1.0,2.5,1.0,1.7983775112209905,3.0,1,normal,2418.6451903465786,2459.3210998705,0.9853249475890986
360ONE,2025-04-01,2025-04-02,0.981132075471698,0.0335429769392033,0.0146750524109014,0.1488469601677149,0.0775681341719077,0.8490566037735849,0.981132075471698,0.050314465408805,0.0146750524109014,3.339832285115304,1.5684302456194557,62.54402816109437,FALCPAT_6145|FALCPAT_6166|FALCPAT_6229|FALCPAT_6346|FALCPAT_6458|FALCPAT_7202|FALCPAT_7432|FALCPAT_7755|FALCPAT_8097|FALCPAT_8206|FALCPAT_8269|FALCPAT_8403|FALCPAT_8511|FALCPAT_8668|FALCPAT_8687|FALCPAT_9170|FALCPAT_9243,18,4.151733022505452,2.9444389791664403,0.921698113207547,0.6015723270440252,0.030188679245282967,1.0944648025283314,0.9979035639412998,0.9979035639412998,0.909853249475891,3.0,3.0,1.3436442051832842,0.0,-0.07670079710503343,1.0,1.4859110512958214,3.0,2,normal,2418.6451903465786,2459.3210998705,0.9853249475890986
POLICYBZR,2025-04-01,2025-04-02,0.941299790356394,0.0230607966457023,0.2830188679245283,0.1781970649895178,0.1194968553459119,0.90146750524109,0.941299790356394,0.1153039832285115,0.2285115303983228,3.4264150943396223,1.6852282426336695,42.72946504057444,FALCPAT_6145|FALCPAT_6166|FALCPAT_6229|FALCPAT_6458|FALCPAT_7780|FALCPAT_8097|FALCPAT_8269|FALCPAT_8411|FALCPAT_8494|FALCPAT_8668|FALCPAT_8687|FALCPAT_8781|FALCPAT_8909|FALCPAT_9016|FALCPAT_9170|FALCPAT_9243,16,3.7780221321136533,2.833213344056216,0.9233752620545072,0.6433962264150943,0.14192872117400418,1.253208679917602,0.9937106918238994,0.9958071278825996,0.9433962264150944,3.0,3.0,1.5385337738510254,0.0,-0.07670079710503343,2.0,0.7346334434627564,3.0,3,normal,2418.6451903465786,2459.3210998705,0.9853249475890986
INDUSINDBK,2025-04-01,2025-04-02,0.9371069182389936,0.8721174004192872,0.0020964360587002,0.4381551362683438,0.0020964360587002,0.9979035639412998,0.9371069182389936,0.9245283018867924,0.0020964360587002,3.3087002096436056,1.526433871390373,31.079895736618983,FALCPAT_6343|FALCPAT_6348|FALCPAT_6512|FALCPAT_6865|FALCPAT_7226|FALCPAT_7567|FALCPAT_7976|FALCPAT_8260|FALCPAT_8291|FALCPAT_8779|FALCPAT_8787|FALCPAT_8888|FALCPAT_9266|FALCPAT_9407|FALCPAT_9569,15,3.468229532887639,2.772588722239781,0.9644654088050313,0.38228511530398324,0.5372117400419286,1.0484361526108001,0.9874213836477987,0.9937106918238994,0.8951781970649895,2.860892719999891,3.0,1.2871349156515137,0.7990749862984586,2.5,3.0,-0.19081454708717072,2.860892719999891,4,normal,2418.6451903465786,2459.3210998705,0.9853249475890986
KFINTECH,2025-04-02,2025-04-03,0.6792452830188679,0.0796645702306079,0.8658280922431866,0.1425576519916142,0.0838574423480083,0.8972746331236897,0.8679245283018868,0.8385744234800838,0.8553459119496856,3.722746331236898,2.218010018505387,137.6167862295409,FALCPAT_6205|FALCPAT_6245|FALCPAT_6424|FALCPAT_6439|FALCPAT_6591|FALCPAT_6645|FALCPAT_6675|FALCPAT_6721|FALCPAT_6793|FALCPAT_6824|FALCPAT_6865|FALCPAT_7432|FALCPAT_7514|FALCPAT_7976|FALCPAT_8039|FALCPAT_8099|FALCPAT_8141,42,4.931713192189494,3.7612001156935624,0.8433962264150943,0.7507337526205451,0.5822851153039832,1.7258020405124896,1.0,1.0,1.0,3.0,3.0,2.1689586353800707,0.39302992874615106,2.5,0.0,2.4922396588450177,3.0,1,normal,9893.133266991477,8912.016349815382,0.9853249475890986
ZOMATO,2025-04-02,2025-04-03,0.8773584905660378,0.6362683438155137,0.0555555555555555,0.5691823899371069,0.1897274633123689,0.7662473794549266,0.8480083857442348,0.9884696016771488,0.4088050314465409,3.2019916142557645,1.4707008444168976,45.11684229525312,FALCPAT_6266|FALCPAT_6424|FALCPAT_7466|FALCPAT_7735|FALCPAT_7781|FALCPAT_7786|FALCPAT_7915|FALCPAT_8099|FALCPAT_8141|FALCPAT_8411|FALCPAT_8494|FALCPAT_8781|FALCPAT_8883|FALCPAT_8909|FALCPAT_9300|FALCPAT_9369|FALCPAT_9545,17,3.831178225911454,2.8903717578961645,0.8170859538784068,0.5254716981132075,0.545020964360587,1.0510363522659951,0.9937106918238994,0.9958071278825996,0.9077568134171907,3.0,3.0,1.320913299660157,0.0,-0.09312506659659321,0.0,2.2802283249150395,3.0,2,normal,9893.133266991477,8912.016349815382,0.9853249475890986
KAYNES,2025-04-02,2025-04-03,0.9622641509433962,0.8280922431865828,0.909853249475891,0.6289308176100629,0.7840670859538784,0.8113207547169812,0.8930817610062893,0.9308176100628932,0.9077568134171908,3.0628930817610067,1.271087463979012,44.18633847030421,FALCPAT_6424|FALCPAT_6439|FALCPAT_6578|FALCPAT_6675|FALCPAT_6824|FALCPAT_6865|FALCPAT_7976|FALCPAT_8411|FALCPAT_8734|FALCPAT_8908|FALCPAT_9111|FALCPAT_9123|FALCPAT_9222|FALCPAT_9427|FALCPAT_9450|FALCPAT_9506|FALCPAT_9584,17,3.8107947949203793,2.8903717578961645,0.8701257861635221,0.4214884696016772,0.8861635220125786,1.0376326969758753,0.9916142557651991,0.9937106918238994,0.9014675052410901,3.0,3.0,1.3040675892922768,0.0,-0.09312506659659321,2.0,0.6760168973230694,3.0,3,normal,9893.133266991477,8912.016349815382,0.9853249475890986
INDUSINDBK,2025-04-02,2025-04-03,0.8427672955974843,0.9748427672955976,0.0020964360587002,0.5303983228511531,0.0020964360587002,0.9979035639412998,0.9517819706498952,0.8490566037735849,0.0020964360587002,3.157651991614256,1.4070712589419727,36.22347053344589,FALCPAT_6343|FALCPAT_6348|FALCPAT_6512|FALCPAT_6865|FALCPAT_6881|FALCPAT_7226|FALCPAT_7383|FALCPAT_7567|FALCPAT_7976|FALCPAT_8260|FALCPAT_8291|FALCPAT_8779|FALCPAT_8787|FALCPAT_8888|FALCPAT_9266|FALCPAT_9407|FALCPAT_9569,17,3.6169394906459456,2.8903717578961645,0.950733752620545,0.36477987421383645,0.5542976939203355,0.9651430523432469,0.9853249475890985,0.9916142557651991,0.8825995807127882,2.895981288966565,3.0,1.2129626233915245,1.0,2.5,3.0,-0.19356776411716492,2.895981288966565,4,normal,9893.133266991477,8912.016349815382,0.9853249475890986
GALLANTT,2025-04-03,2025-04-04,0.8197064989517819,0.9853249475890984,0.9874213836477987,0.9140461215932912,0.8637316561844863,0.9035639412997905,0.9706498951781972,0.7211740041928721,0.9874213836477987,2.912159329140461,1.2006871774539414,51.8570693684224,FALCPAT_6722|FALCPAT_7086|FALCPAT_7395|FALCPAT_7436|FALCPAT_7621|FALCPAT_7754|FALCPAT_7800|FALCPAT_8144|FALCPAT_8248|FALCPAT_8450|FALCPAT_8464|FALCPAT_8509|FALCPAT_8574|FALCPAT_8585|FALCPAT_8646|FALCPAT_9294,16,3.9675914662548464,2.833213344056216,0.9102725366876312,0.41949685534591197,0.9201257861635219,1.068405786610787,0.9979035639412998,0.9916142557651991,0.9203354297693921,3.0,3.0,1.3981093215321327,0.0,-0.056924187067346005,0.0,2.2995273303830333,3.0,1,normal,9385.207440560389,9385.207440560389,0.9853249475890986
KFINTECH,2025-04-03,2025-04-04,0.9224318658280922,0.5283018867924528,0.8846960167714885,0.3480083857442348,0.1572327044025157,0.9182389937106918,0.9140461215932912,0.6540880503144654,0.8825995807127882,3.534591194968553,2.2174699013161066,158.56035753783704,FALCPAT_6205|FALCPAT_6245|FALCPAT_6424|FALCPAT_6439|FALCPAT_6645|FALCPAT_6675|FALCPAT_6721|FALCPAT_6793|FALCPAT_7163|FALCPAT_7432|FALCPAT_7514|FALCPAT_7554|FALCPAT_7618|FALCPAT_7740|FALCPAT_7758|FALCPAT_7787|FALCPAT_7860,49,5.072422267808304,3.912023005428146,0.9176100628930818,0.6219077568134171,0.7019916142557652,1.6885638857669292,1.0,1.0,0.9916142557651991,3.0,3.0,2.209661912564776,-0.2359047044975272,-2.5,1.0,1.7024154781411942,3.0,2,normal,9385.207440560389,9385.207440560389,0.9853249475890986
BDL,2025-04-03,2025-04-04,0.9559748427672956,0.4612159329140461,0.9538784067085954,0.9308176100628932,0.6855345911949685,0.8553459119496856,0.9643605870020964,0.589098532494759,0.9538784067085954,3.306394129979036,1.844695231419184,47.0733044226083,FALCPAT_6245|FALCPAT_6440|FALCPAT_6677|FALCPAT_6697|FALCPAT_6953|FALCPAT_7394|FALCPAT_7471|FALCPAT_7695|FALCPAT_7740|FALCPAT_7862|FALCPAT_7904|FALCPAT_8584|FALCPAT_8690|FALCPAT_9294|FALCPAT_9301|FALCPAT_9512|FALCPAT_9547,17,3.872727021432339,2.8903717578961645,0.9136268343815512,0.6441299790356394,0.690251572327044,1.552887975114692,0.9958071278825996,0.9937106918238994,0.9832285115303984,3.0,3.0,2.0321134181076976,0.0,-0.056924187067346005,1.0,1.6580283545269248,3.0,3,normal,9385.207440560389,9385.207440560389,0.9853249475890986
NEWGEN,2025-04-04,2025-04-07,0.960167714884696,0.0880503144654088,0.0964360587002096,0.350104821802935,0.0733752620545073,0.8867924528301887,0.8574423480083857,0.2914046121593291,0.0754716981132075,3.367610062893082,1.656114076305475,55.37292860356416,FALCPAT_6145|FALCPAT_6343|FALCPAT_6474|FALCPAT_6575|FALCPAT_6791|FALCPAT_7160|FALCPAT_7202|FALCPAT_7226|FALCPAT_7320|FALCPAT_7737|FALCPAT_7755|FALCPAT_8241|FALCPAT_8459|FALCPAT_8511|FALCPAT_8764|FALCPAT_8779|FALCPAT_8803,21,4.031989053973767,3.091042453358316,0.8911949685534591,0.6359538784067086,0.1390985324947589,1.190884466317393,0.9937106918238994,0.9958071278825996,0.9245283018867925,2.572399292442383,2.907043209276084,1.4788127716458435,0.0,-0.06467228104323575,0.0,2.10869151636575,2.572399292442383,1,normal,7449.360184458482,9908.681284328983,0.9853249475890986
REDINGTON,2025-04-04,2025-04-07,0.9119496855345912,0.0314465408805031,0.0461215932914046,0.1740041928721174,0.0587002096436058,0.9245283018867924,0.9454926624737946,0.1132075471698113,0.0335429769392033,3.389308176100629,1.686299478594392,49.271538267793055,FALCPAT_6174|FALCPAT_6320|FALCPAT_6951|FALCPAT_7183|FALCPAT_7884|FALCPAT_8040|FALCPAT_8224|FALCPAT_8580|FALCPAT_8641|FALCPAT_8788|FALCPAT_8966|FALCPAT_9006|FALCPAT_9152|FALCPAT_9203|FALCPAT_9368,15,3.9174390773515486,2.772588722239781,0.9293501048218029,0.6158280922431866,0.055870020964360556,1.1843234010703023,0.9811320754716981,0.9769392033542977,0.9224318658280922,2.479064901838391,2.5368224402419877,1.470665235301982,0.0,-0.06467228104323575,0.0,1.9906100027011688,2.479064901838391,2,normal,7449.360184458482,9908.681284328983,0.9853249475890986
GALLANTT,2025-04-04,2025-04-07,0.7777777777777778,1.0,0.9958071278825996,0.9329140461215932,0.90146750524109,0.8574423480083857,0.9517819706498952,0.9350104821802936,0.9958071278825996,2.8953878406708595,0.9991805627230004,49.72179355672507,FALCPAT_6722|FALCPAT_7086|FALCPAT_7436|FALCPAT_7621|FALCPAT_7754|FALCPAT_7800|FALCPAT_8144|FALCPAT_8248|FALCPAT_8450|FALCPAT_8464|FALCPAT_8509|FALCPAT_8574|FALCPAT_8585|FALCPAT_8646|FALCPAT_9294,15,3.9263556714265655,2.772588722239781,0.8745283018867924,0.4103773584905661,0.9820754716981133,0.955832635834482,0.9832285115303984,0.9748427672955975,0.8637316561844863,2.4863300702722486,2.5368224402419877,1.18692521079589,1.0,2.5,0.0,1.922944322369882,2.4863300702722486,3,normal,7449.360184458482,9908.681284328983,0.9853249475890986
360ONE,2025-04-04,2025-04-07,0.989517819706499,0.0293501048218029,0.0377358490566037,0.4255765199161425,0.0817610062893081,0.9454926624737946,0.9350104821802936,0.1719077568134172,0.0293501048218029,3.467610062893082,1.7952294085935283,80.02953620663135,FALCPAT_6145|FALCPAT_6166|FALCPAT_6229|FALCPAT_6346|FALCPAT_6458|FALCPAT_7202|FALCPAT_7432|FALCPAT_7561|FALCPAT_7737|FALCPAT_7755|FALCPAT_7801|FALCPAT_8097|FALCPAT_8206|FALCPAT_8269|FALCPAT_8361|FALCPAT_8496|FALCPAT_8511,25,4.394813732732094,3.258096538021482,0.9506289308176101,0.6602725366876311,0.06708595387840668,1.3222425673220657,0.9958071278825996,0.9979035639412998,0.9622641509433962,2.868025893918522,3.0,1.641933371989023,0.23015716634549943,2.5,1.0,1.5010949952605908,2.868025893918522,4,normal,7449.360184458482,9908.681284328983,0.9853249475890986
KFINTECH,2025-04-04,2025-04-07,0.3522012578616352,0.6457023060796646,0.9266247379454928,0.1698113207547169,0.2180293501048218,0.8951781970649895,0.779874213836478,0.8134171907756813,0.9266247379454928,3.020649895178197,1.173439286081725,125.42219865879372,FALCPAT_6145|FALCPAT_6223|FALCPAT_6591|FALCPAT_6643|FALCPAT_7432|FALCPAT_7514|FALCPAT_7554|FALCPAT_7618|FALCPAT_7631|FALCPAT_7758|FALCPAT_7787|FALCPAT_7860|FALCPAT_7941|FALCPAT_8039|FALCPAT_8099|FALCPAT_8141|FALCPAT_8260,36,4.8396270885935495,3.6109179126442243,0.7462264150943396,0.5387840670859538,0.8,0.9730552415001981,1.0,1.0,0.8721174004192872,3.0,3.0,1.2083122570014797,-0.2896747605449889,-2.5,1.0,1.4520780642503703,3.0,5,normal,7449.360184458482,9908.681284328983,0.9853249475890986
KAYNES,2025-04-04,2025-04-07,0.9517819706498952,0.4234800838574423,0.8511530398322851,0.2914046121593291,0.3375262054507337,0.9182389937106918,0.8469601677148847,0.3710691823899371,0.8469601677148847,3.341509433962264,1.6198040996390954,50.84232385896365,FALCPAT_6569|FALCPAT_6578|FALCPAT_6890|FALCPAT_7787|FALCPAT_8096|FALCPAT_8138|FALCPAT_8241|FALCPAT_8411|FALCPAT_8486|FALCPAT_8497|FALCPAT_8724|FALCPAT_8789|FALCPAT_9121|FALCPAT_9222|FALCPAT_9317|FALCPAT_9427|FALCPAT_9450,20,3.9482068785656006,3.044522437723423,0.9,0.5950733752620545,0.580817610062893,1.3254249641547484,0.9874213836477987,0.9937106918238994,0.9685534591194969,2.504134256378803,2.852961016854172,1.645885275053296,0.0,-0.06467228104323575,2.0,0.50892393750462,2.504134256378803,6,normal,7449.360184458482,9908.681284328983,0.9853249475890986
GRAVITA,2025-04-04,2025-04-07,0.6121593291404612,0.1194968553459119,0.59958071278826,0.5094339622641509,0.2431865828092243,0.8029350104821803,0.649895178197065,0.3563941299790356,0.5953878406708596,3.0077568134171906,1.155503032547731,43.250565487043886,FALCPAT_6145|FALCPAT_6166|FALCPAT_6174|FALCPAT_6578|FALCPAT_6591|FALCPAT_7160|FALCPAT_7545|FALCPAT_7561|FALCPAT_8196|FALCPAT_8269|FALCPAT_8494|FALCPAT_8569|FALCPAT_8733|FALCPAT_9170|FALCPAT_9243|FALCPAT_9583|FALCPAT_9597,17,3.7898681507405065,2.8903717578961645,0.7112159329140462,0.7183438155136268,0.370125786163522,0.9822525176107473,0.9727463312368972,0.9790356394129979,0.8742138364779874,2.3751211469365785,2.6737519900598414,1.2197334422135087,0.0,-0.06467228104323575,3.0,-0.49151172531319465,2.3751211469365785,7,normal,7449.360184458482,9908.681284328983,0.9853249475890986
ERIS,2025-04-07,2025-04-08,0.9475890985324948,0.220125786163522,0.6163522012578616,0.1446540880503144,0.2578616352201258,0.8176100628930818,0.9475890985324948,0.89937106918239,0.6247379454926625,3.64559748427673,1.844475239224359,187.7736954979179,FALCPAT_6150|FALCPAT_6427|FALCPAT_6440|FALCPAT_6663|FALCPAT_6721|FALCPAT_6793|FALCPAT_6809|FALCPAT_6953|FALCPAT_7056|FALCPAT_7075|FALCPAT_7085|FALCPAT_7164|FALCPAT_7179|FALCPAT_7394|FALCPAT_7412|FALCPAT_7471|FALCPAT_7559,49,5.240548919311582,3.912023005428146,0.889098532494759,0.6123689727463313,0.549685534591195,1.4169496387045466,0.9979035639412998,0.9979035639412998,0.9580712788259959,3.0,3.0,1.77055482731331,0.0,0.033604292153778054,0.0,2.3926387068283277,3.0,1,normal,-4805.932959691669,4106.083390123713,0.9853249475890986
BEML,2025-04-07,2025-04-08,0.9035639412997905,0.0545073375262054,0.8679245283018868,0.4591194968553459,0.1153039832285115,0.9643605870020964,0.9035639412997905,0.6855345911949685,0.8784067085953878,3.902201257861635,2.166787708752606,56.46305627882541,FALCPAT_6343|FALCPAT_6474|FALCPAT_6865|FALCPAT_7226|FALCPAT_7297|FALCPAT_7320|FALCPAT_7348|FALCPAT_7561|FALCPAT_7740|FALCPAT_7976|FALCPAT_8734|FALCPAT_8789|FALCPAT_8967|FALCPAT_9170|FALCPAT_9403|FALCPAT_9518|FALCPAT_9569,18,4.051142241813362,2.9444389791664403,0.9309224318658281,0.8196016771488469,0.539203354297694,1.8855465889167007,0.989517819706499,0.9748427672955975,0.9979035639412998,2.12338489425835,2.1485329710778847,2.356101438684227,0.0,0.033604292153778054,0.0,1.9742551563028912,2.12338489425835,2,normal,-4805.932959691669,4106.083390123713,0.9853249475890986
DOMS,2025-04-07,2025-04-08,0.9664570230607966,0.3081761006289308,0.4109014675052411,0.4675052410901467,0.3773584905660377,0.7777777777777778,0.9664570230607966,0.8197064989517819,0.4046121593291404,3.4023060796645703,1.5388840456887931,42.69579773538159,FALCPAT_6663|FALCPAT_6721|FALCPAT_6882|FALCPAT_7179|FALCPAT_7412|FALCPAT_7553|FALCPAT_7631|FALCPAT_7709|FALCPAT_7740|FALCPAT_7799|FALCPAT_7927|FALCPAT_8211|FALCPAT_8406|FALCPAT_8497|FALCPAT_8737|FALCPAT_8903|FALCPAT_9005,20,3.777251935815967,3.044522437723423,0.8815513626834381,0.5722222222222222,0.4762054507337526,1.1911986403086745,0.960167714884696,0.9874213836477987,0.9287211740041929,1.9199095149899201,2.250419436652025,1.4884622271278902,0.0,0.033604292153778054,0.0,1.6861587258578417,1.9199095149899201,3,normal,-4805.932959691669,4106.083390123713,0.9853249475890986
ZENSARTECH,2025-04-07,2025-04-08,0.9958071278825996,0.3941299790356394,0.090146750524109,0.8448637316561844,0.3165618448637317,0.8784067085953878,0.9958071278825996,0.7484276729559748,0.0691823899371069,3.369077568134172,1.4971466875023332,45.98890411477826,FALCPAT_6591|FALCPAT_6882|FALCPAT_7561|FALCPAT_7753|FALCPAT_7915|FALCPAT_7947|FALCPAT_8101|FALCPAT_8411|FALCPAT_8645|FALCPAT_8781|FALCPAT_8883|FALCPAT_8909|FALCPAT_9016|FALCPAT_9170|FALCPAT_9244|FALCPAT_9317|FALCPAT_9428,17,3.849911491173867,2.8903717578961645,0.9429769392033543,0.5657232704402516,0.3579664570230608,1.1856619106343167,0.9706498951781971,0.9727463312368972,0.9224318658280922,1.9738889011170975,2.093491726919571,1.4815436731393736,0.0,0.033604292153778054,0.0,1.6773342691714515,1.9738889011170975,4,normal,-4805.932959691669,4106.083390123713,0.9853249475890986
NEWGEN,2025-04-07,2025-04-08,0.8532494758909853,0.0398322851153039,0.0566037735849056,0.6373165618448637,0.0377358490566037,0.958071278825996,0.8532494758909853,0.7190775681341719,0.0461215932914046,3.597589098532495,1.7841733147783063,49.70470586566061,FALCPAT_6343|FALCPAT_6474|FALCPAT_6575|FALCPAT_6865|FALCPAT_7202|FALCPAT_7226|FALCPAT_7320|FALCPAT_8141|FALCPAT_8245|FALCPAT_8459|FALCPAT_8511|FALCPAT_8764|FALCPAT_8779|FALCPAT_8803|FALCPAT_9123|FALCPAT_9330|FALCPAT_9407,19,3.9260187241529545,2.995732273553991,0.9004192872117401,0.7133123689727464,0.21477987421383643,1.3967409537514854,0.9811320754716981,0.9832285115303984,0.9559748427672956,2.0304295955352414,2.200750315963363,1.745302578042012,-0.4278983973427328,-2.5,1.0,0.9901690256940341,2.0304295955352414,5,normal,-4805.932959691669,4106.083390123713,0.9853249475890986
DATAPATTNS,2025-04-07,2025-04-08,0.9622641509433962,0.7127882599580713,0.9748427672955976,0.0188679245283018,0.5974842767295597,0.949685534591195,0.9622641509433962,0.9937106918238994,0.9748427672955976,3.473165618448637,1.6278886328624431,51.48530801818956,FALCPAT_6569|FALCPAT_6575|FALCPAT_6646|FALCPAT_7004|FALCPAT_7179|FALCPAT_7297|FALCPAT_7740|FALCPAT_7758|FALCPAT_8101|FALCPAT_8226|FALCPAT_8584|FALCPAT_8764|FALCPAT_8789|FALCPAT_9222|FALCPAT_9456|FALCPAT_9518|FALCPAT_9584,17,3.9605332831604434,2.8903717578961645,0.9566037735849056,0.399895178197065,0.8878406708595389,1.2617108653498725,0.9832285115303984,0.9706498951781971,0.9371069182389937,2.056070747597039,2.093491726919571,1.5765724771293128,0.0,0.033604292153778054,1.0,0.9380733010849098,2.056070747597039,6,normal,-4805.932959691669,4106.083390123713,0.9853249475890986
KFINTECH,2025-04-07,2025-04-08,0.9979035639412998,0.6750524109014675,0.939203354297694,0.4926624737945492,0.2662473794549266,0.9371069182389936,0.9979035639412998,0.5660377358490566,0.9454926624737946,3.4979035639412994,1.6589612402189244,157.2667294036848,FALCPAT_6205|FALCPAT_6245|FALCPAT_6424|FALCPAT_6439|FALCPAT_6545|FALCPAT_6569|FALCPAT_6591|FALCPAT_6645|FALCPAT_6675|FALCPAT_6721|FALCPAT_6793|FALCPAT_6824|FALCPAT_6865|FALCPAT_6890|FALCPAT_7514|FALCPAT_7554|FALCPAT_7631,49,5.064281770468029,3.912023005428146,0.970545073375262,0.5848008385744234,0.7544025157232704,1.489046507332261,0.9958071278825996,1.0,0.9832285115303984,2.876054650473846,3.0,1.860645206894951,-0.4193106037115345,-2.5,2.0,0.7593858944369685,2.876054650473846,7,normal,-4805.932959691669,4106.083390123713,0.9853249475890986
KAYNES,2025-04-07,2025-04-08,0.9371069182389936,0.4339622641509434,0.7924528301886793,0.3375262054507337,0.3417190775681342,0.9308176100628932,0.9371069182389936,0.5115303983228512,0.8071278825995807,3.45251572327044,1.6019509055352108,84.32182387477681,FALCPAT_6424|FALCPAT_6439|FALCPAT_6569|FALCPAT_6578|FALCPAT_6675|FALCPAT_6824|FALCPAT_6865|FALCPAT_6890|FALCPAT_7740|FALCPAT_7787|FALCPAT_7976|FALCPAT_8406|FALCPAT_8411|FALCPAT_8486|FALCPAT_8497|FALCPAT_8547|FALCPAT_8622,31,4.446430270247345,3.4657359027997265,0.9342767295597484,0.5916142557651992,0.5989517819706499,1.3621815927800511,0.9916142557651991,0.9916142557651991,0.9433962264150944,2.417047648085934,2.679221077079217,1.7021180957298545,-0.2852655982284885,-2.5,2.0,0.4490451809869773,2.417047648085934,8,normal,-4805.932959691669,4106.083390123713,0.9853249475890986
JBMA,2025-04-07,2025-04-08,0.9454926624737946,0.8448637316561844,0.90146750524109,0.0545073375262054,0.3941299790356394,0.920335429769392,0.9454926624737946,0.9245283018867924,0.9119496855345912,3.3830188679245285,1.5146579450379776,46.54564112410824,FALCPAT_6424|FALCPAT_6474|FALCPAT_7004|FALCPAT_7226|FALCPAT_7297|FALCPAT_7469|FALCPAT_7572|FALCPAT_8260|FALCPAT_8690|FALCPAT_8734|FALCPAT_8764|FALCPAT_8888|FALCPAT_9243|FALCPAT_9506|FALCPAT_9518|FALCPAT_9547,16,3.8616901154752785,2.833213344056216,0.9341719077568134,0.39905660377358493,0.8889937106918239,1.1866616286858016,0.9727463312368972,0.9664570230607966,0.9245283018867925,1.982639338772284,2.0353036022489928,1.4827928949217781,0.0,0.033604292153778054,2.0,0.06994664662777073,1.982639338772284,9,normal,-4805.932959691669,4106.083390123713,0.9853249475890986
GRAVITA,2025-04-07,2025-04-08,0.949685534591195,0.0775681341719077,0.2767295597484276,0.450733752620545,0.1194968553459119,0.8972746331236897,0.949685534591195,0.7735849056603774,0.2557651991614256,3.704297693920336,1.9182068499007556,113.10821833550428,FALCPAT_6166|FALCPAT_6424|FALCPAT_6475|FALCPAT_6545|FALCPAT_6569|FALCPAT_6578|FALCPAT_6591|FALCPAT_6645|FALCPAT_6674|FALCPAT_6871|FALCPAT_6890|FALCPAT_7164|FALCPAT_7202|FALCPAT_7545|FALCPAT_7561|FALCPAT_7619|FALCPAT_7631,40,4.737147281754494,3.713572066704308,0.9261006289308176,0.6842767295597485,0.3280922431865828,1.4937216891269043,0.9937106918238994,0.9937106918238994,0.9853249475890985,2.6330237263950518,2.9315220181714383,1.866487192968819,-0.25673903840563966,-2.5,4.0,-0.9622131212457345,2.6330237263950518,10,normal,-4805.932959691669,4106.083390123713,0.9853249475890986
ERIS,2025-04-09,2025-04-11,0.9664570230607966,0.7924528301886793,0.7693920335429769,0.7463312368972747,0.5471698113207547,0.8574423480083857,0.981132075471698,0.9329140461215932,0.7861635220125787,3.2777777777777777,1.5489919639511789,189.61340699050248,FALCPAT_6150|FALCPAT_6427|FALCPAT_6440|FALCPAT_6663|FALCPAT_6721|FALCPAT_6793|FALCPAT_6809|FALCPAT_6953|FALCPAT_7056|FALCPAT_7075|FALCPAT_7085|FALCPAT_7164|FALCPAT_7179|FALCPAT_7184|FALCPAT_7394|FALCPAT_7412|FALCPAT_7471,49,5.250247329724793,3.912023005428146,0.9225366876310271,0.4923480083857443,0.8208595387840671,1.2864996093221484,1.0,1.0,0.9475890985324947,2.9421003855226213,3.0,1.6363700629747535,0.0,0.046595481297809105,0.0,2.3330376892288682,2.9421003855226213,1,normal,-6573.39391429908,2811.8135262613077,0.9853249475890986
ZENSARTECH,2025-04-09,2025-04-11,0.59958071278826,0.1027253668763102,0.0691823899371069,0.3731656184486373,0.1635220125786163,0.9245283018867924,0.9853249475890984,0.4276729559748428,0.0524109014675052,3.265513626834382,1.5317317677814382,67.53029492538586,FALCPAT_6145|FALCPAT_6591|FALCPAT_6882|FALCPAT_7561|FALCPAT_7753|FALCPAT_7915|FALCPAT_7947|FALCPAT_8101|FALCPAT_8411|FALCPAT_8448|FALCPAT_8546|FALCPAT_8621|FALCPAT_8645|FALCPAT_8781|FALCPAT_8883|FALCPAT_8909|FALCPAT_9016,21,4.2272759091837715,3.091042453358316,0.880817610062893,0.6082809224318658,0.16802935010482178,1.1006307854083874,0.9853249475890985,0.9790356394129979,0.909853249475891,2.189783849574882,2.2217904420091634,1.3999489910919063,0.0,0.046595481297809105,0.0,1.779748068483506,2.189783849574882,2,normal,-6573.39391429908,2811.8135262613077,0.9853249475890986
WELSPUNLIV,2025-04-09,2025-04-11,0.9161425576519916,0.0566037735849056,0.2327044025157232,0.40041928721174,0.0859538784067086,0.9433962264150944,0.8825995807127882,0.1844863731656184,0.2180293501048218,3.4303983228511528,1.7637855162857423,47.843020925663374,FALCPAT_6145|FALCPAT_6174|FALCPAT_6330|FALCPAT_6474|FALCPAT_6578|FALCPAT_6996|FALCPAT_7567|FALCPAT_7764|FALCPAT_8241|FALCPAT_8448|FALCPAT_8546|FALCPAT_8621|FALCPAT_8733|FALCPAT_8779|FALCPAT_9317|FALCPAT_9407,16,3.888611500844465,2.833213344056216,0.9166666666666666,0.6823899371069182,0.15681341719077563,1.3389422804028368,0.9685534591194969,0.9622641509433962,0.9559748427672956,1.9407223123563053,1.962809307159772,1.703075991641137,0.0,0.046595481297809105,0.0,1.6916558999025761,1.9407223123563053,3,normal,-6573.39391429908,2811.8135262613077,0.9853249475890986
CAPLIPOINT,2025-04-09,2025-04-11,0.9916142557651992,0.0691823899371069,0.1132075471698113,0.9622641509433962,0.1069182389937107,0.8616352201257862,0.9433962264150944,0.1090146750524109,0.0985324947589098,3.3488469601677155,1.6490125879091704,70.70169035125409,FALCPAT_6166|FALCPAT_6174|FALCPAT_6223|FALCPAT_6458|FALCPAT_6591|FALCPAT_6882|FALCPAT_6996|FALCPAT_7514|FALCPAT_7545|FALCPAT_7737|FALCPAT_7747|FALCPAT_7947|FALCPAT_8097|FALCPAT_8196|FALCPAT_8397|FALCPAT_8411|FALCPAT_8621,23,4.272514322658979,3.1780538303479458,0.9162473794549266,0.7612159329140461,0.09454926624737944,1.372088395532316,0.9874213836477987,0.9832285115303984,0.9622641509433962,2.2230532115864228,2.3091906010469816,1.7452371238991196,0.0,0.046595481297809105,1.0,1.0985213463980665,2.2230532115864228,4,normal,-6573.39391429908,2811.8135262613077,0.9853249475890986
BLS,2025-04-09,2025-04-11,0.9727463312368972,0.060796645702306,0.6855345911949685,0.8469601677148847,0.0985324947589098,0.8742138364779874,0.3857442348008386,0.0356394129979035,0.7190775681341719,3.1247379454926625,1.3336083194398722,52.13087897519976,FALCPAT_6458|FALCPAT_6591|FALCPAT_7160|FALCPAT_7545|FALCPAT_7561|FALCPAT_7747|FALCPAT_7915|FALCPAT_8196|FALCPAT_8206|FALCPAT_8269|FALCPAT_8411|FALCPAT_8668|FALCPAT_8781|FALCPAT_8883|FALCPAT_8909|FALCPAT_9016|FALCPAT_9170,20,3.9727582841844598,3.044522437723423,0.7229559748427673,0.8672955974842768,0.3094339622641509,1.251055030921068,0.9727463312368972,0.9748427672955975,0.939203354297694,2.00260577780054,2.175062566809395,1.5912853357915273,0.0,0.046595481297809105,1.0,0.9340064473200038,2.00260577780054,5,normal,-6573.39391429908,2811.8135262613077,0.9853249475890986
NEWGEN,2025-04-09,2025-04-11,0.7274633123689728,0.090146750524109,0.1970649895178197,0.5345911949685535,0.0817610062893081,0.9454926624737946,0.9454926624737946,0.5094339622641509,0.1844863731656184,3.471802935010482,1.8220571187391448,42.44510425170213,FALCPAT_6145|FALCPAT_6343|FALCPAT_6474|FALCPAT_6575|FALCPAT_7202|FALCPAT_7226|FALCPAT_7320|FALCPAT_8511|FALCPAT_8764|FALCPAT_8779|FALCPAT_8803|FALCPAT_9330|FALCPAT_9407|FALCPAT_9449|FALCPAT_9518,15,3.7714981699131522,2.772588722239781,0.9018867924528302,0.6918238993710691,0.2358490566037736,1.3939121381761788,0.9538784067085954,0.9559748427672956,0.9706498951781971,1.8545944952243767,1.9019138039315504,1.7729964464133212,-0.34760971265398666,-2.5,1.0,0.85819939524061,1.8545944952243767,6,normal,-6573.39391429908,2811.8135262613077,0.9853249475890986
KAYNES,2025-04-09,2025-04-11,0.6855345911949685,0.559748427672956,0.8972746331236897,0.3941299790356394,0.7358490566037735,0.8763102725366876,0.9685534591194968,0.979035639412998,0.9119496855345912,3.226310272536688,1.476558149255939,77.48143033469043,FALCPAT_6424|FALCPAT_6439|FALCPAT_6646|FALCPAT_6675|FALCPAT_6824|FALCPAT_6865|FALCPAT_7740|FALCPAT_7976|FALCPAT_8406|FALCPAT_8411|FALCPAT_8486|FALCPAT_8497|FALCPAT_8547|FALCPAT_8622|FALCPAT_8724|FALCPAT_8734|FALCPAT_8789,28,4.3628620405585385,3.367295829986474,0.8704402515723269,0.4813417190775682,0.8017819706498952,1.1699910372001165,0.989517819706499,0.9937106918238994,0.9308176100628931,2.289496985866092,2.499278167032903,1.4881737117813383,-0.2317398084359911,-2.5,2.0,0.3021727049916567,2.289496985866092,7,normal,-6573.39391429908,2811.8135262613077,0.9853249475890986
KFINTECH,2025-04-09,2025-04-11,0.5241090146750524,0.7526205450733753,0.9245283018867924,0.3270440251572327,0.3836477987421384,0.9140461215932912,0.9916142557651992,0.7274633123689728,0.939203354297694,3.1234800838574426,1.3318380429096428,131.5359452992673,FALCPAT_6205|FALCPAT_6245|FALCPAT_6424|FALCPAT_6439|FALCPAT_6545|FALCPAT_6591|FALCPAT_6675|FALCPAT_6721|FALCPAT_6793|FALCPAT_6824|FALCPAT_6865|FALCPAT_7432|FALCPAT_7514|FALCPAT_7554|FALCPAT_7631|FALCPAT_7740|FALCPAT_7753,45,4.886853893912569,3.828641396489095,0.8632075471698113,0.4939203354297694,0.8172955974842766,1.1249108864624198,0.9958071278825996,0.9979035639412998,0.9182389937106918,2.6748525569647,2.9626851062027892,1.4308327476883411,-0.6749137892795902,-2.5,3.0,-0.24607114120324214,2.6748525569647,8,normal,-6573.39391429908,2811.8135262613077,0.9853249475890986
ERIS,2025-04-11,2025-04-15,0.8616352201257862,0.8385744234800838,0.7631027253668763,0.5220125786163522,0.5115303983228512,0.8909853249475891,0.9769392033542976,0.9161425576519916,0.7672955974842768,3.213731656184487,1.4578449003769425,190.28648349645889,FALCPAT_6150|FALCPAT_6427|FALCPAT_6440|FALCPAT_6663|FALCPAT_6721|FALCPAT_6793|FALCPAT_6809|FALCPAT_6953|FALCPAT_7056|FALCPAT_7075|FALCPAT_7085|FALCPAT_7164|FALCPAT_7179|FALCPAT_7184|FALCPAT_7209|FALCPAT_7394|FALCPAT_7412,50,5.253772217893802,3.9318256327243257,0.9151991614255766,0.4364779874213837,0.8284067085953878,1.1651873328688733,1.0,1.0,0.9266247379454927,3.0,3.0,1.465598449646971,0.0,0.10216904060413953,0.0,2.316399612411743,3.0,1,normal,-10499.901065957642,-591.2197816286599,0.9853249475890986
INTELLECT,2025-04-11,2025-04-15,0.958071278825996,0.4737945492662473,0.3018867924528302,0.958071278825996,0.3291404612159329,0.7169811320754716,0.7651991614255765,0.6918238993710691,0.2767295597484276,2.999266247379455,1.1562218175403334,82.95558011703189,FALCPAT_6424|FALCPAT_6675|FALCPAT_6882|FALCPAT_6951|FALCPAT_7004|FALCPAT_7164|FALCPAT_7179|FALCPAT_7412|FALCPAT_7631|FALCPAT_7709|FALCPAT_7740|FALCPAT_7799|FALCPAT_7860|FALCPAT_8101|FALCPAT_8143|FALCPAT_8211|FALCPAT_8247,29,4.43028785084441,3.4011973816621555,0.7820754716981132,0.5988469601677149,0.45576519916142555,0.939368361317025,0.9958071278825996,0.9958071278825996,0.8511530398322851,2.422953780239116,2.6037538492590095,1.1815527360311475,0.0,0.10216904060413953,0.0,1.906468154967191,2.422953780239116,2,normal,-10499.901065957642,-591.2197816286599,0.9853249475890986
ZENSARTECH,2025-04-11,2025-04-15,0.7610062893081762,0.2180293501048218,0.1174004192872117,0.2683438155136268,0.1362683438155136,0.9161425576519916,0.979035639412998,0.230607966457023,0.090146750524109,3.220545073375262,1.467427256381037,64.82243535627671,FALCPAT_6145|FALCPAT_6591|FALCPAT_6882|FALCPAT_7561|FALCPAT_7753|FALCPAT_7915|FALCPAT_7947|FALCPAT_8101|FALCPAT_8411|FALCPAT_8448|FALCPAT_8546|FALCPAT_8621|FALCPAT_8645|FALCPAT_8781|FALCPAT_8883|FALCPAT_8909|FALCPAT_9016,20,4.186960743077993,3.044522437723423,0.9071278825995808,0.5613207547169811,0.17683438155136263,1.0437849775394543,0.9853249475890985,0.9811320754716981,0.8909853249475891,2.239547818310375,2.2382935691811237,1.3128928624360707,0.0,0.10216904060413953,0.0,1.7836784476849112,2.239547818310375,3,normal,-10499.901065957642,-591.2197816286599,0.9853249475890986
JUBLPHARMA,2025-04-11,2025-04-15,0.9937106918238994,0.3270440251572327,0.4716981132075472,0.9874213836477987,0.5031446540880503,0.7945492662473794,0.8176100628930818,0.4968553459119497,0.4654088050314465,3.1259958071278824,1.3344536392165107,48.08396052216177,FALCPAT_6427|FALCPAT_6677|FALCPAT_6882|FALCPAT_7055|FALCPAT_7075|FALCPAT_7471|FALCPAT_7695|FALCPAT_7740|FALCPAT_7764|FALCPAT_8462|FALCPAT_8497|FALCPAT_8737|FALCPAT_8789|FALCPAT_9005|FALCPAT_9293|FALCPAT_9547,16,3.8935323118225953,2.833213344056216,0.8424528301886791,0.6503144654088051,0.42641509433962266,1.1449263514931498,0.9769392033542977,0.9664570230607966,0.9203354297693921,2.018378363802662,2.0217796764421743,1.4401132352122619,0.0,0.10216904060413953,0.0,1.6726545078026982,2.018378363802662,4,normal,-10499.901065957642,-591.2197816286599,0.9853249475890986
ELGIEQUIP,2025-04-11,2025-04-15,0.9475890985324948,0.0230607966457023,0.2536687631027253,0.5744234800838575,0.0461215932914046,0.960167714884696,0.3333333333333333,0.0922431865828092,0.2243186582809224,3.058071278825996,1.2389249208987585,47.23527798509631,FALCPAT_6145|FALCPAT_6474|FALCPAT_6809|FALCPAT_6996|FALCPAT_7160|FALCPAT_7176|FALCPAT_7296|FALCPAT_7320|FALCPAT_7545|FALCPAT_7567|FALCPAT_7572|FALCPAT_7694|FALCPAT_7758|FALCPAT_7870|FALCPAT_7941|FALCPAT_8178|FALCPAT_8397,18,3.8760906617467064,2.9444389791664403,0.7382599580712789,0.740146750524109,0.12819706498951777,0.9725617140472529,0.9748427672955975,0.9706498951781971,0.8616352201257862,2.005231852346718,2.135744933744368,1.2233048948456453,0.0,0.10216904060413953,0.0,1.635329544016308,2.005231852346718,5,normal,-10499.901065957642,-591.2197816286599,0.9853249475890986
KFINTECH,2025-04-11,2025-04-15,0.8972746331236897,0.2809224318658281,0.7672955974842768,0.4234800838574423,0.140461215932914,0.9622641509433962,0.989517819706499,0.2327044025157232,0.7714884696016772,3.559538784067086,1.9441863228001928,92.9737743099168,FALCPAT_6424|FALCPAT_6545|FALCPAT_6569|FALCPAT_6591|FALCPAT_6643|FALCPAT_6721|FALCPAT_6793|FALCPAT_6890|FALCPAT_7432|FALCPAT_7514|FALCPAT_7554|FALCPAT_7631|FALCPAT_7753|FALCPAT_7860|FALCPAT_7941|FALCPAT_8039|FALCPAT_8260,32,4.543015746640171,3.4965075614664802,0.958805031446541,0.7055555555555556,0.4640461215932914,1.6336554326865897,0.9979035639412998,0.9979035639412998,0.9937106918238994,2.5079215766938847,2.7014116343024845,2.054859638839925,-0.33515226908241663,-2.5,3.0,-0.21743805391727422,2.5079215766938847,6,normal,-10499.901065957642,-591.2197816286599,0.9853249475890986
KAYNES,2025-04-11,2025-04-15,0.7651991614255765,0.909853249475891,0.9538784067085954,0.7861635220125787,0.8930817610062893,0.8763102725366876,0.9916142557651992,0.870020964360587,0.9538784067085954,2.9548218029350104,1.0937153722213095,69.10909376661459,FALCPAT_6424|FALCPAT_6439|FALCPAT_6646|FALCPAT_6675|FALCPAT_6824|FALCPAT_6865|FALCPAT_7470|FALCPAT_7740|FALCPAT_7862|FALCPAT_7942|FALCPAT_7976|FALCPAT_8406|FALCPAT_8411|FALCPAT_8486|FALCPAT_8497|FALCPAT_8547|FALCPAT_8622,26,4.250052511256212,3.295836866004329,0.8944444444444445,0.40628930817610065,0.9175052410901468,0.9850319435998546,0.9916142557651991,0.9916142557651991,0.8658280922431866,2.287102760045923,2.4957981764095205,1.2389905355510304,-0.5350785831727497,-2.5,3.0,-0.5618964888096731,2.287102760045923,7,normal,-10499.901065957642,-591.2197816286599,0.9853249475890986
GRAVITA,2025-04-11,2025-04-15,1.0,0.958071278825996,0.859538784067086,0.9979035639412998,0.6960167714884696,0.8805031446540881,1.0,0.6142557651991615,0.870020964360587,3.040670859538784,1.214453057872914,43.04074011656141,FALCPAT_7164|FALCPAT_7631|FALCPAT_7753|FALCPAT_7764|FALCPAT_7799|FALCPAT_8101|FALCPAT_8143|FALCPAT_8247|FALCPAT_8332|FALCPAT_8456|FALCPAT_8573|FALCPAT_8645|FALCPAT_8890|FALCPAT_9243|FALCPAT_9301,15,3.785115117266433,2.772588722239781,0.9462264150943396,0.46425576519916134,0.8342767295597485,1.1412734472535533,0.960167714884696,0.960167714884696,0.9161425576519916,1.9366597257120937,1.9596617967167733,1.4355184406103025,-0.10357072485547472,-1.7161994982871704,4.0,-1.5776911539336278,1.9366597257120937,8,normal,-10499.901065957642,-591.2197816286599,0.9853249475890986
DOMS,2025-04-16,2025-04-17,0.9916142557651992,0.6561844863731656,0.2557651991614256,0.979035639412998,0.4276729559748428,0.8092243186582809,0.989517819706499,0.8532494758909853,0.2138364779874214,3.164360587002096,1.656287322016147,44.14238544193093,FALCPAT_6663|FALCPAT_6823|FALCPAT_7179|FALCPAT_7412|FALCPAT_7553|FALCPAT_7709|FALCPAT_7799|FALCPAT_7927|FALCPAT_8102|FALCPAT_8211|FALCPAT_8406|FALCPAT_8497|FALCPAT_8585|FALCPAT_8737|FALCPAT_8903|FALCPAT_8907|FALCPAT_9128,20,3.8098216154058564,3.044522437723423,0.9088050314465409,0.5019916142557652,0.5389937106918239,1.2034353148839945,0.989517819706499,0.9916142557651991,0.9580712788259959,2.928451487998904,3.0,1.619617651218484,0.0,-0.07817089284999379,0.0,2.322707582404128,2.928451487998904,1,normal,11551.386755982216,15657.470146105929,0.9853249475890986
MAZDOCK,2025-04-16,2025-04-17,0.8805031446540881,0.9748427672955976,0.8784067085953878,0.8134171907756813,0.7463312368972747,0.8679245283018868,0.9538784067085954,0.9706498951781972,0.870020964360587,3.040146750524109,1.4478884606242242,41.47131160730928,FALCPAT_6236|FALCPAT_6663|FALCPAT_6824|FALCPAT_6887|FALCPAT_7086|FALCPAT_7253|FALCPAT_7741|FALCPAT_7790|FALCPAT_7862|FALCPAT_7871|FALCPAT_8509|FALCPAT_8574|FALCPAT_8644|FALCPAT_8728|FALCPAT_8908|FALCPAT_9369,16,3.748828826996628,2.833213344056216,0.900524109014675,0.4089098532494758,0.9339622641509435,1.1520023538718873,0.9853249475890985,0.9874213836477987,0.9412997903563941,2.8711197085941316,3.0,1.550396378981908,0.0,-0.07817089284999379,0.0,2.2796029636128363,2.8711197085941316,2,normal,11551.386755982216,15657.470146105929,0.9853249475890986
INTELLECT,2025-04-16,2025-04-17,0.8909853249475891,0.989517819706499,0.8343815513626834,0.9287211740041929,0.6687631027253669,0.7421383647798742,0.981132075471698,0.5681341719077568,0.8322851153039832,2.776519916142557,1.0055904552227988,73.82949109170148,FALCPAT_6424|FALCPAT_6439|FALCPAT_6646|FALCPAT_6675|FALCPAT_6882|FALCPAT_7179|FALCPAT_7277|FALCPAT_7412|FALCPAT_7631|FALCPAT_7709|FALCPAT_7799|FALCPAT_8143|FALCPAT_8211|FALCPAT_8247|FALCPAT_8291|FALCPAT_8364|FALCPAT_8406,26,4.31521207320988,3.295836866004329,0.8555555555555555,0.4386792452830188,0.8218029350104822,0.9040046024925237,0.9958071278825996,0.9958071278825996,0.8825995807127882,3.0,3.0,1.2166275365026933,1.0,2.5,0.0,2.2541568841256736,3.0,3,normal,11551.386755982216,15657.470146105929,0.9853249475890986
KFINTECH,2025-04-16,2025-04-17,0.9245283018867924,0.3018867924528302,0.7840670859538784,0.7840670859538784,0.1928721174004193,0.960167714884696,0.7672955974842768,0.5324947589098532,0.779874213836478,3.5064989517819707,2.230307476938711,89.48923124030593,FALCPAT_6205|FALCPAT_6245|FALCPAT_6424|FALCPAT_6675|FALCPAT_6721|FALCPAT_6793|FALCPAT_7514|FALCPAT_7976|FALCPAT_8039|FALCPAT_8099|FALCPAT_8141|FALCPAT_8260|FALCPAT_8269|FALCPAT_8291|FALCPAT_8315|FALCPAT_8456|FALCPAT_8668,30,4.505230851805968,3.4339872044851463,0.8855345911949686,0.7589098532494758,0.5517819706498952,1.7792035761737583,0.9979035639412998,0.9979035639412998,0.9979035639412998,3.0,3.0,2.394517847039153,-0.09247386147810244,-1.145008025110492,3.0,0.1486294617597883,3.0,4,normal,11551.386755982216,15657.470146105929,0.9853249475890986
FACT,2025-04-17,2025-04-21,1.0,1.0,0.9706498951781972,1.0,1.0,0.7672955974842768,1.0,0.9685534591194968,0.9706498951781972,2.9428721174004195,1.359619748300899,97.08474559149468,FALCPAT_6205|FALCPAT_6424|FALCPAT_6439|FALCPAT_6645|FALCPAT_6675|FALCPAT_6809|FALCPAT_7179|FALCPAT_7349|FALCPAT_7603|FALCPAT_7620|FALCPAT_7760|FALCPAT_7942|FALCPAT_8070|FALCPAT_8171|FALCPAT_8211|FALCPAT_8332|FALCPAT_8364,27,4.585831855922515,3.332204510175204,0.8952830188679246,0.39412997903563946,0.980398322851153,1.1087385986484237,1.0,0.9979035639412998,0.939203354297694,3.0,3.0,1.5384397715852354,0.0,-0.05269926688529877,0.0,2.334609942896309,3.0,1,normal,10969.843854115641,13781.65738037695,0.9853249475890986
INTELLECT,2025-04-17,2025-04-21,0.7651991614255765,0.9937106918238994,0.859538784067086,0.429769392033543,0.6960167714884696,0.7610062893081762,0.960167714884696,0.7819706498951782,0.8553459119496856,2.785849056603773,1.0808092920442596,67.2864868338004,FALCPAT_6424|FALCPAT_6439|FALCPAT_6646|FALCPAT_6882|FALCPAT_7179|FALCPAT_7277|FALCPAT_7412|FALCPAT_7631|FALCPAT_7709|FALCPAT_7799|FALCPAT_8143|FALCPAT_8211|FALCPAT_8247|FALCPAT_8291|FALCPAT_8364|FALCPAT_8406|FALCPAT_8429,23,4.223711896837842,3.1780538303479458,0.8315513626834382,0.33522012578616356,0.8864779874213835,0.7918792574751683,0.9937106918238994,0.9937106918238994,0.8532494758909853,3.0,3.0,1.0987697491310744,1.0,2.5,0.0,2.2246924372827688,3.0,2,normal,10969.843854115641,13781.65738037695,0.9853249475890986
DOMS,2025-04-17,2025-04-21,0.8469601677148847,0.8259958071278826,0.2327044025157232,0.7526205450733753,0.440251572327044,0.8155136268343816,0.9874213836477987,0.8511530398322851,0.1823899371069182,2.9464360587002094,1.3659478894976442,41.09197737765432,FALCPAT_6663|FALCPAT_6721|FALCPAT_6823|FALCPAT_7179|FALCPAT_7412|FALCPAT_7553|FALCPAT_7709|FALCPAT_7799|FALCPAT_7927|FALCPAT_8102|FALCPAT_8211|FALCPAT_8406|FALCPAT_8497|FALCPAT_8585|FALCPAT_8737|FALCPAT_8903|FALCPAT_9128,19,3.7398571614284144,2.995732273553991,0.8819706498951781,0.3878406708595388,0.5874213836477986,0.9123281496066805,0.989517819706499,0.9916142557651991,0.8909853249475891,2.901121005622837,3.0,1.265903111562337,0.0,-0.05269926688529877,0.0,2.2219802304208613,2.901121005622837,3,normal,10969.843854115641,13781.65738037695,0.9853249475890986
KFINTECH,2025-04-17,2025-04-21,0.9748427672955976,0.660377358490566,0.920335429769392,0.9937106918238994,0.3773584905660377,0.9622641509433962,0.9706498951781972,0.4737945492662473,0.920335429769392,3.391299790356394,2.1558488082914864,71.20210433215955,FALCPAT_6245|FALCPAT_6793|FALCPAT_7163|FALCPAT_7514|FALCPAT_7554|FALCPAT_7631|FALCPAT_7942|FALCPAT_7963|FALCPAT_8039|FALCPAT_8069|FALCPAT_8291|FALCPAT_8315|FALCPAT_8364|FALCPAT_8456|FALCPAT_8486|FALCPAT_8668|FALCPAT_8854,24,4.279469191348833,3.2188758248682006,0.967714884696017,0.6573375262054507,0.7177148846960167,1.7788208454691752,0.9958071278825996,0.9958071278825996,0.9979035639412998,3.0,3.0,2.4682374395817797,0.0,-0.05269926688529877,3.0,0.16705935989544463,3.0,4,normal,10969.843854115641,13781.65738037695,0.9853249475890986
TATAELXSI,2025-04-21,2025-04-22,0.9979035639412998,0.7672955974842768,0.2117400419287211,1.0,0.2431865828092243,0.5157232704402516,0.9979035639412998,0.9308176100628932,0.1928721174004193,2.928825995807128,1.2870328841484493,41.50828818780747,FALCPAT_6427|FALCPAT_6793|FALCPAT_7514|FALCPAT_7631|FALCPAT_7942|FALCPAT_8069|FALCPAT_8171|FALCPAT_8187|FALCPAT_8364|FALCPAT_8406|FALCPAT_8411|FALCPAT_8723|FALCPAT_9111|FALCPAT_9395|FALCPAT_9582,15,3.749699073100892,2.772588722239781,0.780922431865828,0.5092243186582809,0.5831236897274633,0.9249701083896672,0.9916142557651991,0.9937106918238994,0.89937106918239,3.0,3.0,1.2692781515803293,0.0,-0.05645362030296346,0.0,2.267319537895083,3.0,1,normal,13097.07896859161,12505.859186962949,0.9853249475890986
ATUL,2025-04-21,2025-04-22,0.9685534591194968,0.8805031446540881,0.350104821802935,0.9874213836477987,0.3584905660377358,0.779874213836478,0.9685534591194968,0.3480083857442348,0.3312368972746331,2.8068134171907757,1.0781211177073955,43.84736823327592,FALCPAT_6643|FALCPAT_7514|FALCPAT_7763|FALCPAT_7828|FALCPAT_7928|FALCPAT_8224|FALCPAT_8291|FALCPAT_8453|FALCPAT_8618|FALCPAT_8689|FALCPAT_8789|FALCPAT_8815|FALCPAT_8966|FALCPAT_9047|FALCPAT_9060|FALCPAT_9122|FALCPAT_9261,18,3.8032649074804525,2.9444389791664403,0.8836477987421383,0.46593291404612164,0.5323899371069183,0.8774907550772386,0.9958071278825996,0.9979035639412998,0.8888888888888888,3.0,3.0,1.2041236089922958,0.0,-0.05645362030296346,0.0,2.251030902248074,3.0,2,normal,13097.07896859161,12505.859186962949,0.9853249475890986
KFINTECH,2025-04-21,2025-04-22,0.9853249475890984,0.9266247379454928,0.979035639412998,0.939203354297694,0.939203354297694,0.9643605870020964,0.9853249475890984,0.8050314465408805,0.979035639412998,3.126834381551362,1.6260658109587154,61.82328962390764,FALCPAT_6205|FALCPAT_6245|FALCPAT_6793|FALCPAT_6824|FALCPAT_7514|FALCPAT_7554|FALCPAT_7599|FALCPAT_7942|FALCPAT_8039|FALCPAT_8069|FALCPAT_8315|FALCPAT_8456|FALCPAT_8854|FALCPAT_8878|FALCPAT_8908|FALCPAT_8942|FALCPAT_8953,23,4.140325858608728,3.1780538303479458,0.9758909853249474,0.42452830188679247,0.9171907756813418,1.3312619963689443,1.0,1.0,0.9706498951781971,3.0,3.0,1.826820752136114,0.0,-0.05645362030296346,3.0,0.006705188034028531,3.0,3,normal,13097.07896859161,12505.859186962949,0.9853249475890986
ATUL,2025-04-22,2025-04-23,0.5911949685534591,0.3459119496855345,0.4926624737945492,0.6457023060796646,0.4046121593291404,0.7924528301886793,0.870020964360587,0.6687631027253669,0.4716981132075472,3.018134171907757,1.479667613925656,33.51249113778538,FALCPAT_7514|FALCPAT_7763|FALCPAT_7828|FALCPAT_7928|FALCPAT_8224|FALCPAT_8291|FALCPAT_8618|FALCPAT_8689|FALCPAT_8789|FALCPAT_8815|FALCPAT_9047|FALCPAT_9060|FALCPAT_9122|FALCPAT_9261|FALCPAT_9331,15,3.5413213204734912,2.772588722239781,0.7793501048218029,0.6012578616352201,0.48218029350104813,1.087026490324936,0.989517819706499,0.9916142557651991,0.949685534591195,3.0,3.0,1.5093016934124972,0.0,-0.05766946589397833,0.0,2.327325423353124,3.0,1,normal,-2094.13126543598,13563.33888066995,0.9853249475890986
KFINTECH,2025-04-22,2025-04-23,0.9664570230607966,1.0,0.9937106918238994,0.981132075471698,0.9979035639412998,0.9538784067085954,0.9979035639412998,0.9832285115303984,0.9937106918238994,3.121802935010482,1.662067124105448,39.93596142463898,FALCPAT_6205|FALCPAT_6245|FALCPAT_6824|FALCPAT_7430|FALCPAT_7554|FALCPAT_7601|FALCPAT_7800|FALCPAT_7963|FALCPAT_8364|FALCPAT_8456|FALCPAT_8509|FALCPAT_8854|FALCPAT_8878|FALCPAT_8908|FALCPAT_8942|FALCPAT_8953|FALCPAT_8967,18,3.7120089291689236,2.9444389791664403,0.9718029350104821,0.39549266247379455,0.9932914046121593,1.3349359292036493,0.9916142557651991,0.9979035639412998,0.9832285115303984,3.0,3.0,1.8535233440357228,0.8666666666666667,2.5,3.0,0.013380836008930252,3.0,2,normal,-2094.13126543598,13563.33888066995,0.9853249475890986
SONATSOFTW,2025-04-28,2025-04-29,0.9979035639412998,0.9979035639412998,0.2788259958071278,0.9916142557651992,0.4570230607966457,0.9350104821802936,0.9979035639412998,0.9371069182389936,0.270440251572327,3.121278825995807,1.374240970157791,52.29657815310576,FALCPAT_6722|FALCPAT_6809|FALCPAT_6865|FALCPAT_7085|FALCPAT_7179|FALCPAT_7631|FALCPAT_7709|FALCPAT_7942|FALCPAT_7976|FALCPAT_8226|FALCPAT_8406|FALCPAT_8429|FALCPAT_8455|FALCPAT_8734|FALCPAT_8787|FALCPAT_8803|FALCPAT_8877,22,3.975872129356793,3.1354942159291497,0.969601677148847,0.38888888888888895,0.6938155136268342,1.0693342800494168,0.9958071278825996,1.0,0.8909853249475891,3.0,3.0,1.3629664419315097,0.0,-0.010773894535009763,0.0,2.2907416104828777,3.0,1,normal,-1038.686238446,12742.97114193095,0.9853249475890986
GRSE,2025-04-28,2025-04-29,0.9958071278825996,0.6184486373165619,0.4339622641509434,0.9937106918238994,0.6813417190775681,0.8721174004192872,0.9958071278825996,0.7421383647798742,0.4528301886792453,3.166037735849057,1.4393903977427116,53.43091299206773,FALCPAT_6440|FALCPAT_6470|FALCPAT_6663|FALCPAT_6887|FALCPAT_7086|FALCPAT_7184|FALCPAT_7209|FALCPAT_7349|FALCPAT_7943|FALCPAT_8099|FALCPAT_8225|FALCPAT_8908|FALCPAT_9114|FALCPAT_9300|FALCPAT_9395|FALCPAT_9545|FALCPAT_9569,17,3.9969322459976553,2.8903717578961645,0.940146750524109,0.5025157232704403,0.5784067085953878,1.1680580265145908,1.0,0.9958071278825996,0.9266247379454927,3.0,3.0,1.488801786490797,0.0,-0.010773894535009763,2.0,0.7222004466226992,3.0,2,normal,-1038.686238446,12742.97114193095,0.9853249475890986
SONATSOFTW,2025-04-30,2025-05-02,1.0,1.0,0.960167714884696,0.9916142557651992,1.0,0.9287211740041929,1.0,0.9266247379454928,0.9643605870020964,3.083228511530398,1.2909578530326855,44.53057888979797,FALCPAT_6439|FALCPAT_6722|FALCPAT_6809|FALCPAT_7085|FALCPAT_7179|FALCPAT_7631|FALCPAT_7709|FALCPAT_7942|FALCPAT_7965|FALCPAT_7976|FALCPAT_8143|FALCPAT_8247|FALCPAT_8406|FALCPAT_8429|FALCPAT_8622|FALCPAT_8734|FALCPAT_9111,19,3.8183841637353986,2.995732273553991,0.9679245283018867,0.39119496855345914,0.9663522012578616,1.1565045771618803,1.0,1.0,0.9287211740041929,3.0,3.0,1.471518666435437,1.0,2.5,0.0,2.3178796666088592,3.0,1,normal,1560.05968638741,0.0,0.9853249475890986
GRSE,2025-04-30,2025-05-02,0.9916142557651992,0.9916142557651992,0.89937106918239,0.9748427672955976,0.6205450733752621,0.9433962264150944,0.9958071278825996,0.8490566037735849,0.9035639412997905,3.228301886792453,1.4976544829027965,37.55903306305842,FALCPAT_6470|FALCPAT_7180|FALCPAT_7184|FALCPAT_7209|FALCPAT_7509|FALCPAT_7621|FALCPAT_7760|FALCPAT_7771|FALCPAT_7943|FALCPAT_8102|FALCPAT_8248|FALCPAT_8407|FALCPAT_8574|FALCPAT_8585|FALCPAT_8646,15,3.652190393262435,2.772588722239781,0.9713836477987422,0.47348008385744234,0.919706498951782,1.3410444302881017,0.9979035639412998,0.9979035639412998,0.9706498951781971,3.0,3.0,1.706329011689167,0.9333333333333332,2.5,2.0,0.7765822529222919,3.0,2,normal,1560.05968638741,0.0,0.9853249475890986
BLS,2025-05-06,2025-05-07,0.6673640167364017,0.0628930817610062,0.0251572327044025,0.4528301886792453,0.0587002096436058,0.8951781970649895,0.7782426778242678,0.1966527196652719,0.0251572327044025,3.0897149636413084,1.260081135770346,50.17151098317248,FALCPAT_6591|FALCPAT_7160|FALCPAT_7561|FALCPAT_7747|FALCPAT_7915|FALCPAT_8079|FALCPAT_8196|FALCPAT_8206|FALCPAT_8269|FALCPAT_8411|FALCPAT_8511|FALCPAT_8668|FALCPAT_8733|FALCPAT_8781|FALCPAT_8883|FALCPAT_8909|FALCPAT_9016,21,3.935182951073093,3.091042453358316,0.8086879292650193,0.6589098532494759,0.08123865161443114,0.9320387074470398,1.0,1.0,0.8661087866108786,3.0,3.0,1.1566698967175655,0.0,-0.021589391996887423,1.0,1.4391674741793914,3.0,1,normal,-410.54781576269,-913.1278084431,0.985355648535565
BLS,2025-05-07,2025-05-08,0.7343096234309623,0.0587002096436058,0.0230607966457023,0.6687631027253669,0.0566037735849056,0.9140461215932912,0.8096234309623431,0.2803347280334728,0.0230607966457023,3.216329833425436,1.4830448438865085,59.92098676788789,FALCPAT_6591|FALCPAT_6996|FALCPAT_7160|FALCPAT_7545|FALCPAT_7561|FALCPAT_7747|FALCPAT_7915|FALCPAT_8079|FALCPAT_8196|FALCPAT_8206|FALCPAT_8269|FALCPAT_8411|FALCPAT_8511|FALCPAT_8668|FALCPAT_8733|FALCPAT_8781|FALCPAT_8883,23,4.109577725661502,3.1780538303479458,0.8415508802399936,0.7036687631027255,0.09985307404191116,1.135432517815623,0.997907949790795,0.997907949790795,0.9142259414225942,3.0,3.0,1.4280895694734372,-0.7,-2.5,2.0,0.7070223923683594,3.0,1,normal,-531.8479354642776,-1854.7956668836878,0.985355648535565
KFINTECH,2025-05-07,2025-05-08,0.9769874476987448,0.0062893081761006,0.6247379454926625,0.8909853249475891,0.0461215932914046,0.9958071278825996,0.9142259414225942,0.7698744769874477,0.6708595387840671,4.020613931212337,2.630856668578204,73.34881586123466,FALCPAT_6205|FALCPAT_6245|FALCPAT_6721|FALCPAT_6793|FALCPAT_7163|FALCPAT_7554|FALCPAT_7618|FALCPAT_7631|FALCPAT_7740|FALCPAT_7758|FALCPAT_7860|FALCPAT_7941|FALCPAT_8039|FALCPAT_8099|FALCPAT_8141|FALCPAT_8315|FALCPAT_8364,23,4.30876774623239,3.1780538303479458,0.9634897765848267,0.8986373165618449,0.4514832942992728,2.1902679732454446,1.0,1.0,1.0,3.0,3.0,2.754831615177283,0.0,0.02881567662731737,3.0,0.2387079037943205,3.0,2,normal,-531.8479354642776,-1854.7956668836878,0.985355648535565
BDL,2025-05-13,2025-05-14,1.0,0.9790794979079498,0.9853249475890984,0.9937106918238994,1.0,0.859538784067086,0.997907949790795,0.9372384937238494,0.9853249475890984,3.038189126601932,1.459438537695642,59.19872462110982,FALCPAT_6151|FALCPAT_6236|FALCPAT_6245|FALCPAT_6440|FALCPAT_6663|FALCPAT_6677|FALCPAT_6697|FALCPAT_6824|FALCPAT_6953|FALCPAT_7253|FALCPAT_7695|FALCPAT_7862|FALCPAT_7992|FALCPAT_8450|FALCPAT_8574|FALCPAT_8622|FALCPAT_8964,23,4.097651166394505,3.1780538303479458,0.9360602352569669,0.40312930361481714,0.9711174267343842,1.2078324386937886,1.0,1.0,0.9414225941422594,3.0,3.0,1.601939690258716,0.0,-0.05808996988715663,0.0,2.350484922564679,3.0,1,normal,-1009.7578322185876,-1009.7578322185876,0.985355648535565
VIJAYA,2025-05-14,2025-05-15,0.9518828451882844,0.00836820083682,0.0545073375262054,0.5807127882599581,0.00836820083682,0.958071278825996,0.9811715481171548,0.0146443514644351,0.0482180293501048,3.476516626755436,2.303007066896601,110.70352305573763,FALCPAT_6145|FALCPAT_6166|FALCPAT_6223|FALCPAT_6229|FALCPAT_6288|FALCPAT_6346|FALCPAT_6477|FALCPAT_6871|FALCPAT_6951|FALCPAT_7747|FALCPAT_7801|FALCPAT_8097|FALCPAT_8178|FALCPAT_8196|FALCPAT_8260|FALCPAT_8270|FALCPAT_8291,21,4.715848245915617,3.091042453358316,0.9649186863503592,0.7207652430199206,0.027449496943062847,1.6190372478025348,0.997907949790795,0.9916317991631799,0.99581589958159,3.0,3.0,2.1658691318021255,0.0,-0.07189390856932355,0.0,2.4914672829505315,3.0,1,normal,448.975911666506,-464.15189677659396,0.985355648535565
STARHEALTH,2025-05-14,2025-05-15,0.905857740585774,0.9476987447698744,0.649895178197065,0.939203354297694,0.5188284518828452,0.8616352201257862,0.8870292887029289,0.8242677824267782,0.6247379454926625,2.9798750910063774,1.4227597441743194,41.43022652126015,FALCPAT_6255|FALCPAT_6393|FALCPAT_7163|FALCPAT_7179|FALCPAT_7709|FALCPAT_7885|FALCPAT_8291|FALCPAT_8364|FALCPAT_8406|FALCPAT_8668|FALCPAT_8942|FALCPAT_9047|FALCPAT_9123|FALCPAT_9246|FALCPAT_9261|FALCPAT_9331|FALCPAT_9428,18,3.7478609979051476,2.9444389791664403,0.8793676482197836,0.45138658631790396,0.7939459926493162,1.11299331374409,0.9874476987447699,0.9874476987447699,0.9267782426778243,3.0,3.0,1.4888998497556085,0.0,-0.07189390856932355,0.0,2.322224962438902,3.0,2,normal,448.975911666506,-464.15189677659396,0.985355648535565
BDL,2025-05-14,2025-05-15,0.8179916317991632,0.997907949790795,0.979035639412998,0.89937106918239,0.8096234309623431,0.8825995807127882,0.99163179916318,0.5857740585774058,0.981132075471698,2.8615606606843675,1.213059280089528,57.12355446274946,FALCPAT_6151|FALCPAT_6245|FALCPAT_6440|FALCPAT_6663|FALCPAT_6677|FALCPAT_6697|FALCPAT_6824|FALCPAT_6953|FALCPAT_7603|FALCPAT_7695|FALCPAT_7862|FALCPAT_7992|FALCPAT_8450|FALCPAT_8547|FALCPAT_8574|FALCPAT_8622|FALCPAT_8964,22,4.062570994140197,3.1354942159291497,0.9078392673877003,0.4244269887634536,0.8876400182451338,1.0631211109705816,0.9895397489539749,0.9937238493723849,0.9225941422594143,3.0,3.0,1.4221824226047852,1.0,2.5,0.0,2.3055456056511963,3.0,3,normal,448.975911666506,-464.15189677659396,0.985355648535565
INTELLECT,2025-05-14,2025-05-15,0.9790794979079498,0.98744769874477,0.9958071278825996,0.8637316561844863,0.9644351464435148,0.9350104821802936,0.9790794979079498,0.799163179916318,0.9958071278825996,3.039819127566818,1.5290045382508173,36.242383720830816,FALCPAT_6882|FALCPAT_7164|FALCPAT_7277|FALCPAT_7621|FALCPAT_8211|FALCPAT_8364|FALCPAT_8429|FALCPAT_8497|FALCPAT_8574|FALCPAT_8690|FALCPAT_8881|FALCPAT_9006|FALCPAT_9204|FALCPAT_9369|FALCPAT_9460,15,3.617447460049668,2.772588722239781,0.9592484408305045,0.38519227564186903,0.9437203406927889,1.2277218409272799,0.9832635983263598,0.9853556485355649,0.9518828451882845,3.0,3.0,1.6423799795430911,0.0,-0.07189390856932355,1.0,1.5605949948857727,3.0,4,normal,448.975911666506,-464.15189677659396,0.985355648535565
GRSE,2025-05-14,2025-05-15,0.9644351464435148,1.0,0.9853249475890984,0.981132075471698,0.99581589958159,0.9916142557651992,1.0,0.6338912133891214,0.9853249475890984,3.0007039288439774,1.4596767706858271,119.66533324293177,FALCPAT_6440|FALCPAT_6470|FALCPAT_6663|FALCPAT_6887|FALCPAT_6953|FALCPAT_7086|FALCPAT_7180|FALCPAT_7201|FALCPAT_7395|FALCPAT_7509|FALCPAT_7603|FALCPAT_7621|FALCPAT_7760|FALCPAT_7771|FALCPAT_7791|FALCPAT_7862|FALCPAT_7880,36,4.793020872623663,3.6109179126442243,0.9891134443830426,0.3943374297167618,0.9026027823829197,1.2287911710828021,1.0,1.0,0.9539748953974896,3.0,3.0,1.643810494996263,0.0,-0.07189390856932355,2.0,0.7609526237490658,3.0,5,normal,448.975911666506,-464.15189677659396,0.985355648535565
VIJAYA,2025-05-15,2025-05-16,0.9456066945606696,0.00418410041841,0.0230607966457023,0.7211740041928721,0.00418410041841,0.9874213836477987,0.98744769874477,0.002092050209205,0.020964360587002,3.4961187424892333,2.5648380487051106,205.32660052206563,FALCPAT_6145|FALCPAT_6166|FALCPAT_6223|FALCPAT_6229|FALCPAT_6288|FALCPAT_6346|FALCPAT_6477|FALCPAT_6591|FALCPAT_6871|FALCPAT_6951|FALCPAT_7514|FALCPAT_7545|FALCPAT_7747|FALCPAT_7801|FALCPAT_7915|FALCPAT_8097|FALCPAT_8178,35,5.329460352734814,3.58351893845611,0.9790676561143129,0.7459172127049287,0.010897300948220624,1.7735241909717567,1.0,0.997907949790795,1.0,3.0,3.0,2.4839463724075146,0.0,-0.08127810678277231,0.0,2.5709865931018787,3.0,1,normal,2285.034669871485,430.23900298779756,0.985355648535565
ERIS,2025-05-15,2025-05-16,0.8514644351464435,0.1317991631799163,0.5387840670859538,0.870020964360587,0.4163179916317991,0.8637316561844863,0.7468619246861925,0.399581589958159,0.4989517819706499,3.1879463698323725,1.9655752940007347,43.9237118032097,FALCPAT_6150|FALCPAT_6440|FALCPAT_6809|FALCPAT_7075|FALCPAT_7085|FALCPAT_7209|FALCPAT_7394|FALCPAT_7559|FALCPAT_7695|FALCPAT_7740|FALCPAT_7819|FALCPAT_7861|FALCPAT_7942|FALCPAT_8456|FALCPAT_9345|FALCPAT_9367|FALCPAT_9574,17,3.8049657578725213,2.8903717578961645,0.8203738059524749,0.7235853442453268,0.3555638886695964,1.453905940946223,0.9832635983263598,0.9832635983263598,0.9832635983263598,3.0,3.0,2.0362933012310385,0.0,-0.08127810678277231,0.0,2.45907332530776,3.0,2,normal,2285.034669871485,430.23900298779756,0.985355648535565
COCHINSHIP,2025-05-15,2025-05-16,0.9476987447698744,0.98744769874477,0.960167714884696,0.981132075471698,0.8828451882845189,0.9433962264150944,0.9853556485355648,0.8702928870292888,0.9622641509433962,3.093577800584195,1.7820690040707754,70.42080350232902,FALCPAT_6663|FALCPAT_6824|FALCPAT_6887|FALCPAT_6932|FALCPAT_6953|FALCPAT_6962|FALCPAT_7086|FALCPAT_7253|FALCPAT_7472|FALCPAT_7509|FALCPAT_7603|FALCPAT_7760|FALCPAT_7790|FALCPAT_7943|FALCPAT_8000|FALCPAT_8043|FALCPAT_8509,21,4.26858919248567,3.091042453358316,0.958942527828215,0.4223612536512197,0.9475614676806752,1.38697351414964,0.9895397489539749,0.9853556485355649,0.9769874476987448,3.0,3.0,1.9425486342278513,0.0,-0.08127810678277231,0.0,2.435637158556963,3.0,3,normal,2285.034669871485,430.23900298779756,0.985355648535565
BDL,2025-05-15,2025-05-16,0.9037656903765692,0.9853556485355648,0.9727463312368972,0.5974842767295597,0.7217573221757322,0.8825995807127882,0.9769874476987448,0.9225941422594144,0.9748427672955976,3.107790365165829,1.8097063309640828,75.74325937160054,FALCPAT_6151|FALCPAT_6236|FALCPAT_6245|FALCPAT_6440|FALCPAT_6663|FALCPAT_6677|FALCPAT_6697|FALCPAT_6721|FALCPAT_6824|FALCPAT_6953|FALCPAT_7253|FALCPAT_7394|FALCPAT_7603|FALCPAT_7695|FALCPAT_7862|FALCPAT_7983|FALCPAT_7992,28,4.340465556833205,3.367295829986474,0.9198685560906292,0.3891516012736508,0.9649360104558652,1.3134141648568962,0.9916317991631799,0.9937238493723849,0.9665271966527197,3.0,3.0,1.8395223876915248,0.5959023645496914,2.5,0.0,2.409880596922881,3.0,4,normal,2285.034669871485,430.23900298779756,0.985355648535565
MAZDOCK,2025-05-15,2025-05-16,0.8410041841004184,0.8870292887029289,0.9077568134171908,0.6331236897274634,0.6359832635983264,0.9664570230607966,0.905857740585774,0.6317991631799164,0.9119496855345912,3.051434392077401,1.7001181956427476,53.45329385552128,FALCPAT_6151|FALCPAT_6236|FALCPAT_6663|FALCPAT_6824|FALCPAT_6887|FALCPAT_7086|FALCPAT_7253|FALCPAT_7601|FALCPAT_7741|FALCPAT_7862|FALCPAT_7871|FALCPAT_8000|FALCPAT_8043|FALCPAT_8376|FALCPAT_8509|FALCPAT_8574|FALCPAT_8644,21,3.997343340763677,3.091042453358316,0.920156706402463,0.43955860810680425,0.8321416980254905,1.2788101679497659,0.9853556485355649,0.9874476987447699,0.9581589958158996,3.0,3.0,1.7910564897360084,0.0,-0.08127810678277231,1.0,1.597764122434002,3.0,5,normal,2285.034669871485,430.23900298779756,0.985355648535565
GRSE,2025-05-15,2025-05-16,0.9853556485355648,0.9895397489539748,0.9874213836477987,0.9077568134171908,0.7949790794979079,0.9916142557651992,1.0,0.5732217573221757,0.9874213836477987,3.0949523258159872,1.7847418646186337,124.51838657585016,FALCPAT_6440|FALCPAT_6470|FALCPAT_6663|FALCPAT_6887|FALCPAT_6953|FALCPAT_7086|FALCPAT_7180|FALCPAT_7201|FALCPAT_7395|FALCPAT_7509|FALCPAT_7603|FALCPAT_7621|FALCPAT_7760|FALCPAT_7771|FALCPAT_7791|FALCPAT_7862|FALCPAT_7880,38,4.832452254421277,3.6635616461296463,0.9932975448014526,0.4339519574046298,0.8846129049235547,1.4173633945535609,0.997907949790795,1.0,0.9811715481171548,3.0,3.0,1.9851122966420411,0.0,-0.08127810678277231,2.0,0.8462780741605105,3.0,6,normal,2285.034669871485,430.23900298779756,0.985355648535565
JUBLPHARMA,2025-05-22,2025-05-23,0.99581589958159,0.99581589958159,0.909853249475891,0.9602510460251046,0.9665271966527196,0.8263598326359832,0.9769874476987448,0.8828451882845189,0.9056603773584906,2.9400982868871868,1.2138796104726224,85.69623630767514,FALCPAT_6427|FALCPAT_6566|FALCPAT_6677|FALCPAT_6882|FALCPAT_6999|FALCPAT_7055|FALCPAT_7075|FALCPAT_7184|FALCPAT_7209|FALCPAT_7269|FALCPAT_7509|FALCPAT_7695|FALCPAT_7800|FALCPAT_7862|FALCPAT_8084|FALCPAT_8144|FALCPAT_8248,28,4.462410472321454,3.367295829986474,0.9129707112970711,0.38301492065998266,0.9325592308974324,1.032021298497915,0.99581589958159,0.99581589958159,0.899581589958159,3.0,3.0,1.3439197544442023,0.0,-0.07384502906614769,0.0,2.285979938611051,3.0,1,normal,25778.546083692167,24768.78825147358,0.985355648535565
BDL,2025-05-22,2025-05-23,0.8368200836820083,0.897489539748954,0.9937106918238994,0.8096234309623431,0.9142259414225942,0.9372384937238494,0.8640167364016736,0.9937238493723848,0.9937106918238994,3.0336774032262306,1.3627664252802143,62.48638010027869,FALCPAT_6151|FALCPAT_6236|FALCPAT_6245|FALCPAT_6440|FALCPAT_6663|FALCPAT_6677|FALCPAT_6697|FALCPAT_6721|FALCPAT_6824|FALCPAT_7253|FALCPAT_7599|FALCPAT_7695|FALCPAT_7862|FALCPAT_7983|FALCPAT_7992|FALCPAT_8644|FALCPAT_8882,23,4.150825396283319,3.1780538303479458,0.8915271966527196,0.41798900028946606,0.9600365779847898,1.1296688302453441,0.9937238493723849,0.9937238493723849,0.9372384937238494,3.0,3.0,1.4710808816011087,-0.22006970272506016,-2.5,1.0,1.5177702204002774,3.0,2,normal,25778.546083692167,24768.78825147358,0.985355648535565
ERIS,2025-05-22,2025-05-23,0.7112970711297071,0.694560669456067,0.5241090146750524,0.7050209205020921,0.8117154811715481,0.9163179916317992,0.9560669456066946,0.9267782426778244,0.4150943396226415,2.950722349411857,1.2307827710440904,110.36997041953734,FALCPAT_6427|FALCPAT_6440|FALCPAT_6663|FALCPAT_6721|FALCPAT_6809|FALCPAT_6953|FALCPAT_7075|FALCPAT_7179|FALCPAT_7184|FALCPAT_7209|FALCPAT_7394|FALCPAT_7412|FALCPAT_7471|FALCPAT_7559|FALCPAT_7601|FALCPAT_7695|FALCPAT_7709,37,4.71285772579967,3.6375861597263857,0.8892259414225943,0.3779979474224362,0.6680821995912388,0.8863661491934774,1.0,1.0,0.8577405857740585,3.0,3.0,1.154240889752905,-0.5444444444444445,-2.5,1.0,1.4385602224382266,3.0,3,normal,25778.546083692167,24768.78825147358,0.985355648535565
GRSE,2025-05-22,2025-05-23,0.997907949790795,0.997907949790795,1.0,0.9497907949790796,0.99581589958159,0.9895397489539748,0.9811715481171548,0.9686192468619248,1.0,3.163389121338912,1.5691411519131022,109.92783704876273,FALCPAT_6151|FALCPAT_6236|FALCPAT_6440|FALCPAT_6470|FALCPAT_6663|FALCPAT_6887|FALCPAT_6953|FALCPAT_7086|FALCPAT_7180|FALCPAT_7201|FALCPAT_7395|FALCPAT_7509|FALCPAT_7519|FALCPAT_7603|FALCPAT_7621|FALCPAT_7791|FALCPAT_7862,36,4.708879873217038,3.6109179126442243,0.9882845188284518,0.3917364016736402,0.9914225941422595,1.3095802957459712,0.997907949790795,0.997907949790795,0.9476987447698745,3.0,3.0,1.7053699038846948,0.6666666666666666,2.5,2.0,0.7763424759711737,3.0,4,normal,25778.546083692167,24768.78825147358,0.985355648535565
JUBLPHARMA,2025-05-23,2025-05-26,0.8305439330543933,0.9895397489539748,0.8532494758909853,0.7238493723849372,0.6359832635983264,0.8242677824267782,0.9707112970711296,0.8556485355648535,0.8385744234800838,2.959505232318448,1.214921374487702,88.15370857526645,FALCPAT_6427|FALCPAT_6566|FALCPAT_6677|FALCPAT_6882|FALCPAT_6999|FALCPAT_7055|FALCPAT_7075|FALCPAT_7184|FALCPAT_7209|FALCPAT_7269|FALCPAT_7471|FALCPAT_7509|FALCPAT_7695|FALCPAT_7800|FALCPAT_8084|FALCPAT_8144|FALCPAT_8248,29,4.490361942717804,3.4011973816621555,0.8767782426778242,0.40715003113953147,0.8993495785198635,1.0079391136210976,0.9937238493723849,0.99581589958159,0.8807531380753139,3.0,3.0,1.2659681188921665,1.0,2.5,0.0,2.2664920297230418,3.0,1,normal,21516.224554101977,21052.07265732538,0.985355648535565
BDL,2025-05-23,2025-05-26,0.8849372384937239,0.8577405857740585,0.9874213836477987,0.7133891213389121,0.8138075313807531,0.9581589958158996,0.8807531380753139,0.8263598326359832,0.9874213836477987,3.0969573169127127,1.4283695154008536,41.15334610039681,FALCPAT_6151|FALCPAT_6245|FALCPAT_6440|FALCPAT_6677|FALCPAT_6697|FALCPAT_6721|FALCPAT_6953|FALCPAT_7599|FALCPAT_7695|FALCPAT_7740|FALCPAT_7862|FALCPAT_7992|FALCPAT_8644|FALCPAT_9248|FALCPAT_9294|FALCPAT_9512,16,3.74131406683429,2.833213344056216,0.9164225941422595,0.4365010131312334,0.9017677166390359,1.1868613719661056,0.9916317991631799,0.9916317991631799,0.9246861924686193,3.0,3.0,1.490698332197573,-0.7761842528804356,-2.5,2.0,0.7226745830493932,3.0,2,normal,21516.224554101977,21052.07265732538,0.985355648535565
GRSE,2025-05-23,2025-05-26,0.9414225941422594,0.98744769874477,1.0,0.8263598326359832,0.9163179916317992,0.99163179916318,0.9895397489539748,0.8430962343096234,1.0,3.12510460251046,1.472079189214279,96.41124945610478,FALCPAT_6151|FALCPAT_6440|FALCPAT_6470|FALCPAT_6953|FALCPAT_7086|FALCPAT_7180|FALCPAT_7201|FALCPAT_7395|FALCPAT_7509|FALCPAT_7519|FALCPAT_7603|FALCPAT_7621|FALCPAT_7760|FALCPAT_7771|FALCPAT_7791|FALCPAT_7862|FALCPAT_7943,33,4.5789417014751095,3.5263605246161616,0.9808577405857741,0.3905857740585774,0.9563807531380754,1.2427783894445477,0.997907949790795,0.997907949790795,0.9393305439330544,3.0,3.0,1.5609313114901855,-0.1356097974723936,-1.783936586920027,3.0,-0.05976717212745353,3.0,3,normal,21516.224554101977,21052.07265732538,0.985355648535565
ITI,2025-05-29,2025-05-30,0.9498956158663884,0.99581589958159,0.9832285115303984,0.9853556485355648,0.99581589958159,0.7133891213389121,0.9958246346555324,0.9937369519832986,0.9832285115303984,2.8738130705530085,1.131863789341102,264.35394783632273,FALCPAT_6150|FALCPAT_6245|FALCPAT_6427|FALCPAT_6440|FALCPAT_6663|FALCPAT_6677|FALCPAT_6697|FALCPAT_6722|FALCPAT_6810|FALCPAT_6824|FALCPAT_6932|FALCPAT_6953|FALCPAT_6962|FALCPAT_6999|FALCPAT_7009|FALCPAT_7164|FALCPAT_7180,63,5.581064587008803,4.1588830833596715,0.8595428499052244,0.3962272922642387,0.9902612074615404,0.9776088669920624,1.0,1.0,0.8851774530271399,3.0,3.0,1.2814440487889767,0.0,-0.036255948951987,0.0,2.2703610121972444,3.0,1,normal,22588.575366212594,23018.814369200394,0.9853862212943632
BDL,2025-05-29,2025-05-30,0.7933194154488518,0.6422594142259415,0.9454926624737946,0.3870292887029288,0.8200836820083682,0.9623430962343096,0.837160751565762,0.9164926931106472,0.9433962264150944,3.170971210844413,1.6146475977676806,46.09234590577115,FALCPAT_6151|FALCPAT_6236|FALCPAT_6245|FALCPAT_6440|FALCPAT_6663|FALCPAT_6677|FALCPAT_6697|FALCPAT_6721|FALCPAT_6824|FALCPAT_7253|FALCPAT_7599|FALCPAT_7862|FALCPAT_7992|FALCPAT_9114|FALCPAT_9248|FALCPAT_9270|FALCPAT_9369,18,3.8521104805081605,2.9444389791664403,0.8847245394432264,0.43627338754243306,0.831796567837454,1.1958023711685353,0.9937369519832986,0.9937369519832986,0.9352818371607515,3.0,3.0,1.5674558162456604,-0.2575474261562449,-2.5,2.0,0.7418639540614151,3.0,2,normal,22588.575366212594,23018.814369200394,0.9853862212943632
ERIS,2025-05-29,2025-05-30,0.9352818371607516,0.897489539748954,0.7169811320754716,0.5878661087866108,0.8891213389121339,0.9309623430962344,0.9478079331941544,0.7160751565762005,0.6561844863731656,2.923721007543349,1.2129476992998949,76.33929397511953,FALCPAT_6427|FALCPAT_6721|FALCPAT_6809|FALCPAT_6953|FALCPAT_7056|FALCPAT_7075|FALCPAT_7179|FALCPAT_7394|FALCPAT_7412|FALCPAT_7559|FALCPAT_7620|FALCPAT_7695|FALCPAT_7799|FALCPAT_7819|FALCPAT_7872|FALCPAT_8102|FALCPAT_8211,26,4.348202157292377,3.295836866004329,0.9377221984434099,0.3124084453917879,0.7708130840310268,0.8913920649972733,0.9958246346555324,0.9958246346555324,0.8559498956158664,3.0,3.0,1.1684295939542049,-0.25745930098186276,-2.5,2.0,0.6421073984885513,3.0,3,normal,22588.575366212594,23018.814369200394,0.9853862212943632
GRSE,2025-05-29,2025-05-30,0.9895615866388308,0.9748953974895398,0.9979035639412998,0.6255230125523012,0.99163179916318,0.98744769874477,0.9791231732776616,0.9102296450939458,0.9979035639412998,3.1443767897401957,1.571440449240625,116.60249218065807,FALCPAT_6151|FALCPAT_6236|FALCPAT_6440|FALCPAT_6470|FALCPAT_6663|FALCPAT_6887|FALCPAT_6953|FALCPAT_7086|FALCPAT_7180|FALCPAT_7201|FALCPAT_7395|FALCPAT_7509|FALCPAT_7519|FALCPAT_7621|FALCPAT_7791|FALCPAT_7862|FALCPAT_7943,36,4.767310227252378,3.6109179126442243,0.9849568924100942,0.3355639763865863,0.9679322259713452,1.2181186590816537,0.9979123173277662,0.9979123173277662,0.9394572025052192,3.0,3.0,1.5967083871376928,-0.04499698901513873,-0.936116654570618,3.0,-0.05082290321557714,3.0,4,normal,22588.575366212594,23018.814369200394,0.9853862212943632
COCHINSHIP,2025-06-03,2025-06-04,0.9646569646569648,0.8828451882845189,0.9728033472803348,0.7824267782426778,0.2384937238493724,0.9853556485355648,0.9355509355509356,0.9854469854469856,0.9728033472803348,3.5548819579154305,2.201311723146944,50.458226686559776,FALCPAT_6663|FALCPAT_6721|FALCPAT_6756|FALCPAT_6824|FALCPAT_6932|FALCPAT_6962|FALCPAT_7253|FALCPAT_7324|FALCPAT_7943|FALCPAT_8728|FALCPAT_8881|FALCPAT_8908|FALCPAT_9114|FALCPAT_9248|FALCPAT_9270,15,3.940770346224077,2.772588722239781,0.9637842622152246,0.5824267782426779,0.944478901173462,1.7898037103859419,0.997920997920998,0.997920997920998,0.997920997920998,3.0,3.0,2.325795611283712,0.0,-0.026236873723694827,0.0,2.5314489028209284,3.0,1,normal,-477.50203599117935,0.0,0.9854469854469857
GRSE,2025-06-03,2025-06-04,0.9771309771309772,0.9707112970711296,1.0,0.3640167364016736,0.9518828451882844,0.9937238493723848,0.975051975051975,0.9688149688149688,1.0,3.189210936072861,1.6170581690403445,88.58354974110709,FALCPAT_6151|FALCPAT_6236|FALCPAT_6440|FALCPAT_6470|FALCPAT_6663|FALCPAT_6887|FALCPAT_7086|FALCPAT_7163|FALCPAT_7180|FALCPAT_7395|FALCPAT_7509|FALCPAT_7519|FALCPAT_7621|FALCPAT_7791|FALCPAT_7862|FALCPAT_7943|FALCPAT_8000,26,4.495171706485529,3.295836866004329,0.9838701189119599,0.2950836820083683,0.9819526961786376,1.185974967931801,1.0,1.0,0.9397089397089398,3.0,3.0,1.5411336070799673,-0.13809429980729962,-2.0456071292874056,3.0,-0.06471659823000842,3.0,2,normal,-477.50203599117935,0.0,0.9854469854469857
GRSE,2025-06-04,2025-06-05,0.9854469854469856,0.9958246346555324,1.0,0.6841004184100419,0.99581589958159,0.99581589958159,0.9937629937629938,0.8274428274428275,1.0,3.108833995476757,1.494141134354418,92.9056524954635,FALCPAT_6151|FALCPAT_6440|FALCPAT_6470|FALCPAT_6663|FALCPAT_6953|FALCPAT_7086|FALCPAT_7180|FALCPAT_7201|FALCPAT_7395|FALCPAT_7509|FALCPAT_7519|FALCPAT_7603|FALCPAT_7621|FALCPAT_7760|FALCPAT_7791|FALCPAT_7862|FALCPAT_7943,32,4.542290581372245,3.4965075614664802,0.9930235997181603,0.33932748665717455,0.9553993289901432,1.1949698045012735,1.0,1.0,0.9313929313929314,3.0,3.0,1.5473906613246815,0.9333333333333332,2.5,3.0,-0.06315233466883008,3.0,1,normal,4491.644685579824,1252.4311274228053,0.9854469854469857
WOCKPHARMA,2025-06-12,2025-06-13,0.9397089397089398,1.0,0.99581589958159,0.9728601252609604,0.7463617463617463,0.9206680584551148,1.0,0.9771309771309772,0.99581589958159,3.1965425006475487,1.3851445741269388,73.43674350309726,FALCPAT_6722|FALCPAT_6953|FALCPAT_6999|FALCPAT_7086|FALCPAT_7164|FALCPAT_7200|FALCPAT_7621|FALCPAT_7741|FALCPAT_7754|FALCPAT_7760|FALCPAT_7771|FALCPAT_7800|FALCPAT_8211|FALCPAT_8422|FALCPAT_8450|FALCPAT_8464|FALCPAT_8497,24,4.309949684217156,3.2188758248682006,0.9522424142465896,0.4571447683780735,0.9926091041153803,1.2805536206460932,1.0,1.0,0.9376299376299376,3.0,3.0,1.5628872876038302,0.0,-0.05950900765010866,0.0,2.340721821900958,3.0,1,normal,3744.6689832952165,2472.1971370132087,0.9854469854469857
ERIS,2025-06-12,2025-06-13,0.997920997920998,0.9667359667359668,0.9560669456066946,0.9958246346555324,1.0,0.8496868475991649,0.9916839916839916,0.8814968814968815,0.9518828451882844,2.993552704121925,1.1093283715685534,57.23511121341277,FALCPAT_7056|FALCPAT_7075|FALCPAT_7164|FALCPAT_7872|FALCPAT_8070|FALCPAT_8084|FALCPAT_8102|FALCPAT_8211|FALCPAT_8449|FALCPAT_8509|FALCPAT_8568|FALCPAT_8737|FALCPAT_9044|FALCPAT_9460|FALCPAT_9574,15,4.064488458287706,2.772588722239781,0.9290326780932208,0.40118390761117495,0.940530971911725,1.036101371034198,0.997920997920998,0.997920997920998,0.8669438669438669,3.0,3.0,1.264536148239262,0.0,-0.05950900765010866,2.0,0.6661340370598157,3.0,2,normal,3744.6689832952165,2472.1971370132087,0.9854469854469857
WOCKPHARMA,2025-06-13,2025-06-16,0.943866943866944,1.0,0.99581589958159,0.8559498956158664,0.632016632016632,0.9313929313929314,1.0,0.9417879417879418,0.99581589958159,3.251238267556259,1.4904002777548542,47.66285190528373,FALCPAT_6953|FALCPAT_6999|FALCPAT_7164|FALCPAT_7200|FALCPAT_7621|FALCPAT_7741|FALCPAT_7754|FALCPAT_7760|FALCPAT_7771|FALCPAT_7800|FALCPAT_8211|FALCPAT_8422|FALCPAT_8450|FALCPAT_8497|FALCPAT_8585|FALCPAT_8646|FALCPAT_8964,17,3.8849159444600536,2.8903717578961645,0.9579002079002079,0.4623490010353333,0.9837733452796215,1.3348375491389302,0.997920997920998,1.0,0.9542619542619543,3.0,3.0,1.6282292418134146,-0.7,-2.5,1.0,1.5570573104533538,3.0,1,normal,110.66374648662145,110.66374648662145,0.9854469854469857
ERIS,2025-06-13,2025-06-16,0.8648648648648649,0.9854469854469856,0.9769874476987448,0.5490605427974948,0.4885654885654886,0.8711018711018711,0.975051975051975,0.8627858627858628,0.9748953974895398,3.1591967571047066,1.3626861341448095,51.94126110895144,FALCPAT_7056|FALCPAT_7075|FALCPAT_7164|FALCPAT_7861|FALCPAT_7872|FALCPAT_8070|FALCPAT_8084|FALCPAT_8102|FALCPAT_8211|FALCPAT_8449|FALCPAT_8737|FALCPAT_9044|FALCPAT_9293|FALCPAT_9460|FALCPAT_9574,15,3.969183017991455,2.772588722239781,0.9062370062370062,0.4377433710095898,0.9510840821510279,1.1706998470374785,1.0,0.997920997920998,0.9168399168399168,3.0,3.0,1.428013093181614,-0.6533333333333333,-2.5,3.0,-0.0929967267045968,3.0,2,normal,110.66374648662145,110.66374648662145,0.9854469854469857
GALLANTT,2025-06-20,2025-06-23,0.966804979253112,1.0,0.7719665271966527,0.997920997920998,1.0,0.8731808731808732,0.979253112033195,0.991701244813278,0.7782426778242678,2.954694441124761,1.0688298230733944,55.14496905463365,FALCPAT_6722|FALCPAT_6999|FALCPAT_7009|FALCPAT_7086|FALCPAT_7754|FALCPAT_7983|FALCPAT_8144|FALCPAT_8248|FALCPAT_8259|FALCPAT_8450|FALCPAT_8464|FALCPAT_8509|FALCPAT_8547|FALCPAT_8585|FALCPAT_8622|FALCPAT_8646|FALCPAT_9424,17,4.027937078855656,2.8903717578961645,0.9290309779936335,0.3552327351490532,0.9076533446761229,0.9406747739250462,0.995850622406639,0.995850622406639,0.8609958506224067,3.0,3.0,1.1518231253008977,0.0,0.04344996892308092,0.0,2.2379557813252244,3.0,1,normal,-2565.409242650775,-1312.9781152279695,0.9854771784232366
GRSE,2025-06-20,2025-06-23,0.925311203319502,0.9875259875259876,0.9644351464435148,0.3513513513513513,0.5051975051975052,0.9916839916839916,0.8921161825726142,1.0,0.9644351464435148,3.305285067535715,1.5507449386210028,58.70848230264253,FALCPAT_6236|FALCPAT_6440|FALCPAT_6470|FALCPAT_6663|FALCPAT_7163|FALCPAT_7180|FALCPAT_7509|FALCPAT_7621|FALCPAT_7791|FALCPAT_7943|FALCPAT_8000|FALCPAT_8043|FALCPAT_8376|FALCPAT_8691|FALCPAT_8882|FALCPAT_8908|FALCPAT_9048,19,4.089474092427163,2.995732273553991,0.9435607008221116,0.39122382762550123,0.9814081542115015,1.2431862378158325,0.9979253112033195,0.9979253112033195,0.9336099585062241,3.0,3.0,1.5222409795323517,0.2959163567299278,2.5,3.0,-0.06943975511691214,3.0,2,normal,-2565.409242650775,-1312.9781152279695,0.9854771784232366
ITI,2025-06-24,2025-06-25,0.3664596273291925,0.3471933471933472,0.6443514644351465,0.0228690228690228,0.0665280665280665,0.9355509355509356,0.8509316770186336,0.7101449275362319,0.6317991631799164,3.243703666643452,1.5646935934322637,40.41058813785834,FALCPAT_6245|FALCPAT_6721|FALCPAT_6932|FALCPAT_6962|FALCPAT_7559|FALCPAT_7790|FALCPAT_7977|FALCPAT_7999|FALCPAT_8038|FALCPAT_8042|FALCPAT_8245|FALCPAT_8405|FALCPAT_8456|FALCPAT_9300|FALCPAT_9344|FALCPAT_9545,16,3.723536600254452,2.833213344056216,0.7921159334202813,0.5927839490600997,0.5549116439875036,1.1585200956079933,0.9979296066252588,0.9979296066252588,0.937888198757764,3.0,3.0,1.4737741963669202,0.0,0.07182673034335571,1.0,1.51844354909173,3.0,1,normal,-4782.641272596178,-2310.4441355829695,0.9855072463768114
NEWGEN,2025-07-25,2025-07-28,0.4773662551440329,0.0185567010309278,0.0020703933747412,0.8264462809917356,0.0041237113402061,0.909278350515464,0.9526748971193416,0.0267489711934156,0.0020703933747412,3.082710552576581,1.2561608732623877,38.645829296879725,FALCPAT_6145|FALCPAT_6343|FALCPAT_6474|FALCPAT_6575|FALCPAT_6791|FALCPAT_7160|FALCPAT_7202|FALCPAT_7226|FALCPAT_7320|FALCPAT_7737|FALCPAT_8511|FALCPAT_8619|FALCPAT_8723|FALCPAT_8779|FALCPAT_9407,15,3.6799857545754455,2.772588722239781,0.838084722752535,0.7581775616774191,0.01401024550907511,1.073606749950137,1.0,1.0,0.9012345679012346,3.0,3.0,1.3337181235411506,0.0,-0.025836663128474165,2.0,0.6834295308852876,3.0,1,normal,-1715.0896065898864,0.0,0.9855967078189299
GALLANTT,2025-07-30,2025-07-31,0.9979423868312756,1.0,1.0,0.9938144329896909,1.0,0.9463917525773196,0.9958847736625516,0.9238683127572016,1.0,3.107708625005303,1.3711208506089054,91.08644596645244,FALCPAT_6722|FALCPAT_6999|FALCPAT_7009|FALCPAT_7086|FALCPAT_7395|FALCPAT_7603|FALCPAT_7621|FALCPAT_7754|FALCPAT_7760|FALCPAT_7771|FALCPAT_7800|FALCPAT_8144|FALCPAT_8248|FALCPAT_8259|FALCPAT_8377|FALCPAT_8422|FALCPAT_8450,27,4.5227277659431815,3.332204510175204,0.974024436807942,0.3987628865979382,0.9809670781893004,1.214469080499127,1.0,1.0,0.9506172839506173,3.0,3.0,1.5597538474487285,0.0,0.012877562813021484,0.0,2.3399384618621824,3.0,1,normal,-1154.4551142236924,-863.0073693483968,0.9855967078189299
JUBLPHARMA,2025-07-30,2025-07-31,0.9876543209876544,0.9135802469135802,0.737603305785124,0.9876288659793816,0.940329218106996,0.8185567010309278,0.9794238683127572,0.9526748971193416,0.7107438016528925,2.958572175642362,1.1513871417527004,54.321199865263154,FALCPAT_6427|FALCPAT_6677|FALCPAT_6998|FALCPAT_7009|FALCPAT_7075|FALCPAT_7086|FALCPAT_7209|FALCPAT_7509|FALCPAT_7601|FALCPAT_7695|FALCPAT_7740|FALCPAT_7862|FALCPAT_8084|FALCPAT_8144|FALCPAT_8259|FALCPAT_8497|FALCPAT_8509,20,4.013156196099723,3.044522437723423,0.9086797335709134,0.3848391425799528,0.8489342073938033,0.9660610244010621,0.9979423868312757,0.9979423868312757,0.8827160493827161,3.0,3.0,1.2407219945934396,0.0,0.012877562813021484,0.0,2.26018049864836,3.0,2,normal,-1154.4551142236924,-863.0073693483968,0.9855967078189299
GALLANTT,2025-08-01,2025-08-04,0.8518518518518519,1.0,1.0,0.5051546391752577,0.8827160493827161,0.934156378600823,0.9794238683127572,0.9547325102880658,1.0,3.0606995884773665,1.2649946040363094,72.94286772450295,FALCPAT_6999|FALCPAT_7086|FALCPAT_7395|FALCPAT_7603|FALCPAT_7621|FALCPAT_7754|FALCPAT_7760|FALCPAT_7771|FALCPAT_7800|FALCPAT_8071|FALCPAT_8144|FALCPAT_8248|FALCPAT_8259|FALCPAT_8377|FALCPAT_8422|FALCPAT_8450|FALCPAT_8509,24,4.303292737237087,3.2188758248682006,0.9335390946502057,0.33035191548937254,0.9886831275720165,1.0298609467802418,1.0,1.0,0.8868312757201646,3.0,3.0,1.312052228306102,-0.7,-2.5,1.0,1.4780130570765257,3.0,1,normal,-2076.3044199571013,0.0,0.9855967078189299
INTELLECT,2025-09-10,2025-09-11,0.9795081967213116,0.9405737704918032,0.7864476386036962,0.918032786885246,0.9754098360655736,0.8790983606557377,0.9918032786885246,0.9918032786885246,0.8028747433264887,3.0378709142626312,1.3302193946655405,41.87617724655797,FALCPAT_6439|FALCPAT_6675|FALCPAT_6882|FALCPAT_7179|FALCPAT_7412|FALCPAT_7709|FALCPAT_7799|FALCPAT_8143|FALCPAT_8211|FALCPAT_8247|FALCPAT_8364|FALCPAT_8406|FALCPAT_8497|FALCPAT_9220|FALCPAT_9460,15,3.7583163627548166,2.772588722239781,0.9386270491803278,0.37112822735382245,0.8941947604941596,1.078045020165792,1.0,1.0,0.9180327868852459,3.0,3.0,1.3780051268934375,0.0,-0.01731373845581327,1.0,1.4945012817233596,3.0,1,normal,-1651.292884023806,0.0,0.9856557377049181
BLS,2025-10-15,2025-10-16,0.9552845528455284,0.0020408163265306,0.0020491803278688,0.9100204498977504,0.0020408163265306,0.9775510204081632,0.991869918699187,0.0101626016260162,0.0020491803278688,3.4953318638530977,1.9476192249295208,75.55877166279842,FALCPAT_6251|FALCPAT_6288|FALCPAT_6458|FALCPAT_6591|FALCPAT_6951|FALCPAT_6996|FALCPAT_7021|FALCPAT_7160|FALCPAT_7545|FALCPAT_7561|FALCPAT_7737|FALCPAT_7747|FALCPAT_7915|FALCPAT_8079|FALCPAT_8196|FALCPAT_8206|FALCPAT_8269,30,4.338058702904163,3.4339872044851463,0.9781093412974945,0.7811894362492054,0.00407460825193728,1.5591091501647105,1.0,1.0,0.9817073170731707,3.0,3.0,2.002094008636539,0.0,0.023657379610645343,2.0,0.8505235021591351,3.0,1,normal,-1764.6388206878146,0.0,0.9857723577235773
BLS,2025-10-16,2025-10-17,1.0,0.0653061224489796,0.0224948875255623,1.0,0.0693877551020408,0.9755102040816328,0.9959349593495936,0.8109756097560976,0.0224948875255623,3.818130801475162,2.564101545522783,42.762147348545945,FALCPAT_6591|FALCPAT_6951|FALCPAT_7348|FALCPAT_7631|FALCPAT_7764|FALCPAT_8143|FALCPAT_8225|FALCPAT_8247|FALCPAT_8269|FALCPAT_8462|FALCPAT_8511|FALCPAT_8668|FALCPAT_8781|FALCPAT_8890|FALCPAT_9243|FALCPAT_9317|FALCPAT_9395,17,3.778769227946024,2.8903717578961645,0.9875568276090925,0.7642948958724592,0.23459900030639216,1.9081774081558216,1.0,1.0,0.9939024390243902,3.0,3.0,2.498594293019039,-0.7,-2.5,3.0,0.17464857325475958,3.0,1,normal,-755.2268889267957,-909.9033943273902,0.9857723577235773
BLS,2025-10-17,2025-10-20,0.9939148073022313,0.1653061224489796,0.0408997955010225,0.9918367346938776,0.1020408163265306,0.979591836734694,0.995943204868154,0.7991886409736308,0.0408997955010225,3.7380742942406497,2.3848709528924354,39.66165914101624,FALCPAT_6951|FALCPAT_7348|FALCPAT_7631|FALCPAT_7764|FALCPAT_8143|FALCPAT_8247|FALCPAT_8269|FALCPAT_8462|FALCPAT_8511|FALCPAT_8546|FALCPAT_8668|FALCPAT_9243|FALCPAT_9317|FALCPAT_9395|FALCPAT_9583,15,3.7052856126066525,2.772588722239781,0.9881794096949125,0.7231799591002046,0.2740142213009596,1.794031442217255,1.0,1.0,0.9918864097363083,3.0,3.0,2.3329216312375483,0.8523902873460133,2.5,3.0,0.13323040780938689,3.0,1,normal,-1410.6781947347004,-434.32488872229465,0.9858012170385394
WOCKPHARMA,2025-12-01,2025-12-02,1.0,0.99601593625498,0.9817444219066938,1.0,0.99800796812749,0.8562874251497006,1.0,0.99800796812749,0.9817444219066938,3.052587215844932,1.2544512286682754,55.12495206154994,FALCPAT_6205|FALCPAT_6722|FALCPAT_6953|FALCPAT_7164|FALCPAT_7349|FALCPAT_7709|FALCPAT_7741|FALCPAT_7754|FALCPAT_7760|FALCPAT_8211|FALCPAT_8364|FALCPAT_8406|FALCPAT_8450|FALCPAT_8497|FALCPAT_8547|FALCPAT_8568|FALCPAT_8585,22,4.027580491924859,3.1354942159291497,0.9353293413173653,0.3982413146602233,0.990805338483793,1.1228116598811027,1.0,1.0,0.9123505976095617,3.0,3.0,1.4301626584830829,0.0,0.044632184267745185,1.0,1.5075406646207707,3.0,1,normal,-1300.1546319892775,0.0,0.9860557768924304
KAYNES,2025-12-10,2025-12-11,1.0,0.0019920318725099,0.002008032128514,0.9900398406374502,0.0019920318725099,0.99601593625498,1.0,0.2624254473161034,0.002008032128514,3.66251936213882,1.9125476415924827,45.499940452919866,FALCPAT_6343|FALCPAT_6474|FALCPAT_6569|FALCPAT_6575|FALCPAT_6578|FALCPAT_6890|FALCPAT_7202|FALCPAT_7226|FALCPAT_7755|FALCPAT_8096|FALCPAT_8138|FALCPAT_8241|FALCPAT_8411|FALCPAT_8724|FALCPAT_8779|FALCPAT_8803|FALCPAT_9121,21,3.839451032010122,3.091042453358316,0.9982071713147409,0.7972143554296868,0.06710678583580992,1.618657548998685,1.0,1.0,0.9940357852882704,3.0,3.0,1.99576425298802,0.0,-0.04262386793023248,2.0,0.8489410632470054,3.0,1,normal,658.0351025353201,1048.2863401972074,0.9860834990059643
KAYNES,2025-12-11,2025-12-12,0.9920477137176938,0.0019920318725099,0.002008032128514,0.9820717131474104,0.0019920318725099,0.99601593625498,0.9980119284294234,0.3479125248508946,0.002008032128514,3.694328507268045,2.12466623634411,47.63731298417527,FALCPAT_6343|FALCPAT_6474|FALCPAT_6569|FALCPAT_6575|FALCPAT_6578|FALCPAT_6890|FALCPAT_7202|FALCPAT_7226|FALCPAT_7755|FALCPAT_7787|FALCPAT_8096|FALCPAT_8138|FALCPAT_8241|FALCPAT_8411|FALCPAT_8724|FALCPAT_8779|FALCPAT_8803,22,3.884390993207937,3.1354942159291497,0.995920889008578,0.7956207299316789,0.08847855521950772,1.7122832688856766,1.0,1.0,0.9980119284294234,3.0,3.0,2.1618157669091733,-0.7,-2.5,3.0,0.09045394172729315,3.0,1,normal,-667.6208023027755,198.2089409642074,0.9860834990059643
KAYNES,2025-12-17,2025-12-18,0.978131212723658,0.9502982107355864,0.0019920318725099,0.4701195219123506,0.0019920318725099,1.0,0.9542743538767396,0.2564612326043737,0.0019920318725099,2.998905966590893,1.240045862410595,45.3034076384645,FALCPAT_6343|FALCPAT_6474|FALCPAT_6569|FALCPAT_6575|FALCPAT_6578|FALCPAT_6890|FALCPAT_7202|FALCPAT_7226|FALCPAT_7755|FALCPAT_8096|FALCPAT_8138|FALCPAT_8241|FALCPAT_8411|FALCPAT_8459|FALCPAT_8724|FALCPAT_8779|FALCPAT_8803,21,3.835215557486812,3.091042453358316,0.9796222664015904,0.3613199290313894,0.3975164946575526,0.8551711751572475,1.0,1.0,0.8608349900596421,3.0,3.0,1.1221206031465947,0.8523902873460133,2.5,3.0,-0.1694698492133515,3.0,1,normal,528.6745725992074,528.6745725992074,0.9860834990059643
KAYNES,2025-12-18,2025-12-19,0.7514910536779325,0.6302186878727635,0.0019920318725099,0.3087649402390438,0.0019880715705765,1.0,0.9502982107355864,0.1053677932405566,0.0019920318725099,2.9886693781533906,1.1984120359627095,47.4407801697199,FALCPAT_6343|FALCPAT_6474|FALCPAT_6569|FALCPAT_6575|FALCPAT_6578|FALCPAT_6890|FALCPAT_7202|FALCPAT_7226|FALCPAT_7755|FALCPAT_7787|FALCPAT_8096|FALCPAT_8138|FALCPAT_8241|FALCPAT_8411|FALCPAT_8459|FALCPAT_8724|FALCPAT_8779,22,3.880342024453622,3.1354942159291497,0.9329025844930418,0.44107783577419946,0.2477153018146103,0.8260832029535972,1.0,1.0,0.8508946322067594,3.0,3.0,1.0693622594470333,-0.27671551020943314,-2.5,4.0,-0.9826594351382418,3.0,1,normal,-1329.618926958,-281.33258676079254,0.9860834990059643
KAYNES,2025-12-19,2025-12-22,0.876984126984127,0.2544731610337972,0.0019920318725099,0.1434262948207171,0.0019880715705765,1.0,0.9087301587301588,0.3511904761904761,0.0019920318725099,3.393918636571138,1.8409653724738977,47.67576668140002,FALCPAT_6343|FALCPAT_6474|FALCPAT_6569|FALCPAT_6575|FALCPAT_6578|FALCPAT_6890|FALCPAT_7202|FALCPAT_7226|FALCPAT_7755|FALCPAT_8096|FALCPAT_8138|FALCPAT_8241|FALCPAT_8411|FALCPAT_8459|FALCPAT_8724|FALCPAT_8779|FALCPAT_8803,22,3.8851813021645207,3.1354942159291497,0.943452380952381,0.5395210410841723,0.17766003815845202,1.2142202918791882,1.0,1.0,0.9523809523809523,3.0,3.0,1.5743625316719534,-0.7516933559240588,-2.5,5.0,-1.6564093670820115,3.0,1,normal,-1259.4885457249998,-1061.2796047607926,0.986111111111111
