entry_date,signal_date,month,symbol,side,entry_mode,pos_ret_pct,basket_ret_pct,rank_in_basket
2025-07-03,2025-07-02,2025-07,KPRMILL,SHORT,09:15,-4.0526,-0.32252887798712365,1
2025-07-03,2025-07-02,2025-07,LTFOODS,SHORT,09:15,-0.3014,-0.32252887798712365,2
2025-07-03,2025-07-02,2025-07,JMFINANCIL,SHORT,09:15,-1.8552,-0.32252887798712365,3
2025-07-03,2025-07-02,2025-07,APARINDS,SHORT,09:15,-0.398,-0.32252887798712365,4
2025-07-03,2025-07-02,2025-07,CCL,SHORT,09:15,-3.0065,-0.32252887798712365,5
2025-07-03,2025-07-02,2025-07,ZENSARTECH,SHORT,09:15,-0.1881,-0.32252887798712365,6
2025-07-03,2025-07-02,2025-07,RBLBANK,SHORT,09:15,-0.838,-0.32252887798712365,7
2025-07-03,2025-07-02,2025-07,ONESOURCE,LONG,09:15,-0.3945,-0.32252887798712365,8
2025-07-03,2025-07-02,2025-07,SAILIFE,SHORT,09:15,-0.0445,-0.32252887798712365,9
2025-07-03,2025-07-02,2025-07,RITES,SHORT,09:15,3.5614,-0.32252887798712365,10
2025-07-03,2025-07-02,2025-07,BAJAJHLDNG,SHORT,09:15,1.3316,-0.32252887798712365,11
2025-07-03,2025-07-02,2025-07,FIVESTAR,SHORT,09:15,-0.7392,-0.32252887798712365,12
2025-07-03,2025-07-02,2025-07,GABRIEL,SHORT,09:15,-0.3163,-0.32252887798712365,13
2025-07-03,2025-07-02,2025-07,CUB,SHORT,09:16,2.7258,-0.32252887798712365,14
2025-07-07,2025-07-04,2025-07,TEGA,SHORT,09:15,-2.7847,0.5798605862039986,1
2025-07-07,2025-07-04,2025-07,BLUEJET,SHORT,09:15,1.428,0.5798605862039986,2
2025-07-07,2025-07-04,2025-07,GABRIEL,SHORT,09:15,2.9356,0.5798605862039986,3
2025-07-07,2025-07-04,2025-07,SAPPHIRE,SHORT,09:15,-0.436,0.5798605862039986,4
2025-07-07,2025-07-04,2025-07,MARICO,SHORT,09:15,-0.2284,0.5798605862039986,5
2025-07-07,2025-07-04,2025-07,BAJAJHFL,SHORT,09:15,0.8509,0.5798605862039986,6
2025-07-07,2025-07-04,2025-07,CREDITACC,SHORT,09:15,0.0891,0.5798605862039986,7
2025-07-07,2025-07-04,2025-07,TRENT,LONG,09:15,-0.1949,0.5798605862039986,8
2025-07-07,2025-07-04,2025-07,ABLBL,SHORT,09:15,-2.103,0.5798605862039986,9
2025-07-07,2025-07-04,2025-07,POONAWALLA,SHORT,09:15,1.0366,0.5798605862039986,10
2025-07-07,2025-07-04,2025-07,BDL,SHORT,09:15,1.5802,0.5798605862039986,11
2025-07-07,2025-07-04,2025-07,GODREJIND,SHORT,09:15,-0.354,0.5798605862039986,12
2025-07-07,2025-07-04,2025-07,ENGINERSIN,SHORT,09:15,3.0691,0.5798605862039986,13
2025-07-07,2025-07-04,2025-07,CHOICEIN,SHORT,09:15,3.3928,0.5798605862039986,14
2025-07-07,2025-07-04,2025-07,CRAFTSMAN,SHORT,09:15,0.4166,0.5798605862039986,15
2025-07-08,2025-07-07,2025-07,HOMEFIRST,SHORT,09:15,1.3577,0.31863876363747584,1
2025-07-08,2025-07-07,2025-07,JPPOWER,SHORT,09:15,3.1503,0.31863876363747584,2
2025-07-08,2025-07-07,2025-07,CONCORDBIO,SHORT,09:15,-2.1541,0.31863876363747584,3
2025-07-08,2025-07-07,2025-07,TRITURBINE,SHORT,09:15,-0.3787,0.31863876363747584,4
2025-07-08,2025-07-07,2025-07,TEGA,SHORT,09:15,1.0634,0.31863876363747584,5
2025-07-08,2025-07-07,2025-07,MRPL,SHORT,09:15,0.853,0.31863876363747584,6
2025-07-08,2025-07-07,2025-07,360ONE,SHORT,09:15,1.5979,0.31863876363747584,7
2025-07-08,2025-07-07,2025-07,GILLETTE,SHORT,09:15,1.2602,0.31863876363747584,8
2025-07-08,2025-07-07,2025-07,ACMESOLAR,SHORT,09:15,-1.2564,0.31863876363747584,9
2025-07-08,2025-07-07,2025-07,DCMSHRIRAM,SHORT,09:15,-2.3069,0.31863876363747584,10
2025-07-09,2025-07-08,2025-07,AEGISVOPAK,SHORT,09:15,-4.4917,-0.2935484995716854,1
2025-07-09,2025-07-08,2025-07,JPPOWER,SHORT,09:15,0.8555,-0.2935484995716854,2
2025-07-09,2025-07-08,2025-07,BSE,LONG,09:15,1.0372,-0.2935484995716854,3
2025-07-09,2025-07-08,2025-07,DIVISLAB,SHORT,09:15,-0.8654,-0.2935484995716854,4
2025-07-09,2025-07-08,2025-07,WAAREEENER,SHORT,09:15,-2.2578,-0.2935484995716854,5
2025-07-09,2025-07-08,2025-07,VTL,SHORT,09:15,-0.5997,-0.2935484995716854,6
2025-07-09,2025-07-08,2025-07,SIEMENS,SHORT,09:15,1.8801,-0.2935484995716854,7
2025-07-09,2025-07-08,2025-07,CARTRADE,SHORT,09:15,1.7604,-0.2935484995716854,8
2025-07-09,2025-07-08,2025-07,LEMONTREE,SHORT,09:15,0.2322,-0.2935484995716854,9
2025-07-09,2025-07-08,2025-07,SCHAEFFLER,SHORT,09:15,-0.4863,-0.2935484995716854,10
2025-07-11,2025-07-10,2025-07,LEMONTREE,SHORT,09:15,1.8858,0.2612958471553265,1
2025-07-11,2025-07-10,2025-07,ACMESOLAR,SHORT,09:15,0.4616,0.2612958471553265,2
2025-07-11,2025-07-10,2025-07,SARDAEN,SHORT,09:15,-2.8397,0.2612958471553265,3
2025-07-11,2025-07-10,2025-07,HOMEFIRST,SHORT,09:15,-0.6797,0.2612958471553265,4
2025-07-11,2025-07-10,2025-07,GALLANTT,SHORT,09:15,1.9457,0.2612958471553265,5
2025-07-11,2025-07-10,2025-07,ELGIEQUIP,SHORT,09:15,1.0455,0.2612958471553265,6
2025-07-11,2025-07-10,2025-07,ATHERENERG,SHORT,09:15,-0.9157,0.2612958471553265,7
2025-07-11,2025-07-10,2025-07,NUVAMA,SHORT,09:15,0.8225,0.2612958471553265,8
2025-07-11,2025-07-10,2025-07,KIRLOSENG,SHORT,09:15,-0.3189,0.2612958471553265,9
2025-07-11,2025-07-10,2025-07,CGCL,SHORT,09:15,1.2057,0.2612958471553265,10
2025-07-14,2025-07-11,2025-07,PTCIL,SHORT,09:15,-0.3618,-1.6437678896928143,1
2025-07-14,2025-07-11,2025-07,GABRIEL,SHORT,09:15,-2.6675,-1.6437678896928143,2
2025-07-14,2025-07-11,2025-07,CRISIL,SHORT,09:15,-0.1872,-1.6437678896928143,3
2025-07-14,2025-07-11,2025-07,NAVINFLUOR,SHORT,09:15,2.0606,-1.6437678896928143,4
2025-07-14,2025-07-11,2025-07,EMCURE,SHORT,09:15,-4.4662,-1.6437678896928143,5
2025-07-14,2025-07-11,2025-07,KIRLOSENG,SHORT,09:15,-1.0285,-1.6437678896928143,6
2025-07-14,2025-07-11,2025-07,ZEEL,SHORT,09:16,-4.648,-1.6437678896928143,7
2025-07-14,2025-07-11,2025-07,TATAELXSI,SHORT,09:16,-2.5561,-1.6437678896928143,8
2025-07-14,2025-07-11,2025-07,BALRAMCHIN,SHORT,09:15,0.8504,-1.6437678896928143,9
2025-07-14,2025-07-11,2025-07,NMDC,SHORT,09:15,-0.2553,-1.6437678896928143,10
2025-07-14,2025-07-11,2025-07,RPOWER,SHORT,09:15,-0.2898,-1.6437678896928143,11
2025-07-14,2025-07-11,2025-07,NETWEB,SHORT,09:15,-1.376,-1.6437678896928143,12
2025-07-14,2025-07-11,2025-07,JPPOWER,SHORT,09:15,-12.0867,-1.6437678896928143,13
2025-07-14,2025-07-11,2025-07,ELECON,LONG,09:15,0.7765,-1.6437678896928143,14
2025-07-14,2025-07-11,2025-07,ACMESOLAR,SHORT,09:15,1.579,-1.6437678896928143,15
2025-07-15,2025-07-14,2025-07,ANANDRATHI,SHORT,09:15,1.6282,0.6876438620848636,1
2025-07-15,2025-07-14,2025-07,JPPOWER,SHORT,09:15,9.4596,0.6876438620848636,2
2025-07-15,2025-07-14,2025-07,ABDL,SHORT,09:15,-0.3823,0.6876438620848636,3
2025-07-15,2025-07-14,2025-07,NEULANDLAB,SHORT,09:15,-1.1937,0.6876438620848636,4
2025-07-15,2025-07-14,2025-07,OLAELEC,SHORT,09:15,8.9931,0.6876438620848636,5
2025-07-15,2025-07-14,2025-07,UTIAMC,SHORT,09:15,-1.6409,0.6876438620848636,6
2025-07-15,2025-07-14,2025-07,NAVA,SHORT,09:15,0.051,0.6876438620848636,7
2025-07-15,2025-07-14,2025-07,CASTROLIND,SHORT,09:15,-0.6106,0.6876438620848636,8
2025-07-15,2025-07-14,2025-07,BEML,SHORT,09:15,-0.2249,0.6876438620848636,9
2025-07-15,2025-07-14,2025-07,RAMCOCEM,SHORT,09:15,-2.5629,0.6876438620848636,10
2025-07-15,2025-07-14,2025-07,GODFRYPHLP,SHORT,09:15,-3.3461,0.6876438620848636,11
2025-07-15,2025-07-14,2025-07,HOMEFIRST,SHORT,09:15,-2.027,0.6876438620848636,12
2025-07-15,2025-07-14,2025-07,HEG,SHORT,09:15,0.7959,0.6876438620848636,13
2025-07-16,2025-07-15,2025-07,AEGISVOPAK,SHORT,09:15,-4.1517,0.10691661325692113,1
2025-07-16,2025-07-15,2025-07,NAM-INDIA,SHORT,09:15,-2.4367,0.10691661325692113,2
2025-07-16,2025-07-15,2025-07,DEEPAKFERT,SHORT,09:15,1.3713,0.10691661325692113,3
2025-07-16,2025-07-15,2025-07,GODFRYPHLP,SHORT,09:15,0.9779,0.10691661325692113,4
2025-07-16,2025-07-15,2025-07,JPPOWER,SHORT,09:15,2.9586,0.10691661325692113,5
2025-07-16,2025-07-15,2025-07,OLAELEC,SHORT,09:15,5.1795,0.10691661325692113,6
2025-07-16,2025-07-15,2025-07,TEJASNET,SHORT,09:16,0.6323,0.10691661325692113,7
2025-07-16,2025-07-15,2025-07,AIAENG,SHORT,09:15,-0.0129,0.10691661325692113,8
2025-07-16,2025-07-15,2025-07,OBEROIRLTY,SHORT,09:15,0.4176,0.10691661325692113,9
2025-07-16,2025-07-15,2025-07,HSCL,SHORT,09:15,0.6278,0.10691661325692113,10
2025-07-16,2025-07-15,2025-07,SOBHA,SHORT,09:15,-0.4863,0.10691661325692113,11
2025-07-16,2025-07-15,2025-07,PREMIERENE,SHORT,09:15,-0.2489,0.10691661325692113,12
2025-07-16,2025-07-15,2025-07,INDIACEM,SHORT,09:15,1.541,0.10691661325692113,13
2025-07-16,2025-07-15,2025-07,SWANCORP,SHORT,09:15,-4.8726,0.10691661325692113,14
2025-07-21,2025-07-18,2025-07,SAMMAANCAP,SHORT,09:15,-0.8924,-0.14790558053679992,1
2025-07-21,2025-07-18,2025-07,NUVOCO,SHORT,09:15,-2.0473,-0.14790558053679992,2
2025-07-21,2025-07-18,2025-07,RRKABEL,SHORT,09:15,2.7915,-0.14790558053679992,3
2025-07-21,2025-07-18,2025-07,WIPRO,SHORT,09:15,2.1355,-0.14790558053679992,4
2025-07-21,2025-07-18,2025-07,AXISBANK,SHORT,09:16,-1.2864,-0.14790558053679992,5
2025-07-21,2025-07-18,2025-07,AEGISVOPAK,SHORT,09:15,-0.8675,-0.14790558053679992,6
2025-07-21,2025-07-18,2025-07,SAPPHIRE,SHORT,09:15,2.4452,-0.14790558053679992,7
2025-07-21,2025-07-18,2025-07,SYRMA,SHORT,09:15,-1.1962,-0.14790558053679992,8
2025-07-21,2025-07-18,2025-07,POLYCAB,SHORT,09:15,-0.9603,-0.14790558053679992,9
2025-07-21,2025-07-18,2025-07,GMDCLTD,SHORT,09:15,-1.384,-0.14790558053679992,10
2025-07-21,2025-07-18,2025-07,ITCHOTELS,SHORT,09:15,1.2775,-0.14790558053679992,11
2025-07-21,2025-07-18,2025-07,ATUL,LONG,09:15,-1.7906,-0.14790558053679992,12
2025-07-22,2025-07-21,2025-07,AEGISVOPAK,SHORT,09:15,3.9851,0.3264306742121379,1
2025-07-22,2025-07-21,2025-07,ETERNAL,SHORT,09:15,-2.389,0.3264306742121379,2
2025-07-22,2025-07-21,2025-07,LATENTVIEW,SHORT,09:15,-0.8764,0.3264306742121379,3
2025-07-22,2025-07-21,2025-07,ZENTEC,SHORT,09:15,1.0455,0.3264306742121379,4
2025-07-22,2025-07-21,2025-07,IRCON,SHORT,09:15,1.888,0.3264306742121379,5
2025-07-22,2025-07-21,2025-07,SUMICHEM,SHORT,09:15,-1.562,0.3264306742121379,6
2025-07-22,2025-07-21,2025-07,MRPL,LONG,09:15,2.4961,0.3264306742121379,7
2025-07-22,2025-07-21,2025-07,KARURVYSYA,SHORT,09:15,0.1561,0.3264306742121379,8
2025-07-22,2025-07-21,2025-07,MMTC,SHORT,09:15,2.1411,0.3264306742121379,9
2025-07-22,2025-07-21,2025-07,SWIGGY,SHORT,09:15,-3.3644,0.3264306742121379,10
2025-07-22,2025-07-21,2025-07,PARADEEP,SHORT,09:15,0.0706,0.3264306742121379,11
2025-07-23,2025-07-22,2025-07,KPRMILL,SHORT,09:15,-2.7499,-0.65065935969021,1
2025-07-23,2025-07-22,2025-07,GABRIEL,SHORT,09:15,-1.3973,-0.65065935969021,2
2025-07-23,2025-07-22,2025-07,360ONE,LONG,09:15,-1.493,-0.65065935969021,3
2025-07-23,2025-07-22,2025-07,SUNTV,SHORT,09:15,-0.961,-0.65065935969021,4
2025-07-23,2025-07-22,2025-07,SWIGGY,SHORT,09:15,-0.2948,-0.65065935969021,5
2025-07-23,2025-07-22,2025-07,AADHARHFC,SHORT,09:15,0.6474,-0.65065935969021,6
2025-07-23,2025-07-22,2025-07,ICICIBANK,SHORT,09:15,-0.3606,-0.65065935969021,7
2025-07-23,2025-07-22,2025-07,M&MFIN,SHORT,09:15,3.0159,-0.65065935969021,8
2025-07-23,2025-07-22,2025-07,MGL,SHORT,09:15,0.4433,-0.65065935969021,9
2025-07-23,2025-07-22,2025-07,LATENTVIEW,SHORT,09:15,-0.2369,-0.65065935969021,10
2025-07-23,2025-07-22,2025-07,BLUEJET,LONG,09:15,-5.4411,-0.65065935969021,11
2025-07-23,2025-07-22,2025-07,AFCONS,SHORT,09:15,1.02,-0.65065935969021,12
2025-07-24,2025-07-23,2025-07,SAPPHIRE,SHORT,09:15,-0.5365,0.5733496545034815,1
2025-07-24,2025-07-23,2025-07,ANTHEM,SHORT,09:15,1.3276,0.5733496545034815,2
2025-07-24,2025-07-23,2025-07,BIKAJI,SHORT,09:15,1.9874,0.5733496545034815,3
2025-07-24,2025-07-23,2025-07,KALYANKJIL,SHORT,09:15,0.6426,0.5733496545034815,4
2025-07-24,2025-07-23,2025-07,DCMSHRIRAM,SHORT,09:15,0.7226,0.5733496545034815,5
2025-07-24,2025-07-23,2025-07,SYNGENE,SHORT,09:15,0.9479,0.5733496545034815,6
2025-07-24,2025-07-23,2025-07,ZENSARTECH,SHORT,09:15,0.1124,0.5733496545034815,7
2025-07-24,2025-07-23,2025-07,JSWINFRA,SHORT,09:15,0.4788,0.5733496545034815,8
2025-07-24,2025-07-23,2025-07,CREDITACC,SHORT,09:15,-0.9699,0.5733496545034815,9
2025-07-24,2025-07-23,2025-07,JMFINANCIL,SHORT,09:15,1.7988,0.5733496545034815,10
2025-07-24,2025-07-23,2025-07,OLAELEC,SHORT,09:15,1.0722,0.5733496545034815,11
2025-07-24,2025-07-23,2025-07,BLUEJET,LONG,09:15,-0.7037,0.5733496545034815,12
2025-07-25,2025-07-24,2025-07,OLECTRA,SHORT,09:15,3.7186,2.573443963805598,1
2025-07-25,2025-07-24,2025-07,KPRMILL,SHORT,09:15,5.5321,2.573443963805598,2
2025-07-25,2025-07-24,2025-07,CGPOWER,SHORT,09:15,2.7559,2.573443963805598,3
2025-07-25,2025-07-24,2025-07,WELSPUNLIV,SHORT,09:15,3.1651,2.573443963805598,4
2025-07-25,2025-07-24,2025-07,BIKAJI,SHORT,09:15,-0.1237,2.573443963805598,5
2025-07-25,2025-07-24,2025-07,MRPL,SHORT,09:15,6.9358,2.573443963805598,6
2025-07-25,2025-07-24,2025-07,IPCALAB,SHORT,09:15,2.5163,2.573443963805598,7
2025-07-25,2025-07-24,2025-07,THELEELA,LONG,09:15,-1.5423,2.573443963805598,8
2025-07-25,2025-07-24,2025-07,ELGIEQUIP,SHORT,09:15,2.7341,2.573443963805598,9
2025-07-25,2025-07-24,2025-07,TATACONSUM,SHORT,09:15,2.2184,2.573443963805598,10
2025-07-25,2025-07-24,2025-07,NESTLEIND,SHORT,09:16,-0.083,2.573443963805598,11
2025-07-25,2025-07-24,2025-07,VIJAYA,SHORT,09:15,3.0539,2.573443963805598,12
2025-07-29,2025-07-28,2025-07,TITAGARH,SHORT,09:15,-2.9138,-0.22398500470967056,1
2025-07-29,2025-07-28,2025-07,KPRMILL,SHORT,09:15,2.5169,-0.22398500470967056,2
2025-07-29,2025-07-28,2025-07,HEXT,SHORT,09:15,3.7011,-0.22398500470967056,3
2025-07-29,2025-07-28,2025-07,AADHARHFC,SHORT,09:15,1.0463,-0.22398500470967056,4
2025-07-29,2025-07-28,2025-07,POONAWALLA,SHORT,09:15,2.3124,-0.22398500470967056,5
2025-07-29,2025-07-28,2025-07,CDSL,SHORT,09:16,-0.9177,-0.22398500470967056,6
2025-07-29,2025-07-28,2025-07,SBICARD,SHORT,09:16,1.4906,-0.22398500470967056,7
2025-07-29,2025-07-28,2025-07,CEMPRO,SHORT,09:16,-5.1909,-0.22398500470967056,8
2025-07-29,2025-07-28,2025-07,GMDCLTD,SHORT,09:16,-1.426,-0.22398500470967056,9
2025-07-29,2025-07-28,2025-07,OLAELEC,SHORT,09:15,-1.0709,-0.22398500470967056,10
2025-07-29,2025-07-28,2025-07,NUVOCO,SHORT,09:15,-3.0637,-0.22398500470967056,11
2025-07-29,2025-07-28,2025-07,IIFL,SHORT,09:16,-3.7868,-0.22398500470967056,12
2025-07-29,2025-07-28,2025-07,JMFINANCIL,SHORT,09:16,0.211,-0.22398500470967056,13
2025-07-29,2025-07-28,2025-07,ONESOURCE,SHORT,09:15,1.1432,-0.22398500470967056,14
2025-07-29,2025-07-28,2025-07,ACMESOLAR,SHORT,09:15,2.5885,-0.22398500470967056,15
2025-07-30,2025-07-29,2025-07,CRAFTSMAN,SHORT,09:15,-5.4446,0.21943960168492976,1
2025-07-30,2025-07-29,2025-07,CCL,SHORT,09:15,1.7602,0.21943960168492976,2
2025-07-30,2025-07-29,2025-07,AFFLE,SHORT,09:15,-0.3463,0.21943960168492976,3
2025-07-30,2025-07-29,2025-07,WELCORP,SHORT,09:15,-1.6181,0.21943960168492976,4
2025-07-30,2025-07-29,2025-07,MOTILALOFS,SHORT,09:15,1.1453,0.21943960168492976,5
2025-07-30,2025-07-29,2025-07,WAAREEENER,SHORT,09:15,0.703,0.21943960168492976,6
2025-07-30,2025-07-29,2025-07,AIIL,SHORT,09:15,0.0523,0.21943960168492976,7
2025-07-30,2025-07-29,2025-07,DEEPAKFERT,SHORT,09:15,3.3398,0.21943960168492976,8
2025-07-30,2025-07-29,2025-07,PARADEEP,SHORT,09:15,5.7662,0.21943960168492976,9
2025-07-30,2025-07-29,2025-07,VBL,SHORT,09:15,-0.996,0.21943960168492976,10
2025-07-30,2025-07-29,2025-07,BBTC,SHORT,09:15,0.4001,0.21943960168492976,11
2025-07-30,2025-07-29,2025-07,SUPREMEIND,SHORT,09:15,1.4271,0.21943960168492976,12
2025-07-30,2025-07-29,2025-07,ABBOTINDIA,SHORT,09:15,-1.098,0.21943960168492976,13
2025-07-30,2025-07-29,2025-07,BSOFT,SHORT,09:15,-1.8052,0.21943960168492976,14
2025-07-30,2025-07-29,2025-07,GRANULES,SHORT,09:15,0.0058,0.21943960168492976,15
2025-07-31,2025-07-30,2025-07,ACUTAAS,SHORT,09:15,-13.761,-1.7478797410874862,1
2025-07-31,2025-07-30,2025-07,ATHERENERG,SHORT,09:15,-2.0535,-1.7478797410874862,2
2025-07-31,2025-07-30,2025-07,GODIGIT,SHORT,09:15,-0.9932,-1.7478797410874862,3
2025-07-31,2025-07-30,2025-07,IGIL,SHORT,09:15,0.9464,-1.7478797410874862,4
2025-07-31,2025-07-30,2025-07,ABDL,SHORT,09:15,-6.0535,-1.7478797410874862,5
2025-07-31,2025-07-30,2025-07,JBMA,SHORT,09:15,-1.4336,-1.7478797410874862,6
2025-07-31,2025-07-30,2025-07,PREMIERENE,SHORT,09:15,1.517,-1.7478797410874862,7
2025-07-31,2025-07-30,2025-07,PATANJALI,SHORT,09:15,0.2233,-1.7478797410874862,8
2025-07-31,2025-07-30,2025-07,NIACL,SHORT,09:15,1.6707,-1.7478797410874862,9
2025-07-31,2025-07-30,2025-07,CRAFTSMAN,SHORT,09:15,2.2639,-1.7478797410874862,10
2025-07-31,2025-07-30,2025-07,KAJARIACER,SHORT,09:15,-1.3751,-1.7478797410874862,11
2025-07-31,2025-07-30,2025-07,SCHAEFFLER,SHORT,09:15,-2.8381,-1.7478797410874862,12
2025-07-31,2025-07-30,2025-07,DMART,SHORT,09:15,-0.8358,-1.7478797410874862,13
2025-08-01,2025-07-31,2025-08,BHARTIHEXA,SHORT,09:15,0.5671,0.6270515264837782,1
2025-08-01,2025-07-31,2025-08,NIACL,SHORT,09:16,5.9344,0.6270515264837782,2
2025-08-01,2025-07-31,2025-08,ZENTEC,SHORT,09:16,-4.5874,0.6270515264837782,3
2025-08-01,2025-07-31,2025-08,NAVINFLUOR,SHORT,09:16,1.7041,0.6270515264837782,4
2025-08-01,2025-07-31,2025-08,HEG,SHORT,09:15,7.7021,0.6270515264837782,5
2025-08-01,2025-07-31,2025-08,BRIGADE,SHORT,09:15,1.5616,0.6270515264837782,6
2025-08-01,2025-07-31,2025-08,ACUTAAS,SHORT,09:15,3.6346,0.6270515264837782,7
2025-08-01,2025-07-31,2025-08,ABDL,SHORT,09:15,0.6811,0.6270515264837782,8
2025-08-01,2025-07-31,2025-08,EMAMILTD,SHORT,09:15,-3.2001,0.6270515264837782,9
2025-08-01,2025-07-31,2025-08,NEULANDLAB,SHORT,09:16,-4.8186,0.6270515264837782,10
2025-08-01,2025-07-31,2025-08,AMBUJACEM,LONG,09:15,2.0999,0.6270515264837782,11
2025-08-01,2025-07-31,2025-08,JUBLINGREA,LONG,09:15,-3.7541,0.6270515264837782,12
2025-08-04,2025-08-01,2025-08,VTL,SHORT,09:15,0.0958,-0.3719845310268451,1
2025-08-04,2025-08-01,2025-08,RHIM,SHORT,09:15,-2.2122,-0.3719845310268451,2
2025-08-04,2025-08-01,2025-08,NETWEB,SHORT,09:15,-6.6792,-0.3719845310268451,3
2025-08-04,2025-08-01,2025-08,HINDUNILVR,SHORT,09:15,0.1288,-0.3719845310268451,4
2025-08-04,2025-08-01,2025-08,CEMPRO,SHORT,09:15,2.2072,-0.3719845310268451,5
2025-08-04,2025-08-01,2025-08,AMBER,SHORT,09:15,-0.5989,-0.3719845310268451,6
2025-08-04,2025-08-01,2025-08,SUMICHEM,SHORT,09:15,-0.657,-0.3719845310268451,7
2025-08-04,2025-08-01,2025-08,ABFRL,SHORT,09:15,-2.6741,-0.3719845310268451,8
2025-08-04,2025-08-01,2025-08,MARICO,SHORT,09:15,-1.703,-0.3719845310268451,9
2025-08-04,2025-08-01,2025-08,GODREJCP,SHORT,09:15,1.4556,-0.3719845310268451,10
2025-08-04,2025-08-01,2025-08,KAJARIACER,SHORT,09:15,0.2806,-0.3719845310268451,11
2025-08-04,2025-08-01,2025-08,SAPPHIRE,SHORT,09:15,0.6436,-0.3719845310268451,12
2025-08-04,2025-08-01,2025-08,SPLPETRO,SHORT,09:15,2.8214,-0.3719845310268451,13
2025-08-04,2025-08-01,2025-08,HEG,SHORT,09:15,0.8154,-0.3719845310268451,14
2025-08-04,2025-08-01,2025-08,NIACL,SHORT,09:15,0.4963,-0.3719845310268451,15
2025-08-06,2025-08-05,2025-08,TATAINVEST,SHORT,09:15,0.5991,1.4288565716315382,1
2025-08-06,2025-08-05,2025-08,ANURAS,SHORT,09:15,-1.1417,1.4288565716315382,2
2025-08-06,2025-08-05,2025-08,ENRIN,SHORT,09:15,3.4565,1.4288565716315382,3
2025-08-06,2025-08-05,2025-08,SOBHA,SHORT,09:15,3.0753,1.4288565716315382,4
2025-08-06,2025-08-05,2025-08,TRITURBINE,SHORT,09:16,0.5078,1.4288565716315382,5
2025-08-06,2025-08-05,2025-08,GVT&D,SHORT,09:15,1.6793,1.4288565716315382,6
2025-08-06,2025-08-05,2025-08,ABDL,SHORT,09:15,2.663,1.4288565716315382,7
2025-08-06,2025-08-05,2025-08,CGCL,SHORT,09:15,-0.6697,1.4288565716315382,8
2025-08-06,2025-08-05,2025-08,FIRSTCRY,SHORT,09:15,1.1911,1.4288565716315382,9
2025-08-06,2025-08-05,2025-08,TRAVELFOOD,SHORT,09:15,1.111,1.4288565716315382,10
2025-08-06,2025-08-05,2025-08,NIACL,SHORT,09:15,3.924,1.4288565716315382,11
2025-08-06,2025-08-05,2025-08,PTCIL,SHORT,09:15,-0.3622,1.4288565716315382,12
2025-08-06,2025-08-05,2025-08,NEWGEN,SHORT,09:15,2.5416,1.4288565716315382,13
2025-08-07,2025-08-06,2025-08,KIRLOSENG,SHORT,09:15,0.1172,-0.8596052075335561,1
2025-08-07,2025-08-06,2025-08,BLUESTARCO,SHORT,09:15,-5.256,-0.8596052075335561,2
2025-08-07,2025-08-06,2025-08,NEWGEN,SHORT,09:15,1.4083,-0.8596052075335561,3
2025-08-07,2025-08-06,2025-08,GABRIEL,SHORT,09:15,-0.8849,-0.8596052075335561,4
2025-08-07,2025-08-06,2025-08,GRAPHITE,SHORT,09:15,0.5878,-0.8596052075335561,5
2025-08-07,2025-08-06,2025-08,MSUMI,SHORT,09:15,0.4181,-0.8596052075335561,6
2025-08-07,2025-08-06,2025-08,SAREGAMA,SHORT,09:15,-0.1011,-0.8596052075335561,7
2025-08-07,2025-08-06,2025-08,NCC,SHORT,09:15,-4.5357,-0.8596052075335561,8
2025-08-07,2025-08-06,2025-08,CARTRADE,SHORT,09:15,-1.4816,-0.8596052075335561,9
2025-08-07,2025-08-06,2025-08,RHIM,SHORT,09:15,-0.121,-0.8596052075335561,10
2025-08-07,2025-08-06,2025-08,TRENT,SHORT,09:15,-0.6642,-0.8596052075335561,11
2025-08-07,2025-08-06,2025-08,SARDAEN,SHORT,09:15,5.481,-0.8596052075335561,12
2025-08-07,2025-08-06,2025-08,BAYERCROP,LONG,09:15,-4.8842,-0.8596052075335561,13
2025-08-07,2025-08-06,2025-08,ELGIEQUIP,LONG,09:15,-2.1181,-0.8596052075335561,14
2025-08-08,2025-08-07,2025-08,NCC,SHORT,09:15,0.3472,2.2892904928626328,1
2025-08-08,2025-08-07,2025-08,CPPLUS,SHORT,09:15,5.8832,2.2892904928626328,2
2025-08-08,2025-08-07,2025-08,BLUEJET,SHORT,09:15,-1.7753,2.2892904928626328,3
2025-08-08,2025-08-07,2025-08,WELSPUNLIV,SHORT,09:15,1.6879,2.2892904928626328,4
2025-08-08,2025-08-07,2025-08,KALYANKJIL,SHORT,09:15,13.3703,2.2892904928626328,5
2025-08-08,2025-08-07,2025-08,CUMMINSIND,SHORT,09:15,-0.4032,2.2892904928626328,6
2025-08-08,2025-08-07,2025-08,MANAPPURAM,SHORT,09:15,1.2526,2.2892904928626328,7
2025-08-08,2025-08-07,2025-08,CCL,SHORT,09:15,-0.9548,2.2892904928626328,8
2025-08-08,2025-08-07,2025-08,SAPPHIRE,SHORT,09:15,1.0075,2.2892904928626328,9
2025-08-08,2025-08-07,2025-08,GODFRYPHLP,SHORT,09:15,1.0957,2.2892904928626328,10
2025-08-08,2025-08-07,2025-08,SARDAEN,SHORT,09:15,4.3498,2.2892904928626328,11
2025-08-08,2025-08-07,2025-08,CONCOR,SHORT,09:15,0.0383,2.2892904928626328,12
2025-08-08,2025-08-07,2025-08,GRAVITA,SHORT,09:15,3.0875,2.2892904928626328,13
2025-08-08,2025-08-07,2025-08,RBLBANK,SHORT,09:15,2.2295,2.2892904928626328,14
2025-08-08,2025-08-07,2025-08,SAGILITY,SHORT,09:15,3.123,2.2892904928626328,15
2025-08-11,2025-08-08,2025-08,SAILIFE,SHORT,09:15,-5.4386,-0.229631441852344,1
2025-08-11,2025-08-08,2025-08,KPIL,SHORT,09:15,-4.4239,-0.229631441852344,2
2025-08-11,2025-08-08,2025-08,ITI,SHORT,09:15,-0.9014,-0.229631441852344,3
2025-08-11,2025-08-08,2025-08,PVRINOX,SHORT,09:15,-1.0817,-0.229631441852344,4
2025-08-11,2025-08-08,2025-08,BERGEPAINT,SHORT,09:15,0.8042,-0.229631441852344,5
2025-08-11,2025-08-08,2025-08,ASHOKLEY,LONG,09:15,3.2395,-0.229631441852344,6
2025-08-11,2025-08-08,2025-08,INOXWIND,LONG,09:15,1.4254,-0.229631441852344,7
2025-08-11,2025-08-08,2025-08,RBLBANK,SHORT,09:15,1.0758,-0.229631441852344,8
2025-08-11,2025-08-08,2025-08,CONCOR,SHORT,09:15,1.7786,-0.229631441852344,9
2025-08-11,2025-08-08,2025-08,IOC,SHORT,09:15,0.1924,-0.229631441852344,10
2025-08-11,2025-08-08,2025-08,TTML,SHORT,09:15,-0.7667,-0.229631441852344,11
2025-08-11,2025-08-08,2025-08,MEDANTA,SHORT,09:15,2.105,-0.229631441852344,12
2025-08-11,2025-08-08,2025-08,KPRMILL,SHORT,09:16,-3.0429,-0.229631441852344,13
2025-08-11,2025-08-08,2025-08,BIOCON,LONG,09:15,-0.2511,-0.229631441852344,14
2025-08-11,2025-08-08,2025-08,EIDPARRY,LONG,09:15,1.8409,-0.229631441852344,15
2025-08-12,2025-08-11,2025-08,CRAFTSMAN,SHORT,09:15,0.0294,1.3502509553620996,1
2025-08-12,2025-08-11,2025-08,JMFINANCIL,SHORT,09:15,2.067,1.3502509553620996,2
2025-08-12,2025-08-11,2025-08,ADANIPOWER,SHORT,09:15,0.6072,1.3502509553620996,3
2025-08-12,2025-08-11,2025-08,PFIZER,SHORT,09:15,0.2453,1.3502509553620996,4
2025-08-12,2025-08-11,2025-08,DOMS,SHORT,09:15,5.587,1.3502509553620996,5
2025-08-12,2025-08-11,2025-08,GMDCLTD,SHORT,09:15,1.469,1.3502509553620996,6
2025-08-12,2025-08-11,2025-08,ITI,SHORT,09:15,0.2887,1.3502509553620996,7
2025-08-12,2025-08-11,2025-08,VOLTAS,SHORT,09:16,-0.5816,1.3502509553620996,8
2025-08-12,2025-08-11,2025-08,KOTAKBANK,SHORT,09:15,0.676,1.3502509553620996,9
2025-08-12,2025-08-11,2025-08,BEML,SHORT,09:15,0.2338,1.3502509553620996,10
2025-08-12,2025-08-11,2025-08,SWIGGY,SHORT,09:15,2.1227,1.3502509553620996,11
2025-08-12,2025-08-11,2025-08,GRSE,SHORT,09:15,1.9971,1.3502509553620996,12
2025-08-12,2025-08-11,2025-08,PAYTM,SHORT,09:15,0.5584,1.3502509553620996,13
2025-08-12,2025-08-11,2025-08,POLICYBZR,SHORT,09:15,1.9971,1.3502509553620996,14
2025-08-12,2025-08-11,2025-08,SAILIFE,SHORT,09:15,2.9568,1.3502509553620996,15
2025-08-13,2025-08-12,2025-08,HBLENGINE,SHORT,09:15,-8.4942,-0.7245553712775136,1
2025-08-13,2025-08-12,2025-08,FACT,SHORT,09:15,-3.5208,-0.7245553712775136,2
2025-08-13,2025-08-12,2025-08,KAJARIACER,SHORT,09:15,-1.6957,-0.7245553712775136,3
2025-08-13,2025-08-12,2025-08,PGEL,SHORT,09:15,6.8412,-0.7245553712775136,4
2025-08-13,2025-08-12,2025-08,SCI,SHORT,09:15,-1.4306,-0.7245553712775136,5
2025-08-13,2025-08-12,2025-08,SONATSOFTW,SHORT,09:15,3.2223,-0.7245553712775136,6
2025-08-13,2025-08-12,2025-08,PARADEEP,LONG,09:15,-2.1128,-0.7245553712775136,7
2025-08-13,2025-08-12,2025-08,POWERINDIA,SHORT,09:15,-1.1799,-0.7245553712775136,8
2025-08-13,2025-08-12,2025-08,BELRISE,SHORT,09:15,0.3774,-0.7245553712775136,9
2025-08-13,2025-08-12,2025-08,ITI,SHORT,09:15,0.4694,-0.7245553712775136,10
2025-08-13,2025-08-12,2025-08,PFIZER,SHORT,09:15,0.6743,-0.7245553712775136,11
2025-08-13,2025-08-12,2025-08,ALKEM,SHORT,09:15,-2.6121,-0.7245553712775136,12
2025-08-13,2025-08-12,2025-08,CARTRADE,SHORT,09:15,-1.524,-0.7245553712775136,13
2025-08-13,2025-08-12,2025-08,JSL,SHORT,09:15,-0.6572,-0.7245553712775136,14
2025-08-13,2025-08-12,2025-08,RVNL,LONG,09:15,0.7745,-0.7245553712775136,15
2025-08-14,2025-08-13,2025-08,FACT,SHORT,09:15,2.7399,1.462411014871461,1
2025-08-14,2025-08-13,2025-08,JYOTICNC,SHORT,09:15,1.9719,1.462411014871461,2
2025-08-14,2025-08-13,2025-08,HONASA,SHORT,09:15,2.3943,1.462411014871461,3
2025-08-14,2025-08-13,2025-08,PAYTM,SHORT,09:15,0.7929,1.462411014871461,4
2025-08-14,2025-08-13,2025-08,ABSLAMC,SHORT,09:15,1.4828,1.462411014871461,5
2025-08-14,2025-08-13,2025-08,CLEAN,SHORT,09:15,4.4404,1.462411014871461,6
2025-08-14,2025-08-13,2025-08,HBLENGINE,SHORT,09:15,-1.4322,1.462411014871461,7
2025-08-14,2025-08-13,2025-08,JWL,SHORT,09:16,1.8074,1.462411014871461,8
2025-08-14,2025-08-13,2025-08,APOLLOHOSP,SHORT,09:15,0.1585,1.462411014871461,9
2025-08-14,2025-08-13,2025-08,GVT&D,SHORT,09:15,2.7301,1.462411014871461,10
2025-08-14,2025-08-13,2025-08,BLUESTARCO,SHORT,09:15,-1.3472,1.462411014871461,11
2025-08-14,2025-08-13,2025-08,CUB,SHORT,09:15,-0.5548,1.462411014871461,12
2025-08-14,2025-08-13,2025-08,SAMMAANCAP,SHORT,09:15,2.3333,1.462411014871461,13
2025-08-14,2025-08-13,2025-08,EIHOTEL,SHORT,09:15,4.3581,1.462411014871461,14
2025-08-14,2025-08-13,2025-08,JMFINANCIL,SHORT,09:15,0.0607,1.462411014871461,15
2025-08-18,2025-08-14,2025-08,USHAMART,SHORT,09:15,-3.9171,-1.0045914817864483,1
2025-08-18,2025-08-14,2025-08,CARTRADE,SHORT,09:15,-5.5627,-1.0045914817864483,2
2025-08-18,2025-08-14,2025-08,NSLNISP,SHORT,09:15,3.3191,-1.0045914817864483,3
2025-08-18,2025-08-14,2025-08,TBOTEK,SHORT,09:15,-1.5425,-1.0045914817864483,4
2025-08-18,2025-08-14,2025-08,COHANCE,LONG,09:15,-1.3801,-1.0045914817864483,5
2025-08-18,2025-08-14,2025-08,DRREDDY,SHORT,09:15,0.4599,-1.0045914817864483,6
2025-08-18,2025-08-14,2025-08,PFIZER,SHORT,09:15,-5.4538,-1.0045914817864483,7
2025-08-18,2025-08-14,2025-08,GMDCLTD,SHORT,09:15,-0.965,-1.0045914817864483,8
2025-08-18,2025-08-14,2025-08,CONCORDBIO,SHORT,09:15,0.2156,-1.0045914817864483,9
2025-08-18,2025-08-14,2025-08,NEWGEN,SHORT,09:15,0.0028,-1.0045914817864483,10
2025-08-18,2025-08-14,2025-08,OLAELEC,SHORT,09:15,3.7733,-1.0045914817864483,11
2025-08-19,2025-08-18,2025-08,KIRLOSENG,SHORT,09:15,-0.9461,-1.0150205579271308,1
2025-08-19,2025-08-18,2025-08,HYUNDAI,SHORT,09:15,-6.8525,-1.0150205579271308,2
2025-08-19,2025-08-18,2025-08,UTIAMC,SHORT,09:15,-0.0839,-1.0150205579271308,3
2025-08-19,2025-08-18,2025-08,ZFCVINDIA,SHORT,09:15,-3.282,-1.0150205579271308,4
2025-08-19,2025-08-18,2025-08,CRAFTSMAN,SHORT,09:15,0.8194,-1.0150205579271308,5
2025-08-19,2025-08-18,2025-08,ABREL,SHORT,09:15,-0.0466,-1.0150205579271308,6
2025-08-19,2025-08-18,2025-08,AMBUJACEM,SHORT,09:15,-0.2149,-1.0150205579271308,7
2025-08-19,2025-08-18,2025-08,BRITANNIA,SHORT,09:15,-1.2564,-1.0150205579271308,8
2025-08-19,2025-08-18,2025-08,TRENT,SHORT,09:15,0.9295,-1.0150205579271308,9
2025-08-19,2025-08-18,2025-08,ENDURANCE,SHORT,09:15,-2.5355,-1.0150205579271308,10
2025-08-19,2025-08-18,2025-08,BERGEPAINT,SHORT,09:15,0.8041,-1.0150205579271308,11
2025-08-19,2025-08-18,2025-08,AXISBANK,SHORT,09:15,-0.6721,-1.0150205579271308,12
2025-08-19,2025-08-18,2025-08,BALKRISIND,SHORT,09:15,0.0213,-1.0150205579271308,13
2025-08-19,2025-08-18,2025-08,CENTRALBK,SHORT,09:15,-0.2972,-1.0150205579271308,14
2025-08-19,2025-08-18,2025-08,IDBI,SHORT,09:15,-1.6123,-1.0150205579271308,15
2025-08-20,2025-08-19,2025-08,ATHERENERG,SHORT,09:15,4.4778,0.59145898094939,1
2025-08-20,2025-08-19,2025-08,HYUNDAI,SHORT,09:15,3.9943,0.59145898094939,2
2025-08-20,2025-08-19,2025-08,IRCON,SHORT,09:15,0.4684,0.59145898094939,3
2025-08-20,2025-08-19,2025-08,AJANTPHARM,SHORT,09:15,0.6505,0.59145898094939,4
2025-08-20,2025-08-19,2025-08,JPPOWER,SHORT,09:15,1.966,0.59145898094939,5
2025-08-20,2025-08-19,2025-08,LALPATHLAB,SHORT,09:15,-1.8242,0.59145898094939,6
2025-08-20,2025-08-19,2025-08,INDIAMART,SHORT,09:15,-0.6286,0.59145898094939,7
2025-08-20,2025-08-19,2025-08,GRSE,SHORT,09:15,1.7201,0.59145898094939,8
2025-08-20,2025-08-19,2025-08,BELRISE,SHORT,09:15,4.9068,0.59145898094939,9
2025-08-20,2025-08-19,2025-08,MANKIND,SHORT,09:15,-0.4432,0.59145898094939,10
2025-08-20,2025-08-19,2025-08,CPPLUS,SHORT,09:15,-8.7818,0.59145898094939,11
2025-08-21,2025-08-20,2025-08,OLAELEC,SHORT,09:15,9.5926,0.5382575231490924,1
2025-08-21,2025-08-20,2025-08,CARBORUNIV,SHORT,09:15,4.4136,0.5382575231490924,2
2025-08-21,2025-08-20,2025-08,SUNDARMFIN,SHORT,09:15,-1.2392,0.5382575231490924,3
2025-08-21,2025-08-20,2025-08,FACT,SHORT,09:15,0.6349,0.5382575231490924,4
2025-08-21,2025-08-20,2025-08,HEXT,SHORT,09:15,0.0023,0.5382575231490924,5
2025-08-21,2025-08-20,2025-08,CREDITACC,SHORT,09:15,-2.062,0.5382575231490924,6
2025-08-21,2025-08-20,2025-08,PGEL,SHORT,09:15,-3.7887,0.5382575231490924,7
2025-08-21,2025-08-20,2025-08,CUB,SHORT,09:15,-1.5046,0.5382575231490924,8
2025-08-21,2025-08-20,2025-08,SJVN,SHORT,09:15,0.0673,0.5382575231490924,9
2025-08-21,2025-08-20,2025-08,BHARTIARTL,SHORT,09:15,-0.1009,0.5382575231490924,10
2025-08-21,2025-08-20,2025-08,CGCL,SHORT,09:15,1.164,0.5382575231490924,11
2025-08-21,2025-08-20,2025-08,INTELLECT,SHORT,09:15,2.2463,0.5382575231490924,12
2025-08-21,2025-08-20,2025-08,GODIGIT,SHORT,09:15,-2.4282,0.5382575231490924,13
2025-08-22,2025-08-21,2025-08,IDBI,SHORT,09:15,2.5999,0.7922764006058929,1
2025-08-22,2025-08-21,2025-08,LEMONTREE,SHORT,09:15,-1.2432,0.7922764006058929,2
2025-08-22,2025-08-21,2025-08,CPPLUS,SHORT,09:15,-3.7661,0.7922764006058929,3
2025-08-22,2025-08-21,2025-08,JWL,SHORT,09:15,1.125,0.7922764006058929,4
2025-08-22,2025-08-21,2025-08,NIACL,SHORT,09:15,1.196,0.7922764006058929,5
2025-08-22,2025-08-21,2025-08,OLAELEC,SHORT,09:15,3.9961,0.7922764006058929,6
2025-08-22,2025-08-21,2025-08,BAJAJFINSV,SHORT,09:15,0.2677,0.7922764006058929,7
2025-08-22,2025-08-21,2025-08,NIVABUPA,SHORT,09:15,0.3266,0.7922764006058929,8
2025-08-22,2025-08-21,2025-08,SBILIFE,SHORT,09:15,0.0593,0.7922764006058929,9
2025-08-22,2025-08-21,2025-08,RAILTEL,SHORT,09:15,1.4269,0.7922764006058929,10
2025-08-22,2025-08-21,2025-08,TORNTPOWER,SHORT,09:15,0.4386,0.7922764006058929,11
2025-08-22,2025-08-21,2025-08,AEGISVOPAK,SHORT,09:15,0.5823,0.7922764006058929,12
2025-08-22,2025-08-21,2025-08,ASAHIINDIA,SHORT,09:15,-2.9701,0.7922764006058929,13
2025-08-22,2025-08-21,2025-08,JKCEMENT,SHORT,09:15,3.8417,0.7922764006058929,14
2025-08-22,2025-08-21,2025-08,FORCEMOT,SHORT,dual_0915_0916,4.0035,0.7922764006058929,15
2025-08-26,2025-08-25,2025-08,PTCIL,SHORT,09:15,1.4221,2.0848533039323267,1
2025-08-26,2025-08-25,2025-08,AEGISVOPAK,SHORT,09:15,1.0601,2.0848533039323267,2
2025-08-26,2025-08-25,2025-08,ZENTEC,SHORT,09:15,1.7274,2.0848533039323267,3
2025-08-26,2025-08-25,2025-08,IKS,SHORT,09:15,2.2951,2.0848533039323267,4
2025-08-26,2025-08-25,2025-08,MPHASIS,SHORT,09:15,0.8757,2.0848533039323267,5
2025-08-26,2025-08-25,2025-08,OLECTRA,SHORT,09:15,1.1076,2.0848533039323267,6
2025-08-26,2025-08-25,2025-08,SONATSOFTW,SHORT,09:15,4.2679,2.0848533039323267,7
2025-08-26,2025-08-25,2025-08,YESBANK,SHORT,09:15,2.5627,2.0848533039323267,8
2025-08-26,2025-08-25,2025-08,BRIGADE,SHORT,09:15,2.7523,2.0848533039323267,9
2025-08-26,2025-08-25,2025-08,FACT,SHORT,09:15,3.5841,2.0848533039323267,10
2025-08-26,2025-08-25,2025-08,BELRISE,SHORT,09:15,0.9755,2.0848533039323267,11
2025-08-26,2025-08-25,2025-08,CYIENT,SHORT,09:15,2.6235,2.0848533039323267,12
2025-08-26,2025-08-25,2025-08,JSL,SHORT,09:15,-0.2822,2.0848533039323267,13
2025-08-26,2025-08-25,2025-08,ZFCVINDIA,SHORT,09:15,3.597,2.0848533039323267,14
2025-08-26,2025-08-25,2025-08,JBMA,SHORT,09:15,2.704,2.0848533039323267,15
2025-08-28,2025-08-26,2025-08,CRAFTSMAN,SHORT,09:15,2.3564,0.613852750658851,1
2025-08-28,2025-08-26,2025-08,IPCALAB,SHORT,09:15,0.9304,0.613852750658851,2
2025-08-28,2025-08-26,2025-08,WAAREEENER,SHORT,09:15,-2.9255,0.613852750658851,3
2025-08-28,2025-08-26,2025-08,GODIGIT,SHORT,09:15,2.1648,0.613852750658851,4
2025-08-28,2025-08-26,2025-08,AEGISVOPAK,SHORT,09:15,1.1914,0.613852750658851,5
2025-08-28,2025-08-26,2025-08,AFCONS,SHORT,09:15,3.3502,0.613852750658851,6
2025-08-28,2025-08-26,2025-08,AIIL,SHORT,09:15,-2.1728,0.613852750658851,7
2025-08-28,2025-08-26,2025-08,ZENTEC,SHORT,09:15,3.1832,0.613852750658851,8
2025-08-28,2025-08-26,2025-08,RPOWER,SHORT,09:16,-1.5911,0.613852750658851,9
2025-08-28,2025-08-26,2025-08,HEXT,SHORT,09:15,2.243,0.613852750658851,10
2025-08-28,2025-08-26,2025-08,CESC,SHORT,09:16,4.824,0.613852750658851,11
2025-08-28,2025-08-26,2025-08,BLS,SHORT,09:15,0.1764,0.613852750658851,12
2025-08-28,2025-08-26,2025-08,SWANCORP,SHORT,09:15,-2.7812,0.613852750658851,13
2025-08-28,2025-08-26,2025-08,USHAMART,SHORT,09:15,-0.6148,0.613852750658851,14
2025-08-28,2025-08-26,2025-08,AEGISLOG,LONG,09:15,-1.1266,0.613852750658851,15
2025-09-02,2025-09-01,2025-09,ZYDUSWELL,SHORT,09:15,-0.7468,0.0008475116212479491,1
2025-09-02,2025-09-01,2025-09,CRAFTSMAN,SHORT,09:15,3.0237,0.0008475116212479491,2
2025-09-02,2025-09-01,2025-09,GPIL,SHORT,09:15,-0.1013,0.0008475116212479491,3
2025-09-02,2025-09-01,2025-09,RITES,SHORT,09:15,-2.0995,0.0008475116212479491,4
2025-09-02,2025-09-01,2025-09,ABFRL,SHORT,dual_0915_0916,0.7501,0.0008475116212479491,5
2025-09-02,2025-09-01,2025-09,OLAELEC,SHORT,09:15,2.9897,0.0008475116212479491,6
2025-09-02,2025-09-01,2025-09,CHOLAHLDNG,SHORT,09:15,0.6158,0.0008475116212479491,7
2025-09-02,2025-09-01,2025-09,HINDZINC,SHORT,09:15,-0.5208,0.0008475116212479491,8
2025-09-02,2025-09-01,2025-09,AAVAS,SHORT,09:15,0.5689,0.0008475116212479491,9
2025-09-02,2025-09-01,2025-09,ABCAPITAL,SHORT,09:15,2.5377,0.0008475116212479491,10
2025-09-02,2025-09-01,2025-09,ATGL,SHORT,09:15,-0.2021,0.0008475116212479491,11
2025-09-02,2025-09-01,2025-09,SONATSOFTW,SHORT,09:15,-0.2132,0.0008475116212479491,12
2025-09-02,2025-09-01,2025-09,GABRIEL,SHORT,09:15,-3.1415,0.0008475116212479491,13
2025-09-02,2025-09-01,2025-09,TORNTPOWER,SHORT,09:15,-3.4489,0.0008475116212479491,14
2025-09-03,2025-09-02,2025-09,GABRIEL,SHORT,09:15,3.0375,-0.012694885384148787,1
2025-09-03,2025-09-02,2025-09,ATHERENERG,SHORT,09:15,0.3033,-0.012694885384148787,2
2025-09-03,2025-09-02,2025-09,NAVA,SHORT,09:15,0.4762,-0.012694885384148787,3
2025-09-03,2025-09-02,2025-09,BALRAMCHIN,SHORT,09:15,2.1781,-0.012694885384148787,4
2025-09-03,2025-09-02,2025-09,PHOENIXLTD,SHORT,09:15,2.7906,-0.012694885384148787,5
2025-09-03,2025-09-02,2025-09,GALLANTT,SHORT,09:15,-3.3653,-0.012694885384148787,6
2025-09-03,2025-09-02,2025-09,SAREGAMA,SHORT,09:15,-0.0162,-0.012694885384148787,7
2025-09-03,2025-09-02,2025-09,PREMIERENE,SHORT,09:15,0.3002,-0.012694885384148787,8
2025-09-03,2025-09-02,2025-09,COALINDIA,SHORT,09:15,-2.3241,-0.012694885384148787,9
2025-09-03,2025-09-02,2025-09,PGEL,SHORT,09:15,1.3387,-0.012694885384148787,10
2025-09-03,2025-09-02,2025-09,SYRMA,SHORT,09:15,-4.8586,-0.012694885384148787,11
2025-09-05,2025-09-04,2025-09,M&M,SHORT,09:15,-1.5024,-0.32980052154491163,1
2025-09-05,2025-09-04,2025-09,BRITANNIA,SHORT,09:15,-0.3216,-0.32980052154491163,2
2025-09-05,2025-09-04,2025-09,DABUR,SHORT,09:15,1.1098,-0.32980052154491163,3
2025-09-05,2025-09-04,2025-09,GICRE,SHORT,09:15,-0.1055,-0.32980052154491163,4
2025-09-05,2025-09-04,2025-09,ITC,SHORT,09:15,2.0466,-0.32980052154491163,5
2025-09-05,2025-09-04,2025-09,FIRSTCRY,SHORT,09:16,-11.7968,-0.32980052154491163,6
2025-09-05,2025-09-04,2025-09,CARTRADE,SHORT,09:15,-2.438,-0.32980052154491163,7
2025-09-05,2025-09-04,2025-09,GABRIEL,SHORT,09:15,2.1635,-0.32980052154491163,8
2025-09-05,2025-09-04,2025-09,JKTYRE,SHORT,09:15,-0.7864,-0.32980052154491163,9
2025-09-05,2025-09-04,2025-09,OLAELEC,SHORT,09:15,5.9649,-0.32980052154491163,10
2025-09-05,2025-09-04,2025-09,TBOTEK,SHORT,09:15,-2.2842,-0.32980052154491163,11
2025-09-05,2025-09-04,2025-09,SAPPHIRE,SHORT,09:15,1.3024,-0.32980052154491163,12
2025-09-05,2025-09-04,2025-09,NESTLEIND,SHORT,09:15,0.3727,-0.32980052154491163,13
2025-09-05,2025-09-04,2025-09,POLICYBZR,SHORT,09:15,2.3746,-0.32980052154491163,14
2025-09-05,2025-09-04,2025-09,AMBER,SHORT,09:15,-1.0466,-0.32980052154491163,15
2025-09-09,2025-09-08,2025-09,NETWEB,SHORT,09:15,1.4658,-0.4245580080649957,1
2025-09-09,2025-09-08,2025-09,MSUMI,SHORT,09:15,-3.2614,-0.4245580080649957,2
2025-09-09,2025-09-08,2025-09,ACMESOLAR,SHORT,09:15,0.5544,-0.4245580080649957,3
2025-09-09,2025-09-08,2025-09,FIRSTCRY,SHORT,09:15,-1.3806,-0.4245580080649957,4
2025-09-09,2025-09-08,2025-09,TBOTEK,SHORT,09:15,-2.6938,-0.4245580080649957,5
2025-09-09,2025-09-08,2025-09,JUBLPHARMA,SHORT,09:15,-1.0953,-0.4245580080649957,6
2025-09-09,2025-09-08,2025-09,LLOYDSME,SHORT,09:15,-1.3679,-0.4245580080649957,7
2025-09-09,2025-09-08,2025-09,TATASTEEL,SHORT,09:15,-0.1412,-0.4245580080649957,8
2025-09-09,2025-09-08,2025-09,GMDCLTD,SHORT,09:15,2.5271,-0.4245580080649957,9
2025-09-09,2025-09-08,2025-09,SAREGAMA,SHORT,09:15,1.142,-0.4245580080649957,10
2025-09-09,2025-09-08,2025-09,JINDALSTEL,SHORT,09:15,0.8409,-0.4245580080649957,11
2025-09-09,2025-09-08,2025-09,TEJASNET,SHORT,09:15,1.0705,-0.4245580080649957,12
2025-09-09,2025-09-08,2025-09,UNOMINDA,SHORT,09:15,1.1788,-0.4245580080649957,13
2025-09-09,2025-09-08,2025-09,COHANCE,SHORT,09:15,-3.121,-0.4245580080649957,14
2025-09-09,2025-09-08,2025-09,GALLANTT,SHORT,09:15,-2.0867,-0.4245580080649957,15
2025-09-10,2025-09-09,2025-09,ATHERENERG,SHORT,09:15,6.6833,0.37357297259381655,1
2025-09-10,2025-09-09,2025-09,MSUMI,SHORT,09:15,1.3267,0.37357297259381655,2
2025-09-10,2025-09-09,2025-09,APTUS,SHORT,09:15,2.6197,0.37357297259381655,3
2025-09-10,2025-09-09,2025-09,FORCEMOT,SHORT,09:15,0.0517,0.37357297259381655,4
2025-09-10,2025-09-09,2025-09,RAMCOCEM,SHORT,09:15,1.3064,0.37357297259381655,5
2025-09-10,2025-09-09,2025-09,EIHOTEL,SHORT,09:15,1.5979,0.37357297259381655,6
2025-09-10,2025-09-09,2025-09,RAILTEL,SHORT,09:15,0.6465,0.37357297259381655,7
2025-09-10,2025-09-09,2025-09,GMRAIRPORT,SHORT,09:15,-0.007,0.37357297259381655,8
2025-09-10,2025-09-09,2025-09,ZENSARTECH,SHORT,09:15,-5.6188,0.37357297259381655,9
2025-09-10,2025-09-09,2025-09,AFFLE,SHORT,09:15,2.2784,0.37357297259381655,10
2025-09-10,2025-09-09,2025-09,INTELLECT,SHORT,09:15,-6.7755,0.37357297259381655,11
2025-09-11,2025-09-10,2025-09,AEGISVOPAK,SHORT,09:15,-0.4944,0.47564893007370657,1
2025-09-11,2025-09-10,2025-09,PTCIL,SHORT,09:15,-0.7198,0.47564893007370657,2
2025-09-11,2025-09-10,2025-09,ZENTEC,SHORT,09:15,3.516,0.47564893007370657,3
2025-09-11,2025-09-10,2025-09,BHARATFORG,SHORT,09:15,-1.0293,0.47564893007370657,4
2025-09-11,2025-09-10,2025-09,THERMAX,SHORT,09:15,1.0529,0.47564893007370657,5
2025-09-11,2025-09-10,2025-09,IFCI,SHORT,09:15,-0.5335,0.47564893007370657,6
2025-09-11,2025-09-10,2025-09,AUROPHARMA,SHORT,09:15,-4.3558,0.47564893007370657,7
2025-09-11,2025-09-10,2025-09,PCBL,SHORT,09:15,-1.1832,0.47564893007370657,8
2025-09-11,2025-09-10,2025-09,ADANIPOWER,SHORT,09:15,1.774,0.47564893007370657,9
2025-09-11,2025-09-10,2025-09,BDL,SHORT,dual_0915_0916,1.0935,0.47564893007370657,10
2025-09-11,2025-09-10,2025-09,INTELLECT,SHORT,09:15,-0.0122,0.47564893007370657,11
2025-09-11,2025-09-10,2025-09,OFSS,SHORT,09:15,6.8406,0.47564893007370657,12
2025-09-11,2025-09-10,2025-09,VTL,SHORT,09:15,0.5288,0.47564893007370657,13
2025-09-11,2025-09-10,2025-09,ABREL,SHORT,09:15,0.0498,0.47564893007370657,14
2025-09-11,2025-09-10,2025-09,ADANIPORTS,SHORT,09:15,0.6073,0.47564893007370657,15
2025-09-15,2025-09-12,2025-09,COCHINSHIP,SHORT,09:15,-2.947,0.5454302242848522,1
2025-09-15,2025-09-12,2025-09,ABDL,SHORT,09:15,-1.3524,0.5454302242848522,2
2025-09-15,2025-09-12,2025-09,TEGA,SHORT,09:15,-1.539,0.5454302242848522,3
2025-09-15,2025-09-12,2025-09,ABFRL,SHORT,09:15,1.2914,0.5454302242848522,4
2025-09-15,2025-09-12,2025-09,WAAREEENER,SHORT,09:15,1.3233,0.5454302242848522,5
2025-09-15,2025-09-12,2025-09,INFY,SHORT,09:15,0.9568,0.5454302242848522,6
2025-09-15,2025-09-12,2025-09,TRAVELFOOD,SHORT,09:15,2.4274,0.5454302242848522,7
2025-09-15,2025-09-12,2025-09,GMDCLTD,SHORT,09:15,0.8847,0.5454302242848522,8
2025-09-15,2025-09-12,2025-09,HINDCOPPER,SHORT,09:15,0.2205,0.5454302242848522,9
2025-09-15,2025-09-12,2025-09,GRSE,SHORT,09:15,2.9998,0.5454302242848522,10
2025-09-15,2025-09-12,2025-09,THELEELA,SHORT,09:15,0.2604,0.5454302242848522,11
2025-09-15,2025-09-12,2025-09,CARBORUNIV,SHORT,09:15,2.5714,0.5454302242848522,12
2025-09-15,2025-09-12,2025-09,ANURAS,SHORT,09:15,-0.0068,0.5454302242848522,13
2025-09-16,2025-09-15,2025-09,PTCIL,SHORT,09:15,-0.2314,0.4363331351686144,1
2025-09-16,2025-09-15,2025-09,OLAELEC,SHORT,09:15,2.2406,0.4363331351686144,2
2025-09-16,2025-09-15,2025-09,CHALET,SHORT,09:15,0.3561,0.4363331351686144,3
2025-09-16,2025-09-15,2025-09,GABRIEL,SHORT,09:15,-0.8636,0.4363331351686144,4
2025-09-16,2025-09-15,2025-09,HAL,SHORT,09:15,-1.0555,0.4363331351686144,5
2025-09-16,2025-09-15,2025-09,ASAHIINDIA,SHORT,09:15,1.771,0.4363331351686144,6
2025-09-16,2025-09-15,2025-09,ACMESOLAR,SHORT,09:15,-0.209,0.4363331351686144,7
2025-09-16,2025-09-15,2025-09,JBMA,SHORT,09:15,2.3238,0.4363331351686144,8
2025-09-16,2025-09-15,2025-09,BALRAMCHIN,SHORT,09:15,0.6298,0.4363331351686144,9
2025-09-16,2025-09-15,2025-09,ENGINERSIN,SHORT,09:15,1.1776,0.4363331351686144,10
2025-09-16,2025-09-15,2025-09,VEDL,SHORT,09:15,-1.1558,0.4363331351686144,11
2025-09-16,2025-09-15,2025-09,SBICARD,SHORT,09:15,0.1413,0.4363331351686144,12
2025-09-16,2025-09-15,2025-09,MMTC,SHORT,09:15,0.5474,0.4363331351686144,13
2025-09-18,2025-09-17,2025-09,ELGIEQUIP,SHORT,09:15,-1.1825,0.18135788775233022,1
2025-09-18,2025-09-17,2025-09,NETWEB,SHORT,09:15,-2.7912,0.18135788775233022,2
2025-09-18,2025-09-17,2025-09,CASTROLIND,SHORT,09:15,1.1352,0.18135788775233022,3
2025-09-18,2025-09-17,2025-09,ANURAS,SHORT,09:15,0.6002,0.18135788775233022,4
2025-09-18,2025-09-17,2025-09,ENGINERSIN,SHORT,09:15,1.455,0.18135788775233022,5
2025-09-18,2025-09-17,2025-09,DCMSHRIRAM,SHORT,09:15,1.1253,0.18135788775233022,6
2025-09-18,2025-09-17,2025-09,GRSE,SHORT,09:15,-0.1963,0.18135788775233022,7
2025-09-18,2025-09-17,2025-09,IEX,SHORT,09:15,0.5389,0.18135788775233022,8
2025-09-18,2025-09-17,2025-09,PERSISTENT,SHORT,09:15,-0.1061,0.18135788775233022,9
2025-09-18,2025-09-17,2025-09,WELSPUNLIV,SHORT,09:15,1.2352,0.18135788775233022,10
2025-09-22,2025-09-19,2025-09,PCBL,SHORT,09:15,0.4604,1.4957474986381507,1
2025-09-22,2025-09-19,2025-09,IPCALAB,SHORT,09:15,0.3181,1.4957474986381507,2
2025-09-22,2025-09-19,2025-09,PARADEEP,SHORT,09:15,0.3965,1.4957474986381507,3
2025-09-22,2025-09-19,2025-09,SUMICHEM,SHORT,09:15,3.2786,1.4957474986381507,4
2025-09-22,2025-09-19,2025-09,SWIGGY,SHORT,09:15,2.3794,1.4957474986381507,5
2025-09-22,2025-09-19,2025-09,JSL,SHORT,09:15,-0.6732,1.4957474986381507,6
2025-09-22,2025-09-19,2025-09,HEXT,SHORT,09:15,5.4376,1.4957474986381507,7
2025-09-22,2025-09-19,2025-09,TBOTEK,SHORT,09:15,0.55,1.4957474986381507,8
2025-09-22,2025-09-19,2025-09,GABRIEL,SHORT,09:15,1.0816,1.4957474986381507,9
2025-09-22,2025-09-19,2025-09,AFCONS,SHORT,09:15,0.7151,1.4957474986381507,10
2025-09-22,2025-09-19,2025-09,LALPATHLAB,SHORT,09:15,1.8001,1.4957474986381507,11
2025-09-22,2025-09-19,2025-09,KPRMILL,SHORT,09:15,0.2916,1.4957474986381507,12
2025-09-22,2025-09-19,2025-09,GILLETTE,SHORT,09:15,1.2228,1.4957474986381507,13
2025-09-22,2025-09-19,2025-09,HYUNDAI,SHORT,09:15,3.2448,1.4957474986381507,14
2025-09-22,2025-09-19,2025-09,BAYERCROP,SHORT,09:15,1.9328,1.4957474986381507,15
2025-09-23,2025-09-22,2025-09,SCI,SHORT,09:15,1.1689,1.6846529337110783,1
2025-09-23,2025-09-22,2025-09,GRSE,SHORT,09:15,-0.0277,1.6846529337110783,2
2025-09-23,2025-09-22,2025-09,URBANCO,SHORT,09:15,3.8391,1.6846529337110783,3
2025-09-23,2025-09-22,2025-09,HYUNDAI,SHORT,09:15,3.6093,1.6846529337110783,4
2025-09-23,2025-09-22,2025-09,COCHINSHIP,SHORT,09:15,1.743,1.6846529337110783,5
2025-09-23,2025-09-22,2025-09,BALKRISIND,SHORT,09:15,1.8982,1.6846529337110783,6
2025-09-23,2025-09-22,2025-09,SBILIFE,SHORT,09:15,2.2771,1.6846529337110783,7
2025-09-23,2025-09-22,2025-09,CARTRADE,SHORT,09:15,-0.7905,1.6846529337110783,8
2025-09-23,2025-09-22,2025-09,ATGL,SHORT,09:15,8.5943,1.6846529337110783,9
2025-09-23,2025-09-22,2025-09,NETWEB,SHORT,09:15,1.0471,1.6846529337110783,10
2025-09-23,2025-09-22,2025-09,MMTC,SHORT,09:15,1.3673,1.6846529337110783,11
2025-09-23,2025-09-22,2025-09,SARDAEN,SHORT,09:15,-0.2636,1.6846529337110783,12
2025-09-23,2025-09-22,2025-09,RRKABEL,SHORT,09:15,-0.5017,1.6846529337110783,13
2025-09-23,2025-09-22,2025-09,UNITDSPR,SHORT,09:15,-0.3757,1.6846529337110783,14
2025-09-24,2025-09-23,2025-09,KEC,SHORT,09:15,1.0377,0.649593197731419,1
2025-09-24,2025-09-23,2025-09,ATGL,SHORT,09:15,8.0601,0.649593197731419,2
2025-09-24,2025-09-23,2025-09,MARUTI,SHORT,09:15,-0.4775,0.649593197731419,3
2025-09-24,2025-09-23,2025-09,EICHERMOT,SHORT,09:15,-1.1316,0.649593197731419,4
2025-09-24,2025-09-23,2025-09,JKTYRE,SHORT,09:15,1.9797,0.649593197731419,5
2025-09-24,2025-09-23,2025-09,M&M,SHORT,09:15,0.823,0.649593197731419,6
2025-09-24,2025-09-23,2025-09,JBMA,SHORT,09:15,1.5242,0.649593197731419,7
2025-09-24,2025-09-23,2025-09,ANURAS,SHORT,09:15,-1.0926,0.649593197731419,8
2025-09-24,2025-09-23,2025-09,TATAINVEST,SHORT,09:15,-5.7698,0.649593197731419,9
2025-09-24,2025-09-23,2025-09,RRKABEL,SHORT,09:15,1.5426,0.649593197731419,10
2025-09-26,2025-09-25,2025-09,RAILTEL,SHORT,09:15,0.641,1.67089429733932,1
2025-09-26,2025-09-25,2025-09,ADANIPOWER,SHORT,09:15,2.9322,1.67089429733932,2
2025-09-26,2025-09-25,2025-09,ONESOURCE,SHORT,09:15,-2.0607,1.67089429733932,3
2025-09-26,2025-09-25,2025-09,NEWGEN,SHORT,09:15,1.5578,1.67089429733932,4
2025-09-26,2025-09-25,2025-09,AEGISVOPAK,SHORT,09:15,0.0218,1.67089429733932,5
2025-09-26,2025-09-25,2025-09,BHARTIHEXA,SHORT,09:15,2.0805,1.67089429733932,6
2025-09-26,2025-09-25,2025-09,NETWEB,SHORT,09:15,-1.1429,1.67089429733932,7
2025-09-26,2025-09-25,2025-09,GLENMARK,SHORT,09:15,1.8593,1.67089429733932,8
2025-09-26,2025-09-25,2025-09,PAGEIND,SHORT,09:15,1.7577,1.67089429733932,9
2025-09-26,2025-09-25,2025-09,GRSE,SHORT,09:15,3.8377,1.67089429733932,10
2025-09-26,2025-09-25,2025-09,MMTC,SHORT,09:15,3.6915,1.67089429733932,11
2025-09-26,2025-09-25,2025-09,SYRMA,SHORT,09:15,3.3501,1.67089429733932,12
2025-09-26,2025-09-25,2025-09,ECLERX,SHORT,09:15,2.0894,1.67089429733932,13
2025-09-26,2025-09-25,2025-09,SARDAEN,SHORT,09:15,2.7771,1.67089429733932,14
2025-09-30,2025-09-29,2025-09,REDINGTON,SHORT,09:15,4.6607,-0.36266904058611615,1
2025-09-30,2025-09-29,2025-09,CHOLAHLDNG,SHORT,09:15,2.9105,-0.36266904058611615,2
2025-09-30,2025-09-29,2025-09,KARURVYSYA,SHORT,09:15,1.7096,-0.36266904058611615,3
2025-09-30,2025-09-29,2025-09,NIVABUPA,SHORT,09:15,0.8011,-0.36266904058611615,4
2025-09-30,2025-09-29,2025-09,GLAND,SHORT,09:15,0.0583,-0.36266904058611615,5
2025-09-30,2025-09-29,2025-09,KPRMILL,SHORT,09:15,3.3297,-0.36266904058611615,6
2025-09-30,2025-09-29,2025-09,VMM,SHORT,09:15,-0.6392,-0.36266904058611615,7
2025-09-30,2025-09-29,2025-09,COROMANDEL,SHORT,09:15,-0.7515,-0.36266904058611615,8
2025-09-30,2025-09-29,2025-09,AEGISVOPAK,SHORT,09:15,-3.4081,-0.36266904058611615,9
2025-09-30,2025-09-29,2025-09,SCHAEFFLER,SHORT,09:15,-0.4552,-0.36266904058611615,10
2025-09-30,2025-09-29,2025-09,SPLPETRO,SHORT,09:16,2.2805,-0.36266904058611615,11
2025-09-30,2025-09-29,2025-09,TATAINVEST,SHORT,09:15,-18.9764,-0.36266904058611615,12
2025-09-30,2025-09-29,2025-09,APTUS,SHORT,09:15,-0.6986,-0.36266904058611615,13
2025-09-30,2025-09-29,2025-09,GPIL,SHORT,09:16,1.8462,-0.36266904058611615,14
2025-09-30,2025-09-29,2025-09,ITCHOTELS,SHORT,09:15,1.8924,-0.36266904058611615,15
2025-10-01,2025-09-30,2025-10,TATAINVEST,SHORT,09:15,0.174,-0.370800922186259,1
2025-10-01,2025-09-30,2025-10,ONESOURCE,SHORT,09:15,1.1922,-0.370800922186259,2
2025-10-01,2025-09-30,2025-10,GODIGIT,SHORT,09:15,0.3697,-0.370800922186259,3
2025-10-01,2025-09-30,2025-10,SAMMAANCAP,SHORT,09:15,-6.1086,-0.370800922186259,4
2025-10-01,2025-09-30,2025-10,ASAHIINDIA,SHORT,09:15,-0.4468,-0.370800922186259,5
2025-10-01,2025-09-30,2025-10,AEGISVOPAK,SHORT,09:15,0.0657,-0.370800922186259,6
2025-10-01,2025-09-30,2025-10,SPLPETRO,SHORT,09:15,3.2072,-0.370800922186259,7
2025-10-01,2025-09-30,2025-10,PTCIL,SHORT,09:15,-2.6003,-0.370800922186259,8
2025-10-01,2025-09-30,2025-10,MAPMYINDIA,SHORT,09:15,-0.0984,-0.370800922186259,9
2025-10-01,2025-09-30,2025-10,BLUEDART,SHORT,09:15,1.0873,-0.370800922186259,10
2025-10-01,2025-09-30,2025-10,SUNDARMFIN,SHORT,09:15,-2.286,-0.370800922186259,11
2025-10-01,2025-09-30,2025-10,UNITDSPR,SHORT,09:15,-1.0599,-0.370800922186259,12
2025-10-01,2025-09-30,2025-10,TBOTEK,SHORT,09:15,0.5342,-0.370800922186259,13
2025-10-01,2025-09-30,2025-10,AJANTPHARM,SHORT,09:15,-0.4673,-0.370800922186259,14
2025-10-01,2025-09-30,2025-10,CRAFTSMAN,SHORT,09:15,0.8751,-0.370800922186259,15
2025-10-03,2025-10-01,2025-10,SUNTV,SHORT,09:15,1.5044,1.5996477239481877,1
2025-10-03,2025-10-01,2025-10,TATAINVEST,SHORT,09:15,5.7073,1.5996477239481877,2
2025-10-03,2025-10-01,2025-10,JAINREC,SHORT,09:15,6.1251,1.5996477239481877,3
2025-10-03,2025-10-01,2025-10,RAILTEL,SHORT,09:15,-0.795,1.5996477239481877,4
2025-10-03,2025-10-01,2025-10,PFIZER,SHORT,09:15,-0.6134,1.5996477239481877,5
2025-10-03,2025-10-01,2025-10,ADANIENT,SHORT,09:15,0.142,1.5996477239481877,6
2025-10-03,2025-10-01,2025-10,GMRAIRPORT,SHORT,09:15,0.2165,1.5996477239481877,7
2025-10-03,2025-10-01,2025-10,NEWGEN,SHORT,09:15,0.9865,1.5996477239481877,8
2025-10-03,2025-10-01,2025-10,SAMMAANCAP,SHORT,dual_0915_0916,2.2763,1.5996477239481877,9
2025-10-03,2025-10-01,2025-10,ADANIPOWER,SHORT,09:15,3.4478,1.5996477239481877,10
2025-10-03,2025-10-01,2025-10,KPITTECH,SHORT,09:15,-0.3365,1.5996477239481877,11
2025-10-03,2025-10-01,2025-10,NEULANDLAB,SHORT,09:15,1.1894,1.5996477239481877,12
2025-10-03,2025-10-01,2025-10,AIAENG,SHORT,09:15,0.945,1.5996477239481877,13
2025-10-06,2025-10-03,2025-10,NETWEB,SHORT,09:15,2.7557,0.2879527053054964,1
2025-10-06,2025-10-03,2025-10,IFCI,SHORT,09:15,1.542,0.2879527053054964,2
2025-10-06,2025-10-03,2025-10,TRAVELFOOD,SHORT,09:15,1.0897,0.2879527053054964,3
2025-10-06,2025-10-03,2025-10,GABRIEL,SHORT,09:15,0.4158,0.2879527053054964,4
2025-10-06,2025-10-03,2025-10,NAM-INDIA,SHORT,09:15,2.3598,0.2879527053054964,5
2025-10-06,2025-10-03,2025-10,TATAINVEST,SHORT,09:16,4.8112,0.2879527053054964,6
2025-10-06,2025-10-03,2025-10,TTML,SHORT,09:15,-0.3164,0.2879527053054964,7
2025-10-06,2025-10-03,2025-10,HONASA,SHORT,09:15,-3.4964,0.2879527053054964,8
2025-10-06,2025-10-03,2025-10,SBICARD,SHORT,09:15,-1.0211,0.2879527053054964,9
2025-10-06,2025-10-03,2025-10,GRAVITA,SHORT,09:15,2.4089,0.2879527053054964,10
2025-10-06,2025-10-03,2025-10,NH,SHORT,09:15,-1.6637,0.2879527053054964,11
2025-10-06,2025-10-03,2025-10,KALYANKJIL,SHORT,09:15,1.654,0.2879527053054964,12
2025-10-06,2025-10-03,2025-10,MRPL,SHORT,09:15,-2.8815,0.2879527053054964,13
2025-10-06,2025-10-03,2025-10,NEULANDLAB,SHORT,09:15,1.4209,0.2879527053054964,14
2025-10-06,2025-10-03,2025-10,ATHERENERG,SHORT,09:15,-4.7595,0.2879527053054964,15
2025-10-07,2025-10-06,2025-10,ONESOURCE,SHORT,09:15,0.1007,-0.15818888157655145,1
2025-10-07,2025-10-06,2025-10,KAYNES,SHORT,09:15,-1.1228,-0.15818888157655145,2
2025-10-07,2025-10-06,2025-10,CHENNPETRO,SHORT,09:15,0.8202,-0.15818888157655145,3
2025-10-07,2025-10-06,2025-10,MRPL,SHORT,09:15,-0.1448,-0.15818888157655145,4
2025-10-07,2025-10-06,2025-10,CHOLAFIN,SHORT,09:15,0.3556,-0.15818888157655145,5
2025-10-07,2025-10-06,2025-10,SAMMAANCAP,SHORT,09:15,-1.4389,-0.15818888157655145,6
2025-10-07,2025-10-06,2025-10,M&MFIN,SHORT,09:15,0.603,-0.15818888157655145,7
2025-10-07,2025-10-06,2025-10,BANKBARODA,SHORT,09:15,1.4439,-0.15818888157655145,8
2025-10-07,2025-10-06,2025-10,SBFC,SHORT,09:15,-0.0333,-0.15818888157655145,9
2025-10-07,2025-10-06,2025-10,POONAWALLA,SHORT,09:15,-0.7329,-0.15818888157655145,10
2025-10-07,2025-10-06,2025-10,HEG,SHORT,09:15,1.8721,-0.15818888157655145,11
2025-10-07,2025-10-06,2025-10,JAINREC,SHORT,09:15,-4.1886,-0.15818888157655145,12
2025-10-07,2025-10-06,2025-10,ABLBL,SHORT,09:15,0.4095,-0.15818888157655145,13
2025-10-08,2025-10-07,2025-10,ANANTRAJ,SHORT,09:15,2.6696,0.9471790338976406,1
2025-10-08,2025-10-07,2025-10,IRCON,SHORT,09:15,2.2138,0.9471790338976406,2
2025-10-08,2025-10-07,2025-10,BLS,SHORT,09:15,2.4189,0.9471790338976406,3
2025-10-08,2025-10-07,2025-10,COFORGE,SHORT,09:15,-1.6845,0.9471790338976406,4
2025-10-08,2025-10-07,2025-10,MRPL,SHORT,09:15,1.54,0.9471790338976406,5
2025-10-08,2025-10-07,2025-10,RHIM,SHORT,09:15,4.6471,0.9471790338976406,6
2025-10-08,2025-10-07,2025-10,JAINREC,SHORT,09:15,1.2581,0.9471790338976406,7
2025-10-08,2025-10-07,2025-10,CHENNPETRO,SHORT,09:15,0.301,0.9471790338976406,8
2025-10-08,2025-10-07,2025-10,URBANCO,SHORT,09:15,2.7852,0.9471790338976406,9
2025-10-08,2025-10-07,2025-10,ANANDRATHI,SHORT,09:15,-2.4361,0.9471790338976406,10
2025-10-08,2025-10-07,2025-10,HINDCOPPER,SHORT,09:15,-2.7924,0.9471790338976406,11
2025-10-08,2025-10-07,2025-10,TATAINVEST,SHORT,09:15,-0.4246,0.9471790338976406,12
2025-10-08,2025-10-07,2025-10,BHARTIHEXA,SHORT,09:15,1.3563,0.9471790338976406,13
2025-10-08,2025-10-07,2025-10,IDEA,SHORT,09:15,1.9488,0.9471790338976406,14
2025-10-08,2025-10-07,2025-10,POLICYBZR,SHORT,09:15,0.4063,0.9471790338976406,15
2025-10-09,2025-10-08,2025-10,WELSPUNLIV,SHORT,09:15,-2.4455,0.1157241270250682,1
2025-10-09,2025-10-08,2025-10,MMTC,SHORT,09:15,-1.8318,0.1157241270250682,2
2025-10-09,2025-10-08,2025-10,ATHERENERG,SHORT,09:15,2.4386,0.1157241270250682,3
2025-10-09,2025-10-08,2025-10,GABRIEL,SHORT,09:15,1.736,0.1157241270250682,4
2025-10-09,2025-10-08,2025-10,ITI,SHORT,09:15,5.2843,0.1157241270250682,5
2025-10-09,2025-10-08,2025-10,ABLBL,SHORT,09:15,-2.1664,0.1157241270250682,6
2025-10-09,2025-10-08,2025-10,HEG,SHORT,09:15,-2.2612,0.1157241270250682,7
2025-10-09,2025-10-08,2025-10,RHIM,SHORT,09:15,1.304,0.1157241270250682,8
2025-10-09,2025-10-08,2025-10,GMDCLTD,SHORT,09:15,-5.8323,0.1157241270250682,9
2025-10-09,2025-10-08,2025-10,HYUNDAI,SHORT,09:15,2.7448,0.1157241270250682,10
2025-10-09,2025-10-08,2025-10,IRB,SHORT,09:15,0.28,0.1157241270250682,11
2025-10-09,2025-10-08,2025-10,RPOWER,SHORT,09:15,0.9501,0.1157241270250682,12
2025-10-09,2025-10-08,2025-10,GRAPHITE,SHORT,09:15,1.3039,0.1157241270250682,13
2025-10-14,2025-10-13,2025-10,BSE,SHORT,09:15,1.9856,-0.07377233788326587,1
2025-10-14,2025-10-13,2025-10,ANGELONE,SHORT,09:15,-1.2669,-0.07377233788326587,2
2025-10-14,2025-10-13,2025-10,BLS,SHORT,09:16,1.9674,-0.07377233788326587,3
2025-10-14,2025-10-13,2025-10,RPOWER,SHORT,09:16,3.462,-0.07377233788326587,4
2025-10-14,2025-10-13,2025-10,PTCIL,SHORT,09:15,-0.2979,-0.07377233788326587,5
2025-10-14,2025-10-13,2025-10,MAPMYINDIA,SHORT,09:15,-10.098,-0.07377233788326587,6
2025-10-14,2025-10-13,2025-10,IDEA,SHORT,09:15,4.3748,-0.07377233788326587,7
2025-10-14,2025-10-13,2025-10,ATHERENERG,SHORT,09:15,-0.5683,-0.07377233788326587,8
2025-10-14,2025-10-13,2025-10,SCI,SHORT,09:15,0.004,-0.07377233788326587,9
2025-10-14,2025-10-13,2025-10,TATACHEM,SHORT,09:15,-0.3003,-0.07377233788326587,10
2025-10-15,2025-10-14,2025-10,MAPMYINDIA,SHORT,09:15,4.918,0.7631085934062437,1
2025-10-15,2025-10-14,2025-10,JUBLINGREA,SHORT,09:15,0.9626,0.7631085934062437,2
2025-10-15,2025-10-14,2025-10,BIKAJI,SHORT,09:15,3.2501,0.7631085934062437,3
2025-10-15,2025-10-14,2025-10,USHAMART,SHORT,09:15,2.3693,0.7631085934062437,4
2025-10-15,2025-10-14,2025-10,ASTERDM,SHORT,09:15,-1.1499,0.7631085934062437,5
2025-10-15,2025-10-14,2025-10,THELEELA,SHORT,09:15,1.258,0.7631085934062437,6
2025-10-15,2025-10-14,2025-10,ITI,SHORT,09:15,0.6408,0.7631085934062437,7
2025-10-15,2025-10-14,2025-10,SCI,SHORT,09:15,-0.7518,0.7631085934062437,8
2025-10-15,2025-10-14,2025-10,HFCL,SHORT,09:15,-2.9769,0.7631085934062437,9
2025-10-15,2025-10-14,2025-10,JAINREC,SHORT,09:15,0.613,0.7631085934062437,10
2025-10-15,2025-10-14,2025-10,NAM-INDIA,SHORT,09:15,-2.9405,0.7631085934062437,11
2025-10-15,2025-10-14,2025-10,WAAREEENER,SHORT,09:15,-0.8298,0.7631085934062437,12
2025-10-15,2025-10-14,2025-10,SYRMA,LONG,09:15,-1.5861,0.7631085934062437,13
2025-10-15,2025-10-14,2025-10,RHIM,SHORT,09:15,0.6447,0.7631085934062437,14
2025-10-15,2025-10-14,2025-10,TATAINVEST,SHORT,09:15,7.025,0.7631085934062437,15
2025-10-16,2025-10-15,2025-10,MSUMI,SHORT,09:15,0.3241,1.0401104716774352,1
2025-10-16,2025-10-15,2025-10,DCMSHRIRAM,SHORT,09:15,-0.2587,1.0401104716774352,2
2025-10-16,2025-10-15,2025-10,URBANCO,SHORT,09:15,4.4236,1.0401104716774352,3
2025-10-16,2025-10-15,2025-10,IGIL,SHORT,09:15,1.0261,1.0401104716774352,4
2025-10-16,2025-10-15,2025-10,BBTC,SHORT,09:15,1.9875,1.0401104716774352,5
2025-10-16,2025-10-15,2025-10,NAM-INDIA,SHORT,09:15,2.1948,1.0401104716774352,6
2025-10-16,2025-10-15,2025-10,JUBLINGREA,SHORT,09:15,-0.0628,1.0401104716774352,7
2025-10-16,2025-10-15,2025-10,TRENT,SHORT,09:15,-0.8828,1.0401104716774352,8
2025-10-16,2025-10-15,2025-10,BAYERCROP,SHORT,09:15,-0.359,1.0401104716774352,9
2025-10-16,2025-10-15,2025-10,GODFRYPHLP,SHORT,09:15,1.734,1.0401104716774352,10
2025-10-16,2025-10-15,2025-10,GABRIEL,SHORT,09:15,3.0248,1.0401104716774352,11
2025-10-16,2025-10-15,2025-10,CESC,SHORT,dual_0915_0916,0.8773,1.0401104716774352,12
2025-10-16,2025-10-15,2025-10,BAJAJHFL,SHORT,09:15,1.0645,1.0401104716774352,13
2025-10-16,2025-10-15,2025-10,ICICIGI,SHORT,09:15,0.152,1.0401104716774352,14
2025-10-16,2025-10-15,2025-10,NEWGEN,SHORT,09:15,0.3563,1.0401104716774352,15
2025-10-17,2025-10-16,2025-10,MRPL,SHORT,09:15,1.9431,-0.8343305756668864,1
2025-10-17,2025-10-16,2025-10,ASAHIINDIA,SHORT,09:15,-2.9679,-0.8343305756668864,2
2025-10-17,2025-10-16,2025-10,CYIENT,SHORT,09:15,-5.2534,-0.8343305756668864,3
2025-10-17,2025-10-16,2025-10,ATUL,SHORT,09:15,-1.26,-0.8343305756668864,4
2025-10-17,2025-10-16,2025-10,KIRLOSENG,SHORT,09:15,-0.8725,-0.8343305756668864,5
2025-10-17,2025-10-16,2025-10,CRAFTSMAN,SHORT,09:15,-0.1624,-0.8343305756668864,6
2025-10-17,2025-10-16,2025-10,ITI,SHORT,09:15,-0.899,-0.8343305756668864,7
2025-10-17,2025-10-16,2025-10,MAHABANK,SHORT,09:15,0.7494,-0.8343305756668864,8
2025-10-17,2025-10-16,2025-10,NEULANDLAB,SHORT,09:15,-0.4323,-0.8343305756668864,9
2025-10-17,2025-10-16,2025-10,NYKAA,SHORT,09:15,0.8046,-0.8343305756668864,10
2025-10-17,2025-10-16,2025-10,BLS,SHORT,09:15,-0.6633,-0.8343305756668864,11
2025-10-17,2025-10-16,2025-10,ETERNAL,SHORT,09:15,-0.9246,-0.8343305756668864,12
2025-10-17,2025-10-16,2025-10,AXISBANK,SHORT,09:15,-0.4396,-0.8343305756668864,13
2025-10-17,2025-10-16,2025-10,CHENNPETRO,LONG,09:15,-1.3027,-0.8343305756668864,14
2025-10-21,2025-10-20,2025-10,ACUTAAS,SHORT,09:15,-1.2021,-0.05857657890516147,1
2025-10-21,2025-10-20,2025-10,JAINREC,SHORT,09:15,5.3179,-0.05857657890516147,2
2025-10-21,2025-10-20,2025-10,AADHARHFC,SHORT,09:15,0.1975,-0.05857657890516147,3
2025-10-21,2025-10-20,2025-10,TBOTEK,SHORT,09:15,0.806,-0.05857657890516147,4
2025-10-21,2025-10-20,2025-10,ABDL,SHORT,09:15,-2.0936,-0.05857657890516147,5
2025-10-21,2025-10-20,2025-10,KARURVYSYA,SHORT,09:15,-1.486,-0.05857657890516147,6
2025-10-21,2025-10-20,2025-10,NETWEB,SHORT,09:15,1.6008,-0.05857657890516147,7
2025-10-21,2025-10-20,2025-10,CEATLTD,SHORT,09:15,-2.4709,-0.05857657890516147,8
2025-10-21,2025-10-20,2025-10,ECLERX,SHORT,09:15,-2.0169,-0.05857657890516147,9
2025-10-21,2025-10-20,2025-10,MRPL,SHORT,09:15,0.7614,-0.05857657890516147,10
2025-10-23,2025-10-21,2025-10,ATHERENERG,SHORT,09:15,4.9278,0.43155955352697956,1
2025-10-23,2025-10-21,2025-10,JAINREC,SHORT,09:15,-2.1734,0.43155955352697956,2
2025-10-23,2025-10-21,2025-10,GPIL,SHORT,09:15,-0.3565,0.43155955352697956,3
2025-10-23,2025-10-21,2025-10,USHAMART,SHORT,09:15,0.9859,0.43155955352697956,4
2025-10-23,2025-10-21,2025-10,WHIRLPOOL,SHORT,09:15,-0.8978,0.43155955352697956,5
2025-10-23,2025-10-21,2025-10,PTCIL,SHORT,09:15,0.5175,0.43155955352697956,6
2025-10-23,2025-10-21,2025-10,ADANIGREEN,SHORT,09:15,0.2352,0.43155955352697956,7
2025-10-23,2025-10-21,2025-10,BHARTIHEXA,SHORT,09:15,2.1809,0.43155955352697956,8
2025-10-23,2025-10-21,2025-10,INFY,SHORT,09:15,-1.0959,0.43155955352697956,9
2025-10-23,2025-10-21,2025-10,M&M,SHORT,09:15,0.0203,0.43155955352697956,10
2025-10-23,2025-10-21,2025-10,MAHABANK,SHORT,09:15,1.5537,0.43155955352697956,11
2025-10-23,2025-10-21,2025-10,TORNTPHARM,SHORT,09:15,-1.3988,0.43155955352697956,12
2025-10-23,2025-10-21,2025-10,BLS,SHORT,09:15,0.5218,0.43155955352697956,13
2025-10-23,2025-10-21,2025-10,HONASA,SHORT,09:15,1.4657,0.43155955352697956,14
2025-10-23,2025-10-21,2025-10,J&KBANK,SHORT,09:15,-0.0129,0.43155955352697956,15
2025-10-24,2025-10-23,2025-10,CGCL,SHORT,09:15,-1.1951,-0.4713112292921057,1
2025-10-24,2025-10-23,2025-10,VTL,SHORT,09:15,-3.8259,-0.4713112292921057,2
2025-10-24,2025-10-23,2025-10,WELSPUNLIV,SHORT,09:15,-0.8107,-0.4713112292921057,3
2025-10-24,2025-10-23,2025-10,NEWGEN,SHORT,09:15,0.5606,-0.4713112292921057,4
2025-10-24,2025-10-23,2025-10,LTM,SHORT,09:15,1.1562,-0.4713112292921057,5
2025-10-24,2025-10-23,2025-10,CANFINHOME,SHORT,09:15,1.5585,-0.4713112292921057,6
2025-10-24,2025-10-23,2025-10,TECHM,SHORT,09:15,0.6852,-0.4713112292921057,7
2025-10-24,2025-10-23,2025-10,TRIDENT,SHORT,09:15,0.2423,-0.4713112292921057,8
2025-10-24,2025-10-23,2025-10,BBTC,SHORT,09:15,1.2686,-0.4713112292921057,9
2025-10-24,2025-10-23,2025-10,SAGILITY,SHORT,09:15,0.3127,-0.4713112292921057,10
2025-10-24,2025-10-23,2025-10,PERSISTENT,SHORT,09:15,0.2526,-0.4713112292921057,11
2025-10-24,2025-10-23,2025-10,SUZLON,SHORT,09:15,1.3208,-0.4713112292921057,12
2025-10-24,2025-10-23,2025-10,SONATSOFTW,SHORT,09:15,0.455,-0.4713112292921057,13
2025-10-24,2025-10-23,2025-10,SCI,SHORT,09:15,-10.6389,-0.4713112292921057,14
2025-10-24,2025-10-23,2025-10,IGIL,SHORT,09:15,1.5886,-0.4713112292921057,15
2025-10-28,2025-10-27,2025-10,AEGISVOPAK,SHORT,09:15,0.4765,-1.87295158423568,1
2025-10-28,2025-10-27,2025-10,CARTRADE,SHORT,09:15,-12.6922,-1.87295158423568,2
2025-10-28,2025-10-27,2025-10,JAINREC,SHORT,09:15,-1.1322,-1.87295158423568,3
2025-10-28,2025-10-27,2025-10,NETWEB,SHORT,09:15,-7.0773,-1.87295158423568,4
2025-10-28,2025-10-27,2025-10,CHENNPETRO,SHORT,09:15,-6.7064,-1.87295158423568,5
2025-10-28,2025-10-27,2025-10,HINDCOPPER,SHORT,09:15,1.6864,-1.87295158423568,6
2025-10-28,2025-10-27,2025-10,TEJASNET,SHORT,09:15,0.2184,-1.87295158423568,7
2025-10-28,2025-10-27,2025-10,COFORGE,SHORT,09:15,1.631,-1.87295158423568,8
2025-10-28,2025-10-27,2025-10,ENDURANCE,SHORT,09:15,-0.2324,-1.87295158423568,9
2025-10-28,2025-10-27,2025-10,IFCI,SHORT,09:15,-0.0563,-1.87295158423568,10
2025-10-28,2025-10-27,2025-10,SHRIRAMFIN,SHORT,09:15,-0.7127,-1.87295158423568,11
2025-10-28,2025-10-27,2025-10,PTCIL,SHORT,09:15,2.1218,-1.87295158423568,12
2025-10-29,2025-10-28,2025-10,OLECTRA,SHORT,09:15,-1.8736,0.5636796994888014,1
2025-10-29,2025-10-28,2025-10,AMBER,SHORT,09:15,2.3572,0.5636796994888014,2
2025-10-29,2025-10-28,2025-10,ZYDUSWELL,SHORT,09:15,0.4895,0.5636796994888014,3
2025-10-29,2025-10-28,2025-10,IDEA,SHORT,09:15,1.2751,0.5636796994888014,4
2025-10-29,2025-10-28,2025-10,ONESOURCE,SHORT,09:15,-1.1986,0.5636796994888014,5
2025-10-29,2025-10-28,2025-10,KAYNES,SHORT,09:15,0.1533,0.5636796994888014,6
2025-10-29,2025-10-28,2025-10,DEVYANI,SHORT,09:15,-1.5132,0.5636796994888014,7
2025-10-29,2025-10-28,2025-10,NEWGEN,SHORT,09:15,1.3278,0.5636796994888014,8
2025-10-29,2025-10-28,2025-10,JKTYRE,SHORT,09:15,0.6067,0.5636796994888014,9
2025-10-29,2025-10-28,2025-10,NETWEB,SHORT,09:15,6.2254,0.5636796994888014,10
2025-10-29,2025-10-28,2025-10,POONAWALLA,SHORT,09:15,1.2087,0.5636796994888014,11
2025-10-29,2025-10-28,2025-10,SUNTV,SHORT,09:15,-2.2941,0.5636796994888014,12
2025-10-30,2025-10-29,2025-10,BLUEDART,SHORT,09:15,-0.135,-0.8215233463179712,1
2025-10-30,2025-10-29,2025-10,CARTRADE,SHORT,09:15,-2.1176,-0.8215233463179712,2
2025-10-30,2025-10-29,2025-10,CGPOWER,SHORT,09:15,2.5224,-0.8215233463179712,3
2025-10-30,2025-10-29,2025-10,CREDITACC,SHORT,09:16,-5.9074,-0.8215233463179712,4
2025-10-30,2025-10-29,2025-10,SAPPHIRE,SHORT,09:15,-2.1309,-0.8215233463179712,5
2025-10-30,2025-10-29,2025-10,NSLNISP,SHORT,09:16,2.7968,-0.8215233463179712,6
2025-10-30,2025-10-29,2025-10,DCMSHRIRAM,SHORT,09:15,0.8518,-0.8215233463179712,7
2025-10-30,2025-10-29,2025-10,NEWGEN,SHORT,09:15,2.7143,-0.8215233463179712,8
2025-10-30,2025-10-29,2025-10,ABREL,SHORT,09:15,-3.9441,-0.8215233463179712,9
2025-10-30,2025-10-29,2025-10,FIVESTAR,SHORT,09:15,-5.1389,-0.8215233463179712,10
2025-10-30,2025-10-29,2025-10,CHENNPETRO,SHORT,09:15,-8.4703,-0.8215233463179712,11
2025-10-30,2025-10-29,2025-10,ATGL,SHORT,09:15,-0.6337,-0.8215233463179712,12
2025-10-30,2025-10-29,2025-10,SARDAEN,SHORT,09:15,4.5337,-0.8215233463179712,13
2025-10-30,2025-10-29,2025-10,SCI,SHORT,09:15,1.569,-0.8215233463179712,14
2025-10-30,2025-10-29,2025-10,TARIL,SHORT,09:15,1.167,-0.8215233463179712,15
2025-10-31,2025-10-30,2025-10,HYUNDAI,SHORT,09:15,-0.5262,-0.06848613487974509,1
2025-10-31,2025-10-30,2025-10,FORCEMOT,SHORT,09:15,-3.1104,-0.06848613487974509,2
2025-10-31,2025-10-30,2025-10,MAPMYINDIA,SHORT,09:15,0.8835,-0.06848613487974509,3
2025-10-31,2025-10-30,2025-10,ADANIGREEN,SHORT,09:15,0.6952,-0.06848613487974509,4
2025-10-31,2025-10-30,2025-10,CGCL,SHORT,09:15,2.9895,-0.06848613487974509,5
2025-10-31,2025-10-30,2025-10,INDIACEM,SHORT,09:15,0.0862,-0.06848613487974509,6
2025-10-31,2025-10-30,2025-10,BLUEDART,SHORT,09:15,1.1734,-0.06848613487974509,7
2025-10-31,2025-10-30,2025-10,IFCI,SHORT,09:15,-0.1217,-0.06848613487974509,8
2025-10-31,2025-10-30,2025-10,MRPL,SHORT,09:15,-2.6192,-0.06848613487974509,9
2025-10-31,2025-10-30,2025-10,LT,SHORT,09:15,-0.7129,-0.06848613487974509,10
2025-10-31,2025-10-30,2025-10,ABCAPITAL,SHORT,09:15,0.5092,-0.06848613487974509,11
2025-11-03,2025-10-31,2025-11,TIMKEN,SHORT,09:15,2.2301,0.07576220755079546,1
2025-11-03,2025-10-31,2025-11,RHIM,SHORT,09:15,-0.1882,0.07576220755079546,2
2025-11-03,2025-10-31,2025-11,UNITDSPR,SHORT,09:15,-0.9195,0.07576220755079546,3
2025-11-03,2025-10-31,2025-11,GABRIEL,SHORT,09:15,-0.9792,0.07576220755079546,4
2025-11-03,2025-10-31,2025-11,BLUEDART,SHORT,09:15,1.8475,0.07576220755079546,5
2025-11-03,2025-10-31,2025-11,NEWGEN,SHORT,09:15,-1.1756,0.07576220755079546,6
2025-11-03,2025-10-31,2025-11,SAGILITY,SHORT,09:15,1.5822,0.07576220755079546,7
2025-11-03,2025-10-31,2025-11,APARINDS,LONG,09:15,-1.5237,0.07576220755079546,8
2025-11-03,2025-10-31,2025-11,PAGEIND,SHORT,09:15,0.9847,0.07576220755079546,9
2025-11-03,2025-10-31,2025-11,CUB,SHORT,09:15,-3.4131,0.07576220755079546,10
2025-11-03,2025-10-31,2025-11,MANAPPURAM,SHORT,09:16,0.5797,0.07576220755079546,11
2025-11-03,2025-10-31,2025-11,CHENNPETRO,SHORT,09:15,2.395,0.07576220755079546,12
2025-11-03,2025-10-31,2025-11,GODIGIT,SHORT,09:15,-1.2637,0.07576220755079546,13
2025-11-03,2025-10-31,2025-11,ASHOKLEY,SHORT,09:15,1.3087,0.07576220755079546,14
2025-11-03,2025-10-31,2025-11,INDIACEM,SHORT,09:15,-0.3284,0.07576220755079546,15
2025-11-04,2025-11-03,2025-11,GALLANTT,SHORT,09:15,1.2295,1.2296617744776979,1
2025-11-04,2025-11-03,2025-11,ADANIGREEN,SHORT,09:15,2.2538,1.2296617744776979,2
2025-11-04,2025-11-03,2025-11,IKS,SHORT,09:15,-2.3819,1.2296617744776979,3
2025-11-04,2025-11-03,2025-11,KPRMILL,SHORT,09:15,1.2884,1.2296617744776979,4
2025-11-04,2025-11-03,2025-11,NCC,SHORT,09:15,3.9713,1.2296617744776979,5
2025-11-04,2025-11-03,2025-11,INDUSTOWER,SHORT,09:15,-0.173,1.2296617744776979,6
2025-11-04,2025-11-03,2025-11,RRKABEL,SHORT,09:15,-2.4631,1.2296617744776979,7
2025-11-04,2025-11-03,2025-11,URBANCO,SHORT,09:16,1.015,1.2296617744776979,8
2025-11-04,2025-11-03,2025-11,GODFRYPHLP,SHORT,09:15,1.4994,1.2296617744776979,9
2025-11-04,2025-11-03,2025-11,APTUS,SHORT,09:16,2.1489,1.2296617744776979,10
2025-11-04,2025-11-03,2025-11,IDEA,SHORT,09:15,3.5004,1.2296617744776979,11
2025-11-04,2025-11-03,2025-11,WOCKPHARMA,SHORT,09:15,3.1402,1.2296617744776979,12
2025-11-04,2025-11-03,2025-11,ZENTEC,SHORT,09:15,0.9566,1.2296617744776979,13
2025-11-06,2025-11-04,2025-11,INTELLECT,SHORT,09:15,5.5538,1.5300176622431108,1
2025-11-06,2025-11-04,2025-11,ACUTAAS,SHORT,09:15,1.6557,1.5300176622431108,2
2025-11-06,2025-11-04,2025-11,TBOTEK,SHORT,09:15,0.4761,1.5300176622431108,3
2025-11-06,2025-11-04,2025-11,ALKEM,SHORT,09:15,0.5819,1.5300176622431108,4
2025-11-06,2025-11-04,2025-11,THELEELA,SHORT,09:15,3.9764,1.5300176622431108,5
2025-11-06,2025-11-04,2025-11,ATHERENERG,SHORT,09:16,-3.5789,1.5300176622431108,6
2025-11-06,2025-11-04,2025-11,APOLLOTYRE,SHORT,09:15,3.2222,1.5300176622431108,7
2025-11-06,2025-11-04,2025-11,JKTYRE,SHORT,09:15,2.2831,1.5300176622431108,8
2025-11-06,2025-11-04,2025-11,RRKABEL,SHORT,09:15,1.9198,1.5300176622431108,9
2025-11-06,2025-11-04,2025-11,CANHLIFE,SHORT,09:15,-0.7897,1.5300176622431108,10
2025-11-07,2025-11-06,2025-11,EMCURE,SHORT,09:15,-0.0937,0.020459718819719832,1
2025-11-07,2025-11-06,2025-11,BRITANNIA,SHORT,09:15,-3.0242,0.020459718819719832,2
2025-11-07,2025-11-06,2025-11,CUB,SHORT,09:15,-1.076,0.020459718819719832,3
2025-11-07,2025-11-06,2025-11,FORCEMOT,SHORT,09:15,-1.1724,0.020459718819719832,4
2025-11-07,2025-11-06,2025-11,INTELLECT,SHORT,09:15,-0.5245,0.020459718819719832,5
2025-11-07,2025-11-06,2025-11,DEEPAKFERT,SHORT,09:16,0.8802,0.020459718819719832,6
2025-11-07,2025-11-06,2025-11,GRSE,SHORT,09:15,-0.1759,0.020459718819719832,7
2025-11-07,2025-11-06,2025-11,INDIGO,SHORT,09:15,1.3283,0.020459718819719832,8
2025-11-07,2025-11-06,2025-11,RBLBANK,SHORT,09:15,-1.2203,0.020459718819719832,9
2025-11-07,2025-11-06,2025-11,CHOLAHLDNG,SHORT,09:15,4.4654,0.020459718819719832,10
2025-11-07,2025-11-06,2025-11,JYOTICNC,SHORT,09:15,1.3866,0.020459718819719832,11
2025-11-07,2025-11-06,2025-11,ASHOKLEY,SHORT,09:15,-0.328,0.020459718819719832,12
2025-11-07,2025-11-06,2025-11,BLUESTARCO,SHORT,09:16,0.7111,0.020459718819719832,13
2025-11-07,2025-11-06,2025-11,DELHIVERY,LONG,09:15,-0.8702,0.020459718819719832,14
2025-11-10,2025-11-07,2025-11,CREDITACC,SHORT,09:15,-4.362,-0.37519536713208496,1
2025-11-10,2025-11-07,2025-11,MINDACORP,SHORT,09:15,-2.3323,-0.37519536713208496,2
2025-11-10,2025-11-07,2025-11,AMBER,LONG,09:15,-2.8303,-0.37519536713208496,3
2025-11-10,2025-11-07,2025-11,LINDEINDIA,SHORT,09:15,1.0688,-0.37519536713208496,4
2025-11-10,2025-11-07,2025-11,BLUEJET,SHORT,09:15,1.7402,-0.37519536713208496,5
2025-11-10,2025-11-07,2025-11,PARADEEP,SHORT,09:15,4.8003,-0.37519536713208496,6
2025-11-10,2025-11-07,2025-11,AARTIIND,SHORT,09:15,-1.0098,-0.37519536713208496,7
2025-11-10,2025-11-07,2025-11,LATENTVIEW,SHORT,09:15,-4.3088,-0.37519536713208496,8
2025-11-10,2025-11-07,2025-11,PREMIERENE,SHORT,09:15,0.2262,-0.37519536713208496,9
2025-11-10,2025-11-07,2025-11,SCI,SHORT,09:15,2.4348,-0.37519536713208496,10
2025-11-10,2025-11-07,2025-11,ANGELONE,SHORT,09:15,0.4458,-0.37519536713208496,11
2025-11-11,2025-11-10,2025-11,NAM-INDIA,SHORT,09:15,2.1162,0.641905906805493,1
2025-11-11,2025-11-10,2025-11,NEULANDLAB,SHORT,09:15,4.2084,0.641905906805493,2
2025-11-11,2025-11-10,2025-11,TBOTEK,SHORT,09:15,0.1421,0.641905906805493,3
2025-11-11,2025-11-10,2025-11,JUBLINGREA,SHORT,09:15,-0.7282,0.641905906805493,4
2025-11-11,2025-11-10,2025-11,GABRIEL,SHORT,09:15,1.8856,0.641905906805493,5
2025-11-11,2025-11-10,2025-11,REDINGTON,SHORT,09:15,-0.2963,0.641905906805493,6
2025-11-11,2025-11-10,2025-11,ANANTRAJ,SHORT,09:15,2.1874,0.641905906805493,7
2025-11-11,2025-11-10,2025-11,MMTC,SHORT,09:15,2.1828,0.641905906805493,8
2025-11-11,2025-11-10,2025-11,IFCI,SHORT,09:15,0.5558,0.641905906805493,9
2025-11-11,2025-11-10,2025-11,CHENNPETRO,SHORT,09:15,-2.1851,0.641905906805493,10
2025-11-11,2025-11-10,2025-11,GALLANTT,SHORT,09:15,-2.9669,0.641905906805493,11
2025-11-11,2025-11-10,2025-11,MAXHEALTH,LONG,09:15,-0.7169,0.641905906805493,12
2025-11-11,2025-11-10,2025-11,NCC,LONG,09:15,-0.3229,0.641905906805493,13
2025-11-11,2025-11-10,2025-11,EMCURE,SHORT,09:15,4.258,0.641905906805493,14
2025-11-11,2025-11-10,2025-11,RPOWER,SHORT,09:15,-0.6914,0.641905906805493,15
2025-11-12,2025-11-11,2025-11,KPRMILL,SHORT,09:15,1.1177,1.493939413959009,1
2025-11-12,2025-11-11,2025-11,AEGISVOPAK,SHORT,09:15,-0.1013,1.493939413959009,2
2025-11-12,2025-11-11,2025-11,HFCL,SHORT,09:15,2.949,1.493939413959009,3
2025-11-12,2025-11-11,2025-11,HEG,SHORT,09:15,2.4499,1.493939413959009,4
2025-11-12,2025-11-11,2025-11,URBANCO,SHORT,09:15,1.3581,1.493939413959009,5
2025-11-12,2025-11-11,2025-11,BAJAJFINSV,LONG,09:15,1.3443,1.493939413959009,6
2025-11-12,2025-11-11,2025-11,CHOLAHLDNG,SHORT,09:15,-0.6763,1.493939413959009,7
2025-11-12,2025-11-11,2025-11,EMCURE,SHORT,09:15,2.5197,1.493939413959009,8
2025-11-12,2025-11-11,2025-11,BHARATFORG,SHORT,09:15,1.2922,1.493939413959009,9
2025-11-12,2025-11-11,2025-11,JAINREC,SHORT,09:15,3.3447,1.493939413959009,10
2025-11-12,2025-11-11,2025-11,CRAFTSMAN,SHORT,09:15,1.6374,1.493939413959009,11
2025-11-12,2025-11-11,2025-11,HINDCOPPER,SHORT,09:15,5.554,1.493939413959009,12
2025-11-12,2025-11-11,2025-11,HBLENGINE,SHORT,09:15,4.1132,1.493939413959009,13
2025-11-12,2025-11-11,2025-11,SYRMA,SHORT,09:15,-5.9874,1.493939413959009,14
2025-11-13,2025-11-12,2025-11,ASIANPAINT,SHORT,09:15,-0.6361,0.42625736873330483,1
2025-11-13,2025-11-12,2025-11,BERGEPAINT,SHORT,09:15,-2.5629,0.42625736873330483,2
2025-11-13,2025-11-12,2025-11,TMCV,SHORT,09:15,-1.3344,0.42625736873330483,3
2025-11-13,2025-11-12,2025-11,SYNGENE,SHORT,09:15,-0.1056,0.42625736873330483,4
2025-11-13,2025-11-12,2025-11,IFCI,SHORT,09:15,1.2671,0.42625736873330483,5
2025-11-13,2025-11-12,2025-11,RPOWER,SHORT,09:15,1.7085,0.42625736873330483,6
2025-11-13,2025-11-12,2025-11,KIRLOSENG,SHORT,09:15,-1.5001,0.42625736873330483,7
2025-11-13,2025-11-12,2025-11,GALLANTT,SHORT,09:15,3.2718,0.42625736873330483,8
2025-11-13,2025-11-12,2025-11,JAINREC,SHORT,09:15,-3.4288,0.42625736873330483,9
2025-11-13,2025-11-12,2025-11,SYRMA,SHORT,09:15,1.3384,0.42625736873330483,10
2025-11-13,2025-11-12,2025-11,YESBANK,SHORT,09:15,0.9932,0.42625736873330483,11
2025-11-13,2025-11-12,2025-11,ADANIGREEN,SHORT,09:15,0.2156,0.42625736873330483,12
2025-11-13,2025-11-12,2025-11,TARIL,SHORT,09:15,4.186,0.42625736873330483,13
2025-11-13,2025-11-12,2025-11,ASTERDM,SHORT,09:15,1.241,0.42625736873330483,14
2025-11-13,2025-11-12,2025-11,KFINTECH,SHORT,09:15,1.7403,0.42625736873330483,15
2025-11-14,2025-11-13,2025-11,MOTHERSON,SHORT,09:15,1.3299,-0.5628299889569273,1
2025-11-14,2025-11-13,2025-11,HONASA,SHORT,09:15,-1.5502,-0.5628299889569273,2
2025-11-14,2025-11-13,2025-11,COCHINSHIP,SHORT,09:16,-1.6386,-0.5628299889569273,3
2025-11-14,2025-11-13,2025-11,RKFORGE,SHORT,09:15,0.1736,-0.5628299889569273,4
2025-11-14,2025-11-13,2025-11,BSOFT,SHORT,09:15,1.5426,-0.5628299889569273,5
2025-11-14,2025-11-13,2025-11,GRSE,SHORT,09:15,-5.9015,-0.5628299889569273,6
2025-11-14,2025-11-13,2025-11,JMFINANCIL,SHORT,09:15,2.7333,-0.5628299889569273,7
2025-11-14,2025-11-13,2025-11,APOLLOTYRE,SHORT,09:15,2.8998,-0.5628299889569273,8
2025-11-14,2025-11-13,2025-11,PFIZER,SHORT,09:15,-0.6116,-0.5628299889569273,9
2025-11-14,2025-11-13,2025-11,GROWW,SHORT,09:15,-4.4284,-0.5628299889569273,10
2025-11-14,2025-11-13,2025-11,DATAPATTNS,SHORT,09:15,-3.369,-0.5628299889569273,11
2025-11-14,2025-11-13,2025-11,BELRISE,SHORT,09:15,-0.8526,-0.5628299889569273,12
2025-11-14,2025-11-13,2025-11,REDINGTON,SHORT,09:15,0.4322,-0.5628299889569273,13
2025-11-14,2025-11-13,2025-11,THELEELA,SHORT,09:15,2.0473,-0.5628299889569273,14
2025-11-14,2025-11-13,2025-11,BLS,SHORT,09:15,-1.2493,-0.5628299889569273,15
2025-11-17,2025-11-14,2025-11,ENGINERSIN,SHORT,09:15,-1.1446,-2.361070385088502,1
2025-11-17,2025-11-14,2025-11,TMCV,SHORT,09:15,-0.4699,-2.361070385088502,2
2025-11-17,2025-11-14,2025-11,CONCORDBIO,SHORT,09:15,0.7757,-2.361070385088502,3
2025-11-17,2025-11-14,2025-11,CPPLUS,SHORT,09:15,-3.3214,-2.361070385088502,4
2025-11-17,2025-11-14,2025-11,IPCALAB,SHORT,09:15,0.1218,-2.361070385088502,5
2025-11-17,2025-11-14,2025-11,LGEINDIA,SHORT,09:16,-0.5577,-2.361070385088502,6
2025-11-17,2025-11-14,2025-11,GROWW,SHORT,09:15,-15.6873,-2.361070385088502,7
2025-11-17,2025-11-14,2025-11,CANFINHOME,SHORT,09:15,-1.1798,-2.361070385088502,8
2025-11-17,2025-11-14,2025-11,VOLTAS,SHORT,09:15,-1.7465,-2.361070385088502,9
2025-11-17,2025-11-14,2025-11,MOTHERSON,SHORT,09:15,-0.401,-2.361070385088502,10
2025-11-18,2025-11-17,2025-11,NH,SHORT,09:15,2.9649,0.8851176626706462,1
2025-11-18,2025-11-17,2025-11,GROWW,SHORT,09:15,-2.3201,0.8851176626706462,2
2025-11-18,2025-11-17,2025-11,SWANCORP,SHORT,09:15,-0.732,0.8851176626706462,3
2025-11-18,2025-11-17,2025-11,HUDCO,SHORT,09:15,-1.261,0.8851176626706462,4
2025-11-18,2025-11-17,2025-11,IRB,SHORT,09:15,0.7931,0.8851176626706462,5
2025-11-18,2025-11-17,2025-11,ONESOURCE,SHORT,09:15,2.0041,0.8851176626706462,6
2025-11-18,2025-11-17,2025-11,GLENMARK,SHORT,09:16,0.7736,0.8851176626706462,7
2025-11-18,2025-11-17,2025-11,IDFCFIRSTB,SHORT,09:15,0.9931,0.8851176626706462,8
2025-11-18,2025-11-17,2025-11,SAILIFE,SHORT,09:15,1.5664,0.8851176626706462,9
2025-11-18,2025-11-17,2025-11,LENSKART,SHORT,09:15,2.1707,0.8851176626706462,10
2025-11-18,2025-11-17,2025-11,ENGINERSIN,SHORT,09:15,1.0683,0.8851176626706462,11
2025-11-18,2025-11-17,2025-11,JUBLINGREA,SHORT,09:15,1.9934,0.8851176626706462,12
2025-11-18,2025-11-17,2025-11,IRCON,SHORT,09:15,0.747,0.8851176626706462,13
2025-11-18,2025-11-17,2025-11,GODREJCP,SHORT,09:15,0.8963,0.8851176626706462,14
2025-11-18,2025-11-17,2025-11,MINDACORP,SHORT,09:15,1.619,0.8851176626706462,15
2025-11-21,2025-11-20,2025-11,ANURAS,SHORT,09:15,-4.6016,2.4488988632975577,1
2025-11-21,2025-11-20,2025-11,PWL,SHORT,09:15,8.5888,2.4488988632975577,2
2025-11-21,2025-11-20,2025-11,JPPOWER,SHORT,09:15,7.4262,2.4488988632975577,3
2025-11-21,2025-11-20,2025-11,RADICO,SHORT,09:15,2.7168,2.4488988632975577,4
2025-11-21,2025-11-20,2025-11,IGIL,SHORT,09:15,2.987,2.4488988632975577,5
2025-11-21,2025-11-20,2025-11,CHENNPETRO,SHORT,09:15,3.9898,2.4488988632975577,6
2025-11-21,2025-11-20,2025-11,DATAPATTNS,SHORT,09:15,2.4335,2.4488988632975577,7
2025-11-21,2025-11-20,2025-11,NATCOPHARM,SHORT,09:15,0.7139,2.4488988632975577,8
2025-11-21,2025-11-20,2025-11,ADANIENT,SHORT,09:15,1.1747,2.4488988632975577,9
2025-11-21,2025-11-20,2025-11,CLEAN,SHORT,09:15,1.1527,2.4488988632975577,10
2025-11-21,2025-11-20,2025-11,JAINREC,SHORT,09:16,0.356,2.4488988632975577,11
2025-11-25,2025-11-24,2025-11,ACUTAAS,SHORT,09:15,5.0688,0.9627372526172105,1
2025-11-25,2025-11-24,2025-11,CLEAN,SHORT,09:15,3.3012,0.9627372526172105,2
2025-11-25,2025-11-24,2025-11,ACC,SHORT,09:15,2.079,0.9627372526172105,3
2025-11-25,2025-11-24,2025-11,PTCIL,SHORT,09:15,-0.67,0.9627372526172105,4
2025-11-25,2025-11-24,2025-11,SWIGGY,SHORT,09:15,2.0486,0.9627372526172105,5
2025-11-25,2025-11-24,2025-11,WAAREEENER,SHORT,09:15,0.1961,0.9627372526172105,6
2025-11-25,2025-11-24,2025-11,RVNL,SHORT,09:15,0.064,0.9627372526172105,7
2025-11-25,2025-11-24,2025-11,SAILIFE,SHORT,09:15,2.0715,0.9627372526172105,8
2025-11-25,2025-11-24,2025-11,PARADEEP,SHORT,09:15,1.3716,0.9627372526172105,9
2025-11-25,2025-11-24,2025-11,ZYDUSWELL,SHORT,09:15,0.3417,0.9627372526172105,10
2025-11-25,2025-11-24,2025-11,SBILIFE,SHORT,09:15,-3.0053,0.9627372526172105,11
2025-11-25,2025-11-24,2025-11,GRAVITA,SHORT,09:15,1.0835,0.9627372526172105,12
2025-11-25,2025-11-24,2025-11,HONAUT,SHORT,09:15,1.2036,0.9627372526172105,13
2025-11-25,2025-11-24,2025-11,JYOTICNC,SHORT,09:15,1.253,0.9627372526172105,14
2025-11-25,2025-11-24,2025-11,CHENNPETRO,SHORT,09:15,-1.9664,0.9627372526172105,15
2025-11-27,2025-11-26,2025-11,GMDCLTD,SHORT,09:15,-1.9724,0.746622004396428,1
2025-11-27,2025-11-26,2025-11,DCMSHRIRAM,SHORT,09:15,1.589,0.746622004396428,2
2025-11-27,2025-11-26,2025-11,CANFINHOME,SHORT,09:15,-0.0214,0.746622004396428,3
2025-11-27,2025-11-26,2025-11,JBCHEPHARM,SHORT,09:15,0.4782,0.746622004396428,4
2025-11-27,2025-11-26,2025-11,JUBLINGREA,SHORT,09:15,2.2023,0.746622004396428,5
2025-11-27,2025-11-26,2025-11,ZFCVINDIA,SHORT,09:15,-2.0225,0.746622004396428,6
2025-11-27,2025-11-26,2025-11,CARBORUNIV,SHORT,09:15,0.8069,0.746622004396428,7
2025-11-27,2025-11-26,2025-11,EMCURE,SHORT,09:16,-1.374,0.746622004396428,8
2025-11-27,2025-11-26,2025-11,GRAVITA,SHORT,09:15,2.7106,0.746622004396428,9
2025-11-27,2025-11-26,2025-11,RRKABEL,SHORT,09:15,0.7205,0.746622004396428,10
2025-11-27,2025-11-26,2025-11,TATAINVEST,SHORT,09:15,1.3917,0.746622004396428,11
2025-11-27,2025-11-26,2025-11,VTL,SHORT,09:15,1.2604,0.746622004396428,12
2025-11-27,2025-11-26,2025-11,ZENTEC,SHORT,09:15,-0.3168,0.746622004396428,13
2025-11-27,2025-11-26,2025-11,JKCEMENT,SHORT,09:15,1.2169,0.746622004396428,14
2025-11-27,2025-11-26,2025-11,NATCOPHARM,SHORT,09:15,4.53,0.746622004396428,15
2025-12-01,2025-11-28,2025-12,PINELABS,SHORT,09:15,1.6317,0.7323288501854744,1
2025-12-01,2025-11-28,2025-12,GLAXO,SHORT,09:15,2.2514,0.7323288501854744,2
2025-12-01,2025-11-28,2025-12,ANTHEM,SHORT,09:15,-3.056,0.7323288501854744,3
2025-12-01,2025-11-28,2025-12,AIAENG,SHORT,09:15,1.3881,0.7323288501854744,4
2025-12-01,2025-11-28,2025-12,WHIRLPOOL,SHORT,09:15,7.6706,0.7323288501854744,5
2025-12-01,2025-11-28,2025-12,WELSPUNLIV,SHORT,09:15,3.1869,0.7323288501854744,6
2025-12-01,2025-11-28,2025-12,VBL,SHORT,09:15,-0.4013,0.7323288501854744,7
2025-12-01,2025-11-28,2025-12,IGL,SHORT,09:15,0.1088,0.7323288501854744,8
2025-12-01,2025-11-28,2025-12,JPPOWER,SHORT,09:15,1.1711,0.7323288501854744,9
2025-12-01,2025-11-28,2025-12,LENSKART,SHORT,09:15,-0.4875,0.7323288501854744,10
2025-12-01,2025-11-28,2025-12,GAIL,SHORT,09:16,0.5744,0.7323288501854744,11
2025-12-01,2025-11-28,2025-12,ONESOURCE,SHORT,09:16,-5.2501,0.7323288501854744,12
2025-12-02,2025-12-01,2025-12,AEGISVOPAK,SHORT,09:15,-0.9582,-0.0894659685473554,1
2025-12-02,2025-12-01,2025-12,CGCL,SHORT,09:15,-0.1228,-0.0894659685473554,2
2025-12-02,2025-12-01,2025-12,GABRIEL,SHORT,09:15,1.3178,-0.0894659685473554,3
2025-12-02,2025-12-01,2025-12,HFCL,SHORT,09:15,0.4229,-0.0894659685473554,4
2025-12-02,2025-12-01,2025-12,JKTYRE,SHORT,09:15,-0.7154,-0.0894659685473554,5
2025-12-02,2025-12-01,2025-12,POWERINDIA,SHORT,09:15,-2.5877,-0.0894659685473554,6
2025-12-02,2025-12-01,2025-12,WOCKPHARMA,SHORT,09:15,0.7657,-0.0894659685473554,7
2025-12-02,2025-12-01,2025-12,CEMPRO,SHORT,09:15,1.6679,-0.0894659685473554,8
2025-12-02,2025-12-01,2025-12,JMFINANCIL,SHORT,09:15,-0.1423,-0.0894659685473554,9
2025-12-02,2025-12-01,2025-12,ESCORTS,SHORT,09:15,1.3182,-0.0894659685473554,10
2025-12-02,2025-12-01,2025-12,KIMS,SHORT,09:15,-1.8281,-0.0894659685473554,11
2025-12-02,2025-12-01,2025-12,PARADEEP,SHORT,09:15,-1.3767,-0.0894659685473554,12
2025-12-02,2025-12-01,2025-12,ZFCVINDIA,SHORT,09:15,1.0755,-0.0894659685473554,13
2025-12-03,2025-12-02,2025-12,TEJASNET,SHORT,09:15,2.3126,-0.13615986339874034,1
2025-12-03,2025-12-02,2025-12,PINELABS,SHORT,09:15,1.5448,-0.13615986339874034,2
2025-12-03,2025-12-02,2025-12,WOCKPHARMA,SHORT,09:15,4.0818,-0.13615986339874034,3
2025-12-03,2025-12-02,2025-12,TENNIND,SHORT,09:15,-0.9894,-0.13615986339874034,4
2025-12-03,2025-12-02,2025-12,JSWDULUX,SHORT,09:15,-4.1869,-0.13615986339874034,5
2025-12-03,2025-12-02,2025-12,SUNTV,SHORT,09:15,1.5623,-0.13615986339874034,6
2025-12-03,2025-12-02,2025-12,UNIONBANK,SHORT,09:15,3.6537,-0.13615986339874034,7
2025-12-03,2025-12-02,2025-12,GUJGASLTD,SHORT,09:15,-2.2674,-0.13615986339874034,8
2025-12-03,2025-12-02,2025-12,APOLLOTYRE,SHORT,09:15,-2.1239,-0.13615986339874034,9
2025-12-03,2025-12-02,2025-12,NATIONALUM,SHORT,09:15,-0.9182,-0.13615986339874034,10
2025-12-03,2025-12-02,2025-12,PTCIL,SHORT,09:15,-0.0733,-0.13615986339874034,11
2025-12-03,2025-12-02,2025-12,IDEA,SHORT,09:15,-4.23,-0.13615986339874034,12
2025-12-09,2025-12-08,2025-12,LATENTVIEW,SHORT,09:15,-1.3016,-0.6130475201724613,1
2025-12-09,2025-12-08,2025-12,JAINREC,SHORT,09:15,-3.3686,-0.6130475201724613,2
2025-12-09,2025-12-08,2025-12,CAPLIPOINT,SHORT,09:15,2.0887,-0.6130475201724613,3
2025-12-09,2025-12-08,2025-12,ITI,SHORT,09:15,0.2706,-0.6130475201724613,4
2025-12-09,2025-12-08,2025-12,JSWDULUX,SHORT,09:15,-2.8158,-0.6130475201724613,5
2025-12-09,2025-12-08,2025-12,FLUOROCHEM,SHORT,09:15,-5.3587,-0.6130475201724613,6
2025-12-09,2025-12-08,2025-12,SWANCORP,SHORT,09:15,-3.5035,-0.6130475201724613,7
2025-12-09,2025-12-08,2025-12,AEGISVOPAK,LONG,09:15,-1.2559,-0.6130475201724613,8
2025-12-09,2025-12-08,2025-12,BEL,LONG,09:15,1.2301,-0.6130475201724613,9
2025-12-09,2025-12-08,2025-12,GODREJPROP,LONG,09:15,3.2756,-0.6130475201724613,10
2025-12-09,2025-12-08,2025-12,PWL,SHORT,09:15,5.185,-0.6130475201724613,11
2025-12-09,2025-12-08,2025-12,TATAINVEST,SHORT,09:15,0.0051,-0.6130475201724613,12
2025-12-09,2025-12-08,2025-12,AJANTPHARM,SHORT,09:15,0.5891,-0.6130475201724613,13
2025-12-09,2025-12-08,2025-12,INDIGO,SHORT,09:16,-1.5745,-0.6130475201724613,14
2025-12-09,2025-12-08,2025-12,KIRLOSENG,SHORT,09:16,-2.6613,-0.6130475201724613,15
2025-12-10,2025-12-09,2025-12,SPLPETRO,SHORT,09:15,2.1302,1.404383749968135,1
2025-12-10,2025-12-09,2025-12,ERIS,SHORT,09:15,6.1567,1.404383749968135,2
2025-12-10,2025-12-09,2025-12,JAINREC,SHORT,09:15,1.2809,1.404383749968135,3
2025-12-10,2025-12-09,2025-12,FLUOROCHEM,SHORT,09:15,-1.1603,1.404383749968135,4
2025-12-10,2025-12-09,2025-12,JSWDULUX,SHORT,09:15,1.7886,1.404383749968135,5
2025-12-10,2025-12-09,2025-12,SJVN,SHORT,09:15,0.6376,1.404383749968135,6
2025-12-10,2025-12-09,2025-12,RITES,SHORT,09:15,2.1331,1.404383749968135,7
2025-12-10,2025-12-09,2025-12,CARBORUNIV,SHORT,09:15,1.1497,1.404383749968135,8
2025-12-10,2025-12-09,2025-12,INDIGO,SHORT,09:15,3.5544,1.404383749968135,9
2025-12-10,2025-12-09,2025-12,BATAINDIA,SHORT,09:15,0.7307,1.404383749968135,10
2025-12-10,2025-12-09,2025-12,COROMANDEL,SHORT,09:15,3.4657,1.404383749968135,11
2025-12-10,2025-12-09,2025-12,LLOYDSME,SHORT,09:15,-3.0547,1.404383749968135,12
2025-12-10,2025-12-09,2025-12,SWANCORP,SHORT,09:15,0.4421,1.404383749968135,13
2025-12-10,2025-12-09,2025-12,ATGL,SHORT,09:15,0.2644,1.404383749968135,14
2025-12-10,2025-12-09,2025-12,GILLETTE,SHORT,09:15,1.5467,1.404383749968135,15
2025-12-11,2025-12-10,2025-12,IGIL,SHORT,09:15,1.3414,0.03646717004208696,1
2025-12-11,2025-12-10,2025-12,FLUOROCHEM,SHORT,09:15,1.2281,0.03646717004208696,2
2025-12-11,2025-12-10,2025-12,JAINREC,SHORT,09:15,3.6824,0.03646717004208696,3
2025-12-11,2025-12-10,2025-12,JYOTICNC,SHORT,09:15,-1.6281,0.03646717004208696,4
2025-12-11,2025-12-10,2025-12,APARINDS,SHORT,09:15,-1.9569,0.03646717004208696,5
2025-12-11,2025-12-10,2025-12,IRB,SHORT,09:15,0.3703,0.03646717004208696,6
2025-12-11,2025-12-10,2025-12,ZENTEC,SHORT,09:15,-1.561,0.03646717004208696,7
2025-12-11,2025-12-10,2025-12,IGL,SHORT,09:15,0.3857,0.03646717004208696,8
2025-12-11,2025-12-10,2025-12,ERIS,SHORT,09:15,1.0641,0.03646717004208696,9
2025-12-11,2025-12-10,2025-12,SPLPETRO,SHORT,09:15,-0.6281,0.03646717004208696,10
2025-12-11,2025-12-10,2025-12,MMTC,SHORT,09:15,0.2623,0.03646717004208696,11
2025-12-11,2025-12-10,2025-12,WOCKPHARMA,SHORT,09:15,-0.3319,0.03646717004208696,12
2025-12-11,2025-12-10,2025-12,TTML,SHORT,09:15,1.0886,0.03646717004208696,13
2025-12-11,2025-12-10,2025-12,ADANIENSOL,SHORT,09:15,-1.2713,0.03646717004208696,14
2025-12-11,2025-12-10,2025-12,MANAPPURAM,SHORT,09:15,-1.4983,0.03646717004208696,15
2025-12-15,2025-12-12,2025-12,NIACL,SHORT,09:15,2.7763,-0.4376221125396384,1
2025-12-15,2025-12-12,2025-12,JSWENERGY,SHORT,09:15,-0.4532,-0.4376221125396384,2
2025-12-15,2025-12-12,2025-12,CCL,SHORT,09:15,2.799,-0.4376221125396384,3
2025-12-15,2025-12-12,2025-12,TARIL,SHORT,09:15,-9.5052,-0.4376221125396384,4
2025-12-15,2025-12-12,2025-12,ANURAS,SHORT,09:15,-0.4092,-0.4376221125396384,5
2025-12-15,2025-12-12,2025-12,AEGISVOPAK,SHORT,09:15,-0.749,-0.4376221125396384,6
2025-12-15,2025-12-12,2025-12,MPHASIS,SHORT,09:15,-0.0581,-0.4376221125396384,7
2025-12-15,2025-12-12,2025-12,TEJASNET,SHORT,09:15,2.029,-0.4376221125396384,8
2025-12-15,2025-12-12,2025-12,BEL,SHORT,09:15,-0.4937,-0.4376221125396384,9
2025-12-15,2025-12-12,2025-12,NAM-INDIA,SHORT,09:15,-0.3122,-0.4376221125396384,10
2025-12-16,2025-12-15,2025-12,JAINREC,SHORT,09:15,-0.3886,0.15951318855692573,1
2025-12-16,2025-12-15,2025-12,MEESHO,SHORT,09:15,-3.9822,0.15951318855692573,2
2025-12-16,2025-12-15,2025-12,PREMIERENE,SHORT,09:15,2.4645,0.15951318855692573,3
2025-12-16,2025-12-15,2025-12,ATHERENERG,SHORT,09:15,0.8594,0.15951318855692573,4
2025-12-16,2025-12-15,2025-12,FLUOROCHEM,SHORT,09:15,0.2821,0.15951318855692573,5
2025-12-16,2025-12-15,2025-12,BAJAJHFL,SHORT,09:15,0.8622,0.15951318855692573,6
2025-12-16,2025-12-15,2025-12,KEC,SHORT,09:15,-0.3522,0.15951318855692573,7
2025-12-16,2025-12-15,2025-12,IDEA,SHORT,09:15,1.1467,0.15951318855692573,8
2025-12-16,2025-12-15,2025-12,PVRINOX,SHORT,09:15,0.4637,0.15951318855692573,9
2025-12-16,2025-12-15,2025-12,JSWDULUX,SHORT,09:15,0.2395,0.15951318855692573,10
2025-12-18,2025-12-17,2025-12,JAINREC,SHORT,09:15,0.9367,0.06654115109115386,1
2025-12-18,2025-12-17,2025-12,KAYNES,SHORT,09:15,0.7845,0.06654115109115386,2
2025-12-18,2025-12-17,2025-12,TARIL,SHORT,09:15,0.1777,0.06654115109115386,3
2025-12-18,2025-12-17,2025-12,INDIACEM,SHORT,09:15,2.121,0.06654115109115386,4
2025-12-18,2025-12-17,2025-12,ZFCVINDIA,SHORT,09:15,-1.8354,0.06654115109115386,5
2025-12-18,2025-12-17,2025-12,ABFRL,SHORT,09:15,0.609,0.06654115109115386,6
2025-12-18,2025-12-17,2025-12,ECLERX,SHORT,09:15,-0.0558,0.06654115109115386,7
2025-12-18,2025-12-17,2025-12,PWL,SHORT,09:15,2.6974,0.06654115109115386,8
2025-12-18,2025-12-17,2025-12,GESHIP,SHORT,09:15,-0.8267,0.06654115109115386,9
2025-12-18,2025-12-17,2025-12,URBANCO,SHORT,09:15,0.2939,0.06654115109115386,10
2025-12-18,2025-12-17,2025-12,OLAELEC,LONG,09:15,-4.1704,0.06654115109115386,11
2025-12-19,2025-12-18,2025-12,ONESOURCE,SHORT,09:15,-3.8417,-0.8963305880702318,1
2025-12-19,2025-12-18,2025-12,IPCALAB,SHORT,09:15,-1.0381,-0.8963305880702318,2
2025-12-19,2025-12-18,2025-12,MEESHO,SHORT,09:15,3.1454,-0.8963305880702318,3
2025-12-19,2025-12-18,2025-12,BHARTIHEXA,SHORT,09:15,-2.0658,-0.8963305880702318,4
2025-12-19,2025-12-18,2025-12,SWIGGY,SHORT,09:15,2.2843,-0.8963305880702318,5
2025-12-19,2025-12-18,2025-12,NAM-INDIA,SHORT,09:15,0.9684,-0.8963305880702318,6
2025-12-19,2025-12-18,2025-12,INDGN,SHORT,09:15,-0.6194,-0.8963305880702318,7
2025-12-19,2025-12-18,2025-12,GABRIEL,SHORT,09:15,0.5184,-0.8963305880702318,8
2025-12-19,2025-12-18,2025-12,NUVAMA,SHORT,09:15,1.9248,-0.8963305880702318,9
2025-12-19,2025-12-18,2025-12,CROMPTON,SHORT,09:15,-0.4233,-0.8963305880702318,10
2025-12-19,2025-12-18,2025-12,HINDCOPPER,SHORT,09:15,-0.3498,-0.8963305880702318,11
2025-12-19,2025-12-18,2025-12,GROWW,SHORT,09:15,-11.2592,-0.8963305880702318,12
2025-12-22,2025-12-19,2025-12,LENSKART,SHORT,09:15,1.0663,1.329319127895753,1
2025-12-22,2025-12-19,2025-12,ATHERENERG,SHORT,09:15,1.4603,1.329319127895753,2
2025-12-22,2025-12-19,2025-12,HDBFS,SHORT,09:15,2.0757,1.329319127895753,3
2025-12-22,2025-12-19,2025-12,COROMANDEL,SHORT,09:15,0.5051,1.329319127895753,4
2025-12-22,2025-12-19,2025-12,AFFLE,SHORT,09:15,1.8907,1.329319127895753,5
2025-12-22,2025-12-19,2025-12,GROWW,SHORT,09:15,0.6883,1.329319127895753,6
2025-12-22,2025-12-19,2025-12,IDEA,SHORT,09:15,1.8033,1.329319127895753,7
2025-12-22,2025-12-19,2025-12,HOMEFIRST,SHORT,09:15,3.6931,1.329319127895753,8
2025-12-22,2025-12-19,2025-12,WAAREEENER,SHORT,09:15,0.3448,1.329319127895753,9
2025-12-22,2025-12-19,2025-12,PIRAMALFIN,SHORT,09:15,0.264,1.329319127895753,10
2025-12-22,2025-12-19,2025-12,HEXT,SHORT,09:15,4.7161,1.329319127895753,11
2025-12-22,2025-12-19,2025-12,TARIL,SHORT,09:15,0.0617,1.329319127895753,12
2025-12-22,2025-12-19,2025-12,FLUOROCHEM,SHORT,09:15,0.5147,1.329319127895753,13
2025-12-22,2025-12-19,2025-12,SAILIFE,SHORT,09:15,0.2141,1.329319127895753,14
2025-12-22,2025-12-19,2025-12,ITI,SHORT,09:15,0.6418,1.329319127895753,15
2025-12-23,2025-12-22,2025-12,DEVYANI,SHORT,09:15,-1.1605,-0.6137531481040469,1
2025-12-23,2025-12-22,2025-12,SAPPHIRE,SHORT,09:15,-2.9524,-0.6137531481040469,2
2025-12-23,2025-12-22,2025-12,GVT&D,SHORT,09:15,-0.9606,-0.6137531481040469,3
2025-12-23,2025-12-22,2025-12,GROWW,SHORT,09:15,1.3084,-0.6137531481040469,4
2025-12-23,2025-12-22,2025-12,INDGN,SHORT,09:15,2.0456,-0.6137531481040469,5
2025-12-23,2025-12-22,2025-12,LENSKART,SHORT,09:15,-0.8778,-0.6137531481040469,6
2025-12-23,2025-12-22,2025-12,MEESHO,SHORT,09:15,1.633,-0.6137531481040469,7
2025-12-23,2025-12-22,2025-12,PIRAMALFIN,SHORT,09:15,-1.3968,-0.6137531481040469,8
2025-12-23,2025-12-22,2025-12,APARINDS,SHORT,09:15,0.4256,-0.6137531481040469,9
2025-12-23,2025-12-22,2025-12,RAMCOCEM,SHORT,09:15,1.4114,-0.6137531481040469,10
2025-12-23,2025-12-22,2025-12,COCHINSHIP,SHORT,09:15,1.7628,-0.6137531481040469,11
2025-12-23,2025-12-22,2025-12,RPOWER,SHORT,09:15,-2.052,-0.6137531481040469,12
2025-12-23,2025-12-22,2025-12,JWL,SHORT,09:15,-7.8104,-0.6137531481040469,13
2025-12-23,2025-12-22,2025-12,BERGEPAINT,SHORT,09:15,-0.6459,-0.6137531481040469,14
2025-12-23,2025-12-22,2025-12,INDIACEM,SHORT,09:15,0.0634,-0.6137531481040469,15
2025-12-24,2025-12-23,2025-12,SUNDARMFIN,SHORT,09:15,-0.2664,-0.2703882744438994,1
2025-12-24,2025-12-23,2025-12,GABRIEL,SHORT,09:15,2.163,-0.2703882744438994,2
2025-12-24,2025-12-23,2025-12,ABSLAMC,SHORT,09:15,0.4149,-0.2703882744438994,3
2025-12-24,2025-12-23,2025-12,BELRISE,SHORT,09:15,-1.1872,-0.2703882744438994,4
2025-12-24,2025-12-23,2025-12,MEESHO,SHORT,09:16,-4.3081,-0.2703882744438994,5
2025-12-24,2025-12-23,2025-12,CANHLIFE,SHORT,09:15,-3.8498,-0.2703882744438994,6
2025-12-24,2025-12-23,2025-12,AMBUJACEM,SHORT,09:15,0.1789,-0.2703882744438994,7
2025-12-24,2025-12-23,2025-12,GPIL,SHORT,09:15,2.3861,-0.2703882744438994,8
2025-12-24,2025-12-23,2025-12,AARTIIND,SHORT,09:15,1.8909,-0.2703882744438994,9
2025-12-24,2025-12-23,2025-12,BEML,SHORT,09:15,-1.537,-0.2703882744438994,10
2025-12-24,2025-12-23,2025-12,IRCON,SHORT,09:15,-0.1893,-0.2703882744438994,11
2025-12-24,2025-12-23,2025-12,JKTYRE,SHORT,09:15,0.8621,-0.2703882744438994,12
2025-12-24,2025-12-23,2025-12,ENGINERSIN,SHORT,09:15,-0.6511,-0.2703882744438994,13
2025-12-24,2025-12-23,2025-12,FIVESTAR,SHORT,09:15,0.3077,-0.2703882744438994,14
2025-12-26,2025-12-24,2025-12,RPOWER,SHORT,09:15,4.3305,-0.13893611674155074,1
2025-12-26,2025-12-24,2025-12,ABBOTINDIA,SHORT,09:15,-1.1911,-0.13893611674155074,2
2025-12-26,2025-12-24,2025-12,AJANTPHARM,SHORT,09:15,1.941,-0.13893611674155074,3
2025-12-26,2025-12-24,2025-12,CANHLIFE,SHORT,09:15,-3.6417,-0.13893611674155074,4
2025-12-26,2025-12-24,2025-12,GROWW,SHORT,09:15,-0.1074,-0.13893611674155074,5
2025-12-26,2025-12-24,2025-12,LENSKART,SHORT,09:15,2.0907,-0.13893611674155074,6
2025-12-26,2025-12-24,2025-12,CASTROLIND,SHORT,09:15,-0.3083,-0.13893611674155074,7
2025-12-26,2025-12-24,2025-12,PINELABS,SHORT,09:15,-1.3145,-0.13893611674155074,8
2025-12-26,2025-12-24,2025-12,HINDCOPPER,SHORT,09:15,-5.4096,-0.13893611674155074,9
2025-12-26,2025-12-24,2025-12,M&MFIN,SHORT,09:15,-1.2158,-0.13893611674155074,10
2025-12-26,2025-12-24,2025-12,RBLBANK,SHORT,09:15,0.8774,-0.13893611674155074,11
2025-12-26,2025-12-24,2025-12,JBMA,SHORT,09:15,3.6831,-0.13893611674155074,12
2025-12-26,2025-12-24,2025-12,HEG,SHORT,09:15,-1.7176,-0.13893611674155074,13
2025-12-26,2025-12-24,2025-12,TTML,SHORT,09:15,0.0381,-0.13893611674155074,14
2025-12-29,2025-12-26,2025-12,PTCIL,SHORT,09:15,-2.5969,0.3258574687649802,1
2025-12-29,2025-12-26,2025-12,MMTC,SHORT,09:15,-5.5153,0.3258574687649802,2
2025-12-29,2025-12-26,2025-12,ONESOURCE,SHORT,09:15,-1.0689,0.3258574687649802,3
2025-12-29,2025-12-26,2025-12,OLAELEC,SHORT,09:15,2.3506,0.3258574687649802,4
2025-12-29,2025-12-26,2025-12,ITI,SHORT,09:15,0.6965,0.3258574687649802,5
2025-12-29,2025-12-26,2025-12,LENSKART,SHORT,09:15,-0.185,0.3258574687649802,6
2025-12-29,2025-12-26,2025-12,AEGISVOPAK,SHORT,09:15,-0.705,0.3258574687649802,7
2025-12-29,2025-12-26,2025-12,IRFC,SHORT,09:15,6.3023,0.3258574687649802,8
2025-12-29,2025-12-26,2025-12,ENGINERSIN,SHORT,09:15,2.2958,0.3258574687649802,9
2025-12-29,2025-12-26,2025-12,RAILTEL,SHORT,09:15,2.8417,0.3258574687649802,10
2025-12-29,2025-12-26,2025-12,SCI,SHORT,09:15,-2.9444,0.3258574687649802,11
2025-12-29,2025-12-26,2025-12,CANFINHOME,SHORT,09:15,1.5979,0.3258574687649802,12
2025-12-29,2025-12-26,2025-12,CASTROLIND,SHORT,09:15,1.1668,0.3258574687649802,13
2025-12-30,2025-12-29,2025-12,PTCIL,SHORT,09:15,5.6444,0.9305415828893402,1
2025-12-30,2025-12-29,2025-12,SAREGAMA,SHORT,09:15,1.8707,0.9305415828893402,2
2025-12-30,2025-12-29,2025-12,HINDCOPPER,SHORT,09:15,-10.0294,0.9305415828893402,3
2025-12-30,2025-12-29,2025-12,ZENTEC,SHORT,09:15,3.113,0.9305415828893402,4
2025-12-30,2025-12-29,2025-12,HINDZINC,SHORT,09:15,-1.8401,0.9305415828893402,5
2025-12-30,2025-12-29,2025-12,IRFC,SHORT,09:15,1.025,0.9305415828893402,6
2025-12-30,2025-12-29,2025-12,RVNL,SHORT,09:15,2.7258,0.9305415828893402,7
2025-12-30,2025-12-29,2025-12,MMTC,SHORT,09:15,3.1389,0.9305415828893402,8
2025-12-30,2025-12-29,2025-12,JYOTICNC,SHORT,09:15,-0.5108,0.9305415828893402,9
2025-12-30,2025-12-29,2025-12,INTELLECT,SHORT,09:15,4.1679,0.9305415828893402,10
2025-12-31,2025-12-30,2025-12,ASAHIINDIA,SHORT,09:15,2.3441,0.5526338324138629,1
2025-12-31,2025-12-30,2025-12,IOB,SHORT,09:15,-0.5234,0.5526338324138629,2
2025-12-31,2025-12-30,2025-12,NAVINFLUOR,SHORT,09:15,3.2113,0.5526338324138629,3
2025-12-31,2025-12-30,2025-12,GICRE,SHORT,09:15,0.9716,0.5526338324138629,4
2025-12-31,2025-12-30,2025-12,AIIL,SHORT,09:15,-2.3946,0.5526338324138629,5
2025-12-31,2025-12-30,2025-12,CUB,SHORT,09:15,2.7555,0.5526338324138629,6
2025-12-31,2025-12-30,2025-12,AEGISVOPAK,SHORT,09:15,1.1665,0.5526338324138629,7
2025-12-31,2025-12-30,2025-12,FORCEMOT,SHORT,09:15,-2.6703,0.5526338324138629,8
2025-12-31,2025-12-30,2025-12,RADICO,SHORT,09:15,2.4609,0.5526338324138629,9
2025-12-31,2025-12-30,2025-12,THELEELA,SHORT,09:15,0.0208,0.5526338324138629,10
2025-12-31,2025-12-30,2025-12,HEXT,SHORT,09:15,-1.3908,0.5526338324138629,11
2025-12-31,2025-12-30,2025-12,TITAGARH,SHORT,09:15,-1.1744,0.5526338324138629,12
2025-12-31,2025-12-30,2025-12,IRB,SHORT,09:15,0.2732,0.5526338324138629,13
2025-12-31,2025-12-30,2025-12,CAPLIPOINT,LONG,09:15,2.691,0.5526338324138629,14
2025-12-31,2025-12-30,2025-12,COROMANDEL,LONG,09:15,0.5482,0.5526338324138629,15
2026-01-01,2025-12-31,2026-01,HEXT,SHORT,09:15,0.684,0.04850236718265422,1
2026-01-01,2025-12-31,2026-01,NSLNISP,SHORT,09:15,0.21,0.04850236718265422,2
2026-01-01,2025-12-31,2026-01,RITES,SHORT,09:15,-0.1059,0.04850236718265422,3
2026-01-01,2025-12-31,2026-01,HEG,SHORT,09:15,0.3955,0.04850236718265422,4
2026-01-01,2025-12-31,2026-01,JSL,SHORT,09:15,-2.2265,0.04850236718265422,5
2026-01-01,2025-12-31,2026-01,ZYDUSWELL,SHORT,09:15,-1.6501,0.04850236718265422,6
2026-01-01,2025-12-31,2026-01,JWL,SHORT,09:15,1.3865,0.04850236718265422,7
2026-01-01,2025-12-31,2026-01,COROMANDEL,SHORT,09:15,0.6215,0.04850236718265422,8
2026-01-01,2025-12-31,2026-01,SARDAEN,SHORT,09:15,1.6005,0.04850236718265422,9
2026-01-01,2025-12-31,2026-01,HFCL,SHORT,09:15,-1.8608,0.04850236718265422,10
2026-01-01,2025-12-31,2026-01,MRPL,SHORT,09:15,-1.5843,0.04850236718265422,11
2026-01-01,2025-12-31,2026-01,PPLPHARMA,SHORT,09:15,1.5119,0.04850236718265422,12
2026-01-01,2025-12-31,2026-01,TRIDENT,SHORT,09:15,-0.4425,0.04850236718265422,13
2026-01-01,2025-12-31,2026-01,CRAFTSMAN,SHORT,09:15,-1.6334,0.04850236718265422,14
2026-01-01,2025-12-31,2026-01,IDEA,LONG,09:15,3.8212,0.04850236718265422,15
2026-01-02,2026-01-01,2026-01,SAPPHIRE,SHORT,09:15,3.3829,0.03267904032554196,1
2026-01-02,2026-01-01,2026-01,IDEA,SHORT,09:15,-1.1064,0.03267904032554196,2
2026-01-02,2026-01-01,2026-01,BLUEDART,SHORT,09:15,1.3809,0.03267904032554196,3
2026-01-02,2026-01-01,2026-01,ATGL,SHORT,09:15,0.0783,0.03267904032554196,4
2026-01-02,2026-01-01,2026-01,NCC,SHORT,09:15,0.5459,0.03267904032554196,5
2026-01-02,2026-01-01,2026-01,ZEEL,SHORT,09:15,-0.6775,0.03267904032554196,6
2026-01-02,2026-01-01,2026-01,BDL,SHORT,09:15,-0.3972,0.03267904032554196,7
2026-01-02,2026-01-01,2026-01,DIXON,SHORT,09:15,-0.0975,0.03267904032554196,8
2026-01-02,2026-01-01,2026-01,ZYDUSWELL,SHORT,09:15,-0.9812,0.03267904032554196,9
2026-01-02,2026-01-01,2026-01,GODFRYPHLP,LONG,09:15,-1.8014,0.03267904032554196,10
2026-01-05,2026-01-02,2026-01,ABSLAMC,SHORT,09:15,-2.634,-0.04561955024829715,1
2026-01-05,2026-01-02,2026-01,ONESOURCE,SHORT,09:15,-0.8641,-0.04561955024829715,2
2026-01-05,2026-01-02,2026-01,EMMVEE,SHORT,09:15,1.1631,-0.04561955024829715,3
2026-01-05,2026-01-02,2026-01,MMTC,SHORT,09:15,-0.0181,-0.04561955024829715,4
2026-01-05,2026-01-02,2026-01,DEVYANI,SHORT,09:15,5.0002,-0.04561955024829715,5
2026-01-05,2026-01-02,2026-01,TATACAP,SHORT,09:15,-0.1334,-0.04561955024829715,6
2026-01-05,2026-01-02,2026-01,BELRISE,SHORT,09:15,0.4458,-0.04561955024829715,7
2026-01-05,2026-01-02,2026-01,IRCON,SHORT,09:15,0.9216,-0.04561955024829715,8
2026-01-05,2026-01-02,2026-01,ANANTRAJ,SHORT,09:15,-0.1339,-0.04561955024829715,9
2026-01-05,2026-01-02,2026-01,NHPC,SHORT,09:15,0.6224,-0.04561955024829715,10
2026-01-05,2026-01-02,2026-01,PPLPHARMA,SHORT,09:15,-0.0751,-0.04561955024829715,11
2026-01-05,2026-01-02,2026-01,SJVN,SHORT,09:15,-4.8419,-0.04561955024829715,12
2026-01-06,2026-01-05,2026-01,SOBHA,SHORT,09:15,2.5044,0.5168949525180511,1
2026-01-06,2026-01-05,2026-01,BALKRISIND,SHORT,09:15,0.525,0.5168949525180511,2
2026-01-06,2026-01-05,2026-01,AEGISLOG,SHORT,09:15,-2.1597,0.5168949525180511,3
2026-01-06,2026-01-05,2026-01,HINDCOPPER,SHORT,09:15,0.5215,0.5168949525180511,4
2026-01-06,2026-01-05,2026-01,GODFRYPHLP,SHORT,09:15,3.5033,0.5168949525180511,5
2026-01-06,2026-01-05,2026-01,OLAELEC,SHORT,09:15,1.8164,0.5168949525180511,6
2026-01-06,2026-01-05,2026-01,BDL,SHORT,09:15,-0.2214,0.5168949525180511,7
2026-01-06,2026-01-05,2026-01,NETWEB,SHORT,09:15,-1.3215,0.5168949525180511,8
2026-01-06,2026-01-05,2026-01,PIRAMALFIN,SHORT,09:15,-2.5753,0.5168949525180511,9
2026-01-06,2026-01-05,2026-01,THELEELA,SHORT,09:15,2.676,0.5168949525180511,10
2026-01-06,2026-01-05,2026-01,INDIAMART,SHORT,09:15,0.2777,0.5168949525180511,11
2026-01-06,2026-01-05,2026-01,RAMCOCEM,SHORT,09:15,0.6564,0.5168949525180511,12
2026-01-07,2026-01-06,2026-01,IEX,SHORT,09:15,-5.0493,0.6075766555576317,1
2026-01-07,2026-01-06,2026-01,OLAELEC,SHORT,09:15,3.1042,0.6075766555576317,2
2026-01-07,2026-01-06,2026-01,JAINREC,SHORT,09:15,1.6672,0.6075766555576317,3
2026-01-07,2026-01-06,2026-01,KAYNES,LONG,09:15,0.489,0.6075766555576317,4
2026-01-07,2026-01-06,2026-01,KIMS,SHORT,09:15,0.0358,0.6075766555576317,5
2026-01-07,2026-01-06,2026-01,REDINGTON,SHORT,09:15,0.8966,0.6075766555576317,6
2026-01-07,2026-01-06,2026-01,ZFCVINDIA,SHORT,09:15,2.7912,0.6075766555576317,7
2026-01-07,2026-01-06,2026-01,FIRSTCRY,SHORT,09:15,-0.3355,0.6075766555576317,8
2026-01-07,2026-01-06,2026-01,ADANIPOWER,SHORT,09:15,0.8219,0.6075766555576317,9
2026-01-07,2026-01-06,2026-01,ECLERX,SHORT,09:15,-0.038,0.6075766555576317,10
2026-01-07,2026-01-06,2026-01,CRISIL,SHORT,09:15,-1.1653,0.6075766555576317,11
2026-01-07,2026-01-06,2026-01,HINDCOPPER,SHORT,09:15,4.0731,0.6075766555576317,12
2026-01-09,2026-01-08,2026-01,ZENSARTECH,SHORT,09:15,0.7316,0.8535014804392463,1
2026-01-09,2026-01-08,2026-01,EMMVEE,SHORT,09:15,-2.4529,0.8535014804392463,2
2026-01-09,2026-01-08,2026-01,HINDPETRO,LONG,09:15,-0.5574,0.8535014804392463,3
2026-01-09,2026-01-08,2026-01,STARHEALTH,SHORT,09:15,-2.0728,0.8535014804392463,4
2026-01-09,2026-01-08,2026-01,ANANTRAJ,SHORT,09:15,2.4227,0.8535014804392463,5
2026-01-09,2026-01-08,2026-01,GROWW,SHORT,09:15,1.0497,0.8535014804392463,6
2026-01-09,2026-01-08,2026-01,NAVA,SHORT,09:15,0.305,0.8535014804392463,7
2026-01-09,2026-01-08,2026-01,REDINGTON,SHORT,09:15,2.4551,0.8535014804392463,8
2026-01-09,2026-01-08,2026-01,TORNTPOWER,SHORT,09:15,2.211,0.8535014804392463,9
2026-01-09,2026-01-08,2026-01,CGPOWER,SHORT,09:16,1.5714,0.8535014804392463,10
2026-01-09,2026-01-08,2026-01,TRIDENT,SHORT,09:15,2.3423,0.8535014804392463,11
2026-01-09,2026-01-08,2026-01,AIAENG,SHORT,09:15,1.679,0.8535014804392463,12
2026-01-09,2026-01-08,2026-01,KPITTECH,SHORT,09:15,-0.718,0.8535014804392463,13
2026-01-09,2026-01-08,2026-01,MCX,SHORT,09:15,1.6381,0.8535014804392463,14
2026-01-09,2026-01-08,2026-01,NLCINDIA,SHORT,09:15,2.1977,0.8535014804392463,15
2026-01-12,2026-01-09,2026-01,SOBHA,SHORT,09:15,0.6809,-0.15661092372053556,1
2026-01-12,2026-01-09,2026-01,IEX,SHORT,09:16,-1.3006,-0.15661092372053556,2
2026-01-12,2026-01-09,2026-01,NETWEB,SHORT,09:15,-1.6989,-0.15661092372053556,3
2026-01-12,2026-01-09,2026-01,PETRONET,SHORT,09:15,0.0944,-0.15661092372053556,4
2026-01-12,2026-01-09,2026-01,BHEL,SHORT,09:15,1.8465,-0.15661092372053556,5
2026-01-12,2026-01-09,2026-01,CGPOWER,LONG,09:15,-1.8264,-0.15661092372053556,6
2026-01-12,2026-01-09,2026-01,IREDA,LONG,09:15,1.3019,-0.15661092372053556,7
2026-01-12,2026-01-09,2026-01,INDIANB,SHORT,09:15,0.5673,-0.15661092372053556,8
2026-01-12,2026-01-09,2026-01,INDUSTOWER,SHORT,09:15,0.6014,-0.15661092372053556,9
2026-01-12,2026-01-09,2026-01,MAZDOCK,SHORT,09:15,-0.213,-0.15661092372053556,10
2026-01-12,2026-01-09,2026-01,AEGISVOPAK,SHORT,09:16,1.6317,-0.15661092372053556,11
2026-01-12,2026-01-09,2026-01,TARIL,LONG,09:15,-2.5714,-0.15661092372053556,12
2026-01-12,2026-01-09,2026-01,IDEA,LONG,09:15,-1.1498,-0.15661092372053556,13
2026-01-14,2026-01-13,2026-01,CCL,SHORT,09:15,0.5077,-0.3454739396333625,1
2026-01-14,2026-01-13,2026-01,ATHERENERG,SHORT,09:15,1.5006,-0.3454739396333625,2
2026-01-14,2026-01-13,2026-01,EMMVEE,SHORT,09:15,-2.5799,-0.3454739396333625,3
2026-01-14,2026-01-13,2026-01,HEG,SHORT,09:15,-1.897,-0.3454739396333625,4
2026-01-14,2026-01-13,2026-01,PVRINOX,SHORT,09:15,1.6234,-0.3454739396333625,5
2026-01-14,2026-01-13,2026-01,JSL,SHORT,09:15,-2.2032,-0.3454739396333625,6
2026-01-14,2026-01-13,2026-01,ITI,SHORT,09:15,1.2519,-0.3454739396333625,7
2026-01-14,2026-01-13,2026-01,AIIL,SHORT,09:15,-3.9686,-0.3454739396333625,8
2026-01-14,2026-01-13,2026-01,WAAREEENER,SHORT,09:15,1.3673,-0.3454739396333625,9
2026-01-14,2026-01-13,2026-01,LTFOODS,SHORT,09:15,1.3098,-0.3454739396333625,10
2026-01-14,2026-01-13,2026-01,ABSLAMC,SHORT,09:15,1.6141,-0.3454739396333625,11
2026-01-14,2026-01-13,2026-01,ONESOURCE,SHORT,09:15,0.4563,-0.3454739396333625,12
2026-01-14,2026-01-13,2026-01,MOTILALOFS,SHORT,09:15,-3.1865,-0.3454739396333625,13
2026-01-14,2026-01-13,2026-01,OIL,SHORT,09:15,-1.8599,-0.3454739396333625,14
2026-01-14,2026-01-13,2026-01,HSCL,SHORT,09:15,0.8819,-0.3454739396333625,15
2026-01-19,2026-01-16,2026-01,NETWEB,SHORT,09:15,7.5019,1.9498071087856266,1
2026-01-19,2026-01-16,2026-01,360ONE,SHORT,09:15,2.5944,1.9498071087856266,2
2026-01-19,2026-01-16,2026-01,HDFCAMC,SHORT,09:15,-0.0576,1.9498071087856266,3
2026-01-19,2026-01-16,2026-01,JUBLINGREA,SHORT,09:15,0.7801,1.9498071087856266,4
2026-01-19,2026-01-16,2026-01,EMMVEE,SHORT,09:15,1.4387,1.9498071087856266,5
2026-01-19,2026-01-16,2026-01,MRPL,SHORT,09:15,4.1161,1.9498071087856266,6
2026-01-19,2026-01-16,2026-01,THELEELA,SHORT,09:15,2.3989,1.9498071087856266,7
2026-01-19,2026-01-16,2026-01,GRAPHITE,SHORT,09:15,-0.8391,1.9498071087856266,8
2026-01-19,2026-01-16,2026-01,CENTRALBK,SHORT,09:15,1.2636,1.9498071087856266,9
2026-01-19,2026-01-16,2026-01,FEDERALBNK,SHORT,09:15,-2.8807,1.9498071087856266,10
2026-01-19,2026-01-16,2026-01,HFCL,SHORT,09:15,3.1881,1.9498071087856266,11
2026-01-19,2026-01-16,2026-01,ACE,LONG,09:15,-1.9877,1.9498071087856266,12
2026-01-19,2026-01-16,2026-01,BSOFT,SHORT,09:15,1.0384,1.9498071087856266,13
2026-01-19,2026-01-16,2026-01,GROWW,SHORT,09:15,6.9244,1.9498071087856266,14
2026-01-19,2026-01-16,2026-01,INDIAMART,SHORT,09:15,3.7675,1.9498071087856266,15
2026-01-21,2026-01-20,2026-01,ZENTEC,SHORT,09:15,-2.9654,-1.4079665852147787,1
2026-01-21,2026-01-20,2026-01,JKCEMENT,SHORT,09:15,3.1755,-1.4079665852147787,2
2026-01-21,2026-01-20,2026-01,JYOTICNC,LONG,09:15,-2.4651,-1.4079665852147787,3
2026-01-21,2026-01-20,2026-01,CANFINHOME,SHORT,09:15,1.5915,-1.4079665852147787,4
2026-01-21,2026-01-20,2026-01,IFCI,SHORT,09:15,-3.6833,-1.4079665852147787,5
2026-01-21,2026-01-20,2026-01,MGL,SHORT,09:15,-2.5038,-1.4079665852147787,6
2026-01-21,2026-01-20,2026-01,WELCORP,SHORT,09:15,1.2347,-1.4079665852147787,7
2026-01-21,2026-01-20,2026-01,SUNPHARMA,LONG,09:15,-1.4248,-1.4079665852147787,8
2026-01-21,2026-01-20,2026-01,FSL,SHORT,09:15,1.0519,-1.4079665852147787,9
2026-01-21,2026-01-20,2026-01,TMCV,SHORT,09:15,-1.1985,-1.4079665852147787,10
2026-01-21,2026-01-20,2026-01,SPLPETRO,SHORT,09:16,-9.7734,-1.4079665852147787,11
2026-01-21,2026-01-20,2026-01,GODREJPROP,LONG,09:15,-3.1403,-1.4079665852147787,12
2026-01-21,2026-01-20,2026-01,NEWGEN,LONG,09:15,-1.2896,-1.4079665852147787,13
2026-01-21,2026-01-20,2026-01,SOBHA,LONG,09:15,1.6791,-1.4079665852147787,14
2026-01-22,2026-01-21,2026-01,PINELABS,SHORT,09:15,-1.42,1.5780226765656162,1
2026-01-22,2026-01-21,2026-01,KPRMILL,SHORT,09:15,1.6448,1.5780226765656162,2
2026-01-22,2026-01-21,2026-01,CUB,SHORT,09:15,-0.6016,1.5780226765656162,3
2026-01-22,2026-01-21,2026-01,ZENTEC,SHORT,09:15,1.4703,1.5780226765656162,4
2026-01-22,2026-01-21,2026-01,PTCIL,SHORT,09:15,0.9948,1.5780226765656162,5
2026-01-22,2026-01-21,2026-01,HSCL,SHORT,09:15,0.3268,1.5780226765656162,6
2026-01-22,2026-01-21,2026-01,GRAVITA,SHORT,09:15,3.4813,1.5780226765656162,7
2026-01-22,2026-01-21,2026-01,ONESOURCE,SHORT,09:15,5.8979,1.5780226765656162,8
2026-01-22,2026-01-21,2026-01,JWL,SHORT,09:15,0.8776,1.5780226765656162,9
2026-01-22,2026-01-21,2026-01,IFCI,SHORT,09:15,2.4281,1.5780226765656162,10
2026-01-22,2026-01-21,2026-01,ITCHOTELS,SHORT,09:15,2.6464,1.5780226765656162,11
2026-01-22,2026-01-21,2026-01,NH,SHORT,09:15,2.9151,1.5780226765656162,12
2026-01-22,2026-01-21,2026-01,TITAGARH,SHORT,09:15,-1.5405,1.5780226765656162,13
2026-01-22,2026-01-21,2026-01,SRF,LONG,09:15,1.7252,1.5780226765656162,14
2026-01-22,2026-01-21,2026-01,INDIAMART,SHORT,09:15,2.8242,1.5780226765656162,15
2026-01-23,2026-01-22,2026-01,INDIANB,SHORT,09:15,3.1377,2.586430676171989,1
2026-01-23,2026-01-22,2026-01,TRIDENT,SHORT,09:15,3.3231,2.586430676171989,2
2026-01-23,2026-01-22,2026-01,PREMIERENE,SHORT,09:15,6.0401,2.586430676171989,3
2026-01-23,2026-01-22,2026-01,ECLERX,SHORT,09:15,1.8985,2.586430676171989,4
2026-01-23,2026-01-22,2026-01,SAILIFE,SHORT,09:15,2.453,2.586430676171989,5
2026-01-23,2026-01-22,2026-01,BANDHANBNK,SHORT,09:15,0.9578,2.586430676171989,6
2026-01-23,2026-01-22,2026-01,IRCON,SHORT,09:15,3.5976,2.586430676171989,7
2026-01-23,2026-01-22,2026-01,RVNL,SHORT,09:15,1.6587,2.586430676171989,8
2026-01-23,2026-01-22,2026-01,CAMS,SHORT,09:15,4.0975,2.586430676171989,9
2026-01-23,2026-01-22,2026-01,INDIACEM,SHORT,09:15,6.2478,2.586430676171989,10
2026-01-23,2026-01-22,2026-01,MRPL,SHORT,09:15,-0.4024,2.586430676171989,11
2026-01-23,2026-01-22,2026-01,UNIONBANK,SHORT,09:15,1.715,2.586430676171989,12
2026-01-23,2026-01-22,2026-01,BPCL,SHORT,09:15,1.6662,2.586430676171989,13
2026-01-23,2026-01-22,2026-01,JSL,SHORT,09:15,2.2834,2.586430676171989,14
2026-01-23,2026-01-22,2026-01,OIL,SHORT,09:15,0.1224,2.586430676171989,15
2026-01-27,2026-01-23,2026-01,POLICYBZR,SHORT,09:15,4.7345,0.997815668190254,1
2026-01-27,2026-01-23,2026-01,ANURAS,SHORT,09:15,1.045,0.997815668190254,2
2026-01-27,2026-01-23,2026-01,SWANCORP,SHORT,09:15,0.628,0.997815668190254,3
2026-01-27,2026-01-23,2026-01,SYNGENE,SHORT,09:16,7.8198,0.997815668190254,4
2026-01-27,2026-01-23,2026-01,PGEL,SHORT,09:16,-0.3436,0.997815668190254,5
2026-01-27,2026-01-23,2026-01,APLAPOLLO,SHORT,09:15,-1.9569,0.997815668190254,6
2026-01-27,2026-01-23,2026-01,PAYTM,SHORT,09:16,-0.1667,0.997815668190254,7
2026-01-27,2026-01-23,2026-01,CREDITACC,SHORT,09:15,3.9868,0.997815668190254,8
2026-01-27,2026-01-23,2026-01,JINDALSAW,SHORT,09:15,-0.6878,0.997815668190254,9
2026-01-27,2026-01-23,2026-01,JUBLINGREA,SHORT,09:15,2.5224,0.997815668190254,10
2026-01-27,2026-01-23,2026-01,PIRAMALFIN,SHORT,09:15,-0.5665,0.997815668190254,11
2026-01-27,2026-01-23,2026-01,AAVAS,SHORT,09:15,-0.7875,0.997815668190254,12
2026-01-27,2026-01-23,2026-01,ABSLAMC,SHORT,09:15,-0.0226,0.997815668190254,13
2026-01-27,2026-01-23,2026-01,INDIANB,SHORT,09:15,-0.7068,0.997815668190254,14
2026-01-27,2026-01-23,2026-01,IIFL,SHORT,09:16,-0.5308,0.997815668190254,15
2026-01-28,2026-01-27,2026-01,ASAHIINDIA,SHORT,09:15,2.1061,-1.2721791946690486,1
2026-01-28,2026-01-27,2026-01,GROWW,SHORT,09:15,-1.8406,-1.2721791946690486,2
2026-01-28,2026-01-27,2026-01,COCHINSHIP,SHORT,09:15,-6.8714,-1.2721791946690486,3
2026-01-28,2026-01-27,2026-01,GRSE,SHORT,09:15,-4.3003,-1.2721791946690486,4
2026-01-28,2026-01-27,2026-01,AIAENG,SHORT,09:15,-0.1009,-1.2721791946690486,5
2026-01-28,2026-01-27,2026-01,VOLTAS,SHORT,09:15,-2.8982,-1.2721791946690486,6
2026-01-28,2026-01-27,2026-01,BLUEDART,SHORT,09:15,-1.5266,-1.2721791946690486,7
2026-01-28,2026-01-27,2026-01,CGCL,SHORT,09:15,-3.9321,-1.2721791946690486,8
2026-01-28,2026-01-27,2026-01,UNOMINDA,SHORT,09:15,0.3999,-1.2721791946690486,9
2026-01-28,2026-01-27,2026-01,HUDCO,SHORT,09:15,-2.8448,-1.2721791946690486,10
2026-01-28,2026-01-27,2026-01,POONAWALLA,SHORT,09:15,0.6603,-1.2721791946690486,11
2026-01-28,2026-01-27,2026-01,LTF,SHORT,09:15,-0.6257,-1.2721791946690486,12
2026-01-28,2026-01-27,2026-01,IIFL,SHORT,09:15,-2.6764,-1.2721791946690486,13
2026-01-28,2026-01-27,2026-01,SAIL,SHORT,09:15,0.9121,-1.2721791946690486,14
2026-01-28,2026-01-27,2026-01,IKS,SHORT,09:15,4.4559,-1.2721791946690486,15
2026-01-29,2026-01-28,2026-01,ACUTAAS,SHORT,09:15,-0.7666,1.4168300207821776,1
2026-01-29,2026-01-28,2026-01,BLUESTARCO,SHORT,09:15,-0.8507,1.4168300207821776,2
2026-01-29,2026-01-28,2026-01,ONESOURCE,SHORT,09:15,4.1716,1.4168300207821776,3
2026-01-29,2026-01-28,2026-01,VOLTAS,SHORT,09:15,1.6958,1.4168300207821776,4
2026-01-29,2026-01-28,2026-01,SPLPETRO,SHORT,09:15,-0.2569,1.4168300207821776,5
2026-01-29,2026-01-28,2026-01,SRF,SHORT,09:15,0.5866,1.4168300207821776,6
2026-01-29,2026-01-28,2026-01,ENGINERSIN,SHORT,09:15,2.1414,1.4168300207821776,7
2026-01-29,2026-01-28,2026-01,GODREJIND,SHORT,09:15,0.8166,1.4168300207821776,8
2026-01-29,2026-01-28,2026-01,IRCON,SHORT,09:15,1.8885,1.4168300207821776,9
2026-01-29,2026-01-28,2026-01,RVNL,SHORT,09:15,2.3447,1.4168300207821776,10
2026-01-29,2026-01-28,2026-01,PATANJALI,SHORT,09:15,1.1822,1.4168300207821776,11
2026-01-29,2026-01-28,2026-01,CARTRADE,SHORT,09:16,1.3554,1.4168300207821776,12
2026-01-29,2026-01-28,2026-01,GABRIEL,SHORT,09:15,1.2381,1.4168300207821776,13
2026-01-29,2026-01-28,2026-01,RRKABEL,SHORT,09:15,2.5342,1.4168300207821776,14
2026-01-29,2026-01-28,2026-01,BDL,SHORT,09:15,3.1716,1.4168300207821776,15
2026-01-30,2026-01-29,2026-01,GMDCLTD,SHORT,09:15,4.5287,0.3464731034228376,1
2026-01-30,2026-01-29,2026-01,AIAENG,SHORT,09:15,-0.1025,0.3464731034228376,2
2026-01-30,2026-01-29,2026-01,HFCL,SHORT,09:15,-4.153,0.3464731034228376,3
2026-01-30,2026-01-29,2026-01,HSCL,SHORT,09:15,-0.1462,0.3464731034228376,4
2026-01-30,2026-01-29,2026-01,3MINDIA,SHORT,09:15,-0.8177,0.3464731034228376,5
2026-01-30,2026-01-29,2026-01,ENRIN,SHORT,09:15,0.0196,0.3464731034228376,6
2026-01-30,2026-01-29,2026-01,IGIL,SHORT,09:15,3.6401,0.3464731034228376,7
2026-01-30,2026-01-29,2026-01,BSOFT,SHORT,09:15,-0.5718,0.3464731034228376,8
2026-01-30,2026-01-29,2026-01,FIVESTAR,LONG,09:15,2.5778,0.3464731034228376,9
2026-01-30,2026-01-29,2026-01,PPLPHARMA,SHORT,09:15,-1.553,0.3464731034228376,10
2026-01-30,2026-01-29,2026-01,NLCINDIA,SHORT,09:15,2.5271,0.3464731034228376,11
2026-01-30,2026-01-29,2026-01,DEEPAKFERT,LONG,09:15,-1.7916,0.3464731034228376,12
2026-02-01,2026-01-30,2026-02,ABDL,SHORT,09:15,-0.738,2.213918890018617,1
2026-02-01,2026-01-30,2026-02,AEGISVOPAK,SHORT,09:15,1.8462,2.213918890018617,2
2026-02-01,2026-01-30,2026-02,CANFINHOME,SHORT,09:15,4.0819,2.213918890018617,3
2026-02-01,2026-01-30,2026-02,ONESOURCE,SHORT,09:15,1.2407,2.213918890018617,4
2026-02-01,2026-01-30,2026-02,BELRISE,SHORT,09:15,3.5411,2.213918890018617,5
2026-02-01,2026-01-30,2026-02,JAINREC,SHORT,09:15,3.8323,2.213918890018617,6
2026-02-01,2026-01-30,2026-02,GESHIP,SHORT,09:15,3.1856,2.213918890018617,7
2026-02-01,2026-01-30,2026-02,NAM-INDIA,SHORT,09:15,2.4048,2.213918890018617,8
2026-02-01,2026-01-30,2026-02,GMDCLTD,SHORT,09:15,-2.7837,2.213918890018617,9
2026-02-01,2026-01-30,2026-02,HINDCOPPER,SHORT,09:15,3.7401,2.213918890018617,10
2026-02-01,2026-01-30,2026-02,MCX,SHORT,09:15,3.0489,2.213918890018617,11
2026-02-01,2026-01-30,2026-02,NATIONALUM,SHORT,09:15,-0.2466,2.213918890018617,12
2026-02-01,2026-01-30,2026-02,TTML,SHORT,09:15,2.1818,2.213918890018617,13
2026-02-01,2026-01-30,2026-02,SYRMA,SHORT,09:15,0.0377,2.213918890018617,14
2026-02-01,2026-01-30,2026-02,BSE,SHORT,09:15,7.8359,2.213918890018617,15
2026-02-02,2026-02-01,2026-02,AIAENG,SHORT,09:15,-1.3306,-1.5017307013741075,1
2026-02-02,2026-02-01,2026-02,PRESTIGE,SHORT,09:15,0.5824,-1.5017307013741075,2
2026-02-02,2026-02-01,2026-02,GROWW,SHORT,09:15,1.6903,-1.5017307013741075,3
2026-02-02,2026-02-01,2026-02,GABRIEL,SHORT,09:15,-2.5481,-1.5017307013741075,4
2026-02-02,2026-02-01,2026-02,DATAPATTNS,SHORT,09:16,-0.5598,-1.5017307013741075,5
2026-02-02,2026-02-01,2026-02,JWL,SHORT,09:16,-0.6104,-1.5017307013741075,6
2026-02-02,2026-02-01,2026-02,RAILTEL,SHORT,09:16,-1.6132,-1.5017307013741075,7
2026-02-02,2026-02-01,2026-02,GRSE,SHORT,09:16,-1.1114,-1.5017307013741075,8
2026-02-02,2026-02-01,2026-02,SCI,SHORT,09:16,-1.4732,-1.5017307013741075,9
2026-02-02,2026-02-01,2026-02,ACMESOLAR,SHORT,09:15,0.592,-1.5017307013741075,10
2026-02-02,2026-02-01,2026-02,ACUTAAS,SHORT,09:15,-7.1306,-1.5017307013741075,11
2026-02-02,2026-02-01,2026-02,ANANTRAJ,SHORT,09:15,-4.2017,-1.5017307013741075,12
2026-02-02,2026-02-01,2026-02,ELECON,SHORT,09:15,-2.5017,-1.5017307013741075,13
2026-02-02,2026-02-01,2026-02,GMDCLTD,SHORT,09:15,0.1446,-1.5017307013741075,14
2026-02-02,2026-02-01,2026-02,HBLENGINE,SHORT,09:15,-2.4544,-1.5017307013741075,15
2026-02-03,2026-02-02,2026-02,SUNDARMFIN,SHORT,09:15,0.2031,2.122612140689795,1
2026-02-03,2026-02-02,2026-02,ACUTAAS,SHORT,09:15,4.7259,2.122612140689795,2
2026-02-03,2026-02-02,2026-02,APARINDS,SHORT,09:15,-3.723,2.122612140689795,3
2026-02-03,2026-02-02,2026-02,ITCHOTELS,SHORT,09:15,3.6728,2.122612140689795,4
2026-02-03,2026-02-02,2026-02,MSUMI,SHORT,09:15,3.2271,2.122612140689795,5
2026-02-03,2026-02-02,2026-02,GRAVITA,SHORT,09:15,0.0144,2.122612140689795,6
2026-02-03,2026-02-02,2026-02,GRSE,SHORT,09:15,5.1949,2.122612140689795,7
2026-02-03,2026-02-02,2026-02,AEGISVOPAK,SHORT,09:15,5.6238,2.122612140689795,8
2026-02-03,2026-02-02,2026-02,ONESOURCE,SHORT,09:15,3.6329,2.122612140689795,9
2026-02-03,2026-02-02,2026-02,LLOYDSME,SHORT,09:15,-2.1484,2.122612140689795,10
2026-02-03,2026-02-02,2026-02,MCX,SHORT,09:15,2.1986,2.122612140689795,11
2026-02-03,2026-02-02,2026-02,CANFINHOME,SHORT,09:15,3.1981,2.122612140689795,12
2026-02-03,2026-02-02,2026-02,JMFINANCIL,SHORT,09:15,-0.4204,2.122612140689795,13
2026-02-03,2026-02-02,2026-02,MRPL,SHORT,09:15,2.8401,2.122612140689795,14
2026-02-03,2026-02-02,2026-02,SYRMA,SHORT,09:15,3.5991,2.122612140689795,15
2026-02-04,2026-02-03,2026-02,SOLARINDS,SHORT,09:15,2.2161,-1.117959534694545,1
2026-02-04,2026-02-03,2026-02,KIRLOSENG,SHORT,09:15,-3.3568,-1.117959534694545,2
2026-02-04,2026-02-03,2026-02,ABLBL,SHORT,09:15,-1.1275,-1.117959534694545,3
2026-02-04,2026-02-03,2026-02,ABFRL,SHORT,09:15,-3.8938,-1.117959534694545,4
2026-02-04,2026-02-03,2026-02,ETERNAL,SHORT,09:15,-5.015,-1.117959534694545,5
2026-02-04,2026-02-03,2026-02,AMBER,SHORT,09:15,-3.5721,-1.117959534694545,6
2026-02-04,2026-02-03,2026-02,PERSISTENT,SHORT,09:15,1.2228,-1.117959534694545,7
2026-02-04,2026-02-03,2026-02,SHRIRAMFIN,SHORT,09:15,1.0368,-1.117959534694545,8
2026-02-04,2026-02-03,2026-02,SRF,SHORT,09:15,-1.341,-1.117959534694545,9
2026-02-04,2026-02-03,2026-02,UNOMINDA,SHORT,09:15,1.3538,-1.117959534694545,10
2026-02-04,2026-02-03,2026-02,KAYNES,SHORT,09:15,-6.3378,-1.117959534694545,11
2026-02-04,2026-02-03,2026-02,ATUL,SHORT,09:15,-0.235,-1.117959534694545,12
2026-02-04,2026-02-03,2026-02,CANFINHOME,SHORT,09:15,-1.0533,-1.117959534694545,13
2026-02-04,2026-02-03,2026-02,COFORGE,SHORT,09:15,3.0756,-1.117959534694545,14
2026-02-04,2026-02-03,2026-02,HDFCBANK,SHORT,09:15,0.2579,-1.117959534694545,15
2026-02-05,2026-02-04,2026-02,AIAENG,SHORT,09:15,3.5447,1.3405301877627083,1
2026-02-05,2026-02-04,2026-02,BALKRISIND,SHORT,09:15,-1.2306,1.3405301877627083,2
2026-02-05,2026-02-04,2026-02,TEGA,SHORT,09:15,0.8194,1.3405301877627083,3
2026-02-05,2026-02-04,2026-02,AEGISVOPAK,SHORT,09:15,1.3403,1.3405301877627083,4
2026-02-05,2026-02-04,2026-02,EMAMILTD,SHORT,09:15,0.3,1.3405301877627083,5
2026-02-05,2026-02-04,2026-02,GVT&D,SHORT,09:15,-0.3328,1.3405301877627083,6
2026-02-05,2026-02-04,2026-02,HAL,LONG,09:15,-2.2875,1.3405301877627083,7
2026-02-05,2026-02-04,2026-02,JBMA,SHORT,09:15,1.1211,1.3405301877627083,8
2026-02-05,2026-02-04,2026-02,VTL,SHORT,09:15,1.3123,1.3405301877627083,9
2026-02-05,2026-02-04,2026-02,ZFCVINDIA,SHORT,09:15,2.1177,1.3405301877627083,10
2026-02-05,2026-02-04,2026-02,WELSPUNLIV,SHORT,09:16,-0.0567,1.3405301877627083,11
2026-02-05,2026-02-04,2026-02,SAILIFE,SHORT,09:16,-1.7429,1.3405301877627083,12
2026-02-05,2026-02-04,2026-02,RPOWER,SHORT,09:15,3.1887,1.3405301877627083,13
2026-02-05,2026-02-04,2026-02,IIFL,SHORT,09:15,1.9078,1.3405301877627083,14
2026-02-05,2026-02-04,2026-02,TIINDIA,SHORT,09:15,10.1064,1.3405301877627083,15
2026-02-06,2026-02-05,2026-02,PREMIERENE,SHORT,09:15,-0.9917,-0.6043146472921219,1
2026-02-06,2026-02-05,2026-02,POONAWALLA,SHORT,09:15,-7.3171,-0.6043146472921219,2
2026-02-06,2026-02-05,2026-02,EIHOTEL,SHORT,09:15,1.3177,-0.6043146472921219,3
2026-02-06,2026-02-05,2026-02,MCX,LONG,09:15,-0.221,-0.6043146472921219,4
2026-02-06,2026-02-05,2026-02,IDBI,SHORT,09:16,-3.6075,-0.6043146472921219,5
2026-02-06,2026-02-05,2026-02,CHENNPETRO,SHORT,09:15,-1.6562,-0.6043146472921219,6
2026-02-06,2026-02-05,2026-02,FORCEMOT,SHORT,09:15,-0.4657,-0.6043146472921219,7
2026-02-06,2026-02-05,2026-02,CCL,SHORT,09:15,0.2039,-0.6043146472921219,8
2026-02-06,2026-02-05,2026-02,PWL,SHORT,09:15,6.6017,-0.6043146472921219,9
2026-02-06,2026-02-05,2026-02,ITI,SHORT,09:15,0.7583,-0.6043146472921219,10
2026-02-06,2026-02-05,2026-02,GROWW,SHORT,09:15,1.5087,-0.6043146472921219,11
2026-02-06,2026-02-05,2026-02,ABREL,SHORT,09:15,-3.1264,-0.6043146472921219,12
2026-02-06,2026-02-05,2026-02,BAJAJHLDNG,SHORT,09:15,-0.8608,-0.6043146472921219,13
2026-02-09,2026-02-06,2026-02,POONAWALLA,SHORT,09:15,-6.8744,-0.38082407657672485,1
2026-02-09,2026-02-06,2026-02,KIRLOSENG,SHORT,09:15,-3.3899,-0.38082407657672485,2
2026-02-09,2026-02-06,2026-02,TRITURBINE,SHORT,09:15,1.1915,-0.38082407657672485,3
2026-02-09,2026-02-06,2026-02,CONCORDBIO,SHORT,09:15,3.9166,-0.38082407657672485,4
2026-02-09,2026-02-06,2026-02,FLUOROCHEM,SHORT,09:15,-2.3846,-0.38082407657672485,5
2026-02-09,2026-02-06,2026-02,ZEEL,SHORT,09:15,-3.2937,-0.38082407657672485,6
2026-02-09,2026-02-06,2026-02,ANANTRAJ,SHORT,09:15,0.0979,-0.38082407657672485,7
2026-02-09,2026-02-06,2026-02,KPRMILL,SHORT,09:15,1.9849,-0.38082407657672485,8
2026-02-09,2026-02-06,2026-02,TMCV,SHORT,09:15,-1.6177,-0.38082407657672485,9
2026-02-09,2026-02-06,2026-02,EIHOTEL,SHORT,09:15,1.4484,-0.38082407657672485,10
2026-02-09,2026-02-06,2026-02,HEXT,SHORT,09:16,1.5149,-0.38082407657672485,11
2026-02-09,2026-02-06,2026-02,BEML,LONG,09:15,6.6369,-0.38082407657672485,12
2026-02-09,2026-02-06,2026-02,BSOFT,SHORT,09:15,-2.0551,-0.38082407657672485,13
2026-02-09,2026-02-06,2026-02,SIEMENS,SHORT,09:15,0.0882,-0.38082407657672485,14
2026-02-09,2026-02-06,2026-02,POWERINDIA,SHORT,09:15,-2.9762,-0.38082407657672485,15
2026-02-10,2026-02-09,2026-02,3MINDIA,SHORT,09:15,-1.7163,-0.8246467582867273,1
2026-02-10,2026-02-09,2026-02,RAMCOCEM,SHORT,09:15,-0.4407,-0.8246467582867273,2
2026-02-10,2026-02-09,2026-02,SWIGGY,SHORT,09:15,-5.853,-0.8246467582867273,3
2026-02-10,2026-02-09,2026-02,TORNTPOWER,SHORT,09:15,-2.9143,-0.8246467582867273,4
2026-02-10,2026-02-09,2026-02,WELSPUNLIV,SHORT,09:15,3.589,-0.8246467582867273,5
2026-02-10,2026-02-09,2026-02,WOCKPHARMA,SHORT,09:15,-0.0905,-0.8246467582867273,6
2026-02-10,2026-02-09,2026-02,IKS,SHORT,09:15,-4.2008,-0.8246467582867273,7
2026-02-10,2026-02-09,2026-02,ADANIENSOL,SHORT,09:15,1.8059,-0.8246467582867273,8
2026-02-10,2026-02-09,2026-02,ADANIPORTS,SHORT,09:15,0.8408,-0.8246467582867273,9
2026-02-10,2026-02-09,2026-02,HCLTECH,SHORT,09:15,1.4956,-0.8246467582867273,10
2026-02-10,2026-02-09,2026-02,ENGINERSIN,SHORT,09:15,-0.9294,-0.8246467582867273,11
2026-02-10,2026-02-09,2026-02,JMFINANCIL,SHORT,09:15,-4.7078,-0.8246467582867273,12
2026-02-10,2026-02-09,2026-02,NEULANDLAB,SHORT,09:15,-3.4795,-0.8246467582867273,13
2026-02-10,2026-02-09,2026-02,VTL,SHORT,09:15,1.6909,-0.8246467582867273,14
2026-02-10,2026-02-09,2026-02,WHIRLPOOL,SHORT,09:15,2.5403,-0.8246467582867273,15
2026-02-11,2026-02-10,2026-02,UBL,SHORT,09:15,1.6955,0.17267499058108987,1
2026-02-11,2026-02-10,2026-02,POONAWALLA,SHORT,09:15,-1.1127,0.17267499058108987,2
2026-02-11,2026-02-10,2026-02,WOCKPHARMA,SHORT,09:15,2.0145,0.17267499058108987,3
2026-02-11,2026-02-10,2026-02,RAILTEL,SHORT,09:15,1.8248,0.17267499058108987,4
2026-02-11,2026-02-10,2026-02,PFIZER,SHORT,09:15,-4.7839,0.17267499058108987,5
2026-02-11,2026-02-10,2026-02,LINDEINDIA,SHORT,09:15,1.7934,0.17267499058108987,6
2026-02-11,2026-02-10,2026-02,ATUL,SHORT,09:15,0.0749,0.17267499058108987,7
2026-02-11,2026-02-10,2026-02,DIVISLAB,SHORT,09:15,-3.1073,0.17267499058108987,8
2026-02-11,2026-02-10,2026-02,EMMVEE,SHORT,09:15,0.3291,0.17267499058108987,9
2026-02-11,2026-02-10,2026-02,JWL,SHORT,09:15,1.3804,0.17267499058108987,10
2026-02-11,2026-02-10,2026-02,NEULANDLAB,SHORT,09:16,1.427,0.17267499058108987,11
2026-02-11,2026-02-10,2026-02,TATACOMM,SHORT,09:15,-0.6371,0.17267499058108987,12
2026-02-11,2026-02-10,2026-02,WHIRLPOOL,SHORT,09:15,-2.9969,0.17267499058108987,13
2026-02-11,2026-02-10,2026-02,ESCORTS,SHORT,09:15,3.1879,0.17267499058108987,14
2026-02-11,2026-02-10,2026-02,ITI,SHORT,09:15,1.5006,0.17267499058108987,15
2026-02-12,2026-02-11,2026-02,SJVN,SHORT,09:15,0.7856,0.327544458622277,1
2026-02-12,2026-02-11,2026-02,JPPOWER,SHORT,09:15,2.3826,0.327544458622277,2
2026-02-12,2026-02-11,2026-02,TARIL,SHORT,09:15,1.4118,0.327544458622277,3
2026-02-12,2026-02-11,2026-02,MOTHERSON,SHORT,09:15,-1.8583,0.327544458622277,4
2026-02-12,2026-02-11,2026-02,UTIAMC,SHORT,09:15,0.3541,0.327544458622277,5
2026-02-12,2026-02-11,2026-02,KIMS,SHORT,09:15,-0.9086,0.327544458622277,6
2026-02-12,2026-02-11,2026-02,SUMICHEM,SHORT,09:15,2.6462,0.327544458622277,7
2026-02-12,2026-02-11,2026-02,MEDANTA,SHORT,09:15,-0.3442,0.327544458622277,8
2026-02-12,2026-02-11,2026-02,JKTYRE,SHORT,09:15,3.839,0.327544458622277,9
2026-02-12,2026-02-11,2026-02,BRITANNIA,SHORT,09:15,-0.5533,0.327544458622277,10
2026-02-12,2026-02-11,2026-02,GROWW,SHORT,09:15,-4.9646,0.327544458622277,11
2026-02-12,2026-02-11,2026-02,HBLENGINE,LONG,09:15,0.1691,0.327544458622277,12
2026-02-12,2026-02-11,2026-02,NUVAMA,LONG,09:15,-1.3321,0.327544458622277,13
2026-02-12,2026-02-11,2026-02,BBTC,SHORT,09:15,2.9581,0.327544458622277,14
2026-02-13,2026-02-12,2026-02,LENSKART,SHORT,09:15,6.2969,0.30215122020998864,1
2026-02-13,2026-02-12,2026-02,SUNDARMFIN,SHORT,09:15,3.0888,0.30215122020998864,2
2026-02-13,2026-02-12,2026-02,IPCALAB,SHORT,09:15,-1.1778,0.30215122020998864,3
2026-02-13,2026-02-12,2026-02,ONESOURCE,SHORT,09:15,1.419,0.30215122020998864,4
2026-02-13,2026-02-12,2026-02,SJVN,SHORT,09:15,1.4417,0.30215122020998864,5
2026-02-13,2026-02-12,2026-02,EMMVEE,SHORT,09:15,-0.1014,0.30215122020998864,6
2026-02-13,2026-02-12,2026-02,KIRLOSENG,SHORT,09:15,-2.3936,0.30215122020998864,7
2026-02-13,2026-02-12,2026-02,PIIND,SHORT,09:15,-4.4124,0.30215122020998864,8
2026-02-13,2026-02-12,2026-02,LGEINDIA,SHORT,09:16,-1.8862,0.30215122020998864,9
2026-02-13,2026-02-12,2026-02,FIVESTAR,SHORT,09:15,-0.0286,0.30215122020998864,10
2026-02-13,2026-02-12,2026-02,NATCOPHARM,SHORT,09:15,0.8605,0.30215122020998864,11
2026-02-13,2026-02-12,2026-02,ARE&M,SHORT,09:16,0.4887,0.30215122020998864,12
2026-02-13,2026-02-12,2026-02,SONATSOFTW,LONG,09:15,0.3324,0.30215122020998864,13
2026-02-16,2026-02-13,2026-02,AEGISVOPAK,SHORT,09:15,2.4325,-1.4639279415660913,1
2026-02-16,2026-02-13,2026-02,ENGINERSIN,SHORT,09:15,-14.7093,-1.4639279415660913,2
2026-02-16,2026-02-13,2026-02,HONASA,SHORT,09:15,-2.3706,-1.4639279415660913,3
2026-02-16,2026-02-13,2026-02,PIIND,SHORT,09:16,2.0608,-1.4639279415660913,4
2026-02-16,2026-02-13,2026-02,KIMS,SHORT,09:15,-0.3118,-1.4639279415660913,5
2026-02-16,2026-02-13,2026-02,LENSKART,SHORT,09:15,-0.3751,-1.4639279415660913,6
2026-02-16,2026-02-13,2026-02,SCI,SHORT,09:15,-1.2732,-1.4639279415660913,7
2026-02-16,2026-02-13,2026-02,TRAVELFOOD,SHORT,09:15,-4.1839,-1.4639279415660913,8
2026-02-16,2026-02-13,2026-02,COHANCE,SHORT,09:16,1.796,-1.4639279415660913,9
2026-02-16,2026-02-13,2026-02,GRAPHITE,SHORT,09:15,-4.7948,-1.4639279415660913,10
2026-02-16,2026-02-13,2026-02,TENNIND,SHORT,09:15,-0.1059,-1.4639279415660913,11
2026-02-16,2026-02-13,2026-02,VTL,SHORT,09:15,0.5381,-1.4639279415660913,12
2026-02-16,2026-02-13,2026-02,BHARATFORG,SHORT,09:15,0.6077,-1.4639279415660913,13
2026-02-16,2026-02-13,2026-02,TEGA,SHORT,09:16,1.373,-1.4639279415660913,14
2026-02-16,2026-02-13,2026-02,BLUEJET,LONG,09:15,-2.6425,-1.4639279415660913,15
2026-02-17,2026-02-16,2026-02,ENGINERSIN,SHORT,09:15,7.0582,0.5432697819225707,1
2026-02-17,2026-02-16,2026-02,HSCL,SHORT,09:15,0.4392,0.5432697819225707,2
2026-02-17,2026-02-16,2026-02,IPCALAB,SHORT,09:15,1.1623,0.5432697819225707,3
2026-02-17,2026-02-16,2026-02,AIIL,SHORT,09:15,-0.0917,0.5432697819225707,4
2026-02-17,2026-02-16,2026-02,RHIM,SHORT,09:15,-2.264,0.5432697819225707,5
2026-02-17,2026-02-16,2026-02,ZFCVINDIA,SHORT,09:15,0.2393,0.5432697819225707,6
2026-02-17,2026-02-16,2026-02,BLS,SHORT,09:15,1.1522,0.5432697819225707,7
2026-02-17,2026-02-16,2026-02,CPPLUS,SHORT,09:15,-1.8981,0.5432697819225707,8
2026-02-17,2026-02-16,2026-02,NATCOPHARM,SHORT,09:15,0.0703,0.5432697819225707,9
2026-02-17,2026-02-16,2026-02,ANGELONE,SHORT,09:16,-1.0699,0.5432697819225707,10
2026-02-17,2026-02-16,2026-02,AJANTPHARM,SHORT,09:15,0.525,0.5432697819225707,11
2026-02-17,2026-02-16,2026-02,ENRIN,SHORT,09:15,1.1964,0.5432697819225707,12
2026-02-18,2026-02-17,2026-02,COCHINSHIP,SHORT,09:15,0.0963,-0.2689124926969594,1
2026-02-18,2026-02-17,2026-02,PAYTM,SHORT,09:15,-2.2839,-0.2689124926969594,2
2026-02-18,2026-02-17,2026-02,ENGINERSIN,SHORT,09:15,0.8298,-0.2689124926969594,3
2026-02-18,2026-02-17,2026-02,JWL,SHORT,09:15,0.5922,-0.2689124926969594,4
2026-02-18,2026-02-17,2026-02,USHAMART,SHORT,09:15,-0.1038,-0.2689124926969594,5
2026-02-18,2026-02-17,2026-02,ONESOURCE,SHORT,09:15,-2.9564,-0.2689124926969594,6
2026-02-18,2026-02-17,2026-02,GODIGIT,SHORT,09:15,0.4032,-0.2689124926969594,7
2026-02-18,2026-02-17,2026-02,BLUEJET,SHORT,09:15,2.73,-0.2689124926969594,8
2026-02-18,2026-02-17,2026-02,ECLERX,SHORT,09:15,-0.6583,-0.2689124926969594,9
2026-02-18,2026-02-17,2026-02,NEWGEN,SHORT,09:15,-2.5592,-0.2689124926969594,10
2026-02-18,2026-02-17,2026-02,TEJASNET,SHORT,09:15,0.086,-0.2689124926969594,11
2026-02-18,2026-02-17,2026-02,TTML,SHORT,09:15,0.5972,-0.2689124926969594,12
2026-02-19,2026-02-18,2026-02,IDFCFIRSTB,SHORT,09:15,2.6629,1.6790247178650624,1
2026-02-19,2026-02-18,2026-02,SCHAEFFLER,SHORT,09:15,2.0584,1.6790247178650624,2
2026-02-19,2026-02-18,2026-02,3MINDIA,SHORT,09:15,-0.3998,1.6790247178650624,3
2026-02-19,2026-02-18,2026-02,ONESOURCE,SHORT,09:15,0.0369,1.6790247178650624,4
2026-02-19,2026-02-18,2026-02,ANGELONE,SHORT,09:15,3.3919,1.6790247178650624,5
2026-02-19,2026-02-18,2026-02,MAPMYINDIA,SHORT,09:15,3.538,1.6790247178650624,6
2026-02-19,2026-02-18,2026-02,EMMVEE,SHORT,09:15,-0.0965,1.6790247178650624,7
2026-02-19,2026-02-18,2026-02,NETWEB,SHORT,09:15,-3.5762,1.6790247178650624,8
2026-02-19,2026-02-18,2026-02,TECHNOE,SHORT,09:15,2.2389,1.6790247178650624,9
2026-02-19,2026-02-18,2026-02,FORCEMOT,SHORT,09:15,3.8357,1.6790247178650624,10
2026-02-19,2026-02-18,2026-02,ITI,SHORT,09:15,2.1625,1.6790247178650624,11
2026-02-19,2026-02-18,2026-02,COHANCE,SHORT,09:15,4.2955,1.6790247178650624,12
2026-02-20,2026-02-19,2026-02,NATCOPHARM,SHORT,09:15,-0.7695,-0.5621962159118394,1
2026-02-20,2026-02-19,2026-02,TARIL,SHORT,09:15,-4.2688,-0.5621962159118394,2
2026-02-20,2026-02-19,2026-02,TATAINVEST,SHORT,09:15,-2.3809,-0.5621962159118394,3
2026-02-20,2026-02-19,2026-02,BLUEJET,SHORT,09:15,4.5145,-0.5621962159118394,4
2026-02-20,2026-02-19,2026-02,FLUOROCHEM,SHORT,09:15,-0.958,-0.5621962159118394,5
2026-02-20,2026-02-19,2026-02,INTELLECT,SHORT,09:15,-0.6046,-0.5621962159118394,6
2026-02-20,2026-02-19,2026-02,FORCEMOT,SHORT,09:15,-0.7971,-0.5621962159118394,7
2026-02-20,2026-02-19,2026-02,IDFCFIRSTB,SHORT,09:15,-0.8929,-0.5621962159118394,8
2026-02-20,2026-02-19,2026-02,RHIM,SHORT,09:15,2.2492,-0.5621962159118394,9
2026-02-20,2026-02-19,2026-02,EMMVEE,SHORT,09:15,1.2808,-0.5621962159118394,10
2026-02-20,2026-02-19,2026-02,MCX,SHORT,09:15,-1.0676,-0.5621962159118394,11
2026-02-20,2026-02-19,2026-02,TIINDIA,SHORT,09:15,-3.7817,-0.5621962159118394,12
2026-02-20,2026-02-19,2026-02,OIL,SHORT,09:15,1.2199,-0.5621962159118394,13
2026-02-20,2026-02-19,2026-02,NLCINDIA,SHORT,09:15,-1.5594,-0.5621962159118394,14
2026-02-20,2026-02-19,2026-02,GABRIEL,LONG,09:15,-0.6168,-0.5621962159118394,15
2026-02-24,2026-02-23,2026-02,FLUOROCHEM,SHORT,09:15,-2.8867,-0.11181530145845892,1
2026-02-24,2026-02-23,2026-02,SUNDARMFIN,SHORT,09:15,-3.1356,-0.11181530145845892,2
2026-02-24,2026-02-23,2026-02,LTFOODS,SHORT,09:15,2.1589,-0.11181530145845892,3
2026-02-24,2026-02-23,2026-02,WELSPUNLIV,SHORT,09:15,1.8509,-0.11181530145845892,4
2026-02-24,2026-02-23,2026-02,GODFRYPHLP,SHORT,09:15,3.3786,-0.11181530145845892,5
2026-02-24,2026-02-23,2026-02,AUBANK,LONG,09:15,3.0303,-0.11181530145845892,6
2026-02-24,2026-02-23,2026-02,PCBL,SHORT,09:15,-2.2642,-0.11181530145845892,7
2026-02-24,2026-02-23,2026-02,DALBHARAT,SHORT,09:15,0.1629,-0.11181530145845892,8
2026-02-24,2026-02-23,2026-02,IIFL,SHORT,09:15,-0.274,-0.11181530145845892,9
2026-02-24,2026-02-23,2026-02,IPCALAB,SHORT,09:15,-4.7769,-0.11181530145845892,10
2026-02-24,2026-02-23,2026-02,MFSL,SHORT,09:15,1.0517,-0.11181530145845892,11
2026-02-24,2026-02-23,2026-02,CREDITACC,SHORT,09:15,0.2095,-0.11181530145845892,12
2026-02-24,2026-02-23,2026-02,PNB,SHORT,09:15,-0.6808,-0.11181530145845892,13
2026-02-24,2026-02-23,2026-02,BELRISE,SHORT,09:15,-0.2363,-0.11181530145845892,14
2026-02-24,2026-02-23,2026-02,IGIL,SHORT,09:15,0.7345,-0.11181530145845892,15
2026-02-25,2026-02-24,2026-02,SUNDARMFIN,SHORT,09:15,-2.8402,-0.16346222567487959,1
2026-02-25,2026-02-24,2026-02,IPCALAB,SHORT,09:15,0.4502,-0.16346222567487959,2
2026-02-25,2026-02-24,2026-02,SWANCORP,SHORT,09:15,3.469,-0.16346222567487959,3
2026-02-25,2026-02-24,2026-02,FLUOROCHEM,SHORT,09:15,0.8604,-0.16346222567487959,4
2026-02-25,2026-02-24,2026-02,SAMMAANCAP,SHORT,09:15,-2.0024,-0.16346222567487959,5
2026-02-25,2026-02-24,2026-02,ADANIENSOL,SHORT,09:15,1.7476,-0.16346222567487959,6
2026-02-25,2026-02-24,2026-02,PREMIERENE,SHORT,09:15,-4.6875,-0.16346222567487959,7
2026-02-25,2026-02-24,2026-02,JSWENERGY,SHORT,09:15,-0.1154,-0.16346222567487959,8
2026-02-25,2026-02-24,2026-02,RBLBANK,SHORT,09:15,-0.715,-0.16346222567487959,9
2026-02-25,2026-02-24,2026-02,KPRMILL,SHORT,09:15,0.5212,-0.16346222567487959,10
2026-02-25,2026-02-24,2026-02,COFORGE,LONG,09:15,-1.4249,-0.16346222567487959,11
2026-02-25,2026-02-24,2026-02,ENDURANCE,SHORT,09:15,0.5741,-0.16346222567487959,12
2026-02-25,2026-02-24,2026-02,TATACOMM,LONG,09:15,0.9276,-0.16346222567487959,13
2026-02-25,2026-02-24,2026-02,VBL,SHORT,09:15,0.8886,-0.16346222567487959,14
2026-02-25,2026-02-24,2026-02,CARTRADE,LONG,09:15,-0.1051,-0.16346222567487959,15
2026-02-26,2026-02-25,2026-02,CONCORDBIO,SHORT,09:15,-1.5601,0.13042179546682567,1
2026-02-26,2026-02-25,2026-02,JAINREC,SHORT,09:15,-1.9697,0.13042179546682567,2
2026-02-26,2026-02-25,2026-02,TATACOMM,SHORT,09:15,-1.8806,0.13042179546682567,3
2026-02-26,2026-02-25,2026-02,SUNDARMFIN,SHORT,09:15,1.1372,0.13042179546682567,4
2026-02-26,2026-02-25,2026-02,SARDAEN,SHORT,09:15,3.0762,0.13042179546682567,5
2026-02-26,2026-02-25,2026-02,PREMIERENE,SHORT,09:16,1.6705,0.13042179546682567,6
2026-02-26,2026-02-25,2026-02,INFY,SHORT,09:15,1.0038,0.13042179546682567,7
2026-02-26,2026-02-25,2026-02,TECHM,SHORT,09:15,0.1406,0.13042179546682567,8
2026-02-26,2026-02-25,2026-02,ZENSARTECH,SHORT,09:15,-1.5242,0.13042179546682567,9
2026-02-26,2026-02-25,2026-02,PWL,SHORT,09:15,3.3598,0.13042179546682567,10
2026-02-26,2026-02-25,2026-02,IKS,SHORT,09:15,1.8065,0.13042179546682567,11
2026-02-26,2026-02-25,2026-02,BSOFT,SHORT,09:15,-3.1268,0.13042179546682567,12
2026-02-26,2026-02-25,2026-02,DMART,SHORT,09:15,0.7874,0.13042179546682567,13
2026-02-26,2026-02-25,2026-02,PERSISTENT,SHORT,09:15,-0.1766,0.13042179546682567,14
2026-02-26,2026-02-25,2026-02,GRAPHITE,SHORT,09:15,-0.7877,0.13042179546682567,15
2026-02-27,2026-02-26,2026-02,J&KBANK,SHORT,09:15,-0.5804,-1.6350049601995946,1
2026-02-27,2026-02-26,2026-02,TEJASNET,SHORT,09:15,-12.2135,-1.6350049601995946,2
2026-02-27,2026-02-26,2026-02,ONESOURCE,SHORT,09:15,-1.282,-1.6350049601995946,3
2026-02-27,2026-02-26,2026-02,FINCABLES,SHORT,09:15,-3.9681,-1.6350049601995946,4
2026-02-27,2026-02-26,2026-02,SWANCORP,SHORT,09:15,-1.3973,-1.6350049601995946,5
2026-02-27,2026-02-26,2026-02,APARINDS,SHORT,09:15,-2.6088,-1.6350049601995946,6
2026-02-27,2026-02-26,2026-02,ITI,SHORT,09:15,1.3722,-1.6350049601995946,7
2026-02-27,2026-02-26,2026-02,PERSISTENT,SHORT,09:15,2.1732,-1.6350049601995946,8
2026-02-27,2026-02-26,2026-02,POONAWALLA,SHORT,09:15,2.0564,-1.6350049601995946,9
2026-02-27,2026-02-26,2026-02,DATAPATTNS,SHORT,09:15,1.1093,-1.6350049601995946,10
2026-02-27,2026-02-26,2026-02,SAPPHIRE,SHORT,09:16,0.107,-1.6350049601995946,11
2026-02-27,2026-02-26,2026-02,CPPLUS,SHORT,09:15,-4.388,-1.6350049601995946,12
2026-03-02,2026-02-27,2026-03,JAINREC,SHORT,09:15,-6.7595,-1.2045837553188643,1
2026-03-02,2026-02-27,2026-03,THELEELA,SHORT,09:15,-2.1445,-1.2045837553188643,2
2026-03-02,2026-02-27,2026-03,HCLTECH,SHORT,09:15,-1.5376,-1.2045837553188643,3
2026-03-02,2026-02-27,2026-03,VIJAYA,SHORT,09:15,-0.4005,-1.2045837553188643,4
2026-03-02,2026-02-27,2026-03,MPHASIS,SHORT,09:15,-2.5711,-1.2045837553188643,5
2026-03-02,2026-02-27,2026-03,MMTC,SHORT,09:15,1.9352,-1.2045837553188643,6
2026-03-02,2026-02-27,2026-03,LTTS,SHORT,09:15,-1.2539,-1.2045837553188643,7
2026-03-02,2026-02-27,2026-03,SPLPETRO,SHORT,09:15,6.1464,-1.2045837553188643,8
2026-03-02,2026-02-27,2026-03,GRAPHITE,SHORT,09:15,-3.5911,-1.2045837553188643,9
2026-03-02,2026-02-27,2026-03,TEJASNET,SHORT,09:15,-11.6197,-1.2045837553188643,10
2026-03-02,2026-02-27,2026-03,HOMEFIRST,LONG,09:15,6.8185,-1.2045837553188643,11
2026-03-02,2026-02-27,2026-03,INFY,SHORT,09:15,0.1108,-1.2045837553188643,12
2026-03-02,2026-02-27,2026-03,VMM,SHORT,09:16,-0.7927,-1.2045837553188643,13
2026-03-04,2026-03-02,2026-03,JAINREC,SHORT,09:15,-3.9535,0.7019164355687124,1
2026-03-04,2026-03-02,2026-03,PIRAMALFIN,SHORT,09:15,-1.9359,0.7019164355687124,2
2026-03-04,2026-03-02,2026-03,TARIL,SHORT,09:15,2.5497,0.7019164355687124,3
2026-03-04,2026-03-02,2026-03,TIINDIA,SHORT,09:15,1.8095,0.7019164355687124,4
2026-03-04,2026-03-02,2026-03,ATHERENERG,SHORT,09:15,-0.7756,0.7019164355687124,5
2026-03-04,2026-03-02,2026-03,LATENTVIEW,SHORT,09:15,1.7668,0.7019164355687124,6
2026-03-04,2026-03-02,2026-03,HFCL,SHORT,09:15,-0.1211,0.7019164355687124,7
2026-03-04,2026-03-02,2026-03,OLECTRA,SHORT,09:16,2.2499,0.7019164355687124,8
2026-03-04,2026-03-02,2026-03,INDIGO,SHORT,09:16,-0.5969,0.7019164355687124,9
2026-03-04,2026-03-02,2026-03,LTFOODS,SHORT,09:16,1.4878,0.7019164355687124,10
2026-03-04,2026-03-02,2026-03,PARADEEP,SHORT,09:16,1.3347,0.7019164355687124,11
2026-03-04,2026-03-02,2026-03,KARURVYSYA,SHORT,09:16,1.6988,0.7019164355687124,12
2026-03-04,2026-03-02,2026-03,CLEAN,SHORT,09:15,-1.8395,0.7019164355687124,13
2026-03-04,2026-03-02,2026-03,AARTIIND,SHORT,09:16,4.2249,0.7019164355687124,14
2026-03-04,2026-03-02,2026-03,APARINDS,SHORT,09:16,2.6289,0.7019164355687124,15
2026-03-05,2026-03-04,2026-03,ONESOURCE,SHORT,09:15,-4.5819,0.3415922940936777,1
2026-03-05,2026-03-04,2026-03,ANURAS,SHORT,09:15,0.4595,0.3415922940936777,2
2026-03-05,2026-03-04,2026-03,FLUOROCHEM,SHORT,09:15,2.0033,0.3415922940936777,3
2026-03-05,2026-03-04,2026-03,ATUL,SHORT,09:15,0.7208,0.3415922940936777,4
2026-03-05,2026-03-04,2026-03,GUJGASLTD,SHORT,09:15,2.1224,0.3415922940936777,5
2026-03-05,2026-03-04,2026-03,ATHERENERG,SHORT,09:15,3.0304,0.3415922940936777,6
2026-03-05,2026-03-04,2026-03,JAINREC,SHORT,09:15,-1.8189,0.3415922940936777,7
2026-03-05,2026-03-04,2026-03,CONCORDBIO,SHORT,09:15,0.6369,0.3415922940936777,8
2026-03-05,2026-03-04,2026-03,PIRAMALFIN,SHORT,09:15,0.1607,0.3415922940936777,9
2026-03-05,2026-03-04,2026-03,NETWEB,SHORT,09:16,6.6146,0.3415922940936777,10
2026-03-05,2026-03-04,2026-03,TEJASNET,SHORT,09:15,2.4894,0.3415922940936777,11
2026-03-05,2026-03-04,2026-03,HFCL,SHORT,09:15,-4.5374,0.3415922940936777,12
2026-03-05,2026-03-04,2026-03,JYOTICNC,SHORT,09:15,1.1011,0.3415922940936777,13
2026-03-05,2026-03-04,2026-03,GRAPHITE,LONG,09:15,0.2801,0.3415922940936777,14
2026-03-05,2026-03-04,2026-03,TIMKEN,SHORT,09:16,-3.557,0.3415922940936777,15
2026-03-06,2026-03-05,2026-03,ONESOURCE,SHORT,09:15,-5.7455,0.7430030074232855,1
2026-03-06,2026-03-05,2026-03,LTFOODS,SHORT,09:15,9.8435,0.7430030074232855,2
2026-03-06,2026-03-05,2026-03,JAINREC,SHORT,09:15,0.0148,0.7430030074232855,3
2026-03-06,2026-03-05,2026-03,HINDPETRO,SHORT,09:15,3.3917,0.7430030074232855,4
2026-03-06,2026-03-05,2026-03,SYRMA,SHORT,09:15,-0.1052,0.7430030074232855,5
2026-03-06,2026-03-05,2026-03,RAMCOCEM,SHORT,09:15,0.1411,0.7430030074232855,6
2026-03-06,2026-03-05,2026-03,TBOTEK,SHORT,09:15,-1.7127,0.7430030074232855,7
2026-03-06,2026-03-05,2026-03,AIIL,SHORT,09:15,2.1486,0.7430030074232855,8
2026-03-06,2026-03-05,2026-03,WELSPUNLIV,SHORT,09:15,-0.464,0.7430030074232855,9
2026-03-06,2026-03-05,2026-03,NETWEB,SHORT,09:15,0.1579,0.7430030074232855,10
2026-03-06,2026-03-05,2026-03,J&KBANK,SHORT,09:15,2.4844,0.7430030074232855,11
2026-03-06,2026-03-05,2026-03,MEESHO,SHORT,09:15,-0.9079,0.7430030074232855,12
2026-03-06,2026-03-05,2026-03,SJVN,SHORT,09:15,1.4347,0.7430030074232855,13
2026-03-06,2026-03-05,2026-03,PHOENIXLTD,SHORT,09:15,0.6876,0.7430030074232855,14
2026-03-06,2026-03-05,2026-03,AARTIIND,SHORT,09:15,-0.224,0.7430030074232855,15
2026-03-09,2026-03-06,2026-03,JWL,SHORT,09:15,7.5449,1.164275394791028,1
2026-03-09,2026-03-06,2026-03,KIMS,SHORT,09:15,2.964,1.164275394791028,2
2026-03-09,2026-03-06,2026-03,RADICO,SHORT,09:15,-0.6061,1.164275394791028,3
2026-03-09,2026-03-06,2026-03,TEJASNET,SHORT,09:15,5.3854,1.164275394791028,4
2026-03-09,2026-03-06,2026-03,RITES,SHORT,09:15,2.2069,1.164275394791028,5
2026-03-09,2026-03-06,2026-03,IRFC,SHORT,09:15,-0.7556,1.164275394791028,6
2026-03-09,2026-03-06,2026-03,ITI,SHORT,09:15,0.6939,1.164275394791028,7
2026-03-09,2026-03-06,2026-03,FINCABLES,SHORT,09:15,-0.4086,1.164275394791028,8
2026-03-09,2026-03-06,2026-03,UBL,SHORT,09:15,0.0584,1.164275394791028,9
2026-03-09,2026-03-06,2026-03,NUVOCO,SHORT,09:16,2.5502,1.164275394791028,10
2026-03-09,2026-03-06,2026-03,ELECON,SHORT,09:15,-1.9063,1.164275394791028,11
2026-03-09,2026-03-06,2026-03,TTML,SHORT,09:15,1.3063,1.164275394791028,12
2026-03-09,2026-03-06,2026-03,LTFOODS,LONG,09:15,-3.8979,1.164275394791028,13
2026-03-10,2026-03-09,2026-03,AADHARHFC,SHORT,09:15,1.3439,0.39865378365506854,1
2026-03-10,2026-03-09,2026-03,ONESOURCE,SHORT,09:15,1.1101,0.39865378365506854,2
2026-03-10,2026-03-09,2026-03,SPLPETRO,SHORT,09:15,-1.2289,0.39865378365506854,3
2026-03-10,2026-03-09,2026-03,ANURAS,SHORT,09:15,-2.531,0.39865378365506854,4
2026-03-10,2026-03-09,2026-03,FLUOROCHEM,SHORT,09:15,1.6953,0.39865378365506854,5
2026-03-10,2026-03-09,2026-03,GODIGIT,SHORT,09:15,-0.1359,0.39865378365506854,6
2026-03-10,2026-03-09,2026-03,HFCL,SHORT,09:15,-0.67,0.39865378365506854,7
2026-03-10,2026-03-09,2026-03,ATHERENERG,SHORT,09:15,-0.3901,0.39865378365506854,8
2026-03-10,2026-03-09,2026-03,SUNDARMFIN,SHORT,09:15,-0.2568,0.39865378365506854,9
2026-03-10,2026-03-09,2026-03,PIRAMALFIN,SHORT,09:15,0.4502,0.39865378365506854,10
2026-03-10,2026-03-09,2026-03,SAGILITY,SHORT,09:15,1.1805,0.39865378365506854,11
2026-03-10,2026-03-09,2026-03,THELEELA,SHORT,09:15,3.1672,0.39865378365506854,12
2026-03-10,2026-03-09,2026-03,AEGISVOPAK,SHORT,09:15,0.9847,0.39865378365506854,13
2026-03-10,2026-03-09,2026-03,ZENTEC,SHORT,09:15,1.0438,0.39865378365506854,14
2026-03-10,2026-03-09,2026-03,ABFRL,SHORT,09:15,0.2169,0.39865378365506854,15
2026-03-11,2026-03-10,2026-03,DIXON,SHORT,09:15,3.3348,1.4740516119498333,1
2026-03-11,2026-03-10,2026-03,ASAHIINDIA,SHORT,09:15,2.3711,1.4740516119498333,2
2026-03-11,2026-03-10,2026-03,PGEL,SHORT,09:15,0.9119,1.4740516119498333,3
2026-03-11,2026-03-10,2026-03,ANURAS,SHORT,09:15,0.652,1.4740516119498333,4
2026-03-11,2026-03-10,2026-03,AIAENG,SHORT,09:15,1.5534,1.4740516119498333,5
2026-03-11,2026-03-10,2026-03,KAYNES,SHORT,09:15,3.1232,1.4740516119498333,6
2026-03-11,2026-03-10,2026-03,OLAELEC,SHORT,09:15,2.1167,1.4740516119498333,7
2026-03-11,2026-03-10,2026-03,JMFINANCIL,SHORT,09:15,-0.928,1.4740516119498333,8
2026-03-11,2026-03-10,2026-03,OLECTRA,SHORT,09:15,3.0862,1.4740516119498333,9
2026-03-11,2026-03-10,2026-03,MINDACORP,SHORT,09:15,3.3985,1.4740516119498333,10
2026-03-11,2026-03-10,2026-03,GLAND,SHORT,09:15,0.5516,1.4740516119498333,11
2026-03-11,2026-03-10,2026-03,CANFINHOME,SHORT,09:15,-0.5101,1.4740516119498333,12
2026-03-11,2026-03-10,2026-03,CYIENT,SHORT,09:15,-0.7685,1.4740516119498333,13
2026-03-11,2026-03-10,2026-03,HBLENGINE,SHORT,09:15,2.416,1.4740516119498333,14
2026-03-11,2026-03-10,2026-03,JSWDULUX,SHORT,09:15,0.8018,1.4740516119498333,15
2026-03-12,2026-03-11,2026-03,JINDALSAW,SHORT,09:15,3.2614,-0.5765659022547325,1
2026-03-12,2026-03-11,2026-03,PIRAMALFIN,SHORT,09:15,-0.8261,-0.5765659022547325,2
2026-03-12,2026-03-11,2026-03,JAINREC,SHORT,09:15,-0.106,-0.5765659022547325,3
2026-03-12,2026-03-11,2026-03,NUVOCO,SHORT,09:15,-0.3261,-0.5765659022547325,4
2026-03-12,2026-03-11,2026-03,JPPOWER,SHORT,09:15,-4.4437,-0.5765659022547325,5
2026-03-12,2026-03-11,2026-03,WAAREEENER,SHORT,09:15,-2.9559,-0.5765659022547325,6
2026-03-12,2026-03-11,2026-03,AFCONS,SHORT,09:15,0.1263,-0.5765659022547325,7
2026-03-12,2026-03-11,2026-03,PREMIERENE,SHORT,09:15,-0.9919,-0.5765659022547325,8
2026-03-12,2026-03-11,2026-03,GRSE,SHORT,09:15,-0.6306,-0.5765659022547325,9
2026-03-12,2026-03-11,2026-03,IRCON,SHORT,09:15,0.0986,-0.5765659022547325,10
2026-03-12,2026-03-11,2026-03,JWL,SHORT,09:15,0.4069,-0.5765659022547325,11
2026-03-12,2026-03-11,2026-03,IEX,SHORT,09:15,-0.4977,-0.5765659022547325,12
2026-03-12,2026-03-11,2026-03,JIOFIN,SHORT,09:15,-2.038,-0.5765659022547325,13
2026-03-12,2026-03-11,2026-03,LLOYDSME,SHORT,09:15,-1.945,-0.5765659022547325,14
2026-03-12,2026-03-11,2026-03,PGEL,SHORT,09:15,2.2193,-0.5765659022547325,15
2026-03-13,2026-03-12,2026-03,SAREGAMA,SHORT,09:15,-1.2545,3.242772582711389,1
2026-03-13,2026-03-12,2026-03,CEATLTD,SHORT,09:15,7.329,3.242772582711389,2
2026-03-13,2026-03-12,2026-03,ADANIPOWER,SHORT,09:15,2.1685,3.242772582711389,3
2026-03-13,2026-03-12,2026-03,GROWW,SHORT,09:15,0.6363,3.242772582711389,4
2026-03-13,2026-03-12,2026-03,ATGL,SHORT,09:15,8.1902,3.242772582711389,5
2026-03-13,2026-03-12,2026-03,JINDALSAW,SHORT,09:15,2.8503,3.242772582711389,6
2026-03-13,2026-03-12,2026-03,LINDEINDIA,SHORT,09:15,3.443,3.242772582711389,7
2026-03-13,2026-03-12,2026-03,CESC,SHORT,09:15,0.2733,3.242772582711389,8
2026-03-13,2026-03-12,2026-03,KPRMILL,SHORT,09:15,4.398,3.242772582711389,9
2026-03-13,2026-03-12,2026-03,DOMS,SHORT,09:15,4.3937,3.242772582711389,10
2026-03-16,2026-03-13,2026-03,LTTS,SHORT,09:15,4.4004,1.4073081138082406,1
2026-03-16,2026-03-13,2026-03,ATUL,SHORT,09:15,2.1497,1.4073081138082406,2
2026-03-16,2026-03-13,2026-03,ECLERX,SHORT,09:15,1.4718,1.4073081138082406,3
2026-03-16,2026-03-13,2026-03,ONESOURCE,SHORT,09:15,-1.3873,1.4073081138082406,4
2026-03-16,2026-03-13,2026-03,KPRMILL,SHORT,09:15,2.2128,1.4073081138082406,5
2026-03-16,2026-03-13,2026-03,SIGNATURE,SHORT,09:15,1.1399,1.4073081138082406,6
2026-03-16,2026-03-13,2026-03,SAREGAMA,SHORT,09:15,-3.2488,1.4073081138082406,7
2026-03-16,2026-03-13,2026-03,NTPCGREEN,SHORT,09:15,1.3432,1.4073081138082406,8
2026-03-16,2026-03-13,2026-03,AIIL,SHORT,09:15,-0.3201,1.4073081138082406,9
2026-03-16,2026-03-13,2026-03,GROWW,SHORT,09:15,-1.6541,1.4073081138082406,10
2026-03-16,2026-03-13,2026-03,CHOLAHLDNG,SHORT,09:15,-1.8538,1.4073081138082406,11
2026-03-16,2026-03-13,2026-03,ATGL,SHORT,09:15,10.8315,1.4073081138082406,12
2026-03-16,2026-03-13,2026-03,RHIM,SHORT,09:15,1.6206,1.4073081138082406,13
2026-03-16,2026-03-13,2026-03,UBL,SHORT,09:15,1.5582,1.4073081138082406,14
2026-03-16,2026-03-13,2026-03,CANFINHOME,LONG,09:15,2.8457,1.4073081138082406,15
2026-03-17,2026-03-16,2026-03,ZYDUSWELL,SHORT,09:15,0.9712,1.0258713826960135,1
2026-03-17,2026-03-16,2026-03,ITI,SHORT,09:15,4.3395,1.0258713826960135,2
2026-03-17,2026-03-16,2026-03,OLAELEC,SHORT,09:15,2.0116,1.0258713826960135,3
2026-03-17,2026-03-16,2026-03,PIRAMALFIN,SHORT,09:15,1.6714,1.0258713826960135,4
2026-03-17,2026-03-16,2026-03,ZENTEC,SHORT,09:15,-0.1042,1.0258713826960135,5
2026-03-17,2026-03-16,2026-03,MRPL,SHORT,09:15,3.7933,1.0258713826960135,6
2026-03-17,2026-03-16,2026-03,CHENNPETRO,SHORT,09:15,-7.035,1.0258713826960135,7
2026-03-17,2026-03-16,2026-03,PERSISTENT,SHORT,09:15,3.236,1.0258713826960135,8
2026-03-17,2026-03-16,2026-03,GODIGIT,SHORT,09:15,2.0964,1.0258713826960135,9
2026-03-17,2026-03-16,2026-03,ATGL,SHORT,09:15,1.8989,1.0258713826960135,10
2026-03-17,2026-03-16,2026-03,BHARTIHEXA,SHORT,09:15,-3.5699,1.0258713826960135,11
2026-03-17,2026-03-16,2026-03,FACT,LONG,09:15,-0.4133,1.0258713826960135,12
2026-03-17,2026-03-16,2026-03,GESHIP,LONG,09:15,3.2918,1.0258713826960135,13
2026-03-17,2026-03-16,2026-03,TIMKEN,SHORT,09:15,2.8642,1.0258713826960135,14
2026-03-17,2026-03-16,2026-03,ADANIPOWER,SHORT,09:15,0.3362,1.0258713826960135,15
2026-03-19,2026-03-18,2026-03,JBMA,SHORT,09:15,1.8333,0.7615003995732884,1
2026-03-19,2026-03-18,2026-03,EMMVEE,SHORT,09:15,-0.0628,0.7615003995732884,2
2026-03-19,2026-03-18,2026-03,IGIL,SHORT,09:15,-1.7047,0.7615003995732884,3
2026-03-19,2026-03-18,2026-03,PIRAMALFIN,SHORT,09:15,0.7933,0.7615003995732884,4
2026-03-19,2026-03-18,2026-03,FLUOROCHEM,SHORT,09:15,-2.7805,0.7615003995732884,5
2026-03-19,2026-03-18,2026-03,SUNTV,SHORT,09:15,-0.7606,0.7615003995732884,6
2026-03-19,2026-03-18,2026-03,ASAHIINDIA,SHORT,09:15,2.3906,0.7615003995732884,7
2026-03-19,2026-03-18,2026-03,JWL,SHORT,09:15,0.8358,0.7615003995732884,8
2026-03-19,2026-03-18,2026-03,TATAINVEST,SHORT,09:15,1.7169,0.7615003995732884,9
2026-03-19,2026-03-18,2026-03,URBANCO,SHORT,09:15,4.094,0.7615003995732884,10
2026-03-19,2026-03-18,2026-03,IDBI,SHORT,09:15,3.1137,0.7615003995732884,11
2026-03-19,2026-03-18,2026-03,MAPMYINDIA,SHORT,09:15,0.1226,0.7615003995732884,12
2026-03-19,2026-03-18,2026-03,IRB,SHORT,09:15,-1.6216,0.7615003995732884,13
2026-03-19,2026-03-18,2026-03,MRPL,SHORT,09:15,2.5203,0.7615003995732884,14
2026-03-19,2026-03-18,2026-03,MMTC,SHORT,09:15,0.9322,0.7615003995732884,15
2026-03-20,2026-03-19,2026-03,ACMESOLAR,SHORT,09:15,7.026,0.9774548167179957,1
2026-03-20,2026-03-19,2026-03,AADHARHFC,SHORT,09:15,3.5637,0.9774548167179957,2
2026-03-20,2026-03-19,2026-03,ITI,SHORT,09:15,1.1941,0.9774548167179957,3
2026-03-20,2026-03-19,2026-03,IGIL,SHORT,09:15,-1.5837,0.9774548167179957,4
2026-03-20,2026-03-19,2026-03,HDFCBANK,SHORT,09:16,0.3867,0.9774548167179957,5
2026-03-20,2026-03-19,2026-03,TRIDENT,SHORT,09:15,-1.4976,0.9774548167179957,6
2026-03-20,2026-03-19,2026-03,TECHNOE,SHORT,09:16,1.2359,0.9774548167179957,7
2026-03-20,2026-03-19,2026-03,TENNIND,SHORT,09:16,-1.3881,0.9774548167179957,8
2026-03-20,2026-03-19,2026-03,BAJFINANCE,LONG,09:15,-0.8631,0.9774548167179957,9
2026-03-20,2026-03-19,2026-03,DCMSHRIRAM,SHORT,09:15,1.5702,0.9774548167179957,10
2026-03-20,2026-03-19,2026-03,THERMAX,SHORT,09:15,1.3336,0.9774548167179957,11
2026-03-20,2026-03-19,2026-03,EMMVEE,SHORT,09:16,2.9306,0.9774548167179957,12
2026-03-20,2026-03-19,2026-03,FORCEMOT,SHORT,09:16,-2.8695,0.9774548167179957,13
2026-03-20,2026-03-19,2026-03,AIIL,SHORT,09:16,-0.9483,0.9774548167179957,14
2026-03-20,2026-03-19,2026-03,ATGL,SHORT,09:15,4.5713,0.9774548167179957,15
2026-03-23,2026-03-20,2026-03,OLAELEC,SHORT,09:15,5.0854,4.092039406079107,1
2026-03-23,2026-03-20,2026-03,ATHERENERG,SHORT,09:15,6.4241,4.092039406079107,2
2026-03-23,2026-03-20,2026-03,IOB,SHORT,09:15,4.4331,4.092039406079107,3
2026-03-23,2026-03-20,2026-03,SAGILITY,SHORT,09:15,5.4788,4.092039406079107,4
2026-03-23,2026-03-20,2026-03,LTM,SHORT,09:15,2.9377,4.092039406079107,5
2026-03-23,2026-03-20,2026-03,TEGA,SHORT,09:15,5.7528,4.092039406079107,6
2026-03-23,2026-03-20,2026-03,ACUTAAS,SHORT,09:15,3.7815,4.092039406079107,7
2026-03-23,2026-03-20,2026-03,GICRE,SHORT,09:15,2.7981,4.092039406079107,8
2026-03-23,2026-03-20,2026-03,AJANTPHARM,SHORT,09:15,3.3549,4.092039406079107,9
2026-03-23,2026-03-20,2026-03,IGIL,SHORT,09:15,5.2245,4.092039406079107,10
2026-03-23,2026-03-20,2026-03,JSWDULUX,SHORT,09:15,-0.4837,4.092039406079107,11
2026-03-23,2026-03-20,2026-03,JBCHEPHARM,SHORT,09:15,2.6718,4.092039406079107,12
2026-03-23,2026-03-20,2026-03,KAJARIACER,SHORT,09:15,7.3552,4.092039406079107,13
2026-03-23,2026-03-20,2026-03,ENRIN,SHORT,09:15,1.847,4.092039406079107,14
2026-03-23,2026-03-20,2026-03,MRPL,SHORT,09:15,4.7195,4.092039406079107,15
2026-03-24,2026-03-23,2026-03,CHOLAHLDNG,SHORT,09:15,0.6362,-0.20509215629508237,1
2026-03-24,2026-03-23,2026-03,IKS,SHORT,09:15,-3.3421,-0.20509215629508237,2
2026-03-24,2026-03-23,2026-03,JAINREC,SHORT,09:15,-2.2291,-0.20509215629508237,3
2026-03-24,2026-03-23,2026-03,GROWW,SHORT,09:15,2.5736,-0.20509215629508237,4
2026-03-24,2026-03-23,2026-03,GRANULES,SHORT,09:15,-2.7927,-0.20509215629508237,5
2026-03-24,2026-03-23,2026-03,GMDCLTD,SHORT,09:15,1.6048,-0.20509215629508237,6
2026-03-24,2026-03-23,2026-03,JPPOWER,SHORT,09:15,0.7586,-0.20509215629508237,7
2026-03-24,2026-03-23,2026-03,OLECTRA,SHORT,09:15,0.09,-0.20509215629508237,8
2026-03-24,2026-03-23,2026-03,CHENNPETRO,LONG,09:15,-4.1009,-0.20509215629508237,9
2026-03-24,2026-03-23,2026-03,NETWEB,LONG,09:15,-0.0686,-0.20509215629508237,10
2026-03-24,2026-03-23,2026-03,SHRIRAMFIN,LONG,09:15,-0.0944,-0.20509215629508237,11
2026-03-24,2026-03-23,2026-03,VTL,SHORT,09:15,2.3112,-0.20509215629508237,12
2026-03-24,2026-03-23,2026-03,FIRSTCRY,SHORT,09:15,1.1429,-0.20509215629508237,13
2026-03-24,2026-03-23,2026-03,TARIL,SHORT,09:15,0.7087,-0.20509215629508237,14
2026-03-24,2026-03-23,2026-03,AEGISVOPAK,LONG,09:15,-0.2746,-0.20509215629508237,15
2026-03-25,2026-03-24,2026-03,MINDACORP,SHORT,09:15,-3.3282,-0.6150750338491833,1
2026-03-25,2026-03-24,2026-03,CGCL,SHORT,09:15,2.0539,-0.6150750338491833,2
2026-03-25,2026-03-24,2026-03,INDGN,SHORT,09:15,-3.6387,-0.6150750338491833,3
2026-03-25,2026-03-24,2026-03,PWL,SHORT,09:15,3.2299,-0.6150750338491833,4
2026-03-25,2026-03-24,2026-03,JBMA,SHORT,09:15,0.4774,-0.6150750338491833,5
2026-03-25,2026-03-24,2026-03,OLECTRA,SHORT,09:15,1.8633,-0.6150750338491833,6
2026-03-25,2026-03-24,2026-03,MAXHEALTH,SHORT,09:15,-2.0335,-0.6150750338491833,7
2026-03-25,2026-03-24,2026-03,BATAINDIA,SHORT,09:15,-3.2577,-0.6150750338491833,8
2026-03-25,2026-03-24,2026-03,ABBOTINDIA,SHORT,09:15,0.98,-0.6150750338491833,9
2026-03-25,2026-03-24,2026-03,SCI,SHORT,09:15,-0.3634,-0.6150750338491833,10
2026-03-25,2026-03-24,2026-03,ABLBL,SHORT,09:15,-0.8071,-0.6150750338491833,11
2026-03-25,2026-03-24,2026-03,BIOCON,SHORT,09:15,-2.3076,-0.6150750338491833,12
2026-03-25,2026-03-24,2026-03,FINCABLES,SHORT,09:15,-0.7055,-0.6150750338491833,13
2026-03-25,2026-03-24,2026-03,AEGISVOPAK,SHORT,09:15,2.1947,-0.6150750338491833,14
2026-03-25,2026-03-24,2026-03,CEMPRO,SHORT,09:15,-3.5836,-0.6150750338491833,15
2026-03-27,2026-03-25,2026-03,ONESOURCE,SHORT,09:15,-5.4053,1.439763505674217,1
2026-03-27,2026-03-25,2026-03,MINDACORP,SHORT,09:15,1.4635,1.439763505674217,2
2026-03-27,2026-03-25,2026-03,ZYDUSWELL,SHORT,09:15,1.2181,1.439763505674217,3
2026-03-27,2026-03-25,2026-03,PGEL,SHORT,09:15,4.7809,1.439763505674217,4
2026-03-27,2026-03-25,2026-03,SCHAEFFLER,SHORT,09:15,1.2876,1.439763505674217,5
2026-03-27,2026-03-25,2026-03,ANANTRAJ,SHORT,09:15,3.7764,1.439763505674217,6
2026-03-27,2026-03-25,2026-03,GESHIP,SHORT,09:15,-0.8809,1.439763505674217,7
2026-03-27,2026-03-25,2026-03,NTPCGREEN,SHORT,09:15,1.1437,1.439763505674217,8
2026-03-27,2026-03-25,2026-03,BLS,SHORT,09:15,4.0594,1.439763505674217,9
2026-03-27,2026-03-25,2026-03,SAMMAANCAP,SHORT,09:15,-1.6009,1.439763505674217,10
2026-03-27,2026-03-25,2026-03,ABFRL,SHORT,09:15,2.6386,1.439763505674217,11
2026-03-27,2026-03-25,2026-03,AWL,SHORT,09:15,-0.3775,1.439763505674217,12
2026-03-27,2026-03-25,2026-03,FLUOROCHEM,SHORT,09:15,6.142,1.439763505674217,13
2026-03-27,2026-03-25,2026-03,GODREJPROP,SHORT,09:15,2.1658,1.439763505674217,14
2026-03-27,2026-03-25,2026-03,GRAVITA,SHORT,09:15,1.185,1.439763505674217,15
2026-03-30,2026-03-27,2026-03,SPLPETRO,SHORT,09:15,1.5502,1.492201677770162,1
2026-03-30,2026-03-27,2026-03,SAGILITY,SHORT,09:15,3.6536,1.492201677770162,2
2026-03-30,2026-03-27,2026-03,TEGA,SHORT,09:15,-0.9814,1.492201677770162,3
2026-03-30,2026-03-27,2026-03,ONESOURCE,SHORT,09:15,-4.124,1.492201677770162,4
2026-03-30,2026-03-27,2026-03,PIRAMALFIN,SHORT,09:15,1.9199,1.492201677770162,5
2026-03-30,2026-03-27,2026-03,SAPPHIRE,SHORT,09:15,5.6369,1.492201677770162,6
2026-03-30,2026-03-27,2026-03,ANTHEM,SHORT,09:15,1.0759,1.492201677770162,7
2026-03-30,2026-03-27,2026-03,AEGISVOPAK,SHORT,09:15,5.7316,1.492201677770162,8
2026-03-30,2026-03-27,2026-03,PWL,SHORT,09:15,1.6071,1.492201677770162,9
2026-03-30,2026-03-27,2026-03,ACUTAAS,SHORT,09:15,-2.3278,1.492201677770162,10
2026-03-30,2026-03-27,2026-03,JAINREC,SHORT,09:15,-0.5217,1.492201677770162,11
2026-03-30,2026-03-27,2026-03,MINDACORP,SHORT,09:15,3.0926,1.492201677770162,12
2026-03-30,2026-03-27,2026-03,ZYDUSWELL,SHORT,09:15,3.9912,1.492201677770162,13
2026-03-30,2026-03-27,2026-03,BRIGADE,SHORT,09:15,3.6665,1.492201677770162,14
2026-03-30,2026-03-27,2026-03,ZFCVINDIA,SHORT,09:15,-1.5875,1.492201677770162,15
2026-04-01,2026-03-30,2026-04,ASTERDM,SHORT,09:15,-1.2747,-0.01587293987925665,1
2026-04-01,2026-03-30,2026-04,ACUTAAS,SHORT,09:15,11.638,-0.01587293987925665,2
2026-04-01,2026-03-30,2026-04,ZFCVINDIA,SHORT,09:15,-5.3767,-0.01587293987925665,3
2026-04-01,2026-03-30,2026-04,DOMS,SHORT,09:15,0.7346,-0.01587293987925665,4
2026-04-01,2026-03-30,2026-04,BIKAJI,SHORT,09:15,1.2657,-0.01587293987925665,5
2026-04-01,2026-03-30,2026-04,RHIM,SHORT,09:15,-5.7226,-0.01587293987925665,6
2026-04-01,2026-03-30,2026-04,ICICIAMC,SHORT,09:15,1.6067,-0.01587293987925665,7
2026-04-01,2026-03-30,2026-04,KARURVYSYA,SHORT,09:15,2.5261,-0.01587293987925665,8
2026-04-01,2026-03-30,2026-04,RAINBOW,SHORT,09:15,0.6425,-0.01587293987925665,9
2026-04-01,2026-03-30,2026-04,ONESOURCE,SHORT,09:15,3.993,-0.01587293987925665,10
2026-04-01,2026-03-30,2026-04,THELEELA,SHORT,09:15,-1.6854,-0.01587293987925665,11
2026-04-01,2026-03-30,2026-04,KAJARIACER,SHORT,09:16,-1.8233,-0.01587293987925665,12
2026-04-01,2026-03-30,2026-04,ZEEL,SHORT,09:16,-2.073,-0.01587293987925665,13
2026-04-01,2026-03-30,2026-04,HEG,SHORT,09:15,-1.3481,-0.01587293987925665,14
2026-04-01,2026-03-30,2026-04,ANURAS,SHORT,09:15,-3.3407,-0.01587293987925665,15
2026-04-02,2026-04-01,2026-04,ZFCVINDIA,SHORT,09:15,5.14,-0.8574026134021021,1
2026-04-02,2026-04-01,2026-04,NAM-INDIA,SHORT,09:15,1.9493,-0.8574026134021021,2
2026-04-02,2026-04-01,2026-04,GVT&D,SHORT,09:15,-0.5489,-0.8574026134021021,3
2026-04-02,2026-04-01,2026-04,FIVESTAR,SHORT,09:15,-1.5364,-0.8574026134021021,4
2026-04-02,2026-04-01,2026-04,KEC,SHORT,09:15,-2.2537,-0.8574026134021021,5
2026-04-02,2026-04-01,2026-04,MOTHERSON,SHORT,09:15,-1.585,-0.8574026134021021,6
2026-04-02,2026-04-01,2026-04,TIINDIA,SHORT,09:15,-0.9439,-0.8574026134021021,7
2026-04-02,2026-04-01,2026-04,ZYDUSWELL,SHORT,09:15,-2.5591,-0.8574026134021021,8
2026-04-02,2026-04-01,2026-04,BATAINDIA,SHORT,09:15,-6.0608,-0.8574026134021021,9
2026-04-02,2026-04-01,2026-04,DELHIVERY,SHORT,09:15,-0.363,-0.8574026134021021,10
2026-04-02,2026-04-01,2026-04,KAYNES,SHORT,09:15,-1.3599,-0.8574026134021021,11
2026-04-02,2026-04-01,2026-04,SHRIRAMFIN,SHORT,09:15,-1.9073,-0.8574026134021021,12
2026-04-02,2026-04-01,2026-04,TENNIND,SHORT,09:15,-0.4839,-0.8574026134021021,13
2026-04-02,2026-04-01,2026-04,GLAXO,SHORT,09:15,-0.6236,-0.8574026134021021,14
2026-04-02,2026-04-01,2026-04,BHEL,SHORT,09:15,0.2749,-0.8574026134021021,15
2026-04-06,2026-04-02,2026-04,JINDALSAW,SHORT,09:15,-1.7689,-0.5394607501038599,1
2026-04-06,2026-04-02,2026-04,HEXT,SHORT,09:15,-0.9734,-0.5394607501038599,2
2026-04-06,2026-04-02,2026-04,CCL,SHORT,09:15,-2.9373,-0.5394607501038599,3
2026-04-06,2026-04-02,2026-04,VMM,SHORT,09:15,-6.1607,-0.5394607501038599,4
2026-04-06,2026-04-02,2026-04,ZFCVINDIA,SHORT,09:15,1.168,-0.5394607501038599,5
2026-04-06,2026-04-02,2026-04,KARURVYSYA,LONG,09:15,-1.8367,-0.5394607501038599,6
2026-04-06,2026-04-02,2026-04,SRF,LONG,09:15,0.3082,-0.5394607501038599,7
2026-04-06,2026-04-02,2026-04,BLS,SHORT,09:15,0.1582,-0.5394607501038599,8
2026-04-06,2026-04-02,2026-04,BSOFT,SHORT,09:15,0.4938,-0.5394607501038599,9
2026-04-06,2026-04-02,2026-04,LATENTVIEW,SHORT,09:15,6.016,-0.5394607501038599,10
2026-04-06,2026-04-02,2026-04,SONATSOFTW,SHORT,09:15,-0.049,-0.5394607501038599,11
2026-04-06,2026-04-02,2026-04,DIXON,SHORT,09:16,-0.8919,-0.5394607501038599,12
2026-04-07,2026-04-06,2026-04,NSLNISP,SHORT,09:15,-5.0244,-0.50350270552901,1
2026-04-07,2026-04-06,2026-04,POONAWALLA,SHORT,09:15,-1.5422,-0.50350270552901,2
2026-04-07,2026-04-06,2026-04,BLUEDART,SHORT,09:15,-0.6684,-0.50350270552901,3
2026-04-07,2026-04-06,2026-04,PPLPHARMA,SHORT,09:15,0.0048,-0.50350270552901,4
2026-04-07,2026-04-06,2026-04,STARHEALTH,SHORT,09:15,0.2026,-0.50350270552901,5
2026-04-07,2026-04-06,2026-04,SIGNATURE,SHORT,09:15,-0.5519,-0.50350270552901,6
2026-04-07,2026-04-06,2026-04,SOBHA,SHORT,09:15,-1.2785,-0.50350270552901,7
2026-04-07,2026-04-06,2026-04,OLAELEC,SHORT,09:15,0.0381,-0.50350270552901,8
2026-04-07,2026-04-06,2026-04,SPLPETRO,SHORT,09:15,0.9244,-0.50350270552901,9
2026-04-07,2026-04-06,2026-04,EIHOTEL,SHORT,09:16,2.405,-0.50350270552901,10
2026-04-07,2026-04-06,2026-04,PTCIL,SHORT,09:15,-2.328,-0.50350270552901,11
2026-04-07,2026-04-06,2026-04,KIRLOSENG,SHORT,09:15,0.8653,-0.50350270552901,12
2026-04-07,2026-04-06,2026-04,LTF,SHORT,09:15,-0.8869,-0.50350270552901,13
2026-04-07,2026-04-06,2026-04,CHENNPETRO,SHORT,09:16,0.7911,-0.50350270552901,14
2026-04-08,2026-04-07,2026-04,ICICIAMC,SHORT,09:15,0.9553,-0.7302028193677087,1
2026-04-08,2026-04-07,2026-04,CHOLAHLDNG,SHORT,09:15,-10.7034,-0.7302028193677087,2
2026-04-08,2026-04-07,2026-04,FIRSTCRY,SHORT,09:15,1.9096,-0.7302028193677087,3
2026-04-08,2026-04-07,2026-04,NSLNISP,SHORT,09:15,1.9765,-0.7302028193677087,4
2026-04-08,2026-04-07,2026-04,RAINBOW,SHORT,09:15,-1.8408,-0.7302028193677087,5
2026-04-08,2026-04-07,2026-04,GALLANTT,SHORT,09:15,-3.562,-0.7302028193677087,6
2026-04-08,2026-04-07,2026-04,JWL,SHORT,09:15,1.0962,-0.7302028193677087,7
2026-04-08,2026-04-07,2026-04,TITAGARH,SHORT,09:15,1.5573,-0.7302028193677087,8
2026-04-08,2026-04-07,2026-04,CREDITACC,SHORT,09:15,2.2441,-0.7302028193677087,9
2026-04-08,2026-04-07,2026-04,CARTRADE,SHORT,09:15,-2.3899,-0.7302028193677087,10
2026-04-08,2026-04-07,2026-04,SIGNATURE,SHORT,09:15,-5.0887,-0.7302028193677087,11
2026-04-08,2026-04-07,2026-04,MMTC,SHORT,09:15,1.31,-0.7302028193677087,12
2026-04-08,2026-04-07,2026-04,GODIGIT,SHORT,09:15,3.0431,-0.7302028193677087,13
2026-04-09,2026-04-08,2026-04,AFCONS,SHORT,09:15,-1.7573,-0.3360533301923165,1
2026-04-09,2026-04-08,2026-04,JPPOWER,SHORT,09:15,-2.2361,-0.3360533301923165,2
2026-04-09,2026-04-08,2026-04,ABREL,SHORT,09:15,-1.5715,-0.3360533301923165,3
2026-04-09,2026-04-08,2026-04,ADANIPORTS,SHORT,09:15,-0.4641,-0.3360533301923165,4
2026-04-09,2026-04-08,2026-04,PIDILITIND,SHORT,09:15,0.4091,-0.3360533301923165,5
2026-04-09,2026-04-08,2026-04,THELEELA,SHORT,09:15,-2.0259,-0.3360533301923165,6
2026-04-09,2026-04-08,2026-04,NETWEB,SHORT,09:15,-1.6833,-0.3360533301923165,7
2026-04-09,2026-04-08,2026-04,POONAWALLA,SHORT,09:15,3.4733,-0.3360533301923165,8
2026-04-09,2026-04-08,2026-04,SAGILITY,SHORT,09:15,-0.0826,-0.3360533301923165,9
2026-04-09,2026-04-08,2026-04,TRENT,SHORT,09:15,1.3739,-0.3360533301923165,10
2026-04-09,2026-04-08,2026-04,UBL,SHORT,09:15,1.612,-0.3360533301923165,11
2026-04-09,2026-04-08,2026-04,DOMS,SHORT,09:15,-0.9917,-0.3360533301923165,12
2026-04-09,2026-04-08,2026-04,FIRSTCRY,SHORT,09:15,0.6724,-0.3360533301923165,13
2026-04-09,2026-04-08,2026-04,PIIND,SHORT,09:15,-0.3817,-0.3360533301923165,14
2026-04-09,2026-04-08,2026-04,TBOTEK,SHORT,09:15,-1.3873,-0.3360533301923165,15
2026-04-10,2026-04-09,2026-04,COHANCE,SHORT,09:15,-16.1443,-2.3168608648379165,1
2026-04-10,2026-04-09,2026-04,OLAELEC,SHORT,09:15,-10.1255,-2.3168608648379165,2
2026-04-10,2026-04-09,2026-04,ATHERENERG,SHORT,09:15,-2.7303,-2.3168608648379165,3
2026-04-10,2026-04-09,2026-04,AMBER,SHORT,09:15,-3.4969,-2.3168608648379165,4
2026-04-10,2026-04-09,2026-04,GALLANTT,SHORT,09:15,2.5801,-2.3168608648379165,5
2026-04-10,2026-04-09,2026-04,POLYMED,SHORT,09:15,-0.5901,-2.3168608648379165,6
2026-04-10,2026-04-09,2026-04,KEC,SHORT,09:15,0.6708,-2.3168608648379165,7
2026-04-10,2026-04-09,2026-04,RITES,SHORT,09:15,-0.7378,-2.3168608648379165,8
2026-04-10,2026-04-09,2026-04,BLS,SHORT,09:15,0.4282,-2.3168608648379165,9
2026-04-10,2026-04-09,2026-04,IFCI,SHORT,09:15,-0.4217,-2.3168608648379165,10
2026-04-10,2026-04-09,2026-04,J&KBANK,SHORT,09:15,-0.1955,-2.3168608648379165,11
2026-04-10,2026-04-09,2026-04,PGEL,SHORT,09:15,-0.2293,-2.3168608648379165,12
2026-04-10,2026-04-09,2026-04,CHAMBLFERT,SHORT,09:15,-0.5108,-2.3168608648379165,13
2026-04-10,2026-04-09,2026-04,FACT,SHORT,09:15,0.6918,-2.3168608648379165,14
2026-04-10,2026-04-09,2026-04,HONASA,SHORT,09:15,-3.9418,-2.3168608648379165,15
2026-04-13,2026-04-10,2026-04,OLAELEC,SHORT,09:15,4.2173,-1.6310412005014874,1
2026-04-13,2026-04-10,2026-04,TATACHEM,SHORT,09:15,-3.6914,-1.6310412005014874,2
2026-04-13,2026-04-10,2026-04,TATAINVEST,SHORT,09:15,-9.1333,-1.6310412005014874,3
2026-04-13,2026-04-10,2026-04,CARBORUNIV,SHORT,09:15,0.467,-1.6310412005014874,4
2026-04-13,2026-04-10,2026-04,ONESOURCE,SHORT,09:15,-9.9763,-1.6310412005014874,5
2026-04-13,2026-04-10,2026-04,JKCEMENT,SHORT,09:15,2.2959,-1.6310412005014874,6
2026-04-13,2026-04-10,2026-04,SAREGAMA,SHORT,09:15,-0.5909,-1.6310412005014874,7
2026-04-13,2026-04-10,2026-04,M&MFIN,SHORT,09:15,0.1955,-1.6310412005014874,8
2026-04-13,2026-04-10,2026-04,TTML,SHORT,09:15,-1.6915,-1.6310412005014874,9
2026-04-13,2026-04-10,2026-04,DATAPATTNS,SHORT,09:15,-3.974,-1.6310412005014874,10
2026-04-13,2026-04-10,2026-04,URBANCO,SHORT,09:15,-3.3053,-1.6310412005014874,11
2026-04-13,2026-04-10,2026-04,AEGISVOPAK,SHORT,09:15,-1.3804,-1.6310412005014874,12
2026-04-13,2026-04-10,2026-04,FIVESTAR,SHORT,09:15,-1.822,-1.6310412005014874,13
2026-04-13,2026-04-10,2026-04,JYOTICNC,SHORT,09:15,7.9107,-1.6310412005014874,14
2026-04-13,2026-04-10,2026-04,PGEL,SHORT,09:15,-3.987,-1.6310412005014874,15
2026-04-15,2026-04-13,2026-04,NIACL,SHORT,09:15,1.0277,1.057282678930011,1
2026-04-15,2026-04-13,2026-04,WOCKPHARMA,SHORT,09:15,1.2112,1.057282678930011,2
2026-04-15,2026-04-13,2026-04,TATACHEM,SHORT,09:15,1.2763,1.057282678930011,3
2026-04-15,2026-04-13,2026-04,ATGL,SHORT,09:16,-0.0747,1.057282678930011,4
2026-04-15,2026-04-13,2026-04,ZYDUSWELL,SHORT,09:16,2.5511,1.057282678930011,5
2026-04-15,2026-04-13,2026-04,ADANIENT,SHORT,09:15,2.234,1.057282678930011,6
2026-04-15,2026-04-13,2026-04,ATHERENERG,SHORT,09:15,6.5249,1.057282678930011,7
2026-04-15,2026-04-13,2026-04,HFCL,SHORT,09:15,-0.2284,1.057282678930011,8
2026-04-15,2026-04-13,2026-04,NTPCGREEN,SHORT,09:15,-1.186,1.057282678930011,9
2026-04-15,2026-04-13,2026-04,TATAPOWER,SHORT,09:15,-1.6038,1.057282678930011,10
2026-04-15,2026-04-13,2026-04,VMM,SHORT,09:15,-0.5209,1.057282678930011,11
2026-04-15,2026-04-13,2026-04,TMCV,SHORT,09:16,1.4762,1.057282678930011,12
2026-04-16,2026-04-15,2026-04,GALLANTT,SHORT,09:15,-9.7805,-1.0886626463486608,1
2026-04-16,2026-04-15,2026-04,UTIAMC,SHORT,09:15,2.3325,-1.0886626463486608,2
2026-04-16,2026-04-15,2026-04,BALKRISIND,SHORT,09:15,-0.1879,-1.0886626463486608,3
2026-04-16,2026-04-15,2026-04,IGIL,SHORT,09:15,-1.8998,-1.0886626463486608,4
2026-04-16,2026-04-15,2026-04,NEULANDLAB,SHORT,09:15,0.5639,-1.0886626463486608,5
2026-04-16,2026-04-15,2026-04,ELECON,SHORT,09:15,0.733,-1.0886626463486608,6
2026-04-16,2026-04-15,2026-04,SBICARD,SHORT,09:15,0.4205,-1.0886626463486608,7
2026-04-16,2026-04-15,2026-04,HINDALCO,SHORT,09:15,-2.3822,-1.0886626463486608,8
2026-04-16,2026-04-15,2026-04,HINDCOPPER,SHORT,09:15,-1.1146,-1.0886626463486608,9
2026-04-16,2026-04-15,2026-04,OLAELEC,SHORT,09:15,-0.106,-1.0886626463486608,10
2026-04-16,2026-04-15,2026-04,HFCL,SHORT,09:15,-2.6902,-1.0886626463486608,11
2026-04-16,2026-04-15,2026-04,ULTRACEMCO,SHORT,09:15,0.3935,-1.0886626463486608,12
2026-04-16,2026-04-15,2026-04,ADANIPOWER,SHORT,09:15,-5.4277,-1.0886626463486608,13
2026-04-16,2026-04-15,2026-04,GRASIM,SHORT,09:15,0.828,-1.0886626463486608,14
2026-04-16,2026-04-15,2026-04,JKTYRE,SHORT,09:15,1.9876,-1.0886626463486608,15
2026-04-17,2026-04-16,2026-04,BHEL,SHORT,09:15,-1.8715,-1.6546875957273588,1
2026-04-17,2026-04-16,2026-04,SCI,SHORT,09:15,-4.7609,-1.6546875957273588,2
2026-04-17,2026-04-16,2026-04,IFCI,SHORT,09:15,-0.3517,-1.6546875957273588,3
2026-04-17,2026-04-16,2026-04,TARIL,SHORT,09:15,-0.2613,-1.6546875957273588,4
2026-04-17,2026-04-16,2026-04,CGCL,SHORT,09:15,1.3635,-1.6546875957273588,5
2026-04-17,2026-04-16,2026-04,ADANIPOWER,SHORT,09:15,-0.8179,-1.6546875957273588,6
2026-04-17,2026-04-16,2026-04,NLCINDIA,SHORT,09:15,-0.5056,-1.6546875957273588,7
2026-04-17,2026-04-16,2026-04,CESC,SHORT,09:15,0.7895,-1.6546875957273588,8
2026-04-17,2026-04-16,2026-04,POLICYBZR,SHORT,09:15,-3.0218,-1.6546875957273588,9
2026-04-17,2026-04-16,2026-04,ADANIENSOL,SHORT,09:15,-1.3535,-1.6546875957273588,10
2026-04-17,2026-04-16,2026-04,VBL,SHORT,09:15,-4.5604,-1.6546875957273588,11
2026-04-17,2026-04-16,2026-04,GUJGASLTD,SHORT,09:15,-7.3976,-1.6546875957273588,12
2026-04-17,2026-04-16,2026-04,NCC,SHORT,09:15,0.1347,-1.6546875957273588,13
2026-04-17,2026-04-16,2026-04,LLOYDSME,SHORT,09:15,-3.6777,-1.6546875957273588,14
2026-04-17,2026-04-16,2026-04,HDBFS,SHORT,09:15,1.4721,-1.6546875957273588,15
2026-04-20,2026-04-17,2026-04,ZENTEC,SHORT,09:15,-0.5662,1.0727290404958227,1
2026-04-20,2026-04-17,2026-04,PREMIERENE,SHORT,09:15,2.9916,1.0727290404958227,2
2026-04-20,2026-04-17,2026-04,NTPCGREEN,SHORT,09:15,-0.4719,1.0727290404958227,3
2026-04-20,2026-04-17,2026-04,SJVN,SHORT,09:15,2.4203,1.0727290404958227,4
2026-04-20,2026-04-17,2026-04,BELRISE,SHORT,09:15,-2.8037,1.0727290404958227,5
2026-04-20,2026-04-17,2026-04,NHPC,SHORT,09:15,1.1555,1.0727290404958227,6
2026-04-20,2026-04-17,2026-04,ASTRAL,SHORT,09:15,0.7628,1.0727290404958227,7
2026-04-20,2026-04-17,2026-04,GALLANTT,SHORT,09:16,0.5043,1.0727290404958227,8
2026-04-20,2026-04-17,2026-04,FIRSTCRY,SHORT,09:15,0.2296,1.0727290404958227,9
2026-04-20,2026-04-17,2026-04,COHANCE,SHORT,09:15,4.8727,1.0727290404958227,10
2026-04-20,2026-04-17,2026-04,JPPOWER,SHORT,09:15,1.3971,1.0727290404958227,11
2026-04-20,2026-04-17,2026-04,NAM-INDIA,SHORT,09:15,2.3521,1.0727290404958227,12
2026-04-20,2026-04-17,2026-04,AFFLE,SHORT,09:15,2.44,1.0727290404958227,13
2026-04-20,2026-04-17,2026-04,TRENT,SHORT,09:15,-2.1939,1.0727290404958227,14
2026-04-20,2026-04-17,2026-04,GODFRYPHLP,SHORT,09:15,3.0008,1.0727290404958227,15
2026-04-21,2026-04-20,2026-04,ACMESOLAR,SHORT,09:15,0.8605,-1.0987615199361827,1
2026-04-21,2026-04-20,2026-04,EMMVEE,SHORT,09:15,0.2057,-1.0987615199361827,2
2026-04-21,2026-04-20,2026-04,GRAPHITE,SHORT,09:15,-2.8333,-1.0987615199361827,3
2026-04-21,2026-04-20,2026-04,HEG,SHORT,09:15,-4.4058,-1.0987615199361827,4
2026-04-21,2026-04-20,2026-04,IFCI,SHORT,09:15,-0.4674,-1.0987615199361827,5
2026-04-21,2026-04-20,2026-04,IGIL,SHORT,09:15,-1.6207,-1.0987615199361827,6
2026-04-21,2026-04-20,2026-04,SCI,SHORT,09:15,-0.0128,-1.0987615199361827,7
2026-04-21,2026-04-20,2026-04,TRITURBINE,SHORT,09:15,1.1546,-1.0987615199361827,8
2026-04-21,2026-04-20,2026-04,AIIL,SHORT,09:15,-1.3926,-1.0987615199361827,9
2026-04-21,2026-04-20,2026-04,NLCINDIA,SHORT,09:15,0.9128,-1.0987615199361827,10
2026-04-21,2026-04-20,2026-04,ICICIBANK,SHORT,09:15,-1.3722,-1.0987615199361827,11
2026-04-21,2026-04-20,2026-04,BALRAMCHIN,SHORT,09:15,1.8537,-1.0987615199361827,12
2026-04-21,2026-04-20,2026-04,BIKAJI,SHORT,09:15,-1.9159,-1.0987615199361827,13
2026-04-21,2026-04-20,2026-04,ELECON,SHORT,09:15,-8.4967,-1.0987615199361827,14
2026-04-21,2026-04-20,2026-04,ZEEL,SHORT,09:15,1.0489,-1.0987615199361827,15
2026-04-22,2026-04-21,2026-04,NESTLEIND,SHORT,09:15,-0.3226,-1.2913084061510485,1
2026-04-22,2026-04-21,2026-04,HFCL,SHORT,09:15,-2.5271,-1.2913084061510485,2
2026-04-22,2026-04-21,2026-04,HINDUNILVR,SHORT,09:15,-2.3971,-1.2913084061510485,3
2026-04-22,2026-04-21,2026-04,NIVABUPA,SHORT,09:15,1.129,-1.2913084061510485,4
2026-04-22,2026-04-21,2026-04,RADICO,SHORT,09:15,0.3468,-1.2913084061510485,5
2026-04-22,2026-04-21,2026-04,ENRIN,SHORT,09:15,-0.0235,-1.2913084061510485,6
2026-04-22,2026-04-21,2026-04,EMCURE,SHORT,09:16,-0.3316,-1.2913084061510485,7
2026-04-22,2026-04-21,2026-04,DATAPATTNS,SHORT,09:15,-8.3114,-1.2913084061510485,8
2026-04-22,2026-04-21,2026-04,APARINDS,SHORT,09:15,-0.2137,-1.2913084061510485,9
2026-04-22,2026-04-21,2026-04,GROWW,SHORT,09:15,-1.3523,-1.2913084061510485,10
2026-04-22,2026-04-21,2026-04,ANTHEM,SHORT,09:15,-3.5278,-1.2913084061510485,11
2026-04-22,2026-04-21,2026-04,ZYDUSWELL,SHORT,09:15,1.5134,-1.2913084061510485,12
2026-04-22,2026-04-21,2026-04,CREDITACC,SHORT,09:15,0.2388,-1.2913084061510485,13
2026-04-22,2026-04-21,2026-04,CRISIL,SHORT,09:15,0.047,-1.2913084061510485,14
2026-04-22,2026-04-21,2026-04,JSWENERGY,SHORT,09:15,-3.6377,-1.2913084061510485,15
2026-04-23,2026-04-22,2026-04,DATAPATTNS,SHORT,09:15,-6.9876,-0.3587067131833376,1
2026-04-23,2026-04-22,2026-04,ELECON,SHORT,09:15,-1.4921,-0.3587067131833376,2
2026-04-23,2026-04-22,2026-04,BALRAMCHIN,SHORT,09:15,1.771,-0.3587067131833376,3
2026-04-23,2026-04-22,2026-04,HAVELLS,SHORT,09:15,2.6961,-0.3587067131833376,4
2026-04-23,2026-04-22,2026-04,PINELABS,SHORT,09:15,-0.1159,-0.3587067131833376,5
2026-04-23,2026-04-22,2026-04,TATAINVEST,SHORT,09:15,1.9749,-0.3587067131833376,6
2026-04-23,2026-04-22,2026-04,TARIL,SHORT,09:16,-2.1669,-0.3587067131833376,7
2026-04-23,2026-04-22,2026-04,ITI,SHORT,09:15,-0.0861,-0.3587067131833376,8
2026-04-23,2026-04-22,2026-04,BEML,SHORT,09:15,-0.6448,-0.3587067131833376,9
2026-04-23,2026-04-22,2026-04,ADANIENSOL,SHORT,dual_0915_0916,-0.8058,-0.3587067131833376,10
2026-04-23,2026-04-22,2026-04,ACE,SHORT,09:15,1.6098,-0.3587067131833376,11
2026-04-23,2026-04-22,2026-04,HONASA,SHORT,09:15,-0.6878,-0.3587067131833376,12
2026-04-23,2026-04-22,2026-04,APARINDS,SHORT,09:15,-0.3186,-0.3587067131833376,13
2026-04-23,2026-04-22,2026-04,GRANULES,SHORT,09:15,-1.5093,-0.3587067131833376,14
2026-04-23,2026-04-22,2026-04,JKCEMENT,SHORT,09:15,1.3826,-0.3587067131833376,15
2026-04-24,2026-04-23,2026-04,ONESOURCE,SHORT,09:15,0.0953,1.6838457312629476,1
2026-04-24,2026-04-23,2026-04,GLENMARK,SHORT,09:15,2.5844,1.6838457312629476,2
2026-04-24,2026-04-23,2026-04,WOCKPHARMA,SHORT,09:15,2.9349,1.6838457312629476,3
2026-04-24,2026-04-23,2026-04,AAVAS,SHORT,09:15,-0.2325,1.6838457312629476,4
2026-04-24,2026-04-23,2026-04,BALRAMCHIN,SHORT,09:15,4.1673,1.6838457312629476,5
2026-04-24,2026-04-23,2026-04,IRCON,SHORT,09:15,1.5549,1.6838457312629476,6
2026-04-24,2026-04-23,2026-04,NAVA,SHORT,09:15,4.1881,1.6838457312629476,7
2026-04-24,2026-04-23,2026-04,TTML,SHORT,09:15,3.6082,1.6838457312629476,8
2026-04-24,2026-04-23,2026-04,ARE&M,SHORT,09:15,3.4823,1.6838457312629476,9
2026-04-24,2026-04-23,2026-04,ATHERENERG,SHORT,09:15,1.8069,1.6838457312629476,10
2026-04-24,2026-04-23,2026-04,EIDPARRY,SHORT,09:15,3.4073,1.6838457312629476,11
2026-04-24,2026-04-23,2026-04,TRENT,SHORT,09:15,-0.7769,1.6838457312629476,12
2026-04-24,2026-04-23,2026-04,CLEAN,SHORT,09:15,-1.0097,1.6838457312629476,13
2026-04-24,2026-04-23,2026-04,TARIL,SHORT,09:15,-0.5076,1.6838457312629476,14
2026-04-24,2026-04-23,2026-04,NIACL,SHORT,09:15,-0.0452,1.6838457312629476,15
2026-04-27,2026-04-24,2026-04,CHENNPETRO,SHORT,09:15,4.7873,0.28843793099044274,1
2026-04-27,2026-04-24,2026-04,JPPOWER,SHORT,09:15,-0.2581,0.28843793099044274,2
2026-04-27,2026-04-24,2026-04,TRITURBINE,SHORT,09:15,-1.1499,0.28843793099044274,3
2026-04-27,2026-04-24,2026-04,PTCIL,SHORT,09:15,0.8447,0.28843793099044274,4
2026-04-27,2026-04-24,2026-04,TITAGARH,SHORT,09:15,-5.0062,0.28843793099044274,5
2026-04-27,2026-04-24,2026-04,HSCL,SHORT,09:15,1.0852,0.28843793099044274,6
2026-04-27,2026-04-24,2026-04,FLUOROCHEM,SHORT,09:15,0.5865,0.28843793099044274,7
2026-04-27,2026-04-24,2026-04,ONESOURCE,SHORT,09:15,-2.1701,0.28843793099044274,8
2026-04-27,2026-04-24,2026-04,USHAMART,SHORT,09:15,-3.034,0.28843793099044274,9
2026-04-27,2026-04-24,2026-04,POLYMED,LONG,09:15,5.9725,0.28843793099044274,10
2026-04-27,2026-04-24,2026-04,COCHINSHIP,SHORT,09:15,-0.2035,0.28843793099044274,11
2026-04-27,2026-04-24,2026-04,ATUL,SHORT,09:15,0.5246,0.28843793099044274,12
2026-04-27,2026-04-24,2026-04,CGCL,SHORT,09:15,-0.9205,0.28843793099044274,13
2026-04-27,2026-04-24,2026-04,JMFINANCIL,SHORT,09:15,-0.9306,0.28843793099044274,14
2026-04-27,2026-04-24,2026-04,IKS,LONG,09:15,4.1988,0.28843793099044274,15
2026-04-28,2026-04-27,2026-04,VBL,SHORT,09:15,0.3711,0.3973613751629626,1
2026-04-28,2026-04-27,2026-04,ATHERENERG,SHORT,09:15,2.1,0.3973613751629626,2
2026-04-28,2026-04-27,2026-04,PINELABS,SHORT,09:15,-2.7934,0.3973613751629626,3
2026-04-28,2026-04-27,2026-04,INDIACEM,SHORT,09:15,3.141,0.3973613751629626,4
2026-04-28,2026-04-27,2026-04,DATAPATTNS,SHORT,09:15,-2.6194,0.3973613751629626,5
2026-04-28,2026-04-27,2026-04,ELECON,SHORT,09:15,3.3928,0.3973613751629626,6
2026-04-28,2026-04-27,2026-04,AIAENG,SHORT,09:15,1.0519,0.3973613751629626,7
2026-04-28,2026-04-27,2026-04,SCI,SHORT,09:15,-5.4684,0.3973613751629626,8
2026-04-28,2026-04-27,2026-04,APARINDS,SHORT,09:15,2.2702,0.3973613751629626,9
2026-04-28,2026-04-27,2026-04,M&MFIN,SHORT,09:15,1.2053,0.3973613751629626,10
2026-04-28,2026-04-27,2026-04,POLYMED,SHORT,09:15,-1.5175,0.3973613751629626,11
2026-04-28,2026-04-27,2026-04,TITAGARH,SHORT,09:15,1.4201,0.3973613751629626,12
2026-04-28,2026-04-27,2026-04,UTIAMC,SHORT,09:15,1.1141,0.3973613751629626,13
2026-04-28,2026-04-27,2026-04,NEWGEN,SHORT,09:15,1.3532,0.3973613751629626,14
2026-04-28,2026-04-27,2026-04,TORNTPOWER,SHORT,09:15,0.9394,0.3973613751629626,15
2026-04-29,2026-04-28,2026-04,CEMPRO,SHORT,09:15,0.9249,1.92782116345417,1
2026-04-29,2026-04-28,2026-04,SCI,SHORT,09:15,-0.6757,1.92782116345417,2
2026-04-29,2026-04-28,2026-04,CHENNPETRO,SHORT,09:15,-4.1818,1.92782116345417,3
2026-04-29,2026-04-28,2026-04,ETERNAL,SHORT,09:15,3.6413,1.92782116345417,4
2026-04-29,2026-04-28,2026-04,SWIGGY,SHORT,09:15,4.4699,1.92782116345417,5
2026-04-29,2026-04-28,2026-04,ABSLAMC,SHORT,09:15,4.5882,1.92782116345417,6
2026-04-29,2026-04-28,2026-04,NAM-INDIA,SHORT,09:15,1.5222,1.92782116345417,7
2026-04-29,2026-04-28,2026-04,CUB,SHORT,09:15,-0.2966,1.92782116345417,8
2026-04-29,2026-04-28,2026-04,AIIL,SHORT,09:15,1.9658,1.92782116345417,9
2026-04-29,2026-04-28,2026-04,SARDAEN,SHORT,09:15,1.0579,1.92782116345417,10
2026-04-29,2026-04-28,2026-04,JINDALSAW,SHORT,09:16,5.0278,1.92782116345417,11
2026-04-29,2026-04-28,2026-04,MSUMI,LONG,09:15,1.5874,1.92782116345417,12
2026-04-29,2026-04-28,2026-04,PINELABS,SHORT,09:15,5.6038,1.92782116345417,13
2026-04-29,2026-04-28,2026-04,LTM,SHORT,09:15,1.6508,1.92782116345417,14
2026-04-29,2026-04-28,2026-04,SPLPETRO,SHORT,09:15,2.0314,1.92782116345417,15
2026-04-30,2026-04-29,2026-04,DEVYANI,SHORT,09:15,0.9617,0.45236664966282697,1
2026-04-30,2026-04-29,2026-04,SAPPHIRE,SHORT,09:15,0.0207,0.45236664966282697,2
2026-04-30,2026-04-29,2026-04,APARINDS,SHORT,09:15,0.4938,0.45236664966282697,3
2026-04-30,2026-04-29,2026-04,HSCL,SHORT,09:15,-0.8566,0.45236664966282697,4
2026-04-30,2026-04-29,2026-04,RADICO,SHORT,09:15,0.0956,0.45236664966282697,5
2026-04-30,2026-04-29,2026-04,STARHEALTH,SHORT,09:15,1.4112,0.45236664966282697,6
2026-04-30,2026-04-29,2026-04,CEATLTD,SHORT,09:15,2.1111,0.45236664966282697,7
2026-04-30,2026-04-29,2026-04,NIVABUPA,SHORT,09:15,0.4001,0.45236664966282697,8
2026-04-30,2026-04-29,2026-04,URBANCO,SHORT,09:15,-1.8611,0.45236664966282697,9
2026-04-30,2026-04-29,2026-04,GRSE,SHORT,09:15,3.8681,0.45236664966282697,10
2026-04-30,2026-04-29,2026-04,JKTYRE,SHORT,09:15,-1.8507,0.45236664966282697,11
2026-04-30,2026-04-29,2026-04,ONESOURCE,SHORT,09:15,0.3517,0.45236664966282697,12
2026-04-30,2026-04-29,2026-04,TENNIND,SHORT,09:15,-3.4361,0.45236664966282697,13
2026-04-30,2026-04-29,2026-04,JPPOWER,SHORT,09:15,2.0795,0.45236664966282697,14
2026-04-30,2026-04-29,2026-04,SUMICHEM,SHORT,09:15,2.9967,0.45236664966282697,15
2026-05-04,2026-04-30,2026-05,HUDCO,SHORT,09:15,0.6281,-0.8415026310272765,1
2026-05-04,2026-04-30,2026-05,RADICO,SHORT,09:15,1.1223,-0.8415026310272765,2
2026-05-04,2026-04-30,2026-05,CPPLUS,SHORT,09:15,-1.7855,-0.8415026310272765,3
2026-05-04,2026-04-30,2026-05,ASTERDM,SHORT,09:15,-2.2895,-0.8415026310272765,4
2026-05-04,2026-04-30,2026-05,SYNGENE,SHORT,09:15,-4.9411,-0.8415026310272765,5
2026-05-04,2026-04-30,2026-05,ADANIENSOL,SHORT,09:15,-3.0461,-0.8415026310272765,6
2026-05-04,2026-04-30,2026-05,KFINTECH,SHORT,09:16,2.5549,-0.8415026310272765,7
2026-05-04,2026-04-30,2026-05,SAILIFE,SHORT,09:15,-1.0935,-0.8415026310272765,8
2026-05-04,2026-04-30,2026-05,CCL,SHORT,09:15,-4.3597,-0.8415026310272765,9
2026-05-04,2026-04-30,2026-05,USHAMART,SHORT,09:15,-0.2343,-0.8415026310272765,10
2026-05-04,2026-04-30,2026-05,MAXHEALTH,SHORT,09:16,-1.8179,-0.8415026310272765,11
2026-05-04,2026-04-30,2026-05,AIIL,LONG,09:15,-0.7337,-0.8415026310272765,12
2026-05-04,2026-04-30,2026-05,J&KBANK,LONG,09:15,1.4143,-0.8415026310272765,13
2026-05-04,2026-04-30,2026-05,NATIONALUM,LONG,09:15,2.5485,-0.8415026310272765,14
2026-05-04,2026-04-30,2026-05,EMMVEE,LONG,09:15,-0.5893,-0.8415026310272765,15
2026-05-05,2026-05-04,2026-05,SYNGENE,SHORT,09:15,5.9828,-0.2016370980071821,1
2026-05-05,2026-05-04,2026-05,SUMICHEM,SHORT,09:15,-6.6442,-0.2016370980071821,2
2026-05-05,2026-05-04,2026-05,SYRMA,SHORT,09:15,-3.3919,-0.2016370980071821,3
2026-05-05,2026-05-04,2026-05,SCI,SHORT,09:15,0.2374,-0.2016370980071821,4
2026-05-05,2026-05-04,2026-05,ACUTAAS,SHORT,09:15,0.2578,-0.2016370980071821,5
2026-05-05,2026-05-04,2026-05,ABFRL,SHORT,09:15,1.569,-0.2016370980071821,6
2026-05-05,2026-05-04,2026-05,GICRE,SHORT,09:15,3.5185,-0.2016370980071821,7
2026-05-05,2026-05-04,2026-05,PTCIL,SHORT,09:15,-0.4647,-0.2016370980071821,8
2026-05-05,2026-05-04,2026-05,VEDL,SHORT,09:16,-2.962,-0.2016370980071821,9
2026-05-05,2026-05-04,2026-05,ONGC,SHORT,09:15,1.2508,-0.2016370980071821,10
2026-05-05,2026-05-04,2026-05,PVRINOX,SHORT,09:15,-0.9092,-0.2016370980071821,11
2026-05-05,2026-05-04,2026-05,TATACHEM,SHORT,09:15,-1.0445,-0.2016370980071821,12
2026-05-05,2026-05-04,2026-05,ASAHIINDIA,SHORT,09:15,1.2933,-0.2016370980071821,13
2026-05-05,2026-05-04,2026-05,GLENMARK,SHORT,09:15,-1.8527,-0.2016370980071821,14
2026-05-05,2026-05-04,2026-05,ITC,SHORT,09:15,0.135,-0.2016370980071821,15
2026-05-06,2026-05-05,2026-05,POLYMED,SHORT,09:15,-2.6275,-1.509590192226578,1
2026-05-06,2026-05-05,2026-05,MARICO,SHORT,09:15,1.0954,-1.509590192226578,2
2026-05-06,2026-05-05,2026-05,JPPOWER,SHORT,09:15,1.1763,-1.509590192226578,3
2026-05-06,2026-05-05,2026-05,M&M,SHORT,09:15,-1.6639,-1.509590192226578,4
2026-05-06,2026-05-05,2026-05,MEESHO,SHORT,09:16,4.6443,-1.509590192226578,5
2026-05-06,2026-05-05,2026-05,HSCL,SHORT,09:15,-5.4853,-1.509590192226578,6
2026-05-06,2026-05-05,2026-05,HFCL,SHORT,09:15,-10.576,-1.509590192226578,7
2026-05-06,2026-05-05,2026-05,EMCURE,SHORT,09:15,2.0011,-1.509590192226578,8
2026-05-06,2026-05-05,2026-05,NETWEB,SHORT,09:15,-2.69,-1.509590192226578,9
2026-05-06,2026-05-05,2026-05,SUMICHEM,SHORT,09:15,-3.5317,-1.509590192226578,10
2026-05-06,2026-05-05,2026-05,WOCKPHARMA,SHORT,09:15,-7.3694,-1.509590192226578,11
2026-05-06,2026-05-05,2026-05,SOBHA,SHORT,09:15,0.8815,-1.509590192226578,12
2026-05-06,2026-05-05,2026-05,URBANCO,SHORT,09:15,0.907,-1.509590192226578,13
2026-05-06,2026-05-05,2026-05,ITI,SHORT,09:15,0.1901,-1.509590192226578,14
2026-05-06,2026-05-05,2026-05,CREDITACC,SHORT,09:15,0.4041,-1.509590192226578,15
2026-05-07,2026-05-06,2026-05,FSL,SHORT,09:15,4.2861,-0.34015144075169734,1
2026-05-07,2026-05-06,2026-05,BLS,SHORT,09:15,-1.2963,-0.34015144075169734,2
2026-05-07,2026-05-06,2026-05,TMCV,SHORT,09:15,-0.6372,-0.34015144075169734,3
2026-05-07,2026-05-06,2026-05,CPPLUS,SHORT,09:15,0.6036,-0.34015144075169734,4
2026-05-07,2026-05-06,2026-05,HFCL,SHORT,09:15,-2.2244,-0.34015144075169734,5
2026-05-07,2026-05-06,2026-05,APTUS,SHORT,09:15,-1.3188,-0.34015144075169734,6
2026-05-07,2026-05-06,2026-05,CLEAN,SHORT,09:15,-1.1657,-0.34015144075169734,7
2026-05-07,2026-05-06,2026-05,SIGNATURE,SHORT,09:15,-0.5498,-0.34015144075169734,8
2026-05-07,2026-05-06,2026-05,NUVAMA,SHORT,09:15,-3.9689,-0.34015144075169734,9
2026-05-07,2026-05-06,2026-05,PARADEEP,SHORT,09:15,-0.2231,-0.34015144075169734,10
2026-05-07,2026-05-06,2026-05,JSWDULUX,SHORT,09:15,1.001,-0.34015144075169734,11
2026-05-07,2026-05-06,2026-05,ASHOKLEY,SHORT,09:15,-0.7916,-0.34015144075169734,12
2026-05-07,2026-05-06,2026-05,WOCKPHARMA,SHORT,09:15,3.6578,-0.34015144075169734,13
2026-05-07,2026-05-06,2026-05,ELECON,SHORT,09:15,-1.0791,-0.34015144075169734,14
2026-05-07,2026-05-06,2026-05,ACUTAAS,SHORT,09:15,-1.396,-0.34015144075169734,15
2026-05-08,2026-05-07,2026-05,KEC,SHORT,09:15,2.18,-1.3499574623860164,1
2026-05-08,2026-05-07,2026-05,KARURVYSYA,SHORT,09:15,4.4358,-1.3499574623860164,2
2026-05-08,2026-05-07,2026-05,RBLBANK,SHORT,09:15,1.399,-1.3499574623860164,3
2026-05-08,2026-05-07,2026-05,RRKABEL,SHORT,09:15,-0.6709,-1.3499574623860164,4
2026-05-08,2026-05-07,2026-05,BEML,SHORT,09:15,2.4698,-1.3499574623860164,5
2026-05-08,2026-05-07,2026-05,CRAFTSMAN,SHORT,09:15,-3.5891,-1.3499574623860164,6
2026-05-08,2026-05-07,2026-05,JAINREC,SHORT,09:15,-11.5919,-1.3499574623860164,7
2026-05-08,2026-05-07,2026-05,ANURAS,SHORT,09:15,-0.0326,-1.3499574623860164,8
2026-05-08,2026-05-07,2026-05,NLCINDIA,SHORT,09:15,0.1066,-1.3499574623860164,9
2026-05-08,2026-05-07,2026-05,MEESHO,SHORT,09:15,-0.9653,-1.3499574623860164,10
2026-05-08,2026-05-07,2026-05,J&KBANK,SHORT,09:15,0.7771,-1.3499574623860164,11
2026-05-08,2026-05-07,2026-05,BERGEPAINT,SHORT,09:15,-5.2064,-1.3499574623860164,12
2026-05-08,2026-05-07,2026-05,APTUS,SHORT,09:15,-2.0321,-1.3499574623860164,13
2026-05-08,2026-05-07,2026-05,CARTRADE,SHORT,09:15,-1.3134,-1.3499574623860164,14
2026-05-08,2026-05-07,2026-05,LALPATHLAB,SHORT,09:15,-6.2161,-1.3499574623860164,15
2026-05-22,2026-05-21,2026-05,KAYNES,SHORT,09:15,-3.9915,-1.586482386789948,1
2026-05-22,2026-05-21,2026-05,FORCEMOT,SHORT,09:15,-2.1067,-1.586482386789948,2
2026-05-22,2026-05-21,2026-05,PIIND,LONG,09:15,0.9832,-1.586482386789948,3
2026-05-22,2026-05-21,2026-05,BHARATFORG,SHORT,09:15,0.0012,-1.586482386789948,4
2026-05-22,2026-05-21,2026-05,SUZLON,SHORT,09:15,-1.4549,-1.586482386789948,5
2026-05-22,2026-05-21,2026-05,SAMMAANCAP,SHORT,09:15,-3.8907,-1.586482386789948,6
2026-05-22,2026-05-21,2026-05,ASHOKLEY,SHORT,09:15,-2.0176,-1.586482386789948,7
2026-05-22,2026-05-21,2026-05,IREDA,SHORT,09:15,-0.0437,-1.586482386789948,8
2026-05-22,2026-05-21,2026-05,SIEMENS,SHORT,09:15,-2.4631,-1.586482386789948,9
2026-05-22,2026-05-21,2026-05,GVT&D,SHORT,09:15,-0.8812,-1.586482386789948,10
2026-05-26,2026-05-25,2026-05,HINDPETRO,SHORT,09:15,1.0832,0.933251451109148,1
2026-05-26,2026-05-25,2026-05,FORCEMOT,SHORT,09:15,1.4564,0.933251451109148,2
2026-05-26,2026-05-25,2026-05,UNIONBANK,SHORT,09:15,1.6756,0.933251451109148,3
2026-05-26,2026-05-25,2026-05,HDFCAMC,SHORT,09:15,0.5725,0.933251451109148,4
2026-05-26,2026-05-25,2026-05,SIEMENS,SHORT,09:15,0.0203,0.933251451109148,5
2026-05-26,2026-05-25,2026-05,TORNTPHARM,SHORT,09:15,2.5504,0.933251451109148,6
2026-05-26,2026-05-25,2026-05,ASIANPAINT,SHORT,09:15,0.1366,0.933251451109148,7
2026-05-26,2026-05-25,2026-05,IREDA,SHORT,09:15,0.1329,0.933251451109148,8
2026-05-26,2026-05-25,2026-05,PRESTIGE,SHORT,09:15,-0.345,0.933251451109148,9
2026-05-26,2026-05-25,2026-05,NBCC,SHORT,09:15,2.0495,0.933251451109148,10
2026-05-29,2026-05-27,2026-05,SUZLON,SHORT,09:15,0.3438,0.5864836394004025,1
2026-05-29,2026-05-27,2026-05,CUMMINSIND,SHORT,09:15,2.9952,0.5864836394004025,2
2026-05-29,2026-05-27,2026-05,MOTHERSON,SHORT,09:15,-4.6194,0.5864836394004025,3
2026-05-29,2026-05-27,2026-05,TMPV,SHORT,09:15,1.3922,0.5864836394004025,4
2026-05-29,2026-05-27,2026-05,IDFCFIRSTB,SHORT,09:15,0.7617,0.5864836394004025,5
2026-05-29,2026-05-27,2026-05,PREMIERENE,SHORT,09:15,0.3807,0.5864836394004025,6
2026-05-29,2026-05-27,2026-05,WAAREEENER,SHORT,09:15,0.4037,0.5864836394004025,7
2026-05-29,2026-05-27,2026-05,COALINDIA,SHORT,09:15,0.0435,0.5864836394004025,8
2026-05-29,2026-05-27,2026-05,CGPOWER,SHORT,09:15,1.7877,0.5864836394004025,9
2026-05-29,2026-05-27,2026-05,TIINDIA,SHORT,09:15,2.3894,0.5864836394004025,10
2026-05-29,2026-05-27,2026-05,BDL,LONG,09:15,0.5728,0.5864836394004025,11
2026-06-01,2026-05-29,2026-06,MOTHERSON,SHORT,09:15,2.658,1.8228790985650811,1
2026-06-01,2026-05-29,2026-06,IREDA,SHORT,09:15,4.7692,1.8228790985650811,2
2026-06-01,2026-05-29,2026-06,SUZLON,SHORT,09:15,5.2916,1.8228790985650811,3
2026-06-01,2026-05-29,2026-06,INDIANB,SHORT,09:15,3.2051,1.8228790985650811,4
2026-06-01,2026-05-29,2026-06,LTM,SHORT,09:15,-3.1682,1.8228790985650811,5
2026-06-01,2026-05-29,2026-06,MPHASIS,SHORT,09:15,-0.7827,1.8228790985650811,6
2026-06-01,2026-05-29,2026-06,WIPRO,SHORT,09:15,-0.7789,1.8228790985650811,7
2026-06-01,2026-05-29,2026-06,GVT&D,SHORT,09:15,6.6293,1.8228790985650811,8
2026-06-01,2026-05-29,2026-06,BDL,LONG,09:15,-0.842,1.8228790985650811,9
2026-06-01,2026-05-29,2026-06,ALKEM,SHORT,09:15,2.276,1.8228790985650811,10
2026-06-01,2026-05-29,2026-06,GMRAIRPORT,SHORT,09:15,4.1654,1.8228790985650811,11
2026-06-01,2026-05-29,2026-06,COFORGE,SHORT,09:15,-1.5483,1.8228790985650811,12
2026-06-15,2026-06-12,2026-06,SHRIRAMFIN,SHORT,09:15,0.5001,-0.555105730343508,1
2026-06-15,2026-06-12,2026-06,CHOLAFIN,SHORT,09:15,-2.8732,-0.555105730343508,2
2026-06-15,2026-06-12,2026-06,IDFCFIRSTB,SHORT,09:15,-0.4856,-0.555105730343508,3
2026-06-15,2026-06-12,2026-06,BANDHANBNK,SHORT,09:15,-1.2298,-0.555105730343508,4
2026-06-15,2026-06-12,2026-06,BAJFINANCE,SHORT,09:15,0.0093,-0.555105730343508,5
2026-06-15,2026-06-12,2026-06,TIINDIA,SHORT,09:15,-1.5792,-0.555105730343508,6
2026-06-15,2026-06-12,2026-06,ASTRAL,SHORT,09:15,-0.8994,-0.555105730343508,7
2026-06-15,2026-06-12,2026-06,NATIONALUM,SHORT,09:15,-0.4417,-0.555105730343508,8
2026-06-15,2026-06-12,2026-06,ASHOKLEY,SHORT,09:15,0.6845,-0.555105730343508,9
2026-06-15,2026-06-12,2026-06,AUBANK,SHORT,09:15,0.1933,-0.555105730343508,10
2026-06-15,2026-06-12,2026-06,INOXWIND,SHORT,09:15,0.5725,-0.555105730343508,11
2026-06-15,2026-06-12,2026-06,HINDPETRO,SHORT,09:15,1.0136,-0.555105730343508,12
2026-06-15,2026-06-12,2026-06,NUVAMA,SHORT,09:15,-2.2017,-0.555105730343508,13
2026-06-15,2026-06-12,2026-06,ABCAPITAL,SHORT,09:15,-1.0342,-0.555105730343508,14
2026-06-16,2026-06-15,2026-06,BAJFINANCE,SHORT,09:15,-1.5232,-0.5312236499461341,1
2026-06-16,2026-06-15,2026-06,IOC,SHORT,09:15,-0.2229,-0.5312236499461341,2
2026-06-16,2026-06-15,2026-06,LODHA,SHORT,09:15,-1.3511,-0.5312236499461341,3
2026-06-16,2026-06-15,2026-06,ASHOKLEY,SHORT,09:15,0.8929,-0.5312236499461341,4
2026-06-16,2026-06-15,2026-06,FORCEMOT,SHORT,09:15,0.5598,-0.5312236499461341,5
2026-06-16,2026-06-15,2026-06,INOXWIND,SHORT,09:15,-0.051,-0.5312236499461341,6
2026-06-16,2026-06-15,2026-06,RVNL,SHORT,09:15,0.2037,-0.5312236499461341,7
2026-06-16,2026-06-15,2026-06,AMBUJACEM,SHORT,09:15,1.4195,-0.5312236499461341,8
2026-06-16,2026-06-15,2026-06,BAJAJHLDNG,SHORT,09:15,-1.0262,-0.5312236499461341,9
2026-06-16,2026-06-15,2026-06,HAVELLS,SHORT,09:15,-0.4829,-0.5312236499461341,10
2026-06-16,2026-06-15,2026-06,IRFC,SHORT,09:15,-0.0242,-0.5312236499461341,11
2026-06-16,2026-06-15,2026-06,JIOFIN,SHORT,09:15,-0.7749,-0.5312236499461341,12
2026-06-16,2026-06-15,2026-06,PGEL,SHORT,09:15,-6.719,-0.5312236499461341,13
2026-06-16,2026-06-15,2026-06,TMPV,SHORT,09:15,1.1848,-0.5312236499461341,14
2026-06-16,2026-06-15,2026-06,BHEL,SHORT,09:15,-0.0537,-0.5312236499461341,15
