symbol,date,month,signal_date,tier,rank,score,avg_lift,sret,twoday,rng,entry_context,regime,sector,p1,p2,avg,lastClose,vol,range_pct,L_mfe,L_mae,L_eod_g,L_eod_n,S_mfe,S_mae,S_eod_g,S_eod_n,SS_L_eod_g,SS_S_eod_g
360ONE,2026-07-01,2026-07,2026-06-30,GOLD-baseline,369.0,5.384,5.3837,-1.4760147601476037,-1.8201875344732497,3.773062730627315,normal,risk_on,Financial Services,1074.5,1075.9,1075.1995442708335,1069.2,0.11659691495782747,2.1577390098071105,0.9022005060228285,-1.255538503784282,-0.5579935652690535,-0.6025190530028408,1.255538503784282,-0.9022005060228285,0.5579935652690535,0.5133453189509071,-0.49325267566309483,0.49325267566309483
360ONE,2026-07-02,2026-07,2026-07-01,GOLD-baseline,469.0,0.0,0.0,0.1123595505617913,-1.365313653136524,2.172284644194761,normal,risk_on,Financial Services,1075.0,1070.0,1072.4941724941725,1075.0,0.0970257940378554,1.930080417300591,0.8210606389915172,-1.1090197783090738,0.23364485981308197,0.18889278457943712,1.1090197783090738,-0.8210606389915172,-0.23364485981308197,-0.27834553317756794,0.0,0.0
360ONE,2026-07-03,2026-07,2026-07-02,GOLD,349.0,7.172,7.1719,0.5424616535727678,0.655430711610494,1.93602693602694,normal,risk_on,Financial Services,1084.0,1079.6,1081.7955259752264,1107.2,0.12830618138927444,4.011848723526147,3.614774981577176,-0.3970737419489709,2.348361905256709,2.303004543022015,0.3970737419489709,-3.614774981577176,-2.348361905256709,-2.3932026278722462,2.1402214022140265,-2.1402214022140265
360ONE,2026-07-06,2026-07,2026-07-03,STANDARD,92.0,172.009,11.4672,2.9953488372093107,3.55405910961466,4.03720930232559,normal,risk_on,Financial Services,1110.2,1113.1,1111.6481086672964,1137.9,0.09340377096040951,2.6537174641862333,2.451485422430554,-0.05830160302016285,2.3615288982208513,2.316167767250429,0.05830160302016285,-2.451485422430554,-2.3615288982208513,-2.406370492833665,2.4950459376688925,-2.4950459376688925
360ONE,2026-07-07,2026-07,2026-07-06,STANDARD,46.0,143.847,11.0651,2.7727601156069426,5.851162790697684,2.664378612716763,normal,risk_on,Financial Services,1140.0,1138.5,1139.2495062541145,1147.4,0.08020392465443485,2.422647527910678,1.294755333656938,-1.1278921942537399,0.7154265769826516,0.6705366032952281,1.1278921942537399,-1.294755333656938,-0.7154265769826516,-0.7601591568231388,0.6491228070175518,-0.6491228070175518
360ONE,2026-07-08,2026-07,2026-07-07,GOLD-baseline,35.0,98.6,10.9555,0.8348712540644954,3.6307803468208055,2.425520696018974,normal,risk_on,Financial Services,1142.8,1140.3,1141.5486312469886,1094.0,0.12921096494746998,6.018140455825742,0.7315823894325647,-5.286558066393178,-4.165274255118518,-4.208767245329572,5.286558066393178,-0.7315823894325647,4.165274255118518,4.120864904571337,-4.27021351067553,4.27021351067553
360ONE,2026-07-09,2026-07,2026-07-08,GOLD-baseline,313.0,12.357,6.1787,-4.654000348614263,-3.857984005624404,5.98744988670037,normal,risk_off,Financial Services,1090.8,1090.2,1090.4999174690508,1100.8,0.1027467891005187,1.852361442344936,1.494734870661897,-0.22924508557991635,0.9445285016485511,0.8995729530336382,0.22924508557991635,-1.494734870661897,-0.9445285016485511,-0.9892762539931013,0.9167583425009168,-0.9167583425009168
360ONE,2026-07-10,2026-07,2026-07-09,GOLD,317.0,6.974,6.9736,0.6215722120658018,-4.061356109464887,1.8464351005484505,normal,neutral,Financial Services,1106.8,1114.4,1110.5869980190887,1131.5,0.07955919688509062,2.6652572065760083,2.0721476140058024,0.16324718226894214,1.8830584202960254,1.8378342400166179,-0.16324718226894214,-2.0721476140058024,-1.8830584202960254,-1.927868327722968,2.2316588362847893,-2.2316588362847893
ABB,2026-07-01,2026-07,2026-06-30,GOLD-baseline,278.0,14.566,7.2832,-0.3334515785739622,0.6736419664612248,1.5182688896771903,normal,risk_on,Capital Goods,7046.0,7018.5,7032.223114934765,6931.5,0.0640221804926387,2.2539102842653524,0.5869677965360964,-1.666942487729256,-1.432308294099109,-1.476583530225322,1.666942487729256,-0.5869677965360964,1.432308294099109,1.387717950148194,-1.625035481124042,1.625035481124042
ABB,2026-07-02,2026-07,2026-07-01,GOLD,273.0,7.593,7.5927,-1.3169134396355364,-1.645973749556584,2.256548974943052,normal,risk_on,Capital Goods,6950.0,6908.0,6928.936354452302,6845.0,0.06355782970495624,1.8834059561846757,-0.2011326665361427,-1.420656063452657,-1.211388734987693,-1.2557272040356324,1.420656063452657,0.2011326665361427,1.211388734987693,1.1667837604180564,-1.5107913669064748,1.5107913669064748
ABB,2026-07-03,2026-07,2026-07-02,ENTERPRISE-Dryup,320.0,7.593,7.5927,-1.2479261343143588,-2.5484054669703826,1.882709370266176,normal,risk_on,Capital Goods,6881.0,6822.0,6851.372984018098,6957.0,0.08733488064400881,3.2548220702650767,1.8044122874390542,-1.4504097828260225,1.5416912234714693,1.4965647513593399,1.4504097828260225,-1.8044122874390542,-1.5416912234714693,-1.586478523514435,1.1044906263624472,-1.1044906263624472
ABB,2026-07-06,2026-07,2026-07-03,ENTERPRISE-Dryup,332.0,14.566,7.2832,1.6362308254200153,0.3678857390175372,3.2578524470416363,normal,risk_on,Capital Goods,6985.5,6919.5,6952.343365695792,7064.5,0.0824138505170983,2.7904260447956806,1.9080851926669968,-0.8823408521286837,1.6132205848406491,1.5680736391655326,0.8823408521286837,-1.9080851926669968,-1.6132205848406491,-1.6580126219871008,1.13091403621788,-1.13091403621788
ABB,2026-07-07,2026-07,2026-07-06,GOLD,124.0,96.251,9.6251,1.5452062670691324,3.2067202337472622,2.788558286617795,normal,risk_on,Capital Goods,7107.0,7054.5,7080.652685096918,6978.0,0.07596631247246854,3.375395046604078,-0.2916777028251444,-3.0032921335698433,-1.4497630326223594,-1.494033272748584,3.0032921335698433,0.2916777028251444,1.4497630326223594,1.405173844628958,-1.8151118615449557,1.8151118615449557
ABB,2026-07-08,2026-07,2026-07-07,GOLD,204.0,7.593,7.5927,-1.224432019251187,0.3018542475204722,3.3831127468327558,normal,risk_on,Capital Goods,6908.5,6901.5,6904.998225923244,6800.0,0.09815378979548155,3.1643744552995177,0.08691927036597775,-2.606781638950774,-1.5206119174520838,-1.5648618787853992,2.606781638950774,-0.08691927036597775,1.5206119174520838,1.476027421496929,-1.570529058406311,1.570529058406311
ABB,2026-07-09,2026-07,2026-07-08,ENTERPRISE-Dryup,228.0,6.974,6.9736,-2.5508741759816544,-3.744072475051308,3.131269704786472,normal,risk_off,Capital Goods,6780.0,6815.0,6797.454946671571,6825.0,0.06094276841428924,1.1989781563746464,0.9421916560078042,-0.043471368251107534,0.4052259786130239,0.36042479240206937,0.043471368251107534,-0.9421916560078042,-0.4052259786130239,-0.44993801510868353,0.6637168141592921,-0.6637168141592921
ABB,2026-07-10,2026-07,2026-07-09,ENTERPRISE-Dryup,314.0,6.974,6.9736,0.3676470588235281,-2.192605331040409,1.1985294117647058,normal,neutral,Capital Goods,6835.0,6851.5,6843.240054067877,6826.0,0.05705057886447256,1.4466831386566763,0.9901734470332321,-0.4565096916234442,-0.251928237671995,-0.29654132926023913,0.4565096916234442,-0.9901734470332321,0.251928237671995,0.20725972187146308,-0.13167520117044623,0.13167520117044623
ABCAPITAL,2026-07-01,2026-07,2026-06-30,GOLD,40.0,56.325,11.265,1.2896569512509617,0.2041337075784577,2.527727624451899,normal,risk_on,Financial Services,392.6,392.25,392.4249219596102,391.45,0.07336918199147709,1.822004566961698,0.7836092634061413,-1.0383953035555569,-0.24843528151622538,-0.29304937287933813,1.0383953035555569,-0.7836092634061413,0.24843528151622538,0.20376653439117906,-0.2929190015282817,0.2929190015282817
ABCAPITAL,2026-07-02,2026-07,2026-07-01,GOLD,112.0,19.445,9.7223,-0.3183091418385575,0.9672427134382212,1.8207282913165208,normal,risk_on,Financial Services,392.5,392.0,392.24984066284253,392.7,0.0837866181738281,2.0267694657480946,1.3002323540881493,-0.7265371116599451,0.11476342129209227,0.07004537301706953,0.7265371116599451,-1.3002323540881493,-0.11476342129209227,-0.15945622161443077,0.050955414012735956,-0.050955414012735956
ABCAPITAL,2026-07-03,2026-07,2026-07-02,ENTERPRISE-Dryup,215.0,36.397,9.0993,0.319325584365826,0.0,2.030910716566623,normal,risk_on,Financial Services,396.4,395.15,395.77401301244396,401.75,0.08106485866978093,2.8172643057414177,2.3311250067512534,-0.48613929899016417,1.5099493122526322,1.4648319255007833,0.48613929899016417,-2.3311250067512534,-1.5099493122526322,-1.5547345101557855,1.3496468213925386,-1.3496468213925386
ABCAPITAL,2026-07-06,2026-07,2026-07-03,STANDARD,120.0,148.479,10.6056,2.304558186911132,2.6312428151743505,2.839317545199892,normal,risk_on,Financial Services,402.3,404.95,403.62065035614745,410.7,0.07952714122172909,2.3041437527524575,1.753961210261628,-0.33958875863710486,1.753961210261628,1.7087739809602596,0.33958875863710486,-1.753961210261628,-1.753961210261628,-1.7987625680967387,2.087994034302753,-2.087994034302753
ABCAPITAL,2026-07-07,2026-07,2026-07-06,STANDARD,134.0,104.364,9.4876,2.227753578095837,4.583651642475162,2.314872433105168,breakout,risk_on,Financial Services,409.75,410.2,409.9748765168608,405.0,0.06883524088886916,1.4757001822649833,0.10369500852126454,-1.3110258273691322,-1.2134588731697993,-1.2577967496903675,1.3110258273691322,-0.10369500852126454,1.2134588731697993,1.1688540356971338,-1.1592434411226358,1.1592434411226358
ABCAPITAL,2026-07-08,2026-07,2026-07-07,GOLD,346.0,5.401,5.401,-1.3878743608473298,0.8089607965152457,1.4730947163379484,extended_move,risk_on,Financial Services,401.4,398.75,400.0706117602949,387.6,0.10814011411347135,4.87413957106241,0.8571957396760297,-4.016943831386381,-3.1171026798056225,-3.1608956839739926,4.016943831386381,-0.8571957396760297,3.1171026798056225,3.0726239130476953,-3.4379671150971487,3.4379671150971487
ABCAPITAL,2026-07-09,2026-07,2026-07-08,GOLD-baseline,203.0,14.072,7.0358,-4.296296296296287,-5.624543462381293,4.814814814814815,normal,risk_off,Financial Services,386.8,391.3,389.03698753373607,397.0,0.09016037554672891,3.7657087807697547,3.1649978950128,0.5045824765167622,2.046852284340549,2.0015812219986118,-0.5045824765167622,-3.1649978950128,-2.046852284340549,-2.091673039179932,2.637021716649428,-2.637021716649428
ABCAPITAL,2026-07-10,2026-07,2026-07-09,STANDARD,134.0,63.264,9.0376,2.42518059855521,-1.975308641975304,3.779669762641907,extended_move,neutral,Financial Services,400.0,402.8,401.3951170901844,408.2,0.06809678564508621,2.242179741807348,1.8946127110228324,0.22543445878847584,1.6953078450843988,1.6501374039011316,-0.22543445878847584,-1.8946127110228324,-1.6953078450843988,-1.7401053185417474,2.049999999999997,-2.049999999999997
ADANIENSOL,2026-07-01,2026-07,2026-06-30,GOLD-baseline,140.0,271.567,9.3644,0.6675657451112649,-0.8830168636303259,1.901550910316928,normal,risk_on,Power,1491.4,1483.4,1487.3892429743178,1516.0,0.12554065138069395,4.484367512744727,3.315255724659944,-1.1691117880847832,1.9235554620839923,1.878319690498302,1.1691117880847832,-3.315255724659944,-1.9235554620839923,-1.9683680514680242,1.649456886147238,-1.649456886147238
ADANIENSOL,2026-07-02,2026-07,2026-07-01,GOLD-baseline,135.0,326.857,9.3388,1.5473240002679356,2.2252191503708607,4.46781432111997,normal,risk_on,Power,1524.9,1528.5,1526.6978777755944,1556.8,0.13061725800583504,4.873262816635403,2.855975819389625,-2.0172869972457788,1.9717144212098123,1.926464865277887,2.0172869972457788,-2.855975819389625,-1.9717144212098123,-2.0165301999690715,2.0919404551118017,-2.0919404551118017
ADANIENSOL,2026-07-03,2026-07,2026-07-02,STANDARD,144.0,476.046,10.1286,2.691292875989437,4.280259896845062,4.907651715039569,normal,risk_on,Power,1562.0,1552.5,1557.2355113180283,1574.1,0.12952716716080223,4.174063558631839,1.3976362935334314,-2.776427265098407,1.0829761175750254,1.0379809416527963,2.776427265098407,-1.3976362935334314,-1.0829761175750254,-1.127733038751388,0.7746478873239379,-0.7746478873239379
ADANIENSOL,2026-07-06,2026-07,2026-07-03,GOLD-baseline,132.0,515.738,10.3148,1.1112538540596129,3.832453825857507,4.175231243576567,normal,risk_on,Power,1580.0,1595.5,1587.7121713116044,1627.6,0.13403907425808426,5.019801538345588,3.967207018156295,-1.0525945201892923,2.5122833602418195,2.466879079424751,1.0525945201892923,-3.967207018156295,-2.5122833602418195,-2.557134938719635,3.0126582278480956,-3.0126582278480956
ADANIENSOL,2026-07-07,2026-07,2026-07-06,STANDARD,78.0,249.944,10.4144,3.398767549710957,4.547790339157243,5.063210723588085,normal,risk_on,Power,1637.7,1651.8,1644.719781121751,1649.2,0.10131876507144036,2.9123502100358256,1.1661694045637039,-1.7461808054721215,0.2724001334253597,0.22763696542476988,1.7461808054721215,-1.1661694045637039,-0.2724001334253597,-0.3171033733965959,0.7022043109238566,-0.7022043109238566
ADANIENSOL,2026-07-08,2026-07,2026-07-07,GOLD-baseline,52.0,359.099,10.26,1.3271073973949443,4.770980242678369,2.942983534037853,normal,risk_on,Power,1639.7,1641.5,1640.599506278191,1664.5,0.1530984167607352,4.845789584586127,4.352097720898731,-0.14016256066099017,1.4568146357686544,1.411712457542717,0.14016256066099017,-4.352097720898731,-1.4568146357686544,-1.5015963147747229,1.5124717936207817,-1.5124717936207817
ADANIENSOL,2026-07-09,2026-07,2026-07-08,GOLD-baseline,26.0,386.499,9.9102,0.9277225321367988,2.2671418038830327,4.82051903953432,normal,risk_off,Power,1660.5,1681.4,1670.8846464586018,1625.8,0.12388079692320642,4.482655350191216,0.8447832452895759,-3.6378721049016396,-2.6982500889069505,-2.742162979577003,3.6378721049016396,-0.8447832452895759,2.6982500889069505,2.6537435832173384,-2.089732008431198,2.089732008431198
ADANIENSOL,2026-07-10,2026-07,2026-07-09,GOLD-baseline,148.0,186.841,8.8972,-2.325022529288079,-1.4188697550327478,4.499849804746176,normal,neutral,Power,1635.0,1633.4,1634.1996083710685,1649.8,0.09983380774733802,3.830621405080259,3.035148911727616,-0.7954724933526428,0.9546197140801882,0.9096612770979059,0.7954724933526428,-3.035148911727616,-0.9546197140801882,-0.9993681347253729,0.905198776758407,-0.905198776758407
ADANIENT,2026-07-01,2026-07,2026-06-30,STANDARD,151.0,145.324,9.0827,2.461279461279453,0.0920961747195914,2.882154882154879,normal,risk_on,Metals & Mining,3041.0,3021.8,3031.36959820545,3143.0,0.08915934620600835,4.519409315218542,3.906828183031857,-0.6125811321866844,3.6825071367290336,3.636767907441316,0.6125811321866844,-3.906828183031857,-3.6825071367290336,-3.7274362144466706,3.35415981585005,-3.35415981585005
ADANIENT,2026-07-02,2026-07,2026-07-01,STANDARD,48.0,313.851,10.8224,3.2828365811179427,5.824915824915822,4.501988104235812,normal,risk_on,Metals & Mining,3155.9,3192.0,3173.847351092487,3165.0,0.11772238314326207,2.6025196193373237,1.7566266660027658,-0.8458929533345575,-0.2787579273288448,-0.3233633395623372,0.8458929533345575,-1.7566266660027658,0.2787579273288448,0.23409118835134007,0.2883488069964165,-0.2883488069964165
ADANIENT,2026-07-03,2026-07,2026-07-02,GOLD-baseline,44.0,541.295,12.3022,0.6999681832643878,4.005783575958732,2.628062360801779,normal,risk_on,Metals & Mining,3192.0,3142.0,3166.8026523523836,3209.9,0.10670115915643909,3.741944573400401,1.8061544695602911,-1.9357901038401102,1.3609104317126512,1.3158357037634238,1.9357901038401102,-1.8061544695602911,-1.3609104317126512,-1.4056857593669019,0.5607769423558926,-0.5607769423558926
ADANIENT,2026-07-06,2026-07,2026-07-03,GOLD-baseline,67.0,606.245,12.1249,1.4186413902053774,2.128539611835833,3.744075829383886,normal,risk_on,Metals & Mining,3230.0,3233.4,3231.699105733824,3205.5,0.08195904496347121,1.7730611088865291,0.4115758872036334,-1.3614852216828957,-0.8106913693586296,-0.8551445284107436,1.3614852216828957,-0.4115758872036334,0.8106913693586296,0.7660598582052568,-0.7585139318885449,0.7585139318885449
ADANIENT,2026-07-07,2026-07,2026-07-06,GOLD-baseline,199.0,24.919,8.3064,-0.1370759213682681,1.2796208530805764,1.7851023396367545,normal,risk_on,Metals & Mining,3209.9,3214.7,3212.2982068922574,3109.9,0.0995031072339999,3.6951737464883845,0.07788172039491643,-3.604839882044655,-3.187693056409064,-3.2314658557763,3.604839882044655,-0.07788172039491643,3.187693056409064,3.1432189645694177,-3.1153618492787936,3.1153618492787936
ADANIENT,2026-07-08,2026-07,2026-07-07,GOLD-baseline,103.0,26.596,8.8652,-2.982374044610825,-3.115361849278797,3.703010450787703,normal,risk_on,Metals & Mining,3105.0,3107.1,3106.0496450475684,3056.0,0.1061058548894629,3.828013508720952,1.3151868006219851,-2.5128267080989666,-1.61136011226897,-1.6555840991094757,2.5128267080989666,-1.3151868006219851,1.61136011226897,1.566781626203765,-1.578099838969404,1.578099838969404
ADANIENT,2026-07-09,2026-07,2026-07-08,GOLD-baseline,76.0,51.201,8.5335,-1.73317470015113,-4.663858992356884,3.823274060259175,normal,risk_off,Metals & Mining,3060.0,3091.3,3075.5703672394457,3077.8,0.10580412540565634,2.5426178127145294,0.9568837401359682,-1.5857340725785614,0.07249493571352701,0.027788985778057475,1.5857340725785614,-0.9568837401359682,-0.07249493571352701,-0.11718493676313957,0.5816993464052347,-0.5816993464052347
ADANIENT,2026-07-10,2026-07,2026-07-09,GOLD-baseline,225.0,63.576,7.947,0.7133507853403165,-1.0321875301456562,2.558900523560204,normal,neutral,Metals & Mining,3105.0,3115.2,3110.0916369248575,3157.8,0.07765536820522119,2.668731654545951,2.3442512821658057,-0.3244803723801455,1.5339857677735467,1.4888615011631798,0.3244803723801455,-2.3442512821658057,-1.5339857677735467,-1.5787725575150033,1.7004830917874456,-1.7004830917874456
ADANIGREEN,2026-07-01,2026-07,2026-06-30,GOLD-baseline,266.0,83.136,7.5578,-0.4002668445630464,-2.1561045940101,1.6344229486324215,normal,risk_on,Power,1492.2,1496.7,1494.4466124661246,1529.9,0.12011528122149176,4.25575590787065,3.44966404981188,-0.8060918580587708,2.372342192630792,2.326977966614364,0.8060918580587708,-3.44966404981188,-2.372342192630792,-2.417184503364841,2.5264709824420346,-2.5264709824420346
ADANIGREEN,2026-07-02,2026-07,2026-07-01,STANDARD,101.0,248.387,9.9355,2.471533824514416,2.061374249499681,4.259879437374408,normal,risk_on,Power,1535.1,1548.5,1541.7708846802439,1552.0,0.11842417842770254,3.476521740849731,1.4158469028479101,-2.0606748380018205,0.6634653320670029,0.6185902310388667,2.0606748380018205,-1.4158469028479101,-0.6634653320670029,-0.7081944707220843,1.100905478470464,-1.100905478470464
ADANIGREEN,2026-07-03,2026-07,2026-07-02,ENTERPRISE-Dryup,88.0,410.323,11.0898,1.4445388587489338,3.951774949765574,3.503496960585653,normal,risk_on,Power,1559.9,1553.9,1556.8942192819063,1560.0,0.11763930622637891,3.089484141201661,0.5077917703195056,-2.4660775797353183,0.1994856605946021,0.15474336261191274,2.4660775797353183,-0.5077917703195056,-0.1994856605946021,-0.24418407173196063,0.006410667350465354,-0.006410667350465354
ADANIGREEN,2026-07-06,2026-07,2026-07-03,ENTERPRISE-Dryup,95.0,442.583,11.3483,0.5154639175257714,1.9674488528661935,3.0992268041237057,normal,risk_on,Power,1564.9,1577.9,1571.373113147512,1550.9,0.10787812516207741,2.8573735686531947,1.1281144308865267,-1.729259137766668,-1.302880453802824,-1.3471927355420539,1.729259137766668,-1.1281144308865267,1.302880453802824,1.2582815383637576,-0.8946258546872005,0.8946258546872005
ADANIGREEN,2026-07-07,2026-07,2026-07-06,ENTERPRISE-Dryup,229.0,31.881,7.9703,-0.5833333333333246,-0.0708762886597824,2.8782051282051198,normal,risk_on,Power,1552.0,1559.2,1555.5916688094624,1519.0,0.0958581650229425,3.2334963608088714,0.4119545841642436,-2.8215417766446276,-2.3522669568850922,-2.3962788769230907,2.8215417766446276,-0.4119545841642436,2.3522669568850922,2.307737538116579,-2.1262886597938144,2.1262886597938144
ADANIGREEN,2026-07-08,2026-07,2026-07-07,ENTERPRISE-Dryup,155.0,49.487,8.2478,-2.056870204397454,-2.62820512820513,3.243278096589074,normal,risk_on,Power,1518.9,1510.3,1514.587792156345,1510.5,0.1261839697946509,4.232174610937531,2.846464765325722,-1.385709845611809,-0.2698946985783533,-0.314502647698358,1.385709845611809,-2.846464765325722,0.2698946985783533,0.22522737262466136,-0.5530317993284674,0.5530317993284674
ADANIGREEN,2026-07-09,2026-07,2026-07-08,ENTERPRISE-Dryup,143.0,68.856,7.6506,-0.5595786701777516,-2.6049390676381567,4.2198815009875,normal,risk_off,Power,1514.3,1527.0,1520.6234833788183,1491.9,0.11143844099274595,3.702428682404774,1.1098419040380856,-2.5925867783666883,-1.8889280412133798,-1.9330725808958553,2.5925867783666883,-1.1098419040380856,1.8889280412133798,1.8443679373618371,-1.4792313280063305,1.4792313280063305
ADANIGREEN,2026-07-10,2026-07,2026-07-09,ENTERPRISE-Dryup,264.0,74.354,7.4354,-1.231380337636534,-1.7840684660961117,3.7272426348891066,normal,neutral,Power,1505.0,1507.9,1506.448604334694,1534.8,0.09679621802306554,3.392083862201701,2.6785776527123346,-0.7135062094893664,1.8820021860504859,1.8367783080927813,0.7135062094893664,-2.6785776527123346,-1.8820021860504859,-1.9268120235272592,1.9800664451827215,-1.9800664451827215
ADANIPORTS,2026-07-01,2026-07,2026-06-30,ENTERPRISE-Dryup,177.0,43.124,8.6248,1.5541715760534205,0.8356545961002881,1.8908152387364665,normal,risk_on,Services,1829.5,1821.6,1825.541453260661,1848.2,0.09553441743450414,3.6317992057413595,3.076267955407552,-0.5555312503338075,1.2411959585397445,1.1961554959853156,0.5555312503338075,-3.076267955407552,-1.2411959585397445,-1.2859633579832948,1.0221371959551815,-1.0221371959551815
ADANIPORTS,2026-07-02,2026-07,2026-07-01,STANDARD,238.0,39.937,7.9874,2.1104972375690645,3.697469561802169,3.662983425414362,normal,risk_on,Services,1858.5,1871.8,1865.1262901107152,1882.9,0.06388396916448832,2.278666073463431,1.2263893340931344,-1.0522767393702968,0.9529494052775275,0.9079914463810526,1.0522767393702968,-1.2263893340931344,-0.9529494052775275,-0.9976977153048414,1.312886736615555,-1.312886736615555
ADANIPORTS,2026-07-03,2026-07,2026-07-02,GOLD-baseline,196.0,131.209,9.3721,1.8775024348014255,4.027624309392275,2.29953468239368,normal,risk_on,Services,1885.0,1885.2,1885.0999946952415,1870.9,0.06917456557223046,1.3845419380110613,0.07957165715237625,-1.0662561536153976,-0.7532754090075273,-0.7977450020003087,1.0662561536153976,-0.07957165715237625,0.7532754090075273,0.7086400954247642,-0.7480106100795708,0.7480106100795708
ADANIPORTS,2026-07-06,2026-07,2026-07-03,GOLD,162.0,96.786,9.6786,-0.637314780391951,1.2282220538902822,1.386159647352483,normal,risk_on,Services,1872.8,1878.8,1875.7952020471264,1860.8,0.052238754615562606,1.2901195169701718,0.410748355922068,-0.8793711610481039,-0.7994050752854901,-0.8438614647684114,0.8793711610481039,-0.410748355922068,0.7994050752854901,0.7547728166860059,-0.6407518154634771,0.6407518154634771
ADANIPORTS,2026-07-07,2026-07,2026-07-06,ENTERPRISE-Dryup,374.0,0.0,0.0,-0.5398471323961762,-1.1737213872218488,1.293495109305684,normal,risk_on,Services,1872.0,1874.0,1872.9994660971702,1832.8,0.07145876360526346,2.7656174461137084,0.40045574163771314,-2.3651617044759954,-2.1462614819071546,-2.190332366068234,2.3651617044759954,-0.40045574163771314,2.1462614819071546,2.101718420220055,-2.0940170940170963,2.0940170940170963
ADANIPORTS,2026-07-08,2026-07,2026-07-07,ENTERPRISE-Dryup,389.0,0.0,0.0,-1.5047291487532255,-2.036453043989528,2.783748925193463,normal,risk_on,Services,1824.9,1824.4,1824.6499657468555,1800.9,0.08635907976576816,3.6828981591816774,1.411231454609691,-2.2716667045719863,-1.3016176358589533,-1.345930279049512,2.2716667045719863,-1.411231454609691,1.3016176358589533,1.2570186367885057,-1.3151405556468847,1.3151405556468847
ADANIPORTS,2026-07-09,2026-07,2026-07-08,ENTERPRISE-Dryup,221.0,6.994,6.9941,-1.7405063291139111,-3.2190455717970745,3.666521169794852,normal,risk_off,Services,1795.3,1800.1,1797.6967959058798,1802.0,0.0653185830272061,1.4296070426631386,1.2962811163257093,-0.08882453979538862,0.23937318595218465,0.1946194711226623,0.08882453979538862,-1.2962811163257093,-0.23937318595218465,-0.2840742386807975,0.3731966802205785,-0.3731966802205785
ADANIPORTS,2026-07-10,2026-07,2026-07-09,ENTERPRISE-Dryup,309.0,6.994,6.9941,0.0610805708257,-1.680488869489305,1.4270642456549527,normal,neutral,Services,1800.1,1815.3,1807.6680477955413,1829.9,0.06178583236144154,2.9208902632532565,2.502226681476136,0.20091920133720712,1.22986918043779,1.1848319599017498,-0.20091920133720712,-2.502226681476136,-1.22986918043779,-1.2746358297541336,1.6554635853563795,-1.6554635853563795
ADANIPOWER,2026-07-01,2026-07,2026-06-30,GOLD,345.0,30.598,6.1196,-0.598271659649896,-2.0524017467248856,2.938178595169508,normal,risk_on,Power,223.77,224.42,224.0945286597202,226.2,0.10827558544015496,2.9407232918241797,2.5460109956291594,-0.3947122961950202,0.9395460714156377,0.8945919489018007,0.3947122961950202,-2.5460109956291594,-0.9395460714156377,-0.9842934937937633,1.0859364526075785,-1.0859364526075785
ADANIPOWER,2026-07-02,2026-07,2026-07-01,GOLD-baseline,309.0,64.481,7.1646,0.8470798038341387,0.2437403057832909,2.938029424877398,normal,risk_on,Power,226.87,226.71,226.78997178006082,224.49,0.08316314519912957,2.1826361902811384,0.7319672060054961,-1.4506689842756424,-1.0141417462194098,-1.0585366724839564,1.4506689842756424,-0.7319672060054961,1.0141417462194098,0.9695237087706949,-1.0490589324282609,1.0490589324282609
ADANIPOWER,2026-07-03,2026-07,2026-07-02,GOLD,386.0,19.988,6.6626,-0.7559681697612675,0.0847079803834249,2.188328912466839,normal,risk_on,Power,225.75,224.53,225.13834725059965,221.87,0.08193028652085131,3.0070399301920565,0.07180151732233613,-2.4821836523385756,-1.4517061577971324,-1.4959758417504108,2.4821836523385756,-0.07180151732233613,1.4517061577971324,1.4071170984891386,-1.7187153931339956,1.7187153931339956
ADANIPOWER,2026-07-06,2026-07,2026-07-03,ENTERPRISE-Dryup,376.0,27.048,6.762,-1.1670898481001446,-1.9142351900972576,3.015724531159509,normal,risk_on,Power,222.8,223.23,223.0147927269466,220.1,0.13959087288259933,3.5961740034973757,1.3923772656889755,-2.2037967378084002,-1.3069952406768865,-1.3513063446571285,2.2037967378084002,-1.3923772656889755,1.3069952406768865,1.2623965977436957,-1.211849192100546,1.211849192100546
ADANIPOWER,2026-07-07,2026-07,2026-07-06,GOLD-baseline,294.0,19.971,6.6568,-0.7977644566638187,-1.9555436767784815,3.614729346013436,normal,risk_on,Power,220.48,221.05,220.7646320748307,218.37,0.10121563299252487,2.49134109404613,0.46899175626028766,-2.022349337785842,-1.0846991442084837,-1.1290738751112335,2.022349337785842,-0.46899175626028766,1.0846991442084837,1.040085779494008,-0.9570029027576131,0.9570029027576131
ADANIPOWER,2026-07-08,2026-07,2026-07-07,GOLD,273.0,19.971,6.6568,-0.7860063607451062,-1.5775003380357866,2.498864152657883,normal,risk_on,Power,217.9,217.35,217.62465249856405,217.7,0.11496988535089979,4.089610206297161,2.722737260419089,-1.3668729458780724,0.034622686617013454,-0.010072423296086187,1.3668729458780724,-2.722737260419089,-0.034622686617013454,-0.07931017953905735,-0.09178522257917257,0.09178522257917257
ADANIPOWER,2026-07-09,2026-07,2026-07-08,GOLD,250.0,34.022,6.8043,-0.3068187022026936,-1.0904134484325367,4.075651417319231,normal,risk_off,Power,218.0,219.6,218.79707495429616,216.28,0.09727225361186892,2.8473872428602416,1.3633294898146746,-1.484057753045567,-1.1504152671245476,-1.1947711883642995,1.484057753045567,-1.3633294898146746,1.1504152671245476,1.105806254526028,-0.788990825688073,0.788990825688073
ADANIPOWER,2026-07-10,2026-07,2026-07-09,ENTERPRISE-Dryup,349.0,19.455,6.4851,-0.6522737712448268,-0.95709117552778,2.86173633440514,normal,neutral,Power,218.5,218.57,218.53499439449058,218.37,0.08262291800243268,1.7388519447555275,0.9449313192292432,-0.7939206255262845,-0.07550021677202688,-0.12016380664698109,0.7939206255262845,-0.9449313192292432,0.07550021677202688,0.03082001684938282,-0.05949656750571874,0.05949656750571874
ALKEM,2026-07-01,2026-07,2026-06-30,STANDARD,97.0,40.198,10.0496,3.350253807106607,3.207373271889402,3.534840793724042,normal,risk_on,Healthcare,5594.0,5627.5,5610.699995544267,5562.5,0.07576966040268027,2.227886005298245,0.5043934710144437,-1.7234925342838017,-0.8590727642280825,-0.9035120752670686,1.7234925342838017,-0.5043934710144437,0.8590727642280825,0.8144444571809664,-0.5631033249910619,0.5631033249910619
ALKEM,2026-07-02,2026-07,2026-07-01,GOLD,268.0,7.631,7.631,-0.6519021253795332,2.676511305952922,2.23254152527237,normal,risk_on,Healthcare,5545.0,5561.5,5553.23774366362,5499.0,0.05616779782988017,1.6026686431992072,0.3468653283997959,-1.192777019842139,-0.9766868657029202,-1.0210925125280974,1.192777019842139,-0.3468653283997959,0.9766868657029202,0.9320663477672883,-0.8295761947700632,0.8295761947700632
ALKEM,2026-07-03,2026-07,2026-07-02,GOLD,429.0,0.0,0.0,-1.1415730337078656,-1.7860332202178977,1.6,normal,risk_on,Healthcare,5510.5,5512.5,5511.49981856119,5592.5,0.09440776167348587,2.485711775561024,2.168197140030133,-0.3175146355308912,1.4696576994527648,1.4245518452080812,0.3175146355308912,-2.168197140030133,-1.4696576994527648,-1.5144402290035688,1.488068233372652,-1.488068233372652
ALKEM,2026-07-06,2026-07,2026-07-03,GOLD-baseline,184.0,18.504,9.2522,1.7003091471176512,0.5393258426966252,2.4913620658301507,normal,risk_on,Healthcare,5600.0,5624.0,5611.974340698503,5598.0,0.06183753203840101,1.8086326458036988,0.3746570818939349,-1.4339755639097638,-0.24900934769354743,-0.2936232747439945,1.4339755639097638,-0.3746570818939349,0.24900934769354743,0.20434063858660778,-0.03571428571428571,0.03571428571428571
ALKEM,2026-07-07,2026-07,2026-07-06,GOLD,379.0,0.0,0.0,0.0983459991059421,1.8003273322422242,1.8149307107733568,normal,risk_on,Healthcare,5635.0,5632.5,5633.74972265365,5660.0,0.07881735328469434,2.254271244768387,1.797209360210247,-0.12868378984778459,0.46594681408718375,0.4211282479943748,0.12868378984778459,-1.797209360210247,-0.46594681408718375,-0.5106628718808934,0.44365572315882873,-0.44365572315882873
ALKEM,2026-07-08,2026-07,2026-07-07,GOLD-baseline,384.0,0.0,0.0,1.1075384065737826,1.20697362539115,2.268667381207574,normal,risk_on,Healthcare,5679.5,5678.5,5678.999955978165,5614.0,0.08824234170770671,2.940658589444125,0.8892418456294269,-2.051416743814698,-1.1445669392855218,-1.1889245344687578,2.051416743814698,-0.8892418456294269,1.1445669392855218,1.099957539375643,-1.1532705343780263,1.1532705343780263
ALKEM,2026-07-09,2026-07,2026-07-08,ENTERPRISE-Dryup,377.0,0.0,0.0,-0.8127208480565362,0.2858163629867905,2.950530035335689,normal,risk_off,Healthcare,5634.0,5631.5,5632.7497226044115,5650.0,0.07330175777202518,1.6421819636117405,1.105149002906627,-0.5370329607051136,0.3062496692576721,0.2614768126398392,0.5370329607051136,-1.105149002906627,-0.3062496692576721,-0.35095515094826835,0.2839900603478878,-0.2839900603478878
ALKEM,2026-07-10,2026-07,2026-07-09,ENTERPRISE-Dryup,405.0,0.0,0.0,0.6412540078375439,-0.1766784452296832,1.6476665479159245,normal,neutral,Healthcare,5699.0,5660.0,5679.4330486838635,5676.0,0.060763690641273876,1.628683694430304,0.8463336199953165,-0.7823500744349876,-0.06044703149831224,-0.1051149299862746,0.7823500744349876,-0.8463336199953165,0.06044703149831224,0.01576583466342025,-0.403579575364099,0.403579575364099
AMBER,2026-07-01,2026-07,2026-06-30,ENTERPRISE-Dryup,330.0,50.993,6.3742,1.3049912552132392,-1.5428870292886976,2.273644558051931,normal,risk_on,Consumer Durables,7543.5,7617.5,7580.319405052438,7440.0,0.07706451352075025,2.882464291074137,0.5300646687892967,-2.035790272235507,-1.8511014847067297,-1.895256851333168,2.035790272235507,-0.5300646687892967,1.8511014847067297,1.806538875753656,-1.372042155498111,1.372042155498111
AMBER,2026-07-02,2026-07,2026-07-01,ENTERPRISE-Dryup,371.0,42.769,6.1098,-1.195219123505975,0.0941746266648779,2.901726427622842,normal,risk_on,Consumer Durables,7479.0,7475.5,7477.249590424287,7399.5,0.06978356202183851,1.5580595323338586,0.22401832884065345,-1.3006064495804615,-1.03981536906106,-1.0842029468672352,1.3006064495804615,-0.22401832884065345,1.03981536906106,0.9951990318736915,-1.0629763337344564,1.0629763337344564
AMBER,2026-07-03,2026-07,2026-07-02,ENTERPRISE-Dryup,414.0,23.719,5.9298,-0.5443548387096819,-1.7330677290836705,1.5658602150537635,normal,risk_on,Consumer Durables,7476.0,7398.0,7436.795482049214,7475.0,0.09106067479269285,2.097677694331512,1.333968618476113,-0.7368157720819181,0.5137228533849448,0.46889061254751185,0.7368157720819181,-1.333968618476113,-0.5137228533849448,-0.5584420751946331,-0.013376136971642588,0.013376136971642588
AMBER,2026-07-06,2026-07,2026-07-03,ENTERPRISE-Dryup,414.0,23.941,5.9853,1.020339212108934,0.4704301075268757,2.1082505574701,normal,risk_on,Consumer Durables,7484.5,7494.0,7489.246987348533,7615.0,0.08933080925076971,2.570351870157136,2.0129261714312707,-0.5574256987258651,1.6791142402420325,1.633948434089505,0.5574256987258651,-2.0129261714312707,-1.6791142402420325,-1.7239106412617067,1.7436034471240562,-1.7436034471240562
AMBER,2026-07-07,2026-07,2026-07-06,ENTERPRISE-Dryup,149.0,155.826,9.1662,1.8729096989966496,2.9123589431718333,2.5752508361204014,normal,risk_on,Consumer Durables,7640.5,7591.0,7615.66956635919,7591.0,0.09525907355247933,2.9019116188578686,1.369944332953604,-1.5319672859042646,-0.3239316798638848,-0.3685241621948841,1.5319672859042646,-1.369944332953604,0.3239316798638848,0.2792679325633155,-0.6478633597277665,0.6478633597277665
AMBER,2026-07-08,2026-07,2026-07-07,ENTERPRISE-Dryup,208.0,37.87,7.574,-0.3151674326986264,1.5518394648829537,2.902166776099803,normal,risk_on,Consumer Durables,7545.0,7616.0,7580.333751071829,7410.0,0.09449385773936114,3.429928134275579,0.7871190225593186,-2.6428091117162604,-2.247048173146001,-2.2910902095355943,2.6428091117162604,-0.7871190225593186,2.247048173146001,2.2025117861583157,-1.7892644135188867,1.7892644135188867
AMBER,2026-07-09,2026-07,2026-07-08,ENTERPRISE-Dryup,259.0,13.293,6.6465,-2.3844025820050074,-2.692055154300721,3.4251086813331577,normal,risk_off,Consumer Durables,7507.0,7576.0,7541.3421733076975,7610.0,0.10109613407806213,2.705088766851748,2.156881665813068,-0.13713969038963997,0.9104191948127526,0.8654734091682981,0.13713969038963997,-2.156881665813068,-0.9104191948127526,-0.9551646882343483,1.372052750765952,-1.372052750765952
AMBER,2026-07-10,2026-07,2026-07-09,STANDARD,222.0,111.625,7.9732,2.6990553306342813,0.2502964036358746,2.753036437246964,normal,neutral,Consumer Durables,7636.0,7637.0,7636.499967262489,7765.0,0.09693490942669092,2.8350684335511143,2.5469787673846453,-0.28808966616646886,1.682708482791696,1.6375416478735005,0.28808966616646886,-2.5469787673846453,-1.682708482791696,-1.7275051218436774,1.6893661602933472,-1.6893661602933472
AMBUJACEM,2026-07-01,2026-07,2026-06-30,ENTERPRISE-Dryup,384.0,0.0,0.0,-0.4833765621315766,-0.4599056603773577,1.4619193586418404,normal,risk_on,Construction Materials,420.3,418.9,419.59883222116304,419.5,0.07356995538424708,1.1677820870143116,0.810576083072669,-0.3572060039416425,-0.023553979080414466,-0.0682324373191982,0.3572060039416425,-0.810576083072669,0.023553979080414466,-0.021129661033766952,-0.19034023316678833,0.19034023316678833
AMBUJACEM,2026-07-02,2026-07,2026-07-01,GOLD,405.0,0.0,0.0,-0.6041938158985904,-1.084649846734265,1.1609998815306188,normal,risk_on,Construction Materials,422.2,423.9,423.0482921640468,429.3,0.08402269568237455,2.399253273917976,1.9978115956264964,-0.4014416782914794,1.477776403250188,1.4326682252213914,0.4014416782914794,-1.9978115956264964,-1.477776403250188,-1.5225594704702698,1.6816674561819098,-1.6816674561819098
AMBUJACEM,2026-07-03,2026-07,2026-07-02,STANDARD,191.0,47.407,9.4814,2.3361144219308683,1.717805947162665,2.419547079856968,normal,risk_on,Construction Materials,431.7,431.0,431.34971600788225,443.7,0.09179053937715237,3.2919924305086377,2.9790871571787285,-0.26653918275936744,2.863171930752368,2.8176672165033163,0.26653918275936744,-2.9790871571787285,-2.863171930752368,-2.908046747176654,2.779708130646282,-2.779708130646282
AMBUJACEM,2026-07-06,2026-07,2026-07-03,STANDARD,294.0,100.6,7.7385,3.3542976939203277,5.768772348033369,3.307710225949217,normal,risk_on,Construction Materials,445.0,442.6,443.79675529517806,441.7,0.08317992427128267,1.4533679940291508,0.011997542610817341,-1.1709764060175634,-0.4724584553989082,-0.5170084255050532,1.1709764060175634,-0.011997542610817341,0.4724584553989082,0.42780454443257543,-0.7415730337078678,0.7415730337078678
AMBUJACEM,2026-07-07,2026-07,2026-07-06,GOLD,378.0,0.0,0.0,-0.4507550146495398,2.888423014209174,1.4536849222447574,normal,risk_on,Construction Materials,444.0,441.85,442.9223909239713,435.0,0.06798619058545527,2.1335566215757433,-0.21953979837028179,-1.8902613856359403,-1.7886634512751929,-1.8328366892901882,1.8902613856359403,0.21953979837028179,1.7886634512751929,1.744096707300917,-2.027027027027027,2.027027027027027
AMBUJACEM,2026-07-08,2026-07,2026-07-07,GOLD,399.0,0.0,0.0,-1.5168666515734677,-1.9607843137254832,2.139461172741677,normal,risk_on,Construction Materials,431.05,432.05,431.54942069285136,422.2,0.08426038435532784,3.8697769477220443,0.9617853965566421,-2.907991551165402,-2.1664774054941147,-2.21054250333225,2.907991551165402,-0.9617853965566421,2.1664774054941147,2.121935682626771,-2.0531260874608566,2.0531260874608566
AMBUJACEM,2026-07-09,2026-07,2026-07-08,ENTERPRISE-Dryup,288.0,6.388,6.3884,-2.9425287356321883,-4.414761150101876,3.8390804597701127,normal,risk_off,Construction Materials,422.35,424.35,423.34763788827206,429.0,0.08016650906190184,1.8660786769489346,1.5241285256517312,-0.3419501512972036,1.3351585330493054,1.290091175963025,0.3419501512972036,-1.5241285256517312,-1.3351585330493054,-1.3799321552583153,1.5745234994672608,-1.5745234994672608
AMBUJACEM,2026-07-10,2026-07,2026-07-09,ENTERPRISE-Dryup,254.0,15.205,7.6023,1.6106110847939448,-1.379310344827589,1.8711511132164933,normal,neutral,Construction Materials,432.0,432.1,432.0499942136327,436.0,0.07619338399529756,2.2451105496841413,2.0252299279144865,-0.2198806217696546,0.9142473878645982,0.8693005064917593,0.2198806217696546,-2.0252299279144865,-0.9142473878645982,-0.958993134812107,0.9259259259259258,-0.9259259259259258
ANGELONE,2026-07-01,2026-07,2026-06-30,ENTERPRISE-Dryup,296.0,55.722,6.9652,0.0303582270795521,-1.788375558867361,1.62416514875532,normal,risk_on,Financial Services,330.0,327.75,328.87115165336377,339.5,0.10062559233136015,4.393818043131541,3.9920948616600707,-0.3409090909090993,3.231918729630391,3.1863084704600837,0.3409090909090993,-3.9920948616600707,-3.231918729630391,-3.2768179666801798,2.878787878787879,-2.878787878787879
ANGELONE,2026-07-02,2026-07,2026-07-01,STANDARD,87.0,325.151,10.161,3.034901365705611,3.0661809350333917,4.3854324734446095,normal,risk_on,Financial Services,340.4,339.5,339.9494043241653,347.05,0.11763275942163691,3.4269805599926726,2.324050454373192,-1.1029301056194807,2.08872131720631,2.0434382708585717,1.1029301056194807,-2.324050454373192,-2.08872131720631,-2.1335448448642635,1.9535840188014204,-1.9535840188014204
ANGELONE,2026-07-03,2026-07,2026-07-02,STANDARD,114.0,542.217,10.6317,2.2238586156112072,5.32625189681335,3.431516936671586,normal,risk_on,Financial Services,342.9,345.1,343.9964825581396,352.0,0.13095155611760945,4.142484217870332,3.7074557701923374,0.16090787840160092,2.326627697568894,2.2812765562295296,-0.16090787840160092,-3.7074557701923374,-2.326627697568894,-2.3714669808147932,2.653834937299511,-2.653834937299511
ANGELONE,2026-07-06,2026-07,2026-07-03,GOLD-baseline,85.0,659.949,11.578,1.4263074484944571,3.681885125184104,4.106036594150699,normal,risk_on,Financial Services,352.0,350.0,350.9971509971509,345.5,0.11056543254998645,2.8205357142857084,-0.14163961038958986,-2.534821428571402,-1.5661525974025772,-1.610389523809233,2.534821428571402,0.14163961038958986,1.5661525974025772,1.5215711174244928,-1.8465909090909092,1.8465909090909092
ANGELONE,2026-07-07,2026-07,2026-07-06,GOLD,290.0,40.414,6.7356,-1.846590909090906,-0.4466215242760474,2.8124999999999933,normal,risk_on,Financial Services,345.95,343.9,344.9219540479814,336.55,0.10685797138806255,3.942920953679902,0.08061126546323664,-3.1665001081554975,-2.427202429340514,-2.471192900897974,3.1665001081554975,-0.08061126546323664,2.427202429340514,2.3826779732485996,-2.7171556583321226,2.7171556583321226
ANGELONE,2026-07-08,2026-07,2026-07-07,GOLD,258.0,41.825,6.9708,-2.5904486251808967,-4.38920454545454,3.936324167872655,normal,risk_on,Financial Services,335.0,335.6,335.2997315836564,331.35,0.1324464126391765,4.2499288420827925,1.9386440858876148,-2.3112847561951777,-1.1779703983064298,-1.2223184325512042,2.3112847561951777,-1.9386440858876148,1.1779703983064298,1.1333632105740281,-1.0895522388059635,1.0895522388059635
ANGELONE,2026-07-09,2026-07,2026-07-08,GOLD-baseline,215.0,56.166,7.0207,-1.5450898826325887,-4.095513748191026,4.234140543752785,normal,risk_off,Financial Services,331.35,332.25,331.7993896925859,341.0,0.09876676159058467,3.496088407741628,3.3606482271547202,0.1056693647745708,2.772943710336086,2.7274648217496513,-0.1056693647745708,-3.3606482271547202,-2.772943710336086,-2.817812551306247,2.912328353704535,-2.912328353704535
ANGELONE,2026-07-10,2026-07,2026-07-09,STANDARD,114.0,216.773,9.4249,2.912328353704541,1.32224038032982,3.500829938131874,normal,neutral,Financial Services,345.15,344.4,344.774592125299,345.3,0.0897880401254862,2.015809795367461,1.3705789181192491,-0.32618184488790375,0.1523917036525833,0.10766288518481365,0.32618184488790375,-1.3705789181192491,-0.1523917036525833,-0.1970869959455494,0.043459365493273686,-0.043459365493273686
APLAPOLLO,2026-07-01,2026-07,2026-06-30,GOLD-baseline,446.0,0.0,0.0,0.1620926722933457,-0.4389132729596179,1.7271253702979077,normal,risk_on,Capital Goods,1799.0,1782.6,1790.7624525351798,1787.0,0.12935646258546557,2.730680438981308,-0.04257697798501501,-2.270678195067924,-0.21010338528448147,-0.25472844823292506,2.270678195067924,0.04257697798501501,0.21010338528448147,0.1654320995912753,-0.6670372429127293,0.6670372429127293
APLAPOLLO,2026-07-02,2026-07,2026-07-01,GOLD,456.0,0.0,0.0,-0.2790178571428603,-0.1173774523503423,2.728794642857148,normal,risk_on,Capital Goods,1785.0,1790.6,1787.7956147220045,1784.1,0.0714057888912893,2.0919617260508634,1.2419979719800447,-0.8499637540708187,-0.20671349071293446,-0.25133952393734166,0.8499637540708187,-1.2419979719800447,0.20671349071293446,0.16204198052057042,-0.050420168067231985,0.050420168067231985
APLAPOLLO,2026-07-03,2026-07,2026-07-02,GOLD,459.0,0.0,0.0,-0.1622831561275961,-0.4408482142857162,2.092893116955797,normal,risk_on,Capital Goods,1805.0,1807.5,1806.249134948097,1795.0,0.0826788520945926,2.5910047010953874,0.6893215786791695,-1.9016831224162176,-0.622789776362729,-0.6672967177361998,1.9016831224162176,-0.6893215786791695,0.622789776362729,0.5781458212384585,-0.554016620498615,0.554016620498615
APLAPOLLO,2026-07-06,2026-07,2026-07-03,GOLD-baseline,456.0,0.0,0.0,0.6109523008799966,0.4476776720760966,2.623171346897593,normal,risk_on,Capital Goods,1809.4,1814.5,1811.946411324816,1807.9,0.10884274394890078,2.7318688726455087,1.4765110329958968,-1.255357839649612,-0.22331848776130617,-0.2679397682038282,1.255357839649612,-1.4765110329958968,0.22331848776130617,0.17864807725147663,-0.08290040897535093,0.08290040897535093
APLAPOLLO,2026-07-07,2026-07,2026-07-06,GOLD,424.0,0.0,0.0,0.7186629526462429,1.334005941371008,2.7576601671309198,normal,risk_on,Capital Goods,1821.8,1821.5,1821.6499876485602,1819.4,0.0703105192784469,1.2735706725937548,0.628551721190946,-0.6450189514028086,-0.12351371909070671,-0.16816356625294626,0.6450189514028086,-0.628551721190946,0.12351371909070671,0.0788366989102672,-0.1317378416950194,0.1317378416950194
APLAPOLLO,2026-07-08,2026-07,2026-07-07,GOLD,428.0,0.0,0.0,0.636097129266,1.3593314763231223,1.2832568173018315,normal,risk_on,Capital Goods,1819.8,1809.4,1814.5850986443295,1819.4,0.08919731194261948,1.8681956567000728,0.6841730026850568,-1.1840226540150158,0.26534447787914694,0.22058332939062153,1.1840226540150158,-0.6841730026850568,-0.26534447787914694,-0.31004725058253896,-0.02198043741069698,0.02198043741069698
APLAPOLLO,2026-07-09,2026-07,2026-07-08,GOLD-baseline,433.0,0.0,0.0,0.0,0.636097129266,1.8632516214136576,normal,risk_off,Capital Goods,1809.9,1805.4,1807.647199402539,1786.0,0.05915882024631388,1.903026210610673,0.5395300919717425,-1.3634961186389305,-1.197534530504279,-1.2418769649857508,1.3634961186389305,-0.5395300919717425,1.197534530504279,1.1529286384260962,-1.3205149455771088,1.3205149455771088
APLAPOLLO,2026-07-10,2026-07,2026-07-09,GOLD,478.0,0.0,0.0,-1.8357700340771776,-1.8357700340771776,1.890733208750142,normal,neutral,Capital Goods,1804.0,1795.6,1799.79019891099,1839.0,0.05864099363671593,2.678089925657152,2.3452623041591227,-0.2328159645232837,2.178576209201209,2.133267444047154,0.2328159645232837,-2.3452623041591227,-2.178576209201209,-2.2234056875892394,1.9401330376940134,-1.9401330376940134
APOLLOHOSP,2026-07-01,2026-07,2026-06-30,GOLD-baseline,385.0,0.0,0.0,0.0461653875007295,0.972626674432142,1.3965029718968205,normal,risk_on,Healthcare,8681.0,8734.0,8707.419351134078,8620.0,0.05288280840646045,1.4585262852128418,0.3052643704642512,-1.1015818495245135,-1.0039639485457013,-1.048361787960565,1.1015818495245135,-0.3052643704642512,1.0039639485457013,0.9593452370621577,-0.702684022578044,0.702684022578044
APOLLOHOSP,2026-07-02,2026-07,2026-07-01,GOLD,406.0,0.0,0.0,-0.5594970294745316,-0.5135899359455243,1.46507469573744,normal,risk_on,Healthcare,8620.0,8614.5,8617.249122399837,8724.5,0.04670603248311669,1.607241452959513,1.5405250064674134,-0.06671644649209925,1.2446069050199942,1.1995654661639978,0.06671644649209925,-1.5405250064674134,-1.2446069050199942,-1.289374530356886,1.2122969837587008,-1.2122969837587008
APOLLOHOSP,2026-07-03,2026-07,2026-07-02,ENTERPRISE-Dryup,151.0,9.959,9.9585,1.2122969837587094,0.6460171886716326,1.6067285382830625,normal,risk_on,Healthcare,8743.0,8779.5,8761.21198459124,8854.0,0.06749790388057644,2.3170310267235372,1.8181047974744493,-0.11655904010998198,1.0590773921684629,1.014089056682812,0.11655904010998198,-1.8181047974744493,-1.0590773921684629,-1.1038327306278366,1.2695870982500286,-1.2695870982500286
APOLLOHOSP,2026-07-06,2026-07,2026-07-03,ENTERPRISE-Dryup,283.0,15.884,7.9422,1.4843257493265982,2.714617169373557,2.3267809043498198,normal,risk_on,Healthcare,8896.0,8900.5,8898.249431067907,8872.0,0.05300467539312316,1.140673800912082,0.3006273215796209,-0.8400464793324611,-0.29499545131043176,-0.339596215942385,0.8400464793324611,-0.3006273215796209,0.29499545131043176,0.25032978767919023,-0.2697841726618705,0.2697841726618705
APOLLOHOSP,2026-07-07,2026-07,2026-07-06,ENTERPRISE-Dryup,377.0,0.0,0.0,0.2032979444319016,1.6906412974955654,1.1463745199909643,normal,risk_on,Healthcare,8888.0,8888.5,8888.249992968245,8830.0,0.05243243017212487,1.5638624038474052,0.6947375139156401,-0.8691248899317647,-0.6553595253770835,-0.699857144441573,0.8691248899317647,-0.6947375139156401,0.6553595253770835,0.6107177272170111,-0.6525652565256526,0.6525652565256526
APOLLOHOSP,2026-07-08,2026-07,2026-07-07,ENTERPRISE-Dryup,369.0,0.0,0.0,-0.4733994589720458,-0.2710639259091985,1.5667267808836791,normal,risk_on,Healthcare,8800.0,8825.5,8812.731553714788,8777.0,0.06643565389979138,2.1332772801953017,0.8540875871055505,-1.2791896930897515,-0.40545378577571817,-0.4500229343604307,1.2791896930897515,-0.8540875871055505,0.40545378577571817,0.36079543735813496,-0.26136363636363635,0.26136363636363635
APOLLOHOSP,2026-07-09,2026-07,2026-07-08,ENTERPRISE-Dryup,431.0,0.0,0.0,-0.6002265005662477,-1.0707844905320063,2.1291053227633068,normal,risk_off,Healthcare,8756.5,8791.5,8773.965095737405,8830.0,0.07093039546546462,1.869166314323213,1.6701104080501177,0.1542621165562926,0.6386497284998082,0.5937817303426186,-0.1542621165562926,-1.6701104080501177,-0.6386497284998082,-0.6833772237167278,0.8393764631987667,-0.8393764631987667
APOLLOHOSP,2026-07-10,2026-07,2026-07-09,GOLD-baseline,404.0,0.0,0.0,0.6038509741369547,0.0,1.8685199954426344,normal,neutral,Healthcare,8849.0,8848.0,8848.499971746623,8850.0,0.04707302051357573,1.2770526118642762,0.08476044840734816,-0.8476009717590481,0.01695234512251933,-0.02773770707941571,0.8476009717590481,-0.08476044840734816,-0.01695234512251933,-0.06163866780852741,0.011300711944852526,-0.011300711944852526
ASHOKLEY,2026-07-01,2026-07,2026-06-30,GOLD,91.0,20.277,10.1384,0.15213946117274,-1.9426514399205508,2.60538827258321,normal,risk_on,Capital Goods,157.89,159.6,158.74039497306998,162.05,0.1340510077516089,4.951480687277771,4.415766401563499,0.25173493300038496,2.084916714168122,2.039634756796693,-0.25173493300038496,-4.415766401563499,-2.084916714168122,-2.1297399898624345,2.634745709037954,-2.634745709037954
ASHOKLEY,2026-07-02,2026-07,2026-07-01,STANDARD,201.0,108.343,8.3341,2.569782897651751,2.7258320126782865,4.974998417621377,normal,risk_on,Capital Goods,164.0,164.49,164.24463453986422,164.4,0.07457741836475087,1.790012811216931,0.8008574915222113,-0.9891553196947196,0.09459393335498842,0.04988165811181995,0.9891553196947196,-0.8008574915222113,-0.09459393335498842,-0.1392853979328188,0.2439024390243937,-0.2439024390243937
ASHOKLEY,2026-07-03,2026-07,2026-07-02,GOLD-baseline,140.0,203.026,10.1513,1.450169700709658,4.057218811317176,1.8142548596112296,normal,risk_on,Capital Goods,166.0,165.83,165.91495645360575,164.1,0.06313131774500831,2.3144387233551003,0.9854708588923743,-1.3289678644627259,-1.093907681621982,-1.138279776801902,1.3289678644627259,-0.9854708588923743,1.093907681621982,1.049294926752105,-1.1445783132530154,1.1445783132530154
ASHOKLEY,2026-07-06,2026-07,2026-07-03,GOLD,191.0,182.358,9.1179,-0.1824817518248256,1.2650416538105391,2.3357664233576663,normal,risk_on,Capital Goods,164.6,164.31,164.45487215347663,166.15,0.07605290990045063,2.857926881979963,1.7604390849676397,-1.0974877970123231,1.0307556257387183,0.9857753966789856,1.0974877970123231,-1.7604390849676397,-1.0307556257387183,-1.0755090885607885,0.9416767922235793,-0.9416767922235793
ASHOKLEY,2026-07-07,2026-07,2026-07-06,ENTERPRISE-Dryup,147.0,45.956,9.1912,1.2492382693479742,1.0644768856447715,2.8641072516758004,normal,risk_on,Capital Goods,166.69,166.69,166.69,163.86,0.06795759598124845,2.0457136000959846,0.18597396364509106,-1.8597396364508936,-1.6977623132761317,-1.741961569560252,1.8597396364508936,-0.18597396364509106,1.6977623132761317,1.6531895492830908,-1.6977623132761317,1.6977623132761317
ASHOKLEY,2026-07-08,2026-07,2026-07-07,ENTERPRISE-Dryup,347.0,5.384,5.3837,-1.3782726452001182,-0.146252285191939,2.052362323201924,extended_move,risk_on,Capital Goods,161.84,161.91,161.87499243243244,157.23,0.12058341320099952,5.461004116302814,1.220081952060593,-4.240922164242221,-2.8694935287001124,-2.9133574050453666,4.240922164242221,-1.220081952060593,2.8694935287001124,2.824998363778544,-2.8484923381117238,2.8484923381117238
ASHOKLEY,2026-07-09,2026-07,2026-07-08,ENTERPRISE-Dryup,293.0,19.129,6.3764,-4.046136946173573,-5.368642792657252,5.394849261564752,normal,risk_off,Capital Goods,157.1,158.43,157.76219693848446,155.25,0.0815790120442891,2.4340431830429683,0.6895207360351935,-1.7445224470077747,-1.5923947480675837,-1.6366241632884233,1.7445224470077747,-0.6895207360351935,1.5923947480675837,1.5478150060021694,-1.177593889242517,1.177593889242517
ASHOKLEY,2026-07-10,2026-07,2026-07-09,ENTERPRISE-Dryup,336.0,13.293,6.6465,-1.2593016599885432,-5.254485536433551,2.442282007250527,normal,neutral,Capital Goods,157.71,156.07,156.88571419465868,157.51,0.055792843195416816,1.4022946648095242,0.5126571335509816,-0.6283007982712991,0.3979239337029262,0.3531248375270782,0.6283007982712991,-0.5126571335509816,-0.3979239337029262,-0.4426354866133596,-0.1268150402637861,0.1268150402637861
ASIANPAINT,2026-07-01,2026-07,2026-06-30,GOLD-baseline,387.0,0.0,0.0,-0.5649717514124242,0.0,1.574387947269293,normal,risk_on,Consumer Durables,2648.0,2636.1,2642.036600367139,2715.0,0.07324886322902699,3.7471093317270063,3.0644314170973432,-0.6826779146296627,2.761634703422434,2.716159051767812,0.6826779146296627,-3.0644314170973432,-2.761634703422434,-2.8065027954423027,2.5302114803625377,-2.5302114803625377
ASIANPAINT,2026-07-02,2026-07,2026-07-01,STANDARD,196.0,50.62,8.4366,2.840909090909083,2.259887005649719,3.75,normal,risk_on,Consumer Durables,2720.0,2724.3,2722.148301893724,2736.0,0.05053117330299639,1.7963753101174433,1.3868347319656864,-0.40954057815175665,0.5088517071843577,0.46402086059561715,0.40954057815175665,-1.3868347319656864,-0.5088517071843577,-0.5535706063975177,0.5882352941176471,-0.5882352941176471
ASIANPAINT,2026-07-03,2026-07,2026-07-02,GOLD-baseline,260.0,50.741,8.4568,0.7734806629834168,3.6363636363636376,1.801104972375694,normal,risk_on,Consumer Durables,2744.0,2752.4,2748.193581253184,2738.0,0.05695382000373947,1.1789562504263473,0.5169366104238444,-0.6620196400025028,-0.3709193312552574,-0.41549836449874955,0.6620196400025028,-0.5169366104238444,0.3709193312552574,0.3262586957588891,-0.21865889212827988,0.21865889212827988
ASIANPAINT,2026-07-06,2026-07,2026-07-03,ENTERPRISE-Dryup,237.0,50.741,8.4568,0.0730994152046804,0.847145488029466,1.1842105263157927,normal,risk_on,Consumer Durables,2724.0,2729.7,2726.8470212883,2752.8,0.05487785686488191,1.3202060738629844,1.142454214280855,-0.07506916494833506,0.9517577813895417,0.9068001635668057,0.07506916494833506,-1.142454214280855,-0.9517577813895417,-0.996506012500372,1.057268722466967,-1.057268722466967
ASIANPAINT,2026-07-07,2026-07,2026-07-06,ENTERPRISE-Dryup,179.0,43.11,8.622,0.5405405405405572,0.6140350877193113,1.3148283418553688,normal,risk_on,Consumer Durables,2750.0,2747.4,2748.699385163896,2730.4,0.05302367549838558,0.9240734049382259,0.11280298066932708,-0.8112704242688987,-0.6657470534124857,-0.7102416992963757,0.8112704242688987,-0.11280298066932708,0.6657470534124857,0.6211059431768451,-0.7127272727272694,0.7127272727272694
ASIANPAINT,2026-07-08,2026-07,2026-07-07,ENTERPRISE-Dryup,368.0,0.0,0.0,-0.8137169427491986,-0.2775748721694615,0.9226968904388292,normal,risk_on,Consumer Durables,2676.6,2687.6,2682.0887215241787,2670.0,0.07953830845277039,2.229605587618912,1.1562361165367452,-1.0733694710821666,-0.45072041902137094,-0.4952766111187161,1.0733694710821666,-1.1562361165367452,0.45072041902137094,0.40606506843184104,-0.24658148397220014,0.24658148397220014
ASIANPAINT,2026-07-09,2026-07,2026-07-08,ENTERPRISE-Dryup,376.0,0.0,0.0,-2.2121300908291897,-3.007846556233662,2.1901552886023925,normal,risk_off,Consumer Durables,2658.0,2677.0,2667.466166822868,2677.2,0.07300945746806184,2.5042491946416505,2.0743968139261644,0.03125937219009289,0.36490933973963957,0.3201196931989633,-0.03125937219009289,-2.0743968139261644,-0.36490933973963957,-0.40961870622557317,0.7223476297968329,-0.7223476297968329
ASIANPAINT,2026-07-10,2026-07,2026-07-09,ENTERPRISE-Dryup,401.0,0.0,0.0,0.2696629213483126,-1.9484324641078297,2.501872659176037,normal,neutral,Consumer Durables,2695.0,2700.4,2697.697297698039,2676.5,0.05607775159092254,2.0498964078433684,1.1306940303490978,-0.9192023774942708,-0.7857552334032044,-0.8302155298257684,0.9192023774942708,-1.1306940303490978,0.7857552334032044,0.7411220708292918,-0.686456400742115,0.686456400742115
ASTRAL,2026-07-01,2026-07,2026-06-30,GOLD-baseline,297.0,41.732,6.9553,-2.8248175182481794,-10.356204969362324,4.233576642335766,normal,risk_on,Capital Goods,1339.0,1341.5,1340.248834172729,1360.0,0.10197954524637833,2.4174615320593844,2.145211030533577,-0.2722505015258072,1.473693938294861,1.4285869287736788,0.2722505015258072,-2.145211030533577,-1.473693938294861,-1.5184767351496187,1.568334578043316,-1.568334578043316
ASTRAL,2026-07-02,2026-07,2026-07-01,STANDARD,212.0,74.2,8.2444,2.1557875760534806,-0.7299270072992692,2.4337114099001047,normal,risk_on,Capital Goods,1370.0,1358.9,1364.4274249697683,1365.9,0.07336117562114805,1.6710306156815296,0.7382272479941485,-0.9328033676873806,0.10792622628971749,0.06321013499767147,0.9328033676873806,-0.7382272479941485,-0.10792622628971749,-0.15261857381197974,-0.2992700729926941,0.2992700729926941
ASTRAL,2026-07-03,2026-07,2026-07-02,GOLD,343.0,50.721,7.2459,0.4338235294117698,2.5989634192143063,1.6764705882352908,normal,risk_on,Capital Goods,1370.0,1366.9,1368.4482443640616,1385.0,0.06695730296010755,2.645332050305105,1.3702933752275521,-1.275038675077553,1.2095273390211614,1.1644959408490227,1.275038675077553,-1.3702933752275521,-1.2095273390211614,-1.2542926411787154,1.094890510948905,-1.094890510948905
ASTRAL,2026-07-06,2026-07,2026-07-03,GOLD,189.0,193.383,9.2087,1.3983454132806106,1.8382352941176403,2.650267223076363,normal,risk_on,Capital Goods,1402.0,1404.6,1403.2987956958598,1388.6,0.08794857931429435,2.551131669877024,0.17823747243365168,-1.945330230424876,-1.0474458996860405,-1.0918312934359569,1.945330230424876,-0.17823747243365168,1.0474458996860405,1.0028300678381932,-0.9557774607703345,0.9557774607703345
ASTRAL,2026-07-07,2026-07,2026-07-06,GOLD,207.0,24.774,8.258,0.2599277978339254,1.6619078995534051,2.5848375451263506,normal,risk_on,Capital Goods,1388.0,1379.5,1383.7369467028004,1354.5,0.06616840644580947,2.4282071877940923,0.06959800412169428,-2.1201245491569094,-2.1128977420503863,-2.15697817578127,2.1201245491569094,-0.06959800412169428,2.1128977420503863,2.0683524708162513,-2.413544668587896,2.413544668587896
ASTRAL,2026-07-08,2026-07,2026-07-07,ENTERPRISE-Dryup,188.0,31.245,7.8114,-2.455710787843868,-2.2021660649819474,2.419703298286037,normal,risk_on,Capital Goods,1359.0,1346.6,1352.771584861029,1338.5,0.0733737062115008,2.3433372163310633,0.002100512702144932,-1.8829183837155847,-1.0549885154850491,-1.099371750342216,1.8829183837155847,-0.002100512702144932,1.0549885154850491,1.0103731831544756,-1.5084621044885944,1.5084621044885944
ASTRAL,2026-07-09,2026-07,2026-07-08,ENTERPRISE-Dryup,145.0,38.186,7.6371,-1.1812476928755975,-3.607950453694364,2.3403469915097856,normal,risk_off,Capital Goods,1336.0,1342.8,1339.3913692698222,1314.3,0.07616730454322009,2.777380895046372,0.7024556784554237,-2.074925216590948,-1.8733411193698375,-1.9174901204346047,2.074925216590948,-0.7024556784554237,1.8733411193698375,1.828779983258809,-1.6242514970059914,1.6242514970059914
ASTRAL,2026-07-10,2026-07,2026-07-09,ENTERPRISE-Dryup,235.0,46.652,7.7754,-1.8079940231602527,-2.9678848283499426,2.779230481882708,normal,neutral,Capital Goods,1323.9,1316.0,1319.9381794764954,1336.0,0.0632843143674642,1.894028098339827,1.3608077107541943,-0.533220387585633,1.2168615752803604,1.1718280778591141,0.533220387585633,-1.3608077107541943,-1.2168615752803604,-1.261627363155045,0.9139663116549519,-0.9139663116549519
AUBANK,2026-07-01,2026-07,2026-06-30,GOLD,43.0,44.939,11.2347,0.0724777734828041,-0.3128609934539894,1.9279087746424364,normal,risk_on,Financial Services,1035.9,1038.9,1037.3978311162523,1048.0,0.07987261993036156,2.2556438136005563,1.6389246607016004,-0.6167191528989558,1.021996438178365,0.977018716225851,0.6167191528989558,-1.6389246607016004,-1.021996438178365,-1.0667493209144798,1.16806641567718,-1.16806641567718
AUBANK,2026-07-02,2026-07,2026-07-01,GOLD,123.0,86.314,9.5905,1.202259668775052,1.2756088132972687,2.259668775047085,normal,risk_on,Financial Services,1051.2,1053.7,1052.448515368901,1056.1,0.07156246238920642,1.8148156153087482,1.3161199268967256,-0.3751742067417974,0.3469513784072281,0.3021668719019921,0.3751742067417974,-1.3161199268967256,-0.3469513784072281,-0.3916595556092145,0.46613394216132636,-0.46613394216132636
AUBANK,2026-07-03,2026-07,2026-07-02,ENTERPRISE-Dryup,222.0,71.459,8.9324,0.7729007633587637,1.9844527062913289,1.822519083969457,normal,risk_on,Financial Services,1064.9,1066.5,1065.699399455757,1058.7,0.07963620752946979,1.9517698903295175,0.3847802247366489,-1.5669896655928686,-0.6567892840449624,-0.7012864938753474,1.5669896655928686,-0.3847802247366489,0.6567892840449624,0.6121475805720875,-0.5822142924218279,0.5822142924218279
AUBANK,2026-07-06,2026-07,2026-07-03,ENTERPRISE-Dryup,177.0,66.325,9.475,0.246188807878056,1.0209923664122211,1.9695104630243307,normal,risk_on,Financial Services,1062.8,1070.9,1066.8346252987767,1062.0,0.08778981665444954,3.590059704827627,2.208906061201725,-0.6687658170804626,-0.45317476431014037,-0.49773025391005093,0.6687658170804626,-2.208906061201725,0.45317476431014037,0.4085195762620816,-0.07527286413247596,0.07527286413247596
AUBANK,2026-07-07,2026-07,2026-07-06,GOLD-baseline,376.0,0.0,0.0,0.3117030320203939,0.5586592178770999,3.617644280721657,normal,risk_on,Financial Services,1065.0,1068.8,1066.89661636517,1066.0,0.06097814935535821,1.1997413623457482,0.7501554988614447,-0.18714244047115772,-0.08403966714457997,-0.12870081280681184,0.18714244047115772,-0.7501554988614447,0.08403966714457997,0.03936003275557628,0.09389671361502347,-0.09389671361502347
AUBANK,2026-07-08,2026-07,2026-07-07,GOLD,366.0,0.0,0.0,0.3766478342749568,0.6895248890148142,1.2052730696798666,normal,risk_on,Financial Services,1060.0,1059.6,1059.7999622570296,1040.4,0.09148855432808799,3.868654600881785,1.3398790572448138,-2.528775543636972,-1.8305305668924454,-1.874691821450406,2.528775543636972,-1.3398790572448138,1.8305305668924454,1.7859665956097683,-1.8490566037735763,1.8490566037735763
AUBANK,2026-07-09,2026-07,2026-07-08,GOLD,375.0,0.0,0.0,-2.4015009380862984,-2.033898305084736,3.8461538461538463,normal,risk_off,Financial Services,1038.8,1041.0,1039.8988364265795,1047.2,0.07229201901156831,1.5097622432149456,1.048290775175817,-0.4614714680391288,0.7021032544386416,0.6572170942325367,0.4614714680391288,-1.048290775175817,-0.7021032544386416,-0.74683495192877,0.8086253369272325,-0.8086253369272325
AUBANK,2026-07-10,2026-07,2026-07-09,ENTERPRISE-Dryup,296.0,14.146,7.0728,0.6535947712418277,-1.763602251407126,1.5090349865436412,normal,neutral,Financial Services,1052.0,1055.5,1053.7470937129299,1072.5,0.05996356072477953,2.8374929979304584,2.48189593528739,0.16634980988594394,1.779640143157437,1.7344455638778216,-0.16634980988594394,-2.48189593528739,-1.779640143157437,-1.8244432016055576,1.9486692015209126,-1.9486692015209126
AUROPHARMA,2026-07-01,2026-07,2026-06-30,GOLD-baseline,105.0,9.959,9.9585,1.7205692108667403,0.9889545337785632,2.6778783958602905,normal,risk_on,Healthcare,1578.7,1586.6,1582.6401415347675,1551.1,0.06644087420718917,2.464236750761275,0.3828955367804573,-2.081341213980818,-1.9928814331842677,-2.036996218703173,2.081341213980818,-0.3828955367804573,1.9928814331842677,1.9483282137500617,-1.7482738962437534,1.7482738962437534
AUROPHARMA,2026-07-02,2026-07,2026-07-01,GOLD,410.0,0.0,0.0,-1.3671626605621268,0.3298835705045189,2.479969477298741,normal,risk_on,Healthcare,1559.9,1546.4,1553.1206644561055,1561.1,0.05553290323967383,1.4100642983634084,0.8872031555075633,-0.5228611428558451,0.5137614691829976,0.4689292172927192,0.5228611428558451,-0.8872031555075633,-0.5137614691829976,-0.5584806935500557,0.07692800820564255,-0.07692800820564255
AUROPHARMA,2026-07-03,2026-07,2026-07-02,GOLD,431.0,0.0,0.0,0.644703758622911,-0.7312730509983489,1.4119012313841848,normal,risk_on,Healthcare,1568.0,1572.4,1570.1969175901158,1613.6,0.0963424648481454,4.400721923849667,4.241702531941295,-0.07622722836272236,2.7641808440496507,2.7187044636233817,0.07622722836272236,-4.241702531941295,-2.7641808440496507,-2.809049104690229,2.9081632653061167,-2.9081632653061167
AUROPHARMA,2026-07-06,2026-07,2026-07-03,STANDARD,182.0,74.452,9.3064,3.3630132598808427,4.02939849139321,4.426366023957461,normal,risk_on,Healthcare,1622.5,1625.0,1623.7490377213242,1594.1,0.08053876211949006,2.7097783572359844,0.38497096124214386,-2.3248073959938402,-1.8259618347754036,-1.8701243970232833,2.3248073959938402,-0.38497096124214386,1.8259618347754036,1.7813975609238735,-1.750385208012332,1.750385208012332
AUROPHARMA,2026-07-07,2026-07,2026-07-06,ENTERPRISE-Dryup,383.0,0.0,0.0,-1.2084779375309829,2.113894049067966,2.7268220128904312,normal,risk_on,Healthcare,1600.0,1594.1,1597.0445508907046,1583.0,0.06663742767943398,1.5466068235995263,0.14748800263472897,-1.3615494244401183,-0.8794088357066607,-0.9238423260332518,1.3615494244401183,-0.14748800263472897,0.8794088357066607,0.8347818754362142,-1.0625,1.0625
AUROPHARMA,2026-07-08,2026-07,2026-07-07,ENTERPRISE-Dryup,371.0,0.0,0.0,-0.6963176714133268,-1.8963807635101528,1.5494636471990495,normal,risk_on,Healthcare,1575.5,1592.8,1584.1027680459554,1556.0,0.07876470661164552,3.743443998469162,1.7231982990419732,-2.0202456994271882,-1.774049551129886,-1.8182269720230642,2.0202456994271882,-1.7231982990419732,1.774049551129886,1.729481839335459,-1.237702316724849,1.237702316724849
AUROPHARMA,2026-07-09,2026-07,2026-07-08,ENTERPRISE-Dryup,197.0,7.077,7.0774,-1.7056222362602624,-2.390063358634964,3.746051800379039,normal,risk_off,Healthcare,1555.0,1551.9,1553.448453442338,1582.7,0.08654242298652137,3.3924524423852214,3.176902744877198,-0.2155496975080243,1.8830072213109241,1.837783055685997,0.2155496975080243,-3.176902744877198,-1.8830072213109241,-1.9278171253471628,1.7813504823151156,-1.7813504823151156
AUROPHARMA,2026-07-10,2026-07,2026-07-09,ENTERPRISE-Dryup,304.0,14.051,7.0255,1.7159383033419129,-0.0189513581806632,3.3868894601542445,normal,neutral,Healthcare,1576.1,1565.0,1570.5303874438891,1568.9,0.07652110630589123,2.304953809834729,0.32916348498832226,-1.6701610903931858,-0.10381126382040783,-0.1484667503376096,1.6701610903931858,-0.32916348498832226,0.10381126382040783,0.05913293882516559,-0.45682380559608005,0.45682380559608005
AXISBANK,2026-07-01,2026-07,2026-06-30,GOLD-baseline,388.0,0.0,0.0,-1.206140350877194,-1.866105140865526,2.295321637426907,normal,risk_on,Financial Services,1345.7,1347.7,1346.6992574441226,1363.9,0.05801096383492451,2.3761801176553887,2.3019796279321634,0.07431076763023654,1.2772519521932806,1.2322011694760122,-0.07431076763023654,-2.3019796279321634,-1.2772519521932806,-1.3220217394810665,1.3524559708701824,-1.3524559708701824
AXISBANK,2026-07-02,2026-07,2026-07-01,GOLD,418.0,0.0,0.0,0.9174990751017464,-0.299707602339172,2.3677395486496486,normal,risk_on,Financial Services,1374.0,1367.4,1370.6920551543008,1359.2,0.054988402522659574,1.2694317395778112,0.3507676890385129,-0.9186640505392982,-0.8384126187268983,-0.8828578432366906,0.9186640505392982,-0.3507676890385129,0.8384126187268983,0.7937829434409861,-1.0771470160116414,1.0771470160116414
AXISBANK,2026-07-03,2026-07,2026-07-02,ENTERPRISE-Dryup,430.0,0.0,0.0,-0.3446000439914942,0.5697373288938268,1.2757533543514987,normal,risk_on,Financial Services,1373.0,1363.2,1368.0824501132959,1342.0,0.05295663110423262,2.529087336595434,0.1109253237316488,-2.169638979787926,-1.9064969447664417,-1.950636455771929,2.169638979787926,-0.1109253237316488,1.9064969447664417,1.8619380044331058,-2.2578295702840494,2.2578295702840494
AXISBANK,2026-07-06,2026-07,2026-07-03,ENTERPRISE-Dryup,433.0,0.0,0.0,-1.2654502648616894,-1.6056895666837767,2.545615067686868,normal,risk_on,Financial Services,1355.7,1369.3,1362.466062385321,1338.5,0.06689752661718425,2.605569487569386,0.6263596466937513,-1.9792098408756347,-1.759020870095123,-1.8032025925875592,1.9792098408756347,-0.6263596466937513,1.759020870095123,1.714452163011266,-1.2687172678321197,1.2687172678321197
AXISBANK,2026-07-07,2026-07,2026-07-06,ENTERPRISE-Dryup,381.0,0.0,0.0,-0.2608047690014881,-1.5229546792230764,2.645305514157973,normal,risk_on,Financial Services,1346.8,1341.0,1343.893742093906,1336.2,0.057884947180095125,1.5403003490251845,0.9678040382738294,-0.5724963107513549,-0.5724963107513549,-0.6170176474223138,0.5724963107513549,-0.9678040382738294,0.5724963107513549,0.5278490248920307,-0.7870507870507804,0.7870507870507804
AXISBANK,2026-07-08,2026-07,2026-07-07,ENTERPRISE-Dryup,367.0,0.0,0.0,-0.1718341426970471,-0.4321907600596142,1.5465072842734435,normal,risk_on,Financial Services,1344.0,1336.9,1340.4405983065387,1310.9,0.08662684149112422,2.9840934428973926,-0.10747199900978292,-2.7185537615450013,-2.2037976426451946,-2.247852058461131,2.7185537615450013,0.10747199900978292,2.2037976426451946,2.1592583913478762,-2.4627976190476124,2.4627976190476124
AXISBANK,2026-07-09,2026-07,2026-07-08,GOLD,372.0,0.0,0.0,-1.893429127376134,-2.0620097123645764,2.99356383774884,normal,risk_off,Financial Services,1312.9,1313.9,1313.3998096543326,1301.9,0.07436876516219311,2.2384653769469867,0.624348373236442,-1.6141170037105448,-0.8755757058742871,-0.9200102933422976,1.6141170037105448,-0.624348373236442,0.8755757058742871,0.8309484917509844,-0.8378398964125218,0.8378398964125218
AXISBANK,2026-07-10,2026-07,2026-07-09,GOLD,402.0,0.0,0.0,-0.6865512243496852,-2.5669809908696277,2.242733999542289,normal,neutral,Financial Services,1304.0,1309.1,1306.5450231525774,1323.7,0.052434779696081756,1.7374066410070377,1.5349625533019606,0.08074554100530949,1.3130031145830086,1.267942098953534,-0.08074554100530949,-1.5349625533019606,-1.3130031145830086,-1.357775269527275,1.5107361963190218,-1.5107361963190218
BAJAJ-AUTO,2026-07-01,2026-07,2026-06-30,GOLD-baseline,390.0,0.0,0.0,0.4449503311258374,-1.4517766497461948,2.5765728476821192,normal,risk_on,Automobile and Auto Components,9762.0,9806.0,9783.950531479968,9849.0,0.05538299012359878,1.4104731984895416,1.1861207612062379,-0.025046441844564088,0.6648589269818421,0.6199834270706078,0.025046441844564088,-1.1861207612062379,-0.6648589269818421,-0.7095881579291404,0.8912108174554395,-0.8912108174554395
BAJAJ-AUTO,2026-07-02,2026-07,2026-07-01,GOLD,109.0,29.306,9.7687,1.4628618522715575,1.91432119205297,1.421654476151231,normal,risk_on,Automobile and Auto Components,9975.0,9936.5,9955.712779047284,9852.0,0.06799793832226114,2.8325445526461452,-0.08751537173331253,-2.4077912286881333,-1.041741373511269,-1.0861284000448945,2.4077912286881333,0.08751537173331253,1.041741373511269,0.9971251638754712,-1.2330827067669172,1.2330827067669172
BAJAJ-AUTO,2026-07-03,2026-07,2026-07-02,GOLD-baseline,317.0,7.631,7.631,0.030459945172101,1.4937673843617991,2.863234846177277,normal,risk_on,Automobile and Auto Components,9899.0,9852.5,9875.695263650861,9784.0,0.062306365813952755,1.5593838802096558,0.49925331870671397,-1.0601305615029417,-0.928494259926802,-0.9729137007287602,1.0601305615029417,-0.49925331870671397,0.928494259926802,0.8838705503876599,-1.1617335084351956,1.1617335084351956
BAJAJ-AUTO,2026-07-06,2026-07,2026-07-03,ENTERPRISE-Dryup,431.0,0.0,0.0,-0.6902151847340665,-0.6599654787288078,1.563134388956557,normal,risk_on,Automobile and Auto Components,9800.0,9837.0,9818.46514233335,10047.0,0.05947249708486544,2.7753828734909636,2.4396364828334463,0.1785906189252113,2.327602678765921,2.2822512583615886,-0.1785906189252113,-2.4396364828334463,-2.327602678765921,-2.372442026580925,2.5204081632653064,-2.5204081632653064
BAJAJ-AUTO,2026-07-07,2026-07,2026-07-06,STANDARD,17.0,71.483,11.9138,2.6880621422731066,1.979293544457983,2.785159443990188,normal,risk_on,Automobile and Auto Components,10040.0,10072.5,10056.223741454318,10105.0,0.06279425117215685,1.6855233570557682,1.330283235388074,0.0276073665131146,0.4850355342096653,0.4402115044288506,-0.0276073665131146,-1.330283235388074,-0.4850355342096653,-0.5297528561729539,0.647410358565737,-0.647410358565737
BAJAJ-AUTO,2026-07-08,2026-07,2026-07-07,ENTERPRISE-Dryup,17.0,47.169,11.7922,0.577286752264361,3.2808667211774223,1.6870707673932517,normal,risk_on,Automobile and Auto Components,10070.0,10067.5,10068.749844816884,10178.5,0.07524001300099867,2.6964618665122635,1.9441356494111568,-0.5338283862971666,1.0900077653593898,1.0450105767967421,0.5338283862971666,-1.9441356494111568,-1.0900077653593898,-1.1347651522136586,1.0774577954319762,-1.0774577954319762
BAJAJ-AUTO,2026-07-09,2026-07,2026-07-08,ENTERPRISE-Dryup,15.0,63.835,10.6391,0.7273626917367659,1.3088484124614386,2.68678871845621,normal,risk_off,Automobile and Auto Components,10176.0,10222.5,10199.196999779395,10174.5,0.06728366453210724,1.4510946303243402,0.5961547778900658,-0.8549398524342744,-0.24214651192568482,-0.2867624032981624,0.8549398524342744,-0.5961547778900658,0.24214651192568482,0.1974773483205836,-0.01474056603773585,0.01474056603773585
BAJAJ-AUTO,2026-07-10,2026-07,2026-07-09,ENTERPRISE-Dryup,165.0,43.352,8.6704,-0.0392985213931273,0.6877783275606175,1.4540452915459057,normal,neutral,Automobile and Auto Components,10177.5,10213.0,10195.219097128565,10155.0,0.06757009600839457,1.794958972990988,1.0081284363999823,-0.786830536591006,-0.39448977746729275,-0.4390620642362474,0.786830536591006,-1.0081284363999823,0.39448977746729275,0.3498307029472953,-0.2210759027266028,0.2210759027266028
BAJAJFINSV,2026-07-01,2026-07,2026-06-30,GOLD,396.0,0.0,0.0,-0.174844895657078,0.169788895806211,2.5267907501410014,normal,risk_on,Financial Services,1760.0,1752.1,1756.0411150024204,1797.0,0.08252195006837086,3.866652062978976,3.0385897312834933,-0.828062331695482,2.332455923022233,2.28710311349321,0.828062331695482,-3.0385897312834933,-2.332455923022233,-2.377295592248191,2.102272727272727,-2.102272727272727
BAJAJFINSV,2026-07-02,2026-07,2026-07-01,GOLD-baseline,139.0,18.504,9.2522,1.5311599525396955,1.3536379018612488,3.836374936437092,normal,risk_on,Financial Services,1804.0,1806.3,1805.1492673739024,1860.0,0.07985601032653762,3.2684277730579097,3.0662690131227124,-0.19107934375533722,3.0385704726730687,2.9930155548009574,0.19107934375533722,-3.0662690131227124,-3.0385704726730687,-3.0834569050411917,3.1042128603104215,-3.1042128603104215
BAJAJFINSV,2026-07-03,2026-07,2026-07-02,STANDARD,263.0,109.436,8.4181,3.5058430717863187,5.090683089440073,3.2832498608792435,normal,risk_on,Financial Services,1885.0,1886.0,1885.4998674091755,1890.0,0.10214785441792025,2.407849546146256,1.6176152074056653,-0.7902343387405907,0.23867053340120425,0.19391701968911096,0.7902343387405907,-1.6176152074056653,-0.23867053340120425,-0.2833715395959493,0.2652519893899204,-0.2652519893899204
BAJAJFINSV,2026-07-06,2026-07,2026-07-03,GOLD-baseline,55.0,436.455,12.8369,1.6129032258064502,5.175292153589317,2.4408602150537684,normal,risk_on,Financial Services,1885.1,1896.2,1890.6337079840264,1873.0,0.06021790314748936,2.1950312122728017,0.3896202625006752,-1.456321648543204,-0.9326876966998079,-0.9771059372311323,1.456321648543204,-0.3896202625006752,0.9326876966998079,0.8880642648752095,-0.6418757625590107,0.6418757625590107
BAJAJFINSV,2026-07-07,2026-07,2026-07-06,GOLD,337.0,5.812,5.8119,-0.8994708994709,0.698924731182804,2.195767195767196,normal,risk_on,Financial Services,1871.8,1877.5,1874.6456671912092,1885.0,0.06167051307966833,1.4509408618405173,1.2991432586447658,-0.11445721336897105,0.5523354621092067,0.507492169339229,0.11445721336897105,-1.2991432586447658,-0.5523354621092067,-0.5970572410775203,0.7052035473875439,-0.7052035473875439
BAJAJFINSV,2026-07-08,2026-07,2026-07-07,GOLD,324.0,5.812,5.8119,0.6406833956219993,-0.2645502645502673,1.4522156967431952,normal,risk_on,Financial Services,1867.0,1865.7,1866.349773622311,1854.0,0.07894684643753737,2.641519863895388,1.3100559564585086,-1.3314639074368795,-0.6617073496540725,-0.7062031518062104,1.3314639074368795,-1.3100559564585086,0.6617073496540725,0.6170659718850107,-0.6963042313872523,0.6963042313872523
BAJAJFINSV,2026-07-09,2026-07,2026-07-08,GOLD-baseline,343.0,5.812,5.8119,-1.644562334217503,-1.0144153764014896,2.6153846153846128,normal,risk_off,Financial Services,1856.0,1862.0,1858.9951586874665,1899.0,0.07957425923139136,3.3297558474387987,2.845883759583685,-0.1342208276232533,2.1519604892773723,2.1066593422343685,0.1342208276232533,-2.845883759583685,-2.1519604892773723,-2.196788205012735,2.3168103448275863,-2.3168103448275863
BAJAJFINSV,2026-07-10,2026-07,2026-07-09,STANDARD,72.0,51.835,10.367,2.4271844660194164,0.7427055702917684,3.33872707659116,normal,neutral,Financial Services,1905.3,1908.6,1906.9485723275386,1917.6,0.04806239930429033,1.4211185552278858,0.7106341444709807,-0.7104844107569049,0.5585587271218659,0.5137136530916367,0.7104844107569049,-0.7106341444709807,-0.5585587271218659,-0.6032809182321284,0.6455676271453291,-0.6455676271453291
BAJAJHLDNG,2026-07-01,2026-07,2026-06-30,GOLD-baseline,283.0,21.696,7.2321,0.4347826086956496,0.00941176470588,2.6937618147448017,normal,risk_on,Financial Services,10649.0,10649.0,10649.0,10709.0,0.13016118303769136,3.6810968166024978,2.403981594515917,-1.277115222086581,0.5634331862146681,0.5185867169875106,1.277115222086581,-2.403981594515917,-0.5634331862146681,-0.6081557001408584,0.5634331862146681,-0.5634331862146681
BAJAJHLDNG,2026-07-02,2026-07,2026-07-01,GOLD-baseline,347.0,19.919,6.6395,0.7811029550159887,1.2192816635160586,3.689064558629776,normal,risk_on,Financial Services,10780.0,10818.0,10798.966570978793,10876.0,0.06887362633191463,1.4538428188297454,1.0281856906530173,0.018829848280773515,0.71334074899562,0.6684513723263981,-0.018829848280773515,-1.0281856906530173,-0.71334074899562,-0.7580731907000631,0.8905380333951763,-0.8905380333951763
BAJAJHLDNG,2026-07-03,2026-07,2026-07-02,GOLD,168.0,78.24,9.78,1.5594359884209652,2.35271974402409,1.4660565879167056,normal,risk_on,Financial Services,10939.0,10977.0,10957.967056032121,11087.0,0.10253062410559881,2.710356752135954,2.3730035200711477,-0.2278438683421412,1.177526299432057,1.1325040607894759,0.2278438683421412,-2.3730035200711477,-1.177526299432057,-1.222289482288763,1.3529573087119482,-1.3529573087119482
BAJAJHLDNG,2026-07-06,2026-07,2026-07-03,GOLD,131.0,269.436,10.3629,1.940051489518213,3.5297413390606103,2.730783376241265,normal,risk_on,Financial Services,11111.0,11056.0,11083.431767943339,10865.0,0.06918758505630869,3.2571139296776472,-0.24750247502474715,-2.6745485888288663,-1.9707954405882668,-2.014916547692489,2.6745485888288663,0.24750247502474715,1.9707954405882668,1.9262407584871153,-2.214022140221402,2.214022140221402
BAJAJHLDNG,2026-07-07,2026-07,2026-07-06,GOLD,429.0,0.0,0.0,-2.002345088842794,-0.1011401250459731,3.2560656624875977,normal,risk_on,Financial Services,10923.0,10917.0,10919.999175824176,10710.0,0.07709686700836714,2.133699794738442,0.21063027391747213,-1.9230695208209698,-1.9230695208209698,-1.9672042883243033,1.9230695208209698,-0.21063027391747213,1.9230695208209698,1.8785116780230557,-1.9500137324910738,1.9500137324910738
BAJAJHLDNG,2026-07-08,2026-07,2026-07-07,GOLD,331.0,5.812,5.8119,-1.4265991716520987,-3.400378822043837,2.144500690289921,normal,risk_on,Financial Services,10650.0,10661.0,10655.497161090518,10385.0,0.09610426469945518,4.241941911922399,0.6804266174855996,-3.561515294436799,-2.538569125411265,-2.582527720924775,3.561515294436799,-0.6804266174855996,2.538569125411265,2.4940520446901644,-2.488262910798122,2.488262910798122
BAJAJHLDNG,2026-07-09,2026-07,2026-07-08,ENTERPRISE-Dryup,353.0,17.424,5.8079,-3.034547152194212,-4.4178554993097086,4.220354808590103,normal,risk_off,Financial Services,10392.0,10515.0,10453.138183383557,10600.0,0.08283176561081207,2.1333306427966643,1.5101858776475614,0.5439688600580407,1.4049543212764255,1.359866986820864,-0.5439688600580407,-1.5101858776475614,-1.4049543212764255,-1.4497325657813063,2.001539645881447,-2.001539645881447
BAJAJHLDNG,2026-07-10,2026-07,2026-07-09,STANDARD,121.0,55.552,9.2586,2.070293692826186,-1.0270774976657293,2.147327876745306,normal,neutral,Financial Services,10687.0,10537.0,10611.469939690916,10650.0,0.056630873898739935,1.903600548727406,0.7871676665326975,-1.1164328821947083,0.36309823736075075,0.31830910920466393,1.1164328821947083,-0.7871676665326975,-0.36309823736075075,-0.4078074839046182,-0.3462150276036306,0.3462150276036306
BAJFINANCE,2026-07-01,2026-07,2026-06-30,GOLD-baseline,167.0,69.961,8.7452,1.9282352345766365,2.608518443040553,3.3655549369907383,normal,risk_on,Financial Services,1000.4,1004.7,1002.5453892573936,1013.7,0.06837712610060212,2.6432718442433036,2.2796584561159254,-0.3636133881273778,1.1126290003556754,1.0676253370074196,0.3636133881273778,-2.2796584561159254,-1.1126290003556754,-1.1573878853238528,1.3294682127149209,-1.3294682127149209
BAJFINANCE,2026-07-02,2026-07,2026-07-01,GOLD,269.0,30.492,7.6229,0.6653426017874997,2.606407206842442,2.6315789473684323,normal,risk_on,Financial Services,994.7,1005.9,1000.2686494051785,1020.0,0.07009183923250491,3.2291324954758545,2.542452031256262,0.17308855934363837,1.9726051202899313,1.9273553094167712,-0.17308855934363837,-2.542452031256262,-1.9726051202899313,-2.017420958036628,2.5434804463657334,-2.5434804463657334
BAJFINANCE,2026-07-03,2026-07,2026-07-02,GOLD,153.0,109.472,9.952,0.6214856466410179,1.2909632571995957,3.186347045476972,extended_move,risk_on,Financial Services,1035.0,1024.8,1029.8747451208856,1031.4,0.07783503390136795,2.1750217787281203,0.9831540123771018,-1.1918677663510182,0.14810100804399223,0.10337341768486383,1.1918677663510182,-0.9831540123771018,-0.14810100804399223,-0.19279601618135095,-0.34782608695651296,0.34782608695651296
BAJFINANCE,2026-07-06,2026-07,2026-07-03,ENTERPRISE-Dryup,126.0,177.11,10.4182,1.1176470588235343,1.746078721515243,2.1960784313725465,extended_move,risk_on,Financial Services,1040.0,1034.9,1037.4437322280592,1029.0,0.06269214617950938,1.484417855311187,0.15964892557437066,-1.218739082928862,-0.8138978496621726,-0.8583500909362553,1.218739082928862,-0.15964892557437066,0.8138978496621726,0.7692665508611644,-1.0576923076923077,1.0576923076923077
BAJFINANCE,2026-07-07,2026-07,2026-07-06,ENTERPRISE-Dryup,380.0,0.0,0.0,-0.2326934264107127,0.8823529411764675,1.4931161528020254,extended_move,risk_on,Financial Services,1024.0,1028.7,1026.3446192819215,1039.4,0.06966408631575174,2.815818337920442,2.587374671156553,-0.02383402975237827,1.2720270046539288,1.2269777174524947,0.02383402975237827,-2.587374671156553,-1.2720270046539288,-1.316796445914339,1.5039062500000089,-1.5039062500000089
BAJFINANCE,2026-07-08,2026-07,2026-07-07,ENTERPRISE-Dryup,374.0,0.0,0.0,1.0106899902818434,0.7756447547023537,2.8085519922254703,extended_move,risk_on,Financial Services,1025.0,1023.9,1024.4497047196057,1011.2,0.08534739504819068,2.9869694782503076,1.0005659851500315,-1.986403493100276,-1.293348483440889,-1.3376634934778677,1.986403493100276,-1.0005659851500315,1.293348483440889,1.2487489367375535,-1.3463414634146298,1.3463414634146298
BAJFINANCE,2026-07-09,2026-07,2026-07-08,ENTERPRISE-Dryup,205.0,14.072,7.0358,-2.7131037136809755,-1.7298347910592815,2.944006157398501,normal,risk_off,Financial Services,1000.0,1004.5,1002.2449488650536,1002.9,0.08272201859622696,1.9356545545047263,1.1229840716774515,-0.8126704828272749,0.06535838725733967,0.020654479987588542,0.8126704828272749,-1.1229840716774515,-0.06535838725733967,-0.11004791568189418,0.2899999999999977,-0.2899999999999977
BAJFINANCE,2026-07-10,2026-07,2026-07-09,GOLD-baseline,294.0,7.077,7.0774,-0.8208069620253222,-3.5116413315374406,1.9185126582278456,normal,neutral,Financial Services,1010.1,1009.8,1009.9499777216694,1023.0,0.06354538364153822,1.9505916564740027,1.3812587341999103,-0.5693329222740924,1.2921454097924705,1.2470903641804072,0.5693329222740924,-1.3812587341999103,-1.2921454097924705,-1.3369161834143795,1.2771012771012749,-1.2771012771012749
BANDHANBNK,2026-07-01,2026-07,2026-06-30,GOLD-baseline,21.0,481.824,11.7518,0.9701049297168972,0.9051788099124548,2.756879825777071,normal,risk_on,Financial Services,204.2,203.79,203.99479399004875,204.41,0.07706007352440863,1.9657364394287606,1.3751360782707553,-0.5906003611580051,0.20353755202767712,0.15879409428831046,0.5906003611580051,-1.3751360782707553,-0.20353755202767712,-0.2482362315055977,0.10284035259549851,-0.10284035259549851
BANDHANBNK,2026-07-02,2026-07,2026-07-01,GOLD,63.0,265.051,10.6021,0.2009803921568576,1.1730350425658287,1.9656862745098131,normal,risk_on,Financial Services,205.04,205.0,205.01999804897082,205.0,0.07086437821420373,1.8095795704347895,1.1559857446018857,-0.6535938258329036,-0.009754194303544414,-0.05443660239952569,0.6535938258329036,-1.1559857446018857,0.009754194303544414,-0.03493035971518364,-0.019508388607097173,0.019508388607097173
BANDHANBNK,2026-07-03,2026-07,2026-07-02,ENTERPRISE-Dryup,93.0,309.139,11.0407,0.2886355853431777,0.4901960784313708,1.8149796976664447,normal,risk_on,Financial Services,206.12,204.5,205.30680434464955,199.46,0.06720033336828164,3.7797091162031045,-0.3832334476984634,-3.383621096643198,-2.847837587903069,-2.891707662741634,3.383621096643198,0.3832334476984634,2.847837587903069,2.8033409887951657,-3.2311274985445353,3.2311274985445353
BANDHANBNK,2026-07-06,2026-07,2026-07-03,ENTERPRISE-Dryup,375.0,47.369,6.7669,-2.702439024390235,-2.4216036397436524,3.785365853658533,normal,risk_on,Financial Services,200.65,202.95,201.793446481665,208.75,0.10117477921865968,4.038783291577567,3.4721412615209126,0.5731373037627724,3.447363449916137,3.4016915248653214,-0.5731373037627724,-3.4721412615209126,-3.447363449916137,-3.4922769550079713,4.036880139546471,-4.036880139546471
BANDHANBNK,2026-07-07,2026-07,2026-07-06,STANDARD,29.0,457.495,11.4374,4.657575453725049,1.8292682926829285,4.086032287175376,normal,risk_on,Financial Services,208.75,209.56,209.15421577299134,204.99,0.09026947280627348,3.3994055408937864,1.2649920620678845,-2.134413478825902,-1.9909786458767917,-2.035093976022897,2.134413478825902,-1.2649920620678845,1.9909786458767917,1.9464253004285936,-1.8011976047904148,1.8011976047904148
BANDHANBNK,2026-07-08,2026-07,2026-07-07,GOLD-baseline,161.0,106.117,8.1629,-1.8011976047904166,2.772485711420836,3.4059880239521023,normal,risk_on,Financial Services,204.94,203.06,203.99566862745098,197.0,0.10592599707382741,4.965791709283791,0.12957695343607833,-4.497972280091957,-3.4293221392984026,-3.4730257781397595,4.497972280091957,-0.12957695343607833,3.4293221392984026,3.3848640495863997,-3.8743046745388887,3.8743046745388887
BANDHANBNK,2026-07-09,2026-07,2026-07-08,GOLD-baseline,161.0,141.95,7.471,-3.897751109810244,-5.628742514970064,4.941704473388944,normal,risk_off,Financial Services,197.0,197.67,197.33443129703298,200.0,0.08186330913098894,2.0270157487007903,1.857541372214721,0.1700507614213064,1.3507874350395233,1.3057156045551417,-0.1700507614213064,-1.857541372214721,-1.3507874350395233,-1.3955620922881962,1.5228426395939088,-1.5228426395939088
BANDHANBNK,2026-07-10,2026-07,2026-07-09,ENTERPRISE-Dryup,204.0,162.248,8.1124,1.522842639593902,-2.434265086101761,2.030456852791878,normal,neutral,Financial Services,201.0,201.81,201.40418559618678,209.5,0.13459845971100312,5.402072438461784,5.161667506084868,0.18163197687792149,4.019685281042392,3.97384954260314,-0.18163197687792149,-5.161667506084868,-4.019685281042392,-4.064636688719815,4.228855721393035,-4.228855721393035
BANKBARODA,2026-07-01,2026-07,2026-06-30,ENTERPRISE-Dryup,386.0,0.0,0.0,-0.0731261425959695,-2.3230879199428123,1.4990859232175586,normal,risk_on,Financial Services,273.7,273.25,273.47481488253044,271.15,0.06687876263010528,1.2798253475382753,0.2286079314975052,-1.0512174160407701,-0.850102004284772,-0.8945438829884936,1.0512174160407701,-0.2286079314975052,0.850102004284772,0.8054731031401078,-0.9316770186335446,0.9316770186335446
BANKBARODA,2026-07-02,2026-07,2026-07-01,ENTERPRISE-Dryup,417.0,0.0,0.0,-0.7866813025978914,-0.8592321755027554,1.2806439809732892,normal,risk_on,Financial Services,273.5,272.1,272.79820381231673,259.9,0.13876733066368538,5.791826991232795,-0.23761293265798442,-5.534568630336071,-4.7281117075061925,-4.7714435990046,5.534568630336071,0.23761293265798442,4.7281117075061925,4.683739631432133,-4.972577696526517,4.972577696526517
BANKBARODA,2026-07-03,2026-07,2026-07-02,GOLD-baseline,415.0,17.692,5.8973,-4.14899502120597,-4.903036955726325,5.827033007560396,normal,risk_on,Financial Services,258.25,256.85,257.5480974568045,253.0,0.09379391461295537,3.2032851655538535,-0.27105517909001814,-2.930752558974136,-1.7659215896818254,-1.8101013370088972,2.930752558974136,0.27105517909001814,1.7659215896818254,1.7213533396050238,-2.032913843175218,2.032913843175218
BANKBARODA,2026-07-06,2026-07,2026-07-03,GOLD-baseline,242.0,66.895,8.3618,-2.654867256637161,-6.693711967545635,3.174297806848788,normal,risk_on,Financial Services,252.9,253.0,252.94999011662384,249.95,0.06053718096839994,1.581340247594309,0.11860442581470021,-1.3639020563049646,-1.1860012784506093,-1.2303470140486836,1.3639020563049646,-0.11860442581470021,1.1860012784506093,1.1413946225712759,-1.1664689600632727,1.1664689600632727
BANKBARODA,2026-07-07,2026-07,2026-07-06,GOLD,238.0,23.336,7.7787,-1.2055335968379488,-3.8283955367449,1.5810276679841897,normal,risk_on,Financial Services,251.15,250.85,250.99991035856576,247.7,0.05987417774951895,2.191235842332764,0.33868125300118346,-1.85255458933158,-1.3147057916680858,-1.3590146886881598,1.85255458933158,-0.33868125300118346,1.3147057916680858,1.2701076593738447,-1.3736810670913864,1.3736810670913864
BANKBARODA,2026-07-08,2026-07,2026-07-07,GOLD,320.0,11.855,5.9276,-0.9001800360072032,-2.0948616600790504,2.200440088017604,normal,risk_on,Financial Services,244.95,244.95,244.95,240.95,0.07565617438917588,2.857726066544193,0.3061849357011635,-2.4290671565625592,-1.6329863237395388,-1.6772041205960402,2.4290671565625592,-0.3061849357011635,1.6329863237395388,1.5884092698918149,-1.6329863237395388,1.6329863237395388
BANKBARODA,2026-07-09,2026-07,2026-07-08,GOLD-baseline,285.0,12.86,6.4299,-2.7250706499798105,-3.6007201440288017,2.8259991925716594,normal,risk_off,Financial Services,240.65,240.7,240.674997403137,244.5,0.07014808065854865,2.5137634009676844,2.2956279864868763,-0.17658560620035285,1.5892812457191,1.5441411521052626,0.17658560620035285,-2.2956279864868763,-1.5892812457191,-1.634071697458879,1.5998337835030103,-1.5998337835030103
BANKBARODA,2026-07-10,2026-07,2026-07-09,GOLD,334.0,13.445,6.7226,1.473334716746222,-1.291885345175614,2.5108943764266374,normal,neutral,Financial Services,245.5,246.4,245.94917666192316,251.0,0.07420988153950077,3.659292591319068,3.415674511333875,-0.060653450419232376,2.05360449123178,2.008331496232673,0.060653450419232376,-3.415674511333875,-2.05360449123178,-2.0984256932428162,2.240325865580448,-2.240325865580448
BANKINDIA,2026-07-01,2026-07,2026-06-30,GOLD,441.0,0.0,0.0,-1.3795518207282864,-2.60719225449515,2.3809523809523845,normal,risk_on,Financial Services,140.65,140.78,140.7149699747717,141.46,0.07722314694130368,1.684255769251071,1.2685430878806576,-0.41571268137041334,0.529460387449815,0.4846236421209568,0.41571268137041334,-1.2685430878806576,-0.529460387449815,-0.5741806514934343,0.5758976182012102,-0.5758976182012102
BANKINDIA,2026-07-02,2026-07,2026-07-01,ENTERPRISE-Dryup,458.0,0.0,0.0,0.4473478662216923,-0.9383753501400638,1.6828800681672968,normal,risk_on,Financial Services,141.88,142.23,142.05478441448733,145.4,0.1117865457704379,3.9351015335671526,2.530865539187022,-1.4042359943801308,2.3548770985087057,2.309517871456308,1.4042359943801308,-2.530865539187022,-2.3548770985087057,-2.3997182525994316,2.480969833662257,-2.480969833662257
BANKINDIA,2026-07-03,2026-07,2026-07-02,STANDARD,129.0,72.666,10.3809,2.785239643715532,3.245047220052544,3.951647108723316,normal,risk_on,Financial Services,145.64,145.06,145.34942139662883,144.01,0.09991269331767641,2.999667943708194,1.2112732107594206,-1.7883947329487733,-0.9215182171065058,-0.9659396546332963,1.7883947329487733,-1.2112732107594206,0.9215182171065058,0.8768940455719519,-1.1191980225212823,1.1191980225212823
BANKINDIA,2026-07-06,2026-07,2026-07-03,ENTERPRISE-Dryup,333.0,14.534,7.267,-0.9559834938101864,1.8026297186483744,2.998624484181577,normal,risk_on,Financial Services,143.64,144.49,144.06374622566202,140.03,0.07306636069547448,3.616454615749783,0.3514095583388342,-3.237279570917654,-2.7999731586484904,-2.843856933531183,3.237279570917654,-0.3514095583388342,2.7999731586484904,2.755473389670895,-2.513227513227503,2.513227513227503
BANKINDIA,2026-07-07,2026-07,2026-07-06,GOLD-baseline,427.0,0.0,0.0,-2.7636969654885046,-3.693259972489682,3.6178043191445095,normal,risk_on,Financial Services,140.5,140.49,140.49499982205774,142.35,0.060428461461031084,2.07124808974385,1.7118048193802586,-0.2811486690330785,1.3203318127276324,1.2752686994342026,0.2811486690330785,-1.7118048193802586,-1.3203318127276324,-1.3651044530222622,1.3167259786476828,-1.3167259786476828
BANKINDIA,2026-07-08,2026-07,2026-07-07,GOLD,174.0,8.058,8.0583,1.6567878311790185,-1.152697729324348,2.0781261158323194,normal,risk_on,Financial Services,141.73,140.85,141.2886297685611,135.6,0.09998124445346718,5.478147825963473,-0.21843921132695368,-5.151603338841857,-4.026247390097422,-4.069780173411943,5.151603338841857,0.21843921132695368,4.026247390097422,3.981828832357078,-4.325125238128834,4.325125238128834
BANKINDIA,2026-07-09,2026-07,2026-07-08,GOLD-baseline,370.0,5.33,5.3302,-4.741833508956795,-3.163607798328938,5.4373024236038,normal,risk_off,Financial Services,135.6,135.64,135.6199970505825,138.65,0.0883619386986373,2.7945731325937335,2.6618515174211814,0.014749262536872004,2.23418597206384,2.1888612899498003,-0.014749262536872004,-2.6618515174211814,-2.23418597206384,-2.279019133264026,2.249262536873165,-2.249262536873165
BANKINDIA,2026-07-10,2026-07,2026-07-09,STANDARD,37.0,34.493,11.4975,2.2492625368731645,-2.599227256761494,2.794985250737457,normal,neutral,Financial Services,139.8,140.19,139.99472838315654,144.81,0.10368835242454522,5.28591332364079,4.932522600382624,0.11805560020168573,3.439609242759751,3.393939537164633,-0.11805560020168573,-4.932522600382624,-3.439609242759751,-3.484522234321462,3.583690987124457,-3.583690987124457
BDL,2026-07-01,2026-07,2026-06-30,STANDARD,41.0,202.357,11.2421,2.612190221031474,1.3078618662747843,3.996427774056712,normal,risk_on,Capital Goods,1375.4,1374.6,1374.9998836363634,1376.0,0.08775007491626645,1.7018183258398223,0.7709176189603122,-0.9309007068795101,0.07273574169269538,0.02802972283229365,0.9309007068795101,-0.7709176189603122,-0.07273574169269538,-0.11742575868992472,0.04362367311326953,-0.04362367311326953
BDL,2026-07-02,2026-07,2026-07-01,GOLD,57.0,160.829,10.7219,-0.2030751378009787,2.403810374339499,1.697127937336805,normal,risk_on,Capital Goods,1380.3,1382.5,1381.3991240770233,1386.2,0.07639535225963101,1.4405684536173406,0.6660548542858042,-0.7745135993315365,0.34753720624981693,0.30275253206542085,0.7745135993315365,-0.6660548542858042,-0.34753720624981693,-0.392245422248838,0.4274433094254938,-0.4274433094254938
BDL,2026-07-03,2026-07,2026-07-02,ENTERPRISE-Dryup,66.0,182.475,11.4047,0.7412790697674421,0.5366985784740486,1.4462209302325482,normal,risk_on,Capital Goods,1405.0,1413.5,1409.2371828987048,1394.1,0.11306943448563557,3.4344821856349683,1.4520491901302708,-1.9824329955046973,-1.0741401860805786,-1.1185179392316775,1.9824329955046973,-1.4520491901302708,1.0741401860805786,1.0295261220885419,-0.7758007117437787,0.7758007117437787
BDL,2026-07-06,2026-07,2026-07-03,ENTERPRISE-Dryup,139.0,143.027,10.2162,0.5699033328523839,1.3154069767441712,3.4915596595008003,normal,risk_on,Capital Goods,1400.1,1403.7,1401.8976888508453,1410.0,0.09331107041446443,2.4466835399462092,2.22571956550778,-0.09256658750247991,0.5779530998297248,0.5331024746257729,0.09256658750247991,-2.22571956550778,-0.5779530998297248,-0.6226765753517141,0.7070923505463961,-0.7070923505463961
BDL,2026-07-07,2026-07,2026-07-06,GOLD-baseline,346.0,5.812,5.8119,1.140520766085662,1.7169239647958356,2.460368696650165,extended_move,risk_on,Capital Goods,1408.9,1398.3,1403.5799871758338,1393.6,0.12262597365631693,2.8498553958784103,0.8492578216472458,-2.0005975742311644,-0.7110380075961903,-0.755519690031428,2.0005975742311644,-0.8492578216472458,0.7110380075961903,0.6663998967992814,-1.0859535808077352,1.0859535808077352
BDL,2026-07-08,2026-07,2026-07-07,GOLD,342.0,11.196,5.5978,-1.163120567375897,-0.0358654328957763,2.8368794326241136,extended_move,risk_on,Capital Goods,1390.0,1381.5,1385.7369655421253,1337.9,0.09222594827701702,4.21436401367506,0.18495822234719408,-3.906727386820198,-3.452095652468253,-3.49579277293803,3.906727386820198,-0.18495822234719408,3.452095652468253,3.4076390709549336,-3.7482014388489144,3.7482014388489144
BDL,2026-07-09,2026-07,2026-07-08,GOLD,332.0,12.155,6.0777,-3.996842709529269,-5.11347517730496,4.190585533869123,normal,risk_off,Capital Goods,1337.8,1338.1,1337.949983183228,1325.0,0.09256245709980002,2.137598591836391,0.8707363476364395,-1.2668622441999515,-0.9678974061808749,-1.0123055687778935,1.2668622441999515,-0.8707363476364395,0.9678974061808749,0.9232763061544966,-0.9567947376289397,0.9567947376289397
BDL,2026-07-10,2026-07,2026-07-09,ENTERPRISE-Dryup,370.0,18.324,6.1081,-0.96419762314075,-4.922502870264056,2.137678451304276,normal,neutral,Capital Goods,1330.0,1332.9,1331.4484208945134,1345.0,0.08416204208940989,2.478503822012831,1.7613584377328757,-0.7171453842799553,1.0178072911290195,0.9728307682193088,0.7171453842799553,-1.7613584377328757,-1.0178072911290195,-1.0625598964346818,1.1278195488721803,-1.1278195488721803
BEL,2026-07-01,2026-07,2026-06-30,GOLD,398.0,0.0,0.0,-0.241837968561065,0.966833924856192,1.4389359129383286,normal,risk_on,Capital Goods,413.0,412.1,412.5495091504061,416.3,0.05216301608484005,1.5149696851830197,1.2363342426700985,-0.1937971401426665,0.9091007906705745,0.864155382387664,0.1937971401426665,-1.2363342426700985,-0.9091007906705745,-0.9538461967795374,0.7990314769975814,-0.7990314769975814
BEL,2026-07-02,2026-07,2026-07-01,GOLD,202.0,33.272,8.318,0.9212121212121228,0.6771463119709775,1.5151515151515151,normal,risk_on,Capital Goods,416.25,416.6,416.4249264573453,414.8,0.04737400159257555,1.4408359391556702,0.15010473747871209,-0.9905570476861935,-0.39020873970466424,-0.43478225181793356,0.9905570476861935,-0.15010473747871209,0.39020873970466424,0.3455493816686599,-0.3483483483483456,0.3483483483483456
BEL,2026-07-03,2026-07,2026-07-02,ENTERPRISE-Dryup,425.0,5.245,5.2454,-0.3603170790295484,0.5575757575757567,1.4412683161181838,normal,risk_on,Capital Goods,418.6,419.6,419.0994034836554,418.0,0.059349246090553295,1.76569089301712,1.288619471049954,-0.477071421967166,-0.2623252322758994,-0.306935347973966,0.477071421967166,-1.288619471049954,0.2623252322758994,0.2176574050267321,-0.143334925943627,0.143334925943627
BEL,2026-07-06,2026-07,2026-07-03,ENTERPRISE-Dryup,301.0,7.631,7.631,0.7714561234329675,0.4083593562334897,1.78399228543876,normal,risk_on,Capital Goods,422.0,421.9,421.9499940751274,425.0,0.06109871599222145,2.3225500977860145,1.8841109222665617,-0.15404528599463635,0.7228358733735543,0.6779437789528621,0.15404528599463635,-1.8841109222665617,-0.7228358733735543,-0.7675689439021043,0.7109004739336493,-0.7109004739336493
BEL,2026-07-07,2026-07,2026-07-06,GOLD,382.0,0.0,0.0,1.674641148325362,2.4590163934426146,2.3444976076554918,normal,risk_on,Capital Goods,425.55,423.0,424.2711684638501,417.4,0.05957970633913964,2.3334133299334727,-0.11105361355474914,-1.9495004795629465,-1.6195228369460963,-1.6637444874025686,1.9495004795629465,0.11105361355474914,1.6195228369460963,1.574944891465496,-1.9151686053342813,1.9151686053342813
BEL,2026-07-08,2026-07,2026-07-07,GOLD,370.0,0.0,0.0,-1.7882352941176571,-0.1435406698564678,2.329411764705877,normal,risk_on,Capital Goods,416.5,415.75,416.1246620606789,408.2,0.06520770197458058,2.835688695201475,0.3785735581063451,-2.433083876966298,-1.9043961541321281,-1.9485362664385155,2.433083876966298,-0.3785735581063451,1.9043961541321281,1.8598370746718318,-1.992797118847542,1.992797118847542
BEL,2026-07-09,2026-07,2026-07-08,GOLD,379.0,0.0,0.0,-2.204120747484428,-3.952941176470592,2.827024436990899,normal,risk_off,Capital Goods,409.15,409.3,409.22498625450544,407.1,0.07416424489281356,1.6983322703755046,0.43375008983215996,-1.2645821805433446,-0.5192708964217163,-0.5638074675901171,1.2645821805433446,-0.43375008983215996,0.5192708964217163,0.47462008565610275,-0.5010387388488219,0.5010387388488219
BEL,2026-07-10,2026-07,2026-07-09,ENTERPRISE-Dryup,403.0,0.0,0.0,-0.2694757471827458,-2.4676569238140766,1.7025967662910308,normal,neutral,Capital Goods,408.4,409.2,408.7996086105675,414.6,0.053160077381450406,1.7734850639024284,1.626809627346742,9.574114658933493e-05,1.418883792268535,1.373792470836209,-9.574114658933493e-05,-1.626809627346742,-1.418883792268535,-1.4636629592665618,1.5181194906954079,-1.5181194906954079
BHARATFORG,2026-07-01,2026-07,2026-06-30,GOLD-baseline,80.0,211.358,10.5679,-2.241520414658549,0.2377622377622401,5.001364008365917,normal,risk_on,Automobile and Auto Components,2151.0,2153.3,2152.1493854982227,2110.0,0.09373043997040299,3.698628010507389,0.21144510378509912,-2.9667729353946037,-1.958478615947245,-2.002603248446917,2.9667729353946037,-0.21144510378509912,1.958478615947245,1.9139231181520646,-1.906090190609019,1.906090190609019
BHARATFORG,2026-07-02,2026-07,2026-07-01,GOLD-baseline,241.0,111.394,7.9567,-1.8650295335100653,-4.064744930435582,3.702153388214498,normal,risk_on,Automobile and Auto Components,2135.0,2120.2,2127.574262079338,2149.0,0.08656494553243833,2.6086045967560394,1.227958919522196,-1.3806456772338433,1.0070500617789004,0.9620766178679178,1.3806456772338433,-1.227958919522196,-1.0070500617789004,-1.0518019546762918,0.6557377049180327,-0.6557377049180327
BHARATFORG,2026-07-03,2026-07,2026-07-02,ENTERPRISE-Dryup,95.0,198.391,11.0217,1.8483412322274797,-0.0511604111436581,2.6303317535545023,normal,risk_on,Automobile and Auto Components,2160.0,2148.0,2153.983286908078,2143.9,0.08049847635530614,2.1077229464101017,0.9757138423339612,-1.1320091040761406,-0.468122801572511,-0.5126740126555082,1.1320091040761406,-0.9757138423339612,0.468122801572511,0.42346860347316795,-0.7453703703703661,0.7453703703703661
BHARATFORG,2026-07-06,2026-07,2026-07-03,ENTERPRISE-Dryup,181.0,168.76,9.3756,-0.2373196835737556,1.6066350710900457,2.112610516519316,normal,risk_on,Automobile and Auto Components,2139.9,2145.1,2142.4968448074683,2135.1,0.09096251615741395,1.9649970594837984,1.5684109535083737,-0.39658610597542476,-0.34524414005067405,-0.38983052220144393,0.39658610597542476,-1.5684109535083737,0.34524414005067405,0.300581804189093,-0.22430954717511015,0.22430954717511015
BHARATFORG,2026-07-07,2026-07,2026-07-06,ENTERPRISE-Dryup,313.0,12.378,6.1889,-0.4104669061056998,-0.6468124709167133,1.963710993982924,normal,risk_on,Automobile and Auto Components,2136.0,2131.5,2133.74762741652,2113.4,0.07231188701364927,2.216757005010459,-0.06784435975086149,-1.7409569406995653,-0.9536098437825257,-0.9980220958513791,1.7409569406995653,0.06784435975086149,0.9536098437825257,0.90898779754804,-1.0580524344569247,1.0580524344569247
BHARATFORG,2026-07-08,2026-07,2026-07-07,ENTERPRISE-Dryup,300.0,12.378,6.1889,-1.016345838602395,-1.422640981389056,2.2153529108706937,normal,risk_on,Automobile and Auto Components,2108.1,2116.3,2112.1920414733454,2108.3,0.09951722708740016,3.1673256354727313,1.7852523722393991,-1.382073263233332,-0.18426551170178393,-0.2288979701214316,1.382073263233332,-1.7852523722393991,0.18426551170178393,0.1395925148695619,0.009487215976484647,-0.009487215976484647
BHARATFORG,2026-07-09,2026-07,2026-07-08,ENTERPRISE-Dryup,272.0,19.55,6.5166,-0.2413173086022513,-1.2552105287808368,3.165515283429549,normal,risk_off,Automobile and Auto Components,2102.0,2108.0,2104.995724465558,2139.0,0.07868413949889914,2.6033307033872015,1.6724155363013846,-0.9309151670858169,1.6154082946213812,1.570260722766845,0.9309151670858169,-1.6724155363013846,-1.6154082946213812,-1.660200476651101,1.7602283539486203,-1.7602283539486203
BHARATFORG,2026-07-10,2026-07,2026-07-09,ENTERPRISE-Dryup,268.0,51.761,7.3944,1.4561495043399877,1.2113182549446266,2.599250581036841,normal,neutral,Automobile and Auto Components,2143.4,2140.6,2141.99908496732,2120.6,0.06695165549153227,2.4183016866597065,0.21479537806385873,-1.5825910106697008,-0.999024001340623,-1.0434232546968152,1.5825910106697008,-0.21479537806385873,0.999024001340623,0.9544049627041358,-1.0637305216012027,1.0637305216012027
BHARTIARTL,2026-07-01,2026-07,2026-06-30,GOLD,391.0,0.0,0.0,0.4875406283856964,0.2756905778690699,1.8093174431202528,normal,risk_on,Telecommunication,1845.6,1852.5,1849.0435629106835,1869.3,0.05782042646203218,2.2389953828253795,2.05276056501163,0.02468503709009538,1.0955089158326632,1.05051015269772,-0.02468503709009538,-2.05276056501163,-1.0955089158326632,-1.1402666670061232,1.2841352405721742,-1.2841352405721742
BHARTIARTL,2026-07-02,2026-07,2026-07-01,GOLD,408.0,0.0,0.0,0.7708894878706074,1.2621885157096502,2.231805929919142,normal,risk_on,Telecommunication,1860.8,1862.4,1861.5996562097118,1871.2,0.05539890578487078,1.804899344922033,1.1925412489325908,-0.6123580959894421,0.5157039945868316,0.470871186695277,0.6123580959894421,-1.1925412489325908,-0.5157039945868316,-0.5604233475995771,0.5588993981083453,-0.5588993981083453
BHARTIARTL,2026-07-03,2026-07,2026-07-02,ENTERPRISE-Dryup,433.0,0.0,0.0,0.1016423260043808,0.8733153638813995,1.797464291445991,normal,risk_on,Telecommunication,1890.0,1890.5,1890.2499669355905,1908.6,0.05279514371873626,1.4812855701509497,1.2035462749559585,-0.11903012696453236,0.9707728282179473,0.9258097677944178,0.11903012696453236,-1.2035462749559585,-0.9707728282179473,-1.0155223186192688,0.9841269841269793,-0.9841269841269793
BHARTIARTL,2026-07-06,2026-07,2026-07-03,ENTERPRISE-Dryup,134.0,30.891,10.297,1.9987174005985373,2.102391269459148,1.496365968362548,normal,risk_on,Telecommunication,1916.8,1919.0,1917.8993691016212,1927.0,0.04344649443483013,0.8916004809996932,0.7717105045668635,-0.09903382483049313,0.4745103442336324,0.42968932703584384,0.09903382483049313,-0.7717105045668635,-0.4745103442336324,-0.5192269691556897,0.5321368948247103,-0.5321368948247103
BHARTIARTL,2026-07-07,2026-07,2026-07-06,ENTERPRISE-Dryup,338.0,5.812,5.8119,0.9640574242900656,2.9820436083796364,0.8959446714869609,normal,risk_on,Telecommunication,1923.5,1919.4,1921.4478128496708,1922.7,0.05460605361600911,2.0557414953372133,1.824259129803992,-0.1534162327988964,0.06516893885721473,0.020465085812521377,0.1534162327988964,-1.824259129803992,-0.06516893885721473,-0.10985845473535949,-0.04159085001299478,0.04159085001299478
BHARTIARTL,2026-07-08,2026-07,2026-07-07,ENTERPRISE-Dryup,328.0,5.812,5.8119,-0.2231447846393286,0.7387613957875017,2.04981837052413,normal,risk_on,Telecommunication,1911.0,1918.2,1914.5932309620812,1885.5,0.06151097063664469,2.5645134019056064,0.5017655386304418,-2.0627478632751646,-1.5195515418939332,-1.563801806734303,2.0627478632751646,-0.5017655386304418,1.5195515418939332,1.4749669757143467,-1.3343799058084773,1.3343799058084773
BHARTIARTL,2026-07-09,2026-07,2026-07-08,ENTERPRISE-Dryup,373.0,0.0,0.0,-1.9347792167264788,-2.1536066424494016,2.5537005253029665,normal,risk_off,Telecommunication,1902.0,1907.3,1904.6463129708868,1935.1,0.08649470736956438,3.528214112108867,3.221264053661127,0.08157351937377694,1.59891560032535,1.5537727491087312,-0.08157351937377694,-3.221264053661127,-1.59891560032535,-1.6437066901098971,1.7402733964248112,-1.7402733964248112
BHARTIARTL,2026-07-10,2026-07,2026-07-09,STANDARD,335.0,13.443,6.7214,2.6306019623441923,0.6449264055754966,3.564041368337313,normal,neutral,Telecommunication,1930.0,1915.7,1922.823413162753,1924.9,0.052082724839481204,1.2481645394843428,0.17040497919969713,-0.8749328226184353,0.10799675222548945,0.06328064074708696,0.8749328226184353,-0.17040497919969713,-0.10799675222548945,-0.15268910441840233,-0.2642487046632077,0.2642487046632077
BHEL,2026-07-01,2026-07,2026-06-30,GOLD-baseline,42.0,573.095,11.2372,0.9664170089393576,3.955223880597014,1.9932350809374249,normal,risk_on,Capital Goods,416.1,416.55,416.32487840028824,414.3,0.08937297279772287,2.54608853564794,1.4592261752540823,-1.0868623603938576,-0.4863697812316057,-0.5309157695546028,1.0868623603938576,-1.4592261752540823,0.4863697812316057,0.44171679155673754,-0.43258832011535964,0.43258832011535964
BHEL,2026-07-02,2026-07,2026-07-01,GOLD-baseline,108.0,371.292,9.7709,-0.8614501076812608,0.0966417008939402,2.5364919837281565,normal,risk_on,Capital Goods,414.95,412.55,413.7465196374622,402.0,0.08991214091069376,3.6858316085323284,-0.15625983706852153,-3.3707883874606535,-2.8390618603281235,-2.8829344470080893,3.3707883874606535,0.15625983706852153,2.8390618603281235,2.7945646800388855,-3.120857934690924,3.120857934690924
BHEL,2026-07-03,2026-07,2026-07-02,GOLD-baseline,374.0,82.847,6.9039,-2.9688631426502576,-3.804737975592243,3.6809075549119,normal,risk_on,Capital Goods,402.0,391.85,396.8601121118599,383.3,0.1617009877659735,5.089954717924982,1.5975119934333708,-3.4924427244916116,-3.416849337591733,-3.460556546473231,3.4924427244916116,-1.5975119934333708,3.416849337591733,3.372390421855964,-4.651741293532336,4.651741293532336
BHEL,2026-07-06,2026-07,2026-07-03,GOLD-baseline,269.0,120.813,8.0542,-4.651741293532341,-7.482500603427466,5.024875621890544,normal,risk_on,Capital Goods,384.0,385.9,384.94765553968045,387.3,0.07894621350721648,2.5977557873369617,2.3515780210762784,-0.10330119795714732,0.6110816435605171,0.5662215361060073,0.10330119795714732,-2.3515780210762784,-0.6110816435605171,-0.6558073130534435,0.859375000000003,-0.859375000000003
BHEL,2026-07-07,2026-07,2026-07-06,GOLD-baseline,330.0,47.749,5.9687,1.043569006000511,-3.656716417910444,2.6089225150013045,normal,risk_on,Capital Goods,389.7,385.7,387.68968274439,375.35,0.09499031730355868,3.79169233907417,-0.38424616663636285,-3.2731546154547773,-3.182876226429196,-3.22665040449841,3.2731546154547773,0.38424616663636285,3.182876226429196,3.1384018155901674,-3.682319733128039,3.682319733128039
BHEL,2026-07-08,2026-07,2026-07-07,GOLD-baseline,243.0,71.316,7.1316,-3.085463465014193,-2.074093399426036,3.795507358636713,normal,risk_on,Capital Goods,374.0,373.2,373.5995717344754,377.5,0.12299292968101327,4.2023602776392615,3.720675642370365,-0.48168463526889577,1.0440130451479042,0.9990290214700437,0.48168463526889577,-3.720675642370365,-1.0440130451479042,-1.0887673859558322,0.9358288770053476,-0.9358288770053476
BHEL,2026-07-09,2026-07,2026-07-08,GOLD-baseline,130.0,125.172,7.8233,0.572798721193557,-2.530338239091145,4.182762754762219,normal,risk_off,Capital Goods,380.0,379.9,379.94999342018684,382.4,0.10299408419527298,2.0265824801540546,1.8555090674831392,-0.10527528019838087,0.6448234299885015,0.5999536647574296,0.10527528019838087,-1.8555090674831392,-0.6448234299885015,-0.6895513340649759,0.631578947368415,-0.631578947368415
BHEL,2026-07-10,2026-07,2026-07-09,GOLD,292.0,120.397,7.0822,1.298013245033114,1.8782469694951232,2.039735099337745,normal,neutral,Capital Goods,388.9,387.8,388.3492210634737,395.0,0.08239327871032995,2.626501985009222,1.9185770261422843,-0.25729961830162956,1.7125768704552833,1.6674014864279603,0.25729961830162956,-1.9185770261422843,-1.7125768704552833,-1.757375487571106,1.568526613525334,-1.568526613525334
BIOCON,2026-07-01,2026-07,2026-06-30,GOLD-baseline,395.0,0.0,0.0,0.930401159980665,0.3966346153846167,2.3924601256645808,normal,risk_on,Healthcare,421.45,428.1,424.74897298569834,417.6,0.0938334841474661,3.366694426470457,1.1420927001193752,-1.9656252320072083,-1.683105419995691,-1.7273088714637472,1.9656252320072083,-1.1420927001193752,1.683105419995691,1.6385316853352356,-0.913512872226828,0.913512872226828
BIOCON,2026-07-02,2026-07,2026-07-01,GOLD-baseline,312.0,7.077,7.0774,-0.0119717466778301,0.9183180280328608,3.4239195498623283,normal,risk_on,Healthcare,420.5,416.55,418.51568006690167,418.8,0.06887117571968274,1.5053199438054334,0.5936025939819516,-0.9117173498234817,0.06793531201815316,0.02323066716553545,0.9117173498234817,-0.5936025939819516,-0.06793531201815316,-0.11262501110212687,-0.40428061831153117,0.40428061831153117
BIOCON,2026-07-03,2026-07,2026-07-02,GOLD,355.0,7.077,7.0774,0.2873563218390718,0.2753501735903274,1.508620689655175,normal,risk_on,Healthcare,418.6,419.2,418.89978515158754,427.75,0.09519943693737708,2.434949923955895,2.3633850384597066,0.05973143393279494,2.112728428640714,2.0674385108334983,-0.05973143393279494,-2.3633850384597066,-2.112728428640714,-2.1575535461936295,2.1858576206402236,-2.1858576206402236
BIOCON,2026-07-06,2026-07,2026-07-03,STANDARD,231.0,42.606,8.5211,2.1370582617000977,2.430555555555558,2.4355300859598827,normal,risk_on,Healthcare,431.0,430.0,430.49941927990704,424.0,0.0819551037373108,2.787460206118815,-0.03470835806397937,-2.4969648734689383,-1.5097393838018578,-1.5539924571369896,2.4969648734689383,0.03470835806397937,1.5097393838018578,1.4651541678022895,-1.6241299303944314,1.6241299303944314
BIOCON,2026-07-07,2026-07,2026-07-06,GOLD,387.0,0.0,0.0,-0.8766803039158333,1.241642788920716,2.805376972530684,normal,risk_on,Healthcare,425.0,424.05,424.52446852364403,406.0,0.0911974760003369,5.04093440701361,0.33579489100203924,-4.552027022340589,-4.3635808762840025,-4.4070171059841075,4.552027022340589,-0.33579489100203924,4.3635808762840025,4.319184658791115,-4.470588235294118,4.470588235294118
BIOCON,2026-07-08,2026-07,2026-07-07,GOLD,395.0,0.0,0.0,-4.245283018867929,-5.0847457627118615,5.047169811320763,normal,risk_on,Healthcare,405.55,408.6,407.0692869864276,397.9,0.08114980342792524,3.8814031186113067,0.9778956902010518,-2.903507428410255,-2.2525126015545673,-2.296553073882675,2.903507428410255,-0.9778956902010518,2.2525126015545673,2.2079765764541177,-1.8863272099617887,1.8863272099617887
BIOCON,2026-07-09,2026-07,2026-07-08,GOLD,57.0,44.684,8.9368,-1.9950738916256203,-6.155660377358496,3.89162561576355,normal,risk_off,Healthcare,399.8,400.3,400.0498437695288,406.45,0.13047274749971122,3.68704056000021,2.3872415848193924,-1.2997989751808177,1.5998397025142541,1.5546965867955622,1.2997989751808177,-2.3872415848193924,-1.5998397025142541,-1.6446308534983929,1.663331665832911,-1.663331665832911
BIOCON,2026-07-10,2026-07,2026-07-09,STANDARD,146.0,106.82,8.9017,2.148781100779096,0.1108374384236388,3.706961548127671,normal,neutral,Healthcare,407.2,407.6,407.3999018163966,418.25,0.10279041633738462,3.878253266521556,3.04371653707265,-0.8345367294489052,2.663254982445533,2.6178074896249277,0.8345367294489052,-3.04371653707265,-2.663254982445533,-2.7081165591700005,2.7136542239685686,-2.7136542239685686
BLUESTARCO,2026-07-01,2026-07,2026-06-30,ENTERPRISE-Dryup,444.0,0.0,0.0,-1.159243441122637,-0.9477224090492232,1.909701037217813,normal,risk_on,Consumer Durables,1628.0,1632.8,1630.396467124632,1615.0,0.08713992940714092,2.4288570785386017,0.5276957506256893,-1.9011613279129123,-0.944338842428012,-0.9887537480984993,1.9011613279129123,-0.5276957506256893,0.944338842428012,0.8997161822121906,-0.7985257985257985,0.7985257985257985
BLUESTARCO,2026-07-02,2026-07,2026-07-01,ENTERPRISE-Dryup,449.0,0.0,0.0,-0.3086419753086433,-1.4643075045759568,2.444444444444439,normal,risk_on,Consumer Durables,1609.9,1621.0,1615.4309325574918,1606.0,0.08707270161600485,2.018037375846751,0.37569340292994496,-1.4504447132504026,-0.583802895402102,-0.6283209958345626,1.4504447132504026,-0.37569340292994496,0.583802895402102,0.5391563583326529,-0.2422510714951296,0.2422510714951296
BLUESTARCO,2026-07-03,2026-07,2026-07-02,ENTERPRISE-Dryup,350.0,7.172,7.1719,-0.5572755417956654,-0.8641975308641969,2.0185758513931837,normal,risk_on,Consumer Durables,1615.0,1612.1,1613.5486969725137,1580.0,0.08234302574828634,2.9438219056619612,0.6787091736390835,-2.265112732022878,-2.0791871379810702,-2.1232772205633146,2.265112732022878,-0.6787091736390835,2.0791871379810702,2.03463963422847,-2.1671826625387,2.1671826625387
BLUESTARCO,2026-07-06,2026-07,2026-07-03,ENTERPRISE-Dryup,463.0,0.0,0.0,-1.6189290161892855,-2.1671826625387025,2.957658779576588,normal,risk_on,Consumer Durables,1585.3,1587.0,1586.1495444945306,1595.0,0.08944568749859132,2.1813832195139033,1.8188988299122453,-0.26161117713859305,0.5579836741238585,0.5131387646887487,0.26161117713859305,-1.8188988299122453,-0.5579836741238585,-0.602705827150661,0.6118715700498357,-0.6118715700498357
BLUESTARCO,2026-07-07,2026-07,2026-07-06,GOLD,432.0,0.0,0.0,0.9493670886076,-0.6849315068493178,2.189873417721513,normal,risk_on,Consumer Durables,1605.0,1594.5,1599.732770745429,1611.1,0.08533257447392348,2.0815976648701846,1.004369576493961,-1.0772280883762235,0.7105705066774454,0.6656819229236011,1.0772280883762235,-1.004369576493961,-0.7105705066774454,-0.7553027649198206,0.3800623052959445,-0.3800623052959445
BLUESTARCO,2026-07-08,2026-07,2026-07-07,GOLD,168.0,40.519,8.1038,1.0094043887147297,1.9683544303797484,2.0877742946708437,normal,risk_on,Consumer Durables,1604.8,1599.7,1602.2459416445624,1580.0,0.09140450628965702,3.176790695924983,0.6649452545657388,-2.511845441359244,-1.3884224054722187,-1.43271020288079,2.511845441359244,-0.6649452545657388,1.3884224054722187,1.3438291551344435,-1.5453639082751718,1.5453639082751718
BLUESTARCO,2026-07-09,2026-07,2026-07-08,GOLD,442.0,0.0,0.0,-1.9303581404009675,-0.9404388714733593,3.159332133325063,normal,risk_off,Consumer Durables,1588.0,1597.9,1592.9346181612732,1616.0,0.09531729588133431,2.31647925654311,1.755588805710518,-0.10261677677393188,1.447980449150588,1.4028807994985495,0.10261677677393188,-1.755588805710518,-1.447980449150588,-1.4927615431038135,1.7632241813602016,-1.7632241813602016
BLUESTARCO,2026-07-10,2026-07,2026-07-09,STANDARD,138.0,81.093,9.0104,2.278481012658218,0.3041400285519247,2.3354430379746893,normal,neutral,Consumer Durables,1618.9,1621.6,1620.2488751735843,1663.0,0.08796601756866697,3.3575088885139173,3.076757255645359,-0.1387981320674212,2.638552970563584,2.5931125481010313,0.1387981320674212,-3.076757255645359,-2.638552970563584,-2.6834129113726126,2.724071900673291,-2.724071900673291
BOSCHLTD,2026-07-01,2026-07,2026-06-30,GOLD,342.0,12.395,6.1975,-0.807955251709136,-1.7241379310344862,2.411435674331883,normal,risk_on,Automobile and Auto Components,39950.0,40110.0,40029.84011991007,40730.0,0.0765447869572966,2.36073888171733,2.048871236140657,-0.3118676455766728,1.7490948702082978,1.7039090337799776,0.3118676455766728,-2.048871236140657,-1.7490948702082978,-1.7938959057651722,1.9524405506883606,-1.9524405506883606
BOSCHLTD,2026-07-02,2026-07,2026-07-01,STANDARD,192.0,25.396,8.4653,2.0802005012531266,1.2554381603480325,2.368421052631579,normal,risk_on,Automobile and Auto Components,40750.0,40790.0,40769.990188864365,41475.0,0.09548342908983423,2.85749394248861,2.2197940370925644,-0.6376999053960462,1.7292371370945196,1.6840569844657176,0.6376999053960462,-2.2197940370925644,-1.7292371370945196,-1.7740368575531609,1.7791411042944787,-1.7791411042944787
BOSCHLTD,2026-07-03,2026-07,2026-07-02,ENTERPRISE-Dryup,240.0,69.025,8.6281,1.8291185858089865,3.9473684210526327,2.860299533513381,normal,risk_on,Automobile and Auto Components,41400.0,41715.0,41556.90308608555,41805.0,0.08613908887861663,2.8274484207015513,2.4258230018395928,0.21199104690731455,0.5970052999390151,0.5521492215000348,-0.21199104690731455,-2.4258230018395928,-0.5970052999390151,-0.6417300372120088,0.9782608695652175,-0.9782608695652175
BOSCHLTD,2026-07-06,2026-07,2026-07-03,GOLD-baseline,228.0,111.085,8.545,0.7956600361663568,2.639332187576726,2.8330319469559977,normal,risk_on,Automobile and Auto Components,41895.0,42100.0,41997.24983629977,41925.0,0.07872324406696021,1.7858312221000416,0.6256365945970186,-1.160194627503023,-0.17203468460766672,-0.2166706438080302,1.160194627503023,-0.6256365945970186,0.17203468460766672,0.12736087777668953,0.0716075904045829,-0.0716075904045829
BOSCHLTD,2026-07-07,2026-07,2026-07-06,GOLD-baseline,430.0,0.0,0.0,0.2870470039469053,1.0849909584086823,1.794043774668102,normal,risk_on,Automobile and Auto Components,42180.0,42355.0,42267.318862009815,41925.0,0.06536230458935367,2.0346689195206427,0.5978168116485296,-1.4368521078721133,-0.8098901733686593,-0.8543435617438967,1.4368521078721133,-0.5978168116485296,0.8098901733686593,0.7652586091552809,-0.604551920341394,0.604551920341394
BOSCHLTD,2026-07-08,2026-07,2026-07-07,ENTERPRISE-Dryup,433.0,0.0,0.0,0.0,0.2870470039469053,2.051282051282051,extended_move,risk_on,Automobile and Auto Components,42000.0,41880.0,41939.91416309013,41700.0,0.07488409017646717,1.7763507981989355,0.27440646745804387,-1.501944330740892,-0.5720425706099054,-0.6165640371530899,1.501944330740892,-0.27440646745804387,0.5720425706099054,0.5273952547011866,-0.7142857142857143,0.7142857142857143
BOSCHLTD,2026-07-09,2026-07,2026-07-08,GOLD-baseline,443.0,0.0,0.0,-0.536672629695889,-0.536672629695889,1.7769827072152653,normal,risk_off,Automobile and Auto Components,41610.0,41910.0,41759.46120689656,42170.0,0.0583978906080735,1.7002135072632207,1.3423037005345013,-0.25014979570499407,0.9831036637887505,0.9381370739594789,0.25014979570499407,-1.3423037005345013,-0.9831036637887505,-1.0278539708119885,1.345830329247777,-1.345830329247777
BOSCHLTD,2026-07-10,2026-07,2026-07-09,ENTERPRISE-Dryup,92.0,9.959,9.9585,1.127098321342923,0.584376863446634,1.7026378896882497,normal,neutral,Automobile and Auto Components,42325.0,42355.0,42339.99468587624,41765.0,0.051034684223370284,1.8068023051859012,0.20076836276059956,-1.4643239577048388,-1.3580414691644918,-1.4023379623869388,1.4643239577048388,-0.20076836276059956,1.3580414691644918,1.3134462068188286,-1.3230950974601299,1.3230950974601299
BPCL,2026-07-01,2026-07,2026-06-30,GOLD,222.0,8.058,8.0583,1.146941489361697,-1.85483870967742,1.512632978723408,normal,risk_on,Oil Gas & Consumable Fuels,305.2,304.3,304.7493355209188,303.95,0.07149587946659396,1.7555411534712877,0.09865960119889011,-1.1810806789016806,-0.26229278549614693,-0.3069029104813255,1.1810806789016806,-0.09865960119889011,0.26229278549614693,0.2176249560981592,-0.40956749672346004,0.40956749672346004
BPCL,2026-07-02,2026-07,2026-07-01,ENTERPRISE-Dryup,411.0,0.0,0.0,-0.098603122432217,1.0472074468085069,1.758422350041092,normal,risk_on,Oil Gas & Consumable Fuels,305.0,305.9,305.44933704370595,310.85,0.09352828933721047,3.1756493871885674,2.963065182557267,-0.1143682442027838,1.768104330677039,1.7229130532468866,0.1143682442027838,-2.963065182557267,-1.768104330677039,-1.8129066251544423,1.9180327868852531,-1.9180327868852531
BPCL,2026-07-03,2026-07,2026-07-02,STANDARD,65.0,57.078,11.4156,2.2701102154959907,2.1692686935086414,3.19131436091462,normal,risk_on,Oil Gas & Consumable Fuels,313.6,310.4,311.99179487179487,307.8,0.05706966874384647,2.2115966231853674,-0.38199558173784437,-1.6961327056595852,-1.343559330948869,-1.3878599693358087,1.6961327056595852,0.38199558173784437,1.343559330948869,1.2989631095091203,-1.8494897959183707,1.8494897959183707
BPCL,2026-07-06,2026-07,2026-07-03,ENTERPRISE-Dryup,266.0,8.058,8.0583,-0.9811806337461816,1.2666556999506584,2.2197201222454668,normal,risk_on,Oil Gas & Consumable Fuels,308.15,306.95,307.5488294586246,308.2,0.056940831169834054,1.5769853549881419,1.0896385290343704,-0.4873468259537713,0.21172915615437152,0.16698335376492207,0.4873468259537713,-1.0896385290343704,-0.21172915615437152,-0.256428378129467,0.016225864027263143,-0.016225864027263143
BPCL,2026-07-07,2026-07,2026-07-06,ENTERPRISE-Dryup,386.0,0.0,0.0,0.1299545159194171,-0.852501206369638,1.5756985055230557,normal,risk_on,Oil Gas & Consumable Fuels,309.5,311.85,310.6705560473164,313.1,0.07425848619954162,2.6072634957933896,1.6671821168320795,-0.9400813789613099,0.7820000657911164,0.7370910370402852,0.9400813789613099,-1.6671821168320795,-0.7820000657911164,-0.8267370545274735,1.1631663974151931,-1.1631663974151931
BPCL,2026-07-08,2026-07,2026-07-07,ENTERPRISE-Dryup,172.0,8.058,8.0583,1.5898767034393302,1.7218973359324208,2.628163530175218,normal,risk_on,Oil Gas & Consumable Fuels,306.95,303.4,305.1646760055705,303.0,0.08272356594911996,2.7689967628644534,0.3720365047784101,-1.8890377749570597,-0.7093468463994217,-0.7538290128889642,1.8890377749570597,-0.3720365047784101,0.7093468463994217,0.6647086236036713,-1.2868545365694701,1.2868545365694701
BPCL,2026-07-09,2026-07,2026-07-08,GOLD-baseline,229.0,6.974,6.9736,-3.2258064516129115,-1.6872160934458091,2.698818268923681,normal,risk_off,Oil Gas & Consumable Fuels,303.55,300.0,301.7645596885097,308.5,0.08060783687366097,3.0984420468895917,2.4308488442321403,-0.6675932026574513,2.232018338549379,2.1866942768684092,0.6675932026574513,-2.4308488442321403,-2.232018338549379,-2.2768513561958676,1.6307033437654384,-1.6307033437654384
BPCL,2026-07-10,2026-07,2026-07-09,GOLD,285.0,21.508,7.1692,1.8151815181518092,-1.469179175982116,3.0858085808580933,normal,neutral,Oil Gas & Consumable Fuels,312.0,311.05,311.52427574030975,310.2,0.06250882103069844,1.4926605603847936,0.7144625420927525,-0.7781980182920412,-0.4250955201365078,-0.4696590467461612,0.7781980182920412,-0.7144625420927525,0.4250955201365078,0.38043847251242435,-0.5769230769230806,0.5769230769230806
BRITANNIA,2026-07-01,2026-07,2026-06-30,GOLD,392.0,0.0,0.0,0.5656329237370805,-1.5090735434574951,1.960210649502633,normal,risk_on,Fast Moving Consumer Goods,5146.5,5137.5,5141.996061843641,5252.0,0.07506505328884228,3.131079799821436,2.606068471167065,-0.5250113286543713,2.1393236562868507,2.0940261262340063,0.5250113286543713,-2.606068471167065,-2.1393236562868507,-2.184150535135312,2.0499368502866027,-2.0499368502866027
BRITANNIA,2026-07-02,2026-07,2026-07-01,GOLD-baseline,230.0,48.348,8.058,1.8619084561675825,2.4380729471425777,3.122575640031032,normal,risk_on,Fast Moving Consumer Goods,5287.0,5287.0,5287.0,5379.0,0.07024705544119594,2.4777756761868734,2.004917722716096,-0.12294306790240211,1.7401172687724606,1.6949340019670889,0.12294306790240211,-2.004917722716096,-1.7401172687724606,-1.7849177097787023,1.7401172687724606,-1.7401172687724606
BRITANNIA,2026-07-03,2026-07,2026-07-02,STANDARD,273.0,90.693,8.2448,2.418126428027412,4.325058184639263,2.4942878903274943,normal,risk_on,Fast Moving Consumer Goods,5409.5,5442.5,5425.949824917066,5374.5,0.05789687283224326,1.4743962362612297,0.35109383052994925,-1.0680125468714843,-0.9482178526752594,-0.9926316480721595,1.0680125468714843,-0.35109383052994925,0.9482178526752594,0.9035954493507706,-0.6470098900083188,0.6470098900083188
BRITANNIA,2026-07-06,2026-07,2026-07-03,GOLD,204.0,115.804,8.908,-0.0836586726157273,2.332444782939836,1.4872652909462725,normal,risk_on,Fast Moving Consumer Goods,5379.0,5395.0,5386.988119547057,5449.5,0.04961817021728949,1.8191983688324884,1.4295906867420038,-0.3896076820904845,1.1604235811494417,1.1154062377495035,0.3896076820904845,-1.4295906867420038,-1.1604235811494417,-1.2051856313615268,1.3106525376464027,-1.3106525376464027
BRITANNIA,2026-07-07,2026-07,2026-07-06,GOLD,197.0,33.272,8.318,1.3954786491766624,1.310652537646395,1.823425434924179,normal,risk_on,Fast Moving Consumer Goods,5454.0,5428.5,5441.220124052377,5452.0,0.058860050230403624,1.194585010679386,0.7770293240063693,-0.4175556866730169,0.1981150496002052,0.15337314392201834,0.4175556866730169,-0.7770293240063693,-0.1981150496002052,-0.24281336996748004,-0.03667033370003667,0.03667033370003667
BRITANNIA,2026-07-08,2026-07,2026-07-07,ENTERPRISE-Dryup,372.0,0.0,0.0,0.0458757684191235,1.4419946041492215,1.1927699788971464,normal,risk_on,Fast Moving Consumer Goods,5410.0,5456.0,5432.902632063317,5337.5,0.06897068015708846,3.5708352079617955,0.6828277708815581,-2.8880074370802378,-1.7560158634222456,-1.8001984460257217,2.8880074370802378,-0.6828277708815581,1.7560158634222456,1.7114469573288167,-1.3401109057301293,1.3401109057301293
BRITANNIA,2026-07-09,2026-07,2026-07-08,ENTERPRISE-Dryup,411.0,0.0,0.0,-2.100146735143072,-2.055234425176622,3.5583272193690387,normal,risk_off,Fast Moving Consumer Goods,5326.0,5343.0,5334.48645608773,5348.5,0.06521619697081903,1.17162168307082,1.012535027633807,-0.027865026933080975,0.26269715046848235,0.21793675971389237,0.027865026933080975,-1.012535027633807,-0.26269715046848235,-0.30739974784996926,0.4224558768306422,-0.4224558768306422
BRITANNIA,2026-07-10,2026-07,2026-07-09,ENTERPRISE-Dryup,420.0,0.0,0.0,0.2060889929742293,-1.8983859134262704,1.1709601873536302,normal,neutral,Fast Moving Consumer Goods,5390.0,5355.0,5372.442996742671,5358.0,0.06289083544596942,1.5263074926940472,0.6059999757478692,-0.920307516946178,-0.2688348066499383,-0.3134430591385701,0.920307516946178,-0.6059999757478692,0.2688348066499383,0.2241674105038435,-0.5936920222634509,0.5936920222634509
BSE,2026-07-01,2026-07,2026-06-30,ENTERPRISE-Dryup,353.0,35.571,5.9284,-0.0284090909090872,-0.1058064516128998,1.7846074380165269,normal,risk_on,Financial Services,3870.0,3899.9,3884.8924696585545,3945.0,0.08167461469558189,2.162222008872817,1.7788788462276113,-0.0873246733352368,1.5472122024198096,1.5020841500599598,0.0873246733352368,-1.7788788462276113,-1.5472122024198096,-1.591999868095127,1.937984496124031,-1.937984496124031
BSE,2026-07-02,2026-07,2026-07-01,ENTERPRISE-Dryup,94.0,221.319,10.0599,1.914283499961256,1.8853305785123895,2.1700379756645742,normal,risk_on,Financial Services,3963.7,3952.0,3957.841353259977,3840.0,0.10550906637740458,3.7949979949621717,0.006535045671040541,-3.482740740642383,-2.9774147759337044,-3.021247762412048,3.482740740642383,-0.006535045671040541,2.9774147759337044,2.932926758204655,-3.120821454701411,3.120821454701411
BSE,2026-07-03,2026-07,2026-07-02,ENTERPRISE-Dryup,387.0,19.971,6.6568,-2.661596958174905,-0.7982639696194727,3.8073510773130494,normal,risk_on,Financial Services,3870.0,3850.9,3860.4263751635176,3815.5,0.08826235564690832,2.564483566813436,0.24799397543430374,-2.2128740937301044,-1.1637671800336988,-1.2081192796088265,2.2128740937301044,-0.24799397543430374,1.1637671800336988,1.1191590516789638,-1.4082687338501292,1.4082687338501292
BSE,2026-07-06,2026-07,2026-07-03,ENTERPRISE-Dryup,384.0,26.429,6.6072,-0.6380208333333304,-3.282636248415716,2.578125,normal,risk_on,Financial Services,3829.0,3795.5,3812.176405010165,3806.6,0.09809176963524821,2.7726943554102914,0.12653126396500036,-2.3313822753154563,-0.14627877668085898,-0.19092210789172473,2.3313822753154563,-0.12653126396500036,0.14627877668085898,0.10160326413912343,-0.5850091407678268,0.5850091407678268
BSE,2026-07-07,2026-07,2026-07-06,GOLD,106.0,157.242,9.8276,-0.2332590748263641,-0.8697916666666639,2.7702791246232423,normal,risk_on,Financial Services,3820.0,3798.0,3808.968233132056,3678.7,0.1107590265583151,4.988227477123534,-0.04379750709246563,-4.682849060817359,-3.4200398942402988,-3.46374618990153,4.682849060817359,0.04379750709246563,3.4200398942402988,3.3755811898023347,-3.698952879581156,3.698952879581156
BSE,2026-07-08,2026-07,2026-07-07,GOLD-baseline,302.0,12.357,6.1787,-3.3599537645142674,-3.5853754422749406,4.991330846424631,normal,risk_on,Financial Services,3640.0,3696.1,3667.835498425594,3757.0,0.11425168332897694,3.568862345549261,2.752699831215031,-0.668936718566726,2.4309842034267812,2.3856031925421712,0.668936718566726,-2.752699831215031,-2.4309842034267812,-2.475830397786637,3.214285714285714,-3.214285714285714
BSE,2026-07-09,2026-07,2026-07-08,STANDARD,107.0,113.429,8.1021,2.1284692962187712,-1.3030000525403262,3.5583222333976705,normal,risk_off,Financial Services,3762.0,3772.4,3767.1928222552556,3811.8,0.08074740290209523,2.4262097618163025,2.2512035286257004,-0.13784328279078795,1.1840959528596737,1.1390718338114705,0.13784328279078795,-2.2512035286257004,-1.1840959528596737,-1.2288595707982477,1.3237639553429075,-1.3237639553429075
BSE,2026-07-10,2026-07,2026-07-09,GOLD,69.0,334.189,10.4434,1.4586105935586955,3.6181259684127554,2.4327921213734385,normal,neutral,Financial Services,3815.0,3828.4,3821.6882539184126,3812.0,0.09557145026790169,2.3261970651020554,0.7146513338335343,-1.6115457312685206,-0.25350717470162826,-0.2981198143570421,1.6115457312685206,-0.7146513338335343,0.25350717470162826,0.20883876346778005,-0.07863695937090433,0.07863695937090433
CAMS,2026-07-01,2026-07,2026-06-30,GOLD,135.0,141.859,9.4573,1.3267626990143944,0.2312355477782635,2.2491786707101284,normal,risk_on,Financial Services,792.1,798.65,795.3615150086438,792.75,0.06596477639905873,2.061955436682368,0.6334836293030148,-1.3530344133543855,-0.3283431445152833,-0.37293436417040127,1.3530344133543855,-0.6334836293030148,0.3283431445152833,0.28367968936837196,0.08206034591591684,-0.08206034591591684
CAMS,2026-07-02,2026-07,2026-07-01,GOLD,224.0,8.058,8.0583,-1.1410400299289192,0.1705837755875627,2.045142785883524,normal,risk_on,Financial Services,792.0,789.8,790.8984700973574,800.0,0.08553409111017984,3.217859303339811,2.668045356067645,-0.5498139472721656,1.1507836020370887,1.105769017849812,0.5498139472721656,-2.668045356067645,-1.1507836020370887,-1.1955450138319172,1.0101010101010102,-1.0101010101010102
CAMS,2026-07-03,2026-07,2026-07-02,GOLD,42.0,24.823,12.4116,0.9145380006307268,-0.2369372739743136,3.2103437401450705,normal,risk_on,Financial Services,799.95,799.3,799.6248679068314,796.3,0.08473087123553624,1.8196032394649404,1.284994064787619,-0.5346091746773214,-0.415803464884086,-0.46036965112154604,0.5346091746773214,-1.284994064787619,0.415803464884086,0.3711458018843514,-0.4562785174073493,0.4562785174073493
CAMS,2026-07-06,2026-07,2026-07-03,GOLD,119.0,31.817,10.6058,-0.4625000000000101,0.4478082623778023,1.8187499999999943,normal,risk_on,Financial Services,798.0,790.5,794.2322946175638,788.5,0.08459622137495772,1.989342426274409,-0.09849695395984812,-1.5149591245666307,-0.7217403090268382,-0.7662189281851467,1.5149591245666307,0.09849695395984812,0.7217403090268382,0.6771029070005438,-1.1904761904761905,1.1904761904761905
CAMS,2026-07-07,2026-07,2026-07-06,GOLD,431.0,0.0,0.0,-0.9795303277659096,-1.4375000000000029,1.9841768177822372,normal,risk_on,Financial Services,788.9,784.7,786.7943950177935,777.35,0.08230648717788105,2.2432798341936357,-0.22806403161437064,-1.975661636156157,-1.2003637897776163,-1.2447054144515233,1.975661636156157,0.22806403161437064,1.2003637897776163,1.155758085069958,-1.4640638864241293,1.4640638864241293
CAMS,2026-07-08,2026-07,2026-07-07,GOLD,333.0,5.812,5.8119,-1.4140773620798908,-2.3797563732261606,2.238427393785666,normal,risk_on,Financial Services,775.0,770.7,772.8440188911175,752.0,0.09256254082824054,4.049976351620012,0.0978180707107306,-3.732191514207883,-2.697053788554205,-2.7409670216365223,3.732191514207883,-0.0978180707107306,2.697053788554205,2.652547203638406,-2.967741935483871,2.967741935483871
CAMS,2026-07-09,2026-07,2026-07-08,ENTERPRISE-Dryup,440.0,0.0,0.0,-3.261079307905068,-4.629042485732404,4.026500289444903,normal,risk_off,Financial Services,749.5,748.05,748.7742980200994,778.0,0.09649971707635434,4.353781918823947,4.116821592489162,-0.18353968929400336,3.9031390443260205,3.857336664449919,0.18353968929400336,-4.116821592489162,-3.9031390443260205,-3.9480827336123703,3.802535023348899,-3.802535023348899
CAMS,2026-07-10,2026-07,2026-07-09,STANDARD,110.0,95.032,9.5032,3.4574468085106336,0.0836174181514159,4.335106382978726,normal,neutral,Financial Services,777.9,779.2,778.5494573245135,792.3,0.09400857777363948,2.247769853971613,2.1643509628011848,-0.07057449200487274,1.7661745886690678,1.7209838635812515,0.07057449200487274,-2.1643509628011848,-1.7661745886690678,-1.810976755347377,1.8511376783648252,-1.8511376783648252
CANBK,2026-07-01,2026-07,2026-06-30,GOLD-baseline,389.0,0.0,0.0,-0.3244954491491869,-2.583539603960394,1.9944598337950104,normal,risk_on,Financial Services,126.06,126.13,126.0949902851025,125.89,0.07251878673494938,1.570244777784734,1.1935523461278275,-0.37669243165690663,-0.16256814377717219,-0.20720681254765141,0.37669243165690663,-1.1935523461278275,0.16256814377717219,0.11789371001506196,-0.13485641757893202,0.13485641757893202
CANBK,2026-07-02,2026-07,2026-07-01,GOLD,409.0,0.0,0.0,-0.0397014451326005,-0.3640680648990813,1.5721772272510637,normal,risk_on,Financial Services,128.27,128.57,128.41982479364586,126.25,0.07417824532492906,2.5696967001027082,0.40505833674044783,-1.9154556530492757,-1.6896338218281233,-1.7338354046978366,1.9154556530492757,-0.40505833674044783,1.6896338218281233,1.6450605195176076,-1.574803149606307,1.574803149606307
CANBK,2026-07-03,2026-07,2026-07-02,GOLD-baseline,432.0,0.0,0.0,0.285963936770206,0.2461489598221344,2.6213360870601297,normal,risk_on,Financial Services,127.5,126.12,126.80624556422995,127.09,0.07768700628261518,2.7601164157385014,1.0991212850506402,-1.660995130687861,0.22377007891643794,0.17902083010183,1.660995130687861,-1.0991212850506402,-0.22377007891643794,-0.26847009831368424,-0.3215686274509777,0.3215686274509777
CANBK,2026-07-06,2026-07,2026-07-03,GOLD-baseline,267.0,8.058,8.0583,0.6653465346534659,0.9532131225673312,2.772277227722761,normal,risk_on,Financial Services,126.61,126.91,126.7598224992111,126.7,0.05942461408357096,1.278007469606615,0.6549216340170191,-0.6230858355895961,-0.04719358076686057,-0.09186527273701199,0.6230858355895961,-0.6549216340170191,0.04719358076686057,0.002511506208940438,0.07108443250928316,-0.07108443250928316
CANBK,2026-07-07,2026-07,2026-07-06,GOLD,384.0,0.0,0.0,-0.3068691478479768,0.3564356435643567,1.2746872295223892,normal,risk_on,Financial Services,126.4,126.37,126.38499821972545,125.08,0.04897806931708863,1.6695019422571646,0.3758371539070985,-1.2936647883500663,-1.032557849513639,-1.076947504610604,1.2936647883500663,-0.3758371539070985,1.032557849513639,0.9879410316897809,-1.0443037974683602,1.0443037974683602
CANBK,2026-07-08,2026-07,2026-07-07,ENTERPRISE-Dryup,386.0,0.0,0.0,-1.2786108918705683,-1.5815563773703745,1.6653512233622727,normal,risk_on,Financial Services,124.0,123.66,123.82976661552128,121.51,0.08712385690490711,3.577492004612027,0.8885047711466978,-2.6889872334653293,-1.873351358824661,-1.9175003569586302,2.6889872334653293,-0.8885047711466978,1.873351358824661,1.8287902233917506,-2.008064516129028,2.008064516129028
CANBK,2026-07-09,2026-07,2026-07-08,ENTERPRISE-Dryup,381.0,0.0,0.0,-2.854173329069387,-4.096290449881613,3.5417332906939616,normal,risk_off,Financial Services,121.77,121.87,121.81997947791825,125.25,0.07365230710836054,3.1193569530101635,2.856691108466778,0.032852182583893164,2.8156469380324363,2.770155826671951,-0.032852182583893164,-2.856691108466778,-2.8156469380324363,-2.8605186070665543,2.857846760285788,-2.857846760285788
CANBK,2026-07-10,2026-07,2026-07-09,STANDARD,279.0,43.164,7.194,3.077935972347956,0.135913015669975,3.127314624310753,normal,neutral,Financial Services,125.4,125.9,125.64950258654994,128.88,0.09585462386350291,4.91048501823552,4.640286903988244,0.07998234086190072,2.5710387601612825,2.5256176620211166,-0.07998234086190072,-4.640286903988244,-2.5710387601612825,-2.615894229774213,2.775119617224872,-2.775119617224872
CDSL,2026-07-01,2026-07,2026-06-30,ENTERPRISE-Dryup,360.0,5.812,5.8119,0.1689967736979492,-0.987091875474566,1.3980642187740089,normal,risk_on,Financial Services,1308.8,1314.7,1311.7433657327997,1334.1,0.07447899241433553,2.9960128655230656,2.535300359504515,0.11866911683068777,1.7043451372601965,1.659172109368939,-0.11866911683068777,-2.535300359504515,-1.7043451372601965,-1.7491432092212567,1.9330684596576984,-1.9330684596576984
CDSL,2026-07-02,2026-07,2026-07-01,STANDARD,279.0,30.2,7.5501,2.308282208588941,2.481179904747277,3.013803680981592,normal,risk_on,Financial Services,1335.8,1335.3,1335.5499532028002,1351.0,0.06471054109933215,1.8718880518132,1.5312079303479622,-0.34068012146523774,1.1568303199853223,1.1118140050701542,0.34068012146523774,-1.5312079303479622,-1.1568303199853223,-1.2015921322300935,1.1378948944452798,-1.1378948944452798
CDSL,2026-07-03,2026-07,2026-07-02,ENTERPRISE-Dryup,203.0,83.522,9.2803,1.266771606326378,3.6042944785276143,1.873922494565625,normal,risk_on,Financial Services,1357.9,1355.4,1356.6488482659493,1347.8,0.0636135052523104,1.4963341491018385,0.6819120324227995,-0.8144221166790389,-0.6522578246581481,-0.6967563315100275,0.8144221166790389,-0.6819120324227995,0.6522578246581481,0.6076158210848439,-0.74379556668386,0.74379556668386
CDSL,2026-07-06,2026-07,2026-07-03,ENTERPRISE-Dryup,130.0,83.066,10.3832,-0.2368615840118493,1.0269095270219577,1.502590673575143,normal,risk_on,Financial Services,1350.0,1345.6,1347.796408962754,1359.8,0.07401889960561961,1.617454969833088,1.2393259787730777,-0.2890947725370845,0.8906086228916279,0.8456685075479321,0.2890947725370845,-1.2393259787730777,-0.8906086228916279,-0.9353528043382875,0.7259259259259225,-0.7259259259259225
CDSL,2026-07-07,2026-07,2026-07-06,ENTERPRISE-Dryup,267.0,28.676,7.1691,0.89033981302864,0.6513693560325606,1.617450660335358,normal,risk_on,Financial Services,1359.0,1357.5,1358.2495858641632,1359.0,0.06172067517488028,1.5313827603169345,0.38655738904542175,-1.1448253712715126,0.055248618784545775,0.010547605193385545,1.1448253712715126,-0.38655738904542175,-0.055248618784545775,-0.0999374776795734,0.0,0.0
CDSL,2026-07-08,2026-07,2026-07-07,ENTERPRISE-Dryup,334.0,5.812,5.8119,-0.0588321812031167,0.8309838254934032,1.5296367112810674,normal,risk_on,Financial Services,1347.0,1350.0,1348.4983314794215,1313.0,0.0977562073700293,4.671863400148479,1.1495504413099131,-3.5223129588385653,-2.632434215953141,-2.676365944837246,3.5223129588385653,-1.1495504413099131,2.632434215953141,2.587923351541527,-2.5241276911655532,2.5241276911655532
CDSL,2026-07-09,2026-07,2026-07-08,ENTERPRISE-Dryup,349.0,5.812,5.8119,-3.3848417954378207,-3.441682600382401,4.635761589403973,normal,risk_off,Financial Services,1316.0,1327.4,1321.6754180222442,1348.0,0.08082565245227466,2.9205355167883025,2.4911246383793717,0.43313069908814134,1.991758461933709,1.9465031688761836,-0.43313069908814134,-2.4911246383793717,-1.991758461933709,-2.036575568129609,2.43161094224924,-2.43161094224924
CDSL,2026-07-10,2026-07,2026-07-09,STANDARD,271.0,29.337,7.3342,2.6656511805026595,-0.8094186902133926,2.9398324447829327,normal,neutral,Financial Services,1353.5,1365.8,1359.6221821792374,1431.5,0.12195836758635442,6.641550953167356,6.132425530681069,0.32198781971516166,5.286602319591095,5.240403956555568,-0.32198781971516166,-6.132425530681069,-5.286602319591095,-5.331637630116313,5.762837089028445,-5.762837089028445
CGPOWER,2026-07-01,2026-07,2026-06-30,GOLD-baseline,242.0,23.781,7.9271,-0.9583333333333388,0.944898609194178,2.052083333333338,normal,risk_on,Capital Goods,958.0,960.9,959.4478086403668,976.0,0.08311672977951425,3.0121492529076863,2.027436113195032,-0.9847131397126544,1.7251789217267888,1.6799999306647386,0.9847131397126544,-2.027436113195032,-1.7251789217267888,-1.769978373426059,1.8789144050104383,-1.8789144050104383
CGPOWER,2026-07-02,2026-07,2026-07-01,STANDARD,156.0,125.93,8.995,2.6503996634413163,1.6666666666666607,3.0395456457719794,normal,risk_on,Capital Goods,980.0,966.1,973.0003596937464,957.4,0.0969823898155995,2.980471662839652,-0.03086943296104344,-2.1685870394115594,-1.6033251723212807,-1.6475514589705078,2.1685870394115594,0.03086943296104344,1.6033251723212807,1.5587461541341427,-2.306122448979594,2.306122448979594
CGPOWER,2026-07-03,2026-07,2026-07-02,GOLD-baseline,332.0,44.468,7.4113,-1.9057377049180315,0.6941522928060495,2.971311475409836,normal,risk_on,Capital Goods,911.4,896.4,903.8377696647859,894.4,0.18991782484990255,4.303869710426812,2.4520141865097727,-1.8518555239170391,-1.0441884574359195,-1.0885747835505015,1.8518555239170391,-2.4520141865097727,1.0441884574359195,0.9995724098607016,-1.8652622339258285,1.8652622339258285
CGPOWER,2026-07-06,2026-07,2026-07-03,GOLD-baseline,252.0,90.445,8.2223,-6.580321704616665,-8.360655737704924,4.063087528723624,gap,risk_on,Capital Goods,900.0,900.15,900.0749937505207,924.0,0.09581691851475058,3.4997083819363444,2.980307911644368,-0.5194004702919767,2.658112536799437,2.612666515880479,0.5194004702919767,-2.980307911644368,-2.658112536799437,-2.702973772960299,2.666666666666667,-2.666666666666667
CGPOWER,2026-07-07,2026-07,2026-07-06,STANDARD,16.0,265.195,12.0543,3.3094812164579546,-3.488614998955497,3.5219141323792487,normal,risk_on,Capital Goods,925.05,925.9,925.4748048299522,910.25,0.09788260101397298,3.128124055772578,0.0459434625155383,-2.8984910977539817,-1.645080422556679,-1.6892947577676525,2.8984910977539817,-0.0459434625155383,1.645080422556679,1.6005041696527433,-1.5999135181882012,1.5999135181882012
CGPOWER,2026-07-08,2026-07,2026-07-07,GOLD,148.0,41.423,8.2846,-1.4880952380952328,1.7721377459749554,3.1331168831168883,normal,risk_on,Capital Goods,908.0,902.25,905.1158679740367,909.05,0.09336719137714386,2.944374410278755,2.0863773019726737,-0.45473382134482804,0.43465507181629254,0.38984546223370686,0.45473382134482804,-2.0863773019726737,-0.43465507181629254,-0.47936905728307866,0.11563876651981878,-0.11563876651981878
CGPOWER,2026-07-09,2026-07,2026-07-08,GOLD-baseline,98.0,24.659,8.2197,-0.1318319143092661,-1.6179653679653685,2.9277670969513845,normal,risk_off,Capital Goods,910.8,915.0,912.8951692408805,911.35,0.07892897173811524,2.141538334161293,1.0630827159694156,-1.0784556181918774,-0.16926031519756457,-0.21389706849458684,1.0784556181918774,-1.0630827159694156,0.16926031519756457,0.12458632463119884,0.06038647342995918,-0.06038647342995918
CGPOWER,2026-07-10,2026-07,2026-07-09,ENTERPRISE-Dryup,94.0,49.482,9.8965,0.2530113855123472,0.1208459214501633,2.1505967768549663,normal,neutral,Capital Goods,916.95,916.0,916.4747538121607,916.0,0.06333656463019843,1.107504593855994,0.7883737285490207,-0.3191308653069734,-0.05180217023828258,-0.09647254311030395,0.3191308653069734,-0.7883737285490207,0.05180217023828258,0.0071204008888087755,-0.10360434047658493,0.10360434047658493
CHOLAFIN,2026-07-01,2026-07,2026-06-30,GOLD,118.0,19.445,9.7223,0.3356080098445124,-0.3444444444444472,1.901778722452176,extended_move,risk_on,Financial Services,1790.0,1787.9,1788.9493837167054,1799.9,0.0693435960869211,1.805529004565461,1.076085017190356,-0.6903148758210526,0.6121255516209082,0.56726514537277,0.6903148758210526,-1.076085017190356,-0.6121255516209082,-0.6568512902476898,0.5530726256983292,-0.5530726256983292
CHOLAFIN,2026-07-02,2026-07,2026-07-01,GOLD,113.0,19.445,9.7223,0.3400602073809766,0.6768094865197583,1.800646671869784,extended_move,risk_on,Financial Services,1814.9,1807.0,1810.941384356277,1787.0,0.06749571022005615,1.855388600108871,-0.029895189372424875,-1.6367942448238588,-1.3220408215911026,-1.3663476191349018,1.6367942448238588,0.029895189372424875,1.3220408215911026,1.2774431750665534,-1.5372747809796732,1.5372747809796732
CHOLAFIN,2026-07-03,2026-07,2026-07-02,ENTERPRISE-Dryup,363.0,6.994,6.9941,-0.7167064836935411,-0.3790835098673173,1.866770376132015,extended_move,risk_on,Financial Services,1800.0,1807.6,1803.7919946779018,1790.1,0.07457618940067788,1.9459006417348923,0.8985517936613532,-1.0473488480735391,-0.7590672715202312,-0.8035352067313731,1.0473488480735391,-0.8985517936613532,0.7590672715202312,0.714432341509355,-0.550000000000005,0.550000000000005
CHOLAFIN,2026-07-06,2026-07,2026-07-03,ENTERPRISE-Dryup,363.0,6.994,6.9941,0.1734750979294874,-0.5444746930385103,1.9641857862339065,extended_move,risk_on,Financial Services,1808.9,1813.4,1811.1472048146206,1855.0,0.1139364005258697,2.6999461926677024,2.5758698719441995,-0.11855495836631416,2.421271725942779,2.3758934950217494,0.11855495836631416,-2.5758698719441995,-2.421271725942779,-2.4661172770841016,2.5485101442865776,-2.5485101442865776
CHOLAFIN,2026-07-07,2026-07,2026-07-06,STANDARD,110.0,78.157,9.7696,3.6254957823585343,3.805260212646888,2.7316909669850773,extended_move,risk_on,Financial Services,1862.0,1862.5,1862.2499664384482,1850.2,0.07291722856612184,1.7666801231266134,0.6846574730209971,-1.0820226501056163,-0.6470649298221582,-0.6915649230155549,1.0820226501056163,-0.6846574730209971,0.6470649298221582,0.6024225823442007,-0.6337271750805561,0.6337271750805561
CHOLAFIN,2026-07-08,2026-07,2026-07-07,GOLD-baseline,362.0,5.202,5.2016,-0.2587601078167134,3.35735433774651,1.7735849056603823,extended_move,risk_on,Financial Services,1839.5,1820.0,1829.6980461811722,1767.0,0.0960216706803188,4.809536752999651,1.1806294412301488,-3.6289073117695017,-3.4266881528365594,-3.4703925455933256,3.6289073117695017,-1.1806294412301488,3.4266881528365594,3.3822298886861693,-3.9412883935852134,3.9412883935852134
CHOLAFIN,2026-07-09,2026-07,2026-07-08,GOLD,204.0,14.072,7.0358,-4.49681115555075,-4.743935309973047,4.756242568370986,extended_move,risk_off,Financial Services,1767.0,1779.6,1773.2776180003382,1803.0,0.10317128019019609,2.8534731102657207,1.8396658068942984,-1.0138073033714228,1.6761268341715545,1.630961883092317,1.0138073033714228,-1.8396658068942984,-1.6761268341715545,-1.7209230373472744,2.037351443123939,-2.037351443123939
CHOLAFIN,2026-07-10,2026-07,2026-07-09,STANDARD,250.0,22.867,7.6224,2.037351443123936,-2.5510755593989853,2.8636106395019887,extended_move,neutral,Financial Services,1804.9,1817.6,1811.2277377501728,1810.3,0.059118173151754626,1.3802792149734797,0.8708050302618955,-0.5094741847115842,-0.051221485340391525,-0.09589202441952849,0.5094741847115842,-0.8708050302618955,0.051221485340391525,0.006539677534479683,0.29918555044600054,-0.29918555044600054
CIPLA,2026-07-01,2026-07,2026-06-30,GOLD-baseline,394.0,0.0,0.0,1.2693156732891842,2.0011117287381808,2.214403973509928,normal,risk_on,Healthcare,1468.0,1470.0,1468.9993192648058,1457.0,0.05843152008949899,1.776719679697486,0.21107434799533825,-1.565645331702148,-0.816836271293243,-0.8612876715146558,1.565645331702148,-0.21107434799533825,0.816836271293243,0.7722051670921457,-0.7493188010899182,0.7493188010899182
CIPLA,2026-07-02,2026-07,2026-07-01,GOLD,413.0,0.0,0.0,-0.7493188010899154,0.5104856512141431,1.7779291553133452,normal,risk_on,Healthcare,1465.4,1459.5,1462.444049369209,1454.0,0.049836009696647914,1.0598696070926994,0.3935843311936373,-0.6662852758990622,-0.5773929862719356,-0.6219129213870469,0.6662852758990622,-0.3935843311936373,0.5773929862719356,0.5327460246998444,-0.7779445885082632,0.7779445885082632
CIPLA,2026-07-03,2026-07,2026-07-02,ENTERPRISE-Dryup,437.0,0.0,0.0,-0.2059025394646529,-0.9536784741144388,1.0638297872340423,normal,risk_on,Healthcare,1452.0,1458.1,1455.0436067489088,1458.0,0.0648797729623519,1.3058027891310309,1.0966264637761278,-0.009869583855950048,0.20318245016015926,0.15843909406017972,0.009869583855950048,-1.0966264637761278,-0.20318245016015926,-0.24788110612110356,0.4132231404958678,-0.4132231404958678
CIPLA,2026-07-06,2026-07,2026-07-03,ENTERPRISE-Dryup,429.0,0.0,0.0,0.2751031636863743,0.0686341798215472,1.3067400275103165,normal,risk_on,Healthcare,1458.2,1462.9,1460.546218890144,1470.0,0.048810069644464965,1.4583585048192198,0.969074509714,-0.48928399510522,0.6472770931576424,0.6024066256243762,0.48928399510522,-0.969074509714,-0.6472770931576424,-0.6920051597304138,0.8092168426827565,-0.8092168426827565
CIPLA,2026-07-07,2026-07,2026-07-06,ENTERPRISE-Dryup,188.0,16.938,8.4692,0.8230452674897082,1.1004126547455195,1.4609053497942357,normal,risk_on,Healthcare,1472.3,1471.9,1472.099972827933,1450.9,0.0653283750042624,2.2281095445569847,0.6725105193126821,-1.5555990252443026,-1.4401177378739678,-1.4843907387343271,1.5555990252443026,-0.6725105193126821,1.4401177378739678,1.3955279111112762,-1.453508116552324,1.453508116552324
CIPLA,2026-07-08,2026-07,2026-07-07,ENTERPRISE-Dryup,250.0,6.994,6.9941,-1.299319727891146,-0.486968449931402,2.2312925170067994,normal,risk_on,Healthcare,1453.3,1463.0,1458.1338682577236,1429.5,0.0707408283981556,2.9489747776985173,0.9440924487080982,-2.0048823289904196,-1.9637338437202136,-2.007856972037061,2.0048823289904196,-0.9440924487080982,1.9637338437202136,1.9191786939577478,-1.637652239730266,1.637652239730266
CIPLA,2026-07-09,2026-07,2026-07-08,ENTERPRISE-Dryup,382.0,0.0,0.0,-1.474946584878356,-2.7551020408163263,2.96367771727893,normal,risk_off,Healthcare,1430.0,1429.4,1429.6999370497308,1443.6,0.06614461495639276,1.9864308071947545,1.7556175460191032,-0.23081326117565118,0.972236382618348,0.9272729032874967,0.23081326117565118,-1.7556175460191032,-0.972236382618348,-1.0169859699450232,0.9510489510489446,-0.9510489510489446
CIPLA,2026-07-10,2026-07,2026-07-09,ENTERPRISE-Dryup,409.0,0.0,0.0,0.986358866736614,-0.5031359845613204,1.9867086393843905,normal,neutral,Healthcare,1441.3,1443.3,1442.299306662969,1442.0,0.05853852293928491,1.3520078606372572,0.8459196562507957,-0.5060882043864614,-0.020752049285907535,-0.06543130950984863,0.5060882043864614,-0.8459196562507957,0.020752049285907535,-0.02393177638887646,0.048567265662946335,-0.048567265662946335
COALINDIA,2026-07-01,2026-07,2026-06-30,GOLD,403.0,0.0,0.0,-0.6660645743960192,0.987030873407546,2.0094829532625957,normal,risk_on,Oil Gas & Consumable Fuels,439.0,436.4,437.69613890792783,435.2,0.04945511183553553,1.3251202111289537,0.2978918423464648,-1.0272283687824888,-0.5702903649449195,-0.6148123330149228,1.0272283687824888,-0.2978918423464648,0.5702903649449195,0.5256429329946283,-0.8656036446469274,0.8656036446469274
COALINDIA,2026-07-02,2026-07,2026-07-01,GOLD,412.0,0.0,0.0,-1.079668144107282,-1.738541431474372,1.318331628594161,normal,risk_on,Oil Gas & Consumable Fuels,438.4,435.45,436.9200205985009,439.0,0.05760654828825794,1.647898851175851,0.7049297940799502,-0.9429690570959011,0.47605495363885925,0.431233494333699,0.9429690570959011,-0.7049297940799502,-0.47605495363885925,-0.5207716808542189,0.13686131386861833,-0.13686131386861833
COALINDIA,2026-07-03,2026-07,2026-07-02,ENTERPRISE-Dryup,435.0,0.0,0.0,0.8731617647058876,-0.2159336288214519,1.65441176470588,normal,risk_on,Oil Gas & Consumable Fuels,441.95,439.45,440.69645450419785,439.35,0.0595718630377302,1.7358887102022527,1.0786439162870243,-0.6572447939152285,-0.3055287807369907,-0.35012653045619546,0.6572447939152285,-1.0786439162870243,0.3055287807369907,0.26086381468602376,-0.5883018441000036,0.5883018441000036
COALINDIA,2026-07-06,2026-07,2026-07-03,ENTERPRISE-Dryup,447.0,0.0,0.0,0.0797266514806382,0.953584558823528,1.7425968109339358,normal,risk_on,Oil Gas & Consumable Fuels,438.7,438.15,438.42482750755545,432.35,0.05825436994689118,2.1098257716348403,0.47332458434024005,-1.6365011872946007,-1.3856029874245062,-1.4298915918238275,1.6365011872946007,-0.47332458434024005,1.3856029874245062,1.3410095503679513,-1.4474583998176354,1.4474583998176354
COALINDIA,2026-07-07,2026-07,2026-07-06,ENTERPRISE-Dryup,388.0,0.0,0.0,-1.5932627745533168,-1.5148063781321164,2.1053829520883123,normal,risk_on,Oil Gas & Consumable Fuels,432.35,431.7,432.0247555118338,427.45,0.05502497185922391,2.2915353515497467,0.017416707539612025,-1.7533151550215575,-1.0589105030367882,-1.103292615319146,1.7533151550215575,-0.017416707539612025,1.0589105030367882,1.0142954304437624,-1.1333410431363555,1.1333410431363555
COALINDIA,2026-07-08,2026-07,2026-07-07,ENTERPRISE-Dryup,376.0,0.0,0.0,-1.13334104313636,-2.708546716740645,2.2898114953163025,normal,risk_on,Oil Gas & Consumable Fuels,428.0,428.3,428.14994744832416,430.25,0.06624684057874423,1.296274829198682,0.8992299484377559,-0.3970448807609262,0.49049464193366776,0.44566904961428566,0.3970448807609262,-0.8992299484377559,-0.49049464193366776,-0.5352123254318245,0.5257009345794392,-0.5257009345794392
COALINDIA,2026-07-09,2026-07,2026-07-08,ENTERPRISE-Dryup,400.0,0.0,0.0,0.6550473739618701,-0.4857175899155797,1.2983974733887031,normal,risk_off,Oil Gas & Consumable Fuels,432.45,432.8,432.6249292112106,429.95,0.05832031539910901,1.60647238074599,0.733908421453753,-0.872563959292237,-0.6183021436346057,-0.6628103694852417,0.872563959292237,-0.733908421453753,0.6183021436346057,0.57365789131237,-0.5781015146259684,0.5781015146259684
COALINDIA,2026-07-10,2026-07,2026-07-09,ENTERPRISE-Dryup,407.0,0.0,0.0,-0.0697269029633962,0.584863726751661,1.6153399186519437,normal,neutral,Oil Gas & Consumable Fuels,430.15,430.4,430.27496368601476,430.0,0.050512113564473535,1.3595957222063593,0.5403605857211617,-0.8192351364851975,-0.06390417970388981,-0.1085710886661499,0.8192351364851975,-0.5403605857211617,0.06390417970388981,0.019223211822094882,-0.03487155643379688,0.03487155643379688
COCHINSHIP,2026-07-01,2026-07,2026-06-30,STANDARD-weak,59.0,361.012,10.9398,5.578800557880048,3.983516483516492,6.143654114365405,normal,risk_on,Capital Goods,1512.7,1500.2,1506.4240698330511,1503.0,0.0949769580673443,1.6130915913135264,0.7883523905897869,-0.8247392007237395,-0.22729787060761755,-0.27191801204730504,0.8247392007237395,-0.7883523905897869,0.22729787060761755,0.18262772363639643,-0.6412375223111023,0.6412375223111023
COCHINSHIP,2026-07-02,2026-07,2026-07-01,GOLD,41.0,296.294,10.9739,-0.7265521796565366,4.811715481171541,1.605019815059442,normal,risk_on,Capital Goods,1504.9,1515.2,1510.0324360120526,1519.8,0.0906734544737759,2.2913415086219873,1.2561030833244977,-1.0352384252974896,0.64684464750593,0.601974303749853,1.0352384252974896,-1.2561030833244977,-0.64684464750593,-0.6915726854395556,0.9900990099009809,-0.9900990099009809
COCHINSHIP,2026-07-03,2026-07,2026-07-02,GOLD,119.0,347.774,10.5386,1.1177644710578916,0.3830911492734401,2.302062541583493,normal,risk_on,Capital Goods,1525.0,1529.1,1527.0472479617563,1523.0,0.0860587767986165,2.062804542691458,1.568566530617499,-0.494238012073959,-0.2650375073304637,-0.30964684670489057,0.494238012073959,-1.568566530617499,0.2650375073304637,0.2203698597044242,-0.13114754098360656,0.13114754098360656
COCHINSHIP,2026-07-06,2026-07,2026-07-03,GOLD,111.0,442.234,10.7862,0.2105540202658185,1.3306719893546148,2.072641136991709,normal,risk_on,Capital Goods,1524.1,1512.6,1518.328224717621,1508.5,0.0831829004596932,3.0296479543186448,1.552482190519972,-1.477165763798673,-0.6473056719635719,-0.6918055962503085,1.477165763798673,-1.552482190519972,0.6473056719635719,0.6026633404290034,-1.0235548848500695,1.0235548848500695
COCHINSHIP,2026-07-07,2026-07,2026-07-06,ENTERPRISE-Dryup,362.0,5.384,5.3837,-0.9520682862770856,-0.7435188840636875,3.020354563361786,normal,risk_on,Capital Goods,1451.2,1457.0,1454.0942163537584,1430.6,0.10798498552446738,2.5651707833301547,0.9494421675688018,-1.615728615761353,-1.615728615761353,-1.6599513522225782,1.615728615761353,-0.9494421675688018,1.615728615761353,1.5711504190046606,-1.419514884233747,1.419514884233747
COCHINSHIP,2026-07-08,2026-07,2026-07-07,GOLD-baseline,228.0,29.606,7.4016,-5.164070268478627,-6.066973079448468,2.4726549552535757,normal,risk_on,Capital Goods,1419.0,1422.8,1420.8974593567457,1400.0,0.09615838594000313,2.3154380200591143,0.6758081366125801,-1.6396298834465344,-1.4707225506762587,-1.5149867916434687,1.6396298834465344,-0.6758081366125801,1.4707225506762587,1.4261347507478999,-1.3389711064129668,1.3389711064129668
COCHINSHIP,2026-07-09,2026-07,2026-07-08,GOLD-baseline,88.0,74.887,8.3208,-2.13896267300433,-7.192575406032487,2.2997343771844045,normal,risk_off,Capital Goods,1410.5,1407.5,1408.998403122782,1410.0,0.08686902795892278,2.618881605416878,2.129285371134914,-0.35474867194342,0.07108573544143713,0.026380188855724677,0.35474867194342,-2.129285371134914,-0.07108573544143713,-0.11577564316535248,-0.03544842254519674,0.03544842254519674
COCHINSHIP,2026-07-10,2026-07,2026-07-09,GOLD-baseline,288.0,70.985,7.0985,0.7142857142857117,-1.4399552635257828,2.6357142857142923,normal,neutral,Capital Goods,1417.0,1417.4,1417.1999717753315,1418.7,0.06525373766427361,2.1168501691697674,1.9122233110631623,-0.2046268581066048,0.10584450003830084,0.06112900459043288,0.2046268581066048,-1.9122233110631623,-0.10584450003830084,-0.1505367096961604,0.11997177134792135,-0.11997177134792135
COFORGE,2026-07-01,2026-07,2026-06-30,GOLD-baseline,359.0,23.332,5.8329,-2.0000000000000018,-1.500938086303949,3.0133333333333363,normal,risk_on,Information Technology,1470.3,1461.6,1465.9370919881305,1368.0,0.12343891820821315,7.660628864209763,0.20893857100753865,-7.076503661384292,-6.680852304194477,-6.723625270562857,7.076503661384292,-0.20893857100753865,6.680852304194477,6.636609550319175,-6.957763721689449,6.957763721689449
COFORGE,2026-07-02,2026-07,2026-07-01,GOLD-baseline,182.0,120.295,8.5925,-6.938775510204087,-8.799999999999997,7.639455782312922,normal,risk_on,Information Technology,1395.0,1407.9,1401.4203146740876,1442.0,0.10979572276530511,4.837948992894944,4.03017458320827,-0.34395924075131923,2.89561132381255,2.8500973245657804,0.34395924075131923,-4.03017458320827,-2.89561132381255,-2.9404882885680808,3.369175627240143,-3.369175627240143
COFORGE,2026-07-03,2026-07,2026-07-02,STANDARD-weak,47.0,449.378,11.8257,5.409356725146197,-1.904761904761909,4.956140350877206,normal,risk_on,Information Technology,1460.4,1473.1,1466.7225089483554,1465.8,0.11673508229760987,2.843073570194206,1.7779430596140622,-1.065130510580144,-0.06289594266995419,-0.10756314021586753,1.065130510580144,-1.7779430596140622,0.06289594266995419,0.018214908016653444,0.36976170912077944,-0.36976170912077944
COFORGE,2026-07-06,2026-07,2026-07-03,GOLD-baseline,30.0,782.694,13.9767,1.6504854368931898,7.149122807017538,2.8918169209431377,normal,risk_on,Information Technology,1466.9,1468.5,1467.6995639435852,1483.0,0.08462301451350773,1.9963213671109445,1.5875480669769022,-0.2384387124965896,1.0424773865370531,0.9974938024046142,0.2384387124965896,-1.5875480669769022,-1.0424773865370531,-1.0872316256444539,1.0975526620764815,-1.0975526620764815
COFORGE,2026-07-07,2026-07,2026-07-06,GOLD,85.0,172.796,10.1645,1.1734206576613504,2.843273231622745,1.998908445899847,normal,risk_on,Information Technology,1482.0,1488.0,1484.9939393939394,1512.0,0.09412543556276866,2.760954028993078,2.5526070915502213,0.20242914979757046,1.8185973618910796,1.7733916320425749,-0.20242914979757046,-2.5526070915502213,-1.8185973618910796,-1.8634030003199682,2.0242914979757085,-2.0242914979757085
COFORGE,2026-07-08,2026-07,2026-07-07,ENTERPRISE-Dryup,66.0,208.623,9.9344,1.9554956169925752,3.151862464183375,2.7646662171274445,normal,risk_on,Information Technology,1517.0,1508.2,1512.5872008462252,1444.0,0.10020085782423765,5.553398835650978,-0.00576501283208016,-5.261660339430327,-4.534429539523653,-4.577816867894273,5.261660339430327,0.00576501283208016,4.534429539523653,4.490044636654337,-4.812129202373105,4.812129202373105
COFORGE,2026-07-09,2026-07,2026-07-08,ENTERPRISE-Dryup,316.0,43.101,6.1573,-4.4973544973545,-2.6298044504383,5.555555555555555,normal,risk_off,Information Technology,1450.0,1443.4,1446.6924725236745,1471.9,0.10147957546639495,3.5529320139708513,2.2470240285150567,-1.3059079854557945,1.7424247347020798,1.697240807439965,1.3059079854557945,-2.2470240285150567,-1.7424247347020798,-1.78722532852256,1.5103448275862132,-1.5103448275862132
COFORGE,2026-07-10,2026-07,2026-07-09,ENTERPRISE-Dryup,216.0,136.327,8.0192,1.9321329639889304,-2.6521164021164,3.559556786703608,normal,neutral,Information Technology,1495.8,1514.8,1505.2400451737194,1504.0,0.08590106765301804,2.19234135484294,1.179875255327194,-1.012466099515746,-0.0823818883702563,-0.12704350853187563,1.012466099515746,-1.179875255327194,0.0823818883702563,0.03770214419319551,0.5482016312341252,-0.5482016312341252
COLPAL,2026-07-01,2026-07,2026-06-30,GOLD,397.0,0.0,0.0,0.2304724685605386,0.5225868046831783,1.2475574928603683,normal,risk_on,Fast Moving Consumer Goods,2005.0,2006.0,2005.4998753428074,2072.0,0.07876832232968403,3.8244829103711333,3.565202149163476,0.024937655860343157,3.3158877482266353,3.2702534549400113,-0.024937655860343157,-3.565202149163476,-3.3158877482266353,-3.3607925462086494,3.3416458852867827,-3.3416458852867827
COLPAL,2026-07-02,2026-07,2026-07-01,STANDARD,147.0,45.78,9.156,3.574106473381655,3.8128162733603865,3.8340414896275954,normal,risk_on,Fast Moving Consumer Goods,2064.2,2057.4,2060.7943905279503,2058.0,0.0659044665168492,1.7323416719343054,0.5340469443548104,-1.198294727579495,-0.13559773555257196,-0.1802441239551157,1.198294727579495,-0.5340469443548104,0.13559773555257196,0.09092151564820666,-0.30035849239413903,0.30035849239413903
COLPAL,2026-07-03,2026-07,2026-07-02,GOLD,371.0,20.815,6.9383,-0.6756756756756799,2.874281429642589,1.7229729729729863,normal,risk_on,Fast Moving Consumer Goods,2065.9,2081.5,2073.670661137098,2042.3,0.06034421589753575,2.1941767732321615,0.6235001104665439,-1.5706766627656177,-1.5128082643507013,-1.5570604592924293,1.5706766627656177,-0.6235001104665439,1.5128082643507013,1.4682232515908162,-1.1423592623069916,1.1423592623069916
COLPAL,2026-07-06,2026-07,2026-07-03,ENTERPRISE-Dryup,391.0,6.476,6.4757,-0.7628765792031089,-1.4333976833976858,2.2108843537414966,normal,risk_on,Fast Moving Consumer Goods,2047.0,2062.8,2054.8696286923937,2082.9,0.053944332984772275,2.4332443918506526,1.4662911401722174,0.152339168572865,1.3640948757144944,1.319019236294598,-0.152339168572865,-1.4662911401722174,-1.3640948757144944,-1.4088704142617334,1.753786028334152,-1.753786028334152
COLPAL,2026-07-07,2026-07,2026-07-06,ENTERPRISE-Dryup,133.0,47.456,9.4913,1.987954756891752,1.2099125364431584,2.4482201439553446,normal,risk_on,Fast Moving Consumer Goods,2083.6,2079.6,2081.59807840123,2076.6,0.05942233371278875,1.249040353648351,0.06734833267365446,-1.152868012813585,-0.24010775437825166,-0.284724229296147,1.152868012813585,-0.06734833267365446,0.24010775437825166,0.19543845575439311,-0.33595699750431945,0.33595699750431945
COLPAL,2026-07-08,2026-07,2026-07-07,ENTERPRISE-Dryup,99.0,35.721,8.9302,-0.3024629122857614,1.6794790187533604,1.248259638004705,normal,risk_on,Fast Moving Consumer Goods,2077.0,2079.7,2078.3491231024614,2028.9,0.07656376289009371,3.546083724854858,0.12273572660068295,-3.375232886655059,-2.379250076553354,-2.423254273320943,3.375232886655059,-0.12273572660068295,2.379250076553354,2.334722444768924,-2.3158401540683635,2.3158401540683635
COLPAL,2026-07-09,2026-07,2026-07-08,ENTERPRISE-Dryup,385.0,0.0,0.0,-2.2970239815082283,-2.5925392481636167,3.549070596166813,normal,risk_off,Fast Moving Consumer Goods,2028.0,2039.4,2033.684024192359,2063.9,0.06764970290967076,2.2520705997181065,1.9725766309037398,0.2663135346107574,1.4857753440651074,1.440664876531477,-0.2663135346107574,-1.9725766309037398,-1.4857753440651074,-1.5305589410230434,1.7702169625246595,-1.7702169625246595
COLPAL,2026-07-10,2026-07,2026-07-09,ENTERPRISE-Dryup,89.0,9.959,9.9585,1.725072699492336,-0.6115766156216784,2.2573808467642653,normal,neutral,Fast Moving Consumer Goods,2069.4,2063.5,2066.445788671393,2051.0,0.04775441030911582,1.2001282654477556,0.2639416605317173,-0.9361866049160382,-0.7474567567206221,-0.791928015162973,0.9361866049160382,-0.2639416605317173,0.7474567567206221,0.7028210577917926,-0.8891466125447034,0.8891466125447034
CONCOR,2026-07-01,2026-07,2026-06-30,GOLD,381.0,5.245,5.2454,0.7847295864263026,1.267980820458181,2.2481442205726334,normal,risk_on,Services,475.25,478.05,476.64588796811074,480.25,0.061182212699628744,1.7937844877772315,1.1967190268241452,-0.597065460953086,0.7561403807034176,0.7112387536668103,0.597065460953086,-1.1967190268241452,-0.7561403807034176,-0.80087565685627,1.0520778537611783,-1.0520778537611783
CONCOR,2026-07-02,2026-07,2026-07-01,ENTERPRISE-Dryup,216.0,40.966,8.1933,1.0627104377104457,1.855779427359483,1.7992424242424268,normal,risk_on,Services,484.9,482.85,483.87282872642726,476.3,0.05016050567305391,1.8289929656297343,-0.19071720329000322,-1.616711718865729,-1.5650452509100865,-1.6092824942680994,1.616711718865729,0.19071720329000322,1.5650452509100865,1.5204636975968733,-1.77356155908434,1.77356155908434
CONCOR,2026-07-03,2026-07,2026-07-02,GOLD-baseline,434.0,0.0,0.0,-0.8224882873503314,0.231481481481488,1.842790213430498,normal,risk_on,Services,480.0,480.55,480.2748425381292,486.15,0.11073432420225338,2.883765455380992,2.2435398458363744,-0.6402256095446176,1.2232906955571732,1.1782553579545467,0.6402256095446176,-2.2435398458363744,-1.2232906955571732,-1.268056909206777,1.2812499999999953,-1.2812499999999953
CONCOR,2026-07-06,2026-07,2026-07-03,STANDARD,245.0,33.393,8.3483,2.068024354398479,1.2285268089536672,2.907831198824275,normal,risk_on,Services,490.0,488.45,489.22377229291226,481.4,0.1053598100844223,2.340442277842653,0.36307060443176165,-1.9773716734108913,-1.5992216110520412,-1.6434490722471962,1.9773716734108913,-0.36307060443176165,1.5992216110520412,1.5546423211024547,-1.7551020408163314,1.7551020408163314
CONCOR,2026-07-07,2026-07,2026-07-06,GOLD-baseline,385.0,0.0,0.0,-0.9770646919674996,1.0707537266428702,2.355240152216392,normal,risk_on,Services,484.0,480.9,482.4450202093481,471.0,0.06754372915300558,2.777518564537218,-0.2891563081618628,-2.455206233491262,-2.3722952315647823,-2.4163014189898324,2.455206233491262,0.2891563081618628,2.3722952315647823,2.3277671391887877,-2.6859504132231407,2.6859504132231407
CONCOR,2026-07-08,2026-07,2026-07-07,GOLD,375.0,0.0,0.0,-2.160365600332359,-3.116322122801596,2.7835479850436182,normal,risk_on,Services,469.0,468.25,468.62469991997864,452.8,0.08554748061281693,4.598562560547885,0.1867806114724268,-4.305086762055786,-3.3768386349846304,-3.4205572959694934,4.305086762055786,-0.1867806114724268,3.3768386349846304,3.3323770695000707,-3.454157782515989,3.454157782515989
CONCOR,2026-07-09,2026-07,2026-07-08,GOLD,284.0,25.763,6.4408,-3.864118895966029,-5.941005400913991,4.575371549893846,normal,risk_off,Services,452.05,453.9,452.9731110988465,458.0,0.0675838894500902,1.7992237950348242,1.595434414113919,0.10527973724458164,1.1097543712824338,1.064751530727759,-0.10527973724458164,-1.595434414113919,-1.1097543712824338,-1.1545130658754263,1.316226081185707,-1.316226081185707
CONCOR,2026-07-10,2026-07,2026-07-09,ENTERPRISE-Dryup,324.0,48.232,6.8902,1.148409893992941,-2.7600849256900206,1.7999116607773802,normal,neutral,Services,462.0,463.3,462.64908678266517,463.8,0.0772024666158292,1.9237042186535027,1.7077550660002476,-0.04303191951585974,0.24876591140349558,0.2040095081317382,0.04303191951585974,-1.7077550660002476,-0.24876591140349558,-0.29346758617474417,0.38961038961039207,-0.38961038961039207
CROMPTON,2026-07-01,2026-07,2026-06-30,GOLD,299.0,13.87,6.9351,0.5676616004394841,-0.0182049881667367,2.636879692364032,normal,risk_on,Consumer Durables,274.5,278.15,276.31294671130007,270.5,0.08383017903492715,4.089565883355652,1.3343758707594222,-2.75519001259623,-2.103754739141344,-2.1478377898373786,2.75519001259623,-1.3343758707594222,2.103754739141344,2.0592088624026985,-1.4571948998178506,1.4571948998178506
CROMPTON,2026-07-02,2026-07,2026-07-01,GOLD,383.0,5.812,5.8119,-1.4930808448652688,-0.9338948910455946,4.115076474872546,normal,risk_on,Consumer Durables,272.0,272.2,272.0999632488056,274.75,0.08863667002112231,1.837559968881013,1.0657982884557227,-0.7717616804252904,0.9739202900116721,0.9289563287027433,0.7717616804252904,-1.0657982884557227,-0.9739202900116721,-1.0186699888567985,1.0110294117647058,-1.0110294117647058
CROMPTON,2026-07-03,2026-07,2026-07-02,GOLD,372.0,13.87,6.9351,1.5711645101663674,0.0546249089584671,1.8484288354898335,normal,risk_on,Consumer Durables,274.9,273.65,274.27357579072094,270.1,0.06145768235771948,2.005297077614457,-0.0997455879343211,-1.558143462563017,-1.5216835156972914,-1.5659331703113275,1.558143462563017,0.0997455879343211,1.5216835156972914,1.477099090709802,-1.7460894870861967,1.7460894870861967
CROMPTON,2026-07-06,2026-07,2026-07-03,ENTERPRISE-Dryup,419.0,5.812,5.8119,-1.6924476797088197,-0.1478743068391796,2.001819836214741,normal,risk_on,Consumer Durables,270.55,270.0,270.2747201923966,272.4,0.0763338080630354,2.1274649719022296,1.8408232201893333,-0.2866417517128962,0.7863405819421329,0.7414303108227259,0.2866417517128962,-1.8408232201893333,-0.7863405819421329,-0.8310778581335125,0.6837922749953672,-0.6837922749953672
CROMPTON,2026-07-07,2026-07,2026-07-06,ENTERPRISE-Dryup,283.0,13.87,6.9351,0.8515364679748005,-0.8553230209281226,2.1288411699370604,normal,risk_on,Consumer Durables,273.0,272.65,272.82488774855676,268.25,0.06854706370607482,2.5474215557655824,-0.0641025641025705,-2.483236703390741,-1.6768586569613508,-1.7210638964154035,2.483236703390741,0.0641025641025705,1.6768586569613508,1.6322845086027669,-1.73992673992674,1.73992673992674
CROMPTON,2026-07-08,2026-07,2026-07-07,ENTERPRISE-Dryup,378.0,0.0,0.0,-1.5234948604992526,-0.6849315068493289,2.55139500734214,normal,risk_on,Consumer Durables,266.45,266.7,266.5749413861015,259.0,0.0881540056278967,4.313983880181612,0.5345808598845289,-3.7794030202970834,-2.841580437648907,-2.8854523034465602,3.7794030202970834,-0.5345808598845289,2.841580437648907,2.7970834241549705,-2.796021767686241,2.796021767686241
CROMPTON,2026-07-09,2026-07,2026-07-08,ENTERPRISE-Dryup,383.0,0.0,0.0,-3.4482758620689613,-4.919236417033767,4.287045666356011,normal,risk_off,Consumer Durables,262.0,261.75,261.8749403341289,259.25,0.08979183626406784,2.8257763001523712,1.269712810866369,-1.5560634892860021,-1.0023640791210133,-1.0467623764601028,1.5560634892860021,-1.269712810866369,1.0023640791210133,0.9577452616845172,-1.049618320610687,1.049618320610687
CROMPTON,2026-07-10,2026-07,2026-07-09,ENTERPRISE-Dryup,410.0,0.0,0.0,0.0965250965250907,-3.3550792171481825,2.8571428571428483,normal,neutral,Consumer Durables,260.0,261.55,260.7726967692455,261.5,0.06903185698782671,1.7448145670044015,1.448504110112801,0.04881769921915068,0.27890313662633265,0.23413810729714865,-0.04881769921915068,-1.448504110112801,-0.27890313662633265,-0.3236068072654589,0.576923076923077,-0.576923076923077
CUMMINSIND,2026-07-01,2026-07,2026-06-30,STANDARD,77.0,148.176,10.584,2.5765765765765725,0.7610619469026636,2.7387387387387387,normal,risk_on,Capital Goods,5695.0,5703.5,5699.24683072334,5655.0,0.07638927371450592,2.2020453531413677,0.7150623667844789,-1.486982986356889,-0.7763627727933401,-0.8208257575823346,1.486982986356889,-0.7150623667844789,0.7763627727933401,0.7317289881943311,-0.7023705004389815,0.7023705004389815
CUMMINSIND,2026-07-02,2026-07,2026-07-01,GOLD,170.0,26.439,8.8129,-0.6674863867907943,1.8918918918918948,2.2044616195327595,normal,risk_on,Capital Goods,5680.5,5646.0,5663.197457290425,5571.0,0.0808003959051808,2.383812343082086,-0.16240749788062595,-1.910536549474156,-1.6280106421459086,-1.6722298631718497,1.910536549474156,0.16240749788062595,1.6280106421459086,1.5834332587786955,-1.9276472141536838,1.9276472141536838
CUMMINSIND,2026-07-03,2026-07,2026-07-02,ENTERPRISE-Dryup,321.0,7.593,7.5927,-1.485411140583559,-2.1429826102230765,2.3872679045092835,normal,risk_on,Capital Goods,5690.0,5569.5,5629.105200053288,5484.0,0.08058921913658887,4.183613409779065,-0.9611687493915727,-3.101828689427145,-2.577766712405988,-2.621714088550963,3.101828689427145,0.9611687493915727,2.577766712405988,2.533252227584284,-3.620386643233743,3.620386643233743
CUMMINSIND,2026-07-06,2026-07,2026-07-03,GOLD-baseline,327.0,14.67,7.335,-1.561658589122239,-3.023872679045092,4.227248249865374,normal,risk_on,Capital Goods,5479.0,5500.0,5489.479916203662,5582.0,0.07847585934678832,2.1495661119315073,1.9040070351258522,0.04590751464268485,1.685407091539597,1.640239484209414,-0.04590751464268485,-1.9040070351258522,-1.685407091539597,-1.7302039093096413,1.879905092170104,-1.879905092170104
CUMMINSIND,2026-07-07,2026-07,2026-07-06,GOLD,74.0,125.511,10.4592,1.787016776075867,0.1974510859809708,2.151714077315828,normal,risk_on,Capital Goods,5569.0,5552.0,5560.487006564157,5465.0,0.08814157934505075,2.7785336035784756,-0.1526306338660303,-2.454587276312923,-1.7172417892791527,-1.7614354700307746,2.454587276312923,0.1526306338660303,1.7172417892791527,1.6726703153338895,-1.8674806967139523,1.8674806967139523
CUMMINSIND,2026-07-08,2026-07,2026-07-07,GOLD-baseline,439.0,0.0,0.0,-2.096022930849162,-0.3464624361779744,2.76782515227517,normal,risk_on,Capital Goods,5425.0,5453.0,5438.963963963964,5507.0,0.08749884983059933,3.309453807611081,2.243736800695688,0.25806451612903936,1.2509006584123639,1.205857418120509,-0.25806451612903936,-2.243736800695688,-1.2509006584123639,-1.295668700559368,1.5115207373271888,-1.5115207373271888
CUMMINSIND,2026-07-09,2026-07,2026-07-08,GOLD,111.0,8.058,8.0583,0.768526989935947,-1.34360444285202,3.293687099725526,normal,risk_off,Capital Goods,5506.0,5532.0,5518.969378510599,5530.5,0.075217265177727,1.3498897147370161,0.8612227796456422,-0.48866693509137404,0.20892707856466786,0.1641820782026786,0.48866693509137404,-0.8612227796456422,-0.20892707856466786,-0.2536261149693729,0.44496912459135485,-0.44496912459135485
CUMMINSIND,2026-07-10,2026-07,2026-07-09,ENTERPRISE-Dryup,207.0,8.058,8.0583,0.4267296168512846,1.198536139066797,1.3528236789540584,normal,neutral,Capital Goods,5567.0,5597.0,5581.959691866715,5614.0,0.09192263854466665,2.633483724617158,2.365483009948579,0.2336152328775461,0.5739974829981311,0.5291479899945625,-0.2336152328775461,-2.365483009948579,-0.5739974829981311,-0.6187206965554402,0.8442608227052272,-0.8442608227052272
DABUR,2026-07-01,2026-07,2026-06-30,GOLD,393.0,0.0,0.0,-0.9503695881731722,-0.3423444693660737,1.2319605772615276,normal,risk_on,Fast Moving Consumer Goods,422.9,423.75,423.3245733183724,445.35,0.11984939130930512,5.752087531589376,5.592736206178576,0.053251499165406994,5.202964361122217,5.156789937444991,-0.053251499165406994,-5.592736206178576,-5.202964361122217,-5.247994132639997,5.308583589501075,-5.308583589501075
DABUR,2026-07-02,2026-07,2026-07-01,STANDARD-weak,310.0,49.962,7.1375,5.508173418621176,4.505455825413596,5.768775171760251,normal,risk_on,Fast Moving Consumer Goods,444.75,446.0,445.37412293011516,446.3,0.09296373913632378,1.8860547947277224,1.2631800502625088,-0.6228747444652135,0.20788748654580672,0.16314278374208266,0.6228747444652135,-1.2631800502625088,-0.20788748654580672,-0.2525864541024907,0.34851039910062087,-0.34851039910062087
DABUR,2026-07-03,2026-07,2026-07-02,GOLD,282.0,81.678,8.1678,0.2133153699337642,5.733238569059451,1.8861569552037671,normal,risk_on,Fast Moving Consumer Goods,448.9,449.55,449.2247648728365,444.0,0.07450106097352066,1.7697154345999773,0.1391809125528781,-1.5748830932860942,-1.16306252045465,-1.2074148217216705,1.5748830932860942,-0.1391809125528781,1.16306252045465,1.1184543454331297,-1.0915571396747556,1.0915571396747556
DABUR,2026-07-06,2026-07,2026-07-03,GOLD,325.0,44.389,7.3982,-0.5153484203450631,-0.303132367800607,1.781313018149237,normal,risk_on,Fast Moving Consumer Goods,447.8,448.6,448.19964301651055,449.5,0.10503482760447745,2.766624247298473,0.5578667949535454,-2.2087574523449276,0.29012896456982423,0.24536072211681126,2.2087574523449276,-0.5578667949535454,-0.29012896456982423,-0.33483337865063184,0.37963376507369107,-0.37963376507369107
DABUR,2026-07-07,2026-07,2026-07-06,GOLD-baseline,166.0,35.593,8.8982,1.2387387387387427,0.7170064978713864,2.792792792792788,normal,risk_on,Fast Moving Consumer Goods,451.9,452.05,451.9749875546213,454.0,0.07459234226019038,2.046573428774559,0.8905387590485376,-1.1560346697260215,0.44803639607025453,0.4032229564047529,1.1560346697260215,-0.8905387590485376,-0.44803639607025453,-0.49275126772862066,0.464704580659443,-0.464704580659443
DABUR,2026-07-08,2026-07,2026-07-07,GOLD,101.0,35.593,8.8982,1.001112347052291,2.2522522522522515,2.057842046718576,normal,risk_on,Fast Moving Consumer Goods,452.0,452.05,452.02499861733315,436.3,0.07811809921003722,3.9046513033545387,0.005530973451320777,-3.7332003028484926,-3.4787895946979064,-3.522479074667374,3.7332003028484926,-0.005530973451320777,3.4787895946979064,3.434334781017605,-3.473451327433626,3.473451327433626
DABUR,2026-07-09,2026-07,2026-07-08,GOLD,396.0,0.0,0.0,-3.898678414096912,-2.936596218020016,3.887665198237893,normal,risk_off,Fast Moving Consumer Goods,437.5,438.5,437.9994292237443,443.0,0.08191804430291201,2.8424694575663763,2.614288972145296,-0.011285225606780839,1.1416843134060903,1.0966723336718014,0.011285225606780839,-2.614288972145296,-1.1416843134060903,-1.1864451225914299,1.2571428571428571,-1.2571428571428571
DABUR,2026-07-10,2026-07,2026-07-09,ENTERPRISE-Dryup,406.0,0.0,0.0,1.5356406142562395,-2.4229074889867808,2.853541141416454,normal,neutral,Fast Moving Consumer Goods,444.55,444.9,444.72493113721964,442.85,0.05624540491117305,1.3379056543524697,0.5115676463117799,-0.8263380080406899,-0.4215934403374183,-0.4661579693333643,0.8263380080406899,-0.5115676463117799,0.4215934403374183,0.3769361607845981,-0.3824091778202651,0.3824091778202651
DALBHARAT,2026-07-01,2026-07,2026-06-30,GOLD,347.0,6.102,6.1022,0.1177786938342917,-1.0707011929007917,1.5605676933042814,normal,risk_on,Construction Materials,1700.6,1703.5,1702.0487647248906,1708.5,0.08495473160962279,2.7261263579307564,1.7303402749374068,-0.9957860829933496,0.37902764061828464,0.33423395305282105,0.9957860829933496,-1.7303402749374068,-0.37902764061828464,-0.42373794210281224,0.46454192637893044,-0.46454192637893044
DALBHARAT,2026-07-02,2026-07,2026-07-01,GOLD,455.0,0.0,0.0,0.4940885830245323,0.6124492079382815,2.7292512205164456,normal,risk_on,Construction Materials,1710.9,1714.0,1712.4485970393298,1745.1,0.08464345322934874,2.8672393486665606,2.2921215287006222,-0.5751178199659382,1.9067085001629518,1.8614775506157841,0.5751178199659382,-2.2921215287006222,-1.9067085001629518,-1.9515199738400835,1.998947922146228,-1.998947922146228
DALBHARAT,2026-07-03,2026-07,2026-07-02,STANDARD,68.0,68.231,11.3718,2.142230026338887,2.6469031233456786,2.8738659642961744,normal,risk_on,Construction Materials,1754.5,1740.3,1747.3711514249742,1760.3,0.11819865323643727,3.662644879298153,3.2408025352167003,-0.42184234408145294,0.7399028285709274,0.6950058491439168,0.42184234408145294,-3.2408025352167003,-0.7399028285709274,-0.7846370293756523,0.3305785123966916,-0.3305785123966916
DALBHARAT,2026-07-06,2026-07,2026-07-03,GOLD,309.0,45.525,7.5875,0.8710102572918377,3.031899326894938,3.667411609649877,normal,risk_on,Construction Materials,1772.4,1769.6,1770.9988932806323,1770.0,0.0813822587519322,1.970639289070951,0.6550600773034659,-1.3155792117674852,-0.056402817891201766,-0.10107187393824804,1.3155792117674852,-0.6550600773034659,0.056402817891201766,0.011721353224219432,-0.135409614082605,0.135409614082605
DALBHARAT,2026-07-07,2026-07,2026-07-06,GOLD,438.0,0.0,0.0,0.5510424359484123,1.4268523293794022,1.982616599443269,normal,risk_on,Construction Materials,1788.7,1780.1,1784.3896379735484,1791.9,0.0846339006758162,1.8549760262893087,0.5385797934449843,-1.3163962328443244,0.4208924926834317,0.3760868223088209,1.3163962328443244,-0.5385797934449843,-0.4208924926834317,-0.46560556670965214,0.1789008777324339,-0.1789008777324339
DALBHARAT,2026-07-08,2026-07,2026-07-07,ENTERPRISE-Dryup,109.0,52.906,8.8176,1.2372881355932286,1.795148554223713,1.870056497175136,normal,risk_on,Construction Materials,1782.9,1775.2,1779.0416683061183,1732.0,0.08313500445908527,4.1145747906903205,0.3911280897938154,-3.7234467008965044,-2.6442139689121564,-2.6881423261246904,3.7234467008965044,-0.3911280897938154,2.6442139689121564,2.5997038846264617,-2.8548993213304215,2.8548993213304215
DALBHARAT,2026-07-09,2026-07,2026-07-08,ENTERPRISE-Dryup,447.0,0.0,0.0,-3.3428204698922936,-2.1468926553672274,4.0850493889167945,normal,risk_off,Construction Materials,1730.0,1735.0,1732.4963924963924,1745.1,0.08131641071172244,1.8932218353850485,1.2700521397278102,-0.6231696956572382,0.7274824673918452,0.6825890429951335,0.6231696956572382,-1.2700521397278102,-0.7274824673918452,-0.7722158456457306,0.8728323699421913,-0.8728323699421913
DALBHARAT,2026-07-10,2026-07,2026-07-09,ENTERPRISE-Dryup,477.0,0.0,0.0,0.7563510392609718,-2.6117528879959884,1.893764434180136,normal,neutral,Construction Materials,1742.3,1762.5,1752.3417884044738,1792.6,0.08116946949406054,3.018817467576694,2.4457678221866215,0.5283336650868644,2.2973949409824668,2.252052166818089,-0.5283336650868644,-2.4457678221866215,-2.2973949409824668,-2.342232288259828,2.8869884635252228,-2.8869884635252228
DELHIVERY,2026-07-01,2026-07,2026-06-30,GOLD-baseline,54.0,44.087,11.0216,1.0957138253303356,1.215315121531524,2.28810828230744,normal,risk_on,Services,471.95,473.1,472.5243003015713,510.0,0.1367411563531958,8.359358444590166,7.930957132683164,0.037183209057510706,7.930957132683164,7.884001886546905,-0.037183209057510706,-7.930957132683164,-7.930957132683164,-7.976167568250234,8.06229473461172,-8.06229473461172
DELHIVERY,2026-07-02,2026-07,2026-07-01,AVOID,15.0,798.67,13.5368,8.383806184252474,9.571382533032558,8.394432047603868,breakout,risk_on,Services,510.25,511.65,510.949041002055,508.2,0.13692732273403416,2.58342788433708,0.4796875620195349,-2.103740322317545,-0.5380264530223436,-0.5825576558628008,2.103740322317545,-0.4796875620195349,0.5380264530223436,0.4933768843622215,-0.4017638412542894,0.4017638412542894
DELHIVERY,2026-07-03,2026-07,2026-07-02,GOLD-baseline,16.0,870.722,14.0439,-0.3529411764705892,8.001275103602158,2.5882352941176445,extended_move,risk_on,Services,512.25,511.0,511.6242365013438,507.0,0.11674593646665588,2.374789764278117,0.6598130537639922,-1.7149767105141247,-0.9038345276537009,-0.9482610267121887,1.7149767105141247,-0.6598130537639922,0.9038345276537009,0.8592091849991292,-1.0248901903367496,1.0248901903367496
DELHIVERY,2026-07-06,2026-07,2026-07-03,GOLD-baseline,23.0,893.085,14.4046,-0.2361275088547776,-0.588235294117645,2.390791027154659,extended_move,risk_on,Services,510.95,510.4,510.6748519116855,519.8,0.09733699561950487,2.5260691713542345,2.0316543979942656,-0.37692318399465097,1.786880253483196,1.7416836018957624,0.37692318399465097,-2.0316543979942656,-1.786880253483196,-1.8316837914148631,1.7320677169977428,-1.7320677169977428
DELHIVERY,2026-07-07,2026-07,2026-07-06,STANDARD,51.0,131.858,10.9882,2.52465483234714,2.282565918929546,2.544378698224848,extended_move,risk_on,Services,520.05,519.4,519.7247967675212,517.4,0.0911009202218429,1.8375109402894032,0.5532164811764696,-1.2842944591129335,-0.4473130360491756,-0.4918702034281194,1.2842944591129335,-0.5532164811764696,0.4473130360491756,0.402657459802301,-0.5095663878473181,0.5095663878473181
DELHIVERY,2026-07-08,2026-07,2026-07-07,GOLD-baseline,72.0,19.445,9.7223,-0.461716044632543,2.051282051282044,1.837245094267039,extended_move,risk_on,Services,517.0,514.35,515.6715954816502,501.4,0.1059572646136844,4.198408481230837,0.7714996430303318,-3.4269088382005055,-2.767574480870955,-2.8114675290975932,3.4269088382005055,-0.7714996430303318,2.767574480870955,2.723072566258525,-3.017408123791107,3.017408123791107
DELHIVERY,2026-07-09,2026-07,2026-07-08,GOLD-baseline,275.0,19.455,6.4851,-3.0923850019327404,-3.539823008849552,4.184383455740235,normal,risk_off,Services,505.0,508.1,506.54525713157636,515.2,0.09379386245969328,3.040202189870626,2.7351441304335045,-0.008934469514657368,1.708582352035643,1.6634081113433492,0.008934469514657368,-2.7351441304335045,-1.708582352035643,-1.7533807046104888,2.0198019801980287,-2.0198019801980287
DELHIVERY,2026-07-10,2026-07,2026-07-09,STANDARD,109.0,66.664,9.5234,2.752293577981657,-0.425202937765734,3.071400079776621,extended_move,neutral,Services,524.0,517.85,520.9068483946826,519.6,0.11006232906401159,2.140497871041965,0.4786175518714573,-1.546696577231025,-0.2508794804118957,-0.2954928721817353,1.546696577231025,-0.4786175518714573,0.2508794804118957,0.20621089515636543,-0.8396946564885454,0.8396946564885454
DIVISLAB,2026-07-01,2026-07,2026-06-30,GOLD-baseline,400.0,0.0,0.0,0.7480916030534246,-1.514812327438253,1.6870229007633588,normal,risk_on,Healthcare,6599.0,6657.5,6628.120921811941,6542.0,0.05957222479104554,2.0367763592806454,0.4432489771177481,-1.4728295238351552,-1.2993263524890264,-1.3436396515044589,1.4728295238351552,-0.4432489771177481,1.2993263524890264,1.2547272016760462,-0.8637672374602213,0.8637672374602213
DIVISLAB,2026-07-02,2026-07,2026-07-01,GOLD,414.0,0.0,0.0,-0.8637672374602223,-0.1221374045801582,2.0457645097742083,normal,risk_on,Healthcare,6600.0,6552.5,6576.164227333206,6726.0,0.05844022723476403,2.752364353184651,2.2784676216572484,-0.47389673152740247,2.2784676216572484,2.233130264983772,0.47389673152740247,-2.2784676216572484,-2.2784676216572484,-2.32330371545396,1.9090909090909092,-1.9090909090909092
DIVISLAB,2026-07-03,2026-07,2026-07-02,STANDARD,184.0,47.865,9.5731,2.812595536533169,1.9245340203061008,2.7667380006114337,normal,risk_on,Healthcare,6685.5,6731.0,6708.172846867663,6758.0,0.06717123358648851,1.7739554826105335,1.435967070784654,0.2508455508893818,0.742782785562891,0.6978849818173105,-0.2508455508893818,-1.435967070784654,-0.742782785562891,-0.7875171770956477,1.0844364669807793,-1.0844364669807793
DIVISLAB,2026-07-06,2026-07,2026-07-03,GOLD,218.0,26.172,8.7238,0.4757656853999314,3.30174258636502,1.7692536425810288,normal,risk_on,Healthcare,6785.0,6790.0,6787.499079189687,6857.5,0.0627588059570494,2.0110499965813005,1.5101426845799257,-0.5009073120013746,1.0313212568224732,0.9863408658644179,0.5009073120013746,-1.5101426845799257,-1.0313212568224732,-1.0760747571040274,1.0685335298452467,-1.0685335298452467
DIVISLAB,2026-07-07,2026-07,2026-07-06,GOLD-baseline,95.0,9.959,9.9585,1.4723290914471665,1.9550996134403809,2.0198283515833086,normal,risk_on,Healthcare,6898.0,6886.0,6891.994776552524,6760.0,0.0703923371694444,2.9744654000237647,0.9722181403189201,-2.002247259704845,-1.91518973580171,-1.9593267587043905,2.002247259704845,-0.9722181403189201,1.91518973580171,1.8706313711571532,-2.000579878225573,2.000579878225573
DIVISLAB,2026-07-08,2026-07,2026-07-07,GOLD-baseline,380.0,0.0,0.0,-1.4218009478673022,0.0295945546019638,2.989427633977397,normal,risk_on,Healthcare,6784.0,6784.0,6784.0,6740.0,0.07058558265409189,2.5280070754716983,1.1866155660377358,-1.3413915094339623,-0.6485849056603774,-0.6930844637971698,1.3413915094339623,-1.1866155660377358,0.6485849056603774,0.6039426588443397,-0.6485849056603774,0.6485849056603774
DIVISLAB,2026-07-09,2026-07,2026-07-08,GOLD,380.0,0.0,0.0,-0.295857988165682,-1.7134524243529017,2.53698224852071,normal,risk_off,Healthcare,6741.5,6799.0,6770.127912558621,6820.5,0.07484799881867518,3.0206223965229886,2.582995324460425,0.27136987186459244,0.7440345011493632,0.6991363391302372,-0.27136987186459244,-2.582995324460425,-0.7440345011493632,-0.7887689755782363,1.1718460283319736,-1.1718460283319736
DIVISLAB,2026-07-10,2026-07,2026-07-09,GOLD,417.0,0.0,0.0,1.1943620178041623,0.8949704142011905,3.034124629080119,normal,neutral,Healthcare,6870.0,6830.5,6850.1930586474955,6830.5,0.061215397680755686,1.4087194210998337,0.17965831396486795,-1.0976779486904218,-0.28748180494906656,-0.3320847201819632,1.0976779486904218,-0.17965831396486795,0.28748180494906656,0.2428156437190811,-0.5749636098981078,0.5749636098981078
DIXON,2026-07-01,2026-07,2026-06-30,ENTERPRISE-Dryup,366.0,16.526,5.5086,0.7869351836182092,-0.9891936824605208,3.4692841428329664,normal,risk_on,Consumer Durables,11980.0,11954.0,11966.9858778307,11977.0,0.07537649879252102,2.172643994522129,0.6519112077655531,-1.5207327867565759,0.08368123996745783,0.03897208822086691,1.5207327867565759,-0.6519112077655531,-0.08368123996745783,-0.12837198184125592,-0.025041736227045072,0.025041736227045072
DIXON,2026-07-02,2026-07,2026-07-01,ENTERPRISE-Dryup,293.0,22.1,7.3667,0.5541096465452089,1.3454053139279054,2.18285618335992,normal,risk_on,Consumer Durables,11970.0,12047.0,12008.37656659866,12424.0,0.08827180177312557,3.8306593522349357,3.5110777136527154,0.03850173564843693,3.4611125916670424,3.41543673125438,-0.03850173564843693,-3.5110777136527154,-3.4611125916670424,-3.5060270073095383,3.79281537176274,-3.79281537176274
DIXON,2026-07-03,2026-07,2026-07-02,STANDARD,74.0,304.095,11.2628,3.732153293813134,4.306943161783217,3.8406946647741504,normal,risk_on,Consumer Durables,12470.0,12461.0,12465.498375516427,12440.0,0.07961899318506829,2.0055355387236404,0.8784375977991079,-1.1270979409245323,-0.20455159311165783,-0.24917824512736786,1.1270979409245323,-0.8784375977991079,0.20455159311165783,0.15987993974546325,-0.24057738572574178,0.24057738572574178
DIXON,2026-07-06,2026-07,2026-07-03,ENTERPRISE-Dryup,138.0,265.737,10.2206,0.1287830006439172,3.8657426734574503,2.012234385061172,normal,risk_on,Consumer Durables,12480.0,12462.0,12470.99350493144,13319.0,0.11949093344246367,7.978514298853129,7.0484079293359505,-0.9301063695171776,6.7998311019344975,6.753199613477515,0.9301063695171776,-7.0484079293359505,-6.7998311019344975,-6.844966627549054,6.72275641025641,-6.72275641025641
DIXON,2026-07-07,2026-07,2026-07-06,AVOID,92.0,381.468,10.0386,7.065916398713834,7.203799098519004,7.9983922829582,extended_move,risk_on,Consumer Durables,13319.0,13334.0,13326.495779086783,13237.0,0.10108993582535572,2.3487044545587867,0.821703039782308,-1.527001414776479,-0.6715627316464415,-0.7160557129320133,1.527001414776479,-0.821703039782308,0.6715627316464415,0.6269220065599076,-0.6156618364742098,0.6156618364742098
DIXON,2026-07-08,2026-07,2026-07-07,GOLD-baseline,28.0,459.191,11.1998,-0.6156618364742128,6.406752411575556,2.3500262782491177,extended_move,risk_on,Consumer Durables,13160.0,13176.0,13167.995139732684,12956.0,0.09661535852529377,3.7743027296567586,1.3442050850491827,-2.4300976446075757,-1.6099272325292462,-1.6541516294971883,2.4300976446075757,-1.3442050850491827,1.6099272325292462,1.5653486515701476,-1.5501519756838906,1.5501519756838906
DIXON,2026-07-09,2026-07,2026-07-08,GOLD,77.0,213.035,8.5214,-2.122837500944319,-2.7254298370748558,3.75462718138551,normal,risk_off,Consumer Durables,13153.0,13371.0,13261.104132106773,13465.0,0.0841979951020805,3.3707600479341515,2.5555629796520334,0.05200070691346885,1.5375482000746048,1.4924229138034903,-0.05200070691346885,-2.5555629796520334,-1.5375482000746048,-1.582335225741703,2.372082414658253,-2.372082414658253
DIXON,2026-07-10,2026-07,2026-07-09,STANDARD,14.0,830.581,13.1838,3.928681691880209,1.7224446626879164,3.4501389317690645,extended_move,neutral,Consumer Durables,13875.0,13878.0,13876.499837855365,13410.0,0.12635743664316856,4.813894049691716,1.1061878999622365,-3.70770614972948,-3.3617975952606134,-3.4055205613821125,3.70770614972948,-1.1061878999622365,3.3617975952606134,3.317335033668157,-3.3513513513513513,3.3513513513513513
DLF,2026-07-01,2026-07,2026-06-30,ENTERPRISE-Dryup,298.0,13.87,6.9351,1.315144584218264,-0.2974276527331176,2.7528181669661858,normal,risk_on,Realty,620.45,621.45,620.9495973910944,648.0,0.0821094212532241,5.258075717768111,4.783061738616336,-0.47501397915177396,4.356296021860276,4.310363936675123,0.47501397915177396,-4.783061738616336,-4.356296021860276,-4.401269721920619,4.44032557015069,-4.44032557015069
DLF,2026-07-02,2026-07,2026-07-01,STANDARD,80.0,256.608,10.2643,4.490848988148022,5.865054729619335,5.264855276949121,normal,risk_on,Realty,649.05,650.85,649.9487537502886,654.15,0.09300936996004616,1.9847718647916939,1.6003179004029022,-0.22290276609179988,0.6463965390301416,0.6015263235343612,0.22290276609179988,-1.6003179004029022,-0.6463965390301416,-0.6911245472873354,0.7857638086434054,-0.7857638086434054
DLF,2026-07-03,2026-07,2026-07-02,GOLD-baseline,100.0,424.259,10.8784,0.9490740740740744,5.482544545674428,1.9907407407407371,normal,risk_on,Realty,661.2,658.0,659.5961188599151,677.2,0.07436710621849561,3.244409630091366,2.790174261773285,-0.4542353683180806,2.668887920461465,2.623438815347543,0.4542353683180806,-2.790174261773285,-2.668887920461465,-2.7137498702328857,2.4198427102238353,-2.4198427102238353
DLF,2026-07-06,2026-07,2026-07-03,STANDARD,43.0,888.157,13.4569,3.523656653672713,4.506172839506184,3.271420927921727,extended_move,risk_on,Realty,677.25,679.6,678.4229649555957,671.0,0.09364883218578365,2.0783494557739357,0.851538839753523,-1.2268106160204129,-1.094150012460378,-1.1385220382789116,1.2268106160204129,-0.851538839753523,1.094150012460378,1.0495372736391033,-0.9228497600590625,0.9228497600590625
DLF,2026-07-07,2026-07,2026-07-06,GOLD-baseline,371.0,5.142,5.1419,-0.9155345540460824,2.575861805396329,2.082102776137038,extended_move,risk_on,Realty,673.3,668.45,670.8662343953793,651.85,0.07632079215775403,3.488027687231765,0.24353075484462053,-3.1252481225672617,-2.834579148631274,-2.878453018379878,3.1252481225672617,-0.24353075484462053,2.834579148631274,2.7900816714699714,-3.185801277290945,3.185801277290945
DLF,2026-07-08,2026-07,2026-07-07,GOLD-baseline,323.0,5.812,5.8119,-2.8539493293591622,-3.743354991139991,3.4873323397913527,extended_move,risk_on,Realty,647.0,644.8,645.8981266449915,633.0,0.10485571422707658,5.279470336464157,2.9341892433487615,-2.345281093115396,-1.9969289448149752,-2.0410425718308165,2.345281093115396,-2.9341892433487615,1.9969289448149752,1.9523759934312745,-2.1638330757341575,2.1638330757341575
DLF,2026-07-09,2026-07,2026-07-08,GOLD-baseline,175.0,29.193,7.2983,-2.891769578890857,-5.663189269746649,5.231264861547905,normal,risk_off,Realty,637.15,637.0,637.0749911705843,657.95,0.1046807661758659,4.865989158205613,4.54028320532059,-0.3257059528850227,3.2766956981091404,3.2310726226062534,0.3257059528850227,-4.54028320532059,-3.2766956981091404,-3.3215979005584435,3.2645373930785633,-3.2645373930785633
DLF,2026-07-10,2026-07,2026-07-09,STANDARD,80.0,184.159,10.2311,3.941548183254362,0.9357981130628356,4.897314375987362,extended_move,neutral,Realty,670.0,658.2,664.0475831953019,688.0,0.1322881438095015,5.639656095094272,4.209399674371996,-1.4302564207222757,3.6070332022657996,3.5613155755804478,1.4302564207222757,-4.209399674371996,-3.6070332022657996,-3.651957281646653,2.6865671641791042,-2.6865671641791042
DMART,2026-07-01,2026-07,2026-06-30,GOLD,448.0,0.0,0.0,0.3910653079064241,1.5095831782657276,2.0588438269190954,normal,risk_on,Consumer Services,4368.8,4321.1,4344.819084224215,4310.0,0.10751875001217945,3.5490545638572395,0.18138651168239012,-2.8613178549967735,-0.8013931892041448,-0.8458490096371717,2.8613178549967735,-0.18138651168239012,0.8013931892041448,0.756761062269493,-1.3459073429774808,1.3459073429774808
DMART,2026-07-02,2026-07,2026-07-01,GOLD-baseline,454.0,0.0,0.0,-1.23965995279669,-0.8534425249016708,3.5333745789509816,normal,risk_on,Consumer Services,4328.6,4262.2,4295.143390603902,4184.0,0.08754118455033771,3.6925426132909855,-0.3036776521229867,-2.77390950124136,-2.5876526228912478,-2.631597169431608,2.77390950124136,0.3036776521229867,2.5876526228912478,2.5431387927738514,-3.3405720094256885,3.3405720094256885
DMART,2026-07-03,2026-07,2026-07-02,GOLD-baseline,465.0,0.0,0.0,-2.92343387470998,-4.1268531885154,3.67981438515082,normal,risk_on,Consumer Services,4090.0,4027.8,4058.6617063736485,3989.0,0.07179435333454946,2.6437285923953264,-0.6224146825042814,-1.8715949214086944,-1.7163713414264856,-1.7605652713229145,1.8715949214086944,0.6224146825042814,1.7163713414264856,1.671799809834943,-2.469437652811736,2.469437652811736
DMART,2026-07-06,2026-07,2026-07-03,GOLD-baseline,336.0,21.718,7.2393,-4.660611854684515,-7.447795823665892,2.5645315487571745,normal,risk_on,Consumer Services,4024.2,4006.5,4015.3304942283985,4058.0,0.06660880928612642,1.974930833563646,1.5109467541664958,-0.4042131588353227,1.0626648499528069,1.0176754876434642,0.4042131588353227,-1.5109467541664958,-1.0626648499528069,-1.1074204259951599,0.8399184931166488,-0.8399184931166488
DMART,2026-07-07,2026-07,2026-07-06,GOLD-baseline,144.0,46.013,9.2025,1.7297568312860443,-3.0114722753346035,1.987966908999754,normal,risk_on,Consumer Services,4076.1,4056.9,4066.477336776097,4070.0,0.06658345131647815,1.2836663204272023,0.6915730961923504,-0.5920932242348518,0.0866268992094162,0.041916904338563085,0.5920932242348518,-0.6915730961923504,-0.0866268992094162,-0.13131783616244325,-0.1496528544441969,0.1496528544441969
DMART,2026-07-08,2026-07,2026-07-07,GOLD,214.0,22.491,7.497,0.2957121734844747,2.0305841062923102,1.2863479546574623,normal,risk_on,Consumer Services,4050.0,4064.9,4057.4363208419086,4030.0,0.06436960087396329,1.5108062124134611,0.1864152277446457,-1.171585136104978,-0.6761984335028481,-0.7206900879300203,1.171585136104978,-0.1864152277446457,0.6761984335028481,0.6315580154203053,-0.49382716049382713,0.49382716049382713
DMART,2026-07-09,2026-07,2026-07-08,ENTERPRISE-Dryup,448.0,0.0,0.0,-0.9828009828009798,-0.6899950714637781,1.5061425061424996,normal,risk_off,Consumer Services,4034.0,4022.0,4027.9910625620655,4075.2,0.0719078557117691,2.6365500407155738,1.4451108886252002,-1.1914391520903738,1.1720219013571083,1.1270012382163703,1.1914391520903738,-1.4451108886252002,-1.1720219013571083,-1.2167847196795476,1.0213187902825933,-1.0213187902825933
DMART,2026-07-10,2026-07,2026-07-09,ENTERPRISE-Dryup,43.0,78.345,11.1922,1.1215880893300278,0.1277641277641183,2.635235732009921,normal,neutral,Consumer Services,4089.0,4088.3,4088.6499700390104,4077.0,0.06473964637501244,2.0128893547523448,0.4732620816842616,-1.5396272730680833,-0.2849343945894025,-0.32953803895737677,1.5396272730680833,-0.4732620816842616,0.2849343945894025,0.24026806465461858,-0.293470286133529,0.293470286133529
DRREDDY,2026-07-01,2026-07,2026-06-30,GOLD-baseline,399.0,0.0,0.0,-1.4482259232440289,0.8521674694331294,2.020275162925423,normal,risk_on,Healthcare,1351.0,1358.4,1354.6898944415739,1337.8,0.0872047776157801,2.413836563937722,0.5912870237899042,-1.8225495401478182,-1.2467720111351548,-1.2911003525694955,1.8225495401478182,-0.5912870237899042,1.2467720111351548,1.2021693798583641,-0.977054034048856,0.977054034048856
DRREDDY,2026-07-02,2026-07,2026-07-01,GOLD,415.0,0.0,0.0,-1.7046289493019895,-3.1281679942070983,2.402645113886851,normal,risk_on,Healthcare,1339.9,1333.5,1336.6923393431587,1342.4,0.06118466799259793,2.3790066767066422,1.8035309956730676,-0.5754756810335748,0.42699883053464127,0.38219141236737264,0.5754756810335748,-1.8035309956730676,-0.42699883053464127,-0.47171230895919225,0.18658108814090602,-0.18658108814090602
DRREDDY,2026-07-03,2026-07,2026-07-02,ENTERPRISE-Dryup,436.0,0.0,0.0,0.3438481088354095,-1.366642174871413,2.377036926296902,normal,risk_on,Healthcare,1356.0,1351.4,1353.696092191771,1370.9,0.07902232876750703,2.9622601580443493,2.7113846320411397,-0.17700370161307685,1.270884056433543,1.2258350963736064,0.17700370161307685,-2.7113846320411397,-1.270884056433543,-1.3156534220010645,1.098820058997057,-1.098820058997057
DRREDDY,2026-07-06,2026-07,2026-07-03,STANDARD,406.0,6.115,6.1152,2.123063170440997,2.4742113918373443,2.987187127532787,normal,risk_on,Healthcare,1375.9,1378.8,1377.3484735179875,1364.2,0.06097096316223389,1.6916561384416904,0.24333177452559832,-1.448324363916092,-0.9546221432550002,-0.9990341055774249,1.448324363916092,-0.24333177452559832,0.9546221432550002,0.9100001640610593,-0.8503524965477174,0.8503524965477174
DRREDDY,2026-07-07,2026-07,2026-07-06,ENTERPRISE-Dryup,393.0,0.0,0.0,-0.4887300313662579,1.6239570917759183,1.6996133926617516,normal,risk_on,Healthcare,1362.0,1361.2,1361.5998824911867,1354.4,0.07125999843665545,2.107814517983833,1.3660487010899658,-0.7417658168938674,-0.5287810746585608,-0.5733149237666856,0.7417658168938674,-1.3660487010899658,0.5287810746585608,0.4841308937140112,-0.5580029368575558,0.5580029368575558
DRREDDY,2026-07-08,2026-07,2026-07-07,ENTERPRISE-Dryup,377.0,0.0,0.0,-0.718369740507252,-1.2035888832154007,2.1037970971998274,normal,risk_on,Healthcare,1357.0,1374.0,1365.4470889783963,1351.1,0.08242395306462268,3.2516822041943345,1.2855064955125033,-1.9661757086818308,-1.0507246376811754,-1.0951090929710305,1.9661757086818308,-1.2855064955125033,1.0507246376811754,1.0061090229710306,-0.4347826086956589,0.4347826086956589
DRREDDY,2026-07-09,2026-07,2026-07-08,ENTERPRISE-Dryup,384.0,0.0,0.0,-0.2436503248671173,-0.9602697551678752,3.2782043709391675,normal,risk_off,Healthcare,1340.0,1337.3,1338.6486385537667,1271.2,0.17034698757606345,6.56632348985649,0.7732694859658336,-5.793054003890656,-5.038561771267775,-5.081804803886231,5.793054003890656,-0.7732694859658336,5.038561771267775,4.994210255059639,-5.134328358208952,5.134328358208952
DRREDDY,2026-07-10,2026-07,2026-07-09,GOLD-baseline,358.0,25.128,6.282,-5.913699948190354,-6.14294152392203,6.505810080675014,normal,neutral,Healthcare,1244.9,1232.8,1238.8204544537273,1246.9,0.0962167582211157,2.405514043045134,1.0477341974464058,-1.3577798455987282,0.6521966534557733,0.6073247778164412,1.3577798455987282,-1.0477341974464058,-0.6521966534557733,-0.6969250458313451,0.16065547433528798,-0.16065547433528798
EICHERMOT,2026-07-01,2026-07,2026-06-30,GOLD-baseline,221.0,56.468,8.0668,-4.936454849498329,-6.463077530604188,6.020066889632108,normal,risk_on,Automobile and Auto Components,7073.5,7089.0,7081.241518093559,7144.0,0.07125474154403925,1.5039735578553233,1.1122129037006079,-0.3776388367100645,0.886263824586193,0.841324952836737,0.3776388367100645,-1.1122129037006079,-0.886263824586193,-0.9310077182942401,0.9966777408637874,-0.9966777408637874
EICHERMOT,2026-07-02,2026-07,2026-07-01,GOLD,283.0,67.151,7.4613,0.5347593582887722,-4.428093645484954,1.498733464677737,normal,risk_on,Automobile and Auto Components,7155.0,7231.0,7192.799249270125,7258.0,0.06262084989866362,1.7656547277179615,1.073306067004563,-0.6923486607133983,0.9064725494249132,0.8615278934129815,0.6923486607133983,-1.073306067004563,-0.9064725494249132,-0.9512177814759714,1.4395527603074771,-1.4395527603074771
EICHERMOT,2026-07-03,2026-07,2026-07-02,GOLD-baseline,212.0,109.857,9.1548,1.5957446808510634,2.1390374331550888,1.7777155655095185,normal,risk_on,Automobile and Auto Components,7380.0,7303.0,7341.298099843357,7329.0,0.05878971377682816,1.4915618261344874,0.11853353505463674,-0.9643812154265664,-0.16751941790266223,-0.21215666948975362,0.9643812154265664,-0.11853353505463674,0.16751941790266223,0.12284531204363225,-0.6910569105691057,0.6910569105691057
EICHERMOT,2026-07-06,2026-07,2026-07-03,ENTERPRISE-Dryup,74.0,237.262,11.8631,0.9782309176081584,2.5895856662933925,1.5086800771562414,normal,risk_on,Automobile and Auto Components,7340.0,7332.0,7335.997818974919,7461.5,0.07473685904384571,2.9103062087582927,2.2083182822935736,-0.7019879264647187,1.7107717875878237,1.6655969202221494,0.7019879264647187,-2.2083182822935736,-1.7107717875878237,-1.7555702851602284,1.6553133514986378,-1.6553133514986378
EICHERMOT,2026-07-07,2026-07,2026-07-06,ENTERPRISE-Dryup,205.0,41.337,8.2675,1.807886478373577,2.8038027004684496,2.913085004775549,normal,risk_on,Automobile and Auto Components,7499.0,7523.0,7510.98082811876,7509.0,0.0722385599154001,1.6176316087127003,1.2251285682523552,-0.09294163143947475,-0.02637242943483687,-0.07105008095984947,0.09294163143947475,-1.2251285682523552,0.02637242943483687,-0.01831102402465138,0.13335111348179757,-0.13335111348179757
EICHERMOT,2026-07-08,2026-07,2026-07-07,ENTERPRISE-Dryup,225.0,22.246,7.4154,0.6366012195939241,2.455996725337694,1.6283589090665418,normal,risk_on,Automobile and Auto Components,7415.0,7420.5,7417.748980485996,7437.5,0.0921992830189899,3.350072921768226,2.362590321875813,-0.9874825998924129,0.266267024753241,0.22150561220781395,0.9874825998924129,-2.362590321875813,-0.266267024753241,-0.3109698585532223,0.30343897505057316,-0.30343897505057316
EICHERMOT,2026-07-09,2026-07,2026-07-08,ENTERPRISE-Dryup,186.0,7.172,7.1719,-0.952190704487943,-0.3216511425316648,3.309362098814756,normal,risk_off,Automobile and Auto Components,7418.0,7421.0,7419.499696745064,7345.5,0.062329198992701125,1.7251837082243378,0.28978103826013907,-1.3208396893399263,-0.997367744047863,-1.0417674714679552,1.3208396893399263,-0.28978103826013907,0.997367744047863,0.9527485957240803,-0.9773523860878943,0.9773523860878943
EICHERMOT,2026-07-10,2026-07,2026-07-09,GOLD-baseline,408.0,0.0,0.0,-1.2369747899159678,-2.1773871354374696,1.7210084033613446,normal,neutral,Automobile and Auto Components,7399.5,7373.0,7386.226231172788,7370.0,0.06019361613180749,1.624645607164761,0.9311083451107873,-0.6935372620539738,-0.21968229329758518,-0.2643046145135038,0.6935372620539738,-0.9311083451107873,0.21968229329758518,0.1750116419771411,-0.398675586188256,0.398675586188256
ETERNAL,2026-07-01,2026-07,2026-06-30,STANDARD,85.0,115.193,10.4721,2.3341049382716195,4.019607843137263,3.6265432098765342,normal,risk_on,Consumer Services,266.3,268.85,267.5689246005793,280.0,0.10522737179132564,5.718152817200091,4.870175196493097,-0.17525375985992053,4.645933909544065,4.599918922464872,0.17525375985992053,-4.870175196493097,-4.645933909544065,-4.690926791163159,5.144573788959815,-5.144573788959815
ETERNAL,2026-07-02,2026-07,2026-07-01,STANDARD-weak,37.0,539.468,11.2389,5.560791705937795,8.024691358024704,5.768143261074463,normal,risk_on,Consumer Services,282.0,282.85,282.4243604496769,279.95,0.1024514174641787,2.6024667235847767,1.2483482461320115,-1.354118477452765,-0.8761143853657751,-0.9205488186497094,1.354118477452765,-1.2483482461320115,0.8761143853657751,0.8314872069170604,-0.7269503546099331,0.7269503546099331
ETERNAL,2026-07-03,2026-07,2026-07-02,GOLD,20.0,857.175,13.8254,-0.0178571428571472,5.5419415645617365,2.624999999999988,normal,risk_on,Consumer Services,281.95,281.5,281.72482030348743,281.4,0.08826849860438284,2.892893849828519,2.156423310508497,-0.5412445739941677,-0.11529701328322596,-0.15994921228030196,0.5412445739941677,-2.156423310508497,0.11529701328322596,0.07061944894322765,-0.19507004788083396,0.19507004788083396
ETERNAL,2026-07-06,2026-07,2026-07-03,GOLD,36.0,858.951,13.6341,0.5179496338631795,0.4999999999999893,2.9112341489551827,normal,risk_on,Consumer Services,283.8,283.4,283.5998589562764,283.45,0.08425253057555016,1.5338512564883258,0.2116154239047395,-1.3222358325835863,-0.05284168928290496,-0.09751176461754826,1.3222358325835863,-0.2116154239047395,0.05284168928290496,0.008159988776619415,-0.12332628611699181,0.12332628611699181
ETERNAL,2026-07-07,2026-07,2026-07-06,GOLD,77.0,125.214,10.4345,0.7285003553660241,1.2502232541525382,1.5458422174839963,normal,risk_on,Consumer Services,283.8,289.25,286.49908384957683,289.3,0.10342087720109502,2.600357355387401,1.5710054251993077,-0.48833798376520643,0.9776352904129239,0.9326702657742901,0.48833798376520643,-1.5710054251993077,-0.9776352904129239,-1.0223852352876668,1.937984496124031,-1.937984496124031
ETERNAL,2026-07-08,2026-07,2026-07-07,STANDARD,43.0,117.716,10.7015,2.063856059269731,2.807391613361765,2.628329511377664,extended_move,risk_on,Consumer Services,288.5,287.3,287.89874956582145,287.25,0.11373131513795925,4.446007500659042,3.0049628375341917,-1.44104466312485,-0.22533948716339436,-0.2699601891433415,1.44104466312485,-3.0049628375341917,0.22533948716339436,0.18066921049627122,-0.43327556325823224,0.43327556325823224
ETERNAL,2026-07-09,2026-07,2026-07-08,GOLD-baseline,144.0,30.579,7.6448,-0.7086069823712404,1.3406244487564,4.424472865537508,extended_move,risk_off,Consumer Services,287.3,291.45,289.360120950324,293.0,0.10774637224790398,4.509951114597569,3.7979936604887916,-0.14173374996426547,1.2579062511177412,1.2128610056431088,0.14173374996426547,-3.7979936604887916,-1.2579062511177412,-1.3026747572171278,1.983988861816912,-1.983988861816912
ETERNAL,2026-07-10,2026-07,2026-07-09,STANDARD,319.0,76.614,6.9649,2.0017406440382857,1.2789491876944226,4.543080939947785,extended_move,neutral,Consumer Services,294.7,292.9,293.7972430224643,290.0,0.07677294611485483,2.7399848675177982,-0.016080144925206073,-2.2625273654988094,-1.2924706111602033,-1.3367858724670534,2.2625273654988094,0.016080144925206073,1.2924706111602033,1.247871006318898,-1.5948422124194057,1.5948422124194057
EXIDEIND,2026-07-01,2026-07,2026-06-30,GOLD-baseline,414.0,0.0,0.0,0.3102378490175805,-0.512820512820511,2.5723888314374324,normal,risk_on,Automobile and Auto Components,389.4,389.1,389.2499421965318,390.0,0.07619956814911137,1.3615930088755284,0.47528788136188205,-0.8863051275136462,0.19269310593488034,0.14795275215794101,0.8863051275136462,-0.47528788136188205,-0.19269310593488034,-0.237391067228514,0.1540832049306684,-0.1540832049306684
EXIDEIND,2026-07-02,2026-07,2026-07-01,GOLD,114.0,19.445,9.7223,0.5154639175257714,0.8273009307135482,1.365979381443302,normal,risk_on,Automobile and Auto Components,392.0,395.85,393.91559306974676,419.35,0.17171132891028557,7.971250834551322,7.307252476587453,0.4910714285714386,6.456816479907623,6.410283171153845,-0.4910714285714386,-7.307252476587453,-6.456816479907623,-6.501929289035822,6.977040816326537,-6.977040816326537
EXIDEIND,2026-07-03,2026-07,2026-07-02,AVOID,30.0,787.937,13.1323,7.525641025641039,8.079896907216511,8.051282051282046,normal,risk_on,Automobile and Auto Components,421.15,417.45,419.29183758645365,416.0,0.08846734556978282,2.027227634319828,0.6697393466352313,-1.3574882876845966,-0.7850946027001802,-0.8295550882124277,1.3574882876845966,-0.6697393466352313,0.7850946027001802,0.7404613963753386,-1.222842217737143,1.222842217737143
EXIDEIND,2026-07-06,2026-07,2026-07-03,GOLD-baseline,48.0,705.636,13.3139,-0.7988553714081359,6.666666666666665,2.026946464766901,normal,risk_on,Automobile and Auto Components,416.3,419.85,418.06746397177545,416.2,0.10859932250459163,2.4517574036069925,1.3592390027768786,-1.0925184008301136,-0.44668962134339657,-0.49124696715983796,1.0925184008301136,-1.3592390027768786,0.44668962134339657,0.40203400381025967,-0.024021138601975193,0.024021138601975193
EXIDEIND,2026-07-07,2026-07,2026-07-06,GOLD-baseline,361.0,5.401,5.401,0.0480769230769118,-0.7511625134136279,2.4639423076923075,normal,risk_on,Automobile and Auto Components,415.5,415.3,415.3999759268175,414.5,0.12124422609025604,3.033221167595771,0.25277422581446785,-2.780446941781303,-0.21665285964678097,-0.26127604796537574,2.780446941781303,-0.25277422581446785,0.21665285964678097,0.17198200769906394,-0.24067388688327318,0.24067388688327318
EXIDEIND,2026-07-08,2026-07,2026-07-07,GOLD-baseline,192.0,38.433,7.6866,-0.4084574723690504,-0.3605769230769273,3.027390677558858,normal,risk_on,Automobile and Auto Components,412.35,413.7,413.0238968585437,421.1,0.1524009838244264,3.1717293114607927,2.96014425180914,-0.21158505965165278,1.9553597752776746,1.910114900470636,0.21158505965165278,-2.96014425180914,-1.9553597752776746,-2.000174470934152,2.1219837516672726,-2.1219837516672726
EXIDEIND,2026-07-09,2026-07,2026-07-08,GOLD-baseline,55.0,125.771,8.9836,1.5922798552472806,1.1773185968284583,3.1604342581423457,normal,risk_off,Automobile and Auto Components,426.0,424.2,425.09809456598447,425.0,0.10840990197137283,2.540590075104079,0.8943595566800102,-1.6462305184240689,-0.023075748218683547,-0.0677543433395739,1.6462305184240689,-0.8943595566800102,0.023075748218683547,-0.02160792356681492,-0.2347417840375587,0.2347417840375587
EXIDEIND,2026-07-10,2026-07,2026-07-09,GOLD-baseline,123.0,193.907,9.2337,0.9261458085965346,2.533172496984326,2.5647114699596187,normal,neutral,Automobile and Auto Components,429.0,428.45,428.72482360487487,423.5,0.09004504950299706,2.0642611560455,0.5306845486563189,-1.5335766073891817,-1.2186893123991855,-1.2630256918320548,1.5335766073891817,-0.5306845486563189,1.2186893123991855,1.1740848213175885,-1.282051282051282,1.282051282051282
FEDERALBNK,2026-07-01,2026-07,2026-06-30,GOLD-baseline,106.0,9.959,9.9585,1.4307692307692133,1.9325912183055127,2.4923076923076994,normal,risk_on,Financial Services,329.0,327.75,328.37381043014847,330.2,0.06537787246107063,1.9337717559393464,1.1042870821827901,-0.8294846737565562,0.5561313088456511,0.5112869296056455,0.8294846737565562,-1.1042870821827901,-0.5561313088456511,-0.6008533391977107,0.36474164133738257,-0.36474164133738257
FEDERALBNK,2026-07-02,2026-07,2026-07-01,GOLD,131.0,28.463,9.4876,0.1668436220233715,1.6000000000000014,1.926285454269687,normal,risk_on,Financial Services,331.75,330.75,331.24924528301887,331.75,0.04703689856928671,0.920756814825071,0.22664344981063758,-0.5884527469197467,0.15117157974300907,0.10644311050642555,0.5884527469197467,-0.22664344981063758,-0.15117157974300907,-0.19586679123204914,0.0,0.0
FEDERALBNK,2026-07-03,2026-07,2026-07-02,GOLD,173.0,48.517,9.7033,0.4694124772864905,0.6370392840892025,0.9236826165960058,normal,risk_on,Financial Services,332.4,332.75,332.57490791550777,327.5,0.060875560295044207,2.3754047019106643,0.518707828953384,-1.8566968729572804,-1.5259443195266762,-1.5701927545878753,1.8566968729572804,-0.518707828953384,1.5259443195266762,1.4813601767151812,-1.4741275571600414,1.4741275571600414
FEDERALBNK,2026-07-06,2026-07,2026-07-03,ENTERPRISE-Dryup,430.0,0.0,0.0,-1.2810851544837965,-0.8176862507571103,2.3813112283346,normal,risk_on,Financial Services,327.8,329.0,328.398903775883,330.15,0.06192300398464679,2.4208363391570558,1.5380977725687275,-0.8827385665883284,0.5332223110318314,0.488384488942634,0.8827385665883284,-1.5380977725687275,-0.5332223110318314,-0.5779428242126018,0.7169005491153038,-0.7169005491153038
FEDERALBNK,2026-07-07,2026-07,2026-07-06,ENTERPRISE-Dryup,390.0,0.0,0.0,0.8091603053435037,-0.48229088168803,2.427480916030531,normal,risk_on,Financial Services,330.0,329.55,329.7748464862406,331.65,0.06336475423014833,1.6071571426601046,0.674749313802568,-0.9324078288575366,0.5686162949476488,0.5237683421800111,0.9324078288575366,-0.674749313802568,-0.5686162949476488,-0.6133391521303979,0.49999999999999306,-0.49999999999999306
FEDERALBNK,2026-07-08,2026-07,2026-07-07,ENTERPRISE-Dryup,61.0,9.959,9.9585,0.4543389368468986,1.2671755725190748,1.60533091019234,normal,risk_on,Financial Services,330.45,330.7,330.5749527338728,327.05,0.07369982965494469,2.3897757330573746,0.09832785679586822,-2.291447876261506,-1.0663096839979085,-1.1106896784422966,2.291447876261506,-0.09832785679586822,1.0663096839979085,1.0216951014230409,-1.0288999848691112,1.0288999848691112
FEDERALBNK,2026-07-09,2026-07,2026-07-08,ENTERPRISE-Dryup,222.0,6.994,6.9941,-1.3870043720789926,-0.938967136150226,2.382029247700882,normal,risk_off,Financial Services,326.55,327.6,327.0741573033708,328.0,0.07454418460382975,1.8803075274136298,1.7200511171572244,-0.08382114491438775,0.28306812872729403,0.23830190726908093,0.08382114491438775,-1.7200511171572244,-0.28306812872729403,-0.32777207519718715,0.44403613535445985,-0.44403613535445985
FEDERALBNK,2026-07-10,2026-07,2026-07-09,ENTERPRISE-Dryup,310.0,6.994,6.9941,0.2904754624674988,-1.1005578169757224,1.880446414921259,normal,neutral,Financial Services,330.3,331.7,330.9985196374622,330.0,0.06031518320034124,1.4048401198570477,0.45362147364959216,-0.9512186462074554,-0.3016689133703296,-0.34626776788393127,0.9512186462074554,-0.45362147364959216,0.3016689133703296,0.25700369169578646,-0.09082652134423595,0.09082652134423595
FORCEMOT,2026-07-01,2026-07,2026-06-30,STANDARD,65.0,476.124,10.821,3.404089364309981,0.8750475569324401,5.242631901498691,normal,risk_on,Automobile and Auto Components,18690.0,18742.0,18715.96388117119,18405.0,0.1268856388257908,3.253906685579106,0.5986126044062482,-2.655294081172858,-1.6614900688285,-1.7056997071720594,2.655294081172858,-0.5986126044062482,1.6614900688285,1.6169149026697982,-1.5248796147672552,1.5248796147672552
FORCEMOT,2026-07-02,2026-07,2026-07-01,GOLD,244.0,253.858,7.9331,-0.8351293103448287,2.5405315059334743,3.28125,normal,risk_on,Automobile and Auto Components,18653.0,18882.0,18766.801438657254,19360.0,0.19114201211338325,6.021271145717682,4.0667482087312585,-1.954522936986423,3.1608932576055895,3.115303327772038,1.954522936986423,-4.0667482087312585,-3.1608932576055895,-3.2057877909224675,3.7902750227845385,-3.7902750227845385
FORCEMOT,2026-07-03,2026-07,2026-07-02,STANDARD-weak,37.0,881.508,12.7755,5.18880738929639,4.31034482758621,6.139635968486824,normal,risk_on,Automobile and Auto Components,19480.0,19442.0,19460.98145007965,18895.0,0.153269492558943,5.092240607402378,0.37006638182708934,-4.357341649262908,-2.9082883179940175,-2.9521410902619114,4.357341649262908,-0.37006638182708934,2.9082883179940175,2.863795722296165,-3.003080082135524,3.003080082135524
FORCEMOT,2026-07-06,2026-07,2026-07-03,GOLD-baseline,88.0,597.58,11.4919,-2.401859504132231,2.662320021733233,5.118801652892562,normal,risk_on,Automobile and Auto Components,18920.0,18919.0,18919.49998678612,18751.0,0.09355616618290379,1.934512012767907,0.15592385229252764,-1.3768862124689285,-0.8906154333032252,-0.9350457160102126,1.3768862124689285,-0.15592385229252764,0.8906154333032252,0.8459892152009112,-0.8932346723044398,0.8932346723044398
FORCEMOT,2026-07-07,2026-07,2026-07-06,GOLD,279.0,83.731,6.9775,-0.7621063773485037,-3.1456611570247928,1.9370203757607836,normal,risk_on,Automobile and Auto Components,18755.0,18777.0,18765.993552168817,18800.0,0.10408205405303875,1.987637899176896,0.7034343663404229,-1.284203532836473,0.1812131488623108,0.13647608094756453,1.284203532836473,-0.7034343663404229,-0.1812131488623108,-0.22591034988430736,0.23993601706211676,-0.23993601706211676
FORCEMOT,2026-07-08,2026-07,2026-07-07,ENTERPRISE-Dryup,216.0,112.344,7.4896,0.2613193962988536,-0.5027785128340789,1.989227241213802,normal,risk_on,Automobile and Auto Components,18590.0,18524.0,18556.941315945467,17889.0,0.10040551635414831,5.09243405963669,0.6092527972666741,-4.483181262370016,-3.5994149282108445,-3.6430698820736023,4.483181262370016,-0.6092527972666741,3.5994149282108445,3.5549681030638802,-3.7708445400753092,3.7708445400753092
FORCEMOT,2026-07-09,2026-07,2026-07-08,ENTERPRISE-Dryup,335.0,53.769,5.9743,-4.845744680851061,-4.597088155298379,5.026595744680852,normal,risk_off,Automobile and Auto Components,18020.0,18076.0,18047.95656028369,18140.0,0.0806607379254317,2.5210610324787264,2.11682379908336,0.022403864408725827,0.5099936904705454,0.4651625170164968,-0.022403864408725827,-2.11682379908336,-0.5099936904705454,-0.5547126653126906,0.6659267480577136,-0.6659267480577136
FORCEMOT,2026-07-10,2026-07,2026-07-09,ENTERPRISE-Dryup,321.0,104.273,6.9515,1.4030968751746808,-3.510638297872337,2.5434624629660685,normal,neutral,Automobile and Auto Components,18279.0,18275.0,18276.999781145703,18178.0,0.07975091243899417,1.641407252789245,0.8042907512968297,-0.8371165014924152,-0.5416631959903512,-0.5861933579004156,0.8371165014924152,-0.8042907512968297,0.5416631959903512,0.49701386817716886,-0.552546638218721,0.552546638218721
FORTIS,2026-07-01,2026-07,2026-06-30,GOLD,108.0,9.959,9.9585,-0.6591239360597911,0.3723125327739884,1.6919244342951996,normal,risk_on,Healthcare,955.0,960.8,957.8912203779099,949.6,0.06531939162336649,1.7277535953895269,0.42372030724833737,-1.2152966986498936,-0.8655701400665119,-0.9100075913876012,1.2152966986498936,-0.42372030724833737,0.8655701400665119,0.820942263314608,-0.5654450261780081,0.5654450261780081
FORTIS,2026-07-02,2026-07,2026-07-01,GOLD,460.0,0.0,0.0,-0.7784337286453114,-1.4324268216732383,1.7292722428295235,normal,risk_on,Healthcare,949.0,950.35,949.6745202306053,974.0,0.0816445301050842,3.253746345905613,2.9300017191824845,-0.3237446267231281,2.561454398448839,2.5160360436021887,0.3237446267231281,-2.9300017191824845,-2.561454398448839,-2.606309233327831,2.634351949420443,-2.634351949420443
FORTIS,2026-07-03,2026-07,2026-07-02,STANDARD,250.0,59.627,8.5181,2.5695029486099363,1.7710673423541046,3.254001684919964,normal,risk_on,Healthcare,979.0,972.4,975.6888387824126,975.5,0.08085156545349595,1.8499750414819882,1.307913005698866,-0.5420620357831225,-0.019354406333917686,-0.06403406659961035,0.5420620357831225,-1.307913005698866,0.019354406333917686,-0.02532951190116844,-0.35750766087844743,0.35750766087844743
FORTIS,2026-07-06,2026-07,2026-07-03,ENTERPRISE-Dryup,123.0,42.161,10.5403,0.1540041067761732,2.727464195450713,1.853182751540048,normal,risk_on,Healthcare,975.0,977.95,976.4727719603676,980.0,0.073525081004554,1.2903585600962793,0.9244730932445084,-0.36588546685177076,0.3612213408215304,0.3164327498820324,0.36588546685177076,-0.9244730932445084,-0.3612213408215304,-0.40593046306604763,0.5128205128205128,-0.5128205128205128
FORTIS,2026-07-07,2026-07,2026-07-06,ENTERPRISE-Dryup,441.0,0.0,0.0,0.4613018964633619,0.6160164271047153,1.2916453100973884,normal,risk_on,Healthcare,980.05,985.95,982.9911469989827,971.6,0.0806706316698769,2.8637083951305526,1.379346400261253,-1.4843619948692997,-1.1588249836999247,-1.2031784978601403,1.4843619948692997,-1.379346400261253,1.1588249836999247,1.1142165280432952,-0.8622009081169258,0.8622009081169258
FORTIS,2026-07-08,2026-07,2026-07-07,ENTERPRISE-Dryup,440.0,0.0,0.0,-0.8571428571428563,-0.3997949769348974,2.872448979591834,normal,risk_on,Healthcare,969.9,971.8,970.8490704022248,941.75,0.07948615635099382,3.5741909899160498,0.23185165093093685,-3.342339338985113,-2.99728055465604,-3.041107855032003,3.342339338985113,-0.23185165093093685,2.99728055465604,2.952793852558053,-2.9023610681513534,2.9023610681513534
FORTIS,2026-07-09,2026-07,2026-07-08,GOLD-baseline,450.0,0.0,0.0,-3.072251955537264,-3.903061224489801,3.571428571428576,normal,risk_off,Healthcare,944.25,948.6,946.4200015849117,950.4,0.07815305559318504,2.086811348759101,1.8575260862670024,0.0612834063224598,0.4205319423113659,0.3757263751356459,-0.0612834063224598,-1.8575260862670024,-0.4205319423113659,-0.46524499245977746,0.6513105639396323,-0.6513105639396323
FORTIS,2026-07-10,2026-07,2026-07-09,GOLD,458.0,0.0,0.0,0.9185027873639396,-2.1819678880197646,2.0971595434032384,normal,neutral,Healthcare,959.0,955.1,957.0460268533513,969.0,0.07307464083613646,2.215149470888344,1.3430882931420651,-0.8720611777462788,1.2490489288119018,1.2040062185332037,0.8720611777462788,-1.3430882931420651,-1.2490489288119018,-1.2938168483262613,1.0427528675703857,-1.0427528675703857
GAIL,2026-07-01,2026-07,2026-06-30,GOLD,447.0,0.0,0.0,0.1045114091621668,-0.2891677751431398,1.9741043952853772,normal,risk_on,Oil Gas & Consumable Fuels,172.8,173.0,172.89994216310006,174.43,0.06348213492053456,1.5037599015200138,1.214608756154995,-0.2891511453650187,0.8849383162063799,0.8399998238518853,0.2891511453650187,-1.214608756154995,-0.8849383162063799,-0.929682122131309,0.9432870370370343,-0.9432870370370343
GAIL,2026-07-02,2026-07,2026-07-01,ENTERPRISE-Dryup,270.0,22.864,7.6214,1.1716257757670825,1.277361667537602,1.508033176729885,normal,risk_on,Oil Gas & Consumable Fuels,174.5,174.37,174.43497577894345,174.2,0.0586245723894748,1.1981542065558008,0.10033780225266492,-0.8742373896826836,-0.13470680286116643,-0.17935344627181068,0.8742373896826836,-0.10033780225266492,0.13470680286116643,0.09003052395389272,-0.17191977077364548,0.17191977077364548
GAIL,2026-07-03,2026-07,2026-07-02,ENTERPRISE-Dryup,257.0,16.953,8.4763,-0.1318580519406142,1.0382228409024918,1.1981883850255135,normal,risk_on,Oil Gas & Consumable Fuels,174.32,175.13,174.72406123909,174.45,0.06166958284809014,1.2534049314497286,0.6673029190378883,-0.5861020124118402,-0.15685374821672726,-0.20149405259579017,0.5861020124118402,-0.6673029190378883,0.15685374821672726,0.11217893601305666,0.07457549334556876,-0.07457549334556876
GAIL,2026-07-06,2026-07,2026-07-03,ENTERPRISE-Dryup,154.0,9.959,9.9585,0.1435132032147068,0.0114659175600495,1.2571756601607336,normal,risk_on,Oil Gas & Consumable Fuels,174.02,174.6,174.30951752624634,174.7,0.05909097331672804,1.3998088197522542,1.2165041265944532,-0.1316724006259537,0.2240167257045238,0.1792674062931923,0.1316724006259537,-1.2165041265944532,-0.2240167257045238,-0.2687167614362003,0.39075968279506856,-0.39075968279506856
GAIL,2026-07-07,2026-07,2026-07-06,ENTERPRISE-Dryup,391.0,0.0,0.0,0.1433075379764892,0.2870264064293915,1.398681570650615,normal,risk_on,Oil Gas & Consumable Fuels,175.05,175.4,175.22482522471108,174.0,0.05739953417361594,1.16421859595743,0.19128269916039933,-0.9729358967970306,-0.6990021095129343,-0.7434872369351369,0.9729358967970306,-0.19128269916039933,0.6990021095129343,0.6543632016266389,-0.5998286203941795,0.5998286203941795
GAIL,2026-07-08,2026-07,2026-07-07,ENTERPRISE-Dryup,411.0,0.0,0.0,-0.4006868918145279,-0.2579535683576939,1.1677160847166528,normal,risk_on,Oil Gas & Consumable Fuels,173.05,172.42,172.7344255651721,168.9,0.09594104699918571,3.9424683167343573,1.1784416616245916,-2.764026655109766,-2.21983866425363,-2.2638884887121153,2.764026655109766,-1.1784416616245916,2.21983866425363,2.175300475289009,-2.3981508234614304,2.3981508234614304
GAIL,2026-07-09,2026-07,2026-07-08,ENTERPRISE-Dryup,397.0,0.0,0.0,-2.931034482758621,-3.319977103606176,3.913793103448277,normal,risk_off,Oil Gas & Consumable Fuels,169.0,169.02,169.00999940831903,170.7,0.0819354947210172,2.2188036288552384,1.940713924125078,3.500863620625518e-07,0.999941185490455,0.9549697763246968,-3.500863620625518e-07,-1.940713924125078,-0.999941185490455,-1.0446926075954053,1.0059171597633068,-1.0059171597633068
GAIL,2026-07-10,2026-07,2026-07-09,GOLD,411.0,0.0,0.0,1.0657193605683846,-1.8965517241379404,2.2202486678507998,normal,neutral,Oil Gas & Consumable Fuels,171.0,171.39,171.19477788486813,173.26,0.0583679479534363,2.026930986372518,1.9131553868626294,0.055622090993861874,1.2063581264848875,1.1613276354237763,-0.055622090993861874,-1.9131553868626294,-1.2063581264848875,-1.251123218758172,1.3216374269005795,-1.3216374269005795
GLENMARK,2026-07-01,2026-07,2026-06-30,GOLD,223.0,8.058,8.0583,0.8253094910591452,2.345713487852552,1.6276937184777625,normal,risk_on,Healthcare,2196.4,2217.8,2207.0481265008384,2156.0,0.0757390654072055,3.0855693259380335,0.5460630130557746,-2.4443565979854953,-2.3129593726518594,-2.3569825435424625,2.4443565979854953,-0.5460630130557746,2.3129593726518594,2.2684273506992727,-1.8393735203059591,1.8393735203059591
GLENMARK,2026-07-02,2026-07,2026-07-01,GOLD,421.0,0.0,0.0,-1.955434288312874,-1.1462631820265967,3.0968622100954937,normal,risk_on,Healthcare,2174.9,2163.1,2168.9839511295527,2191.0,0.0942517943948375,3.324137090200784,2.116938156528797,-1.2071989336719873,1.0150397313443427,0.9700640005821989,1.2071989336719873,-2.116938156528797,-1.0150397313443427,-1.0597921533655907,0.7402639201802339,-0.7402639201802339
GLENMARK,2026-07-03,2026-07,2026-07-02,GOLD,289.0,8.058,8.0583,1.6233766233766156,-0.3638017280582106,3.34415584415584,normal,risk_on,Healthcare,2185.2,2205.2,2195.15444606414,2215.0,0.07828348327275858,2.7014044549951226,2.2479308471590946,0.06585203781227812,0.9040618518411205,0.8591178858335154,-0.06585203781227812,-2.2479308471590946,-0.9040618518411205,-0.9488069242413205,1.3637195680029373,-1.3637195680029373
GLENMARK,2026-07-06,2026-07,2026-07-03,GOLD,326.0,22.165,7.3883,1.0953902327704323,2.736549165120583,2.706526700136932,normal,risk_on,Healthcare,2220.0,2231.1,2225.5361596009975,2271.0,0.07389341430484232,2.6465532696876024,2.222558379274797,-0.1948366276724568,2.0428264084980503,1.9975564984664516,0.1948366276724568,-2.222558379274797,-2.0428264084980503,-2.0876468967197797,2.2972972972972974,-2.2972972972972974
GLENMARK,2026-07-07,2026-07,2026-07-06,STANDARD,52.0,87.779,10.9724,2.5282167042889325,3.651300775901412,2.6591422121896207,normal,risk_on,Healthcare,2278.0,2274.7,2276.3488040064135,2257.0,0.092276914839086,2.236036933813272,0.7710240171759345,-1.4650129166373373,-0.8499929348419394,-0.8944348447641713,1.4650129166373373,-0.7710240171759345,0.8499929348419394,0.8053640264740423,-0.9218612818261633,0.9218612818261633
GLENMARK,2026-07-08,2026-07,2026-07-07,GOLD,381.0,0.0,0.0,-0.6164685160722105,1.8961625282166936,2.2413033905768422,normal,risk_on,Healthcare,2267.0,2277.8,2272.387167752156,2227.0,0.07903332672628502,3.1244675646638664,0.4934384600902126,-2.631029104573654,-1.9973342745573164,-2.041447785557247,2.631029104573654,-0.4934384600902126,1.9973342745573164,1.9527813500169833,-1.76444640494045,1.76444640494045
GLENMARK,2026-07-09,2026-07,2026-07-08,GOLD,386.0,0.0,0.0,-1.329198050509528,-1.9374724790841011,3.1457687195392112,normal,risk_off,Healthcare,2227.9,2243.6,2235.72243766074,2274.0,0.08799204963151142,2.983375703371711,2.5977089714243453,-0.25595474484424446,1.71208919740995,1.666913952967332,0.25595474484424446,-2.5977089714243453,-1.71208919740995,-1.7568877822291376,2.069213160375237,-2.069213160375237
GLENMARK,2026-07-10,2026-07,2026-07-09,STANDARD,1.0,15.978,15.9784,2.110462505612931,0.7532122286220577,2.9950606196677265,normal,neutral,Healthcare,2283.9,2271.2,2277.5322956685914,2284.5,0.09495875501256185,2.507099465003971,1.1665127375772006,-1.34058672742677,0.30593218566690855,0.26115941992113384,1.34058672742677,-1.1665127375772006,-0.30593218566690855,-0.3506376463318365,0.026270852489159294,-0.026270852489159294
GMRAIRPORT,2026-07-01,2026-07,2026-06-30,STANDARD,114.0,98.484,9.8484,2.403277196176612,3.6487607113240506,3.2862994993172503,extended_move,risk_on,Services,112.74,112.76,112.74999911308204,113.55,0.06357676517807564,2.0842572226036897,1.6851449240477323,-0.39911229855595737,0.7095351602757884,0.6646468728650033,0.39911229855595737,-1.6851449240477323,-0.7095351602757884,-0.7542673499513128,0.7184672698243767,-0.7184672698243767
GMRAIRPORT,2026-07-02,2026-07,2026-07-01,GOLD-baseline,97.0,130.398,10.0306,0.9423059827540214,3.368229403732359,2.089074584407511,extended_move,risk_on,Services,113.8,113.88,113.83998594518623,112.03,0.07950768953558782,2.6001408691540324,0.13177624150972578,-2.2926794337825447,-1.5899386583355102,-1.6341687765530895,2.2926794337825447,-0.13177624150972578,1.5899386583355102,1.545358753613097,-1.5553602811950755,1.5553602811950755
GMRAIRPORT,2026-07-03,2026-07,2026-07-02,GOLD-baseline,296.0,39.971,7.9943,-1.338617349185378,-0.4089252377989072,2.606781153676789,normal,risk_on,Services,112.0,111.61,111.80465989893118,112.7,0.0851425630101423,3.1036273471399123,1.8472755097469522,-1.25635183739296,0.8008074993280174,0.7558930874007148,1.25635183739296,-1.8472755097469522,-0.8008074993280174,-0.8455457336054679,0.6250000000000026,-0.6250000000000026
GMRAIRPORT,2026-07-06,2026-07,2026-07-03,GOLD-baseline,273.0,40.112,8.0224,0.5980540926537659,-0.7485689123734041,3.0973846291172,normal,risk_on,Services,112.96,113.26,113.10980107859604,113.47,0.060927643406659966,1.281940191011784,1.0080460848938106,-0.18548443777232568,0.31845067179781683,0.2736743229358308,0.18548443777232568,-1.0080460848938106,-0.31845067179781683,-0.3631569615120073,0.45148725212465046,-0.45148725212465046
GMRAIRPORT,2026-07-07,2026-07,2026-07-06,ENTERPRISE-Dryup,442.0,0.0,0.0,0.6832298136645987,1.2853699901812066,1.286601597160606,normal,risk_on,Services,113.47,113.95,113.70949344824554,114.75,0.06781560406047538,1.9171662223543595,1.6977531894758857,-0.07870358536621808,0.9150568876890163,0.8701097746162806,0.07870358536621808,-1.6977531894758857,-0.9150568876890163,-0.9598026882464603,1.1280514673481987,-1.1280514673481987
GMRAIRPORT,2026-07-08,2026-07,2026-07-07,ENTERPRISE-Dryup,63.0,9.959,9.9585,1.1280514673482012,1.818988464951188,1.9212126553274051,normal,risk_on,Services,113.99,113.36,113.6741271167803,110.85,0.10453187577605677,4.117031833630982,1.1575834506895908,-2.9594483829413907,-2.4844062482916685,-2.528380346628845,2.9594483829413907,-1.1575834506895908,2.4844062482916685,2.439885580579868,-2.754627598912186,2.754627598912186
GMRAIRPORT,2026-07-09,2026-07,2026-07-08,ENTERPRISE-Dryup,207.0,14.072,7.0358,-3.3986928104575265,-2.308980347228351,4.078431372549013,normal,risk_off,Services,111.01,111.97,111.48793344694592,111.91,0.07881055391187274,1.964338141617953,1.5356518863710145,0.07361025585170591,0.3785759947330354,0.3337824364403669,-0.07361025585170591,-1.5356518863710145,-0.3785759947330354,-0.42328626630686256,0.8107377713719407,-0.8107377713719407
GMRAIRPORT,2026-07-10,2026-07,2026-07-09,GOLD-baseline,302.0,14.072,7.0358,0.9562471808750584,-2.4749455337690685,1.9756427604871427,normal,neutral,Services,112.64,112.78,112.70995652559665,112.66,0.06140871499721981,1.0646796760386297,0.4259104423435089,-0.6298969030614611,-0.04432308124021913,-0.08899559482196806,0.6298969030614611,-0.4259104423435089,0.04432308124021913,-0.00035918341940265747,0.017755681818178288,-0.017755681818178288
GODFRYPHLP,2026-07-01,2026-07,2026-06-30,GOLD,451.0,0.0,0.0,-1.2514220705347023,-3.314917127071826,3.2627986348122784,normal,risk_on,Fast Moving Consumer Goods,2178.0,2190.4,2184.1824008790404,2160.0,0.07122328245245596,2.055689121106816,0.48611320724343515,-1.3315005590804174,-1.1071603209195362,-1.1515286228495207,1.3315005590804174,-0.48611320724343515,1.1071603209195362,1.0625484437189494,-0.8264462809917356,0.8264462809917356
GODFRYPHLP,2026-07-02,2026-07,2026-07-01,GOLD,461.0,0.0,0.0,-0.4608294930875556,-1.7064846416382284,2.069124423963138,normal,risk_on,Fast Moving Consumer Goods,2165.0,2166.0,2165.4998845532214,2174.7,0.0647432070680762,1.4315401363503566,1.4084561104962292,-0.009230411631373567,0.4248495006812984,0.3800426977081164,0.009230411631373567,-1.4084561104962292,-0.4248495006812984,-0.4695628367643305,0.44803695150114636,-0.44803695150114636
GODFRYPHLP,2026-07-03,2026-07,2026-07-02,ENTERPRISE-Dryup,468.0,0.0,0.0,0.6805555555555509,0.2165898617511485,1.4351851851851851,normal,risk_on,Fast Moving Consumer Goods,2178.0,2171.4,2174.6949924127466,2175.0,0.08817306484155919,2.0462639659931727,0.680785472855104,-1.365478493138069,0.014025304160699347,-0.030663910246009354,1.365478493138069,-0.680785472855104,-0.014025304160699347,-0.05871143300049269,-0.13774104683195593,0.13774104683195593
GODFRYPHLP,2026-07-06,2026-07,2026-07-03,ENTERPRISE-Dryup,468.0,0.0,0.0,0.0137950062077507,0.694444444444442,2.046259254149998,normal,risk_on,Fast Moving Consumer Goods,2170.0,2172.9,2171.449031752976,2144.0,0.06524920668742212,1.7868252688702326,0.15431945203515893,-1.6325058168350737,-1.2640882356247183,-1.3084116207053884,1.6325058168350737,-0.15431945203515893,1.2640882356247183,1.2194867511322107,-1.19815668202765,1.19815668202765
GODFRYPHLP,2026-07-07,2026-07,2026-07-06,ENTERPRISE-Dryup,443.0,0.0,0.0,-1.425287356321836,-1.411688968593361,1.7839080459770198,normal,risk_on,Fast Moving Consumer Goods,2150.8,2138.0,2144.3808990859916,2134.0,0.0684184725671312,1.632172717772211,0.369295441746566,-1.262877276025645,-0.4840977221171985,-0.5286443607625878,1.262877276025645,-0.369295441746566,0.4840977221171985,0.4394445819729434,-0.7811047052259709,0.7811047052259709
GODFRYPHLP,2026-07-08,2026-07,2026-07-07,ENTERPRISE-Dryup,441.0,0.0,0.0,-0.4664179104477584,-1.885057471264373,1.632462686567164,normal,risk_on,Fast Moving Consumer Goods,2124.9,2130.6,2127.7461825872397,2087.8,0.0811001710736225,3.2569674224833824,0.5430073148438977,-2.7139601076394846,-1.8773941607389846,-1.921542001717933,2.7139601076394846,-0.5430073148438977,1.8773941607389846,1.8328332930446736,-1.7459645159772181,1.7459645159772181
GODFRYPHLP,2026-07-09,2026-07,2026-07-08,ENTERPRISE-Dryup,454.0,0.0,0.0,-2.16494845360824,-2.6212686567164134,3.24742268041238,normal,risk_off,Fast Moving Consumer Goods,2089.0,2080.2,2084.590712846589,2103.0,0.08474982132085963,1.7317548129485796,1.5163306139000736,-0.2106270943035003,0.8831127875587718,0.8381748177180399,0.2106270943035003,-1.5163306139000736,-0.8831127875587718,-0.9278564725862406,0.6701771182383915,-0.6701771182383915
GODFRYPHLP,2026-07-10,2026-07,2026-07-09,ENTERPRISE-Dryup,459.0,0.0,0.0,0.728039084203469,-1.452671040299902,1.7290928249832316,normal,neutral,Fast Moving Consumer Goods,2113.4,2110.5,2111.9490044745376,2118.0,0.06626734610870176,1.510453137477008,0.9020575537145801,-0.6083955837624281,0.28651238797160045,0.2417451806768409,0.6083955837624281,-0.9020575537145801,-0.28651238797160045,-0.33121656254100623,0.21765874893536052,-0.21765874893536052
GODREJCP,2026-07-01,2026-07,2026-06-30,ENTERPRISE-Dryup,401.0,0.0,0.0,-0.4984849965790294,-1.7564176799845677,2.0232626331736925,normal,risk_on,Fast Moving Consumer Goods,1017.0,1016.0,1016.4997540580422,1044.4,0.08425146396575915,3.0595186940128087,2.8037631911055483,-0.2557555029072601,2.744737106976693,2.6992662918535117,0.2557555029072601,-2.8037631911055483,-2.744737106976693,-2.7896040799363395,2.694198623402172,-2.694198623402172
GODREJCP,2026-07-02,2026-07,2026-07-01,STANDARD,130.0,47.456,9.4913,2.5933202357564022,2.0819079268888707,3.0550098231827136,normal,risk_on,Fast Moving Consumer Goods,1050.0,1044.6,1047.2930392437697,1075.0,0.09093262384879713,3.6952408303930464,3.2853231585569334,-0.3526271163261517,2.6455786220289346,2.600136188642266,0.3526271163261517,-3.2853231585569334,-2.6455786220289346,-2.690439028118757,2.380952380952381,-2.380952380952381
GODREJCP,2026-07-03,2026-07,2026-07-02,STANDARD,278.0,123.115,8.2076,2.9299119111451555,5.5992141453831135,3.705476828801229,normal,risk_on,Fast Moving Consumer Goods,1079.0,1096.7,1087.77800248196,1078.0,0.10137214267303997,2.518896313170711,0.9856788327743294,-1.5332174803963814,-0.8988968759847729,-0.9433247883275472,1.5332174803963814,-0.9856788327743294,0.8988968759847729,0.8542712063292819,-0.09267840593141798,0.09267840593141798
GODREJCP,2026-07-06,2026-07,2026-07-03,GOLD,207.0,212.807,8.8669,0.2790697674418529,3.21715817694368,2.548837209302334,normal,risk_on,Fast Moving Consumer Goods,1095.0,1115.1,1104.958599158409,1099.6,0.13805403522366638,3.267090733308511,1.1802614913829315,-2.086829241925579,-0.48495927019260987,-0.5295056622405397,2.086829241925579,-1.1802614913829315,0.48495927019260987,0.44030618710523767,0.42009132420090495,-0.42009132420090495
GODREJCP,2026-07-07,2026-07,2026-07-06,STANDARD,339.0,5.812,5.8119,2.003710575139128,2.2883720930232387,3.348794063079769,normal,risk_on,Fast Moving Consumer Goods,1100.6,1103.2,1101.8984662855069,1095.0,0.08218794804562472,1.7424472932359096,0.42667576535811824,-1.3157715278777915,-0.626052807638579,-0.6705588150476598,1.3157715278777915,-0.42667576535811824,0.626052807638579,0.5814090686118176,-0.5088133745229793,0.5088133745229793
GODREJCP,2026-07-08,2026-07,2026-07-07,GOLD,326.0,5.812,5.8119,-0.4183339396144014,1.576994434137302,1.7460894870861967,normal,risk_on,Fast Moving Consumer Goods,1090.0,1081.0,1085.481345002303,1074.0,0.09968302203663157,3.076975956682998,1.337531507523624,-1.7394444491593744,-1.0577192371996618,-1.102101690453275,1.7394444491593744,-1.337531507523624,1.0577192371996618,1.0131040857138645,-1.4678899082568808,1.4678899082568808
GODREJCP,2026-07-09,2026-07,2026-07-08,GOLD,388.0,0.0,0.0,-1.9178082191780852,-2.3281193161149405,3.050228310502292,normal,risk_off,Fast Moving Consumer Goods,1070.0,1076.1,1073.041330786077,1086.5,0.07195896153227398,2.795791656787621,2.2141429721554267,0.28504672897196354,1.254254503325014,1.2092103030755454,-0.28504672897196354,-2.2141429721554267,-1.254254503325014,-1.2990227675837513,1.542056074766355,-1.542056074766355
GODREJCP,2026-07-10,2026-07,2026-07-09,ENTERPRISE-Dryup,413.0,0.0,0.0,1.163873370577284,-0.776255707762552,2.793296089385475,normal,neutral,Fast Moving Consumer Goods,1090.0,1091.0,1090.4997707473638,1088.8,0.05333049561236051,1.3846862149866839,0.8161605798905073,-0.5685256350961766,-0.15587080281538054,-0.2005113885389739,0.5685256350961766,-0.8161605798905073,0.15587080281538054,0.1111959255151678,-0.11009174311927022,0.11009174311927022
GODREJPROP,2026-07-01,2026-07,2026-06-30,STANDARD,164.0,35.215,8.8037,2.278952558343361,0.8153788001511897,3.1445162704064784,normal,risk_on,Realty,1884.9,1890.0,1887.4465548756257,1950.0,0.10150660792886548,5.149814692708218,4.426797935472145,-0.723016757236073,3.314183650010493,3.2685498444810848,0.723016757236073,-4.426797935472145,-3.314183650010493,-3.3590883351368985,3.4537641254177887,-3.4537641254177887
GODREJPROP,2026-07-02,2026-07,2026-07-01,STANDARD,74.0,373.635,10.3788,4.445634708087831,6.825901172345783,5.206213176218535,normal,risk_on,Realty,1962.0,1969.1,1965.5435883086159,1959.2,0.09324058104427801,1.8722556049579757,0.9084719259138874,-0.9637836790440885,-0.32273964038999525,-0.367332463913685,0.9637836790440885,-0.9084719259138874,0.32273964038999525,0.2780758141454197,-0.14271151885830552,0.14271151885830552
GODREJPROP,2026-07-03,2026-07,2026-07-02,GOLD,69.0,477.601,11.3714,0.4717948717948728,4.93840385645421,1.887179487179496,normal,risk_on,Realty,1980.0,1975.2,1977.597087378641,1988.0,0.08171768371391439,1.623182002282848,1.2643077187427,-0.35887428354014816,0.5260380230003479,0.48120225724117655,0.35887428354014816,-1.2643077187427,-0.5260380230003479,-0.5707580603944591,0.40404040404040403,-0.40404040404040403
GODREJPROP,2026-07-06,2026-07,2026-07-03,GOLD,83.0,592.121,11.6102,1.4699877501020753,1.94871794871796,1.6384238464679417,extended_move,risk_on,Realty,2016.0,2015.0,2015.4998759613,2047.0,0.10833191271698371,2.485735702469569,1.7861635452361246,-0.6549182224585485,1.562893871361612,1.5177613305003876,0.6549182224585485,-1.7861635452361246,-1.562893871361612,-1.6076825755711368,1.5376984126984126,-1.5376984126984126
GODREJPROP,2026-07-07,2026-07,2026-07-06,STANDARD,164.0,98.149,8.9226,2.967806841046272,4.481420988158424,2.520120724346072,extended_move,risk_on,Realty,2060.0,2047.2,2053.5800545383718,2043.9,0.09572195302751893,2.5711196348695156,0.010710342708205492,-2.1708457111204758,-0.4713745888298314,-0.515924869166769,2.1708457111204758,-0.010710342708205492,0.4713745888298314,0.4267206060833513,-0.781553398058248,0.781553398058248
GODREJPROP,2026-07-08,2026-07,2026-07-07,GOLD-baseline,114.0,34.804,8.701,-0.1514411333658927,2.8118712273641933,2.579384465070844,extended_move,risk_on,Realty,2021.0,2011.2,2016.0880908685085,1990.0,0.12522744568853353,5.094023443973512,2.927050132321833,-2.1669733116516787,-1.2939955841547606,-1.3383104089746902,2.1669733116516787,-2.927050132321833,1.2939955841547606,1.2493960803063169,-1.533894111825829,1.533894111825829
GODREJPROP,2026-07-09,2026-07,2026-07-08,GOLD-baseline,304.0,25.005,6.2512,-2.637115318753369,-2.784562774792376,5.024707666715584,extended_move,risk_off,Realty,1990.0,1998.9,1994.4400711975732,2028.4,0.09572490699809803,3.0284188967248618,2.5099740787081193,-0.12234367092855321,1.702729968819544,1.6575574032314888,0.12234367092855321,-2.5099740787081193,-1.702729968819544,-1.7475279338144591,1.9296482412060347,-1.9296482412060347
GODREJPROP,2026-07-10,2026-07,2026-07-09,GOLD,180.0,33.496,8.3739,1.929648241206028,-0.7583541269142291,3.0351758793969896,extended_move,neutral,Realty,2048.4,2023.5,2035.8738672364252,2135.0,0.10449187626721411,5.697798958314787,5.016329076525984,-0.6814698817888037,4.8689722069143935,4.822893380475497,0.6814698817888037,-5.016329076525984,-4.8689722069143935,-4.913979859467768,4.227689904315559,-4.227689904315559
GRASIM,2026-07-01,2026-07,2026-06-30,GOLD-baseline,408.0,0.0,0.0,-0.192926045016073,-0.8275024761174476,1.5562700964630254,normal,risk_on,Construction Materials,3115.0,3099.7,3107.331166427985,3139.0,0.06623527625239611,1.979190395425312,1.2122568067090527,-0.7669335887162596,1.0191650608139,0.9741881492752035,0.7669335887162596,-1.2122568067090527,-1.0191650608139,-1.0639177560392175,0.7704654895666132,-0.7704654895666132
GRASIM,2026-07-02,2026-07,2026-07-01,GOLD,154.0,36.13,9.0325,1.127577319587636,0.932475884244366,1.9813144329896903,normal,risk_on,Construction Materials,3153.0,3137.2,3145.080156433818,3163.0,0.052250439501246936,1.255929834385803,0.916346869799994,-0.33958296458580894,0.569773826893529,0.5249255428101526,0.33958296458580894,-0.916346869799994,-0.569773826893529,-0.6144967607349888,0.3171582619727244,-0.3171582619727244
GRASIM,2026-07-03,2026-07,2026-07-02,ENTERPRISE-Dryup,208.0,45.96,9.1921,0.7645747053201646,1.900773195876293,1.2583625358394392,normal,risk_on,Construction Materials,3180.0,3171.7,3175.8445770423664,3193.0,0.059428353414982704,1.7097814040562795,1.3683107565075938,-0.3414706475486855,0.5401845884287669,0.4953447735547593,0.3414706475486855,-1.3683107565075938,-0.5401845884287669,-0.5849055626933202,0.4088050314465409,-0.4088050314465409
GRASIM,2026-07-06,2026-07,2026-07-03,ENTERPRISE-Dryup,197.0,36.13,9.0325,0.9484666455896296,1.7202930869703703,1.7167246285172362,normal,risk_on,Construction Materials,3182.2,3183.6,3182.899846052342,3217.2,0.0544745386003676,1.4452229798261627,1.1027728060998077,-0.3424501737263549,1.0776384934071732,1.0326448452517591,0.3424501737263549,-1.1027728060998077,-1.0776384934071732,-1.1223950610940376,1.0998680158380993,-1.0998680158380993
GRASIM,2026-07-07,2026-07,2026-07-06,ENTERPRISE-Dryup,122.0,57.824,9.6373,0.7579079235828345,1.713563073031921,1.4406514249921702,normal,risk_on,Construction Materials,3201.0,3221.6,3211.2669635350167,3172.9,0.0632624312734839,1.528991533794805,0.33423058832730107,-1.1947609454675039,-1.1947609454675039,-1.2391041738211266,1.1947609454675039,-0.33423058832730107,1.1947609454675039,1.1501548697058783,-0.8778506716651018,0.8778506716651018
GRASIM,2026-07-08,2026-07,2026-07-07,ENTERPRISE-Dryup,382.0,0.0,0.0,-1.3769737660077053,-0.6295020357031,1.5261718264329205,normal,risk_on,Construction Materials,3174.0,3179.1,3176.5479529678423,3149.5,0.06556880141988713,2.121800174212022,0.38570319773421957,-1.7360969764778023,-0.8514888919769484,-0.8959303737173534,1.7360969764778023,-0.38570319773421957,0.8514888919769484,0.8068600826803085,-0.7718966603654694,0.7718966603654694
GRASIM,2026-07-09,2026-07,2026-07-08,ENTERPRISE-Dryup,387.0,0.0,0.0,-0.7374956664250365,-2.104314310580624,2.1242396545746822,normal,risk_off,Construction Materials,3139.0,3156.3,3147.6262290915447,3196.0,0.06042439389346373,2.7226866775962217,2.3628526862899077,0.27556546670914195,1.5368333908698157,1.4917083091956806,-0.27556546670914195,-2.3628526862899077,-1.5368333908698157,-1.5816203691979596,1.8158649251353933,-1.8158649251353933
GRASIM,2026-07-10,2026-07,2026-07-09,GOLD-baseline,90.0,9.959,9.9585,1.4764248293379856,0.7280405937785561,2.721066836005709,normal,neutral,Construction Materials,3204.8,3212.4,3208.5954995948396,3216.0,0.04833147780637542,1.3713165154521982,1.1657592990417032,-0.018559509757922497,0.2307707657788408,0.18601951318563498,0.018559509757922497,-1.1657592990417032,-0.2307707657788408,-0.27547124880357526,0.3494757863205135,-0.3494757863205135
GVT&D,2026-07-01,2026-07,2026-06-30,GOLD-baseline,82.0,808.891,10.5051,0.9746192893401062,-1.524752475247526,3.715736040609137,normal,risk_on,Capital Goods,4977.0,5016.5,4996.671936758894,4900.0,0.11428590275521533,4.410935974775297,0.5169053235434047,-3.4837575682786537,-1.9347265136161906,-1.9788579445851042,3.4837575682786537,-0.5169053235434047,1.9347265136161906,1.8901694428142815,-1.5471167369901548,1.5471167369901548
GVT&D,2026-07-02,2026-07,2026-07-01,GOLD,159.0,502.151,8.967,-1.4679268047456229,-0.5076142131979711,4.431932435149802,normal,risk_on,Capital Goods,4850.0,4823.8,4836.864520664061,4830.1,0.13247501399013917,3.6428558055996376,0.8959415578170659,-2.7469142477825716,-0.13985342436534065,-0.18449859467909824,2.7469142477825716,-0.8959415578170659,0.13985342436534065,0.09517748629822267,-0.41030927835050796,0.41030927835050796
GVT&D,2026-07-03,2026-07,2026-07-02,ENTERPRISE-Dryup,292.0,345.813,8.0422,-1.4265306122448915,-2.873516991755476,3.595918367346935,normal,risk_on,Capital Goods,4581.6,4459.7,4519.8282370898,4445.0,0.21875915674829496,5.787830560756836,1.0879122022092778,-4.421146703098254,-1.655554883164754,-1.6997662203127653,4.421146703098254,-1.0879122022092778,1.655554883164754,1.6109793239424464,-2.981491182119791,2.981491182119791
GVT&D,2026-07-06,2026-07,2026-07-03,GOLD-baseline,190.0,394.408,9.1723,-7.972919815324742,-9.285714285714286,5.416036935053112,gap,risk_on,Capital Goods,4451.1,4437.7,4444.389899648997,4562.3,0.14562446430605827,5.247064395012174,4.603783758197326,-0.6432806368148476,2.6530098171700756,2.6075652567821463,0.6432806368148476,-4.603783758197326,-2.6530098171700756,-2.6978707153982273,2.4982588573610975,-2.4982588573610975
GVT&D,2026-07-07,2026-07,2026-07-06,STANDARD,135.0,474.018,9.4804,2.638920134983125,-5.544398666694272,5.246344206974124,normal,risk_on,Capital Goods,4580.0,4573.2,4576.597474107416,4447.0,0.13885604911517943,4.455274931946396,-0.05020048453931201,-4.162425801814017,-2.8317429015907,-2.8756175831469495,4.162425801814017,0.05020048453931201,2.8317429015907,2.787245236596101,-2.903930131004367,2.903930131004367
GVT&D,2026-07-08,2026-07,2026-07-07,GOLD-baseline,163.0,293.319,8.1477,-2.527234070534601,0.0449943757030446,4.469237007649642,normal,risk_on,Capital Goods,4375.0,4417.7,4396.2463179683145,4475.0,0.13477180989980236,4.412855558322204,3.1334386671797563,0.06263711886275851,1.79138465717455,1.7461867163096656,-0.06263711886275851,-3.1334386671797563,-1.79138465717455,-1.836188493414856,2.2857142857142856,-2.2857142857142856
GVT&D,2026-07-09,2026-07,2026-07-08,GOLD-baseline,44.0,401.154,9.3292,0.6296379581740563,-1.913508537360542,4.362491567348775,normal,risk_off,Capital Goods,4475.0,4513.0,4493.919670672008,4665.5,0.10189113176554483,4.50163809825619,4.080632115539581,0.2777158970918075,3.818055103382271,3.77227707674225,-0.2777158970918075,-4.080632115539581,-3.818055103382271,-3.8629931578995476,4.256983240223463,-4.256983240223463
GVT&D,2026-07-10,2026-07,2026-07-09,STANDARD,24.0,948.8,12.0101,4.256983240223455,4.9134247807510745,4.520670391061456,normal,neutral,Capital Goods,4695.0,4670.6,4682.768215597506,4668.9,0.10137698793576588,2.9362973709014857,1.1965525907488135,-1.7397447801526724,-0.2961542181676627,-0.3407546511304134,1.7397447801526724,-1.1965525907488135,0.2961542181676627,0.25148863127691506,-0.5559105431309982,0.5559105431309982
HAL,2026-07-01,2026-07,2026-06-30,GOLD,246.0,15.77,7.8852,0.6136520340151552,0.3829396927310213,2.2385658469317318,normal,risk_on,Capital Goods,4387.9,4395.0,4391.447130218948,4426.6,0.06293592328559282,1.867266018887757,1.6521403453042367,-0.21512567358352017,0.8004848683969022,0.7555705488149604,0.21512567358352017,-1.6521403453042367,-0.8004848683969022,-0.8452230813077967,0.8819708744502093,-0.8819708744502093
HAL,2026-07-02,2026-07,2026-07-01,ENTERPRISE-Dryup,208.0,66.231,8.2789,1.1170249217625772,1.7375316019305975,1.8731297256550243,normal,risk_on,Capital Goods,4431.0,4449.0,4439.981756756757,4425.1,0.04919951285745729,1.0968513536320086,0.4193315257412968,-0.6549972128264,-0.33517607891315376,-0.37976534280479074,0.6549972128264,-0.4193315257412968,0.33517607891315376,0.29051307628415585,-0.13315278718121498,0.13315278718121498
HAL,2026-07-03,2026-07,2026-07-02,ENTERPRISE-Dryup,325.0,52.572,7.5103,-0.0338860525007866,1.0827603536103458,1.1001671711923535,normal,risk_on,Capital Goods,4456.2,4469.9,4463.039486449849,4427.0,0.060187488793749605,1.8171472658089998,0.8819216964055989,-0.9352255694034006,-0.8075099169359402,-0.8519639866024553,0.9352255694034006,-0.8819216964055989,0.8075099169359402,0.7628781950876992,-0.6552668192630452,0.6552668192630452
HAL,2026-07-06,2026-07,2026-07-03,ENTERPRISE-Dryup,320.0,29.877,7.4693,0.0429368827822962,0.0090362806668631,1.8327269440238512,normal,risk_on,Capital Goods,4432.0,4446.2,4439.088644094523,4440.5,0.05838160348324152,1.5836583955925898,1.3316101714732478,-0.14617063579379003,0.03179382117891059,-0.012900479039350168,0.14617063579379003,-1.3316101714732478,-0.03179382117891059,-0.07648112675651197,0.1917870036101083,-0.1917870036101083
HAL,2026-07-07,2026-07,2026-07-06,ENTERPRISE-Dryup,340.0,5.812,5.8119,0.3049469166478413,0.3480147341302864,1.58798283261803,normal,risk_on,Capital Goods,4440.0,4427.7,4433.841469603167,4401.0,0.06365349940817722,1.4953173327131424,-0.12272584936723557,-1.324843705077798,-0.7407001316649733,-0.7851733240290873,1.324843705077798,0.12272584936723557,0.7407001316649733,0.696063985271893,-0.8783783783783784,0.8783783783783784
HAL,2026-07-08,2026-07,2026-07-07,ENTERPRISE-Dryup,325.0,5.812,5.8119,-0.8895394662763234,-0.5873051728032541,1.493075104154921,normal,risk_on,Capital Goods,4382.6,4394.9,4388.741381942466,4328.8,0.09167862023968565,2.914275161581538,1.0244080055050908,-1.8898671560764473,-1.3657989096622518,-1.4100931825035348,1.8898671560764473,-1.0244080055050908,1.3657989096622518,1.3212041610608432,-1.2275818007575452,1.2275818007575452
HAL,2026-07-09,2026-07,2026-07-08,ENTERPRISE-Dryup,390.0,0.0,0.0,-1.6405362417632352,-2.5154824907104967,2.906157691433757,normal,risk_off,Capital Goods,4350.0,4353.9,4351.949126253749,4394.0,0.06217372784252395,1.5280509507528328,1.0466775328658913,-0.4813734178869412,0.9662537986157423,0.9212920316559797,0.4813734178869412,-1.0466775328658913,-0.9662537986157423,-1.0110029897398094,1.011494252873563,-1.011494252873563
HAL,2026-07-10,2026-07,2026-07-09,ENTERPRISE-Dryup,384.0,5.812,5.8119,1.5061910922195445,-0.1590547602817515,1.536222509702458,normal,neutral,Capital Goods,4396.0,4403.1,4399.547135502495,4512.9,0.0632875173931638,2.929847005384506,2.8492219911899577,-0.03516578990619236,2.5764666454598246,2.5310439937177613,0.03516578990619236,-2.8492219911899577,-2.5764666454598246,-2.6213224745398866,2.6592356687898007,-2.6592356687898007
HAVELLS,2026-07-01,2026-07,2026-06-30,GOLD,404.0,0.0,0.0,0.1647732200156237,-2.019002375296908,2.090018211776961,normal,risk_on,Consumer Durables,1172.6,1186.6,1179.558460495083,1188.5,0.0871227151503003,2.41615832996001,1.809282050841269,-0.24233309249319948,0.7580412335955026,0.7131390624853755,0.24233309249319948,-1.809282050841269,-0.7580412335955026,-0.8027766356342386,1.355961112058681,-1.355961112058681
HAVELLS,2026-07-02,2026-07,2026-07-01,STANDARD,350.0,32.536,6.5072,2.900432900432892,3.0699852571329567,2.467532467532468,normal,risk_on,Consumer Durables,1193.9,1192.4,1193.149528558857,1186.7,0.048931203462400756,1.299082774538883,0.40652670306979305,-0.8925560714690899,-0.5405465454650017,-0.5850770269894794,0.8925560714690899,-0.40652670306979305,0.5405465454650017,0.4958971437005217,-0.6030655833821965,0.6030655833821965
HAVELLS,2026-07-03,2026-07,2026-07-02,GOLD,401.0,12.876,6.4382,-0.151451409339498,2.7445887445887385,1.3041649137568363,normal,risk_on,Consumer Durables,1189.9,1187.1,1188.4983508624318,1180.0,0.05246959515915787,1.3714785542758126,0.12634844099518489,-1.0179526840447524,-0.7150494450635982,-0.7595299793211354,1.0179526840447524,-0.12634844099518489,0.7150494450635982,0.670411599928147,-0.8320026893016296,0.8320026893016296
HAVELLS,2026-07-06,2026-07,2026-07-03,GOLD,302.0,7.631,7.631,-0.5645908822785928,-0.7151872107698742,1.373556922558351,normal,risk_on,Consumer Durables,1186.5,1181.3,1183.894290058282,1182.0,0.05321031088721228,1.2416649124371042,0.5748579074051485,-0.6668070050319559,-0.1600049999555884,-0.2046444023644711,0.6668070050319559,-0.5748579074051485,0.1600049999555884,0.11533039644671546,-0.37926675094816686,0.37926675094816686
HAVELLS,2026-07-07,2026-07,2026-07-06,ENTERPRISE-Dryup,395.0,0.0,0.0,0.1694915254237372,-0.3960562905536369,1.2457627118644106,normal,risk_on,Consumer Durables,1182.0,1181.3,1181.6498963314011,1225.9,0.08678536847524275,4.383701142006663,3.9986550851731617,-0.3850460568335012,3.7447727796515418,3.6990157283179133,0.3850460568335012,-3.9986550851731617,-3.7447727796515418,-3.789705980973647,3.7140439932318183,-3.7140439932318183
HAVELLS,2026-07-08,2026-07,2026-07-07,STANDARD,134.0,51.025,8.5042,3.714043993231808,3.889830508474579,4.382402707275819,normal,risk_on,Consumer Durables,1225.0,1218.9,1221.942387168051,1214.9,0.09342496100829344,2.9543127711335506,0.986757883069549,-1.9675548880640017,-0.5763272673085864,-0.6208475074601737,1.9675548880640017,-0.986757883069549,0.5763272673085864,0.5316802351581912,-0.82448979591836,0.82448979591836
HAVELLS,2026-07-09,2026-07,2026-07-08,GOLD-baseline,147.0,7.631,7.631,-0.8972999428990991,2.783417935702204,2.944775267150657,normal,risk_off,Consumer Durables,1212.0,1218.6,1215.291039249568,1194.5,0.11323138581125892,3.324306581322837,0.6343304197480291,-2.689976161574808,-1.7107868467792144,-1.7549823751032083,2.689976161574808,-0.6343304197480291,1.7107868467792144,1.6662149453489292,-1.4438943894389438,1.4438943894389438
HAVELLS,2026-07-10,2026-07,2026-07-09,GOLD-baseline,412.0,0.0,0.0,-1.6791505473701562,-2.5613834733665186,3.325376574203645,normal,neutral,Consumer Durables,1205.7,1191.3,1198.4567459324155,1190.5,0.1017660398392981,2.945454654063137,0.6377580245199287,-1.840429035697486,-0.6639159869074006,-0.7084111568901321,1.840429035697486,-0.6377580245199287,0.6639159869074006,0.6192747554075495,-1.2606784440573977,1.2606784440573977
HCLTECH,2026-07-01,2026-07,2026-06-30,GOLD,117.0,68.094,9.7277,-2.863356288510321,-2.633969118982737,3.3617252627763805,normal,risk_on,Information Technology,1070.0,1067.4,1068.6984186394686,1035.0,0.07470755358743356,4.351087190640547,0.7300077575171635,-3.621079433123383,-3.1532205954200982,-3.1970032617019535,3.621079433123383,-0.7300077575171635,3.1532205954200982,3.1087442206072504,-3.2710280373831773,3.2710280373831773
HCLTECH,2026-07-02,2026-07,2026-07-01,GOLD,145.0,119.342,9.1802,-3.4514925373134275,-6.216020297209123,4.337686567164179,normal,risk_on,Information Technology,1049.0,1061.8,1055.3611900701155,1080.5,0.07975542384126702,3.3069247124466856,2.609420375601926,0.37321913738582174,2.3820100801901116,2.336643086972899,-0.37321913738582174,-2.609420375601926,-2.3820100801901116,-2.4268530311896823,3.0028598665395614,-3.0028598665395614
HCLTECH,2026-07-03,2026-07,2026-07-02,STANDARD,113.0,223.673,10.6511,4.396135265700485,0.792910447761197,3.371980676328511,normal,risk_on,Information Technology,1127.1,1133.7,1130.3903662420382,1140.0,0.11774428766892292,3.8836141311027648,2.530951661687809,-1.3526624694149558,0.8501163885453857,0.8051878631319579,1.3526624694149558,-2.530951661687809,-0.8501163885453857,-0.8948578883533336,1.144530210274163,-1.144530210274163
HCLTECH,2026-07-06,2026-07,2026-07-03,STANDARD-weak,18.0,962.655,15.0415,5.506709856547887,10.144927536231885,4.062933826931984,normal,risk_on,Information Technology,1145.0,1140.7,1142.8459552872205,1135.0,0.07695588332780945,1.916268758591894,0.4422332414441131,-1.4740355171477808,-0.6865278081374168,-0.7310165060290048,1.4740355171477808,-0.4422332414441131,0.6865278081374168,0.6418880741280385,-0.8733624454148471,0.8733624454148471
HCLTECH,2026-07-07,2026-07,2026-07-06,GOLD,88.0,30.405,10.1352,-0.4385964912280715,5.0439611291069,1.9210526315789556,normal,risk_on,Information Technology,1135.0,1140.0,1137.4945054945053,1170.0,0.0945638978876956,3.6044130149161453,3.2972022567431933,0.22026431718062972,2.857639693948541,2.812136563169501,-0.22026431718062972,-3.2972022567431933,-2.857639693948541,-2.9025141439949125,3.0837004405286343,-3.0837004405286343
HCLTECH,2026-07-08,2026-07,2026-07-07,STANDARD,18.0,141.023,11.7519,3.083700440528636,2.631578947368429,3.612334801762114,normal,risk_on,Information Technology,1165.0,1172.6,1168.787645448323,1141.7,0.07185415133358211,2.9774442034465025,0.6598593492762904,-2.3175848541702124,-2.3175848541702124,-2.3616067011277426,2.3175848541702124,-0.6598593492762904,2.3175848541702124,2.2730531385447645,-1.9999999999999962,1.9999999999999962
HCLTECH,2026-07-09,2026-07,2026-07-08,ENTERPRISE-Dryup,180.0,28.903,7.2257,-2.418803418803417,0.590308370044057,2.9743589743589705,normal,risk_off,Information Technology,1144.1,1130.7,1137.3605327940916,1151.0,0.08303911436643258,3.5960453014422167,2.1575803360807457,-1.4384649653614707,1.1992210748161882,1.154192626564828,1.4384649653614707,-2.1575803360807457,-1.1992210748161882,-1.243985694431089,0.6030941351280562,-0.6030941351280562
HCLTECH,2026-07-10,2026-07,2026-07-09,ENTERPRISE-Dryup,185.0,57.957,8.2796,0.8145747569413997,-1.6239316239316293,3.58237715687134,normal,neutral,Information Technology,1173.0,1187.0,1179.958474576271,1168.0,0.080532317364754,3.220452314107578,0.978129796294189,-2.242322517813389,-1.0134657137460237,-1.057860833508641,2.242322517813389,-0.978129796294189,1.0134657137460237,0.9688476315263822,-0.4262574595055414,0.4262574595055414
HDFCAMC,2026-07-01,2026-07,2026-06-30,GOLD,191.0,16.9,8.4498,1.759294748945961,0.0716170373162405,2.4530471444998083,normal,risk_on,Financial Services,2663.0,2665.8,2664.3992643747188,2750.0,0.08305173865944991,3.63308912798087,3.3028359075880966,-0.3302532203927729,3.212759317638155,3.1671545423897047,0.3302532203927729,-3.3028359075880966,-3.212759317638155,-3.257657285836725,3.2669921141569658,-3.2669921141569658
HDFCAMC,2026-07-02,2026-07,2026-07-01,STANDARD,88.0,213.337,10.1589,3.582055821311525,5.404369490226135,3.646088364910173,normal,risk_on,Financial Services,2747.0,2753.5,2750.2461594400506,2756.5,0.06044368732839851,0.9890023809918793,0.7218932200596732,-0.26710916093220605,0.22739202956373358,0.18264174405267966,0.26710916093220605,-0.7218932200596732,-0.22739202956373358,-0.27209228882828346,0.3458318165271205,-0.3458318165271205
HDFCAMC,2026-07-03,2026-07,2026-07-02,ENTERPRISE-Dryup,138.0,183.152,10.1751,0.2363636363636345,3.826886135071006,0.9890909090909024,normal,risk_on,Financial Services,2777.0,2779.6,2778.299391714358,2801.1,0.07510710894344777,1.5513086936755718,1.0798191287487606,-0.471489564926811,0.8206677924502817,0.7757476959907198,0.471489564926811,-1.0798191287487606,-0.8206677924502817,-0.8654073419955045,0.8678429960388876,-0.8678429960388876
HDFCAMC,2026-07-06,2026-07,2026-07-03,ENTERPRISE-Dryup,129.0,290.999,10.3928,1.617993832758935,1.8581818181818253,1.563576999818624,normal,risk_on,Financial Services,2821.5,2806.2,2813.829201983048,2771.4,0.08112079750998862,2.7755771368411017,0.8732156877054222,-1.9023614491356797,-1.50788121585865,-1.5521348210497596,1.9023614491356797,-0.8732156877054222,1.50788121585865,1.4632958768000515,-1.7756512493354568,1.7756512493354568
HDFCAMC,2026-07-07,2026-07,2026-07-06,ENTERPRISE-Dryup,392.0,0.0,0.0,-1.0602977401734992,0.540540540540535,2.788190353789579,normal,risk_on,Financial Services,2785.0,2785.6,2785.299967687502,2784.0,0.08504376386850436,2.577819295334721,0.7431886171199091,-1.834630678214812,-0.04667244830298387,-0.0913442894347959,1.834630678214812,-0.7431886171199091,0.04667244830298387,0.001990339232545185,-0.03590664272890485,0.03590664272890485
HDFCAMC,2026-07-08,2026-07,2026-07-07,ENTERPRISE-Dryup,383.0,0.0,0.0,0.4546438623078463,-0.6104744564635278,2.5907483582305035,normal,risk_on,Financial Services,2768.5,2759.8,2764.14315431507,2657.8,0.09364183492675848,4.713938198048462,0.4325696976389959,-4.2813685004094655,-3.8472375842423,-3.890821604817513,4.2813685004094655,-0.4325696976389959,3.8472375842423,3.802807171398554,-3.998555174282096,3.998555174282096
HDFCAMC,2026-07-09,2026-07,2026-07-08,ENTERPRISE-Dryup,392.0,0.0,0.0,-4.533045977011485,-4.099011330013713,4.680316091954014,normal,risk_off,Financial Services,2675.0,2672.4,2673.6993679171183,2737.7,0.08547460582520662,3.0893525648826956,2.663000670054726,-0.42635189482796926,2.393710858103682,2.3483405158196105,0.42635189482796926,-2.663000670054726,-2.393710858103682,-2.438554583998971,2.343925233644853,-2.343925233644853
HDFCAMC,2026-07-10,2026-07,2026-07-09,STANDARD,141.0,44.8,8.96,3.0062457671758525,-1.6630747126436862,3.107833546542249,normal,neutral,Financial Services,2755.0,2758.2,2756.599071319742,2758.2,0.07150072587167816,1.5163612450898827,1.204416305065464,-0.3119449400244187,0.05807622504535307,0.013374402119763235,0.3119449400244187,-1.204416305065464,-0.05807622504535307,-0.10276527120143293,0.11615245009073749,-0.11615245009073749
HDFCBANK,2026-07-01,2026-07,2026-06-30,GOLD-baseline,409.0,0.0,0.0,0.3887878597855332,0.5590452261306611,1.674296105850633,normal,risk_on,Financial Services,793.5,797.4,795.4452196869695,796.0,0.04387305735599004,1.1000128963554996,0.8554681258513793,-0.04339955517054028,0.06974462845459396,0.02503946572856991,0.04339955517054028,-0.8554681258513793,-0.06974462845459396,-0.114434447362358,0.315059861373661,-0.315059861373661
HDFCBANK,2026-07-02,2026-07,2026-07-01,GOLD,420.0,0.0,0.0,-0.5559372852770417,-0.1693108421646716,1.0931351114997814,normal,risk_on,Financial Services,795.0,798.95,796.9701057122244,795.0,0.055987972110473655,1.4366912783720514,1.0640166082763516,-0.37267467009569966,-0.24719944927718038,-0.29181389436761157,0.37267467009569966,-1.0640166082763516,0.24719944927718038,0.2025306203079082,0.0,0.0
HDFCBANK,2026-07-03,2026-07,2026-07-02,GOLD,438.0,0.0,0.0,-0.1256281407035153,-0.680867012305586,1.438442211055282,normal,risk_on,Financial Services,803.0,801.4,802.1992021939667,801.5,0.03986165672410187,1.053354326068862,0.5984545724931423,-0.37387249772425785,-0.08716066932682336,-0.13182092167708462,0.37387249772425785,-0.5984545724931423,0.08716066932682336,0.0424812416293102,-0.18679950186799502,0.18679950186799502
HDFCBANK,2026-07-06,2026-07,2026-07-03,ENTERPRISE-Dryup,432.0,0.0,0.0,0.8176100628930927,0.6909547738693567,1.062893081761012,normal,risk_on,Financial Services,805.0,812.35,808.6582990694653,828.0,0.06405405284040425,3.2770330843687536,2.8246418736837233,0.40705708880036523,2.391826183295397,2.3464563804542573,-0.40705708880036523,-2.8246418736837233,-2.391826183295397,-2.436669784376212,2.857142857142857,-2.857142857142857
HDFCBANK,2026-07-07,2026-07,2026-07-06,STANDARD,217.0,24.316,8.1054,3.3063006862133597,4.150943396226414,3.3063006862133504,normal,risk_on,Financial Services,843.0,837.55,840.2661628633483,827.5,0.05203053147043656,2.0112674705846043,-0.2399433599084722,-1.6859137603583496,-1.5192998870554855,-1.563550223926013,1.6859137603583496,0.2399433599084722,1.5192998870554855,1.4747153042098056,-1.8386714116251484,1.8386714116251484
HDFCBANK,2026-07-08,2026-07,2026-07-07,GOLD-baseline,327.0,5.812,5.8119,-0.0603864734299519,3.2439176543979986,2.041062801932364,normal,risk_on,Financial Services,825.9,828.55,827.2228776934934,809.45,0.06707302527291496,3.3122875030243493,0.8615721951959131,-2.450715307828436,-2.1484992947787687,-2.192569538419621,2.450715307828436,-0.8615721951959131,2.1484992947787687,2.103956381293065,-1.991766557694628,1.991766557694628
HDFCBANK,2026-07-09,2026-07,2026-07-08,GOLD,393.0,0.0,0.0,-2.1812688821752246,-2.240338164251199,3.311178247734136,normal,risk_off,Financial Services,813.0,815.35,814.1733042650536,817.0,0.06493961361845996,1.2957929159226673,1.0657062433137348,-0.14410989145766043,0.3471860008352908,0.30240142717501567,0.14410989145766043,-1.0657062433137348,-0.3471860008352908,-0.3918941935753821,0.4920049200492005,-0.4920049200492005
HDFCBANK,2026-07-10,2026-07,2026-07-09,GOLD-baseline,385.0,5.812,5.8119,0.9327321020445868,-1.2688821752265822,1.3033541293470958,normal,neutral,Financial Services,824.0,822.25,823.1240698557326,824.5,0.042444767642298674,0.8990139240244882,0.5559222858188858,-0.1365614124161899,0.16715950786234968,0.12242646246505226,0.1365614124161899,-0.5559222858188858,-0.16715950786234968,-0.21185577816791737,0.06067961165048543,-0.06067961165048543
HDFCLIFE,2026-07-01,2026-07,2026-06-30,GOLD,402.0,0.0,0.0,-1.4820526000171252,-1.6757865937072405,2.3644307375996005,normal,risk_on,Financial Services,574.8,570.6,572.6922996333159,570.45,0.06538858179958948,1.8683680585282976,0.14103566037141968,-1.378104723665609,-0.39153654322775777,-0.43610967528913586,1.378104723665609,-0.14103566037141968,0.39153654322775777,0.34687727312686956,-0.7567849686847441,0.7567849686847441
HDFCLIFE,2026-07-02,2026-07,2026-07-01,GOLD-baseline,419.0,0.0,0.0,-0.7913043478260828,-2.261629401182208,1.8608695652173997,normal,risk_on,Financial Services,574.3,571.95,573.1225910577971,571.15,0.05178112825888185,1.2998964124324222,0.5892995660787557,-0.7105968463536665,-0.3441830925136531,-0.38876977836381527,0.7105968463536665,-0.5892995660787557,0.3441830925136531,0.2995206863831379,-0.5484938185617234,0.5484938185617234
HDFCLIFE,2026-07-03,2026-07,2026-07-02,GOLD,439.0,0.0,0.0,0.1227101411166442,-0.6695652173913103,1.305986501884485,normal,risk_on,Financial Services,580.0,571.8,575.870810904671,568.0,0.06603898529222263,2.483195836499371,-0.15121636453547013,-1.7661619085525406,-1.3667667740106904,-1.4110607698240323,1.7661619085525406,0.15121636453547013,1.3667667740106904,1.3221720895070659,-2.0689655172413794,2.0689655172413794
HDFCLIFE,2026-07-06,2026-07,2026-07-03,GOLD,442.0,0.0,0.0,-0.5515188654468983,-0.4294854939083214,2.503720563774832,normal,risk_on,Financial Services,565.75,568.3,567.022133062916,563.3,0.06030895666807968,1.9840495359908137,0.7368084407069203,-1.2472410952838933,-0.6564352334555337,-0.7009325446244026,1.2472410952838933,-0.7368084407069203,0.6564352334555337,0.6117935065353045,-0.43305346884667173,0.43305346884667173
HDFCLIFE,2026-07-07,2026-07,2026-07-06,ENTERPRISE-Dryup,318.0,6.102,6.1022,-0.8274647887324016,-1.3744200297645115,1.9806338028169013,normal,risk_on,Financial Services,565.5,565.6,565.5499955795243,572.75,0.054078839756244015,1.8919635900687335,1.458757755275339,-0.29175061310601974,1.273097776810657,1.2280481831263916,0.29175061310601974,-1.458757755275339,-1.273097776810657,-1.3178672889840242,1.282051282051282,-1.282051282051282
HDFCLIFE,2026-07-08,2026-07,2026-07-07,GOLD,182.0,31.865,7.9662,1.6776140600035516,0.8362676056338003,1.89952068169713,normal,risk_on,Financial Services,571.45,570.2,570.8243156834407,556.5,0.07633049410312018,3.591297608872112,0.4950182111944833,-3.0962793976776286,-2.5094088128131578,-2.5533757547663014,3.0962793976776286,-0.4950182111944833,2.5094088128131578,2.464889800921195,-2.616151894303971,2.616151894303971
HDFCLIFE,2026-07-09,2026-07,2026-07-08,GOLD,324.0,6.102,6.1022,-2.837189000436491,-1.2071720220131257,3.579223046704496,normal,risk_off,Financial Services,557.0,557.95,557.4745952733306,552.3,0.07344717041122617,1.748958622091032,0.5875433166714056,-1.1614153054196263,-0.9282208224741637,-0.9726403415410302,1.1614153054196263,-0.5875433166714056,0.9282208224741637,0.8835970948263528,-0.8438061041292721,0.8438061041292721
HDFCLIFE,2026-07-10,2026-07,2026-07-09,GOLD-baseline,371.0,6.102,6.1022,-0.7547169811320864,-3.5704932343954665,1.7520215633423182,normal,neutral,Financial Services,555.0,555.4,555.1999279538904,567.5,0.07359102701296673,2.8818447543690615,2.6657193743978143,-0.14407926111202493,2.215431131527648,2.170111817536595,0.14407926111202493,-2.6657193743978143,-2.215431131527648,-2.2602630506697645,2.2522522522522523,-2.2522522522522523
HEROMOTOCO,2026-07-01,2026-07,2026-06-30,GOLD-baseline,407.0,0.0,0.0,-0.937164561142756,-2.161060142711524,3.478242919659814,normal,risk_on,Automobile and Auto Components,4818.9,4824.7,4821.798255838069,4825.0,0.09172766871045689,2.4866241521994166,1.4953289278462087,-0.9912952243532079,0.06640145423036693,0.021697248407728395,0.9912952243532079,-1.4953289278462087,-0.06640145423036693,-0.11109105173307479,0.12658490526884486,-0.12658490526884486
HEROMOTOCO,2026-07-02,2026-07,2026-07-01,GOLD-baseline,425.0,0.0,0.0,0.5417795374036194,-0.4004623895631942,2.498437174411328,normal,risk_on,Automobile and Auto Components,4879.4,4861.9,4870.634280845472,4870.5,0.054525237810806884,2.0736518937009545,0.1758645519375966,-1.6144566869804515,-0.0027569478168383366,-0.04744135870669251,1.6144566869804515,-0.1758645519375966,0.0027569478168383366,-0.04192806960153555,-0.18239947534532192,0.18239947534532192
HEROMOTOCO,2026-07-03,2026-07,2026-07-02,GOLD,384.0,20.134,6.7115,0.9430051813471564,1.48989372785997,2.0932642487046635,normal,risk_on,Automobile and Auto Components,4900.0,4900.9,4900.449958677264,4852.0,0.06343905544419778,1.7814690637829576,0.17447461753173935,-1.5090442571772378,-0.9886838777217357,-1.033086090690151,1.5090442571772378,-0.17447461753173935,0.9886838777217357,0.9440641543002217,-0.9795918367346939,0.9795918367346939
HEROMOTOCO,2026-07-06,2026-07,2026-07-03,GOLD,380.0,20.048,6.6828,-0.3798377989939427,0.5595854922279875,1.7924237757930437,normal,risk_on,Automobile and Auto Components,4862.9,4843.0,4852.92959952194,4940.2,0.06146334051557036,2.571642498425985,1.9755159952764278,-0.5961265031495575,1.7983034513143734,1.7531035301107174,0.5961265031495575,-1.9755159952764278,-1.7983034513143734,-1.8431077457587401,1.5895864607538752,-1.5895864607538752
HEROMOTOCO,2026-07-07,2026-07,2026-07-06,ENTERPRISE-Dryup,25.0,46.245,11.5613,1.8178070898598573,1.431064572425833,2.5721352019785693,normal,risk_on,Automobile and Auto Components,4965.0,4960.3,4962.648887187289,4992.2,0.06633041276035541,1.6039821032979777,1.236257373982455,-0.36772472931552264,0.5954705538206994,0.5506149146659615,0.36772472931552264,-1.236257373982455,-0.5954705538206994,-0.6401951894535967,0.5478348439073478,-0.5478348439073478
HEROMOTOCO,2026-07-08,2026-07,2026-07-07,ENTERPRISE-Dryup,124.0,25.762,8.5875,1.0525889640095487,2.8895300906842447,1.6112707987530943,normal,risk_on,Automobile and Auto Components,4975.0,4934.6,4954.717647533705,4890.0,0.08445904410309017,1.9980956947017747,0.3064221525085752,-1.5887413397388583,-1.3061823526093144,-1.3504936892592565,1.5887413397388583,-0.3064221525085752,1.3061823526093144,1.2615836558417983,-1.7085427135678393,1.7085427135678393
HEROMOTOCO,2026-07-09,2026-07,2026-07-08,GOLD-baseline,391.0,0.0,0.0,-2.047193622050392,-1.0161531921784484,1.9830936260566483,normal,risk_off,Automobile and Auto Components,4880.0,4899.1,4889.531347465513,4900.0,0.06405294407993717,1.7793116316780835,0.5208812608940228,-1.2584303707840607,0.21410339336331868,0.16935691140544987,1.2584303707840607,-0.5208812608940228,-0.21410339336331868,-0.25880277257464757,0.4098360655737705,-0.4098360655737705
HEROMOTOCO,2026-07-10,2026-07,2026-07-09,GOLD,281.0,7.172,7.1719,0.2044989775051187,-1.846881134569922,1.7791411042944787,normal,neutral,Automobile and Auto Components,4923.4,4901.5,4912.425592117986,4944.9,0.06950717534673405,1.6264877401542657,1.1313027920704555,-0.3832239647189979,0.6610666619382366,0.6161922474718566,0.3832239647189979,-1.1313027920704555,-0.6610666619382366,-0.7057956417389901,0.4366900922126986,-0.4366900922126986
HINDALCO,2026-07-01,2026-07,2026-06-30,GOLD-baseline,310.0,34.133,6.8266,-0.4153686396677014,0.724713790568221,1.8483904465212948,normal,risk_on,Metals & Mining,951.9,955.0,953.4474802034716,939.4,0.06746014217968213,2.3860779405641734,0.18380873964388883,-1.6726123393884618,-1.4733355003962916,-1.5175989934693552,1.6726123393884618,-0.18380873964388883,1.4733355003962916,1.428747873513141,-1.3131631473894316,1.3131631473894316
HINDALCO,2026-07-02,2026-07,2026-07-01,GOLD,337.0,34.133,6.8266,-2.0437956204379604,-2.4506749740394573,2.3722627737226274,normal,risk_on,Metals & Mining,942.05,947.4,944.7174257058932,950.5,0.07414883621514047,2.1646684440820807,1.8823167446942808,0.08812945241108841,0.6120956528123781,0.5672352551220562,-0.08812945241108841,-1.8823167446942808,-0.6120956528123781,-0.6568213894590813,0.8969799904463718,-0.8969799904463718
HINDALCO,2026-07-03,2026-07,2026-07-02,ENTERPRISE-Dryup,381.0,20.283,6.7609,1.181605279965936,-0.8863399374348324,2.176921439216526,normal,risk_on,Metals & Mining,965.0,971.1,968.0403904756984,953.5,0.07330871571466727,2.8769460731193703,1.1218136795888412,-1.7551323935305292,-1.5020437802758584,-1.5462990562928052,1.7551323935305292,-1.1218136795888412,1.5020437802758584,1.4574580546272509,-1.1917098445595855,1.1917098445595855
HINDALCO,2026-07-06,2026-07,2026-07-03,ENTERPRISE-Dryup,421.0,17.174,5.7247,0.3156233561283583,1.5009580583351,2.930036822724884,normal,risk_on,Metals & Mining,960.85,956.35,958.5947188608386,979.0,0.06038282547614357,2.879214693859249,2.399896503341903,-0.4271585040343886,2.128666133630522,2.083371654037758,0.4271585040343886,-2.399896503341903,-2.128666133630522,-2.173492306673888,1.8889524899828252,-1.8889524899828252
HINDALCO,2026-07-07,2026-07,2026-07-06,STANDARD,116.0,96.879,9.6879,2.674357629785007,2.9984218832193488,2.8945988463555348,normal,risk_on,Metals & Mining,970.4,975.65,973.0179183474216,967.2,0.07084463005993927,1.6495071362364493,0.6096580073934795,-1.0398491288429699,-0.5979250985740094,-0.642439156864745,1.0398491288429699,-0.6096580073934795,0.5979250985740094,0.5532794967615876,-0.3297609233305783,0.3297609233305783
HINDALCO,2026-07-08,2026-07,2026-07-07,ENTERPRISE-Dryup,277.0,19.849,6.6162,-1.205311542390186,1.43681174619823,1.6394279877426017,normal,risk_on,Metals & Mining,962.05,964.2,963.1238001297859,973.55,0.08201783378160658,1.8533442946373708,1.741852902809942,0.028677504405651758,1.0825399464543493,1.0375448953756354,-0.028677504405651758,-1.741852902809942,-1.0825399464543493,-1.1272968387448432,1.1953640663167195,-1.1953640663167195
HINDALCO,2026-07-09,2026-07,2026-07-08,ENTERPRISE-Dryup,190.0,28.644,7.1609,0.6565343258891465,-0.5566905005107259,1.8455334987593075,normal,risk_off,Metals & Mining,971.7,968.15,969.9217516818312,961.6,0.07928791433691916,1.989851239704041,0.04415287289167764,-1.574534405002282,-0.8579817565078196,-0.9024213798215814,1.574534405002282,-0.04415287289167764,0.8579817565078196,0.8133533772076261,-1.039415457445716,1.039415457445716
HINDALCO,2026-07-10,2026-07,2026-07-09,ENTERPRISE-Dryup,396.0,5.292,5.2917,-1.227466488624096,-0.5789909015715522,1.9824354167736704,normal,neutral,Metals & Mining,976.0,970.4,973.1919441019315,968.45,0.062009492509077065,2.147572236562916,1.2749854715986912,-0.8725867649642252,-0.48725681821250527,-0.5318025526424556,0.8725867649642252,-1.2749854715986912,0.48725681821250527,0.44260388728254824,-0.7735655737704872,0.7735655737704872
HINDPETRO,2026-07-01,2026-07,2026-06-30,GOLD,450.0,0.0,0.0,0.8303525804803202,-3.5085574572127243,1.6223811957077072,normal,risk_on,Oil Gas & Consumable Fuels,396.0,393.2,394.59503294475417,392.55,0.061244902243487484,1.4065052868460832,0.22934071128374667,-0.9870962935561094,-0.5182611979407437,-0.5627980581111018,0.9870962935561094,-0.22934071128374667,0.5182611979407437,0.4736103203068385,-0.8712121212121183,0.8712121212121183
HINDPETRO,2026-07-02,2026-07,2026-07-01,GOLD,424.0,0.0,0.0,-0.532117065754456,0.2938170669392059,1.4063093880653772,normal,risk_on,Oil Gas & Consumable Fuels,394.95,397.4,396.1712122168234,399.15,0.08131077077132831,2.940647790840497,2.5566693063081933,0.17133697811569717,0.7518940527022199,0.7069936410750911,-0.17133697811569717,-2.5566693063081933,-0.7518940527022199,-0.7966290476377541,1.0634257500949458,-1.0634257500949458
HINDPETRO,2026-07-03,2026-07,2026-07-02,ENTERPRISE-Dryup,402.0,25.73,6.4324,1.681314482231544,1.1402508551881407,2.9677748057572373,normal,risk_on,Oil Gas & Consumable Fuels,402.05,400.55,401.2985983055071,398.8,0.058537661508425584,1.2334954622073144,0.21216164175204114,-0.946576519715433,-0.6226282165094681,-0.6671352041255695,0.946576519715433,-0.21216164175204114,0.6226282165094681,0.5779842506857347,-0.8083571695062803,0.8083571695062803
HINDPETRO,2026-07-06,2026-07,2026-07-03,ENTERPRISE-Dryup,373.0,20.346,6.782,-0.087686333458592,1.5921538657495793,1.2401352874859046,normal,risk_on,Oil Gas & Consumable Fuels,400.0,398.2,399.09797043347527,400.0,0.06614140715481923,1.5785597689603243,1.178164239075857,-0.3628107734806559,0.226017076845819,0.18126718488198174,0.3628107734806559,-1.178164239075857,-0.226017076845819,-0.2707172450527502,0.0,0.0
HINDPETRO,2026-07-07,2026-07,2026-07-06,ENTERPRISE-Dryup,341.0,5.812,5.8119,0.3009027081243731,0.2129525241137519,1.579739217652962,normal,risk_on,Oil Gas & Consumable Fuels,403.1,404.55,403.8236983842011,406.0,0.08115563764483767,1.4610336202673095,0.8113197984437754,-0.6497138218235341,0.5389236997498662,0.4940842457749816,0.6497138218235341,-0.8113197984437754,-0.5389236997498662,-0.5836445905108059,0.719424460431649,-0.719424460431649
HINDPETRO,2026-07-08,2026-07,2026-07-07,ENTERPRISE-Dryup,50.0,104.86,10.486,1.4999999999999902,1.8054162487462388,1.4750000000000083,normal,risk_on,Oil Gas & Consumable Fuels,395.0,390.6,392.7876782077393,387.45,0.10644140930199386,3.4878894527730755,0.5250474764562213,-2.466390557856456,-1.3589220089832605,-1.4032182501723174,2.466390557856456,-0.5250474764562213,1.3589220089832605,1.3143268049522274,-1.911392405063294,1.911392405063294
HINDPETRO,2026-07-09,2026-07,2026-07-08,GOLD-baseline,312.0,12.357,6.1787,-4.568965517241386,-3.137500000000004,3.3743842364531997,normal,risk_off,Oil Gas & Consumable Fuels,386.85,384.0,385.41973146526567,392.15,0.07735530563519885,2.8929499684955347,2.2262141333850187,-0.666735835110516,1.7462179502714028,1.7010329372923685,0.666735835110516,-2.2262141333850187,-1.7462179502714028,-1.7910187953013774,1.370040067209501,-1.370040067209501
HINDPETRO,2026-07-10,2026-07,2026-07-09,GOLD,299.0,21.174,7.0579,1.213059749645118,-3.4113300492610854,2.8777906826687256,normal,neutral,Oil Gas & Consumable Fuels,395.1,396.15,395.6243033175356,395.95,0.058941263202566076,1.1121662554862082,0.8027051563400946,-0.3094610991461137,0.08232474085470949,0.03761597737343361,0.3094610991461137,-0.8027051563400946,-0.08232474085470949,-0.12701539289299735,0.215135408757268,-0.215135408757268
HINDUNILVR,2026-07-01,2026-07,2026-06-30,GOLD-baseline,406.0,0.0,0.0,-0.9885754255070988,-2.4666972898484074,1.7300069946374614,normal,risk_on,Fast Moving Consumer Goods,2133.5,2122.8,2128.136550525104,2181.5,0.08490268084919661,3.279864724036504,2.9069304532940508,-0.3353426979741179,2.5075199926305807,2.46211707521317,0.3353426979741179,-2.9069304532940508,-2.5075199926305807,-2.5523712556496125,2.2498242324818376,-2.2498242324818376
HINDUNILVR,2026-07-02,2026-07,2026-07-01,STANDARD,164.0,35.593,8.8982,2.741016342485736,1.7253439030076922,3.2873357509537127,normal,risk_on,Fast Moving Consumer Goods,2186.0,2183.6,2184.799340900769,2209.0,0.06734728055007519,1.6843652097051596,1.4280789322449754,-0.23340088058919028,1.1076833760510607,1.0626811282690671,0.23340088058919028,-1.4280789322449754,-1.1076833760510607,-1.152441933490323,1.052150045745654,-1.052150045745654
HINDUNILVR,2026-07-03,2026-07,2026-07-02,GOLD-baseline,267.0,33.393,8.3483,1.2606005042401949,4.036170112560633,1.6869126747650782,normal,risk_on,Fast Moving Consumer Goods,2224.9,2231.4,2228.14525952023,2202.0,0.06433906168144489,2.2126026025168386,0.4422844712508552,-1.7119736407330772,-1.1734091127370943,-1.217758452540392,1.7119736407330772,-0.4422844712508552,1.1734091127370943,1.1288016229289943,-1.0292597420108809,1.0292597420108809
HINDUNILVR,2026-07-06,2026-07,2026-07-03,GOLD,412.0,24.2,6.05,-0.3168854685377975,0.9397203758881424,2.2317790855590847,normal,risk_on,Fast Moving Consumer Goods,2202.1,2209.5,2205.793793634962,2200.0,0.07623438379661121,1.4099232706947522,0.7075097595283462,-0.7024135111664059,-0.2626625232005255,-0.30727254235715995,0.7024135111664059,-0.7075097595283462,0.2626625232005255,0.217994718288787,-0.09536351664320009,0.09536351664320009
HINDUNILVR,2026-07-07,2026-07,2026-07-06,GOLD-baseline,397.0,0.0,0.0,-0.0908265213442338,-0.4074241738343143,1.4123524069028115,normal,risk_on,Fast Moving Consumer Goods,2200.0,2201.4,2200.6997773435724,2203.1,0.06600428346882016,1.1678103603492118,0.8497398349810561,-0.17720624065675708,0.10906633795023268,0.06434992032858655,0.17720624065675708,-0.8497398349810561,-0.10906633795023268,-0.15375876097752977,0.14090909090908676,-0.14090909090908676
HINDUNILVR,2026-07-08,2026-07,2026-07-07,GOLD-baseline,387.0,0.0,0.0,0.1409090909090915,0.0499545867393314,1.1681818181818304,normal,risk_on,Fast Moving Consumer Goods,2199.0,2196.0,2197.498976109215,2135.5,0.06015843566354855,3.139933203617143,0.0455528717723091,-3.071627192688188,-2.8213426619650823,-2.8652203203403186,3.071627192688188,-0.0455528717723091,2.8213426619650823,2.776844308204214,-2.887676216462028,2.887676216462028
HINDUNILVR,2026-07-09,2026-07,2026-07-08,GOLD,399.0,0.0,0.0,-3.0684036130906422,-2.93181818181818,3.131950433480096,normal,risk_off,Fast Moving Consumer Goods,2139.0,2141.0,2139.9995327102806,2143.0,0.06978436722945562,1.3878507703403853,1.252358558030951,-0.13549221230943403,0.140208782471991,0.09548345107301918,0.13549221230943403,-1.252358558030951,-0.140208782471991,-0.184903267938819,0.18700327255726976,-0.18700327255726976
HINDUNILVR,2026-07-10,2026-07,2026-07-09,GOLD-baseline,414.0,0.0,0.0,0.3512058066026613,-2.727974218147156,1.3907749941465826,normal,neutral,Fast Moving Consumer Goods,2151.5,2153.9,2152.6993310726066,2147.9,0.05618002305716176,1.5329590864673786,1.175299706846988,-0.3576593796203906,-0.22294479323385916,-0.267566180637471,0.3576593796203906,-1.175299706846988,0.22294479323385916,0.17827435797573588,-0.16732512200789723,0.16732512200789723
HINDZINC,2026-07-01,2026-07,2026-06-30,GOLD,111.0,216.813,9.8551,1.5501664289110817,2.970106075216972,3.357108892058959,normal,risk_on,Metals & Mining,532.05,529.35,530.6965658564161,524.9,0.08171710655051145,2.298865450601172,0.40577502892049055,-1.8930904216806814,-1.0922561458565057,-1.1366287137489017,1.8930904216806814,-0.40577502892049055,1.0922561458565057,1.0476432816120211,-1.343858659900381,1.343858659900381
HINDZINC,2026-07-02,2026-07,2026-07-01,ENTERPRISE-Dryup,243.0,87.292,7.9356,-1.685708934257346,-0.1616737993342831,2.2850721108821963,normal,risk_on,Metals & Mining,528.1,529.65,528.8738643346727,529.8,0.07944071155892765,1.3330210614337896,0.7801738644275807,-0.5528471970062088,0.17511465923776307,0.13037933686930808,0.5528471970062088,-0.7801738644275807,-0.17511465923776307,-0.21981145638118577,0.3219087294072963,-0.3219087294072963
HINDZINC,2026-07-03,2026-07,2026-07-02,ENTERPRISE-Dryup,281.0,89.927,8.1752,0.9335111449799928,-0.7679340700505799,1.3431129738997818,normal,risk_on,Metals & Mining,539.2,541.95,540.5715025667114,535.0,0.07156064436865096,1.8128961577641705,0.7822272193800545,-1.0306689383841157,-1.0306689383841157,-1.0750591341365576,1.0306689383841157,-0.7822272193800545,1.0306689383841157,0.9860519954652291,-0.7789317507418481,0.7789317507418481
HINDZINC,2026-07-06,2026-07,2026-07-03,ENTERPRISE-Dryup,259.0,105.666,8.1282,0.9815024537561444,1.924176033530212,1.8497546243865528,normal,risk_on,Metals & Mining,539.4,538.6,538.9997031539889,539.8,0.07658677875893168,1.3358077857684922,1.11322822830885,-0.22257955745964242,0.14847816080938084,0.10375046249932501,0.22257955745964242,-1.11322822830885,-0.14847816080938084,-0.1931731939240586,0.07415647015201655,-0.07415647015201655
HINDZINC,2026-07-07,2026-07,2026-07-06,ENTERPRISE-Dryup,334.0,11.79,5.8952,0.8971962616822315,1.887504718761801,1.345794392523373,normal,risk_on,Metals & Mining,536.7,535.4,536.0492118272549,530.0,0.09070301765886249,1.6509678224938775,0.3452646010682872,-1.1937731995615946,-1.1284806868075954,-1.1728428862945333,1.1937731995615946,-0.3452646010682872,1.1284806868075954,1.08387022156956,-1.2483696664803512,1.2483696664803512
HINDZINC,2026-07-08,2026-07,2026-07-07,ENTERPRISE-Dryup,358.0,10.659,5.3297,-1.8154872174879544,-0.9345794392523366,1.6394961096702527,normal,risk_on,Metals & Mining,522.4,526.25,524.3179325799838,532.75,0.09118497858901317,4.2054636375871555,3.763378323324097,0.12055041049351004,1.6081974115447433,1.5630519036324264,-0.12055041049351004,-3.763378323324097,-1.6081974115447433,-1.6529891160265202,1.9812404287902035,-1.9812404287902035
HINDZINC,2026-07-09,2026-07,2026-07-08,GOLD,360.0,5.384,5.3837,0.5188679245283101,-1.306039273805104,4.160377358490557,normal,risk_off,Metals & Mining,528.0,528.15,528.0749893481039,528.0,0.06299844359093579,1.5812148214608497,0.6391157922594431,-0.9420990292014064,-0.014200511218399745,-0.058881646662875736,0.9420990292014064,-0.6391157922594431,0.014200511218399745,-0.030483748338544305,0.0,0.0
HINDZINC,2026-07-10,2026-07,2026-07-09,ENTERPRISE-Dryup,393.0,5.368,5.3678,-0.8916001877052993,-0.3773584905660376,1.5673392773345889,normal,neutral,Metals & Mining,536.0,536.1,536.049995336256,536.4,0.07497620046036733,1.688275362137284,1.5203814447627617,-0.1119289882428872,0.06529328734057051,0.020589398704108156,0.1119289882428872,-1.5203814447627617,-0.06529328734057051,-0.10998281145381793,0.07462686567163755,-0.07462686567163755
HYUNDAI,2026-07-01,2026-07,2026-06-30,ENTERPRISE-Dryup,289.0,14.146,7.0728,0.2419906360145107,-3.077314343845372,2.1936977221316245,normal,risk_on,Automobile and Auto Components,1910.9,1905.2,1908.0457430360839,1917.0,0.10210256367600137,1.8762652903192438,1.5594100441518284,-0.31685524616741556,0.46928942854735245,0.42446990571137705,0.31685524616741556,-1.5594100441518284,-0.46928942854735245,-0.5140057077090474,0.3192213093306771,-0.3192213093306771
HYUNDAI,2026-07-02,2026-07,2026-07-01,ENTERPRISE-Dryup,313.0,14.146,7.0728,0.603516137496718,0.846967226050821,1.878771975859352,normal,risk_on,Automobile and Auto Components,1924.9,1927.3,1926.099252375266,1950.7,0.07565309863268194,2.7984019999764085,1.8119911308669314,-0.9864108691094768,1.2772315650087342,1.232180788126808,0.9864108691094768,-1.8119911308669314,-1.2772315650087342,-1.3220013509463584,1.3403293677593617,-1.3403293677593617
HYUNDAI,2026-07-03,2026-07,2026-07-02,ENTERPRISE-Dryup,306.0,31.237,7.8093,1.757955138236822,2.3720808186827647,2.8116849243609856,normal,risk_on,Automobile and Auto Components,1957.0,1954.6,1955.7992637283976,1992.0,0.08088161215049214,2.372431612002267,2.2599832759595815,-0.061318344404705946,1.8509433428557427,1.8057283547464904,0.061318344404705946,-2.2599832759595815,-1.8509433428557427,-1.8957511234295668,1.788451711803781,-1.788451711803781
HYUNDAI,2026-07-06,2026-07,2026-07-03,STANDARD,201.0,107.643,8.9702,2.117188701491779,3.9123630672926346,2.37863331111909,normal,risk_on,Automobile and Auto Components,1993.4,1984.8,1989.0907043386455,2006.6,0.08047268667766612,2.0662707794245754,1.30256984283525,-0.7637009365893255,0.8802663258725576,0.8353291707631684,0.7637009365893255,-1.30256984283525,-0.8802663258725576,-0.9250098223902549,0.6621852111969407,-0.6621852111969407
HYUNDAI,2026-07-07,2026-07,2026-07-06,ENTERPRISE-Dryup,265.0,21.696,7.2321,0.7329317269076263,2.865637976111124,2.063253012048188,normal,risk_on,Automobile and Auto Components,2000.0,2001.4,2000.6997550857202,1974.8,0.06760151747912946,1.6544211551913612,0.21993529529328013,-1.4344858598980814,-1.2945348256220768,-1.3388494960970783,1.4344858598980814,-0.21993529529328013,1.2945348256220768,1.2499353574854384,-1.2600000000000022,1.2600000000000022
HYUNDAI,2026-07-08,2026-07,2026-07-07,ENTERPRISE-Dryup,442.0,0.0,0.0,-1.584770258148105,-0.8634538152610505,1.6495564636698852,normal,risk_on,Automobile and Auto Components,1968.8,1958.3,1963.5359629242953,1915.8,0.08897850115148852,3.3561901204933973,0.3292039054929157,-3.0269862150004814,-2.4311224151556736,-2.4751117647112735,3.0269862150004814,-0.3292039054929157,2.4311224151556736,2.38659821866874,-2.691995123933361,2.691995123933361
HYUNDAI,2026-07-09,2026-07,2026-07-08,GOLD,453.0,0.0,0.0,-2.987644318411986,-4.525067277982653,3.3370467895483134,normal,risk_off,Automobile and Auto Components,1916.4,1902.5,1909.4247034486373,1926.0,0.0761372305959534,2.2048525885290235,1.4703536882420951,-0.7344989002869283,0.8680780405441421,0.8231443740389093,0.7344989002869283,-1.4703536882420951,-0.8680780405441421,-0.9128207298804552,0.5009392611145851,-0.5009392611145851
HYUNDAI,2026-07-10,2026-07,2026-07-09,GOLD,230.0,15.79,7.8949,0.53241465706233,-2.4711363176017853,2.1975153982670377,normal,neutral,Automobile and Auto Components,1936.9,1937.7,1937.2999174108295,1986.5,0.07838193449456507,3.350023371019285,3.0299945848148404,-0.3200287862044446,2.539621364095531,2.4942092584309714,0.3200287862044446,-3.0299945848148404,-2.539621364095531,-2.5844747530599896,2.5607930197738606,-2.5607930197738606
ICICIBANK,2026-07-01,2026-07,2026-06-30,GOLD-baseline,413.0,0.0,0.0,-0.5835734870316966,-0.5118961788031617,2.58645533141211,normal,risk_on,Financial Services,1371.4,1368.7,1370.0486697565784,1377.6,0.047361357741856694,1.2700278744908664,1.0985982159375196,-0.17142965855334696,0.5511724079673141,0.5063294480936713,0.17142965855334696,-1.0985982159375196,-0.5511724079673141,-0.5958941099112042,0.4520927519323186,-0.4520927519323186
ICICIBANK,2026-07-02,2026-07,2026-07-01,GOLD,429.0,0.0,0.0,-0.1666787448365903,-0.7492795389049012,1.2609609391984828,normal,risk_on,Financial Services,1381.9,1381.8,1381.8499981908312,1401.9,0.05523139484016902,2.0407424855751723,1.6752905047203102,-0.3654519808548625,1.4509535648166632,1.40585306418162,0.3654519808548625,-1.6752905047203102,-1.4509535648166632,-1.4957348556674468,1.447282726680657,-1.447282726680657
ICICIBANK,2026-07-03,2026-07,2026-07-02,GOLD,206.0,18.504,9.2522,1.763937282229988,1.594318428871655,2.047038327526136,normal,risk_on,Financial Services,1414.0,1408.9,1411.445393035531,1412.6,0.04094619124931511,0.998975948313217,0.6060884116863373,-0.37871766501961285,0.08180316221697953,0.03709454802507082,0.37871766501961285,-0.6060884116863373,-0.08180316221697953,-0.12649377971320053,-0.09900990099010545,0.09900990099010545
ICICIBANK,2026-07-06,2026-07,2026-07-03,ENTERPRISE-Dryup,174.0,28.463,9.4876,0.7632498751694028,2.540650406504064,1.00577787288679,normal,risk_on,Financial Services,1412.0,1420.6,1416.2869448563156,1426.5,0.05552344420210312,1.4121432152316442,1.0812113462810924,0.12095395992358077,0.7211148263970296,0.6762232245847293,-0.12095395992358077,-1.0812113462810924,-0.7211148263970296,-0.7658477829475225,1.0269121813031163,-1.0269121813031163
ICICIBANK,2026-07-07,2026-07,2026-07-06,ENTERPRISE-Dryup,96.0,9.959,9.9585,0.9840011326631704,1.7547613952493046,1.4158289678606824,normal,risk_on,Financial Services,1431.6,1424.8,1428.1919058955327,1412.0,0.04842130566837419,1.610427835717084,0.11259650036028518,-1.273771810387462,-1.1337346072816288,-1.178095302959925,1.273771810387462,-0.11259650036028518,1.1337346072816288,1.0891244899897305,-1.3690975132718572,1.3690975132718572
ICICIBANK,2026-07-08,2026-07,2026-07-07,ENTERPRISE-Dryup,388.0,0.0,0.0,-1.0164738871363488,-0.0424748690358134,1.6123378899404135,normal,risk_on,Financial Services,1410.3,1412.8,1411.5488930608196,1383.1,0.052886756571639056,3.003792515331098,0.47827652108749386,-2.5255159942436043,-2.015438019942108,-2.059546349179412,2.5255159942436043,-0.47827652108749386,2.015438019942108,1.9708862943404166,-1.9286676593632595,1.9286676593632595
ICICIBANK,2026-07-09,2026-07,2026-07-08,ENTERPRISE-Dryup,398.0,0.0,0.0,-2.046742209631736,-3.042411496670183,3.002832861189792,normal,risk_off,Financial Services,1382.9,1388.4,1385.6445422725797,1383.7,0.07022043781792121,1.8980336729696659,1.2958199003888626,-0.602213772580803,-0.14033485596460324,-0.18497988848011993,0.602213772580803,-1.2958199003888626,0.14033485596460324,0.09565894978077435,0.057849446814661545,-0.057849446814661545
ICICIBANK,2026-07-10,2026-07,2026-07-09,GOLD,416.0,0.0,0.0,0.0433808112211719,-2.004249291784699,1.9015255585279411,normal,neutral,Financial Services,1389.7,1397.1,1393.3901751112387,1401.2,0.046005907205681366,1.3348737727761888,1.0628627324416886,0.2590677724904377,0.5604908824721588,0.5156452554088323,-0.2590677724904377,-1.0628627324416886,-0.5604908824721588,-0.6052132015413414,0.827516730229546,-0.827516730229546
ICICIGI,2026-07-01,2026-07,2026-06-30,GOLD-baseline,437.0,0.0,0.0,-2.271830430125721,-4.742018792241343,2.350752579063071,normal,risk_on,Financial Services,1734.9,1739.0,1736.9475805290886,1761.7,0.07246279467745216,1.727167839507382,1.499896701717139,-0.14091274581487379,1.425052762005155,1.3799596748532972,0.14091274581487379,-1.499896701717139,-1.425052762005155,-1.4698323375493716,1.5447576229177447,-1.5447576229177447
ICICIGI,2026-07-02,2026-07,2026-07-01,GOLD,427.0,0.0,0.0,1.6209044762344416,-0.6877501550256571,1.7305029995385326,normal,risk_on,Financial Services,1766.0,1755.0,1760.482817381426,1760.3,0.0544411342961067,1.4314255016406665,0.40427447222462143,-1.0271510294160453,-0.01038450245700063,-0.05506673014240037,1.0271510294160453,-0.40427447222462143,0.01038450245700063,-0.034300009818939645,-0.3227633069082698,0.3227633069082698
ICICIGI,2026-07-03,2026-07,2026-07-02,GOLD,444.0,0.0,0.0,-0.0794686950105094,1.540147669589298,1.4304365101890115,normal,risk_on,Financial Services,1762.9,1767.5,1765.1970031724452,1776.5,0.07199459085615172,1.1386831024455522,1.0085558040014189,-0.12446220838222008,0.6403249499767363,0.5954564723276042,0.12446220838222008,-1.0085558040014189,-0.6403249499767363,-0.6850525561368734,0.7714561234329745,-0.7714561234329745
ICICIGI,2026-07-06,2026-07,2026-07-03,ENTERPRISE-Dryup,437.0,0.0,0.0,0.9202976765324112,0.8400976329681509,1.1418508208827989,normal,risk_on,Financial Services,1777.0,1781.4,1779.197279676259,1784.0,0.06151414406737685,1.2365126819440224,0.5397220664303269,-0.6967906155136955,0.2699374812789064,0.22517501815338983,0.6967906155136955,-0.5397220664303269,-0.2699374812789064,-0.31464055815854153,0.39392234102419804,-0.39392234102419804
ICICIGI,2026-07-07,2026-07,2026-07-06,ENTERPRISE-Dryup,260.0,7.258,7.258,0.422178440754295,1.346361415667796,1.238390092879257,normal,risk_on,Financial Services,1785.4,1792.0,1788.6939117795046,1803.7,0.0911648884473006,1.9790976961945355,1.0346145921682304,-0.9444831040263052,0.838941091132048,0.7940157643792976,0.9444831040263052,-1.0346145921682304,-0.838941091132048,-0.8836818508447493,1.0249803965497901,-1.0249803965497901
ICICIGI,2026-07-08,2026-07,2026-07-07,ENTERPRISE-Dryup,108.0,35.274,8.8185,1.1042600896860932,1.5311004784688942,1.9843049327354312,normal,risk_on,Financial Services,1795.3,1808.7,1801.975088790233,1800.1,0.08764741628903336,2.4584135638490574,1.9936408351730026,-0.4647727286760545,-0.10405742021061867,-0.14871283627146148,0.4647727286760545,-1.9936408351730026,0.10405742021061867,0.05937911151732954,0.26736478582966383,-0.26736478582966383
ICICIGI,2026-07-09,2026-07,2026-07-08,ENTERPRISE-Dryup,395.0,0.0,0.0,-0.1995897322171202,0.9024663677130064,2.4560625381161048,normal,risk_off,Financial Services,1820.0,1815.7,1817.8474571609318,1799.9,0.0823020604964614,2.1894026279938026,0.06340151559626783,-2.0709909961162833,-0.9872917053756286,-1.0316943168199657,2.0709909961162833,-0.06340151559626783,0.9872917053756286,0.9426718897561088,-1.1043956043955994,1.1043956043955994
ICICIGI,2026-07-10,2026-07,2026-07-09,GOLD,418.0,0.0,0.0,-0.0111104938614436,-0.2106780506736183,2.2109882784289736,normal,neutral,Financial Services,1800.0,1805.3,1802.646104346379,1826.0,0.07553318531122946,2.1634862165106448,1.927937800427143,-0.2355484160835017,1.2955341371394111,1.2504781215854743,0.2355484160835017,-1.927937800427143,-1.2955341371394111,-1.3403051351831774,1.4444444444444444,-1.4444444444444444
ICICIPRULI,2026-07-01,2026-07,2026-06-30,ENTERPRISE-Dryup,410.0,0.0,0.0,0.6044462657514682,-0.0203624516391776,2.3563159512345044,normal,risk_on,Financial Services,491.0,491.95,491.4745409227326,492.5,0.06691973608158223,1.6074077784716787,0.6969758943843029,-0.9104318840873757,0.20864948067139108,0.16390455976513643,0.9104318840873757,-0.6969758943843029,-0.20864948067139108,-0.253348498691898,0.30549898167006106,-0.30549898167006106
ICICIPRULI,2026-07-02,2026-07,2026-07-01,ENTERPRISE-Dryup,372.0,6.102,6.1022,0.3054989816700715,0.9117918246081214,1.6089613034623171,normal,risk_on,Financial Services,496.9,494.0,495.44575638308606,496.15,0.0446561680299699,0.8578133822411502,0.36416572221457644,-0.4936476600265738,0.14214343504627416,0.09741754989943462,0.4936476600265738,-0.36416572221457644,-0.14214343504627416,-0.18683804863740353,-0.15093580197222783,0.15093580197222783
ICICIPRULI,2026-07-03,2026-07,2026-07-02,ENTERPRISE-Dryup,254.0,42.456,8.4912,0.741116751269022,1.048879837067207,0.8629441624365483,normal,risk_on,Financial Services,496.95,497.85,497.39959288299156,485.8,0.07513805794766866,3.3675138137759344,0.4323298908518243,-2.7542428821839153,-2.3320471204567785,-2.376064827937679,2.7542428821839153,-0.4323298908518243,2.3320471204567785,2.2875163626093777,-2.243686487574198,2.243686487574198
ICICIPRULI,2026-07-06,2026-07,2026-07-03,ENTERPRISE-Dryup,409.0,6.102,6.1022,-2.086062682656453,-1.3604060913705585,3.3759951627531994,normal,risk_on,Financial Services,489.75,485.0,487.36342651962036,484.1,0.08793337558828214,2.287820421738428,1.0129142261726347,-1.2749061955657937,-0.669608415823332,-0.7141019564849045,1.2749061955657937,-1.0129142261726347,0.669608415823332,0.6249675613102783,-1.1536498213374125,1.1536498213374125
ICICIPRULI,2026-07-07,2026-07,2026-07-06,ENTERPRISE-Dryup,320.0,6.102,6.1022,-0.3499382461918499,-2.4287009976821428,2.2951832029641897,normal,risk_on,Financial Services,486.75,484.8,485.773043075498,487.95,0.08808345654490723,2.0791602465331205,1.631823139941097,-0.3958727440540751,0.4481428015682767,0.403329331446755,0.3958727440540751,-1.631823139941097,-0.4481428015682767,-0.49285768027345334,0.24653312788905776,-0.24653312788905776
ICICIPRULI,2026-07-08,2026-07,2026-07-07,GOLD,306.0,6.102,6.1022,0.7952902292914565,0.4425689584190984,2.0863457963230667,normal,risk_on,Financial Services,485.4,483.75,484.57359541866583,480.45,0.09500422832970389,3.043913275393426,1.8627520497759447,-1.1811612256174815,-0.8509740228629473,-0.8954156519722793,1.1811612256174815,-1.8627520497759447,0.8509740228629473,0.8063451794685854,-1.0197775030902325,1.0197775030902325
ICICIPRULI,2026-07-09,2026-07,2026-07-08,ENTERPRISE-Dryup,323.0,6.102,6.1022,-1.5370427297878853,-0.7539764511464653,3.02285070191618,normal,risk_off,Financial Services,481.0,485.0,482.991718426501,492.05,0.06803364036547485,2.3602889169899433,1.9479177829693333,-0.008637503482858353,1.8754527723599996,1.830230769014778,0.008637503482858353,-1.9479177829693333,-1.8754527723599996,-1.920262176095302,2.2972972972972996,-2.2972972972972996
ICICIPRULI,2026-07-10,2026-07,2026-07-09,STANDARD,120.0,65.149,9.307,2.414403163700696,0.8402500256173839,2.3727755229472325,normal,neutral,Financial Services,492.0,493.0,492.4994923857868,510.7,0.0906030482004629,4.781730816801071,4.6701586437771025,0.10162601626015834,3.695538349906819,3.649795390747079,-0.10162601626015834,-4.6701586437771025,-3.695538349906819,-3.74046829062958,3.8008130081300786,-3.8008130081300786
IDEA,2026-07-01,2026-07,2026-06-30,GOLD,50.0,542.141,11.0641,0.4867872044506116,2.9202279202279247,2.364394993045908,normal,risk_on,Telecommunication,14.46,14.49,14.474984455958548,14.61,0.11950411389700677,3.454235142851416,2.590783742687048,-0.8634514001643677,0.932750874118367,0.8877986965666715,0.8634514001643677,-2.590783742687048,-0.932750874118367,-0.9774978464777564,1.037344398340239,-1.037344398340239
IDEA,2026-07-02,2026-07,2026-07-01,GOLD,35.0,652.87,11.2564,1.107266435986154,1.599443671766343,3.460207612456748,normal,risk_on,Telecommunication,14.68,14.68,14.680000000000001,14.43,0.07955849676186086,2.384196185286101,0.06811989100816083,-1.9073569482288906,-1.7029972752043716,-1.7471950331062789,1.9073569482288906,-0.06811989100816083,1.7029972752043716,1.6584248579019194,-1.7029972752043598,1.7029972752043598
IDEA,2026-07-03,2026-07,2026-07-02,ENTERPRISE-Dryup,230.0,325.825,8.8061,-1.2320328542094416,-0.138408304498272,2.3956194387405865,normal,risk_on,Telecommunication,14.5,14.5,14.500000000000002,14.22,0.09061369506911451,2.6206896551724186,0.5517241379310226,-2.0689655172413963,-1.9310344827586285,-1.9751669704827666,2.0689655172413963,-0.5517241379310226,1.9310344827586285,1.8864771674482836,-1.9310344827586163,1.9310344827586163
IDEA,2026-07-06,2026-07,2026-07-03,ENTERPRISE-Dryup,319.0,119.596,7.4747,-1.4553014553014498,-2.6694045174537884,2.633402633402639,normal,risk_on,Telecommunication,14.22,14.33,14.274788091068302,14.1,0.10540689123516159,3.4326253873189905,1.8579043502413832,-1.5747210370776075,-1.2244531404124106,-1.268787870087843,1.5747210370776075,-1.8579043502413832,1.2244531404124106,1.1798490310460876,-0.8438818565400914,0.8438818565400914
IDEA,2026-07-07,2026-07,2026-07-06,ENTERPRISE-Dryup,288.0,61.64,6.8489,-0.8438818565400963,-2.2869022869022926,3.4458509142053333,normal,risk_on,Telecommunication,14.15,14.0,14.074600355239788,13.94,0.12049041322591114,2.7709490156486662,-0.17478546188793867,-2.2352347299343864,-0.9563351842503904,-1.0007466562559433,2.2352347299343864,0.17478546188793867,0.9563351842503904,0.9117133185043026,-1.4840989399293345,1.4840989399293345
IDEA,2026-07-08,2026-07,2026-07-07,ENTERPRISE-Dryup,291.0,63.191,6.3191,-1.134751773049647,-1.9690576652602096,2.765957446808515,normal,risk_on,Telecommunication,13.84,13.86,13.849992779783394,13.93,0.11234601922195135,3.3213013704343117,3.0325446871689596,-0.14435227585516705,0.5776697611957692,0.5328192170907011,0.14435227585516705,-3.0325446871689596,-0.5776697611957692,-0.6223932179533741,0.6502890173410394,-0.6502890173410394
IDEA,2026-07-09,2026-07,2026-07-08,ENTERPRISE-Dryup,301.0,56.59,6.2878,-0.0717360114777632,-1.2056737588652444,3.299856527977038,normal,risk_off,Telecommunication,13.99,14.0,13.99499821364773,14.07,0.08043258099943554,1.2861737976105363,1.1075513121617635,-0.1786224854487727,0.5359185132237461,0.4910799194113801,0.1786224854487727,-1.1075513121617635,-0.5359185132237461,-0.5806392049632029,0.571837026447463,-0.571837026447463
IDEA,2026-07-10,2026-07,2026-07-09,ENTERPRISE-Dryup,369.0,49.178,6.1472,1.005025125628145,0.9325681492108996,1.2921751615218933,normal,neutral,Telecommunication,14.15,14.15,14.15,14.18,0.08400701428289481,2.19081272084806,1.2720848056537082,-0.9187279151943518,0.21201413427561383,0.16726825031801668,0.9187279151943518,-1.2720848056537082,-0.21201413427561383,-0.2567133751236704,0.21201413427561383,-0.21201413427561383
IDFCFIRSTB,2026-07-01,2026-07,2026-06-30,GOLD-baseline,295.0,27.906,6.9766,0.9805169998726492,-0.1133644035772762,2.0374379218133303,normal,risk_on,Financial Services,79.25,79.13,79.1899545397146,78.85,0.05582730727490953,1.288042158792319,-0.050454050576026435,-0.9975438732174411,-0.4292899796326067,-0.47385230567889636,0.9975438732174411,0.050454050576026435,0.4292899796326067,0.38463320979079785,-0.5047318611987454,0.5047318611987454
IDFCFIRSTB,2026-07-02,2026-07,2026-07-01,GOLD,391.0,10.954,5.4769,-0.5674653215636871,0.4074875843626646,1.286254728877675,normal,risk_on,Financial Services,78.9,79.05,78.97492877492878,79.31,0.0580434086027628,1.5574562954091289,1.0320632607268303,-0.5253930346822987,0.4242754381281428,0.3794687994665891,0.5253930346822987,-1.0320632607268303,-0.4242754381281428,-0.4689887361933083,0.5196451204055723,-0.5196451204055723
IDFCFIRSTB,2026-07-03,2026-07,2026-07-02,ENTERPRISE-Dryup,369.0,20.912,6.9708,0.5833861762840842,0.012610340479191,1.559923906150925,normal,risk_on,Financial Services,79.66,79.65,79.65499968614651,80.6,0.09567039141641989,2.6238152134014676,2.0651563873392154,-0.558658826062252,1.1863666029463773,1.1413418339790824,0.558658826062252,-2.0651563873392154,-1.1863666029463773,-1.231130371261024,1.1800150640220912,-1.1800150640220912
IDFCFIRSTB,2026-07-06,2026-07,2026-07-03,ENTERPRISE-Dryup,328.0,29.34,7.335,1.6265288109948095,2.21940393151554,2.635228848821086,normal,risk_on,Financial Services,80.5,80.7,80.5998759305211,81.06,0.08329557810913117,2.555835199766025,1.4393621033349533,-1.1164730964310718,0.5708744140940685,0.52602581499402,1.1164730964310718,-1.4393621033349533,-0.5708744140940685,-0.6155974208230163,0.6956521739130462,-0.6956521739130462
IDFCFIRSTB,2026-07-07,2026-07,2026-07-06,ENTERPRISE-Dryup,242.0,15.36,7.6798,0.5707196029776762,2.206531332744932,2.555831265508688,normal,risk_on,Financial Services,81.12,81.06,81.08998890122088,80.59,0.06107713492568228,1.9114566680828102,0.8385882252462368,-1.0728684428365733,-0.6165852381974445,-0.6610939554710562,1.0728684428365733,-0.8385882252462368,0.6165852381974445,0.5719408721714293,-0.6533530571992124,0.6533530571992124
IDFCFIRSTB,2026-07-08,2026-07,2026-07-07,ENTERPRISE-Dryup,385.0,0.0,0.0,-0.5798174191956607,-0.0124069478908084,1.9121638292622716,normal,risk_on,Financial Services,80.1,80.47,80.28457370617176,77.89,0.07849962676514965,4.048100213989379,0.5423536225300657,-3.505746591459314,-2.9826074868822228,-3.0264389870716824,3.505746591459314,-0.5423536225300657,2.9826074868822228,2.938119813045649,-2.7590511860174702,2.7590511860174702
IDFCFIRSTB,2026-07-09,2026-07,2026-07-08,ENTERPRISE-Dryup,265.0,19.883,6.6278,-3.350291599454025,-3.9106834443622063,4.032758406750217,normal,risk_off,Financial Services,77.98,78.21,78.0948306549715,79.74,0.07221841103928,2.3561098533259566,2.119435218882992,0.1474737112080021,2.106630274027953,2.0613421016711393,-0.1474737112080021,-2.119435218882992,-2.106630274027953,-2.151454987724481,2.25698897153115,-2.25698897153115
IDFCFIRSTB,2026-07-10,2026-07,2026-07-09,STANDARD,380.0,18.031,6.0104,2.375144434458853,-1.0547214294577612,2.3623058158942145,normal,neutral,Financial Services,79.9,80.15,80.02480474851609,80.74,0.05132547396332218,1.9743878225823432,1.680972862990783,0.1314533060274121,0.8937169590497093,0.8487759540193883,-0.1314533060274121,-1.680972862990783,-0.8937169590497093,-0.9384613463490393,1.0513141426783343,-1.0513141426783343
IEX,2026-07-01,2026-07,2026-06-30,GOLD,280.0,7.258,7.258,-0.2153797064454288,0.0720000000000053,1.6352903637523908,normal,risk_on,Financial Services,125.09,126.07,125.57808807134894,123.65,0.07517661877920108,2.134130277948899,0.3917179630665843,-1.622964724698603,-1.5353698252305514,-1.579615562466955,1.622964724698603,-0.3917179630665843,1.5353698252305514,1.4907863066325973,-1.151171156767126,1.151171156767126
IEX,2026-07-02,2026-07,2026-07-01,GOLD,426.0,0.0,0.0,-1.151171156767128,-1.3640714741544269,2.142457430649926,normal,risk_on,Financial Services,123.0,123.3,123.14981729598051,123.44,0.051419699733496284,1.0556247898245381,0.7715664747888308,-0.06481316637984466,0.2356338891856052,0.1908812446400392,0.06481316637984466,-0.7715664747888308,-0.2356338891856052,-0.2803346942755504,0.3577235772357705,-0.3577235772357705
IEX,2026-07-03,2026-07,2026-07-02,ENTERPRISE-Dryup,440.0,0.0,0.0,-0.169834209462194,-1.3190502837956752,1.0513546300040413,normal,risk_on,Financial Services,124.5,124.69,124.59492756531162,123.85,0.05696587914292082,1.4206035788031393,0.3411635152366495,-1.0794400635664898,-0.5978795283789884,-0.6423935997130986,1.0794400635664898,-0.3411635152366495,0.5978795283789884,0.5532339235486348,-0.5220883534136591,0.5220883534136591
IEX,2026-07-06,2026-07,2026-07-03,ENTERPRISE-Dryup,436.0,0.0,0.0,0.3321451717433588,0.1617468661544663,1.4338950097213188,normal,risk_on,Financial Services,123.94,123.9,123.91999677211103,123.65,0.05367172662553979,1.7107811936911896,0.2663034510046366,-1.4444777426865527,-0.2178799057004114,-0.2625027428065224,1.4444777426865527,-0.2663034510046366,0.2178799057004114,0.1732091350150463,-0.23398418589639508,0.23398418589639508
IEX,2026-07-07,2026-07,2026-07-06,ENTERPRISE-Dryup,394.0,0.0,0.0,-0.1614856681469434,0.1701231367466027,1.7117480823576945,normal,risk_on,Financial Services,123.4,123.34,123.36999270487154,122.44,0.060084122575849844,1.2077491189971992,0.17022558770093082,-0.9888893385849697,-0.7538240738137084,-0.798293509764357,0.9888893385849697,-0.17022558770093082,0.7538240738137084,0.7091887965668208,-0.7779578606158897,0.7779578606158897
IEX,2026-07-08,2026-07,2026-07-07,ENTERPRISE-Dryup,390.0,0.0,0.0,-0.9785685402345368,-1.138473960436004,1.2050141528507845,normal,risk_on,Financial Services,122.0,121.76,121.87988185100099,117.2,0.0882395924763464,4.8162173369811,-0.09015585618578409,-4.611000409297515,-3.839749251416386,-3.8833354153471498,4.611000409297515,0.09015585618578409,3.839749251416386,3.79531834265031,-3.9344262295081944,3.9344262295081944
IEX,2026-07-09,2026-07,2026-07-08,GOLD,394.0,0.0,0.0,-4.2796471741261,-5.216336433481605,4.794184906893165,normal,risk_off,Financial Services,117.35,117.59,117.46987741551033,117.99,0.07735561355608381,1.7025641330378427,1.2174377090997561,-0.48512642393808675,0.44277102856752837,0.3979590959871056,0.48512642393808675,-1.2174377090997561,-0.44277102856752837,-0.4874855515216663,0.5453770771197278,-0.5453770771197278
IEX,2026-07-10,2026-07,2026-07-09,GOLD,415.0,0.0,0.0,0.6740614334470818,-3.6344331917673935,1.706484641638225,normal,neutral,Financial Services,118.52,118.9,118.70969589756548,119.72,0.07557675240486245,1.8701084045532688,1.634495049257654,-0.22718944356340037,0.8510712581610083,0.8061424594390698,0.22718944356340037,-1.634495049257654,-0.8510712581610083,-0.8958128212061512,1.0124873439082036,-1.0124873439082036
INDHOTEL,2026-07-01,2026-07,2026-06-30,GOLD-baseline,236.0,23.933,7.9775,0.9944283799985908,-0.8310249307479256,2.4895972917695146,normal,risk_on,Consumer Services,713.95,715.15,714.549496186411,722.0,0.07394937482165338,1.539431496167528,1.0706751392898828,-0.46875635687764516,1.042685475723194,0.9977018320302197,0.46875635687764516,-1.0706751392898828,-1.042685475723194,-1.0874397286115092,1.1275299390713571,-1.1275299390713571
INDHOTEL,2026-07-02,2026-07,2026-07-01,GOLD,158.0,71.798,8.9747,0.8379888268156499,1.84075040552929,1.536312849162011,normal,risk_on,Consumer Services,722.0,722.35,722.1749575933811,720.05,0.06867420615314286,1.627029555158822,0.6404323991005724,-0.9865971560582496,-0.29424415386300623,-0.33884513353582263,0.9865971560582496,-0.6404323991005724,0.29424415386300623,0.24957844047633998,-0.2700831024930811,0.2700831024930811
INDHOTEL,2026-07-03,2026-07,2026-07-02,GOLD,258.0,16.953,8.4763,-0.2700831024930794,0.565642458100557,1.6274238227146816,normal,risk_on,Consumer Services,725.05,722.9,723.9734037777547,726.8,0.07840945740419696,1.8232713979714346,1.177749925308416,-0.6455214726630184,0.390428185275293,0.3456312345775344,0.6455214726630184,-1.177749925308416,-0.390428185275293,-0.435139241772291,0.24136266464381767,-0.24136266464381767
INDHOTEL,2026-07-06,2026-07,2026-07-03,GOLD-baseline,271.0,48.252,8.042,0.9374349003541392,0.6648199445983272,1.8332060273592177,normal,risk_on,Consumer Services,730.0,734.0,731.9945355191257,735.0,0.07701342205721637,2.3019297525288374,1.8450225822104347,0.08271434436937204,0.410585644432823,0.3657829241461596,-0.08271434436937204,-1.8450225822104347,-0.410585644432823,-0.4552980358777112,0.684931506849315,-0.684931506849315
INDHOTEL,2026-07-07,2026-07,2026-07-06,GOLD,372.0,5.142,5.1419,1.128233351678598,2.0762447052288024,2.318381948266377,normal,risk_on,Consumer Services,741.0,744.8,742.8951406649616,746.0,0.08729414604372623,1.9249015395631879,1.3332782505714882,-0.5916232889916997,0.417940455534451,0.3731356301096252,0.5916232889916997,-1.3332782505714882,-0.417940455534451,-0.4626533340590593,0.6747638326585695,-0.6747638326585695
INDHOTEL,2026-07-08,2026-07,2026-07-07,GOLD-baseline,60.0,9.959,9.9585,1.4965986394557929,2.641717116125486,1.9455782312925107,normal,risk_on,Consumer Services,741.2,737.7,739.4458584082764,719.75,0.08072139878289473,3.056342765736568,0.18989106176700235,-2.8191189620223147,-2.6635970956242185,-2.7075199048819263,2.8191189620223147,-0.18989106176700235,2.6635970956242185,2.6190882950054735,-2.8939557474365953,2.8939557474365953
INDHOTEL,2026-07-09,2026-07,2026-07-08,ENTERPRISE-Dryup,223.0,6.994,6.9941,-3.5187667560321767,-2.074829931972788,3.0294906166219877,normal,risk_off,Consumer Services,724.0,728.75,726.367234555154,732.95,0.06833039826644498,1.7346597424258248,1.4087592278460637,-0.036790557508787694,0.9062585881750949,0.8613139934044358,0.036790557508787694,-1.4087592278460637,-0.9062585881750949,-0.9510038060563554,1.2361878453038737,-1.2361878453038737
INDHOTEL,2026-07-10,2026-07,2026-07-09,ENTERPRISE-Dryup,398.0,5.142,5.1419,1.8339701285168488,-1.7493297587131251,1.750607849947902,normal,neutral,Consumer Services,737.0,735.35,736.1740754576018,750.5,0.06309871407988625,3.0427586010925824,2.4214279117772093,-0.34286394234038836,1.9459968803564927,1.9007546854534156,0.34286394234038836,-2.4214279117772093,-1.9459968803564927,-1.990810955945891,1.8317503392130257,-1.8317503392130257
INDIANB,2026-07-01,2026-07,2026-06-30,GOLD-baseline,457.0,0.0,0.0,0.0122025625381327,-1.6086434573829522,1.8547895057962087,normal,risk_on,Financial Services,819.9,819.65,819.774980939892,819.95,0.08688007935688931,1.9700528041833774,1.3631812777813297,-0.606871526402048,0.02134964644900564,-0.023341664374898864,0.606871526402048,-1.3631812777813297,-0.02134964644900564,-0.06603626035069138,0.0060983046713096985,-0.0060983046713096985
INDIANB,2026-07-02,2026-07,2026-07-01,GOLD-baseline,465.0,0.0,0.0,0.0427037579306954,0.0549115314216086,1.9704734016593568,normal,risk_on,Financial Services,825.9,817.95,821.9057760744594,814.95,0.11725829487224944,3.351965736459808,-0.29270704069628295,-2.54357332470741,-0.8462984781152303,-0.8907414454870333,2.54357332470741,0.29270704069628295,0.8462984781152303,0.801669325078242,-1.3258263712313758,1.3258263712313758
INDIANB,2026-07-03,2026-07,2026-07-02,GOLD-baseline,367.0,6.974,6.9736,-0.6097932800780526,-0.5673499267935589,3.359960973230069,normal,risk_on,Financial Services,818.0,816.6,817.2994004649456,798.9,0.07557609819442035,3.79297965743823,-0.08557457212714487,-3.4013729178231484,-2.2512436023418814,-2.2952844378905572,3.4013729178231484,0.08557457212714487,2.2512436023418814,2.2067074932006903,-2.334963325183377,2.334963325183377
INDIANB,2026-07-06,2026-07,2026-07-03,GOLD-baseline,364.0,6.974,6.9736,-1.9694459782808813,-2.567229709128616,3.803914350573655,normal,risk_on,Financial Services,792.0,800.6,796.2767801079995,787.0,0.06380621441387134,2.197728282071275,0.8192151341039668,-1.378513147967308,-1.1650195434232355,-1.2093712845393998,1.378513147967308,-0.8192151341039668,1.1650195434232355,1.1204114980075184,-0.6313131313131313,0.6313131313131313
INDIANB,2026-07-07,2026-07,2026-07-06,GOLD,446.0,0.0,0.0,-1.489548128676932,-3.4296582612430293,2.190511953936663,normal,risk_on,Financial Services,786.65,788.35,787.4990825396825,787.0,0.09639990987676085,2.0190499712993337,0.5778949539395992,-1.4411550173597347,-0.06337563442905234,-0.10804269467471224,1.4411550173597347,-0.5778949539395992,0.06337563442905234,0.018694631543818035,0.04449246806076689,-0.04449246806076689
INDIANB,2026-07-08,2026-07,2026-07-07,GOLD-baseline,445.0,0.0,0.0,0.0,-1.489548128676932,2.020330368487926,normal,risk_on,Financial Services,780.3,785.0,782.6429438446304,775.5,0.09185525587999796,3.5903984340499475,1.8791527184955061,-1.7112457155544418,-0.9126695513974258,-0.9570935216424075,1.7112457155544418,-1.8791527184955061,0.9126695513974258,0.8680447938511366,-0.6151480199923048,0.6151480199923048
INDIANB,2026-07-09,2026-07,2026-07-08,GOLD-baseline,365.0,5.368,5.3678,-1.4612452350698857,-1.4612452350698857,3.5705209656925057,normal,risk_off,Financial Services,774.95,778.5,776.7209437059448,793.4,0.08454658026908692,2.8131081280939423,2.5851055590509184,0.14536189647058723,2.1473679098280636,2.102068077300705,-0.14536189647058723,-2.5851055590509184,-2.1473679098280636,-2.1921953214152596,2.380798761210392,-2.380798761210392
INDIANB,2026-07-10,2026-07,2026-07-09,STANDARD,363.0,12.417,6.2087,2.3081882656350805,0.813214739517143,2.81753707285621,normal,neutral,Financial Services,800.0,799.95,799.9749992187257,873.35,0.2306962844932608,10.01906310550659,9.36591779173697,-0.5343916026001657,9.172161736671034,9.124851225505793,0.5343916026001657,-9.36591779173697,-9.172161736671034,-9.217454372254208,9.168750000000003,-9.168750000000003
INDIGO,2026-07-01,2026-07,2026-06-30,GOLD,455.0,0.0,0.0,0.0786914732167964,-2.2061515928231468,1.7068555262023937,extended_move,risk_on,Services,5349.5,5345.5,5347.499251986909,5382.5,0.06597060249907169,1.5521273793383072,1.2061852648062537,-0.3459421145320535,0.6545255335956507,0.6096529913702717,0.3459421145320535,-1.2061852648062537,-0.6545255335956507,-0.6992540802036386,0.6168800822506777,-0.6168800822506777
INDIGO,2026-07-02,2026-07,2026-07-01,GOLD,100.0,9.959,9.9585,0.7675746513151838,0.8468701403331336,1.553870635589254,extended_move,risk_on,Services,5421.0,5440.5,5430.732495511669,5441.5,0.06347889500644778,1.3257880048318667,0.6125785889072122,-0.7132094159246544,0.1982698373972539,0.15352788741477502,0.7132094159246544,-0.6125785889072122,-0.1982698373972539,-0.24296816801550536,0.3781590112525364,-0.3781590112525364
INDIGO,2026-07-03,2026-07,2026-07-02,ENTERPRISE-Dryup,293.0,72.223,8.0248,1.0961449140733937,1.8721332958906656,1.3376683697166745,extended_move,risk_on,Services,5459.5,5446.0,5452.741644124525,5421.5,0.05498410217897326,1.6780549303778898,0.03224718848305725,-1.2423409826782907,-0.5729529503417554,-0.6174741563105909,1.2423409826782907,-0.03224718848305725,0.5729529503417554,0.5283056947238447,-0.696034435387856,0.696034435387856
INDIGO,2026-07-06,2026-07,2026-07-03,ENTERPRISE-Dryup,291.0,23.462,7.8208,-0.3675457134981186,0.7245703669298553,1.681521639253882,extended_move,risk_on,Services,5413.0,5405.0,5408.997041967092,5405.0,0.05382411975963244,0.9151419314143001,0.36980900299464387,-0.3604557705581814,-0.07389617587289551,-0.11856022486606013,0.3604557705581814,-0.36980900299464387,0.07389617587289551,0.029215869721038866,-0.14779235174579716,0.14779235174579716
INDIGO,2026-07-07,2026-07,2026-07-06,ENTERPRISE-Dryup,453.0,0.0,0.0,-0.3043438162870004,-0.6707709271340678,0.9130314488610164,extended_move,risk_on,Services,5399.0,5396.0,5397.499583140342,5398.0,0.06530752088968934,1.5748032712314872,0.2686506341742289,-0.9726648855023553,0.009271271853748613,-0.035416581825309004,0.9726648855023553,-0.2686506341742289,-0.009271271853748613,-0.053957085852998396,-0.018521948508983144,0.018521948508983144
INDIGO,2026-07-08,2026-07,2026-07-07,ENTERPRISE-Dryup,447.0,0.0,0.0,-0.1295097132284928,-0.4334593747117976,1.572617946345976,extended_move,risk_on,Services,5266.5,5256.5,5261.495248503278,5115.0,0.1233536345210923,4.285853913184608,1.1024385418426879,-3.183415371341921,-2.784289286300339,-2.828177550315078,3.183415371341921,-1.1024385418426879,2.784289286300339,2.7397884786426134,-2.8766733124465964,2.8766733124465964
INDIGO,2026-07-09,2026-07,2026-07-08,ENTERPRISE-Dryup,287.0,19.213,6.4045,-5.242682474990734,-5.365402405180387,4.177473138199333,normal,risk_off,Services,5124.0,5151.0,5137.464525547445,5230.5,0.08459942654676936,2.70561478933401,2.0736975199104166,-0.35940930503024004,1.8109219828168255,1.7657184498613718,0.35940930503024004,-2.0736975199104166,-1.8109219828168255,-1.8557271129360595,2.078454332552693,-2.078454332552693
INDIGO,2026-07-10,2026-07,2026-07-09,STANDARD,303.0,42.175,7.0292,2.2580645161290214,-3.103001111522785,2.717497556207234,extended_move,neutral,Services,5260.0,5311.0,5285.376974742219,5295.0,0.061764047391851776,1.9487730107467607,1.4686374430570592,-0.007132409741458483,0.18206885343783866,0.13733154059819455,0.007132409741458483,-1.4686374430570592,-0.18206885343783866,-0.22676611112972644,0.6653992395437262,-0.6653992395437262
INDUSINDBK,2026-07-01,2026-07,2026-06-30,GOLD,224.0,8.058,8.0583,1.1183597390493905,0.5286679747111389,1.8255578093306264,normal,risk_on,Financial Services,927.05,931.15,929.0954768055108,939.7,0.10107852417252107,2.421710207583969,2.2015523382825557,-0.0748552568463724,1.141381425184695,1.09636953214489,0.0748552568463724,-2.2015523382825557,-1.141381425184695,-1.1861422143109592,1.36454344425868,-1.36454344425868
INDUSINDBK,2026-07-02,2026-07,2026-07-01,GOLD,86.0,40.756,10.189,1.8921116833830356,3.031632037717236,2.439685551640011,normal,risk_on,Financial Services,941.6,936.0,938.7916489135066,941.5,0.06525280937756274,1.4167147753596303,0.6506609952871609,-0.7660537800724694,0.28849330835312126,0.24372553406744457,0.7660537800724694,-0.6506609952871609,-0.28849330835312126,-0.33319761411096027,-0.010620220900597147,0.010620220900597147
INDUSINDBK,2026-07-03,2026-07,2026-07-02,GOLD,227.0,44.45,8.89,0.1915504948387658,2.0872865275142205,1.4153453229754127,normal,risk_on,Financial Services,948.0,949.0,948.4997364259358,976.85,0.1201366855764312,3.827096477304553,3.152374473685367,-0.6747220036191859,2.988958508401017,2.9434177907629913,0.6747220036191859,-3.152374473685367,-2.988958508401017,-3.0338416551671945,3.0432489451476816,-3.0432489451476816
INDUSINDBK,2026-07-06,2026-07,2026-07-03,STANDARD,146.0,263.527,10.1356,3.754646840148701,3.953389379589223,3.8555496548061554,normal,risk_on,Financial Services,968.0,981.65,974.7772164234607,1011.0,0.09391690102583436,5.3653285200789815,3.8493701888328395,-0.5362472917288554,3.7160063824064067,3.670257564763596,0.5362472917288554,-3.8493701888328395,-3.7160063824064067,-3.760937678645088,4.4421487603305785,-4.4421487603305785
INDUSINDBK,2026-07-07,2026-07,2026-07-06,STANDARD,103.0,128.131,9.8562,3.495930797973079,7.381837493361654,5.353943798945586,normal,risk_on,Financial Services,1009.7,1013.05,1011.3722259300458,1021.1,0.08812964981549665,3.332106531698547,2.63283619890467,-0.021972714332895136,0.9618391548184595,0.9168786514445324,0.021972714332895136,-2.63283619890467,-0.9618391548184595,-1.0065880535783265,1.1290482321481605,-1.1290482321481605
INDUSINDBK,2026-07-08,2026-07,2026-07-07,GOLD-baseline,69.0,244.292,9.7717,0.999010880316531,4.529866407329686,3.3333333333333384,normal,risk_on,Financial Services,1015.9,1014.1,1014.9992019704432,999.85,0.10041628453028607,4.088673165401019,1.6059912163390473,-2.4826819490619716,-1.4925333873202722,-1.536791385458953,2.4826819490619716,-1.6059912163390473,1.4925333873202722,1.447947031836381,-1.5798799094399012,1.5798799094399012
INDUSINDBK,2026-07-09,2026-07,2026-07-08,GOLD-baseline,18.0,124.107,10.3423,-2.081089021643323,-1.1028684470820949,4.064244442268143,normal,risk_off,Financial Services,995.9,1000.0,997.9457888671777,1018.0,0.06491202441896413,2.6504445727482726,2.445444572748269,0.20083366803896316,2.009549151521236,1.9642887663057924,-0.20083366803896316,-2.445444572748269,-2.009549151521236,-2.0543674359233446,2.2190983030424762,-2.2190983030424762
INDUSINDBK,2026-07-10,2026-07,2026-07-09,GOLD,76.0,257.66,10.3064,1.815272290843617,-0.3035941631573835,2.645396809521433,extended_move,neutral,Financial Services,1019.7,1019.0,1019.3498798253789,1015.8,0.06642801988557004,1.7609262879468819,1.2066632289914276,-0.5542630589554539,-0.34824939852713743,-0.3928349204947946,0.5542630589554539,-1.2066632289914276,0.34824939852713743,0.3035872616918043,-0.3824654310091292,0.3824654310091292
INDUSTOWER,2026-07-01,2026-07,2026-06-30,GOLD,454.0,0.0,0.0,-0.2029426686960933,-0.1396116258408408,2.0167427701674248,normal,risk_on,Telecommunication,391.0,390.95,390.9749984014323,387.1,0.11237015945024913,4.514355156254236,1.7840019507861578,-2.730353205468079,-0.9911115588658749,-1.035513076968827,2.730353205468079,-1.7840019507861578,0.9911115588658749,0.9464919962199723,-0.9974424552429609,0.9974424552429609
INDUSTOWER,2026-07-02,2026-07,2026-07-01,GOLD,462.0,0.0,0.0,-1.6014234875444733,-1.80111618467782,4.486527707168271,normal,risk_on,Telecommunication,389.0,387.9,388.4492212639979,383.7,0.06714115615624294,2.2396749751976706,-0.1413881748071967,-1.6345048249389673,-1.2226105766267603,-1.2669458336918547,1.6345048249389673,0.1413881748071967,1.2226105766267603,1.178006345234808,-1.3624678663239105,1.3624678663239105
INDUSTOWER,2026-07-03,2026-07,2026-07-02,GOLD,470.0,0.0,0.0,-0.8783260139498927,-2.4656837824097555,2.247481270989405,normal,risk_on,Telecommunication,385.25,387.0,386.12301715765625,382.2,0.06847438366056709,1.5150611955389794,0.3307191712485579,-1.041900373427779,-1.0160018914527622,-1.0603962852953792,1.041900373427779,-0.3307191712485579,1.0160018914527622,0.9713839771940256,-0.7916937053861159,0.7916937053861159
INDUSTOWER,2026-07-06,2026-07,2026-07-03,GOLD,428.0,5.292,5.2917,-0.3909304143862369,-1.265822784810133,1.5246286161063245,normal,risk_on,Telecommunication,383.2,388.2,385.6837956961369,386.5,0.0961174765868832,2.8520773034152596,2.2080793642086647,-0.16433039272311334,0.21162525181798614,0.16687947916865928,0.16433039272311334,-2.2080793642086647,-0.21162525181798614,-0.256324466911913,0.8611691022964539,-0.8611691022964539
INDUSTOWER,2026-07-07,2026-07,2026-07-06,GOLD-baseline,447.0,0.0,0.0,1.125065410779702,0.7297367735209725,2.8780743066457357,normal,risk_on,Telecommunication,387.0,382.3,384.6356427921487,382.5,0.11056392044746603,3.197831566183466,0.22472103770122637,-2.4921358620237455,-0.5552378808801061,-0.5997641573624133,2.4921358620237455,-0.22472103770122637,0.5552378808801061,0.5105894520640052,-1.1627906976744187,1.1627906976744187
INDUSTOWER,2026-07-08,2026-07,2026-07-07,GOLD-baseline,444.0,0.0,0.0,-1.0349288486416586,0.0784929356357988,3.182406209573095,normal,risk_on,Telecommunication,381.0,381.1,381.0499934391812,390.0,0.12316155771632886,4.605694870009528,3.923371425855946,-0.6823234441535818,2.348774889100553,2.3034174086591452,0.6823234441535818,-3.923371425855946,-2.348774889100553,-2.3936156390663585,2.3622047244094486,-2.3622047244094486
INDUSTOWER,2026-07-09,2026-07,2026-07-08,GOLD-baseline,241.0,34.384,6.8768,1.9607843137254832,0.9055627425614388,4.58823529411765,normal,risk_off,Telecommunication,391.45,395.55,393.48932020330363,398.85,0.08431658767098714,2.1347466293773767,1.527533147174321,-0.13706095073304558,1.362344419901077,1.3172692815071465,0.13706095073304558,-1.527533147174321,-1.362344419901077,-1.4071198425226294,1.8904074594456595,-1.8904074594456595
INDUSTOWER,2026-07-10,2026-07,2026-07-09,STANDARD,77.0,215.525,10.2631,2.269230769230779,4.274509803921567,2.153846153846148,normal,neutral,Telecommunication,401.15,399.55,400.3484013987761,406.55,0.09247943497484078,3.1972152143678176,1.8737675921807369,-1.323447622187081,1.5490504219715029,1.5039218434654236,1.323447622187081,-1.8737675921807369,-1.5490504219715029,-1.5938382093847483,1.34612987660477,-1.34612987660477
INFY,2026-07-01,2026-07,2026-06-30,GOLD-baseline,171.0,173.631,8.6815,-2.7079303675048405,-3.5382107584619904,3.326885880077378,normal,risk_on,Information Technology,1006.0,1007.5,1006.7494412714178,986.0,0.06291056172610589,3.1388147541549736,0.7201949592766091,-2.4186197948783645,-2.061033303898682,-2.10512858258024,2.4186197948783645,-0.7201949592766091,2.061033303898682,2.016484597890266,-1.9880715705765408,1.9880715705765408
INFY,2026-07-02,2026-07,2026-07-01,GOLD,169.0,194.102,8.8228,-1.988071570576544,-4.642166344294008,3.1411530815109368,normal,risk_on,Information Technology,1006.4,1016.8,1011.5732700672203,1042.2,0.06910968535537379,3.855380638656892,3.3044299332423517,0.18058305679215017,3.027633374569554,2.9820815871792843,-0.18058305679215017,-3.3044299332423517,-3.027633374569554,-3.072519082617418,3.5572337042925346,-3.5572337042925346
INFY,2026-07-03,2026-07,2026-07-02,STANDARD-weak,116.0,413.609,10.6054,5.699797160243403,3.5984095427435525,3.955375253549696,normal,risk_on,Information Technology,1063.0,1063.4,1063.1999623777276,1047.0,0.0736863456397475,2.5112867705796833,0.33860400203751495,-1.99397696838855,-1.523698546931681,-1.567947624791387,1.99397696838855,-0.33860400203751495,1.523698546931681,1.47911425539165,-1.5051740357478833,1.5051740357478833
INFY,2026-07-06,2026-07,2026-07-03,GOLD,99.0,545.68,11.1363,0.4605641911341385,6.186612576064898,2.5618883131836543,normal,risk_on,Information Technology,1050.1,1043.5,1046.789596866641,1043.8,0.05893717098119152,1.9106036265421504,0.18250115773766618,-1.3173226890979264,-0.2855967307651694,-0.3302001855553094,1.3173226890979264,-0.18250115773766618,0.2855967307651694,0.24093044469426106,-0.5999428625845115,0.5999428625845115
INFY,2026-07-07,2026-07,2026-07-06,ENTERPRISE-Dryup,157.0,154.314,9.0773,-0.3056351480420272,0.153521397044698,1.9102196752626552,normal,risk_on,Information Technology,1040.6,1050.8,1045.6751267093814,1071.5,0.09998181454524549,4.485140633266181,3.9997961338371537,0.41359626715311415,2.46968419071863,2.4242921028914575,-0.41359626715311415,-3.9997961338371537,-2.46968419071863,-2.5145329480238447,2.969440707284268,-2.969440707284268
INFY,2026-07-08,2026-07,2026-07-07,STANDARD,85.0,195.66,9.3171,2.6537650890975373,2.340019102196744,4.493197930638062,normal,risk_on,Information Technology,1071.9,1074.9,1073.3979038569034,1069.0,0.07032888507222407,1.4253800892497015,0.5871164943076643,-0.838263594942037,-0.40971794719376803,-0.45428587526461456,0.838263594942037,-0.5871164943076643,0.40971794719376803,0.3650598811745389,-0.27054762571136215,0.27054762571136215
INFY,2026-07-09,2026-07,2026-07-08,ENTERPRISE-Dryup,30.0,166.263,9.7802,-0.2333177788147455,2.414255604521953,1.4279048063462394,normal,risk_off,Information Technology,1062.7,1049.2,1055.906851650173,1055.3,0.09469369124934213,2.1119287146540886,0.5391714563580783,-1.4685814024161994,-0.05747208186258057,-0.10214083185847737,1.4685814024161994,-0.5391714563580783,0.05747208186258057,0.012790688008674,-0.6963395125623497,0.6963395125623497
INFY,2026-07-10,2026-07,2026-07-09,GOLD,128.0,109.661,9.1384,-1.2815715622076729,-1.511899206719558,2.0860617399438683,normal,neutral,Information Technology,1075.0,1085.5,1080.2244850728998,1068.7,0.0738066371335358,2.462451126369792,1.0252975265926036,-1.4371535997771885,-1.0668601973155645,-1.1112400341887276,1.4371535997771885,-1.0252975265926036,1.0668601973155645,1.022245651198992,-0.5860465116279028,0.5860465116279028
INOXWIND,2026-07-01,2026-07,2026-06-30,STANDARD,60.0,316.18,10.9027,2.106455266138174,0.8501118568232657,2.423556058890148,normal,risk_on,Capital Goods,90.2,90.59,90.39457934620279,89.89,0.0887510946633457,2.3120855422043602,1.1896959547523849,-1.1223895874519754,-0.5581964647131075,-0.6027218943717985,1.1223895874519754,-1.1896959547523849,0.5581964647131075,0.5135482318321796,-0.3436807095343706,0.3436807095343706
INOXWIND,2026-07-02,2026-07,2026-07-01,ENTERPRISE-Dryup,297.0,116.898,7.3061,-0.2994676131322094,1.8006795016987542,2.318101153504884,normal,risk_on,Capital Goods,90.3,89.97,90.1346979530704,89.85,0.0791507264821289,1.8749716129075271,0.3276230504298783,-1.5473485624776488,-0.3158583315147261,-0.36045312464792995,1.5473485624776488,-0.3276230504298783,0.3158583315147261,0.271194049548589,-0.49833887043189684,0.49833887043189684
INOXWIND,2026-07-03,2026-07,2026-07-02,ENTERPRISE-Dryup,346.0,86.646,7.2205,-0.0444988319056705,-0.3438331854480947,1.8800756480142529,normal,risk_on,Capital Goods,90.15,90.18,90.16499750457494,87.94,0.08039649368377726,3.3050519408585193,0.393725398159127,-2.9113265426993924,-2.467695409698257,-2.511674291111921,2.9113265426993924,-0.393725398159127,2.467695409698257,2.42317363529446,-2.4514697726012287,2.4514697726012287
INOXWIND,2026-07-06,2026-07,2026-07-03,ENTERPRISE-Dryup,260.0,56.758,8.1083,-2.1257651641624853,-2.1693180554010483,3.316638842515292,normal,risk_on,Capital Goods,88.39,87.92,88.15437354659407,86.9,0.06412634987717684,2.20068491437309,-0.2658671795452017,-1.9333964703330593,-1.4229283200918748,-1.4672062410105282,1.9333964703330593,0.2658671795452017,1.4229283200918748,1.378337354942801,-1.6857110532865653,1.6857110532865653
INOXWIND,2026-07-07,2026-07,2026-07-06,ENTERPRISE-Dryup,227.0,64.045,8.0056,-1.1826245167159355,-3.2832498608792338,2.206049579258583,normal,risk_on,Capital Goods,86.95,86.89,86.91998964565117,85.88,0.06678428766533465,1.9328120111943219,-0.03450258769407344,-1.7947420978888966,-1.196490761090661,-1.240833494326077,1.7947420978888966,0.03450258769407344,1.196490761090661,1.151884799887805,-1.2305922944220902,1.2305922944220902
INOXWIND,2026-07-08,2026-07,2026-07-07,ENTERPRISE-Dryup,127.0,51.489,8.5814,-1.173762945914858,-2.342506254264276,1.933256616800928,normal,risk_on,Capital Goods,85.45,85.25,85.34988283538371,82.94,0.09803443486596981,4.053901288503671,0.0821526196486157,-3.8897333248679944,-2.8235338530361065,-2.8674108842354875,3.8897333248679944,-0.0821526196486157,2.8235338530361065,2.7790356443890576,-2.9373902867173842,2.9373902867173842
INOXWIND,2026-07-09,2026-07,2026-07-08,ENTERPRISE-Dryup,133.0,85.618,7.7834,-3.4233814625058145,-4.556962025316469,4.02887750349324,normal,risk_off,Capital Goods,82.97,83.01,82.98999518014219,82.05,0.07941436827258572,2.6750212422366784,1.2049703312877018,-1.4700509109489763,-1.1326608443605648,-1.1770218473777267,1.4700509109489763,-1.2049703312877018,1.1326608443605648,1.0880506559576435,-1.108834518500665,1.108834518500665
INOXWIND,2026-07-10,2026-07,2026-07-09,ENTERPRISE-Dryup,172.0,102.037,8.5031,-1.0730648661683162,-4.459711224965068,2.676633711116468,normal,neutral,Capital Goods,82.73,82.76,82.74499728080247,82.8,0.13047699844596708,2.3082966496672213,1.2750048388028665,-1.0332918108643547,0.0664725614901831,0.021768335314798007,1.0332918108643547,-1.2750048388028665,-0.0664725614901831,-0.11116216370204035,0.08461259518916134,-0.08461259518916134
IOC,2026-07-01,2026-07,2026-06-30,GOLD-baseline,415.0,0.0,0.0,-0.1432151808091752,-3.1193552869251184,1.3247404224847792,normal,risk_on,Oil Gas & Consumable Fuels,139.7,139.03,139.3641947404298,139.84,0.04827940260700621,1.3633343941310143,0.6858327286649207,-0.6775016654660935,0.34141140804235715,0.2966284872206788,0.6775016654660935,-0.6858327286649207,-0.34141140804235715,-0.38611921835426616,0.10021474588404782,-0.10021474588404782
IOC,2026-07-02,2026-07,2026-07-01,GOLD,428.0,0.0,0.0,0.279670132664056,0.1360544217687165,1.3624955181068523,normal,risk_on,Oil Gas & Consumable Fuels,140.3,141.45,140.8726530612245,141.6,0.0754623259101966,2.463217611506121,2.056713546465474,-0.05867218330060368,0.5163152130452074,0.4714822302070384,0.05867218330060368,-2.056713546465474,-0.5163152130452074,-0.5610346065365066,0.9265858873841645,-0.9265858873841645
IOC,2026-07-03,2026-07,2026-07-02,GOLD-baseline,445.0,0.0,0.0,1.258581235697931,1.5417712441735398,2.4814073226544617,normal,risk_on,Oil Gas & Consumable Fuels,142.32,141.76,142.03944804280482,141.43,0.04093847880484427,0.9222789992856226,0.0919124644555246,-0.7247620692630382,-0.42906956567527066,-0.4736319548097657,0.7247620692630382,-0.0919124644555246,0.42906956567527066,0.38441278123632705,-0.6253513209668258,0.6253513209668258
IOC,2026-07-06,2026-07,2026-07-03,GOLD,434.0,0.0,0.0,-0.1200564971751361,1.137013729977121,0.9251412429378548,normal,risk_on,Oil Gas & Consumable Fuels,141.6,141.38,141.4899144815888,142.0,0.05756903117021944,2.000142561658176,1.597347434049993,-0.40279512760818303,0.36051016093981886,0.3157217735584937,0.40279512760818303,-1.597347434049993,-0.36051016093981886,-0.4052192360857373,0.28248587570621875,-0.28248587570621875
IOC,2026-07-07,2026-07,2026-07-06,GOLD,396.0,0.0,0.0,0.4030262320582567,0.2824858757062287,2.000989888991029,normal,risk_on,Oil Gas & Consumable Fuels,142.75,143.64,143.19361709556898,142.06,0.05751516945083872,1.6132003973740556,0.6399607210281083,-0.9732396763459472,-0.7916673372475751,-0.8361259414723041,0.9732396763459472,-0.6399607210281083,0.7916673372475751,0.7470345662086516,-0.483362521891417,0.483362521891417
IOC,2026-07-08,2026-07,2026-07-07,ENTERPRISE-Dryup,392.0,0.0,0.0,0.0422535211267671,0.4454500459591282,1.6267605633802833,normal,risk_on,Oil Gas & Consumable Fuels,139.7,138.24,138.96616535943008,137.7,0.09503568880696019,2.6984985807881974,0.9958068836329232,-1.7026916971552741,-0.911132113457407,-0.9555565237571005,1.7026916971552741,-0.9958068836329232,0.911132113457407,0.8665072540927528,-1.4316392269148177,1.4316392269148177
IOC,2026-07-09,2026-07,2026-07-08,GOLD-baseline,401.0,0.0,0.0,-3.0691257215261225,-3.028169014084514,2.639729691679572,normal,risk_off,Oil Gas & Consumable Fuels,137.63,137.15,137.3895807555135,138.6,0.06587557814051863,1.5212216155744627,0.9465195521635793,-0.5747020634108834,0.8810124012536719,0.8360750325981107,0.5747020634108834,-0.9465195521635793,-0.8810124012536719,-0.9257559471809573,0.7047882002470384,-0.7047882002470384
IOC,2026-07-10,2026-07,2026-07-09,GOLD,419.0,0.0,0.0,0.6535947712418277,-2.435590595523029,1.5177923021060302,normal,neutral,Oil Gas & Consumable Fuels,139.38,139.34,139.35999712973594,139.1,0.05123197942784228,1.327497157077136,0.8539056363184654,-0.4735915207586704,-0.18656510841766755,-0.2311969086329456,0.4735915207586704,-0.8539056363184654,0.18656510841766755,0.14189226387853762,-0.2008896541828104,0.2008896541828104
IREDA,2026-07-01,2026-07,2026-06-30,GOLD,363.0,5.812,5.8119,0.9802383939774284,1.3059554716387425,2.768193224592222,normal,risk_on,Financial Services,128.78,128.63,128.70495629540423,128.0,0.06510203251338094,1.227613951690854,0.33801627933988954,-0.8507491295759284,-0.547730495930717,-0.5922589212217887,0.8507491295759284,-0.33801627933988954,0.547730495930717,0.5030815699305405,-0.6056841124398207,0.6056841124398207
IREDA,2026-07-02,2026-07,2026-07-01,ENTERPRISE-Dryup,466.0,0.0,0.0,-0.5979653646035699,0.376411543287336,1.2269938650306735,normal,risk_on,Financial Services,128.23,128.53,128.37982473905592,128.5,0.06089744718698715,1.012620170375189,0.5531829182564953,-0.45943725211869374,0.09360914862467509,0.04889715525250084,0.45943725211869374,-0.5531829182564953,-0.09360914862467509,-0.13830054798415192,0.21055915152461221,-0.21055915152461221
IREDA,2026-07-03,2026-07,2026-07-02,ENTERPRISE-Dryup,420.0,5.812,5.8119,0.390625,-0.2096761668090474,1.0156249999999978,normal,risk_on,Financial Services,129.62,129.84,129.729906729361,128.45,0.05089422044875769,1.7652059249355103,0.23132158050883553,-1.4259678249983132,-0.9865934244685175,-1.0309962357790057,1.4259678249983132,-0.23132158050883553,0.9865934244685175,0.9419735626046464,-0.9026384817157969,0.9026384817157969
IREDA,2026-07-06,2026-07,2026-07-03,ENTERPRISE-Dryup,469.0,0.0,0.0,-0.0389105058365868,0.3515624999999911,1.7821011673151688,normal,risk_on,Financial Services,128.05,128.09,128.06999687670807,126.71,0.04940349174181818,1.5928789332007895,0.02342712893231607,-1.2258896814212448,-1.0619168500623442,-1.1062981018500182,1.2258896814212448,-0.02342712893231607,1.0619168500623442,1.0173019765676563,-1.0464662241312124,1.0464662241312124
IREDA,2026-07-07,2026-07,2026-07-06,ENTERPRISE-Dryup,452.0,0.0,0.0,-1.3546126897625466,-1.392996108949418,1.5881666017905738,normal,risk_on,Financial Services,127.0,127.02,127.00999921266042,125.4,0.05057651280986201,1.897488398503798,0.007874015748030433,-1.6455391115789284,-1.2676161110470479,-1.3119384863580472,1.6455391115789284,-0.007874015748030433,1.2676161110470479,1.223014860191618,-1.259842519685035,1.259842519685035
IREDA,2026-07-08,2026-07,2026-07-07,ENTERPRISE-Dryup,463.0,0.0,0.0,-1.033856838449998,-2.3744647722849237,1.9019809012706157,normal,risk_on,Financial Services,124.45,123.95,124.19949677938808,121.1,0.07466371943986273,3.4621718376508084,0.5237567280706293,-2.938415109580179,-2.495579176857403,-2.539550077211928,2.938415109580179,-0.5237567280706293,2.495579176857403,2.4510592490839698,-2.691844114102056,2.691844114102056
IREDA,2026-07-09,2026-07,2026-07-08,ENTERPRISE-Dryup,457.0,0.0,0.0,-3.429027113237648,-4.427432720385127,3.429027113237637,normal,risk_off,Financial Services,121.17,121.55,121.35970253790374,122.1,0.0554180101143678,1.1453554770916383,0.9890412031303185,0.14032455463795288,0.6100026999201297,0.5651429012873423,-0.14032455463795288,-0.9890412031303185,-0.6100026999201297,-0.6547282979589346,0.7675167120574339,-0.7675167120574339
IREDA,2026-07-10,2026-07,2026-07-09,ENTERPRISE-Dryup,460.0,0.0,0.0,0.8257638315441795,-2.631578947368429,1.1478117258464084,normal,neutral,Financial Services,122.2,122.89,122.54402872414217,126.65,0.07624471804764194,3.704790879872203,3.424052007710098,0.23336206491266914,3.350609016699424,3.30496478528301,-0.23336206491266914,-3.424052007710098,-3.350609016699424,-3.395516114132164,3.6415711947626863,-3.6415711947626863
IRFC,2026-07-01,2026-07,2026-06-30,GOLD-baseline,412.0,0.0,0.0,0.0551511140524985,-1.1119590101384635,1.3346569600706022,normal,risk_on,Financial Services,90.98,91.1,91.03996045694201,91.18,0.05865403308075696,1.6146755695211945,0.966651939039682,-0.6480236304815127,0.15382206050520802,0.10909283263211786,0.6480236304815127,-0.966651939039682,-0.15382206050520802,-0.19851744752498704,0.21982853374368305,-0.21982853374368305
IRFC,2026-07-02,2026-07,2026-07-01,GOLD,423.0,0.0,0.0,0.5181347150259308,0.57357158614606,1.6205490023150688,normal,risk_on,Financial Services,91.6,91.53,91.56498662152569,90.91,0.04300983474099228,1.5726535361732616,0.3549537770564187,-1.217699759116843,-0.7153243239503905,-0.7598047795304435,1.217699759116843,-0.3549537770564187,0.7153243239503905,0.6706864970190685,-0.7532751091703033,0.7532751091703033
IRFC,2026-07-03,2026-07,2026-07-02,GOLD,408.0,6.102,6.1022,-0.2961175696424734,0.2204828574578377,1.579293704759813,normal,risk_on,Financial Services,91.4,91.14,91.26981483510463,90.55,0.04300918398817605,1.4133917137123855,-0.14223194748357823,-1.0625800401335028,-0.7886669173210265,-0.8331263803439494,1.0625800401335028,0.14223194748357823,0.7886669173210265,0.7440339475762929,-0.9299781181619348,0.9299781181619348
IRFC,2026-07-06,2026-07,2026-07-03,ENTERPRISE-Dryup,408.0,6.102,6.1022,-0.3959960400396034,-0.6909409958324342,1.4189858101419055,normal,risk_on,Financial Services,90.5,90.33,90.4149200906929,90.26,0.0450183231610373,1.0396514193200879,0.07197917029824447,-0.90131152012907,-0.17134350230858023,-0.21597965934328844,0.90131152012907,-0.07197917029824447,0.17134350230858023,0.1266696497033641,-0.2651933701657402,0.2651933701657402
IRFC,2026-07-07,2026-07,2026-07-06,ENTERPRISE-Dryup,321.0,6.102,6.1022,-0.3202650469353862,-0.7149928500714942,1.038100496963017,normal,risk_on,Financial Services,90.61,90.01,90.30900343262097,89.9,0.04112584896979012,1.0630169346473237,-0.06533505008167995,-0.7297206342362553,-0.4528933075051796,-0.4974488776653456,0.7297206342362553,0.06533505008167995,0.4528933075051796,0.40823810081736245,-0.7835779715263147,0.7835779715263147
IRFC,2026-07-08,2026-07,2026-07-07,ENTERPRISE-Dryup,307.0,6.102,6.1022,-0.3988477730999307,-0.7178354500276041,1.0635940615998156,normal,risk_on,Financial Services,89.49,88.87,89.17892240412648,87.62,0.06687439021099056,2.8706334759227055,0.22547659295803466,-2.521809350796117,-1.748083921738824,-1.7922687746702404,2.521809350796117,-0.22547659295803466,1.748083921738824,1.703514490344625,-2.0896189518381836,2.0896189518381836
IRFC,2026-07-09,2026-07,2026-07-08,ENTERPRISE-Dryup,325.0,6.102,6.1022,-2.536151279199106,-2.924883669399514,2.847608453837584,normal,risk_off,Financial Services,87.71,87.72,87.71499971498604,88.25,0.05379117468218853,1.1742575424349304,0.9861486494038924,-0.10830498238011195,0.6099302134781404,0.5650704355928574,0.10830498238011195,-0.9861486494038924,-0.6099302134781404,-0.6546558067164582,0.615665260517622,-0.615665260517622
IRFC,2026-07-10,2026-07,2026-07-09,ENTERPRISE-Dryup,343.0,13.274,6.6371,0.7190139237617021,-1.8353726362625224,1.1755307007532538,normal,neutral,Financial Services,88.41,88.74,88.57469263336155,90.0,0.05177483058501841,1.9079942021311187,1.6091586933733364,0.17534056514462815,1.6091586933733364,1.564012910317167,-0.17534056514462815,-1.6091586933733364,-1.6091586933733364,-1.6539504615169638,1.7984390906006147,-1.7984390906006147
ITC,2026-07-01,2026-07,2026-06-30,GOLD,416.0,0.0,0.0,-1.305393335623506,-0.9310344827586192,2.095499828237726,normal,risk_on,Fast Moving Consumer Goods,287.85,287.6,287.7249456946738,290.05,0.0457573801506931,1.3554611994396049,1.138258727417259,-0.21720247202234583,0.8080822813999213,0.7631657872408454,0.21720247202234583,-1.138258727417259,-0.8080822813999213,-0.8528209974570893,0.7642869550112866,-0.7642869550112866
ITC,2026-07-02,2026-07,2026-07-01,ENTERPRISE-Dryup,430.0,0.0,0.0,0.957187608771326,-0.360700790106494,1.3574660633484084,normal,risk_on,Fast Moving Consumer Goods,290.7,290.25,290.47482571649886,289.7,0.04154079608747924,1.1360709114327123,0.180798553611565,-0.9552723578211474,-0.266744532710415,-0.3113533834897954,0.9552723578211474,-0.180798553611565,0.266744532710415,0.22207699813383827,-0.3439972480220158,0.3439972480220158
ITC,2026-07-03,2026-07,2026-07-02,GOLD,443.0,0.0,0.0,-0.1206688501982466,0.8353637312913165,1.1377348732977113,normal,risk_on,Fast Moving Consumer Goods,291.3,290.75,291.02474014259946,290.1,0.040488818712591676,0.893394836028733,0.19766699460626452,-0.6957278414224685,-0.3177531031026154,-0.36234735390292677,0.6957278414224685,-0.19766699460626452,0.3177531031026154,0.27308894661962146,-0.41194644696189103,0.41194644696189103
ITC,2026-07-06,2026-07,2026-07-03,ENTERPRISE-Dryup,435.0,0.0,0.0,0.1380738695202055,0.0172384071711828,0.8974801518812643,normal,risk_on,Fast Moving Consumer Goods,289.95,289.55,289.7498619499569,289.0,0.04400835942810088,0.9663507623977907,0.051816435401452386,-0.7419716908538729,-0.2587963096549776,-0.3034074354224503,0.7419716908538729,-0.051816435401452386,0.2587963096549776,0.2141282486993808,-0.3276426970167231,0.3276426970167231
ITC,2026-07-07,2026-07,2026-07-06,GOLD-baseline,398.0,0.0,0.0,-0.379179593243717,-0.2416292716603374,0.965184419165789,normal,risk_on,Fast Moving Consumer Goods,288.3,288.6,288.4499219968799,288.15,0.05633295172697684,1.4387246046975415,0.7800584543560555,-0.6586661503414861,-0.10397714612075601,-0.14863258515813044,0.6586661503414861,-0.7800584543560555,0.10397714612075601,0.059298832111234996,-0.05202913631634897,0.05202913631634897
ITC,2026-07-08,2026-07,2026-07-07,GOLD,391.0,0.0,0.0,-0.2941176470588336,-0.672182006204769,1.4359861591695424,normal,risk_on,Fast Moving Consumer Goods,286.9,287.65,287.27451048646765,280.85,0.0673828580461382,2.732577974532761,0.200327384618234,-2.5322505899145273,-2.2363663506339027,-2.280411444438826,2.5322505899145273,-0.200327384618234,2.2363663506339027,2.1918292562318396,-2.1087486929243484,2.1087486929243484
ITC,2026-07-09,2026-07,2026-07-08,GOLD,403.0,0.0,0.0,-2.5334027416276106,-2.8200692041522424,2.724275550928344,normal,risk_off,Fast Moving Consumer Goods,281.25,281.15,281.1999911095306,281.85,0.055805678798894004,1.2091038789100241,1.1379832829450431,-0.07112059596498109,0.23115537376253506,0.1864040110845245,0.07112059596498109,-1.1379832829450431,-0.23115537376253506,-0.27585588225831786,0.21333333333334142,-0.21333333333334142
ITC,2026-07-10,2026-07,2026-07-09,GOLD,373.0,6.102,6.1022,0.3560619547801291,-2.186361270171766,1.2106106462524395,normal,neutral,Fast Moving Consumer Goods,282.85,282.75,282.7999911598303,281.8,0.039038943505718175,0.9900990408509157,0.30056890620242777,-0.689530134648488,-0.353603674359783,-0.3981876637944857,0.689530134648488,-0.30056890620242777,0.353603674359783,0.3089418921167212,-0.3712214954923144,0.3712214954923144
JINDALSTEL,2026-07-01,2026-07,2026-06-30,GOLD,355.0,11.79,5.8952,-1.0086859064163622,-0.1036757775683239,1.9239749696460176,normal,risk_on,Metals & Mining,1045.5,1040.6,1043.0442452423183,1027.0,0.10264729617882756,2.406417571880541,0.2162664496708469,-1.8066582820693673,-1.538213293971143,-1.5824582173328627,1.8066582820693673,-0.2162664496708469,1.538213293971143,1.4936299636847497,-1.7694882831181253,1.7694882831181253
JINDALSTEL,2026-07-02,2026-07,2026-07-01,GOLD-baseline,285.0,29.743,7.4357,-3.1040664213605185,-4.081442047258809,2.368147938484754,normal,risk_on,Metals & Mining,1034.0,1035.0,1034.499758337361,1043.0,0.07069498529279448,1.6336398209663792,1.4886655640587245,-0.10630822564216963,0.8216765247292509,0.7767561395442837,0.10630822564216963,-1.4886655640587245,-0.8216765247292509,-0.8664161410787776,0.8704061895551257,-0.8704061895551257
JINDALSTEL,2026-07-03,2026-07,2026-07-02,GOLD,404.0,18.764,6.2547,1.5579357351509282,-1.5944900462307898,1.645569620253173,normal,risk_on,Metals & Mining,1052.4,1061.6,1056.9799810785241,1054.0,0.08490832298771805,2.1570891036872077,1.5913280499705362,-0.5657610537166715,-0.2819335400736173,-0.3265380433641762,0.5657610537166715,-1.5913280499705362,0.2819335400736173,0.23726701140424222,0.1520334473584102,-0.1520334473584102
JINDALSTEL,2026-07-06,2026-07,2026-07-03,GOLD,379.0,26.822,6.7056,1.0546500479386325,2.629016553067176,2.1860019175455374,normal,risk_on,Metals & Mining,1058.5,1048.0,1053.2238309992879,1058.2,0.07550675451708573,1.86095295445448,1.1655802536356032,-0.695372700818877,0.4724702246806193,0.42764979141808984,0.695372700818877,-1.1655802536356032,-0.4724702246806193,-0.517186714493719,-0.028341993386863912,0.028341993386863912
JINDALSTEL,2026-07-07,2026-07,2026-07-06,ENTERPRISE-Dryup,259.0,14.557,7.2785,0.3984819734345501,1.4573346116970365,1.8595825426944883,normal,risk_on,Metals & Mining,1053.9,1043.5,1048.6742156956232,1037.5,0.0824227023259884,2.5365360949926097,-0.2645450468888313,-2.038213143387427,-1.0655564453075548,-1.1099366553484402,2.038213143387427,0.2645450468888313,1.0655564453075548,1.0209418128487018,-1.556124869532222,1.556124869532222
JINDALSTEL,2026-07-08,2026-07,2026-07-07,ENTERPRISE-Dryup,321.0,11.79,5.8952,-1.956151956151964,-1.565464895635671,2.5137025137025266,normal,risk_on,Metals & Mining,1029.2,1027.6,1028.3993776740567,1023.0,0.08704178605678754,3.111631599036435,1.9059348684432542,-1.2056967305931812,-0.5250273183039609,-0.569562241834752,1.2056967305931812,-1.9059348684432542,0.5250273183039609,0.4803768887631429,-0.6024096385542212,0.6024096385542212
JINDALSTEL,2026-07-09,2026-07,2026-07-08,ENTERPRISE-Dryup,356.0,17.158,5.7194,-1.3975903614457883,-3.3264033264033266,3.08433734939759,normal,risk_off,Metals & Mining,1023.6,1027.5,1025.5462922334357,1031.0,0.06919587286718669,1.4723859970392197,1.1850959687149771,-0.2872900283242425,0.5317856256578366,0.48694821478534706,0.2872900283242425,-1.1850959687149771,-0.5317856256578366,-0.5765060436926814,0.7229386479093374,-0.7229386479093374
JINDALSTEL,2026-07-10,2026-07,2026-07-09,ENTERPRISE-Dryup,422.0,0.0,0.0,0.782013685239491,-0.6265060240963849,1.4760508308895428,normal,neutral,Metals & Mining,1044.4,1042.7,1043.5493076517657,1052.1,0.07803050104792891,2.4052529014159267,1.921393862389982,-0.11013448462266291,0.819385560944434,0.7744658314928672,0.11013448462266291,-1.921393862389982,-0.819385560944434,-0.8641250255725932,0.7372654155495804,-0.7372654155495804
JIOFIN,2026-07-01,2026-07,2026-06-30,ENTERPRISE-Dryup,460.0,0.0,0.0,0.1268498942917695,-0.9205020920502016,1.2938689217758994,normal,risk_on,Financial Services,236.76,237.24,236.99975696202534,239.95,0.05517450503685511,1.7974701976941578,1.586602064987414,-0.21086813270674404,1.2448295626089456,1.1997880600225583,0.21086813270674404,-1.586602064987414,-1.2448295626089456,-1.289597202691559,1.347355972292616,-1.347355972292616
JIOFIN,2026-07-02,2026-07,2026-07-01,ENTERPRISE-Dryup,183.0,25.762,8.5875,1.330236486486469,1.4587737843551718,1.7989864864864826,normal,risk_on,Financial Services,240.01,240.42,240.21482505255705,239.69,0.04899899835214333,0.8159363184895635,0.23944190260409712,-0.5764944158854663,-0.21848154144617052,-0.2631042063484885,0.5764944158854663,-0.23944190260409712,0.21848154144617052,0.17381081060473433,-0.13332777800924678,0.13332777800924678
JIOFIN,2026-07-03,2026-07,2026-07-02,ENTERPRISE-Dryup,390.0,13.184,6.592,-0.1083559074807172,1.220439189189193,0.8168368410085349,normal,risk_on,Financial Services,241.05,241.15,241.09998963085857,239.38,0.048556868404857775,1.3853173553071303,0.45624654352976557,-0.9290708117773647,-0.7133926606517096,-0.7578736691240219,0.9290708117773647,-0.45624654352976557,0.7133926606517096,0.6687547057940539,-0.6928023231694734,0.6928023231694734
JIOFIN,2026-07-06,2026-07,2026-07-03,ENTERPRISE-Dryup,472.0,0.0,0.0,-0.1293337227251889,-0.2375494894769736,1.3934665609745818,normal,risk_on,Financial Services,239.2,238.96,239.07993976911496,240.1,0.05189275625612066,1.0749542611069343,0.6650747161893162,-0.409879544917618,0.42666073609945365,0.38185341470360284,0.409879544917618,-0.6650747161893162,-0.42666073609945365,-0.47137419213336257,0.3762541806020091,-0.3762541806020091
JIOFIN,2026-07-07,2026-07,2026-07-06,ENTERPRISE-Dryup,261.0,7.258,7.258,0.3007770072687821,0.1710542784429947,1.0736068176121618,normal,risk_on,Financial Services,239.95,240.69,240.31943034287616,243.01,0.08918669567911133,2.4134544558984894,2.051673329155758,-0.3160087146480995,1.1195805737742703,1.0745749207049613,0.3160087146480995,-2.051673329155758,-1.1195805737742703,-1.1643399191173491,1.275265680350074,-1.275265680350074
JIOFIN,2026-07-08,2026-07,2026-07-07,GOLD-baseline,446.0,0.0,0.0,1.2119950020824666,1.5164174116467422,2.415660141607668,normal,risk_on,Financial Services,242.0,240.0,240.99585062240664,230.86,0.08584134706535886,5.394283746556474,-0.29288911845730214,-4.977617079889806,-4.205819559228643,-4.249300944319483,4.977617079889806,0.29288911845730214,4.205819559228643,4.161412893834773,-4.603305785123961,4.603305785123961
JIOFIN,2026-07-09,2026-07,2026-07-08,GOLD-baseline,291.0,6.388,6.3884,-4.999794247150313,-3.848396501457718,5.349574091601169,normal,risk_off,Financial Services,231.0,231.14,231.06997879430477,233.75,0.06361626613096885,1.4930541899045786,1.363232567956969,-0.12982162194760943,1.1598309826656206,1.1148138088827761,0.12982162194760943,-1.363232567956969,-1.1598309826656206,-1.2045929936322786,1.1904761904761905,-1.1904761904761905
JIOFIN,2026-07-10,2026-07,2026-07-09,GOLD,152.0,8.816,8.8163,1.2518409425625876,-3.810542776017445,1.4944121978688334,normal,neutral,Financial Services,235.0,234.5,234.74973375931842,242.5,0.08799399515206437,4.068162228371824,3.727487184140093,-0.18732023771718526,3.3015016104885935,3.25587143488863,0.18732023771718526,-3.727487184140093,-3.3015016104885935,-3.3464054557342497,3.1914893617021276,-3.1914893617021276
JSWENERGY,2026-07-01,2026-07,2026-06-30,GOLD-baseline,120.0,19.445,9.7223,-0.4876796714579079,1.45673412421492,2.489733059548247,normal,risk_on,Power,583.5,582.75,583.1247588424437,570.0,0.06712086395206322,2.9753495691799072,0.04720107547870732,-2.6108921995811487,-2.2507634332827124,-2.2948044062682578,2.6108921995811487,-0.04720107547870732,2.2507634332827124,2.206227292341845,-2.313624678663239,2.313624678663239
JSWENERGY,2026-07-02,2026-07,2026-07-01,GOLD,353.0,12.923,6.4614,-1.986071704926484,-2.4640657084188837,2.9834064138939085,normal,risk_on,Power,572.0,568.6,570.294932491671,565.75,0.07061881774518282,1.6658047369443783,0.03595815018608132,-1.366824786188132,-0.7969442182861077,-0.8414013121302846,1.366824786188132,-0.03595815018608132,0.7969442182861077,0.7523117967139079,-1.0926573426573427,1.0926573426573427
JSWENERGY,2026-07-03,2026-07,2026-07-02,GOLD,336.0,14.67,7.335,-0.7456140350877161,-2.7168773106353683,1.6666666666666667,normal,risk_on,Power,567.8,565.6,566.6978648314805,549.95,0.0684277290212322,3.5821557234976673,0.13272242851015634,-3.0876885051761773,-2.9553428503671504,-2.999182154404461,3.0876885051761773,-0.13272242851015634,2.9553428503671504,2.9108533709027586,-3.143712574850284,3.143712574850284
JSWENERGY,2026-07-06,2026-07,2026-07-03,GOLD,420.0,5.812,5.8119,-2.7927529827662334,-3.5175438596491198,3.58815731330092,normal,risk_on,Power,550.0,551.8,550.8985296787075,548.0,0.10383872262076646,2.7137483936867857,1.597657253945782,-1.1160911397410038,-0.5261458367656174,-0.5706804401473433,1.1160911397410038,-1.597657253945782,0.5261458367656174,0.4814954812998031,-0.36363636363636365,0.36363636363636365
JSWENERGY,2026-07-07,2026-07,2026-07-06,GOLD-baseline,454.0,0.0,0.0,-0.3545776888808194,-3.137428192664604,2.7184289480861974,normal,risk_on,Power,547.4,548.3,547.8496303732773,544.55,0.09241690135329102,1.8983311155862128,0.4655236556397844,-1.4328074599464284,-0.6022875968774668,-0.6468004065077629,1.4328074599464284,-0.4655236556397844,0.6022875968774668,0.5576422839758576,-0.5206430398246297,0.5206430398246297
JSWENERGY,2026-07-08,2026-07,2026-07-07,GOLD-baseline,460.0,0.0,0.0,-0.6295620437956284,-0.9819074461314804,1.8978102189780977,normal,risk_on,Power,543.6,540.0,541.7940199335548,539.1,0.10105068793808822,2.943923227863634,1.0439354917831947,-1.8999877360804391,-0.4972406181015288,-0.5417834949083721,1.8999877360804391,-1.0439354917831947,0.4972406181015288,0.4525883483587032,-0.8278145695364237,0.8278145695364237
JSWENERGY,2026-07-09,2026-07,2026-07-08,GOLD,231.0,6.974,6.9736,-1.0008263703975673,-1.6240875912408748,2.9290239647415386,normal,risk_off,Power,545.0,548.9,546.943047810586,534.95,0.0727030477142474,3.8486639667993114,0.35779816513760726,-2.805236828953987,-2.1927416133350888,-2.23679919367407,2.805236828953987,-0.35779816513760726,2.1927416133350888,2.1482016298411737,-1.844036697247698,1.844036697247698
JSWENERGY,2026-07-10,2026-07,2026-07-09,GOLD,463.0,0.0,0.0,-0.7698015210536036,-1.7629235148287403,3.9046559079947976,normal,neutral,Power,536.1,538.45,537.2724303196687,553.4,0.07849908581620674,3.4712371131538458,3.2530181513189484,-0.09723750748905743,3.001748976908343,2.956204598305679,0.09723750748905743,-3.2530181513189484,-3.001748976908343,-3.0466329707360877,3.22700988621525,-3.22700988621525
JSWSTEEL,2026-07-01,2026-07,2026-06-30,GOLD,420.0,0.0,0.0,-0.1705375994802804,-0.1624299520831651,1.39678414812409,normal,risk_on,Metals & Mining,1229.6,1224.7,1227.1451085849324,1216.7,0.07694142048051181,1.727587051579138,-0.06071886525233198,-1.3401111628840532,-0.8511714313050528,-0.8956130039109561,1.3401111628840532,0.06071886525233198,0.8511714313050528,0.8065426009842624,-1.0491216655822921,1.0491216655822921
JSWSTEEL,2026-07-02,2026-07,2026-07-01,GOLD,434.0,0.0,0.0,-1.024973562189857,-1.1937631963618631,1.7245586919385054,normal,risk_on,Metals & Mining,1226.0,1220.1,1223.042884591799,1223.1,0.05269424287623135,1.3981521184114003,0.9122423709553539,-0.4859097474560464,0.004669943214616398,-0.04001659344455014,0.4859097474560464,-0.9122423709553539,-0.004669943214616398,-0.04935545248627572,-0.2365415986949503,0.2365415986949503
JSWSTEEL,2026-07-03,2026-07,2026-07-02,GOLD,447.0,0.0,0.0,0.5260129859455898,-0.5043520702839088,1.405440946823386,normal,risk_on,Metals & Mining,1232.0,1233.3,1232.6496572425262,1231.0,0.0675130705165652,1.5495075902367426,1.0181597572135206,-0.531347833023222,-0.13383017898342484,-0.1784770733066151,0.531347833023222,-1.0181597572135206,0.13383017898342484,0.08915384202085819,-0.08116883116883117,0.08116883116883117
JSWSTEEL,2026-07-06,2026-07,2026-07-03,GOLD,439.0,0.0,0.0,0.6458997628975727,1.1753102654721737,1.5616057558662528,normal,risk_on,Metals & Mining,1230.0,1228.5,1229.2495424039048,1242.1,0.05041171135953593,1.5537935415984123,1.2406315455095962,-0.10165083335814859,1.045390472219735,1.0004060542864333,0.10165083335814859,-1.2406315455095962,-1.045390472219735,-1.0901449042491482,0.9837398373983666,-0.9837398373983666
JSWSTEEL,2026-07-07,2026-07,2026-07-06,ENTERPRISE-Dryup,112.0,29.306,9.7687,0.901705930138097,1.5534298095004395,1.5515840779853705,normal,risk_on,Metals & Mining,1236.0,1227.7,1231.8360189958191,1237.6,0.07492786820587835,2.5652765069948127,1.7018483532629982,-0.7497766629155994,0.46791788154396713,0.4230987512804043,0.7497766629155994,-1.7018483532629982,-0.46791788154396713,-0.5126340698735903,0.12944983818769493,-0.12944983818769493
JSWSTEEL,2026-07-08,2026-07,2026-07-07,GOLD-baseline,396.0,0.0,0.0,-0.3622896707189404,0.5361494719740012,2.544078576604131,normal,risk_on,Metals & Mining,1231.0,1229.0,1229.99918699187,1224.5,0.07424086496696665,2.7317091226843226,1.2846197928612513,-1.4470893298230711,-0.44708866884041837,-0.49164590043909084,1.4470893298230711,-1.2846197928612513,0.44708866884041837,0.402433077734601,-0.5280259951259139,0.5280259951259139
JSWSTEEL,2026-07-09,2026-07,2026-07-08,GOLD,402.0,0.0,0.0,-1.0585003232062018,-1.4169551565896388,2.714932126696825,normal,risk_off,Metals & Mining,1224.0,1224.0,1224.0,1227.5,0.06260097041232811,1.6503267973856248,1.3480392156862746,-0.3022875816993501,0.28594771241830064,0.241180666748366,0.3022875816993501,-1.3480392156862746,-0.28594771241830064,-0.33065184959150323,0.28594771241830064,-0.28594771241830064
JSWSTEEL,2026-07-10,2026-07,2026-07-09,GOLD,421.0,0.0,0.0,0.2449979583503569,-0.8160956690368426,1.6496529195590075,normal,neutral,Metals & Mining,1232.3,1237.7,1234.994097165992,1246.9,0.060107200633371854,2.1619536531607713,1.9438070909889984,0.2191024912764797,0.9640453230771973,0.9190841882405542,-0.2191024912764797,-1.9438070909889984,-0.9640453230771973,-1.0087943679427633,1.1847764343098384,-1.1847764343098384
JUBLFOOD,2026-07-01,2026-07,2026-06-30,ENTERPRISE-Dryup,418.0,0.0,0.0,-0.0957166786312413,-1.4865502595563962,1.8904044029672251,normal,risk_on,Consumer Services,418.2,419.05,418.62456852791877,420.45,0.07190329401250337,2.2215609639690266,1.5110034020039524,-0.7105575619650742,0.4360545484705538,0.3912445383213633,0.7105575619650742,-1.5110034020039524,-0.4360545484705538,-0.4807686266190808,0.5380200860832138,-0.5380200860832138
JUBLFOOD,2026-07-02,2026-07,2026-07-01,ENTERPRISE-Dryup,431.0,0.0,0.0,0.7065868263472996,0.6101938262742301,2.227544910179644,normal,risk_on,Consumer Services,423.1,423.5,423.29990550437043,432.0,0.08921390061267409,2.539570611807994,2.2561059833572283,-0.03541354543697243,2.055302725679381,2.0100292446014207,0.03541354543697243,-2.2561059833572283,-2.055302725679381,-2.100124040157692,2.1035216260931167,-2.1035216260931167
JUBLFOOD,2026-07-03,2026-07,2026-07-02,STANDARD,245.0,59.768,8.5383,2.74705672493758,3.473053892215572,2.556784397669164,normal,risk_on,Consumer Services,433.45,435.9,434.67154770805774,428.9,0.07154882398494537,2.231570032854988,0.7427337512577628,-1.4888362815972251,-1.3277951452056305,-1.3721002957123989,1.4888362815972251,-0.7427337512577628,1.3277951452056305,1.2831978797669168,-1.0497173837812923,1.0497173837812923
JUBLFOOD,2026-07-06,2026-07,2026-07-03,ENTERPRISE-Dryup,372.0,40.756,6.7926,-0.7175925925925974,2.0097514567725128,2.245370370370368,normal,risk_on,Consumer Services,431.0,430.5,430.74985490423677,440.0,0.14598556762273787,5.443994869183029,4.457377031509795,-0.9866178376732331,2.147451703221049,2.1021518467098432,0.9866178376732331,-4.457377031509795,-2.147451703221049,-2.1922791203575467,2.088167053364269,-2.088167053364269
JUBLFOOD,2026-07-07,2026-07,2026-07-06,STANDARD,292.0,13.449,6.7247,2.5880158545115384,1.85185185185186,5.467474935882487,normal,risk_on,Consumer Services,439.2,441.3,440.24749574105624,455.1,0.1329505282458123,6.189700171747903,3.896104901192319,-0.48779283512820415,3.373671492200763,3.3280206597042366,0.48779283512820415,-3.896104901192319,-3.373671492200763,-3.4185801169690055,3.620218579234981,-3.620218579234981
JUBLFOOD,2026-07-08,2026-07,2026-07-07,STANDARD,143.0,200.909,8.3712,3.4318181818181914,6.108650034973207,6.193181818181818,normal,risk_on,Consumer Services,447.9,451.7,449.7919742107604,428.25,0.13628558100438906,5.724868711849057,0.44643433061763177,-5.133923132194464,-4.789319384490926,-4.832633756760781,5.133923132194464,-0.44643433061763177,4.789319384490926,4.744951361956484,-4.387139986604148,4.387139986604148
JUBLFOOD,2026-07-09,2026-07,2026-07-08,GOLD-baseline,289.0,6.388,6.3884,-5.899802241265661,-2.670454545454548,5.658097121511756,normal,risk_off,Consumer Services,429.2,432.45,430.8188707711948,428.75,0.1106189117425934,3.3888951925121202,2.734589877113838,-0.6543053153982816,-0.48021823359115245,-0.5247659826470246,0.6543053153982816,-2.734589877113838,0.48021823359115245,0.4355648365238903,-0.10484622553587805,0.10484622553587805
JUBLFOOD,2026-07-10,2026-07,2026-07-09,GOLD,383.0,11.772,5.8861,0.1167542323409209,-5.789936277741159,3.409223584354938,normal,neutral,Consumer Services,434.15,432.95,433.5491696459462,438.1,0.07555477718595652,2.133552696584317,1.6955009647594852,-0.4380517318248316,1.0496687971447836,1.004683154643652,0.4380517318248316,-1.6955009647594852,-1.0496687971447836,-1.0944235125105433,0.9098237936197273,-0.9098237936197273
KALYANKJIL,2026-07-01,2026-07,2026-06-30,STANDARD,78.0,380.933,10.5815,2.737009123363743,3.242094073877233,4.072458019304503,normal,risk_on,Consumer Durables,388.5,388.2,388.34994206257244,383.05,0.10457770734866284,3.5277461166178288,1.274638515751343,-2.2531076008664863,-1.3647335787984949,-1.4090281565651697,2.2531076008664863,-1.274638515751343,1.3647335787984949,1.3201387596444845,-1.4028314028314,1.4028314028314
KALYANKJIL,2026-07-02,2026-07,2026-07-01,ENTERPRISE-Dryup,252.0,156.452,7.8226,-1.4028314028313948,1.2957820970514344,3.526383526383523,normal,risk_on,Consumer Durables,385.25,385.2,385.2249983775716,388.25,0.10532457449168914,2.284379268495666,1.8236100076618047,-0.46076926083386155,0.7852557947092303,0.7403458340841339,0.46076926083386155,-1.8236100076618047,-0.7852557947092303,-0.8299929990594908,0.7787151200519143,-0.7787151200519143
KALYANKJIL,2026-07-03,2026-07,2026-07-02,ENTERPRISE-Dryup,85.0,333.309,11.1103,1.3575251272679667,-0.0643500643500605,2.2973502153765857,normal,risk_on,Consumer Durables,390.0,391.5,390.7485604606526,385.0,0.10654604285264341,4.184276451517823,1.2031879359465556,-2.9810885155712668,-1.4711661263385385,-1.515430240342861,2.9810885155712668,-1.2031879359465556,1.4711661263385385,1.4265783557864213,-1.282051282051282,1.282051282051282
KALYANKJIL,2026-07-06,2026-07,2026-07-03,ENTERPRISE-Dryup,312.0,151.265,7.5632,-0.8370895041854509,0.5090719227254903,4.211204121056012,normal,risk_on,Consumer Durables,384.0,382.65,383.3238113872041,381.25,0.07516704968533687,1.591343876584352,0.5677154792238251,-0.9323217814909271,-0.5410077134783831,-0.585538063004585,0.9323217814909271,-0.5677154792238251,0.5410077134783831,0.49635834225521586,-0.7161458333333333,0.7161458333333333
KALYANKJIL,2026-07-07,2026-07,2026-07-06,ENTERPRISE-Dryup,329.0,30.203,6.0407,-0.9740259740259716,-1.802962009014808,1.5844155844155905,normal,risk_on,Consumer Durables,360.85,360.9,360.8749982680984,356.5,0.15887587566985026,5.181849695807282,0.6304126755302238,-3.4707303992263308,-1.2123306654921462,-1.256668864935085,3.4707303992263308,-0.6304126755302238,1.2123306654921462,1.1677257533027992,-1.2054870444783212,1.2054870444783212
KALYANKJIL,2026-07-08,2026-07,2026-07-07,GOLD-baseline,203.0,182.428,7.6012,-6.491803278688524,-7.402597402597399,4.904918032786882,gap,risk_on,Consumer Durables,360.0,361.3,360.64882850408986,375.0,0.1960981258693221,7.76378509702617,7.140234338961145,-0.6235507580650254,3.9792646923147816,3.9334405232989593,0.6235507580650254,-7.140234338961145,-3.9792646923147816,-4.024213423098295,4.166666666666666,-4.166666666666666
KALYANKJIL,2026-07-09,2026-07,2026-07-08,STANDARD-weak,2.0,931.755,13.3108,5.189340813464227,-1.6393442622950838,7.854137447405329,normal,risk_off,Consumer Durables,380.0,396.7,388.17046478691896,439.75,0.3106940162879741,18.071957133190928,15.413211627505888,0.4970844997545755,13.287856725883291,13.239368195804069,-0.4970844997545755,-15.413211627505888,-13.287856725883291,-13.333421927482819,15.723684210526315,-15.723684210526315
KALYANKJIL,2026-07-10,2026-07,2026-07-09,AVOID,6.0,1624.321,15.4697,17.266666666666673,23.352033660589065,18.70666666666666,extended_move,neutral,Consumer Durables,451.1,449.25,450.1730993502526,480.2,0.26754156314820365,8.307915345004053,7.380916518047104,-0.9269988269569497,6.67007884146922,6.623484491482741,0.9269988269569497,-7.380916518047104,-6.67007884146922,-6.715205774110575,6.450897805364657,-6.450897805364657
KAYNES,2026-07-01,2026-07,2026-06-30,GOLD,250.0,78.209,7.8209,-0.8897754979259598,-3.849107609129732,2.691491719704886,normal,risk_on,Capital Goods,3150.0,3179.7,3164.7803213422435,3149.3,0.11271930849185739,2.306637193985057,1.3656454562200455,-0.9409917377650117,-0.4891436299021796,-0.5336888242775671,0.9409917377650117,-1.3656454562200455,0.4891436299021796,0.4444908239282135,-0.022222222222216446,0.022222222222216446
KAYNES,2026-07-02,2026-07,2026-07-01,GOLD,237.0,95.914,7.9928,0.6166134185303651,-0.2786485545106187,2.3322683706070286,normal,risk_on,Capital Goods,3173.0,3173.0,3173.0,3165.2,0.08355650100966598,1.5222187204538349,0.47589032461392716,-1.0337220296249663,-0.24582414119130735,-0.29043897993067075,1.0337220296249663,-0.47589032461392716,0.24582414119130735,0.20115522114088188,-0.24582414119130735,0.24582414119130735
KAYNES,2026-07-03,2026-07,2026-07-02,GOLD,286.0,89.284,8.1168,0.5048740990061251,1.1246006389776353,1.5336741498110749,normal,risk_on,Capital Goods,3174.9,3192.0,3183.427036705461,3326.0,0.14003792147222233,5.908726596563218,5.640869453706081,0.2221807885962687,4.4786000008999185,4.432632909136061,-0.2221807885962687,-5.640869453706081,-4.4786000008999185,-4.523581800663578,4.759205014331156,-4.759205014331156
KAYNES,2026-07-06,2026-07,2026-07-03,STANDARD-weak,100.0,499.987,11.1108,5.08024769366866,5.610770647445462,5.942752432705672,normal,risk_on,Capital Goods,3339.5,3315.1,3327.2552670333303,3355.0,0.13736956983638715,3.792916078618866,2.120208018471919,-1.6727080601469473,0.8338624704141708,0.788938597294714,1.6727080601469473,-2.120208018471919,-0.8338624704141708,-0.8786028937901365,0.46414133852373113,-0.46414133852373113
KAYNES,2026-07-07,2026-07,2026-07-06,GOLD,119.0,135.348,9.6677,0.8719182200841891,5.996461519019336,3.794347564642221,normal,risk_on,Capital Goods,3358.0,3346.5,3352.2401372212694,3305.7,0.08745650947306535,2.6340595060470102,0.10917662902766972,-2.1042686184093458,-1.3883294548178609,-1.432617278831326,2.1042686184093458,-0.10917662902766972,1.3883294548178609,1.3437361983243357,-1.5574746873138827,1.5574746873138827
KAYNES,2026-07-08,2026-07,2026-07-07,GOLD,110.0,88.08,8.808,-1.4694485842026928,-0.6103427540589346,2.6318926974664736,normal,risk_on,Capital Goods,3282.0,3293.8,3287.8894126950336,3218.0,0.11641566795757216,4.492243547781991,1.5758007889473962,-2.9164427588345943,-2.125661904113322,-2.1697386844091553,2.9164427588345943,-1.5758007889473962,2.125661904113322,2.0811174781985837,-1.9500304692260817,1.9500304692260817
KAYNES,2026-07-09,2026-07,2026-07-08,ENTERPRISE-Dryup,128.0,110.013,7.8581,-2.652993314577845,-4.083457526080481,4.468040052031334,normal,risk_off,Capital Goods,3241.5,3264.8,3253.108279667399,3445.1,0.12865943458516196,6.725875107433267,6.356742615211799,-0.006402481857144884,5.901793110687058,5.855418664052158,0.006402481857144884,-6.356742615211799,-5.901793110687058,-5.946869162837607,6.281042727132498,-6.281042727132498
KAYNES,2026-07-10,2026-07,2026-07-09,AVOID,52.0,584.653,11.0312,7.057178371659423,4.216958586683606,6.799254195152274,normal,neutral,Capital Goods,3447.0,3455.4,3451.1948887343533,3339.0,0.09577689082476712,4.439042271999391,0.3246733849259962,-3.7695607732562073,-3.250899828942961,-3.294654536888522,3.7695607732562073,-0.3246733849259962,3.250899828942961,3.2064299230350324,-3.1331592689295036,3.1331592689295036
KEI,2026-07-01,2026-07,2026-06-30,GOLD-baseline,113.0,315.318,9.8537,-1.4246575342465762,2.5850598745485565,3.9178082191780814,normal,risk_on,Capital Goods,5454.0,5473.0,5463.48348128489,5251.0,0.11111321624492386,5.381182189112389,0.29315580014058973,-4.978206344296035,-3.8891575679280526,-3.9327295899140147,4.978206344296035,-0.29315580014058973,3.8891575679280526,3.844729931277146,-3.722038870553722,3.722038870553722
KEI,2026-07-02,2026-07,2026-07-01,GOLD-baseline,316.0,91.763,7.0587,-2.7052065962571814,-4.091324200913238,5.447470817120623,normal,risk_on,Capital Goods,5273.5,5224.5,5248.88564488474,5274.5,0.09458485754835506,3.029214403917376,1.5072600256086783,-1.521954378308698,0.48799605951069314,0.44317118235056363,1.521954378308698,-1.5072600256086783,-0.48799605951069314,-0.5327135775377303,0.01896273821939888,-0.01896273821939888
KEI,2026-07-03,2026-07,2026-07-02,GOLD-baseline,279.0,180.496,8.2043,0.4475338030851317,-2.269779507133596,3.0279946676823464,normal,risk_on,Capital Goods,5275.0,5246.0,5260.46003231632,5270.0,0.09447010031949195,2.0625572541841852,1.5025295734235662,-0.5600276807606189,0.18135234608899603,0.13661523833238437,0.5600276807606189,-1.5025295734235662,-0.18135234608899603,-0.2260495563294681,-0.09478672985781991,0.09478672985781991
KEI,2026-07-06,2026-07,2026-07-03,ENTERPRISE-Dryup,297.0,154.561,7.7281,-0.0853161437103011,0.3618358407922351,2.05706702057067,normal,risk_on,Capital Goods,5287.0,5271.0,5278.987876491759,5250.0,0.07838894215474652,1.8090588998182382,-0.13237151998165397,-1.5815129423491434,-0.5491180728193633,-0.5936461009498525,1.5815129423491434,0.13237151998165397,0.5491180728193633,0.5044692387128539,-0.6998297711367505,0.6998297711367505
KEI,2026-07-07,2026-07,2026-07-06,ENTERPRISE-Dryup,233.0,134.363,7.9037,-0.3795066413662229,-0.4644990046449915,1.812144212523719,normal,risk_on,Capital Goods,5253.5,5216.0,5234.682840632313,5107.5,0.09389368132201602,3.9352909483073217,-0.2613881499391882,-3.0791328823437025,-2.4296188423318146,-2.473608622249049,3.0791328823437025,0.2613881499391882,2.4296188423318146,2.3850945462692668,-2.779099647853812,2.779099647853812
KEI,2026-07-08,2026-07,2026-07-07,ENTERPRISE-Dryup,272.0,40.473,6.7454,-2.714285714285713,-3.0834914611005737,3.923809523809524,normal,risk_on,Capital Goods,5085.0,5063.0,5073.97615293654,5020.0,0.10759462749003461,2.9661156352281797,0.7099727310033128,-2.256142904224867,-1.0637841272726751,-1.1081648445970624,2.256142904224867,-0.7099727310033128,1.0637841272726751,1.019169377440288,-1.27826941986234,1.27826941986234
KEI,2026-07-09,2026-07,2026-07-08,ENTERPRISE-Dryup,236.0,62.632,6.9591,-1.7131669114047954,-4.380952380952385,2.9466470876162507,normal,risk_off,Capital Goods,5030.5,5037.5,5033.997566547477,4998.0,0.1089571214951839,3.0492664720391716,0.8840376433285583,-2.1652288287106134,-0.7150890732783036,-0.7595695961932155,2.1652288287106134,-0.8840376433285583,0.7150890732783036,0.6704512307672705,-0.6460590398568731,0.6460590398568731
KEI,2026-07-10,2026-07,2026-07-09,ENTERPRISE-Dryup,320.0,62.632,6.9591,-0.4382470119521864,-2.1439060205580063,3.057768924302789,normal,neutral,Capital Goods,5037.0,5058.0,5047.478157503715,5148.0,0.08247444483706773,2.5557317134344637,2.348139779863877,0.20845741512804644,1.9915260524079048,1.9462708258720283,-0.20845741512804644,-2.348139779863877,-1.9915260524079048,-2.0363431432122514,2.20369267421084,-2.20369267421084
KFINTECH,2026-07-01,2026-07,2026-06-30,GOLD,227.0,8.058,8.0583,0.933722861889219,0.5707762557077611,2.3314429741650806,normal,risk_on,Financial Services,879.95,886.05,882.9894648924122,883.85,0.0837589672142733,1.9026274568346009,0.6807029241645736,-1.1086728983346343,0.09745700733730103,0.05274391260791891,1.1086728983346343,-0.6807029241645736,-0.09745700733730103,-0.14214866152506894,0.44320700039774724,-0.44320700039774724
KFINTECH,2026-07-02,2026-07,2026-07-01,GOLD,226.0,8.058,8.0583,0.3234960272417764,1.2602394454946486,1.9069239500567483,normal,risk_on,Financial Services,885.0,880.6,882.7945174444948,870.0,0.14081698381621602,6.3208367176462845,1.3599407697114545,-4.960895947934829,-1.449319993686891,-1.493590360622378,4.960895947934829,-1.3599407697114545,1.449319993686891,1.404730776352793,-1.694915254237288,1.694915254237288
KFINTECH,2026-07-03,2026-07,2026-07-02,GOLD-baseline,340.0,58.309,7.2887,-1.5670079764665945,-1.2485811577752526,6.313288453923171,normal,risk_on,Financial Services,880.0,877.0,878.4974388161638,879.75,0.083986000964827,2.3392213900694596,1.0759918886700688,-1.2632295013993908,0.14257994713383473,0.09785393704588641,1.2632295013993908,-1.0759918886700688,-0.14257994713383473,-0.18727458963341362,-0.028409090909090908,0.028409090909090908
KFINTECH,2026-07-06,2026-07,2026-07-03,ENTERPRISE-Dryup,249.0,123.901,8.2601,1.1206896551724244,-0.4638796175821746,2.362068965517249,normal,risk_on,Financial Services,888.6,881.0,884.7836799276673,882.0,0.09158332659244241,2.0683021641511434,0.3635148506124817,-1.6369741278287857,-0.3146170064862513,-0.35921215491895275,1.6369741278287857,-0.3635148506124817,0.3146170064862513,0.26995264231212285,-0.7427413909520619,0.7427413909520619
KFINTECH,2026-07-07,2026-07,2026-07-06,GOLD,223.0,8.058,8.0583,0.2557544757033181,1.379310344827589,2.080136402387049,normal,risk_on,Financial Services,882.0,877.4,879.6939865863362,869.0,0.07906165595772678,3.046513947878364,-0.1925654389101555,-2.56839161468097,-1.2156484811081152,-1.2599857309059614,2.56839161468097,0.1925654389101555,1.2156484811081152,1.1710437886444252,-1.473922902494331,1.473922902494331
KFINTECH,2026-07-08,2026-07,2026-07-07,ENTERPRISE-Dryup,457.0,0.0,0.0,-1.473922902494329,-1.2219380505825497,3.038548752834462,normal,risk_on,Financial Services,866.6,864.5,865.5487262434291,848.0,0.12300132127402325,5.545615000593319,2.3628102192850027,-3.1828047813083162,-2.0274683228513743,-2.0715732087031977,3.1828047813083162,-2.3628102192850027,2.0274683228513743,1.9829173939685234,-2.1463189476113573,2.1463189476113573
KFINTECH,2026-07-09,2026-07,2026-07-08,GOLD-baseline,305.0,18.746,6.2486,-2.4165707710011475,-3.8548752834467126,5.523590333716916,normal,risk_off,Financial Services,849.0,853.0,850.9952996474736,871.0,0.11211649608760424,4.7415067999453075,4.442410007221776,-0.2990967927235313,2.3507415799844416,2.305383536624969,0.2990967927235313,-4.442410007221776,-2.3507415799844416,-2.3955824601963176,2.5912838633686692,-2.5912838633686692
KFINTECH,2026-07-10,2026-07,2026-07-09,STANDARD,239.0,84.823,7.7112,2.7122641509433887,0.2301495972381939,4.758254716981122,normal,neutral,Financial Services,874.95,878.65,876.7960966012774,904.4,0.10998400657440356,4.122965435193899,3.8724970982806597,0.17722517296164683,3.1482694215591835,3.1026831049957284,-0.17722517296164683,-3.8724970982806597,-3.1482694215591835,-3.193163118849896,3.365906623235605,-3.365906623235605
KOTAKBANK,2026-07-01,2026-07,2026-06-30,GOLD-baseline,419.0,0.0,0.0,-0.2518891687657398,-3.3557046979865723,1.7884130982367816,normal,risk_on,Financial Services,397.35,395.25,396.2972180166541,399.0,0.08274709431018985,2.0565372729054787,1.2876148888664294,-0.7689223840390492,0.6820088207715685,0.6371284121148344,0.7689223840390492,-1.2876148888664294,-0.6820088207715685,-0.7267391874877329,0.4152510381275896,-0.4152510381275896
KOTAKBANK,2026-07-02,2026-07,2026-07-01,GOLD-baseline,384.0,5.812,5.8119,0.7575757575757569,0.5037783375314797,2.058080808080802,normal,risk_on,Financial Services,400.45,401.6,401.0241755501527,398.55,0.06520811307246917,1.9200837429405835,0.9914176481737074,-0.9286660947668763,-0.6169641884453526,-0.6614727972535507,0.9286660947668763,-0.9914176481737074,0.6169641884453526,0.5723198475156966,-0.474466225496311,0.474466225496311
KOTAKBANK,2026-07-03,2026-07,2026-07-02,GOLD,417.0,5.812,5.8119,-0.1127819548872199,0.6439393939394078,1.9298245614035057,normal,risk_on,Financial Services,400.0,399.85,399.9249859348628,396.8,0.04624730819445621,1.7253235588345572,0.13127813555083165,-1.3439985306990063,-0.781393022383388,-0.8258545673841633,1.3439985306990063,-0.13127813555083165,0.781393022383388,0.7367595709176884,-0.7999999999999973,0.7999999999999973
KOTAKBANK,2026-07-06,2026-07,2026-07-03,GOLD,440.0,0.0,0.0,-0.4390917074394651,-0.5513784461152804,1.7312758750470398,normal,risk_on,Financial Services,389.75,387.05,388.39530767250255,381.1,0.08369180141729814,2.3301002409717655,-0.30775543599266564,-1.9813080952541524,-1.8783202392995906,-1.9224678152107768,1.9813080952541524,0.30775543599266564,1.8783202392995906,1.8337594329357585,-2.2193713919178903,2.2193713919178903
KOTAKBANK,2026-07-07,2026-07,2026-07-06,GOLD-baseline,399.0,0.0,0.0,-3.95665322580645,-4.378371597039266,2.280745967741938,normal,risk_on,Financial Services,381.5,380.2,380.8488906393593,382.15,0.050888681122738144,1.1159281553545317,0.5123053811093534,-0.5773656411780218,0.34163401617276906,0.296851031634856,0.5773656411780218,-0.5123053811093534,-0.34163401617276906,-0.3863418412271241,0.1703800786369534,-0.1703800786369534
KOTAKBANK,2026-07-08,2026-07,2026-07-07,GOLD-baseline,398.0,0.0,0.0,0.2755182366832809,-3.6920362903225863,1.1151928627656782,normal,risk_on,Financial Services,378.5,380.1,379.29831268125497,370.45,0.07064150967914268,3.335105793267913,0.40909417913731144,-2.688731360064115,-2.332810978964386,-2.376828467809121,2.688731360064115,-0.40909417913731144,2.332810978964386,2.288280271704279,-2.126816380449144,2.126816380449144
KOTAKBANK,2026-07-09,2026-07,2026-07-08,GOLD-baseline,406.0,0.0,0.0,-3.0616250163548298,-2.794542114930476,3.3102185005887685,normal,risk_off,Financial Services,371.5,371.2,371.3499394102598,377.25,0.08271485220780198,2.571698278762708,1.7773156500905078,-0.7943826286722001,1.588814205573873,1.5436742456390684,0.7943826286722001,-1.7773156500905078,-1.588814205573873,-1.6336046263834514,1.547779273216689,-1.547779273216689
KOTAKBANK,2026-07-10,2026-07,2026-07-09,GOLD-baseline,426.0,0.0,0.0,1.8356053448508547,-1.282219023943476,2.577945741665545,normal,neutral,Financial Services,377.45,378.5,377.97427078510486,378.15,0.05909941309693079,1.1244151595747938,0.8401971933959115,-0.2842179661788823,0.04649237487252766,0.0017938675460373935,0.2842179661788823,-0.8401971933959115,-0.04649237487252766,-0.09118065387654596,0.1854550271559117,-0.1854550271559117
KPITTECH,2026-07-01,2026-07,2026-06-30,GOLD-baseline,181.0,162.692,8.5627,-5.751808413512194,-9.078590785907858,6.552426434440617,normal,risk_on,Information Technology,604.4,604.4,604.4,561.0,0.3452785343978644,8.090668431502312,0.0,-8.090668431502312,-7.180675049636,-7.223304953739243,8.090668431502312,0.0,7.180675049636,7.136465397021837,-7.180675049636,7.180675049636
KPITTECH,2026-07-02,2026-07,2026-07-01,GOLD-baseline,136.0,408.646,9.2874,-16.393442622950815,-21.20233162441183,7.287630402384497,circuit,risk_on,Information Technology,561.0,564.95,562.9680714063679,558.5,0.13204316643215266,3.312798886340008,1.3378962282561302,-1.974902658083878,-0.7936633768956203,-0.838121409801905,1.974902658083878,-1.3378962282561302,0.7936633768956203,0.7490307380464186,-0.4456327985739751,0.4456327985739751
KPITTECH,2026-07-03,2026-07,2026-07-02,GOLD-baseline,219.0,397.401,9.0318,-0.4456327985739805,-16.766020864381524,3.32442067736185,normal,risk_on,Information Technology,565.05,565.85,565.449717039526,557.55,0.08198678252297809,2.122204616677026,0.256483099517152,-1.582760901602933,-1.3970679976437013,-1.4413533204590077,1.582760901602933,-0.256483099517152,1.3970679976437013,1.3524753198689132,-1.3273161667109106,1.3273161667109106
KPITTECH,2026-07-06,2026-07,2026-07-03,GOLD-baseline,193.0,400.041,9.0918,-0.1700984780662606,-0.6149732620320925,2.1486123545210387,normal,risk_on,Information Technology,560.9,554.35,557.6057655234252,559.35,0.13382348872394764,3.344656951761106,0.7880539887262247,-2.556602963034882,0.31280782667974383,0.2680330929467446,2.556602963034882,-0.7880539887262247,-0.31280782667974383,-0.35751374269087355,-0.27634159386699136,0.27634159386699136
KPITTECH,2026-07-07,2026-07,2026-07-06,GOLD-baseline,9.0,756.668,12.8249,0.3228410008071058,0.1521933751119197,3.3449914805846968,normal,risk_on,Information Technology,559.45,560.0,559.724864889008,564.0,0.11087119499651081,1.7955250213857916,1.1925743395937254,-0.6029506817920661,0.7637922449344341,0.7188884277353355,0.6029506817920661,-1.1925743395937254,-0.7637922449344341,-0.8085280278396472,0.8132987755831539,-0.8132987755831539
KPITTECH,2026-07-08,2026-07,2026-07-07,GOLD-baseline,10.0,751.281,12.5214,0.8313220702601098,1.156846919558796,1.7967283454009035,normal,risk_on,Information Technology,562.25,561.25,561.7495549621718,555.25,0.11669972908904316,2.9728550476776987,1.0770716210421498,-1.8957834266355487,-1.1570200465240257,-1.2013740773041892,1.8957834266355487,-1.0770716210421498,1.1570200465240257,1.1124114713336268,-1.2449977767896843,1.2449977767896843
KPITTECH,2026-07-09,2026-07,2026-07-08,GOLD-baseline,32.0,458.046,9.7457,-1.5514184397163122,-0.7329936533476356,2.9609929078014066,normal,risk_off,Information Technology,556.05,550.8,553.4125491258978,549.0,0.06746946374033448,1.8792490369845305,0.35912645588562625,-1.231007344639741,-0.7973344899510064,-0.8417914720892857,1.231007344639741,-0.35912645588562625,0.7973344899510064,0.752702094224938,-1.2678715942810816,1.2678715942810816
KPITTECH,2026-07-10,2026-07,2026-07-09,ENTERPRISE-Dryup,130.0,381.498,9.0833,-1.1256190904997745,-2.659574468085102,1.8730301665916207,normal,neutral,Information Technology,554.05,559.9,556.9596391220432,562.0,0.09898231969900438,2.3969420874094465,1.8745273704957002,-0.4595735385921464,0.9049777621053681,0.8600335339404317,0.4595735385921464,-1.8745273704957002,-0.9049777621053681,-0.9497228951626413,1.4348885479649935,-1.4348885479649935
LAURUSLABS,2026-07-01,2026-07,2026-06-30,STANDARD,102.0,219.434,9.9743,2.043560096800223,4.466313398940214,2.514116698037113,normal,risk_on,Healthcare,1525.0,1526.2,1525.5997640272678,1493.1,0.08907172331406026,3.290509161294206,0.3670842185992965,-2.92342494269491,-2.1302942484387435,-2.1743697028371898,2.92342494269491,-0.3670842185992965,2.1302942484387435,2.0857501293056404,-2.0918032786885306,2.0918032786885306
LAURUSLABS,2026-07-02,2026-07,2026-07-01,GOLD-baseline,245.0,79.2,7.92,-1.6403162055335985,0.3697230438289844,3.3069828722002663,normal,risk_on,Healthcare,1495.2,1496.8,1495.9995721925136,1525.5,0.08847408120955438,3.609626700685378,2.2727565194190467,-1.3368701812663313,1.9719542943619321,1.9267046697720742,1.3368701812663313,-2.2727565194190467,-1.9719542943619321,-2.0167700890070304,2.0264847512038493,-2.0264847512038493
LAURUSLABS,2026-07-03,2026-07,2026-07-02,STANDARD,55.0,301.553,11.5982,2.169981916817365,0.4940711462450675,3.616636528028933,normal,risk_on,Healthcare,1530.0,1532.9,1531.4486271180906,1543.0,0.08568592020233207,2.1548225265708085,1.5378493581093102,-0.6169731684614982,0.7542775302653799,0.7093764364250021,0.6169731684614982,-1.5378493581093102,-0.7542775302653799,-0.7990126830490992,0.8496732026143791,-0.8496732026143791
LAURUSLABS,2026-07-06,2026-07,2026-07-03,GOLD-baseline,125.0,385.907,10.4299,1.1471648639790333,3.3420400509008186,2.1632251720747298,normal,risk_on,Healthcare,1543.5,1547.6,1545.547280903238,1528.7,0.07243060922492849,2.478086595811998,0.3528018304024513,-2.125284765409547,-1.0900527671591025,-1.1344259657157696,2.125284765409547,-0.3528018304024513,1.0900527671591025,1.0454397569936604,-0.9588597343699354,0.9588597343699354
LAURUSLABS,2026-07-07,2026-07,2026-07-06,GOLD-baseline,200.0,24.919,8.3064,-0.9267660401814592,0.2097672894133095,2.4821775761503533,normal,risk_on,Healthcare,1529.0,1531.0,1529.9993464052286,1474.0,0.08096438342495155,4.202616174384284,0.06540222367561484,-3.9607432870875523,-3.660089563881217,-3.7037271510857055,3.9607432870875523,-0.06540222367561484,3.660089563881217,3.6156467569726747,-3.597122302158273,3.597122302158273
LAURUSLABS,2026-07-08,2026-07,2026-07-07,GOLD-baseline,226.0,37.067,7.4133,-3.578203702492322,-4.471808165910563,4.206188264538493,normal,risk_on,Healthcare,1474.9,1482.8,1478.839449572303,1474.9,0.102575545408164,3.171405794832148,1.0995480565790716,-2.0718577382530765,-0.26638791475587514,-0.31099686760858625,2.0718577382530765,-1.0995480565790716,0.26638791475587514,0.22172035656191777,0.0,0.0
LAURUSLABS,2026-07-09,2026-07,2026-07-08,ENTERPRISE-Dryup,242.0,61.839,6.871,0.06105834464043,-3.519330149800481,3.1818181818181723,normal,risk_off,Healthcare,1468.1,1483.4,1475.710343892936,1510.0,0.0959513443508101,4.37755283530673,3.3129574722701096,0.4533176944072081,2.3236034259004823,2.2782531501863006,-0.4533176944072081,-3.3129574722701096,-2.3236034259004823,-2.368442508860966,2.8540290170969342,-2.8540290170969342
LAURUSLABS,2026-07-10,2026-07,2026-07-09,STANDARD,145.0,204.75,8.9022,2.379822360838024,2.442333785617379,4.37995796325174,normal,neutral,Healthcare,1517.0,1513.4,1515.1978616684266,1535.5,0.08449050573000402,2.897311375008184,2.164874909172193,-0.7324364658359909,1.3399001440787481,1.2948314298201091,0.7324364658359909,-2.164874909172193,-1.3399001440787481,-1.3846740803056898,1.2195121951219512,-1.2195121951219512
LICHSGFIN,2026-07-01,2026-07,2026-06-30,GOLD-baseline,148.0,64.587,9.2267,1.234126274369518,2.778282186308334,2.378823108567332,normal,risk_on,Financial Services,566.0,564.65,565.3241940476717,553.0,0.08042786882958422,3.7942830372109015,-0.11925795053003235,-3.2325158272158974,-2.180022397313567,-2.2240836182228736,3.2325158272158974,0.11925795053003235,2.180022397313567,2.1354815714768516,-2.2968197879858656,2.2968197879858656
LICHSGFIN,2026-07-02,2026-07,2026-07-01,GOLD-baseline,385.0,5.812,5.8119,-2.296819787985871,-1.0910391700947986,3.789752650176687,normal,risk_on,Financial Services,555.0,554.1,554.5496348390587,552.5,0.05305405580101409,1.5688406327280258,0.9287473721691374,-0.6400932605588884,-0.36960349629543704,-0.4141829061651064,0.6400932605588884,-0.9287473721691374,0.36960349629543704,0.3249427736565827,-0.45045045045045046,0.45045045045045046
LICHSGFIN,2026-07-03,2026-07,2026-07-02,GOLD,397.0,12.984,6.4919,-0.0904159132007254,-2.385159010600701,1.573236889692594,normal,risk_on,Financial Services,555.8,553.35,554.5722940990848,554.0,0.06965323651965949,2.019574385372911,1.6999958348497515,-0.3195785505231594,-0.10319558066176882,-0.1478512434034983,0.3195785505231594,-1.6999958348497515,0.10319558066176882,0.05851721489229372,-0.32385750269880437,0.32385750269880437
LICHSGFIN,2026-07-06,2026-07,2026-07-03,ENTERPRISE-Dryup,341.0,7.172,7.1719,0.2714932126696823,0.1808318264014508,2.0271493212669767,normal,risk_on,Financial Services,555.95,554.9,555.4245037583833,546.95,0.05316771241376131,2.061486290669817,-0.09443295260366137,-1.6608024485711175,-1.5257705954704734,-1.5700190802560143,1.6608024485711175,0.09443295260366137,1.5257705954704734,1.481186441153929,-1.6188506160625955,1.6188506160625955
LICHSGFIN,2026-07-07,2026-07,2026-07-06,ENTERPRISE-Dryup,400.0,0.0,0.0,-1.2725631768953027,-1.0045248868778225,2.066787003610096,normal,risk_on,Financial Services,548.0,549.0,548.4995442114858,542.9,0.060657291616334014,1.2944404557722775,0.200630210203033,-1.0938102455692444,-1.020884022708839,-1.065277019158555,1.0938102455692444,-0.200630210203033,1.020884022708839,0.9762664317741269,-0.9306569343065735,0.9306569343065735
LICHSGFIN,2026-07-08,2026-07,2026-07-07,ENTERPRISE-Dryup,394.0,0.0,0.0,-0.740469878416683,-2.003610108303256,1.2981076880884947,normal,risk_on,Financial Services,543.0,541.45,542.2238922956337,530.9,0.09015810460123164,3.006138281917093,0.38288753665511255,-2.6232507452619807,-2.088416327006795,-2.132503767955181,2.6232507452619807,-0.38288753665511255,2.088416327006795,2.043869434466467,-2.22836095764273,2.22836095764273
LICHSGFIN,2026-07-09,2026-07,2026-07-08,ENTERPRISE-Dryup,404.0,0.0,0.0,-2.210351814330447,-2.934454703354983,3.0023945477988496,normal,risk_off,Financial Services,531.5,534.0,532.7470671046457,540.85,0.059917104946952224,2.1116962804020845,1.8776138833983442,0.20702749268025483,1.5209718449304408,1.4758513032431537,-0.20702749268025483,-1.8776138833983442,-1.5209718449304408,-1.5657577728118433,1.759172154280343,-1.759172154280343
LICHSGFIN,2026-07-10,2026-07,2026-07-09,ENTERPRISE-Dryup,438.0,0.0,0.0,1.874175927670008,-0.3776017682814436,2.1190431343002447,normal,neutral,Financial Services,541.0,545.8,543.3894000736105,553.0,0.07288401492471915,2.337182138311795,1.897460628601288,0.3148018577759798,1.7686395658596854,1.7234481352313076,-0.3148018577759798,-1.897460628601288,-1.7686395658596854,-1.813441895783574,2.2181146025878005,-2.2181146025878005
LICI,2026-07-01,2026-07,2026-06-30,GOLD-baseline,201.0,58.296,8.328,0.3011001737116325,2.3154164205552386,1.8529241459177763,normal,risk_on,Financial Services,433.05,433.3,433.1749639291279,434.8,0.06767070955660807,2.077682403056077,1.5755841494082174,-0.5020982536478599,0.37514542764248643,0.330352851267314,0.5020982536478599,-1.5755841494082174,-0.37514542764248643,-0.4198554720235775,0.4041103798637571,-0.4041103798637571
LICI,2026-07-02,2026-07,2026-07-01,ENTERPRISE-Dryup,259.0,62.174,7.7718,0.4041103798637646,0.7064273306311541,2.0782819535850363,normal,risk_on,Financial Services,434.7,434.2,434.449856139947,432.2,0.055090460734765305,1.2659688850784923,0.12663000166256508,-1.0127419949080754,-0.5178632489228517,-0.5624002229965656,1.0127419949080754,-0.12663000166256508,0.5178632489228517,0.4732123449343749,-0.5751092707614447,0.5751092707614447
LICI,2026-07-03,2026-07,2026-07-02,ENTERPRISE-Dryup,328.0,59.835,7.4794,-0.5979760809567636,-0.1962821845052587,1.264949402023919,normal,risk_on,Financial Services,432.5,431.65,432.07458195915063,430.0,0.06158073233459579,1.2613563092020175,0.4340496106819494,-0.7115859362079561,-0.4801444115837323,-0.5246921817693824,0.7115859362079561,-0.4340496106819494,0.4801444115837323,0.43549100962753384,-0.5780346820809248,0.5780346820809248
LICI,2026-07-06,2026-07,2026-07-03,ENTERPRISE-Dryup,247.0,41.569,8.3137,-0.509023600185099,-1.103955841766335,1.2609902822767212,normal,risk_on,Financial Services,430.0,430.55,430.27482424031143,428.95,0.0662534827752112,1.5339033631941759,1.0168328503563526,-0.5170705128378231,-0.3079018724022579,-0.3524989428809277,0.5170705128378231,-1.0168328503563526,0.3079018724022579,0.26323706351165965,-0.24418604651163053,0.24418604651163053
LICI,2026-07-07,2026-07,2026-07-06,ENTERPRISE-Dryup,198.0,41.569,8.3137,-0.2441860465116296,-0.7519666820916204,1.5348837209302246,normal,risk_on,Financial Services,428.7,431.1,429.8966503838102,435.6,0.07138393231115332,2.1516799425493622,1.8733222529181814,0.058932679741419365,1.3266792404867298,1.2816143103944422,-0.058932679741419365,-1.8733222529181814,-1.3266792404867298,-1.3714523011461104,1.609517144856551,-1.609517144856551
LICI,2026-07-08,2026-07,2026-07-07,ENTERPRISE-Dryup,145.0,41.569,8.3137,1.550297237440268,1.3023255813953585,2.1564284881687845,normal,risk_on,Financial Services,434.8,432.4,433.5966789667896,429.0,0.0903968535948615,3.5401562660897876,1.6497637966821854,-1.8903924694076022,-1.0601278076536416,-1.104509571511768,1.8903924694076022,-1.6497637966821854,1.0601278076536416,1.0155128156778312,-1.3339466421343171,1.3339466421343171
LICI,2026-07-09,2026-07,2026-07-08,ENTERPRISE-Dryup,89.0,41.569,8.3137,-1.515151515151525,0.0116563702063254,3.5238751147842104,normal,risk_off,Financial Services,427.9,430.3,429.0966441388954,439.0,0.07041362921928779,3.146144390639921,2.7507453209734107,0.2804393549894808,2.307954628957427,2.262608832335799,-0.2804393549894808,-2.7507453209734107,-2.307954628957427,-2.3527926755606843,2.594064033652728,-2.594064033652728
LICI,2026-07-10,2026-07,2026-07-09,STANDARD,176.0,84.352,8.4352,2.331002331002341,0.7805325987144007,3.146853146853147,normal,neutral,Financial Services,440.0,442.3,441.1470021534625,443.25,0.07378720889839294,1.9947999095636475,1.1000863256119975,-0.8947135839516498,0.47671135387335856,0.4318897066893848,0.8947135839516498,-1.1000863256119975,-0.47671135387335856,-0.5214281245594802,0.7386363636363636,-0.7386363636363636
LODHA,2026-07-01,2026-07,2026-06-30,GOLD-baseline,99.0,100.345,10.0345,1.895431796400815,0.736919675755332,2.933659887125967,normal,risk_on,Realty,964.25,961.45,962.8479643765902,993.0,0.10054923539589021,4.237429117526007,3.3496498737775147,-0.8877792437484923,3.1315469044930864,3.085965374348801,0.8877792437484923,-3.3496498737775147,-3.1315469044930864,-3.1764394943183833,2.9815919108115114,-2.9815919108115114
LODHA,2026-07-02,2026-07,2026-07-01,STANDARD,55.0,376.041,10.744,3.772599017661205,5.739537855393451,4.263768418852552,normal,risk_on,Realty,993.5,1000.75,997.1118214867745,1002.0,0.09452467987177726,2.3568068789877143,1.7538833796142586,-0.6029234993734557,0.4902337338591415,0.4454082162184339,0.6029234993734557,-1.7538833796142586,-0.4902337338591415,-0.5349514000784,0.8555611474584801,-0.8555611474584801
LODHA,2026-07-03,2026-07,2026-07-02,GOLD-baseline,51.0,564.293,11.7561,0.9063444108761364,4.713136168878673,2.3665659617321246,normal,risk_on,Realty,1015.0,1019.9,1017.4441004471964,1061.1,0.11389002033314838,4.619418401398379,4.379198772022949,-0.0387343586761435,4.290741823911056,4.2448285020417655,0.0387343586761435,-4.379198772022949,-4.290741823911056,-4.335711182579087,4.541871921182257,-4.541871921182257
LODHA,2026-07-06,2026-07,2026-07-03,STANDARD-weak,21.0,1123.551,14.7836,5.898203592814366,6.858006042296072,4.69061876247505,extended_move,risk_on,Realty,1063.95,1065.3,1064.6245720324057,1096.0,0.12984600662194595,4.658919332033826,3.2006989940635284,-1.458220337970298,2.9470884659084575,2.9015597325652145,1.458220337970298,-3.2006989940635284,-2.9470884659084575,-2.991968839789201,3.0123596033648155,-3.0123596033648155
LODHA,2026-07-07,2026-07,2026-07-06,STANDARD,71.0,274.405,10.5541,3.2890396758081364,9.381237524950103,4.674394496277461,extended_move,risk_on,Realty,1095.9,1099.25,1097.5724437965516,1101.0,0.09740190552996343,1.9497574051673818,0.9136122412806323,-1.0361451638867492,0.3122851910888275,0.26751060694772294,1.0361451638867492,-0.9136122412806323,-0.3122851910888275,-0.3569910724878926,0.46537092800437163,-0.46537092800437163
LODHA,2026-07-08,2026-07,2026-07-07,GOLD-baseline,42.0,236.27,10.7395,0.4562043795620418,3.760248798416743,1.9525547445255351,extended_move,risk_on,Realty,1093.95,1091.0,1092.4730085356643,1119.9,0.15261827649668935,6.3617132374882965,5.723435817251537,-0.22636793003967529,2.5105417937142906,2.465138011378843,0.22636793003967529,-5.723435817251537,-2.5105417937142906,-2.555393256855121,2.3721376662553175,-2.3721376662553175
LODHA,2026-07-09,2026-07,2026-07-08,GOLD-baseline,8.0,528.941,11.2541,1.716621253405992,2.18065693430658,6.31244323342416,extended_move,risk_off,Realty,1107.8,1109.35,1108.5744582008433,1203.0,0.16149810514887658,10.64430080695776,10.051245631258215,-0.5344213153222288,8.517744667543962,8.470621467558749,0.5344213153222288,-10.051245631258215,-8.517744667543962,-8.562993963702315,8.593608954684965,-8.593608954684965
LODHA,2026-07-10,2026-07,2026-07-09,AVOID,8.0,1302.509,14.8012,7.42030538440932,9.26430517711172,10.536655058487364,extended_move,neutral,Realty,1190.0,1149.9,1169.606393435617,1216.9,0.14532461555915724,7.357175925418427,4.753189352965282,-2.6039865724531452,4.043548909258453,3.9977063404283513,2.6039865724531452,-4.753189352965282,-4.043548909258453,-4.088501897328517,2.26050420168068,-2.26050420168068
LT,2026-07-01,2026-07,2026-06-30,GOLD,424.0,0.0,0.0,-0.5066026410564306,-1.4061384725196358,1.4333733493397316,normal,risk_on,Construction,4130.1,4132.7,4131.399590937697,4092.1,0.050718702818784205,1.4934406280946628,0.2323766764987213,-1.217495181246336,-0.9512415846654412,-0.9956545145916287,1.217495181246336,-0.2323766764987213,0.9512415846654412,0.9066193815906273,-0.9200745744655202,0.9200745744655202
LT,2026-07-02,2026-07,2026-07-01,GOLD,386.0,5.812,5.8119,-1.2500301648205705,-1.7503001200480206,1.4889355438113925,normal,risk_on,Construction,4100.0,4084.9,4092.436071302032,4057.0,0.053129500996081484,2.394661719634896,-0.11572743518813915,-1.9654814369877427,-0.8658918718492704,-0.9103292310823585,1.9654814369877427,0.11572743518813915,0.8658918718492704,0.8212640164043755,-1.048780487804878,1.048780487804878
LT,2026-07-03,2026-07,2026-07-02,GOLD-baseline,446.0,0.0,0.0,-0.8577502993572961,-2.097058326697065,2.394858385669949,normal,risk_on,Construction,4080.0,4077.8,4078.899703351394,4027.7,0.040686475353594126,1.8387311641513735,0.27949440971150724,-1.468526017008403,-1.255233201966848,-1.2995591215883817,1.468526017008403,-0.27949440971150724,1.255233201966848,1.2106311310408815,-1.2818627450980435,1.2818627450980435
LT,2026-07-06,2026-07,2026-07-03,GOLD,438.0,0.0,0.0,-0.7222085284693147,-1.573764082011686,1.8486566428395368,normal,risk_on,Construction,4027.7,4038.5,4033.092769829659,4039.5,0.05194488108584401,1.2769356654837163,0.8655201395681066,-0.41141552591560965,0.15886642177614713,0.11413575007570784,0.41141552591560965,-0.8655201395681066,-0.15886642177614713,-0.20356214286379568,0.2929711746157902,-0.2929711746157902
LT,2026-07-07,2026-07,2026-07-06,ENTERPRISE-Dryup,402.0,0.0,0.0,0.292971174615797,-0.4313532166625555,1.2786453807383868,normal,risk_on,Construction,4044.5,4038.7,4041.597919140934,3987.0,0.04950429405607134,1.7641537190605894,0.007474292720590344,-1.6478115951497223,-1.3508993282671553,-1.3951978657560227,1.6478115951497223,-0.007474292720590344,1.3508993282671553,1.3063035929260691,-1.4216837680801089,1.4216837680801089
LT,2026-07-08,2026-07,2026-07-07,ENTERPRISE-Dryup,397.0,0.0,0.0,-1.2996658002228043,-1.010502271767999,1.7650699343978262,normal,risk_on,Construction,3950.0,3938.1,3944.0410238206914,3900.1,0.06959610089809674,2.966500583877273,1.1145669102783426,-1.851933673598931,-1.1141117335063804,-1.1584780457613457,1.851933673598931,-1.1145669102783426,1.1141117335063804,1.0695003166700436,-1.2632911392405086,1.2632911392405086
LT,2026-07-09,2026-07,2026-07-08,GOLD,408.0,0.0,0.0,-2.179583646852268,-3.450922143829682,2.9345372460496613,normal,risk_off,Construction,3916.0,3908.9,3912.4467788725733,3883.0,0.056993162439522585,2.031976522448928,0.8908292712283316,-1.141147251220596,-0.7526435639096107,-0.7971133377528872,1.141147251220596,-0.8908292712283316,0.7526435639096107,0.7080082084822742,-0.8426966292134831,0.8426966292134831
LT,2026-07-10,2026-07,2026-07-09,GOLD-baseline,434.0,0.0,0.0,-0.4384502961462533,-2.6084775520441417,2.03840927155714,normal,neutral,Construction,3905.0,3915.9,3910.4424043268677,3948.1,0.04457713134071551,1.2479406408339742,1.1087644616669885,0.014259145525715467,0.9630009032089154,0.9180400673123935,-0.014259145525715467,-1.1087644616669885,-0.9630009032089154,-1.0077498789067314,1.1037131882202282,-1.1037131882202282
LTF,2026-07-01,2026-07,2026-06-30,STANDARD,16.0,204.453,12.0267,3.1270791749833604,3.7830599263475095,4.773785761809721,normal,risk_on,Financial Services,312.7,312.7,312.7,313.1,0.09308134052598438,2.030700351774853,1.0233450591621327,-1.0073552926127205,0.12791813239527794,0.08319631889991497,1.0073552926127205,-1.0233450591621327,-0.12791813239527794,-0.17261180390151395,0.12791813239527794,-0.12791813239527794
LTF,2026-07-02,2026-07,2026-07-01,GOLD-baseline,45.0,239.539,10.8881,1.0000000000000009,4.15834996673321,2.0483870967741824,extended_move,risk_on,Financial Services,314.0,314.35,314.17490252247956,315.0,0.06855961917322624,1.5118967052628056,0.5809176553782351,-0.9309790498845706,0.2626236121650129,0.21786324245899735,0.9309790498845706,-0.5809176553782351,-0.2626236121650129,-0.30732620467635213,0.3184713375796179,-0.3184713375796179
LTF,2026-07-03,2026-07,2026-07-02,GOLD,102.0,260.668,10.8612,0.6068348770360776,1.6129032258064502,1.5170871925902267,extended_move,risk_on,Financial Services,318.0,319.2,318.59887005649716,327.55,0.10681208265117925,3.531085969641084,3.264647467725923,0.12590438360051476,2.8095297205277423,2.7640403600739547,-0.12590438360051476,-3.264647467725923,-2.8095297205277423,-2.854400984443014,3.0031446540880538,-3.0031446540880538
LTF,2026-07-06,2026-07,2026-07-03,STANDARD,39.0,811.833,13.5306,3.984126984126979,4.615138933248164,3.571428571428571,extended_move,risk_on,Financial Services,330.0,328.9,329.449081803005,336.2,0.10968756927087508,3.4147917300091217,2.079507449072668,-1.3352842809364533,2.0491537448059134,2.0038820237261525,1.3352842809364533,-2.079507449072668,-2.0491537448059134,-2.0939746520618168,1.8787878787878753,-1.8787878787878753
LTF,2026-07-07,2026-07,2026-07-06,STANDARD,30.0,205.123,11.3957,2.6408181956953047,6.73015873015872,3.43459013891009,extended_move,risk_on,Financial Services,335.9,337.65,336.77272659787695,334.1,0.084889246803259,2.2121743869406947,0.5425835460556526,-1.6695908408850417,-0.7936291708883828,-0.8380872135853161,1.6695908408850417,-0.5425835460556526,0.7936291708883828,0.7489965297738541,-0.5358737719559258,0.5358737719559258
LTF,2026-07-08,2026-07,2026-07-07,GOLD,90.0,64.378,9.1968,-0.6246281975014756,1.9996947030987755,2.215942891136242,extended_move,risk_on,Financial Services,330.2,327.6,328.8948616600791,314.75,0.1322866162651136,5.396861450011056,0.5792545162623871,-4.817606933748668,-4.30072442867719,-4.344178649526868,4.817606933748668,-0.5792545162623871,4.30072442867719,4.256324048453204,-4.678982434887943,4.678982434887943
LTF,2026-07-09,2026-07,2026-07-08,GOLD-baseline,105.0,40.595,8.1189,-5.791679137982642,-6.380130874479473,5.312780604609398,extended_move,risk_off,Financial Services,314.75,316.45,315.59771070975916,320.7,0.12974154926949136,4.768729141334238,2.741556417117981,-2.027172724216257,1.6167066861055834,1.5715587426176463,2.027172724216257,-2.741556417117981,-1.6167066861055834,-1.6614989541225775,1.890389197776009,-1.890389197776009
LTF,2026-07-10,2026-07,2026-07-09,GOLD-baseline,115.0,141.055,9.4037,1.890389197775999,-4.010775217000906,4.781572676727565,extended_move,neutral,Financial Services,323.0,323.4,323.19987623762376,322.0,0.09284318890440393,3.0167090759748874,1.7172419206917238,-1.2994671552831638,-0.3712489780601213,-0.41582791695012705,1.2994671552831638,-1.7172419206917238,0.3712489780601213,0.3265883643949423,-0.30959752321981426,0.30959752321981426
LTM,2026-07-01,2026-07,2026-06-30,GOLD-baseline,202.0,133.047,8.3154,-4.074725869771223,-5.8213716108452935,4.735345877893599,normal,risk_on,Information Technology,3554.6,3564.4,3559.4932546706,3546.7,0.08018996414226993,2.0649006681936184,1.382408725310353,-0.6824919428832655,-0.35941224649923004,-0.40399457336956357,0.6824919428832655,-1.382408725310353,0.35941224649923004,0.3147508489346667,-0.22224722894278096,0.22224722894278096
LTM,2026-07-02,2026-07,2026-07-01,GOLD,174.0,166.569,8.7668,0.1044312729325369,-3.974549884932999,2.0745131244707875,normal,risk_on,Information Technology,3570.1,3635.0,3602.257706346893,3672.3,0.09488358644512226,3.4395096103673564,2.5467998442050486,0.35373076253417723,1.9443998559486242,1.8991581181554555,-0.35373076253417723,-2.5467998442050486,-1.9443998559486242,-1.9892138257734842,2.862664911347029,-2.862664911347029
LTM,2026-07-03,2026-07,2026-07-02,STANDARD,190.0,199.232,9.4872,3.541320100375001,3.6494496189669823,3.493388220035529,normal,risk_on,Information Technology,3720.0,3749.9,3734.8901591721446,3757.1,0.08031645127995377,2.2169326665915436,1.4219920416515646,-0.639648240082113,0.5946584740467488,0.5498030673303562,0.639648240082113,-1.4219920416515646,-0.5946584740467488,-0.639383055898851,0.9973118279569868,-0.9973118279569868
LTM,2026-07-06,2026-07,2026-07-03,STANDARD,121.0,349.81,10.6003,2.3091795332625287,5.9322750726027,2.254717751817666,normal,risk_on,Information Technology,3757.8,3750.3,3754.04625404563,3742.0,0.07496345920969821,1.4357841207181072,0.1585954341386629,-1.0134732358353002,-0.32088720357795836,-0.36548055731722706,1.0134732358353002,-0.1585954341386629,0.32088720357795836,0.2762232546539025,-0.42045877907286655,0.42045877907286655
LTM,2026-07-07,2026-07,2026-07-06,ENTERPRISE-Dryup,125.0,86.522,9.6136,-0.4019057251603564,1.897993083353744,1.4346171249101725,normal,risk_on,Information Technology,3735.0,3765.0,3749.94,3843.7,0.10344035080938557,3.98939716368795,3.5909907891859563,0.4016064257028098,2.5003066715734055,2.4549058187960275,-0.4016064257028098,-3.5909907891859563,-2.5003066715734055,-2.5451574568830373,2.9103078982597004,-2.9103078982597004
LTM,2026-07-08,2026-07,2026-07-07,STANDARD,26.0,101.141,11.2378,2.717797969000535,2.30496925820447,3.9978621058257593,normal,risk_on,Information Technology,3850.0,3849.7,3849.849994155616,3790.0,0.08763521744139095,2.6494538788483775,0.6428823429992432,-2.006571535849134,-1.554605874163232,-1.5988461055422938,2.006571535849134,-0.6428823429992432,1.554605874163232,1.5100236294918543,-1.5584415584415585,1.5584415584415585
LTM,2026-07-09,2026-07,2026-07-08,ENTERPRISE-Dryup,27.0,49.311,9.8622,-1.3970913442776456,1.282736504543025,2.6536930561698364,normal,risk_off,Information Technology,3790.0,3738.7,3764.1752228140317,3872.7,0.09368172281023611,4.3462376301838415,3.0504631264250044,-1.295774503758837,2.883095784920365,2.8375853679462306,1.295774503758837,-3.0504631264250044,-2.883095784920365,-2.9279719208218173,2.182058047493399,-2.182058047493399
LTM,2026-07-10,2026-07,2026-07-09,STANDARD,113.0,151.67,9.4794,2.182058047493407,0.7544813591071176,4.316622691292873,normal,neutral,Information Technology,3903.1,3993.5,3947.782551984398,4060.0,0.1305841711836505,4.640579808731163,3.430215474951438,-1.2103643337797252,2.8425437961164914,2.797044986175904,1.2103643337797252,-3.430215474951438,-2.8425437961164914,-2.887417246421933,4.01988163254849,-4.01988163254849
LUPIN,2026-07-01,2026-07,2026-06-30,GOLD-baseline,354.0,5.926,5.9259,0.7998000499875202,3.035980413029593,2.3244188952761884,normal,risk_on,Healthcare,2428.0,2439.9,2433.9354547135317,2397.2,0.06221897593320408,2.111806206711827,0.24505766062602416,-1.7229485125548423,-1.5093027484517079,-1.5535559467632296,1.7229485125548423,-0.24505766062602416,1.5093027484517079,1.4647175035355269,-1.2685337726523962,1.2685337726523962
LUPIN,2026-07-02,2026-07,2026-07-01,GOLD,432.0,0.0,0.0,-0.9339614844202204,-0.1416312588519597,2.124142491114972,normal,risk_on,Healthcare,2420.0,2400.8,2410.3617656820443,2395.0,0.04824539472954241,1.7051382321595434,-0.22244651231957688,-1.1476188377978687,-0.6373219945968343,-0.6818247764716088,1.1476188377978687,0.22244651231957688,0.6373219945968343,0.5926790018832484,-1.0330578512396695,1.0330578512396695
LUPIN,2026-07-03,2026-07,2026-07-02,GOLD,449.0,0.0,0.0,-0.0917737360253578,-1.02487808909828,1.7145002502920226,normal,risk_on,Healthcare,2420.0,2413.8,2416.8960238321815,2476.1,0.07774149727262476,3.0369531529791893,2.652326601380911,-0.16947455710927822,2.4495872219585912,2.404200886406399,0.16947455710927822,-2.652326601380911,-2.4495872219585912,-2.4944346483219526,2.3181818181818143,-2.3181818181818143
LUPIN,2026-07-06,2026-07,2026-07-03,STANDARD,194.0,45.412,9.0825,3.3862212943632564,3.291339896545975,3.064718162839252,normal,risk_on,Healthcare,2489.9,2496.4,2493.1457633916934,2488.5,0.0676999112587851,1.2233540632821878,0.4594290785759773,-0.7639249847062104,-0.18634142695986236,-0.23097329119858934,0.7639249847062104,-0.4594290785759773,0.18634142695986236,0.1416685676072042,-0.05622715771718105,0.05622715771718105
LUPIN,2026-07-07,2026-07,2026-07-06,ENTERPRISE-Dryup,415.0,0.0,0.0,0.5007875287750929,3.9039665970772353,1.2317757764226,normal,risk_on,Healthcare,2497.8,2490.0,2493.8939011187294,2489.1,0.06329443791439371,1.507682423183,0.9265068923303212,-0.5811755308526787,-0.19222554402090053,-0.2368557240723376,0.5811755308526787,-0.9265068923303212,0.19222554402090053,0.14755307434977885,-0.348306509728572,0.348306509728572
LUPIN,2026-07-08,2026-07,2026-07-07,ENTERPRISE-Dryup,400.0,0.0,0.0,0.0241109101868586,0.5250191833932494,1.5109503717098616,normal,risk_on,Healthcare,2492.5,2509.1,2500.772452815099,2459.1,0.07854304877572457,3.2469967392912578,1.04477907038242,-2.202217668908838,-1.6663832316366336,-1.7105914694297752,2.202217668908838,-1.04477907038242,1.6663832316366336,1.621808389532532,-1.3400200601805452,1.3400200601805452
LUPIN,2026-07-09,2026-07,2026-07-08,GOLD-baseline,407.0,0.0,0.0,-1.2052549114137667,-1.181434599156117,3.262223293559932,normal,risk_off,Healthcare,2459.0,2469.6,2464.2886012255,2505.8,0.07026762599070804,2.7472431583838173,2.370314854577169,-0.3769283038066485,1.6845185565463618,1.6393512035379958,0.3769283038066485,-2.370314854577169,-1.6845185565463618,-1.7293153154722878,1.9032126880845945,-1.9032126880845945
LUPIN,2026-07-10,2026-07,2026-07-09,GOLD,431.0,0.0,0.0,1.8990687649953264,0.6709252340203475,2.7530397299825067,normal,neutral,Healthcare,2503.4,2494.5,2498.9420756717823,2496.0,0.05668693635553009,1.5926739714165195,0.9147040481949981,-0.6779699232215214,-0.11773284784887894,-0.16238434964677054,0.6779699232215214,-0.9147040481949981,0.11773284784887894,0.07305544482446058,-0.2955979867380399,0.2955979867380399
M&M,2026-07-01,2026-07,2026-06-30,GOLD-baseline,421.0,0.0,0.0,-0.927536231884063,-3.4251090949047325,1.967793880837356,normal,risk_on,Automobile and Auto Components,3088.0,3122.0,3104.90692431562,3132.0,0.07839635744458809,2.5218147245189635,1.9772919826868032,0.4571175893624674,0.872588980758314,0.8276540231047075,-0.4571175893624674,-1.9772919826868032,-0.872588980758314,-0.9173319688361538,1.4248704663212435,-1.4248704663212435
M&M,2026-07-02,2026-07,2026-07-01,GOLD,433.0,0.0,0.0,1.8139262726740932,0.8695652173912993,2.5453481568168583,normal,risk_on,Automobile and Auto Components,3136.8,3140.5,3138.648909563029,3187.0,0.0667211944287695,2.501076172005775,1.6360890280053708,-0.8649871440004039,1.5405064991389081,1.4953803661256857,0.8649871440004039,-1.6360890280053708,-1.5405064991389081,-1.58529372072232,1.600357051772501,-1.600357051772501
M&M,2026-07-03,2026-07,2026-07-02,GOLD,189.0,56.968,9.4946,1.7560664112388211,3.6018464339119705,2.5063856960408684,normal,risk_on,Automobile and Auto Components,3194.0,3149.3,3171.492503901755,3137.4,0.06327992000586968,2.1977034444902777,-0.0754377914755131,-1.3934292402516,-1.0749671916238859,-1.119344708064496,1.3934292402516,0.0754377914755131,1.0749671916238859,1.0303531824011183,-1.7720726361928587,1.7720726361928587
M&M,2026-07-06,2026-07,2026-07-03,ENTERPRISE-Dryup,392.0,6.476,6.4757,-1.556322560401624,0.172413793103443,2.187009727015997,normal,risk_on,Automobile and Auto Components,3157.9,3135.9,3146.8615494613746,3202.0,0.06037053790634405,2.7900814389189703,2.092194063952204,-0.6978873749667661,1.7521727496420385,1.7069860322445995,0.6978873749667661,-2.092194063952204,-1.7521727496420385,-1.7969739890345564,1.3964976725038762,-1.3964976725038762
M&M,2026-07-07,2026-07,2026-07-06,STANDARD,75.0,62.664,10.4441,2.059029769873133,0.4706620646375947,2.798495569579898,normal,risk_on,Automobile and Auto Components,3210.8,3212.7,3211.749719000545,3181.0,0.062152635146163926,1.1239979188426226,0.16658461796704668,-0.9574133008755761,-0.9574133008755761,-1.0018244642961196,0.9574133008755761,-0.16658461796704668,0.9574133008755761,0.9127915065288399,-0.9281176030895782,0.9281176030895782
M&M,2026-07-08,2026-07,2026-07-07,ENTERPRISE-Dryup,393.0,0.0,0.0,-0.6558400999375436,1.3896857270351282,1.1274203622735763,normal,risk_on,Automobile and Auto Components,3175.0,3163.4,3169.1893853338383,3103.5,0.0873149636873267,3.556114396998354,1.0005907129725349,-2.5555236840258195,-2.072750389668452,-2.1168423146154187,2.5555236840258195,-1.0005907129725349,2.072750389668452,2.028202459635758,-2.251968503937008,2.251968503937008
M&M,2026-07-09,2026-07,2026-07-08,ENTERPRISE-Dryup,409.0,0.0,0.0,-2.4363407733417164,-3.0762023735165567,3.542911034265963,normal,risk_off,Automobile and Auto Components,3101.0,3125.3,3113.102580987103,3085.2,0.07060644052584865,1.9080643330797367,0.799762242495797,-1.053694188795468,-0.8962949424639852,-0.9407235995477835,1.053694188795468,-0.799762242495797,0.8962949424639852,0.8516691004928448,-0.5095130603031339,0.5095130603031339
M&M,2026-07-10,2026-07,2026-07-09,ENTERPRISE-Dryup,425.0,0.0,0.0,-0.589656839052688,-3.011631562401762,1.9139681005316465,normal,neutral,Automobile and Auto Components,3109.0,3114.6,3111.7974805578765,3129.0,0.04826059559105618,0.9576458682220444,0.7456307676540636,-0.041695533400968224,0.5528161633140558,0.5079727329548951,0.041695533400968224,-0.7456307676540636,-0.5528161633140558,-0.5975379741172875,0.6432936635574139,-0.6432936635574139
MANAPPURAM,2026-07-01,2026-07,2026-06-30,STANDARD,62.0,239.628,10.8922,2.2612270714737592,1.459052400376537,4.490828589500313,normal,risk_on,Financial Services,319.0,320.1,319.5490533562823,316.15,0.09393433442126643,2.4252927425696713,0.7982957911859467,-1.4235853020069202,-1.0637031531094923,-1.1080838936107904,1.4235853020069202,-0.7982957911859467,1.0637031531094923,1.01908839791451,-0.8934169278996937,0.8934169278996937
MANAPPURAM,2026-07-02,2026-07,2026-07-01,GOLD,341.0,33.601,6.7201,-2.226689345910016,-0.0158127767236004,2.3967836709447967,normal,risk_on,Financial Services,316.7,318.8,317.74653029110937,322.5,0.09633215328080687,2.926861228501738,2.597501128125322,0.33154404799495046,1.4959942141730564,1.4508808217331106,-0.33154404799495046,-2.597501128125322,-1.4959942141730564,-1.5407784878858843,1.831386169876859,-1.831386169876859
MANAPPURAM,2026-07-03,2026-07,2026-07-02,STANDARD,183.0,134.262,9.5902,2.0085402498813965,-0.2628730477810537,2.941641625810537,normal,risk_on,Financial Services,326.7,329.35,328.0196478926911,329.45,0.11116936397366874,2.7284950939670254,2.2804585503841555,-0.26512067136162715,0.43605683881984747,0.3912468280150994,0.26512067136162715,-2.2804585503841555,-0.43605683881984747,-0.48077091712005515,0.8417508417508417,-0.8417508417508417
MANAPPURAM,2026-07-06,2026-07,2026-07-03,STANDARD,109.0,359.147,10.8832,2.15503875968992,4.206863830460228,2.775193798449609,normal,risk_on,Financial Services,326.7,324.95,325.8226501956572,347.9,0.1283321320407107,7.580811212838514,6.775879390547361,-0.5593994753166216,6.775879390547361,6.729254757692923,0.5593994753166216,-6.775879390547361,-6.775879390547361,-6.821013329935879,6.489133761861031,-6.489133761861031
MANAPPURAM,2026-07-07,2026-07,2026-07-06,STANDARD-weak,73.0,419.7,10.4925,5.600242828957347,7.87596899224805,7.497344058278947,breakout,risk_on,Financial Services,344.65,345.5,345.07447656306596,342.2,0.08519724128634219,1.9126305908613916,0.1233135064558372,-1.644420827522116,-0.8330017889748585,-0.8774485622048074,1.644420827522116,-0.1233135064558372,0.8330017889748585,0.7883717553513352,-0.710866096039457,0.710866096039457
MANAPPURAM,2026-07-08,2026-07,2026-07-07,GOLD,44.0,350.735,10.6283,-1.6384018396090827,3.870086507816062,1.8970968669157868,normal,risk_on,Financial Services,339.0,340.0,339.499263622975,332.15,0.11270479948229982,4.108992712129096,1.6202498698594434,-2.4887428422696525,-2.1647362484817045,-2.208801844684247,2.4887428422696525,-1.6202498698594434,2.1647362484817045,2.1201944103044963,-2.020648967551629,2.020648967551629
MANAPPURAM,2026-07-09,2026-07,2026-07-08,GOLD,217.0,42.053,7.0088,-2.936879018118066,-4.527162977867205,4.076563413208647,normal,risk_off,Financial Services,330.55,333.4,331.96888319903604,332.75,0.10181996716440193,2.1086313670558887,1.2594905765481323,-0.8491407905077565,0.23529819826385023,0.19054564980175395,0.8491407905077565,-1.2594905765481323,-0.23529819826385023,-0.27999898112232846,0.6655574043261197,-0.6655574043261197
MANAPPURAM,2026-07-10,2026-07,2026-07-09,ENTERPRISE-Dryup,291.0,35.423,7.0846,0.1806412765317011,-2.761542957334884,2.1074815595363545,extended_move,neutral,Financial Services,334.2,336.6,335.39570661896244,341.0,0.08766734675958461,2.6088586786654164,2.2523524398062325,0.2398043162643395,1.6709496485608,1.625786179326691,-0.2398043162643395,-2.2523524398062325,-1.6709496485608,-1.7157455088722255,2.0347097546379445,-2.0347097546379445
MANKIND,2026-07-01,2026-07,2026-06-30,STANDARD,12.0,165.957,12.7659,2.820471553874615,3.7977254264825344,3.367667176309641,normal,risk_on,Healthcare,2555.9,2567.7,2561.786411897884,2482.9,0.07307466829847452,3.735674432323244,0.23083845220861465,-3.3838266724844996,-3.0793516403829124,-3.1231554498802923,3.3838266724844996,-0.23083845220861465,3.0793516403829124,3.0348703735246483,-2.856136781564224,2.856136781564224
MANKIND,2026-07-02,2026-07,2026-07-01,GOLD,173.0,26.353,8.7842,-2.8409313245940093,-0.1005874305946674,3.744864018783028,normal,risk_on,Healthcare,2500.0,2488.0,2493.9855653568566,2479.5,0.06165075262678323,1.2790771704180102,0.6020257234726643,-0.6529935691318446,-0.5808199356913228,-0.6253388899244097,0.6529935691318446,-0.6020257234726643,0.5808199356913228,0.536173201072384,-0.8200000000000001,0.8200000000000001
MANKIND,2026-07-03,2026-07,2026-07-02,ENTERPRISE-Dryup,180.0,19.359,9.6793,-0.1369366466631771,-2.9739776951672847,1.2847879495750971,normal,risk_on,Healthcare,2498.9,2491.1,2494.9939038076154,2526.7,0.09392256541760893,2.517040218180933,1.9240967330269774,-0.5929434851539557,1.2707885235309655,1.2257395908150293,0.5929434851539557,-1.9240967330269774,-1.2707885235309655,-1.315557882771725,1.1124894953779554,-1.1124894953779554
MANKIND,2026-07-06,2026-07,2026-07-03,ENTERPRISE-Dryup,203.0,17.862,8.931,1.9036095987094104,1.764066212896198,2.532768703367622,normal,risk_on,Healthcare,2533.2,2538.5,2535.847230711596,2535.9,0.07652126549634168,1.6562511925536691,0.5581081193299149,-1.0981430732237543,0.0020809332583295423,-0.042604862358873244,1.0981430732237543,-0.5581081193299149,-0.0020809332583295423,-0.046766271070215505,0.10658455708196246,-0.10658455708196246
MANKIND,2026-07-07,2026-07,2026-07-06,ENTERPRISE-Dryup,64.0,21.345,10.6724,0.3641112914077649,2.274652147610401,1.6622471999050143,normal,risk_on,Healthcare,2559.9,2558.8,2559.349881805928,2522.1,0.07811184069577473,1.7230938338482302,0.16215517165412674,-1.5218662396578622,-1.4554431213462595,-1.499711735683409,1.5218662396578622,-0.16215517165412674,1.4554431213462595,1.4108543095224138,-1.4766201804758068,1.4766201804758068
MANKIND,2026-07-08,2026-07,2026-07-07,ENTERPRISE-Dryup,251.0,6.994,6.9941,-0.5441854962735193,-0.1820556457038824,1.7390275641783943,normal,risk_on,Healthcare,2526.5,2532.0,2529.2470099831967,2502.8,0.09409661274077401,3.7046599098528663,1.2158950824264345,-2.488764827426432,-1.0456475733215238,-1.0900334817992023,2.488764827426432,-1.2158950824264345,1.0456475733215238,1.0010316223777147,-0.9380566000395731,0.9380566000395731
MANKIND,2026-07-09,2026-07,2026-07-08,ENTERPRISE-Dryup,463.0,0.0,0.0,-0.7652353197731943,-1.305256516424147,3.715158003251252,normal,risk_off,Healthcare,2503.3,2522.0,2512.6152070523153,2540.0,0.08702109329947619,2.252633027179694,1.6908595008276572,-0.561773526352037,1.089892032445798,1.044894877008919,0.561773526352037,-1.6908595008276572,-1.089892032445798,-1.1346494116355386,1.4660647944712906,-1.4660647944712906
MANKIND,2026-07-10,2026-07,2026-07-09,ENTERPRISE-Dryup,66.0,52.839,10.5677,1.4863353044590075,0.7097260219658175,2.2614671567843976,normal,neutral,Healthcare,2543.1,2536.9,2539.9962165354327,2523.0,0.08649162522098548,2.4173264353814665,1.2599933518098148,-1.1573330835716518,-0.6691433800092681,-0.7136370537761816,1.1573330835716518,-1.2599933518098148,0.6691433800092681,0.6245024946987526,-0.7903739530494244,0.7903739530494244
MARICO,2026-07-01,2026-07,2026-06-30,GOLD-baseline,430.0,0.0,0.0,-0.3273809523809512,1.3129235237173242,1.5357142857142965,normal,risk_on,Fast Moving Consumer Goods,836.25,841.6,838.9164704830588,850.5,0.06322714100454405,2.1694650946023573,1.8516181364274389,0.08147766088650635,1.3807726900714286,1.3356922770274402,-0.08147766088650635,-1.8516181364274389,-1.3807726900714286,-1.4255493331236013,1.7040358744394617,-1.7040358744394617
MARICO,2026-07-02,2026-07,2026-07-01,GOLD,155.0,36.13,9.0325,1.5825619587936712,1.2499999999999956,2.17378321887131,normal,risk_on,Fast Moving Consumer Goods,851.65,849.35,850.4984450323338,856.9,0.07445489625013439,1.7519138438205646,0.964323334812728,-0.7875905090078366,0.7526827362303711,0.7077820988615108,0.7875905090078366,-0.964323334812728,-0.7526827362303711,-0.7974177833972607,0.6164504197733811,-0.6164504197733811
MARICO,2026-07-03,2026-07,2026-07-02,GOLD,174.0,48.517,9.7033,0.7524985302763021,2.3469692445506007,1.7519106407995404,normal,risk_on,Fast Moving Consumer Goods,873.0,866.3,869.6370953832002,835.5,0.11193764524109666,4.3581397575156995,-0.38373424971364073,-3.9714376912569023,-3.9254414932884014,-3.9690031298715436,3.9714376912569023,0.38373424971364073,3.9254414932884014,3.881016259576736,-4.29553264604811,4.29553264604811
MARICO,2026-07-06,2026-07,2026-07-03,GOLD-baseline,441.0,0.0,0.0,-2.4973742560392087,-1.763668430335097,4.422919827284395,normal,risk_on,Fast Moving Consumer Goods,839.0,840.9,839.9489255312815,837.4,0.06286076184503875,1.3453198946415128,0.7561262685944055,-0.5891936260471073,-0.30346196700820355,-0.34806030830323464,0.5891936260471073,-0.7561262685944055,0.30346196700820355,0.2587968640804306,-0.19070321811680843,0.19070321811680843
MARICO,2026-07-07,2026-07,2026-07-06,GOLD,401.0,0.0,0.0,0.2274087372830635,-2.2756447660170376,1.3524835427887438,normal,risk_on,Fast Moving Consumer Goods,838.2,840.75,839.4730635218441,850.35,0.06340136469391086,1.5247660176611353,1.3016422983620306,-0.15165031222123598,1.2956861811055471,1.250630122032674,0.15165031222123598,-1.3016422983620306,-1.2956861811055471,-1.340457189218577,1.44953471725125,-1.44953471725125
MARICO,2026-07-08,2026-07,2026-07-07,GOLD-baseline,75.0,57.824,9.6373,1.5464533078576537,1.777378815080799,1.5285407212801476,normal,risk_on,Fast Moving Consumer Goods,849.3,849.25,849.2749992640782,842.2,0.06968710705515878,1.8250861044339237,0.26198825325716424,-1.5630978511767595,-0.8330634094031847,-0.8775101649957648,1.5630978511767595,-0.26198825325716424,0.8330634094031847,0.7884333798605359,-0.8359825738843647,0.8359825738843647
MARICO,2026-07-09,2026-07,2026-07-08,ENTERPRISE-Dryup,405.0,0.0,0.0,-0.9584288822249598,0.5732027704800746,1.822778855765273,normal,risk_off,Fast Moving Consumer Goods,845.05,843.75,844.3994996447182,860.55,0.07461382733389456,2.4692103688802,2.119908924959506,-0.16573904239723056,1.9126610522717185,1.867428398949371,0.16573904239723056,-2.119908924959506,-1.9126610522717185,-1.9574729201625662,1.8342109934323412,-1.8342109934323412
MARICO,2026-07-10,2026-07,2026-07-09,STANDARD,135.0,36.13,9.0325,2.178817383044396,1.199506085729407,2.475658988363798,normal,neutral,Fast Moving Consumer Goods,863.9,856.9,860.3857624360761,852.7,0.04800831456282677,1.9293671193487874,-0.21336504115065982,-1.5209180587816133,-0.8932926103187451,-0.937722126748064,1.5209180587816133,0.21336504115065982,0.8932926103187451,0.8486665695151561,-1.2964463479569315,1.2964463479569315
MARUTI,2026-07-01,2026-07,2026-06-30,STANDARD-weak,254.0,93.498,7.7915,5.275297619047614,2.8793717734312496,5.141369047619048,normal,risk_on,Automobile and Auto Components,14151.0,14168.0,14159.494897418695,14340.0,0.09936893043925997,3.3828890329083894,2.7508403753322592,-0.13768074044964296,1.274799022768891,1.2297489421438,0.13768074044964296,-2.7508403753322592,-1.274799022768891,-1.319568647608973,1.3355946576213695,-1.3355946576213695
MARUTI,2026-07-02,2026-07,2026-07-01,GOLD-baseline,67.0,273.78,10.53,1.349918722171184,6.696428571428581,3.385398261361227,normal,risk_on,Automobile and Auto Components,14431.0,14402.0,14416.48541601637,14329.0,0.058966870550755994,1.4913482294452998,0.14923598479645653,-0.9814140682248639,-0.6068428850153466,-0.6513543908037401,0.9814140682248639,-0.14923598479645653,0.6068428850153466,0.5621978737922496,-0.706811724759199,0.706811724759199
MARUTI,2026-07-03,2026-07,2026-07-02,GOLD,108.0,269.643,10.7857,-0.0767085076708529,1.2721747119937898,1.4993026499302649,normal,risk_on,Automobile and Auto Components,14450.0,14391.0,14420.43965188447,14343.0,0.05992123539826645,1.2967704488507932,0.6904113225321793,-0.6063591263186139,-0.5370131130110849,-0.5815446058958001,0.6063591263186139,-0.6904113225321793,0.5370131130110849,0.4923634772415072,-0.740484429065744,0.740484429065744
MARUTI,2026-07-06,2026-07,2026-07-03,GOLD,113.0,257.793,10.7414,0.0977039570102533,0.0209205020920588,1.3050457114941727,normal,risk_on,Automobile and Auto Components,14348.0,14343.0,14345.499564323309,14481.0,0.04907056510722507,1.6381444155798917,1.2582373647383374,-0.10804478612829586,0.944550136223039,0.8995945814157484,0.10804478612829586,-1.2582373647383374,-0.944550136223039,-0.9892978900003605,0.9269584611095623,-0.9269584611095623
MARUTI,2026-07-07,2026-07,2026-07-06,ENTERPRISE-Dryup,67.0,74.381,10.6259,0.9621418113365364,1.0607858189685349,1.6384298961165726,normal,risk_on,Automobile and Auto Components,14463.0,14488.0,14475.489205899623,14530.0,0.059949901023952416,1.2711142081817106,0.8463326686772469,-0.4247815395044638,0.37657307000139734,0.3317800849978631,0.4247815395044638,-0.8463326686772469,-0.37657307000139734,-0.42128320892953125,0.46325105441471337,-0.46325105441471337
MARUTI,2026-07-08,2026-07,2026-07-07,ENTERPRISE-Dryup,205.0,22.75,7.5834,0.3383744216559625,1.3037718747821223,1.2706304813203508,normal,risk_on,Automobile and Auto Components,14475.0,14449.0,14461.988314202737,13973.0,0.07867039747362145,4.287100684427426,0.2628385874156202,-4.024262097011806,-3.3811969943476927,-3.4249144078567886,4.024262097011806,-0.2628385874156202,3.3811969943476927,3.3367357174998404,-3.468048359240069,3.468048359240069
MARUTI,2026-07-09,2026-07,2026-07-08,ENTERPRISE-Dryup,344.0,5.812,5.8119,-3.833448038540954,-3.508045024514883,4.267033723331039,normal,risk_off,Automobile and Auto Components,14000.0,13990.0,13994.99821364773,13700.0,0.07403879657204156,2.4080031655263965,0.17864801388747908,-2.107883181864589,-2.107883181864589,-2.1519650508929766,2.107883181864589,-0.17864801388747908,2.107883181864589,2.063337578536191,-2.142857142857143,2.142857142857143
MARUTI,2026-07-10,2026-07,2026-07-09,ENTERPRISE-Dryup,424.0,0.0,0.0,-1.9537679811064248,-5.712319339298,2.4117941744793527,normal,neutral,Automobile and Auto Components,13800.0,13810.0,13804.998189061935,13850.0,0.059102178625181655,1.528431928134412,1.3183762029195352,-0.18108071235924833,0.3259820126142533,0.2812035080867108,0.18108071235924833,-1.3183762029195352,-0.3259820126142533,-0.3706888010990207,0.36231884057971014,-0.36231884057971014
MAXHEALTH,2026-07-01,2026-07,2026-06-30,GOLD,463.0,0.0,0.0,-1.826086956521744,0.543236263246949,2.4913043478260946,extended_move,risk_on,Healthcare,1134.9,1133.2,1134.0493629028704,1141.7,0.07156298467471048,1.5431427037007073,0.8333532389576469,-0.7097894647430605,0.6746299894341495,0.6297516927907938,0.7097894647430605,-0.8333532389576469,-0.6746299894341495,-0.7193598674798298,0.5991717331923477,-0.5991717331923477
MAXHEALTH,2026-07-02,2026-07,2026-07-01,GOLD,472.0,0.0,0.0,1.124889282550945,-0.7217391304347731,1.550044286979628,extended_move,risk_on,Healthcare,1141.7,1142.2,1141.9499452690575,1126.1,0.065121464836549,1.8389597623783887,0.021897170885511064,-1.615652712756201,-1.3879719802712656,-1.4322599066032404,1.615652712756201,-0.021897170885511064,1.3879719802712656,1.343378700103631,-1.3663834632565592,1.3663834632565592
MAXHEALTH,2026-07-03,2026-07,2026-07-02,ENTERPRISE-Dryup,473.0,0.0,0.0,-1.3663834632565597,-0.2568644818423449,1.8393623543838136,extended_move,risk_on,Healthcare,1145.0,1131.3,1138.1087730088302,1150.1,0.07789323448655014,2.6623114344242795,1.923474057167288,-0.7388373772569914,1.0536099251276627,1.0086231545732331,0.7388373772569914,-1.923474057167288,-1.0536099251276627,-1.0983649014985641,0.44541484716156415,-0.44541484716156415
MAXHEALTH,2026-07-06,2026-07,2026-07-03,STANDARD,107.0,32.837,10.9456,2.1312494449871267,0.7357449417535245,2.69070242429624,extended_move,risk_on,Healthcare,1153.7,1156.9,1155.2977841253355,1132.2,0.07717639083434928,3.2718837099318243,1.0908197044803989,-2.181064005451425,-1.9992926882329798,-2.0434056386839976,2.181064005451425,-1.0908197044803989,1.9992926882329798,1.9547398933905507,-1.8635693854554911,1.8635693854554911
MAXHEALTH,2026-07-07,2026-07,2026-07-06,ENTERPRISE-Dryup,275.0,6.994,6.9941,-1.5563864011824968,0.541692567267571,3.286670724284861,extended_move,risk_on,Healthcare,1132.9,1140.9,1136.8859266426248,1114.7,0.09025476757426058,3.254504179611574,1.2414678576465408,-2.0130363219650333,-1.9514646212696753,-1.9955912613569877,2.0130363219650333,-1.2414678576465408,1.9514646212696753,1.9069086589656836,-1.6064966016418083,1.6064966016418083
MAXHEALTH,2026-07-08,2026-07,2026-07-07,ENTERPRISE-Dryup,247.0,14.072,7.0358,-1.545663310369194,-3.0779932179810343,3.2679738562091507,normal,risk_on,Healthcare,1119.7,1123.1,1121.397422864277,1084.4,0.08584155442048463,4.637071473481848,0.4817718522951275,-3.691592473838532,-3.299224887620829,-3.3429657636781447,3.691592473838532,-0.4817718522951275,3.299224887620829,3.2547581820882368,-3.152630168795209,3.152630168795209
MAXHEALTH,2026-07-09,2026-07,2026-07-08,ENTERPRISE-Dryup,14.0,10.651,10.6507,-2.7182201489189928,-4.221868927751271,4.664932268771866,normal,risk_off,Healthcare,1083.3,1086.2,1084.7480617653837,1100.0,0.12282808895325821,3.724367106427526,3.590874195361424,-0.0689617978359179,1.4060350759967624,1.3609474322011001,0.0689617978359179,-3.590874195361424,-1.4060350759967624,-1.4508133920757054,1.541585894950618,-1.541585894950618
MAXHEALTH,2026-07-10,2026-07,2026-07-09,GOLD,251.0,22.867,7.6224,1.4385835485060785,-1.3187404682874382,3.725562523054232,normal,neutral,Healthcare,1102.3,1106.5,1104.3960068815647,1107.9,0.0900103396165756,2.662088582067188,0.9058338726416794,-1.7562547094255083,0.31727687320505804,0.272500860314748,1.7562547094255083,-0.9058338726416794,-0.31727687320505804,-0.36198308518326294,0.5080286673319546,-0.5080286673319546
MAZDOCK,2026-07-01,2026-07,2026-06-30,GOLD,228.0,8.058,8.0583,1.073170731707318,0.9295717475137132,3.556910569105691,normal,risk_on,Capital Goods,2497.0,2487.6,2492.2911367010392,2533.8,0.07464295855280717,2.7725492813598502,2.0386407731728573,-0.733908508186993,1.6654901463038865,1.6203282397212706,0.733908508186993,-2.0386407731728573,-1.6654901463038865,-1.7102856450543156,1.4737685222266792,-1.4737685222266792
MAZDOCK,2026-07-02,2026-07,2026-07-01,GOLD,52.0,107.689,10.7689,1.9063706563706704,3.0000000000000027,2.7791184041184005,normal,risk_on,Capital Goods,2548.0,2554.7,2551.345601348306,2552.5,0.06499243771315727,1.211125610880408,0.5312647037912476,-0.6798609070891606,0.04524665929554766,0.000548508525244136,0.6798609070891606,-0.5312647037912476,-0.04524665929554766,-0.08993485580080615,0.17660910518053377,-0.17660910518053377
MAZDOCK,2026-07-03,2026-07,2026-07-02,GOLD,121.0,125.954,10.4961,0.738021943326217,2.658462033462028,1.2195121951219547,normal,risk_on,Capital Goods,2565.0,2573.0,2568.9937718956794,2541.3,0.07123082576135241,2.3744705287855816,1.090163332068127,-1.2843071967174546,-1.0780007409377168,-1.1223773890976412,1.2843071967174546,-1.090163332068127,1.0780007409377168,1.0333869326147862,-0.9239766081871273,0.9239766081871273
MAZDOCK,2026-07-06,2026-07,2026-07-03,GOLD,400.0,50.783,6.3479,-0.4387855044074351,0.2959981056121163,2.3898139079333984,normal,risk_on,Capital Goods,2543.6,2536.2,2539.8946100240164,2573.9,0.07105532449957841,1.8662191656665585,1.6735099877070008,-0.19270917795955791,1.3388504326824076,1.2937820188784626,0.19270917795955791,-1.6735099877070008,-1.3388504326824076,-1.3836242993911623,1.191225035382929,-1.191225035382929
MAZDOCK,2026-07-07,2026-07,2026-07-06,GOLD,109.0,58.646,9.7743,1.2828080116475735,0.838393731635656,1.8651871089599843,normal,risk_on,Capital Goods,2564.8,2540.3,2552.491210750035,2513.5,0.09222023747408784,2.2213592650663543,0.5292394031788092,-1.602011814098251,-1.5275747311418795,-1.5718226995368836,1.602011814098251,-0.5292394031788092,1.5275747311418795,1.482990696306024,-2.0001559575795453,2.0001559575795453
MAZDOCK,2026-07-08,2026-07,2026-07-07,GOLD,455.0,0.0,0.0,-2.3466335133455085,-1.0939283044111403,2.202882784878988,normal,risk_on,Capital Goods,2501.6,2498.2,2499.898843953758,2453.0,0.09482044930144493,3.548143566469866,1.0040868696328091,-2.5440566968370573,-1.8760296668478098,-1.9201778983803865,2.5440566968370573,-1.0040868696328091,1.8760296668478098,1.8314687087885264,-1.9427566357531143,1.9427566357531143
MAZDOCK,2026-07-09,2026-07,2026-07-08,GOLD,465.0,0.0,0.0,-2.4070021881838044,-4.697152181514442,3.5289437039984017,normal,risk_off,Capital Goods,2440.0,2433.6,2436.795797767564,2372.8,0.10614141168449344,3.040878520386713,0.29564242678996105,-2.745236093596752,-2.6262273525829634,-2.6701608580327427,2.745236093596752,-0.29564242678996105,2.6262273525829634,2.5817160771156153,-2.75409836065573,2.75409836065573
MAZDOCK,2026-07-10,2026-07,2026-07-09,GOLD,345.0,13.103,6.5514,-3.269465960048912,-5.597772031032422,3.020790868324497,normal,neutral,Capital Goods,2385.0,2383.3,2384.1496969569866,2414.0,0.07921040651488506,2.545981071468575,2.0825161736439948,-0.4634648978245802,1.2520314089804359,1.206987845038369,0.4634648978245802,-2.0825161736439948,-1.2520314089804359,-1.296799526012527,1.2159329140461215,-1.2159329140461215
MCX,2026-07-01,2026-07,2026-06-30,GOLD-baseline,343.0,18.468,6.1561,-2.269601100412655,0.2822865208186309,3.648555708390643,normal,risk_on,Financial Services,2858.5,2895.1,2876.6835894048945,2962.9,0.11807154583776815,4.797190782756484,4.043420382537382,0.174381729488124,2.997076595863688,2.9515335546179604,-0.174381729488124,-4.043420382537382,-2.997076595863688,-3.041960280258326,3.652265174042333,-3.652265174042333
MCX,2026-07-02,2026-07,2026-07-01,STANDARD,51.0,420.084,10.7714,4.254046446164672,1.887895460797795,4.855735397607319,normal,risk_on,Financial Services,2985.5,2942.7,2963.9454977902224,2921.4,0.10947531414597822,4.149873878979994,2.4985109296034347,-1.6513629493765594,-1.4354345524214998,-1.4797088937312983,1.6513629493765594,-2.4985109296034347,1.4354345524214998,1.3908444155101685,-2.14704404622341,2.14704404622341
MCX,2026-07-03,2026-07,2026-07-02,GOLD-baseline,339.0,95.043,7.311,-1.4006547639137334,2.793807178043628,4.151338215937089,normal,risk_on,Financial Services,2949.4,2889.6,2919.193779756808,2804.1,0.12616953926931931,5.117851409386269,0.19889807533351572,-4.083106115920054,-3.9426563784469395,-3.986213087682362,4.083106115920054,-0.19889807533351572,3.9426563784469395,3.8982322848082585,-4.9264257137044885,4.9264257137044885
MCX,2026-07-06,2026-07,2026-07-03,GOLD-baseline,388.0,58.499,6.4999,-4.015198192647363,-5.359613891795211,5.113986444855209,normal,risk_on,Financial Services,2800.0,2767.3,2783.553966913944,2727.0,0.10943209003080746,3.2332766337482126,0.5800510167207795,-2.4628215485955876,-2.031717997429159,-2.0758216669136265,2.4628215485955876,-0.5800510167207795,2.031717997429159,1.9871673499852565,-2.607142857142857,2.607142857142857
MCX,2026-07-07,2026-07,2026-07-06,GOLD-baseline,258.0,51.193,7.3133,-2.749545308655177,-6.654343807763407,3.20958596341072,normal,risk_on,Financial Services,2730.0,2699.0,2714.4114938294347,2637.0,0.12686566757560033,5.765522300350014,-0.0925244324651537,-5.043873935129961,-2.851870249054397,-2.8957391696404913,5.043873935129961,0.0925244324651537,2.851870249054397,2.807373917013511,-3.4065934065934065,3.4065934065934065
MCX,2026-07-08,2026-07,2026-07-07,GOLD-baseline,132.0,205.1,8.5458,-3.300330033003296,-5.959131272065898,5.738907224055739,normal,risk_on,Financial Services,2600.0,2647.2,2623.387711541393,2760.0,0.14012689366070732,6.518289280981938,5.4361880186903075,0.44264476834741895,5.20747611409445,5.161300399036217,-0.44264476834741895,-5.4361880186903075,-5.20747611409445,-5.252506184407582,6.153846153846154,-6.153846153846154
MCX,2026-07-09,2026-07,2026-07-08,STANDARD,4.0,819.579,12.4179,4.664391353811159,1.2101210121012065,6.484641638225256,normal,risk_off,Financial Services,2755.6,2790.0,2772.6933064050777,2787.8,0.10266103853758851,3.2315149963762257,2.391418244554856,-0.6273072598724855,0.5448382466255888,0.4999970997536101,0.6273072598724855,-2.391418244554856,-0.5448382466255888,-0.5895595290833098,1.1685295398461415,-1.1685295398461415
MCX,2026-07-10,2026-07,2026-07-09,GOLD,9.0,1041.99,14.2738,1.0072463768115991,5.718619643534328,3.2463768115942,normal,neutral,Financial Services,2800.0,2806.2,2803.0965716528126,2773.0,0.0964205649833912,2.6649099697608296,0.3996804270136728,-2.0618829988698306,-1.0736901452905174,-1.1180680272549914,2.0618829988698306,-0.3996804270136728,1.0736901452905174,1.0290760514940795,-0.9642857142857142,0.9642857142857142
MFSL,2026-07-01,2026-07,2026-06-30,GOLD,464.0,0.0,0.0,-1.9364448857994043,-2.4088943792464512,1.8123138033763684,normal,risk_on,Financial Services,1580.0,1587.3,1583.6415874719794,1614.7,0.08356230141291063,2.639486126827896,1.9801458092597268,-0.6593403175681692,1.961202128923644,1.915955581883091,0.6593403175681692,-1.9801458092597268,-1.961202128923644,-2.006017211495834,2.1962025316455724,-2.1962025316455724
MFSL,2026-07-02,2026-07,2026-07-01,STANDARD,260.0,31.006,7.7516,2.196202531645564,0.2172293942403147,2.645569620253162,normal,risk_on,Financial Services,1616.7,1614.0,1615.3488717615378,1613.5,0.07661372152572417,1.3371724447639048,0.8822322216327958,-0.4549402231311091,-0.1144564987699282,-0.15910893834411127,0.4549402231311091,-0.8822322216327958,0.1144564987699282,0.06977887876601574,-0.19793406321519424,0.19793406321519424
MFSL,2026-07-03,2026-07,2026-07-02,ENTERPRISE-Dryup,335.0,22.165,7.3883,-0.0743172106273615,2.120253164556951,1.3377097912924945,normal,risk_on,Financial Services,1633.0,1622.9,1627.9343345925859,1594.0,0.0824186054307419,2.579956642447197,0.18831628169949322,-2.2073577434300473,-2.0845026652182757,-2.128591226358421,2.2073577434300473,-0.18831628169949322,2.0845026652182757,2.0399555134917824,-2.3882424984690753,2.3882424984690753
MFSL,2026-07-06,2026-07,2026-07-03,ENTERPRISE-Dryup,345.0,7.172,7.1719,-1.2085528354508823,-1.2819718833219862,2.6030368763557483,normal,risk_on,Financial Services,1592.1,1598.3,1595.193975677031,1577.0,0.08079115209401483,2.3006606443848847,1.06607877049883,-1.2345818738860548,-1.1405494224806783,-1.1849081675816793,1.2345818738860548,-1.06607877049883,1.1405494224806783,1.0959397565067315,-0.9484328873814403,0.9484328873814403
MFSL,2026-07-07,2026-07,2026-07-06,ENTERPRISE-Dryup,457.0,0.0,0.0,-1.0664993726474226,-2.2621629996901094,2.302383939774156,normal,risk_on,Financial Services,1575.0,1578.1,1576.548476102883,1602.0,0.09926597236299337,2.867022529604118,2.6926875094925276,-0.17433502011159038,1.6143825757918648,1.5692352975247261,0.17433502011159038,-2.6926875094925276,-1.6143825757918648,-1.6591746898923292,1.7142857142857144,-1.7142857142857144
MFSL,2026-07-08,2026-07,2026-07-07,GOLD-baseline,175.0,8.058,8.0583,1.5852885225110969,0.5018820577164407,2.8662016487000663,normal,risk_on,Financial Services,1596.4,1599.6,1597.9983979974968,1570.0,0.10704836191308564,3.867338044734197,0.7134927054239235,-3.153845339310273,-1.752091743807909,-1.796275449596446,3.153845339310273,-0.7134927054239235,1.752091743807909,1.7075225778357346,-1.6537208719619199,1.6537208719619199
MFSL,2026-07-09,2026-07,2026-07-08,GOLD-baseline,462.0,0.0,0.0,-1.997503121098632,-0.443880786303108,3.857677902621734,normal,risk_off,Financial Services,1560.0,1567.2,1563.5917114351498,1579.0,0.08520682823602403,2.6349589665056765,2.0726822947343515,0.12204519574350071,0.9854419444771559,0.940474685371156,-0.12204519574350071,-2.0726822947343515,-0.9854419444771559,-1.030192406355371,1.217948717948718,-1.217948717948718
MFSL,2026-07-10,2026-07,2026-07-09,GOLD,467.0,0.0,0.0,0.5732484076433231,-1.4357053682896417,2.624203821656054,normal,neutral,Financial Services,1587.0,1592.9,1589.9445265574386,1635.3,0.08033107540358557,3.383765854805524,3.028751798456008,-0.1977758660704485,2.8526450253434557,2.8071433241684316,0.1977758660704485,-3.028751798456008,-2.8526450253434557,-2.897519144612904,3.0434782608695623,-3.0434782608695623
MOTHERSON,2026-07-01,2026-07,2026-06-30,GOLD-baseline,340.0,24.836,6.2089,-0.3355704697986628,-2.2061244649324907,2.684563758389262,normal,risk_on,Automobile and Auto Components,148.25,148.52,148.3848771776123,147.84,0.07861338002997668,1.6982862727875192,0.27976086935787364,-1.2837407786052473,-0.3672053297992792,-0.4117854260865521,1.2837407786052473,-0.27976086935787364,0.3672053297992792,0.3225444483394505,-0.27655986509274644,0.27655986509274644
MOTHERSON,2026-07-02,2026-07,2026-07-01,GOLD-baseline,352.0,19.435,6.4782,-0.4444444444444473,-0.7785234899328808,1.6969696969697037,normal,risk_on,Automobile and Auto Components,148.24,147.84,148.03972980275603,147.79,0.05542442986967784,1.276684308001776,0.24336048013867043,-0.9049799027200724,-0.1686910690047659,-0.21332798523484894,0.9049799027200724,-0.24336048013867043,0.1686910690047659,0.12401704073950182,-0.3035617916891642,0.3035617916891642
MOTHERSON,2026-07-03,2026-07,2026-07-02,ENTERPRISE-Dryup,398.0,19.452,6.484,-0.0338203463203568,-0.4781144781144886,1.2784090909091008,normal,risk_on,Automobile and Auto Components,148.9,148.38,148.63954520990313,146.48,0.07015526672057247,2.4959710383672515,0.7336236050486818,-1.7623474333185698,-1.4528739353000006,-1.4971432850049955,1.7623474333185698,-0.7336236050486818,1.4528739353000006,1.4082849533292399,-1.625251846877109,1.625251846877109
MOTHERSON,2026-07-06,2026-07,2026-07-03,ENTERPRISE-Dryup,355.0,14.072,7.0358,-0.8863928547263034,-0.9199134199134318,2.5103186954462275,normal,risk_on,Automobile and Auto Components,146.54,147.25,146.89414207427072,145.6,0.09927183002288475,2.9272780651973864,1.2974363026441709,-1.6298417625532153,-0.8810031877352851,-0.9254362217168723,1.6298417625532153,-1.2974363026441709,0.8810031877352851,0.836376333052396,-0.641463081752421,0.641463081752421
MOTHERSON,2026-07-07,2026-07,2026-07-06,ENTERPRISE-Dryup,276.0,6.994,6.9941,-0.6007646095030017,-1.4818323296569402,2.9355543418896857,normal,risk_on,Automobile and Auto Components,145.35,145.45,145.39998280605226,143.0,0.12672676144439424,6.162311595285154,0.03439972480219724,-5.97660511256301,-1.6506073520335833,-1.6948201052936402,5.97660511256301,-0.03439972480219724,1.6506073520335833,1.6060314651560792,-1.6167870657034706,1.6167870657034706
MOTHERSON,2026-07-08,2026-07,2026-07-07,GOLD-baseline,19.0,222.725,11.7224,-1.7857142857142794,-2.3757509557618683,6.15384615384614,normal,risk_on,Automobile and Auto Components,142.71,143.21,142.95956281477336,140.7,0.09807311797910186,3.651382179143434,1.3083680086865508,-2.343014170456884,-1.5805608035476397,-1.6247936059510835,2.343014170456884,-1.3083680086865508,1.5805608035476397,1.5359802777674154,-1.4084507042253656,1.4084507042253656
MOTHERSON,2026-07-09,2026-07,2026-07-08,GOLD,99.0,90.267,8.2061,-1.6083916083916128,-3.3653846153846145,3.65034965034965,normal,risk_off,Automobile and Auto Components,140.21,141.95,141.07463495888857,142.69,0.09730537930421675,2.941705290401342,2.1799560509283973,0.0463336595770518,1.1450428644257522,1.1000299233868391,-0.0463336595770518,-2.1799560509283973,-1.1450428644257522,-1.1898038960344917,1.7687754083160898,-1.7687754083160898
MOTHERSON,2026-07-10,2026-07,2026-07-09,GOLD,81.0,194.061,10.2137,1.4143567874911334,-0.2167832167832228,2.949538024164894,normal,neutral,Automobile and Auto Components,144.2,143.95,144.07489154954015,143.36,0.07066786331538548,1.5478061277826498,0.29506074645468094,-1.0098161684472868,-0.4961944040709728,-0.5407375803314732,1.0098161684472868,-0.29506074645468094,0.4961944040709728,0.4515420650415768,-0.5825242718446428,0.5825242718446428
MOTILALOFS,2026-07-01,2026-07,2026-06-30,GOLD,367.0,5.401,5.401,-0.0052628809010024,0.2109704641350296,1.1894110836271727,normal,risk_on,Financial Services,952.5,960.9,956.6815616180619,954.05,0.08819417739878369,2.1950877745027424,0.5036616754470057,-1.4823701205316664,-0.2750718445551626,-0.31967831184138296,1.4823701205316664,-0.5036616754470057,0.2750718445551626,0.2304048614631401,0.16272965879264614,-0.16272965879264614
MOTILALOFS,2026-07-02,2026-07,2026-07-01,ENTERPRISE-Dryup,284.0,22.37,7.4566,0.4263157894736746,0.4210304720804192,2.210526315789473,normal,risk_on,Financial Services,960.85,955.0,957.9160685857453,958.05,0.1002838792065188,2.662028630300342,1.8565229248644641,-0.8055057054358777,0.013981539578139664,-0.030707662302007624,0.8055057054358777,-1.8565229248644641,-0.013981539578139664,-0.05866766551957976,-0.2914086485923993,0.2914086485923993
MOTILALOFS,2026-07-03,2026-07,2026-07-02,ENTERPRISE-Dryup,329.0,22.37,7.4566,0.4192652376709738,0.8473684210526189,2.672815890152508,normal,risk_on,Financial Services,961.0,958.25,959.6230298293605,968.0,0.10369990801760288,2.652083079386449,2.274535884629701,-0.37754719475674803,0.8729438446396108,0.828008785414735,0.37754719475674803,-2.274535884629701,-0.8729438446396108,-0.917686856218666,0.72840790842872,-0.72840790842872
MOTILALOFS,2026-07-06,2026-07,2026-07-03,ENTERPRISE-Dryup,217.0,34.986,8.7464,1.0385679244298451,1.4621875163775444,2.656437555451181,normal,risk_on,Financial Services,970.0,965.7,967.8452239499924,955.45,0.07885304250253701,2.748373328892338,-0.04600156502042113,-2.5205707840795015,-1.2807031169100214,-1.3250217463796807,2.5205707840795015,0.04600156502042113,1.2807031169100214,1.2361027327546419,-1.4999999999999953,1.4999999999999953
MOTILALOFS,2026-07-07,2026-07,2026-07-06,ENTERPRISE-Dryup,31.0,11.386,11.3863,-1.2964876033057848,-0.2713845832680861,2.7479338842975114,normal,risk_on,Financial Services,956.55,955.0,955.7743715832702,950.0,0.09726188604646102,2.5372096931024752,-0.0496321723383747,-2.095094007396242,-0.6041563526865398,-0.6486686274303357,2.095094007396242,0.0496321723383747,0.6041563526865398,0.5595111635451528,-0.6847524959489786,0.6847524959489786
MOTILALOFS,2026-07-08,2026-07,2026-07-07,ENTERPRISE-Dryup,252.0,6.994,6.9941,-0.5704118478204068,-1.8595041322314043,2.538071065989848,extended_move,risk_on,Financial Services,941.5,939.05,940.2734040573237,914.5,0.10880928920611378,4.929417316282436,1.0344433757995946,-3.894973940482841,-2.741054245085548,-2.784954884093194,3.894973940482841,-1.0344433757995946,2.741054245085548,2.696550574143983,-2.867764206054169,2.867764206054169
MOTILALOFS,2026-07-09,2026-07,2026-07-08,ENTERPRISE-Dryup,209.0,14.072,7.0358,-3.7368421052631606,-4.285938562980796,4.878947368421055,normal,risk_off,Financial Services,910.9,916.75,913.8156375673678,943.1,0.11875144645469032,4.136501767536605,3.817439864073291,0.32111098913163766,3.2046247874011993,3.1590223404668007,-0.32111098913163766,-3.817439864073291,-3.2046247874011993,-3.2495222168823696,3.5349654188165602,-3.5349654188165602
MOTILALOFS,2026-07-10,2026-07,2026-07-09,STANDARD,98.0,146.267,9.7512,3.1273920174959,-0.726315789473686,4.133406232914169,normal,neutral,Financial Services,950.05,956.4,953.2144247160954,978.4,0.10885661949051001,3.4514794517297616,3.1195053823027306,0.20305769968609433,2.6421731177018004,2.5967316590590133,-0.20305769968609433,-3.1195053823027306,-2.6421731177018004,-2.6870332982586933,2.9840534708699566,-2.9840534708699566
MPHASIS,2026-07-01,2026-07,2026-06-30,ENTERPRISE-Dryup,338.0,31.285,6.2569,-1.8416289592760091,-4.220936906706696,3.090497737556569,normal,risk_on,Information Technology,2179.8,2180.0,2179.899995412634,2122.1,0.08223583292823329,3.0414239249287323,0.3440526906348538,-2.6973712342938785,-2.651497570267804,-2.6954238427242565,2.6973712342938785,-0.3440526906348538,2.651497570267804,2.6069879683458925,-2.6470318377832953,2.6470318377832953
MPHASIS,2026-07-02,2026-07,2026-07-01,ENTERPRISE-Dryup,359.0,25.348,6.337,-2.1758170838519497,-3.977375565610864,3.0562854376988047,normal,risk_on,Information Technology,2158.7,2172.1,2165.3792694190447,2247.6,0.11023218765297248,4.327186526780541,3.917130443560213,-0.15144087991221042,3.79705909916716,3.7512870821294415,0.15144087991221042,-3.917130443560213,-3.79705909916716,-3.841995763203061,4.1182192986519714,-4.1182192986519714
MPHASIS,2026-07-03,2026-07,2026-07-02,STANDARD-weak,124.0,303.137,10.453,5.913953159606056,3.609459272576387,4.415437538287537,normal,risk_on,Information Technology,2271.0,2294.2,2282.541049680189,2294.0,0.1325710394544765,2.7600817960678974,2.123026454512197,-0.0061795024544623765,0.5020260345993053,0.45719714169552605,0.0061795024544623765,-2.123026454512197,-0.5020260345993053,-0.5467444817754726,1.0127697049757816,-1.0127697049757816
MPHASIS,2026-07-06,2026-07,2026-07-03,STANDARD,29.0,758.147,14.0398,2.064424274781995,8.100466519014194,2.8029898558462363,normal,risk_on,Information Technology,2258.4,2240.2,2249.2631841017205,2249.7,0.07795881435384293,1.8761699519326602,0.17058101183529029,-1.4254972174154736,0.0194203995942672,-0.02527035902902706,1.4254972174154736,-0.17058101183529029,-0.0194203995942672,-0.06410688572965073,-0.38522848034007584,0.38522848034007584
MPHASIS,2026-07-07,2026-07,2026-07-06,GOLD,22.0,127.759,11.6144,0.6974716652136115,2.776294714361982,1.891891891891896,normal,risk_on,Information Technology,2267.2,2266.3,2266.7499106650494,2318.5,0.10378769882923868,3.8425059416654306,3.2447377184795707,-0.5977682231858602,2.283008332391089,2.2376696760481423,0.5977682231858602,-3.2447377184795707,-2.283008332391089,-2.32784472690091,2.2627028934368463,-2.2627028934368463
MPHASIS,2026-07-08,2026-07,2026-07-07,STANDARD,6.0,231.471,12.8595,3.060606060606053,3.77942458587619,3.8701298701298734,normal,risk_on,Information Technology,2323.0,2320.2,2321.5991557546517,2240.7,0.11051657810882372,3.9929373582954737,0.012958492192876097,-3.8464502165803145,-3.4846306501328437,-3.5283184582403786,3.8464502165803145,-0.012958492192876097,3.4846306501328437,3.4401762232822795,-3.542832544123985,3.542832544123985
MPHASIS,2026-07-09,2026-07,2026-07-08,GOLD,317.0,18.449,6.1498,-5.880623346074687,-3.0000000000000027,3.893812744150873,normal,risk_off,Information Technology,2241.0,2222.0,2231.4595563522294,2264.0,0.08928475530501268,3.5716533500739547,1.9063954588229945,-1.6652578912509604,1.4582582756267635,1.413155684193564,1.6652578912509604,-1.9063954588229945,-1.4582582756267635,-1.503040050239325,1.0263275323516288,-1.0263275323516288
MPHASIS,2026-07-10,2026-07,2026-07-09,GOLD,248.0,106.983,7.6416,1.0398536171732031,-4.901919603477967,3.556924175480869,normal,neutral,Information Technology,2292.2,2344.3,2317.957278119271,2320.0,0.1102005072796167,3.0630417855504013,1.3478558114789043,-1.1198341904011295,0.08812595037931048,0.043415526441037224,1.1198341904011295,-1.3478558114789043,-0.08812595037931048,-0.1328169866085003,1.2128086554401964,-1.2128086554401964
MUTHOOTFIN,2026-07-01,2026-07,2026-06-30,GOLD,349.0,23.941,5.9853,-1.2220026350461155,-1.0264026402640236,1.6798418972332017,normal,risk_on,Financial Services,2988.4,2985.4,2986.899246710637,2911.0,0.0745430170066312,3.408216735536304,0.06698429120321453,-2.8323435015025265,-2.5410715408034563,-2.5850294200606183,2.8323435015025265,-0.06698429120321453,2.5410715408034563,2.4965546258073177,-2.590014723597915,2.590014723597915
MUTHOOTFIN,2026-07-02,2026-07,2026-07-01,GOLD,378.0,30.166,6.0332,-2.9310747274000515,-4.117259552042163,3.394578011937701,normal,risk_on,Financial Services,2935.0,2948.5,2941.734511770205,2949.9,0.09580195603113496,2.311561418201557,2.0146443532775455,-0.16094286385333162,0.27757393459961394,0.23280928572260923,0.16094286385333162,-2.0146443532775455,-0.27757393459961394,-0.3222775172110067,0.5076660988074988,-0.5076660988074988
MUTHOOTFIN,2026-07-03,2026-07,2026-07-02,GOLD-baseline,412.0,23.941,5.9853,1.336310546204067,-1.6339324418953582,2.3359670216420474,normal,risk_on,Financial Services,3016.6,3022.7,3019.646919344957,3050.0,0.09953816398512973,3.2752173562548226,2.7901633172834597,0.10110720678909944,1.0051864163518613,0.9602135058646546,-0.10110720678909944,-2.7901633172834597,-1.0051864163518613,-1.0499381858274706,1.1072067891003146,-1.1072067891003146
MUTHOOTFIN,2026-07-06,2026-07,2026-07-03,STANDARD,179.0,283.417,9.4472,3.393335367300576,4.774991411885954,3.3526560222380453,normal,risk_on,Financial Services,3062.1,3076.4,3069.233343650729,3140.0,0.09853555615044617,2.7987445196273515,2.5663300091605765,0.0901416099559374,2.3056785987179826,2.260333453555386,-0.0901416099559374,-2.5663300091605765,-2.3056785987179826,-2.3505164945888612,2.5440057476894973,-2.5440057476894973
MUTHOOTFIN,2026-07-07,2026-07,2026-07-06,STANDARD,56.0,205.97,10.8405,2.9508196721311557,6.444286246991426,2.816393442622954,normal,risk_on,Financial Services,3137.6,3132.0,3134.797499043001,3116.0,0.08365946907434535,2.2106691108805676,0.3509796393661122,-1.693809538230494,-0.5996399782997052,-0.6441535457472763,1.693809538230494,-0.3509796393661122,0.5996399782997052,0.554994490056908,-0.6884242733299308,0.6884242733299308
MUTHOOTFIN,2026-07-08,2026-07,2026-07-07,GOLD,123.0,51.563,8.5939,-0.7643312101910826,2.163934426229508,2.207006369426757,normal,risk_on,Financial Services,3080.0,3087.8,3083.8950679334607,3078.0,0.09857520052862875,3.5474618166340464,2.759657192991611,-0.2851934887445587,-0.19115656673140466,-0.2357870527519354,0.2851934887445587,-2.759657192991611,0.19115656673140466,0.146484026266193,-0.06493506493506493,0.06493506493506493
MUTHOOTFIN,2026-07-09,2026-07,2026-07-08,GOLD-baseline,331.0,12.155,6.0777,-1.2195121951219523,-1.97452229299363,3.510911424903726,normal,risk_off,Financial Services,3070.1,3091.2,3080.6138704494183,3051.0,0.08599879163497806,2.642330503696816,1.0869953508875312,-1.5553351528092847,-0.9612977054179807,-1.0057077570209496,1.5553351528092847,-1.0869953508875312,0.9612977054179807,0.9166761683198197,-0.6221295723266314,0.6221295723266314
MUTHOOTFIN,2026-07-10,2026-07,2026-07-09,ENTERPRISE-Dryup,337.0,13.293,6.6465,-0.8771929824561431,-2.08600770218228,2.6445743989603665,normal,neutral,Financial Services,3096.0,3099.8,3097.8988346944707,3133.0,0.08269885358781827,1.8335008026691118,1.6108068070741566,-0.15167811943524237,1.1330636401814962,1.0880541279080216,0.15167811943524237,-1.6108068070741566,-1.1330636401814962,-1.1778238784541308,1.1950904392764856,-1.1950904392764856
NAM-INDIA,2026-07-01,2026-07,2026-06-30,GOLD-baseline,219.0,113.564,8.1117,-0.719671007539413,1.6491228070175443,1.3708019191226868,normal,risk_on,Financial Services,1157.7,1169.2,1163.4215823628003,1195.0,0.10154350105635092,3.790543399619331,3.1870147674153393,-0.6035286322039917,2.7142712595263063,2.668809164520777,0.6035286322039917,-3.1870147674153393,-2.7142712595263063,-2.7591362148547396,3.221905502289017,-3.221905502289017
NAM-INDIA,2026-07-02,2026-07,2026-07-01,STANDARD,102.0,298.004,9.9335,3.123921297894383,2.381768334475653,3.80566102865032,normal,risk_on,Financial Services,1202.0,1194.2,1198.087304899424,1213.2,0.11410494961061218,3.5055876001896022,2.955769162711293,-0.549818437478309,1.261401822619656,1.2163555766215748,0.549818437478309,-2.955769162711293,-1.261401822619656,-1.3061705602167608,0.9317803660565761,-0.9317803660565761
NAM-INDIA,2026-07-03,2026-07,2026-07-02,ENTERPRISE-Dryup,49.0,659.858,11.7832,1.5230125523012503,4.694511563686588,3.5146443514644354,normal,risk_on,Financial Services,1217.1,1219.7,1218.3986129349967,1216.8,0.0927562066240073,1.2475391746700049,0.8947307514363443,-0.3528084232336607,-0.13120606983832778,-0.17585371524978222,0.3528084232336607,-0.8947307514363443,0.13120606983832778,0.08652955909150889,-0.024648755237856753,0.024648755237856753
NAM-INDIA,2026-07-06,2026-07,2026-07-03,ENTERPRISE-Dryup,76.0,616.042,11.847,0.2967359050445095,1.8242677824267692,1.2528849324101587,normal,risk_on,Financial Services,1216.8,1222.2,1219.4940221402214,1205.0,0.08098574774807671,2.205832870979587,0.5826988677900553,-1.3033292375084702,-1.1885275267511612,-1.2328725392712894,1.3033292375084702,-0.5826988677900553,1.1885275267511612,1.143921038175148,-0.9697567389875045,0.9697567389875045
NAM-INDIA,2026-07-07,2026-07,2026-07-06,ENTERPRISE-Dryup,282.0,6.962,6.962,-0.969756738987504,-0.6758984503791643,2.2107166337935644,normal,risk_on,Financial Services,1206.0,1205.9,1205.9499979269456,1190.2,0.10900143372162609,2.3135287572420746,0.24462059605503034,-2.0689081611870446,-1.306024126540911,-1.3503355084792676,2.0689081611870446,-0.24462059605503034,1.306024126540911,1.2614254192947152,-1.3101160862354855,1.3101160862354855
NAM-INDIA,2026-07-08,2026-07,2026-07-07,ENTERPRISE-Dryup,459.0,0.0,0.0,-1.2282157676348548,-2.186061801446404,2.315352697095443,normal,risk_on,Financial Services,1169.0,1188.4,1178.620174768813,1170.0,0.13769305922836475,5.090698537530891,3.409056292377499,-1.6816422451533923,-0.731378518147622,-0.7758543785998867,1.6816422451533923,-3.409056292377499,0.731378518147622,0.6867417544213649,0.0855431993156544,-0.0855431993156544
NAM-INDIA,2026-07-09,2026-07,2026-07-08,ENTERPRISE-Dryup,208.0,14.072,7.0358,-1.6971937489497546,-2.904564315352698,5.041169551335909,normal,risk_off,Financial Services,1171.0,1178.8,1174.8870542173802,1219.7,0.10311482664428907,4.766415614078148,4.435570687033697,0.3330486763450021,3.8142343659127995,3.768457432867182,-0.3330486763450021,-4.435570687033697,-3.8142343659127995,-3.8591721673979165,4.158838599487622,-4.158838599487622
NAM-INDIA,2026-07-10,2026-07,2026-07-09,STANDARD,93.0,237.863,9.911,4.247863247863259,2.4785750294068265,4.786324786324787,normal,neutral,Financial Services,1224.0,1219.7,1221.8462168023898,1210.0,0.08180849213771688,2.3325357649823886,0.8964944235189074,-1.4360413414634814,-0.9695341884669998,-1.0139418825743716,1.4360413414634814,-0.8964944235189074,0.9695341884669998,0.9249131968381652,-1.1437908496732025,1.1437908496732025
NATIONALUM,2026-07-01,2026-07,2026-06-30,GOLD,238.0,239.143,7.9714,-1.8037518037518077,2.177177177177181,2.5974025974025974,normal,risk_on,Metals & Mining,337.95,336.2,337.0727286212267,334.5,0.07000267816020095,2.4772101956023365,1.3134469219395926,-1.163763273662744,-0.7632562360503845,-0.8077229722709648,1.163763273662744,-1.3134469219395926,0.7632562360503845,0.7186215834578732,-1.0208610741233877,1.0208610741233877
NATIONALUM,2026-07-02,2026-07,2026-07-01,GOLD,280.0,196.209,7.5465,-1.6899338721528268,-3.463203463203468,2.454077883908897,normal,risk_on,Metals & Mining,335.5,338.0,336.7453600593912,332.5,0.08211965945307144,2.672642615896084,1.1149789680685127,-1.5576636478275714,-1.260703357172451,-1.305027711093341,1.5576636478275714,-1.1149789680685127,1.260703357172451,1.2161016485129832,-0.8941877794336811,0.8941877794336811
NATIONALUM,2026-07-03,2026-07,2026-07-02,ENTERPRISE-Dryup,307.0,226.417,7.8075,-0.5979073243647215,-2.277736958119025,2.690582959641256,normal,risk_on,Metals & Mining,340.0,346.65,343.2927983688925,347.8,0.11232236896953815,3.0003542308312365,1.7207473209967559,0.002097810132269598,1.3129321828255267,1.2678711874985653,-0.002097810132269598,-1.7207473209967559,-1.3129321828255267,-1.3577043330722665,2.294117647058827,-2.294117647058827
NATIONALUM,2026-07-06,2026-07,2026-07-03,STANDARD,115.0,598.314,10.6842,4.601503759398495,3.976083707025424,3.097744360902259,normal,risk_on,Metals & Mining,348.95,348.4,348.6747831074782,351.0,0.09799439401056756,2.122321532417486,1.2404731004560607,-0.8818484319614251,0.6668726862891708,0.621996609987665,0.8818484319614251,-1.2404731004560607,-0.6668726862891708,-0.7116020505996931,0.5874767158618746,-0.5874767158618746
NATIONALUM,2026-07-07,2026-07,2026-07-06,ENTERPRISE-Dryup,123.0,308.2,9.6313,0.9200690051753836,5.563909774436082,2.1276595744680784,normal,risk_on,Metals & Mining,350.0,347.25,348.6195769092865,341.85,0.09429334110539858,2.66766430114161,-0.1920652062120768,-2.1569577290959505,-1.9418235112619489,-1.9859529108856144,2.1569577290959505,0.1920652062120768,1.9418235112619489,1.8972669104658058,-2.328571428571422,2.328571428571422
NATIONALUM,2026-07-08,2026-07,2026-07-07,ENTERPRISE-Dryup,236.0,93.253,7.1733,-2.6068376068375976,-1.7107533064979807,2.6495726495726366,normal,risk_on,Metals & Mining,340.2,344.05,342.11416879795394,351.0,0.1070805321692759,4.340656235366314,3.649609499050002,0.18585351325263955,2.5973291995672545,2.5519005764197793,-0.18585351325263955,-3.649609499050002,-2.5973291995672545,-2.642186410290825,3.174603174603178,-3.174603174603178
NATIONALUM,2026-07-09,2026-07,2026-07-08,STANDARD,16.0,360.082,10.5907,2.676612549363755,0.0,4.344010530934627,normal,risk_off,Metals & Mining,350.1,350.1,350.1,349.7,0.0864341787020964,2.8277634961439686,0.44273064838616233,-2.3421879463010695,-0.1142530705512808,-0.15890556835190917,2.3421879463010695,-0.44273064838616233,0.1142530705512808,0.06957543707513113,-0.1142530705512808,0.1142530705512808
NATIONALUM,2026-07-10,2026-07,2026-07-09,ENTERPRISE-Dryup,137.0,270.842,9.0281,-0.3703703703703764,2.2963287991809134,2.8205128205128305,normal,neutral,Metals & Mining,355.0,357.75,356.3696948439144,355.45,0.08453718763206428,2.735922874774855,2.099029537110874,-0.6368933376639813,-0.25807324731054937,-0.30268458003726467,0.6368933376639813,-2.099029537110874,0.25807324731054937,0.21340513846942577,0.1267605633802785,-0.1267605633802785
NAUKRI,2026-07-01,2026-07,2026-06-30,GOLD,316.0,13.293,6.6465,-0.794253048009308,0.0510204081632714,2.625588101381094,normal,risk_on,Consumer Services,975.0,986.4,980.6668706026308,994.0,0.09814597429644685,2.437117100255784,1.8184696487616219,0.0849553933495562,1.3595982282113692,1.3145238758489013,-0.0849553933495562,-1.8184696487616219,-1.3595982282113692,-1.4043734689636307,1.948717948717949,-1.948717948717949
NAUKRI,2026-07-02,2026-07,2026-07-01,ENTERPRISE-Dryup,117.0,96.902,9.6902,1.37684854665987,0.5716598371022341,2.437531871494133,normal,risk_on,Consumer Services,996.95,1015.15,1005.9676879876745,1031.4,0.10786979952816128,4.6770885945768494,3.7806693461899252,0.5549196141172549,2.5281440264945387,2.4827352059424115,-0.5549196141172549,-3.7806693461899252,-2.5281440264945387,-2.5729966553608374,3.455539395155228,-3.455539395155228
NAUKRI,2026-07-03,2026-07,2026-07-02,STANDARD,97.0,339.575,10.954,3.762575452716299,5.1912289648138765,4.733400402414483,normal,risk_on,Consumer Services,1038.0,1043.35,1040.6681240540995,1035.45,0.0899989605886234,2.6761653745581735,1.3867894684501891,-1.2893759061079844,-0.501420571408623,-0.5459622518041509,1.2893759061079844,-1.3867894684501891,0.501420571408623,0.45676857848738506,-0.2456647398843887,0.2456647398843887
NAUKRI,2026-07-06,2026-07,2026-07-03,GOLD,66.0,400.13,12.1251,0.3926701570680535,4.17002012072436,2.7002133023075343,normal,risk_on,Consumer Services,1034.65,1031.05,1032.8468630488455,1025.0,0.08374890527835253,2.1736039294082974,0.1794203010584031,-1.9409327525737492,-0.7597315080846055,-0.8041992531739726,1.9409327525737492,-0.1794203010584031,0.7597315080846055,0.7150966220634599,-0.9326825496544813,0.9326825496544813
NAUKRI,2026-07-07,2026-07,2026-07-06,GOLD,284.0,13.87,6.9351,-1.0092230431213545,-0.6205158037618896,2.168139456275054,normal,risk_on,Consumer Services,1032.0,1036.0,1033.9961315280464,1157.95,0.1901274172396128,13.360784995959424,12.87759832091229,0.19379844961240886,11.987846442788314,11.939730009452381,-0.19379844961240886,-12.87759832091229,-11.987846442788314,-12.033325549906834,12.20445736434109,-12.20445736434109
NAUKRI,2026-07-08,2026-07,2026-07-07,AVOID,2.0,1130.622,15.2787,12.970731707317086,11.830605050944044,13.478048780487814,extended_move,risk_on,Consumer Services,1172.0,1187.95,1179.9211000233056,1175.0,0.1489177540505648,3.8816154740427407,3.210290923346161,-0.5526725493066191,-0.41707026200382363,-0.46163608565101133,0.5526725493066191,-3.210290923346161,0.41707026200382363,0.3724126828989951,0.25597269624573377,-0.25597269624573377
NAUKRI,2026-07-09,2026-07,2026-07-08,GOLD-baseline,1.0,1139.828,15.6141,1.4724297249449458,14.634146341463406,3.95526577140636,extended_move,risk_off,Consumer Services,1173.05,1175.0,1174.0241902855562,1199.5,0.12350359343690637,4.207749755819307,3.7244385657682613,-0.4662757659384134,2.169956115490889,2.1246498176317763,0.4662757659384134,-3.7244385657682613,-2.169956115490889,-2.2147850230045933,2.254805848003073,-2.254805848003073
NAUKRI,2026-07-10,2026-07,2026-07-09,STANDARD,3.0,1295.646,15.8006,2.085106382978718,3.5882378341033583,4.204255319148944,extended_move,neutral,Consumer Services,1215.0,1219.35,1217.1711134389056,1202.95,0.07785763036390829,2.30041607879527,0.9800500874023588,-1.320365991392911,-1.1683742147582123,-1.212724995680219,1.320365991392911,-0.9800500874023588,1.1683742147582123,1.1237663915089589,-0.9917695473250991,0.9917695473250991
NBCC,2026-07-01,2026-07,2026-06-30,ENTERPRISE-Dryup,252.0,101.45,7.8039,0.6132617861249523,-1.869158878504673,1.935607512456876,normal,risk_on,Construction,105.5,105.19,105.34477193981681,104.39,0.071881385571425,1.7656310472271113,0.3941610509351283,-1.3714699962919827,-0.906330634388071,-0.9507564189959127,1.3714699962919827,-0.3941610509351283,0.906330634388071,0.861705457040664,-1.0521327014218005,1.0521327014218005
NBCC,2026-07-02,2026-07,2026-07-01,GOLD,382.0,23.46,5.8649,-0.580952380952382,0.0287466462246088,1.771428571428571,normal,risk_on,Construction,105.0,103.98,104.48751076658053,103.05,0.08363793398281888,3.052996455362293,0.20336328414805954,-2.5338059516939975,-1.375772813453133,-1.4200642315038297,2.5338059516939975,-0.20336328414805954,1.375772813453133,1.3311787253834768,-1.8571428571428599,1.8571428571428599
NBCC,2026-07-03,2026-07,2026-07-02,ENTERPRISE-Dryup,405.0,37.51,6.2517,-1.2836478589903333,-1.8571428571428568,3.055848261327711,normal,risk_on,Construction,103.7,103.85,103.77494579619369,102.49,0.09031442424582717,2.023609825944153,0.4577735022278692,-1.565836323716284,-1.2382042566586684,-1.282535050407102,1.565836323716284,-0.4577735022278692,1.2382042566586684,1.19360105797377,-1.1668273866923895,1.1668273866923895
NBCC,2026-07-06,2026-07,2026-07-03,ENTERPRISE-Dryup,423.0,11.196,5.5978,-0.5434255215914674,-1.8200977105086724,2.037845705967971,normal,risk_on,Construction,103.0,102.6,102.79961089494162,99.55,0.08742877772591645,3.8035163420958114,-0.19417475728154757,-3.5988569049376355,-3.16111205738185,-3.2048924649221138,3.5988569049376355,0.19417475728154757,3.16111205738185,3.1166362051889624,-3.3495145631067986,3.3495145631067986
NBCC,2026-07-07,2026-07,2026-07-06,ENTERPRISE-Dryup,332.0,23.758,5.9394,-2.868572543662795,-3.3964095099466296,3.815006342082165,normal,risk_on,Construction,99.9,99.8,99.84997496244367,98.44,0.09320239632375753,2.4937412362262155,0.2003255760770743,-2.253355559968794,-1.4120934561816367,-1.4563744783200476,2.253355559968794,-0.2003255760770743,1.4120934561816367,1.3675017734828658,-1.4614614614614694,1.4614614614614694
NBCC,2026-07-08,2026-07,2026-07-07,ENTERPRISE-Dryup,360.0,15.81,5.2699,-1.115017579105981,-3.9516050346375176,2.5012556504269305,normal,risk_on,Construction,97.5,97.67,97.58492596198187,94.98,0.10197324681955591,3.976023921472877,0.6507911255325958,-3.3252327959402814,-2.669393798583929,-2.713314948674536,3.3252327959402814,-0.6507911255325958,2.669393798583929,2.6248853818576343,-2.5846153846153808,2.5846153846153808
NBCC,2026-07-09,2026-07,2026-07-08,ENTERPRISE-Dryup,178.0,108.606,7.2404,-3.514831369362037,-4.590657960823696,3.9414872003250663,normal,risk_off,Construction,95.3,95.68,95.4896219499424,97.95,0.08241715705270898,3.24642608976407,3.0478474944463407,0.07370230253345476,2.576592094319296,2.5311694066705077,-0.07370230253345476,-3.0478474944463407,-2.576592094319296,-2.6214479317073347,2.7806925498426085,-2.7806925498426085
NBCC,2026-07-10,2026-07,2026-07-09,STANDARD,86.0,210.812,10.0387,3.1269740998104867,-0.497765136123518,3.2638450200042204,normal,neutral,Construction,98.59,98.43,98.50993503197647,100.08,0.08173635362707106,2.3246386257961382,2.020166765288754,-0.30447186050738445,1.593813829553217,1.5486724385960393,0.30447186050738445,-2.020166765288754,-1.593813829553217,-1.638604581467893,1.5113094634344202,-1.5113094634344202
NESTLEIND,2026-07-01,2026-07,2026-06-30,GOLD-baseline,107.0,9.959,9.9585,1.6829689298043735,0.2695035460992923,2.4741081703107084,normal,risk_on,Fast Moving Consumer Goods,1414.8,1413.2,1413.9995473833096,1453.0,0.0769747047719225,3.677511785362951,3.2461433740648635,-0.05654509471302046,2.758165848699389,2.712691189921179,0.05654509471302046,-3.2461433740648635,-2.758165848699389,-2.803033710990885,2.70002827254736,-2.70002827254736
NESTLEIND,2026-07-02,2026-07,2026-07-01,STANDARD,175.0,43.64,8.7279,2.7726694016126707,4.502301495972372,3.6780308388739567,normal,risk_on,Fast Moving Consumer Goods,1459.0,1452.4,1455.6925190629936,1445.7,0.06343467359384201,1.2227857028115756,0.4539063607512038,-0.7482705942601797,-0.686444350859588,-0.7309330726388189,0.7482705942601797,-0.4539063607512038,0.686444350859588,0.641804611323168,-0.9115832762165836,0.9115832762165836
NESTLEIND,2026-07-03,2026-07,2026-07-02,GOLD-baseline,359.0,21.099,7.0328,-0.5024088093599444,2.256330456924616,1.2250516173434245,normal,risk_on,Fast Moving Consumer Goods,1448.0,1462.0,1454.9663230240549,1455.0,0.06385848136594255,1.43645936467868,0.6002666067069361,-0.8361927579717441,0.002314622367006526,-0.0423712401380951,0.8361927579717441,-0.6002666067069361,-0.002314622367006526,-0.046999975655187404,0.48342541436464087,-0.48342541436464087
NESTLEIND,2026-07-06,2026-07,2026-07-03,GOLD-baseline,261.0,64.799,8.0999,0.6432869890018678,0.1376462491397001,1.445666459154741,normal,risk_on,Fast Moving Consumer Goods,1457.1,1456.9,1456.999993136582,1469.0,0.060685180396177256,2.045298568316923,1.5717231963824378,-0.2813996675288573,0.8236106328034272,0.7786896940264424,0.2813996675288573,-1.5717231963824378,-0.8236106328034272,-0.8683503772411952,0.816690686980996,-0.816690686980996
NESTLEIND,2026-07-07,2026-07,2026-07-06,ENTERPRISE-Dryup,403.0,0.0,0.0,0.9621993127147732,1.6116760047035994,2.048109965635751,normal,risk_on,Fast Moving Consumer Goods,1465.2,1467.0,1466.0994475138123,1466.9,0.06319789535461097,1.377805580259571,1.1459353944016506,-0.23187018585792032,0.0546042417208048,0.009903412567114023,0.23187018585792032,-1.1459353944016506,-0.0546042417208048,-0.09929305794131701,0.11602511602511911,-0.11602511602511911
NESTLEIND,2026-07-08,2026-07,2026-07-07,ENTERPRISE-Dryup,406.0,0.0,0.0,-0.1429543907420005,0.8178694158075706,1.375085091899254,normal,risk_on,Fast Moving Consumer Goods,1460.0,1468.4,1464.18795246551,1446.8,0.07792047940115215,2.6089546724978856,1.0730895243355119,-1.5358651481623737,-1.187549210211092,-1.23189450275085,1.5358651481623737,-1.0730895243355119,1.187549210211092,1.1429426568450876,-0.9041095890410991,0.9041095890410991
NESTLEIND,2026-07-09,2026-07,2026-07-08,ENTERPRISE-Dryup,412.0,0.0,0.0,-1.3702365532756278,-1.5112321307011567,2.60413116095167,normal,risk_off,Fast Moving Consumer Goods,1452.0,1457.9,1454.9440186948004,1461.1,0.06901843725876473,1.9932038365307887,1.790857996624079,0.16192934401098277,0.4231077777632899,0.37830147331649183,-0.16192934401098277,-1.790857996624079,-0.4231077777632899,-0.46782099849898007,0.6267217630853932,-0.6267217630853932
NESTLEIND,2026-07-10,2026-07,2026-07-09,ENTERPRISE-Dryup,428.0,0.0,0.0,0.988388166989207,-0.3953916422387515,2.004423555432679,normal,neutral,Fast Moving Consumer Goods,1467.0,1463.4,1465.1977886977888,1450.0,0.06215271581093394,1.569753938848182,0.4164769664056432,-1.1532769724425387,-1.0372516813102786,-1.0816399929105438,1.1532769724425387,-0.4164769664056432,1.0372516813102786,0.992635174340125,-1.1588275391956373,1.1588275391956373
NHPC,2026-07-01,2026-07,2026-06-30,ENTERPRISE-Dryup,132.0,95.147,9.5147,-0.2083078054160081,2.8802425467407744,1.6787158436466176,normal,risk_on,Power,81.33,81.32,81.32499969259145,79.26,0.06964404490688142,2.680602530882747,-0.006147792942333851,-2.539194221207676,-2.539194221207676,-2.5831526378025167,2.539194221207676,0.006147792942333851,2.539194221207676,2.4946771818841698,-2.5451862781261445,2.5451862781261445
NHPC,2026-07-02,2026-07,2026-07-01,GOLD,307.0,7.172,7.1719,-2.6768172888015584,-2.8795490748682706,2.6768172888015624,normal,risk_on,Power,80.9,81.08,80.9898999876528,80.55,0.07888041323295465,2.3583187536855617,0.23472064093940487,-1.7284871173642902,-0.5431541312186734,-0.5876838663843112,1.7284871173642902,-0.23472064093940487,0.5431541312186734,0.4985049021441675,-0.432632880098898,0.432632880098898
NHPC,2026-07-03,2026-07,2026-07-02,ENTERPRISE-Dryup,377.0,13.648,6.8238,1.627554882664639,-1.092829076620827,2.4097905627050173,normal,risk_on,Power,80.95,80.6,80.77462086041474,80.61,0.07344974222535897,2.5998265019763678,2.13604114907188,-0.46378535290448836,-0.20380270270685857,-0.2484295690744736,0.46378535290448836,-2.13604114907188,0.20380270270685857,0.15913099974464806,-0.42001235330451314,0.42001235330451314
NHPC,2026-07-06,2026-07,2026-07-03,ENTERPRISE-Dryup,344.0,7.172,7.1719,0.074487895716957,1.7032551097653226,2.607076350093103,normal,risk_on,Power,80.15,80.24,80.19497474904918,80.0,0.06824020287360899,2.020076700652882,0.9414869863273753,-1.0785897143255068,-0.2431258936851176,-0.2877415047330717,1.0785897143255068,-0.9414869863273753,0.2431258936851176,0.1984567949405528,-0.18714909544604574,0.18714909544604574
NHPC,2026-07-07,2026-07,2026-07-06,ENTERPRISE-Dryup,349.0,5.812,5.8119,-0.7567299342513323,-0.6828057107386654,2.009676218831416,normal,risk_on,Power,79.85,80.05,79.94987492182614,78.95,0.0578844665831818,2.7016927820237724,0.21278967395535492,-2.4889031080684174,-1.25062724964085,-1.2949544876056942,2.4889031080684174,-0.21278967395535492,1.25062724964085,1.2060248736810846,-1.1271133375078166,1.1271133375078166
NHPC,2026-07-08,2026-07,2026-07-07,ENTERPRISE-Dryup,239.0,7.172,7.1719,-1.3124999999999942,-2.059297853864284,2.700000000000013,normal,risk_on,Power,78.5,78.58,78.53997962821492,78.91,0.09265711319934926,2.2026998328613008,1.2096009908357352,-0.9930988420255655,0.47112359022327394,0.4263035424025387,0.9930988420255655,-1.2096009908357352,-0.47112359022327394,-0.5158399908541601,0.5222929936305689,-0.5222929936305689
NHPC,2026-07-09,2026-07,2026-07-08,ENTERPRISE-Dryup,189.0,7.172,7.1719,-0.0506649778340806,-1.3624999999999998,2.191260291323609,normal,risk_off,Power,78.5,79.06,78.77900482355929,78.62,0.054650271520991216,1.3963111141904747,0.9659872933722767,-0.43032382081819803,-0.20183654758702255,-0.2464639767193529,0.43032382081819803,-0.9659872933722767,0.20183654758702255,0.15716471441422303,0.15286624203822236,-0.15286624203822236
NHPC,2026-07-10,2026-07,2026-07-09,ENTERPRISE-Dryup,283.0,7.172,7.1719,-0.3675072867823981,-0.4179860671310931,1.3939931567608776,normal,neutral,Power,78.85,79.24,79.0445189449048,79.85,0.04559538365755036,1.3916208418786442,1.1455330074515884,0.006934136823608312,1.0190220218262471,0.9740451512290279,-0.006934136823608312,-1.1455330074515884,-1.0190220218262471,-1.0637747075786645,1.2682308180088777,-1.2682308180088777
NMDC,2026-07-01,2026-07,2026-06-30,GOLD-baseline,225.0,8.058,8.0583,-0.2341920374707262,0.542836912910083,2.5409836065573788,normal,risk_on,Metals & Mining,85.16,84.9,85.02980124661885,84.2,0.07898940219109345,2.4814829260628226,0.20016364955095714,-1.7873748078168934,-0.9758946092465892,-1.020300482836163,1.7873748078168934,-0.20016364955095714,0.9758946092465892,0.9312740388429812,-1.1272898074213171,1.1272898074213171
NMDC,2026-07-02,2026-07,2026-07-01,GOLD,435.0,0.0,0.0,-1.1737089201877882,-1.4051522248243575,2.476525821596244,normal,risk_on,Metals & Mining,85.29,85.6,85.44471882497514,85.7,0.07031238152435387,1.790631441053778,1.2935628909832486,-0.05233655817480879,0.2987676459533794,0.25399693088514874,0.05233655817480879,-1.2935628909832486,-0.2987676459533794,-0.3434726321395003,0.48071286200023045,-0.48071286200023045
NMDC,2026-07-03,2026-07,2026-07-02,GOLD,388.0,13.304,6.6518,1.7814726840855055,0.5868544600938996,1.8171021377672223,normal,risk_on,Metals & Mining,86.52,86.51,86.51499971103277,85.37,0.061788701951937995,1.8840663531692121,0.47968593926298353,-1.4043804139062288,-1.3234695889234938,-1.3677759775169345,1.4043804139062288,-0.47968593926298353,1.3234695889234938,1.2788720370204898,-1.3291724456772902,1.3291724456772902
NMDC,2026-07-06,2026-07,2026-07-03,ENTERPRISE-Dryup,268.0,8.058,8.0583,-0.3850641773628926,1.3895486935866952,1.901983663944002,normal,risk_on,Metals & Mining,85.73,85.04,85.38360601979271,84.66,0.07554186266525681,1.6162353223640062,0.1948781364056201,-1.1871201827172073,-0.8474765280175366,-0.8919191582008282,1.1871201827172073,-0.1948781364056201,0.8474765280175366,0.8028474529980811,-1.2481045141724103,1.2481045141724103
NMDC,2026-07-07,2026-07,2026-07-06,ENTERPRISE-Dryup,404.0,0.0,0.0,-0.8316738901253506,-1.2135355892648805,1.61649291320137,normal,risk_on,Metals & Mining,84.91,84.69,84.79985731132075,84.33,0.06854119299881539,1.2146246852970783,-0.04700162545606529,-1.0847392206613464,-0.554077950385921,-0.5986045588704938,1.0847392206613464,0.04700162545606529,0.554077950385921,0.5094294447522633,-0.683076198327639,0.683076198327639
NMDC,2026-07-08,2026-07,2026-07-07,ENTERPRISE-Dryup,408.0,0.0,0.0,-0.3897944720056667,-1.218226543282186,1.216631230805577,normal,risk_on,Metals & Mining,83.5,83.81,83.65471280855897,83.8,0.0753963526375416,2.1636557454236045,1.6081427408873854,-0.5555130045362192,0.17367484336897193,0.1289399331132538,0.5555130045362192,-1.6081427408873854,-0.17367484336897193,-0.2183715451591489,0.3592814371257451,-0.3592814371257451
NMDC,2026-07-09,2026-07,2026-07-08,ENTERPRISE-Dryup,418.0,0.0,0.0,-0.6284833392624201,-1.015828017954168,2.1463298944622347,normal,risk_off,Metals & Mining,84.0,84.0,84.0,84.25,0.06382827057068717,2.130952380952388,0.940476190476198,-0.26190476190476053,0.2976190476190476,0.2528486613095238,0.26190476190476053,-0.940476190476198,-0.2976190476190476,-0.3423239577380952,0.2976190476190476,-0.2976190476190476
NMDC,2026-07-10,2026-07,2026-07-09,ENTERPRISE-Dryup,439.0,0.0,0.0,0.5369928400954738,-0.0948654096999845,2.136038186157525,normal,neutral,Metals & Mining,85.0,85.1,85.04997060552616,84.81,0.0662879158933012,1.6931222782885162,1.1758139213382213,-0.3526992465611326,-0.282152484965775,-0.3267569255886132,0.3526992465611326,-1.1758139213382213,0.282152484965775,0.23748597079624434,-0.2235294117647032,0.2235294117647032
NTPC,2026-07-01,2026-07,2026-06-30,GOLD,175.0,34.551,8.6379,0.8028169014084652,1.517730496453917,1.5352112676056466,normal,risk_on,Power,358.0,357.15,357.5744948612179,357.4,0.0705085582993086,1.845769229866806,0.9160343329446439,-0.9297348969221622,-0.048799582667559606,-0.093470814958211,0.9297348969221622,-0.9160343329446439,0.048799582667559606,0.004117614468721338,-0.16759776536313484,0.16759776536313484
NTPC,2026-07-02,2026-07,2026-07-01,GOLD,452.0,0.0,0.0,-0.1257510129942796,0.6760563380281637,1.8443481905826529,normal,risk_on,Power,359.95,356.3,358.1156998254799,357.0,0.062432260495327394,2.136181129095441,0.41447503565005867,-1.6239723162972342,-0.31154730887911936,-0.35614333593908815,1.6239723162972342,-0.41447503565005867,0.31154730887911936,0.26688274141119717,-0.8195582719822168,0.8195582719822168
NTPC,2026-07-03,2026-07,2026-07-02,ENTERPRISE-Dryup,448.0,0.0,0.0,-0.1119194180190241,-0.2375296912114022,2.140458869613872,normal,risk_on,Power,358.25,356.5,357.3728576425323,356.6,0.06490808455760368,1.3151530396024746,0.7770994069856119,-0.5380536326168629,-0.21626086760773647,-0.26088416812464454,0.5380536326168629,-0.7770994069856119,0.21626086760773647,0.17158998969995465,-0.4605722260990865,0.4605722260990865
NTPC,2026-07-06,2026-07,2026-07-03,ENTERPRISE-Dryup,455.0,0.0,0.0,-0.1120448179271593,-0.2238388360380372,1.3165266106442546,normal,risk_on,Power,356.0,356.7,356.3496562368458,355.8,0.052246121589535954,1.3329604552341532,0.8559973918220273,-0.476963063412126,-0.1542463216185846,-0.198887372310933,0.476963063412126,-0.8559973918220273,0.1542463216185846,0.1095713367354801,-0.05617977528089568,0.05617977528089568
NTPC,2026-07-07,2026-07,2026-07-06,ENTERPRISE-Dryup,406.0,0.0,0.0,-0.2243409983174404,-0.3361344537815114,1.3320246775098148,normal,risk_on,Power,355.8,356.7,356.2494315789474,352.8,0.05370665145755893,1.2912301304207339,0.1685808784005142,-1.0384385913406189,-0.968263040774274,-1.0126710987171654,1.0384385913406189,-0.1685808784005142,0.968263040774274,0.9236419649624124,-0.8431703204047217,0.8431703204047217
NTPC,2026-07-08,2026-07,2026-07-07,ENTERPRISE-Dryup,405.0,0.0,0.0,-0.8431703204047181,-1.0656197420078506,1.2928611579538971,normal,risk_on,Power,351.95,352.2,352.0749556202514,349.1,0.061357241808467966,1.547965827446803,0.2201361861661639,-1.2852250772224765,-0.8449779152880605,-0.8894212606392793,1.2852250772224765,-0.2201361861661639,0.8449779152880605,0.8003486747954784,-0.8097741156414167,0.8097741156414167
NTPC,2026-07-09,2026-07,2026-07-08,ENTERPRISE-Dryup,430.0,0.0,0.0,-1.0487528344671149,-1.883080382237212,1.544784580498863,normal,risk_off,Power,349.0,346.75,347.87136183974127,344.4,0.06447338060055495,2.2709544005635567,0.022605528619210447,-1.3715879957773978,-0.997886638722647,-1.0422862176215921,1.3715879957773978,-0.022605528619210447,0.997886638722647,0.9532675247631831,-1.3180515759312386,1.3180515759312386
NTPC,2026-07-10,2026-07,2026-07-09,ENTERPRISE-Dryup,430.0,0.0,0.0,-1.346319106273286,-2.3809523809523947,2.2629619020337945,normal,neutral,Power,344.5,345.25,344.87459224356655,345.05,0.06560477357458488,1.6237786505435114,1.1382130909954513,-0.4855655595480602,0.05086131607792574,0.006161558246870015,0.4855655595480602,-1.1382130909954513,-0.05086131607792574,-0.09554988441944431,0.15965166908563466,-0.15965166908563466
NUVAMA,2026-07-01,2026-07,2026-06-30,GOLD-baseline,112.0,236.511,9.8546,1.8674766565417888,2.89772727272728,2.5424682191472634,extended_move,risk_on,Financial Services,1810.0,1808.9,1809.4498328221282,1785.0,0.0951681852519497,3.0451244903575243,-0.03038674033148281,-2.4620650992376767,-1.3512302125555342,-1.3955286553367152,2.4620650992376767,0.03038674033148281,1.3512302125555342,1.3066344991275909,-1.3812154696132597,1.3812154696132597
NUVAMA,2026-07-02,2026-07,2026-07-01,GOLD,239.0,119.738,7.9825,-1.4356709000552192,0.4049949375632744,3.042517945886245,normal,risk_on,Financial Services,1800.0,1805.0,1802.49653259362,1815.8,0.07826437707702912,1.9417513080947981,1.1929824561403477,-0.7487688519544509,0.7380578639581351,0.6931614126079658,0.7487688519544509,-1.1929824561403477,-0.7380578639581351,-0.7827919425782336,0.8777777777777752,-0.8777777777777752
NUVAMA,2026-07-03,2026-07,2026-07-02,GOLD,176.0,232.627,9.6928,1.7254901960784386,0.265046935394797,1.96078431372549,extended_move,risk_on,Financial Services,1840.0,1836.7,1838.348519052411,1876.0,0.19090204953858758,6.913814148011197,6.345449719605828,-0.568364428405369,2.04811441124324,2.0028429876477674,0.568364428405369,-6.345449719605828,-2.04811441124324,-2.0929352496682387,1.956521739130435,-1.956521739130435
NUVAMA,2026-07-06,2026-07,2026-07-03,STANDARD,35.0,858.219,13.8422,3.3153430994602884,5.098039215686279,6.99966956713294,extended_move,risk_on,Financial Services,1878.2,1874.5,1876.3481759799608,1870.2,0.096990304227831,2.1904250248509767,0.018750465640816137,-1.6174064264011605,-0.3276671173648136,-0.3722585305164787,1.6174064264011605,-0.018750465640816137,0.3276671173648136,0.28300361744732816,-0.42593972952827175,0.42593972952827175
NUVAMA,2026-07-07,2026-07,2026-07-06,GOLD,183.0,145.975,8.5868,-0.3091684434967989,2.995924661306315,2.190831556503193,extended_move,risk_on,Financial Services,1869.9,1875.3,1872.596107016982,1909.2,0.09616132151084862,3.6153017592162544,2.947987170119509,-0.6673145890967453,1.9547137178089928,1.9094690279203992,0.6673145890967453,-2.947987170119509,-1.9547137178089928,-1.9995283706796685,2.101716669340604,-2.101716669340604
NUVAMA,2026-07-08,2026-07,2026-07-07,STANDARD,74.0,203.945,9.7117,2.0853384664741847,1.769722814498942,3.619933696930812,extended_move,risk_on,Financial Services,1901.0,1903.5,1902.2491786042845,1850.0,0.1097469706832351,4.310686576832428,0.7754410705824827,-3.535245506249945,-2.746705278780598,-2.790604300315474,3.535245506249945,-0.7754410705824827,2.746705278780598,2.7022019820843908,-2.6827985270910046,2.6827985270910046
NUVAMA,2026-07-09,2026-07,2026-07-08,ENTERPRISE-Dryup,170.0,73.412,7.3412,-3.100775193798455,-1.080098385199446,4.29499266708569,extended_move,risk_off,Financial Services,1860.0,1872.7,1866.3283949955796,1947.0,0.13271141287498597,4.833018682128216,4.483219846452507,0.30924916643268185,4.322476431304119,4.276554026165092,-0.30924916643268185,-4.483219846452507,-4.322476431304119,-4.367447891628258,4.67741935483871,-4.67741935483871
NUVAMA,2026-07-10,2026-07,2026-07-09,STANDARD-weak,46.0,502.728,11.1717,5.243243243243234,1.9798868636077935,4.875675675675678,extended_move,neutral,Financial Services,1960.0,1967.7,1963.8424523257886,1980.9,0.10389261029613796,2.5409370258242086,1.5203636951045132,-1.0205733307196954,0.8685802496025152,0.8236464393519924,1.0205733307196954,-1.5203636951045132,-0.8685802496025152,-0.9133229721981254,1.0663265306122496,-1.0663265306122496
NYKAA,2026-07-01,2026-07,2026-06-30,STANDARD,126.0,95.523,9.5523,2.7613412228796985,3.853820598006652,3.747534516765279,extended_move,risk_on,Consumer Services,310.6,311.45,311.02441925890196,308.0,0.07085937646095639,1.5593630916686323,0.4744260095763555,-1.0849370820922768,-0.9724057249615441,-1.0168125971605113,1.0849370820922768,-0.4744260095763555,0.9724057249615441,0.9277849235030854,-0.8370895041854547,0.8370895041854547
NYKAA,2026-07-02,2026-07,2026-07-01,GOLD,115.0,19.445,9.7223,-1.4715291106845885,1.2491781722550943,1.5515035188739674,normal,risk_on,Consumer Services,309.6,310.3,309.94960477496375,314.0,0.08715713867598612,2.3390899321403555,1.5810296737091074,-0.7580602584312482,1.3067915437340238,1.261732306017627,0.7580602584312482,-1.5810296737091074,-1.3067915437340238,-1.3515632873107992,1.4211886304909487,-1.4211886304909487
NYKAA,2026-07-03,2026-07,2026-07-02,ENTERPRISE-Dryup,198.0,112.334,9.3612,1.9480519480519431,0.4478566858605148,2.353896103896104,extended_move,risk_on,Consumer Services,314.0,314.95,314.47428253438267,307.4,0.07995835526349937,3.5932986026494813,0.7713563875774477,-2.8219422150720335,-2.249558366862394,-2.2935996847692808,2.8219422150720335,-0.7713563875774477,2.249558366862394,2.205022146114798,-2.101910828025485,2.101910828025485
NYKAA,2026-07-06,2026-07,2026-07-03,ENTERPRISE-Dryup,233.0,25.437,8.4791,-2.1019108280254883,-0.1948051948052032,3.5987261146496667,normal,risk_on,Consumer Services,313.6,315.95,314.77061393058534,313.0,0.11130544843114469,2.795686639903631,1.5977940274068194,-1.1978926124968114,-0.5625092852459872,-0.6070334804633084,1.1978926124968114,-1.5977940274068194,0.5625092852459872,0.5178613379859119,-0.19132653061225213,0.19132653061225213
NYKAA,2026-07-07,2026-07,2026-07-06,ENTERPRISE-Dryup,460.0,0.0,0.0,1.8217306441119077,-0.3184713375796177,2.862719583604428,extended_move,risk_on,Consumer Services,315.7,314.05,314.87283842794756,314.3,0.08599402136500582,1.873772291524623,0.7549592349472882,-0.737706827792668,-0.1819269108150234,-0.22656003860304846,0.737706827792668,-0.7549592349472882,0.1819269108150234,0.13725375910661902,-0.4434589800443387,0.4434589800443387
NYKAA,2026-07-08,2026-07,2026-07-07,ENTERPRISE-Dryup,462.0,0.0,0.0,0.4153354632587813,2.244632400780744,1.8849840255590984,extended_move,risk_on,Consumer Services,313.55,316.0,314.77023270590104,319.3,0.09344418627120658,4.241188845983831,3.4087617503921015,0.07299524231493676,1.4390710503846362,1.3939739508341689,-0.07299524231493676,-3.4087617503921015,-1.4390710503846362,-1.483851554304019,1.833838303300909,-1.833838303300909
NYKAA,2026-07-09,2026-07,2026-07-08,GOLD-baseline,138.0,38.58,7.7161,1.590836780146354,2.01277955271566,4.2475342029907805,extended_move,risk_off,Consumer Services,320.0,320.75,320.3745610612563,325.85,0.0757685214045649,1.8884146044426984,1.7246809236165246,0.11718750000000774,1.7090741913484169,1.663899809878924,-0.11718750000000774,-1.7246809236165246,-1.7090741913484169,-1.7538725764958132,1.828125000000007,-1.828125000000007
NYKAA,2026-07-10,2026-07,2026-07-09,STANDARD,142.0,151.816,8.9303,2.051362355151909,3.674832962138086,1.8947698089570797,extended_move,neutral,Consumer Services,328.0,327.6,327.7998779743746,328.55,0.07215301437389265,1.9219043151970014,0.9609893832454758,-0.9609149319515259,0.22883535840853095,0.1840846597792351,0.9609149319515259,-0.9609893832454758,-0.22883535840853095,-0.2735357132589769,0.16768292682927177,-0.16768292682927177
OBEROIRLTY,2026-07-01,2026-07,2026-06-30,GOLD-baseline,1.0,16.765,16.765,0.1700680272108901,0.5806010928961713,2.1995464852607816,normal,risk_on,Realty,1783.0,1780.0,1781.4987370193655,1810.0,0.08146887192332909,3.171486952302331,1.8805100606855099,-1.2909768916168214,1.599847498534861,1.5547043805847454,1.2909768916168214,-1.8805100606855099,-1.599847498534861,-1.644638650035299,1.5143017386427369,-1.5143017386427369
OBEROIRLTY,2026-07-02,2026-07,2026-07-01,STANDARD,91.0,60.852,10.1421,2.43350311262025,2.6077097505669,3.1975099037917376,normal,risk_on,Realty,1822.9,1818.1,1820.4968360340567,1856.8,0.0955009701689226,3.367212663414549,2.9499180060612122,-0.14264435854301427,1.994134966201286,1.94887899292645,0.14264435854301427,-2.9499180060612122,-1.994134966201286,-2.0389522297835576,1.8596741455921808,-1.8596741455921808
OBEROIRLTY,2026-07-03,2026-07,2026-07-02,STANDARD,112.0,278.656,10.7176,2.585635359116023,5.082059988681387,3.38674033149171,normal,risk_on,Realty,1885.0,1866.9,1875.9063407873346,1930.0,0.08526153919621723,4.243282208140044,3.645899463400714,-0.581390475110664,2.8836012777675166,2.8380907161081863,0.581390475110664,-3.645899463400714,-2.8836012777675166,-2.928477447145738,2.3872679045092835,-2.3872679045092835
OBEROIRLTY,2026-07-06,2026-07,2026-07-03,STANDARD,45.0,707.827,13.3552,3.94226626454115,6.629834254143652,4.286945282205941,extended_move,risk_on,Realty,1960.5,1974.6,1967.5247388884652,1949.9,0.09555558556528408,2.038093814396155,0.9440928870875912,-1.0940009273085638,-0.8957823269059402,-0.9402111307136392,1.0940009273085638,-0.9440928870875912,0.8957823269059402,0.8511564509863219,-0.5406783983677587,0.5406783983677587
OBEROIRLTY,2026-07-07,2026-07,2026-07-06,GOLD-baseline,461.0,0.0,0.0,1.0310880829015543,5.014002585092636,2.0777202072538814,extended_move,risk_on,Realty,1964.0,1957.0,1960.4937515939812,1904.4,0.09188863704804028,3.381801137906964,0.40327842920135404,-2.97852270870561,-2.8612053238310002,-2.9050715724759812,2.97852270870561,-0.40327842920135404,2.8612053238310002,2.8167096100147764,-3.0346232179226025,3.0346232179226025
OBEROIRLTY,2026-07-08,2026-07,2026-07-07,GOLD-baseline,260.0,6.962,6.962,-2.3334529975896245,-1.326424870466314,3.4001743679163123,extended_move,risk_on,Realty,1900.1,1895.7,1897.897449812951,1867.4,0.09843612743523664,3.5249533638708184,1.4280302758044243,-2.096923088066394,-1.6069071495910696,-1.6511324109852707,2.096923088066394,-1.4280302758044243,1.6069071495910696,1.5623283686239584,-1.7209620546286941,1.7209620546286941
OBEROIRLTY,2026-07-09,2026-07,2026-07-08,GOLD,34.0,19.359,9.6793,-1.9428691451375717,-4.23098620442074,3.512917454316325,normal,risk_off,Realty,1870.0,1879.4,1874.6882167813517,1875.0,0.18511235589970731,5.270209686900869,2.390359251075124,-2.8798504358257446,0.01663120383738345,-0.02805875644556611,2.8798504358257446,-2.390359251075124,-0.01663120383738345,-0.06131750525548878,0.267379679144385,-0.267379679144385
OBEROIRLTY,2026-07-10,2026-07,2026-07-09,GOLD-baseline,101.0,135.8,9.7,0.4069829709756778,-1.5437933207309462,5.290778622683943,extended_move,neutral,Realty,1890.1,1861.2,1875.53867725855,1898.1,0.12295654740537819,4.697317153105822,3.1223735053573085,-1.5749436477485133,1.2029249524423282,1.1578954440448905,1.5749436477485133,-3.1223735053573085,-1.2029249524423282,-1.2476898173502287,0.4232580286757315,-0.4232580286757315
OFSS,2026-07-01,2026-07,2026-06-30,GOLD-baseline,273.0,37.09,7.4181,-1.374080882352946,-2.049292560474669,2.2058823529411766,normal,risk_on,Information Technology,10665.0,10634.0,10649.477440255412,10860.0,0.13578337820911102,5.446276620180244,4.5121703148381265,-0.5397207569842378,1.9768346468231852,1.9315836253495635,0.5397207569842378,-4.5121703148381265,-1.9768346468231852,-2.0216507646745057,1.8284106891701828,-1.8284106891701828
OFSS,2026-07-02,2026-07,2026-07-01,GOLD-baseline,251.0,109.626,7.8304,1.2068403149899876,-0.183823529411764,5.405153534318066,normal,risk_on,Information Technology,10971.0,11095.0,11032.651590682499,10962.0,0.12337302149942951,2.927673346204334,2.1966469921172327,-0.721962349919286,-0.6403863124089486,-0.684888217196293,0.721962349919286,-2.1966469921172327,0.6403863124089486,0.5957435226328742,-0.08203445447087777,0.08203445447087777
OFSS,2026-07-03,2026-07,2026-07-02,GOLD-baseline,304.0,156.722,7.8361,0.939226519337022,2.157401798611436,2.9742173112338857,normal,risk_on,Information Technology,11000.0,11096.0,11047.791455467053,11240.0,0.1138098263513735,3.104692927836403,2.092803303401713,-1.0118896244346898,1.7397915710821221,1.6946083974998976,1.0118896244346898,-2.092803303401713,-1.7397915710821221,-1.7845919905187086,2.181818181818182,-2.181818181818182
OFSS,2026-07-06,2026-07,2026-07-03,STANDARD,82.0,441.606,11.6212,2.5360335705163277,3.4990791896869267,3.1289910600255424,normal,risk_on,Information Technology,11260.0,11294.0,11276.974372616833,11100.0,0.08146656217286731,2.811037690834442,0.7362402772216392,-2.074797413612803,-1.569342686869701,-1.613578700189809,2.074797413612803,-0.7362402772216392,1.569342686869701,1.5247614181584817,-1.4209591474245116,1.4209591474245116
OFSS,2026-07-07,2026-07,2026-07-06,ENTERPRISE-Dryup,246.0,30.146,7.5364,-1.245551601423489,1.258894362342633,2.820284697508897,normal,risk_on,Information Technology,11159.0,11107.0,11132.93927961915,11120.0,0.09435665498061549,1.6617354622482834,0.8718337353958044,-0.7899017268524791,-0.1162251881031749,-0.1608771214324849,0.7899017268524791,-0.8718337353958044,0.1162251881031749,0.07154768523248223,-0.3494936822295905,0.3494936822295905
OFSS,2026-07-08,2026-07,2026-07-07,ENTERPRISE-Dryup,210.0,30.146,7.5364,0.1801801801801783,-1.067615658362986,1.6666666666666667,normal,risk_on,Information Technology,11101.0,11172.0,11136.386836079557,10984.0,0.09157219786555093,2.334689013833953,0.31979100981894776,-1.835306541412394,-1.368368738645603,-1.4126622759350154,1.835306541412394,-0.31979100981894776,1.368368738645603,1.3237741602336885,-1.053959102783533,1.053959102783533
OFSS,2026-07-09,2026-07,2026-07-08,ENTERPRISE-Dryup,155.0,30.128,7.5321,-1.2230215827338076,-1.0450450450450457,2.338129496402878,normal,risk_off,Information Technology,11003.0,11020.0,11011.493438677746,11168.0,0.1240591118146942,4.222860437501536,2.1205712251715556,-2.1022892123299806,1.421301862402484,1.376209848855616,2.1022892123299806,-2.1205712251715556,-1.421301862402484,-1.4660811895396235,1.499591020630737,-1.499591020630737
OFSS,2026-07-10,2026-07,2026-07-09,ENTERPRISE-Dryup,242.0,91.938,7.6615,1.6751638747268816,0.4316546762589857,4.233430444282593,extended_move,neutral,Information Technology,11340.0,11400.0,11369.920844327176,11650.0,0.12589740062399535,3.8346792908196417,2.7711640211640245,-1.0635152696556172,2.4633342615798792,2.4179439912675242,1.0635152696556172,-2.7711640211640245,-2.4633342615798792,-2.508182598354687,2.7336860670194003,-2.7336860670194003
OIL,2026-07-01,2026-07,2026-06-30,GOLD,110.0,109.089,9.9171,1.0882708585247869,2.9556650246305383,1.7896009673518825,normal,risk_on,Oil Gas & Consumable Fuels,419.05,416.3,417.6704734542407,420.0,0.0793734276598286,2.2864915302772277,1.0246179267513211,-1.2618736035259068,0.5577426928203719,0.5128978523603768,1.2618736035259068,-1.0246179267513211,-0.5577426928203719,-0.6024648298879467,0.22670325736785313,-0.22670325736785313
OIL,2026-07-02,2026-07,2026-07-01,GOLD,107.0,78.652,9.8315,0.4784688995215225,1.5719467956469169,2.2846889952153138,normal,risk_on,Oil Gas & Consumable Fuels,415.0,413.5,414.24864212432107,418.3,0.0856647500786186,2.836460715898661,2.3057065019449037,-0.5307542139537575,0.9780014859923388,0.9330363565390092,0.5307542139537575,-2.3057065019449037,-0.9780014859923388,-1.0227514551187502,0.795180722891569,-0.795180722891569
OIL,2026-07-03,2026-07,2026-07-02,ENTERPRISE-Dryup,311.0,30.916,7.7291,-0.4047619047618966,0.0717703349282228,2.797619047619048,normal,risk_on,Oil Gas & Consumable Fuels,422.0,420.25,421.12318195310183,422.0,0.09511355727927007,2.315237065502085,1.5023675537298578,-0.812869511772227,0.2082093991671567,0.16346460422367068,0.812869511772227,-1.5023675537298578,-0.2082093991671567,-0.25290838804282595,0.0,0.0
OIL,2026-07-06,2026-07,2026-07-03,ENTERPRISE-Dryup,340.0,43.097,7.1828,0.8845326320822355,0.4761904761904745,2.330863016973464,normal,risk_on,Oil Gas & Consumable Fuels,422.1,421.05,421.5743462017435,426.0,0.06392233089813355,1.8502074593190114,1.251417180810117,-0.3022826728487966,1.0497920089612456,1.0048063311936886,0.3022826728487966,-1.251417180810117,-1.0497920089612456,-1.094546732486831,0.9239516702203215,-0.9239516702203215
OIL,2026-07-07,2026-07,2026-07-06,ENTERPRISE-Dryup,105.0,88.482,9.8314,0.9478672985782088,1.8407841262251925,1.848341232227491,normal,risk_on,Oil Gas & Consumable Fuels,426.0,425.6,425.7999060591827,422.5,0.0687579638241132,1.2916865226446397,0.2818445762293051,-1.0098419464153348,-0.7749898513890365,-0.8194532291438329,1.0098419464153348,-0.2818445762293051,0.7749898513890365,0.7303559758669347,-0.8215962441314555,0.8215962441314555
OIL,2026-07-08,2026-07,2026-07-07,ENTERPRISE-Dryup,281.0,6.499,6.4987,-0.8215962441314506,0.1184834123222788,1.2910798122065728,normal,risk_on,Oil Gas & Consumable Fuels,427.1,431.0,429.0411373965738,431.5,0.10868053018693519,2.3657405118749883,0.8761077378815099,-1.2215932086086325,0.5731064900551534,0.5282572520769309,1.2215932086086325,-0.8761077378815099,-0.5731064900551534,-0.6178296446055638,1.030203699367824,-1.030203699367824
OIL,2026-07-09,2026-07,2026-07-08,STANDARD,25.0,69.465,9.9235,2.130177514792897,1.2910798122065748,2.40236686390532,normal,risk_off,Oil Gas & Consumable Fuels,432.4,428.3,430.3402346926919,422.5,0.0785062791074072,2.672304161429899,0.7807230271432304,-1.8915811342866689,-1.8218688518145814,-1.866032585580602,1.8915811342866689,-0.7807230271432304,1.8218688518145814,1.7773043069011616,-2.289546716003695,2.289546716003695
OIL,2026-07-10,2026-07,2026-07-09,GOLD,470.0,0.0,0.0,-2.085747392815762,0.0,2.6651216685979144,normal,neutral,Oil Gas & Consumable Fuels,424.4,421.5,422.94502896323445,425.15,0.0705213203964325,1.229474197331685,0.722309242942092,-0.44805561797941545,0.521337499147484,0.47650307880045295,0.44805561797941545,-0.722309242942092,-0.521337499147484,-0.5660572252447025,0.17672007540056553,-0.17672007540056553
ONGC,2026-07-01,2026-07,2026-06-30,GOLD-baseline,125.0,47.823,9.5647,0.4698846646732146,0.8792622775037451,3.566851772746687,normal,risk_on,Oil Gas & Consumable Fuels,235.7,234.51,235.10349418344993,234.92,0.05171794221452623,1.097389049431492,0.35580322591775343,-0.6735306886652749,-0.07804825874121549,-0.12271111930030904,0.6735306886652749,-0.35580322591775343,0.07804825874121549,0.033368227565198874,-0.3309291472210442,0.3309291472210442
ONGC,2026-07-02,2026-07,2026-07-01,GOLD,389.0,17.112,5.704,-0.1190476190476186,0.3502776591200351,1.0969387755101974,normal,risk_on,Oil Gas & Consumable Fuels,234.0,232.44,233.2173913043478,236.18,0.06704224117115266,2.3711782252050715,1.3346383296047835,-0.33333333333332904,1.2703206562267046,1.2252718574265555,0.33333333333332904,-1.3346383296047835,-1.2703206562267046,-1.315089984482484,0.9316239316239346,-0.9316239316239346
ONGC,2026-07-03,2026-07,2026-07-02,GOLD,142.0,70.993,10.1419,0.5363528009535212,0.4166666666666652,2.3539928486293213,normal,risk_on,Oil Gas & Consumable Fuels,237.2,236.55,236.87455408970976,237.8,0.05203822895840637,1.4226939710559543,1.1928026297076078,-0.22989134134834668,0.3906903018125631,0.34589327609023646,0.22989134134834668,-1.1928026297076078,-0.3906903018125631,-0.4354013756684909,0.25295109612142613,-0.25295109612142613
ONGC,2026-07-06,2026-07,2026-07-03,ENTERPRISE-Dryup,187.0,92.272,9.2272,0.6859175205351953,1.2259492593223342,1.426877805063924,normal,risk_on,Oil Gas & Consumable Fuels,239.6,237.59,238.59076678052767,243.62,0.07886494994800974,3.164414156456019,2.430619297521622,-0.7337948589343971,2.1078909663333993,2.0626024331336694,0.7337948589343971,-2.430619297521622,-2.1078909663333993,-2.152715763520536,1.6777963272120242,-1.6777963272120242
ONGC,2026-07-07,2026-07,2026-07-06,STANDARD,23.0,92.684,11.5855,2.4474348191757755,3.1501397239393603,3.174936921783004,normal,risk_on,Oil Gas & Consumable Fuels,244.05,244.08,244.06499907811445,243.47,0.06221068572321184,1.0611927190637682,0.44045681517056534,-0.567471404480726,-0.24378713882035252,-0.28840256060275654,0.567471404480726,-0.44045681517056534,0.24378713882035252,0.19911808386740804,-0.2376562179881223,0.2376562179881223
ONGC,2026-07-08,2026-07,2026-07-07,GOLD,231.0,21.973,7.3243,-0.0615712995648998,2.384356602186699,1.0631311058205417,normal,risk_on,Oil Gas & Consumable Fuels,246.82,247.66,247.23928652321632,247.0,0.09175231286246753,2.7786846081821612,0.44924635255302525,-2.3294382556291358,-0.09678337394565009,-0.14144087202765912,2.3294382556291358,-0.44924635255302525,0.09678337394565009,0.05210458352137302,0.07292763957540184,-0.07292763957540184
ONGC,2026-07-09,2026-07,2026-07-08,GOLD-baseline,80.0,76.59,8.5099,1.4498706206103495,1.387406616862319,2.821702879204832,normal,risk_off,Oil Gas & Consumable Fuels,249.59,247.84,248.71192167742197,243.49,0.07278843479975435,2.6858382802670517,-0.29428491906844667,-2.3327879251992734,-2.099586397870692,-2.143670641654375,2.3327879251992734,0.29428491906844667,2.099586397870692,2.055040245079477,-2.444008173404381,2.444008173404381
ONGC,2026-07-10,2026-07,2026-07-09,GOLD,429.0,0.0,0.0,-1.4210526315789451,0.008214564422726,2.704453441295549,normal,neutral,Oil Gas & Consumable Fuels,243.65,243.86,243.75495477015858,244.95,0.04819888354028127,0.8122911806518852,0.6707741515995548,-0.014340127031074007,0.49026500034358034,0.445439473753592,0.014340127031074007,-0.6707741515995548,-0.49026500034358034,-0.5349826686334931,0.5335522265544769,-0.5335522265544769
PAGEIND,2026-07-01,2026-07,2026-06-30,STANDARD,20.0,154.481,11.8832,2.673267326732676,1.2942612942612897,3.316831683168317,normal,risk_on,Textiles,42225.0,42640.0,42431.48530018264,43545.0,0.14202936584581655,3.841487019529302,3.35485474936045,-0.15668859977983188,2.6242651934990495,2.578828860569775,0.15668859977983188,-3.35485474936045,-2.6242651934990495,-2.669124188085754,3.126110124333925,-3.126110124333925
PAGEIND,2026-07-02,2026-07,2026-07-01,STANDARD,36.0,539.567,11.241,4.978302796528444,7.784653465346536,3.9296046287367408,extended_move,risk_on,Textiles,43500.0,43385.0,43442.42389365253,42940.0,0.07708190226242402,2.0371791458195068,0.46630940033037593,-1.570869745489131,-1.1565282243055026,-1.2008823958579726,1.570869745489131,-0.46630940033037593,1.1565282243055026,1.1119196165436855,-1.2873563218390804,1.2873563218390804
PAGEIND,2026-07-03,2026-07,2026-07-02,GOLD-baseline,67.0,444.604,11.4001,-1.389367321162016,3.5197685631629616,2.032380296245264,normal,risk_on,Textiles,42900.0,43160.0,43029.60725075528,42755.0,0.07927735225466997,1.673266492543601,0.44246917740894887,-1.044878815963141,-0.6381820990254603,-0.6826846347159846,1.044878815963141,-0.44246917740894887,0.6381820990254603,0.5935391632731504,-0.33799533799533804,0.33799533799533804
PAGEIND,2026-07-06,2026-07,2026-07-03,GOLD,160.0,282.317,9.7351,-0.4308337214718238,-1.8142151796991637,1.6767582673497905,normal,risk_on,Textiles,42650.0,42630.0,42639.99765478424,42490.0,0.06950982247833895,1.3133208977490822,0.3986922011396678,-0.9146286966094144,-0.35177688328837914,-0.39636139559818306,0.9146286966094144,-0.3986922011396678,0.35177688328837914,0.3071149800642518,-0.37514654161781946,0.37514654161781946
PAGEIND,2026-07-07,2026-07,2026-07-06,ENTERPRISE-Dryup,11.0,12.281,12.2812,-0.6198105484738647,-1.0479739170936142,1.3097883288504268,normal,risk_on,Textiles,42290.0,42400.0,42344.92856299446,41605.0,0.08335214355725534,2.562290306821274,0.4252491221886456,-1.7473841333648772,-1.7473841333648772,-1.7915691865939207,1.7473841333648772,-0.4252491221886456,1.7473841333648772,1.7028146556264934,-1.6197682667297233,1.6197682667297233
PAGEIND,2026-07-08,2026-07,2026-07-07,ENTERPRISE-Dryup,407.0,0.0,0.0,-2.082843021887504,-2.689743889603557,2.5535420098846786,normal,risk_on,Textiles,41765.0,42170.0,41966.52290462858,41395.0,0.12725104725134617,3.669591601619561,1.9503095294109918,-1.7192820722085695,-1.3618543188040666,-1.4061497206898126,1.7192820722085695,-1.9503095294109918,1.3618543188040666,1.3172593089681837,-0.885909254160182,0.885909254160182
PAGEIND,2026-07-09,2026-07,2026-07-08,GOLD-baseline,225.0,6.994,6.9941,-0.5047470255978848,-2.577076959284541,3.7014781877178224,normal,risk_off,Textiles,41640.0,40790.0,41210.61749363096,40310.0,0.15399764305012345,5.265633305143681,-0.05002956734183391,-4.1266489003562965,-2.1854015989208384,-2.2294612801627856,4.1266489003562965,0.05002956734183391,2.1854015989208384,2.1408611293271287,-3.1940441882804995,3.1940441882804995
PAGEIND,2026-07-10,2026-07,2026-07-09,GOLD-baseline,256.0,37.508,7.5015,-2.6210895035632342,-3.1126066578536227,5.242179007126464,normal,neutral,Textiles,40605.0,40730.0,40667.403946640436,39445.0,0.10924300896824851,4.094188068126111,0.1908065079870304,-3.4853563519820607,-3.005856848507831,-3.04968169412551,3.4853563519820607,-0.1908065079870304,3.005856848507831,2.9613707143834804,-2.8567910355867503,2.8567910355867503
PATANJALI,2026-07-01,2026-07,2026-06-30,GOLD,55.0,33.039,11.0131,-0.8364650260637596,-0.2682272616435055,1.7092980967389877,normal,risk_on,Fast Moving Consumer Goods,411.0,411.3,411.14994527544695,412.85,0.06386728256058576,1.3498724890457736,1.106665530869707,-0.13375783744261438,0.41348776622459,0.3686842152752146,0.13375783744261438,-1.106665530869707,-0.41348776622459,-0.458200349865396,0.4501216545012221,-0.4501216545012221
PATANJALI,2026-07-02,2026-07,2026-07-01,GOLD,375.0,6.102,6.1022,0.9413202933985289,0.0969814522972623,1.356968215158927,normal,risk_on,Fast Moving Consumer Goods,414.3,414.0,414.149945671858,413.0,0.09129339352644687,1.7988653814536242,0.7123155173559826,-1.0865498640976414,-0.277664088544669,-0.3222698138632612,1.0865498640976414,-0.7123155173559826,0.277664088544669,0.23299727712659696,-0.3137822833695417,0.3137822833695417
PATANJALI,2026-07-03,2026-07,2026-07-02,GOLD-baseline,409.0,6.102,6.1022,0.036332808526085,0.9779951100244544,1.8045294901295976,normal,risk_on,Fast Moving Consumer Goods,415.0,415.2,415.0999759094194,412.55,0.06099295370607438,1.1563479350929757,0.38545511525872095,-0.7708928198342548,-0.6143040369570733,-0.6588134071697912,0.7708928198342548,-0.38545511525872095,0.6143040369570733,0.5696595198562248,-0.5903614457831298,0.5903614457831298
PATANJALI,2026-07-06,2026-07,2026-07-03,GOLD,410.0,6.102,6.1022,-0.1089588377723993,-0.0726656170522033,1.1622276029055718,normal,risk_on,Fast Moving Consumer Goods,415.0,414.4,414.69978297564506,414.6,0.05353455010688005,1.2177484067544335,0.6752395683118527,-0.5425088384425808,-0.024061496953062457,-0.06873980992703557,0.5425088384425808,-0.6752395683118527,0.024061496953062457,-0.020622109550240332,-0.09638554216866922,0.09638554216866922
PATANJALI,2026-07-07,2026-07,2026-07-06,GOLD,323.0,6.102,6.1022,0.496909465519324,0.3874092009685359,1.2240940492061596,normal,risk_on,Fast Moving Consumer Goods,415.5,414.75,415.1246612466125,412.9,0.05566755876024714,1.3610369432240235,0.33130740757664845,-1.029729535647375,-0.5359019721767206,-0.5804337830988324,1.029729535647375,-0.33130740757664845,0.5359019721767206,0.49125226282073003,-0.6257521058965156,0.6257521058965156
PATANJALI,2026-07-08,2026-07,2026-07-07,ENTERPRISE-Dryup,309.0,6.102,6.1022,-0.4100337674867504,0.0848382014301263,1.3627592860588464,normal,risk_on,Fast Moving Consumer Goods,414.4,411.5,412.9449085845744,408.8,0.0806248248954342,1.7920065960770644,0.3402612276397223,-1.4396372157611568,-1.003743719418083,-1.0481416218682489,1.4396372157611568,-0.3402612276397223,1.003743719418083,0.9591249933496451,-1.3513513513513433,1.3513513513513433
PATANJALI,2026-07-09,2026-07,2026-07-08,ENTERPRISE-Dryup,329.0,6.102,6.1022,-0.992976507628962,-1.3989387361312169,1.792201501574226,normal,risk_off,Fast Moving Consumer Goods,409.8,409.0,409.399609184172,411.9,0.0704850377708252,1.4289217353327637,1.2458221017826012,-0.09760858955588925,0.6107457749680366,0.5658857636478506,0.09760858955588925,-1.2458221017826012,-0.6107457749680366,-0.6554714222177297,0.5124450951683666,-0.5124450951683666
PATANJALI,2026-07-10,2026-07,2026-07-09,ENTERPRISE-Dryup,375.0,6.102,6.1022,0.7583170254403138,-0.2421893921046303,1.4310176125244674,normal,neutral,Fast Moving Consumer Goods,413.25,414.8,414.0235493025784,413.35,0.05158047315396735,0.8574391495314644,0.2479208487417421,-0.6095183007897224,-0.16268381441416638,-0.20732245007670186,0.6095183007897224,-0.2479208487417421,0.16268381441416638,0.11800938831245977,0.024198427102243857,-0.024198427102243857
PAYTM,2026-07-01,2026-07,2026-06-30,GOLD,154.0,108.409,9.034,1.268946069792043,2.360381223835395,2.7229467747620806,normal,risk_on,Financial Services,1152.1,1158.6,1155.340857748734,1206.0,0.12295740472482009,5.063440767947178,4.644442537575,0.11763993648718604,4.384778908449504,4.338838670721654,-0.11763993648718604,-4.644442537575,-4.384778908449504,-4.4297544948174945,4.678413332176035,-4.678413332176035
PAYTM,2026-07-02,2026-07,2026-07-01,STANDARD,53.0,409.084,10.7654,4.942568743473719,6.274233345082836,5.090497737556561,normal,risk_on,Financial Services,1209.0,1212.0,1210.4981412639404,1211.4,0.10252459996640104,1.8669999754317979,1.4210561875046206,-0.4459437879271772,0.07450310787904384,0.02979658315248805,0.4459437879271772,-1.4210561875046206,-0.07450310787904384,-0.11919324192186623,0.19851116625310924,-0.19851116625310924
PAYTM,2026-07-03,2026-07,2026-07-02,GOLD,29.0,700.541,13.2178,0.4477611940298498,5.412460842325095,1.873963515754572,normal,risk_on,Financial Services,1225.5,1226.0,1225.7499490108096,1217.5,0.09245073286489937,2.578013568387386,0.3385723974567268,-2.0762757552099393,-0.6730531800117442,-0.7175457346922421,2.0762757552099393,-0.3385723974567268,0.6730531800117442,0.6284125536316436,-0.6527947776417788,0.6527947776417788
PAYTM,2026-07-06,2026-07,2026-07-03,GOLD,37.0,773.882,13.5769,0.5035496120191496,0.9535655058043212,2.6085520884926643,normal,risk_on,Financial Services,1217.5,1219.6,1218.5490952361413,1217.0,0.08882713799927601,2.453737819583363,0.627870045923435,-1.8258677736599278,-0.12712620625606277,-0.17177501943055093,1.8258677736599278,-0.627870045923435,0.12712620625606277,0.08244942531619828,-0.04106776180698152,0.04106776180698152
PAYTM,2026-07-07,2026-07,2026-07-06,GOLD,68.0,74.26,10.6085,-0.0410677618069788,0.4622750536569242,2.455852156057502,normal,risk_on,Financial Services,1217.0,1221.6,1219.2956614450914,1241.9,0.11547717164987258,3.526626179333488,2.6002174499114616,-0.9264087294220257,1.853884932889731,1.8086691028209299,0.9264087294220257,-2.6002174499114616,-1.853884932889731,-1.8986929082732966,2.046014790468372,-2.046014790468372
PAYTM,2026-07-08,2026-07,2026-07-07,STANDARD,70.0,146.33,9.7553,2.046014790468376,2.004106776180703,3.533278553820871,extended_move,risk_on,Financial Services,1242.0,1239.8,1240.8990249012813,1227.2,0.09549349655945753,3.4974642681706123,1.039647452357773,-2.4578168158128393,-1.1039596797467954,-1.1483288977835002,2.4578168158128393,-1.039647452357773,1.1039596797467954,1.0593475905805463,-1.1916264090177098,1.1916264090177098
PAYTM,2026-07-09,2026-07,2026-07-08,GOLD,94.0,49.598,8.2664,-1.1836701827844465,0.8381265406737892,3.4946453015540597,normal,risk_off,Financial Services,1223.4,1235.7,1229.5192387458826,1262.5,0.09446105657169981,3.936497980248638,3.4306711050037806,0.5026974006866178,2.682411158344946,2.636958182528738,-0.5026974006866178,-3.4306711050037806,-2.682411158344946,-2.727274003706319,3.1960111165603973,-3.1960111165603973
PAYTM,2026-07-10,2026-07,2026-07-09,STANDARD,65.0,277.025,10.6548,2.876466753585394,1.6587486915210503,3.9439374185136966,extended_move,neutral,Financial Services,1268.9,1284.7,1276.7511199874687,1342.0,0.1406637746471764,7.056974424340763,6.442044868802513,0.34845319051492635,5.110540260436331,5.064392290939747,-0.34845319051492635,-6.442044868802513,-5.110540260436331,-5.155563911075618,5.760895263614146,-5.760895263614146
PERSISTENT,2026-07-01,2026-07,2026-06-30,GOLD-baseline,211.0,303.509,8.203,0.8620689655172376,-10.677808727948,2.388164026095061,normal,risk_on,Information Technology,4343.8,4340.1,4341.949211759694,4325.0,0.08217867721239364,2.1027422373510065,1.4060686862701404,-0.6966735510808661,-0.39035951212392517,-0.434932981082208,0.6966735510808661,-1.4060686862701404,0.39035951212392517,0.3457001640729751,-0.4328007735162802,0.4328007735162802
PERSISTENT,2026-07-02,2026-07,2026-07-01,GOLD-baseline,234.0,297.0,8.027,-0.0924000924000911,0.7688723205964587,2.109032109032113,normal,risk_on,Information Technology,4384.0,4433.6,4408.660497187443,4587.0,0.11432778696673802,4.7951072697674215,4.1790358529556615,-0.014981811093515643,4.045208355833495,3.999365312026638,0.014981811093515643,-4.1790358529556615,-4.045208355833495,-4.090161453802068,4.630474452554745,-4.630474452554745
PERSISTENT,2026-07-03,2026-07,2026-07-02,STANDARD-weak,99.0,697.288,10.8951,6.057803468208101,5.959805959805964,4.887861271676292,normal,risk_on,Information Technology,4670.0,4693.1,4681.521504629877,4675.1,0.10513644952357189,2.682888455725044,1.8045093947891988,-0.3529088697667618,-0.13716704331115792,-0.18181298253701914,0.3529088697667618,-1.8045093947891988,0.13716704331115792,0.09249092733576825,0.10920770877945105,-0.10920770877945105
PERSISTENT,2026-07-06,2026-07,2026-07-03,GOLD-baseline,13.0,1288.373,15.1573,1.9206453019402716,8.094797687861277,2.738173097885336,normal,risk_on,Information Technology,4704.8,4674.6,4689.651380685333,4725.0,0.08939877782985159,1.795442628140411,0.9669933995827251,-0.8284492285576862,0.7537579330577352,0.7088569879395878,0.8284492285576862,-0.9669933995827251,-0.7537579330577352,-0.7984930514306099,0.429348750212545,-0.429348750212545
PERSISTENT,2026-07-07,2026-07,2026-07-06,GOLD,82.0,338.732,10.2646,1.0673568479818485,3.00850228907783,1.8010309939894291,normal,risk_on,Information Technology,4730.0,4747.0,4738.484752558827,4888.0,0.10007628360874223,3.6277419676653393,3.448681508427927,0.17970401691332025,3.155338789692924,3.1097504496925055,-0.17970401691332025,-3.448681508427927,-3.155338789692924,-3.2002329551596103,3.3403805496828753,-3.3403805496828753
PERSISTENT,2026-07-08,2026-07,2026-07-07,STANDARD,55.0,373.699,10.1,3.449735449735458,4.553913285277322,3.6380952380952314,normal,risk_on,Information Technology,4884.8,4892.6,4888.696888743429,4761.0,0.0871614024371499,3.5387753411005045,0.392806338654121,-3.1030127699821497,-2.612084398962427,-2.6560219524932496,3.1030127699821497,-0.392806338654121,2.612084398962427,2.5675721868638326,-2.5343924009171346,2.5343924009171346
PERSISTENT,2026-07-09,2026-07,2026-07-08,ENTERPRISE-Dryup,182.0,122.518,7.207,-2.598199672667756,0.7619047619047636,3.5392798690671032,normal,risk_off,Information Technology,4765.0,4743.7,4754.326143426546,4841.9,0.09588151685701274,3.2370517999230186,2.1995515961402896,-1.037500203782729,1.8419825214249457,1.7967700981357684,1.037500203782729,-2.1995515961402896,-1.8419825214249457,-1.8867897085594096,1.6138509968520385,-1.6138509968520385
PERSISTENT,2026-07-10,2026-07,2026-07-09,ENTERPRISE-Dryup,85.0,322.358,10.0737,1.6992228523419417,-0.9431260229132654,3.2325141776937545,normal,neutral,Information Technology,4926.4,4987.5,4956.761718395384,5039.9,0.0996312463643058,3.2763325983031555,2.1917188635766,-1.0846137347265556,1.677270087365204,1.6321048090571777,1.0846137347265556,-2.1917188635766,-1.677270087365204,-1.7220663662540099,2.303913608314388,-2.303913608314388
PETRONET,2026-07-01,2026-07,2026-06-30,GOLD-baseline,422.0,0.0,0.0,0.0,-0.5485754733675519,1.387900355871878,normal,risk_on,Oil Gas & Consumable Fuels,281.0,283.8,282.39305949008497,279.1,0.07158262743207491,2.4256970098234767,0.6575729988789731,-1.7681240109445033,-1.1661262128861083,-1.2104776372446988,1.7681240109445033,-0.6575729988789731,1.1661262128861083,1.121518240760683,-0.6761565836298851,0.6761565836298851
PETRONET,2026-07-02,2026-07,2026-07-01,ENTERPRISE-Dryup,437.0,0.0,0.0,-0.6761565836298833,-0.6761565836298833,2.437722419928834,normal,risk_on,Oil Gas & Consumable Fuels,279.5,279.0,279.24977618621307,274.65,0.07020764044212462,1.7726066131917757,0.12541596937696847,-1.6471906438148072,-1.6471906438148072,-1.6914043750255907,1.6471906438148072,-0.12541596937696847,1.6471906438148072,1.6026145306623845,-1.7352415026833712,1.7352415026833712
PETRONET,2026-07-03,2026-07,2026-07-02,ENTERPRISE-Dryup,451.0,0.0,0.0,-1.5944106055177487,-2.2597864768683307,1.773557864564688,normal,risk_on,Oil Gas & Consumable Fuels,278.8,278.1,278.4495600646436,276.0,0.06296861670932241,1.2390035736450982,-0.07166829949283346,-1.1131495642959548,-0.8797141083918133,-0.9241475113414247,1.1131495642959548,0.07166829949283346,0.8797141083918133,0.8350871683383556,-1.0043041606886698,1.0043041606886698
PETRONET,2026-07-06,2026-07,2026-07-03,ENTERPRISE-Dryup,451.0,0.0,0.0,0.49153468050247,-1.110713006091013,1.2561441835062768,normal,risk_on,Oil Gas & Consumable Fuels,275.95,275.3,275.62461678004536,275.95,0.06846859465506941,1.3424054945544754,0.3538810253414494,-0.9885244692130261,0.11805303305484287,0.07333404320740372,0.9885244692130261,-0.3538810253414494,-0.11805303305484287,-0.16274605123500996,0.0,0.0
PETRONET,2026-07-07,2026-07,2026-07-06,ENTERPRISE-Dryup,182.0,25.762,8.5875,-0.0181159420289844,0.4733296923357111,1.340579710144944,normal,risk_on,Oil Gas & Consumable Fuels,277.5,275.95,276.7228295238956,279.05,0.09263625052508835,2.656087324867909,2.1238473479821507,-0.5322399768857582,0.8409752386922082,0.7960493297135384,0.5322399768857582,-2.1238473479821507,-0.8409752386922082,-0.8857161331183658,0.5585585585585626,-0.5585585585585626
PETRONET,2026-07-08,2026-07,2026-07-07,ENTERPRISE-Dryup,403.0,0.0,0.0,1.123391918825889,1.1050724637681195,2.663526001087161,normal,risk_on,Oil Gas & Consumable Fuels,275.7,275.45,275.57494330037196,273.6,0.09193064649858433,2.159122280400722,0.26310690331441206,-1.8415837229585692,-0.7166628709850732,-0.7611429434381626,1.8415837229585692,-0.26310690331441206,0.7166628709850732,0.672025132700367,-0.7616974972796395,0.7616974972796395
PETRONET,2026-07-09,2026-07,2026-07-08,GOLD-baseline,415.0,0.0,0.0,-1.9530550080630649,-0.8516035513679854,2.1322343666009638,normal,risk_off,Oil Gas & Consumable Fuels,272.5,272.95,272.7248143734531,277.3,0.07695759722443998,2.566689802716161,2.355922632602326,-0.21076717011383506,1.677583184741639,1.6324178168170032,0.21076717011383506,-2.355922632602326,-1.677583184741639,-1.7223794843656317,1.7614678899082612,-1.7614678899082612
PETRONET,2026-07-10,2026-07,2026-07-09,GOLD,350.0,6.476,6.4757,1.3523391812865435,-0.6271277548826393,2.5584795321637426,normal,neutral,Oil Gas & Consumable Fuels,279.8,278.85,279.3241922491721,279.0,0.05709822741494683,1.7363336705449286,1.244363305175987,-0.4919703653689417,-0.11606307586952186,-0.16071505559956803,0.4919703653689417,-1.244363305175987,0.11606307586952186,0.07138556226278439,-0.2859185132237353,0.2859185132237353
PFC,2026-07-01,2026-07,2026-06-30,GOLD,427.0,0.0,0.0,-0.1410105757931878,-1.80263461982898,1.351351351351351,normal,risk_on,Financial Services,426.4,426.1,426.24994721407626,430.05,0.06714586017060645,2.463343413559783,1.771273600212759,-0.6920698133470241,0.8915080953699793,0.8465677225738739,0.6920698133470241,-1.771273600212759,-0.8915080953699793,-0.9362523363851033,0.8560037523452237,-0.8560037523452237
PFC,2026-07-02,2026-07,2026-07-01,GOLD,436.0,0.0,0.0,1.2120498940927371,1.069330199764984,2.471169686985173,normal,risk_on,Financial Services,432.35,429.8,431.071228904483,429.75,0.056960967539415076,1.1251040836860602,0.04147135868272131,-0.8284544792188675,-0.30649897647791424,-0.3510964485018729,0.8284544792188675,-0.04147135868272131,0.30649897647791424,0.26183407467913045,-0.6013646351335775,0.6013646351335775
PFC,2026-07-03,2026-07,2026-07-02,ENTERPRISE-Dryup,450.0,0.0,0.0,-0.0697593303104371,1.1414450458931524,1.1277758400186078,normal,risk_on,Financial Services,433.0,431.05,432.0227996065043,425.1,0.0696579014223351,2.129517240381653,-0.0747181877434055,-1.9033253832885173,-1.6024153384519766,-1.6466418855193128,1.9033253832885173,0.0747181877434055,1.6024153384519766,1.557836260010181,-1.8244803695150063,1.8244803695150063
PFC,2026-07-06,2026-07,2026-07-03,ENTERPRISE-Dryup,444.0,0.0,0.0,-1.0820244328097697,-1.1510289501220794,2.140779522978473,normal,risk_on,Financial Services,422.5,424.7,423.5971435316336,421.55,0.07609434874612707,1.8413721903243947,0.9921824385608828,-0.8491897517635117,-0.4832760472759695,-0.5278229211060619,0.8491897517635117,-0.9921824385608828,0.4832760472759695,0.4386228527154764,-0.22485207100591448,0.22485207100591448
PFC,2026-07-07,2026-07,2026-07-06,ENTERPRISE-Dryup,405.0,0.0,0.0,-0.8350976240884544,-1.9080860965677735,1.8348623853211037,normal,risk_on,Financial Services,421.1,421.3,421.1999762583096,411.3,0.06165595588190039,2.647198629745888,0.2967767835114423,-2.3504218462344455,-2.3504218462344455,-2.3944342943910852,2.3504218462344455,-0.2967767835114423,2.3504218462344455,2.3058923052716342,-2.327238185704111,2.327238185704111
PFC,2026-07-08,2026-07,2026-07-07,ENTERPRISE-Dryup,404.0,0.0,0.0,-2.4315027873324624,-3.246294989414256,2.645000593049455,normal,risk_on,Financial Services,408.9,407.9,408.39938785504404,402.85,0.09112929607220738,3.403531056450457,1.836587509190435,-1.5669435472600215,-1.3588139502828291,-1.4031102224010954,1.5669435472600215,-1.836587509190435,1.3588139502828291,1.3142187390955005,-1.479579359256531,1.479579359256531
PFC,2026-07-09,2026-07,2026-07-08,GOLD,423.0,0.0,0.0,-2.0544614636518355,-4.436009963230935,3.379528324823724,normal,risk_off,Financial Services,403.55,404.0,403.7748746207666,404.45,0.08048167043656286,1.7955550123839044,0.612996383580852,-1.1825586288030525,0.1672034149889832,0.12247035702432456,1.1825586288030525,-0.612996383580852,-0.1672034149889832,-0.21189968820234426,0.22302069136413757,-0.22302069136413757
PFC,2026-07-10,2026-07,2026-07-09,GOLD,315.0,6.974,6.9736,0.3971701625915314,-1.6654510089958774,1.7996772992428942,normal,neutral,Financial Services,406.3,408.35,407.32242067145404,406.5,0.06625987706396727,1.3748322497859697,0.6082599932657242,-0.7665722565202453,-0.2019090110724359,-0.24653641946383267,0.7665722565202453,-0.6082599932657242,0.2019090110724359,0.15723718269860315,0.04922471080482122,-0.04922471080482122
PGEL,2026-07-01,2026-07,2026-06-30,ENTERPRISE-Dryup,358.0,17.524,5.8413,-0.7429420505200568,-2.187242610048512,1.6066121842496242,normal,risk_on,Consumer Durables,533.6,541.5,537.5209747930425,551.0,0.1037459111167363,3.4603300842653515,2.730874867275522,0.014701790379062635,2.507627765064846,2.4622248168001626,-0.014701790379062635,-2.730874867275522,-2.507627765064846,-2.552479035221215,3.260869565217387,-3.260869565217387
PGEL,2026-07-02,2026-07,2026-07-01,STANDARD,65.0,275.357,10.5907,3.106287425149712,2.340267459138201,3.4805389221556933,normal,risk_on,Consumer Durables,556.2,556.0,556.0999820176228,561.5,0.10014870146932274,2.1399029643599197,1.7712674520577703,-0.1708293559327424,0.971051637654269,0.9260884974282299,0.1708293559327424,-1.7712674520577703,-0.971051637654269,-1.0158011465200243,0.9528946422150223,-0.9528946422150223
PGEL,2026-07-03,2026-07,2026-07-02,ENTERPRISE-Dryup,133.0,351.704,10.3442,1.9056261343012748,5.071107784431139,2.159709618874789,extended_move,risk_on,Consumer Durables,564.0,562.9,563.4494631289377,561.5,0.08935632438692613,1.6416734073421708,0.42604297779106337,-1.2156304295511073,-0.34598721917525876,-0.3905733886374631,1.2156304295511073,-0.42604297779106337,0.34598721917525876,0.30132493252483583,-0.44326241134751776,0.44326241134751776
PGEL,2026-07-06,2026-07,2026-07-03,ENTERPRISE-Dryup,141.0,326.558,10.2049,0.0,1.9056261343012748,1.647373107747106,normal,risk_on,Consumer Durables,561.05,561.35,561.1999599073414,573.0,0.0989410611522344,3.376693042374565,2.3699289099832703,-1.0067641323912948,2.1026445002966296,2.0573574687718876,1.0067641323912948,-2.3699289099832703,-2.1026445002966296,-2.1474689500313064,2.1299349434096864,-2.1299349434096864
PGEL,2026-07-07,2026-07,2026-07-06,STANDARD,102.0,168.89,9.9347,2.048085485307216,2.048085485307216,3.374888691006241,extended_move,risk_on,Consumer Durables,572.0,573.1,572.5494716618637,577.85,0.1435048539466381,4.3402362992094305,3.8338221279679883,-0.5064141712414427,0.925776478799503,0.8808262975010821,0.5064141712414427,-3.8338221279679883,-0.925776478799503,-0.970522989272588,1.0227272727272767,-1.0227272727272767
PGEL,2026-07-08,2026-07,2026-07-07,ENTERPRISE-Dryup,185.0,126.206,7.8879,0.8464223385689307,2.9118432769367875,4.336823734729498,extended_move,risk_on,Consumer Durables,573.8,573.85,573.8249989108177,561.45,0.12797434936022892,4.801115331728811,2.0607329955347695,-2.740382336194042,-2.1565806533885374,-2.2006485839344405,2.740382336194042,-2.0607329955347695,2.1565806533885374,2.1120382750988886,-2.152317880794686,2.152317880794686
PGEL,2026-07-09,2026-07,2026-07-08,ENTERPRISE-Dryup,303.0,25.045,6.2612,-2.838106775114646,-2.0157068062827133,4.767673271610271,extended_move,risk_off,Consumer Durables,566.55,572.45,569.4847190517997,584.2,0.10344568009855348,3.7841226075180763,3.172215222610216,0.48557596994077196,2.583964144411365,2.538539346690167,-0.48557596994077196,-3.172215222610216,-2.583964144411365,-2.6288204700207927,3.1153472773806534,-3.1153472773806534
PGEL,2026-07-10,2026-07,2026-07-09,STANDARD,55.0,330.389,11.013,4.052008193071521,1.098901098901095,3.8382758927776206,extended_move,neutral,Consumer Durables,586.65,587.6,587.1246157121567,580.6,0.09223156768901744,2.588888217804172,1.085865609656008,-1.503022608148164,-1.111282943611996,-1.1556500655401778,1.503022608148164,-1.085865609656008,1.111282943611996,1.0666713394362197,-1.0312792977073135,1.0312792977073135
PHOENIXLTD,2026-07-01,2026-07,2026-06-30,GOLD-baseline,27.0,139.597,11.6331,1.8144116122343237,3.0538356595655403,2.986003110419914,normal,risk_on,Realty,1964.0,1963.2,1963.5999185170097,2011.0,0.08052884477181277,3.9417398254149303,3.147284785470167,-0.3513912611190526,2.41393784120692,2.3685617094343825,0.3513912611190526,-3.147284785470167,-2.41393784120692,-2.458782906654392,2.3930753564154785,-2.3930753564154785
PHOENIXLTD,2026-07-02,2026-07,2026-07-01,STANDARD,58.0,289.32,10.7155,2.393075356415486,4.25090720580612,3.940936863543793,extended_move,risk_on,Realty,2007.0,2002.8,2004.8978003890468,2009.0,0.08601765137623775,2.1397599414631108,0.7582530943972889,-1.3815068470658216,0.2046089137390044,0.15986514934806054,1.3815068470658216,-0.7582530943972889,-0.2046089137390044,-0.24930766416892566,0.0996512207274539,-0.0996512207274539
PHOENIXLTD,2026-07-03,2026-07,2026-07-02,GOLD-baseline,137.0,305.666,10.1889,-0.0994530084535094,2.2912423625254474,2.133267031327691,extended_move,risk_on,Realty,2037.1,2015.1,2026.0402793544245,2054.0,0.08461356318313544,2.4086391814258383,1.6712264307185771,-0.7374127507072615,1.3800180050953677,1.3349378080618413,0.7374127507072615,-1.6712264307185771,-1.3800180050953677,-1.424794598167773,0.8296107211231698,-0.8296107211231698
PHOENIXLTD,2026-07-06,2026-07,2026-07-03,STANDARD,106.0,471.838,10.973,2.2399203583872485,2.138239681750376,2.42906918865108,extended_move,risk_on,Realty,2070.0,2072.4,2071.199304750869,2115.0,0.115793563111224,4.248746115265085,2.2595940014937534,-1.9891521137713315,2.1147503839278983,2.0694598873845083,1.9891521137713315,-2.2595940014937534,-2.1147503839278983,-2.1595756353868243,2.1739130434782608,-2.1739130434782608
PHOENIXLTD,2026-07-07,2026-07,2026-07-06,STANDARD,127.0,134.085,9.5775,2.969814995131448,5.276256844201099,4.284323271665044,extended_move,risk_on,Realty,2120.0,2119.7,2119.849989386041,2075.0,0.12125191094532349,3.7078095333889323,0.5448503748750653,-3.0072877658906805,-2.11571524450326,-2.159794871791687,3.0072877658906805,-0.5448503748750653,2.11571524450326,2.0711701598610426,-2.1226415094339623,2.1226415094339623
PHOENIXLTD,2026-07-08,2026-07,2026-07-07,GOLD-baseline,136.0,25.437,8.4791,-1.891252955082745,1.0223953261927932,3.716312056737584,extended_move,risk_on,Realty,2047.2,2069.8,2058.4379693951905,2021.0,0.1010186326451067,3.2014566860794353,1.0134884273894023,-2.187968258690033,-1.8187562584745038,-1.8629208831456656,2.187968258690033,-1.0134884273894023,1.8187562584745038,1.7741915074264776,-1.2797967956232925,1.2797967956232925
PHOENIXLTD,2026-07-09,2026-07,2026-07-08,GOLD,33.0,19.359,9.6793,-2.602409638554215,-4.444444444444439,3.175903614457835,extended_move,risk_off,Realty,2055.0,2056.5,2055.7497263772343,2090.0,0.11738447660200585,4.183388614700408,3.300512350904476,-0.86828304769813,1.6660721479517637,1.6209100747851442,0.86828304769813,-3.300512350904476,-1.6660721479517637,-1.710867685245834,1.70316301703163,-1.70316301703163
PHOENIXLTD,2026-07-10,2026-07,2026-07-09,STANDARD,202.0,81.39,8.139,3.414151410192967,0.7228915662650603,4.25531914893617,extended_move,neutral,Realty,2110.4,2083.9,2097.0662851965762,2149.0,0.10908082892615839,3.4953592319629108,2.476493717438958,-1.0188655145239522,2.476493717438958,2.4310996805481904,1.0188655145239522,-2.476493717438958,-2.476493717438958,-2.521342925711889,1.829037149355568,-1.829037149355568
PIDILITIND,2026-07-01,2026-07,2026-06-30,GOLD-baseline,425.0,0.0,0.0,-0.4875304706544292,-0.2318586289008717,1.5813488343021411,normal,risk_on,Chemicals,1600.0,1594.7,1597.3456036560553,1580.3,0.068591996564488,1.4398887721828557,-0.1656249999999974,-1.2111094563240739,-1.067120579105791,-1.111500341450916,1.2111094563240739,0.1656249999999974,1.067120579105791,1.0225060502332628,-1.2312500000000028,1.2312500000000028
PIDILITIND,2026-07-02,2026-07,2026-07-01,GOLD,440.0,0.0,0.0,-0.7411594749073491,-1.2250765672854658,1.4446328748194208,normal,risk_on,Chemicals,1585.0,1585.0,1585.0,1608.2,0.05615714402830453,1.8359621451104189,1.6971608832807628,-0.13880126182965585,1.4637223974763436,1.4186182420694036,0.13880126182965585,-1.6971608832807628,-1.4637223974763436,-1.508504533955839,1.4637223974763436,-1.4637223974763436
PIDILITIND,2026-07-03,2026-07,2026-07-02,ENTERPRISE-Dryup,152.0,9.959,9.9585,1.7654875656520908,1.0112430123736085,1.8414225147124053,normal,risk_on,Chemicals,1621.0,1620.4,1620.6999444684398,1600.3,0.054287347328976464,1.8757327723590895,0.29617175887141645,-1.5795610134876732,-1.2587119866367744,-1.3030369105396873,1.5795610134876732,-0.29617175887141645,1.2587119866367744,1.2141101460968013,-1.2769895126465174,1.2769895126465174
PIDILITIND,2026-07-06,2026-07,2026-07-03,ENTERPRISE-Dryup,448.0,0.0,0.0,-0.4912324337769003,1.2655824843384125,1.8903121502300768,normal,risk_on,Chemicals,1606.9,1608.4,1607.6496501104098,1614.6,0.05065552553979977,1.4368802306157595,0.9237304837263732,-0.15859488478940376,0.432329885377253,0.38752094132348097,0.15859488478940376,-0.9237304837263732,-0.432329885377253,-0.477043716856242,0.4791835210653941,-0.4791835210653941
PIDILITIND,2026-07-07,2026-07,2026-07-06,ENTERPRISE-Dryup,97.0,9.959,9.9585,0.8935824532900094,0.3979604526800129,1.4434793476223151,normal,risk_on,Chemicals,1617.0,1617.6,1617.2999443516974,1618.8,0.052252677193123036,1.2551784269143291,0.5812190670711194,-0.6739593598432096,0.09275061521775307,0.04803886758016176,0.6739593598432096,-0.5812190670711194,-0.09275061521775307,-0.13744195771999648,0.11131725417439423,-0.11131725417439423
PIDILITIND,2026-07-08,2026-07,2026-07-07,ENTERPRISE-Dryup,62.0,9.959,9.9585,0.2601263470828785,1.1560332437667853,1.2572773442338632,normal,risk_on,Chemicals,1618.2,1608.8,1613.486309265572,1569.0,0.06522668408715673,3.43975648763097,-0.17268874545580243,-3.147613275298803,-2.7571544307569122,-2.8010504614728142,3.147613275298803,0.17268874545580243,2.7571544307569122,2.7126518260662436,-3.0404152762328542,3.0404152762328542
PIDILITIND,2026-07-09,2026-07,2026-07-08,ENTERPRISE-Dryup,224.0,6.994,6.9941,-3.0763528539659024,-2.8242289111854224,3.428465530022238,normal,risk_off,Chemicals,1570.0,1572.3,1571.1491582598735,1588.4,0.06696233395326683,2.157656376657837,1.7662767149913403,0.07324840764329896,1.097976067353959,1.0529765980561046,-0.07324840764329896,-1.7662767149913403,-1.097976067353959,-1.1427339819169955,1.1719745222929994,-1.1719745222929994
PIDILITIND,2026-07-10,2026-07,2026-07-09,ENTERPRISE-Dryup,311.0,6.994,6.9941,1.2364563416188634,-1.8779342723004635,2.160611854684518,normal,neutral,Chemicals,1604.0,1595.0,1599.4873397936854,1600.7,0.07158800451981145,1.7505609018206838,0.8948279770792538,-0.8557329247414298,0.07581555515601102,0.031108654772920935,0.8557329247414298,-0.8948279770792538,-0.07581555515601102,-0.12050577611696678,-0.20573566084787745,0.20573566084787745
PIIND,2026-07-01,2026-07,2026-06-30,GOLD-baseline,264.0,30.443,7.6108,-0.2843011255208805,-4.459121609015259,1.8265373680725976,normal,risk_on,Chemicals,2580.0,2568.1,2574.0362463821602,2581.2,0.06258873834268565,1.1771396009899708,0.554139578954563,-0.6230000220354078,0.2783081873034352,0.2335433282642161,0.6230000220354078,-0.554139578954563,-0.2783081873034352,-0.32301181854144756,0.046511627906969694,-0.046511627906969694
PIIND,2026-07-02,2026-07,2026-07-01,GOLD,134.0,56.104,9.3506,0.8123730667083162,0.525762355415349,1.183408842368387,normal,risk_on,Chemicals,2585.0,2587.6,2586.2993465568575,2610.0,0.057802234328505356,1.1715581199190495,1.1097189303068005,0.0077583224621565194,0.9163925078779155,0.8714450125159556,-0.0077583224621565194,-1.1097189303068005,-0.9163925078779155,-0.9611383968881422,0.9671179883945842,-0.9671179883945842
PIIND,2026-07-03,2026-07,2026-07-02,ENTERPRISE-Dryup,223.0,44.623,8.9246,1.115760111576014,1.9371973129198583,1.173872617387269,normal,risk_on,Chemicals,2619.0,2629.2,2624.0900880301815,2651.0,0.08208259907356719,2.1683706767366764,1.3646601590839402,-0.8037105176527359,1.0254949741462147,0.9805162508217448,0.8037105176527359,-1.3646601590839402,-1.0254949741462147,-1.0702480885763725,1.221840397098129,-1.221840397098129
PIIND,2026-07-06,2026-07,2026-07-03,ENTERPRISE-Dryup,366.0,97.54,6.9671,1.5708812260536442,2.704168603750201,2.1800766283524937,normal,risk_on,Chemicals,2646.1,2650.4,2648.2482545076937,2682.6,0.06333529346184266,1.6614756537687043,1.3877756902038791,-0.27369996356482507,1.2971497454528553,1.2520932674698133,0.27369996356482507,-1.3877756902038791,-1.2971497454528553,-1.3419208504918978,1.3793885340690073,-1.3793885340690073
PIIND,2026-07-07,2026-07,2026-07-06,ENTERPRISE-Dryup,136.0,104.206,9.4732,1.1920030177291483,2.7816091954022903,1.6597510373443984,normal,risk_on,Chemicals,2682.0,2666.3,2674.126956229082,2648.0,0.06516990403288175,1.7314062031404107,0.21962471741430117,-1.4369907210116213,-0.9770275180175114,-1.0214330673391394,1.4369907210116213,-0.21962471741430117,0.9770275180175114,0.9324070226419197,-1.267710663683818,1.267710663683818
PIIND,2026-07-08,2026-07,2026-07-07,ENTERPRISE-Dryup,310.0,6.102,6.1022,-1.289793483933499,-0.1131648434553045,1.7259375232982994,normal,risk_on,Chemicals,2649.9,2633.4,2641.624234853217,2579.0,0.08416497685517005,3.7174098686847032,-0.0652717684244214,-3.404126660664655,-2.370671574971246,-2.4146782271290284,3.404126660664655,0.0652717684244214,2.370671574971246,2.32614337506697,-2.6755726631193664,2.6755726631193664
PIIND,2026-07-09,2026-07,2026-07-08,ENTERPRISE-Dryup,271.0,13.076,6.5379,-2.6057401812688785,-3.861924998136135,3.708459214501521,normal,risk_off,Chemicals,2586.0,2575.9,2580.9401189484493,2602.0,0.064591187097522,1.499453618310499,1.2034328430760128,-0.2960207752344862,0.8159771277503005,0.771058373880933,0.2960207752344862,-1.2034328430760128,-0.8159771277503005,-0.8607163666515629,0.6187161639597835,-0.6187161639597835
PIIND,2026-07-10,2026-07,2026-07-09,ENTERPRISE-Dryup,376.0,6.102,6.1022,0.891818534315636,-1.7371601208459264,1.5005816207832423,normal,neutral,Chemicals,2596.0,2613.7,2604.81993204983,2617.0,0.04717510579915586,1.2323308649876317,0.8898913765577857,-0.10825823371257283,0.46759731067417254,0.4227782721663275,0.10825823371257283,-0.8898913765577857,-0.46759731067417254,-0.5123134777736692,0.8089368258859784,-0.8089368258859784
PNB,2026-07-01,2026-07,2026-06-30,ENTERPRISE-Dryup,426.0,0.0,0.0,-0.4195804195804231,-1.0286349735891045,1.3613053613053554,normal,risk_on,Financial Services,107.15,106.9,107.02485400607335,107.41,0.06633346377076985,1.7939758178890364,1.0793249891853167,-0.7146508287037198,0.3598659372193921,0.31507773423164553,0.7146508287037198,-1.0793249891853167,-0.3598659372193921,-0.40457496970095036,0.24265048996732702,-0.24265048996732702
PNB,2026-07-02,2026-07,2026-07-01,ENTERPRISE-Dryup,438.0,0.0,0.0,0.5711610486891283,0.149184149184145,1.7977528089887655,normal,risk_on,Financial Services,108.26,107.82,108.03955201777119,106.86,0.066874428910363,2.0085236929185557,0.08371747248075591,-1.7674564380432571,-1.0917779607019886,-1.1361506654634088,1.7674564380432571,-0.08371747248075591,1.0917779607019886,1.0471650647892141,-1.2931830777757303,1.2931830777757303
PNB,2026-07-03,2026-07,2026-07-02,ENTERPRISE-Dryup,452.0,0.0,0.0,-0.5120566055302089,0.0561797752808956,2.0202960618191987,normal,risk_on,Financial Services,107.0,105.09,106.03639964166155,105.29,0.07276722349798231,2.7349099081072534,0.16371770347268563,-1.816734298949799,-0.7039088880647744,-0.7483926110393792,1.816734298949799,-0.16371770347268563,0.7039088880647744,0.6592703051347953,-1.5981308411214896,1.5981308411214896
PNB,2026-07-06,2026-07,2026-07-03,GOLD-baseline,453.0,0.0,0.0,-1.4692120531536568,-1.973745461316445,2.713831180984471,normal,risk_on,Financial Services,105.3,105.37,105.33498837043717,104.23,0.05781495552499911,1.4145347363214513,0.28956345301921566,-1.1249712833022356,-1.0490231095400113,-1.0934080518514602,1.1249712833022356,-0.28956345301921566,1.0490231095400113,1.0044073821444637,-1.0161443494776763,1.0161443494776763
PNB,2026-07-07,2026-07,2026-07-06,GOLD,414.0,0.0,0.0,-1.0067432804634846,-2.4611641399962525,1.4151391395194175,normal,risk_on,Financial Services,104.75,104.15,104.44913834370514,103.69,0.051222469634047814,1.5414200878345778,0.01039899080747602,-1.2533740004606189,-0.7268019207655794,-0.7712790911590063,1.2533740004606189,-0.01039899080747602,0.7268019207655794,0.6821648539495839,-1.0119331742243458,1.0119331742243458
PNB,2026-07-08,2026-07,2026-07-07,GOLD,410.0,0.0,0.0,-0.5180850043173812,-1.5196124988128057,1.5446608462055065,normal,risk_on,Financial Services,103.25,102.84,103.04459216847009,101.09,0.06815986569116295,2.7172702041677352,0.05377073203348463,-2.5179314254824017,-1.896841093101204,-1.9409833678624901,2.5179314254824017,-0.05377073203348463,1.896841093101204,1.852281513299436,-2.0920096852300207,2.0920096852300207
PNB,2026-07-09,2026-07,2026-07-08,GOLD-baseline,413.0,0.0,0.0,-2.507474201948112,-3.0125683584380725,2.7003568328671976,normal,risk_off,Financial Services,101.2,101.12,101.15998418347174,103.7,0.07077717544576093,2.8667461975283985,2.5108898909290995,-0.22734699429629307,2.5108898909290995,2.4654860089591786,0.22734699429629307,-2.5108898909290995,-2.5108898909290995,-2.555741377123016,2.4703557312252964,-2.4703557312252964
PNB,2026-07-10,2026-07,2026-07-09,STANDARD,249.0,7.631,7.631,2.581857750519334,0.0096441315459605,2.8687308339103823,normal,neutral,Financial Services,104.1,104.19,104.14498055595564,105.58,0.08255818836119268,3.687167619121908,3.2694993324377135,-0.4176682866841943,1.3779055278361125,1.3328259354485021,0.4176682866841943,-3.2694993324377135,-1.3779055278361125,-1.422681981007599,1.4217098943323765,-1.4217098943323765
PNBHOUSING,2026-07-01,2026-07,2026-06-30,GOLD-baseline,204.0,24.846,8.2819,0.0095932463545667,-0.3441353599082264,2.3887183422870386,normal,risk_on,Financial Services,1038.4,1044.6,1041.4907729236677,1055.8,0.11624074606789166,2.9572993636360647,2.641331809316807,0.029690812858975447,1.3739177963299158,1.3288393453347436,-0.029690812858975447,-2.641331809316807,-1.3739177963299158,-1.4186939854098957,1.6756548536209421,-1.6756548536209421
PNBHOUSING,2026-07-02,2026-07,2026-07-01,GOLD,34.0,56.325,11.265,1.2757793764987868,1.2854950115118724,2.954436450839324,normal,risk_on,Financial Services,1055.8,1057.0,1056.3996592199924,1055.0,0.09385626170051987,1.4104510418908802,0.5301346636312547,-0.8803163782596256,-0.13249334262620177,-0.17714061958671526,0.8803163782596256,-0.5301346636312547,0.13249334262620177,0.08781691713031053,-0.07577192650122698,0.07577192650122698
PNBHOUSING,2026-07-03,2026-07,2026-07-02,GOLD,166.0,29.403,9.801,-0.0757719265012224,1.1990407673860837,1.4112521310854411,normal,risk_on,Financial Services,1059.6,1059.2,1059.3999622427789,1065.7,0.12228257727717824,2.7373986250297953,2.548616076978272,-0.094389492016013,0.594679817043207,0.549824404217894,0.094389492016013,-2.548616076978272,-0.594679817043207,-0.6394044003087705,0.575688939222361,-0.575688939222361
PNBHOUSING,2026-07-06,2026-07,2026-07-03,GOLD,318.0,59.816,7.477,1.0142180094786737,0.9376775904527568,2.748815165876777,normal,risk_on,Financial Services,1066.5,1067.2,1066.8498851759853,1086.6,0.09811449611829591,2.8495105471174487,2.3574183372448907,-0.4920922098725582,1.8512552795332315,1.8060402021395918,0.4920922098725582,-2.3574183372448907,-1.8512552795332315,-1.896063080765374,1.88466947960618,-1.88466947960618
PNBHOUSING,2026-07-07,2026-07,2026-07-06,GOLD,34.0,79.109,11.3013,1.961152294266677,2.9952606635071044,2.852585155296996,normal,risk_on,Financial Services,1097.0,1094.9,1095.94899402345,1107.7,0.11302373385552146,3.549435257674731,1.70181332144649,-1.8476219362282407,1.0722219775401853,1.027229879732442,1.8476219362282407,-1.70181332144649,-1.0722219775401853,-1.1169781865128698,0.9753874202370142,-0.9753874202370142
PNBHOUSING,2026-07-08,2026-07,2026-07-07,GOLD-baseline,48.0,105.228,10.5228,1.941836922510598,3.9410715961339937,3.5799742315479355,normal,risk_on,Financial Services,1103.4,1099.9,1101.6472200789726,1074.8,0.12288483766693534,4.511426080341514,0.7491309169223755,-3.762295163419138,-2.4370070190934716,-2.4809946843224244,3.762295163419138,-0.7491309169223755,2.4370070190934716,2.392483212320318,-2.59198839949249,2.59198839949249
PNBHOUSING,2026-07-09,2026-07,2026-07-08,GOLD-baseline,213.0,14.051,7.0255,-2.9701182630676226,-1.08595619363151,4.486774397400022,normal,risk_off,Financial Services,1076.6,1078.7,1077.648976940565,1085.4,0.1001725595933299,4.073682705534762,1.656478449050622,-2.41720425648414,0.7192530429936597,0.6743619740721758,2.41720425648414,-1.656478449050622,-0.7192530429936597,-0.7639858762456849,0.8173880735649435,-0.8173880735649435
PNBHOUSING,2026-07-10,2026-07,2026-07-09,GOLD,139.0,44.989,8.9979,0.9862299962783982,-2.0131804640245554,4.084480833643477,normal,neutral,Financial Services,1094.0,1091.5,1092.7485701212538,1110.0,0.07829387693101558,2.891790560429972,2.4023302886439173,-0.34304049657441843,1.5787190530784165,1.53358198263873,0.34304049657441843,-2.4023302886439173,-1.5787190530784165,-1.6235088053264257,1.4625228519195612,-1.4625228519195612
POLICYBZR,2026-07-01,2026-07,2026-06-30,GOLD,186.0,76.574,8.5082,0.2088965347751381,1.1912147909169946,2.912263455394452,normal,risk_on,Financial Services,1640.0,1657.4,1648.6540911020804,1681.2,0.09431690913405687,3.663594463264537,2.598841632648256,-0.18524753728290833,1.9740895966942076,1.9288393609253043,0.18524753728290833,-2.598841632648256,-1.9740895966942076,-2.0189055327518384,2.5121951219512226,-2.5121951219512226
POLICYBZR,2026-07-02,2026-07,2026-07-01,STANDARD,33.0,405.609,11.2669,3.077866339668911,3.2931924305726223,3.703249540159417,normal,risk_on,Financial Services,1685.7,1683.3,1684.4991451469277,1673.0,0.09312758526462715,2.2439904531208836,1.2170296976484434,-1.0269607554724403,-0.6826447600200317,-0.7271345693409502,1.0269607554724403,-1.2170296976484434,0.6826447600200317,0.6380047688519088,-0.7533962152221655,0.7533962152221655
POLICYBZR,2026-07-03,2026-07,2026-07-02,ENTERPRISE-Dryup,127.0,260.535,10.4214,-0.4877468474898894,2.5751072961373467,2.248394004282652,normal,risk_on,Financial Services,1620.0,1580.0,1599.75,1586.0,0.13838616824325534,4.669479606188469,0.6219721831536207,-3.3911548679481167,-0.8595092983278638,-0.9039484844194406,3.3911548679481167,-0.6219721831536207,0.8595092983278638,0.8148810201906549,-2.0987654320987654,2.0987654320987654
POLICYBZR,2026-07-06,2026-07,2026-07-03,GOLD-baseline,295.0,116.036,7.7357,-5.200239091452485,-5.662621936711876,4.465032875074719,normal,risk_on,Financial Services,1576.0,1577.0,1576.499841420869,1578.3,0.11332892481771084,2.0742152419456104,1.059318760481419,-1.0148964814641916,0.1141870447324971,0.0694691614314315,1.0148964814641916,-1.059318760481419,-0.1141870447324971,-0.15887980688372155,0.14593908629441335,-0.14593908629441335
POLICYBZR,2026-07-07,2026-07,2026-07-06,GOLD-baseline,241.0,84.608,7.6916,-0.485498108448934,-5.660490137477591,2.061790668348048,normal,risk_on,Financial Services,1575.0,1574.9,1574.949998412648,1603.6,0.12293286049729153,4.114416334823977,2.593733237786825,-1.5206830970371517,1.8191054710452705,1.773899595762715,1.5206830970371517,-2.593733237786825,-1.8191054710452705,-1.863911143124196,1.81587301587301,-1.81587301587301
POLICYBZR,2026-07-08,2026-07,2026-07-07,GOLD-baseline,54.0,214.515,10.215,1.6029905594627136,1.10970996216897,4.105683330165364,normal,risk_on,Financial Services,1593.3,1590.1,1591.6983916567194,1570.0,0.10363065101099485,2.714082028758936,0.14460078337359805,-2.381003326721523,-1.3632225659369204,-1.4075175761947625,2.381003326721523,-0.14460078337359805,1.3632225659369204,1.318627646714572,-1.4623736898261441,1.4623736898261441
POLICYBZR,2026-07-09,2026-07,2026-07-08,GOLD-baseline,308.0,31.113,6.2226,-2.095285607383379,-0.5258822784008133,2.693938638064358,normal,risk_off,Financial Services,1562.0,1579.0,1570.4539955428206,1572.0,0.09690206119413936,2.0885680251119214,1.5502526356249131,-0.1435250920573125,0.09844315475443195,0.05372977776401922,0.1435250920573125,-1.5502526356249131,-0.09844315475443195,-0.1431348742507987,0.6402048655569782,-0.6402048655569782
POLICYBZR,2026-07-10,2026-07,2026-07-09,GOLD,351.0,32.304,6.4608,0.1273885350318471,-1.9705662259915104,2.08917197452229,normal,neutral,Financial Services,1571.9,1581.1,1576.4865778623532,1583.0,0.0690605664920603,1.2686438489770795,0.8191266782085078,-0.44951717076857156,0.4131606465358367,0.3683571892166213,0.44951717076857156,-0.8191266782085078,-0.4131606465358367,-0.45787320851281416,0.7061517908263826,-0.7061517908263826
POLYCAB,2026-07-01,2026-07,2026-06-30,GOLD-baseline,173.0,129.734,8.6489,1.7866258295048398,4.34327577184721,4.196018376722818,normal,risk_on,Capital Goods,9979.5,9912.5,9945.887165694752,9710.0,0.07242099374123662,3.101784635804787,-0.3356881607295007,-2.7638275109624213,-2.371705628316111,-2.4157119845009407,2.7638275109624213,0.3356881607295007,2.371705628316111,2.327177496893052,-2.700536099002956,2.700536099002956
POLYCAB,2026-07-02,2026-07,2026-07-01,GOLD,343.0,33.451,6.6903,-2.60782347041123,-0.8677896886166381,3.0942828485456366,normal,risk_on,Capital Goods,9749.0,9693.0,9720.919349861124,9640.5,0.07273532309379971,1.8928250855473734,-0.28720894450711376,-1.552521365824108,-0.8272813194594892,-0.8717297300365456,1.552521365824108,0.28720894450711376,0.8272813194594892,0.7826509069921518,-1.1129346599651246,1.1129346599651246
POLYCAB,2026-07-03,2026-07,2026-07-02,GOLD,361.0,21.045,7.015,-0.7157569515962914,-3.304914744232701,1.8949536560247169,normal,risk_on,Capital Goods,9688.0,9613.0,9650.354282161547,9546.5,0.06067629360487084,1.7356875727310843,0.19839393745205708,-1.236786533134541,-1.0761706681952465,-1.1205478401695717,1.236786533134541,-0.19839393745205708,1.0761706681952465,1.0315567386739184,-1.4605697770437656,1.4605697770437656
POLYCAB,2026-07-06,2026-07,2026-07-03,ENTERPRISE-Dryup,360.0,21.045,7.015,-0.9750531611430912,-1.6838311019567451,1.737461749909237,normal,risk_on,Capital Goods,9600.0,9558.5,9579.205052587624,9605.0,0.06545772316606603,1.2213957145472616,0.3423556258827266,-0.879040088664535,0.26928066860212124,0.2245183934734699,0.879040088664535,-0.3423556258827266,-0.26928066860212124,-0.3139837019836801,0.052083333333333336,-0.052083333333333336
POLYCAB,2026-07-07,2026-07,2026-07-06,ENTERPRISE-Dryup,185.0,85.191,8.5191,0.6127900277588694,-0.3682381619210639,1.225580055517729,normal,risk_on,Capital Goods,9589.5,9579.5,9584.49739162189,9364.0,0.06824843483094813,2.509260425176062,-0.052140361854112416,-2.3944645425278166,-2.3005629049952407,-2.3445896240771957,2.3944645425278166,0.052140361854112416,2.3005629049952407,2.256030062074187,-2.3515303196204185,2.3515303196204185
POLYCAB,2026-07-08,2026-07,2026-07-07,ENTERPRISE-Dryup,234.0,14.587,7.2934,-2.509109838625712,-1.911695385743461,2.5039042165538783,normal,risk_on,Capital Goods,9348.0,9309.0,9328.459237819585,9278.0,0.07651649078559615,2.476293181016177,0.8955472715335768,-1.5807459094826,-0.5409171711338159,-0.585447546575591,1.5807459094826,-0.8955472715335768,0.5409171711338159,0.4962677939143914,-0.7488232777064613,0.7488232777064613
POLYCAB,2026-07-09,2026-07,2026-07-08,ENTERPRISE-Dryup,206.0,14.072,7.0358,-0.9184109354976489,-3.4044768349817844,2.466894489534387,normal,risk_off,Capital Goods,9280.0,9258.5,9269.237532702213,9085.0,0.08594679651765391,3.5385866296208706,0.2563583813010764,-2.893846788971162,-1.987623383824354,-2.0317396743336955,2.893846788971162,-0.2563583813010764,1.987623383824354,1.943069816170571,-2.101293103448276,2.101293103448276
POLYCAB,2026-07-10,2026-07,2026-07-09,ENTERPRISE-Dryup,295.0,7.077,7.0774,-2.080189696055179,-2.979495941905164,3.535244664798448,normal,neutral,Capital Goods,9149.0,9132.5,9140.74255394798,9230.0,0.06328798411259415,1.6081844459836494,0.9983592198711021,-0.6098252261125474,0.9764791593815287,0.9315144656576556,0.6098252261125474,-0.9983592198711021,-0.9764791593815287,-1.021229027690338,0.8853426604000437,-0.8853426604000437
POWERGRID,2026-07-01,2026-07,2026-06-30,GOLD,428.0,0.0,0.0,-0.2090592334494823,0.6678383128295273,1.5505226480836198,normal,risk_on,Power,287.8,286.8,287.29912982944654,287.1,0.06327485455926676,0.9397870441177057,0.36577561901329925,-0.5740114251044065,-0.06931097548563124,-0.11397633688236189,0.5740114251044065,-0.36577561901329925,0.06931097548563124,0.024630365674293754,-0.24322446143154572,0.24322446143154572
POWERGRID,2026-07-02,2026-07,2026-07-01,GOLD,439.0,0.0,0.0,0.2444134078212423,0.0348432055749192,0.9427374301676138,normal,risk_on,Power,287.55,286.25,286.89852736145,288.5,0.046630683492372586,1.8124875187835148,0.871901526144283,-0.9405859926392318,0.5582017632779126,0.5133567914200166,0.9405859926392318,-0.871901526144283,-0.5582017632779126,-0.6029239307478874,0.330377325682486,-0.330377325682486
POWERGRID,2026-07-03,2026-07,2026-07-02,ENTERPRISE-Dryup,310.0,31.008,7.7519,0.4876349703935911,0.7332402234637048,1.8112156043190484,normal,risk_on,Power,288.5,287.85,288.17463346924615,288.0,0.05465754794349691,1.70035784933961,1.3274473484017097,-0.37291050093790007,-0.06059987554899859,-0.1052677302890197,0.37291050093790007,-1.3274473484017097,0.06059987554899859,0.015918688836356693,-0.17331022530329288,0.17331022530329288
POWERGRID,2026-07-06,2026-07,2026-07-03,ENTERPRISE-Dryup,443.0,0.0,0.0,-0.1733102253032914,0.3134796238244419,1.6984402079722625,normal,risk_on,Power,287.2,287.35,287.27498041945876,285.5,0.048477822916503016,1.1313202407166048,0.23497332749117783,-0.896346913225427,-0.6178680847413356,-0.6623764348309124,0.896346913225427,-0.23497332749117783,0.6178680847413356,0.5732238036731157,-0.5919220055710267,0.5919220055710267
POWERGRID,2026-07-07,2026-07,2026-07-06,ENTERPRISE-Dryup,408.0,0.0,0.0,-0.868055555555558,-1.0398613518197597,1.128472222222222,normal,risk_on,Power,285.35,286.65,285.99852272727276,283.85,0.04652334136409896,1.3986086228194916,0.4725469417952309,-0.9260616810242607,-0.7512356031718243,-0.7957057800100708,0.9260616810242607,-0.4725469417952309,0.7512356031718243,0.7066001545008799,-0.5256702295426668,0.5256702295426668
POWERGRID,2026-07-08,2026-07,2026-07-07,ENTERPRISE-Dryup,412.0,0.0,0.0,-0.5779334500875533,-1.4409722222222143,1.4010507880910683,normal,risk_on,Power,282.9,282.9,282.9,279.7,0.056971951664944905,2.191587133262633,0.8837044892188053,-1.3078826440438278,-1.1311417462000668,-1.1755031840226189,1.3078826440438278,-0.8837044892188053,1.1311417462000668,1.0865314571933506,-1.1311417462000668,1.1311417462000668
POWERGRID,2026-07-09,2026-07,2026-07-08,ENTERPRISE-Dryup,436.0,0.0,0.0,-1.4620398097586862,-2.031523642732058,2.184252245904523,normal,risk_off,Power,280.0,281.45,280.7231276159943,281.2,0.0542565182581721,1.4070803619013739,1.1494857625053838,-0.008238585894484252,0.16987285232088006,0.12513903029385165,0.008238585894484252,-1.1494857625053838,-0.16987285232088006,-0.21456930232039786,0.4285714285714245,-0.4285714285714245
POWERGRID,2026-07-10,2026-07,2026-07-09,ENTERPRISE-Dryup,432.0,0.0,0.0,0.5362888809438582,-0.933591685749524,1.4122273864855162,normal,neutral,Power,283.1,282.5,282.7996817538897,283.6,0.050843325158680196,0.8663376085875991,0.3537197212905211,-0.512617887297078,0.2829982838548024,0.2382320823880078,0.512617887297078,-0.3537197212905211,-0.2829982838548024,-0.327702225699149,0.17661603673613563,-0.17661603673613563
POWERINDIA,2026-07-01,2026-07,2026-06-30,GOLD-baseline,58.0,689.718,10.9479,0.908173562058523,2.971462194763164,2.3497188986593627,normal,risk_on,Capital Goods,34955.0,35205.0,35079.55458950969,34340.0,0.11221608272541458,6.200192748885185,0.6854289152297736,-4.958884483755361,-2.108221150934586,-2.1523029232274387,4.958884483755361,-0.6854289152297736,2.108221150934586,2.063675569988528,-1.7594049492204265,1.7594049492204265
POWERINDIA,2026-07-02,2026-07,2026-07-01,GOLD,162.0,339.559,8.9358,-1.8857142857142903,-0.9946662822545748,6.214285714285714,normal,risk_on,Capital Goods,34250.0,33990.0,34119.50468933177,33815.0,0.10657527186886356,3.985989868209413,0.41177418004007155,-2.9147688349729313,-0.8924651518372733,-0.9368949051067235,2.9147688349729313,-0.41177418004007155,0.8924651518372733,0.8478390562344188,-1.27007299270073,1.27007299270073
POWERINDIA,2026-07-03,2026-07,2026-07-02,ENTERPRISE-Dryup,270.0,215.516,8.2891,-1.5288293535235864,-3.385714285714281,3.96039603960396,normal,risk_on,Capital Goods,32085.0,31560.0,31820.33466886637,31045.0,0.20356518220176661,5.295355996518278,0.7217564916384722,-4.463606947088626,-2.436601239222578,-2.4805890205962804,4.463606947088626,-0.7217564916384722,2.436601239222578,2.392077405576247,-3.241390057659342,3.241390057659342
POWERINDIA,2026-07-06,2026-07,2026-07-03,GOLD-baseline,251.0,280.723,8.2566,-8.19163093301789,-9.595224228305188,4.982995711962147,gap,risk_on,Capital Goods,31075.0,31495.0,31283.59037877577,32390.0,0.14582312977063444,4.395275552939292,3.728503049367298,0.1004028656683188,3.5367092070572204,3.4910117089277213,-0.1004028656683188,-3.728503049367298,-3.5367092070572204,-3.581628629161167,4.23169750603379,-4.23169750603379
POWERINDIA,2026-07-07,2026-07,2026-07-06,STANDARD,54.0,653.336,10.8889,4.332420679658555,-4.2141061659027095,4.429054598163956,normal,risk_on,Capital Goods,32550.0,32500.0,32524.9807840123,31840.0,0.13022686042064696,3.274406238922368,0.16915987238567523,-2.690180786954984,-2.106014415691839,-2.150096819609693,2.690180786954984,-0.16915987238567523,2.106014415691839,2.0614686886025324,-2.1812596006144394,2.1812596006144394
POWERINDIA,2026-07-08,2026-07,2026-07-07,GOLD-baseline,149.0,264.943,8.2795,-1.698054955233097,2.560798840392975,3.288051867860451,normal,risk_on,Capital Goods,31795.0,32050.0,31921.990758869135,31770.0,0.11406253258728546,2.8037098524356137,1.5914083960747998,-1.2123014563608137,-0.47613183030230066,-0.5206807489930405,1.2123014563608137,-1.5914083960747998,0.47613183030230066,0.43147816260889427,-0.07862871520679351,0.07862871520679351
POWERINDIA,2026-07-09,2026-07,2026-07-08,GOLD-baseline,108.0,250.152,8.0694,-0.2198492462311518,-1.9141710404445789,2.8109296482412063,normal,risk_off,Capital Goods,32100.0,32170.0,32134.961879570557,32540.0,0.08784377835667466,1.9916003087181902,1.7583282735700374,-0.21771265773629203,1.26042819639049,1.21538222906955,0.21771265773629203,-1.7583282735700374,-1.26042819639049,-1.3051968695082241,1.3707165109034267,-1.3707165109034267
POWERINDIA,2026-07-10,2026-07,2026-07-09,STANDARD,60.0,669.818,10.8035,2.423670129052557,2.198492462311563,2.014479068303431,normal,neutral,Capital Goods,32730.0,32830.0,32779.923733984135,32620.0,0.07554115005466079,1.6473497753753539,0.42732334325306287,-1.2200264321222911,-0.4878709763999116,-0.5324165350418206,1.2200264321222911,-0.42732334325306287,0.4878709763999116,0.4432180861431947,-0.3360831041857623,0.3360831041857623
PREMIERENE,2026-07-01,2026-07,2026-06-30,ENTERPRISE-Dryup,169.0,87.19,8.719,1.918232900600647,0.6505931879066118,2.286378608796736,normal,risk_on,Capital Goods,1051.0,1053.7,1052.3482681617331,1053.0,0.10054748535061461,2.233101028526455,1.0596997377823387,-1.1734012907441163,0.06193119312158225,0.01722826680389982,1.1734012907441163,-1.0596997377823387,-0.06193119312158225,-0.10662049457677791,0.19029495718363465,-0.19029495718363465
PREMIERENE,2026-07-02,2026-07,2026-07-01,ENTERPRISE-Dryup,119.0,77.426,9.6783,0.0950570342205248,2.015113350125941,2.2338403041825097,normal,risk_on,Capital Goods,1053.2,1057.0,1055.0965785233627,1052.0,0.07492444105314379,1.5827934939730508,0.6732484609682613,-0.9095450330047893,-0.2934876850512084,-0.338088881245067,0.9095450330047893,-0.6732484609682613,0.2934876850512084,0.24882192156663863,-0.1139384732244631,0.1139384732244631
PREMIERENE,2026-07-03,2026-07,2026-07-02,ENTERPRISE-Dryup,210.0,64.17,9.1672,-0.0949667616334304,0.0,1.5859449192782569,normal,risk_on,Capital Goods,1056.0,1054.6,1055.2995356770587,1045.0,0.09666154254233893,3.089170315903192,0.5496509878799286,-2.539519328023263,-0.9759822049434226,-1.0203880534608305,2.539519328023263,-0.5496509878799286,0.9759822049434226,0.9313616403409272,-1.0416666666666665,1.0416666666666665
PREMIERENE,2026-07-06,2026-07,2026-07-03,ENTERPRISE-Dryup,210.0,44.279,8.8557,-0.6653992395437291,-0.7597340930674212,3.098859315589345,normal,risk_on,Capital Goods,1047.0,1040.0,1043.4882606612362,1023.0,0.07900932461382001,3.1433032106384498,-0.10429064727057454,-2.538433987216216,-1.963439497465279,-2.0075627100316775,2.538433987216216,0.10429064727057454,1.963439497465279,1.918884328209438,-2.292263610315186,2.292263610315186
PREMIERENE,2026-07-07,2026-07,2026-07-06,GOLD,364.0,5.384,5.3837,-2.1052631578947323,-2.7566539923954414,3.1387559808612395,normal,risk_on,Capital Goods,1022.0,1016.6,1019.2928480329638,1025.0,0.11406385976989479,3.051134917704657,2.4239502920790823,-0.4505916078806037,0.5599128825489077,0.5150674209241872,0.4505916078806037,-2.4239502920790823,-0.5599128825489077,-0.6046351633394674,0.29354207436399216,-0.29354207436399216
PREMIERENE,2026-07-08,2026-07,2026-07-07,GOLD,356.0,10.714,5.3569,0.1955034213098727,-1.9138755980861235,3.040078201368526,normal,risk_on,Capital Goods,1025.5,1027.0,1026.2494518879416,1048.6,0.12186121493949183,4.21924707685282,3.7661942757635494,0.004925519031004765,2.1778864847080843,2.1325779169711123,-0.004925519031004765,-3.7661942757635494,-2.1778864847080843,-2.222715917418421,2.252559726962448,-2.252559726962448
PREMIERENE,2026-07-09,2026-07,2026-07-08,STANDARD,36.0,95.849,9.5849,2.302439024390246,2.5024437927663623,4.224390243902445,normal,risk_off,Capital Goods,1055.0,1050.8,1052.89581156805,1090.0,0.11552016048983663,4.51136755205242,4.046382174177394,-0.27503305989387167,3.524013299729219,3.4783194354984905,0.27503305989387167,-4.046382174177394,-3.524013299729219,-3.5689318810340067,3.3175355450236967,-3.3175355450236967
PREMIERENE,2026-07-10,2026-07,2026-07-09,STANDARD,29.0,423.022,11.7506,3.948121304596608,6.341463414634152,4.529849322906733,normal,neutral,Capital Goods,1099.0,1100.1,1099.549724887454,1109.0,0.12388523113502113,4.383612574222928,3.1331257088961784,-1.2504868653267496,0.859467734714164,0.8145365327023277,1.2504868653267496,-3.1331257088961784,-0.859467734714164,-0.9042098538243633,0.9099181073703366,-0.9099181073703366
PRESTIGE,2026-07-01,2026-07,2026-06-30,ENTERPRISE-Dryup,240.0,63.603,7.9504,1.2793733681462085,-0.4107830551989821,2.349869451697128,normal,risk_on,Realty,1579.9,1581.9,1580.8993674489218,1629.7,0.12717333149254542,4.124234682009678,3.1058670502418697,-1.0183676317678079,3.0868905102939754,3.041321761970776,1.0183676317678079,-3.1058670502418697,-3.0868905102939754,-3.13178014270491,3.152098234065444,-3.152098234065444
PRESTIGE,2026-07-02,2026-07,2026-07-01,STANDARD-weak,54.0,408.987,10.7628,5.033513792214506,6.37728459530027,4.202113946893533,extended_move,risk_on,Realty,1643.5,1639.0,1641.246915460777,1673.4,0.11259238993124839,2.8514905075608894,2.5135209181880627,-0.17955345006389378,1.959064430606784,1.913818495431069,0.17955345006389378,-2.5135209181880627,-1.959064430606784,-2.0038793716077654,1.8192881046547058,-1.8192881046547058
PRESTIGE,2026-07-03,2026-07,2026-07-02,STANDARD,27.0,890.934,13.2975,2.6814751181198915,7.849961330239763,2.871694176842361,extended_move,risk_on,Realty,1682.0,1681.7,1681.8499866218747,1668.5,0.10489606826393583,3.0383209207997455,1.0137654079583922,-2.0245555128413533,-0.7937679774097542,-0.8382259803766522,2.0245555128413533,-1.0137654079583922,0.7937679774097542,0.7491353454878262,-0.8026159334126041,0.8026159334126041
PRESTIGE,2026-07-06,2026-07,2026-07-03,GOLD-baseline,33.0,987.24,13.9048,-0.2928170192422641,2.3808062833650334,3.053663200669304,extended_move,risk_on,Realty,1683.0,1692.3,1687.6371878055286,1700.0,0.12100179534212348,3.057529211423488,1.8287587176603406,-1.2287704937631476,0.7325515391461035,0.6876566638492598,1.2287704937631476,-1.8287587176603406,-0.7325515391461035,-0.7772852531043349,1.0101010101010102,-1.0101010101010102
PRESTIGE,2026-07-07,2026-07,2026-07-06,GOLD-baseline,151.0,109.872,9.156,1.887923284387183,1.5895781044579893,3.0925981420437463,extended_move,risk_on,Realty,1715.0,1702.5,1708.727139722019,1669.9,0.09137568007303738,3.2538840583432815,0.27347024398180036,-2.8867768630422552,-2.2722843700098,-2.3163191831437095,2.8867768630422552,-0.27347024398180036,2.2722843700098,2.2277496543144886,-2.6297376093294407,2.6297376093294407
PRESTIGE,2026-07-08,2026-07,2026-07-07,GOLD-baseline,248.0,28.093,7.0232,-1.770588235294113,0.0839077015283296,3.2705882352941127,extended_move,risk_on,Realty,1657.1,1672.0,1664.5166561533147,1631.7,0.10836316232392573,4.277518025235188,1.47089809862679,-2.806619926608398,-1.9715426716818603,-2.0156635649091155,2.806619926608398,-1.47089809862679,1.9715426716818603,1.926988039066835,-1.5327982620240097,1.5327982620240097
PRESTIGE,2026-07-09,2026-07,2026-07-08,GOLD-baseline,234.0,41.8,6.9666,-2.287562129468834,-4.017647058823526,4.263728366968085,extended_move,risk_off,Realty,1628.0,1640.0,1633.9779681762545,1675.0,0.0850082357508084,3.378258524599991,3.012404866063409,0.2889899322826214,2.5105621142206545,2.4651583260689494,-0.2889899322826214,-3.012404866063409,-2.5105621142206545,-2.5554135787072307,2.886977886977887,-2.886977886977887
PRESTIGE,2026-07-10,2026-07,2026-07-09,STANDARD,195.0,131.177,8.1985,2.653674082245505,0.3054075094316877,3.382974811546243,extended_move,neutral,Realty,1694.0,1665.2,1679.4765420338179,1722.0,0.10826507207258411,5.275453260734848,3.693023177988112,-1.5824300827467357,2.53194712173157,2.486537212634705,1.5824300827467357,-3.693023177988112,-2.53194712173157,-2.5768000024616535,1.6528925619834711,-1.6528925619834711
RADICO,2026-07-01,2026-07,2026-06-30,GOLD-baseline,196.0,67.205,8.4006,1.9353169469598972,2.934030045721747,3.0892626131953334,normal,risk_on,Fast Moving Consumer Goods,3946.0,3968.0,3956.9694212787463,3948.0,0.08635872650732976,1.5997091021123813,0.3545789018687834,-1.1036077520314458,-0.22667401043113652,-0.27129433043582685,1.1036077520314458,-0.3545789018687834,0.22667401043113652,0.18200382214415134,0.05068423720223011,-0.05068423720223011
RADICO,2026-07-02,2026-07,2026-07-01,GOLD,213.0,82.382,8.2382,0.208132392507232,2.147477360931438,1.6066805421594936,normal,risk_on,Fast Moving Consumer Goods,3958.5,3938.3,3948.3741642184173,3957.0,0.0758909370484797,2.157850205082214,0.960543104685479,-1.197307100396735,0.21846551068419895,0.17371778017493786,1.197307100396735,-0.960543104685479,-0.21846551068419895,-0.2631651787811095,-0.037893141341417205,0.037893141341417205
RADICO,2026-07-03,2026-07,2026-07-02,GOLD,275.0,82.382,8.2382,0.2279635258358725,0.4365703842834634,2.158054711246208,normal,risk_on,Fast Moving Consumer Goods,3979.0,3974.6,3976.798782941058,3898.0,0.0627971663956822,2.6000812624351637,0.1810807499195673,-2.4190005125155967,-1.9814626598427527,-2.0255807137114767,2.4190005125155967,-0.1810807499195673,1.9814626598427527,1.9369086841888634,-2.0356873586328224,2.0356873586328224
RADICO,2026-07-06,2026-07,2026-07-03,ENTERPRISE-Dryup,293.0,38.742,7.7484,-1.491028556987617,-1.266464032421477,2.6130907252969444,normal,risk_on,Fast Moving Consumer Goods,3940.0,3940.0,3940.0,4132.8,0.11573083460755457,5.9340101522842685,5.0,0.0,4.893401015228431,4.847315196629446,0.0,-5.0,-4.893401015228431,-4.938410285604065,4.893401015228431,-4.893401015228431
RADICO,2026-07-07,2026-07,2026-07-06,STANDARD-weak,175.0,130.269,8.6846,6.02360184710109,4.442759666413965,5.997947665469476,extended_move,risk_on,Fast Moving Consumer Goods,4135.7,4129.9,4132.797965060008,4095.0,0.10237757805451309,2.076075354405919,0.7017530299130135,-1.3743223244929057,-0.9145853578995213,-0.9590087797908712,1.3743223244929057,-0.7017530299130135,0.9145853578995213,0.8699607272294336,-0.9841139347631555,0.9841139347631555
RADICO,2026-07-08,2026-07,2026-07-07,GOLD-baseline,115.0,104.305,8.6921,-0.9146341463414642,5.053873781426366,2.0760743321718977,extended_move,risk_on,Fast Moving Consumer Goods,4103.7,4115.4,4109.541672445887,4089.9,0.09455256723567425,1.9953563325516985,0.7411611800491779,-1.2541951525025208,-0.47795287191228464,-0.5225012693735687,1.2541951525025208,-0.7411611800491779,0.47795287191228464,0.4332993248191799,-0.3362818919511594,0.3362818919511594
RADICO,2026-07-09,2026-07,2026-07-08,GOLD,70.0,104.305,8.6921,-0.1245421245421263,-1.0380371660859478,2.0024420024420024,extended_move,risk_off,Fast Moving Consumer Goods,4099.0,4132.7,4115.78101728683,4090.0,0.06327016960633529,1.5185453195272451,0.7099255910469009,-0.8086197284803442,-0.6263942901370748,-0.670900199804986,0.8086197284803442,-0.7099255910469009,0.6263942901370748,0.5817505737253335,-0.21956574774335205,0.21956574774335205
RADICO,2026-07-10,2026-07,2026-07-09,GOLD,168.0,120.199,8.5857,0.0024450475561765,-0.1221001221001216,1.5281547226093548,extended_move,neutral,Fast Moving Consumer Goods,4120.8,4110.7,4115.743803680982,4062.0,0.06756059107611512,2.0142167237391377,-0.12254901960785076,-1.35440412085724,-1.3058102312616031,-1.35012167442235,1.35440412085724,0.12254901960785076,1.3058102312616031,1.2612115098499785,-1.4269073966220194,1.4269073966220194
RBLBANK,2026-07-01,2026-07,2026-06-30,GOLD,36.0,79.583,11.369,1.5816256360885683,-1.1641910879164885,1.9254572961078256,normal,risk_on,Financial Services,369.15,367.15,368.14728371587665,361.65,0.09229406209065111,3.3274726018226244,0.39460192927690463,-2.6204956935991124,-1.7648598817018721,-1.809039932917372,2.6204956935991124,-0.39460192927690463,1.7648598817018721,1.7202915613123977,-2.0316944331572535,2.0316944331572535
RBLBANK,2026-07-02,2026-07,2026-07-01,GOLD,325.0,6.994,6.9941,-2.0714865962632056,-0.5226241232292761,3.3170863796371512,normal,risk_on,Financial Services,363.4,363.9,363.6498281314451,355.3,0.07079533966990667,3.066136469056641,0.12379268013629498,-2.4611116076782737,-2.2961177169667,-2.3401457083770434,2.4611116076782737,-0.12379268013629498,2.2961177169667,2.251584579658624,-2.228948816730866,2.228948816730866
RBLBANK,2026-07-03,2026-07,2026-07-02,ENTERPRISE-Dryup,356.0,7.077,7.0774,-1.7558412830084191,-3.7909558624424577,3.083091386699857,normal,risk_on,Financial Services,358.0,356.3,357.1479770404592,359.45,0.10647087056465881,2.4359650787030547,1.9185389250474723,-0.37742816062667106,0.6445571884843755,0.5996874994585444,0.37742816062667106,-1.9185389250474723,-0.6445571884843755,-0.68928507492874,0.4050279329608907,-0.4050279329608907
RBLBANK,2026-07-06,2026-07,2026-07-03,ENTERPRISE-Dryup,357.0,14.072,7.0358,1.1680270194202036,-0.6083229641918986,2.4486349563748915,normal,risk_on,Financial Services,358.75,360.85,359.7969357976654,368.75,0.10698773060222369,3.6965295356154364,2.891370983822058,-0.19370253838329432,2.4883658840745135,2.442968449060978,0.19370253838329432,-2.891370983822058,-2.4883658840745135,-2.5332158785935524,2.7874564459930316,-2.7874564459930316
RBLBANK,2026-07-07,2026-07,2026-07-06,STANDARD,19.0,153.232,11.787,2.5872861315899387,3.785533352096815,3.70009737098345,normal,risk_on,Financial Services,368.6,368.0,368.29975563399404,374.8,0.09195375072390898,2.973121712000767,2.1857859645191,-0.23072392012079246,1.7649331194413642,1.719742749694319,0.23072392012079246,-2.1857859645191,-1.7649331194413642,-1.8097352039021324,1.6820401519262043,-1.6820401519262043
RBLBANK,2026-07-08,2026-07,2026-07-07,GOLD,20.0,208.615,11.5897,1.6406779661017,4.270413131172624,2.969491525423741,normal,risk_on,Financial Services,370.8,369.4,370.0986760335045,359.95,0.09816664703153634,3.688205574332901,0.4732046018821718,-3.2014910619220496,-2.742154103946526,-2.78605442814597,3.2014910619220496,-0.4732046018821718,2.742154103946526,2.697650505844214,-2.926105717367859,2.926105717367859
RBLBANK,2026-07-09,2026-07,2026-07-08,GOLD,210.0,14.072,7.0358,-3.9621131270010768,-2.3864406779661063,3.641942369263601,normal,risk_off,Financial Services,360.0,362.0,360.9972299168975,362.95,0.06868343637047368,1.8975214855739782,1.6212783916513331,0.2500767341927571,0.5409376918354859,0.4960976614037026,-0.2500767341927571,-1.6212783916513331,-0.5409376918354859,-0.5856587159750654,0.8194444444444412,-0.8194444444444412
RBLBANK,2026-07-10,2026-07,2026-07-09,ENTERPRISE-Dryup,305.0,14.051,7.0255,0.8334490901514169,-3.1616862326574235,1.903042089179059,normal,neutral,Financial Services,365.05,366.55,365.79846227446694,380.1,0.11178786159722269,4.5380179831222645,4.319738696352645,-0.054254540391700384,3.9096768304078626,3.8638725792474022,0.054254540391700384,-4.319738696352645,-3.9096768304078626,-3.9546209526656333,4.122722914669227,-4.122722914669227
RECLTD,2026-07-01,2026-07,2026-06-30,GOLD-baseline,432.0,0.0,0.0,-0.178082191780815,0.0961538461538458,1.452054794520551,normal,risk_on,Financial Services,365.0,363.5,364.24845573095405,370.0,0.07089839216862369,2.4571140547568318,1.8398277778824468,-0.6172862768743851,1.5790167888300481,1.5338796331706486,0.6172862768743851,-1.8398277778824468,-1.5790167888300481,-1.6238065607959051,1.36986301369863,-1.36986301369863
RECLTD,2026-07-02,2026-07,2026-07-01,GOLD,141.0,55.472,9.2453,1.5507067380266193,1.3698630136986356,2.456429257581992,normal,risk_on,Financial Services,371.0,369.8,370.3990280777538,369.6,0.05251518943043078,1.0799164405907467,0.08125613174745774,-0.91766657579898,-0.21572088941498843,-0.2603443444876947,0.91766657579898,-0.08125613174745774,0.21572088941498843,0.17104997574661082,-0.3773584905660316,0.3773584905660316
RECLTD,2026-07-03,2026-07,2026-07-02,GOLD,217.0,45.232,9.0465,-0.108108108108107,1.4409221902017322,1.0810810810810811,normal,risk_on,Financial Services,372.0,370.95,371.47425802543916,365.75,0.06854857424962899,2.28818008687372,-0.14112903225807502,-2.05243239894082,-1.54095685011023,-1.5852009881948503,2.05243239894082,0.14112903225807502,1.54095685011023,1.4963737015185854,-1.6801075268817203,1.6801075268817203
RECLTD,2026-07-06,2026-07,2026-07-03,GOLD,446.0,0.0,0.0,-1.041666666666674,-1.1486486486486536,2.299783549783549,normal,risk_on,Financial Services,365.15,365.6,365.3748614437222,365.85,0.06299285506731506,1.5326724936336589,0.6774244255605638,-0.8552480680730951,0.1300413921199736,0.08531897089247267,0.8552480680730951,-0.6774244255605638,-0.1300413921199736,-0.17473520424120811,0.19170204025744092,-0.19170204025744092
RECLTD,2026-07-07,2026-07,2026-07-06,ENTERPRISE-Dryup,409.0,0.0,0.0,0.0273410799726647,-1.014610389610393,1.5311004784689055,normal,risk_on,Financial Services,364.0,363.75,363.87495705942973,355.65,0.06042619245597355,2.9405705977870897,0.061846229372013437,-2.4115309089535786,-2.260380083833694,-2.3044183042838187,2.4115309089535786,-0.061846229372013437,2.260380083833694,2.215844579765126,-2.29395604395605,2.29395604395605
RECLTD,2026-07-08,2026-07,2026-07-07,ENTERPRISE-Dryup,423.0,0.0,0.0,-2.7880278802788205,-2.7614490772385536,2.9246959136258,normal,risk_on,Financial Services,353.75,352.5,353.12389380530976,347.5,0.08694354987362547,3.3982407337794145,1.5224419216600176,-1.8757988121193976,-1.5926120843044462,-1.636841437318004,1.8757988121193976,-1.5224419216600176,1.5926120843044462,1.5480323566323413,-1.76678445229682,1.76678445229682
RECLTD,2026-07-09,2026-07,2026-07-08,ENTERPRISE-Dryup,425.0,0.0,0.0,-2.2915787993814107,-5.015716823834914,3.374103753690426,normal,risk_off,Financial Services,349.1,349.05,349.0749982095538,352.9,0.07303342254535934,2.363388968650063,1.3965485398411839,-0.9668404288088791,1.095753580194809,1.0507547470305643,0.9668404288088791,-1.3965485398411839,-1.095753580194809,-1.140511347571411,1.0885133199656127,-1.0885133199656127
RECLTD,2026-07-10,2026-07,2026-07-09,GOLD,441.0,0.0,0.0,1.5539568345323662,-0.7732321102207229,2.3741007194244603,normal,neutral,Financial Services,354.0,355.1,354.5491468058102,353.0,0.06851401391034356,1.6640852342063202,0.5925421660485405,-1.07154306815778,-0.4369342924011299,-0.4814944304463531,1.07154306815778,-0.5925421660485405,0.4369342924011299,0.39227802881157847,-0.2824858757062147,0.2824858757062147
RELIANCE,2026-07-01,2026-07,2026-06-30,ENTERPRISE-Dryup,434.0,0.0,0.0,-0.5378409527468264,-1.6710976072920602,1.298501728774498,normal,risk_on,Oil Gas & Consumable Fuels,1298.9,1297.5,1298.1996225543062,1306.5,0.04873880208767034,1.2093671672087767,1.078445656774037,-0.13092151043473976,0.6393760482969629,0.5945078422481631,0.13092151043473976,-1.078445656774037,-0.6393760482969629,-0.6841035916151375,0.5851104780968441,-0.5851104780968441
RELIANCE,2026-07-02,2026-07,2026-07-01,ENTERPRISE-Dryup,443.0,0.0,0.0,0.9269988412514474,0.3841721091048855,1.2128234839706484,normal,risk_on,Oil Gas & Consumable Fuels,1310.0,1309.0,1309.499809087438,1301.9,0.04048470804043684,1.0843835105173263,0.2825652120667796,-0.8018182984505465,-0.5803596941899597,-0.6248787801561305,0.8018182984505465,-0.2825652120667796,0.5803596941899597,0.5357129290910672,-0.6183206106870159,0.6183206106870159
RELIANCE,2026-07-03,2026-07,2026-07-02,ENTERPRISE-Dryup,453.0,0.0,0.0,-0.3520857252200415,0.5716492854384025,1.0868733256792993,normal,risk_on,Oil Gas & Consumable Fuels,1312.0,1306.7,1309.3446366517737,1305.0,0.03297093884517098,0.7637408608914282,0.050052776777102334,-0.5609399119360403,-0.33181765366861177,-0.37640787882887283,0.5609399119360403,-0.050052776777102334,0.33181765366861177,0.28715442862454366,-0.5335365853658537,0.5335365853658537
RELIANCE,2026-07-06,2026-07,2026-07-03,ENTERPRISE-Dryup,462.0,0.0,0.0,0.238113526384498,-0.1148105625717543,0.7681081496274675,normal,risk_on,Oil Gas & Consumable Fuels,1304.0,1303.8,1303.8999923307001,1321.7,0.05242533292322551,2.009356557566025,1.6642386530359112,-0.3451179045301136,1.3651359593524273,1.3200600219473257,0.3451179045301136,-1.6642386530359112,-1.3651359593524273,-1.4099115668464712,1.3573619631901874,-1.3573619631901874
RELIANCE,2026-07-07,2026-07,2026-07-06,ENTERPRISE-Dryup,181.0,25.762,8.5875,1.27969348659005,1.5208541362623729,2.0076628352490284,normal,risk_on,Oil Gas & Consumable Fuels,1323.5,1327.5,1325.496982270841,1304.9,0.05165429517108045,1.8030972774494454,0.18883616957548904,-1.6142611078739562,-1.5539063872898609,-1.5981468188802523,1.6142611078739562,-0.18883616957548904,1.5539063872898609,1.5093240962942656,-1.4053645636569632,1.4053645636569632
RELIANCE,2026-07-08,2026-07,2026-07-07,ENTERPRISE-Dryup,421.0,0.0,0.0,-1.271090262540664,-0.0076628352490337,1.808277218733456,normal,risk_on,Oil Gas & Consumable Fuels,1297.0,1294.6,1295.7988887173944,1274.9,0.061771768243368545,2.369194808492811,-0.038500474243213956,-1.8674879974119318,-1.612818848616274,-1.65704241792851,1.8674879974119318,0.038500474243213956,1.612818848616274,1.5682404591573424,-1.7039321511179575,1.7039321511179575
RELIANCE,2026-07-09,2026-07,2026-07-08,GOLD-baseline,416.0,0.0,0.0,-2.299026745344468,-3.5408943027918527,2.3526707027358453,normal,risk_off,Oil Gas & Consumable Fuels,1277.1,1275.7,1276.399616107803,1280.4,0.058372656255687556,1.7471017476486397,1.5747720101554257,-0.17232973749321392,0.3134115555750223,0.2686366490391163,0.17232973749321392,-1.5747720101554257,-0.3134115555750223,-0.3581175115687018,0.25839793281655177,-0.25839793281655177
RELIANCE,2026-07-10,2026-07,2026-07-09,GOLD,440.0,0.0,0.0,0.4314063848144922,-1.8775385086979848,1.7491567966114951,normal,neutral,Oil Gas & Consumable Fuels,1291.9,1290.0,1290.9493009024363,1309.6,0.045583736459791996,1.804873358211056,1.5609210279193193,-0.1277587664584069,1.4447274640859893,1.3996287455228538,0.1277587664584069,-1.5609210279193193,-1.4447274640859893,-1.489508342607026,1.3700750832107607,-1.3700750832107607
RVNL,2026-07-01,2026-07,2026-06-30,ENTERPRISE-Dryup,124.0,38.407,9.6018,-0.8193277310924341,-1.9155655281309687,1.5042016806722622,normal,risk_on,Construction,236.2,235.93,236.06492279668737,237.66,0.07657778337021065,2.5755626579203503,2.1710456354952146,-0.40451702242513604,0.6756942896960592,0.6308156884222966,0.40451702242513604,-2.1710456354952146,-0.6756942896960592,-0.7204242382260886,0.6181202370872176,-0.6181202370872176
RVNL,2026-07-02,2026-07,2026-07-01,ENTERPRISE-Dryup,122.0,38.407,9.6018,0.682058885829262,-0.1428571428571445,2.5757254818894237,normal,risk_on,Construction,238.4,238.59,238.4949621585358,236.81,0.046050992176932586,1.2201515594554353,0.3375492019529856,-0.8826023575024498,-0.7064980087150622,-0.7509809906160198,0.8826023575024498,-0.3375492019529856,0.7064980087150622,0.6618595972521873,-0.6669463087248336,0.6669463087248336
RVNL,2026-07-03,2026-07,2026-07-02,ENTERPRISE-Dryup,182.0,38.407,9.6018,-0.3576537911301858,0.3219656852361696,1.2244382731633532,normal,risk_on,Construction,237.35,238.19,237.76925810657357,235.53,0.04855007771616254,1.3500483727636414,0.2863035780350086,-1.0511275202168227,-0.9417778077811415,-0.9861934464863316,1.0511275202168227,-0.2863035780350086,0.9417778077811415,0.8971549779582396,-0.7668000842637426,0.7668000842637426
RVNL,2026-07-06,2026-07,2026-07-03,ENTERPRISE-Dryup,168.0,38.407,9.6018,-0.540517714623534,-0.8962383236556404,1.3555170812043322,normal,risk_on,Construction,235.16,234.74,234.94981230048944,234.21,0.05300376115736199,1.0981068572637622,0.10648559241689015,-0.8639344209789883,-0.3148809923471013,-0.35947606522018577,0.8639344209789883,-0.10648559241689015,0.3148809923471013,0.27021664565570047,-0.4039802687531845,0.4039802687531845
RVNL,2026-07-07,2026-07,2026-07-06,ENTERPRISE-Dryup,141.0,46.465,9.2931,-0.560438160743848,-1.0979266078290584,1.0954018596357205,normal,risk_on,Construction,233.5,233.27,233.38494333397605,232.13,0.05151441147735544,1.2211584686170804,0.3920804199928626,-0.8290780486242177,-0.5377139227787384,-0.5822452150734772,0.8290780486242177,-0.3920804199928626,0.5377139227787384,0.4930643334209884,-0.5867237687366187,0.5867237687366187
RVNL,2026-07-08,2026-07,2026-07-07,ENTERPRISE-Dryup,68.0,49.295,9.859,-0.8880918833525486,-1.443552838279627,1.2168566670936436,normal,risk_on,Construction,230.41,230.62,230.51495217230982,225.7,0.07691431058744198,3.218880133403902,0.188728680543452,-3.0171371126984394,-2.0887808478083696,-2.132868184421425,3.0171371126984394,-0.188728680543452,2.0887808478083696,2.0442339794087965,-2.0441821101514726,2.0441821101514726
RVNL,2026-07-09,2026-07,2026-07-08,ENTERPRISE-Dryup,42.0,65.351,9.3358,-2.769999569206916,-3.633491311216441,3.196484728384951,normal,risk_off,Construction,225.0,225.29,225.14490661573652,227.0,0.06399468553498013,1.936530595134166,1.423569128185402,0.06000286051065485,0.8239552971232179,0.7790342596943435,-0.06000286051065485,-1.423569128185402,-0.8239552971232179,-0.8686950643867252,0.8888888888888888,-0.8888888888888888
RVNL,2026-07-10,2026-07,2026-07-09,ENTERPRISE-Dryup,156.0,61.387,8.7696,0.5759858218874703,-2.2099685521044243,1.9317678334071715,normal,neutral,Construction,226.99,228.75,227.86660157107121,233.0,0.08979793426995074,4.344647232961073,3.9599477794091684,0.3789052116351868,2.2528086141345676,2.2074786017361783,-0.3789052116351868,-3.9599477794091684,-2.2528086141345676,-2.297643008637847,2.6476937310013615,-2.6476937310013615
SAIL,2026-07-01,2026-07,2026-06-30,GOLD,288.0,57.168,7.146,-0.4137931034482789,1.7558282929120983,2.3333333333333344,normal,risk_on,Metals & Mining,173.36,171.88,172.616827714054,166.5,0.09263455753546151,4.08419045429255,-0.3631324491099818,-3.6536575243414258,-3.543587143303755,-3.587258076530076,3.6536575243414258,0.3631324491099818,3.543587143303755,3.4991366209059076,-3.9570835256114516,3.9570835256114516
SAIL,2026-07-02,2026-07,2026-07-01,GOLD,302.0,57.72,7.215,-3.912742382271472,-4.31034482758621,4.06855955678671,normal,risk_on,Metals & Mining,168.0,167.64,167.81980693600286,167.9,0.08030319316456891,2.3775501073729477,1.2931686096056214,-1.0843814977673258,0.04778522002931649,0.0030863426569283856,1.0843814977673258,-1.2931686096056214,-0.04778522002931649,-0.09247358465329815,-0.059523809523806134,0.059523809523806134
SAIL,2026-07-03,2026-07,2026-07-02,GOLD,341.0,80.162,7.2875,0.8408408408408397,-3.10480147737765,2.3963963963964017,normal,risk_on,Metals & Mining,171.0,171.38,171.18978912319648,169.81,0.09760818266375916,2.7513323219356636,0.9756486560080827,-1.775683665927581,-0.8059996628674568,-0.8504541648079529,1.775683665927581,-0.9756486560080827,0.8059996628674568,0.7613678410011299,-0.6959064327485367,0.6959064327485367
SAIL,2026-07-06,2026-07,2026-07-03,GOLD,411.0,42.705,6.1007,1.1375818939845184,1.9879879879879825,2.8052412150089383,normal,risk_on,Metals & Mining,169.64,169.0,169.3193952279707,168.36,0.09119325802749254,1.8367653604081793,0.9453168491856792,-0.8914485112225,-0.5666186243335856,-0.6111416433512171,0.8914485112225,-0.9453168491856792,0.5666186243335856,0.5219709492186007,-0.754539023815122,0.754539023815122
SAIL,2026-07-07,2026-07,2026-07-06,GOLD,309.0,25.084,6.2709,-0.8538955302985651,0.273972602739736,1.8314586891231288,normal,risk_on,Metals & Mining,168.48,167.55,168.01371306133382,165.3,0.08309789998041923,2.3748061555805564,-0.27599715099714883,-2.0913251646614865,-1.6151735545200159,-1.6593964498541998,2.0913251646614865,0.27599715099714883,1.6151735545200159,1.5705953210038375,-1.8874643874643746,1.8874643874643746
SAIL,2026-07-08,2026-07,2026-07-07,ENTERPRISE-Dryup,293.0,25.084,6.2709,-1.8175338560228127,-2.655909545963131,2.369921596578765,normal,risk_on,Metals & Mining,163.95,164.33,164.13978006579748,162.76,0.08875681546688174,2.7659352279990115,1.054113715461872,-1.7118215125371397,-0.8406128394008986,-0.8850574341503282,1.7118215125371397,-1.054113715461872,0.8406128394008986,0.7959833098268008,-0.7258310460506239,0.7258310460506239
SAIL,2026-07-09,2026-07,2026-07-08,ENTERPRISE-Dryup,177.0,36.241,7.2481,-1.5366001209921487,-3.3262057495842323,2.746521476104048,normal,risk_off,Metals & Mining,162.5,162.91,162.70474171045757,167.16,0.08993533904398435,3.5524471747024085,2.9472148378292924,-0.605232336873116,2.7382473569644428,2.6927783993764485,0.605232336873116,-2.9472148378292924,-2.7382473569644428,-2.783113900133905,2.8676923076923053,-2.8676923076923053
SAIL,2026-07-10,2026-07,2026-07-09,STANDARD,215.0,120.353,8.0236,2.703366920619321,1.1252268602540694,3.5512410911771943,normal,neutral,Metals & Mining,168.08,167.85,167.9649212633584,167.4,0.0837185834552921,3.0482555294817586,2.5630820437152546,-0.48517348576650404,-0.3363328837410277,-0.38092181652504603,0.48517348576650404,-2.5630820437152546,0.3363328837410277,0.29166995772258636,-0.404569252736796,0.404569252736796
SAMMAANCAP,2026-07-01,2026-07,2026-06-30,GOLD-baseline,163.0,388.374,8.8267,1.8139262726740712,2.6548672566371723,5.061439438267996,normal,risk_on,Financial Services,175.01,175.2,175.10494845949572,176.33,0.14604515661634793,4.740014530154709,4.451645489794593,-0.002825996374892135,0.6996098918287669,0.6547244452878683,0.002825996374892135,-4.451645489794593,-0.6996098918287669,-0.7443414241934632,0.7542426147077435,-0.7542426147077435
SAMMAANCAP,2026-07-02,2026-07,2026-07-01,GOLD-baseline,60.0,681.474,10.648,1.3390804597701145,3.177296664716222,4.770114942528743,normal,risk_on,Financial Services,177.0,176.75,176.87491166077737,173.83,0.09499634947453314,2.6007080126898856,0.4664812728246204,-2.1342267398652655,-1.721505685677512,-1.7656981459911232,2.1342267398652655,-0.4664812728246204,1.721505685677512,1.6769344941130515,-1.7909604519773943,1.7909604519773943
SAMMAANCAP,2026-07-03,2026-07,2026-07-02,GOLD,220.0,351.492,9.0126,-1.4177961776214998,-0.0977011494252777,2.608744966823566,normal,risk_on,Financial Services,174.8,174.79,174.7949998569753,175.6,0.10575793075716781,2.5343974390713813,1.5132012615858317,-1.0211961774855498,0.4605395713169053,0.41572255291756555,1.0211961774855498,-1.5132012615858317,-0.4605395713169053,-0.5052552710105553,0.4576659038901504,-0.4576659038901504
SAMMAANCAP,2026-07-06,2026-07,2026-07-03,ENTERPRISE-Dryup,144.0,498.751,10.1786,1.0182362077892029,-0.4139964838654864,2.5484668929413834,normal,risk_on,Financial Services,176.0,175.95,175.97499644835912,176.8,0.12842183183324124,2.4662594616239137,1.4348649538867049,-1.031394507737209,0.4688186209925523,0.42399923291394004,1.031394507737209,-1.4348649538867049,-0.4688186209925523,-0.5135348689745461,0.454545454545461,-0.454545454545461
SAMMAANCAP,2026-07-07,2026-07,2026-07-06,ENTERPRISE-Dryup,231.0,127.196,7.9497,0.6833712984054774,1.7085658401886803,2.471526195899774,normal,risk_on,Financial Services,175.5,175.49,175.4949998575458,168.8,0.08744333460570941,5.128351239240748,-0.0028490028489939856,-4.840593671866106,-3.814923424017949,-3.8585166937459863,4.840593671866106,0.0028490028489939856,3.814923424017949,3.770490871136628,-3.8176638176638114,3.8176638176638114
SAMMAANCAP,2026-07-08,2026-07,2026-07-07,ENTERPRISE-Dryup,245.0,49.365,7.0522,-4.524886877828049,-3.872437357630965,5.090497737556561,normal,risk_on,Financial Services,168.0,167.28,167.63922691481747,163.0,0.09561929399637403,3.7819310651089726,0.6924233107877338,-3.0895077543212386,-2.7673874427819936,-2.811280544543796,3.0895077543212386,-0.6924233107877338,2.7673874427819936,2.7228855157827794,-2.976190476190476,2.976190476190476
SAMMAANCAP,2026-07-09,2026-07,2026-07-08,ENTERPRISE-Dryup,66.0,148.556,8.7386,-3.4360189573459765,-7.8054298642534,3.755924170616116,normal,risk_off,Financial Services,164.0,164.61,164.30443382733333,161.9,0.11334195766528382,3.773483073813799,1.2145540605214675,-2.5589290132923317,-1.4634016692818699,-1.507668005675678,2.5589290132923317,-1.2145540605214675,1.4634016692818699,1.4188133845208197,-1.2804878048780453,1.2804878048780453
SAMMAANCAP,2026-07-10,2026-07,2026-07-09,ENTERPRISE-Dryup,147.0,169.054,8.8976,-0.6748466257668673,-4.087677725118488,3.8036809815951034,normal,neutral,Financial Services,163.0,163.87,163.4338422002631,166.75,0.08732251323008033,3.0532232081318442,2.787768884582699,0.19344696023820496,2.0290520953876072,1.9837861279225528,-0.19344696023820496,-2.787768884582699,-2.0290520953876072,-2.0738716713916765,2.3006134969325154,-2.3006134969325154
SBICARD,2026-07-01,2026-07,2026-06-30,GOLD,52.0,44.213,11.0534,-0.8985772526832636,-4.6509766250400375,2.8538147932440263,normal,risk_on,Financial Services,593.2,593.55,593.3749483884558,596.0,0.0689669335621741,2.1655784483148746,1.1249297985486104,-1.0406486497662641,0.44239340044159053,0.39758157594815574,1.0406486497662641,-1.1249297985486104,-0.44239340044159053,-0.4871078983869282,0.47201618341199497,-0.47201618341199497
SBICARD,2026-07-02,2026-07,2026-07-01,GOLD,137.0,46.401,9.2803,0.075560406347086,-0.8236958149596574,2.157669381244213,normal,risk_on,Financial Services,598.0,600.5,599.2473925740509,604.2,0.07091263612686169,2.277857220432245,1.7609767779915801,0.01712271546287382,0.8264712516604165,0.7815494940999387,-0.01712271546287382,-1.7609767779915801,-0.8264712516604165,-0.8712111855455289,1.0367892976588704,-1.0367892976588704
SBICARD,2026-07-03,2026-07,2026-07-02,GOLD,169.0,68.41,9.7728,1.3758389261744997,1.452438922004884,2.290268456375835,normal,risk_on,Financial Services,609.85,607.55,608.6978273369476,603.0,0.06708224617444322,1.618208503075124,0.517855086955567,-1.0839249033979785,-0.9360682889038087,-0.9804855618217488,1.0839249033979785,-0.517855086955567,0.9360682889038087,0.8914450809623096,-1.1232270230384558,1.1232270230384558
SBICARD,2026-07-06,2026-07,2026-07-03,ENTERPRISE-Dryup,188.0,64.461,9.2087,-0.1986097318768642,1.1744966442952975,1.6302548824892455,normal,risk_on,Financial Services,605.65,605.9,605.7749742065948,604.45,0.061603670986059636,1.2545912795347647,0.020638982910922338,-1.0028433767095446,-0.21872382700030726,-0.26334642255420027,1.0028433767095446,-0.020638982910922338,0.21872382700030726,0.17405311220447417,-0.1981342359448414,0.1981342359448414
SBICARD,2026-07-07,2026-07,2026-07-06,ENTERPRISE-Dryup,81.0,41.098,10.2744,0.2404643449419596,0.0413770274743541,1.2603648424543796,normal,risk_on,Financial Services,605.7,605.05,605.3748255213711,604.4,0.06765683524120056,1.1397897152491339,0.4171257826015613,-0.7226639326475727,-0.16102842078568247,-0.2056675302649147,0.7226639326475727,-0.4171257826015613,0.16102842078568247,0.11635388505387742,-0.21462770348358398,0.21462770348358398
SBICARD,2026-07-08,2026-07,2026-07-07,ENTERPRISE-Dryup,51.0,41.098,10.2744,-0.0082719827942834,0.2321724709784423,1.1415336256100548,normal,risk_on,Financial Services,601.0,597.8,599.3957290623956,586.0,0.06739111553735969,3.1031252139709204,0.14252202613132994,-2.835477171147215,-2.234872291023808,-2.278917812467437,2.835477171147215,-0.14252202613132994,2.234872291023808,2.190335097676153,-2.4958402662229617,2.4958402662229617
SBICARD,2026-07-09,2026-07,2026-07-08,ENTERPRISE-Dryup,11.0,33.039,11.0131,-3.0443414956982107,-3.052361651087776,3.077432164129719,normal,risk_off,Financial Services,585.9,588.85,587.3712960204298,588.85,0.07645115448965169,2.0259757466231503,0.7539871303850938,-1.2719886162380567,0.25174944529785287,0.20699218806112304,1.2719886162380567,-0.7539871303850938,-0.25174944529785287,-0.29645131765661714,0.5034988905956727,-0.5034988905956727
SBICARD,2026-07-10,2026-07,2026-07-09,ENTERPRISE-Dryup,54.0,33.039,11.0131,0.4863481228668975,-2.572799470549303,2.0307167235494843,normal,neutral,Financial Services,590.0,594.0,591.9932432432432,611.5,0.08499924473495468,4.2061290874850155,3.8018604120299058,0.1785082463048514,3.2950978713690606,3.2494695286857302,-0.1785082463048514,-3.8018604120299058,-3.2950978713690606,-3.34000129252069,3.6440677966101696,-3.6440677966101696
SBILIFE,2026-07-01,2026-07,2026-06-30,GOLD-baseline,139.0,56.245,9.3742,0.7369614512471756,2.0091848450057403,2.2108843537414966,normal,risk_on,Financial Services,1777.0,1772.1,1774.5466174523121,1793.0,0.057143339700190934,2.006146226302608,1.107515708767569,-0.8986305175350389,1.0398928022629845,0.994909957905764,0.8986305175350389,-1.107515708767569,-1.0398928022629845,-1.084646870203707,0.9003939223410242,-0.9003939223410242
SBILIFE,2026-07-02,2026-07,2026-07-01,GOLD,85.0,51.0,10.2,0.9003939223410251,1.643990929705219,2.0033764772087865,normal,risk_on,Financial Services,1798.0,1791.4,1794.6939321335044,1783.8,0.05377371591672226,1.5880145070819758,0.29008109813503374,-1.297933408946942,-0.6070077988481251,-0.6515192574338919,1.297933408946942,-0.29008109813503374,0.6070077988481251,0.5623627985466115,-0.7897664071190237,0.7897664071190237
SBILIFE,2026-07-03,2026-07,2026-07-02,ENTERPRISE-Dryup,455.0,0.0,0.0,-0.5131065253764611,0.3826674169949307,1.5895147796988287,normal,risk_on,Financial Services,1784.0,1788.4,1786.1972903370283,1790.0,0.06106118302794983,1.2596592840959127,0.7727427276730054,-0.48691655642290715,0.21289415696371097,0.1681480211207399,0.48691655642290715,-0.7727427276730054,-0.21289415696371097,-0.25759345609215006,0.336322869955157,-0.336322869955157
SBILIFE,2026-07-06,2026-07,2026-07-03,ENTERPRISE-Dryup,224.0,25.762,8.5875,0.3475725978248745,-0.1673173452314547,1.2613521695257317,normal,risk_on,Financial Services,1779.4,1789.9,1784.6345557952538,1783.5,0.05120801603034507,0.9861963023660688,0.6928838268087871,-0.25969214706753413,-0.06357356421064449,-0.10824056780365474,0.25969214706753413,-0.6928838268087871,0.06357356421064449,0.01889257443350789,0.2304147465437737,-0.2304147465437737
SBILIFE,2026-07-07,2026-07,2026-07-06,ENTERPRISE-Dryup,407.0,0.0,0.0,-0.3631284916201127,-0.0168180289270125,0.983240223463682,normal,risk_on,Financial Services,1773.0,1794.4,1783.6358131972866,1835.0,0.08703526648341194,4.2048942640121965,3.608594665260524,0.48575985852079673,2.8797463261650766,2.834236867893124,-0.48575985852079673,-3.608594665260524,-2.8797463261650766,-2.9246222402452733,3.4968979131415683,-3.4968979131415683
SBILIFE,2026-07-08,2026-07,2026-07-07,STANDARD,125.0,25.762,8.5875,2.88758059994394,2.5139664804469275,4.205214465937763,normal,risk_on,Financial Services,1831.9,1824.6,1828.2427129768903,1785.4,0.08349726563833662,3.517038495140592,1.1080195686996714,-2.4090189264409205,-2.3433821271536908,-2.387396590260964,2.4090189264409205,-1.1080195686996714,2.3433821271536908,2.2988521199784437,-2.53834816310934,2.53834816310934
SBILIFE,2026-07-09,2026-07,2026-07-08,GOLD-baseline,419.0,0.0,0.0,-2.702997275204355,0.1065320998037577,3.504087193460488,normal,risk_off,Financial Services,1789.0,1797.2,1793.0906251742792,1823.0,0.07757831274532219,3.0171369612030436,2.5603488290648224,-0.45678813213822145,1.6680347555112405,1.6228721205953096,0.45678813213822145,-2.5603488290648224,-1.6680347555112405,-1.712830422780959,1.9005030743432085,-1.9005030743432085
SBILIFE,2026-07-10,2026-07,2026-07-09,STANDARD,436.0,0.0,0.0,2.105970650834532,-0.6539509536784727,3.030133303461404,normal,neutral,Financial Services,1830.7,1839.1,1834.8903863970788,1856.2,0.060615715389047746,1.9238206413688663,1.6954480678274646,0.13132193730942984,1.1613562183822854,1.1163386080373228,-0.13132193730942984,-1.6954480678274646,-1.1613562183822854,-1.206118330359204,1.3929098159174087,-1.3929098159174087
SBIN,2026-07-01,2026-07,2026-06-30,GOLD,431.0,0.0,0.0,-0.8710717551373981,-1.4496914023252372,1.8239568795418493,normal,risk_on,Financial Services,1031.0,1029.2,1030.0992136685759,1044.0,0.04871483713444817,2.3687038759210766,1.9222212839971073,-0.44648259192396933,1.3494609205571682,1.3043894697557208,0.44648259192396933,-1.9222212839971073,-1.3494609205571682,-1.394235489956093,1.2609117361784674,-1.2609117361784674
SBIN,2026-07-02,2026-07,2026-07-01,ENTERPRISE-Dryup,442.0,0.0,0.0,1.3690649577628775,0.4860676644689254,2.369162054568413,normal,risk_on,Financial Services,1050.9,1048.7,1049.7988473995047,1049.0,0.0640529208561767,1.4097938892447424,0.9526732311880044,-0.4571206580567379,-0.0760952825851848,-0.12075870213683158,0.4571206580567379,-0.9526732311880044,0.0760952825851848,0.03141512207136929,-0.18079741174232475,0.18079741174232475
SBIN,2026-07-03,2026-07,2026-07-02,ENTERPRISE-Dryup,454.0,0.0,0.0,0.478927203065127,1.8545489853383668,1.4176245210727925,normal,risk_on,Financial Services,1055.0,1051.8,1053.397569774065,1040.9,0.053823699009032284,2.135945690934701,-0.09470021601425137,-1.7939636768023108,-1.186405791380876,-1.2307514111968323,1.7939636768023108,0.09470021601425137,1.186405791380876,1.1417991622908161,-1.336492890995252,1.336492890995252
SBIN,2026-07-06,2026-07,2026-07-03,ENTERPRISE-Dryup,445.0,0.0,0.0,-0.7721639656815937,-0.2969348659003779,2.144899904671115,normal,risk_on,Financial Services,1041.9,1040.9,1041.3997599385443,1038.5,0.05028680006881984,1.142692792698775,0.6721952828056031,-0.4704975098931719,-0.27844830103623636,-0.32305380189282396,0.4704975098931719,-0.6721952828056031,0.27844830103623636,0.2337815415534208,-0.3263269027737874,0.3263269027737874
SBIN,2026-07-07,2026-07,2026-07-06,GOLD,413.0,0.0,0.0,-0.2305696992986883,-1.0009532888465178,1.143241425689316,normal,risk_on,Financial Services,1039.3,1043.7,1041.4953528564572,1036.2,0.05134532697219054,1.3538226513760763,0.7781741052722412,-0.575648546103835,-0.508437492489415,-0.5529771644596898,0.575648546103835,-0.7781741052722412,0.508437492489415,0.46378596427079266,-0.29827768690463863,0.29827768690463863
SBIN,2026-07-08,2026-07,2026-07-07,ENTERPRISE-Dryup,415.0,0.0,0.0,-0.2214732787674478,-0.4515323277932581,1.3577274915743776,normal,risk_on,Financial Services,1029.6,1030.4,1029.9998446601942,1018.6,0.06760119397531368,2.5825246613290003,0.8058404457860926,-1.7766842155429077,-1.1067812018898964,-1.1511496123336042,1.7766842155429077,-0.8058404457860926,1.1067812018898964,1.0621692995817726,-1.0683760683760575,1.0683760683760575
SBIN,2026-07-09,2026-07,2026-07-08,GOLD,417.0,0.0,0.0,-1.698513800424628,-1.9162253249879635,2.567071993823577,normal,risk_off,Financial Services,1019.8,1022.1,1020.9487046378373,1022.6,0.06813592161203,1.2145566122637632,1.0530691026222099,-0.1321030754738751,0.16174126620283966,0.11700977164717949,0.1321030754738751,-1.0530691026222099,-0.16174126620283966,-0.2064371776799352,0.27456363992940463,-0.27456363992940463
SBIN,2026-07-10,2026-07,2026-07-09,GOLD,437.0,0.0,0.0,0.3926958570587002,-1.312487936691764,1.2173571568820036,normal,neutral,Financial Services,1029.5,1031.0,1030.2494540160155,1036.4,0.06367072791617732,2.3586520628840058,1.703523929624096,-0.6551281332599097,0.5969958013575366,0.5521397256372972,0.6551281332599097,-1.703523929624096,-0.5969958013575366,-0.6417205380014773,0.6702282661486246,-0.6702282661486246
SHREECEM,2026-07-01,2026-07,2026-06-30,GOLD,465.0,0.0,0.0,0.2175632911392444,-2.143684820393976,1.3053797468354431,normal,risk_on,Construction Materials,25590.0,25715.0,25652.347724393334,25900.0,0.07235624037272204,2.046596302375735,1.55015938454838,-0.06762626399624865,0.9654175838695985,0.9204560562562378,0.06762626399624865,-1.55015938454838,-0.9654175838695985,-1.0101667196145079,1.211410707307542,-1.211410707307542
SHREECEM,2026-07-02,2026-07,2026-07-01,STANDARD,210.0,41.337,8.2675,2.2301164397079187,2.452531645569622,2.07223208999408,normal,risk_on,Construction Materials,26020.0,26020.0,26019.999999999996,26260.0,0.06272246582066057,1.4027671022290549,1.1913912375096223,-0.153727901614129,0.922367409684872,0.8774182041506675,0.153727901614129,-1.1913912375096223,-0.922367409684872,-0.9671136943889458,0.9223674096848578,-0.9223674096848578
SHREECEM,2026-07-03,2026-07,2026-07-02,ENTERPRISE-Dryup,237.0,69.686,8.7107,1.3899613899613916,3.651075587132424,1.4092664092664091,normal,risk_on,Construction Materials,26495.0,26370.0,26432.352217913558,26760.0,0.08301147271026027,2.364526603033192,2.034051974088295,-0.29264220329636553,1.2395710354691427,1.1945310380099445,0.29264220329636553,-2.034051974088295,-1.2395710354691427,-1.2843383273005378,1.000188714851859,-1.000188714851859
SHREECEM,2026-07-06,2026-07,2026-07-03,ENTERPRISE-Dryup,186.0,203.541,9.2518,1.9040365575019087,3.3204633204633183,2.38004569687738,normal,risk_on,Construction Materials,26770.0,26665.0,26717.396837278935,26660.0,0.05766719937893289,1.1977214769423277,0.4776032766149568,-0.720118200327371,-0.2148294522423264,-0.2594531624675289,0.720118200327371,-0.4776032766149568,0.2148294522423264,0.1701584795376306,-0.4109077325364214,0.4109077325364214
SHREECEM,2026-07-07,2026-07,2026-07-06,ENTERPRISE-Dryup,411.0,0.0,0.0,-0.3736920777279495,1.5232292460015229,1.195814648729447,normal,risk_on,Construction Materials,26660.0,26685.0,26672.494141906453,26550.0,0.06764442163653576,1.1247542071015226,0.6655015355862778,-0.4592526715152449,-0.4592526715152449,-0.5038064214600878,0.4592526715152449,-0.6655015355862778,0.4592526715152449,0.41459788598266867,-0.41260315078769694,0.41260315078769694
SHREECEM,2026-07-08,2026-07,2026-07-07,ENTERPRISE-Dryup,424.0,0.0,0.0,-0.4126031507876937,-0.7847533632286963,1.1252813203300824,normal,risk_on,Construction Materials,26635.0,26680.0,26657.48100909688,25955.0,0.0853460211151319,3.638753412856177,0.44084807136510024,-3.197905341491077,-2.6352115147607402,-2.679142448709716,3.197905341491077,-0.44084807136510024,2.6352115147607402,2.590700834278517,-2.5530317251736436,2.5530317251736436
SHREECEM,2026-07-09,2026-07,2026-07-08,ENTERPRISE-Dryup,345.0,5.812,5.8119,-2.2410546139359666,-2.64441110277569,3.653483992467043,normal,risk_off,Construction Materials,25910.0,26145.0,26026.96955143598,26280.0,0.08176926755731939,2.5742528290737337,2.105625272588766,0.28059528182753696,0.9721855941160028,0.9272221293221413,-0.28059528182753696,-2.105625272588766,-0.9721855941160028,-1.0169351780791587,1.4280200694712466,-1.4280200694712466
SHREECEM,2026-07-10,2026-07,2026-07-09,ENTERPRISE-Dryup,446.0,0.0,0.0,1.2521672124831351,-1.016949152542368,2.5813908688114044,normal,neutral,Construction Materials,26460.0,26470.0,26464.99905535613,26690.0,0.06355117576361702,1.587001757005535,1.3225050335795712,-0.037782186710887435,0.8501830820898285,0.8052545375869743,0.037782186710887435,-1.3225050335795712,-0.8501830820898285,-0.894924586314623,0.8692365835222978,-0.8692365835222978
SHRIRAMFIN,2026-07-01,2026-07,2026-06-30,GOLD,230.0,8.058,8.0583,1.092103991495108,1.4745828482731982,1.7154730839856962,normal,risk_on,Financial Services,1050.0,1045.3,1047.6447286784708,1045.0,0.07299755705017387,1.9663154346211755,1.0457048101934754,-0.9206106244277001,-0.2524451854787541,-0.29705812910309526,0.9206106244277001,-1.0457048101934754,0.2524451854787541,0.20777670391360764,-0.4761904761904762,0.4761904761904762
SHRIRAMFIN,2026-07-02,2026-07,2026-07-01,GOLD,228.0,8.058,8.0583,-0.095602294455066,0.9954576205663423,1.96940726577437,normal,risk_on,Financial Services,1052.0,1050.5,1051.249464922711,1066.1,0.06648911744352823,2.168847715102165,1.8787676699308538,-0.21398012534316924,1.4126556609834493,1.3675661222042286,0.21398012534316924,-1.8787676699308538,-1.4126556609834493,-1.4574344155172536,1.340304182509497,-1.340304182509497
SHRIRAMFIN,2026-07-03,2026-07,2026-07-02,STANDARD,155.0,59.691,9.9485,2.019138755980854,1.921606118546837,2.1818181818181777,extended_move,risk_on,Financial Services,1081.5,1070.0,1075.719265628631,1061.1,0.0732853449900752,1.9893666204345901,0.16553894945148898,-1.451983442864488,-1.3590223858348345,-1.4033185982934264,1.451983442864488,-0.16553894945148898,1.3590223858348345,1.3144271884513588,-1.8862690707350984,1.8862690707350984
SHRIRAMFIN,2026-07-06,2026-07,2026-07-03,ENTERPRISE-Dryup,338.0,21.611,7.2038,-0.4689991558015194,1.5406698564593313,2.0073163868305124,extended_move,risk_on,Financial Services,1065.9,1067.6,1066.7493227091634,1065.5,0.06921757192438022,1.7061177928642626,0.8671837979088839,-0.8389339949553783,-0.11711492874357259,-0.16176660740597804,0.8389339949553783,-0.8671837979088839,0.11711492874357259,0.07243748479684356,-0.037526972511501167,0.037526972511501167
SHRIRAMFIN,2026-07-07,2026-07,2026-07-06,ENTERPRISE-Dryup,471.0,0.0,0.0,0.4146640278955837,-0.0562798986961765,1.7152012062953583,extended_move,risk_on,Financial Services,1070.0,1075.7,1072.8424290441349,1062.9,0.08375750081435779,2.665815521994363,1.3475950022545515,-1.3182205197398118,-0.9267371214049697,-0.9711570651456584,1.3182205197398118,-1.3475950022545515,0.9267371214049697,0.8821132954975718,-0.6635514018691504,0.6635514018691504
SHRIRAMFIN,2026-07-08,2026-07,2026-07-07,ENTERPRISE-Dryup,469.0,0.0,0.0,-0.244016893477228,0.1696352841391135,2.68418582824964,extended_move,risk_on,Financial Services,1058.0,1038.0,1047.9045801526718,1014.9,0.09884261464829347,5.057712410444689,0.09499145878180017,-4.09432127364315,-3.1495787667865023,-3.1933624754544,4.09432127364315,-0.09499145878180017,3.1495787667865023,3.1051021507899117,-4.073724007561439,4.073724007561439
SHRIRAMFIN,2026-07-09,2026-07,2026-07-08,GOLD,51.0,18.243,9.1217,-4.515946937623494,-4.748944157672453,4.986358076959261,normal,risk_off,Financial Services,1019.4,1024.6,1021.9933855185909,1033.9,0.07401679442354661,2.426630186790854,1.7423414606909042,-0.6842887260999496,1.1650383114140601,1.1200196471583372,0.6842887260999496,-1.7423414606909042,-1.1650383114140601,-1.2098006672412718,1.4224053364724458,-1.4224053364724458
SHRIRAMFIN,2026-07-10,2026-07,2026-07-09,GOLD,111.0,28.473,9.4908,1.872105626170084,-2.728384608147516,2.44359050152724,extended_move,neutral,Financial Services,1049.0,1047.5,1048.2494633913666,1041.3,0.05821875621013728,1.2401628099041933,0.35779046301625805,-0.8823723468879352,-0.6629589266741208,-0.7074543705923746,0.8823723468879352,-0.35779046301625805,0.6629589266741208,0.6183176317919987,-0.734032411820786,0.734032411820786
SIEMENS,2026-07-01,2026-07,2026-06-30,GOLD,265.0,7.593,7.5927,0.2816508644729376,-1.0156895127993448,1.1042944785276174,normal,risk_on,Capital Goods,3606.1,3600.0,3603.0474181596146,3560.0,0.08579365680579981,2.220342690934189,0.7480496011388157,-1.472293089795373,-1.1947502534285996,-1.2390934848425619,1.472293089795373,-0.7480496011388157,1.1947502534285996,1.1501441769588832,-1.2783893957460943,1.2783893957460943
SIEMENS,2026-07-02,2026-07,2026-07-01,GOLD,446.0,0.0,0.0,-1.0038652985178365,-0.7250418293363037,2.224632240482745,normal,risk_on,Capital Goods,3578.5,3555.1,3566.761621060895,3582.0,0.09688562148209064,2.7335720846687726,1.3944968636370767,-1.3390752210316956,0.4272328952158188,0.3824254100531528,1.3390752210316956,-1.3944968636370767,-0.4272328952158188,-0.47194638914153736,0.09780634343998881,-0.09780634343998881
SIEMENS,2026-07-03,2026-07,2026-07-02,ENTERPRISE-Dryup,456.0,0.0,0.0,0.6179775280898969,-0.3920914323850777,2.7387640449438204,normal,risk_on,Capital Goods,3590.0,3529.3,3559.391232284073,3542.5,0.07756861293964344,2.857230165584765,-0.23574908562912328,-1.7388151019396954,-0.4745539667251955,-0.5191033370415157,1.7388151019396954,0.23574908562912328,0.4745539667251955,0.4299001945361958,-1.3231197771587744,1.3231197771587744
SIEMENS,2026-07-06,2026-07,2026-07-03,GOLD,452.0,0.0,0.0,-1.102735901730878,-0.4915730337078705,2.8391959798994924,normal,risk_on,Capital Goods,3553.9,3557.9,3555.898875108974,3572.0,0.08527399405870074,1.9263764917358834,0.7790189165651351,-1.1473575751707483,0.4528004157748275,0.4079856125230219,1.1473575751707483,-0.7790189165651351,-0.4528004157748275,-0.4975156029351626,0.5092996426461045,-0.5092996426461045
SIEMENS,2026-07-07,2026-07,2026-07-06,GOLD,38.0,67.416,11.236,0.8327452364149668,-0.2791736460078131,1.9336626676076216,normal,risk_on,Capital Goods,3574.0,3558.9,3566.434017019725,3495.0,0.10272205266892971,3.7824897181955626,0.060732456283734707,-3.2647181039682525,-2.002953557498273,-2.0470654601133247,3.2647181039682525,-0.060732456283734707,2.002953557498273,1.958401005100572,-2.2104085058757694,2.2104085058757694
SIEMENS,2026-07-08,2026-07,2026-07-07,GOLD,416.0,0.0,0.0,-2.155655095184772,-1.3408609738884911,3.776595744680854,normal,risk_on,Capital Goods,3479.1,3477.0,3478.0496830120323,3438.1,0.08399544647359418,2.9873063776944515,0.6886134233489843,-2.298692954345467,-1.1486231265516467,-1.1929795607486262,2.298692954345467,-0.6886134233489843,1.1486231265516467,1.1040139952668258,-1.1784656951510448,1.1784656951510448
SIEMENS,2026-07-09,2026-07,2026-07-08,GOLD,230.0,6.974,6.9736,-1.6280400572246112,-3.7486002239641714,2.9728183118741085,normal,risk_off,Capital Goods,3429.0,3458.3,3443.5876758671757,3475.0,0.07262905066427286,1.7017136055710578,1.1909766206982482,-0.5107369848728097,0.9121975999903639,0.867251305320109,0.5107369848728097,-1.1909766206982482,-0.9121975999903639,-0.9569432111886208,1.3414989792942549,-1.3414989792942549
SIEMENS,2026-07-10,2026-07,2026-07-09,GOLD,316.0,6.974,6.9736,1.0732672115412625,-0.5722460658083017,1.7044297722579305,normal,neutral,Capital Goods,3490.7,3493.5,3492.0994387331402,3489.9,0.07218588572404946,1.6036198562637616,1.428955908682905,-0.1746639475808564,-0.06298327901962755,-0.10765045156760689,0.1746639475808564,-1.428955908682905,0.06298327901962755,0.018302250150263905,-0.02291803936172479,0.02291803936172479
SOLARINDS,2026-07-01,2026-07,2026-06-30,STANDARD-weak,14.0,671.174,12.4292,5.38172012808269,7.618610521484714,5.364867142295377,normal,risk_on,Chemicals,18700.0,18800.0,18749.866666666665,18600.0,0.10657102534064433,2.5706849470929574,1.1847195357833746,-1.3859654113095827,-0.7992945727613974,-0.8437509938730142,1.3859654113095827,-1.1847195357833746,0.7992945727613974,0.7546623068437731,-0.53475935828877,0.53475935828877
SOLARINDS,2026-07-02,2026-07,2026-07-01,GOLD,13.0,783.588,13.7472,-0.8475931552854643,4.488511881354973,2.569433338664108,normal,risk_on,Chemicals,18650.0,18718.0,18683.938128880327,18620.0,0.0876527378904868,2.4031336268769117,0.7175247006007236,-1.685608926276188,-0.34220905913564276,-0.3867963100054826,1.685608926276188,-0.7175247006007236,0.34220905913564276,0.2975465222727931,-0.16085790884718498,0.16085790884718498
SOLARINDS,2026-07-03,2026-07,2026-07-02,GOLD,39.0,704.521,12.5807,0.1075268817204211,-0.7409776640545873,2.413978494623656,normal,risk_on,Chemicals,18734.0,18732.0,18732.999946618267,18545.0,0.09301512468065026,3.1121550294203932,0.6405810800388947,-2.4715739493814985,-1.0035762939945208,-1.047974244366196,2.4715739493814985,-0.6405810800388947,1.0035762939945208,0.9589575568381669,-1.0088608946300843,1.0088608946300843
SOLARINDS,2026-07-06,2026-07,2026-07-03,ENTERPRISE-Dryup,56.0,742.551,12.8026,-0.4027926960257777,-0.2956989247311803,3.1310418904403865,normal,risk_on,Chemicals,18510.0,18676.0,18592.62948421449,18553.0,0.08818379104860066,2.4095569719192267,1.4703165897949404,-0.9392403821242864,-0.21314620531826942,-0.257770397332506,0.9392403821242864,-1.4703165897949404,0.21314620531826942,0.16847512113886282,0.23230686115613183,-0.23230686115613183
SOLARINDS,2026-07-07,2026-07,2026-07-06,ENTERPRISE-Dryup,336.0,17.589,5.8631,0.043138312213542,-0.3598281417830251,2.41574548395794,normal,risk_on,Chemicals,18351.0,18521.0,18435.608103710132,18247.0,0.12485539265765999,5.055433999014314,0.4631900168928136,-4.40239399288813,-1.0230641845341413,-1.0674565569648589,4.40239399288813,-0.4631900168928136,1.0230641845341413,0.9784467379828262,-0.566726608904147,0.566726608904147
SOLARINDS,2026-07-08,2026-07,2026-07-07,ENTERPRISE-Dryup,131.0,136.748,8.5468,-1.6493289494960428,-1.6069021299541686,5.023446342909502,normal,risk_on,Chemicals,18201.0,18266.0,18233.44207091343,18005.0,0.09568176501224411,2.797058273564092,0.430845304913052,-2.3662129686510402,-1.252874087212784,-1.2972006820742974,2.3662129686510402,-0.430845304913052,1.252874087212784,1.2082718600520836,-1.076863908576452,1.076863908576452
SOLARINDS,2026-07-09,2026-07,2026-07-08,ENTERPRISE-Dryup,227.0,41.875,6.9791,-1.3262454102044186,-2.9537002102085874,2.7949799967117883,normal,risk_off,Chemicals,17994.0,17966.0,17979.98909899889,17385.0,0.15868889851820087,5.734152531034656,0.43943798055756506,-5.2947145504770905,-3.3091738583535486,-3.3529118867567673,5.2947145504770905,-0.43943798055756506,3.3091738583535486,3.264707811701492,-3.3844614871623873,3.3844614871623873
SOLARINDS,2026-07-10,2026-07,2026-07-09,GOLD-baseline,183.0,166.572,8.3286,-3.4434879200222146,-4.724064229736391,5.726187170230491,normal,neutral,Chemicals,17466.0,17524.0,17494.951929122606,18209.0,0.12121793272151966,5.847401033992465,4.487283383560374,-1.3601176504320907,4.081452031250047,4.03559861356095,1.3601176504320907,-4.487283383560374,-4.081452031250047,-4.126407529492268,4.253979159509905,-4.253979159509905
SONACOMS,2026-07-01,2026-07,2026-06-30,GOLD,294.0,6.994,6.9941,0.3068971087061722,0.2178649237472907,2.4874818284606834,normal,risk_on,Automobile and Auto Components,623.0,627.45,625.2170818505338,619.1,0.10533292976477066,2.015300023906291,0.4451123026308378,-1.5701877212754531,-0.9783932698109014,-1.0227984282188565,1.5701877212754531,-0.4451123026308378,0.9783932698109014,0.9337728648835879,-0.6260032102728695,0.6260032102728695
SONACOMS,2026-07-02,2026-07,2026-07-01,GOLD,473.0,0.0,0.0,-0.305958132045081,0.0,2.0289855072463805,normal,risk_on,Automobile and Auto Components,623.0,618.55,620.7670250896057,664.9,0.13468259121494514,8.980824970841947,8.349827361224998,-0.49407023337989336,7.1094264235481655,7.062706320860659,0.49407023337989336,-8.349827361224998,-7.1094264235481655,-7.154582452422491,6.72552166934189,-6.72552166934189
SONACOMS,2026-07-03,2026-07,2026-07-02,AVOID,43.0,519.598,12.3714,7.397835567759636,7.069243156199678,9.005007268615731,normal,risk_on,Automobile and Auto Components,665.25,663.05,664.1481781224121,660.5,0.0831065409475356,1.4304036829336921,0.2788266140883063,-0.9257238557505922,-0.5493018339259365,-0.5938298094592191,0.9257238557505922,-0.2788266140883063,0.5493018339259365,0.50465301198919,-0.7140172867343104,0.7140172867343104
SONACOMS,2026-07-06,2026-07,2026-07-03,GOLD,46.0,547.001,13.3415,-0.6617536471649865,6.68712647391374,1.428786283651677,normal,risk_on,Automobile and Auto Components,660.05,662.65,661.3474446208513,668.0,0.07943657136774807,2.026166443824722,1.459528642267978,-0.566637801556744,1.0059092891728902,0.9609361717806875,0.566637801556744,-1.459528642267978,-1.0059092891728902,-1.050661106521475,1.2044542080145513,-1.2044542080145513
SONACOMS,2026-07-07,2026-07,2026-07-06,GOLD-baseline,100.0,9.959,9.9585,1.13550340651023,0.4662355241389804,2.028766086298256,normal,risk_on,Automobile and Auto Components,665.55,667.05,666.299155785682,668.95,0.08372120968342858,2.101158297805672,1.155763765787355,-0.9453945320183171,0.3978459512217444,0.35304687736650997,0.9453945320183171,-1.155763765787355,-0.3978459512217444,-0.44255749896771,0.5108556832694902,-0.5108556832694902
SONACOMS,2026-07-08,2026-07,2026-07-07,ENTERPRISE-Dryup,64.0,9.959,9.9585,0.1422155688622917,1.2793338380015171,2.095808383233533,normal,risk_on,Automobile and Auto Components,668.0,665.45,666.7225617758446,665.65,0.11561572101556575,3.434712024594582,2.1114387049778958,-1.3232733196166866,-0.16087077854209977,-0.20550993314264077,1.3232733196166866,-2.1114387049778958,0.16087077854209977,0.11619623237027951,-0.35179640718563215,0.35179640718563215
SONACOMS,2026-07-09,2026-07,2026-07-08,GOLD-baseline,474.0,0.0,0.0,-0.4933104118394649,-0.3517964071856339,3.4232752821586034,normal,risk_off,Automobile and Auto Components,664.3,661.55,662.922148055964,671.0,0.08624551261671581,2.353217500086159,1.8822499716788086,-0.47096752840735034,1.218521958833999,1.1734879861678098,0.47096752840735034,-1.8822499716788086,-1.218521958833999,-1.2632878566692447,1.0085804606352622,-1.0085804606352622
SONACOMS,2026-07-10,2026-07,2026-07-09,GOLD,473.0,0.0,0.0,0.8037256816645355,0.3064504073547969,2.3435739502741715,normal,neutral,Automobile and Auto Components,676.35,673.3,674.8215537361538,668.5,0.08019342686651112,3.0748869660605083,1.0933922046495805,-1.9814947614109277,-0.9367741295686894,-0.9811912004566795,1.9814947614109277,-1.0933922046495805,0.9367741295686894,0.8921509683721942,-1.1606416796037589,1.1606416796037589
SRF,2026-07-01,2026-07,2026-06-30,STANDARD,320.0,19.919,6.6395,2.7340823970037453,0.4026354319180081,4.374531835205999,normal,risk_on,Chemicals,2740.0,2740.6,2740.299967156881,2728.9,0.07874003391648793,1.5034850379079372,0.35397704482633885,-1.0546278693301294,-0.41601165177214355,-0.4605777784211034,1.0546278693301294,-0.35397704482633885,0.41601165177214355,0.37135400255979384,-0.40510948905109156,0.40510948905109156
SRF,2026-07-02,2026-07,2026-07-01,GOLD,369.0,12.288,6.1438,-0.5140357273058616,2.205992509363308,1.502005103900832,normal,risk_on,Chemicals,2739.9,2732.7,2736.295263677228,2800.1,0.10645104846022992,2.9967526198105747,2.7666874013089755,-0.2300652185015991,2.3317928137998765,2.2864401940699537,0.2300652185015991,-2.7666874013089755,-2.3317928137998765,-2.376632439110763,2.1971604803094937,-2.1971604803094937
SRF,2026-07-03,2026-07,2026-07-02,STANDARD,171.0,156.067,9.7542,2.609109897760997,2.081662413415964,3.004873758657334,normal,risk_on,Chemicals,2828.0,2817.3,2822.6398597063044,2785.2,0.07562106879319014,1.6580223594259635,0.3316094421861365,-1.3264129172398271,-1.3264129172398271,-1.3707184633761773,1.3264129172398271,-0.3316094421861365,1.3264129172398271,1.2818155602616843,-1.51343705799152,1.51343705799152
SRF,2026-07-06,2026-07,2026-07-03,GOLD,116.0,127.83,10.6525,-0.532123852719546,2.063102348931789,1.671368879682875,normal,risk_on,Chemicals,2803.0,2798.2,2800.5979432978647,2830.0,0.0878502660385241,2.3209329334670143,2.103195742291188,-0.20345452696987218,1.0498492571023124,1.004863562948849,0.20345452696987218,-2.103195742291188,-1.0498492571023124,-1.0946039844192132,0.9632536567962896,-0.9632536567962896
SRF,2026-07-07,2026-07,2026-07-06,GOLD,344.0,5.812,5.8119,1.6085020824357477,1.0678190064640658,2.3337641821054143,normal,risk_on,Chemicals,2839.0,2830.3,2834.643324572699,2811.3,0.06463451463106756,1.852084865312428,-0.1532229658330461,-1.3526684024163327,-0.8235012980413533,-0.8679507905588201,1.3526684024163327,0.1532229658330461,0.8235012980413533,0.7788706352383173,-0.9756956674885459,0.9756956674885459
SRF,2026-07-08,2026-07,2026-07-07,ENTERPRISE-Dryup,329.0,5.812,5.8119,-0.660777385159006,0.9370960792761897,1.8551236749116609,normal,risk_on,Chemicals,2790.8,2785.0,2787.896983392518,2712.0,0.09903184834122165,4.0317128168496215,0.577604434575867,-3.4541083822737537,-2.7223740276142117,-2.7662800133857837,3.4541083822737537,-0.577604434575867,2.7223740276142117,2.6778691195565645,-2.823563136018352,2.823563136018352
SRF,2026-07-09,2026-07,2026-07-08,ENTERPRISE-Dryup,346.0,5.812,5.8119,-3.5321737274570557,-4.169611307420496,3.998150321915131,normal,risk_off,Chemicals,2720.0,2721.2,2720.5998676762483,2763.9,0.08251797201055372,2.7383666699812363,2.6428043748000283,-0.09556229518120771,1.5915656263240134,1.5464248788610533,0.09556229518120771,-2.6428043748000283,-1.5915656263240134,-1.6363562293491825,1.6139705882352977,-1.6139705882352977
SRF,2026-07-10,2026-07,2026-07-09,ENTERPRISE-Dryup,278.0,21.602,7.2006,1.9137168141593053,-1.6860527158254257,2.747050147492625,normal,neutral,Chemicals,2779.0,2770.5,2774.743490404541,2773.4,0.05405569546720415,1.2469621108996796,0.9066246909832957,-0.3403374199163838,-0.048418544243339905,-0.09308988559709531,0.3403374199163838,-0.9066246909832957,0.048418544243339905,0.0037365508098509623,-0.2015113350125912,0.2015113350125912
SUNPHARMA,2026-07-01,2026-07,2026-06-30,ENTERPRISE-Dryup,435.0,0.0,0.0,-0.2616542959363532,0.2953337271116352,1.7888610028301382,normal,risk_on,Healthcare,1877.9,1881.4,1879.6483707073128,1867.4,0.06277798411503319,1.4470791677788473,0.4123978406541203,-1.034681327124727,-0.6516309591832657,-0.6961296454603425,1.034681327124727,-0.4123978406541203,0.6516309591832657,0.6069889140951686,-0.559135204217477,0.559135204217477
SUNPHARMA,2026-07-02,2026-07,2026-07-01,ENTERPRISE-Dryup,445.0,0.0,0.0,-0.0214155691187434,-0.2830138302984952,1.456258700074957,normal,risk_on,Healthcare,1876.0,1872.1,1874.047970971959,1870.3,0.04852537225436845,0.7310378502688304,0.4243236646667399,-0.3067141856020906,-0.19999333154824714,-0.2446212882569314,0.3067141856020906,-0.4243236646667399,0.19999333154824714,0.15532137630662224,-0.3038379530916869,0.3038379530916869
SUNPHARMA,2026-07-03,2026-07,2026-07-02,ENTERPRISE-Dryup,467.0,0.0,0.0,0.1552961336617642,0.1338473069921741,0.7336403555745981,normal,risk_on,Healthcare,1880.0,1876.6,1878.2984613746473,1907.0,0.0687070181640102,2.848322622851195,2.491698714968893,-0.35662390788230225,1.5280605939669047,1.482938023295336,0.35662390788230225,-2.491698714968893,-1.5280605939669047,-1.5728469913078007,1.4361702127659575,-1.4361702127659575
SUNPHARMA,2026-07-06,2026-07,2026-07-03,ENTERPRISE-Dryup,450.0,0.0,0.0,1.962252045126456,2.1205954803469984,2.860503662514035,normal,risk_on,Healthcare,1904.0,1907.1,1905.5487392091522,1913.6,0.05689941443847065,0.8921314711192011,0.6009429491475667,-0.2911885219716344,0.4225166549237217,0.3777105196716495,0.2911885219716344,-0.6009429491475667,-0.4225166549237217,-0.4672298365117107,0.5042016806722641,-0.5042016806722641
SUNPHARMA,2026-07-07,2026-07,2026-07-06,ENTERPRISE-Dryup,333.0,5.926,5.9259,0.3460933403251154,2.3151366091001435,0.8914525432616675,normal,risk_on,Healthcare,1900.6,1911.0,1905.785811732606,1902.7,0.06160503436554882,1.380008175005253,1.002955744014954,-0.3770524309902992,-0.16191807671190814,-0.2065569315484832,0.3770524309902992,-1.002955744014954,0.16191807671190814,0.11724359989845645,0.11049142376092479,-0.11049142376092479
SUNPHARMA,2026-07-08,2026-07,2026-07-07,GOLD,418.0,0.0,0.0,-0.569607023411367,-0.2254850550603038,1.374372909699006,normal,risk_on,Healthcare,1904.0,1911.8,1907.8920278840608,1887.6,0.07481868743680141,2.8513143933167,1.1325573879515314,-1.7187570053651686,-1.063583661312619,-1.1079644360155763,1.7187570053651686,-1.1325573879515314,1.063583661312619,1.0189688982041731,-0.8613445378151308,0.8613445378151308
SUNPHARMA,2026-07-09,2026-07,2026-07-08,GOLD-baseline,420.0,0.0,0.0,-0.7936090818310926,-1.3586956521739135,2.8590949703053603,normal,risk_off,Healthcare,1889.9,1898.0,1893.9413395284987,1940.7,0.08463734630156818,3.3686365394972113,3.0654941238019093,-0.3031424156953022,2.46885473671228,2.42346288629641,0.3031424156953022,-3.0654941238019093,-2.46885473671228,-2.5137034390860733,2.6879729086195012,-2.6879729086195012
SUNPHARMA,2026-07-10,2026-07,2026-07-09,STANDARD,136.0,36.13,9.0325,2.8130959949141943,1.997161927786828,3.379953379953378,normal,neutral,Healthcare,1942.8,1933.2,1937.9881114551085,1932.9,0.05551301335653959,1.4086773720971073,0.8210519172351556,-0.5876254548619517,-0.26254606130107355,-0.3071561137921316,0.5876254548619517,-0.8210519172351556,0.26254606130107355,0.21787824867652927,-0.509573810994434,0.509573810994434
SUPREMEIND,2026-07-01,2026-07,2026-06-30,GOLD,301.0,41.493,6.9155,-1.1587848418415314,-7.819026199725442,2.276855621672417,normal,risk_on,Capital Goods,3181.4,3158.5,3169.9086420921467,3214.9,0.10005654004481129,2.8455078737053956,1.9335370456418168,-0.9119708280635787,1.419326642743843,1.3742351945561968,0.9119708280635787,-1.9335370456418168,-1.419326642743843,-1.4641058390700852,1.0529955365562331,-1.0529955365562331
SUPREMEIND,2026-07-02,2026-07,2026-07-01,GOLD-baseline,291.0,88.532,7.3776,1.866286438529796,0.6858753523332428,2.858048162230666,normal,risk_on,Capital Goods,3231.3,3212.1,3221.671393984542,3266.1,0.09308753020594487,2.433519450381793,2.071241844840308,-0.36227760554148536,1.379054552193441,1.3339746309251848,0.36227760554148536,-2.071241844840308,-1.379054552193441,-1.4238310814602146,1.0769659270262657,-1.0769659270262657
SUPREMEIND,2026-07-03,2026-07,2026-07-02,GOLD-baseline,231.0,114.293,8.7918,1.592584528290142,3.488593155893538,2.438645058944293,normal,risk_on,Capital Goods,3292.0,3281.5,3286.7416140564387,3235.0,0.07862549765772077,2.6013605582605384,0.686344976042102,-1.915015582218436,-1.574252561721155,-1.6184871697074237,1.915015582218436,-0.686344976042102,1.574252561721155,1.5296716181713075,-1.7314702308626977,1.7314702308626977
SUPREMEIND,2026-07-06,2026-07,2026-07-03,GOLD,280.0,63.641,7.9551,-0.9522059949174876,0.6252138480201452,2.6178010471204187,normal,risk_on,Capital Goods,3245.0,3228.8,3236.8797306064444,3238.2,0.07105622196934129,1.5725020462982644,0.7760643423365392,-0.7964377039617254,0.04078833640532282,-0.0039085382770531266,0.7964377039617254,-0.7760643423365392,-0.04078833640532282,-0.08547623765368959,-0.20955315870570668,0.20955315870570668
SUPREMEIND,2026-07-07,2026-07,2026-07-06,GOLD,111.0,19.539,9.7696,0.0989180834621183,-0.8542298153761396,1.5734157650695544,normal,risk_on,Capital Goods,3247.0,3245.5,3246.249826723142,3174.0,0.0775435835543393,3.0958800266289916,0.7162163886914155,-2.379663637937576,-2.2256397560157355,-2.2696879200509303,2.379663637937576,-0.7162163886914155,2.2256397560157355,2.1811019512342176,-2.2482291345857717,2.2482291345857717
SUPREMEIND,2026-07-08,2026-07,2026-07-07,GOLD,23.0,11.481,11.4809,-1.9825829164350492,-1.8856259659969064,3.1035760607745044,normal,risk_on,Capital Goods,3176.1,3170.2,3173.1472574571007,3182.0,0.082333877753259,2.1524371375923628,1.1078194515016035,-1.0446176860907592,0.2789893384901925,0.23422428448779378,1.0446176860907592,-1.1078194515016035,-0.2789893384901925,-0.3236930148381233,0.18576241302226287,-0.18576241302226287
SUPREMEIND,2026-07-09,2026-07,2026-07-08,GOLD,45.0,18.653,9.3264,0.2520478890989386,-1.735532085726632,2.15185885318211,normal,risk_off,Capital Goods,3180.0,3189.0,3184.493641073952,3215.7,0.07680648870257845,1.8809897820929284,1.7398797162415645,0.14150943396226434,0.9799472834093557,0.9349815970182145,-0.14150943396226434,-1.7398797162415645,-0.9799472834093557,-1.0246973813981468,1.1226415094339566,-1.1226415094339566
SUPREMEIND,2026-07-10,2026-07,2026-07-09,ENTERPRISE-Dryup,252.0,15.23,7.6151,1.0590823381521064,1.313799621928169,1.882463859208048,normal,neutral,Capital Goods,3241.0,3234.3,3237.6465337513323,3325.0,0.07184547523175004,3.008358046026309,2.7721823649684825,-0.23617568105782583,2.698054445969885,2.6525969926380326,0.23617568105782583,-2.7721823649684825,-2.698054445969885,-2.7429183273236237,2.591792656587473,-2.591792656587473
SUZLON,2026-07-01,2026-07,2026-06-30,STANDARD,150.0,127.636,9.1168,2.6650409336352654,3.2404974601506265,3.11792370667131,normal,risk_on,Capital Goods,59.06,59.21,59.13490487866746,58.3,0.06545756637486788,1.9954373857895173,0.19463144748213995,-1.6993430203858726,-1.4118647529416293,-1.4561458405408538,1.6993430203858726,-0.19463144748213995,1.4118647529416293,1.3672730550967576,-1.2868269556383425,1.2868269556383425
SUZLON,2026-07-02,2026-07,2026-07-01,ENTERPRISE-Dryup,206.0,24.846,8.2819,-1.0858500169664054,1.5502525692388192,2.0020359687818114,normal,risk_on,Capital Goods,58.35,58.51,58.429890467225746,57.7,0.06777496556996797,2.259117704046372,0.2911344372101333,-1.8310670423485826,-1.2491730882760268,-1.2935007424596618,1.8310670423485826,-0.2911344372101333,1.2491730882760268,1.204570616012971,-1.1139674378748905,1.1139674378748905
SUZLON,2026-07-03,2026-07,2026-07-02,ENTERPRISE-Dryup,395.0,19.567,6.5223,-1.0291595197255532,-2.103834407872407,2.264150943396227,normal,risk_on,Capital Goods,57.93,57.83,57.879956807187284,56.9,0.0855262032777777,3.2481019401288584,-0.08631106507854609,-2.833376003804549,-1.6930848971635697,-1.737285492245794,2.833376003804549,0.08631106507854609,1.6930848971635697,1.6485118234039693,-1.7780079406179892,1.7780079406179892
SUZLON,2026-07-06,2026-07,2026-07-03,ENTERPRISE-Dryup,361.0,21.045,7.015,-1.3864818024263537,-2.401372212692965,3.258232235701898,normal,risk_on,Capital Goods,56.87,57.01,56.93991394450298,55.4,0.09136392569148348,3.6705359302738696,0.28114909982661307,-3.3893868304472567,-2.7044542884344294,-2.748365403301268,3.3893868304472567,-0.28114909982661307,2.7044542884344294,2.6599481936241354,-2.5848426235273414,2.5848426235273414
SUZLON,2026-07-07,2026-07,2026-07-06,ENTERPRISE-Dryup,328.0,18.19,6.0632,-2.6362038664323406,-3.9861351819757473,3.673110720562396,normal,risk_on,Capital Goods,55.47,55.39,55.42997113476457,54.4,0.08227067758131916,2.543750197112551,-0.07211105101857342,-2.309167961954431,-1.8581484234592993,-1.9023017730686462,2.309167961954431,0.07211105101857342,1.8581484234592993,1.8135862811967913,-1.9289706147467105,1.9289706147467105
SUZLON,2026-07-08,2026-07,2026-07-07,ENTERPRISE-Dryup,297.0,12.461,6.2306,-1.805054151624552,-4.393673110720564,2.545126353790621,normal,risk_on,Capital Goods,54.3,54.2,54.24995391705069,53.09,0.10843482059658768,3.8156714440072586,0.9770443008297544,-2.838627143177504,-2.1381657186737515,-2.1822389200527583,2.838627143177504,-0.9770443008297544,2.1381657186737515,2.0936221208366366,-2.2283609576427144,2.2283609576427144
SUZLON,2026-07-09,2026-07,2026-07-08,ENTERPRISE-Dryup,199.0,35.287,7.0575,-2.4080882352941035,-4.1696750902527,3.80514705882353,normal,risk_off,Capital Goods,53.13,53.2,53.16497695852535,53.7,0.07772198044843859,2.294743776437138,2.116098051452731,-0.1786457249844071,1.0063449136675635,0.961371671588304,0.1786457249844071,-2.116098051452731,-1.0063449136675635,-1.051096759865816,1.0728402032749864,-1.0728402032749864
SUZLON,2026-07-10,2026-07,2026-07-09,ENTERPRISE-Dryup,119.0,55.982,9.3303,1.1489922772650152,-1.2867647058823484,2.297984554530041,normal,neutral,Capital Goods,54.02,54.08,54.04998334875116,54.03,0.056262141995029914,1.2950975312671886,0.7400865392830561,-0.5550109919841326,-0.036971979477257076,-0.08164659713545921,0.5550109919841326,-0.7400865392830561,0.036971979477257076,-0.007710772016430063,0.018511662347275103,-0.018511662347275103
SWIGGY,2026-07-01,2026-07,2026-06-30,GOLD,101.0,250.437,10.0175,0.4604437002930117,-0.1456209694195909,2.511511092507325,normal,risk_on,Consumer Services,240.0,240.55,240.27468525647697,247.13,0.11858790417207446,4.340865118132061,3.606420182914147,-0.1351308632993954,2.8531156897387837,2.8076138538473727,0.1351308632993954,-3.606420182914147,-2.8531156897387837,-2.8979898401784525,2.9708333333333314,-2.9708333333333314
SWIGGY,2026-07-02,2026-07,2026-07-01,STANDARD,39.0,396.896,11.0249,2.9708333333333226,3.444956048555881,4.345833333333336,normal,risk_on,Consumer Services,248.52,250.27,249.39193007077128,249.62,0.09869521794736809,2.105120241264495,1.5670394499612383,-0.4618954873336849,0.09145040465583758,0.04673902917231455,0.4618954873336849,-1.5670394499612383,-0.09145040465583758,-0.13614166105033632,0.4426203122485089,-0.4426203122485089
SWIGGY,2026-07-03,2026-07,2026-07-02,GOLD,79.0,516.842,11.2357,1.0075668676405192,4.008333333333325,2.124387973940841,normal,risk_on,Consumer Services,250.9,252.73,251.81167523777378,247.68,0.09990337683393873,2.7877976640167135,1.0397948227594545,-1.7480028412572588,-1.640779854179689,-1.6849954203251465,1.7480028412572588,-1.0397948227594545,1.640779854179689,1.5962033164663119,-1.28337983260263,1.28337983260263
SWIGGY,2026-07-06,2026-07,2026-07-03,ENTERPRISE-Dryup,232.0,288.498,8.4852,-0.7771813155997065,0.2225549306033247,2.8122746574793727,normal,risk_on,Consumer Services,249.4,248.17,248.78347971139738,250.0,0.10304284762638469,2.267031559548378,0.6135939132186244,-1.6534376463297535,0.488987568633518,0.4441624076776983,1.6534376463297535,-0.6135939132186244,-0.488987568633518,-0.5337051523242383,0.24057738572573947,-0.24057738572573947
SWIGGY,2026-07-07,2026-07,2026-07-06,ENTERPRISE-Dryup,70.0,285.463,10.5727,0.9366925064599352,0.1522313917154072,2.2771317829457423,normal,risk_on,Consumer Services,250.05,252.93,251.48175474173925,266.23,0.13785655242936698,6.922967440671501,6.329781369073102,-0.15180216239993352,5.864538870188244,5.818175086685585,0.15180216239993352,-6.329781369073102,-5.864538870188244,-5.90961245513946,6.470705858828237,-6.470705858828237
SWIGGY,2026-07-08,2026-07,2026-07-07,STANDARD-weak,29.0,544.903,11.1205,6.492000000000009,7.489502583979335,6.963999999999987,normal,risk_on,Consumer Services,265.0,266.05,265.52396196215045,260.47,0.13447972491333463,4.263268714562801,1.8100204600497098,-2.4532482545130914,-1.903392042210808,-1.947532441920134,2.4532482545130914,-1.8100204600497098,1.903392042210808,1.8588328962521954,-1.7094339622641408,1.7094339622641408
SWIGGY,2026-07-09,2026-07,2026-07-08,GOLD-baseline,9.0,493.156,11.2081,-2.1635428013371816,4.188000000000014,4.251962588739057,normal,risk_off,Consumer Services,262.0,267.9,264.917154180034,281.95,0.16878978332641204,7.704295353455924,6.603138205266287,0.657883339174634,6.429499015526455,6.382973525741237,-0.657883339174634,-6.603138205266287,-6.429499015526455,-6.474610015528257,7.6145038167938885,-7.6145038167938885
SWIGGY,2026-07-10,2026-07,2026-07-09,AVOID,2.0,1271.357,15.892,8.24663108995276,5.904668895316068,7.835835220946759,extended_move,neutral,Consumer Services,284.6,281.6,283.0920522783469,272.99,0.14273692294073273,4.7793641294799825,0.3030631608158054,-4.218434315706271,-3.5684690534562113,-3.6121328648329167,4.218434315706271,-0.3030631608158054,3.5684690534562113,3.5240201788877457,-4.079409697821508,4.079409697821508
TATACONSUM,2026-07-01,2026-07,2026-06-30,GOLD-baseline,429.0,0.0,0.0,-3.507194244604317,-5.170128148475472,2.9316546762590048,normal,risk_on,Fast Moving Consumer Goods,1078.9,1073.0,1075.9419117988755,1090.5,0.06933159130051757,2.0354258682409085,1.6783515915773803,-0.3570742766635282,1.3530552199407067,1.3079827403573239,0.3570742766635282,-1.6783515915773803,-1.3530552199407067,-1.3978300273757025,1.075169153767718,-1.075169153767718
TATACONSUM,2026-07-02,2026-07,2026-07-01,GOLD-baseline,441.0,0.0,0.0,1.6309412861136965,-1.9334532374100768,2.041006523765153,normal,risk_on,Fast Moving Consumer Goods,1099.9,1087.7,1093.7659809837266,1108.0,0.08150438095404963,2.733674343492399,1.9413676586627424,-0.7923066848296569,1.3013770096845907,1.2563193217486166,0.7923066848296569,-1.9413676586627424,-1.3013770096845907,-1.346148394678434,0.7364305845985916,-0.7364305845985916
TATACONSUM,2026-07-03,2026-07,2026-07-02,GOLD-baseline,38.0,76.004,12.6673,1.6047684548372354,3.2618825722273925,2.74186153140762,normal,risk_on,Fast Moving Consumer Goods,1115.3,1117.4,1116.3490124065033,1111.2,0.08188064850701533,2.5440072669369296,0.7480624339421024,-1.7959448329948273,-0.46123679505960324,-0.5057899770967005,1.7959448329948273,-0.7480624339421024,0.46123679505960324,0.4165821409275929,-0.36761409486236074,0.36761409486236074
TATACONSUM,2026-07-06,2026-07,2026-07-03,GOLD,110.0,54.35,10.87,0.2888086642599319,1.898211829436036,2.563176895306868,normal,risk_on,Fast Moving Consumer Goods,1115.1,1114.7,1114.8999641223427,1115.1,0.056683535578393576,1.067360335720152,0.6727093119571039,-0.39465102376304806,0.017942047187587642,-0.026748288292810667,0.39465102376304806,-0.6727093119571039,-0.017942047187587642,-0.06262843541760468,0.0,0.0
TATACONSUM,2026-07-07,2026-07,2026-07-06,GOLD,410.0,0.0,0.0,0.3509719222462015,0.6407942238267017,1.07091432685386,normal,risk_on,Fast Moving Consumer Goods,1111.2,1115.0,1113.0967568053184,1122.0,0.06734256106208815,1.9495160566526917,1.5185780653242915,-0.43093799132840044,0.7998624684016415,0.7549483269667608,0.43093799132840044,-1.5185780653242915,-0.7998624684016415,-0.8446006400934739,0.9719222462202982,-0.9719222462202982
TATACONSUM,2026-07-08,2026-07,2026-07-07,ENTERPRISE-Dryup,409.0,0.0,0.0,0.6187785848802863,0.9719222462202914,1.9460138104205944,normal,risk_on,Fast Moving Consumer Goods,1112.9,1117.6,1115.2450481954718,1090.0,0.07121042790503779,3.2279901227313217,0.4532592915527726,-2.774730831178549,-2.2636323950794193,-2.307669684633505,2.774730831178549,-0.4532592915527726,2.2636323950794193,2.219097106398416,-2.057687123730801,2.057687123730801
TATACONSUM,2026-07-09,2026-07,2026-07-08,ENTERPRISE-Dryup,422.0,0.0,0.0,-2.8520499108734443,-2.2509192000717326,3.2085561497326207,normal,risk_off,Fast Moving Consumer Goods,1098.8,1097.3,1098.0494877282456,1104.0,0.06494780607476126,2.049087973853551,1.4708364652278327,-0.10468451022400443,0.5419165837475521,0.4970762731314524,0.10468451022400443,-1.4708364652278327,-0.5419165837475521,-0.5866376727152274,0.47324353840553746,-0.47324353840553746
TATACONSUM,2026-07-10,2026-07,2026-07-09,ENTERPRISE-Dryup,433.0,0.0,0.0,1.2844036697247765,-1.6042780748663057,2.064220183486239,normal,neutral,Fast Moving Consumer Goods,1105.0,1109.3,1107.145824865646,1111.5,0.05514378892959086,1.14709369938158,0.9532777794320564,-0.17575145224272282,0.3932792805213618,0.3484815137660153,0.17575145224272282,-0.9532777794320564,-0.3932792805213618,-0.4379905258349936,0.5882352941176471,-0.5882352941176471
TATAELXSI,2026-07-01,2026-07,2026-06-30,GOLD-baseline,183.0,51.283,8.5471,-3.741701870850944,-4.77611940298508,4.496077248038617,normal,risk_on,Information Technology,3769.8,3709.2,3739.25448856799,3582.0,0.12248413665566123,5.557257486360086,-0.0656411211243807,-4.740369747764146,-4.2055037721760735,-4.248985247653379,4.740369747764146,0.0656411211243807,4.2055037721760735,4.16109708586889,-4.981696641731662,4.981696641731662
TATAELXSI,2026-07-02,2026-07,2026-07-01,GOLD-baseline,179.0,138.262,8.6414,-6.426332288401248,-9.92757996378999,5.428422152560088,normal,risk_on,Information Technology,3599.1,3650.0,3624.371301264985,3660.0,0.08276595961687301,3.3191963515993197,2.610899680780152,0.3622338232959947,0.9830311459143204,0.9380645768415499,-0.3622338232959947,-2.610899680780152,-0.9830311459143204,-1.0277814481349896,1.6920896890889416,-1.6920896890889416
TATAELXSI,2026-07-03,2026-07,2026-07-02,STANDARD,175.0,193.883,9.6942,2.1775544388609624,-4.38871473354232,3.358458961474041,normal,risk_on,Information Technology,3719.9,3726.2,3723.04733484643,3680.0,0.07110191164501026,2.164893238009947,0.3371610410665779,-1.6316562585131824,-1.1562392571139801,-1.2005935113763735,1.6316562585131824,-0.3371610410665779,1.1562392571139801,1.1116306302150218,-1.0726094787494311,1.0726094787494311
TATAELXSI,2026-07-06,2026-07,2026-07-03,GOLD,114.0,246.604,10.7219,0.5464480874316946,2.735901730876611,2.202185792349724,normal,risk_on,Information Technology,3693.3,3661.7,3677.4321169272603,3660.0,0.05908567809226112,1.4575388014173944,-0.06613628341540845,-1.0178873664304997,-0.4740296047075905,-0.5185791251099534,1.0178873664304997,0.06613628341540845,0.4740296047075905,0.42937579779219187,-0.9016326862155845,0.9016326862155845
TATAELXSI,2026-07-07,2026-07,2026-07-06,GOLD,171.0,79.13,8.7922,-0.5434782608695676,0.0,1.456521739130432,normal,risk_on,Information Technology,3664.0,3660.7,3662.3492566248447,3708.0,0.08261156690874319,2.0260219547816054,1.9236489596866482,-0.045032751091706735,1.2464879828863251,1.2014460056169356,0.045032751091706735,-1.9236489596866482,-1.2464879828863251,-1.2912557327994798,1.2008733624454149,-1.2008733624454149
TATAELXSI,2026-07-08,2026-07,2026-07-07,ENTERPRISE-Dryup,47.0,95.152,10.5724,1.3114754098360717,0.7608695652173925,2.027322404371592,normal,risk_on,Information Technology,3707.0,3691.9,3699.4345916284856,3622.9,0.07231624008921049,2.543631943458074,0.13692385271460192,-2.3391301963901756,-2.0688186189769904,-2.112911669298955,2.3391301963901756,-0.13692385271460192,2.0688186189769904,2.0242704285588506,-2.268680874022118,2.268680874022118
TATAELXSI,2026-07-09,2026-07,2026-07-08,ENTERPRISE-Dryup,63.0,79.13,8.7922,-2.2950377562028,-1.0136612021857894,2.537756202804744,normal,risk_off,Information Technology,3629.4,3606.8,3618.06470799591,3624.0,0.0612515949759534,1.4731632599662294,0.6615495834331875,-0.8116136765330418,0.16404604348211743,0.11931388923927572,0.8116136765330418,-0.6615495834331875,-0.16404604348211743,-0.20874210759539308,-0.14878492312779223,0.14878492312779223
TATAELXSI,2026-07-10,2026-07,2026-07-09,ENTERPRISE-Dryup,140.0,80.918,8.9909,0.0303624168483729,-2.265372168284785,1.4711971072897452,normal,neutral,Information Technology,3669.0,3677.0,3672.9956438878303,3700.0,0.0814749249137806,2.251568148130518,1.679946346107181,-0.5716218020233369,0.7352133988263015,0.6903177616360091,0.5716218020233369,-1.679946346107181,-0.7352133988263015,-0.7799472890688522,0.8449168710820387,-0.8449168710820387
TATAPOWER,2026-07-01,2026-07,2026-06-30,ENTERPRISE-Dryup,433.0,0.0,0.0,-0.0129282482223658,-0.5273311897106114,1.3833225597931538,normal,risk_on,Power,386.25,386.45,386.3499741167335,375.0,0.062019949533109665,3.300116695788274,0.14236467454771562,-3.1189271189371586,-2.937744241521335,-2.9815885827380613,3.1189271189371586,-0.14236467454771562,2.937744241521335,2.8932535965714736,-2.912621359223301,2.912621359223301
TATAPOWER,2026-07-02,2026-07,2026-07-01,GOLD-baseline,444.0,0.0,0.0,-3.025601241272302,-3.03813833225598,3.2971295577967417,normal,risk_on,Power,376.8,375.7,376.249196013289,376.6,0.052739084482105444,0.956812675786521,0.45204189264258476,-0.4914817182024539,0.0932371392226507,0.048525252329239564,0.4914817182024539,-0.45204189264258476,-0.0932371392226507,-0.13792851394543287,-0.05307855626326662,0.05307855626326662
TATAPOWER,2026-07-03,2026-07,2026-07-02,GOLD-baseline,458.0,0.0,0.0,0.4266666666666641,-2.6118438065683924,0.960000000000006,normal,risk_on,Power,377.5,377.1,377.2998939835675,375.1,0.05143894977315311,1.8685401486773434,1.099948895456956,-0.7685912532203876,-0.5830624441318452,-0.6275807565007111,0.7685912532203876,-1.099948895456956,0.5830624441318452,0.5384158580252703,-0.6357615894039675,0.6357615894039675
TATAPOWER,2026-07-06,2026-07,2026-07-03,GOLD,449.0,0.0,0.0,-0.3983005841741938,0.0266666666666637,1.8720127456186968,normal,risk_on,Power,375.2,375.25,375.22499833433267,377.7,0.05732311551060606,1.6256912591321555,1.2325942264503362,-0.13991560707927445,0.6596046842971925,0.6147306882868249,0.13991560707927445,-1.2325942264503362,-0.6596046842971925,-0.7043335672770148,0.6663113006396589,-0.6663113006396589
TATAPOWER,2026-07-07,2026-07,2026-07-06,GOLD,412.0,0.0,0.0,0.6931484937349852,0.2920870950610554,1.6262330045321307,normal,risk_on,Power,377.05,378.25,377.64904673639614,377.0,0.06080694691055477,1.443138820843935,0.6357630938970072,-0.8073757269469277,-0.17186505354776846,-0.2165010613009517,0.8073757269469277,-0.6357630938970072,0.17186505354776846,0.1271912354828047,-0.013260840737305758,0.013260840737305758
TATAPOWER,2026-07-08,2026-07,2026-07-07,ENTERPRISE-Dryup,413.0,0.0,0.0,-0.1853322742917607,0.5065315915755653,1.4429441355573176,normal,risk_on,Power,375.8,374.75,375.274265538605,372.0,0.07711318648007819,1.8253316651405975,0.44653593791994517,-1.3787957272206524,-0.8724993529480813,-0.9169348209482844,1.3787957272206524,-0.44653593791994517,0.8724993529480813,0.8278719350902297,-1.0111761575306044,1.0111761575306044
TATAPOWER,2026-07-09,2026-07,2026-07-08,ENTERPRISE-Dryup,424.0,0.0,0.0,-1.326259946949604,-1.5091342335186608,1.8169761273209457,normal,risk_off,Power,373.4,373.85,373.6248645031783,376.0,0.06409675624491963,1.766477723257596,1.398497796384557,-0.36797992687303915,0.6357005977051371,0.5908334436658583,0.36797992687303915,-1.398497796384557,-0.6357005977051371,-0.6804278976129208,0.6963042313872584,-0.6963042313872584
TATAPOWER,2026-07-10,2026-07,2026-07-09,ENTERPRISE-Dryup,448.0,0.0,0.0,1.0752688172043,-0.2652519893899252,1.774193548387103,normal,neutral,Power,376.5,377.0,376.7498341074984,381.1,0.05130732244638051,1.7650969948675765,1.605884155684947,0.03985825046408847,1.154656352485722,1.1096406598165756,-0.03985825046408847,-1.605884155684947,-1.154656352485722,-1.1994180207573217,1.2217795484727816,-1.2217795484727816
TATASTEEL,2026-07-01,2026-07,2026-06-30,GOLD,436.0,0.0,0.0,-0.6845708267509298,0.0,1.7640863612427564,normal,risk_on,Metals & Mining,188.5,187.95,188.22459822021517,184.9,0.07598069709689688,2.1304335553998537,0.19944352828189787,-1.8725492063962568,-1.7662931687204453,-1.8104728096919351,1.8725492063962568,-0.19944352828189787,1.7662931687204453,1.721724943251837,-1.909814323607424,1.909814323607424
TATASTEEL,2026-07-02,2026-07,2026-07-01,GOLD,401.0,5.292,5.2917,-1.9618239660657453,-2.632964718272779,2.1261930010604555,normal,risk_on,Metals & Mining,186.0,185.88,185.93998063891576,188.5,0.06768241481537554,1.8608155105270876,1.4305795622566164,-0.4302359482704712,1.3767987671546804,1.3317194915507529,0.4302359482704712,-1.4305795622566164,-1.3767987671546804,-1.421575147029834,1.3440860215053763,-1.3440860215053763
TATASTEEL,2026-07-03,2026-07,2026-07-02,ENTERPRISE-Dryup,416.0,11.79,5.8952,1.946998377501341,-0.0530222693531201,1.8712817739318592,normal,risk_on,Metals & Mining,190.6,190.2,190.39978991596638,190.1,0.0754081564644884,2.0325652679070783,1.355153850312752,-0.6774114175943261,-0.15745286068787118,-0.20209299358536795,0.6774114175943261,-1.355153850312752,0.15745286068787118,0.11277808816102308,-0.2623294858342078,0.2623294858342078
TATASTEEL,2026-07-06,2026-07,2026-07-03,ENTERPRISE-Dryup,303.0,7.631,7.631,0.8488063660477385,2.8123309897241766,2.053050397877972,normal,risk_on,Metals & Mining,190.39,189.93,190.1597218132099,190.7,0.05256989883548759,1.1884746035861073,0.6785233878589202,-0.15761582439855265,0.2841180990582193,0.23935157707119825,0.15761582439855265,-0.6785233878589202,-0.2841180990582193,-0.3288221150634475,0.16282367771416686,-0.16282367771416686
TATASTEEL,2026-07-07,2026-07,2026-07-06,ENTERPRISE-Dryup,417.0,0.0,0.0,0.3156233561283583,1.1671087533156488,1.1888479747501268,normal,risk_on,Metals & Mining,191.0,190.37,190.68447963919553,189.6,0.06138026692179491,1.2061810192166484,0.1654672479907559,-0.883385812197629,-0.5687298941411165,-0.6132523088584361,0.883385812197629,-0.1654672479907559,0.5687298941411165,0.5240823588470859,-0.7329842931937203,0.7329842931937203
TATASTEEL,2026-07-08,2026-07,2026-07-07,ENTERPRISE-Dryup,414.0,0.0,0.0,-0.576822233875196,-0.2630194634402949,1.2060828526481444,normal,risk_on,Metals & Mining,187.66,188.08,187.86976526321394,188.47,0.07422829301574728,1.7405674592814686,1.0221095097956407,-0.7184579494858279,0.31949512256275403,0.2747184747518034,0.7184579494858279,-1.0221095097956407,-0.31949512256275403,-0.36420148144674086,0.43163167430459465,-0.43163167430459465
TATASTEEL,2026-07-09,2026-07,2026-07-08,ENTERPRISE-Dryup,421.0,0.0,0.0,-0.5959915611814304,-1.1693759832197117,1.724683544303788,normal,risk_off,Metals & Mining,189.5,188.64,189.06902205532342,187.88,0.06690429212766838,1.7189489661870778,0.09572056950906985,-1.2953058246669322,-0.6288825331605623,-0.6733877306286259,1.2953058246669322,-0.09572056950906985,0.6288825331605623,0.5842389815352034,-0.8548812664907676,0.8548812664907676
TATASTEEL,2026-07-10,2026-07,2026-07-09,ENTERPRISE-Dryup,444.0,0.0,0.0,-0.313047169310765,-0.907172995780592,1.724412373322014,normal,neutral,Metals & Mining,189.68,189.4,189.53989659174843,191.1,0.06839887578512291,2.4058259406049083,1.9838057716948636,-0.07380851961196812,0.8231002740345921,0.7781794813355563,0.07380851961196812,-1.9838057716948636,-0.8231002740345921,-0.8678399846733403,0.7486292703500567,-0.7486292703500567
TCS,2026-07-01,2026-07,2026-06-30,ENTERPRISE-Dryup,162.0,88.405,8.8405,-2.8481315110388983,-3.005725190839692,4.0858262448628615,normal,risk_on,Information Technology,2039.9,2040.7,2040.2999215801601,1982.0,0.05355246340381576,3.68573263198283,0.5734489471909832,-3.1122836847918465,-2.8574191942823934,-2.901286526616091,3.1122836847918465,-0.5734489471909832,2.8574191942823934,2.812923229725954,-2.838374430119128,2.838374430119128
TCS,2026-07-02,2026-07,2026-07-01,GOLD,195.0,126.582,8.4388,-2.508607968519428,-5.28529102551849,3.6989670437776714,normal,risk_on,Information Technology,2008.0,2025.0,2016.464170592611,2070.9,0.06771108598028223,3.689626678471304,2.997118931680686,0.09104200482021971,2.6995683930942906,2.654110506431409,-0.09104200482021971,-2.997118931680686,-2.6995683930942906,-2.7444323747106916,3.132470119521917,-3.132470119521917
TCS,2026-07-03,2026-07,2026-07-02,STANDARD,259.0,152.31,8.4617,4.485368314833504,1.8642400393507288,3.7537840565085823,normal,risk_on,Information Technology,2100.0,2111.8,2105.8834702502495,2088.0,0.07418824650054787,1.5005578630732483,0.4329076075927007,-0.9916726421603872,-0.8492146171850784,-0.89365674988206,0.9916726421603872,-0.4329076075927007,0.8492146171850784,0.8045856572723161,-0.5714285714285714,0.5714285714285714
TCS,2026-07-06,2026-07,2026-07-03,GOLD,159.0,234.574,9.7739,0.8257279443720122,5.348133198789107,1.5259066106523689,normal,risk_on,Information Technology,2090.0,2081.9,2085.9421366763345,2059.0,0.05739208580253868,2.032654657792125,-0.15063393279647108,-1.6943009134782365,-1.29160517938734,-1.3359206884032646,1.6943009134782365,0.15063393279647108,1.29160517938734,1.24700551723195,-1.4832535885167464,1.4832535885167464
TCS,2026-07-07,2026-07,2026-07-06,GOLD,66.0,53.182,10.6365,-1.388888888888884,-0.5746293881887188,2.030651340996173,normal,risk_on,Information Technology,2050.0,2057.5,2053.7431527693243,2095.9,0.09467291763085858,3.5885694810775486,3.3576178763002664,0.18292682926829804,2.0526835195448045,2.007410788151739,-0.18292682926829804,-3.3576178763002664,-2.0526835195448045,-2.09750466056357,2.2390243902439066,-2.2390243902439066
TCS,2026-07-08,2026-07,2026-07-07,ENTERPRISE-Dryup,16.0,82.629,11.8042,1.792132102962607,0.378352490421463,3.579407479358903,normal,risk_on,Information Technology,2094.0,2103.0,2098.490350250179,2059.6,0.07068716033959327,2.902086254184549,0.5341768547320023,-2.3679093994525466,-1.8532537090552965,-1.8974084596591685,2.3679093994525466,-0.5341768547320023,1.8532537090552965,1.8086912426354325,-1.642788920725888,1.642788920725888
TCS,2026-07-09,2026-07,2026-07-08,ENTERPRISE-Dryup,17.0,62.673,10.4455,-1.7319528603463974,0.0291403593977612,2.905672980581117,normal,risk_off,Information Technology,2057.5,2033.8,2045.5813555593575,2059.0,0.07923877930898499,2.3954070497773534,0.7341993218615178,-1.4461099520174567,0.655981948807568,0.6111089897182886,1.4461099520174567,-0.7341993218615178,-0.655981948807568,-0.7007105918681097,0.07290400972053464,-0.07290400972053464
TCS,2026-07-10,2026-07,2026-07-09,ENTERPRISE-Dryup,64.0,64.316,10.7194,-0.0291318702660636,-1.7605801803521226,2.379102738395805,normal,neutral,Information Technology,2105.2,2121.7,2113.4177955475643,2067.9,0.08867289914441798,3.2506587265771,0.8319322610738369,-2.309898007408243,-2.1537528284023484,-2.197821568345286,2.309898007408243,-0.8319322610738369,2.1537528284023484,2.1092102628371623,-1.77180315409461,1.77180315409461
TECHM,2026-07-01,2026-07,2026-06-30,GOLD,317.0,13.293,6.6465,-2.321217596775316,-2.3822753160161136,3.120439224407524,normal,risk_on,Information Technology,1369.1,1361.1,1365.0882792469415,1325.6,0.07566532046543932,3.5016050409845354,0.10341607751824465,-3.207725090944126,-2.8927271479266916,-2.936584374206049,3.207725090944126,-0.10341607751824465,2.8927271479266916,2.84823352167479,-3.17726973924476,3.17726973924476
TECHM,2026-07-02,2026-07,2026-07-01,GOLD-baseline,355.0,25.796,6.449,-3.237282106012096,-5.48335534088541,3.493418712202073,normal,risk_on,Information Technology,1343.4,1346.8,1345.097851460858,1389.9,0.07378796963419752,3.8138489288556414,3.330772440866233,-0.04444668915415387,3.330772440866233,3.2851338871935734,0.04444668915415387,-3.330772440866233,-3.330772440866233,-3.3756782246019017,3.461366681554265,-3.461366681554265
TECHM,2026-07-03,2026-07,2026-07-02,STANDARD,157.0,228.517,9.9355,4.852941176470593,1.4585556741373074,3.8676470588235223,normal,risk_on,Information Technology,1399.9,1426.9,1413.2710556105844,1408.0,0.10137492245492795,3.290239322131331,2.2450714081671697,-0.4437263174455308,-0.372968482560986,-0.41754692928409654,0.4437263174455308,-2.2450714081671697,0.372968482560986,0.32830798277171214,0.5786127580541401,-0.5786127580541401
TECHM,2026-07-06,2026-07,2026-07-03,GOLD-baseline,196.0,126.856,9.0612,-1.2622720897615736,3.529411764705892,3.260869565217391,normal,risk_on,Information Technology,1409.8,1400.7,1405.2352677459526,1408.0,0.07746088580755148,1.8786889715874149,0.8656722851512392,-1.0130166864361756,0.19674515132844334,0.1520036377507592,1.0130166864361756,-0.8656722851512392,-0.19674515132844334,-0.24144338097283521,-0.12767768477797947,0.12767768477797947
TECHM,2026-07-07,2026-07,2026-07-06,GOLD,145.0,36.773,9.1934,0.0,-1.2622720897615736,1.8750000000000064,normal,risk_on,Information Technology,1398.5,1403.5,1400.995538900785,1447.0,0.10859900359253599,4.625282393892685,4.447156280604484,0.1787629603146302,3.283697900659259,3.2380728209439447,-0.1787629603146302,-4.447156280604484,-3.283697900659259,-3.328600566836428,3.468001430103682,-3.468001430103682
TECHM,2026-07-08,2026-07,2026-07-07,STANDARD,9.0,163.587,12.5837,2.769886363636353,2.769886363636353,4.602272727272724,normal,risk_on,Information Technology,1441.0,1447.6,1444.2924600152323,1426.0,0.07928379606657432,2.0840654391896973,0.5959693222158742,-1.4880961169738234,-1.2665343427078068,-1.310857027649031,1.4880961169738234,-0.5959693222158742,1.2665343427078068,1.221933020211187,-1.040943789035392,1.040943789035392
TECHM,2026-07-09,2026-07,2026-07-08,ENTERPRISE-Dryup,248.0,20.416,6.8052,-1.4512785072563927,1.2784090909090828,2.0801658604008386,normal,risk_off,Information Technology,1426.0,1411.5,1418.7129515418503,1432.3,0.08040856178765132,2.6291435458781494,1.2396481218442477,-1.3894954240339017,0.9577024332782258,0.9127431139415583,1.3894954240339017,-1.2396481218442477,-0.9577024332782258,-1.002451058079572,0.44179523141654664,-0.44179523141654664
TECHM,2026-07-10,2026-07,2026-07-09,ENTERPRISE-Dryup,344.0,39.625,6.6041,0.4417952314165418,-1.0158949550794771,2.6157082748948075,normal,neutral,Information Technology,1448.0,1472.2,1459.9997260461614,1455.0,0.07363368463592765,2.301370294841945,1.1712518604471183,-1.006830740028282,-0.342447053719744,-0.387034236469346,1.006830740028282,-1.1712518604471183,0.342447053719744,0.2977845326183236,0.48342541436464087,-0.48342541436464087
TIINDIA,2026-07-01,2026-07,2026-06-30,GOLD,365.0,16.688,5.5625,-0.5003950487226683,-1.553695319370696,2.419673426389255,normal,risk_on,Automobile and Auto Components,3049.9,3090.2,3069.91774726796,3089.1,0.11072765957302541,2.2932210500640227,1.302388403325204,-0.9908326467388185,0.6248458203517376,0.5799817732319617,0.9908326467388185,-1.302388403325204,-0.6248458203517376,-0.6695724013910362,1.285288042230887,-1.285288042230887
TIINDIA,2026-07-02,2026-07,2026-07-01,STANDARD,92.0,202.616,10.1308,2.206855479089453,1.6954174348169593,2.329274748544206,normal,risk_on,Automobile and Auto Components,3110.0,3089.4,3099.6657741071717,3075.0,0.09631984000085125,1.880847944543083,0.9237843038440576,-0.9570636406990254,-0.7957559267587958,-0.8402133607229033,0.9570636406990254,-0.9237843038440576,0.7957559267587958,0.7511234264908013,-1.1254019292604502,1.1254019292604502
TIINDIA,2026-07-03,2026-07,2026-07-02,GOLD,331.0,59.346,7.4182,-0.4564436243566061,1.7403388035997835,1.8872810851057005,normal,risk_on,Automobile and Auto Components,3106.1,3011.4,3058.017013485901,2976.0,0.1301661068125186,6.196826216607107,-1.1123879735098046,-4.336699661939674,-2.682032608850919,-2.725950141385418,4.336699661939674,1.1123879735098046,2.682032608850919,2.6375250291424726,-4.188532243005696,4.188532243005696
TIINDIA,2026-07-06,2026-07,2026-07-03,GOLD-baseline,402.0,37.752,6.292,-3.219512195121954,-3.6612605613285383,6.16260162601626,normal,risk_on,Automobile and Auto Components,2976.1,2970.5,2973.297363199139,2998.2,0.08921493292607961,2.5493581953216635,1.7355356863915854,-0.8138225089300781,0.8375427600711508,0.7926178335571067,0.8138225089300781,-1.7355356863915854,-0.8375427600711508,-0.8822834271779793,0.7425825745102621,-0.7425825745102621
TIINDIA,2026-07-07,2026-07,2026-07-06,GOLD,232.0,87.084,7.9167,0.7459677419354716,-2.4975609756097583,2.5470430107526942,normal,risk_on,Automobile and Auto Components,3018.9,2996.4,3007.6079198044986,2975.0,0.08686548665205097,2.2908571142637086,-0.2995044581836387,-1.9154065736149286,-1.0841812055947162,-1.1285560847449636,1.9154065736149286,0.2995044581836387,1.0841812055947162,1.039567806579238,-1.4541720494219779,1.4541720494219779
TIINDIA,2026-07-08,2026-07,2026-07-07,GOLD,317.0,23.941,5.9853,-0.773797611900473,-0.0336021505376371,2.2980454939630475,normal,risk_on,Automobile and Auto Components,2980.0,2974.0,2976.996976822304,2909.0,0.08925155914654391,4.004034969737721,0.7726921913857545,-3.2313427783519666,-2.2840794717529467,-2.328110908822065,3.2313427783519666,-0.7726921913857545,2.2840794717529467,2.239545537200043,-2.38255033557047,2.38255033557047
TIINDIA,2026-07-09,2026-07,2026-07-08,ENTERPRISE-Dryup,338.0,23.719,5.9298,-2.21848739495798,-2.9751184043759538,4.006722689075624,normal,risk_off,Automobile and Auto Components,2930.1,2921.3,2925.69338278019,2918.1,0.07805949114710012,1.7773564484254367,0.8991583798440197,-0.8781980685814169,-0.2595413048025661,-0.3041522173330577,0.8781980685814169,-0.8991583798440197,0.2595413048025661,0.21487329318501797,-0.4095423364390294,0.4095423364390294
TIINDIA,2026-07-10,2026-07,2026-07-09,ENTERPRISE-Dryup,364.0,18.557,6.1858,0.3128222756961119,-1.9126050420168128,1.78755586112066,normal,neutral,Automobile and Auto Components,2919.4,2930.1,2924.740213693478,2963.0,0.054501645180011965,1.6411714030280897,1.3765252078809564,-0.26464619514713333,1.3081430660881193,1.2630834415308851,0.26464619514713333,-1.3765252078809564,-1.3081430660881193,-1.352914899170814,1.493457559772553,-1.493457559772553
TITAN,2026-07-01,2026-07,2026-06-30,STANDARD,109.0,59.668,9.9447,2.8767441860465093,3.116550116550121,3.567441860465108,normal,risk_on,Consumer Durables,4469.0,4489.4,4479.176772637971,4395.0,0.08689115430266948,2.5540407491581267,0.5653544981015537,-1.988686251056573,-1.879291149038444,-1.9234384470500194,1.988686251056573,-0.5653544981015537,1.879291149038444,1.8347304069740802,-1.65585142089953,1.65585142089953
TITAN,2026-07-02,2026-07,2026-07-01,GOLD-baseline,447.0,0.0,0.0,-0.6487781721183583,2.209302325581386,2.5860704839839874,normal,risk_on,Consumer Durables,4404.0,4410.9,4407.4472994588705,4479.0,0.07271380237272076,2.5842623237714912,2.0318496049203914,-0.5524127188510997,1.623449940057468,1.5783000664749252,0.5524127188510997,-2.0318496049203914,-1.623449940057468,-1.6682426546531983,1.7029972752043598,-1.7029972752043598
TITAN,2026-07-03,2026-07,2026-07-02,GOLD,84.0,77.79,11.1128,1.9112627986348047,1.2500847706671037,2.591581342434577,normal,risk_on,Consumer Durables,4495.0,4485.8,4490.395287724925,4468.9,0.05777155261384321,1.262695071745612,0.3853716914940568,-0.8773233802515551,-0.4786947773547991,-0.5232429624634559,0.8773233802515551,-0.3853716914940568,0.4786947773547991,0.4340412793951242,-0.5806451612903307,0.5806451612903307
TITAN,2026-07-06,2026-07,2026-07-03,GOLD,102.0,44.361,11.0903,-0.2254967626702519,1.6814562002275268,1.2659075686537131,normal,risk_on,Consumer Durables,4450.0,4470.3,4460.126901561606,4488.0,0.053955728073202806,0.9080459120080171,0.6809917993086552,-0.20014904863986915,0.6249395825180368,0.580075508561091,0.20014904863986915,-0.6809917993086552,-0.6249395825180368,-0.6696661697668287,0.853932584269663,-0.853932584269663
TITAN,2026-07-07,2026-07,2026-07-06,ENTERPRISE-Dryup,27.0,34.403,11.4676,0.4273982411779231,0.2009377093101116,0.9062632862673142,normal,risk_on,Consumer Durables,4550.0,4530.7,4540.32949001729,4591.2,0.10297002492257298,3.323547340160659,2.545421213081828,-0.778126127078831,1.1204145006338853,1.0754086088730268,0.778126127078831,-2.545421213081828,-1.1204145006338853,-1.1651739012046043,0.9054945054945016,-0.9054945054945016
TITAN,2026-07-08,2026-07,2026-07-07,STANDARD,419.0,0.0,0.0,2.299465240641707,2.7366913558146244,3.3622994652406333,normal,risk_on,Consumer Durables,4590.4,4580.2,4585.294327524916,4588.0,0.06378335244534726,1.4895445116795296,0.9749793422577359,-0.5145651694217936,0.05900760740356202,0.014305517892125329,0.5145651694217936,-0.9749793422577359,-0.05900760740356202,-0.10369671524136992,-0.0522830254443978,0.0522830254443978
TITAN,2026-07-09,2026-07,2026-07-08,GOLD-baseline,429.0,0.0,0.0,-0.0696985537550043,2.2281639928698693,1.4876285067084898,normal,risk_off,Consumer Durables,4614.8,4623.6,4619.19580879806,4552.0,0.08807072247503178,2.894443222028929,1.3120074080104769,-1.582435814018452,-1.4547079530613118,-1.498976777822739,1.582435814018452,-1.3120074080104769,1.4547079530613118,1.4101190925502112,-1.360839039611688,1.360839039611688
TITAN,2026-07-10,2026-07,2026-07-09,GOLD-baseline,442.0,0.0,0.0,-0.7846556233653046,-0.8538072834988641,2.914123801220572,normal,neutral,Consumer Durables,4578.6,4578.6,4578.6,4580.2,0.05142619480898881,0.9194950421526309,0.5285458437076795,-0.3909491984449514,0.034945179749256414,-0.009750022469762497,0.3909491984449514,-0.5285458437076795,-0.034945179749256414,-0.0796326940287305,0.034945179749256414,-0.034945179749256414
TMPV,2026-07-01,2026-07,2026-06-30,GOLD-baseline,270.0,134.01,7.445,1.7218926349298114,-0.2978300950219892,3.791057734047161,normal,risk_on,Automobile and Auto Components,353.5,351.25,352.3714083008159,347.9,0.09820799710867209,2.2987109082031805,0.6324553146722908,-1.6662555935308898,-1.26894753532294,-1.3132695295456946,1.6662555935308898,-0.6324553146722908,1.26894753532294,1.2243463726424144,-1.5841584158415905,1.5841584158415905
TMPV,2026-07-02,2026-07,2026-07-01,GOLD,380.0,47.514,5.9393,-1.0241820768136622,0.6800752423672396,2.304409672830732,normal,risk_on,Automobile and Auto Components,351.15,348.85,349.9962214285714,346.35,0.056710096159469675,1.7857335643480725,0.029651340521628933,-1.4275072479864046,-1.0417887980872145,-1.0861758110466933,1.4275072479864046,-0.029651340521628933,1.0417887980872145,0.9971725915921565,-1.3669372063220717,1.3669372063220717
TMPV,2026-07-03,2026-07,2026-07-02,GOLD,411.0,35.965,5.9942,-0.445530324805965,-1.4651493598861975,1.796493245185398,normal,risk_on,Automobile and Auto Components,346.5,342.25,344.361887477314,344.6,0.06435669839230435,1.902068793960689,0.92580295282998,-0.9181874046738975,0.0691460150919646,0.02444102370464888,0.9181874046738975,-0.92580295282998,-0.0691460150919646,-0.11383579435596007,-0.5483405483405418,0.5483405483405418
TMPV,2026-07-06,2026-07,2026-07-03,ENTERPRISE-Dryup,369.0,48.235,6.8908,-0.5052692363216371,-0.9485484334578742,1.891150570232427,normal,risk_on,Automobile and Auto Components,345.5,343.75,344.6227783822996,347.3,0.06804498685341556,2.0457150374950532,1.1685883436389886,-0.8771266938560648,0.776855676884624,0.731948120591652,0.8771266938560648,-1.1685883436389886,-0.776855676884624,-0.8215923249286814,0.5209840810419715,-0.5209840810419715
TMPV,2026-07-07,2026-07,2026-07-06,ENTERPRISE-Dryup,130.0,152.602,9.5376,0.783517121300048,0.2742890140031706,2.045850261172361,normal,risk_on,Automobile and Auto Components,348.8,347.95,348.37448152134914,341.95,0.05021746941384694,2.0380367611870907,-0.10749395871757908,-1.915892774982178,-1.8441309171939004,-1.8882882789779958,1.915892774982178,0.10749395871757908,1.8441309171939004,1.7995678466080225,-1.9638761467889974,1.9638761467889974
TMPV,2026-07-08,2026-07,2026-07-07,ENTERPRISE-Dryup,294.0,25.084,6.2709,-1.5404549380938717,-0.769007544979694,2.044342067376914,normal,risk_on,Automobile and Auto Components,340.95,340.6,340.77491013131834,332.5,0.07084281876208269,3.125230081022097,0.1834318930465748,-2.9417981879755217,-2.428262728652641,-2.4722528967248696,2.9417981879755217,-0.1834318930465748,2.428262728652641,2.383738342780109,-2.4783692623551805,2.4783692623551805
TMPV,2026-07-09,2026-07,2026-07-08,ENTERPRISE-Dryup,233.0,62.718,6.9687,-2.763561924257929,-4.261445436222289,3.1144904225763934,normal,risk_off,Automobile and Auto Components,332.9,333.5,333.19972989195674,332.0,0.05801957085477495,1.3805533400317034,0.2251712833880554,-0.9603038672913329,-0.36006328466885607,-0.40464542519513846,0.9603038672913329,-0.2251712833880554,0.36006328466885607,0.31540193021994656,-0.27035145689395534,0.27035145689395534
TMPV,2026-07-10,2026-07,2026-07-09,ENTERPRISE-Dryup,353.0,38.706,6.451,-0.1503759398496229,-2.909782131890626,1.3834586466165482,normal,neutral,Automobile and Auto Components,334.55,334.65,334.5999925283921,337.6,0.09306814523400468,1.9725045270107076,1.6885856538471071,-0.2540324409361586,0.8965951998200902,0.8516533709624264,0.2540324409361586,-1.6885856538471071,-0.8965951998200902,-0.9413397777337935,0.9116723957554957,-0.9116723957554957
TORNTPHARM,2026-07-01,2026-07,2026-06-30,GOLD-baseline,312.0,13.553,6.7766,0.1615891756797438,2.8563210761537894,2.148058775369497,normal,risk_on,Healthcare,4646.9,4674.0,4660.41060412621,4643.7,0.07070101032025188,2.259457565965759,0.4096075967402627,-1.8477042355446092,-0.35856506101448027,-0.40314763037132634,1.8477042355446092,-0.4096075967402627,0.35856506101448027,0.313903607344211,-0.0688631130431001,0.0688631130431001
TORNTPHARM,2026-07-02,2026-07,2026-07-01,GOLD,339.0,13.553,6.7766,-0.111854417173951,0.0495540138751193,2.265051947772595,normal,risk_on,Healthcare,4672.0,4643.1,4657.505169026635,4662.4,0.06980878479406188,1.1637131475546383,0.3756266571577771,-0.788086490396861,0.10509555643473444,0.06038027535399835,0.788086490396861,-0.3756266571577771,-0.10509555643473444,-0.1497877164930549,-0.2054794520548023,0.2054794520548023
TORNTPHARM,2026-07-03,2026-07,2026-07-02,ENTERPRISE-Dryup,379.0,13.553,6.7766,0.4026961259340655,0.2903912753554616,1.167172728643104,normal,risk_on,Healthcare,4680.0,4709.0,4694.455213547769,4770.0,0.07026479312237775,2.194077806999871,1.886156804663915,0.01586523714363271,1.6092343630037371,1.564088558288952,-0.01586523714363271,-1.886156804663915,-1.6092343630037371,-1.6540261361586615,1.9230769230769231,-1.9230769230769231
TORNTPHARM,2026-07-06,2026-07,2026-07-03,STANDARD,225.0,94.437,8.5852,2.307824296499672,2.719813941469096,2.209162663006177,normal,risk_on,Healthcare,4770.1,4793.6,4781.821127806184,4818.0,0.05788324184730818,1.7482878962968167,0.938530969568178,-0.8097569267286386,0.7565919181593014,0.7116901618809344,0.8097569267286386,-0.938530969568178,-0.7565919181593014,-0.8013272242156734,1.0041718202972607,-1.0041718202972607
TORNTPHARM,2026-07-07,2026-07,2026-07-06,ENTERPRISE-Dryup,146.0,45.96,9.1921,1.0062893081761004,3.337336993822926,1.7526205450733638,normal,risk_on,Healthcare,4854.8,4860.2,4857.498499227998,4852.6,0.06801859649831601,1.2434383666736903,0.4405868735811884,-0.4734638462915224,-0.10084407084790677,-0.14550040665288425,0.4734638462915224,-0.4405868735811884,0.10084407084790677,0.05616554934734274,-0.04531597594133266,0.04531597594133266
TORNTPHARM,2026-07-08,2026-07,2026-07-07,ENTERPRISE-Dryup,79.0,28.463,9.4876,0.718140307181403,1.7316561844863854,1.2536322125363146,normal,risk_on,Healthcare,4850.0,4875.9,4862.915514245467,4880.1,0.08935169937236963,2.5272904626859196,1.7496599623268252,-0.32933975921547054,0.3533782502326549,0.3085919041896038,0.32933975921547054,-1.7496599623268252,-0.3533782502326549,-0.39808685306065483,0.6206185567010384,-0.6206185567010384
TORNTPHARM,2026-07-09,2026-07,2026-07-08,GOLD-baseline,23.0,9.959,9.9585,0.5667065078514666,1.288916562889164,2.532662902361613,normal,risk_off,Healthcare,4852.0,4870.1,4861.033151273902,4889.0,0.08141493298143583,1.8596869674980316,1.5710003686373641,-0.0006819800003515993,0.5753272577202799,0.5304773841006117,0.0006819800003515993,-1.5710003686373641,-0.5753272577202799,-0.6200505593432497,0.7625721352019786,-0.7625721352019786
TORNTPHARM,2026-07-10,2026-07,2026-07-09,GOLD-baseline,91.0,9.959,9.9585,0.1823733120222881,0.7501133413015726,1.8524210569455468,normal,neutral,Healthcare,4866.0,4801.8,4833.686836715696,4890.0,0.07955119217302292,2.7142842395877094,1.578777563838953,-1.0465476648476308,1.1650147224383869,1.1199960649344423,1.0465476648476308,-1.578777563838953,-1.1650147224383869,-1.209777076703395,0.4932182490752158,-0.4932182490752158
TRENT,2026-07-01,2026-07,2026-06-30,GOLD,158.0,357.065,8.9266,0.1408666360434907,1.732827277252369,1.6107793599754987,normal,risk_on,Consumer Services,3285.0,3268.5,3276.7292286564434,3288.7,0.056698823202371344,1.0284645952823457,0.6094727379028818,-0.4189918573794639,0.3653268399130062,0.32053707387292524,0.4189918573794639,-0.6094727379028818,-0.3653268399130062,-0.41003623404830625,0.11263318112632627,-0.11263318112632627
TRENT,2026-07-02,2026-07,2026-07-01,ENTERPRISE-Dryup,64.0,444.953,10.5941,0.5687899452616163,0.7104578165671338,1.030549524479368,normal,risk_on,Consumer Services,3290.5,3280.4,3285.4422377452097,3317.2,0.07971982466972591,2.4319404883171907,1.8097339095389515,-0.6222065787782393,0.9666206238520082,0.9216587518973255,0.6222065787782393,-1.8097339095389515,-0.9666206238520082,-1.0113698392694435,0.8114268348275283,-0.8114268348275283
TRENT,2026-07-03,2026-07,2026-07-02,ENTERPRISE-Dryup,103.0,499.486,10.8584,0.8666038252197028,1.4403229259044137,2.429531425791349,normal,risk_on,Consumer Services,3374.0,3327.7,3350.690063715176,3333.0,0.09321087971406854,2.37861450878659,1.462681876057568,-0.9159326327290221,-0.5279528508692263,-0.5724869370365334,0.9159326327290221,-1.462681876057568,0.5279528508692263,0.48330261507472794,-1.215174866627149,1.215174866627149
TRENT,2026-07-06,2026-07,2026-07-03,ENTERPRISE-Dryup,389.0,45.425,6.4893,0.4763053177378573,1.3470368230607876,2.4026287230194088,extended_move,risk_on,Consumer Services,3341.0,3345.2,3343.098680865065,3340.1,0.06666002221081535,1.0439416640542993,0.6551203307366251,-0.38882133331767427,-0.08969764734223108,-0.13435717354342291,0.38882133331767427,-0.6551203307366251,0.08969764734223108,0.04501838765862397,-0.02693804250224756,0.02693804250224756
TRENT,2026-07-07,2026-07,2026-07-06,ENTERPRISE-Dryup,353.0,11.47,5.735,0.2130213021302118,0.6903412516580332,1.0471047104710498,extended_move,risk_on,Consumer Services,3080.0,3028.5,3054.0329049684865,2920.5,0.10719286315767516,5.23897433258503,0.3394559048348097,-4.388718430323184,-4.372346635533855,-4.415780356245753,4.388718430323184,-0.3394559048348097,4.372346635533855,4.32795099856214,-5.178571428571429,5.178571428571429
TRENT,2026-07-08,2026-07,2026-07-07,GOLD-baseline,121.0,206.962,8.6234,-12.562498128798538,-12.376237623762377,4.790275740247298,gap,risk_on,Consumer Services,2921.0,2924.6,2922.7988914739294,2923.0,0.11024933622259792,3.164774705157817,2.124713701898042,-1.0400610032597746,0.0068806829870243875,-0.037806486443344264,1.0400610032597746,-2.124713701898042,-0.0068806829870243875,-0.05156633866713588,0.06846970215679561,-0.06846970215679561
TRENT,2026-07-09,2026-07,2026-07-08,GOLD-baseline,72.0,216.615,8.6646,0.0856017805170417,-12.48765007035717,3.167265879130285,normal,risk_off,Consumer Services,2945.0,2943.0,2943.9996603260875,2904.0,0.07523845196532487,2.2995926566275875,0.506125726667449,-1.6474071304993108,-1.3586842710999822,-1.4029805803358024,1.6474071304993108,-0.506125726667449,1.3586842710999822,1.31408905132452,-1.3921901528013583,1.3921901528013583
TRENT,2026-07-10,2026-07,2026-07-09,GOLD,184.0,207.265,8.2906,-0.6500171057133075,-0.5649717514124242,2.3161135819363605,normal,neutral,Consumer Services,2934.0,2924.2,2929.0918029428835,2903.1,0.05460391203407689,1.4304775274678094,0.18805136293721636,-1.1024510365444846,-0.8873673032975421,-0.9317985157037885,1.1024510365444846,-0.18805136293721636,0.8873673032975421,0.8427408700845703,-1.0531697341513324,1.0531697341513324
TVSMOTOR,2026-07-01,2026-07,2026-06-30,GOLD-baseline,440.0,0.0,0.0,-0.2126986864419033,-2.968221582492536,2.3224397114196256,normal,risk_on,Automobile and Auto Components,3484.0,3476.4,3480.1958508131715,3493.9,0.06903979230537882,1.3102710868799283,0.8276588566157324,-0.48261223026419586,0.39377522916207364,0.3489773204533315,0.48261223026419586,-0.8276588566157324,-0.39377522916207364,-0.4384865073204001,0.28415614236510023,-0.28415614236510023
TVSMOTOR,2026-07-02,2026-07,2026-07-01,GOLD,470.0,0.0,0.0,0.6394561742086191,0.4253973728838067,1.3134775470230695,normal,risk_on,Automobile and Auto Components,3586.0,3587.8,3586.8997741782596,3624.0,0.0843831383322576,2.9942291884808765,1.3242696705296868,-1.6699595179511897,1.0343256895222253,0.989344438617416,1.6699595179511897,-1.3242696705296868,-1.0343256895222253,-1.0790793887753396,1.059676519799219,-1.059676519799219
TVSMOTOR,2026-07-03,2026-07,2026-07-02,STANDARD,226.0,88.995,8.8995,3.723632616846495,4.386899789728371,3.073928847419791,normal,risk_on,Automobile and Auto Components,3674.9,3630.7,3652.666291611914,3625.0,0.06224858059838485,1.9684250971711619,-0.04561850108619195,-1.3597270499626266,-0.7574272983942607,-0.8018957030083506,1.3597270499626266,0.04561850108619195,0.7574272983942607,0.7127922597745242,-1.3578600778252494,1.3578600778252494
TVSMOTOR,2026-07-06,2026-07,2026-07-03,ENTERPRISE-Dryup,173.0,151.816,9.4885,0.0275938189845392,3.752253928274985,1.983995584988965,normal,risk_on,Automobile and Auto Components,3627.4,3632.9,3630.147916752751,3702.0,0.07663103065691836,3.250556250213453,2.943463619048082,-0.23271549662659338,1.9793155787305325,1.934063847149695,0.23271549662659338,-2.943463619048082,-1.9793155787305325,-2.0241318608840495,2.0565694436786655,-2.0565694436786655
TVSMOTOR,2026-07-07,2026-07,2026-07-06,STANDARD,416.0,0.0,0.0,2.1241379310344755,2.1523178807947074,3.2551724137931037,normal,risk_on,Automobile and Auto Components,3727.0,3712.7,3719.8362568383127,3710.0,0.08148357319846102,1.9463222303644279,1.482961597040132,-0.425724568096252,-0.26442714569036035,-0.309036659766158,0.425724568096252,-1.482961597040132,0.26442714569036035,0.21975945764251084,-0.45613093640998126,0.45613093640998126
TVSMOTOR,2026-07-08,2026-07,2026-07-07,ENTERPRISE-Dryup,237.0,7.172,7.1719,0.2160994057266441,2.344827586206888,1.9556996218260423,normal,risk_on,Automobile and Auto Components,3666.0,3671.7,3668.8477860910093,3650.0,0.1023929127176082,3.897681461251354,2.6943667241729057,-1.203314737078448,-0.513724940087819,-0.5582630986531174,1.203314737078448,-2.6943667241729057,0.513724940087819,0.4690737620357012,-0.436442989634479,0.436442989634479
TVSMOTOR,2026-07-09,2026-07,2026-07-08,ENTERPRISE-Dryup,348.0,5.812,5.8119,-1.6172506738544423,-1.40464613722312,3.8544474393531,normal,risk_off,Automobile and Auto Components,3657.0,3677.6,3667.2710713604006,3630.0,0.07856333219641107,2.219634120741562,0.8624649780215601,-1.357169142720002,-1.0163162372007208,-1.0607105410694118,1.357169142720002,-0.8624649780215601,1.0163162372007208,0.9716983437598457,-0.7383100902378998,0.7383100902378998
TVSMOTOR,2026-07-10,2026-07,2026-07-09,ENTERPRISE-Dryup,449.0,0.0,0.0,-0.5479452054794498,-2.156334231805934,2.2301369863013725,normal,neutral,Automobile and Auto Components,3644.1,3651.6,3647.8461449895144,3630.0,0.061475328121664785,1.6283581499616901,0.3962298418297824,-1.075871717984074,-0.48922416900797533,-0.5337693403309769,1.075871717984074,-0.3962298418297824,0.48922416900797533,0.44457136836779204,-0.3869268132049041,0.3869268132049041
ULTRACEMCO,2026-07-01,2026-07,2026-06-30,GOLD,438.0,0.0,0.0,-0.387870239774335,-1.353120907900485,1.3928067700987306,normal,risk_on,Construction Materials,11300.0,11306.0,11302.999203751218,11460.0,0.058492391857685025,1.6544281445046796,1.6101991424398183,-0.044229002064861224,1.3890189092172676,1.3439361358909578,0.044229002064861224,-1.6101991424398183,-1.3890189092172676,-1.4337960983835494,1.415929203539823,-1.415929203539823
ULTRACEMCO,2026-07-02,2026-07,2026-07-01,ENTERPRISE-Dryup,448.0,0.0,0.0,1.415929203539834,1.0225669957686812,1.6548672566371685,normal,risk_on,Construction Materials,11531.0,11475.0,11502.931843866818,11550.0,0.04610339208521837,1.0866794804721722,0.5656658408167083,-0.5210136396554639,0.40918399562871555,0.3643816765303827,0.5210136396554639,-0.5656658408167083,-0.40918399562871555,-0.45389629424801003,0.1647732200156101,-0.1647732200156101
ULTRACEMCO,2026-07-03,2026-07,2026-07-02,ENTERPRISE-Dryup,186.0,38.149,9.5372,0.7853403141361293,2.212389380530966,1.0907504363001743,normal,risk_on,Construction Materials,11577.0,11599.0,11587.989558163617,11733.0,0.06000690164572271,1.4411473117211282,1.3463115500175342,0.09501597996026719,1.2513856791856035,1.206342300068193,-0.09501597996026719,-1.3463115500175342,-1.2513856791856035,-1.2961537534535932,1.347499352163773,-1.347499352163773
ULTRACEMCO,2026-07-06,2026-07,2026-07-03,ENTERPRISE-Dryup,169.0,47.829,9.5659,1.5844155844155772,2.3821989528795884,1.445887445887446,normal,risk_on,Construction Materials,11723.0,11722.0,11722.49997867349,11673.0,0.04761127891061452,1.0492642373535632,0.2431223832660249,-0.8061418540875384,-0.4222646940801371,-0.46682903094580935,0.8061418540875384,-0.2431223832660249,0.4222646940801371,0.3776074589817673,-0.42651198498677817,0.42651198498677817
ULTRACEMCO,2026-07-07,2026-07,2026-07-06,ENTERPRISE-Dryup,421.0,0.0,0.0,-0.5113781641523873,1.0649350649350575,1.048325236512401,normal,risk_on,Construction Materials,11655.0,11695.0,11674.96573875803,11620.0,0.05023879046252379,1.216277659201986,0.6426936311502359,-0.57358402805175,-0.470800000513554,-0.515350445312607,0.57358402805175,-0.6426936311502359,0.470800000513554,0.426145979714388,-0.3003003003003003,0.3003003003003003
ULTRACEMCO,2026-07-08,2026-07,2026-07-07,ENTERPRISE-Dryup,422.0,0.0,0.0,-0.4540392358433953,-0.9630955424870024,1.216482480938919,normal,risk_on,Construction Materials,11556.0,11580.0,11567.987551867218,11371.0,0.06656126678717668,2.6970983379873994,0.2767330790187,-2.4203652589686997,-1.7028679446964106,-1.7470657396160718,2.4203652589686997,-0.2767330790187,1.7028679446964106,1.6582955188289161,-1.6008999653859466,1.6008999653859466
ULTRACEMCO,2026-07-09,2026-07,2026-07-08,ENTERPRISE-Dryup,427.0,0.0,0.0,-2.1428571428571463,-2.5871669665038954,2.685025817555938,normal,risk_off,Construction Materials,11358.0,11419.0,11388.41831672301,11610.0,0.07379991478362308,2.2127743554164807,1.9456756602592922,0.15438213444595067,1.9456756602592922,1.9004335572977589,-0.15438213444595067,-1.9456756602592922,-1.9456756602592922,-1.9904897145755684,2.218700475435816,-2.218700475435816
ULTRACEMCO,2026-07-10,2026-07,2026-07-09,STANDARD,443.0,0.0,0.0,2.101838008970192,-0.0860585197934638,2.216163925776097,normal,neutral,Construction Materials,11584.0,11659.0,11621.3789958267,11706.0,0.05416182312743028,1.2132811437492388,0.8916412089349306,-0.054890179805610284,0.7281494236070191,0.6832558083100977,0.054890179805610284,-0.8916412089349306,-0.7281494236070191,-0.7728828460307469,1.0531767955801106,-1.0531767955801106
UNIONBANK,2026-07-01,2026-07,2026-06-30,GOLD,474.0,0.0,0.0,-1.3159400389060605,-1.298998569384846,2.231376587710268,normal,risk_on,Financial Services,167.8,167.23,167.51451511804913,169.87,0.0718538113299589,2.298308297216447,1.5494089453214352,-0.7488993518950118,1.406137778741704,1.3610501055498458,0.7488993518950118,-1.5494089453214352,-1.406137778741704,-1.450916101622239,1.2336114421930828,-1.2336114421930828
UNIONBANK,2026-07-02,2026-07,2026-07-01,GOLD,370.0,18.429,6.1431,1.397263450834885,0.0629362627302843,2.2959183673469434,normal,risk_on,Financial Services,169.98,170.46,170.2196616143814,169.39,0.08052069459577595,1.8153014585354676,0.1529426055424529,-1.5037402789462206,-0.48740645264643506,-0.5319521442471199,1.5037402789462206,-0.1529426055424529,0.48740645264643506,0.44275353162616804,-0.34709965878338833,0.34709965878338833
UNIONBANK,2026-07-03,2026-07,2026-07-02,GOLD-baseline,477.0,0.0,0.0,-0.2858939905083235,1.1073747680890422,1.8182857796329,normal,risk_on,Financial Services,168.79,165.29,167.02166606800765,163.09,0.09200440589194375,4.3048307260163385,-0.9888933016241854,-3.246085490369894,-2.353985659804611,-2.3979970879051478,3.246085490369894,0.9888933016241854,2.353985659804611,2.3094563548589173,-3.376977309082285,3.376977309082285
UNIONBANK,2026-07-06,2026-07,2026-07-03,GOLD-baseline,413.0,24.071,6.0177,-6.4797293422787945,-6.747098175996335,4.122942829290669,normal,risk_on,Financial Services,163.2,163.55,163.37481254781943,161.37,0.06714090998592777,1.8240265763902566,0.22964828318976796,-1.5943782932004884,-1.2271246201017814,-1.2714585851302682,1.5943782932004884,-0.22964828318976796,1.2271246201017814,1.1825206876568721,-1.121323529411755,1.121323529411755
UNIONBANK,2026-07-07,2026-07,2026-07-06,GOLD,473.0,0.0,0.0,-1.0546324115519037,-7.466024428006179,1.827211968851548,normal,risk_on,Financial Services,161.29,162.16,161.72382995826248,161.5,0.07019273469853891,1.4963781160912197,0.6654369006814045,-0.8309412154098152,-0.1384025831692525,-0.1830481687514823,0.8309412154098152,-0.6654369006814045,0.1384025831692525,0.09372654901872546,0.13020026040052576,-0.13020026040052576
UNIONBANK,2026-07-08,2026-07,2026-07-07,GOLD,473.0,0.0,0.0,0.0805602032595942,-0.9749218223067068,1.499659168370835,normal,risk_on,Financial Services,160.2,159.76,159.97969746218274,154.35,0.07664996855032515,4.369304424802004,0.16896052568242576,-4.050324863074868,-3.5190074437498797,-3.562685412325285,4.050324863074868,-0.16896052568242576,3.5190074437498797,3.4745552935368496,-3.6516853932584232,3.6516853932584232
UNIONBANK,2026-07-09,2026-07,2026-07-08,GOLD,136.0,23.32,7.7734,-4.427244582043343,-4.350250976017856,4.328173374613009,normal,risk_off,Financial Services,154.74,154.94,154.83993541720486,157.73,0.08648632051883351,2.3572730059369684,2.1054417092148308,-0.025791419440496195,1.8664852675171082,1.8212658309049279,0.025791419440496195,-2.1054417092148308,-1.8664852675171082,-1.9112940773704348,1.9322734910171775,-1.9322734910171775
UNIONBANK,2026-07-10,2026-07,2026-07-09,STANDARD,124.0,18.454,9.2272,2.1898283122772977,-2.3343653250774032,2.3647554259799195,normal,neutral,Financial Services,157.8,159.32,158.5563572149344,164.69,0.11268484448669969,4.982455537428244,4.379290056249845,-0.035543964256190524,3.86843069101986,3.822638245576892,0.035543964256190524,-4.379290056249845,-3.86843069101986,-3.9133720817108033,4.366286438529776,-4.366286438529776
UNITDSPR,2026-07-01,2026-07,2026-06-30,GOLD,473.0,0.0,0.0,0.0812407680945259,-2.2223825672848085,2.518463810930569,normal,risk_on,Fast Moving Consumer Goods,1352.0,1358.3,1355.1426779323322,1351.0,0.07706272032653062,1.7046175562300006,1.3767791666140285,-0.32783838961597206,-0.305700499275326,-0.3502981998442204,0.32783838961597206,-1.3767791666140285,0.305700499275326,0.261035544596591,-0.07396449704142012,0.07396449704142012
UNITDSPR,2026-07-02,2026-07,2026-07-01,GOLD,475.0,0.0,0.0,-0.3025606966275518,-0.2215657311669172,1.7046712419747554,normal,risk_on,Fast Moving Consumer Goods,1359.8,1355.0,1357.3957565934875,1374.0,0.06531679555012589,2.1880133229924774,1.8126064772929003,-0.3754068456995772,1.2232426192477894,1.1782072954058527,0.3754068456995772,-1.8126064772929003,-1.2232426192477894,-1.2680088297134917,1.0442712163553498,-1.0442712163553498
UNITDSPR,2026-07-03,2026-07,2026-07-02,ENTERPRISE-Dryup,236.0,26.172,8.7238,1.7024426350851218,1.394731016161166,2.198371576609922,normal,risk_on,Fast Moving Consumer Goods,1375.0,1381.9,1378.441365301607,1390.0,0.06700901001251779,2.16186199501345,1.4914406383832453,-0.6704213566302045,0.83852929760737,0.793604088720633,0.6704213566302045,-1.4914406383832453,-0.83852929760737,-0.8832700300486334,1.090909090909091,-1.090909090909091
UNITDSPR,2026-07-06,2026-07,2026-07-03,ENTERPRISE-Dryup,185.0,18.504,9.2522,1.1644832605531397,2.886750555144335,2.1688500727802005,normal,risk_on,Fast Moving Consumer Goods,1393.3,1398.7,1395.9947779369627,1427.7,0.08271666136759945,2.8438501796310254,2.614997035804509,-0.2288531438265165,2.27115620804056,2.225820944083757,0.2288531438265165,-2.614997035804509,-2.27115620804056,-2.3159918176315935,2.468958587526024,-2.468958587526024
UNITDSPR,2026-07-07,2026-07,2026-07-06,STANDARD,128.0,38.293,9.5733,2.712230215827338,3.908296943231449,2.8561151079136726,normal,risk_on,Fast Moving Consumer Goods,1435.0,1430.4,1432.6963076708314,1441.0,0.06555176396562065,1.249392484936361,0.5795849605188212,-0.6698075244175397,0.5795849605188212,0.5347338682339118,0.6698075244175397,-0.5795849605188212,-0.5795849605188212,-0.6243085441124165,0.4181184668989547,-0.4181184668989547
UNITDSPR,2026-07-08,2026-07,2026-07-07,GOLD,58.0,50.157,10.0314,0.9315682566365392,3.669064748201434,1.2537647965258871,breakout,risk_on,Fast Moving Consumer Goods,1427.0,1418.6,1422.7876019117232,1421.6,0.09333197767804843,2.0523091402234304,-0.08347007734166086,-1.7562425957429442,-0.08347007734166086,-0.12813138603530366,1.7562425957429442,0.08347007734166086,0.08347007734166086,0.038790405231002884,-0.37841625788367844,0.37841625788367844
UNITDSPR,2026-07-09,2026-07,2026-07-08,GOLD-baseline,478.0,0.0,0.0,-1.3462873004857825,-0.4272606289836944,2.0263705759889,normal,risk_off,Fast Moving Consumer Goods,1409.0,1405.8,1407.398181043058,1381.5,0.06644556159088924,2.955808850709833,0.8953982694224085,-2.0604105812874245,-1.8401459794316497,-1.8843044818085408,2.0604105812874245,-0.8953982694224085,1.8401459794316497,1.7955826449392835,-1.9517388218594747,1.9517388218594747
UNITDSPR,2026-07-10,2026-07,2026-07-09,GOLD,476.0,0.0,0.0,-2.8207653348339856,-4.1290770298403885,2.9262802476083225,normal,neutral,Fast Moving Consumer Goods,1384.9,1387.6,1386.2486853020741,1385.1,0.05182251711246772,1.1614077741391398,0.40045590353192256,-0.7609518706072174,-0.08286285961915413,-0.12752434211429675,0.7609518706072174,-0.40045590353192256,0.08286285961915413,0.03818314729489527,0.01444147591882577,-0.01444147591882577
UNOMINDA,2026-07-01,2026-07,2026-06-30,GOLD,357.0,35.107,5.8512,-0.1004474477216632,-3.781882145998239,3.7165555657017664,normal,risk_on,Automobile and Auto Components,1092.0,1090.0,1090.999083409716,1086.0,0.09139078569824481,2.4289662936451926,1.0724955472661877,-1.356470746379005,-0.4582115132573908,-0.5027655612087972,1.356470746379005,-1.0724955472661877,0.4582115132573908,0.4135566587730678,-0.5494505494505495,0.5494505494505495
UNOMINDA,2026-07-02,2026-07,2026-07-01,GOLD,377.0,36.245,6.0408,-0.7312614259597838,-0.830974340242896,2.422303473491773,normal,risk_on,Automobile and Auto Components,1092.1,1089.4,1090.7483291313317,1124.0,0.08265745367970509,3.208806198939941,3.0485190745283828,-0.16028712441155815,3.0485190745283828,3.0029613091077567,0.16028712441155815,-3.0485190745283828,-3.0485190745283828,-3.0934061657526124,2.9209779324237797,-2.9209779324237797
UNOMINDA,2026-07-03,2026-07,2026-07-02,STANDARD,61.0,333.176,11.4888,3.4990791896869267,2.7422303473491727,3.2228360957642725,normal,risk_on,Automobile and Auto Components,1135.0,1127.5,1131.2375690607737,1122.0,0.08786433495545566,2.4840051964796697,1.5966965236332147,-0.8873086728464548,-0.8165896636940124,-0.8610411345009319,0.8873086728464548,-1.5966965236332147,0.8165896636940124,0.7719585431610803,-1.145374449339207,1.145374449339207
UNOMINDA,2026-07-06,2026-07,2026-07-03,ENTERPRISE-Dryup,171.0,209.558,9.5254,-0.1779359430605032,3.3149171270718147,2.499999999999992,normal,risk_on,Automobile and Auto Components,1135.1,1134.5,1134.7999206908705,1137.9,0.12495461199839358,4.529432815672703,1.4628199215085755,-3.066612894164127,0.27318289793695344,0.22841950588880852,3.066612894164127,-1.4628199215085755,-0.27318289793695344,-0.31788618974755223,0.24667430182364392,-0.24667430182364392
UNOMINDA,2026-07-07,2026-07,2026-07-06,GOLD-baseline,89.0,192.38,10.1253,1.4171122994652396,1.236654804270465,4.581105169340471,normal,risk_on,Automobile and Auto Components,1137.0,1139.5,1138.2486272787173,1126.0,0.11185674051149405,3.2330370639655444,1.1202625169659275,-2.1127745469996166,-1.0760941840976244,-1.1204713779636868,2.1127745469996166,-1.1202625169659275,1.0760941840976244,1.0314802495110604,-0.9674582233948988,0.9674582233948988
UNOMINDA,2026-07-08,2026-07,2026-07-07,GOLD,141.0,58.797,8.3996,-1.045786097196599,0.3565062388591888,3.2340275946919723,normal,risk_on,Automobile and Auto Components,1122.5,1129.1,1125.790326878664,1139.0,0.1345204244152755,3.615238026857432,2.76336297964026,-0.8518750472171719,1.1733688597201546,1.1283478110449123,0.8518750472171719,-2.76336297964026,-1.1733688597201546,-1.2181317672462584,1.469933184855234,-1.469933184855234
UNOMINDA,2026-07-09,2026-07,2026-07-08,GOLD-baseline,62.0,123.12,8.7942,1.1545293072824148,0.0966693031021925,3.614564831261105,normal,risk_off,Automobile and Auto Components,1138.0,1144.3,1141.1413048240809,1157.0,0.10140547192031912,2.760394340896815,2.4413010955040186,-0.275277462203958,1.3897222989718987,1.344639324317153,0.275277462203958,-2.4413010955040186,-1.3897222989718987,-1.4344995347208704,1.6695957820738139,-1.6695957820738139
UNOMINDA,2026-07-10,2026-07,2026-07-09,GOLD,51.0,343.4,11.0774,1.5803336259877063,2.7531083481349805,2.76558384547849,normal,neutral,Automobile and Auto Components,1165.0,1160.2,1162.5950455874765,1163.0,0.09566362891702597,1.926724192143881,1.48847653172125,-0.43824766042263075,0.03483194032698089,-0.009863229479971133,0.43824766042263075,-1.48847653172125,-0.03483194032698089,-0.07951944710706099,-0.17167381974248927,0.17167381974248927
UPL,2026-07-01,2026-07,2026-06-30,GOLD-baseline,314.0,20.248,6.7492,-0.5048746518105829,-3.307672785720317,2.6114206128133706,normal,risk_on,Chemicals,575.0,574.0,574.4995648389905,566.0,0.06255234347310538,2.1584002423875126,-0.08695652173914718,-1.9755567338282283,-1.4794728071504484,-1.5237345435667489,1.9755567338282283,0.08695652173914718,1.4794728071504484,1.4348855867165746,-1.565217391304348,1.565217391304348
UPL,2026-07-02,2026-07,2026-07-01,GOLD,373.0,6.102,6.1022,-0.962379702537186,-1.4623955431754876,2.1697287839020083,normal,risk_on,Chemicals,567.5,568.85,568.1741980903771,589.0,0.08822468329845384,3.9600531097015814,3.841392654397016,0.11894273127753367,3.6653902939658347,3.619655963963554,-0.11894273127753367,-3.841392654397016,-3.6653902939658347,-3.7103182381034427,3.7885462555066076,-3.7885462555066076
UPL,2026-07-03,2026-07,2026-07-02,STANDARD,59.0,149.862,11.5279,4.063604240282692,3.062117235345574,3.975265017667844,normal,risk_on,Chemicals,592.95,595.95,594.446214988645,607.0,0.09463567138708597,3.398120719867951,3.104365802330404,0.2277388563035604,2.1118453940521413,2.0665557289923835,-0.2277388563035604,-3.104365802330404,-2.1118453940521413,-2.1566704531252077,2.3695083902521215,-2.3695083902521215
UPL,2026-07-06,2026-07,2026-07-03,STANDARD,69.0,493.301,12.0317,3.056027164685915,7.243816254416968,3.429541595925285,normal,risk_on,Chemicals,607.4,608.75,608.0742507092052,609.85,0.06937926705307677,1.414300965707679,0.9991788476010179,-0.3575633578743684,0.2920283647471877,0.24725957863645956,0.3575633578743684,-0.9991788476010179,-0.2920283647471877,-0.3367329046176714,0.40335857754363613,-0.40335857754363613
UPL,2026-07-07,2026-07,2026-07-06,GOLD,293.0,13.436,6.7181,0.469522240527187,3.5398981324278544,1.416803953871503,normal,risk_on,Chemicals,610.0,611.15,610.5744585022316,599.7,0.06856306205466259,2.579537971279622,0.5856028610399789,-1.993935110239643,-1.781020864991155,-1.825196290513052,1.993935110239643,-0.5856028610399789,1.781020864991155,1.7364536148789598,-1.688524590163927,1.688524590163927
UPL,2026-07-08,2026-07,2026-07-07,GOLD,425.0,0.0,0.0,-1.664343691071568,-1.2026359143327725,2.5826022792489955,normal,risk_on,Chemicals,597.0,595.4,596.1989265347199,581.0,0.08400246872812052,3.975183272762881,-0.1340033500837623,-3.47181546518845,-2.5493045791042386,-2.59326010185178,3.47181546518845,0.1340033500837623,2.5493045791042386,2.5047882093492944,-2.680067001675042,2.680067001675042
UPL,2026-07-09,2026-07,2026-07-08,GOLD-baseline,306.0,12.491,6.2453,-3.1182257795564494,-4.730671476592607,3.951975987994005,normal,risk_off,Chemicals,580.0,581.0,580.4995693367787,584.1,0.08362774369711393,1.550388747106653,1.2920648109680033,7.418837912574774e-05,0.620229687221791,0.5753669613593362,-7.418837912574774e-05,-1.2920648109680033,-0.620229687221791,-0.6649559625530569,0.7068965517241419,-0.7068965517241419
UPL,2026-07-10,2026-07,2026-07-09,GOLD-baseline,270.0,29.35,7.3376,0.5335628227194578,-2.6013006503251668,1.549053356282272,normal,neutral,Chemicals,585.0,590.05,587.5141483341134,593.5,0.0692987699684674,2.5190882708042195,2.091158434349684,0.4316239316239261,1.0188438325884328,0.9738670129936063,-0.4316239316239261,-2.091158434349684,-1.0188438325884328,-1.0635965065400899,1.452991452991453,-1.452991452991453
VBL,2026-07-01,2026-07,2026-06-30,ENTERPRISE-Dryup,98.0,120.436,10.0363,1.4412086273730251,0.5517241379310311,1.500844846436738,normal,risk_on,Fast Moving Consumer Goods,509.0,509.8,509.39968590498626,514.8,0.08626507175721093,3.1802139750477925,2.826918526545707,-0.35329544850208505,1.0601329848524819,1.0151443472287596,0.35329544850208505,-2.826918526545707,-1.0601329848524819,-1.1048883932195368,1.1394891944990087,-1.1394891944990087
VBL,2026-07-02,2026-07,2026-07-01,ENTERPRISE-Dryup,116.0,19.445,9.7223,0.8818342151675429,2.3357519133286875,3.174603174603161,normal,risk_on,Fast Moving Consumer Goods,515.05,513.5,514.2738320937242,511.75,0.06982665082934089,1.8375424550626998,0.7148269417693965,-1.122715513293303,-0.49075646790137234,-0.5353012006405908,1.122715513293303,-0.7148269417693965,0.49075646790137234,0.4461037687392156,-0.6407144937384632,0.6407144937384632
VBL,2026-07-03,2026-07,2026-07-02,ENTERPRISE-Dryup,421.0,5.812,5.8119,-0.5924630924630803,0.2841465804428678,1.8356643356643447,normal,risk_on,Fast Moving Consumer Goods,517.5,514.85,516.1715987794837,516.1,0.07400482186780259,1.8695333146608484,1.2066532206040927,-0.6628800940567559,-0.01387111953718075,-0.0585523492621201,0.6628800940567559,-1.2066532206040927,0.01387111953718075,-0.030813161834056774,-0.27053140096617917,0.27053140096617917
VBL,2026-07-06,2026-07,2026-07-03,ENTERPRISE-Dryup,59.0,24.823,12.4116,0.8500244259892487,0.2525252525252597,1.8856863702979925,normal,risk_on,Fast Moving Consumer Goods,510.0,510.65,510.32479302405335,493.4,0.11286963720707555,4.271789318880388,0.29886985637297564,-3.8847403251910864,-3.31647477359691,-3.3602107122883624,3.8847403251910864,-0.29886985637297564,3.31647477359691,3.2720092104552663,-3.2549019607843186,3.2549019607843186
VBL,2026-07-07,2026-07,2026-07-06,GOLD-baseline,477.0,0.0,0.0,-4.398372408447981,-3.5857352222765093,4.223987599302452,normal,risk_on,Fast Moving Consumer Goods,500.0,497.3,498.64634513185604,484.0,0.0869672442409911,4.060994369595817,-0.23991856022522368,-3.488714055901875,-2.9372209933641718,-2.9810654843481252,3.488714055901875,0.23991856022522368,2.9372209933641718,2.892730313761678,-3.2,3.2
VBL,2026-07-08,2026-07,2026-07-07,GOLD-baseline,475.0,0.0,0.0,-1.9051479529793247,-6.219724859523357,4.104175111471423,normal,risk_on,Fast Moving Consumer Goods,482.55,481.25,481.89912326208764,474.7,0.07884073560074871,2.3656403279654703,0.3322016290620431,-2.0334386989034274,-1.4939066942797297,-1.5381642993422528,2.0334386989034274,-0.3322016290620431,1.4939066942797297,1.449320429744465,-1.626774427520469,1.626774427520469
VBL,2026-07-09,2026-07,2026-07-08,GOLD,340.0,23.535,5.8838,-1.9214876033057824,-3.7900283745439753,2.3553719008264413,normal,risk_off,Fast Moving Consumer Goods,477.0,476.65,476.82493577308236,481.4,0.08447629971205585,1.8035969503265876,1.6096188875848034,-0.17300600517984238,0.9594851031647512,0.9145252735816128,0.17300600517984238,-1.6096188875848034,-0.9594851031647512,-1.0042338460251934,0.9224318658280874,-0.9224318658280874
VBL,2026-07-10,2026-07,2026-07-09,GOLD,377.0,24.397,6.0993,1.4114177375184278,-0.5371900826446341,1.811670528755008,normal,neutral,Fast Moving Consumer Goods,485.5,480.5,482.98706004140786,479.0,0.08785230123075033,2.5259475893524037,0.4581778978514267,-1.4880440152561603,-0.8255003852620888,-0.8699493055888168,1.4880440152561603,-0.4581778978514267,0.8255003852620888,0.7808698548506031,-1.3388259526261586,1.3388259526261586
VEDL,2026-07-01,2026-07,2026-06-30,GOLD,153.0,470.922,9.0562,-1.403508771929829,2.723450923048798,2.0526315789473566,normal,risk_on,Metals & Mining,280.75,278.25,279.4944096601073,275.25,0.07226210723438505,2.2719595743336143,0.30612073455537464,-1.7332760487047294,-1.5186027030983962,-1.5628532395210992,1.7332760487047294,-0.30612073455537464,1.5186027030983962,1.4740180740810116,-1.9590382902938557,1.9590382902938557
VEDL,2026-07-02,2026-07,2026-07-01,GOLD,148.0,329.134,9.1426,-2.0462633451957317,-3.421052631578947,2.259786476868336,normal,risk_on,Metals & Mining,277.0,278.85,277.92192138166774,276.0,0.0679292246152986,1.6191597905010842,0.6037949831340537,-0.9613928143503361,-0.691532849266822,-0.7360201145855078,0.9613928143503361,-0.6037949831340537,0.691532849266822,0.6468934467212976,-0.36101083032490977,0.36101083032490977
VEDL,2026-07-03,2026-07,2026-07-02,ENTERPRISE-Dryup,221.0,305.516,8.9858,0.2724795640326904,-1.7793594306049876,1.6348773841961852,normal,risk_on,Metals & Mining,279.0,282.0,280.4919786096257,280.65,0.07258905238962524,1.426065736292229,0.8228475558605978,-0.4427857850987596,0.05633722260351251,0.011635897425635595,0.4427857850987596,-0.8228475558605978,-0.05633722260351251,-0.10102615359241665,0.5913978494623574,-0.5913978494623574
VEDL,2026-07-06,2026-07,2026-07-03,ENTERPRISE-Dryup,239.0,380.241,8.4498,1.6847826086956452,1.961852861035407,1.4492753623188406,normal,risk_on,Metals & Mining,281.95,280.6,281.2733801439872,281.9,0.06902123765294582,1.5287618038361077,0.5605293523353456,-0.9682324515007622,0.22277965148781811,0.17803068615929135,0.9682324515007622,-0.5605293523353456,-0.22277965148781811,-0.26747960529301756,-0.01773364071644312,0.01773364071644312
VEDL,2026-07-07,2026-07,2026-07-06,ENTERPRISE-Dryup,63.0,395.174,10.6804,0.4453946196329994,2.13768115942028,1.5321574915375062,normal,risk_on,Metals & Mining,282.0,280.65,281.3233804318848,274.7,0.0861497563934493,2.9325682022356916,-0.23936170212765678,-2.5676431232965835,-2.354365435861273,-2.398376755260028,2.5676431232965835,0.23936170212765678,2.354365435861273,2.3098361560666283,-2.5886524822695076,2.5886524822695076
VEDL,2026-07-08,2026-07,2026-07-07,ENTERPRISE-Dryup,133.0,136.577,8.5361,-2.55409719758779,-2.1200783894530506,2.9265697055693507,normal,risk_on,Metals & Mining,273.6,276.15,274.8690859481583,273.25,0.11283009801548581,2.965047877933121,1.4301040942025507,-1.5349437837305706,-0.5890389392365644,-0.6335555409771424,1.5349437837305706,-1.4301040942025507,0.5890389392365644,0.5443927489293543,-0.12792397660819543,0.12792397660819543
VEDL,2026-07-09,2026-07,2026-07-08,ENTERPRISE-Dryup,82.0,151.75,8.4305,-0.5278485620677009,-3.068463994324222,2.966872952311625,normal,risk_off,Metals & Mining,273.25,272.65,272.9496702692801,271.4,0.07239907784353296,1.4288348456887343,0.3664887119053914,-0.7875702019201231,-0.5677494564295599,-0.6122721517736439,0.7875702019201231,-0.3664887119053914,0.5677494564295599,0.5231018562050613,-0.6770356816102554,0.6770356816102554
VEDL,2026-07-10,2026-07,2026-07-09,ENTERPRISE-Dryup,160.0,130.784,8.7189,-0.6770356816102607,-1.2013105205678998,1.427264409881053,normal,neutral,Metals & Mining,273.8,273.5,273.6499177781838,272.75,0.065763415464022,1.6627083380628558,1.1328642986580653,-0.5298440394047905,-0.32885731722136474,-0.37344838970688576,0.5298440394047905,-1.1328642986580653,0.32885731722136474,0.28419389612605506,-0.3834915997078201,0.3834915997078201
VMM,2026-07-01,2026-07,2026-06-30,STANDARD,69.0,150.521,10.7515,2.3336214347450257,1.587301587301604,3.0942091616248906,normal,risk_on,Consumer Services,117.9,117.77,117.83496414477874,117.0,0.10152023239544047,3.7255495699953687,2.5162615160456516,-1.2092880539497166,-0.7085877700551199,-0.7530701538120481,1.2092880539497166,-2.5162615160456516,0.7085877700551199,0.6639494969887796,-0.763358778625959,0.763358778625959
VMM,2026-07-02,2026-07,2026-07-01,GOLD,358.0,31.717,6.3434,-1.1824324324324342,1.1235955056179805,3.707770270270271,normal,risk_on,Consumer Services,118.9,118.62,118.75983496126642,121.6,0.11671709098651614,3.191314640371555,2.559926964975261,-0.6313876753962943,2.3915198599424583,2.3461501447790263,0.6313876753962943,-2.559926964975261,-2.3915198599424583,-2.4363634407367027,2.270815811606382,-2.270815811606382
VMM,2026-07-03,2026-07,2026-07-02,STANDARD,90.0,343.364,11.0763,3.9316239316239177,2.7027027027026973,3.2393162393162327,normal,risk_on,Consumer Services,122.8,122.43,122.61472087428129,120.49,0.08878079026097961,3.1888503860877995,0.8769576100256413,-2.311892776062158,-1.7328432174630994,-1.777032432680338,2.311892776062158,-0.8769576100256413,1.7328432174630994,1.6882727767380192,-1.8811074918566792,1.8811074918566792
VMM,2026-07-06,2026-07,2026-07-03,GOLD,124.0,252.654,10.5272,-0.912828947368416,2.982905982905981,3.2154605263157867,normal,risk_on,Consumer Services,120.98,120.5,120.73952294185855,119.0,0.07267268767518771,2.4267115925337324,-0.19837989750373114,-2.227541468052413,-1.4407237162070041,-1.4849965436206092,2.227541468052413,0.19837989750373114,1.4407237162070041,1.3961339295758337,-1.63663415440569,1.63663415440569
VMM,2026-07-07,2026-07,2026-07-06,GOLD,476.0,0.0,0.0,-1.2366171466511755,-2.1381578947368363,2.4317370736160733,normal,risk_on,Consumer Services,119.05,118.57,118.80951519232386,117.06,0.07276351653579807,2.945891997231322,0.2949972543097992,-2.364722377476191,-1.4725379440289892,-1.5168016653834215,2.364722377476191,-0.2949972543097992,1.4725379440289892,1.4279502643268704,-1.6715665686686223,1.6715665686686223
VMM,2026-07-08,2026-07,2026-07-07,ENTERPRISE-Dryup,477.0,0.0,0.0,-1.6302521008403348,-2.8467092704788755,2.941176470588235,normal,risk_on,Consumer Services,116.5,116.8,116.6498071153022,116.39,0.10034186311477329,3.360485625257218,2.091896202010695,-1.2685894232465231,-0.22272399905932905,-0.2673454496599743,1.2685894232465231,-2.091896202010695,0.22272399905932905,0.17805354917889074,-0.0944206008583686,0.0944206008583686
VMM,2026-07-09,2026-07,2026-07-08,ENTERPRISE-Dryup,369.0,10.714,5.3569,-0.5723560567230446,-2.1932773109243686,3.3487100632154467,normal,risk_off,Consumer Services,116.29,116.94,116.61409424173561,116.8,0.05163956084936062,1.0290351331910568,0.7511148321820076,-0.054962688817659366,0.15941963059714617,0.11468880055395889,0.054962688817659366,-0.7511148321820076,-0.15941963059714617,-0.2041153883216021,0.43855877547509753,-0.43855877547509753
VMM,2026-07-10,2026-07,2026-07-09,ENTERPRISE-Dryup,395.0,5.33,5.3302,0.3522639402010474,-0.2221083205193985,1.0310164103445216,normal,neutral,Consumer Services,118.19,117.49,117.83896045485406,118.65,0.08154525298493885,1.9603024255165584,1.2653196696496474,-0.6949827558669112,0.6882609469867712,0.643378748808959,0.6949827558669112,-1.2653196696496474,-0.6882609469867712,-0.7329917277562463,0.3892038243506286,-0.3892038243506286
VOLTAS,2026-07-01,2026-07,2026-06-30,ENTERPRISE-Dryup,319.0,13.293,6.6465,-1.864783976671014,-1.9851306813826963,2.1487222776456147,normal,risk_on,Consumer Durables,1290.0,1298.0,1293.9876352395675,1282.0,0.06402813743862532,2.202493997921668,0.3100775193798279,-1.6451189068453684,-0.9264103391025119,-0.9708303763767919,1.6451189068453684,-0.3100775193798279,0.9264103391025119,0.8817864915536293,-0.6201550387596899,0.6201550387596899
VOLTAS,2026-07-02,2026-07,2026-07-01,ENTERPRISE-Dryup,344.0,13.293,6.6465,0.2502345949327633,-1.6192157163686494,2.2286518611198,normal,risk_on,Consumer Durables,1282.1,1291.4,1286.7331960365261,1295.4,0.06663074780225586,1.6553548214664655,0.9844157283336614,-0.6709390931328041,0.6735509731286939,0.6286729853278592,0.6709390931328041,-0.9844157283336614,-0.6735509731286939,-0.7182807797154404,1.037360580297963,-1.037360580297963
VOLTAS,2026-07-03,2026-07,2026-07-02,ENTERPRISE-Dryup,235.0,43.625,8.7251,1.0452418096724037,1.2980919612136432,1.6614664586583603,normal,risk_on,Consumer Durables,1295.5,1299.5,1297.4969171483622,1277.5,0.06336762702973867,2.3275585167765627,0.5936879502240131,-1.7338705665525496,-1.5411918813889272,-1.5854359522014847,1.7338705665525496,-0.5936879502240131,1.5411918813889272,1.496608748362464,-1.3894249324585102,1.3894249324585102
VOLTAS,2026-07-06,2026-07,2026-07-03,ENTERPRISE-Dryup,454.0,0.0,0.0,-1.381812567546714,-0.3510140405616258,2.331326231279917,normal,risk_on,Consumer Durables,1280.9,1289.9,1285.3842461490585,1280.7,0.0881051460268088,2.186116726121857,1.2926682352550507,-0.893448490866806,-0.36442380269497066,-0.4090046951276205,0.893448490866806,-1.2926682352550507,0.36442380269497066,0.31976273702572794,-0.015614021391212854,0.015614021391212854
VOLTAS,2026-07-07,2026-07,2026-07-06,ENTERPRISE-Dryup,420.0,0.0,0.0,0.2504892367906075,-1.1347846225104208,2.1996086105675072,normal,risk_on,Consumer Durables,1284.5,1278.8,1281.643662466352,1287.0,0.08528634486381606,2.395361589111438,1.2762000868613055,-1.1191615022501327,0.41792720476926065,0.37312238313714835,1.1191615022501327,-1.2762000868613055,-0.41792720476926065,-0.4626400824163237,0.1946282600233554,-0.1946282600233554
VOLTAS,2026-07-08,2026-07,2026-07-07,GOLD-baseline,173.0,8.058,8.0583,0.4919184820801003,0.7436399217221057,2.397126571406266,normal,risk_on,Consumer Durables,1281.0,1278.0,1279.4982415005861,1251.0,0.08070097010201692,2.8917585659677556,0.3518378027729255,-2.5399207631948304,-2.2272982155226404,-2.271345904863604,2.5399207631948304,-0.3518378027729255,2.2272982155226404,2.1827605205742615,-2.3419203747072603,2.3419203747072603
VOLTAS,2026-07-09,2026-07,2026-07-08,GOLD,426.0,0.0,0.0,-2.7972027972028024,-2.3190442726633957,2.8749028749028747,normal,risk_off,Consumer Durables,1254.1,1255.6,1254.8495517392516,1269.6,0.07785572548208237,1.8010127165185474,1.7333112348489605,-0.019886984770871047,1.175475437697196,1.1304537860645658,0.019886984770871047,-1.7333112348489605,-1.175475437697196,-1.220238484733533,1.235946096802488,-1.235946096802488
VOLTAS,2026-07-10,2026-07,2026-07-09,GOLD,447.0,0.0,0.0,1.4868105515587482,-1.3519813519813573,1.8065547561950368,normal,neutral,Consumer Durables,1275.0,1277.8,1276.3984644312127,1287.9,0.06140852876143925,1.386714297551862,1.0656182961524021,-0.32109600139946004,0.9010928710191379,0.8561497548110376,0.32109600139946004,-1.0656182961524021,-0.9010928710191379,-0.945837746795614,1.01176470588236,-1.01176470588236
WAAREEENER,2026-07-01,2026-07,2026-06-30,STANDARD,185.0,68.109,8.5137,2.388132127135978,-1.8800239154985745,3.254653218259336,normal,risk_on,Capital Goods,2954.0,2944.0,2948.991522550017,2878.0,0.06784478373610955,2.967116023593653,-0.13535212019075857,-2.797279067071922,-2.407315246828184,-2.4513114106143457,2.797279067071922,0.13535212019075857,2.407315246828184,2.362789473687721,-2.5727826675693977,2.5727826675693977
WAAREEENER,2026-07-02,2026-07,2026-07-01,GOLD,368.0,12.304,6.1519,-2.5727826675693954,-0.246091989879027,2.962085308056872,normal,risk_on,Capital Goods,2890.0,2885.2,2887.598005263887,2884.9,0.05870909701304998,1.1635968697426007,0.6822970060305433,-0.48129986371205724,-0.09343424046451845,-0.13809269715560726,0.48129986371205724,-0.6822970060305433,0.09343424046451845,0.04875522824052746,-0.176470588235291,0.176470588235291
WAAREEENER,2026-07-03,2026-07,2026-07-02,GOLD,41.0,24.96,12.4802,0.2397498262682429,-2.339201083276909,1.1674774148714513,normal,risk_on,Capital Goods,2895.2,2902.3,2898.745652436395,2856.2,0.07275166116062824,2.9219534983626434,0.6918284654174239,-2.230125032945219,-1.4677263043287618,-1.5119914028995791,2.230125032945219,-0.6918284654174239,1.4677263043287618,1.4231383059709923,-1.347057198121028,1.347057198121028
WAAREEENER,2026-07-06,2026-07,2026-07-03,ENTERPRISE-Dryup,478.0,0.0,0.0,-0.9948351762626206,-0.7574704656011177,2.9359769836042937,normal,risk_on,Capital Goods,2869.5,2857.1,2863.2865749310236,2874.8,0.06185110687368365,1.519233191007013,0.7758016701318682,-0.7434315208751447,0.4021052300450921,0.3573049370735172,0.7434315208751447,-0.7758016701318682,-0.4021052300450921,-0.446817059866057,0.18470116745078174,-0.18470116745078174
WAAREEENER,2026-07-07,2026-07,2026-07-06,PREMIUM-Compression,1.0,15.978,15.9784,0.6512149009173074,-0.3500987902526953,1.5230025908549822,normal,risk_on,Capital Goods,2878.7,2884.0,2881.3475627743937,2844.0,0.06083031105327641,2.0823589897716874,0.09205544169243793,-1.955597564916388,-1.2961838848220202,-1.340498083293403,1.955597564916388,-0.09205544169243793,1.2961838848220202,1.2515845258959764,-1.205405217632953,1.205405217632953
WAAREEENER,2026-07-08,2026-07,2026-07-07,ENTERPRISE-Dryup,476.0,0.0,0.0,-1.071378878530682,-0.4271409565156481,2.0871017114234034,normal,risk_on,Capital Goods,2830.0,2840.8,2835.389715736757,2826.9,0.07676857834033488,2.176067707996447,1.0443109142599492,-1.1317567937364976,-0.29941971255795474,-0.34401921085130815,1.1317567937364976,-1.0443109142599492,0.29941971255795474,0.25475434192783863,-0.10954063604239961,0.10954063604239961
WAAREEENER,2026-07-09,2026-07,2026-07-08,ENTERPRISE-Dryup,477.0,0.0,0.0,-0.6012658227848022,-1.6662028662863482,2.1694796061884603,normal,risk_off,Capital Goods,2840.0,2837.7,2838.8495341423463,2868.0,0.07045306321636409,1.9338819947914605,1.7665771029602941,-0.04049295774648373,1.0268408207996274,0.9818617122588531,0.04049295774648373,-1.7665771029602941,-1.0268408207996274,-1.0715940243598256,0.9859154929577465,-0.9859154929577465
WAAREEENER,2026-07-10,2026-07,2026-07-09,ENTERPRISE-Dryup,397.0,5.245,5.2454,1.4538894195054608,0.8438818565400741,1.9420566698503687,normal,neutral,Capital Goods,2869.9,2893.5,2881.651681299233,2916.9,0.07279285605709393,2.0856094575907584,1.6777988476028565,0.1231348925268746,1.22319845002484,1.1781631388252833,-0.1231348925268746,-1.6777988476028565,-1.22319845002484,-1.2679646575653913,1.6376877243109518,-1.6376877243109518
WIPRO,2026-07-01,2026-07,2026-06-30,ENTERPRISE-Dryup,214.0,73.644,8.1826,-2.9897494305239136,-2.7016221156043074,3.0466970387243704,normal,risk_on,Information Technology,171.0,171.14,171.06997135675454,169.81,0.06875645821159637,1.695212769956135,0.6313373613614193,-1.063875408594716,-0.7365239771549099,-0.7809983648430248,1.063875408594716,-0.6313373613614193,0.7365239771549099,0.691887554191821,-0.6959064327485367,0.6959064327485367
WIPRO,2026-07-02,2026-07,2026-07-01,GOLD-baseline,198.0,67.172,8.3965,-0.3169944232462529,-3.297266514806374,1.7023774581743505,normal,risk_on,Information Technology,169.49,172.38,170.9227846842367,174.0,0.0727300570147039,3.492805251815313,2.367861793990865,0.1680380508040059,1.8003540730091478,1.7551535648642467,-0.1680380508040059,-2.367861793990865,-1.8003540730091478,-1.845158503257987,2.660923948315529,-2.660923948315529
WIPRO,2026-07-03,2026-07,2026-07-02,STANDARD,228.0,61.703,8.8147,2.467463635828282,2.142647490460825,3.5156940109534176,normal,risk_on,Information Technology,176.2,177.05,176.62397735314931,175.79,0.07362778989945655,2.0099196344684085,0.8583334321701257,-1.1515862022982826,-0.4721767483934717,-0.516726799131486,1.1515862022982826,-0.8583334321701257,0.4721767483934717,0.4275228187708108,-0.23269012485811386,0.23269012485811386
WIPRO,2026-07-06,2026-07,2026-07-03,GOLD-baseline,220.0,69.576,8.6971,1.028735632183908,3.5215829456451297,2.040229885057461,normal,risk_on,Information Technology,176.08,175.19,175.6338725197142,174.35,0.05054218548867658,1.5543698722998813,0.06611906838913581,-1.175099364436406,-0.7309936866364424,-0.7754696572374912,1.175099364436406,-0.06611906838913581,0.7309936866364424,0.6863568974243336,-0.9825079509314052,0.9825079509314052
WIPRO,2026-07-07,2026-07,2026-07-06,GOLD,274.0,28.021,7.0053,-0.819159224074173,0.2011494252873502,1.552989362307309,normal,risk_on,Information Technology,173.9,174.35,174.12470926058865,173.0,0.06276948681372406,1.969852535326716,1.1918416106616665,-0.7780109246650495,-0.6459216876023302,-0.6904220080213745,0.7780109246650495,-1.1918416106616665,0.6459216876023302,0.6012792644120133,-0.5175388154111591,0.5175388154111591
WIPRO,2026-07-08,2026-07,2026-07-07,ENTERPRISE-Dryup,207.0,22.73,7.5765,-0.774304559793515,-1.5871209966437203,1.9673071408087055,normal,risk_on,Information Technology,173.0,174.0,173.49855907780983,172.94,0.06297690614786071,1.8213407746993533,1.0959404690718073,-0.725400305627546,-0.3219387416118725,-0.36653179437361594,0.725400305627546,-1.0959404690718073,0.3219387416118725,0.2772748623269745,-0.034682080924856806,0.034682080924856806
WIPRO,2026-07-09,2026-07,2026-07-08,ENTERPRISE-Dryup,184.0,21.523,7.1742,-0.0346820809248527,-0.8087180957843443,1.8265895953757203,normal,risk_off,Information Technology,173.0,172.6,172.79976851851853,172.85,0.056760951000264605,1.5277798243792577,0.8624036329781046,-0.6653761914011532,0.029069183316688226,-0.015624337039375779,0.6653761914011532,-0.8624036329781046,-0.029069183316688226,-0.07375630845242256,-0.08670520231214202,0.08670520231214202
WIPRO,2026-07-10,2026-07,2026-07-09,ENTERPRISE-Dryup,133.0,27.119,9.0396,-0.0520411703481049,-0.0867052023121428,1.526540996877522,normal,neutral,Information Technology,175.23,177.04,176.13035001561303,175.52,0.046435952661137384,1.260430130186653,0.6186611133688058,-0.6417690168178471,-0.3465331304678143,-0.391119143676013,0.6417690168178471,-0.6186611133688058,0.3465331304678143,0.30187087997091266,0.16549677566627888,-0.16549677566627888
YESBANK,2026-07-01,2026-07,2026-06-30,GOLD-baseline,326.0,19.455,6.4851,-3.349282296650713,-2.33682514101532,4.944178628389149,normal,risk_on,Financial Services,24.25,24.3,24.274974253347068,24.5,0.08924730042786326,2.389291926519869,1.544906877094716,-0.8443850494251528,0.9269865512706161,0.8820360236179922,0.8443850494251528,-1.544906877094716,-0.9269865512706161,-0.9717331418819606,1.0309278350515463,-1.0309278350515463
YESBANK,2026-07-02,2026-07,2026-07-01,GOLD,319.0,21.045,7.015,1.0726072607260884,-2.3125996810207217,2.392739273927386,normal,risk_on,Financial Services,24.6,24.62,24.609995936611135,24.26,0.06283744988999035,2.072328663985265,0.08128430187631588,-1.8691426759921648,-1.4221698268972929,-1.4664479649164193,1.8691426759921648,-0.08128430187631588,1.4221698268972929,1.377578811516249,-1.3821138211382107,1.3821138211382107
YESBANK,2026-07-03,2026-07,2026-07-02,ENTERPRISE-Dryup,358.0,14.072,7.0358,-0.9795918367346834,0.0825082508250973,2.081632653061231,normal,risk_on,Financial Services,24.38,24.42,24.399983606557377,24.37,0.0805856572215549,1.8852471682660397,0.8607235022329324,-1.0245236660331072,-0.12288371599281925,-0.1675337434783255,1.0245236660331072,-0.8607235022329324,0.12288371599281925,0.07820665408979458,-0.04101722723543073,0.04101722723543073
YESBANK,2026-07-06,2026-07,2026-07-03,ENTERPRISE-Dryup,362.0,21.045,7.015,0.4534212695795458,-0.5306122448979544,1.896125309150869,normal,risk_on,Financial Services,24.64,24.69,24.66497466045003,24.28,0.06748530104256893,2.432599296208036,0.5068942549957051,-1.9257050412123309,-1.5608151467811247,-1.605053600904922,1.9257050412123309,-0.5068942549957051,1.5608151467811247,1.5162333133250354,-1.4610389610389587,1.4610389610389587
YESBANK,2026-07-07,2026-07,2026-07-06,ENTERPRISE-Dryup,278.0,6.994,6.9941,-0.3693065244152693,0.0824402308326366,2.462043496101756,normal,risk_on,Financial Services,24.26,24.2,24.22996285596368,24.05,0.07124296671659262,1.815933448250024,0.2890518010805855,-1.5268816471694386,-0.7427285672432888,-0.7872011790164011,1.5268816471694386,-0.2890518010805855,0.7427285672432888,0.698092555185383,-0.8656224237427899,0.8656224237427899
YESBANK,2026-07-08,2026-07,2026-07-07,ENTERPRISE-Dryup,254.0,6.994,6.9941,-0.9472817133443168,-1.3130898645876132,1.812191103789132,normal,risk_on,Financial Services,23.88,23.95,23.914948776918248,23.46,0.08546422964700563,3.0524840626234884,0.5647146658833696,-2.487769396740119,-1.9023614943191738,-1.9465021889981007,2.487769396740119,-0.5647146658833696,1.9023614943191738,1.8578022801114966,-1.7587939698492385,1.7587939698492385
YESBANK,2026-07-09,2026-07,2026-07-08,ENTERPRISE-Dryup,277.0,19.455,6.4851,-2.453222453222448,-3.377265238879734,3.035343035343037,normal,risk_off,Financial Services,23.42,23.48,23.449961620469086,23.67,0.06874471448342677,1.6204717353068214,1.4927034218485544,0.12809564474806848,0.9383315124014867,0.8933777375260181,-0.12809564474806848,-1.4927034218485544,-0.9383315124014867,-0.983078854344227,1.067463706233988,-1.067463706233988
YESBANK,2026-07-10,2026-07,2026-07-09,ENTERPRISE-Dryup,267.0,37.033,7.4067,0.8951406649616356,-1.58004158004158,1.6197783461210529,normal,neutral,Financial Services,23.9,23.85,23.874973821989528,23.99,0.05267948643563949,0.9633518416182048,0.6493250177626996,-0.31402682385550534,0.48178556704647896,0.4369624674907655,0.31402682385550534,-0.6493250177626996,-0.48178556704647896,-0.5265026737774422,0.3765690376569032,-0.3765690376569032
ZYDUSLIFE,2026-07-01,2026-07,2026-06-30,GOLD-baseline,439.0,0.0,0.0,-0.8199643493761233,0.9800362976406518,1.6488413547237075,normal,risk_on,Healthcare,1112.9,1123.5,1118.1748792702558,1109.0,0.07438357482761747,1.824401565282307,0.6908687427127544,-1.1335328225695522,-0.8205227500946481,-0.8649730951499796,1.1335328225695522,-0.6908687427127544,0.8205227500946481,0.7758918900342959,-0.3504357983646411,0.3504357983646411
ZYDUSLIFE,2026-07-02,2026-07,2026-07-01,GOLD-baseline,324.0,6.994,6.9941,-0.3414809489575843,-1.158645276292336,1.8332135154565143,normal,risk_on,Healthcare,1114.1,1105.5,1109.7833393404217,1100.0,0.05831011468942482,1.7751212603090945,-0.01652028228597461,-1.3230816160160155,-0.8815539928934418,-0.925986869220272,1.3230816160160155,0.01652028228597461,0.8815539928934418,0.8369271746881752,-1.2655955479759367,1.2655955479759367
ZYDUSLIFE,2026-07-03,2026-07,2026-07-02,ENTERPRISE-Dryup,457.0,0.0,0.0,-0.8115419296663706,-1.150251617541331,1.7763751127141612,normal,risk_on,Healthcare,1105.0,1105.7,1105.3498891753743,1142.9,0.08759580516360625,3.5102007409568925,3.397124403082842,-0.11307633787405076,3.397124403082842,3.3514668577534454,0.11307633787405076,-3.397124403082842,-3.397124403082842,-3.4420345810435604,3.4298642533936734,-3.4298642533936734
ZYDUSLIFE,2026-07-06,2026-07,2026-07-03,STANDARD,163.0,57.824,9.6373,3.900000000000015,3.0568079350766557,3.5272727272727438,breakout,risk_on,Healthcare,1145.0,1144.2,1144.599860213175,1146.1,0.0784556488072987,1.773545559949608,0.6377896800953284,-1.1357558798542795,0.13106237725257194,0.08633966379258046,1.1357558798542795,-0.6377896800953284,-0.13106237725257194,-0.17575625698956787,0.09606986899562525,-0.09606986899562525
ZYDUSLIFE,2026-07-07,2026-07,2026-07-06,GOLD-baseline,98.0,9.959,9.9585,0.279989500393718,4.19090909090909,1.7761833931227735,normal,risk_on,Healthcare,1147.9,1150.7,1149.298294614113,1152.5,0.08253467551845378,2.123034560683167,1.696835841249967,0.07845703679476476,0.2785791470230932,0.2338142104281574,-0.07845703679476476,-1.696835841249967,-0.2785791470230932,-0.32328279620568395,0.400731771060189,-0.400731771060189
ZYDUSLIFE,2026-07-08,2026-07,2026-07-07,GOLD-baseline,420.0,0.0,0.0,0.558415496030018,0.8399685011811986,2.12895907861442,normal,risk_on,Healthcare,1146.6,1158.3,1152.4203045685279,1147.2,0.09175703871339294,3.410214124499835,2.5233584757394336,-0.886855648760401,-0.45298616727187196,-0.4975417108531584,0.886855648760401,-2.5233584757394336,0.45298616727187196,0.4083309667337857,0.05232862375720709,-0.05232862375720709
ZYDUSLIFE,2026-07-09,2026-07,2026-07-08,GOLD-baseline,428.0,0.0,0.0,-0.4598698481561802,0.0959776633801645,3.409978308026026,normal,risk_off,Healthcare,1148.0,1148.1,1148.0499978223945,1161.0,0.08389952395003099,2.2995514176277188,2.025173313157591,-0.17856346206897994,1.1279998434013214,1.082991780518144,0.17856346206897994,-2.025173313157591,-1.1279998434013214,-1.1727597463189505,1.132404181184669,-1.132404181184669
ZYDUSLIFE,2026-07-10,2026-07,2026-07-09,GOLD-baseline,445.0,0.0,0.0,1.2029288702928742,0.7375271149674623,2.301255230125511,normal,neutral,Healthcare,1161.6,1156.0,1158.7932343803934,1152.1,0.07328258999212443,1.71730377858485,0.043732186603376876,-1.190310227153566,-0.5776038538896352,-0.6221237286489518,1.190310227153566,-0.043732186603376876,0.5776038538896352,0.5329569062824628,-0.8178374655647384,0.8178374655647384
