trade_date,symbol,manual_rank,tier,entry_time,entry_px,exit_time,exit_px,stock_ret_pct,exit_reason,basket_ret5x_pct,day_pnl_rs,day_pnl_rs 1X,teacher_selected,teacher_profitable,month,rank_weight,profit_weight,teacher_weight
2024-10-01,TARIL,1,ENTERPRISE-Dryup,09:15,321.0,15:29,325.5,1.4,EOD,6.01,30057,6011.4,1,1,2024-10,1.0,1.2333333333333334,1.2333333333333334
2024-10-01,SARDAEN,3,ENTERPRISE-Dryup,09:15,444.0,15:29,452.85,1.99,EOD,6.01,30057,6011.4,1,1,2024-10,0.8666666666666667,1.3316666666666666,1.154111111111111
2024-10-01,BSE,4,ENTERPRISE-Dryup,09:15,1248.5,15:29,1286.0,3.0,EOD,6.01,30057,6011.4,1,1,2024-10,0.8,1.5,1.2000000000000002
2024-10-01,CEMPRO,5,ENTERPRISE-Dryup,09:15,524.05,15:29,538.4,2.74,EOD,6.01,30057,6011.4,1,1,2024-10,0.7333333333333333,1.4566666666666668,1.0682222222222222
2024-10-01,THERMAX,7,ENTERPRISE-Dryup,09:15,5100.2,15:29,5081.0,-0.38,EOD,6.01,30057,6011.4,1,0,2024-10,0.6,0.25,0.15
2024-10-01,ANANTRAJ,9,ENTERPRISE-Dryup,09:15,704.75,15:29,724.0,2.73,EOD,6.01,30057,6011.4,1,1,2024-10,0.4666666666666667,1.455,0.679
2024-10-01,HOMEFIRST,10,ENTERPRISE-Dryup,09:15,1195.0,15:29,1184.6,-0.87,EOD,6.01,30057,6011.4,1,0,2024-10,0.4,0.25,0.1
2024-10-01,POLICYBZR,11,GOLD-baseline,09:15,1645.0,15:29,1727.1,4.99,EOD,6.01,30057,6011.4,1,1,2024-10,0.3333333333333333,1.8316666666666666,0.6105555555555555
2024-10-01,OIL,12,ENTERPRISE-Dryup,09:15,572.5,15:29,568.3,-0.73,EOD,6.01,30057,6011.4,1,0,2024-10,0.26666666666666666,0.25,0.06666666666666667
2024-10-01,ANGELONE,13,GOLD-baseline,09:15,260.2,15:29,259.5,-0.27,EOD,6.01,30057,6011.4,1,0,2024-10,0.2,0.25,0.05
2024-10-01,PETRONET,14,GOLD,09:15,327.3,15:29,328.8,0.46,EOD,6.01,30057,6011.4,1,1,2024-10,0.13333333333333333,1.0766666666666667,0.14355555555555555
2024-10-01,NBCC,15,GOLD,09:15,120.0,15:29,120.07,0.06,EOD,6.01,30057,6011.4,1,1,2024-10,0.06666666666666667,1.01,0.06733333333333333
2024-10-03,SARDAEN,3,ENTERPRISE-Dryup,09:15,450.0,15:29,490.8,9.07,EOD,18.97,94869,18973.8,1,1,2024-10,0.8666666666666667,2.5116666666666667,2.1767777777777777
2024-10-03,CEMPRO,6,ENTERPRISE-Dryup,09:15,533.85,15:29,645.35,20.89,EOD,18.97,94869,18973.8,1,1,2024-10,0.6666666666666666,3.5,2.333333333333333
2024-10-03,THERMAX,7,ENTERPRISE-Dryup,09:15,5080.0,15:29,4917.0,-3.21,EOD,18.97,94869,18973.8,1,0,2024-10,0.6,0.25,0.15
2024-10-03,VIJAYA,8,GOLD-baseline,09:15,950.5,15:29,978.0,2.89,EOD,18.97,94869,18973.8,1,1,2024-10,0.5333333333333333,1.4816666666666667,0.7902222222222223
2024-10-03,OIL,9,ENTERPRISE-Dryup,09:15,574.4,15:29,540.0,-5.99,EOD,18.97,94869,18973.8,1,0,2024-10,0.4666666666666667,0.25,0.11666666666666667
2024-10-03,NBCC,10,GOLD,09:15,116.73,15:29,113.83,-2.48,EOD,18.97,94869,18973.8,1,0,2024-10,0.4,0.25,0.1
2024-10-03,HOMEFIRST,11,ENTERPRISE-Dryup,09:15,1167.05,15:29,1175.0,0.68,EOD,18.97,94869,18973.8,1,1,2024-10,0.3333333333333333,1.1133333333333333,0.37111111111111106
2024-10-03,ANGELONE,12,GOLD-baseline,09:15,252.5,15:29,271.2,7.41,EOD,18.97,94869,18973.8,1,1,2024-10,0.26666666666666666,2.2350000000000003,0.5960000000000001
2024-10-03,WHIRLPOOL,14,GOLD-baseline,09:15,2274.8,15:29,2322.0,2.07,EOD,18.97,94869,18973.8,1,1,2024-10,0.13333333333333333,1.345,0.17933333333333332
2024-10-03,PETRONET,15,GOLD,09:15,324.8,15:29,348.1,7.17,EOD,18.97,94869,18973.8,1,1,2024-10,0.06666666666666667,2.1950000000000003,0.14633333333333334
2024-10-04,THERMAX,6,ENTERPRISE-Dryup,09:15,4910.05,09:26,4826.4,-1.7,HARD_STOP,-4.01,-20053,-4010.6,1,0,2024-10,0.6666666666666666,0.25,0.16666666666666666
2024-10-04,OIL,9,ENTERPRISE-Dryup,09:15,544.15,09:26,549.55,0.99,HARD_STOP,-4.01,-20053,-4010.6,1,1,2024-10,0.4666666666666667,1.165,0.5436666666666667
2024-10-04,HOMEFIRST,10,ENTERPRISE-Dryup,09:15,1175.0,09:26,1199.95,2.12,HARD_STOP,-4.01,-20053,-4010.6,1,1,2024-10,0.4,1.3533333333333333,0.5413333333333333
2024-10-04,ANANTRAJ,11,ENTERPRISE-Dryup,09:15,701.55,09:26,679.2,-3.19,HARD_STOP,-4.01,-20053,-4010.6,1,0,2024-10,0.3333333333333333,0.25,0.08333333333333333
2024-10-04,POLICYBZR,13,GOLD-baseline,09:15,1699.95,09:26,1648.9,-3.0,HARD_STOP,-4.01,-20053,-4010.6,1,0,2024-10,0.2,0.25,0.05
2024-10-04,NETWEB,15,GOLD-baseline,09:15,2396.2,09:26,2402.0,0.24,HARD_STOP,-4.01,-20053,-4010.6,1,1,2024-10,0.06666666666666667,1.04,0.06933333333333333
2024-10-07,TARIL,1,ENTERPRISE-Dryup,09:15,335.0,09:26,335.5,0.15,HARD_STOP,-3.9,-19497,-3899.4,1,1,2024-10,1.0,1.025,1.025
2024-10-07,RPOWER,2,GOLD-baseline,09:15,48.4,09:26,48.4,0.0,HARD_STOP,-3.9,-19497,-3899.4,1,0,2024-10,0.9333333333333333,0.25,0.23333333333333334
2024-10-07,SARDAEN,3,GOLD-baseline,09:15,482.5,09:26,470.95,-2.39,HARD_STOP,-3.9,-19497,-3899.4,1,0,2024-10,0.8666666666666667,0.25,0.21666666666666667
2024-10-07,JPPOWER,4,GOLD-baseline,09:15,19.43,09:26,18.79,-3.29,HARD_STOP,-3.9,-19497,-3899.4,1,0,2024-10,0.8,0.25,0.2
2024-10-07,VIJAYA,6,GOLD-baseline,09:15,989.0,09:26,995.95,0.7,HARD_STOP,-3.9,-19497,-3899.4,1,1,2024-10,0.6666666666666666,1.1166666666666667,0.7444444444444445
2024-10-07,CEMPRO,7,GOLD-baseline,09:15,655.05,09:26,667.65,1.92,HARD_STOP,-3.9,-19497,-3899.4,1,1,2024-10,0.6,1.32,0.792
2024-10-07,PETRONET,12,GOLD-baseline,09:15,345.2,09:26,342.9,-0.67,HARD_STOP,-3.9,-19497,-3899.4,1,0,2024-10,0.26666666666666666,0.25,0.06666666666666667
2024-10-07,ANGELONE,13,GOLD-baseline,09:15,269.0,09:26,262.1,-2.57,HARD_STOP,-3.9,-19497,-3899.4,1,0,2024-10,0.2,0.25,0.05
2024-10-07,POLICYBZR,14,GOLD-baseline,09:15,1705.0,09:26,1722.0,1.0,HARD_STOP,-3.9,-19497,-3899.4,1,1,2024-10,0.13333333333333333,1.1666666666666667,0.15555555555555556
2024-10-07,JUBLINGREA,15,GOLD-baseline,09:15,795.0,09:26,778.2,-2.11,HARD_STOP,-3.9,-19497,-3899.4,1,0,2024-10,0.06666666666666667,0.25,0.016666666666666666
2024-10-08,NMDC,1,ENTERPRISE-Dryup,09:15,70.04,15:29,68.72,-1.88,EOD,18.84,94215,18843.0,1,0,2024-10,1.0,0.25,0.25
2024-10-08,FACT,2,PREMIUM-Pullback,09:15,850.2,15:29,885.0,4.09,EOD,18.84,94215,18843.0,1,1,2024-10,0.9333333333333333,1.6816666666666666,1.5695555555555556
2024-10-08,LAURUSLABS,3,PREMIUM-Pullback,09:15,431.6,15:29,442.0,2.41,EOD,18.84,94215,18843.0,1,1,2024-10,0.8666666666666667,1.4016666666666666,1.2147777777777777
2024-10-08,MAZDOCK,4,ENTERPRISE-Dryup,09:15,1944.5,15:29,2046.5,5.25,EOD,18.84,94215,18843.0,1,1,2024-10,0.8,1.875,1.5
2024-10-08,EXIDEIND,5,GOLD-baseline,09:15,480.5,15:29,494.0,2.81,EOD,18.84,94215,18843.0,1,1,2024-10,0.7333333333333333,1.4683333333333333,1.0767777777777776
2024-10-08,OLECTRA,6,PREMIUM-Pullback,09:15,1569.7,15:29,1660.0,5.75,EOD,18.84,94215,18843.0,1,1,2024-10,0.6666666666666666,1.9583333333333335,1.3055555555555556
2024-10-08,BDL,7,GOLD,09:15,1110.0,15:29,1147.75,3.4,EOD,18.84,94215,18843.0,1,1,2024-10,0.6,1.5666666666666667,0.94
2024-10-08,RECLTD,8,PREMIUM-Pullback,09:15,499.0,15:29,525.3,5.27,EOD,18.84,94215,18843.0,1,1,2024-10,0.5333333333333333,1.8783333333333334,1.0017777777777779
2024-10-08,TARIL,9,ENTERPRISE-Dryup,09:15,312.5,15:29,337.05,7.86,EOD,18.84,94215,18843.0,1,1,2024-10,0.4666666666666667,2.31,1.078
2024-10-08,360ONE,10,GOLD,09:15,965.0,15:29,978.95,1.45,EOD,18.84,94215,18843.0,1,1,2024-10,0.4,1.2416666666666667,0.4966666666666667
2024-10-08,VBL,11,PREMIUM-Pullback,09:15,540.3,15:29,591.0,9.38,EOD,18.84,94215,18843.0,1,1,2024-10,0.3333333333333333,2.5633333333333335,0.8544444444444445
2024-10-08,NETWEB,12,GOLD-baseline,09:15,2447.1,15:29,2469.5,0.92,EOD,18.84,94215,18843.0,1,1,2024-10,0.26666666666666666,1.1533333333333333,0.3075555555555555
2024-10-08,BEML,13,GOLD,09:15,1750.0,15:29,1800.0,2.86,EOD,18.84,94215,18843.0,1,1,2024-10,0.2,1.4766666666666666,0.29533333333333334
2024-10-08,NAM-INDIA,14,GOLD,09:15,630.0,15:29,636.95,1.1,EOD,18.84,94215,18843.0,1,1,2024-10,0.13333333333333333,1.1833333333333333,0.15777777777777777
2024-10-08,JWL,15,PREMIUM-Pullback,09:15,460.5,15:29,492.0,6.84,EOD,18.84,94215,18843.0,1,1,2024-10,0.06666666666666667,2.1399999999999997,0.14266666666666664
2024-10-09,BANDHANBNK,6,ENTERPRISE-Dryup,09:15,188.5,15:29,188.99,0.26,EOD,4.58,22924,4584.8,1,1,2024-10,0.6666666666666666,1.0433333333333334,0.6955555555555556
2024-10-09,LAURUSLABS,7,ENTERPRISE-Dryup,09:15,441.65,15:29,453.7,2.73,EOD,4.58,22924,4584.8,1,1,2024-10,0.6,1.455,0.873
2024-10-09,NETWEB,9,GOLD,09:15,2481.25,15:29,2454.95,-1.06,EOD,4.58,22924,4584.8,1,0,2024-10,0.4666666666666667,0.25,0.11666666666666667
2024-10-09,NAM-INDIA,11,GOLD,09:15,648.0,15:29,645.5,-0.39,EOD,4.58,22924,4584.8,1,0,2024-10,0.3333333333333333,0.25,0.08333333333333333
2024-10-09,MEDANTA,13,ENTERPRISE-Dryup,09:15,996.0,15:29,998.0,0.2,EOD,4.58,22924,4584.8,1,1,2024-10,0.2,1.0333333333333334,0.2066666666666667
2024-10-09,EIHOTEL,14,GOLD,09:15,391.15,15:29,406.95,4.04,EOD,4.58,22924,4584.8,1,1,2024-10,0.13333333333333333,1.6733333333333333,0.22311111111111112
2024-10-10,GRSE,1,GOLD,09:15,1655.0,15:29,1745.55,5.47,EOD,10.52,52608,10521.6,1,1,2024-10,1.0,1.9116666666666666,1.9116666666666666
2024-10-10,RECLTD,2,PREMIUM-Compression,09:15,536.95,15:29,543.5,1.22,EOD,10.52,52608,10521.6,1,1,2024-10,0.9333333333333333,1.2033333333333334,1.1231111111111112
2024-10-10,MAZDOCK,3,GOLD,09:15,2077.5,15:29,2215.0,6.62,EOD,10.52,52608,10521.6,1,1,2024-10,0.8666666666666667,2.1033333333333335,1.822888888888889
2024-10-10,DATAPATTNS,6,GOLD,09:15,2429.8,15:29,2501.0,2.93,EOD,10.52,52608,10521.6,1,1,2024-10,0.6666666666666666,1.4883333333333333,0.9922222222222221
2024-10-10,IRCON,7,GOLD,09:15,223.2,15:29,220.59,-1.17,EOD,10.52,52608,10521.6,1,0,2024-10,0.6,0.25,0.15
2024-10-10,BDL,8,GOLD,09:15,1180.05,15:29,1220.0,3.39,EOD,10.52,52608,10521.6,1,1,2024-10,0.5333333333333333,1.565,0.8346666666666667
2024-10-10,MEDANTA,9,GOLD-baseline,09:15,1001.5,15:29,1038.25,3.67,EOD,10.52,52608,10521.6,1,1,2024-10,0.4666666666666667,1.6116666666666668,0.7521111111111112
2024-10-10,PFC,11,GOLD,09:15,474.95,15:29,472.1,-0.6,EOD,10.52,52608,10521.6,1,0,2024-10,0.3333333333333333,0.25,0.08333333333333333
2024-10-10,BANDHANBNK,13,PREMIUM-Compression,09:15,190.3,15:29,187.9,-1.26,EOD,10.52,52608,10521.6,1,0,2024-10,0.2,0.25,0.05
2024-10-10,BEML,14,ENTERPRISE-Dryup,09:15,1800.8,15:29,1885.0,4.68,EOD,10.52,52608,10521.6,1,1,2024-10,0.13333333333333333,1.7799999999999998,0.2373333333333333
2024-10-10,NAM-INDIA,15,GOLD-baseline,09:15,649.9,15:29,642.3,-1.17,EOD,10.52,52608,10521.6,1,0,2024-10,0.06666666666666667,0.25,0.016666666666666666
2024-10-11,BANDHANBNK,1,PREMIUM-Compression,09:15,202.0,15:29,209.3,3.61,EOD,13.22,66115,13223.0,1,1,2024-10,1.0,1.6016666666666666,1.6016666666666666
2024-10-11,JWL,3,ENTERPRISE-Dryup,09:15,499.95,15:29,505.6,1.13,EOD,13.22,66115,13223.0,1,1,2024-10,0.8666666666666667,1.1883333333333332,1.0298888888888889
2024-10-11,SWANCORP,5,GOLD,09:15,556.95,15:29,567.0,1.8,EOD,13.22,66115,13223.0,1,1,2024-10,0.7333333333333333,1.3,0.9533333333333333
2024-10-11,IRCON,7,GOLD,09:15,220.5,15:29,226.02,2.5,EOD,13.22,66115,13223.0,1,1,2024-10,0.6,1.4166666666666667,0.85
2024-10-11,SARDAEN,8,GOLD-baseline,09:15,497.35,15:29,496.55,-0.16,EOD,13.22,66115,13223.0,1,0,2024-10,0.5333333333333333,0.25,0.13333333333333333
2024-10-11,GRANULES,9,ENTERPRISE-Dryup,09:15,581.2,15:29,603.7,3.87,EOD,13.22,66115,13223.0,1,1,2024-10,0.4666666666666667,1.645,0.7676666666666667
2024-10-11,NAM-INDIA,10,GOLD,09:15,646.25,15:29,700.0,8.32,EOD,13.22,66115,13223.0,1,1,2024-10,0.4,2.3866666666666667,0.9546666666666668
2024-10-11,NMDC,12,GOLD,09:15,70.78,15:29,73.18,3.39,EOD,13.22,66115,13223.0,1,1,2024-10,0.26666666666666666,1.565,0.41733333333333333
2024-10-11,PFC,15,GOLD,09:15,469.6,15:29,468.7,-0.19,EOD,13.22,66115,13223.0,1,0,2024-10,0.06666666666666667,0.25,0.016666666666666666
2024-10-14,LAURUSLABS,3,GOLD-baseline,09:15,474.1,09:27,469.4,-0.99,HARD_STOP,-3.26,-16307,-3261.4,1,0,2024-10,0.8666666666666667,0.25,0.21666666666666667
2024-10-14,DATAPATTNS,4,GOLD,09:15,2500.0,09:27,2488.0,-0.48,HARD_STOP,-3.26,-16307,-3261.4,1,0,2024-10,0.8,0.25,0.2
2024-10-14,MEDANTA,5,GOLD-baseline,09:15,1044.0,09:27,1035.05,-0.86,HARD_STOP,-3.26,-16307,-3261.4,1,0,2024-10,0.7333333333333333,0.25,0.18333333333333332
2024-10-14,JWL,6,ENTERPRISE-Dryup,09:15,509.0,09:27,507.7,-0.26,HARD_STOP,-3.26,-16307,-3261.4,1,0,2024-10,0.6666666666666666,0.25,0.16666666666666666
2024-10-14,RECLTD,8,PREMIUM-Compression,09:15,540.0,09:27,541.6,0.3,HARD_STOP,-3.26,-16307,-3261.4,1,1,2024-10,0.5333333333333333,1.05,0.56
2024-10-14,BEML,9,GOLD,09:15,1896.0,09:27,1876.0,-1.05,HARD_STOP,-3.26,-16307,-3261.4,1,0,2024-10,0.4666666666666667,0.25,0.11666666666666667
2024-10-14,FACT,11,GOLD,09:15,926.65,09:27,933.65,0.76,HARD_STOP,-3.26,-16307,-3261.4,1,1,2024-10,0.3333333333333333,1.1266666666666667,0.37555555555555553
2024-10-14,BDL,14,GOLD,09:15,1222.0,09:27,1206.1,-1.3,HARD_STOP,-3.26,-16307,-3261.4,1,0,2024-10,0.13333333333333333,0.25,0.03333333333333333
2024-10-14,GRSE,15,GOLD,09:15,1747.6,09:27,1721.15,-1.51,HARD_STOP,-3.26,-16307,-3261.4,1,0,2024-10,0.06666666666666667,0.25,0.016666666666666666
2024-10-15,BEML,1,GOLD,09:15,1857.8,15:29,1860.0,0.12,EOD,5.24,26208,5241.6,1,1,2024-10,1.0,1.02,1.02
2024-10-15,TEJASNET,4,ENTERPRISE-Dryup,09:15,1206.0,15:29,1189.95,-1.33,EOD,5.24,26208,5241.6,1,0,2024-10,0.8,0.25,0.2
2024-10-15,AEGISLOG,6,ENTERPRISE-Dryup,09:15,675.5,15:29,732.0,8.36,EOD,5.24,26208,5241.6,1,1,2024-10,0.6666666666666666,2.3933333333333335,1.5955555555555556
2024-10-15,PAYTM,7,ENTERPRISE-Dryup,09:15,721.4,15:29,729.0,1.05,EOD,5.24,26208,5241.6,1,1,2024-10,0.6,1.175,0.705
2024-10-15,ABREL,8,ENTERPRISE-Dryup,09:15,2748.0,15:29,2860.1,4.08,EOD,5.24,26208,5241.6,1,1,2024-10,0.5333333333333333,1.6800000000000002,0.896
2024-10-15,CEATLTD,9,ENTERPRISE-Dryup,09:15,3035.0,15:29,2948.0,-2.87,EOD,5.24,26208,5241.6,1,0,2024-10,0.4666666666666667,0.25,0.11666666666666667
2024-10-15,ANANDRATHI,13,GOLD,09:15,2040.0,15:29,2070.0,1.47,EOD,5.24,26208,5241.6,1,1,2024-10,0.2,1.245,0.24900000000000003
2024-10-15,GMDCLTD,14,GOLD,09:15,339.8,15:29,342.25,0.72,EOD,5.24,26208,5241.6,1,1,2024-10,0.13333333333333333,1.12,0.14933333333333335
2024-10-15,PGEL,15,ENTERPRISE-Dryup,09:15,622.85,15:29,612.25,-1.7,EOD,5.24,26208,5241.6,1,0,2024-10,0.06666666666666667,0.25,0.016666666666666666
2024-10-16,BEML,1,GOLD,09:15,1885.0,11:18,1945.3,3.2,HARD_STOP,-3.43,-17129,-3425.8,1,1,2024-10,1.0,1.5333333333333332,1.5333333333333332
2024-10-16,KARURVYSYA,3,GOLD,09:15,169.6,11:18,167.35,-1.33,HARD_STOP,-3.43,-17129,-3425.8,1,0,2024-10,0.8666666666666667,0.25,0.21666666666666667
2024-10-16,TEJASNET,4,ENTERPRISE-Dryup,09:15,1193.05,11:18,1173.8,-1.61,HARD_STOP,-3.43,-17129,-3425.8,1,0,2024-10,0.8,0.25,0.2
2024-10-16,PAYTM,6,ENTERPRISE-Dryup,09:15,729.0,11:18,724.9,-0.56,HARD_STOP,-3.43,-17129,-3425.8,1,0,2024-10,0.6666666666666666,0.25,0.16666666666666666
2024-10-16,CEATLTD,11,ENTERPRISE-Dryup,09:15,2960.0,11:18,2936.3,-0.8,HARD_STOP,-3.43,-17129,-3425.8,1,0,2024-10,0.3333333333333333,0.25,0.08333333333333333
2024-10-16,CARTRADE,12,ENTERPRISE-Dryup,09:15,994.8,11:18,989.0,-0.58,HARD_STOP,-3.43,-17129,-3425.8,1,0,2024-10,0.26666666666666666,0.25,0.06666666666666667
2024-10-16,PGEL,14,ENTERPRISE-Dryup,09:15,613.0,11:18,595.6,-2.84,HARD_STOP,-3.43,-17129,-3425.8,1,0,2024-10,0.13333333333333333,0.25,0.03333333333333333
2024-10-16,GMDCLTD,15,GOLD,09:15,342.9,11:18,341.0,-0.55,HARD_STOP,-3.43,-17129,-3425.8,1,0,2024-10,0.06666666666666667,0.25,0.016666666666666666
2024-10-17,TITAGARH,1,GOLD-baseline,09:15,1137.75,10:07,1153.05,1.34,HARD_STOP,-3.54,-17690,-3538.0,1,1,2024-10,1.0,1.2233333333333334,1.2233333333333334
2024-10-17,KARURVYSYA,2,GOLD,09:15,171.6,10:07,168.25,-1.95,HARD_STOP,-3.54,-17690,-3538.0,1,0,2024-10,0.9333333333333333,0.25,0.23333333333333334
2024-10-17,TEJASNET,4,ENTERPRISE-Dryup,09:15,1149.0,10:07,1121.25,-2.42,HARD_STOP,-3.54,-17690,-3538.0,1,0,2024-10,0.8,0.25,0.2
2024-10-17,CEATLTD,6,ENTERPRISE-Dryup,09:15,2965.0,10:07,2882.3,-2.79,HARD_STOP,-3.54,-17690,-3538.0,1,0,2024-10,0.6666666666666666,0.25,0.16666666666666666
2024-10-17,PAYTM,7,ENTERPRISE-Dryup,09:15,726.05,10:07,706.7,-2.67,HARD_STOP,-3.54,-17690,-3538.0,1,0,2024-10,0.6,0.25,0.15
2024-10-17,AEGISLOG,9,GOLD,09:15,722.15,10:07,727.9,0.8,HARD_STOP,-3.54,-17690,-3538.0,1,1,2024-10,0.4666666666666667,1.1333333333333333,0.5288888888888889
2024-10-17,FIVESTAR,12,GOLD-baseline,09:15,894.95,10:07,904.05,1.02,HARD_STOP,-3.54,-17690,-3538.0,1,1,2024-10,0.26666666666666666,1.17,0.312
2024-10-17,CARTRADE,13,ENTERPRISE-Dryup,09:15,988.2,10:07,998.85,1.08,HARD_STOP,-3.54,-17690,-3538.0,1,1,2024-10,0.2,1.18,0.236
2024-10-17,SUNDARMFIN,14,ENTERPRISE-Dryup,09:15,4986.0,10:07,4932.85,-1.07,HARD_STOP,-3.54,-17690,-3538.0,1,0,2024-10,0.13333333333333333,0.25,0.03333333333333333
2024-10-17,PGEL,15,ENTERPRISE-Dryup,09:15,606.5,10:07,607.2,0.12,HARD_STOP,-3.54,-17690,-3538.0,1,1,2024-10,0.06666666666666667,1.02,0.068
2024-10-18,BEML,2,GOLD,09:15,1955.0,09:17,1929.7,-1.29,HARD_STOP,-4.39,-21941,-4388.2,1,0,2024-10,0.9333333333333333,0.25,0.23333333333333334
2024-10-18,PAYTM,4,ENTERPRISE-Dryup,09:15,690.15,09:17,685.0,-0.75,HARD_STOP,-4.39,-21941,-4388.2,1,0,2024-10,0.8,0.25,0.2
2024-10-18,MOTILALOFS,5,GOLD-baseline,09:15,932.9,09:17,916.65,-1.74,HARD_STOP,-4.39,-21941,-4388.2,1,0,2024-10,0.7333333333333333,0.25,0.18333333333333332
2024-10-18,TEJASNET,6,GOLD,09:15,1119.2,09:17,1116.35,-0.25,HARD_STOP,-4.39,-21941,-4388.2,1,0,2024-10,0.6666666666666666,0.25,0.16666666666666666
2024-10-18,CEATLTD,7,ENTERPRISE-Dryup,09:15,2799.0,09:17,2730.45,-2.45,HARD_STOP,-4.39,-21941,-4388.2,1,0,2024-10,0.6,0.25,0.15
2024-10-18,FIVESTAR,8,GOLD-baseline,09:15,884.3,09:17,886.65,0.27,HARD_STOP,-4.39,-21941,-4388.2,1,1,2024-10,0.5333333333333333,1.045,0.5573333333333332
2024-10-18,ABREL,9,GOLD,09:15,2855.95,09:17,2817.6,-1.34,HARD_STOP,-4.39,-21941,-4388.2,1,0,2024-10,0.4666666666666667,0.25,0.11666666666666667
2024-10-18,DCMSHRIRAM,10,GOLD-baseline,09:15,1099.0,09:17,1092.6,-0.58,HARD_STOP,-4.39,-21941,-4388.2,1,0,2024-10,0.4,0.25,0.1
2024-10-18,HINDPETRO,11,GOLD-baseline,09:15,419.4,09:17,417.0,-0.57,HARD_STOP,-4.39,-21941,-4388.2,1,0,2024-10,0.3333333333333333,0.25,0.08333333333333333
2024-10-18,ANANDRATHI,12,GOLD,09:15,2012.5,09:17,2033.2,1.03,HARD_STOP,-4.39,-21941,-4388.2,1,1,2024-10,0.26666666666666666,1.1716666666666666,0.3124444444444444
2024-10-18,AEGISLOG,13,GOLD,09:15,732.05,09:17,729.4,-0.36,HARD_STOP,-4.39,-21941,-4388.2,1,0,2024-10,0.2,0.25,0.05
2024-10-18,SUNDARMFIN,14,ENTERPRISE-Dryup,09:15,4857.7,09:17,4766.5,-1.88,HARD_STOP,-4.39,-21941,-4388.2,1,0,2024-10,0.13333333333333333,0.25,0.03333333333333333
2024-10-18,LTFOODS,15,ENTERPRISE-Dryup,09:15,417.5,09:17,414.55,-0.71,HARD_STOP,-4.39,-21941,-4388.2,1,0,2024-10,0.06666666666666667,0.25,0.016666666666666666
2024-10-21,AEGISLOG,6,GOLD,09:15,725.75,09:18,719.25,-0.9,HARD_STOP,-3.93,-19672,-3934.4,1,0,2024-10,0.6666666666666666,0.25,0.16666666666666666
2024-10-21,HINDPETRO,7,GOLD,09:15,421.95,09:18,423.45,0.36,HARD_STOP,-3.93,-19672,-3934.4,1,1,2024-10,0.6,1.06,0.636
2024-10-21,FIVESTAR,11,ENTERPRISE-Dryup,09:15,895.4,09:18,880.65,-1.65,HARD_STOP,-3.93,-19672,-3934.4,1,0,2024-10,0.3333333333333333,0.25,0.08333333333333333
2024-10-21,GMDCLTD,12,GOLD,09:15,360.05,09:18,356.4,-1.01,HARD_STOP,-3.93,-19672,-3934.4,1,0,2024-10,0.26666666666666666,0.25,0.06666666666666667
2024-10-21,LTFOODS,14,ENTERPRISE-Dryup,09:15,420.9,09:18,418.75,-0.51,HARD_STOP,-3.93,-19672,-3934.4,1,0,2024-10,0.13333333333333333,0.25,0.03333333333333333
2024-10-22,CUB,1,GOLD,09:15,164.0,09:25,164.82,0.5,HARD_STOP,-3.65,-18228,-3645.6,1,1,2024-10,1.0,1.0833333333333333,1.0833333333333333
2024-10-22,SONACOMS,2,PREMIUM-Compression,09:15,639.0,09:25,639.85,0.13,HARD_STOP,-3.65,-18228,-3645.6,1,1,2024-10,0.9333333333333333,1.0216666666666667,0.9535555555555556
2024-10-22,ASTERDM,3,ENTERPRISE-Dryup,09:15,425.0,09:25,423.4,-0.38,HARD_STOP,-3.65,-18228,-3645.6,1,0,2024-10,0.8666666666666667,0.25,0.21666666666666667
2024-10-22,MFSL,4,GOLD-baseline,09:15,1199.5,09:25,1193.75,-0.48,HARD_STOP,-3.65,-18228,-3645.6,1,0,2024-10,0.8,0.25,0.2
2024-10-22,COFORGE,5,GOLD-baseline,09:15,1366.0,09:25,1373.0,0.51,HARD_STOP,-3.65,-18228,-3645.6,1,1,2024-10,0.7333333333333333,1.085,0.7956666666666666
2024-10-22,RPOWER,6,ENTERPRISE-Dryup,09:15,40.36,09:25,39.4,-2.38,HARD_STOP,-3.65,-18228,-3645.6,1,0,2024-10,0.6666666666666666,0.25,0.16666666666666666
2024-10-22,IDBI,7,ENTERPRISE-Dryup,09:15,81.88,09:25,80.25,-1.99,HARD_STOP,-3.65,-18228,-3645.6,1,0,2024-10,0.6,0.25,0.15
2024-10-22,DEEPAKFERT,8,ENTERPRISE-Dryup,09:15,999.0,09:25,1002.15,0.32,HARD_STOP,-3.65,-18228,-3645.6,1,1,2024-10,0.5333333333333333,1.0533333333333332,0.5617777777777777
2024-10-22,J&KBANK,9,ENTERPRISE-Dryup,09:15,94.66,09:25,92.8,-1.96,HARD_STOP,-3.65,-18228,-3645.6,1,0,2024-10,0.4666666666666667,0.25,0.11666666666666667
2024-10-22,PERSISTENT,10,ENTERPRISE-Dryup,09:15,5252.0,09:25,5287.85,0.68,HARD_STOP,-3.65,-18228,-3645.6,1,1,2024-10,0.4,1.1133333333333333,0.44533333333333336
2024-10-22,VBL,11,ENTERPRISE-Dryup,09:15,584.2,09:25,580.3,-0.67,HARD_STOP,-3.65,-18228,-3645.6,1,0,2024-10,0.3333333333333333,0.25,0.08333333333333333
2024-10-22,THERMAX,12,ENTERPRISE-Dryup,09:15,5150.0,09:25,5115.05,-0.68,HARD_STOP,-3.65,-18228,-3645.6,1,0,2024-10,0.26666666666666666,0.25,0.06666666666666667
2024-10-22,ZENSARTECH,13,ENTERPRISE-Dryup,09:15,683.05,09:25,672.5,-1.54,HARD_STOP,-3.65,-18228,-3645.6,1,0,2024-10,0.2,0.25,0.05
2024-10-22,GESHIP,14,ENTERPRISE-Dryup,09:15,1245.05,09:25,1227.5,-1.41,HARD_STOP,-3.65,-18228,-3645.6,1,0,2024-10,0.13333333333333333,0.25,0.03333333333333333
2024-10-23,IDBI,1,GOLD,09:15,77.82,09:43,76.6,-1.57,TRAIL,2.87,14350,2870.0,1,0,2024-10,1.0,0.25,0.25
2024-10-23,ASTERDM,3,GOLD,09:15,407.0,09:43,401.2,-1.43,TRAIL,2.87,14350,2870.0,1,0,2024-10,0.8666666666666667,0.25,0.21666666666666667
2024-10-23,DEEPAKFERT,4,ENTERPRISE-Dryup,09:15,971.2,09:43,968.45,-0.28,TRAIL,2.87,14350,2870.0,1,0,2024-10,0.8,0.25,0.2
2024-10-23,RPOWER,5,ENTERPRISE-Dryup,09:15,37.3,09:43,38.52,3.27,TRAIL,2.87,14350,2870.0,1,1,2024-10,0.7333333333333333,1.545,1.1329999999999998
2024-10-23,J&KBANK,6,GOLD,09:15,91.18,09:43,89.12,-2.26,TRAIL,2.87,14350,2870.0,1,0,2024-10,0.6666666666666666,0.25,0.16666666666666666
2024-10-23,COFORGE,7,GOLD-baseline,09:15,1390.0,09:43,1457.5,4.86,TRAIL,2.87,14350,2870.0,1,1,2024-10,0.6,1.81,1.086
2024-10-23,ZENSARTECH,8,ENTERPRISE-Dryup,09:15,650.0,09:43,650.6,0.09,TRAIL,2.87,14350,2870.0,1,1,2024-10,0.5333333333333333,1.015,0.5413333333333332
2024-10-23,SONACOMS,9,GOLD-baseline,09:15,630.15,09:43,634.5,0.69,TRAIL,2.87,14350,2870.0,1,1,2024-10,0.4666666666666667,1.115,0.5203333333333333
2024-10-23,MFSL,10,GOLD-baseline,09:15,1195.0,09:43,1232.3,3.12,TRAIL,2.87,14350,2870.0,1,1,2024-10,0.4,1.52,0.6080000000000001
2024-10-23,PERSISTENT,11,ENTERPRISE-Dryup,09:15,5209.3,09:43,5481.45,5.22,TRAIL,2.87,14350,2870.0,1,1,2024-10,0.3333333333333333,1.87,0.6233333333333333
2024-10-23,THERMAX,12,ENTERPRISE-Dryup,09:15,5090.0,09:43,5000.0,-1.77,TRAIL,2.87,14350,2870.0,1,0,2024-10,0.26666666666666666,0.25,0.06666666666666667
2024-10-23,PPLPHARMA,14,ENTERPRISE-Dryup,09:15,215.45,09:43,211.81,-1.69,TRAIL,2.87,14350,2870.0,1,0,2024-10,0.13333333333333333,0.25,0.03333333333333333
2024-10-23,AEGISLOG,15,GOLD,09:15,733.7,09:43,733.55,-0.02,TRAIL,2.87,14350,2870.0,1,0,2024-10,0.06666666666666667,0.25,0.016666666666666666
2024-10-24,ASTERDM,1,GOLD,09:15,430.0,15:29,441.95,2.78,EOD,22.74,113718,22743.6,1,1,2024-10,1.0,1.4633333333333334,1.4633333333333334
2024-10-24,CUB,4,GOLD-baseline,09:15,168.85,15:29,169.6,0.44,EOD,22.74,113718,22743.6,1,1,2024-10,0.8,1.0733333333333333,0.8586666666666667
2024-10-24,IDBI,5,GOLD,09:15,78.51,15:29,81.29,3.54,EOD,22.74,113718,22743.6,1,1,2024-10,0.7333333333333333,1.5899999999999999,1.1659999999999997
2024-10-24,THERMAX,11,ENTERPRISE-Dryup,09:15,5052.0,15:29,5160.0,2.14,EOD,22.74,113718,22743.6,1,1,2024-10,0.3333333333333333,1.3566666666666667,0.4522222222222222
2024-10-24,SONACOMS,12,GOLD,09:15,664.0,15:29,728.0,9.64,EOD,22.74,113718,22743.6,1,1,2024-10,0.26666666666666666,2.6066666666666665,0.695111111111111
2024-10-24,GESHIP,14,ENTERPRISE-Dryup,09:15,1214.0,15:29,1247.0,2.72,EOD,22.74,113718,22743.6,1,1,2024-10,0.13333333333333333,1.4533333333333334,0.19377777777777777
2024-10-24,PPLPHARMA,15,ENTERPRISE-Dryup,09:15,227.8,15:29,252.7,10.93,EOD,22.74,113718,22743.6,1,1,2024-10,0.06666666666666667,2.8216666666666663,0.1881111111111111
2024-10-25,COFORGE,2,GOLD-baseline,09:15,1537.0,09:24,1534.0,-0.2,HARD_STOP,-3.53,-17641,-3528.2,1,0,2024-10,0.9333333333333333,0.25,0.23333333333333334
2024-10-25,J&KBANK,3,GOLD,09:15,93.65,09:24,92.95,-0.75,HARD_STOP,-3.53,-17641,-3528.2,1,0,2024-10,0.8666666666666667,0.25,0.21666666666666667
2024-10-25,VBL,5,GOLD-baseline,09:15,613.0,09:24,608.2,-0.78,HARD_STOP,-3.53,-17641,-3528.2,1,0,2024-10,0.7333333333333333,0.25,0.18333333333333332
2024-10-25,CUB,6,GOLD-baseline,09:15,170.8,09:24,169.18,-0.95,HARD_STOP,-3.53,-17641,-3528.2,1,0,2024-10,0.6666666666666666,0.25,0.16666666666666666
2024-10-25,PERSISTENT,8,GOLD-baseline,09:15,5748.2,09:24,5704.25,-0.76,HARD_STOP,-3.53,-17641,-3528.2,1,0,2024-10,0.5333333333333333,0.25,0.13333333333333333
2024-10-25,MFSL,9,GOLD-baseline,09:15,1287.8,09:24,1300.0,0.95,HARD_STOP,-3.53,-17641,-3528.2,1,1,2024-10,0.4666666666666667,1.1583333333333332,0.5405555555555555
2024-10-25,ZENSARTECH,11,GOLD,09:15,683.0,09:24,679.4,-0.53,HARD_STOP,-3.53,-17641,-3528.2,1,0,2024-10,0.3333333333333333,0.25,0.08333333333333333
2024-10-25,DEEPAKFERT,13,GOLD-baseline,09:15,1116.0,09:24,1097.0,-1.7,HARD_STOP,-3.53,-17641,-3528.2,1,0,2024-10,0.2,0.25,0.05
2024-10-25,AEGISLOG,15,ENTERPRISE-Dryup,09:15,753.55,09:24,744.8,-1.16,HARD_STOP,-3.53,-17641,-3528.2,1,0,2024-10,0.06666666666666667,0.25,0.016666666666666666
2024-10-28,IDBI,1,GOLD-baseline,09:15,83.0,09:17,81.65,-1.63,HARD_STOP,-3.34,-16704,-3340.8,1,0,2024-10,1.0,0.25,0.25
2024-10-28,CUB,2,GOLD-baseline,09:15,172.7,09:17,173.0,0.17,HARD_STOP,-3.34,-16704,-3340.8,1,1,2024-10,0.9333333333333333,1.0283333333333333,0.9597777777777777
2024-10-28,ASTERDM,3,GOLD-baseline,09:15,452.75,09:17,440.55,-2.69,HARD_STOP,-3.34,-16704,-3340.8,1,0,2024-10,0.8666666666666667,0.25,0.21666666666666667
2024-10-28,MFSL,4,GOLD-baseline,09:15,1270.7,09:17,1267.45,-0.26,HARD_STOP,-3.34,-16704,-3340.8,1,0,2024-10,0.8,0.25,0.2
2024-10-28,ZENSARTECH,5,GOLD,09:15,686.0,09:17,687.65,0.24,HARD_STOP,-3.34,-16704,-3340.8,1,1,2024-10,0.7333333333333333,1.04,0.7626666666666666
2024-10-28,RPOWER,7,ENTERPRISE-Dryup,09:15,43.2,09:17,42.36,-1.94,HARD_STOP,-3.34,-16704,-3340.8,1,0,2024-10,0.6,0.25,0.15
2024-10-28,PERSISTENT,8,GOLD-baseline,09:15,5655.0,09:17,5710.45,0.98,HARD_STOP,-3.34,-16704,-3340.8,1,1,2024-10,0.5333333333333333,1.1633333333333333,0.6204444444444445
2024-10-28,COFORGE,9,GOLD-baseline,09:15,1543.0,09:17,1550.0,0.45,HARD_STOP,-3.34,-16704,-3340.8,1,1,2024-10,0.4666666666666667,1.075,0.5016666666666667
2024-10-28,DEEPAKFERT,11,GOLD-baseline,09:15,1154.0,09:17,1152.35,-0.14,HARD_STOP,-3.34,-16704,-3340.8,1,0,2024-10,0.3333333333333333,0.25,0.08333333333333333
2024-10-28,VBL,12,GOLD,09:15,608.25,09:17,606.45,-0.3,HARD_STOP,-3.34,-16704,-3340.8,1,0,2024-10,0.26666666666666666,0.25,0.06666666666666667
2024-10-28,PPLPHARMA,13,GOLD-baseline,09:15,246.0,09:17,244.76,-0.5,HARD_STOP,-3.34,-16704,-3340.8,1,0,2024-10,0.2,0.25,0.05
2024-10-28,SONACOMS,14,GOLD-baseline,09:15,699.25,09:17,693.55,-0.82,HARD_STOP,-3.34,-16704,-3340.8,1,0,2024-10,0.13333333333333333,0.25,0.03333333333333333
2024-10-28,GESHIP,15,GOLD,09:15,1240.0,09:17,1221.65,-1.48,HARD_STOP,-3.34,-16704,-3340.8,1,0,2024-10,0.06666666666666667,0.25,0.016666666666666666
2024-10-29,PHOENIXLTD,1,GOLD-baseline,09:15,1460.95,10:40,1497.15,2.48,TRAIL,2.17,10866,2173.2,1,1,2024-10,1.0,1.4133333333333333,1.4133333333333333
2024-10-29,GPIL,2,ENTERPRISE-Dryup,09:15,173.1,10:40,171.3,-1.04,TRAIL,2.17,10866,2173.2,1,0,2024-10,0.9333333333333333,0.25,0.23333333333333334
2024-10-29,MAHABANK,6,GOLD,09:15,49.81,10:40,49.87,0.12,TRAIL,2.17,10866,2173.2,1,1,2024-10,0.6666666666666666,1.02,0.6799999999999999
2024-10-29,ESCORTS,11,GOLD,09:15,3520.0,10:40,3554.4,0.98,TRAIL,2.17,10866,2173.2,1,1,2024-10,0.3333333333333333,1.1633333333333333,0.3877777777777778
2024-10-29,BEML,13,ENTERPRISE-Dryup,09:15,1880.0,10:40,1877.4,-0.14,TRAIL,2.17,10866,2173.2,1,0,2024-10,0.2,0.25,0.05
2024-10-30,EMAMILTD,2,PREMIUM-Compression,09:15,655.0,15:29,668.05,1.99,EOD,24.69,123449,24689.8,1,1,2024-10,0.9333333333333333,1.3316666666666666,1.2428888888888887
2024-10-30,GPIL,4,ENTERPRISE-Dryup,09:15,173.45,15:29,190.1,9.6,EOD,24.69,123449,24689.8,1,1,2024-10,0.8,2.5999999999999996,2.0799999999999996
2024-10-30,FACT,5,ENTERPRISE-Dryup,09:15,829.8,15:29,864.0,4.12,EOD,24.69,123449,24689.8,1,1,2024-10,0.7333333333333333,1.6866666666666665,1.2368888888888887
2024-10-30,NBCC,6,GOLD,09:15,93.55,15:29,97.26,3.97,EOD,24.69,123449,24689.8,1,1,2024-10,0.6666666666666666,1.6616666666666666,1.1077777777777778
2024-10-30,GRAVITA,7,GOLD,09:15,2007.7,15:29,2000.0,-0.38,EOD,24.69,123449,24689.8,1,0,2024-10,0.6,0.25,0.15
2024-10-30,ARE&M,8,GOLD,09:15,1337.8,15:29,1357.0,1.44,EOD,24.69,123449,24689.8,1,1,2024-10,0.5333333333333333,1.24,0.6613333333333333
2024-10-30,IFCI,9,GOLD,09:15,53.45,15:29,57.65,7.86,EOD,24.69,123449,24689.8,1,1,2024-10,0.4666666666666667,2.31,1.078
2024-10-30,RVNL,10,ENTERPRISE-Dryup,09:15,440.0,15:29,467.0,6.14,EOD,24.69,123449,24689.8,1,1,2024-10,0.4,2.0233333333333334,0.8093333333333335
2024-10-30,JWL,12,ENTERPRISE-Dryup,09:15,467.7,15:29,488.75,4.5,EOD,24.69,123449,24689.8,1,1,2024-10,0.26666666666666666,1.75,0.4666666666666667
2024-10-30,NSLNISP,14,GOLD,09:15,45.25,15:29,46.35,2.43,EOD,24.69,123449,24689.8,1,1,2024-10,0.13333333333333333,1.405,0.18733333333333332
2024-10-30,ACE,15,GOLD-baseline,09:15,1166.05,15:29,1321.05,13.29,EOD,24.69,123449,24689.8,1,1,2024-10,0.06666666666666667,3.215,0.21433333333333332
2024-10-31,BHEL,4,GOLD,09:15,236.5,15:29,239.0,1.06,EOD,11.52,57611,11522.2,1,1,2024-10,0.8,1.1766666666666667,0.9413333333333335
2024-10-31,INDIANB,5,GOLD-baseline,09:15,562.6,15:29,574.95,2.2,EOD,11.52,57611,11522.2,1,1,2024-10,0.7333333333333333,1.3666666666666667,1.0022222222222221
2024-10-31,GRAVITA,6,PREMIUM-Compression,09:15,2000.8,15:29,2119.0,5.91,EOD,11.52,57611,11522.2,1,1,2024-10,0.6666666666666666,1.9849999999999999,1.3233333333333333
2024-10-31,HUDCO,8,GOLD,09:15,216.9,15:29,217.19,0.13,EOD,11.52,57611,11522.2,1,1,2024-10,0.5333333333333333,1.0216666666666667,0.5448888888888889
2024-10-31,TECHNOE,13,ENTERPRISE-Dryup,09:15,1510.9,15:29,1548.0,2.46,EOD,11.52,57611,11522.2,1,1,2024-10,0.2,1.41,0.282
2024-11-01,INDIANB,1,GOLD,09:15,577.85,18:00,577.1,-0.13,EOD,2.21,11071,2214.2,1,0,2024-11,1.0,0.25,0.25
2024-11-01,BHEL,2,GOLD,09:15,240.9,18:00,242.83,0.8,EOD,2.21,11071,2214.2,1,1,2024-11,0.9333333333333333,1.1333333333333333,1.0577777777777777
2024-11-01,IFCI,3,GOLD,09:15,58.1,18:00,58.63,0.91,EOD,2.21,11071,2214.2,1,1,2024-11,0.8666666666666667,1.1516666666666666,0.9981111111111111
2024-11-01,DATAPATTNS,6,GOLD,09:15,2440.0,18:00,2459.85,0.81,EOD,2.21,11071,2214.2,1,1,2024-11,0.6666666666666666,1.135,0.7566666666666666
2024-11-01,PHOENIXLTD,7,GOLD,09:15,1559.0,18:00,1544.8,-0.91,EOD,2.21,11071,2214.2,1,0,2024-11,0.6,0.25,0.15
2024-11-01,NBCC,8,GOLD,09:15,97.9,18:00,100.3,2.45,EOD,2.21,11071,2214.2,1,1,2024-11,0.5333333333333333,1.4083333333333334,0.7511111111111112
2024-11-01,CEMPRO,9,ENTERPRISE-Dryup,09:15,568.6,18:00,572.2,0.63,EOD,2.21,11071,2214.2,1,1,2024-11,0.4666666666666667,1.105,0.5156666666666667
2024-11-01,COCHINSHIP,10,ENTERPRISE-Dryup,09:15,1523.0,18:00,1522.0,-0.07,EOD,2.21,11071,2214.2,1,0,2024-11,0.4,0.25,0.1
2024-11-01,BRIGADE,12,ENTERPRISE-Dryup,09:15,1225.0,18:00,1226.0,0.08,EOD,2.21,11071,2214.2,1,1,2024-11,0.26666666666666666,1.0133333333333334,0.27022222222222225
2024-11-01,JUBLINGREA,13,ENTERPRISE-Dryup,09:15,715.0,18:00,717.35,0.33,EOD,2.21,11071,2214.2,1,1,2024-11,0.2,1.055,0.211
2024-11-01,RVNL,15,GOLD,09:15,471.0,18:00,473.7,0.57,EOD,2.21,11071,2214.2,1,1,2024-11,0.06666666666666667,1.095,0.073
2024-11-04,BHEL,2,PREMIUM-Compression,09:15,242.95,09:15,239.27,-1.51,HARD_STOP,-6.41,-32063,-6412.6,1,0,2024-11,0.9333333333333333,0.25,0.23333333333333334
2024-11-04,RVNL,4,PREMIUM-Compression,09:15,469.3,09:15,462.85,-1.37,HARD_STOP,-6.41,-32063,-6412.6,1,0,2024-11,0.8,0.25,0.2
2024-11-04,DATAPATTNS,5,GOLD,09:15,2437.85,09:15,2408.55,-1.2,HARD_STOP,-6.41,-32063,-6412.6,1,0,2024-11,0.7333333333333333,0.25,0.18333333333333332
2024-11-04,ENGINERSIN,6,PREMIUM-Compression,09:15,196.16,09:15,193.26,-1.48,HARD_STOP,-6.41,-32063,-6412.6,1,0,2024-11,0.6666666666666666,0.25,0.16666666666666666
2024-11-04,KEC,7,ENTERPRISE-Dryup,09:15,1000.0,09:15,964.55,-3.55,HARD_STOP,-6.41,-32063,-6412.6,1,0,2024-11,0.6,0.25,0.15
2024-11-04,SCI,8,PREMIUM-Compression,09:15,213.33,09:15,211.25,-0.98,HARD_STOP,-6.41,-32063,-6412.6,1,0,2024-11,0.5333333333333333,0.25,0.13333333333333333
2024-11-04,HUDCO,9,PREMIUM-Compression,09:15,219.7,09:15,218.84,-0.39,HARD_STOP,-6.41,-32063,-6412.6,1,0,2024-11,0.4666666666666667,0.25,0.11666666666666667
2024-11-04,PHOENIXLTD,10,PREMIUM-Compression,09:15,1553.0,09:15,1526.8,-1.69,HARD_STOP,-6.41,-32063,-6412.6,1,0,2024-11,0.4,0.25,0.1
2024-11-04,MANAPPURAM,11,ENTERPRISE-Dryup,09:15,159.64,09:15,158.64,-0.63,HARD_STOP,-6.41,-32063,-6412.6,1,0,2024-11,0.3333333333333333,0.25,0.08333333333333333
2024-11-04,GRSE,15,PREMIUM-Compression,09:15,1608.0,09:15,1616.15,0.51,HARD_STOP,-6.41,-32063,-6412.6,1,1,2024-11,0.06666666666666667,1.085,0.07233333333333333
2024-11-05,SUPREMEIND,1,ENTERPRISE-Dryup,09:15,4214.2,15:29,4380.0,3.93,EOD,8.9,44482,8896.4,1,1,2024-11,1.0,1.655,1.655
2024-11-05,LATENTVIEW,2,ENTERPRISE-Dryup,09:15,455.0,15:29,455.0,0.0,EOD,8.9,44482,8896.4,1,0,2024-11,0.9333333333333333,0.25,0.23333333333333334
2024-11-05,GLAND,3,ENTERPRISE-Dryup,09:15,1601.0,15:29,1820.0,13.68,EOD,8.9,44482,8896.4,1,1,2024-11,0.8666666666666667,3.28,2.8426666666666667
2024-11-05,MAPMYINDIA,4,ENTERPRISE-Dryup,09:15,1925.7,15:29,1899.0,-1.39,EOD,8.9,44482,8896.4,1,0,2024-11,0.8,0.25,0.2
2024-11-05,ITI,5,ENTERPRISE-Dryup,09:15,221.85,15:29,224.0,0.97,EOD,8.9,44482,8896.4,1,1,2024-11,0.7333333333333333,1.1616666666666666,0.8518888888888888
2024-11-05,VOLTAS,6,ENTERPRISE-Dryup,09:15,1660.55,15:29,1689.0,1.71,EOD,8.9,44482,8896.4,1,1,2024-11,0.6666666666666666,1.285,0.8566666666666666
2024-11-05,DCMSHRIRAM,7,GOLD-baseline,09:15,1057.3,15:29,1048.0,-0.88,EOD,8.9,44482,8896.4,1,0,2024-11,0.6,0.25,0.15
2024-11-05,COROMANDEL,9,GOLD-baseline,09:15,1635.15,15:29,1673.95,2.37,EOD,8.9,44482,8896.4,1,1,2024-11,0.4666666666666667,1.395,0.651
2024-11-05,INDHOTEL,10,ENTERPRISE-Dryup,09:15,665.9,15:29,668.0,0.32,EOD,8.9,44482,8896.4,1,1,2024-11,0.4,1.0533333333333332,0.42133333333333334
2024-11-05,PGEL,11,GOLD-baseline,09:15,621.0,15:29,630.85,1.59,EOD,8.9,44482,8896.4,1,1,2024-11,0.3333333333333333,1.2650000000000001,0.4216666666666667
2024-11-05,PAYTM,12,ENTERPRISE-Dryup,09:15,751.0,15:29,760.6,1.28,EOD,8.9,44482,8896.4,1,1,2024-11,0.26666666666666666,1.2133333333333334,0.32355555555555554
2024-11-05,VIJAYA,13,ENTERPRISE-Dryup,09:15,966.6,15:29,979.0,1.28,EOD,8.9,44482,8896.4,1,1,2024-11,0.2,1.2133333333333334,0.2426666666666667
2024-11-05,GRANULES,14,ENTERPRISE-Dryup,09:15,549.5,15:29,548.6,-0.16,EOD,8.9,44482,8896.4,1,0,2024-11,0.13333333333333333,0.25,0.03333333333333333
2024-11-05,BEL,15,ENTERPRISE-Dryup,09:15,282.5,15:29,285.55,1.08,EOD,8.9,44482,8896.4,1,1,2024-11,0.06666666666666667,1.18,0.07866666666666666
2024-11-06,MAPMYINDIA,1,ENTERPRISE-Dryup,09:15,1911.0,15:29,1996.0,4.45,EOD,22.35,111755,22351.0,1,1,2024-11,1.0,1.7416666666666667,1.7416666666666667
2024-11-06,LATENTVIEW,5,ENTERPRISE-Dryup,09:15,456.9,15:29,469.0,2.65,EOD,22.35,111755,22351.0,1,1,2024-11,0.7333333333333333,1.4416666666666667,1.057222222222222
2024-11-06,DCMSHRIRAM,6,ENTERPRISE-Dryup,09:15,1049.15,15:29,1118.0,6.56,EOD,22.35,111755,22351.0,1,1,2024-11,0.6666666666666666,2.0933333333333333,1.3955555555555554
2024-11-06,INDHOTEL,7,ENTERPRISE-Dryup,09:15,669.0,15:29,687.0,2.69,EOD,22.35,111755,22351.0,1,1,2024-11,0.6,1.4483333333333333,0.8689999999999999
2024-11-06,ITI,8,ENTERPRISE-Dryup,09:15,224.8,15:29,233.0,3.65,EOD,22.35,111755,22351.0,1,1,2024-11,0.5333333333333333,1.6083333333333334,0.8577777777777778
2024-11-06,DIXON,9,ENTERPRISE-Dryup,09:15,14500.15,15:29,15630.0,7.79,EOD,22.35,111755,22351.0,1,1,2024-11,0.4666666666666667,2.2983333333333333,1.0725555555555555
2024-11-06,JSWENERGY,10,ENTERPRISE-Dryup,09:15,660.95,15:29,684.95,3.63,EOD,22.35,111755,22351.0,1,1,2024-11,0.4,1.605,0.642
2024-11-06,PGEL,11,ENTERPRISE-Dryup,09:15,630.0,15:29,666.5,5.79,EOD,22.35,111755,22351.0,1,1,2024-11,0.3333333333333333,1.9649999999999999,0.6549999999999999
2024-11-06,VOLTAS,12,ENTERPRISE-Dryup,09:15,1696.55,15:29,1736.5,2.35,EOD,22.35,111755,22351.0,1,1,2024-11,0.26666666666666666,1.3916666666666666,0.3711111111111111
2024-11-06,CARTRADE,13,GOLD-baseline,09:15,1125.5,15:29,1196.9,6.34,EOD,22.35,111755,22351.0,1,1,2024-11,0.2,2.0566666666666666,0.41133333333333333
2024-11-06,BEL,14,ENTERPRISE-Dryup,09:15,287.5,15:29,302.0,5.04,EOD,22.35,111755,22351.0,1,1,2024-11,0.13333333333333333,1.8399999999999999,0.24533333333333332
2024-11-06,ECLERX,15,ENTERPRISE-Dryup,09:15,1575.0,15:29,1628.5,3.4,EOD,22.35,111755,22351.0,1,1,2024-11,0.06666666666666667,1.5666666666666667,0.10444444444444444
2024-11-07,GLAND,5,GOLD-baseline,09:15,1827.2,09:46,1812.9,-0.78,HARD_STOP,-4.1,-20488,-4097.6,1,0,2024-11,0.7333333333333333,0.25,0.18333333333333332
2024-11-08,SUPREMEIND,1,GOLD,09:15,4640.0,11:56,4603.5,-0.79,TRAIL,3.09,15433,3086.6,1,0,2024-11,1.0,0.25,0.25
2024-11-08,VOLTAS,2,GOLD-baseline,09:15,1775.0,11:56,1758.0,-0.96,TRAIL,3.09,15433,3086.6,1,0,2024-11,0.9333333333333333,0.25,0.23333333333333334
2024-11-08,INDHOTEL,3,GOLD,09:15,710.0,11:56,722.6,1.77,TRAIL,3.09,15433,3086.6,1,1,2024-11,0.8666666666666667,1.295,1.1223333333333334
2024-11-08,BLUEJET,4,GOLD-baseline,09:15,540.25,11:56,537.15,-0.57,TRAIL,3.09,15433,3086.6,1,0,2024-11,0.8,0.25,0.2
2024-11-08,LATENTVIEW,6,ENTERPRISE-Dryup,09:15,466.0,11:56,460.15,-1.26,TRAIL,3.09,15433,3086.6,1,0,2024-11,0.6666666666666666,0.25,0.16666666666666666
2024-11-08,CARTRADE,8,GOLD,09:15,1205.0,11:56,1248.05,3.57,TRAIL,3.09,15433,3086.6,1,1,2024-11,0.5333333333333333,1.595,0.8506666666666667
2024-11-08,PAYTM,9,ENTERPRISE-Dryup,09:15,796.0,11:56,821.35,3.18,TRAIL,3.09,15433,3086.6,1,1,2024-11,0.4666666666666667,1.53,0.7140000000000001
2024-11-08,BEL,10,GOLD,09:15,300.35,11:56,298.35,-0.67,TRAIL,3.09,15433,3086.6,1,0,2024-11,0.4,0.25,0.1
2024-11-08,PGEL,12,GOLD,09:15,670.05,11:56,688.4,2.74,TRAIL,3.09,15433,3086.6,1,1,2024-11,0.26666666666666666,1.4566666666666668,0.3884444444444445
2024-11-08,GRANULES,15,GOLD-baseline,09:15,572.15,11:56,570.35,-0.31,TRAIL,3.09,15433,3086.6,1,0,2024-11,0.06666666666666667,0.25,0.016666666666666666
2024-11-11,SUPREMEIND,1,PREMIUM-Compression,09:15,4584.0,12:42,4663.4,1.73,TRAIL,3.1,15518,3103.6,1,1,2024-11,1.0,1.2883333333333333,1.2883333333333333
2024-11-11,GLAND,3,GOLD,09:15,1784.5,12:42,1830.0,2.55,TRAIL,3.1,15518,3103.6,1,1,2024-11,0.8666666666666667,1.425,1.235
2024-11-11,VOLTAS,4,GOLD-baseline,09:15,1768.8,12:42,1754.05,-0.83,TRAIL,3.1,15518,3103.6,1,0,2024-11,0.8,0.25,0.2
2024-11-11,COROMANDEL,5,GOLD,09:15,1752.25,12:42,1750.95,-0.07,TRAIL,3.1,15518,3103.6,1,0,2024-11,0.7333333333333333,0.25,0.18333333333333332
2024-11-11,DCMSHRIRAM,7,GOLD-baseline,09:15,1242.9,12:42,1238.1,-0.39,TRAIL,3.1,15518,3103.6,1,0,2024-11,0.6,0.25,0.15
2024-11-11,JSWENERGY,8,GOLD,09:15,709.85,12:42,740.0,4.25,TRAIL,3.1,15518,3103.6,1,1,2024-11,0.5333333333333333,1.7083333333333335,0.9111111111111112
2024-11-11,BLUEJET,9,GOLD,09:15,542.05,12:42,533.6,-1.56,TRAIL,3.1,15518,3103.6,1,0,2024-11,0.4666666666666667,0.25,0.11666666666666667
2024-11-11,TARIL,12,ENTERPRISE-Dryup,09:15,510.0,12:42,510.0,0.0,TRAIL,3.1,15518,3103.6,1,0,2024-11,0.26666666666666666,0.25,0.06666666666666667
2024-11-11,KALYANKJIL,14,GOLD-baseline,09:15,692.05,12:42,704.85,1.85,TRAIL,3.1,15518,3103.6,1,1,2024-11,0.13333333333333333,1.3083333333333333,0.17444444444444446
2024-11-11,DIXON,15,GOLD-baseline,09:15,15621.1,12:42,15500.0,-0.78,TRAIL,3.1,15518,3103.6,1,0,2024-11,0.06666666666666667,0.25,0.016666666666666666
2024-11-12,NEULANDLAB,2,ENTERPRISE-Dryup,09:15,14002.3,14:04,15500.0,10.7,TRAIL,3.41,17028,3405.6,1,1,2024-11,0.9333333333333333,2.783333333333333,2.5977777777777775
2024-11-12,SAREGAMA,3,ENTERPRISE-Dryup,09:15,482.9,14:04,475.3,-1.57,TRAIL,3.41,17028,3405.6,1,0,2024-11,0.8666666666666667,0.25,0.21666666666666667
2024-11-12,DCMSHRIRAM,5,GOLD-baseline,09:15,1256.95,14:04,1246.55,-0.83,TRAIL,3.41,17028,3405.6,1,0,2024-11,0.7333333333333333,0.25,0.18333333333333332
2024-11-12,DEEPAKNTR,6,ENTERPRISE-Dryup,09:15,2628.0,14:04,2572.9,-2.1,TRAIL,3.41,17028,3405.6,1,0,2024-11,0.6666666666666666,0.25,0.16666666666666666
2024-11-12,EICHERMOT,7,ENTERPRISE-Dryup,09:15,4788.0,14:04,4745.8,-0.88,TRAIL,3.41,17028,3405.6,1,0,2024-11,0.6,0.25,0.15
2024-11-12,AEGISLOG,8,ENTERPRISE-Dryup,09:15,760.5,14:04,775.05,1.91,TRAIL,3.41,17028,3405.6,1,1,2024-11,0.5333333333333333,1.3183333333333334,0.7031111111111111
2024-11-12,POLYMED,9,ENTERPRISE-Dryup,09:15,2731.85,14:04,2719.6,-0.45,TRAIL,3.41,17028,3405.6,1,0,2024-11,0.4666666666666667,0.25,0.11666666666666667
2024-11-12,NUVAMA,10,ENTERPRISE-Dryup,09:15,1363.0,14:04,1327.0,-2.64,TRAIL,3.41,17028,3405.6,1,0,2024-11,0.4,0.25,0.1
2024-11-12,UNOMINDA,11,ENTERPRISE-Dryup,09:15,929.0,14:04,970.65,4.48,TRAIL,3.41,17028,3405.6,1,1,2024-11,0.3333333333333333,1.7466666666666666,0.5822222222222222
2024-11-12,POLICYBZR,12,GOLD,09:15,1679.9,14:04,1678.1,-0.11,TRAIL,3.41,17028,3405.6,1,0,2024-11,0.26666666666666666,0.25,0.06666666666666667
2024-11-12,RAINBOW,13,ENTERPRISE-Dryup,09:15,1569.8,14:04,1625.2,3.53,TRAIL,3.41,17028,3405.6,1,1,2024-11,0.2,1.5883333333333334,0.3176666666666667
2024-11-12,BLUESTARCO,14,GOLD-baseline,09:15,1797.6,14:04,1767.75,-1.66,TRAIL,3.41,17028,3405.6,1,0,2024-11,0.13333333333333333,0.25,0.03333333333333333
2024-11-12,MEDANTA,15,ENTERPRISE-Dryup,09:15,1079.0,14:04,1070.9,-0.75,TRAIL,3.41,17028,3405.6,1,0,2024-11,0.06666666666666667,0.25,0.016666666666666666
2024-11-13,SAREGAMA,1,ENTERPRISE-Dryup,09:15,470.0,09:25,456.75,-2.82,HARD_STOP,-3.57,-17868,-3573.6,1,0,2024-11,1.0,0.25,0.25
2024-11-13,ETERNAL,4,ENTERPRISE-Dryup,09:15,258.08,09:25,258.8,0.28,HARD_STOP,-3.57,-17868,-3573.6,1,1,2024-11,0.8,1.0466666666666666,0.8373333333333334
2024-11-13,DEEPAKNTR,5,GOLD,09:15,2564.0,09:25,2560.7,-0.13,HARD_STOP,-3.57,-17868,-3573.6,1,0,2024-11,0.7333333333333333,0.25,0.18333333333333332
2024-11-13,DCMSHRIRAM,6,GOLD-baseline,09:15,1244.0,09:25,1236.2,-0.63,HARD_STOP,-3.57,-17868,-3573.6,1,0,2024-11,0.6666666666666666,0.25,0.16666666666666666
2024-11-13,EICHERMOT,7,ENTERPRISE-Dryup,09:15,4700.0,09:25,4701.2,0.03,HARD_STOP,-3.57,-17868,-3573.6,1,1,2024-11,0.6,1.005,0.6029999999999999
2024-11-13,AEGISLOG,8,ENTERPRISE-Dryup,09:15,765.05,09:25,775.7,1.39,HARD_STOP,-3.57,-17868,-3573.6,1,1,2024-11,0.5333333333333333,1.2316666666666667,0.6568888888888889
2024-11-13,POLYMED,9,ENTERPRISE-Dryup,09:15,2680.0,09:25,2637.7,-1.58,HARD_STOP,-3.57,-17868,-3573.6,1,0,2024-11,0.4666666666666667,0.25,0.11666666666666667
2024-11-13,NUVAMA,10,ENTERPRISE-Dryup,09:15,1315.0,09:25,1278.5,-2.78,HARD_STOP,-3.57,-17868,-3573.6,1,0,2024-11,0.4,0.25,0.1
2024-11-13,POLICYBZR,11,ENTERPRISE-Dryup,09:15,1685.1,09:25,1680.15,-0.29,HARD_STOP,-3.57,-17868,-3573.6,1,0,2024-11,0.3333333333333333,0.25,0.08333333333333333
2024-11-13,COHANCE,13,ENTERPRISE-Dryup,09:15,1220.0,09:25,1219.0,-0.08,HARD_STOP,-3.57,-17868,-3573.6,1,0,2024-11,0.2,0.25,0.05
2024-11-14,NEULANDLAB,2,GOLD-baseline,09:15,14610.0,15:29,15470.0,5.89,EOD,20.93,104638,20927.6,1,1,2024-11,0.9333333333333333,1.9816666666666665,1.8495555555555554
2024-11-14,ETERNAL,3,ENTERPRISE-Dryup,09:15,261.5,15:29,269.85,3.19,EOD,20.93,104638,20927.6,1,1,2024-11,0.8666666666666667,1.5316666666666667,1.3274444444444446
2024-11-14,SAREGAMA,4,ENTERPRISE-Dryup,09:15,477.45,15:29,484.25,1.42,EOD,20.93,104638,20927.6,1,1,2024-11,0.8,1.2366666666666666,0.9893333333333333
2024-11-14,DCMSHRIRAM,5,ENTERPRISE-Dryup,09:15,1190.0,15:29,1288.0,8.24,EOD,20.93,104638,20927.6,1,1,2024-11,0.7333333333333333,2.373333333333333,1.7404444444444442
2024-11-14,DEEPAKNTR,6,GOLD-baseline,09:15,2453.0,15:29,2635.0,7.42,EOD,20.93,104638,20927.6,1,1,2024-11,0.6666666666666666,2.2366666666666664,1.4911111111111108
2024-11-14,EICHERMOT,7,ENTERPRISE-Dryup,09:15,4725.45,15:29,4890.95,3.5,EOD,20.93,104638,20927.6,1,1,2024-11,0.6,1.5833333333333335,0.9500000000000001
2024-11-14,POLYMED,8,ENTERPRISE-Dryup,09:15,2669.95,15:29,2709.75,1.49,EOD,20.93,104638,20927.6,1,1,2024-11,0.5333333333333333,1.2483333333333333,0.6657777777777778
2024-11-14,AEGISLOG,9,GOLD,09:15,784.45,15:29,803.0,2.36,EOD,20.93,104638,20927.6,1,1,2024-11,0.4666666666666667,1.3933333333333333,0.6502222222222223
2024-11-14,NUVAMA,10,ENTERPRISE-Dryup,09:15,1276.0,15:29,1349.0,5.72,EOD,20.93,104638,20927.6,1,1,2024-11,0.4,1.9533333333333331,0.7813333333333333
2024-11-14,RAINBOW,11,ENTERPRISE-Dryup,09:15,1618.65,15:29,1649.05,1.88,EOD,20.93,104638,20927.6,1,1,2024-11,0.3333333333333333,1.3133333333333332,0.4377777777777777
2024-11-14,ZYDUSWELL,12,GOLD,09:15,374.7,15:29,392.2,4.67,EOD,20.93,104638,20927.6,1,1,2024-11,0.26666666666666666,1.7783333333333333,0.4742222222222222
2024-11-14,POLICYBZR,13,ENTERPRISE-Dryup,09:15,1636.1,15:29,1730.0,5.74,EOD,20.93,104638,20927.6,1,1,2024-11,0.2,1.9566666666666666,0.3913333333333333
2024-11-14,MEDANTA,15,ENTERPRISE-Dryup,09:15,1033.95,15:29,1072.0,3.68,EOD,20.93,104638,20927.6,1,1,2024-11,0.06666666666666667,1.6133333333333333,0.10755555555555556
2024-11-18,POLYMED,7,ENTERPRISE-Dryup,09:15,2724.85,09:15,2691.15,-1.24,HARD_STOP,-4.2,-20989,-4197.8,1,0,2024-11,0.6,0.25,0.15
2024-11-18,COHANCE,11,GOLD-baseline,09:15,1274.7,09:15,1270.05,-0.36,HARD_STOP,-4.2,-20989,-4197.8,1,0,2024-11,0.3333333333333333,0.25,0.08333333333333333
2024-11-19,PTCIL,3,GOLD-baseline,09:15,11224.5,15:29,11650.0,3.79,EOD,14.43,72128,14425.6,1,1,2024-11,0.8666666666666667,1.6316666666666668,1.4141111111111113
2024-11-19,CONCORDBIO,4,GOLD,09:15,1915.0,15:29,1903.05,-0.62,EOD,14.43,72128,14425.6,1,0,2024-11,0.8,0.25,0.2
2024-11-19,CRAFTSMAN,7,ENTERPRISE-Dryup,09:15,4620.0,15:29,4970.0,7.58,EOD,14.43,72128,14425.6,1,1,2024-11,0.6,2.2633333333333336,1.358
2024-11-19,NLCINDIA,9,GOLD,09:15,234.6,15:29,236.0,0.6,EOD,14.43,72128,14425.6,1,1,2024-11,0.4666666666666667,1.1,0.5133333333333334
2024-11-19,EIDPARRY,10,GOLD,09:15,775.3,15:29,810.2,4.5,EOD,14.43,72128,14425.6,1,1,2024-11,0.4,1.75,0.7000000000000001
2024-11-19,MRPL,11,ENTERPRISE-Dryup,09:15,146.9,15:29,144.35,-1.74,EOD,14.43,72128,14425.6,1,0,2024-11,0.3333333333333333,0.25,0.08333333333333333
2024-11-19,UNOMINDA,12,GOLD,09:15,1007.8,15:29,1037.0,2.9,EOD,14.43,72128,14425.6,1,1,2024-11,0.26666666666666666,1.4833333333333334,0.39555555555555555
2024-11-19,VIJAYA,13,ENTERPRISE-Dryup,09:15,1001.0,15:29,1062.85,6.18,EOD,14.43,72128,14425.6,1,1,2024-11,0.2,2.0300000000000002,0.4060000000000001
2024-11-19,KFINTECH,14,ENTERPRISE-Dryup,09:15,980.6,15:29,1011.0,3.1,EOD,14.43,72128,14425.6,1,1,2024-11,0.13333333333333333,1.5166666666666666,0.20222222222222222
2024-11-19,PAYTM,15,ENTERPRISE-Dryup,09:15,787.0,15:29,811.55,3.12,EOD,14.43,72128,14425.6,1,1,2024-11,0.06666666666666667,1.52,0.10133333333333333
2024-11-21,SWANCORP,1,GOLD-baseline,09:15,534.0,09:40,532.6,-0.26,TRAIL,2.82,14110,2822.0,1,0,2024-11,1.0,0.25,0.25
2024-11-21,CONCORDBIO,4,ENTERPRISE-Dryup,09:15,1905.95,09:40,1939.75,1.77,TRAIL,2.82,14110,2822.0,1,1,2024-11,0.8,1.295,1.036
2024-11-21,PHOENIXLTD,8,ENTERPRISE-Dryup,09:15,1460.05,09:40,1468.85,0.6,TRAIL,2.82,14110,2822.0,1,1,2024-11,0.5333333333333333,1.1,0.5866666666666667
2024-11-21,FORTIS,9,GOLD,09:15,655.0,09:40,676.65,3.31,TRAIL,2.82,14110,2822.0,1,1,2024-11,0.4666666666666667,1.5516666666666667,0.7241111111111111
2024-11-21,MRPL,10,ENTERPRISE-Dryup,09:15,144.34,09:40,141.51,-1.96,TRAIL,2.82,14110,2822.0,1,0,2024-11,0.4,0.25,0.1
2024-11-21,NLCINDIA,11,ENTERPRISE-Dryup,09:15,240.0,09:40,240.5,0.21,TRAIL,2.82,14110,2822.0,1,1,2024-11,0.3333333333333333,1.035,0.345
2024-11-22,SWANCORP,1,GOLD,09:15,531.15,15:29,589.0,10.89,EOD,17.6,87996,17599.2,1,1,2024-11,1.0,2.8150000000000004,2.8150000000000004
2024-11-22,CRAFTSMAN,6,GOLD-baseline,09:15,4958.4,15:29,5161.0,4.09,EOD,17.6,87996,17599.2,1,1,2024-11,0.6666666666666666,1.6816666666666666,1.121111111111111
2024-11-22,CCL,8,ENTERPRISE-Dryup,09:15,714.5,15:29,740.05,3.58,EOD,17.6,87996,17599.2,1,1,2024-11,0.5333333333333333,1.5966666666666667,0.8515555555555555
2024-11-22,PTCIL,10,GOLD-baseline,09:15,11917.85,15:29,11899.0,-0.16,EOD,17.6,87996,17599.2,1,0,2024-11,0.4,0.25,0.1
2024-11-22,GVT&D,11,GOLD-baseline,09:15,1940.0,15:29,1880.0,-3.09,EOD,17.6,87996,17599.2,1,0,2024-11,0.3333333333333333,0.25,0.08333333333333333
2024-11-22,EIDPARRY,12,GOLD-baseline,09:15,824.1,15:29,831.0,0.84,EOD,17.6,87996,17599.2,1,1,2024-11,0.26666666666666666,1.14,0.304
2024-11-22,MRPL,13,ENTERPRISE-Dryup,09:15,142.98,15:29,154.74,8.22,EOD,17.6,87996,17599.2,1,1,2024-11,0.2,2.37,0.47400000000000003
2024-11-22,OIL,15,ENTERPRISE-Dryup,09:15,487.5,15:29,508.0,4.21,EOD,17.6,87996,17599.2,1,1,2024-11,0.06666666666666667,1.7016666666666667,0.11344444444444444
2024-11-25,SUZLON,1,GOLD-baseline,09:15,67.0,09:16,66.09,-1.36,HARD_STOP,-4.01,-20027,-4005.4,1,0,2024-11,1.0,0.25,0.25
2024-11-25,PTCIL,2,GOLD-baseline,09:15,12200.0,09:16,12098.95,-0.83,HARD_STOP,-4.01,-20027,-4005.4,1,0,2024-11,0.9333333333333333,0.25,0.23333333333333334
2024-11-25,CONCORDBIO,3,GOLD,09:15,2073.0,09:16,2006.1,-3.23,HARD_STOP,-4.01,-20027,-4005.4,1,0,2024-11,0.8666666666666667,0.25,0.21666666666666667
2024-11-25,UNOMINDA,4,GOLD,09:15,1081.7,09:16,1095.8,1.3,HARD_STOP,-4.01,-20027,-4005.4,1,1,2024-11,0.8,1.2166666666666668,0.9733333333333335
2024-11-25,GVT&D,6,GOLD-baseline,09:15,1918.0,09:16,1923.95,0.31,HARD_STOP,-4.01,-20027,-4005.4,1,1,2024-11,0.6666666666666666,1.0516666666666667,0.7011111111111111
2024-11-25,EIDPARRY,8,GOLD,09:15,845.85,09:16,837.05,-1.04,HARD_STOP,-4.01,-20027,-4005.4,1,0,2024-11,0.5333333333333333,0.25,0.13333333333333333
2024-11-25,SAMMAANCAP,9,GOLD,09:15,158.9,09:16,158.41,-0.31,HARD_STOP,-4.01,-20027,-4005.4,1,0,2024-11,0.4666666666666667,0.25,0.11666666666666667
2024-11-25,FORTIS,10,GOLD-baseline,09:15,698.7,09:16,692.7,-0.86,HARD_STOP,-4.01,-20027,-4005.4,1,0,2024-11,0.4,0.25,0.1
2024-11-26,FACT,1,ENTERPRISE-Dryup,09:15,837.8,09:45,860.25,2.68,HARD_STOP,-4.03,-20171,-4034.2,1,1,2024-11,1.0,1.4466666666666668,1.4466666666666668
2024-11-26,PCBL,3,ENTERPRISE-Dryup,09:15,395.0,09:45,396.5,0.38,HARD_STOP,-4.03,-20171,-4034.2,1,1,2024-11,0.8666666666666667,1.0633333333333332,0.9215555555555555
2024-11-26,RPOWER,4,ENTERPRISE-Dryup,09:15,34.6,09:45,34.98,1.1,HARD_STOP,-4.03,-20171,-4034.2,1,1,2024-11,0.8,1.1833333333333333,0.9466666666666668
2024-11-26,SONATSOFTW,5,GOLD,09:15,551.7,09:45,561.0,1.69,HARD_STOP,-4.03,-20171,-4034.2,1,1,2024-11,0.7333333333333333,1.2816666666666667,0.9398888888888889
2024-11-26,ADANIGREEN,9,PREMIUM-Pullback,09:15,968.8,09:45,913.55,-5.7,HARD_STOP,-4.03,-20171,-4034.2,1,0,2024-11,0.4666666666666667,0.25,0.11666666666666667
2024-11-26,ADANIENSOL,10,PREMIUM-Pullback,09:15,637.75,09:45,611.0,-4.19,HARD_STOP,-4.03,-20171,-4034.2,1,0,2024-11,0.4,0.25,0.1
2024-11-26,ADANIENT,11,GOLD-baseline,09:15,2196.5,09:45,2179.6,-0.77,HARD_STOP,-4.03,-20171,-4034.2,1,0,2024-11,0.3333333333333333,0.25,0.08333333333333333
2024-11-26,HBLENGINE,12,GOLD,09:15,562.5,09:45,570.0,1.33,HARD_STOP,-4.03,-20171,-4034.2,1,1,2024-11,0.26666666666666666,1.2216666666666667,0.3257777777777778
2024-11-26,ATGL,14,GOLD,09:15,605.0,09:45,593.2,-1.95,HARD_STOP,-4.03,-20171,-4034.2,1,0,2024-11,0.13333333333333333,0.25,0.03333333333333333
2024-11-26,HONASA,15,GOLD,09:15,229.8,09:45,225.0,-2.09,HARD_STOP,-4.03,-20171,-4034.2,1,0,2024-11,0.06666666666666667,0.25,0.016666666666666666
2024-11-27,HONASA,5,GOLD,09:15,227.9,15:29,229.75,0.81,EOD,52.75,263741,52748.2,1,1,2024-11,0.7333333333333333,1.135,0.8323333333333333
2024-11-27,GALLANTT,6,ENTERPRISE-Dryup,09:15,315.25,15:29,322.0,2.14,EOD,52.75,263741,52748.2,1,1,2024-11,0.6666666666666666,1.3566666666666667,0.9044444444444444
2024-11-27,ADANIENT,8,GOLD-baseline,09:15,2113.5,15:29,2327.7,10.13,EOD,52.75,263741,52748.2,1,1,2024-11,0.5333333333333333,2.6883333333333335,1.4337777777777778
2024-11-27,ADANIGREEN,9,PREMIUM-Pullback,09:15,890.0,15:29,988.4,11.06,EOD,52.75,263741,52748.2,1,1,2024-11,0.4666666666666667,2.8433333333333337,1.326888888888889
2024-11-27,ADANIENSOL,10,PREMIUM-Pullback,09:15,601.1,15:29,660.8,9.93,EOD,52.75,263741,52748.2,1,1,2024-11,0.4,2.6550000000000002,1.062
2024-11-27,ATGL,13,GOLD,09:15,580.05,15:29,695.3,19.87,EOD,52.75,263741,52748.2,1,1,2024-11,0.2,3.5,0.7000000000000001
2024-11-27,ADANIPOWER,14,GOLD-baseline,09:15,87.35,15:29,105.05,20.26,EOD,52.75,263741,52748.2,1,1,2024-11,0.13333333333333333,3.5,0.4666666666666667
2024-11-28,BALRAMCHIN,4,GOLD,09:15,566.0,11:16,557.8,-1.45,TRAIL,5.57,27873,5574.6,1,0,2024-11,0.8,0.25,0.2
2024-11-28,FACT,9,ENTERPRISE-Dryup,09:15,870.3,11:16,903.0,3.76,TRAIL,5.57,27873,5574.6,1,1,2024-11,0.4666666666666667,1.6266666666666665,0.7591111111111111
2024-11-29,HSCL,1,GOLD,09:15,525.95,15:29,527.35,0.27,EOD,10.49,52464,10492.8,1,1,2024-11,1.0,1.045,1.045
2024-11-29,ADANIENT,2,GOLD-baseline,09:15,2388.9,15:29,2382.0,-0.29,EOD,10.49,52464,10492.8,1,0,2024-11,0.9333333333333333,0.25,0.23333333333333334
2024-11-29,PCBL,3,GOLD,09:15,438.4,15:29,434.0,-1.0,EOD,10.49,52464,10492.8,1,0,2024-11,0.8666666666666667,0.25,0.21666666666666667
2024-11-29,MAZDOCK,6,GOLD-baseline,09:15,2255.5,15:29,2292.5,1.64,EOD,10.49,52464,10492.8,1,1,2024-11,0.6666666666666666,1.2733333333333334,0.8488888888888889
2024-11-29,KFINTECH,10,GOLD-baseline,09:15,1157.35,15:29,1164.0,0.57,EOD,10.49,52464,10492.8,1,1,2024-11,0.4,1.095,0.438
2024-11-29,BALRAMCHIN,11,GOLD,09:15,561.65,15:29,586.0,4.34,EOD,10.49,52464,10492.8,1,1,2024-11,0.3333333333333333,1.7233333333333332,0.5744444444444443
2024-11-29,PPLPHARMA,15,ENTERPRISE-Dryup,09:15,247.65,15:29,271.2,9.51,EOD,10.49,52464,10492.8,1,1,2024-11,0.06666666666666667,2.585,0.17233333333333334
2024-12-02,ADANIPOWER,2,GOLD-baseline,09:15,111.4,09:51,110.5,-0.81,TRAIL,1.96,9780,1956.0,1,0,2024-12,0.9333333333333333,0.25,0.23333333333333334
2024-12-02,HSCL,3,GOLD,09:15,525.0,09:51,524.7,-0.06,TRAIL,1.96,9780,1956.0,1,0,2024-12,0.8666666666666667,0.25,0.21666666666666667
2024-12-02,BDL,4,GOLD,09:15,1147.95,09:51,1163.15,1.32,TRAIL,1.96,9780,1956.0,1,1,2024-12,0.8,1.22,0.976
2024-12-02,CAMS,6,GOLD-baseline,09:15,995.0,09:51,1018.0,2.31,TRAIL,1.96,9780,1956.0,1,1,2024-12,0.6666666666666666,1.385,0.9233333333333333
2024-12-02,ADANIENT,7,GOLD-baseline,09:15,2415.3,09:51,2400.0,-0.63,TRAIL,1.96,9780,1956.0,1,0,2024-12,0.6,0.25,0.15
2024-12-02,RPOWER,8,GOLD,09:15,38.7,09:51,38.18,-1.34,TRAIL,1.96,9780,1956.0,1,0,2024-12,0.5333333333333333,0.25,0.13333333333333333
2024-12-02,GRSE,10,GOLD,09:15,1669.0,09:51,1682.3,0.8,TRAIL,1.96,9780,1956.0,1,1,2024-12,0.4,1.1333333333333333,0.45333333333333337
2024-12-02,COCHINSHIP,11,GOLD,09:15,1631.5,09:51,1656.15,1.51,TRAIL,1.96,9780,1956.0,1,1,2024-12,0.3333333333333333,1.2516666666666667,0.4172222222222222
2024-12-02,MAZDOCK,14,GOLD-baseline,09:15,2287.35,09:51,2274.85,-0.55,TRAIL,1.96,9780,1956.0,1,0,2024-12,0.13333333333333333,0.25,0.03333333333333333
2024-12-02,SONATSOFTW,15,GOLD,09:15,631.6,09:51,643.6,1.9,TRAIL,1.96,9780,1956.0,1,1,2024-12,0.06666666666666667,1.3166666666666667,0.08777777777777777
2024-12-03,GRSE,1,GOLD,09:15,1670.0,15:29,1702.5,1.95,EOD,12.49,62429,12485.8,1,1,2024-12,1.0,1.325,1.325
2024-12-03,KPIL,2,GOLD-baseline,09:15,1142.0,15:29,1148.15,0.54,EOD,12.49,62429,12485.8,1,1,2024-12,0.9333333333333333,1.09,1.0173333333333334
2024-12-03,PNBHOUSING,3,ENTERPRISE-Dryup,09:15,884.0,15:29,884.0,0.0,EOD,12.49,62429,12485.8,1,0,2024-12,0.8666666666666667,0.25,0.21666666666666667
2024-12-03,KPITTECH,5,GOLD,09:15,1374.85,15:29,1430.0,4.01,EOD,12.49,62429,12485.8,1,1,2024-12,0.7333333333333333,1.6683333333333334,1.2234444444444443
2024-12-03,FINCABLES,6,GOLD,09:15,1159.4,15:29,1156.0,-0.29,EOD,12.49,62429,12485.8,1,0,2024-12,0.6666666666666666,0.25,0.16666666666666666
2024-12-03,ZEEL,7,PREMIUM-Compression,09:15,128.41,15:29,135.02,5.15,EOD,12.49,62429,12485.8,1,1,2024-12,0.6,1.8583333333333334,1.115
2024-12-03,BLS,9,ENTERPRISE-Dryup,09:15,398.0,15:29,418.0,5.03,EOD,12.49,62429,12485.8,1,1,2024-12,0.4666666666666667,1.8383333333333334,0.8578888888888889
2024-12-03,UCOBANK,10,PREMIUM-Compression,09:15,44.49,15:29,45.12,1.42,EOD,12.49,62429,12485.8,1,1,2024-12,0.4,1.2366666666666666,0.49466666666666664
2024-12-03,HSCL,11,GOLD,09:15,536.15,15:29,539.95,0.71,EOD,12.49,62429,12485.8,1,1,2024-12,0.3333333333333333,1.1183333333333334,0.37277777777777776
2024-12-03,TATAELXSI,12,ENTERPRISE-Dryup,09:15,6750.05,15:29,7090.0,5.04,EOD,12.49,62429,12485.8,1,1,2024-12,0.26666666666666666,1.8399999999999999,0.49066666666666664
2024-12-03,ANGELONE,13,ENTERPRISE-Dryup,09:15,294.1,15:29,307.5,4.56,EOD,12.49,62429,12485.8,1,1,2024-12,0.2,1.7599999999999998,0.352
2024-12-04,FINCABLES,1,GOLD-baseline,09:15,1159.25,12:00,1198.75,3.41,TRAIL,2.34,11722,2344.4,1,1,2024-12,1.0,1.5683333333333334,1.5683333333333334
2024-12-04,PNBHOUSING,2,ENTERPRISE-Dryup,09:15,899.0,12:00,908.55,1.06,TRAIL,2.34,11722,2344.4,1,1,2024-12,0.9333333333333333,1.1766666666666667,1.0982222222222222
2024-12-04,KPIL,3,GOLD-baseline,09:15,1150.05,12:00,1144.45,-0.49,TRAIL,2.34,11722,2344.4,1,0,2024-12,0.8666666666666667,0.25,0.21666666666666667
2024-12-04,MMTC,6,GOLD,09:15,80.49,12:00,80.46,-0.04,TRAIL,2.34,11722,2344.4,1,0,2024-12,0.6666666666666666,0.25,0.16666666666666666
2024-12-04,FLUOROCHEM,7,GOLD-baseline,09:15,4080.0,12:00,4045.35,-0.85,TRAIL,2.34,11722,2344.4,1,0,2024-12,0.6,0.25,0.15
2024-12-04,HSCL,9,ENTERPRISE-Dryup,09:15,542.7,12:00,544.5,0.33,TRAIL,2.34,11722,2344.4,1,1,2024-12,0.4666666666666667,1.055,0.4923333333333333
2024-12-04,RPOWER,14,ENTERPRISE-Dryup,09:15,41.09,12:00,41.09,0.0,TRAIL,2.34,11722,2344.4,1,0,2024-12,0.13333333333333333,0.25,0.03333333333333333
2024-12-04,BLUESTARCO,15,ENTERPRISE-Dryup,09:15,1877.0,12:00,1890.65,0.73,TRAIL,2.34,11722,2344.4,1,1,2024-12,0.06666666666666667,1.1216666666666666,0.07477777777777778
2024-12-05,INOXWIND,1,GOLD,09:15,201.58,15:29,201.57,0.0,EOD,15.31,76571,15314.2,1,0,2024-12,1.0,0.25,0.25
2024-12-05,KPIL,2,GOLD-baseline,09:15,1180.95,15:29,1237.8,4.81,EOD,15.31,76571,15314.2,1,1,2024-12,0.9333333333333333,1.8016666666666667,1.6815555555555557
2024-12-05,CASTROLIND,8,GOLD,09:15,202.85,15:29,212.71,4.86,EOD,15.31,76571,15314.2,1,1,2024-12,0.5333333333333333,1.81,0.9653333333333334
2024-12-05,MMTC,10,GOLD,09:15,80.8,15:29,80.36,-0.54,EOD,15.31,76571,15314.2,1,0,2024-12,0.4,0.25,0.1
2024-12-05,CESC,12,GOLD-baseline,09:15,174.24,15:29,180.48,3.58,EOD,15.31,76571,15314.2,1,1,2024-12,0.26666666666666666,1.5966666666666667,0.42577777777777776
2024-12-05,FLUOROCHEM,13,PREMIUM-Compression,09:15,4099.0,15:29,4263.0,4.0,EOD,15.31,76571,15314.2,1,1,2024-12,0.2,1.6666666666666665,0.3333333333333333
2024-12-05,IGL,14,GOLD,09:15,187.0,15:29,191.6,2.46,EOD,15.31,76571,15314.2,1,1,2024-12,0.13333333333333333,1.41,0.188
2024-12-05,ANGELONE,15,GOLD-baseline,09:15,304.6,15:29,322.1,5.75,EOD,15.31,76571,15314.2,1,1,2024-12,0.06666666666666667,1.9583333333333335,0.13055555555555556
2024-12-06,GRSE,1,GOLD,09:15,1775.0,15:29,1778.0,0.17,EOD,8.01,40025,8005.0,1,1,2024-12,1.0,1.0283333333333333,1.0283333333333333
2024-12-06,MMTC,2,ENTERPRISE-Dryup,09:15,80.59,15:29,83.65,3.8,EOD,8.01,40025,8005.0,1,1,2024-12,0.9333333333333333,1.6333333333333333,1.5244444444444445
2024-12-06,INOXWIND,4,GOLD,09:15,201.31,15:29,204.34,1.51,EOD,8.01,40025,8005.0,1,1,2024-12,0.8,1.2516666666666667,1.0013333333333334
2024-12-06,ZEEL,5,GOLD,09:15,139.86,15:29,140.75,0.64,EOD,8.01,40025,8005.0,1,1,2024-12,0.7333333333333333,1.1066666666666667,0.8115555555555555
2024-12-06,J&KBANK,6,GOLD,09:15,106.6,15:29,106.5,-0.09,EOD,8.01,40025,8005.0,1,0,2024-12,0.6666666666666666,0.25,0.16666666666666666
2024-12-06,IREDA,7,GOLD,09:15,220.4,15:29,221.19,0.36,EOD,8.01,40025,8005.0,1,1,2024-12,0.6,1.06,0.636
2024-12-06,MAZDOCK,10,GOLD,09:15,2435.0,15:29,2439.5,0.18,EOD,8.01,40025,8005.0,1,1,2024-12,0.4,1.03,0.41200000000000003
2024-12-06,BANKINDIA,12,GOLD,09:15,114.35,15:29,113.58,-0.67,EOD,8.01,40025,8005.0,1,0,2024-12,0.26666666666666666,0.25,0.06666666666666667
2024-12-06,GABRIEL,13,GOLD,09:15,439.45,15:29,479.0,9.0,EOD,8.01,40025,8005.0,1,1,2024-12,0.2,2.5,0.5
2024-12-09,INOXWIND,1,ENTERPRISE-Dryup,09:15,205.18,15:29,205.23,0.02,EOD,-1.25,-6272,-1254.4,1,1,2024-12,1.0,1.0033333333333334,1.0033333333333334
2024-12-09,ZEEL,2,GOLD,09:15,140.53,15:29,137.96,-1.83,EOD,-1.25,-6272,-1254.4,1,0,2024-12,0.9333333333333333,0.25,0.23333333333333334
2024-12-09,IGL,3,PREMIUM-Compression,09:15,193.5,15:29,193.3,-0.1,EOD,-1.25,-6272,-1254.4,1,0,2024-12,0.8666666666666667,0.25,0.21666666666666667
2024-12-09,GRSE,4,GOLD,09:15,1787.0,15:29,1755.7,-1.75,EOD,-1.25,-6272,-1254.4,1,0,2024-12,0.8,0.25,0.2
2024-12-09,J&KBANK,6,GOLD,09:15,106.9,15:29,105.01,-1.77,EOD,-1.25,-6272,-1254.4,1,0,2024-12,0.6666666666666666,0.25,0.16666666666666666
2024-12-09,IREDA,8,GOLD,09:15,222.15,15:29,221.0,-0.52,EOD,-1.25,-6272,-1254.4,1,0,2024-12,0.5333333333333333,0.25,0.13333333333333333
2024-12-09,BANKINDIA,9,GOLD,09:15,113.48,15:29,111.98,-1.32,EOD,-1.25,-6272,-1254.4,1,0,2024-12,0.4666666666666667,0.25,0.11666666666666667
2024-12-09,CASTROLIND,10,GOLD,09:15,216.36,15:29,216.51,0.07,EOD,-1.25,-6272,-1254.4,1,1,2024-12,0.4,1.0116666666666667,0.40466666666666673
2024-12-09,MAXHEALTH,12,GOLD,09:15,1062.05,15:29,1119.5,5.41,EOD,-1.25,-6272,-1254.4,1,1,2024-12,0.26666666666666666,1.9016666666666668,0.5071111111111112
2024-12-10,CLEAN,1,PREMIUM-Compression,09:15,1299.0,15:29,1397.45,7.58,EOD,11.94,59687,11937.4,1,1,2024-12,1.0,2.2633333333333336,2.2633333333333336
2024-12-10,MAXHEALTH,7,GOLD,09:15,1117.0,15:29,1117.05,0.0,EOD,11.94,59687,11937.4,1,0,2024-12,0.6,0.25,0.15
2024-12-10,RPOWER,8,GOLD,09:15,44.8,15:29,44.91,0.25,EOD,11.94,59687,11937.4,1,1,2024-12,0.5333333333333333,1.0416666666666667,0.5555555555555556
2024-12-10,KPRMILL,9,GOLD-baseline,09:15,1009.95,15:29,1024.0,1.39,EOD,11.94,59687,11937.4,1,1,2024-12,0.4666666666666667,1.2316666666666667,0.5747777777777778
2024-12-10,SYRMA,10,ENTERPRISE-Dryup,09:15,557.7,15:29,580.0,4.0,EOD,11.94,59687,11937.4,1,1,2024-12,0.4,1.6666666666666665,0.6666666666666666
2024-12-10,CRISIL,12,ENTERPRISE-Dryup,09:15,5272.45,15:29,5433.85,3.06,EOD,11.94,59687,11937.4,1,1,2024-12,0.26666666666666666,1.51,0.4026666666666667
2024-12-10,TARIL,15,GOLD,09:15,515.0,15:29,519.0,0.78,EOD,11.94,59687,11937.4,1,1,2024-12,0.06666666666666667,1.13,0.07533333333333332
2024-12-11,PGEL,3,GOLD-baseline,09:15,860.0,11:45,843.0,-1.98,TRAIL,2.2,11021,2204.2,1,0,2024-12,0.8666666666666667,0.25,0.21666666666666667
2024-12-11,POWERINDIA,4,ENTERPRISE-Dryup,09:15,12580.0,11:45,12584.35,0.03,TRAIL,2.2,11021,2204.2,1,1,2024-12,0.8,1.005,0.8039999999999999
2024-12-11,KPRMILL,5,GOLD-baseline,09:15,1029.9,11:45,1017.05,-1.25,TRAIL,2.2,11021,2204.2,1,0,2024-12,0.7333333333333333,0.25,0.18333333333333332
2024-12-11,CHALET,7,GOLD-baseline,09:15,923.8,11:45,931.15,0.8,TRAIL,2.2,11021,2204.2,1,1,2024-12,0.6,1.1333333333333333,0.6799999999999999
2024-12-11,MAXHEALTH,10,ENTERPRISE-Dryup,09:15,1110.05,11:45,1125.0,1.35,TRAIL,2.2,11021,2204.2,1,1,2024-12,0.4,1.225,0.49000000000000005
2024-12-11,TITAGARH,12,GOLD,09:15,1241.1,11:45,1322.1,6.53,TRAIL,2.2,11021,2204.2,1,1,2024-12,0.26666666666666666,2.0883333333333334,0.5568888888888889
2024-12-11,RPOWER,13,GOLD,09:15,45.3,11:45,44.37,-2.05,TRAIL,2.2,11021,2204.2,1,0,2024-12,0.2,0.25,0.05
2024-12-12,PGEL,1,GOLD-baseline,09:15,847.0,15:29,855.0,0.94,EOD,9.24,46178,9235.6,1,1,2024-12,1.0,1.1566666666666667,1.1566666666666667
2024-12-12,JBMA,2,GOLD-baseline,09:15,883.2,15:29,854.9,-3.2,EOD,9.24,46178,9235.6,1,0,2024-12,0.9333333333333333,0.25,0.23333333333333334
2024-12-12,POWERINDIA,3,ENTERPRISE-Dryup,09:15,12735.0,15:29,13125.0,3.06,EOD,9.24,46178,9235.6,1,1,2024-12,0.8666666666666667,1.51,1.3086666666666666
2024-12-12,KPRMILL,4,GOLD,09:15,1024.0,15:29,1016.0,-0.78,EOD,9.24,46178,9235.6,1,0,2024-12,0.8,0.25,0.2
2024-12-12,CHALET,5,GOLD-baseline,09:15,927.1,15:29,1000.0,7.86,EOD,9.24,46178,9235.6,1,1,2024-12,0.7333333333333333,2.31,1.694
2024-12-12,RPOWER,8,GOLD,09:15,46.24,15:29,46.24,0.0,EOD,9.24,46178,9235.6,1,0,2024-12,0.5333333333333333,0.25,0.13333333333333333
2024-12-12,BLS,9,GOLD,09:15,450.8,15:29,478.0,6.03,EOD,9.24,46178,9235.6,1,1,2024-12,0.4666666666666667,2.005,0.9356666666666666
2024-12-12,CRISIL,10,GOLD,09:15,5450.0,15:29,5530.0,1.47,EOD,9.24,46178,9235.6,1,1,2024-12,0.4,1.245,0.49800000000000005
2024-12-12,MAXHEALTH,12,GOLD-baseline,09:15,1132.0,15:29,1170.25,3.38,EOD,9.24,46178,9235.6,1,1,2024-12,0.26666666666666666,1.5633333333333335,0.4168888888888889
2024-12-12,MANAPPURAM,15,ENTERPRISE-Dryup,09:15,178.0,15:29,178.45,0.25,EOD,9.24,46178,9235.6,1,1,2024-12,0.06666666666666667,1.0416666666666667,0.06944444444444445
2024-12-13,PGEL,1,ENTERPRISE-Dryup,09:15,852.55,15:29,931.0,9.2,EOD,15.89,79470,15894.0,1,1,2024-12,1.0,2.533333333333333,2.533333333333333
2024-12-13,TITAGARH,3,GOLD-baseline,09:15,1323.05,15:29,1306.0,-1.29,EOD,15.89,79470,15894.0,1,0,2024-12,0.8666666666666667,0.25,0.21666666666666667
2024-12-13,JBMA,5,GOLD,09:15,851.0,15:29,884.0,3.88,EOD,15.89,79470,15894.0,1,1,2024-12,0.7333333333333333,1.6466666666666665,1.2075555555555553
2024-12-13,LATENTVIEW,6,GOLD-baseline,09:15,508.05,15:29,507.0,-0.21,EOD,15.89,79470,15894.0,1,0,2024-12,0.6666666666666666,0.25,0.16666666666666666
2024-12-13,GODFRYPHLP,9,GOLD,09:15,1990.0,15:29,2017.0,1.36,EOD,15.89,79470,15894.0,1,1,2024-12,0.4666666666666667,1.2266666666666666,0.5724444444444444
2024-12-13,KPRMILL,10,GOLD,09:15,1018.4,15:29,1084.35,6.48,EOD,15.89,79470,15894.0,1,1,2024-12,0.4,2.08,0.8320000000000001
2024-12-13,DELHIVERY,12,GOLD-baseline,09:15,380.0,15:29,389.0,2.37,EOD,15.89,79470,15894.0,1,1,2024-12,0.26666666666666666,1.395,0.372
2024-12-13,CRISIL,14,GOLD,09:15,5562.6,15:29,5890.0,5.89,EOD,15.89,79470,15894.0,1,1,2024-12,0.13333333333333333,1.9816666666666665,0.2642222222222222
2024-12-13,SYRMA,15,GOLD-baseline,09:15,596.5,15:29,604.95,1.42,EOD,15.89,79470,15894.0,1,1,2024-12,0.06666666666666667,1.2366666666666666,0.08244444444444443
2024-12-16,LATENTVIEW,2,GOLD,09:15,507.8,15:29,499.9,-1.56,EOD,0.31,1566,313.2,1,0,2024-12,0.9333333333333333,0.25,0.23333333333333334
2024-12-16,TARIL,3,GOLD-baseline,09:15,570.0,15:29,576.0,1.05,EOD,0.31,1566,313.2,1,1,2024-12,0.8666666666666667,1.175,1.0183333333333333
2024-12-16,MANAPPURAM,4,GOLD-baseline,09:15,182.1,15:29,185.51,1.87,EOD,0.31,1566,313.2,1,1,2024-12,0.8,1.3116666666666668,1.0493333333333335
2024-12-16,TITAGARH,5,GOLD,09:15,1308.6,15:29,1337.0,2.17,EOD,0.31,1566,313.2,1,1,2024-12,0.7333333333333333,1.3616666666666666,0.9985555555555554
2024-12-16,BLS,6,GOLD-baseline,09:15,469.8,15:29,470.4,0.13,EOD,0.31,1566,313.2,1,1,2024-12,0.6666666666666666,1.0216666666666667,0.6811111111111111
2024-12-16,POWERINDIA,10,ENTERPRISE-Dryup,09:15,13024.7,15:29,13205.0,1.38,EOD,0.31,1566,313.2,1,1,2024-12,0.4,1.23,0.492
2024-12-16,MAXHEALTH,13,GOLD-baseline,09:15,1180.05,15:29,1181.0,0.08,EOD,0.31,1566,313.2,1,1,2024-12,0.2,1.0133333333333334,0.2026666666666667
2024-12-16,CHALET,14,GOLD-baseline,09:15,1007.55,15:29,973.0,-3.43,EOD,0.31,1566,313.2,1,0,2024-12,0.13333333333333333,0.25,0.03333333333333333
2024-12-16,SYRMA,15,GOLD-baseline,09:15,613.0,15:29,608.9,-0.67,EOD,0.31,1566,313.2,1,0,2024-12,0.06666666666666667,0.25,0.016666666666666666
2024-12-17,AEGISLOG,4,ENTERPRISE-Dryup,09:15,772.0,09:15,772.25,0.03,HARD_STOP,-3.36,-16807,-3361.4,1,1,2024-12,0.8,1.005,0.8039999999999999
2024-12-17,CARTRADE,7,ENTERPRISE-Dryup,09:15,1500.0,09:15,1494.55,-0.36,HARD_STOP,-3.36,-16807,-3361.4,1,0,2024-12,0.6,0.25,0.15
2024-12-17,BLUEJET,10,GOLD-baseline,09:15,525.0,09:15,517.8,-1.37,HARD_STOP,-3.36,-16807,-3361.4,1,0,2024-12,0.4,0.25,0.1
2024-12-17,KFINTECH,11,ENTERPRISE-Dryup,09:15,1249.9,09:15,1248.6,-0.1,HARD_STOP,-3.36,-16807,-3361.4,1,0,2024-12,0.3333333333333333,0.25,0.08333333333333333
2024-12-17,MANKIND,13,GOLD,09:15,2735.0,09:15,2725.35,-0.35,HARD_STOP,-3.36,-16807,-3361.4,1,0,2024-12,0.2,0.25,0.05
2024-12-17,POWERINDIA,14,ENTERPRISE-Dryup,09:15,13234.5,09:15,13185.35,-0.37,HARD_STOP,-3.36,-16807,-3361.4,1,0,2024-12,0.13333333333333333,0.25,0.03333333333333333
2024-12-17,KPRMILL,15,GOLD-baseline,09:15,1096.75,09:15,1076.6,-1.84,HARD_STOP,-3.36,-16807,-3361.4,1,0,2024-12,0.06666666666666667,0.25,0.016666666666666666
2024-12-18,TECHNOE,2,GOLD,09:15,1501.2,10:08,1499.35,-0.12,TRAIL,2.84,14187,2837.4,1,0,2024-12,0.9333333333333333,0.25,0.23333333333333334
2024-12-18,KFINTECH,5,ENTERPRISE-Dryup,09:15,1243.0,10:08,1263.45,1.65,TRAIL,2.84,14187,2837.4,1,1,2024-12,0.7333333333333333,1.275,0.9349999999999998
2024-12-18,AEGISLOG,7,ENTERPRISE-Dryup,09:15,782.85,10:08,779.5,-0.43,TRAIL,2.84,14187,2837.4,1,0,2024-12,0.6,0.25,0.15
2024-12-18,GICRE,8,GOLD,09:15,428.2,10:08,440.8,2.94,TRAIL,2.84,14187,2837.4,1,1,2024-12,0.5333333333333333,1.49,0.7946666666666666
2024-12-18,CARTRADE,9,ENTERPRISE-Dryup,09:15,1534.5,10:08,1561.95,1.79,TRAIL,2.84,14187,2837.4,1,1,2024-12,0.4666666666666667,1.2983333333333333,0.6058888888888889
2024-12-18,KPRMILL,11,GOLD-baseline,09:15,1075.9,10:08,1085.4,0.88,TRAIL,2.84,14187,2837.4,1,1,2024-12,0.3333333333333333,1.1466666666666667,0.38222222222222224
2024-12-18,HONASA,12,ENTERPRISE-Dryup,09:15,245.0,10:08,245.3,0.12,TRAIL,2.84,14187,2837.4,1,1,2024-12,0.26666666666666666,1.02,0.272
2024-12-18,POWERINDIA,13,ENTERPRISE-Dryup,09:15,13199.05,10:08,12950.0,-1.89,TRAIL,2.84,14187,2837.4,1,0,2024-12,0.2,0.25,0.05
2024-12-19,AEGISLOG,2,ENTERPRISE-Dryup,09:15,780.0,15:29,759.95,-2.57,EOD,20.9,104496,20899.2,1,0,2024-12,0.9333333333333333,0.25,0.23333333333333334
2024-12-19,FIVESTAR,3,GOLD-baseline,09:15,711.95,15:29,748.65,5.15,EOD,20.9,104496,20899.2,1,1,2024-12,0.8666666666666667,1.8583333333333334,1.6105555555555557
2024-12-19,ZENTEC,5,GOLD-baseline,09:15,2316.9,15:29,2435.0,5.1,EOD,20.9,104496,20899.2,1,1,2024-12,0.7333333333333333,1.85,1.3566666666666667
2024-12-19,NEWGEN,6,GOLD-baseline,09:15,1466.0,15:29,1525.0,4.02,EOD,20.9,104496,20899.2,1,1,2024-12,0.6666666666666666,1.67,1.1133333333333333
2024-12-19,ANANTRAJ,8,GOLD-baseline,09:15,780.0,15:29,838.0,7.44,EOD,20.9,104496,20899.2,1,1,2024-12,0.5333333333333333,2.24,1.1946666666666668
2024-12-19,CARTRADE,9,ENTERPRISE-Dryup,09:15,1465.65,15:29,1539.0,5.0,EOD,20.9,104496,20899.2,1,1,2024-12,0.4666666666666667,1.8333333333333335,0.8555555555555556
2024-12-19,GVT&D,11,ENTERPRISE-Dryup,09:15,2020.0,15:29,2102.0,4.06,EOD,20.9,104496,20899.2,1,1,2024-12,0.3333333333333333,1.6766666666666667,0.5588888888888889
2024-12-19,POWERINDIA,15,ENTERPRISE-Dryup,09:15,12400.0,15:29,13100.0,5.65,EOD,20.9,104496,20899.2,1,1,2024-12,0.06666666666666667,1.9416666666666669,0.12944444444444445
2024-12-20,ACE,1,GOLD-baseline,09:15,1515.0,15:29,1492.9,-1.46,EOD,23.5,117519,23503.8,1,0,2024-12,1.0,0.25,0.25
2024-12-20,AEGISLOG,2,ENTERPRISE-Dryup,09:15,767.35,15:29,840.0,9.47,EOD,23.5,117519,23503.8,1,1,2024-12,0.9333333333333333,2.578333333333333,2.4064444444444444
2024-12-20,TECHNOE,3,GOLD,09:15,1540.0,15:29,1635.0,6.17,EOD,23.5,117519,23503.8,1,1,2024-12,0.8666666666666667,2.0283333333333333,1.7578888888888888
2024-12-20,FIVESTAR,4,GOLD-baseline,09:15,753.9,15:29,757.0,0.41,EOD,23.5,117519,23503.8,1,1,2024-12,0.8,1.0683333333333334,0.8546666666666667
2024-12-20,GICRE,5,GOLD,09:15,432.1,15:29,502.75,16.35,EOD,23.5,117519,23503.8,1,1,2024-12,0.7333333333333333,3.5,2.5666666666666664
2024-12-20,ZENTEC,7,GOLD-baseline,09:15,2448.0,15:29,2571.8,5.06,EOD,23.5,117519,23503.8,1,1,2024-12,0.6,1.8433333333333333,1.1059999999999999
2024-12-20,NEWGEN,9,GOLD-baseline,09:15,1534.9,15:29,1574.0,2.55,EOD,23.5,117519,23503.8,1,1,2024-12,0.4666666666666667,1.425,0.665
2024-12-20,KPRMILL,12,GOLD-baseline,09:15,1145.0,15:29,1139.0,-0.52,EOD,23.5,117519,23503.8,1,0,2024-12,0.26666666666666666,0.25,0.06666666666666667
2024-12-23,ACE,1,GOLD-baseline,09:15,1506.05,09:23,1506.25,0.01,HARD_STOP,-4.13,-20667,-4133.4,1,1,2024-12,1.0,1.0016666666666667,1.0016666666666667
2024-12-23,ANANTRAJ,6,GOLD-baseline,09:15,858.85,09:23,862.4,0.41,HARD_STOP,-4.13,-20667,-4133.4,1,1,2024-12,0.6666666666666666,1.0683333333333334,0.7122222222222222
2024-12-23,KFINTECH,8,GOLD-baseline,09:15,1435.0,09:23,1415.2,-1.38,HARD_STOP,-4.13,-20667,-4133.4,1,0,2024-12,0.5333333333333333,0.25,0.13333333333333333
2024-12-23,POWERINDIA,12,ENTERPRISE-Dryup,09:15,13410.25,09:23,13339.9,-0.52,HARD_STOP,-4.13,-20667,-4133.4,1,0,2024-12,0.26666666666666666,0.25,0.06666666666666667
2024-12-23,IPCALAB,13,GOLD-baseline,09:15,1597.0,09:23,1588.9,-0.51,HARD_STOP,-4.13,-20667,-4133.4,1,0,2024-12,0.2,0.25,0.05
2024-12-23,KPRMILL,14,GOLD-baseline,09:15,1149.5,09:23,1132.45,-1.48,HARD_STOP,-4.13,-20667,-4133.4,1,0,2024-12,0.13333333333333333,0.25,0.03333333333333333
2024-12-23,HONASA,15,GOLD,09:15,262.5,09:23,257.3,-1.98,HARD_STOP,-4.13,-20667,-4133.4,1,0,2024-12,0.06666666666666667,0.25,0.016666666666666666
2024-12-24,AJANTPHARM,1,ENTERPRISE-Dryup,09:15,2818.75,15:29,2799.95,-0.67,EOD,12.55,62766,12553.2,1,0,2024-12,1.0,0.25,0.25
2024-12-24,GRSE,2,ENTERPRISE-Dryup,09:15,1571.8,15:29,1564.5,-0.46,EOD,12.55,62766,12553.2,1,0,2024-12,0.9333333333333333,0.25,0.23333333333333334
2024-12-24,ACUTAAS,8,ENTERPRISE-Dryup,09:15,1074.1,15:29,1150.0,7.07,EOD,12.55,62766,12553.2,1,1,2024-12,0.5333333333333333,2.1783333333333337,1.161777777777778
2024-12-24,HSCL,11,GOLD,09:15,549.8,15:29,552.5,0.49,EOD,12.55,62766,12553.2,1,1,2024-12,0.3333333333333333,1.0816666666666666,0.3605555555555555
2024-12-24,ELECON,12,ENTERPRISE-Dryup,09:15,604.15,15:29,624.6,3.38,EOD,12.55,62766,12553.2,1,1,2024-12,0.26666666666666666,1.5633333333333335,0.4168888888888889
2024-12-24,SOLARINDS,13,ENTERPRISE-Dryup,09:15,9704.7,15:29,10140.0,4.49,EOD,12.55,62766,12553.2,1,1,2024-12,0.2,1.7483333333333335,0.34966666666666674
2024-12-24,SIGNATURE,14,ENTERPRISE-Dryup,09:15,1245.0,15:29,1290.1,3.62,EOD,12.55,62766,12553.2,1,1,2024-12,0.13333333333333333,1.6033333333333335,0.2137777777777778
2024-12-26,AJANTPHARM,1,PREMIUM-Compression,09:15,2790.0,15:29,2785.0,-0.18,EOD,4.89,24448,4889.6,1,0,2024-12,1.0,0.25,0.25
2024-12-26,GRSE,2,ENTERPRISE-Dryup,09:15,1569.8,15:29,1552.0,-1.13,EOD,4.89,24448,4889.6,1,0,2024-12,0.9333333333333333,0.25,0.23333333333333334
2024-12-26,PTCIL,3,GOLD-baseline,09:15,12396.3,15:29,12270.0,-1.02,EOD,4.89,24448,4889.6,1,0,2024-12,0.8666666666666667,0.25,0.21666666666666667
2024-12-26,PGEL,5,ENTERPRISE-Dryup,09:15,975.0,15:29,964.1,-1.12,EOD,4.89,24448,4889.6,1,0,2024-12,0.7333333333333333,0.25,0.18333333333333332
2024-12-26,INTELLECT,6,GOLD-baseline,09:15,915.3,15:29,1012.0,10.56,EOD,4.89,24448,4889.6,1,1,2024-12,0.6666666666666666,2.76,1.8399999999999999
2024-12-26,DEVYANI,7,GOLD-baseline,09:15,181.0,15:29,183.0,1.1,EOD,4.89,24448,4889.6,1,1,2024-12,0.6,1.1833333333333333,0.71
2024-12-26,CAPLIPOINT,9,ENTERPRISE-Dryup,09:15,2410.0,15:29,2400.0,-0.41,EOD,4.89,24448,4889.6,1,0,2024-12,0.4666666666666667,0.25,0.11666666666666667
2024-12-26,AWL,12,GOLD,09:15,318.65,15:29,320.0,0.42,EOD,4.89,24448,4889.6,1,1,2024-12,0.26666666666666666,1.07,0.2853333333333333
2024-12-27,GRSE,1,ENTERPRISE-Dryup,09:15,1558.3,15:29,1680.0,7.81,EOD,25.73,128655,25731.0,1,1,2024-12,1.0,2.3016666666666667,2.3016666666666667
2024-12-27,AJANTPHARM,2,PREMIUM-Compression,09:15,2795.35,15:29,3020.0,8.04,EOD,25.73,128655,25731.0,1,1,2024-12,0.9333333333333333,2.34,2.1839999999999997
2024-12-27,PTCIL,3,GOLD-baseline,09:15,12208.0,15:29,13583.65,11.27,EOD,25.73,128655,25731.0,1,1,2024-12,0.8666666666666667,2.878333333333333,2.4945555555555554
2024-12-27,PGEL,4,ENTERPRISE-Dryup,09:15,975.0,15:29,992.0,1.74,EOD,25.73,128655,25731.0,1,1,2024-12,0.8,1.29,1.032
2024-12-27,DEVYANI,5,GOLD-baseline,09:15,183.58,15:29,194.3,5.84,EOD,25.73,128655,25731.0,1,1,2024-12,0.7333333333333333,1.9733333333333332,1.4471111111111108
2024-12-27,CAPLIPOINT,9,ENTERPRISE-Dryup,09:15,2400.0,15:29,2620.0,9.17,EOD,25.73,128655,25731.0,1,1,2024-12,0.4666666666666667,2.5283333333333333,1.179888888888889
2024-12-27,ACUTAAS,10,GOLD,09:15,1141.4,15:29,1132.4,-0.79,EOD,25.73,128655,25731.0,1,0,2024-12,0.4,0.25,0.1
2024-12-27,CEATLTD,13,ENTERPRISE-Dryup,09:15,3138.0,15:29,3247.8,3.5,EOD,25.73,128655,25731.0,1,1,2024-12,0.2,1.5833333333333335,0.3166666666666667
2024-12-27,DCMSHRIRAM,15,GOLD,09:15,1092.45,15:29,1094.9,0.22,EOD,25.73,128655,25731.0,1,1,2024-12,0.06666666666666667,1.0366666666666666,0.06911111111111111
2024-12-30,INTELLECT,7,GOLD-baseline,09:15,998.05,09:18,1017.05,1.9,HARD_STOP,-4.34,-21722,-4344.4,1,1,2024-12,0.6,1.3166666666666667,0.7899999999999999
2024-12-30,AMBER,8,GOLD-baseline,09:15,7404.55,09:18,7363.15,-0.56,HARD_STOP,-4.34,-21722,-4344.4,1,0,2024-12,0.5333333333333333,0.25,0.13333333333333333
2024-12-30,ACUTAAS,9,GOLD,09:15,1134.4,09:18,1130.4,-0.35,HARD_STOP,-4.34,-21722,-4344.4,1,0,2024-12,0.4666666666666667,0.25,0.11666666666666667
2024-12-30,SOLARINDS,11,ENTERPRISE-Dryup,09:15,10204.0,09:18,10110.0,-0.92,HARD_STOP,-4.34,-21722,-4344.4,1,0,2024-12,0.3333333333333333,0.25,0.08333333333333333
2024-12-30,HSCL,13,GOLD-baseline,09:15,581.55,09:18,570.0,-1.99,HARD_STOP,-4.34,-21722,-4344.4,1,0,2024-12,0.2,0.25,0.05
2024-12-30,ELECON,14,GOLD,09:15,642.35,09:18,637.6,-0.74,HARD_STOP,-4.34,-21722,-4344.4,1,0,2024-12,0.13333333333333333,0.25,0.03333333333333333
2024-12-30,KFINTECH,15,GOLD-baseline,09:15,1511.45,09:18,1464.75,-3.09,HARD_STOP,-4.34,-21722,-4344.4,1,0,2024-12,0.06666666666666667,0.25,0.016666666666666666
2024-12-31,MAHABANK,1,ENTERPRISE-Dryup,09:15,51.1,15:29,52.0,1.76,EOD,6.89,34453,6890.6,1,1,2024-12,1.0,1.2933333333333334,1.2933333333333334
2024-12-31,DMART,2,GOLD-baseline,09:15,3555.0,15:29,3559.55,0.13,EOD,6.89,34453,6890.6,1,1,2024-12,0.9333333333333333,1.0216666666666667,0.9535555555555556
2024-12-31,CHOLAHLDNG,3,ENTERPRISE-Dryup,09:15,1430.0,15:29,1395.8,-2.39,EOD,6.89,34453,6890.6,1,0,2024-12,0.8666666666666667,0.25,0.21666666666666667
2024-12-31,SAMMAANCAP,4,ENTERPRISE-Dryup,09:15,149.6,15:29,150.96,0.91,EOD,6.89,34453,6890.6,1,1,2024-12,0.8,1.1516666666666666,0.9213333333333333
2024-12-31,RAILTEL,5,ENTERPRISE-Dryup,09:15,390.05,15:29,403.5,3.45,EOD,6.89,34453,6890.6,1,1,2024-12,0.7333333333333333,1.5750000000000002,1.155
2024-12-31,SHYAMMETL,6,ENTERPRISE-Dryup,09:15,715.1,15:29,725.85,1.5,EOD,6.89,34453,6890.6,1,1,2024-12,0.6666666666666666,1.25,0.8333333333333333
2024-12-31,SAREGAMA,7,GOLD-baseline,09:15,461.45,15:29,464.0,0.55,EOD,6.89,34453,6890.6,1,1,2024-12,0.6,1.0916666666666668,0.655
2024-12-31,OIL,8,GOLD,09:15,420.75,15:29,430.9,2.41,EOD,6.89,34453,6890.6,1,1,2024-12,0.5333333333333333,1.4016666666666666,0.7475555555555555
2024-12-31,LATENTVIEW,9,ENTERPRISE-Dryup,09:15,465.5,15:29,489.7,5.2,EOD,6.89,34453,6890.6,1,1,2024-12,0.4666666666666667,1.8666666666666667,0.8711111111111112
2024-12-31,SUNDARMFIN,10,ENTERPRISE-Dryup,09:15,4220.2,15:29,4194.0,-0.62,EOD,6.89,34453,6890.6,1,0,2024-12,0.4,0.25,0.1
2024-12-31,PTCIL,11,GOLD-baseline,09:15,13487.0,15:29,13200.0,-2.13,EOD,6.89,34453,6890.6,1,0,2024-12,0.3333333333333333,0.25,0.08333333333333333
2024-12-31,HUDCO,13,ENTERPRISE-Dryup,09:15,226.9,15:29,234.84,3.5,EOD,6.89,34453,6890.6,1,1,2024-12,0.2,1.5833333333333335,0.3166666666666667
2024-12-31,TARIL,14,GOLD,09:15,540.0,15:29,572.5,6.02,EOD,6.89,34453,6890.6,1,1,2024-12,0.13333333333333333,2.003333333333333,0.2671111111111111
2024-12-31,VIJAYA,15,GOLD,09:15,1055.95,15:29,1054.6,-0.13,EOD,6.89,34453,6890.6,1,0,2024-12,0.06666666666666667,0.25,0.016666666666666666
2025-01-01,CHOLAHLDNG,2,ENTERPRISE-Dryup,09:15,1400.2,15:29,1392.0,-0.59,EOD,6.89,34456,6891.2,1,0,2025-01,0.9333333333333333,0.25,0.23333333333333334
2025-01-01,SHYAMMETL,3,GOLD,09:15,726.8,15:29,738.0,1.54,EOD,6.89,34456,6891.2,1,1,2025-01,0.8666666666666667,1.2566666666666666,1.0891111111111111
2025-01-01,DMART,5,PREMIUM-Compression,09:15,3560.0,15:29,3562.0,0.06,EOD,6.89,34456,6891.2,1,1,2025-01,0.7333333333333333,1.01,0.7406666666666666
2025-01-01,SAREGAMA,6,GOLD,09:15,460.3,15:29,480.1,4.3,EOD,6.89,34456,6891.2,1,1,2025-01,0.6666666666666666,1.7166666666666668,1.1444444444444444
2025-01-01,SAMMAANCAP,7,PREMIUM-Compression,09:15,151.0,15:29,152.7,1.13,EOD,6.89,34456,6891.2,1,1,2025-01,0.6,1.1883333333333332,0.713
2025-01-01,AWL,9,PREMIUM-Pullback,09:15,308.0,15:29,327.7,6.4,EOD,6.89,34456,6891.2,1,1,2025-01,0.4666666666666667,2.0666666666666664,0.9644444444444443
2025-01-01,SUNDARMFIN,10,ENTERPRISE-Dryup,09:15,4193.7,15:29,4097.0,-2.31,EOD,6.89,34456,6891.2,1,0,2025-01,0.4,0.25,0.1
2025-01-01,POLYMED,11,GOLD-baseline,09:15,2620.0,15:29,2678.65,2.24,EOD,6.89,34456,6891.2,1,1,2025-01,0.3333333333333333,1.3733333333333333,0.45777777777777773
2025-01-01,PTCIL,12,GOLD-baseline,09:15,13249.5,15:29,13330.0,0.61,EOD,6.89,34456,6891.2,1,1,2025-01,0.26666666666666666,1.1016666666666666,0.29377777777777775
2025-01-01,VIJAYA,14,ENTERPRISE-Dryup,09:15,1050.0,15:29,1060.0,0.95,EOD,6.89,34456,6891.2,1,1,2025-01,0.13333333333333333,1.1583333333333332,0.15444444444444444
2025-01-02,FORCEMOT,2,ENTERPRISE-Dryup,09:15,6698.0,15:29,7181.0,7.21,EOD,28.52,142607,28521.4,1,1,2025-01,0.9333333333333333,2.2016666666666667,2.0548888888888888
2025-01-02,OIL,3,GOLD,09:15,435.65,15:29,464.0,6.51,EOD,28.52,142607,28521.4,1,1,2025-01,0.8666666666666667,2.085,1.807
2025-01-02,DMART,4,PREMIUM-Compression,09:15,3564.95,15:29,3615.3,1.41,EOD,28.52,142607,28521.4,1,1,2025-01,0.8,1.2349999999999999,0.988
2025-01-02,CHOLAHLDNG,5,PREMIUM-Compression,09:15,1399.4,15:29,1497.55,7.01,EOD,28.52,142607,28521.4,1,1,2025-01,0.7333333333333333,2.168333333333333,1.5901111111111108
2025-01-02,SUNDARMFIN,6,ENTERPRISE-Dryup,09:15,4125.65,15:29,4726.0,14.55,EOD,28.52,142607,28521.4,1,1,2025-01,0.6666666666666666,3.4250000000000003,2.283333333333333
2025-01-02,HUDCO,7,GOLD,09:15,238.0,15:29,242.65,1.95,EOD,28.52,142607,28521.4,1,1,2025-01,0.6,1.325,0.7949999999999999
2025-01-02,EICHERMOT,10,ENTERPRISE-Dryup,09:15,4885.0,15:29,5303.0,8.56,EOD,28.52,142607,28521.4,1,1,2025-01,0.4,2.4266666666666667,0.9706666666666668
2025-01-02,CARTRADE,12,ENTERPRISE-Dryup,09:15,1516.65,15:29,1601.0,5.56,EOD,28.52,142607,28521.4,1,1,2025-01,0.26666666666666666,1.9266666666666667,0.5137777777777778
2025-01-02,IGL,14,PREMIUM-Compression,09:15,205.5,15:29,215.0,4.62,EOD,28.52,142607,28521.4,1,1,2025-01,0.13333333333333333,1.77,0.236
2025-01-02,MAHABANK,15,PREMIUM-Compression,09:15,52.59,15:29,52.7,0.21,EOD,28.52,142607,28521.4,1,1,2025-01,0.06666666666666667,1.035,0.06899999999999999
2025-01-03,DMART,1,ENTERPRISE-Dryup,09:15,3840.0,15:29,4012.75,4.5,EOD,27.82,139105,27821.0,1,1,2025-01,1.0,1.75,1.75
2025-01-03,SAREGAMA,2,GOLD,09:15,478.25,15:29,532.6,11.36,EOD,27.82,139105,27821.0,1,1,2025-01,0.9333333333333333,2.8933333333333335,2.700444444444445
2025-01-03,SHYAMMETL,6,GOLD,09:15,740.0,15:29,780.0,5.41,EOD,27.82,139105,27821.0,1,1,2025-01,0.6666666666666666,1.9016666666666668,1.267777777777778
2025-01-03,IREDA,7,GOLD,09:15,221.58,15:29,229.6,3.62,EOD,27.82,139105,27821.0,1,1,2025-01,0.6,1.6033333333333335,0.9620000000000001
2025-01-03,RITES,9,GOLD,09:15,300.0,15:29,294.8,-1.73,EOD,27.82,139105,27821.0,1,0,2025-01,0.4666666666666667,0.25,0.11666666666666667
2025-01-03,ITI,11,GOLD-baseline,09:15,385.5,15:29,457.1,18.57,EOD,27.82,139105,27821.0,1,1,2025-01,0.3333333333333333,3.5,1.1666666666666665
2025-01-03,MAHABANK,12,ENTERPRISE-Dryup,09:15,54.71,15:29,55.29,1.06,EOD,27.82,139105,27821.0,1,1,2025-01,0.26666666666666666,1.1766666666666667,0.3137777777777778
2025-01-03,HUDCO,14,GOLD,09:15,242.85,15:29,248.05,2.14,EOD,27.82,139105,27821.0,1,1,2025-01,0.13333333333333333,1.3566666666666667,0.18088888888888888
2025-01-06,TARIL,1,GOLD-baseline,09:15,637.0,09:15,634.5,-0.39,HARD_STOP,-3.91,-19562,-3912.4,1,0,2025-01,1.0,0.25,0.25
2025-01-06,FORCEMOT,2,GOLD-baseline,09:15,7315.0,09:15,7268.9,-0.63,HARD_STOP,-3.91,-19562,-3912.4,1,0,2025-01,0.9333333333333333,0.25,0.23333333333333334
2025-01-06,SUNDARMFIN,7,GOLD-baseline,09:15,4663.8,09:15,4583.95,-1.71,HARD_STOP,-3.91,-19562,-3912.4,1,0,2025-01,0.6,0.25,0.15
2025-01-06,AWL,10,PREMIUM-Compression,09:15,331.0,09:15,331.5,0.15,HARD_STOP,-3.91,-19562,-3912.4,1,1,2025-01,0.4,1.025,0.41
2025-01-06,RITES,12,GOLD-baseline,09:15,295.5,09:15,292.1,-1.15,HARD_STOP,-3.91,-19562,-3912.4,1,0,2025-01,0.26666666666666666,0.25,0.06666666666666667
2025-01-06,CREDITACC,14,GOLD-baseline,09:15,934.55,09:15,926.85,-0.82,HARD_STOP,-3.91,-19562,-3912.4,1,0,2025-01,0.13333333333333333,0.25,0.03333333333333333
2025-01-06,HUDCO,15,GOLD,09:15,247.7,09:15,246.26,-0.58,HARD_STOP,-3.91,-19562,-3912.4,1,0,2025-01,0.06666666666666667,0.25,0.016666666666666666
2025-01-07,SRF,1,PREMIUM-Compression,09:15,2271.0,15:29,2304.0,1.45,EOD,10.58,52920,10584.0,1,1,2025-01,1.0,1.2416666666666667,1.2416666666666667
2025-01-07,SHYAMMETL,2,GOLD,09:15,757.55,15:29,782.2,3.25,EOD,10.58,52920,10584.0,1,1,2025-01,0.9333333333333333,1.5416666666666665,1.4388888888888889
2025-01-07,JSWDULUX,3,ENTERPRISE-Dryup,09:15,3440.0,15:29,3636.35,5.71,EOD,10.58,52920,10584.0,1,1,2025-01,0.8666666666666667,1.9516666666666667,1.6914444444444445
2025-01-07,ANANDRATHI,4,ENTERPRISE-Dryup,09:15,1934.5,15:29,1940.3,0.3,EOD,10.58,52920,10584.0,1,1,2025-01,0.8,1.05,0.8400000000000001
2025-01-07,LLOYDSME,6,GOLD-baseline,09:15,1405.0,15:29,1416.7,0.83,EOD,10.58,52920,10584.0,1,1,2025-01,0.6666666666666666,1.1383333333333334,0.758888888888889
2025-01-07,VIJAYA,7,GOLD-baseline,09:15,1153.0,15:29,1195.0,3.64,EOD,10.58,52920,10584.0,1,1,2025-01,0.6,1.6066666666666667,0.964
2025-01-07,BDL,8,ENTERPRISE-Dryup,09:15,1113.15,15:29,1182.35,6.22,EOD,10.58,52920,10584.0,1,1,2025-01,0.5333333333333333,2.0366666666666666,1.0862222222222222
2025-01-07,AARTIIND,9,GOLD,09:15,406.0,15:29,405.5,-0.12,EOD,10.58,52920,10584.0,1,0,2025-01,0.4666666666666667,0.25,0.11666666666666667
2025-01-07,RKFORGE,10,GOLD,09:15,908.45,15:29,916.1,0.84,EOD,10.58,52920,10584.0,1,1,2025-01,0.4,1.14,0.45599999999999996
2025-01-07,NAVINFLUOR,12,ENTERPRISE-Dryup,09:15,3350.0,15:29,3480.0,3.88,EOD,10.58,52920,10584.0,1,1,2025-01,0.26666666666666666,1.6466666666666665,0.43911111111111106
2025-01-07,UBL,14,GOLD,09:15,2055.0,15:29,2075.0,0.97,EOD,10.58,52920,10584.0,1,1,2025-01,0.13333333333333333,1.1616666666666666,0.15488888888888888
2025-01-07,MARICO,15,GOLD-baseline,09:15,645.3,15:29,639.65,-0.88,EOD,10.58,52920,10584.0,1,0,2025-01,0.06666666666666667,0.25,0.016666666666666666
2025-01-08,SRF,1,GOLD,09:15,2298.1,09:27,2319.9,0.95,HARD_STOP,-3.39,-16929,-3385.8,1,1,2025-01,1.0,1.1583333333333332,1.1583333333333332
2025-01-08,ANANDRATHI,4,PREMIUM-Compression,09:15,1964.8,09:27,1939.8,-1.27,HARD_STOP,-3.39,-16929,-3385.8,1,0,2025-01,0.8,0.25,0.2
2025-01-08,AARTIIND,7,GOLD,09:15,405.5,09:27,398.4,-1.75,HARD_STOP,-3.39,-16929,-3385.8,1,0,2025-01,0.6,0.25,0.15
2025-01-08,CONCORDBIO,9,ENTERPRISE-Dryup,09:15,2175.0,09:27,2169.8,-0.24,HARD_STOP,-3.39,-16929,-3385.8,1,0,2025-01,0.4666666666666667,0.25,0.11666666666666667
2025-01-08,RKFORGE,11,GOLD,09:15,920.0,09:27,909.3,-1.16,HARD_STOP,-3.39,-16929,-3385.8,1,0,2025-01,0.3333333333333333,0.25,0.08333333333333333
2025-01-08,UBL,13,ENTERPRISE-Dryup,09:15,2080.0,09:27,2073.6,-0.31,HARD_STOP,-3.39,-16929,-3385.8,1,0,2025-01,0.2,0.25,0.05
2025-01-09,SHYAMMETL,1,GOLD,09:15,780.45,15:29,790.0,1.22,EOD,10.25,51270,10254.0,1,1,2025-01,1.0,1.2033333333333334,1.2033333333333334
2025-01-09,SRF,2,GOLD-baseline,09:15,2500.0,15:29,2663.0,6.52,EOD,10.25,51270,10254.0,1,1,2025-01,0.9333333333333333,2.086666666666667,1.9475555555555557
2025-01-09,JSWDULUX,3,GOLD-baseline,09:15,3626.3,15:29,3741.15,3.17,EOD,10.25,51270,10254.0,1,1,2025-01,0.8666666666666667,1.5283333333333333,1.3245555555555555
2025-01-09,ANANDRATHI,4,GOLD-baseline,09:15,1994.95,15:29,1974.15,-1.04,EOD,10.25,51270,10254.0,1,0,2025-01,0.8,0.25,0.2
2025-01-09,AARTIIND,5,GOLD,09:15,398.55,15:29,414.7,4.05,EOD,10.25,51270,10254.0,1,1,2025-01,0.7333333333333333,1.6749999999999998,1.228333333333333
2025-01-09,PTCIL,6,GOLD-baseline,09:15,17252.0,15:29,17305.0,0.31,EOD,10.25,51270,10254.0,1,1,2025-01,0.6666666666666666,1.0516666666666667,0.7011111111111111
2025-01-09,VIJAYA,7,GOLD-baseline,09:15,1207.6,15:29,1216.75,0.76,EOD,10.25,51270,10254.0,1,1,2025-01,0.6,1.1266666666666667,0.676
2025-01-09,LLOYDSME,8,GOLD-baseline,09:15,1426.0,15:29,1433.0,0.49,EOD,10.25,51270,10254.0,1,1,2025-01,0.5333333333333333,1.0816666666666666,0.5768888888888888
2025-01-09,UBL,9,GOLD-baseline,09:15,1991.1,15:29,2002.0,0.55,EOD,10.25,51270,10254.0,1,1,2025-01,0.4666666666666667,1.0916666666666668,0.5094444444444445
2025-01-09,RKFORGE,10,GOLD,09:15,909.55,15:29,904.0,-0.61,EOD,10.25,51270,10254.0,1,0,2025-01,0.4,0.25,0.1
2025-01-09,BDL,11,ENTERPRISE-Dryup,09:15,1177.0,15:29,1191.0,1.19,EOD,10.25,51270,10254.0,1,1,2025-01,0.3333333333333333,1.1983333333333333,0.3994444444444444
2025-01-09,NAVINFLUOR,12,GOLD,09:15,3590.3,15:29,3822.55,6.47,EOD,10.25,51270,10254.0,1,1,2025-01,0.26666666666666666,2.078333333333333,0.5542222222222222
2025-01-09,MARICO,13,GOLD,09:15,639.0,15:29,666.95,4.37,EOD,10.25,51270,10254.0,1,1,2025-01,0.2,1.7283333333333335,0.34566666666666673
2025-01-10,SHYAMMETL,1,ENTERPRISE-Dryup,09:15,787.0,09:15,745.45,-5.28,HARD_STOP,-4.56,-22816,-4563.2,1,0,2025-01,1.0,0.25,0.25
2025-01-10,LLOYDSME,5,ENTERPRISE-Dryup,09:15,1435.0,09:15,1434.9,-0.01,HARD_STOP,-4.56,-22816,-4563.2,1,0,2025-01,0.7333333333333333,0.25,0.18333333333333332
2025-01-10,PTCIL,6,GOLD-baseline,09:15,17310.05,09:15,17372.7,0.36,HARD_STOP,-4.56,-22816,-4563.2,1,1,2025-01,0.6666666666666666,1.06,0.7066666666666667
2025-01-10,VIJAYA,7,GOLD-baseline,09:15,1230.0,09:15,1213.4,-1.35,HARD_STOP,-4.56,-22816,-4563.2,1,0,2025-01,0.6,0.25,0.15
2025-01-10,UBL,9,GOLD-baseline,09:15,2013.35,09:15,2000.55,-0.64,HARD_STOP,-4.56,-22816,-4563.2,1,0,2025-01,0.4666666666666667,0.25,0.11666666666666667
2025-01-10,RKFORGE,10,GOLD,09:15,904.1,09:15,909.75,0.62,HARD_STOP,-4.56,-22816,-4563.2,1,1,2025-01,0.4,1.1033333333333333,0.44133333333333336
2025-01-10,BDL,11,ENTERPRISE-Dryup,09:15,1191.0,09:15,1185.5,-0.46,HARD_STOP,-4.56,-22816,-4563.2,1,0,2025-01,0.3333333333333333,0.25,0.08333333333333333
2025-01-10,INDIAMART,12,GOLD,09:15,2315.05,09:15,2311.5,-0.15,HARD_STOP,-4.56,-22816,-4563.2,1,0,2025-01,0.26666666666666666,0.25,0.06666666666666667
2025-01-13,SHYAMMETL,1,GOLD-baseline,09:15,779.7,09:16,774.35,-0.69,HARD_STOP,-3.39,-16945,-3389.0,1,0,2025-01,1.0,0.25,0.25
2025-01-13,SRF,2,GOLD-baseline,09:15,2557.0,09:16,2572.5,0.61,HARD_STOP,-3.39,-16945,-3389.0,1,1,2025-01,0.9333333333333333,1.1016666666666666,1.0282222222222221
2025-01-13,LLOYDSME,3,ENTERPRISE-Dryup,09:15,1441.9,09:16,1412.1,-2.07,HARD_STOP,-3.39,-16945,-3389.0,1,0,2025-01,0.8666666666666667,0.25,0.21666666666666667
2025-01-13,JSWDULUX,5,GOLD-baseline,09:15,3750.0,09:16,3680.35,-1.86,HARD_STOP,-3.39,-16945,-3389.0,1,0,2025-01,0.7333333333333333,0.25,0.18333333333333332
2025-01-13,PTCIL,6,GOLD-baseline,09:15,17200.0,09:16,17050.0,-0.87,HARD_STOP,-3.39,-16945,-3389.0,1,0,2025-01,0.6666666666666666,0.25,0.16666666666666666
2025-01-13,VIJAYA,7,GOLD-baseline,09:15,1243.5,09:16,1260.9,1.4,HARD_STOP,-3.39,-16945,-3389.0,1,1,2025-01,0.6,1.2333333333333334,0.74
2025-01-13,UBL,9,GOLD,09:15,2012.0,09:16,2004.95,-0.35,HARD_STOP,-3.39,-16945,-3389.0,1,0,2025-01,0.4666666666666667,0.25,0.11666666666666667
2025-01-13,BDL,11,ENTERPRISE-Dryup,09:15,1175.05,09:16,1168.5,-0.56,HARD_STOP,-3.39,-16945,-3389.0,1,0,2025-01,0.3333333333333333,0.25,0.08333333333333333
2025-01-13,CONCORDBIO,13,GOLD-baseline,09:15,2255.9,09:16,2234.6,-0.94,HARD_STOP,-3.39,-16945,-3389.0,1,0,2025-01,0.2,0.25,0.05
2025-01-13,INDIAMART,14,GOLD,09:15,2314.1,09:16,2293.05,-0.91,HARD_STOP,-3.39,-16945,-3389.0,1,0,2025-01,0.13333333333333333,0.25,0.03333333333333333
2025-01-14,IDEA,1,GOLD,09:15,7.8,09:26,7.97,2.18,TRAIL,1.65,8225,1645.0,1,1,2025-01,1.0,1.3633333333333333,1.3633333333333333
2025-01-14,RAILTEL,2,PREMIUM-Pullback,09:15,365.0,09:26,364.7,-0.08,TRAIL,1.65,8225,1645.0,1,0,2025-01,0.9333333333333333,0.25,0.23333333333333334
2025-01-14,RPOWER,3,PREMIUM-Pullback,09:15,37.39,09:26,36.77,-1.66,TRAIL,1.65,8225,1645.0,1,0,2025-01,0.8666666666666667,0.25,0.21666666666666667
2025-01-14,NBCC,4,PREMIUM-Pullback,09:15,80.0,09:26,80.29,0.36,TRAIL,1.65,8225,1645.0,1,1,2025-01,0.8,1.06,0.8480000000000001
2025-01-14,RVNL,5,PREMIUM-Pullback,09:15,360.95,09:26,366.25,1.47,TRAIL,1.65,8225,1645.0,1,1,2025-01,0.7333333333333333,1.245,0.913
2025-01-14,ADANIGREEN,6,PREMIUM-Pullback,09:15,898.05,09:26,930.0,3.56,TRAIL,1.65,8225,1645.0,1,1,2025-01,0.6666666666666666,1.5933333333333333,1.0622222222222222
2025-01-14,BDL,7,PREMIUM-Pullback,09:15,1117.45,09:26,1104.7,-1.14,TRAIL,1.65,8225,1645.0,1,0,2025-01,0.6,0.25,0.15
2025-01-14,GMDCLTD,8,PREMIUM-Pullback,09:15,285.0,09:26,285.45,0.16,TRAIL,1.65,8225,1645.0,1,1,2025-01,0.5333333333333333,1.0266666666666666,0.5475555555555556
2025-01-14,IRCON,9,PREMIUM-Pullback,09:15,183.65,09:26,184.69,0.57,TRAIL,1.65,8225,1645.0,1,1,2025-01,0.4666666666666667,1.095,0.511
2025-01-14,BLS,10,PREMIUM-Pullback,09:15,438.0,09:26,426.5,-2.63,TRAIL,1.65,8225,1645.0,1,0,2025-01,0.4,0.25,0.1
2025-01-14,INOXWIND,11,PREMIUM-Pullback,09:15,154.27,09:26,152.15,-1.37,TRAIL,1.65,8225,1645.0,1,0,2025-01,0.3333333333333333,0.25,0.08333333333333333
2025-01-14,MINDACORP,12,GOLD,09:15,511.95,09:26,511.25,-0.14,TRAIL,1.65,8225,1645.0,1,0,2025-01,0.26666666666666666,0.25,0.06666666666666667
2025-01-14,SWANCORP,13,PREMIUM-Pullback,09:15,608.0,09:26,616.65,1.42,TRAIL,1.65,8225,1645.0,1,1,2025-01,0.2,1.2366666666666666,0.24733333333333332
2025-01-14,ADANIENSOL,14,PREMIUM-Pullback,09:15,702.95,09:26,718.35,2.19,TRAIL,1.65,8225,1645.0,1,1,2025-01,0.13333333333333333,1.365,0.182
2025-01-14,HUDCO,15,PREMIUM-Pullback,09:15,207.48,09:26,209.56,1.0,TRAIL,1.65,8225,1645.0,1,1,2025-01,0.06666666666666667,1.1666666666666667,0.07777777777777778
2025-01-16,RAILTEL,1,ENTERPRISE-Dryup,09:15,386.0,15:29,411.8,6.68,EOD,26.65,133274,26654.8,1,1,2025-01,1.0,2.1133333333333333,2.1133333333333333
2025-01-16,GMDCLTD,2,GOLD,09:15,295.15,15:29,324.1,9.81,EOD,26.65,133274,26654.8,1,1,2025-01,0.9333333333333333,2.635,2.4593333333333334
2025-01-16,ADANIENSOL,3,GOLD,09:15,817.95,15:29,795.0,-2.81,EOD,26.65,133274,26654.8,1,0,2025-01,0.8666666666666667,0.25,0.21666666666666667
2025-01-16,RPOWER,5,GOLD,09:15,40.05,15:29,41.2,2.87,EOD,26.65,133274,26654.8,1,1,2025-01,0.7333333333333333,1.4783333333333333,1.084111111111111
2025-01-16,JWL,6,GOLD,09:15,438.0,15:29,491.65,12.25,EOD,26.65,133274,26654.8,1,1,2025-01,0.6666666666666666,3.0416666666666665,2.0277777777777777
2025-01-16,RVNL,7,GOLD,09:15,391.85,15:29,412.0,5.14,EOD,26.65,133274,26654.8,1,1,2025-01,0.6,1.8566666666666665,1.1139999999999999
2025-01-16,HUDCO,8,GOLD,09:15,218.0,15:29,225.5,3.44,EOD,26.65,133274,26654.8,1,1,2025-01,0.5333333333333333,1.5733333333333333,0.839111111111111
2025-01-16,BDL,9,ENTERPRISE-Dryup,09:15,1140.0,15:29,1201.95,5.43,EOD,26.65,133274,26654.8,1,1,2025-01,0.4666666666666667,1.9049999999999998,0.8889999999999999
2025-01-16,IDBI,11,GOLD-baseline,09:15,74.25,15:29,79.2,6.67,EOD,26.65,133274,26654.8,1,1,2025-01,0.3333333333333333,2.1116666666666664,0.7038888888888888
2025-01-16,SWANCORP,12,ENTERPRISE-Dryup,09:15,670.05,15:29,686.0,2.38,EOD,26.65,133274,26654.8,1,1,2025-01,0.26666666666666666,1.3966666666666667,0.37244444444444447
2025-01-16,SAMMAANCAP,14,GOLD,09:15,144.0,15:29,154.66,7.4,EOD,26.65,133274,26654.8,1,1,2025-01,0.13333333333333333,2.2333333333333334,0.2977777777777778
2025-01-17,INOXWIND,1,GOLD,09:15,162.51,09:15,160.82,-1.04,HARD_STOP,-3.51,-17539,-3507.8,1,0,2025-01,1.0,0.25,0.25
2025-01-17,NBCC,3,GOLD,09:15,87.55,09:15,87.3,-0.29,HARD_STOP,-3.51,-17539,-3507.8,1,0,2025-01,0.8666666666666667,0.25,0.21666666666666667
2025-01-20,HFCL,1,GOLD,09:15,104.58,09:15,103.55,-0.98,HARD_STOP,-5.15,-25746,-5149.2,1,0,2025-01,1.0,0.25,0.25
2025-01-20,INOXWIND,2,GOLD,09:15,165.4,09:15,163.85,-0.94,HARD_STOP,-5.15,-25746,-5149.2,1,0,2025-01,0.9333333333333333,0.25,0.23333333333333334
2025-01-20,SWANCORP,3,GOLD-baseline,09:15,687.9,09:15,668.1,-2.88,HARD_STOP,-5.15,-25746,-5149.2,1,0,2025-01,0.8666666666666667,0.25,0.21666666666666667
2025-01-20,PAYTM,6,GOLD,09:15,902.5,09:15,900.75,-0.19,HARD_STOP,-5.15,-25746,-5149.2,1,0,2025-01,0.6666666666666666,0.25,0.16666666666666666
2025-01-20,NIACL,9,ENTERPRISE-Dryup,09:15,195.9,09:15,193.2,-1.38,HARD_STOP,-5.15,-25746,-5149.2,1,0,2025-01,0.4666666666666667,0.25,0.11666666666666667
2025-01-20,JWL,10,GOLD-baseline,09:15,491.0,09:15,486.0,-1.02,HARD_STOP,-5.15,-25746,-5149.2,1,0,2025-01,0.4,0.25,0.1
2025-01-20,MINDACORP,11,GOLD-baseline,09:15,586.5,09:15,584.0,-0.43,HARD_STOP,-5.15,-25746,-5149.2,1,0,2025-01,0.3333333333333333,0.25,0.08333333333333333
2025-01-20,ADANIGREEN,12,GOLD-baseline,09:15,1082.95,09:15,1071.2,-1.08,HARD_STOP,-5.15,-25746,-5149.2,1,0,2025-01,0.26666666666666666,0.25,0.06666666666666667
2025-01-20,RAILTEL,13,GOLD,09:15,414.0,09:15,410.55,-0.83,HARD_STOP,-5.15,-25746,-5149.2,1,0,2025-01,0.2,0.25,0.05
2025-01-20,BSE,15,GOLD,09:15,2028.5,09:15,2028.0,-0.02,HARD_STOP,-5.15,-25746,-5149.2,1,0,2025-01,0.06666666666666667,0.25,0.016666666666666666
2025-01-21,CGCL,2,GOLD,09:15,181.1,09:37,182.37,0.7,HARD_STOP,-3.32,-16625,-3325.0,1,1,2025-01,0.9333333333333333,1.1166666666666667,1.0422222222222222
2025-01-21,ZENSARTECH,3,ENTERPRISE-Dryup,09:15,755.0,09:37,754.8,-0.03,HARD_STOP,-3.32,-16625,-3325.0,1,0,2025-01,0.8666666666666667,0.25,0.21666666666666667
2025-01-21,COFORGE,4,ENTERPRISE-Dryup,09:15,1736.0,09:37,1716.5,-1.12,HARD_STOP,-3.32,-16625,-3325.0,1,0,2025-01,0.8,0.25,0.2
2025-01-21,FIVESTAR,6,ENTERPRISE-Dryup,09:15,663.45,09:37,663.45,0.0,HARD_STOP,-3.32,-16625,-3325.0,1,0,2025-01,0.6666666666666666,0.25,0.16666666666666666
2025-01-21,ULTRACEMCO,7,PREMIUM-Compression,09:15,10677.5,09:37,10771.0,0.88,HARD_STOP,-3.32,-16625,-3325.0,1,1,2025-01,0.6,1.1466666666666667,0.6880000000000001
2025-01-21,MPHASIS,8,ENTERPRISE-Dryup,09:15,2750.3,09:37,2779.3,1.05,HARD_STOP,-3.32,-16625,-3325.0,1,1,2025-01,0.5333333333333333,1.175,0.6266666666666667
2025-01-21,WOCKPHARMA,9,ENTERPRISE-Dryup,09:15,1392.05,09:37,1380.0,-0.87,HARD_STOP,-3.32,-16625,-3325.0,1,0,2025-01,0.4666666666666667,0.25,0.11666666666666667
2025-01-21,POLICYBZR,10,GOLD,09:15,1752.95,09:37,1744.3,-0.49,HARD_STOP,-3.32,-16625,-3325.0,1,0,2025-01,0.4,0.25,0.1
2025-01-21,MCX,12,GOLD,09:15,1190.0,09:37,1135.0,-4.62,HARD_STOP,-3.32,-16625,-3325.0,1,0,2025-01,0.26666666666666666,0.25,0.06666666666666667
2025-01-21,KFINTECH,13,ENTERPRISE-Dryup,09:15,1179.5,09:37,1157.55,-1.86,HARD_STOP,-3.32,-16625,-3325.0,1,0,2025-01,0.2,0.25,0.05
2025-01-21,KEI,14,ENTERPRISE-Dryup,09:15,4177.0,09:37,4114.0,-1.51,HARD_STOP,-3.32,-16625,-3325.0,1,0,2025-01,0.13333333333333333,0.25,0.03333333333333333
2025-01-21,NAVA,15,GOLD,09:15,430.0,09:37,432.5,0.58,HARD_STOP,-3.32,-16625,-3325.0,1,1,2025-01,0.06666666666666667,1.0966666666666667,0.07311111111111111
2025-01-22,PERSISTENT,1,ENTERPRISE-Dryup,09:15,5750.0,09:16,5755.95,0.1,HARD_STOP,-4.16,-20800,-4160.0,1,1,2025-01,1.0,1.0166666666666666,1.0166666666666666
2025-01-22,CGCL,2,GOLD,09:15,178.51,09:16,178.09,-0.24,HARD_STOP,-4.16,-20800,-4160.0,1,0,2025-01,0.9333333333333333,0.25,0.23333333333333334
2025-01-22,COFORGE,3,ENTERPRISE-Dryup,09:15,1663.0,09:16,1654.0,-0.54,HARD_STOP,-4.16,-20800,-4160.0,1,0,2025-01,0.8666666666666667,0.25,0.21666666666666667
2025-01-22,ZENSARTECH,4,ENTERPRISE-Dryup,09:15,740.0,09:16,729.1,-1.47,HARD_STOP,-4.16,-20800,-4160.0,1,0,2025-01,0.8,0.25,0.2
2025-01-22,AMBER,5,ENTERPRISE-Dryup,09:15,6552.7,09:16,6540.55,-0.19,HARD_STOP,-4.16,-20800,-4160.0,1,0,2025-01,0.7333333333333333,0.25,0.18333333333333332
2025-01-22,FIVESTAR,6,ENTERPRISE-Dryup,09:15,649.0,09:16,645.0,-0.62,HARD_STOP,-4.16,-20800,-4160.0,1,0,2025-01,0.6666666666666666,0.25,0.16666666666666666
2025-01-22,WOCKPHARMA,7,ENTERPRISE-Dryup,09:15,1374.0,09:16,1340.0,-2.47,HARD_STOP,-4.16,-20800,-4160.0,1,0,2025-01,0.6,0.25,0.15
2025-01-22,MPHASIS,8,ENTERPRISE-Dryup,09:15,2719.5,09:16,2733.4,0.51,HARD_STOP,-4.16,-20800,-4160.0,1,1,2025-01,0.5333333333333333,1.085,0.5786666666666667
2025-01-22,POLICYBZR,9,GOLD,09:15,1664.9,09:16,1619.8,-2.71,HARD_STOP,-4.16,-20800,-4160.0,1,0,2025-01,0.4666666666666667,0.25,0.11666666666666667
2025-01-22,ULTRACEMCO,10,GOLD-baseline,09:15,10700.0,09:16,10633.5,-0.62,HARD_STOP,-4.16,-20800,-4160.0,1,0,2025-01,0.4,0.25,0.1
2025-01-22,LAURUSLABS,11,ENTERPRISE-Dryup,09:15,580.0,09:16,575.0,-0.86,HARD_STOP,-4.16,-20800,-4160.0,1,0,2025-01,0.3333333333333333,0.25,0.08333333333333333
2025-01-22,KEI,12,ENTERPRISE-Dryup,09:15,3999.45,09:16,4014.3,0.37,HARD_STOP,-4.16,-20800,-4160.0,1,1,2025-01,0.26666666666666666,1.0616666666666668,0.28311111111111115
2025-01-22,NAVA,13,GOLD,09:15,425.0,09:16,421.8,-0.75,HARD_STOP,-4.16,-20800,-4160.0,1,0,2025-01,0.2,0.25,0.05
2025-01-22,KFINTECH,14,ENTERPRISE-Dryup,09:15,1119.6,09:16,1102.75,-1.51,HARD_STOP,-4.16,-20800,-4160.0,1,0,2025-01,0.13333333333333333,0.25,0.03333333333333333
2025-01-22,MCX,15,GOLD-baseline,09:15,1112.0,09:16,1106.0,-0.54,HARD_STOP,-4.16,-20800,-4160.0,1,0,2025-01,0.06666666666666667,0.25,0.016666666666666666
2025-01-23,CGCL,1,GOLD,09:15,179.19,15:29,181.0,1.01,EOD,27.82,139096,27819.2,1,1,2025-01,1.0,1.1683333333333334,1.1683333333333334
2025-01-23,COFORGE,2,PREMIUM-Pullback,09:15,1742.0,15:29,1835.0,5.34,EOD,27.82,139096,27819.2,1,1,2025-01,0.9333333333333333,1.8900000000000001,1.7640000000000002
2025-01-23,PERSISTENT,3,PREMIUM-Pullback,09:15,5790.0,15:29,6270.0,8.29,EOD,27.82,139096,27819.2,1,1,2025-01,0.8666666666666667,2.381666666666667,2.0641111111111115
2025-01-23,ZENSARTECH,4,ENTERPRISE-Dryup,09:15,752.05,15:29,841.7,11.92,EOD,27.82,139096,27819.2,1,1,2025-01,0.8,2.9866666666666664,2.389333333333333
2025-01-23,AMBER,5,PREMIUM-Pullback,09:15,6314.55,15:29,6750.0,6.9,EOD,27.82,139096,27819.2,1,1,2025-01,0.7333333333333333,2.1500000000000004,1.5766666666666669
2025-01-23,WOCKPHARMA,6,PREMIUM-Pullback,09:15,1297.0,15:29,1430.1,10.26,EOD,27.82,139096,27819.2,1,1,2025-01,0.6666666666666666,2.71,1.8066666666666666
2025-01-23,MPHASIS,8,ENTERPRISE-Dryup,09:15,2753.9,15:29,2854.0,3.63,EOD,27.82,139096,27819.2,1,1,2025-01,0.5333333333333333,1.605,0.856
2025-01-23,POLICYBZR,9,PREMIUM-Pullback,09:15,1612.85,15:29,1685.65,4.51,EOD,27.82,139096,27819.2,1,1,2025-01,0.4666666666666667,1.7516666666666665,0.8174444444444444
2025-01-23,ULTRACEMCO,10,PREMIUM-Compression,09:15,10690.0,15:29,11406.95,6.71,EOD,27.82,139096,27819.2,1,1,2025-01,0.4,2.118333333333333,0.8473333333333333
2025-01-23,LAURUSLABS,11,ENTERPRISE-Dryup,09:15,571.05,15:29,586.0,2.62,EOD,27.82,139096,27819.2,1,1,2025-01,0.3333333333333333,1.4366666666666668,0.4788888888888889
2025-01-23,KFINTECH,12,ENTERPRISE-Dryup,09:15,1084.6,15:29,1102.7,1.67,EOD,27.82,139096,27819.2,1,1,2025-01,0.26666666666666666,1.2783333333333333,0.3408888888888889
2025-01-23,NAVA,15,ENTERPRISE-Dryup,09:15,425.3,15:29,444.95,4.62,EOD,27.82,139096,27819.2,1,1,2025-01,0.06666666666666667,1.77,0.118
2025-01-24,CGCL,1,GOLD,09:15,187.9,15:29,197.0,4.84,EOD,25.86,129283,25856.6,1,1,2025-01,1.0,1.8066666666666666,1.8066666666666666
2025-01-24,FIVESTAR,4,ENTERPRISE-Dryup,09:15,663.0,15:29,700.0,5.58,EOD,25.86,129283,25856.6,1,1,2025-01,0.8,1.9300000000000002,1.5440000000000003
2025-01-27,PERSISTENT,2,GOLD-baseline,09:15,6298.8,09:17,6287.0,-0.19,HARD_STOP,-3.56,-17810,-3562.0,1,0,2025-01,0.9333333333333333,0.25,0.23333333333333334
2025-01-27,ZENSARTECH,4,GOLD-baseline,09:15,831.75,09:17,830.3,-0.17,HARD_STOP,-3.56,-17810,-3562.0,1,0,2025-01,0.8,0.25,0.2
2025-01-27,COFORGE,5,GOLD-baseline,09:15,1819.0,09:17,1822.0,0.16,HARD_STOP,-3.56,-17810,-3562.0,1,1,2025-01,0.7333333333333333,1.0266666666666666,0.7528888888888888
2025-01-27,WOCKPHARMA,6,GOLD-baseline,09:15,1351.0,09:17,1327.45,-1.74,HARD_STOP,-3.56,-17810,-3562.0,1,0,2025-01,0.6666666666666666,0.25,0.16666666666666666
2025-01-27,POLICYBZR,7,GOLD,09:15,1670.0,09:17,1686.85,1.01,HARD_STOP,-3.56,-17810,-3562.0,1,1,2025-01,0.6,1.1683333333333334,0.7010000000000001
2025-01-27,ULTRACEMCO,9,GOLD-baseline,09:15,11260.0,09:17,11192.0,-0.6,HARD_STOP,-3.56,-17810,-3562.0,1,0,2025-01,0.4666666666666667,0.25,0.11666666666666667
2025-01-27,MCX,12,GOLD,09:15,1140.0,09:17,1127.0,-1.14,HARD_STOP,-3.56,-17810,-3562.0,1,0,2025-01,0.26666666666666666,0.25,0.06666666666666667
2025-01-27,NAVA,13,GOLD,09:15,429.45,09:17,419.7,-2.27,HARD_STOP,-3.56,-17810,-3562.0,1,0,2025-01,0.2,0.25,0.05
2025-01-27,BBTC,15,GOLD-baseline,09:15,2150.1,09:17,2128.65,-1.0,HARD_STOP,-3.56,-17810,-3562.0,1,0,2025-01,0.06666666666666667,0.25,0.016666666666666666
2025-01-28,POLYMED,1,GOLD-baseline,09:15,2409.95,09:18,2363.95,-1.91,HARD_STOP,-3.92,-19584,-3916.8,1,0,2025-01,1.0,0.25,0.25
2025-01-28,ZENTEC,2,PREMIUM-Pullback,09:15,1742.75,09:18,1715.3,-1.58,HARD_STOP,-3.92,-19584,-3916.8,1,0,2025-01,0.9333333333333333,0.25,0.23333333333333334
2025-01-28,GRAVITA,3,GOLD-baseline,09:15,1967.9,09:18,1997.4,1.5,HARD_STOP,-3.92,-19584,-3916.8,1,1,2025-01,0.8666666666666667,1.25,1.0833333333333335
2025-01-28,KPITTECH,4,GOLD-baseline,09:15,1291.0,09:18,1304.45,1.04,HARD_STOP,-3.92,-19584,-3916.8,1,1,2025-01,0.8,1.1733333333333333,0.9386666666666668
2025-01-28,PCBL,5,PREMIUM-Pullback,09:15,353.65,09:18,352.4,-0.35,HARD_STOP,-3.92,-19584,-3916.8,1,0,2025-01,0.7333333333333333,0.25,0.18333333333333332
2025-01-28,JMFINANCIL,6,PREMIUM-Pullback,09:15,107.75,09:18,108.2,0.42,HARD_STOP,-3.92,-19584,-3916.8,1,1,2025-01,0.6666666666666666,1.07,0.7133333333333334
2025-01-28,JUBLFOOD,7,PREMIUM-Pullback,09:15,641.95,09:18,640.7,-0.19,HARD_STOP,-3.92,-19584,-3916.8,1,0,2025-01,0.6,0.25,0.15
2025-01-28,PGEL,8,PREMIUM-Pullback,09:15,726.95,09:18,696.15,-4.24,HARD_STOP,-3.92,-19584,-3916.8,1,0,2025-01,0.5333333333333333,0.25,0.13333333333333333
2025-01-28,TRENT,9,PREMIUM-Pullback,09:15,5484.0,09:18,5474.9,-0.17,HARD_STOP,-3.92,-19584,-3916.8,1,0,2025-01,0.4666666666666667,0.25,0.11666666666666667
2025-01-28,KALYANKJIL,10,PREMIUM-Pullback,09:15,437.55,09:18,431.75,-1.33,HARD_STOP,-3.92,-19584,-3916.8,1,0,2025-01,0.4,0.25,0.1
2025-01-28,BRIGADE,11,GOLD-baseline,09:15,1017.2,09:18,1023.65,0.63,HARD_STOP,-3.92,-19584,-3916.8,1,1,2025-01,0.3333333333333333,1.105,0.3683333333333333
2025-01-28,OLECTRA,12,PREMIUM-Pullback,09:15,1320.0,09:18,1323.15,0.24,HARD_STOP,-3.92,-19584,-3916.8,1,1,2025-01,0.26666666666666666,1.04,0.2773333333333333
2025-01-28,NETWEB,13,PREMIUM-Pullback,09:15,1561.0,09:18,1497.05,-4.1,HARD_STOP,-3.92,-19584,-3916.8,1,0,2025-01,0.2,0.25,0.05
2025-01-28,GODFRYPHLP,14,ENTERPRISE-Dryup,09:15,1460.0,09:18,1438.0,-1.51,HARD_STOP,-3.92,-19584,-3916.8,1,0,2025-01,0.13333333333333333,0.25,0.03333333333333333
2025-01-28,SYRMA,15,PREMIUM-Pullback,09:15,436.75,09:18,439.95,0.73,HARD_STOP,-3.92,-19584,-3916.8,1,1,2025-01,0.06666666666666667,1.1216666666666666,0.07477777777777778
2025-01-29,ZENTEC,1,PREMIUM-Pullback,09:15,1592.05,15:29,1694.0,6.4,EOD,35.96,179810,35962.0,1,1,2025-01,1.0,2.0666666666666664,2.0666666666666664
2025-01-29,PGEL,2,PREMIUM-Pullback,09:15,645.0,15:29,733.15,13.67,EOD,35.96,179810,35962.0,1,1,2025-01,0.9333333333333333,3.2783333333333333,3.0597777777777777
2025-01-29,JMFINANCIL,3,GOLD,09:15,102.31,15:29,109.4,6.93,EOD,35.96,179810,35962.0,1,1,2025-01,0.8666666666666667,2.1550000000000002,1.867666666666667
2025-01-29,KPITTECH,5,GOLD,09:15,1263.0,15:29,1377.1,9.03,EOD,35.96,179810,35962.0,1,1,2025-01,0.7333333333333333,2.505,1.8369999999999997
2025-01-29,SYRMA,6,PREMIUM-Pullback,09:15,455.0,15:29,505.1,11.01,EOD,35.96,179810,35962.0,1,1,2025-01,0.6666666666666666,2.835,1.89
2025-01-29,GODFRYPHLP,7,GOLD,09:15,1457.0,15:29,1502.0,3.09,EOD,35.96,179810,35962.0,1,1,2025-01,0.6,1.5150000000000001,0.909
2025-01-29,GRAVITA,9,PREMIUM-Pullback,09:15,1880.0,15:29,2100.0,11.7,EOD,35.96,179810,35962.0,1,1,2025-01,0.4666666666666667,2.95,1.3766666666666667
2025-01-29,NETWEB,10,PREMIUM-Pullback,09:15,1511.0,15:29,1607.65,6.4,EOD,35.96,179810,35962.0,1,1,2025-01,0.4,2.0666666666666664,0.8266666666666667
2025-01-29,NEWGEN,12,PREMIUM-Pullback,09:15,996.95,15:29,1085.6,8.89,EOD,35.96,179810,35962.0,1,1,2025-01,0.26666666666666666,2.4816666666666665,0.6617777777777777
2025-01-29,TRENT,13,GOLD-baseline,09:15,5495.0,15:29,5611.0,2.11,EOD,35.96,179810,35962.0,1,1,2025-01,0.2,1.3516666666666666,0.2703333333333333
2025-01-29,KALYANKJIL,14,GOLD-baseline,09:15,441.1,15:29,451.0,2.24,EOD,35.96,179810,35962.0,1,1,2025-01,0.13333333333333333,1.3733333333333333,0.1831111111111111
2025-01-29,JUBLPHARMA,15,GOLD,09:15,884.0,15:29,933.05,5.55,EOD,35.96,179810,35962.0,1,1,2025-01,0.06666666666666667,1.9249999999999998,0.12833333333333333
2025-01-30,POLYMED,6,PREMIUM-Pullback,09:15,2269.1,09:15,2220.0,-2.16,HARD_STOP,-8.57,-42846,-8569.2,1,0,2025-01,0.6666666666666666,0.25,0.16666666666666666
2025-01-30,JMFINANCIL,9,GOLD-baseline,09:15,108.7,09:15,107.41,-1.19,HARD_STOP,-8.57,-42846,-8569.2,1,0,2025-01,0.4666666666666667,0.25,0.11666666666666667
2025-01-31,PCBL,2,ENTERPRISE-Dryup,09:15,367.0,15:29,377.95,2.98,EOD,15.84,79192,15838.4,1,1,2025-01,0.9333333333333333,1.4966666666666666,1.3968888888888888
2025-01-31,GRAVITA,3,GOLD,09:15,1970.25,15:29,2038.0,3.44,EOD,15.84,79192,15838.4,1,1,2025-01,0.8666666666666667,1.5733333333333333,1.3635555555555556
2025-01-31,ZENTEC,4,GOLD,09:15,1675.05,15:29,1744.05,4.12,EOD,15.84,79192,15838.4,1,1,2025-01,0.8,1.6866666666666665,1.3493333333333333
2025-01-31,PGEL,5,GOLD,09:15,724.95,15:29,782.0,7.87,EOD,15.84,79192,15838.4,1,1,2025-01,0.7333333333333333,2.3116666666666665,1.695222222222222
2025-01-31,POLYMED,7,GOLD,09:15,2323.85,15:29,2331.0,0.31,EOD,15.84,79192,15838.4,1,1,2025-01,0.6,1.0516666666666667,0.631
2025-01-31,TRENT,8,ENTERPRISE-Dryup,09:15,5569.0,15:29,5765.0,3.52,EOD,15.84,79192,15838.4,1,1,2025-01,0.5333333333333333,1.5866666666666667,0.8462222222222222
2025-01-31,JUBLFOOD,9,PREMIUM-Compression,09:15,688.95,15:29,702.1,1.91,EOD,15.84,79192,15838.4,1,1,2025-01,0.4666666666666667,1.3183333333333334,0.6152222222222222
2025-01-31,NEWGEN,10,GOLD-baseline,09:15,1060.0,15:29,1053.8,-0.58,EOD,15.84,79192,15838.4,1,0,2025-01,0.4,0.25,0.1
2025-01-31,JMFINANCIL,11,GOLD,09:15,107.0,15:29,110.25,3.04,EOD,15.84,79192,15838.4,1,1,2025-01,0.3333333333333333,1.5066666666666668,0.5022222222222222
2025-01-31,KALYANKJIL,12,GOLD-baseline,09:15,460.05,15:29,503.0,9.34,EOD,15.84,79192,15838.4,1,1,2025-01,0.26666666666666666,2.5566666666666666,0.6817777777777778
2025-01-31,PNBHOUSING,14,GOLD,09:15,866.2,15:29,885.1,2.18,EOD,15.84,79192,15838.4,1,1,2025-01,0.13333333333333333,1.3633333333333333,0.18177777777777776
2025-01-31,GODFRYPHLP,15,ENTERPRISE-Dryup,09:15,1498.0,15:29,1507.0,0.6,EOD,15.84,79192,15838.4,1,1,2025-01,0.06666666666666667,1.1,0.07333333333333333
2025-02-01,POLYMED,4,ENTERPRISE-Dryup,09:15,2349.85,11:50,2300.0,-2.12,HARD_STOP,-3.27,-16339,-3267.8,1,0,2025-02,0.8,0.25,0.2
2025-02-01,GODFRYPHLP,5,ENTERPRISE-Dryup,09:15,1506.0,11:50,1490.0,-1.06,HARD_STOP,-3.27,-16339,-3267.8,1,0,2025-02,0.7333333333333333,0.25,0.18333333333333332
2025-02-01,NEWGEN,7,ENTERPRISE-Dryup,09:15,1060.0,11:50,1059.05,-0.09,HARD_STOP,-3.27,-16339,-3267.8,1,0,2025-02,0.6,0.25,0.15
2025-02-01,PNBHOUSING,9,ENTERPRISE-Dryup,09:15,890.0,11:50,892.1,0.24,HARD_STOP,-3.27,-16339,-3267.8,1,1,2025-02,0.4666666666666667,1.04,0.48533333333333334
2025-02-01,HSCL,12,ENTERPRISE-Dryup,09:15,497.45,11:50,487.2,-2.06,HARD_STOP,-3.27,-16339,-3267.8,1,0,2025-02,0.26666666666666666,0.25,0.06666666666666667
2025-02-01,GPIL,14,ENTERPRISE-Dryup,09:15,179.39,11:50,182.0,1.45,HARD_STOP,-3.27,-16339,-3267.8,1,1,2025-02,0.13333333333333333,1.2416666666666667,0.16555555555555557
2025-02-03,HSCL,5,ENTERPRISE-Dryup,09:15,485.0,09:15,485.2,0.04,HARD_STOP,-4.76,-23821,-4764.2,1,1,2025-02,0.7333333333333333,1.0066666666666666,0.7382222222222221
2025-02-03,GRAVITA,6,ENTERPRISE-Dryup,09:15,2020.1,09:15,1974.9,-2.24,HARD_STOP,-4.76,-23821,-4764.2,1,0,2025-02,0.6666666666666666,0.25,0.16666666666666666
2025-02-03,CGPOWER,7,ENTERPRISE-Dryup,09:15,609.95,09:15,597.5,-2.04,HARD_STOP,-4.76,-23821,-4764.2,1,0,2025-02,0.6,0.25,0.15
2025-02-03,ABSLAMC,8,GOLD,09:15,666.0,09:15,661.05,-0.74,HARD_STOP,-4.76,-23821,-4764.2,1,0,2025-02,0.5333333333333333,0.25,0.13333333333333333
2025-02-03,KALYANKJIL,9,GOLD-baseline,09:15,502.45,09:15,500.65,-0.36,HARD_STOP,-4.76,-23821,-4764.2,1,0,2025-02,0.4666666666666667,0.25,0.11666666666666667
2025-02-03,NETWEB,10,GOLD,09:15,1759.95,09:15,1740.0,-1.13,HARD_STOP,-4.76,-23821,-4764.2,1,0,2025-02,0.4,0.25,0.1
2025-02-03,SUZLON,11,GOLD-baseline,09:15,57.78,09:15,57.12,-1.14,HARD_STOP,-4.76,-23821,-4764.2,1,0,2025-02,0.3333333333333333,0.25,0.08333333333333333
2025-02-03,LTFOODS,12,ENTERPRISE-Dryup,09:15,385.3,09:15,387.85,0.66,HARD_STOP,-4.76,-23821,-4764.2,1,1,2025-02,0.26666666666666666,1.11,0.29600000000000004
2025-02-03,KPITTECH,15,GOLD,09:15,1420.0,09:15,1403.6,-1.15,HARD_STOP,-4.76,-23821,-4764.2,1,0,2025-02,0.06666666666666667,0.25,0.016666666666666666
2025-02-04,TARIL,1,PREMIUM-Pullback,09:15,401.0,15:29,389.5,-2.87,EOD,8.85,44237,8847.4,1,0,2025-02,1.0,0.25,0.25
2025-02-04,NATCOPHARM,2,ENTERPRISE-Dryup,09:15,1168.0,15:29,1234.8,5.72,EOD,8.85,44237,8847.4,1,1,2025-02,0.9333333333333333,1.9533333333333331,1.823111111111111
2025-02-04,KFINTECH,3,ENTERPRISE-Dryup,09:15,1070.0,15:29,1100.0,2.8,EOD,8.85,44237,8847.4,1,1,2025-02,0.8666666666666667,1.4666666666666666,1.271111111111111
2025-02-04,JYOTICNC,5,PREMIUM-Pullback,09:15,1001.2,15:29,1042.0,4.08,EOD,8.85,44237,8847.4,1,1,2025-02,0.7333333333333333,1.6800000000000002,1.232
2025-02-04,CASTROLIND,6,GOLD,09:15,183.9,15:29,182.73,-0.64,EOD,8.85,44237,8847.4,1,0,2025-02,0.6666666666666666,0.25,0.16666666666666666
2025-02-04,AEGISLOG,7,ENTERPRISE-Dryup,09:15,677.9,15:29,755.5,11.45,EOD,8.85,44237,8847.4,1,1,2025-02,0.6,2.908333333333333,1.7449999999999999
2025-02-04,GODFRYPHLP,8,GOLD-baseline,09:15,1650.0,15:29,1568.0,-4.97,EOD,8.85,44237,8847.4,1,0,2025-02,0.5333333333333333,0.25,0.13333333333333333
2025-02-04,ERIS,9,GOLD,09:15,1245.4,15:29,1230.0,-1.24,EOD,8.85,44237,8847.4,1,0,2025-02,0.4666666666666667,0.25,0.11666666666666667
2025-02-04,AFFLE,10,ENTERPRISE-Dryup,09:15,1510.0,15:29,1505.25,-0.31,EOD,8.85,44237,8847.4,1,0,2025-02,0.4,0.25,0.1
2025-02-04,SPLPETRO,11,GOLD-baseline,09:15,614.3,15:29,630.0,2.56,EOD,8.85,44237,8847.4,1,1,2025-02,0.3333333333333333,1.4266666666666667,0.47555555555555556
2025-02-04,ABB,12,PREMIUM-Pullback,09:15,5271.35,15:29,5625.0,6.71,EOD,8.85,44237,8847.4,1,1,2025-02,0.26666666666666666,2.118333333333333,0.5648888888888889
2025-02-04,GALLANTT,13,ENTERPRISE-Dryup,09:15,317.45,15:29,315.0,-0.77,EOD,8.85,44237,8847.4,1,0,2025-02,0.2,0.25,0.05
2025-02-04,GICRE,14,PREMIUM-Pullback,09:15,379.45,15:29,389.7,2.7,EOD,8.85,44237,8847.4,1,1,2025-02,0.13333333333333333,1.45,0.19333333333333333
2025-02-04,ABBOTINDIA,15,PREMIUM-Compression,09:15,25999.9,15:29,26111.45,0.43,EOD,8.85,44237,8847.4,1,1,2025-02,0.06666666666666667,1.0716666666666668,0.07144444444444445
2025-02-05,TARIL,1,PREMIUM-Pullback,09:15,401.0,15:29,407.45,1.61,EOD,24.19,120956,24191.2,1,1,2025-02,1.0,1.2683333333333333,1.2683333333333333
2025-02-05,ABBOTINDIA,2,PREMIUM-Compression,09:15,26300.0,15:29,27800.0,5.7,EOD,24.19,120956,24191.2,1,1,2025-02,0.9333333333333333,1.9500000000000002,1.8200000000000003
2025-02-05,PAYTM,4,ENTERPRISE-Dryup,09:15,781.7,15:29,803.0,2.72,EOD,24.19,120956,24191.2,1,1,2025-02,0.8,1.4533333333333334,1.1626666666666667
2025-02-05,GODFRYPHLP,5,PREMIUM-Pullback,09:15,1575.0,15:29,1557.0,-1.14,EOD,24.19,120956,24191.2,1,0,2025-02,0.7333333333333333,0.25,0.18333333333333332
2025-02-05,ERIS,7,GOLD-baseline,09:15,1230.0,15:29,1377.0,11.95,EOD,24.19,120956,24191.2,1,1,2025-02,0.6,2.9916666666666663,1.7949999999999997
2025-02-05,MEDANTA,13,ENTERPRISE-Dryup,09:15,1065.0,15:29,1153.0,8.26,EOD,24.19,120956,24191.2,1,1,2025-02,0.2,2.376666666666667,0.4753333333333334
2025-02-05,REDINGTON,15,ENTERPRISE-Dryup,09:15,204.55,15:29,215.0,5.11,EOD,24.19,120956,24191.2,1,1,2025-02,0.06666666666666667,1.8516666666666666,0.12344444444444444
2025-02-06,GODFRYPHLP,2,GOLD,09:15,1557.0,09:33,1535.0,-1.41,HARD_STOP,-3.38,-16900,-3380.0,1,0,2025-02,0.9333333333333333,0.25,0.23333333333333334
2025-02-06,POWERINDIA,4,GOLD,09:15,11950.0,09:33,12155.6,1.72,HARD_STOP,-3.38,-16900,-3380.0,1,1,2025-02,0.8,1.2866666666666666,1.0293333333333334
2025-02-06,CHAMBLFERT,7,PREMIUM-Compression,09:15,520.0,09:33,518.15,-0.36,HARD_STOP,-3.38,-16900,-3380.0,1,0,2025-02,0.6,0.25,0.15
2025-02-06,WELCORP,9,ENTERPRISE-Dryup,09:15,740.0,09:33,712.3,-3.74,HARD_STOP,-3.38,-16900,-3380.0,1,0,2025-02,0.4666666666666667,0.25,0.11666666666666667
2025-02-06,GLAXO,13,GOLD-baseline,09:15,2000.0,09:33,2005.0,0.25,HARD_STOP,-3.38,-16900,-3380.0,1,1,2025-02,0.2,1.0416666666666667,0.20833333333333337
2025-02-06,GICRE,14,GOLD,09:15,402.1,09:33,401.15,-0.24,HARD_STOP,-3.38,-16900,-3380.0,1,0,2025-02,0.13333333333333333,0.25,0.03333333333333333
2025-02-07,GODFRYPHLP,1,GOLD,09:15,1575.0,15:29,1824.0,15.81,EOD,16.23,81132,16226.4,1,1,2025-02,1.0,3.5,3.5
2025-02-07,PAYTM,3,ENTERPRISE-Dryup,09:15,799.6,15:29,810.9,1.41,EOD,16.23,81132,16226.4,1,1,2025-02,0.8666666666666667,1.2349999999999999,1.0703333333333334
2025-02-07,CHAMBLFERT,4,GOLD-baseline,09:15,520.4,15:29,556.8,6.99,EOD,16.23,81132,16226.4,1,1,2025-02,0.8,2.165,1.7320000000000002
2025-02-07,KFINTECH,5,GOLD-baseline,09:15,1180.05,15:29,1225.0,3.81,EOD,16.23,81132,16226.4,1,1,2025-02,0.7333333333333333,1.635,1.1989999999999998
2025-02-07,ABB,6,GOLD,09:15,5712.8,15:29,5675.0,-0.66,EOD,16.23,81132,16226.4,1,0,2025-02,0.6666666666666666,0.25,0.16666666666666666
2025-02-07,JYOTICNC,7,GOLD-baseline,09:15,1135.0,15:29,1150.0,1.32,EOD,16.23,81132,16226.4,1,1,2025-02,0.6,1.22,0.732
2025-02-07,CAPLIPOINT,10,GOLD,09:15,2182.15,15:29,2210.0,1.28,EOD,16.23,81132,16226.4,1,1,2025-02,0.4,1.2133333333333334,0.4853333333333334
2025-02-07,JSWENERGY,11,GOLD,09:15,492.75,15:29,485.0,-1.57,EOD,16.23,81132,16226.4,1,0,2025-02,0.3333333333333333,0.25,0.08333333333333333
2025-02-07,GICRE,12,GOLD,09:15,405.8,15:29,404.05,-0.43,EOD,16.23,81132,16226.4,1,0,2025-02,0.26666666666666666,0.25,0.06666666666666667
2025-02-07,GABRIEL,13,PREMIUM-Compression,09:15,490.0,15:29,502.3,2.51,EOD,16.23,81132,16226.4,1,1,2025-02,0.2,1.4183333333333332,0.2836666666666667
2025-02-07,JMFINANCIL,14,ENTERPRISE-Dryup,09:15,111.0,15:29,117.5,5.86,EOD,16.23,81132,16226.4,1,1,2025-02,0.13333333333333333,1.9766666666666666,0.26355555555555554
2025-02-10,ABB,2,GOLD,09:15,5674.95,09:16,5656.0,-0.33,HARD_STOP,-3.54,-17676,-3535.2,1,0,2025-02,0.9333333333333333,0.25,0.23333333333333334
2025-02-10,POWERINDIA,5,ENTERPRISE-Dryup,09:15,12800.0,09:16,12406.8,-3.07,HARD_STOP,-3.54,-17676,-3535.2,1,0,2025-02,0.7333333333333333,0.25,0.18333333333333332
2025-02-10,JYOTICNC,6,GOLD,09:15,1129.15,09:16,1090.65,-3.41,HARD_STOP,-3.54,-17676,-3535.2,1,0,2025-02,0.6666666666666666,0.25,0.16666666666666666
2025-02-10,NATCOPHARM,7,GOLD,09:15,1314.05,09:16,1305.0,-0.69,HARD_STOP,-3.54,-17676,-3535.2,1,0,2025-02,0.6,0.25,0.15
2025-02-10,JSWENERGY,8,GOLD,09:15,483.6,09:16,483.85,0.05,HARD_STOP,-3.54,-17676,-3535.2,1,1,2025-02,0.5333333333333333,1.0083333333333333,0.5377777777777778
2025-02-10,GICRE,10,GOLD,09:15,408.35,09:16,403.2,-1.26,HARD_STOP,-3.54,-17676,-3535.2,1,0,2025-02,0.4,0.25,0.1
2025-02-10,AEGISLOG,11,GOLD-baseline,09:15,827.95,09:16,838.25,1.24,HARD_STOP,-3.54,-17676,-3535.2,1,1,2025-02,0.3333333333333333,1.2066666666666666,0.40222222222222215
2025-02-10,CASTROLIND,12,GOLD-baseline,09:15,202.88,09:16,206.58,1.82,HARD_STOP,-3.54,-17676,-3535.2,1,1,2025-02,0.26666666666666666,1.3033333333333332,0.3475555555555555
2025-02-10,PAYTM,13,ENTERPRISE-Dryup,09:15,811.0,09:16,807.7,-0.41,HARD_STOP,-3.54,-17676,-3535.2,1,0,2025-02,0.2,0.25,0.05
2025-02-10,NUVAMA,14,PREMIUM-Pullback,09:15,1135.0,09:16,1127.0,-0.7,HARD_STOP,-3.54,-17676,-3535.2,1,0,2025-02,0.13333333333333333,0.25,0.03333333333333333
2025-02-10,SAREGAMA,15,ENTERPRISE-Dryup,09:15,529.9,09:16,527.75,-0.41,HARD_STOP,-3.54,-17676,-3535.2,1,0,2025-02,0.06666666666666667,0.25,0.016666666666666666
2025-02-11,JBCHEPHARM,1,GOLD,09:15,1680.0,09:18,1662.25,-1.06,HARD_STOP,-3.49,-17435,-3487.0,1,0,2025-02,1.0,0.25,0.25
2025-02-11,HONASA,2,PREMIUM-Pullback,09:15,206.2,09:18,203.54,-1.29,HARD_STOP,-3.49,-17435,-3487.0,1,0,2025-02,0.9333333333333333,0.25,0.23333333333333334
2025-02-11,CRISIL,4,ENTERPRISE-Dryup,09:15,5070.0,09:18,5064.85,-0.1,HARD_STOP,-3.49,-17435,-3487.0,1,0,2025-02,0.8,0.25,0.2
2025-02-11,SBICARD,5,ENTERPRISE-Dryup,09:15,797.9,09:18,796.65,-0.16,HARD_STOP,-3.49,-17435,-3487.0,1,0,2025-02,0.7333333333333333,0.25,0.18333333333333332
2025-02-11,ASHOKLEY,6,PREMIUM-Compression,09:15,104.3,09:18,103.8,-0.48,HARD_STOP,-3.49,-17435,-3487.0,1,0,2025-02,0.6666666666666666,0.25,0.16666666666666666
2025-02-11,BLUESTARCO,7,ENTERPRISE-Dryup,09:15,1982.95,09:18,1926.75,-2.83,HARD_STOP,-3.49,-17435,-3487.0,1,0,2025-02,0.6,0.25,0.15
2025-02-11,PARADEEP,8,ENTERPRISE-Dryup,09:15,103.8,09:18,102.61,-1.15,HARD_STOP,-3.49,-17435,-3487.0,1,0,2025-02,0.5333333333333333,0.25,0.13333333333333333
2025-02-11,TRITURBINE,9,GOLD,09:15,569.95,09:18,564.1,-1.03,HARD_STOP,-3.49,-17435,-3487.0,1,0,2025-02,0.4666666666666667,0.25,0.11666666666666667
2025-02-11,CHOLAHLDNG,11,GOLD,09:15,1438.0,09:18,1453.6,1.08,HARD_STOP,-3.49,-17435,-3487.0,1,1,2025-02,0.3333333333333333,1.18,0.3933333333333333
2025-02-11,JUBLFOOD,13,ENTERPRISE-Dryup,09:15,678.95,09:18,678.15,-0.12,HARD_STOP,-3.49,-17435,-3487.0,1,0,2025-02,0.2,0.25,0.05
2025-02-11,BAJAJFINSV,14,ENTERPRISE-Dryup,09:15,1792.4,09:18,1782.25,-0.57,HARD_STOP,-3.49,-17435,-3487.0,1,0,2025-02,0.13333333333333333,0.25,0.03333333333333333
2025-02-11,DCMSHRIRAM,15,ENTERPRISE-Dryup,09:15,1048.55,09:18,1048.7,0.01,HARD_STOP,-3.49,-17435,-3487.0,1,1,2025-02,0.06666666666666667,1.0016666666666667,0.06677777777777778
2025-02-12,GODFRYPHLP,1,PREMIUM-Pullback,09:15,1695.0,09:20,1657.0,-2.24,HARD_STOP,-3.81,-19068,-3813.6,1,0,2025-02,1.0,0.25,0.25
2025-02-12,JBCHEPHARM,2,GOLD,09:15,1600.0,09:20,1579.8,-1.26,HARD_STOP,-3.81,-19068,-3813.6,1,0,2025-02,0.9333333333333333,0.25,0.23333333333333334
2025-02-12,HONASA,3,PREMIUM-Pullback,09:15,199.79,09:20,204.99,2.6,HARD_STOP,-3.81,-19068,-3813.6,1,1,2025-02,0.8666666666666667,1.4333333333333333,1.2422222222222223
2025-02-12,SBICARD,4,ENTERPRISE-Dryup,09:15,784.0,09:20,779.7,-0.55,HARD_STOP,-3.81,-19068,-3813.6,1,0,2025-02,0.8,0.25,0.2
2025-02-12,PARADEEP,6,ENTERPRISE-Dryup,09:15,98.59,09:20,98.34,-0.25,HARD_STOP,-3.81,-19068,-3813.6,1,0,2025-02,0.6666666666666666,0.25,0.16666666666666666
2025-02-12,BLUESTARCO,7,ENTERPRISE-Dryup,09:15,1884.0,09:20,1869.6,-0.76,HARD_STOP,-3.81,-19068,-3813.6,1,0,2025-02,0.6,0.25,0.15
2025-02-12,ASHOKLEY,8,ENTERPRISE-Dryup,09:15,102.0,09:20,101.75,-0.25,HARD_STOP,-3.81,-19068,-3813.6,1,0,2025-02,0.5333333333333333,0.25,0.13333333333333333
2025-02-12,TRITURBINE,9,GOLD,09:15,555.0,09:20,552.15,-0.51,HARD_STOP,-3.81,-19068,-3813.6,1,0,2025-02,0.4666666666666667,0.25,0.11666666666666667
2025-02-12,BAJAJHLDNG,10,GOLD-baseline,09:15,11480.05,09:20,11431.2,-0.43,HARD_STOP,-3.81,-19068,-3813.6,1,0,2025-02,0.4,0.25,0.1
2025-02-12,REDINGTON,11,GOLD-baseline,09:15,227.5,09:20,222.78,-2.07,HARD_STOP,-3.81,-19068,-3813.6,1,0,2025-02,0.3333333333333333,0.25,0.08333333333333333
2025-02-12,JUBLFOOD,13,ENTERPRISE-Dryup,09:15,665.0,09:20,650.25,-2.22,HARD_STOP,-3.81,-19068,-3813.6,1,0,2025-02,0.2,0.25,0.05
2025-02-12,SUNDARMFIN,14,ENTERPRISE-Dryup,09:15,4345.05,09:20,4376.05,0.71,HARD_STOP,-3.81,-19068,-3813.6,1,1,2025-02,0.13333333333333333,1.1183333333333334,0.1491111111111111
2025-02-12,GESHIP,15,GOLD,09:15,882.5,09:20,865.65,-1.91,HARD_STOP,-3.81,-19068,-3813.6,1,0,2025-02,0.06666666666666667,0.25,0.016666666666666666
2025-02-13,JBCHEPHARM,1,GOLD-baseline,09:15,1626.1,15:29,1678.0,3.19,EOD,18.78,93919,18783.8,1,1,2025-02,1.0,1.5316666666666667,1.5316666666666667
2025-02-13,HONASA,3,ENTERPRISE-Dryup,09:15,210.0,15:29,226.7,7.95,EOD,18.78,93919,18783.8,1,1,2025-02,0.8666666666666667,2.325,2.015
2025-02-13,CRISIL,5,GOLD-baseline,09:15,5049.7,15:29,5085.6,0.71,EOD,18.78,93919,18783.8,1,1,2025-02,0.7333333333333333,1.1183333333333334,0.8201111111111111
2025-02-13,PARADEEP,6,ENTERPRISE-Dryup,09:15,97.4,15:29,100.9,3.59,EOD,18.78,93919,18783.8,1,1,2025-02,0.6666666666666666,1.5983333333333332,1.0655555555555554
2025-02-13,CHOLAHLDNG,11,GOLD,09:15,1471.0,15:29,1508.0,2.52,EOD,18.78,93919,18783.8,1,1,2025-02,0.3333333333333333,1.42,0.4733333333333333
2025-02-13,REDINGTON,12,GOLD-baseline,09:15,228.1,15:29,244.73,7.29,EOD,18.78,93919,18783.8,1,1,2025-02,0.26666666666666666,2.215,0.5906666666666667
2025-02-13,JUBLFOOD,13,ENTERPRISE-Dryup,09:15,640.0,15:29,662.95,3.59,EOD,18.78,93919,18783.8,1,1,2025-02,0.2,1.5983333333333332,0.31966666666666665
2025-02-13,DCMSHRIRAM,14,ENTERPRISE-Dryup,09:15,1052.0,15:29,1061.0,0.86,EOD,18.78,93919,18783.8,1,1,2025-02,0.13333333333333333,1.1433333333333333,0.15244444444444444
2025-02-13,SARDAEN,15,GOLD-baseline,09:15,441.8,15:29,462.1,4.59,EOD,18.78,93919,18783.8,1,1,2025-02,0.06666666666666667,1.7650000000000001,0.11766666666666667
2025-02-14,GODFRYPHLP,1,GOLD-baseline,09:15,1833.0,09:16,1786.0,-2.56,HARD_STOP,-4.14,-20720,-4144.0,1,0,2025-02,1.0,0.25,0.25
2025-02-14,CRISIL,3,GOLD-baseline,09:15,5100.0,09:16,5074.0,-0.51,HARD_STOP,-4.14,-20720,-4144.0,1,0,2025-02,0.8666666666666667,0.25,0.21666666666666667
2025-02-14,PARADEEP,5,ENTERPRISE-Dryup,09:15,98.96,09:16,98.59,-0.37,HARD_STOP,-4.14,-20720,-4144.0,1,0,2025-02,0.7333333333333333,0.25,0.18333333333333332
2025-02-14,BLUESTARCO,7,GOLD-baseline,09:15,2010.8,09:16,1981.5,-1.46,HARD_STOP,-4.14,-20720,-4144.0,1,0,2025-02,0.6,0.25,0.15
2025-02-14,TRITURBINE,8,ENTERPRISE-Dryup,09:15,566.3,09:16,564.4,-0.34,HARD_STOP,-4.14,-20720,-4144.0,1,0,2025-02,0.5333333333333333,0.25,0.13333333333333333
2025-02-14,ASHOKLEY,10,GOLD-baseline,09:15,108.6,09:16,108.95,0.32,HARD_STOP,-4.14,-20720,-4144.0,1,1,2025-02,0.4,1.0533333333333332,0.42133333333333334
2025-02-14,DCMSHRIRAM,14,ENTERPRISE-Dryup,09:15,1062.55,09:16,1056.75,-0.55,HARD_STOP,-4.14,-20720,-4144.0,1,0,2025-02,0.13333333333333333,0.25,0.03333333333333333
2025-02-17,JBCHEPHARM,1,GOLD,09:15,1669.3,09:15,1654.1,-0.91,HARD_STOP,-4.93,-24646,-4929.2,1,0,2025-02,1.0,0.25,0.25
2025-02-17,CRISIL,3,GOLD,09:15,5052.7,09:15,4979.8,-1.44,HARD_STOP,-4.93,-24646,-4929.2,1,0,2025-02,0.8666666666666667,0.25,0.21666666666666667
2025-02-17,HONASA,4,GOLD-baseline,09:15,220.0,09:15,219.7,-0.14,HARD_STOP,-4.93,-24646,-4929.2,1,0,2025-02,0.8,0.25,0.2
2025-02-17,BLUESTARCO,5,GOLD-baseline,09:15,1935.0,09:15,1884.25,-2.62,HARD_STOP,-4.93,-24646,-4929.2,1,0,2025-02,0.7333333333333333,0.25,0.18333333333333332
2025-02-17,SBICARD,6,GOLD-baseline,09:15,864.0,09:15,854.25,-1.13,HARD_STOP,-4.93,-24646,-4929.2,1,0,2025-02,0.6666666666666666,0.25,0.16666666666666666
2025-02-17,REDINGTON,9,GOLD-baseline,09:15,241.8,09:15,243.19,0.57,HARD_STOP,-4.93,-24646,-4929.2,1,1,2025-02,0.4666666666666667,1.095,0.511
2025-02-17,ASHOKLEY,10,GOLD,09:15,106.5,09:15,105.0,-1.41,HARD_STOP,-4.93,-24646,-4929.2,1,0,2025-02,0.4,0.25,0.1
2025-02-17,BAJAJHLDNG,11,GOLD-baseline,09:15,12032.6,09:15,11852.0,-1.5,HARD_STOP,-4.93,-24646,-4929.2,1,0,2025-02,0.3333333333333333,0.25,0.08333333333333333
2025-02-17,CHOLAHLDNG,12,ENTERPRISE-Dryup,09:15,1482.0,09:15,1467.55,-0.98,HARD_STOP,-4.93,-24646,-4929.2,1,0,2025-02,0.26666666666666666,0.25,0.06666666666666667
2025-02-17,JUBLFOOD,13,GOLD-baseline,09:15,665.1,09:15,660.45,-0.7,HARD_STOP,-4.93,-24646,-4929.2,1,0,2025-02,0.2,0.25,0.05
2025-02-17,HBLENGINE,14,GOLD-baseline,09:15,491.65,09:15,485.0,-1.35,HARD_STOP,-4.93,-24646,-4929.2,1,0,2025-02,0.13333333333333333,0.25,0.03333333333333333
2025-02-17,GESHIP,15,GOLD,09:15,884.05,09:15,888.15,0.46,HARD_STOP,-4.93,-24646,-4929.2,1,1,2025-02,0.06666666666666667,1.0766666666666667,0.07177777777777777
2025-02-18,VIJAYA,1,GOLD-baseline,09:15,901.3,09:16,891.65,-1.07,HARD_STOP,-3.28,-16412,-3282.4,1,0,2025-02,1.0,0.25,0.25
2025-02-18,AEGISLOG,2,PREMIUM-Pullback,09:15,690.35,09:16,697.6,1.05,HARD_STOP,-3.28,-16412,-3282.4,1,1,2025-02,0.9333333333333333,1.175,1.0966666666666667
2025-02-18,NETWEB,3,PREMIUM-Pullback,09:15,1370.9,09:16,1386.0,1.1,HARD_STOP,-3.28,-16412,-3282.4,1,1,2025-02,0.8666666666666667,1.1833333333333333,1.0255555555555556
2025-02-18,DEVYANI,5,ENTERPRISE-Dryup,09:15,160.01,09:16,159.8,-0.13,HARD_STOP,-3.28,-16412,-3282.4,1,0,2025-02,0.7333333333333333,0.25,0.18333333333333332
2025-02-18,TARIL,7,PREMIUM-Pullback,09:15,388.35,09:16,380.1,-2.12,HARD_STOP,-3.28,-16412,-3282.4,1,0,2025-02,0.6,0.25,0.15
2025-02-18,AMBER,8,PREMIUM-Pullback,09:15,5795.0,09:16,5720.3,-1.29,HARD_STOP,-3.28,-16412,-3282.4,1,0,2025-02,0.5333333333333333,0.25,0.13333333333333333
2025-02-18,JSWINFRA,9,PREMIUM-Pullback,09:15,225.45,09:16,225.9,0.2,HARD_STOP,-3.28,-16412,-3282.4,1,1,2025-02,0.4666666666666667,1.0333333333333334,0.4822222222222223
2025-02-18,JSWENERGY,11,PREMIUM-Pullback,09:15,430.5,09:16,427.1,-0.79,HARD_STOP,-3.28,-16412,-3282.4,1,0,2025-02,0.3333333333333333,0.25,0.08333333333333333
2025-02-18,KAYNES,12,ENTERPRISE-Dryup,09:15,4053.8,09:16,4028.1,-0.63,HARD_STOP,-3.28,-16412,-3282.4,1,0,2025-02,0.26666666666666666,0.25,0.06666666666666667
2025-02-18,TECHNOE,13,PREMIUM-Pullback,09:15,879.05,09:16,860.65,-2.09,HARD_STOP,-3.28,-16412,-3282.4,1,0,2025-02,0.2,0.25,0.05
2025-02-18,BIKAJI,14,ENTERPRISE-Dryup,09:15,581.2,09:16,576.4,-0.83,HARD_STOP,-3.28,-16412,-3282.4,1,0,2025-02,0.13333333333333333,0.25,0.03333333333333333
2025-02-19,VIJAYA,1,GOLD,09:15,885.0,15:29,926.3,4.67,EOD,33.06,165296,33059.2,1,1,2025-02,1.0,1.7783333333333333,1.7783333333333333
2025-02-19,NETWEB,2,ENTERPRISE-Dryup,09:15,1320.0,15:29,1474.65,11.72,EOD,33.06,165296,33059.2,1,1,2025-02,0.9333333333333333,2.953333333333333,2.7564444444444445
2025-02-19,PGEL,4,ENTERPRISE-Dryup,09:15,730.0,15:29,802.95,9.99,EOD,33.06,165296,33059.2,1,1,2025-02,0.8,2.665,2.132
2025-02-19,DEVYANI,5,ENTERPRISE-Dryup,09:15,161.65,15:29,170.0,5.17,EOD,33.06,165296,33059.2,1,1,2025-02,0.7333333333333333,1.8616666666666668,1.3652222222222221
2025-02-19,AEGISLOG,6,PREMIUM-Pullback,09:15,659.75,15:29,742.45,12.54,EOD,33.06,165296,33059.2,1,1,2025-02,0.6666666666666666,3.09,2.0599999999999996
2025-02-19,DEEPAKFERT,7,ENTERPRISE-Dryup,09:15,964.95,15:29,1030.15,6.76,EOD,33.06,165296,33059.2,1,1,2025-02,0.6,2.126666666666667,1.276
2025-02-19,JSWINFRA,8,GOLD,09:15,224.1,15:29,225.9,0.8,EOD,33.06,165296,33059.2,1,1,2025-02,0.5333333333333333,1.1333333333333333,0.6044444444444445
2025-02-19,KAYNES,9,ENTERPRISE-Dryup,09:15,3940.0,15:29,4193.0,6.42,EOD,33.06,165296,33059.2,1,1,2025-02,0.4666666666666667,2.0700000000000003,0.9660000000000002
2025-02-19,CESC,10,GOLD,09:15,122.79,15:29,127.18,3.58,EOD,33.06,165296,33059.2,1,1,2025-02,0.4,1.5966666666666667,0.6386666666666667
2025-02-19,BALRAMCHIN,11,ENTERPRISE-Dryup,09:15,430.85,15:29,447.5,3.86,EOD,33.06,165296,33059.2,1,1,2025-02,0.3333333333333333,1.6433333333333333,0.5477777777777777
2025-02-19,AMBER,12,PREMIUM-Pullback,09:15,5450.0,15:29,5518.7,1.26,EOD,33.06,165296,33059.2,1,1,2025-02,0.26666666666666666,1.21,0.32266666666666666
2025-02-19,BIKAJI,14,GOLD,09:15,563.05,15:29,625.2,11.04,EOD,33.06,165296,33059.2,1,1,2025-02,0.13333333333333333,2.84,0.37866666666666665
2025-02-19,TECHNOE,15,ENTERPRISE-Dryup,09:15,904.0,15:29,985.0,8.96,EOD,33.06,165296,33059.2,1,1,2025-02,0.06666666666666667,2.493333333333333,0.16622222222222222
2025-02-20,JSWINFRA,5,GOLD,09:15,223.8,09:19,225.9,0.94,TRAIL,-0.36,-1786,-357.2,1,1,2025-02,0.7333333333333333,1.1566666666666667,0.8482222222222222
2025-02-20,AMBER,6,GOLD-baseline,09:15,5537.4,09:19,5481.85,-1.0,TRAIL,-0.36,-1786,-357.2,1,0,2025-02,0.6666666666666666,0.25,0.16666666666666666
2025-02-21,VIJAYA,1,ENTERPRISE-Dryup,09:15,923.35,15:29,991.95,7.43,EOD,11.22,56117,11223.4,1,1,2025-02,1.0,2.2383333333333333,2.2383333333333333
2025-02-21,AEGISLOG,2,GOLD-baseline,09:15,731.0,15:29,747.45,2.25,EOD,11.22,56117,11223.4,1,1,2025-02,0.9333333333333333,1.375,1.2833333333333334
2025-02-21,TECHNOE,7,GOLD,09:15,996.85,15:29,996.15,-0.07,EOD,11.22,56117,11223.4,1,0,2025-02,0.6,0.25,0.15
2025-02-21,KAYNES,10,ENTERPRISE-Dryup,09:15,4210.0,15:29,4360.0,3.56,EOD,11.22,56117,11223.4,1,1,2025-02,0.4,1.5933333333333333,0.6373333333333333
2025-02-21,HSCL,12,GOLD,09:15,448.4,15:29,457.0,1.92,EOD,11.22,56117,11223.4,1,1,2025-02,0.26666666666666666,1.32,0.35200000000000004
2025-02-21,INDHOTEL,15,GOLD,09:15,765.45,15:29,755.2,-1.34,EOD,11.22,56117,11223.4,1,0,2025-02,0.06666666666666667,0.25,0.016666666666666666
2025-02-24,NETWEB,5,GOLD-baseline,09:15,1568.95,09:16,1535.05,-2.16,HARD_STOP,-5.54,-27705,-5541.0,1,0,2025-02,0.7333333333333333,0.25,0.18333333333333332
2025-02-24,DEEPAKFERT,7,ENTERPRISE-Dryup,09:15,1055.15,09:16,1049.85,-0.5,HARD_STOP,-5.54,-27705,-5541.0,1,0,2025-02,0.6,0.25,0.15
2025-02-24,TECHNOE,8,ENTERPRISE-Dryup,09:15,998.05,09:16,975.75,-2.23,HARD_STOP,-5.54,-27705,-5541.0,1,0,2025-02,0.5333333333333333,0.25,0.13333333333333333
2025-02-24,NHPC,11,GOLD,09:15,78.9,09:16,78.2,-0.89,HARD_STOP,-5.54,-27705,-5541.0,1,0,2025-02,0.3333333333333333,0.25,0.08333333333333333
2025-02-24,RADICO,12,GOLD-baseline,09:15,2097.0,09:16,2067.25,-1.42,HARD_STOP,-5.54,-27705,-5541.0,1,0,2025-02,0.26666666666666666,0.25,0.06666666666666667
2025-02-24,BSE,13,GOLD-baseline,09:15,1883.5,09:16,1887.5,0.21,HARD_STOP,-5.54,-27705,-5541.0,1,1,2025-02,0.2,1.035,0.207
2025-02-24,INDHOTEL,15,GOLD,09:15,745.0,09:16,741.8,-0.43,HARD_STOP,-5.54,-27705,-5541.0,1,0,2025-02,0.06666666666666667,0.25,0.016666666666666666
2025-02-25,PATANJALI,1,PREMIUM-Compression,09:15,609.0,14:28,610.4,0.23,HARD_STOP,-3.31,-16564,-3312.8,1,1,2025-02,1.0,1.0383333333333333,1.0383333333333333
2025-02-25,HOMEFIRST,2,ENTERPRISE-Dryup,09:15,912.95,14:28,892.05,-2.29,HARD_STOP,-3.31,-16564,-3312.8,1,0,2025-02,0.9333333333333333,0.25,0.23333333333333334
2025-02-25,CRAFTSMAN,3,ENTERPRISE-Dryup,09:15,4005.7,14:28,4078.6,1.82,HARD_STOP,-3.31,-16564,-3312.8,1,1,2025-02,0.8666666666666667,1.3033333333333332,1.1295555555555554
2025-02-25,FIVESTAR,4,ENTERPRISE-Dryup,09:15,702.0,14:28,714.95,1.84,HARD_STOP,-3.31,-16564,-3312.8,1,1,2025-02,0.8,1.3066666666666666,1.0453333333333334
2025-02-25,CHOLAHLDNG,5,ENTERPRISE-Dryup,09:15,1501.45,14:28,1558.55,3.8,HARD_STOP,-3.31,-16564,-3312.8,1,1,2025-02,0.7333333333333333,1.6333333333333333,1.1977777777777776
2025-02-25,ABREL,7,GOLD,09:15,1990.0,14:28,1900.45,-4.5,HARD_STOP,-3.31,-16564,-3312.8,1,0,2025-02,0.6,0.25,0.15
2025-02-25,COHANCE,8,GOLD-baseline,09:15,1213.05,14:28,1212.85,-0.02,HARD_STOP,-3.31,-16564,-3312.8,1,0,2025-02,0.5333333333333333,0.25,0.13333333333333333
2025-02-25,JBCHEPHARM,9,GOLD,09:15,1558.0,14:28,1544.7,-0.85,HARD_STOP,-3.31,-16564,-3312.8,1,0,2025-02,0.4666666666666667,0.25,0.11666666666666667
2025-02-25,PGEL,10,ENTERPRISE-Dryup,09:15,810.4,14:28,819.85,1.17,HARD_STOP,-3.31,-16564,-3312.8,1,1,2025-02,0.4,1.195,0.47800000000000004
2025-02-25,AUBANK,11,ENTERPRISE-Dryup,09:15,535.7,14:28,524.45,-2.1,HARD_STOP,-3.31,-16564,-3312.8,1,0,2025-02,0.3333333333333333,0.25,0.08333333333333333
2025-02-25,INDIACEM,12,ENTERPRISE-Dryup,09:15,253.7,14:28,251.15,-1.01,HARD_STOP,-3.31,-16564,-3312.8,1,0,2025-02,0.26666666666666666,0.25,0.06666666666666667
2025-02-25,TECHNOE,13,ENTERPRISE-Dryup,09:15,986.6,14:28,957.85,-2.91,HARD_STOP,-3.31,-16564,-3312.8,1,0,2025-02,0.2,0.25,0.05
2025-02-25,HEG,14,ENTERPRISE-Dryup,09:15,356.9,14:28,348.5,-2.35,HARD_STOP,-3.31,-16564,-3312.8,1,0,2025-02,0.13333333333333333,0.25,0.03333333333333333
2025-02-25,SHRIRAMFIN,15,GOLD,09:15,581.8,14:28,574.55,-1.25,HARD_STOP,-3.31,-16564,-3312.8,1,0,2025-02,0.06666666666666667,0.25,0.016666666666666666
2025-02-27,PATANJALI,1,PREMIUM-Compression,09:15,609.9,09:40,608.2,-0.28,HARD_STOP,-3.52,-17598,-3519.6,1,0,2025-02,1.0,0.25,0.25
2025-02-27,CRAFTSMAN,2,ENTERPRISE-Dryup,09:15,4078.0,09:40,4099.65,0.53,HARD_STOP,-3.52,-17598,-3519.6,1,1,2025-02,0.9333333333333333,1.0883333333333334,1.015777777777778
2025-02-27,HOMEFIRST,3,PREMIUM-Pullback,09:15,888.1,09:40,903.15,1.69,HARD_STOP,-3.52,-17598,-3519.6,1,1,2025-02,0.8666666666666667,1.2816666666666667,1.1107777777777779
2025-02-27,FIVESTAR,4,GOLD,09:15,718.8,09:40,742.5,3.3,HARD_STOP,-3.52,-17598,-3519.6,1,1,2025-02,0.8,1.5499999999999998,1.24
2025-02-27,CARTRADE,5,ENTERPRISE-Dryup,09:15,1499.0,09:40,1462.0,-2.47,HARD_STOP,-3.52,-17598,-3519.6,1,0,2025-02,0.7333333333333333,0.25,0.18333333333333332
2025-02-27,ABREL,7,GOLD,09:15,1891.25,09:40,1846.25,-2.38,HARD_STOP,-3.52,-17598,-3519.6,1,0,2025-02,0.6,0.25,0.15
2025-02-27,COHANCE,8,ENTERPRISE-Dryup,09:15,1202.0,09:40,1198.25,-0.31,HARD_STOP,-3.52,-17598,-3519.6,1,0,2025-02,0.5333333333333333,0.25,0.13333333333333333
2025-02-27,JBCHEPHARM,9,GOLD,09:15,1602.3,09:40,1555.45,-2.92,HARD_STOP,-3.52,-17598,-3519.6,1,0,2025-02,0.4666666666666667,0.25,0.11666666666666667
2025-02-27,PGEL,10,ENTERPRISE-Dryup,09:15,817.3,09:40,797.9,-2.37,HARD_STOP,-3.52,-17598,-3519.6,1,0,2025-02,0.4,0.25,0.1
2025-02-27,HEG,11,ENTERPRISE-Dryup,09:15,343.0,09:40,340.85,-0.63,HARD_STOP,-3.52,-17598,-3519.6,1,0,2025-02,0.3333333333333333,0.25,0.08333333333333333
2025-02-27,AUBANK,12,ENTERPRISE-Dryup,09:15,535.0,09:40,544.6,1.79,HARD_STOP,-3.52,-17598,-3519.6,1,1,2025-02,0.26666666666666666,1.2983333333333333,0.3462222222222222
2025-02-27,TECHNOE,13,ENTERPRISE-Dryup,09:15,966.45,09:40,922.0,-4.6,HARD_STOP,-3.52,-17598,-3519.6,1,0,2025-02,0.2,0.25,0.05
2025-02-27,INDIACEM,14,ENTERPRISE-Dryup,09:15,256.9,09:40,248.8,-3.15,HARD_STOP,-3.52,-17598,-3519.6,1,0,2025-02,0.13333333333333333,0.25,0.03333333333333333
2025-02-27,SHRIRAMFIN,15,GOLD,09:15,581.3,09:40,597.6,2.8,HARD_STOP,-3.52,-17598,-3519.6,1,1,2025-02,0.06666666666666667,1.4666666666666666,0.09777777777777777
2025-02-28,PATANJALI,1,ENTERPRISE-Dryup,09:15,602.0,09:16,592.6,-1.56,HARD_STOP,-5.76,-28794,-5758.8,1,0,2025-02,1.0,0.25,0.25
2025-02-28,CARTRADE,5,ENTERPRISE-Dryup,09:15,1445.0,09:16,1425.0,-1.38,HARD_STOP,-5.76,-28794,-5758.8,1,0,2025-02,0.7333333333333333,0.25,0.18333333333333332
2025-02-28,COHANCE,7,ENTERPRISE-Dryup,09:15,1143.9,09:16,1146.35,0.21,HARD_STOP,-5.76,-28794,-5758.8,1,1,2025-02,0.6,1.035,0.6209999999999999
2025-02-28,ABREL,8,GOLD,09:15,1808.0,09:16,1705.2,-5.69,HARD_STOP,-5.76,-28794,-5758.8,1,0,2025-02,0.5333333333333333,0.25,0.13333333333333333
2025-02-28,PGEL,9,ENTERPRISE-Dryup,09:15,773.35,09:16,778.0,0.6,HARD_STOP,-5.76,-28794,-5758.8,1,1,2025-02,0.4666666666666667,1.1,0.5133333333333334
2025-02-28,JBCHEPHARM,10,GOLD,09:15,1577.5,09:16,1558.8,-1.19,HARD_STOP,-5.76,-28794,-5758.8,1,0,2025-02,0.4,0.25,0.1
2025-02-28,TECHNOE,11,ENTERPRISE-Dryup,09:15,940.15,09:16,936.65,-0.37,HARD_STOP,-5.76,-28794,-5758.8,1,0,2025-02,0.3333333333333333,0.25,0.08333333333333333
2025-02-28,HEG,12,ENTERPRISE-Dryup,09:15,341.95,09:16,342.2,0.07,HARD_STOP,-5.76,-28794,-5758.8,1,1,2025-02,0.26666666666666666,1.0116666666666667,0.2697777777777778
2025-02-28,INDIACEM,14,ENTERPRISE-Dryup,09:15,242.95,09:16,241.35,-0.66,HARD_STOP,-5.76,-28794,-5758.8,1,0,2025-02,0.13333333333333333,0.25,0.03333333333333333
2025-02-28,TATAINVEST,15,GOLD-baseline,09:15,588.0,09:16,582.0,-1.02,HARD_STOP,-5.76,-28794,-5758.8,1,0,2025-02,0.06666666666666667,0.25,0.016666666666666666
2025-03-03,PATANJALI,1,GOLD-baseline,09:15,580.3,09:15,576.0,-0.74,HARD_STOP,-7.52,-37608,-7521.6,1,0,2025-03,1.0,0.25,0.25
2025-03-03,CHOLAHLDNG,6,GOLD-baseline,09:15,1666.7,09:15,1623.75,-2.58,HARD_STOP,-7.52,-37608,-7521.6,1,0,2025-03,0.6666666666666666,0.25,0.16666666666666666
2025-03-03,ABREL,8,GOLD-baseline,09:15,1882.0,09:15,1811.25,-3.76,HARD_STOP,-7.52,-37608,-7521.6,1,0,2025-03,0.5333333333333333,0.25,0.13333333333333333
2025-03-03,PGEL,9,GOLD-baseline,09:15,798.8,09:15,791.4,-0.93,HARD_STOP,-7.52,-37608,-7521.6,1,0,2025-03,0.4666666666666667,0.25,0.11666666666666667
2025-03-03,SHRIRAMFIN,14,GOLD-baseline,09:15,625.3,09:15,624.7,-0.1,HARD_STOP,-7.52,-37608,-7521.6,1,0,2025-03,0.13333333333333333,0.25,0.03333333333333333
2025-03-03,TATAINVEST,15,GOLD-baseline,09:15,616.0,09:15,612.0,-0.65,HARD_STOP,-7.52,-37608,-7521.6,1,0,2025-03,0.06666666666666667,0.25,0.016666666666666666
2025-03-04,SHYAMMETL,1,GOLD,09:15,698.5,15:29,723.25,3.54,EOD,34.44,172208,34441.6,1,1,2025-03,1.0,1.5899999999999999,1.5899999999999999
2025-03-04,NAVA,2,PREMIUM-Pullback,09:15,382.0,15:29,383.7,0.45,EOD,34.44,172208,34441.6,1,1,2025-03,0.9333333333333333,1.075,1.0033333333333334
2025-03-04,DCMSHRIRAM,3,GOLD,09:15,923.6,15:29,994.0,7.62,EOD,34.44,172208,34441.6,1,1,2025-03,0.8666666666666667,2.27,1.9673333333333334
2025-03-04,CAPLIPOINT,4,PREMIUM-Pullback,09:15,1606.0,15:29,1809.3,12.66,EOD,34.44,172208,34441.6,1,1,2025-03,0.8,3.11,2.488
2025-03-04,NEULANDLAB,5,GOLD-baseline,09:15,10201.7,15:29,11362.0,11.37,EOD,34.44,172208,34441.6,1,1,2025-03,0.7333333333333333,2.8949999999999996,2.1229999999999993
2025-03-04,DEEPAKFERT,6,PREMIUM-Pullback,09:15,924.0,15:29,975.05,5.52,EOD,34.44,172208,34441.6,1,1,2025-03,0.6666666666666666,1.92,1.2799999999999998
2025-03-04,VIJAYA,7,GOLD-baseline,09:15,932.65,15:29,978.0,4.86,EOD,34.44,172208,34441.6,1,1,2025-03,0.6,1.81,1.086
2025-03-04,JYOTICNC,8,GOLD-baseline,09:15,760.1,15:29,857.5,12.81,EOD,34.44,172208,34441.6,1,1,2025-03,0.5333333333333333,3.1350000000000002,1.6720000000000002
2025-03-04,INDIACEM,9,ENTERPRISE-Dryup,09:15,253.4,15:29,293.0,15.63,EOD,34.44,172208,34441.6,1,1,2025-03,0.4666666666666667,3.5,1.6333333333333333
2025-03-04,JUBLINGREA,10,PREMIUM-Pullback,09:15,570.45,15:29,599.9,5.16,EOD,34.44,172208,34441.6,1,1,2025-03,0.4,1.8599999999999999,0.744
2025-03-04,JINDALSAW,11,GOLD,09:15,231.15,15:29,234.49,1.44,EOD,34.44,172208,34441.6,1,1,2025-03,0.3333333333333333,1.24,0.41333333333333333
2025-03-04,TARIL,12,PREMIUM-Pullback,09:15,359.9,15:29,389.4,8.2,EOD,34.44,172208,34441.6,1,1,2025-03,0.26666666666666666,2.3666666666666663,0.631111111111111
2025-03-04,WELCORP,13,PREMIUM-Pullback,09:15,685.0,15:29,709.0,3.5,EOD,34.44,172208,34441.6,1,1,2025-03,0.2,1.5833333333333335,0.3166666666666667
2025-03-04,SAREGAMA,14,PREMIUM-Pullback,09:15,448.05,15:29,468.0,4.45,EOD,34.44,172208,34441.6,1,1,2025-03,0.13333333333333333,1.7416666666666667,0.23222222222222222
2025-03-04,ACUTAAS,15,GOLD-baseline,09:15,1058.6,15:29,1133.5,7.08,EOD,34.44,172208,34441.6,1,1,2025-03,0.06666666666666667,2.1799999999999997,0.14533333333333331
2025-03-05,NAVA,1,ENTERPRISE-Dryup,09:15,386.75,15:29,415.1,7.33,EOD,21.21,106031,21206.2,1,1,2025-03,1.0,2.2216666666666667,2.2216666666666667
2025-03-05,TRITURBINE,7,ENTERPRISE-Dryup,09:15,486.85,15:29,504.3,3.58,EOD,21.21,106031,21206.2,1,1,2025-03,0.6,1.5966666666666667,0.958
2025-03-05,PCBL,8,GOLD,09:15,364.0,15:29,381.2,4.73,EOD,21.21,106031,21206.2,1,1,2025-03,0.5333333333333333,1.7883333333333336,0.9537777777777778
2025-03-05,LLOYDSME,10,GOLD,09:15,979.7,15:29,1033.95,5.54,EOD,21.21,106031,21206.2,1,1,2025-03,0.4,1.9233333333333333,0.7693333333333334
2025-03-05,DATAPATTNS,11,GOLD-baseline,09:15,1412.35,15:29,1416.0,0.26,EOD,21.21,106031,21206.2,1,1,2025-03,0.3333333333333333,1.0433333333333334,0.3477777777777778
2025-03-06,JYOTICNC,4,GOLD-baseline,09:15,833.3,15:29,916.35,9.97,EOD,23.13,115633,23126.6,1,1,2025-03,0.8,2.661666666666667,2.1293333333333337
2025-03-06,DATAPATTNS,10,GOLD,09:15,1425.05,15:29,1416.0,-0.64,EOD,23.13,115633,23126.6,1,0,2025-03,0.4,0.25,0.1
2025-03-07,PARADEEP,6,GOLD,09:15,93.9,15:29,94.8,0.96,EOD,21.59,107963,21592.6,1,1,2025-03,0.6666666666666666,1.16,0.7733333333333332
2025-03-07,ANANTRAJ,7,ENTERPRISE-Dryup,09:15,464.2,15:29,505.0,8.79,EOD,21.59,107963,21592.6,1,1,2025-03,0.6,2.465,1.4789999999999999
2025-03-07,NEULANDLAB,8,GOLD,09:15,11775.0,15:29,12027.0,2.14,EOD,21.59,107963,21592.6,1,1,2025-03,0.5333333333333333,1.3566666666666667,0.7235555555555555
2025-03-07,DATAPATTNS,9,GOLD,09:15,1421.1,15:29,1642.0,15.54,EOD,21.59,107963,21592.6,1,1,2025-03,0.4666666666666667,3.5,1.6333333333333333
2025-03-07,HSCL,10,GOLD,09:15,434.0,15:29,433.9,-0.02,EOD,21.59,107963,21592.6,1,0,2025-03,0.4,0.25,0.1
2025-03-07,TITAGARH,11,GOLD,09:15,718.0,15:29,756.95,5.42,EOD,21.59,107963,21592.6,1,1,2025-03,0.3333333333333333,1.9033333333333333,0.6344444444444444
2025-03-07,SAREGAMA,13,ENTERPRISE-Dryup,09:15,475.95,15:29,489.0,2.74,EOD,21.59,107963,21592.6,1,1,2025-03,0.2,1.4566666666666668,0.2913333333333334
2025-03-07,PCBL,14,ENTERPRISE-Dryup,09:15,384.0,15:29,390.0,1.56,EOD,21.59,107963,21592.6,1,1,2025-03,0.13333333333333333,1.26,0.168
2025-03-07,RPOWER,15,GOLD-baseline,09:15,35.3,15:29,36.08,2.21,EOD,21.59,107963,21592.6,1,1,2025-03,0.06666666666666667,1.3683333333333334,0.09122222222222223
2025-03-10,GRAVITA,1,GOLD,09:15,1691.0,09:17,1729.3,2.26,TRAIL,2.26,11300,2260.0,1,1,2025-03,1.0,1.3766666666666667,1.3766666666666667
2025-03-10,CAPLIPOINT,3,ENTERPRISE-Dryup,09:15,1923.3,09:17,1916.1,-0.37,TRAIL,2.26,11300,2260.0,1,0,2025-03,0.8666666666666667,0.25,0.21666666666666667
2025-03-10,ECLERX,5,GOLD,09:15,1382.6,09:17,1379.5,-0.22,TRAIL,2.26,11300,2260.0,1,0,2025-03,0.7333333333333333,0.25,0.18333333333333332
2025-03-10,LTFOODS,6,GOLD,09:15,352.85,09:17,358.55,1.62,TRAIL,2.26,11300,2260.0,1,1,2025-03,0.6666666666666666,1.27,0.8466666666666667
2025-03-10,HBLENGINE,9,ENTERPRISE-Dryup,09:15,454.65,09:17,454.85,0.04,TRAIL,2.26,11300,2260.0,1,1,2025-03,0.4666666666666667,1.0066666666666666,0.46977777777777774
2025-03-10,HSCL,10,GOLD,09:15,437.0,09:17,437.9,0.21,TRAIL,2.26,11300,2260.0,1,1,2025-03,0.4,1.035,0.414
2025-03-10,JINDALSAW,12,GOLD,09:15,266.6,09:17,268.68,0.78,TRAIL,2.26,11300,2260.0,1,1,2025-03,0.26666666666666666,1.13,0.3013333333333333
2025-03-10,SWANCORP,15,ENTERPRISE-Dryup,09:15,445.25,09:17,443.95,-0.29,TRAIL,2.26,11300,2260.0,1,0,2025-03,0.06666666666666667,0.25,0.016666666666666666
2025-03-11,GODFRYPHLP,1,PREMIUM-Pullback,09:15,1672.0,15:29,1756.0,5.02,EOD,23.46,117280,23456.0,1,1,2025-03,1.0,1.8366666666666664,1.8366666666666664
2025-03-11,KIMS,2,GOLD-baseline,09:15,513.45,15:29,525.45,2.34,EOD,23.46,117280,23456.0,1,1,2025-03,0.9333333333333333,1.39,1.2973333333333332
2025-03-11,CHENNPETRO,5,GOLD,09:15,503.5,15:29,552.1,9.65,EOD,23.46,117280,23456.0,1,1,2025-03,0.7333333333333333,2.6083333333333334,1.9127777777777777
2025-03-11,ADANIGREEN,6,GOLD-baseline,09:15,819.25,15:29,833.2,1.7,EOD,23.46,117280,23456.0,1,1,2025-03,0.6666666666666666,1.2833333333333332,0.8555555555555554
2025-03-11,JYOTICNC,7,GOLD-baseline,09:15,944.0,15:29,956.05,1.28,EOD,23.46,117280,23456.0,1,1,2025-03,0.6,1.2133333333333334,0.728
2025-03-11,GRAPHITE,8,GOLD,09:15,398.0,15:29,427.4,7.39,EOD,23.46,117280,23456.0,1,1,2025-03,0.5333333333333333,2.2316666666666665,1.190222222222222
2025-03-11,TATACOMM,9,ENTERPRISE-Dryup,09:15,1366.0,15:29,1488.0,8.93,EOD,23.46,117280,23456.0,1,1,2025-03,0.4666666666666667,2.4883333333333333,1.1612222222222222
2025-03-11,MRPL,10,GOLD,09:15,106.94,15:29,110.7,3.52,EOD,23.46,117280,23456.0,1,1,2025-03,0.4,1.5866666666666667,0.6346666666666667
2025-03-11,KALYANKJIL,11,GOLD-baseline,09:15,404.5,15:29,421.9,4.3,EOD,23.46,117280,23456.0,1,1,2025-03,0.3333333333333333,1.7166666666666668,0.5722222222222222
2025-03-11,MCX,12,ENTERPRISE-Dryup,09:15,890.0,15:29,941.0,5.73,EOD,23.46,117280,23456.0,1,1,2025-03,0.26666666666666666,1.955,0.5213333333333333
2025-03-11,TIINDIA,13,GOLD-baseline,09:15,2700.0,15:29,2886.0,6.89,EOD,23.46,117280,23456.0,1,1,2025-03,0.2,2.1483333333333334,0.4296666666666667
2025-03-11,ZFCVINDIA,14,ENTERPRISE-Dryup,09:15,11251.0,15:29,11280.0,0.26,EOD,23.46,117280,23456.0,1,1,2025-03,0.13333333333333333,1.0433333333333334,0.13911111111111113
2025-03-12,JYOTICNC,4,GOLD-baseline,09:15,962.3,10:02,956.2,-0.63,TRAIL,2.38,11915,2383.0,1,0,2025-03,0.8,0.25,0.2
2025-03-12,AAVAS,6,GOLD-baseline,09:15,1760.5,10:02,1781.0,1.16,TRAIL,2.38,11915,2383.0,1,1,2025-03,0.6666666666666666,1.1933333333333334,0.7955555555555556
2025-03-12,ADANIGREEN,7,ENTERPRISE-Dryup,09:15,834.4,10:02,831.85,-0.31,TRAIL,2.38,11915,2383.0,1,0,2025-03,0.6,0.25,0.15
2025-03-12,MRPL,8,GOLD,09:15,110.96,10:02,110.12,-0.76,TRAIL,2.38,11915,2383.0,1,0,2025-03,0.5333333333333333,0.25,0.13333333333333333
2025-03-12,DOMS,14,GOLD-baseline,09:15,2734.3,10:02,2821.65,3.19,TRAIL,2.38,11915,2383.0,1,1,2025-03,0.13333333333333333,1.5316666666666667,0.20422222222222222
2025-03-12,ZFCVINDIA,15,ENTERPRISE-Dryup,09:15,11256.5,10:02,11310.25,0.48,TRAIL,2.38,11915,2383.0,1,1,2025-03,0.06666666666666667,1.08,0.07200000000000001
2025-03-13,CHENNPETRO,5,GOLD-baseline,09:15,553.9,09:16,546.85,-1.27,HARD_STOP,-4.12,-20614,-4122.8,1,0,2025-03,0.7333333333333333,0.25,0.18333333333333332
2025-03-13,MRPL,6,GOLD,09:15,110.42,09:16,109.66,-0.69,HARD_STOP,-4.12,-20614,-4122.8,1,0,2025-03,0.6666666666666666,0.25,0.16666666666666666
2025-03-13,GRAPHITE,9,GOLD,09:15,437.0,09:16,430.15,-1.57,HARD_STOP,-4.12,-20614,-4122.8,1,0,2025-03,0.4666666666666667,0.25,0.11666666666666667
2025-03-13,TATACOMM,10,GOLD-baseline,09:15,1500.0,09:16,1498.55,-0.1,HARD_STOP,-4.12,-20614,-4122.8,1,0,2025-03,0.4,0.25,0.1
2025-03-13,KALYANKJIL,11,GOLD,09:15,429.35,09:16,423.3,-1.41,HARD_STOP,-4.12,-20614,-4122.8,1,0,2025-03,0.3333333333333333,0.25,0.08333333333333333
2025-03-13,MCX,12,GOLD,09:15,955.0,09:16,947.0,-0.84,HARD_STOP,-4.12,-20614,-4122.8,1,0,2025-03,0.26666666666666666,0.25,0.06666666666666667
2025-03-13,TIINDIA,13,GOLD,09:15,2915.5,09:16,2901.1,-0.49,HARD_STOP,-4.12,-20614,-4122.8,1,0,2025-03,0.2,0.25,0.05
2025-03-13,ZFCVINDIA,14,ENTERPRISE-Dryup,09:15,11398.0,09:16,11346.0,-0.46,HARD_STOP,-4.12,-20614,-4122.8,1,0,2025-03,0.13333333333333333,0.25,0.03333333333333333
2025-03-13,ZENTEC,15,ENTERPRISE-Dryup,09:15,1225.0,09:16,1223.4,-0.13,HARD_STOP,-4.12,-20614,-4122.8,1,0,2025-03,0.06666666666666667,0.25,0.016666666666666666
2025-03-17,SARDAEN,3,GOLD-baseline,09:15,545.1,09:15,537.45,-1.4,HARD_STOP,-3.43,-17139,-3427.8,1,0,2025-03,0.8666666666666667,0.25,0.21666666666666667
2025-03-17,TATACOMM,9,GOLD,09:15,1510.45,09:15,1510.4,0.0,HARD_STOP,-3.43,-17139,-3427.8,1,0,2025-03,0.4666666666666667,0.25,0.11666666666666667
2025-03-17,GRAPHITE,10,GOLD,09:15,443.0,09:15,442.8,-0.05,HARD_STOP,-3.43,-17139,-3427.8,1,0,2025-03,0.4,0.25,0.1
2025-03-17,KALYANKJIL,11,GOLD,09:15,430.0,09:15,428.0,-0.47,HARD_STOP,-3.43,-17139,-3427.8,1,0,2025-03,0.3333333333333333,0.25,0.08333333333333333
2025-03-17,MCX,12,GOLD,09:15,970.0,09:15,965.0,-0.52,HARD_STOP,-3.43,-17139,-3427.8,1,0,2025-03,0.26666666666666666,0.25,0.06666666666666667
2025-03-17,ZENTEC,13,ENTERPRISE-Dryup,09:15,1224.0,09:15,1214.55,-0.77,HARD_STOP,-3.43,-17139,-3427.8,1,0,2025-03,0.2,0.25,0.05
2025-03-17,TIINDIA,14,GOLD,09:15,2897.0,09:15,2860.6,-1.26,HARD_STOP,-3.43,-17139,-3427.8,1,0,2025-03,0.13333333333333333,0.25,0.03333333333333333
2025-03-18,BSE,2,GOLD-baseline,09:15,1336.0,15:29,1383.5,3.56,EOD,13.51,67533,13506.6,1,1,2025-03,0.9333333333333333,1.5933333333333333,1.487111111111111
2025-03-18,KFINTECH,4,ENTERPRISE-Dryup,09:15,925.0,15:29,939.0,1.51,EOD,13.51,67533,13506.6,1,1,2025-03,0.8,1.2516666666666667,1.0013333333333334
2025-03-18,MAXHEALTH,6,ENTERPRISE-Dryup,09:15,1001.95,15:29,1017.5,1.55,EOD,13.51,67533,13506.6,1,1,2025-03,0.6666666666666666,1.2583333333333333,0.8388888888888888
2025-03-18,JPPOWER,7,GOLD,09:15,13.15,15:29,13.42,2.05,EOD,13.51,67533,13506.6,1,1,2025-03,0.6,1.3416666666666666,0.8049999999999999
2025-03-18,TEJASNET,8,GOLD-baseline,09:15,660.0,15:29,672.5,1.89,EOD,13.51,67533,13506.6,1,1,2025-03,0.5333333333333333,1.315,0.7013333333333333
2025-03-18,NIACL,9,ENTERPRISE-Dryup,09:15,143.0,15:29,146.39,2.37,EOD,13.51,67533,13506.6,1,1,2025-03,0.4666666666666667,1.395,0.651
2025-03-18,RPOWER,10,ENTERPRISE-Dryup,09:15,33.45,15:29,34.94,4.45,EOD,13.51,67533,13506.6,1,1,2025-03,0.4,1.7416666666666667,0.6966666666666668
2025-03-18,SYRMA,11,ENTERPRISE-Dryup,09:15,422.5,15:29,443.0,4.85,EOD,13.51,67533,13506.6,1,1,2025-03,0.3333333333333333,1.8083333333333331,0.6027777777777776
2025-03-18,RHIM,12,ENTERPRISE-Dryup,09:15,389.0,15:29,400.0,2.83,EOD,13.51,67533,13506.6,1,1,2025-03,0.26666666666666666,1.4716666666666667,0.39244444444444443
2025-03-18,JWL,13,ENTERPRISE-Dryup,09:15,291.0,15:29,303.45,4.28,EOD,13.51,67533,13506.6,1,1,2025-03,0.2,1.7133333333333334,0.3426666666666667
2025-03-18,UTIAMC,14,ENTERPRISE-Dryup,09:15,934.0,15:29,955.0,2.25,EOD,13.51,67533,13506.6,1,1,2025-03,0.13333333333333333,1.375,0.18333333333333332
2025-03-18,DCMSHRIRAM,15,GOLD,09:15,989.95,15:29,1005.0,1.52,EOD,13.51,67533,13506.6,1,1,2025-03,0.06666666666666667,1.2533333333333334,0.08355555555555556
2025-03-20,BLS,3,GOLD-baseline,09:15,351.0,09:50,353.35,0.67,TRAIL,2.91,14542,2908.4,1,1,2025-03,0.8666666666666667,1.1116666666666666,0.9634444444444444
2025-03-20,MRPL,5,GOLD,09:15,114.81,09:50,115.48,0.58,TRAIL,2.91,14542,2908.4,1,1,2025-03,0.7333333333333333,1.0966666666666667,0.8042222222222222
2025-03-20,MANKIND,6,GOLD-baseline,09:15,2184.75,09:50,2212.6,1.27,TRAIL,2.91,14542,2908.4,1,1,2025-03,0.6666666666666666,1.2116666666666667,0.8077777777777777
2025-03-20,DCMSHRIRAM,10,ENTERPRISE-Dryup,09:15,1029.45,09:50,1029.15,-0.03,TRAIL,2.91,14542,2908.4,1,0,2025-03,0.4,0.25,0.1
2025-03-21,JMFINANCIL,1,GOLD,09:15,92.42,15:29,97.88,5.91,EOD,33.89,169463,33892.6,1,1,2025-03,1.0,1.9849999999999999,1.9849999999999999
2025-03-21,TEJASNET,2,GOLD-baseline,09:15,714.2,15:29,798.0,11.73,EOD,33.89,169463,33892.6,1,1,2025-03,0.9333333333333333,2.955,2.758
2025-03-21,PCBL,3,GOLD,09:15,395.0,15:29,426.5,7.97,EOD,33.89,169463,33892.6,1,1,2025-03,0.8666666666666667,2.328333333333333,2.017888888888889
2025-03-21,RAILTEL,4,GOLD,09:15,298.9,15:29,311.0,4.05,EOD,33.89,169463,33892.6,1,1,2025-03,0.8,1.6749999999999998,1.3399999999999999
2025-03-21,RPOWER,5,GOLD,09:15,36.46,15:29,37.86,3.84,EOD,33.89,169463,33892.6,1,1,2025-03,0.7333333333333333,1.6400000000000001,1.2026666666666668
2025-03-21,BSE,6,GOLD-baseline,09:15,1496.5,15:29,1602.5,7.08,EOD,33.89,169463,33892.6,1,1,2025-03,0.6666666666666666,2.1799999999999997,1.4533333333333331
2025-03-21,ELECON,9,GOLD,09:15,425.0,15:29,440.8,3.72,EOD,33.89,169463,33892.6,1,1,2025-03,0.4666666666666667,1.62,0.7560000000000001
2025-03-21,NIACL,11,GOLD,09:15,151.93,15:29,164.42,8.22,EOD,33.89,169463,33892.6,1,1,2025-03,0.3333333333333333,2.37,0.79
2025-03-21,GICRE,12,GOLD,09:15,398.5,15:29,432.75,8.59,EOD,33.89,169463,33892.6,1,1,2025-03,0.26666666666666666,2.4316666666666666,0.6484444444444444
2025-03-21,MANAPPURAM,13,GOLD-baseline,09:15,226.0,15:29,233.5,3.32,EOD,33.89,169463,33892.6,1,1,2025-03,0.2,1.5533333333333332,0.31066666666666665
2025-03-21,JWL,14,ENTERPRISE-Dryup,09:15,313.9,15:29,347.15,10.59,EOD,33.89,169463,33892.6,1,1,2025-03,0.13333333333333333,2.7649999999999997,0.36866666666666664
2025-03-21,NETWEB,15,GOLD,09:15,1508.0,15:29,1614.0,7.03,EOD,33.89,169463,33892.6,1,1,2025-03,0.06666666666666667,2.171666666666667,0.14477777777777778
2025-03-24,LODHA,4,GOLD-baseline,09:15,1190.0,15:29,1219.0,2.44,EOD,12.0,59979,11995.8,1,1,2025-03,0.8,1.4066666666666667,1.1253333333333335
2025-03-25,BSE,1,GOLD-baseline,09:15,1561.5,11:42,1544.5,-1.09,HARD_STOP,-3.58,-17916,-3583.2,1,0,2025-03,1.0,0.25,0.25
2025-03-25,ASTERDM,2,GOLD,09:15,438.8,11:42,439.95,0.26,HARD_STOP,-3.58,-17916,-3583.2,1,1,2025-03,0.9333333333333333,1.0433333333333334,0.9737777777777779
2025-03-25,RPOWER,3,GOLD,09:15,38.58,11:42,36.83,-4.54,HARD_STOP,-3.58,-17916,-3583.2,1,0,2025-03,0.8666666666666667,0.25,0.21666666666666667
2025-03-25,ZFCVINDIA,4,GOLD,09:15,12116.95,11:42,11987.65,-1.07,HARD_STOP,-3.58,-17916,-3583.2,1,0,2025-03,0.8,0.25,0.2
2025-03-25,CUB,5,GOLD,09:15,160.49,11:42,157.23,-2.03,HARD_STOP,-3.58,-17916,-3583.2,1,0,2025-03,0.7333333333333333,0.25,0.18333333333333332
2025-03-25,NAVA,7,GOLD,09:15,492.0,11:42,471.1,-4.25,HARD_STOP,-3.58,-17916,-3583.2,1,0,2025-03,0.6,0.25,0.15
2025-03-25,ADANIENSOL,10,ENTERPRISE-Dryup,09:15,822.0,11:42,823.6,0.19,HARD_STOP,-3.58,-17916,-3583.2,1,1,2025-03,0.4,1.0316666666666667,0.41266666666666674
2025-03-25,HONAUT,11,GOLD-baseline,09:15,33799.95,11:42,33552.0,-0.73,HARD_STOP,-3.58,-17916,-3583.2,1,0,2025-03,0.3333333333333333,0.25,0.08333333333333333
2025-03-25,JSWDULUX,12,ENTERPRISE-Dryup,09:15,3382.5,11:42,3316.95,-1.94,HARD_STOP,-3.58,-17916,-3583.2,1,0,2025-03,0.26666666666666666,0.25,0.06666666666666667
2025-03-25,HEG,13,ENTERPRISE-Dryup,09:15,434.6,11:42,475.35,9.38,HARD_STOP,-3.58,-17916,-3583.2,1,1,2025-03,0.2,2.5633333333333335,0.5126666666666667
2025-03-25,ERIS,14,GOLD,09:15,1366.9,11:42,1346.95,-1.46,HARD_STOP,-3.58,-17916,-3583.2,1,0,2025-03,0.13333333333333333,0.25,0.03333333333333333
2025-03-26,RPOWER,1,GOLD,09:15,37.12,13:10,39.9,7.49,TRAIL,2.19,10933,2186.6,1,1,2025-03,1.0,2.248333333333333,2.248333333333333
2025-03-26,ASTERDM,2,GOLD,09:15,445.1,13:10,437.05,-1.81,TRAIL,2.19,10933,2186.6,1,0,2025-03,0.9333333333333333,0.25,0.23333333333333334
2025-03-26,BSE,3,GOLD-baseline,09:15,1556.5,13:10,1505.0,-3.31,TRAIL,2.19,10933,2186.6,1,0,2025-03,0.8666666666666667,0.25,0.21666666666666667
2025-03-26,BEML,4,GOLD,09:15,1382.5,13:10,1389.0,0.47,TRAIL,2.19,10933,2186.6,1,1,2025-03,0.8,1.0783333333333334,0.8626666666666667
2025-03-26,CUB,5,GOLD,09:15,157.9,13:10,160.0,1.33,TRAIL,2.19,10933,2186.6,1,1,2025-03,0.7333333333333333,1.2216666666666667,0.8958888888888888
2025-03-26,ZFCVINDIA,6,GOLD,09:15,12100.0,13:10,12705.65,5.01,TRAIL,2.19,10933,2186.6,1,1,2025-03,0.6666666666666666,1.835,1.2233333333333332
2025-03-26,JSWDULUX,7,ENTERPRISE-Dryup,09:15,3351.0,13:10,3342.05,-0.27,TRAIL,2.19,10933,2186.6,1,0,2025-03,0.6,0.25,0.15
2025-03-26,NAVA,8,GOLD,09:15,470.25,13:10,487.15,3.59,TRAIL,2.19,10933,2186.6,1,1,2025-03,0.5333333333333333,1.5983333333333332,0.8524444444444443
2025-03-26,FORTIS,9,GOLD,09:15,650.0,13:10,639.0,-1.69,TRAIL,2.19,10933,2186.6,1,0,2025-03,0.4666666666666667,0.25,0.11666666666666667
2025-03-26,ERIS,11,ENTERPRISE-Dryup,09:15,1356.0,13:10,1320.0,-2.65,TRAIL,2.19,10933,2186.6,1,0,2025-03,0.3333333333333333,0.25,0.08333333333333333
2025-03-26,ADANIENSOL,12,GOLD,09:15,817.05,13:10,813.95,-0.38,TRAIL,2.19,10933,2186.6,1,0,2025-03,0.26666666666666666,0.25,0.06666666666666667
2025-03-26,TARIL,13,GOLD-baseline,09:15,517.0,13:10,513.95,-0.59,TRAIL,2.19,10933,2186.6,1,0,2025-03,0.2,0.25,0.05
2025-03-26,GODFRYPHLP,15,ENTERPRISE-Dryup,09:15,2073.0,13:10,2058.0,-0.72,TRAIL,2.19,10933,2186.6,1,0,2025-03,0.06666666666666667,0.25,0.016666666666666666
2025-03-27,BSE,1,ENTERPRISE-Dryup,09:15,1550.0,15:29,1564.5,0.94,EOD,29.81,149033,29806.6,1,1,2025-03,1.0,1.1566666666666667,1.1566666666666667
2025-03-27,ASTERDM,2,GOLD,09:15,435.05,15:29,452.2,3.94,EOD,29.81,149033,29806.6,1,1,2025-03,0.9333333333333333,1.6566666666666667,1.5462222222222224
2025-03-27,BEML,3,GOLD,09:15,1374.8,15:29,1619.5,17.8,EOD,29.81,149033,29806.6,1,1,2025-03,0.8666666666666667,3.5,3.033333333333333
2025-03-27,CUB,5,PREMIUM-Compression,09:15,158.2,15:29,156.51,-1.07,EOD,29.81,149033,29806.6,1,0,2025-03,0.7333333333333333,0.25,0.18333333333333332
2025-03-27,FORTIS,8,ENTERPRISE-Dryup,09:15,639.7,15:29,665.15,3.98,EOD,29.81,149033,29806.6,1,1,2025-03,0.5333333333333333,1.6633333333333333,0.8871111111111111
2025-03-27,JSWDULUX,9,GOLD-baseline,09:15,3325.0,15:29,3590.0,7.97,EOD,29.81,149033,29806.6,1,1,2025-03,0.4666666666666667,2.328333333333333,1.0865555555555555
2025-03-27,ERIS,10,ENTERPRISE-Dryup,09:15,1314.0,15:29,1384.4,5.36,EOD,29.81,149033,29806.6,1,1,2025-03,0.4,1.8933333333333335,0.7573333333333334
2025-03-27,ADANIENSOL,12,ENTERPRISE-Dryup,09:15,803.0,15:29,870.0,8.34,EOD,29.81,149033,29806.6,1,1,2025-03,0.26666666666666666,2.3899999999999997,0.6373333333333332
2025-03-27,TARIL,13,GOLD-baseline,09:15,481.0,15:29,514.25,6.91,EOD,29.81,149033,29806.6,1,1,2025-03,0.2,2.1516666666666664,0.4303333333333333
2025-03-27,GODFRYPHLP,15,ENTERPRISE-Dryup,09:15,2033.0,15:29,2155.0,6.0,EOD,29.81,149033,29806.6,1,1,2025-03,0.06666666666666667,2.0,0.13333333333333333
2025-03-28,CUB,3,GOLD-baseline,09:15,156.06,15:29,158.5,1.56,EOD,7.62,38084,7616.8,1,1,2025-03,0.8666666666666667,1.26,1.092
2025-03-28,NAVA,6,GOLD-baseline,09:15,510.5,15:29,517.85,1.44,EOD,7.62,38084,7616.8,1,1,2025-03,0.6666666666666666,1.24,0.8266666666666667
2025-03-28,GALLANTT,8,GOLD-baseline,09:15,358.9,15:29,384.45,7.12,EOD,7.62,38084,7616.8,1,1,2025-03,0.5333333333333333,2.1866666666666665,1.166222222222222
2025-03-28,PTCIL,10,GOLD,09:15,14995.6,15:29,14879.95,-0.77,EOD,7.62,38084,7616.8,1,0,2025-03,0.4,0.25,0.1
2025-03-28,ZFCVINDIA,11,GOLD-baseline,09:15,12600.0,15:29,12816.35,1.72,EOD,7.62,38084,7616.8,1,1,2025-03,0.3333333333333333,1.2866666666666666,0.4288888888888889
2025-03-28,HONAUT,14,GOLD,09:15,33814.5,15:29,33789.95,-0.07,EOD,7.62,38084,7616.8,1,0,2025-03,0.13333333333333333,0.25,0.03333333333333333
2025-03-28,HEG,15,GOLD-baseline,09:15,485.95,15:29,486.0,0.01,EOD,7.62,38084,7616.8,1,1,2025-03,0.06666666666666667,1.0016666666666667,0.06677777777777778
2025-04-01,ERIS,4,ENTERPRISE-Dryup,09:15,1400.0,11:01,1404.3,0.31,TRAIL,2.44,12223,2444.6,1,1,2025-04,0.8,1.0516666666666667,0.8413333333333335
2025-04-01,RPOWER,5,GOLD-baseline,09:15,41.95,11:01,42.2,0.6,TRAIL,2.44,12223,2444.6,1,1,2025-04,0.7333333333333333,1.1,0.8066666666666666
2025-04-01,PTCIL,7,GOLD-baseline,09:15,14841.0,11:01,14819.85,-0.14,TRAIL,2.44,12223,2444.6,1,0,2025-04,0.6,0.25,0.15
2025-04-01,ADANIENSOL,12,GOLD-baseline,09:15,857.4,11:01,872.8,1.8,TRAIL,2.44,12223,2444.6,1,1,2025-04,0.26666666666666666,1.3,0.3466666666666667
2025-04-01,GODREJCP,14,GOLD,09:15,1150.7,11:01,1150.7,0.0,TRAIL,2.44,12223,2444.6,1,0,2025-04,0.13333333333333333,0.25,0.03333333333333333
2025-04-01,HONAUT,15,GOLD,09:15,33511.0,11:01,33731.2,0.66,TRAIL,2.44,12223,2444.6,1,1,2025-04,0.06666666666666667,1.11,0.07400000000000001
2025-04-02,VTL,1,GOLD,09:15,401.0,15:29,402.9,0.47,EOD,12.44,62180,12436.0,1,1,2025-04,1.0,1.0783333333333334,1.0783333333333334
2025-04-02,BDL,4,ENTERPRISE-Dryup,09:15,1251.8,15:29,1322.0,5.61,EOD,12.44,62180,12436.0,1,1,2025-04,0.8,1.935,1.548
2025-04-02,PNBHOUSING,5,GOLD,09:15,872.9,15:29,920.35,5.44,EOD,12.44,62180,12436.0,1,1,2025-04,0.7333333333333333,1.9066666666666667,1.3982222222222223
2025-04-02,TATACONSUM,7,GOLD,09:15,1018.0,15:29,1060.8,4.2,EOD,12.44,62180,12436.0,1,1,2025-04,0.6,1.7000000000000002,1.02
2025-04-02,LINDEINDIA,12,GOLD,09:15,6225.0,15:29,6215.0,-0.16,EOD,12.44,62180,12436.0,1,0,2025-04,0.26666666666666666,0.25,0.06666666666666667
2025-04-02,SBFC,13,ENTERPRISE-Dryup,09:15,91.0,15:29,92.7,1.87,EOD,12.44,62180,12436.0,1,1,2025-04,0.2,1.3116666666666668,0.26233333333333336
2025-04-02,CREDITACC,15,ENTERPRISE-Dryup,09:15,968.8,15:29,971.95,0.33,EOD,12.44,62180,12436.0,1,1,2025-04,0.06666666666666667,1.055,0.07033333333333333
2025-04-03,VTL,1,ENTERPRISE-Dryup,09:15,398.0,15:29,482.4,21.21,EOD,34.27,171346,34269.2,1,1,2025-04,1.0,3.5,3.5
2025-04-03,PARADEEP,4,GOLD-baseline,09:15,110.98,15:29,118.05,6.37,EOD,34.27,171346,34269.2,1,1,2025-04,0.8,2.0616666666666665,1.6493333333333333
2025-04-03,LINDEINDIA,5,ENTERPRISE-Dryup,09:15,6125.0,15:29,6195.0,1.14,EOD,34.27,171346,34269.2,1,1,2025-04,0.7333333333333333,1.19,0.8726666666666666
2025-04-03,TRIDENT,6,GOLD,09:15,25.2,15:29,27.12,7.62,EOD,34.27,171346,34269.2,1,1,2025-04,0.6666666666666666,2.27,1.5133333333333332
2025-04-03,WHIRLPOOL,10,GOLD-baseline,09:15,1060.0,15:29,1077.2,1.62,EOD,34.27,171346,34269.2,1,1,2025-04,0.4,1.27,0.508
2025-04-03,GMRAIRPORT,11,GOLD,09:15,78.26,15:29,82.72,5.7,EOD,34.27,171346,34269.2,1,1,2025-04,0.3333333333333333,1.9500000000000002,0.65
2025-04-03,TEJASNET,12,GOLD,09:15,784.0,15:29,873.1,11.36,EOD,34.27,171346,34269.2,1,1,2025-04,0.26666666666666666,2.8933333333333335,0.7715555555555556
2025-04-03,CREDITACC,14,ENTERPRISE-Dryup,09:15,971.85,15:29,1010.85,4.01,EOD,34.27,171346,34269.2,1,1,2025-04,0.13333333333333333,1.6683333333333334,0.22244444444444444
2025-04-03,CUB,15,GOLD,09:15,159.5,15:29,164.5,3.13,EOD,34.27,171346,34269.2,1,1,2025-04,0.06666666666666667,1.5216666666666665,0.10144444444444443
2025-04-04,LINDEINDIA,5,ENTERPRISE-Dryup,09:15,6180.0,09:20,6121.15,-0.95,HARD_STOP,-4.72,-23578,-4715.6,1,0,2025-04,0.7333333333333333,0.25,0.18333333333333332
2025-04-04,GALLANTT,7,GOLD-baseline,09:15,431.9,09:20,429.05,-0.66,HARD_STOP,-4.72,-23578,-4715.6,1,0,2025-04,0.6,0.25,0.15
2025-04-04,TATACONSUM,8,GOLD,09:15,1065.45,09:20,1066.85,0.13,HARD_STOP,-4.72,-23578,-4715.6,1,1,2025-04,0.5333333333333333,1.0216666666666667,0.5448888888888889
2025-04-04,WHIRLPOOL,10,GOLD,09:15,1078.95,09:20,1057.6,-1.98,HARD_STOP,-4.72,-23578,-4715.6,1,0,2025-04,0.4,0.25,0.1
2025-04-04,SBFC,14,ENTERPRISE-Dryup,09:15,92.85,09:20,91.89,-1.03,HARD_STOP,-4.72,-23578,-4715.6,1,0,2025-04,0.13333333333333333,0.25,0.03333333333333333
2025-04-07,GPIL,1,GOLD,09:15,169.0,15:29,181.7,7.51,EOD,40.42,202112,40422.4,1,1,2025-04,1.0,2.251666666666667,2.251666666666667
2025-04-07,VTL,2,GOLD-baseline,09:15,430.05,15:29,444.7,3.41,EOD,40.42,202112,40422.4,1,1,2025-04,0.9333333333333333,1.5683333333333334,1.4637777777777778
2025-04-07,PARADEEP,3,GOLD-baseline,09:15,104.97,15:29,114.65,9.22,EOD,40.42,202112,40422.4,1,1,2025-04,0.8666666666666667,2.536666666666667,2.198444444444445
2025-04-07,BDL,4,GOLD-baseline,09:15,1152.2,15:29,1265.0,9.79,EOD,40.42,202112,40422.4,1,1,2025-04,0.8,2.631666666666667,2.1053333333333337
2025-04-07,PNBHOUSING,5,GOLD-baseline,09:15,879.55,15:29,921.4,4.76,EOD,40.42,202112,40422.4,1,1,2025-04,0.7333333333333333,1.7933333333333334,1.3151111111111111
2025-04-07,GALLANTT,6,GOLD-baseline,09:15,356.0,15:29,394.9,10.93,EOD,40.42,202112,40422.4,1,1,2025-04,0.6666666666666666,2.8216666666666663,1.8811111111111107
2025-04-07,TRIDENT,7,GOLD-baseline,09:15,23.46,15:29,25.94,10.57,EOD,40.42,202112,40422.4,1,1,2025-04,0.6,2.7616666666666667,1.657
2025-04-07,TATACONSUM,8,GOLD-baseline,09:15,1019.0,15:29,1048.0,2.85,EOD,40.42,202112,40422.4,1,1,2025-04,0.5333333333333333,1.475,0.7866666666666667
2025-04-07,WHIRLPOOL,9,ENTERPRISE-Dryup,09:15,958.0,15:29,1035.0,8.04,EOD,40.42,202112,40422.4,1,1,2025-04,0.4666666666666667,2.34,1.0919999999999999
2025-04-07,TEJASNET,10,GOLD-baseline,09:15,731.05,15:29,804.9,10.1,EOD,40.42,202112,40422.4,1,1,2025-04,0.4,2.6833333333333336,1.0733333333333335
2025-04-07,LINDEINDIA,11,ENTERPRISE-Dryup,09:15,5500.0,15:29,5888.05,7.06,EOD,40.42,202112,40422.4,1,1,2025-04,0.3333333333333333,2.1766666666666667,0.7255555555555555
2025-04-07,GMRAIRPORT,12,GOLD-baseline,09:15,77.0,15:29,82.21,6.77,EOD,40.42,202112,40422.4,1,1,2025-04,0.26666666666666666,2.128333333333333,0.5675555555555555
2025-04-07,ADANIPOWER,13,GOLD-baseline,09:15,92.4,15:29,102.35,10.77,EOD,40.42,202112,40422.4,1,1,2025-04,0.2,2.795,0.559
2025-04-07,LEMONTREE,14,GOLD,09:15,121.01,15:29,134.0,10.73,EOD,40.42,202112,40422.4,1,1,2025-04,0.13333333333333333,2.788333333333333,0.37177777777777776
2025-04-07,SBFC,15,ENTERPRISE-Dryup,09:15,82.0,15:29,90.0,9.76,EOD,40.42,202112,40422.4,1,1,2025-04,0.06666666666666667,2.626666666666667,0.17511111111111113
2025-04-08,FSL,1,PREMIUM-Pullback,09:15,308.25,09:18,312.15,1.27,HARD_STOP,-3.77,-18859,-3771.8,1,1,2025-04,1.0,1.2116666666666667,1.2116666666666667
2025-04-08,DIXON,2,PREMIUM-Pullback,09:15,13000.0,09:18,12965.95,-0.26,HARD_STOP,-3.77,-18859,-3771.8,1,0,2025-04,0.9333333333333333,0.25,0.23333333333333334
2025-04-08,SYRMA,3,PREMIUM-Pullback,09:15,438.0,09:18,431.65,-1.45,HARD_STOP,-3.77,-18859,-3771.8,1,0,2025-04,0.8666666666666667,0.25,0.21666666666666667
2025-04-08,JUBLINGREA,4,PREMIUM-Pullback,09:15,632.15,09:18,612.2,-3.16,HARD_STOP,-3.77,-18859,-3771.8,1,0,2025-04,0.8,0.25,0.2
2025-04-08,JMFINANCIL,5,PREMIUM-Pullback,09:15,96.62,09:18,91.4,-5.4,HARD_STOP,-3.77,-18859,-3771.8,1,0,2025-04,0.7333333333333333,0.25,0.18333333333333332
2025-04-08,LTFOODS,6,PREMIUM-Pullback,09:15,342.8,09:18,347.85,1.47,HARD_STOP,-3.77,-18859,-3771.8,1,1,2025-04,0.6666666666666666,1.245,0.8300000000000001
2025-04-08,MEDANTA,7,GOLD,09:15,1224.0,09:18,1218.65,-0.44,HARD_STOP,-3.77,-18859,-3771.8,1,0,2025-04,0.6,0.25,0.15
2025-04-08,CRAFTSMAN,8,PREMIUM-Pullback,09:15,4487.0,09:18,4519.75,0.73,HARD_STOP,-3.77,-18859,-3771.8,1,1,2025-04,0.5333333333333333,1.1216666666666666,0.5982222222222222
2025-04-08,AFFLE,9,PREMIUM-Pullback,09:15,1469.95,09:18,1458.8,-0.76,HARD_STOP,-3.77,-18859,-3771.8,1,0,2025-04,0.4666666666666667,0.25,0.11666666666666667
2025-04-08,PIIND,10,PREMIUM-Pullback,09:15,3259.65,09:18,3280.15,0.63,HARD_STOP,-3.77,-18859,-3771.8,1,1,2025-04,0.4,1.105,0.442
2025-04-08,MCX,11,PREMIUM-Pullback,09:15,1022.0,09:18,1033.0,1.08,HARD_STOP,-3.77,-18859,-3771.8,1,1,2025-04,0.3333333333333333,1.18,0.3933333333333333
2025-04-08,ATUL,12,PREMIUM-Pullback,09:15,5377.0,09:18,5274.55,-1.91,HARD_STOP,-3.77,-18859,-3771.8,1,0,2025-04,0.26666666666666666,0.25,0.06666666666666667
2025-04-08,PGEL,13,PREMIUM-Pullback,09:15,850.55,09:18,849.0,-0.18,HARD_STOP,-3.77,-18859,-3771.8,1,0,2025-04,0.2,0.25,0.05
2025-04-08,APARINDS,14,PREMIUM-Pullback,09:15,5099.1,09:18,5053.0,-0.9,HARD_STOP,-3.77,-18859,-3771.8,1,0,2025-04,0.13333333333333333,0.25,0.03333333333333333
2025-04-08,NUVAMA,15,PREMIUM-Pullback,09:15,1110.0,09:18,1098.0,-1.08,HARD_STOP,-3.77,-18859,-3771.8,1,0,2025-04,0.06666666666666667,0.25,0.016666666666666666
2025-04-09,LTFOODS,3,ENTERPRISE-Dryup,09:15,333.0,09:17,326.3,-2.01,HARD_STOP,-3.86,-19312,-3862.4,1,0,2025-04,0.8666666666666667,0.25,0.21666666666666667
2025-04-09,NUVAMA,8,ENTERPRISE-Dryup,09:15,1080.0,09:17,1072.0,-0.74,HARD_STOP,-3.86,-19312,-3862.4,1,0,2025-04,0.5333333333333333,0.25,0.13333333333333333
2025-04-09,CRAFTSMAN,9,GOLD,09:15,4399.0,09:17,4365.75,-0.76,HARD_STOP,-3.86,-19312,-3862.4,1,0,2025-04,0.4666666666666667,0.25,0.11666666666666667
2025-04-09,JUBLINGREA,10,ENTERPRISE-Dryup,09:15,616.3,09:17,605.55,-1.74,HARD_STOP,-3.86,-19312,-3862.4,1,0,2025-04,0.4,0.25,0.1
2025-04-09,ATUL,11,ENTERPRISE-Dryup,09:15,5245.0,09:17,5305.0,1.14,HARD_STOP,-3.86,-19312,-3862.4,1,1,2025-04,0.3333333333333333,1.19,0.3966666666666666
2025-04-09,ARE&M,12,ENTERPRISE-Dryup,09:15,977.9,09:17,967.4,-1.07,HARD_STOP,-3.86,-19312,-3862.4,1,0,2025-04,0.26666666666666666,0.25,0.06666666666666667
2025-04-09,SUZLON,15,GOLD,09:15,53.07,09:17,53.13,0.11,HARD_STOP,-3.86,-19312,-3862.4,1,1,2025-04,0.06666666666666667,1.0183333333333333,0.06788888888888889
2025-04-11,JUBLINGREA,1,ENTERPRISE-Dryup,09:15,609.95,09:15,616.3,1.04,HARD_STOP,-4.36,-21798,-4359.6,1,1,2025-04,1.0,1.1733333333333333,1.1733333333333333
2025-04-11,NUVAMA,2,ENTERPRISE-Dryup,09:15,1113.5,09:15,1099.0,-1.3,HARD_STOP,-4.36,-21798,-4359.6,1,0,2025-04,0.9333333333333333,0.25,0.23333333333333334
2025-04-11,LTFOODS,3,GOLD-baseline,09:15,350.5,09:15,336.35,-4.04,HARD_STOP,-4.36,-21798,-4359.6,1,0,2025-04,0.8666666666666667,0.25,0.21666666666666667
2025-04-11,FSL,4,ENTERPRISE-Dryup,09:15,311.85,09:15,312.95,0.35,HARD_STOP,-4.36,-21798,-4359.6,1,1,2025-04,0.8,1.0583333333333333,0.8466666666666667
2025-04-11,ATUL,5,GOLD,09:15,5292.95,09:15,5256.6,-0.69,HARD_STOP,-4.36,-21798,-4359.6,1,0,2025-04,0.7333333333333333,0.25,0.18333333333333332
2025-04-11,CRAFTSMAN,6,GOLD,09:15,4350.0,09:15,4319.5,-0.7,HARD_STOP,-4.36,-21798,-4359.6,1,0,2025-04,0.6666666666666666,0.25,0.16666666666666666
2025-04-11,SYRMA,7,ENTERPRISE-Dryup,09:15,451.0,09:15,449.25,-0.39,HARD_STOP,-4.36,-21798,-4359.6,1,0,2025-04,0.6,0.25,0.15
2025-04-11,MCX,8,GOLD,09:15,1065.0,09:15,1058.0,-0.66,HARD_STOP,-4.36,-21798,-4359.6,1,0,2025-04,0.5333333333333333,0.25,0.13333333333333333
2025-04-11,KAYNES,9,ENTERPRISE-Dryup,09:15,5046.0,09:15,4940.0,-2.1,HARD_STOP,-4.36,-21798,-4359.6,1,0,2025-04,0.4666666666666667,0.25,0.11666666666666667
2025-04-11,PPLPHARMA,10,ENTERPRISE-Dryup,09:15,216.67,09:15,213.32,-1.55,HARD_STOP,-4.36,-21798,-4359.6,1,0,2025-04,0.4,0.25,0.1
2025-04-11,ARE&M,12,ENTERPRISE-Dryup,09:15,995.05,09:15,989.8,-0.53,HARD_STOP,-4.36,-21798,-4359.6,1,0,2025-04,0.26666666666666666,0.25,0.06666666666666667
2025-04-11,MEDANTA,13,PREMIUM-Compression,09:15,1245.9,09:15,1240.65,-0.42,HARD_STOP,-4.36,-21798,-4359.6,1,0,2025-04,0.2,0.25,0.05
2025-04-11,FLUOROCHEM,14,ENTERPRISE-Dryup,09:15,3725.0,09:15,3740.0,0.4,HARD_STOP,-4.36,-21798,-4359.6,1,1,2025-04,0.13333333333333333,1.0666666666666667,0.14222222222222222
2025-04-11,GRAVITA,15,ENTERPRISE-Dryup,09:15,1664.8,09:15,1651.9,-0.77,HARD_STOP,-4.36,-21798,-4359.6,1,0,2025-04,0.06666666666666667,0.25,0.016666666666666666
2025-04-15,CRAFTSMAN,11,GOLD,09:15,4400.0,15:29,4582.3,4.14,EOD,10.65,53230,10646.0,1,1,2025-04,0.3333333333333333,1.69,0.5633333333333332
2025-04-15,RKFORGE,13,GOLD,09:15,751.0,15:29,756.5,0.73,EOD,10.65,53230,10646.0,1,1,2025-04,0.2,1.1216666666666666,0.22433333333333333
2025-04-15,BLUESTARCO,14,ENTERPRISE-Dryup,09:15,1991.9,15:29,2024.5,1.64,EOD,10.65,53230,10646.0,1,1,2025-04,0.13333333333333333,1.2733333333333334,0.16977777777777778
2025-04-16,KFINTECH,1,ENTERPRISE-Dryup,09:15,1015.2,15:29,1053.0,3.72,EOD,33.58,167907,33581.4,1,1,2025-04,1.0,1.62,1.62
2025-04-16,JBMA,2,ENTERPRISE-Dryup,09:15,633.0,15:29,691.95,9.31,EOD,33.58,167907,33581.4,1,1,2025-04,0.9333333333333333,2.5516666666666667,2.381555555555556
2025-04-16,DOMS,3,GOLD-baseline,09:15,2652.7,15:29,2845.1,7.25,EOD,33.58,167907,33581.4,1,1,2025-04,0.8666666666666667,2.208333333333333,1.9138888888888888
2025-04-16,NBCC,15,GOLD,09:15,90.01,15:29,96.09,6.75,EOD,33.58,167907,33581.4,1,1,2025-04,0.06666666666666667,2.125,0.14166666666666666
2025-04-17,DELHIVERY,1,ENTERPRISE-Dryup,09:15,263.0,15:29,280.85,6.79,EOD,36.31,181533,36306.6,1,1,2025-04,1.0,2.131666666666667,2.131666666666667
2025-04-17,FACT,5,GOLD,09:15,667.0,15:29,756.6,13.43,EOD,36.31,181533,36306.6,1,1,2025-04,0.7333333333333333,3.2383333333333333,2.3747777777777777
2025-04-17,BLUEJET,12,GOLD-baseline,09:15,747.35,15:29,760.0,1.69,EOD,36.31,181533,36306.6,1,1,2025-04,0.26666666666666666,1.2816666666666667,0.3417777777777778
2025-04-21,ENGINERSIN,3,GOLD,09:15,181.22,09:20,178.43,-1.54,HARD_STOP,-3.88,-19379,-3875.8,1,0,2025-04,0.8666666666666667,0.25,0.21666666666666667
2025-04-21,GMDCLTD,4,GOLD-baseline,09:15,320.85,09:20,317.05,-1.18,HARD_STOP,-3.88,-19379,-3875.8,1,0,2025-04,0.8,0.25,0.2
2025-04-21,JBMA,6,GOLD-baseline,09:15,701.0,09:20,694.0,-1.0,HARD_STOP,-3.88,-19379,-3875.8,1,0,2025-04,0.6666666666666666,0.25,0.16666666666666666
2025-04-21,ANURAS,7,GOLD-baseline,09:15,813.0,09:20,800.95,-1.48,HARD_STOP,-3.88,-19379,-3875.8,1,0,2025-04,0.6,0.25,0.15
2025-04-21,DOMS,8,GOLD-baseline,09:15,2891.0,09:20,2899.9,0.31,HARD_STOP,-3.88,-19379,-3875.8,1,1,2025-04,0.5333333333333333,1.0516666666666667,0.5608888888888889
2025-04-21,INDUSINDBK,9,GOLD-baseline,09:15,802.0,09:20,802.35,0.04,HARD_STOP,-3.88,-19379,-3875.8,1,1,2025-04,0.4666666666666667,1.0066666666666666,0.46977777777777774
2025-04-21,PARADEEP,11,GOLD-baseline,09:15,137.0,09:20,137.7,0.51,HARD_STOP,-3.88,-19379,-3875.8,1,1,2025-04,0.3333333333333333,1.085,0.36166666666666664
2025-04-21,BLUEJET,13,GOLD-baseline,09:15,761.4,09:20,750.3,-1.46,HARD_STOP,-3.88,-19379,-3875.8,1,0,2025-04,0.2,0.25,0.05
2025-04-22,APARINDS,1,ENTERPRISE-Dryup,09:15,5025.0,15:29,5280.0,5.07,EOD,3.94,19711,3942.2,1,1,2025-04,1.0,1.8450000000000002,1.8450000000000002
2025-04-22,GODFRYPHLP,3,GOLD,09:15,2528.0,15:29,2510.0,-0.71,EOD,3.94,19711,3942.2,1,0,2025-04,0.8666666666666667,0.25,0.21666666666666667
2025-04-22,LALPATHLAB,7,PREMIUM-Compression,09:15,1370.0,15:29,1382.0,0.88,EOD,3.94,19711,3942.2,1,1,2025-04,0.6,1.1466666666666667,0.6880000000000001
2025-04-22,PERSISTENT,9,ENTERPRISE-Dryup,09:15,4863.0,15:29,4966.0,2.12,EOD,3.94,19711,3942.2,1,1,2025-04,0.4666666666666667,1.3533333333333333,0.6315555555555555
2025-04-22,SPLPETRO,14,ENTERPRISE-Dryup,09:15,627.0,15:29,607.0,-3.19,EOD,3.94,19711,3942.2,1,0,2025-04,0.13333333333333333,0.25,0.03333333333333333
2025-04-23,AUBANK,2,GOLD-baseline,09:15,620.0,15:29,662.7,6.89,EOD,15.35,76745,15349.0,1,1,2025-04,0.9333333333333333,2.1483333333333334,2.0051111111111113
2025-04-23,ATUL,3,GOLD-baseline,09:15,6059.5,15:29,6215.0,2.57,EOD,15.35,76745,15349.0,1,1,2025-04,0.8666666666666667,1.4283333333333332,1.2378888888888888
2025-04-23,REDINGTON,4,ENTERPRISE-Dryup,09:15,225.0,15:29,237.94,5.75,EOD,15.35,76745,15349.0,1,1,2025-04,0.8,1.9583333333333335,1.5666666666666669
2025-04-23,GODFRYPHLP,5,GOLD,09:15,2533.0,15:29,2640.0,4.22,EOD,15.35,76745,15349.0,1,1,2025-04,0.7333333333333333,1.7033333333333331,1.2491111111111108
2025-04-23,SPLPETRO,7,ENTERPRISE-Dryup,09:15,607.0,15:29,630.85,3.93,EOD,15.35,76745,15349.0,1,1,2025-04,0.6,1.655,0.993
2025-04-23,CHOICEIN,8,GOLD-baseline,09:15,585.0,15:29,603.0,3.08,EOD,15.35,76745,15349.0,1,1,2025-04,0.5333333333333333,1.5133333333333332,0.807111111111111
2025-04-23,LALPATHLAB,9,ENTERPRISE-Dryup,09:15,1389.5,15:29,1382.6,-0.5,EOD,15.35,76745,15349.0,1,0,2025-04,0.4666666666666667,0.25,0.11666666666666667
2025-04-23,PERSISTENT,10,ENTERPRISE-Dryup,09:15,5050.0,15:29,5160.0,2.18,EOD,15.35,76745,15349.0,1,1,2025-04,0.4,1.3633333333333333,0.5453333333333333
2025-04-23,MPHASIS,11,GOLD,09:15,2410.8,15:29,2471.6,2.52,EOD,15.35,76745,15349.0,1,1,2025-04,0.3333333333333333,1.42,0.4733333333333333
2025-04-23,HCLTECH,12,ENTERPRISE-Dryup,09:15,1555.0,15:29,1594.4,2.53,EOD,15.35,76745,15349.0,1,1,2025-04,0.26666666666666666,1.4216666666666666,0.3791111111111111
2025-04-23,COFORGE,14,GOLD,09:15,1440.5,15:29,1480.0,2.74,EOD,15.35,76745,15349.0,1,1,2025-04,0.13333333333333333,1.4566666666666668,0.19422222222222224
2025-04-23,TECHM,15,GOLD,09:15,1393.4,15:29,1416.1,1.63,EOD,15.35,76745,15349.0,1,1,2025-04,0.06666666666666667,1.2716666666666667,0.08477777777777779
2025-04-24,APARINDS,1,GOLD,09:15,5379.0,10:40,5476.0,1.8,TRAIL,1.81,9043,1808.6,1,1,2025-04,1.0,1.3,1.3
2025-04-24,LALPATHLAB,6,PREMIUM-Compression,09:15,1387.5,10:40,1388.0,0.04,TRAIL,1.81,9043,1808.6,1,1,2025-04,0.6666666666666666,1.0066666666666666,0.671111111111111
2025-04-24,DATAPATTNS,14,GOLD-baseline,09:15,2170.7,10:40,2157.0,-0.63,TRAIL,1.81,9043,1808.6,1,0,2025-04,0.13333333333333333,0.25,0.03333333333333333
2025-04-25,ATUL,3,PREMIUM-Compression,09:15,6235.0,09:15,6271.0,0.58,HARD_STOP,-3.54,-17689,-3537.8,1,1,2025-04,0.8666666666666667,1.0966666666666667,0.9504444444444445
2025-04-25,HCLTECH,4,PREMIUM-Compression,09:15,1590.0,09:15,1584.5,-0.35,HARD_STOP,-3.54,-17689,-3537.8,1,0,2025-04,0.8,0.25,0.2
2025-04-25,LALPATHLAB,5,ENTERPRISE-Dryup,09:15,1418.5,09:15,1394.3,-1.71,HARD_STOP,-3.54,-17689,-3537.8,1,0,2025-04,0.7333333333333333,0.25,0.18333333333333332
2025-04-25,MPHASIS,6,GOLD,09:15,2453.0,09:15,2461.9,0.36,HARD_STOP,-3.54,-17689,-3537.8,1,1,2025-04,0.6666666666666666,1.06,0.7066666666666667
2025-04-25,COFORGE,9,GOLD-baseline,09:15,1462.0,09:15,1459.5,-0.17,HARD_STOP,-3.54,-17689,-3537.8,1,0,2025-04,0.4666666666666667,0.25,0.11666666666666667
2025-04-25,PERSISTENT,10,GOLD-baseline,09:15,5233.0,09:15,5179.5,-1.02,HARD_STOP,-3.54,-17689,-3537.8,1,0,2025-04,0.4,0.25,0.1
2025-04-25,OFSS,11,GOLD-baseline,09:15,8308.0,09:15,8280.0,-0.34,HARD_STOP,-3.54,-17689,-3537.8,1,0,2025-04,0.3333333333333333,0.25,0.08333333333333333
2025-04-25,TECHM,12,GOLD,09:15,1429.3,09:15,1375.6,-3.76,HARD_STOP,-3.54,-17689,-3537.8,1,0,2025-04,0.26666666666666666,0.25,0.06666666666666667
2025-04-25,M&M,15,GOLD,09:15,2901.4,09:15,2915.9,0.5,HARD_STOP,-3.54,-17689,-3537.8,1,1,2025-04,0.06666666666666667,1.0833333333333333,0.07222222222222222
2025-04-28,APARINDS,1,GOLD,09:15,5512.5,09:25,5450.0,-1.13,HARD_STOP,-4.26,-21317,-4263.4,1,0,2025-04,1.0,0.25,0.25
2025-04-28,GODFRYPHLP,2,GOLD,09:15,2666.0,09:25,2695.0,1.09,HARD_STOP,-4.26,-21317,-4263.4,1,1,2025-04,0.9333333333333333,1.1816666666666666,1.1028888888888888
2025-04-28,HCLTECH,3,GOLD,09:15,1565.0,09:25,1538.6,-1.69,HARD_STOP,-4.26,-21317,-4263.4,1,0,2025-04,0.8666666666666667,0.25,0.21666666666666667
2025-04-28,TATAELXSI,4,GOLD-baseline,09:15,5612.5,09:25,5586.0,-0.47,HARD_STOP,-4.26,-21317,-4263.4,1,0,2025-04,0.8,0.25,0.2
2025-04-28,AUBANK,7,GOLD-baseline,09:15,673.0,09:25,672.3,-0.1,HARD_STOP,-4.26,-21317,-4263.4,1,0,2025-04,0.6,0.25,0.15
2025-04-28,OFSS,8,GOLD,09:15,8261.0,09:25,8120.0,-1.71,HARD_STOP,-4.26,-21317,-4263.4,1,0,2025-04,0.5333333333333333,0.25,0.13333333333333333
2025-04-28,CHOICEIN,10,GOLD-baseline,09:15,635.7,09:25,619.45,-2.56,HARD_STOP,-4.26,-21317,-4263.4,1,0,2025-04,0.4,0.25,0.1
2025-04-28,TECHM,11,GOLD-baseline,09:15,1442.9,09:25,1415.4,-1.91,HARD_STOP,-4.26,-21317,-4263.4,1,0,2025-04,0.3333333333333333,0.25,0.08333333333333333
2025-04-28,REDINGTON,12,GOLD-baseline,09:15,245.0,09:25,245.12,0.05,HARD_STOP,-4.26,-21317,-4263.4,1,1,2025-04,0.26666666666666666,1.0083333333333333,0.2688888888888889
2025-04-28,IIFL,13,GOLD,09:15,365.0,09:25,364.3,-0.19,HARD_STOP,-4.26,-21317,-4263.4,1,0,2025-04,0.2,0.25,0.05
2025-04-28,DATAPATTNS,14,GOLD-baseline,09:15,2074.0,09:25,2068.5,-0.27,HARD_STOP,-4.26,-21317,-4263.4,1,0,2025-04,0.13333333333333333,0.25,0.03333333333333333
2025-04-28,ELECON,15,GOLD-baseline,09:15,520.0,09:25,516.6,-0.65,HARD_STOP,-4.26,-21317,-4263.4,1,0,2025-04,0.06666666666666667,0.25,0.016666666666666666
2025-04-29,TIMKEN,1,ENTERPRISE-Dryup,09:15,2535.0,15:29,2530.3,-0.19,EOD,11.44,57196,11439.2,1,0,2025-04,1.0,0.25,0.25
2025-04-29,FORCEMOT,3,GOLD-baseline,09:15,9149.0,15:29,9001.0,-1.62,EOD,11.44,57196,11439.2,1,0,2025-04,0.8666666666666667,0.25,0.21666666666666667
2025-04-29,CEATLTD,4,ENTERPRISE-Dryup,09:15,3051.1,15:29,3066.0,0.49,EOD,11.44,57196,11439.2,1,1,2025-04,0.8,1.0816666666666666,0.8653333333333333
2025-04-29,INDIACEM,5,GOLD,09:15,294.0,15:29,313.3,6.56,EOD,11.44,57196,11439.2,1,1,2025-04,0.7333333333333333,2.0933333333333333,1.5351111111111109
2025-04-29,MARUTI,8,GOLD,09:15,11812.0,15:29,11810.0,-0.02,EOD,11.44,57196,11439.2,1,0,2025-04,0.5333333333333333,0.25,0.13333333333333333
2025-04-29,HONASA,9,GOLD,09:15,232.0,15:29,249.0,7.33,EOD,11.44,57196,11439.2,1,1,2025-04,0.4666666666666667,2.2216666666666667,1.0367777777777778
2025-04-29,ATUL,15,GOLD-baseline,09:15,6503.0,15:29,6750.0,3.8,EOD,11.44,57196,11439.2,1,1,2025-04,0.06666666666666667,1.6333333333333333,0.10888888888888888
2025-04-30,TIMKEN,1,ENTERPRISE-Dryup,09:15,2516.0,09:16,2493.5,-0.89,HARD_STOP,-3.4,-16977,-3395.4,1,0,2025-04,1.0,0.25,0.25
2025-04-30,FORCEMOT,2,GOLD-baseline,09:15,9068.0,09:16,8858.5,-2.31,HARD_STOP,-3.4,-16977,-3395.4,1,0,2025-04,0.9333333333333333,0.25,0.23333333333333334
2025-04-30,CEATLTD,3,PREMIUM-Compression,09:15,3045.1,09:16,3042.0,-0.1,HARD_STOP,-3.4,-16977,-3395.4,1,0,2025-04,0.8666666666666667,0.25,0.21666666666666667
2025-04-30,MARUTI,5,PREMIUM-Compression,09:15,11825.0,09:16,11864.0,0.33,HARD_STOP,-3.4,-16977,-3395.4,1,1,2025-04,0.7333333333333333,1.055,0.7736666666666666
2025-04-30,SCHAEFFLER,6,ENTERPRISE-Dryup,09:15,3320.0,09:16,3302.4,-0.53,HARD_STOP,-3.4,-16977,-3395.4,1,0,2025-04,0.6666666666666666,0.25,0.16666666666666666
2025-04-30,IGL,7,GOLD,09:15,185.34,09:16,184.56,-0.42,HARD_STOP,-3.4,-16977,-3395.4,1,0,2025-04,0.6,0.25,0.15
2025-04-30,ACUTAAS,8,ENTERPRISE-Dryup,09:15,1086.0,09:16,1080.7,-0.49,HARD_STOP,-3.4,-16977,-3395.4,1,0,2025-04,0.5333333333333333,0.25,0.13333333333333333
2025-05-02,TIMKEN,1,ENTERPRISE-Dryup,09:15,2467.8,09:20,2444.3,-0.95,TRAIL,3.19,15952,3190.4,1,0,2025-05,1.0,0.25,0.25
2025-05-02,FORCEMOT,2,GOLD-baseline,09:15,8910.0,09:20,8987.0,0.86,TRAIL,3.19,15952,3190.4,1,1,2025-05,0.9333333333333333,1.1433333333333333,1.0671111111111111
2025-05-02,ELECON,3,GOLD-baseline,09:15,544.9,09:20,552.25,1.35,TRAIL,3.19,15952,3190.4,1,1,2025-05,0.8666666666666667,1.225,1.0616666666666668
2025-05-02,INDIACEM,6,GOLD,09:15,304.05,09:20,304.25,0.07,TRAIL,3.19,15952,3190.4,1,1,2025-05,0.6666666666666666,1.0116666666666667,0.6744444444444444
2025-05-02,CREDITACC,11,ENTERPRISE-Dryup,09:15,1095.0,09:20,1126.0,2.83,TRAIL,3.19,15952,3190.4,1,1,2025-05,0.3333333333333333,1.4716666666666667,0.4905555555555555
2025-05-02,MAZDOCK,12,GOLD-baseline,09:15,3075.0,09:20,3073.9,-0.04,TRAIL,3.19,15952,3190.4,1,0,2025-05,0.26666666666666666,0.25,0.06666666666666667
2025-05-02,POWERINDIA,13,GOLD-baseline,09:15,14530.0,09:20,14719.0,1.3,TRAIL,3.19,15952,3190.4,1,1,2025-05,0.2,1.2166666666666668,0.24333333333333337
2025-05-02,HONASA,14,GOLD,09:15,242.68,09:20,242.89,0.09,TRAIL,3.19,15952,3190.4,1,1,2025-05,0.13333333333333333,1.015,0.1353333333333333
2025-05-05,TIINDIA,1,GOLD,09:15,2913.0,15:29,2982.8,2.4,EOD,6.12,30622,6124.4,1,1,2025-05,1.0,1.4,1.4
2025-05-05,CEATLTD,3,GOLD-baseline,09:15,3400.0,15:29,3475.1,2.21,EOD,6.12,30622,6124.4,1,1,2025-05,0.8666666666666667,1.3683333333333334,1.185888888888889
2025-05-05,INDIACEM,4,GOLD,09:15,309.4,15:29,309.3,-0.03,EOD,6.12,30622,6124.4,1,0,2025-05,0.8,0.25,0.2
2025-05-05,SONATSOFTW,5,GOLD-baseline,09:15,424.55,15:29,423.0,-0.37,EOD,6.12,30622,6124.4,1,0,2025-05,0.7333333333333333,0.25,0.18333333333333332
2025-05-05,IGL,7,GOLD,09:15,194.1,15:29,206.31,6.29,EOD,6.12,30622,6124.4,1,1,2025-05,0.6,2.0483333333333333,1.2289999999999999
2025-05-05,GRSE,9,GOLD-baseline,09:15,1894.6,15:29,1921.3,1.41,EOD,6.12,30622,6124.4,1,1,2025-05,0.4666666666666667,1.2349999999999999,0.5763333333333333
2025-05-05,MAZDOCK,10,GOLD-baseline,09:15,3024.1,15:29,3101.2,2.55,EOD,6.12,30622,6124.4,1,1,2025-05,0.4,1.425,0.5700000000000001
2025-05-05,MARUTI,11,GOLD-baseline,09:15,12490.0,15:29,12449.0,-0.33,EOD,6.12,30622,6124.4,1,0,2025-05,0.3333333333333333,0.25,0.08333333333333333
2025-05-05,POWERINDIA,12,GOLD-baseline,09:15,14974.0,15:29,14580.0,-2.63,EOD,6.12,30622,6124.4,1,0,2025-05,0.26666666666666666,0.25,0.06666666666666667
2025-05-06,WELSPUNLIV,1,ENTERPRISE-Dryup,09:15,124.5,09:18,124.83,0.27,HARD_STOP,-3.58,-17888,-3577.6,1,1,2025-05,1.0,1.045,1.045
2025-05-06,KPRMILL,2,ENTERPRISE-Dryup,09:15,1029.95,09:18,1021.75,-0.8,HARD_STOP,-3.58,-17888,-3577.6,1,0,2025-05,0.9333333333333333,0.25,0.23333333333333334
2025-05-06,CONCORDBIO,3,PREMIUM-Pullback,09:15,1435.0,09:18,1421.0,-0.98,HARD_STOP,-3.58,-17888,-3577.6,1,0,2025-05,0.8666666666666667,0.25,0.21666666666666667
2025-05-06,ENDURANCE,4,PREMIUM-Compression,09:15,1864.8,09:18,1864.3,-0.03,HARD_STOP,-3.58,-17888,-3577.6,1,0,2025-05,0.8,0.25,0.2
2025-05-06,YESBANK,5,PREMIUM-Compression,09:15,19.24,09:18,19.0,-1.25,HARD_STOP,-3.58,-17888,-3577.6,1,0,2025-05,0.7333333333333333,0.25,0.18333333333333332
2025-05-06,CCL,6,ENTERPRISE-Dryup,09:15,684.95,09:18,656.5,-4.15,HARD_STOP,-3.58,-17888,-3577.6,1,0,2025-05,0.6666666666666666,0.25,0.16666666666666666
2025-05-06,SPLPETRO,8,ENTERPRISE-Dryup,09:15,647.0,09:18,653.9,1.07,HARD_STOP,-3.58,-17888,-3577.6,1,1,2025-05,0.5333333333333333,1.1783333333333332,0.6284444444444444
2025-05-06,IIFL,9,ENTERPRISE-Dryup,09:15,362.0,09:18,359.6,-0.66,HARD_STOP,-3.58,-17888,-3577.6,1,0,2025-05,0.4666666666666667,0.25,0.11666666666666667
2025-05-06,TIMKEN,10,GOLD-baseline,09:15,2664.0,09:18,2653.4,-0.4,HARD_STOP,-3.58,-17888,-3577.6,1,0,2025-05,0.4,0.25,0.1
2025-05-06,KAJARIACER,11,ENTERPRISE-Dryup,09:15,818.0,09:18,819.9,0.23,HARD_STOP,-3.58,-17888,-3577.6,1,1,2025-05,0.3333333333333333,1.0383333333333333,0.3461111111111111
2025-05-06,TMPV,14,ENTERPRISE-Dryup,09:15,455.5,09:18,452.95,-0.56,HARD_STOP,-3.58,-17888,-3577.6,1,0,2025-05,0.13333333333333333,0.25,0.03333333333333333
2025-05-07,WELSPUNLIV,1,ENTERPRISE-Dryup,09:15,124.2,15:29,136.2,9.66,EOD,26.97,134868,26973.6,1,1,2025-05,1.0,2.6100000000000003,2.6100000000000003
2025-05-07,YESBANK,2,GOLD-baseline,09:15,17.87,15:29,18.35,2.69,EOD,26.97,134868,26973.6,1,1,2025-05,0.9333333333333333,1.4483333333333333,1.3517777777777777
2025-05-07,KPRMILL,3,ENTERPRISE-Dryup,09:15,1059.0,15:29,1107.0,4.53,EOD,26.97,134868,26973.6,1,1,2025-05,0.8666666666666667,1.755,1.521
2025-05-07,ENDURANCE,4,PREMIUM-Compression,09:15,1871.0,15:29,2025.0,8.23,EOD,26.97,134868,26973.6,1,1,2025-05,0.8,2.371666666666667,1.8973333333333338
2025-05-07,CONCORDBIO,5,PREMIUM-Pullback,09:15,1386.7,15:29,1391.6,0.35,EOD,26.97,134868,26973.6,1,1,2025-05,0.7333333333333333,1.0583333333333333,0.7761111111111111
2025-05-07,APARINDS,6,ENTERPRISE-Dryup,09:15,5450.0,15:29,5746.0,5.43,EOD,26.97,134868,26973.6,1,1,2025-05,0.6666666666666666,1.9049999999999998,1.2699999999999998
2025-05-07,IIFL,7,ENTERPRISE-Dryup,09:15,337.0,15:29,370.0,9.79,EOD,26.97,134868,26973.6,1,1,2025-05,0.6,2.631666666666667,1.579
2025-05-07,SPLPETRO,8,PREMIUM-Compression,09:15,638.0,15:29,654.95,2.66,EOD,26.97,134868,26973.6,1,1,2025-05,0.5333333333333333,1.4433333333333334,0.7697777777777778
2025-05-07,TIMKEN,9,GOLD-baseline,09:15,2567.0,15:29,2700.0,5.18,EOD,26.97,134868,26973.6,1,1,2025-05,0.4666666666666667,1.8633333333333333,0.8695555555555555
2025-05-07,CEMPRO,10,GOLD,09:15,495.0,15:29,525.0,6.06,EOD,26.97,134868,26973.6,1,1,2025-05,0.4,2.01,0.8039999999999999
2025-05-07,TMPV,11,ENTERPRISE-Dryup,09:15,442.0,15:29,469.3,6.18,EOD,26.97,134868,26973.6,1,1,2025-05,0.3333333333333333,2.0300000000000002,0.6766666666666667
2025-05-07,ZEEL,12,ENTERPRISE-Dryup,09:15,102.35,15:29,107.05,4.59,EOD,26.97,134868,26973.6,1,1,2025-05,0.26666666666666666,1.7650000000000001,0.4706666666666667
2025-05-07,GVT&D,13,ENTERPRISE-Dryup,09:15,1500.0,15:29,1630.0,8.67,EOD,26.97,134868,26973.6,1,1,2025-05,0.2,2.4450000000000003,0.4890000000000001
2025-05-07,KAJARIACER,14,GOLD-baseline,09:15,764.8,15:29,825.25,7.9,EOD,26.97,134868,26973.6,1,1,2025-05,0.13333333333333333,2.3166666666666664,0.3088888888888889
2025-05-07,CRAFTSMAN,15,ENTERPRISE-Dryup,09:15,4650.0,15:29,4648.7,-0.03,EOD,26.97,134868,26973.6,1,0,2025-05,0.06666666666666667,0.25,0.016666666666666666
2025-05-08,CONCORDBIO,1,GOLD-baseline,09:15,1409.9,09:21,1411.9,0.14,HARD_STOP,-3.45,-17228,-3445.6,1,1,2025-05,1.0,1.0233333333333334,1.0233333333333334
2025-05-08,YESBANK,3,GOLD,09:15,18.35,09:21,18.27,-0.44,HARD_STOP,-3.45,-17228,-3445.6,1,0,2025-05,0.8666666666666667,0.25,0.21666666666666667
2025-05-08,SPLPETRO,7,ENTERPRISE-Dryup,09:15,655.0,09:21,651.15,-0.59,HARD_STOP,-3.45,-17228,-3445.6,1,0,2025-05,0.6,0.25,0.15
2025-05-08,CRAFTSMAN,9,GOLD-baseline,09:15,4681.3,09:21,4621.6,-1.28,HARD_STOP,-3.45,-17228,-3445.6,1,0,2025-05,0.4666666666666667,0.25,0.11666666666666667
2025-05-08,RRKABEL,14,GOLD-baseline,09:15,1229.0,09:21,1215.9,-1.07,HARD_STOP,-3.45,-17228,-3445.6,1,0,2025-05,0.13333333333333333,0.25,0.03333333333333333
2025-05-09,YESBANK,2,GOLD,09:15,17.8,15:29,20.07,12.75,EOD,33.87,169373,33874.6,1,1,2025-05,0.9333333333333333,3.125,2.9166666666666665
2025-05-09,SPLPETRO,4,ENTERPRISE-Dryup,09:15,648.8,15:29,700.15,7.91,EOD,33.87,169373,33874.6,1,1,2025-05,0.8,2.3183333333333334,1.8546666666666667
2025-05-09,ENDURANCE,5,GOLD-baseline,09:15,1975.2,15:29,2052.0,3.89,EOD,33.87,169373,33874.6,1,1,2025-05,0.7333333333333333,1.6483333333333334,1.2087777777777777
2025-05-09,KAJARIACER,6,GOLD-baseline,09:15,815.0,15:29,856.05,5.04,EOD,33.87,169373,33874.6,1,1,2025-05,0.6666666666666666,1.8399999999999999,1.2266666666666666
2025-05-09,IIFL,9,GOLD,09:15,346.2,15:29,369.9,6.85,EOD,33.87,169373,33874.6,1,1,2025-05,0.4666666666666667,2.1416666666666666,0.9994444444444445
2025-05-09,CRAFTSMAN,10,GOLD,09:15,4420.0,15:29,4880.0,10.41,EOD,33.87,169373,33874.6,1,1,2025-05,0.4,2.7350000000000003,1.094
2025-05-09,ELECON,11,GOLD-baseline,09:15,600.0,15:29,623.8,3.97,EOD,33.87,169373,33874.6,1,1,2025-05,0.3333333333333333,1.6616666666666666,0.5538888888888889
2025-05-09,RRKABEL,13,GOLD-baseline,09:15,1176.1,15:29,1228.3,4.44,EOD,33.87,169373,33874.6,1,1,2025-05,0.2,1.7400000000000002,0.3480000000000001
2025-05-09,UNIONBANK,14,GOLD,09:15,111.23,15:29,118.87,6.87,EOD,33.87,169373,33874.6,1,1,2025-05,0.13333333333333333,2.145,0.286
2025-05-09,TMPV,15,GOLD-baseline,09:15,459.55,15:29,488.0,6.19,EOD,33.87,169373,33874.6,1,1,2025-05,0.06666666666666667,2.0316666666666667,0.13544444444444445
2025-05-12,CONCORDBIO,1,GOLD-baseline,09:15,1552.0,09:38,1530.6,-1.38,HARD_STOP,-3.45,-17254,-3450.8,1,0,2025-05,1.0,0.25,0.25
2025-05-12,APARINDS,2,GOLD,09:15,6320.0,09:38,6267.0,-0.84,HARD_STOP,-3.45,-17254,-3450.8,1,0,2025-05,0.9333333333333333,0.25,0.23333333333333334
2025-05-12,TIMKEN,6,GOLD-baseline,09:15,2904.0,09:38,2830.7,-2.52,HARD_STOP,-3.45,-17254,-3450.8,1,0,2025-05,0.6666666666666666,0.25,0.16666666666666666
2025-05-12,ENDURANCE,7,GOLD,09:15,2097.0,09:38,2105.4,0.4,HARD_STOP,-3.45,-17254,-3450.8,1,1,2025-05,0.6,1.0666666666666667,0.64
2025-05-12,ELECON,9,GOLD-baseline,09:15,636.65,09:38,638.05,0.22,HARD_STOP,-3.45,-17254,-3450.8,1,1,2025-05,0.4666666666666667,1.0366666666666666,0.48377777777777775
2025-05-12,CCL,15,GOLD-baseline,09:15,735.1,09:38,737.0,0.26,HARD_STOP,-3.45,-17254,-3450.8,1,1,2025-05,0.06666666666666667,1.0433333333333334,0.06955555555555556
2025-05-13,GRSE,13,ENTERPRISE-Dryup,09:15,1835.0,09:30,1844.5,0.52,TRAIL,2.4,12011,2402.2,1,1,2025-05,0.2,1.0866666666666667,0.21733333333333335
2025-05-14,IRCON,2,GOLD,09:15,160.35,15:29,173.25,8.04,EOD,22.83,114157,22831.4,1,1,2025-05,0.9333333333333333,2.34,2.1839999999999997
2025-05-14,PTCIL,3,GOLD-baseline,09:15,12824.0,15:29,13970.0,8.94,EOD,22.83,114157,22831.4,1,1,2025-05,0.8666666666666667,2.49,2.1580000000000004
2025-05-14,RVNL,4,GOLD,09:15,359.0,15:29,372.75,3.83,EOD,22.83,114157,22831.4,1,1,2025-05,0.8,1.6383333333333332,1.3106666666666666
2025-05-14,TITAGARH,5,GOLD,09:15,753.9,15:29,810.5,7.51,EOD,22.83,114157,22831.4,1,1,2025-05,0.7333333333333333,2.251666666666667,1.6512222222222224
2025-05-14,HBLENGINE,7,ENTERPRISE-Dryup,09:15,507.5,15:29,563.0,10.94,EOD,22.83,114157,22831.4,1,1,2025-05,0.6,2.8233333333333333,1.694
2025-05-14,IFCI,8,GOLD,09:15,44.0,15:29,44.3,0.68,EOD,22.83,114157,22831.4,1,1,2025-05,0.5333333333333333,1.1133333333333333,0.5937777777777777
2025-05-14,BAJAJHLDNG,9,ENTERPRISE-Dryup,09:15,11970.0,15:29,12069.0,0.83,EOD,22.83,114157,22831.4,1,1,2025-05,0.4666666666666667,1.1383333333333334,0.5312222222222223
2025-05-14,SCI,10,ENTERPRISE-Dryup,09:15,170.78,15:29,170.68,-0.06,EOD,22.83,114157,22831.4,1,0,2025-05,0.4,0.25,0.1
2025-05-14,IRFC,11,GOLD,09:15,125.0,15:29,130.1,4.08,EOD,22.83,114157,22831.4,1,1,2025-05,0.3333333333333333,1.6800000000000002,0.56
2025-05-14,RITES,14,GOLD,09:15,233.11,15:29,243.28,4.36,EOD,22.83,114157,22831.4,1,1,2025-05,0.13333333333333333,1.7266666666666666,0.23022222222222222
2025-05-14,GESHIP,15,GOLD,09:15,902.6,15:29,918.05,1.71,EOD,22.83,114157,22831.4,1,1,2025-05,0.06666666666666667,1.285,0.08566666666666665
2025-05-15,BAJAJHLDNG,2,ENTERPRISE-Dryup,09:15,12066.0,15:29,12606.0,4.48,EOD,18.26,91275,18255.0,1,1,2025-05,0.9333333333333333,1.7466666666666666,1.6302222222222222
2025-05-15,KPIL,3,GOLD,09:15,1059.0,15:29,1065.0,0.57,EOD,18.26,91275,18255.0,1,1,2025-05,0.8666666666666667,1.095,0.949
2025-05-15,SCI,4,GOLD-baseline,09:15,171.6,15:29,167.91,-2.15,EOD,18.26,91275,18255.0,1,0,2025-05,0.8,0.25,0.2
2025-05-15,ANANTRAJ,9,PREMIUM-Compression,09:15,461.9,15:29,473.0,2.4,EOD,18.26,91275,18255.0,1,1,2025-05,0.4666666666666667,1.4,0.6533333333333333
2025-05-15,KEC,10,ENTERPRISE-Dryup,09:15,741.0,15:29,796.45,7.48,EOD,18.26,91275,18255.0,1,1,2025-05,0.4,2.246666666666667,0.8986666666666668
2025-05-15,ECLERX,11,GOLD,09:15,1440.4,15:29,1576.0,9.41,EOD,18.26,91275,18255.0,1,1,2025-05,0.3333333333333333,2.5683333333333334,0.856111111111111
2025-05-16,IFCI,1,GOLD,09:15,44.75,15:29,51.4,14.86,EOD,42.89,214473,42894.6,1,1,2025-05,1.0,3.4766666666666666,3.4766666666666666
2025-05-16,TITAGARH,2,GOLD,09:15,812.0,15:29,912.0,12.32,EOD,42.89,214473,42894.6,1,1,2025-05,0.9333333333333333,3.0533333333333332,2.8497777777777777
2025-05-16,JWL,3,GOLD,09:15,393.0,15:29,421.9,7.35,EOD,42.89,214473,42894.6,1,1,2025-05,0.8666666666666667,2.2249999999999996,1.928333333333333
2025-05-16,GRANULES,5,GOLD,09:15,504.0,15:29,504.5,0.1,EOD,42.89,214473,42894.6,1,1,2025-05,0.7333333333333333,1.0166666666666666,0.7455555555555554
2025-05-16,RVNL,6,GOLD,09:15,380.5,15:29,410.8,7.96,EOD,42.89,214473,42894.6,1,1,2025-05,0.6666666666666666,2.3266666666666667,1.551111111111111
2025-05-16,IRFC,7,PREMIUM-Compression,09:15,130.8,15:29,138.79,6.11,EOD,42.89,214473,42894.6,1,1,2025-05,0.6,2.0183333333333335,1.211
2025-05-16,SCI,10,GOLD,09:15,169.37,15:29,182.9,7.99,EOD,42.89,214473,42894.6,1,1,2025-05,0.4,2.331666666666667,0.9326666666666669
2025-05-16,GESHIP,13,GOLD,09:15,913.0,15:29,973.8,6.66,EOD,42.89,214473,42894.6,1,1,2025-05,0.2,2.1100000000000003,0.4220000000000001
2025-05-16,RITES,15,GOLD,09:15,249.4,15:29,285.2,14.35,EOD,42.89,214473,42894.6,1,1,2025-05,0.06666666666666667,3.3916666666666666,0.2261111111111111
2025-05-19,HFCL,1,GOLD,09:15,89.14,09:35,89.93,0.89,HARD_STOP,-3.25,-16236,-3247.2,1,1,2025-05,1.0,1.1483333333333334,1.1483333333333334
2025-05-19,GRANULES,2,GOLD,09:15,505.0,09:35,513.0,1.58,HARD_STOP,-3.25,-16236,-3247.2,1,1,2025-05,0.9333333333333333,1.2633333333333334,1.1791111111111112
2025-05-19,PTCIL,8,GOLD-baseline,09:15,14600.0,09:35,14160.0,-3.01,HARD_STOP,-3.25,-16236,-3247.2,1,0,2025-05,0.5333333333333333,0.25,0.13333333333333333
2025-05-19,BDL,10,GOLD-baseline,09:15,1879.0,09:35,1843.6,-1.88,HARD_STOP,-3.25,-16236,-3247.2,1,0,2025-05,0.4,0.25,0.1
2025-05-20,SOLARINDS,1,GOLD-baseline,09:15,13772.0,09:20,13627.0,-1.05,HARD_STOP,-3.46,-17281,-3456.2,1,0,2025-05,1.0,0.25,0.25
2025-05-20,TTML,2,GOLD,09:15,60.38,09:20,59.55,-1.37,HARD_STOP,-3.46,-17281,-3456.2,1,0,2025-05,0.9333333333333333,0.25,0.23333333333333334
2025-05-20,JKTYRE,3,ENTERPRISE-Dryup,09:15,356.0,09:20,352.35,-1.03,HARD_STOP,-3.46,-17281,-3456.2,1,0,2025-05,0.8666666666666667,0.25,0.21666666666666667
2025-05-20,JUBLPHARMA,5,GOLD-baseline,09:15,960.1,09:20,969.85,1.02,HARD_STOP,-3.46,-17281,-3456.2,1,1,2025-05,0.7333333333333333,1.17,0.8579999999999999
2025-05-20,RPOWER,6,GOLD-baseline,09:15,46.05,09:20,45.83,-0.48,HARD_STOP,-3.46,-17281,-3456.2,1,0,2025-05,0.6666666666666666,0.25,0.16666666666666666
2025-05-20,GRSE,8,GOLD-baseline,09:15,2495.0,09:20,2375.4,-4.79,HARD_STOP,-3.46,-17281,-3456.2,1,0,2025-05,0.5333333333333333,0.25,0.13333333333333333
2025-05-20,PFIZER,9,PREMIUM-Compression,09:15,4575.0,09:20,4876.9,6.6,HARD_STOP,-3.46,-17281,-3456.2,1,1,2025-05,0.4666666666666667,2.0999999999999996,0.9799999999999999
2025-05-20,ERIS,10,GOLD-baseline,09:15,1466.8,09:20,1475.0,0.56,HARD_STOP,-3.46,-17281,-3456.2,1,1,2025-05,0.4,1.0933333333333333,0.43733333333333335
2025-05-20,CLEAN,11,ENTERPRISE-Dryup,09:15,1290.0,09:20,1292.0,0.16,HARD_STOP,-3.46,-17281,-3456.2,1,1,2025-05,0.3333333333333333,1.0266666666666666,0.3422222222222222
2025-05-20,PTCIL,12,GOLD-baseline,09:15,14100.0,09:20,13875.0,-1.6,HARD_STOP,-3.46,-17281,-3456.2,1,0,2025-05,0.26666666666666666,0.25,0.06666666666666667
2025-05-20,IFCI,14,GOLD-baseline,09:15,52.4,09:20,50.4,-3.82,HARD_STOP,-3.46,-17281,-3456.2,1,0,2025-05,0.13333333333333333,0.25,0.03333333333333333
2025-05-20,SCI,15,GOLD-baseline,09:15,181.7,09:20,178.44,-1.79,HARD_STOP,-3.46,-17281,-3456.2,1,0,2025-05,0.06666666666666667,0.25,0.016666666666666666
2025-05-21,TTML,1,GOLD,09:15,58.22,15:29,69.87,20.01,EOD,22.25,111266,22253.2,1,1,2025-05,1.0,3.5,3.5
2025-05-21,RPOWER,2,GOLD-baseline,09:15,44.97,15:29,45.1,0.29,EOD,22.25,111266,22253.2,1,1,2025-05,0.9333333333333333,1.0483333333333333,0.9784444444444444
2025-05-21,HONASA,3,GOLD,09:15,273.33,15:29,270.69,-0.97,EOD,22.25,111266,22253.2,1,0,2025-05,0.8666666666666667,0.25,0.21666666666666667
2025-05-21,SOLARINDS,4,GOLD-baseline,09:15,13499.0,15:29,14198.0,5.18,EOD,22.25,111266,22253.2,1,1,2025-05,0.8,1.8633333333333333,1.4906666666666668
2025-05-21,JKTYRE,5,ENTERPRISE-Dryup,09:15,340.0,15:29,384.05,12.96,EOD,22.25,111266,22253.2,1,1,2025-05,0.7333333333333333,3.16,2.3173333333333335
2025-05-21,LTFOODS,6,GOLD,09:15,377.0,15:29,396.1,5.07,EOD,22.25,111266,22253.2,1,1,2025-05,0.6666666666666666,1.8450000000000002,1.23
2025-05-21,GRSE,7,GOLD-baseline,09:15,2388.0,15:29,2507.4,5.0,EOD,22.25,111266,22253.2,1,1,2025-05,0.6,1.8333333333333335,1.1
2025-05-21,SCI,9,GOLD,09:15,175.09,15:29,176.69,0.91,EOD,22.25,111266,22253.2,1,1,2025-05,0.4666666666666667,1.1516666666666666,0.5374444444444444
2025-05-21,ERIS,10,ENTERPRISE-Dryup,09:15,1470.2,15:29,1507.0,2.5,EOD,22.25,111266,22253.2,1,1,2025-05,0.4,1.4166666666666667,0.5666666666666668
2025-05-21,CLEAN,11,GOLD,09:15,1272.4,15:29,1277.6,0.41,EOD,22.25,111266,22253.2,1,1,2025-05,0.3333333333333333,1.0683333333333334,0.3561111111111111
2025-05-21,PARADEEP,12,GOLD-baseline,09:15,152.99,15:29,155.9,1.9,EOD,22.25,111266,22253.2,1,1,2025-05,0.26666666666666666,1.3166666666666667,0.3511111111111111
2025-05-21,PTCIL,13,GOLD-baseline,09:15,14230.0,15:29,14461.0,1.62,EOD,22.25,111266,22253.2,1,1,2025-05,0.2,1.27,0.254
2025-05-21,KIMS,14,ENTERPRISE-Dryup,09:15,643.7,15:29,663.7,3.11,EOD,22.25,111266,22253.2,1,1,2025-05,0.13333333333333333,1.5183333333333333,0.20244444444444443
2025-05-21,BDL,15,GOLD-baseline,09:15,1789.0,15:29,1882.0,5.2,EOD,22.25,111266,22253.2,1,1,2025-05,0.06666666666666667,1.8666666666666667,0.12444444444444444
2025-05-22,RPOWER,2,ENTERPRISE-Dryup,09:15,45.0,15:29,44.84,-0.36,EOD,15.44,77190,15438.0,1,0,2025-05,0.9333333333333333,0.25,0.23333333333333334
2025-05-22,HONASA,3,ENTERPRISE-Dryup,09:15,270.27,15:29,275.06,1.77,EOD,15.44,77190,15438.0,1,1,2025-05,0.8666666666666667,1.295,1.1223333333333334
2025-05-22,PTCIL,4,GOLD-baseline,09:15,14650.0,15:29,15595.0,6.45,EOD,15.44,77190,15438.0,1,1,2025-05,0.8,2.075,1.6600000000000001
2025-05-22,JUBLPHARMA,7,GOLD-baseline,09:15,984.85,15:29,1043.2,5.92,EOD,15.44,77190,15438.0,1,1,2025-05,0.6,1.9866666666666668,1.192
2025-05-22,SCI,8,ENTERPRISE-Dryup,09:15,176.4,15:29,191.15,8.36,EOD,15.44,77190,15438.0,1,1,2025-05,0.5333333333333333,2.3933333333333335,1.2764444444444445
2025-05-22,CLEAN,10,PREMIUM-Compression,09:15,1277.6,15:29,1322.0,3.48,EOD,15.44,77190,15438.0,1,1,2025-05,0.4,1.58,0.6320000000000001
2025-05-22,PARADEEP,12,GOLD-baseline,09:15,155.9,15:29,155.9,0.0,EOD,15.44,77190,15438.0,1,0,2025-05,0.26666666666666666,0.25,0.06666666666666667
2025-05-22,IFCI,14,GOLD,09:15,50.16,15:29,49.9,-0.52,EOD,15.44,77190,15438.0,1,0,2025-05,0.13333333333333333,0.25,0.03333333333333333
2025-05-23,TBOTEK,1,ENTERPRISE-Dryup,09:15,1207.2,15:29,1298.0,7.52,EOD,31.12,155618,31123.6,1,1,2025-05,1.0,2.253333333333333,2.253333333333333
2025-05-23,HONASA,2,ENTERPRISE-Dryup,09:15,285.0,15:29,330.19,15.86,EOD,31.12,155618,31123.6,1,1,2025-05,0.9333333333333333,3.5,3.2666666666666666
2025-05-23,RPOWER,3,ENTERPRISE-Dryup,09:15,45.0,15:29,51.96,15.47,EOD,31.12,155618,31123.6,1,1,2025-05,0.8666666666666667,3.5,3.033333333333333
2025-05-23,ERIS,6,GOLD-baseline,09:15,1517.0,15:29,1500.9,-1.06,EOD,31.12,155618,31123.6,1,0,2025-05,0.6666666666666666,0.25,0.16666666666666666
2025-05-23,PARADEEP,7,GOLD,09:15,156.89,15:29,157.2,0.2,EOD,31.12,155618,31123.6,1,1,2025-05,0.6,1.0333333333333334,0.62
2025-05-23,LTFOODS,9,GOLD-baseline,09:15,402.8,15:29,411.8,2.23,EOD,31.12,155618,31123.6,1,1,2025-05,0.4666666666666667,1.3716666666666666,0.6401111111111111
2025-05-23,IFCI,11,ENTERPRISE-Dryup,09:15,50.0,15:29,55.0,10.0,EOD,31.12,155618,31123.6,1,1,2025-05,0.3333333333333333,2.666666666666667,0.888888888888889
2025-05-23,JKTYRE,12,GOLD-baseline,09:15,383.0,15:29,383.0,0.0,EOD,31.12,155618,31123.6,1,0,2025-05,0.26666666666666666,0.25,0.06666666666666667
2025-05-26,GRSE,1,GOLD-baseline,09:15,2761.0,15:29,2735.9,-0.91,EOD,1.0,5007,1001.4,1,0,2025-05,1.0,0.25,0.25
2025-05-26,ERIS,5,GOLD,09:15,1502.4,15:29,1543.9,2.76,EOD,1.0,5007,1001.4,1,1,2025-05,0.7333333333333333,1.46,1.0706666666666667
2025-05-26,JKTYRE,6,GOLD-baseline,09:15,384.7,15:29,378.0,-1.74,EOD,1.0,5007,1001.4,1,0,2025-05,0.6666666666666666,0.25,0.16666666666666666
2025-05-26,BDL,9,ENTERPRISE-Dryup,09:15,1910.0,15:29,1910.9,0.05,EOD,1.0,5007,1001.4,1,1,2025-05,0.4666666666666667,1.0083333333333333,0.47055555555555556
2025-05-26,PARADEEP,10,GOLD,09:15,158.5,15:29,159.0,0.32,EOD,1.0,5007,1001.4,1,1,2025-05,0.4,1.0533333333333332,0.42133333333333334
2025-05-26,TTML,12,GOLD-baseline,09:15,76.19,15:29,74.55,-2.15,EOD,1.0,5007,1001.4,1,0,2025-05,0.26666666666666666,0.25,0.06666666666666667
2025-05-26,JUBLPHARMA,14,GOLD-baseline,09:15,1079.0,15:29,1119.5,3.75,EOD,1.0,5007,1001.4,1,1,2025-05,0.13333333333333333,1.625,0.21666666666666667
2025-05-26,PFIZER,15,GOLD-baseline,09:15,5174.5,15:29,5170.9,-0.07,EOD,1.0,5007,1001.4,1,0,2025-05,0.06666666666666667,0.25,0.016666666666666666
2025-05-27,CONCORDBIO,1,ENTERPRISE-Dryup,09:15,1537.8,15:29,1532.8,-0.33,EOD,15.99,79936,15987.2,1,0,2025-05,1.0,0.25,0.25
2025-05-27,ITI,2,PREMIUM-Compression,09:15,282.9,15:29,309.25,9.31,EOD,15.99,79936,15987.2,1,1,2025-05,0.9333333333333333,2.5516666666666667,2.381555555555556
2025-05-27,MMTC,3,GOLD,09:15,64.2,15:29,63.8,-0.62,EOD,15.99,79936,15987.2,1,0,2025-05,0.8666666666666667,0.25,0.21666666666666667
2025-05-27,POWERINDIA,4,PREMIUM-Pullback,09:15,16430.0,15:29,17220.0,4.81,EOD,15.99,79936,15987.2,1,1,2025-05,0.8,1.8016666666666667,1.4413333333333336
2025-05-27,WELCORP,5,ENTERPRISE-Dryup,09:15,776.45,15:29,786.75,1.33,EOD,15.99,79936,15987.2,1,1,2025-05,0.7333333333333333,1.2216666666666667,0.8958888888888888
2025-05-27,ZENTEC,6,ENTERPRISE-Dryup,09:15,1889.8,15:29,1916.0,1.39,EOD,15.99,79936,15987.2,1,1,2025-05,0.6666666666666666,1.2316666666666667,0.8211111111111111
2025-05-27,ENGINERSIN,7,ENTERPRISE-Dryup,09:15,200.6,15:29,203.2,1.3,EOD,15.99,79936,15987.2,1,1,2025-05,0.6,1.2166666666666668,0.7300000000000001
2025-05-27,TEGA,9,ENTERPRISE-Dryup,09:15,1467.1,15:29,1579.3,7.65,EOD,15.99,79936,15987.2,1,1,2025-05,0.4666666666666667,2.2750000000000004,1.0616666666666668
2025-05-27,ELGIEQUIP,12,ENTERPRISE-Dryup,09:15,485.0,15:29,499.5,2.99,EOD,15.99,79936,15987.2,1,1,2025-05,0.26666666666666666,1.4983333333333333,0.39955555555555555
2025-05-27,GLAXO,15,ENTERPRISE-Dryup,09:15,2965.5,15:29,3105.0,4.7,EOD,15.99,79936,15987.2,1,1,2025-05,0.06666666666666667,1.7833333333333332,0.11888888888888888
2025-05-28,CONCORDBIO,1,PREMIUM-Compression,09:15,1565.0,09:19,1539.1,-1.65,HARD_STOP,-3.7,-18488,-3697.6,1,0,2025-05,1.0,0.25,0.25
2025-05-28,WELCORP,2,GOLD,09:15,790.5,09:19,787.75,-0.35,HARD_STOP,-3.7,-18488,-3697.6,1,0,2025-05,0.9333333333333333,0.25,0.23333333333333334
2025-05-28,MMTC,3,PREMIUM-Compression,09:15,64.0,09:19,64.39,0.61,HARD_STOP,-3.7,-18488,-3697.6,1,1,2025-05,0.8666666666666667,1.1016666666666666,0.9547777777777777
2025-05-28,ENGINERSIN,4,ENTERPRISE-Dryup,09:15,204.89,09:19,204.5,-0.19,HARD_STOP,-3.7,-18488,-3697.6,1,0,2025-05,0.8,0.25,0.2
2025-05-28,TECHNOE,6,GOLD-baseline,09:15,1401.0,09:19,1351.3,-3.55,HARD_STOP,-3.7,-18488,-3697.6,1,0,2025-05,0.6666666666666666,0.25,0.16666666666666666
2025-05-28,DEEPAKFERT,7,GOLD,09:15,1362.9,09:19,1375.4,0.92,HARD_STOP,-3.7,-18488,-3697.6,1,1,2025-05,0.6,1.1533333333333333,0.692
2025-05-28,SUZLON,12,GOLD-baseline,09:15,65.71,09:19,65.69,-0.03,HARD_STOP,-3.7,-18488,-3697.6,1,0,2025-05,0.26666666666666666,0.25,0.06666666666666667
2025-05-28,BEML,14,GOLD-baseline,09:15,2164.5,09:19,2137.0,-1.27,HARD_STOP,-3.7,-18488,-3697.6,1,0,2025-05,0.13333333333333333,0.25,0.03333333333333333
2025-05-29,SUZLON,5,GOLD-baseline,09:15,67.19,09:53,65.55,-2.44,HARD_STOP,-4.02,-20092,-4018.4,1,0,2025-05,0.7333333333333333,0.25,0.18333333333333332
2025-05-29,WOCKPHARMA,10,ENTERPRISE-Dryup,09:15,1342.0,09:53,1332.4,-0.72,HARD_STOP,-4.02,-20092,-4018.4,1,0,2025-05,0.4,0.25,0.1
2025-05-29,BSE,11,ENTERPRISE-Dryup,09:15,2429.0,09:53,2404.0,-1.03,HARD_STOP,-4.02,-20092,-4018.4,1,0,2025-05,0.3333333333333333,0.25,0.08333333333333333
2025-05-29,BAYERCROP,14,GOLD-baseline,09:15,5720.0,09:53,5807.0,1.52,HARD_STOP,-4.02,-20092,-4018.4,1,1,2025-05,0.13333333333333333,1.2533333333333334,0.16711111111111113
2025-05-29,ELGIEQUIP,15,GOLD-baseline,09:15,508.1,09:53,502.35,-1.13,HARD_STOP,-4.02,-20092,-4018.4,1,0,2025-05,0.06666666666666667,0.25,0.016666666666666666
2025-05-30,CONCORDBIO,1,GOLD-baseline,09:15,1750.0,15:29,1756.0,0.34,EOD,3.36,16778,3355.6,1,1,2025-05,1.0,1.0566666666666666,1.0566666666666666
2025-05-30,SUZLON,3,GOLD-baseline,09:15,71.5,15:29,71.34,-0.22,EOD,3.36,16778,3355.6,1,0,2025-05,0.8666666666666667,0.25,0.21666666666666667
2025-05-30,TEGA,10,GOLD,09:15,1630.1,15:29,1645.1,0.92,EOD,3.36,16778,3355.6,1,1,2025-05,0.4,1.1533333333333333,0.4613333333333334
2025-05-30,BEML,12,GOLD-baseline,09:15,2120.0,15:29,2111.2,-0.42,EOD,3.36,16778,3355.6,1,0,2025-05,0.26666666666666666,0.25,0.06666666666666667
2025-05-30,BAYERCROP,14,GOLD-baseline,09:15,5731.5,15:29,5675.0,-0.99,EOD,3.36,16778,3355.6,1,0,2025-05,0.13333333333333333,0.25,0.03333333333333333
2025-05-30,NBCC,15,PREMIUM-Compression,09:15,117.8,15:29,123.3,4.67,EOD,3.36,16778,3355.6,1,1,2025-05,0.06666666666666667,1.7783333333333333,0.11855555555555555
