entry_date,signal_date,rank,symbol,entry_px,exit_time,exit_px,exit_reason,qty_1x,qty_5x,deployed_1x_rs,deployed_5x_capital_rs,gross_pnl_1x_rs,charges_1x_rs,net_pnl_1x_rs,gross_pnl_5x_rs,charges_5x_rs,net_pnl_5x_rs,stock_ret_pct,final_score,raw_eod_state_z,pattern_stock_prior_z,watchlist_memory_z,stale_loser_penalty,fired_pair_count,fired_patterns
2025-01-01,2024-12-31,1,ITI,390.0,09:29,392.65,TRAIL,64,320,24960.0,24960.0,169.59999999999854,26.577464249599995,143.02253575039856,847.9999999999927,91.42872924800002,756.5712707519926,0.6794871794871815,2.3635436323828705,1.4318105588279284,3.0,0.0,0.0,44,FALCPAT_6427|FALCPAT_6722|FALCPAT_6810|FALCPAT_6967|FALCPAT_7164|FALCPAT_7180|FALCPAT_7201|FALCPAT_7221|FALCPAT_7313|FALCPAT_7324|FALCPAT_7472|FALCPAT_7509|FALCPAT_7519|FALCPAT_7559|FALCPAT_7603|FALCPAT_7621|FALCPAT_7633
2025-01-02,2025-01-01,1,ITI,384.75,09:22,380.65,HARD_STOP,64,324,24624.0,24931.8,-262.40000000000146,25.9445747456,-288.34457474560145,-1328.4000000000074,90.75609124959999,-1419.1560912496075,-1.0656270305393178,2.3980060715105274,1.5670940657198402,3.0,2.5,0.0,34,FALCPAT_6810|FALCPAT_6967|FALCPAT_7164|FALCPAT_7180|FALCPAT_7221|FALCPAT_7313|FALCPAT_7324|FALCPAT_7472|FALCPAT_7509|FALCPAT_7621|FALCPAT_7633|FALCPAT_7713|FALCPAT_7754|FALCPAT_7759|FALCPAT_7799|FALCPAT_7834|FALCPAT_7880
2025-01-03,2025-01-02,1,ITI,385.5,09:17,380.6,HARD_STOP,64,324,24672.0,24980.4,-313.59999999999854,25.9626968704,-339.56269687039855,-1587.5999999999926,90.76754730639999,-1678.3675473063927,-1.2710765239948074,1.5863230309348444,1.6768086796225763,3.0,-2.5,1.0,35,FALCPAT_6810|FALCPAT_6967|FALCPAT_7164|FALCPAT_7180|FALCPAT_7221|FALCPAT_7324|FALCPAT_7472|FALCPAT_7509|FALCPAT_7603|FALCPAT_7621|FALCPAT_7633|FALCPAT_7713|FALCPAT_7754|FALCPAT_7759|FALCPAT_7799|FALCPAT_7834|FALCPAT_7880
2025-01-06,2025-01-03,1,ITI,473.4,15:29,548.5,EOD,52,264,24616.8,24995.519999999997,3905.200000000001,28.605145368800002,3876.594854631201,19826.400000000005,96.9234362416,19729.476563758406,15.863962822137733,0.8303125669507248,1.7460532139066018,3.0,-2.5,2.0,72,FALCPAT_6151|FALCPAT_6236|FALCPAT_6245|FALCPAT_6427|FALCPAT_6440|FALCPAT_6663|FALCPAT_6677|FALCPAT_6697|FALCPAT_6722|FALCPAT_6810|FALCPAT_6824|FALCPAT_6887|FALCPAT_6932|FALCPAT_6953|FALCPAT_6962|FALCPAT_6967|FALCPAT_7164
2025-01-07,2025-01-06,1,ITI,575.15,09:18,565.6,HARD_STOP,43,217,24731.45,24961.51,-410.64999999999804,25.9636068085,-436.61360680849805,-2072.3499999999904,90.59551016149999,-2162.9455101614903,-1.660436407893584,0.7541502367059612,1.4320774204612523,3.0,2.5,2.0,61,FALCPAT_6151|FALCPAT_6236|FALCPAT_6245|FALCPAT_6427|FALCPAT_6440|FALCPAT_6663|FALCPAT_6677|FALCPAT_6697|FALCPAT_6722|FALCPAT_6810|FALCPAT_6824|FALCPAT_6887|FALCPAT_6932|FALCPAT_6953|FALCPAT_6962|FALCPAT_7164|FALCPAT_7180
2025-01-08,2025-01-07,1,INTELLECT,971.0,09:17,957.4,HARD_STOP,25,128,24275.0,24857.6,-340.00000000000057,25.524795460000004,-365.5247954600006,-1740.800000000003,90.5072919552,-1831.3072919552028,-1.4006179196704438,2.505848758800296,1.9509881783422796,3.0,0.04593152121746252,0.0,15,FALCPAT_6882|FALCPAT_7179|FALCPAT_7277|FALCPAT_7709|FALCPAT_7739|FALCPAT_7799|FALCPAT_7860|FALCPAT_8101|FALCPAT_8211|FALCPAT_8364|FALCPAT_8429|FALCPAT_8497|FALCPAT_8690|FALCPAT_9204|FALCPAT_9460
2025-01-08,2025-01-07,2,BDL,1185.0,09:17,1176.35,HARD_STOP,21,105,24885.0,24885.0,-181.6500000000019,26.273050967099998,-207.92305096710191,-908.2500000000095,90.79387533549999,-999.0438753355095,-0.7299578059071776,2.2675452349229346,1.2851721303000023,3.0,0.04593152121746252,0.0,19,FALCPAT_6245|FALCPAT_6440|FALCPAT_6663|FALCPAT_6697|FALCPAT_6721|FALCPAT_7506|FALCPAT_8226|FALCPAT_8595|FALCPAT_8854|FALCPAT_8877|FALCPAT_8907|FALCPAT_9123|FALCPAT_9369|FALCPAT_9395|FALCPAT_9405|FALCPAT_9428|FALCPAT_9545
2025-01-16,2025-01-15,1,CREDITACC,906.8,09:17,894.25,HARD_STOP,27,137,24483.6,24846.32,-338.8499999999988,25.7467420071,-364.5967420070988,-1719.3499999999938,90.49355321009999,-1809.8435532100937,-1.3839876488751623,2.454310327391866,1.8834021046136649,3.0,0.06738182413435997,0.0,16,FALCPAT_6174|FALCPAT_6331|FALCPAT_6344|FALCPAT_6905|FALCPAT_7297|FALCPAT_7755|FALCPAT_7927|FALCPAT_8097|FALCPAT_8404|FALCPAT_8486|FALCPAT_8580|FALCPAT_8617|FALCPAT_8641|FALCPAT_8724|FALCPAT_9005|FALCPAT_9318
2025-01-17,2025-01-16,1,RVNL,410.0,15:29,426.9,EOD,60,304,24600.0,24928.0,1013.9999999999986,26.736308364000003,987.2636916359986,5137.599999999993,92.6001319776,5044.9998680223935,4.121951219512199,2.2770014321658216,1.2837931149755408,3.0,0.08234166981973516,0.0,15,FALCPAT_6427|FALCPAT_6722|FALCPAT_6865|FALCPAT_7164|FALCPAT_7695|FALCPAT_7965|FALCPAT_8070|FALCPAT_8211|FALCPAT_8258|FALCPAT_8364|FALCPAT_8547|FALCPAT_8622|FALCPAT_9111|FALCPAT_9123|FALCPAT_9584
2025-01-17,2025-01-16,2,CREDITACC,908.4,15:29,913.2,EOD,27,137,24526.8,24890.16,129.60000000000184,26.0924674032,103.50753259680184,657.6000000000093,91.2511555792,566.3488444208093,0.5284015852047741,1.6759531832957515,1.9561445629206573,3.0,-2.5,1.0,15,FALCPAT_6174|FALCPAT_6331|FALCPAT_6344|FALCPAT_6905|FALCPAT_7005|FALCPAT_7297|FALCPAT_7755|FALCPAT_7927|FALCPAT_8097|FALCPAT_8486|FALCPAT_8580|FALCPAT_8641|FALCPAT_8724|FALCPAT_9005|FALCPAT_9318
2025-01-17,2025-01-16,3,BDL,1201.4,15:29,1277.0,EOD,20,104,24028.0,24989.120000000003,1511.9999999999982,26.448562367999997,1485.5514376319982,7862.3999999999905,93.4877499136,7768.9122500863905,6.292658565007492,1.4479044708067554,1.0847418447367412,3.0,-2.5,1.0,22,FALCPAT_6245|FALCPAT_6440|FALCPAT_6677|FALCPAT_6697|FALCPAT_6953|FALCPAT_7394|FALCPAT_7471|FALCPAT_7695|FALCPAT_7740|FALCPAT_7862|FALCPAT_8037|FALCPAT_8854|FALCPAT_8879|FALCPAT_8907|FALCPAT_9301|FALCPAT_9369|FALCPAT_9395
2025-01-20,2025-01-17,1,JUBLPHARMA,941.45,15:29,985.2,EOD,26,132,24477.7,24854.280000000002,1137.5,26.6856829954,1110.8143170046,5775.0,92.6526586228,5682.3473413772,4.647086940357958,2.312585126394456,1.422070722646733,3.0,-0.07314108855090336,0.0,18,FALCPAT_6145|FALCPAT_6166|FALCPAT_6174|FALCPAT_6251|FALCPAT_6288|FALCPAT_6320|FALCPAT_6458|FALCPAT_6477|FALCPAT_6791|FALCPAT_7055|FALCPAT_7545|FALCPAT_7801|FALCPAT_8068|FALCPAT_8079|FALCPAT_8883|FALCPAT_8952|FALCPAT_9338
2025-01-20,2025-01-17,2,NAVA,438.7,15:29,436.0,EOD,56,284,24567.2,24918.16,-151.19999999999936,25.955534203199996,-177.15553420319935,-766.7999999999968,90.8927985448,-857.6927985447968,-0.6154547526783682,2.2798038155903715,1.304366220882141,3.0,-0.07314108855090336,0.0,17,FALCPAT_6145|FALCPAT_6166|FALCPAT_6791|FALCPAT_6882|FALCPAT_6996|FALCPAT_7055|FALCPAT_7183|FALCPAT_7747|FALCPAT_7870|FALCPAT_8068|FALCPAT_8079|FALCPAT_8178|FALCPAT_8269|FALCPAT_8668|FALCPAT_9005|FALCPAT_9243|FALCPAT_9597
2025-01-20,2025-01-17,3,RVNL,429.7,15:29,431.0,EOD,58,290,24922.6,24922.6,75.40000000000066,26.4774940556,48.922505944400655,377.0000000000033,91.22800827799999,285.7719917220033,0.30253665347916847,2.233407808203486,1.0388982539853835,3.0,2.5,0.0,24,FALCPAT_6427|FALCPAT_6722|FALCPAT_6865|FALCPAT_6953|FALCPAT_7164|FALCPAT_7620|FALCPAT_7695|FALCPAT_7741|FALCPAT_7754|FALCPAT_7942|FALCPAT_7965|FALCPAT_8102|FALCPAT_8211|FALCPAT_8258|FALCPAT_8364|FALCPAT_8486|FALCPAT_8547
2025-01-20,2025-01-17,4,CREDITACC,912.8,15:29,993.95,EOD,27,136,24645.6,24828.159999999996,2191.0500000000025,27.5382429885,2163.5117570115026,11036.400000000012,94.11257786799999,10942.287422132013,8.890227870289236,1.5773931503937557,1.5849753623129337,3.0,2.5,1.0,17,FALCPAT_6174|FALCPAT_6331|FALCPAT_6344|FALCPAT_6905|FALCPAT_7005|FALCPAT_7297|FALCPAT_7755|FALCPAT_7927|FALCPAT_8097|FALCPAT_8486|FALCPAT_8580|FALCPAT_8641|FALCPAT_8724|FALCPAT_8952|FALCPAT_9005|FALCPAT_9318|FALCPAT_9367
2025-01-20,2025-01-17,5,BDL,1290.8,15:29,1333.25,EOD,19,96,24525.2,24783.359999999997,806.5500000000009,26.524171670699996,780.0258283293009,4075.2000000000044,92.0411521888,3983.1588478112044,3.288658196467309,1.4972828541794214,1.23053389431617,3.0,2.5,1.0,22,FALCPAT_6245|FALCPAT_6440|FALCPAT_6663|FALCPAT_6677|FALCPAT_6697|FALCPAT_6953|FALCPAT_7253|FALCPAT_7394|FALCPAT_7471|FALCPAT_7695|FALCPAT_7862|FALCPAT_7904|FALCPAT_7983|FALCPAT_8037|FALCPAT_8226|FALCPAT_8547|FALCPAT_8622
2025-01-21,2025-01-20,1,ITI,389.0,09:21,385.0,HARD_STOP,64,321,24896.0,24973.8,-256.0,26.237115136,-282.237115136,-1284.0,90.84281460400001,-1374.842814604,-1.0282776349614386,0.2591717812320713,2.898973284134883,3.0,-0.07864906639830395,3.0,20,FALCPAT_6150|FALCPAT_6245|FALCPAT_6697|FALCPAT_6721|FALCPAT_6932|FALCPAT_6962|FALCPAT_7324|FALCPAT_7559|FALCPAT_7977|FALCPAT_7999|FALCPAT_8038|FALCPAT_8042|FALCPAT_8405|FALCPAT_8456|FALCPAT_8652|FALCPAT_8728|FALCPAT_9248
2025-01-23,2025-01-22,1,POLICYBZR,1612.85,15:29,1685.65,EOD,15,77,24192.75,24837.89,1092.0000000000027,26.354376914999996,1065.6456230850026,5605.600000000014,92.575288497,5513.024711503014,4.51374895371548,2.4195644787036596,1.9070174801947168,3.0,-0.0515758977146667,0.0,23,FALCPAT_6166|FALCPAT_6458|FALCPAT_6477|FALCPAT_6791|FALCPAT_6951|FALCPAT_7021|FALCPAT_7183|FALCPAT_7737|FALCPAT_7780|FALCPAT_7801|FALCPAT_7870|FALCPAT_8097|FALCPAT_8196|FALCPAT_8361|FALCPAT_8411|FALCPAT_8462|FALCPAT_8496
2025-01-23,2025-01-22,2,AEGISLOG,711.2,15:29,707.75,EOD,35,175,24892.0,24892.000000000004,-120.75000000000159,26.319463894499993,-147.06946389450158,-603.750000000008,90.8933669725,-694.6433669725079,-0.4850956130483808,2.364770974146662,1.8384785041464704,3.0,-0.0515758977146667,0.0,20,FALCPAT_6166|FALCPAT_6346|FALCPAT_6458|FALCPAT_6591|FALCPAT_6871|FALCPAT_7780|FALCPAT_7801|FALCPAT_7915|FALCPAT_8066|FALCPAT_8097|FALCPAT_8196|FALCPAT_8206|FALCPAT_8270|FALCPAT_8361|FALCPAT_8411|FALCPAT_8668|FALCPAT_8766
2025-01-23,2025-01-22,3,LODHA,1060.75,15:29,1078.5,EOD,23,117,24397.25,24821.55,408.25,26.1334848215,382.1165151785,2076.75,91.5364445485,1985.2135554515,1.673344331840676,2.3385742154164215,1.5035918616828878,3.0,-0.0515758977146667,0.0,19,FALCPAT_6458|FALCPAT_6951|FALCPAT_6996|FALCPAT_7545|FALCPAT_7820|FALCPAT_7915|FALCPAT_8079|FALCPAT_8411|FALCPAT_8496|FALCPAT_8511|FALCPAT_8781|FALCPAT_8883|FALCPAT_8909|FALCPAT_9016|FALCPAT_9244|FALCPAT_9266|FALCPAT_9318
2025-01-23,2025-01-22,4,NUVAMA,1112.0,15:29,1131.5,EOD,22,112,24464.0,24908.8,429.0,26.217554682,402.782445318,2184.0,91.72089947200001,2092.279100528,1.753597122302164,2.334946748311025,1.4956390269093571,3.0,-0.0515758977146667,0.0,19,FALCPAT_6145|FALCPAT_6166|FALCPAT_6174|FALCPAT_6223|FALCPAT_6346|FALCPAT_6458|FALCPAT_6791|FALCPAT_7545|FALCPAT_7737|FALCPAT_7780|FALCPAT_8097|FALCPAT_8196|FALCPAT_8260|FALCPAT_8312|FALCPAT_8361|FALCPAT_8641|FALCPAT_8687
2025-01-23,2025-01-22,5,NAVA,425.3,15:29,444.95,EOD,58,293,24667.4,24922.58,1139.6999999999987,26.888259237,1112.8117407629986,5757.449999999993,92.7679977145,5664.682002285494,4.6202680460851075,1.4363337559456595,1.2149762579016647,3.0,-2.5,1.0,19,FALCPAT_6166|FALCPAT_6475|FALCPAT_6791|FALCPAT_6871|FALCPAT_6882|FALCPAT_6996|FALCPAT_7055|FALCPAT_7183|FALCPAT_7737|FALCPAT_7747|FALCPAT_7801|FALCPAT_7870|FALCPAT_8079|FALCPAT_8178|FALCPAT_8196|FALCPAT_8269|FALCPAT_8668
2025-01-24,2025-01-23,1,LODHA,1077.0,10:05,1084.0,TRAIL,23,116,24771.0,24986.4,161.0,26.371532878,134.628467122,812.0,91.46494877600001,720.535051224,0.6499535747446661,2.270040428098993,1.2779510536185987,3.0,2.5,0.0,21,FALCPAT_6458|FALCPAT_6951|FALCPAT_6996|FALCPAT_7545|FALCPAT_7820|FALCPAT_7915|FALCPAT_8079|FALCPAT_8269|FALCPAT_8411|FALCPAT_8448|FALCPAT_8496|FALCPAT_8511|FALCPAT_8781|FALCPAT_8883|FALCPAT_8909|FALCPAT_9016|FALCPAT_9244
2025-01-24,2025-01-23,2,AEGISLOG,708.45,10:05,728.65,TRAIL,35,176,24795.75,24937.440000000002,706.9999999999976,26.747342461000002,680.2526575389976,3555.199999999988,92.1638436896,3463.036156310388,2.851295080810212,1.5630639110671385,1.826526932538109,3.0,-2.5,1.0,20,FALCPAT_6166|FALCPAT_6346|FALCPAT_6458|FALCPAT_6591|FALCPAT_6871|FALCPAT_7780|FALCPAT_7801|FALCPAT_7915|FALCPAT_8066|FALCPAT_8097|FALCPAT_8196|FALCPAT_8206|FALCPAT_8270|FALCPAT_8361|FALCPAT_8411|FALCPAT_8668|FALCPAT_8766
2025-01-27,2025-01-24,1,LODHA,1100.0,09:17,1103.65,HARD_STOP,22,113,24200.0,24860.0,80.300000000002,25.7143485478,54.585651452202,412.4500000000103,91.12783751369999,321.3221624863103,0.3318181818181998,2.25390127764767,1.1623657284671447,3.0,2.5,0.0,25,FALCPAT_6458|FALCPAT_6951|FALCPAT_6996|FALCPAT_7545|FALCPAT_7764|FALCPAT_7820|FALCPAT_7915|FALCPAT_8079|FALCPAT_8269|FALCPAT_8411|FALCPAT_8448|FALCPAT_8462|FALCPAT_8496|FALCPAT_8511|FALCPAT_8668|FALCPAT_8781|FALCPAT_8883
2025-01-27,2025-01-24,2,AEGISLOG,670.0,09:17,667.5,HARD_STOP,37,186,24790.0,24924.0,-92.5,26.229384175,-118.729384175,-465.0,90.98947315,-555.98947315,-0.3731343283582045,1.6587331451488632,1.9482088684596413,3.0,2.5,1.0,30,FALCPAT_6145|FALCPAT_6166|FALCPAT_6251|FALCPAT_6346|FALCPAT_6458|FALCPAT_6591|FALCPAT_6871|FALCPAT_7021|FALCPAT_7545|FALCPAT_7780|FALCPAT_7801|FALCPAT_7915|FALCPAT_8066|FALCPAT_8097|FALCPAT_8196|FALCPAT_8206|FALCPAT_8260
2025-01-27,2025-01-24,3,CREDITACC,850.0,09:17,796.0,HARD_STOP,29,147,24650.0,24990.0,-1566.0,25.137547884,-1591.137547884,-7938.0,88.966815412,-8026.966815412,-6.352941176470583,1.4636911978881935,1.2215561600109353,3.0,-0.08457613666251564,1.0,17,FALCPAT_6331|FALCPAT_6344|FALCPAT_6905|FALCPAT_7297|FALCPAT_7755|FALCPAT_7927|FALCPAT_8097|FALCPAT_8486|FALCPAT_8580|FALCPAT_8617|FALCPAT_8641|FALCPAT_8724|FALCPAT_9005|FALCPAT_9062|FALCPAT_9244|FALCPAT_9318|FALCPAT_9521
2025-01-28,2025-01-27,1,CAPLIPOINT,1899.2,09:21,1854.75,HARD_STOP,13,65,24689.600000000002,24689.6,-577.8500000000006,25.812181105100002,-603.6621811051006,-2889.2500000000027,89.8825160255,-2979.132516025503,-2.3404591406908204,2.376871909971789,1.6821864148102526,3.0,-0.0404000522662001,0.0,21,FALCPAT_6166|FALCPAT_6458|FALCPAT_6591|FALCPAT_6882|FALCPAT_6996|FALCPAT_7545|FALCPAT_7737|FALCPAT_7747|FALCPAT_8079|FALCPAT_8097|FALCPAT_8178|FALCPAT_8196|FALCPAT_8397|FALCPAT_8411|FALCPAT_8883|FALCPAT_8890|FALCPAT_8952
2025-01-28,2025-01-27,2,NUVAMA,1010.0,09:21,1046.5,HARD_STOP,24,123,24240.0,24846.0,876.0,26.266194455999997,849.733805544,4489.5,92.270123587,4397.229876413,3.613861386138617,2.376040502300631,1.7107817186826162,3.0,2.304833791736982,0.0,25,FALCPAT_6145|FALCPAT_6166|FALCPAT_6174|FALCPAT_6346|FALCPAT_6458|FALCPAT_6791|FALCPAT_7545|FALCPAT_7737|FALCPAT_7780|FALCPAT_8097|FALCPAT_8196|FALCPAT_8260|FALCPAT_8312|FALCPAT_8361|FALCPAT_8617|FALCPAT_8641|FALCPAT_8668
2025-01-28,2025-01-27,3,NLCINDIA,209.75,09:21,209.54,HARD_STOP,119,595,24960.25,24960.25,-24.990000000000947,26.453147785259993,-51.44314778526094,-124.95000000000474,91.15068622629998,-216.10068622630473,-0.10011918951132737,2.2504671450183045,1.228863074477925,2.99855950867663,-0.0404000522662001,0.0,19,FALCPAT_6166|FALCPAT_6229|FALCPAT_6575|FALCPAT_6591|FALCPAT_6871|FALCPAT_7202|FALCPAT_7432|FALCPAT_7801|FALCPAT_7915|FALCPAT_8097|FALCPAT_8196|FALCPAT_8260|FALCPAT_8411|FALCPAT_8511|FALCPAT_8668|FALCPAT_8883|FALCPAT_8909
2025-01-28,2025-01-27,4,DOMS,2213.65,09:21,2203.75,HARD_STOP,11,56,24350.15,24792.88,-108.900000000001,25.752444656399998,-134.652444656401,-554.4000000000051,90.73281701439998,-645.1328170144051,-0.4472251710975095,2.131279500256066,1.3060265422369666,2.7239591836670676,-0.0404000522662001,0.0,16,FALCPAT_6591|FALCPAT_6646|FALCPAT_6721|FALCPAT_6871|FALCPAT_7927|FALCPAT_8037|FALCPAT_8141|FALCPAT_8171|FALCPAT_8260|FALCPAT_8270|FALCPAT_8291|FALCPAT_8405|FALCPAT_8618|FALCPAT_8952|FALCPAT_8967|FALCPAT_9345
2025-01-28,2025-01-27,5,AEGISLOG,657.0,09:21,629.05,HARD_STOP,38,190,24966.0,24966.0,-1062.1000000000017,25.795260597399995,-1087.8952605974018,-5310.500000000009,89.676579987,-5400.176579987009,-4.254185692541867,0.8020963490971842,2.078908786529368,3.0,-2.5,2.0,27,FALCPAT_6145|FALCPAT_6166|FALCPAT_6251|FALCPAT_6288|FALCPAT_6346|FALCPAT_6458|FALCPAT_6591|FALCPAT_6871|FALCPAT_7021|FALCPAT_7432|FALCPAT_7780|FALCPAT_7801|FALCPAT_7915|FALCPAT_8260|FALCPAT_8269|FALCPAT_8361|FALCPAT_8397
2025-01-29,2025-01-28,1,GRAVITA,1880.0,15:29,2100.0,EOD,13,66,24440.0,24816.0,2860.0,27.748493239999995,2832.25150676,14520.0,95.08824568,14424.911754320001,11.702127659574458,2.2354636165949575,1.6993918972149222,2.659218231403213,0.01727399491244025,0.0,29,FALCPAT_6145|FALCPAT_6166|FALCPAT_6174|FALCPAT_6591|FALCPAT_6871|FALCPAT_6996|FALCPAT_7164|FALCPAT_7176|FALCPAT_7545|FALCPAT_7619|FALCPAT_7631|FALCPAT_7694|FALCPAT_7739|FALCPAT_7764|FALCPAT_7780|FALCPAT_7799|FALCPAT_8101
2025-01-29,2025-01-28,2,PGEL,645.0,15:29,733.15,EOD,38,193,24510.0,24897.0,3349.699999999999,28.136243552199996,3321.563756447799,17012.949999999997,95.94453584669998,16917.0054641533,13.666666666666671,2.110613709524902,1.8068851372364307,2.500528969545382,0.01727399491244025,0.0,21,FALCPAT_6166|FALCPAT_6392|FALCPAT_6905|FALCPAT_6996|FALCPAT_7075|FALCPAT_7545|FALCPAT_7737|FALCPAT_7764|FALCPAT_7780|FALCPAT_8065|FALCPAT_8079|FALCPAT_8196|FALCPAT_8334|FALCPAT_8414|FALCPAT_8496|FALCPAT_8619|FALCPAT_8890
2025-01-29,2025-01-28,3,DATAPATTNS,2030.0,15:29,2103.0,EOD,12,61,24360.0,24766.0,876.0,26.393448695999997,849.606551304,4453.0,92.118695538,4360.881304462,3.596059113300498,1.8767817833787324,1.5002469520136366,2.2653896049160043,0.01727399491244025,0.0,17,FALCPAT_6575|FALCPAT_6646|FALCPAT_7179|FALCPAT_7471|FALCPAT_7618|FALCPAT_7740|FALCPAT_7758|FALCPAT_7780|FALCPAT_8037|FALCPAT_8068|FALCPAT_8101|FALCPAT_8245|FALCPAT_8397|FALCPAT_9222|FALCPAT_9369|FALCPAT_9569|FALCPAT_9584
2025-01-29,2025-01-28,4,CGPOWER,574.95,15:29,618.0,EOD,43,217,24722.850000000002,24952.83,1851.149999999998,27.4025500881,1823.747449911898,9341.84999999999,93.8472545539,9248.002745446089,7.487607618053738,1.8641624838660773,1.7386256600783632,2.1481502647106914,0.01727399491244025,0.0,15,FALCPAT_6145|FALCPAT_6166|FALCPAT_6174|FALCPAT_6251|FALCPAT_6458|FALCPAT_6575|FALCPAT_7021|FALCPAT_7202|FALCPAT_7545|FALCPAT_7561|FALCPAT_8269|FALCPAT_8511|FALCPAT_9170|FALCPAT_9243|FALCPAT_9583
2025-01-29,2025-01-28,5,NEWGEN,996.95,15:29,1085.6,EOD,25,125,24923.75,24923.75,2216.2499999999964,27.849341407499995,2188.4006585924963,11081.249999999984,94.29386953749999,10986.956130462484,8.892120968955307,1.8038205307573878,1.657859736242985,2.083627785077655,0.01727399491244025,0.0,15,FALCPAT_6145|FALCPAT_6474|FALCPAT_6791|FALCPAT_7160|FALCPAT_7320|FALCPAT_7737|FALCPAT_7755|FALCPAT_8241|FALCPAT_8511|FALCPAT_8619|FALCPAT_8779|FALCPAT_8803|FALCPAT_8890|FALCPAT_9407|FALCPAT_9449
2025-01-29,2025-01-28,6,SHYAMMETL,720.0,15:29,742.0,EOD,34,173,24480.0,24912.0,748.0,26.438754008,721.561245992,3806.0,92.190797276,3713.809202724,3.0555555555555447,1.7899132975619734,1.330872691402985,2.1382717246298175,0.01727399491244025,0.0,15,FALCPAT_6145|FALCPAT_6166|FALCPAT_6229|FALCPAT_6346|FALCPAT_6881|FALCPAT_7183|FALCPAT_7737|FALCPAT_7747|FALCPAT_7927|FALCPAT_8453|FALCPAT_8726|FALCPAT_9016|FALCPAT_9122|FALCPAT_9152|FALCPAT_9413
2025-01-29,2025-01-28,7,CAPLIPOINT,1876.85,15:29,2000.0,EOD,13,66,24399.05,24774.42,1600.9500000000012,26.898991185299998,1574.0510088147012,8127.900000000006,93.1853856946,8034.714614305406,6.561525961051773,1.2429711630878886,1.5039951089290295,2.5075950525499073,-2.5,1.0,22,FALCPAT_6166|FALCPAT_6174|FALCPAT_6458|FALCPAT_6591|FALCPAT_6882|FALCPAT_6996|FALCPAT_7545|FALCPAT_7737|FALCPAT_7747|FALCPAT_8079|FALCPAT_8097|FALCPAT_8178|FALCPAT_8196|FALCPAT_8397|FALCPAT_8411|FALCPAT_8621|FALCPAT_8883
2025-01-29,2025-01-28,8,AEGISLOG,632.0,15:29,679.15,EOD,39,197,24648.0,24900.8,1838.849999999999,27.3153004761,1811.534699523899,9288.549999999996,93.74030832029999,9194.809691679695,7.460443037974684,-0.17685691996038022,1.6326014661206056,2.8291145510242095,-2.5,3.0,31,FALCPAT_6145|FALCPAT_6166|FALCPAT_6251|FALCPAT_6288|FALCPAT_6346|FALCPAT_6458|FALCPAT_6591|FALCPAT_6871|FALCPAT_7021|FALCPAT_7432|FALCPAT_7780|FALCPAT_7801|FALCPAT_7915|FALCPAT_8097|FALCPAT_8196|FALCPAT_8206|FALCPAT_8260
2025-01-30,2025-01-29,1,VIJAYA,981.1,10:52,1017.2,TRAIL,25,127,24527.5,24919.94,902.5000000000006,26.588040394999997,875.9119596050006,4584.700000000003,92.42767380659998,4492.2723261934025,3.679543369687077,2.3074224336907516,1.7021614680462462,2.902413469057152,-0.11804161603074302,0.0,23,FALCPAT_6166|FALCPAT_6477|FALCPAT_6871|FALCPAT_7491|FALCPAT_7553|FALCPAT_7618|FALCPAT_7740|FALCPAT_7758|FALCPAT_7781|FALCPAT_7860|FALCPAT_8178|FALCPAT_8397|FALCPAT_8455|FALCPAT_8496|FALCPAT_8618|FALCPAT_8644|FALCPAT_8788
2025-01-30,2025-01-29,2,PGEL,740.05,10:52,725.0,TRAIL,33,168,24421.649999999998,24865.68,-496.6499999999985,25.5800193429,-522.2300193428985,-2528.3999999999924,90.29609941839999,-2618.6960994183924,-2.033646375244913,2.088971393132349,1.9574191343720384,2.409698645017635,2.5,0.0,17,FALCPAT_6392|FALCPAT_6905|FALCPAT_6996|FALCPAT_7545|FALCPAT_7764|FALCPAT_8079|FALCPAT_8143|FALCPAT_8247|FALCPAT_8334|FALCPAT_8414|FALCPAT_8429|FALCPAT_8496|FALCPAT_8584|FALCPAT_8645|FALCPAT_8890|FALCPAT_9017|FALCPAT_9508
2025-01-30,2025-01-29,3,JUBLPHARMA,916.0,10:52,940.5,TRAIL,27,136,24732.0,24915.2,661.5,26.650608363,634.849391637,3332.0,92.060765384,3239.939234616,2.6746724890829743,1.9985637409038213,1.2173346646999996,2.6207994216827397,-0.11804161603074302,0.0,18,FALCPAT_6458|FALCPAT_6871|FALCPAT_6882|FALCPAT_6951|FALCPAT_7055|FALCPAT_7075|FALCPAT_7545|FALCPAT_7695|FALCPAT_7740|FALCPAT_8037|FALCPAT_8068|FALCPAT_8496|FALCPAT_8883|FALCPAT_9005|FALCPAT_9293|FALCPAT_9427|FALCPAT_9450
2025-01-30,2025-01-29,4,SAREGAMA,489.7,10:52,481.0,TRAIL,51,255,24974.7,24974.7,-443.6999999999994,26.2004022882,-469.9004022881994,-2218.4999999999973,90.576922441,-2309.0769224409974,-1.7765979170920931,1.9574992048256772,1.6979383727371664,2.291450403874786,-0.11804161603074302,0.0,15,FALCPAT_6166|FALCPAT_6871|FALCPAT_6905|FALCPAT_6996|FALCPAT_7179|FALCPAT_7471|FALCPAT_7915|FALCPAT_8397|FALCPAT_8406|FALCPAT_8909|FALCPAT_9048|FALCPAT_9222|FALCPAT_9301|FALCPAT_9318|FALCPAT_9426
2025-01-30,2025-01-29,5,AEGISLOG,687.1,10:52,686.5,TRAIL,36,181,24735.600000000002,24873.02,-21.60000000000082,26.217087609599997,-47.81708760960082,-108.60000000000412,91.00164408160002,-199.60164408160415,-0.08732353369232948,-0.10347043779476284,1.9313157313939409,2.853763511621097,1.754823794978731,3.0,23,FALCPAT_6166|FALCPAT_6251|FALCPAT_6288|FALCPAT_6346|FALCPAT_6458|FALCPAT_6591|FALCPAT_6871|FALCPAT_7021|FALCPAT_7432|FALCPAT_7469|FALCPAT_7801|FALCPAT_7915|FALCPAT_8260|FALCPAT_8269|FALCPAT_8397|FALCPAT_8411|FALCPAT_8668
2025-01-31,2025-01-30,1,GRAVITA,1970.25,15:29,2038.0,EOD,12,63,23643.0,24825.15,813.0,25.592770373999997,787.407229626,4268.25,92.17005296350001,4176.0799470365,3.438649917523162,2.146711802896548,1.601202063995966,2.6086981209768827,2.5,0.0,21,FALCPAT_6145|FALCPAT_6166|FALCPAT_6174|FALCPAT_7164|FALCPAT_7176|FALCPAT_7619|FALCPAT_7631|FALCPAT_7694|FALCPAT_7739|FALCPAT_7764|FALCPAT_7799|FALCPAT_8101|FALCPAT_8143|FALCPAT_8247|FALCPAT_8347|FALCPAT_8448|FALCPAT_8546
2025-01-31,2025-01-30,2,VIJAYA,1024.0,15:29,1044.5,EOD,24,122,24576.0,24985.6,492.0,26.376659544,465.623340456,2501.0,91.94697468199999,2409.053025318,2.001953125,2.086860343794887,1.6153868102982183,2.449981236005937,2.5,0.0,16,FALCPAT_6477|FALCPAT_6871|FALCPAT_6951|FALCPAT_7176|FALCPAT_7553|FALCPAT_7602|FALCPAT_7619|FALCPAT_7860|FALCPAT_7880|FALCPAT_8178|FALCPAT_8397|FALCPAT_8496|FALCPAT_8788|FALCPAT_8952|FALCPAT_9048|FALCPAT_9062
2025-01-31,2025-01-30,3,NUVAMA,1074.0,15:29,1112.0,EOD,23,116,24702.0,24916.8,874.0,26.754842827999997,847.245157172,4408.0,92.37156417599999,4315.628435824,3.5381750465549366,1.8618649976698127,1.362082416021626,2.396054755177142,2.5,0.0,15,FALCPAT_6145|FALCPAT_6166|FALCPAT_6174|FALCPAT_6223|FALCPAT_6346|FALCPAT_6458|FALCPAT_8260|FALCPAT_8581|FALCPAT_8668|FALCPAT_8733|FALCPAT_8909|FALCPAT_9317|FALCPAT_9368|FALCPAT_9426|FALCPAT_9450
2025-01-31,2025-01-30,4,PGEL,724.95,15:29,782.0,EOD,34,172,24648.300000000003,24938.280000000002,1939.6999999999985,27.380185403800002,1912.3198145961985,9812.599999999991,93.9563545604,9718.643645439592,7.86950824194772,1.2317477004878696,1.9393034871936317,2.414594672077994,-1.1106054624802701,1.0,16,FALCPAT_6392|FALCPAT_6905|FALCPAT_6996|FALCPAT_7075|FALCPAT_7764|FALCPAT_7780|FALCPAT_8079|FALCPAT_8143|FALCPAT_8247|FALCPAT_8429|FALCPAT_8496|FALCPAT_8584|FALCPAT_8645|FALCPAT_9017|FALCPAT_9266|FALCPAT_9508
2025-01-31,2025-01-30,5,BDL,1275.0,15:29,1310.0,EOD,19,98,24225.0,24990.0,665.0,26.11519999,638.88480001,3430.0,92.22063258,3337.77936742,2.7450980392156765,1.2268244261415038,1.1162423521039888,2.54733802362792,-0.08550409497029644,1.0,21,FALCPAT_6245|FALCPAT_6440|FALCPAT_6663|FALCPAT_6677|FALCPAT_6697|FALCPAT_6721|FALCPAT_6824|FALCPAT_6953|FALCPAT_7253|FALCPAT_7394|FALCPAT_7471|FALCPAT_7695|FALCPAT_7740|FALCPAT_8381|FALCPAT_8584|FALCPAT_9114|FALCPAT_9301
2025-02-01,2025-01-31,1,RVNL,485.0,09:55,489.2,TRAIL,51,257,24735.0,24929.0,214.19999999999942,26.3674166292,187.83258337079943,1079.3999999999971,91.4403318844,987.9596681155972,0.8659793814433048,2.218569566464505,0.9811018033180916,2.9386175727792856,-0.11518409943669305,0.0,29,FALCPAT_6427|FALCPAT_6722|FALCPAT_6824|FALCPAT_6953|FALCPAT_7164|FALCPAT_7554|FALCPAT_7603|FALCPAT_7620|FALCPAT_7695|FALCPAT_7741|FALCPAT_7754|FALCPAT_7760|FALCPAT_7790|FALCPAT_7800|FALCPAT_7862|FALCPAT_7942|FALCPAT_8070
2025-02-03,2025-02-01,1,WOCKPHARMA,1558.45,09:17,1542.0,HARD_STOP,16,80,24935.2,24935.2,-263.2000000000007,26.274075227199997,-289.47407522720073,-1316.0000000000036,90.76563213600001,-1406.7656321360037,-1.0555359491802752,2.116813191469885,1.1647013688277028,2.691034198124414,-0.10088414023851214,0.0,18,FALCPAT_6722|FALCPAT_6953|FALCPAT_7086|FALCPAT_7164|FALCPAT_7200|FALCPAT_7741|FALCPAT_7754|FALCPAT_7760|FALCPAT_7771|FALCPAT_8211|FALCPAT_8364|FALCPAT_8422|FALCPAT_8450|FALCPAT_8464|FALCPAT_8509|FALCPAT_8547|FALCPAT_8585
2025-02-03,2025-02-01,2,AEGISLOG,682.0,09:17,671.25,HARD_STOP,36,183,24552.0,24961.2,-387.0,25.788450041999997,-412.788450042,-1967.25,90.6250462135,-2057.8750462135,-1.576246334310849,-0.9478950617258532,1.523761959705758,3.0,-1.6560268763605244,4.0,26,FALCPAT_6145|FALCPAT_6166|FALCPAT_6251|FALCPAT_6288|FALCPAT_6346|FALCPAT_6458|FALCPAT_6591|FALCPAT_6871|FALCPAT_7021|FALCPAT_7432|FALCPAT_7469|FALCPAT_7801|FALCPAT_7915|FALCPAT_8260|FALCPAT_8269|FALCPAT_8397|FALCPAT_8411
2025-02-04,2025-02-03,1,NUVAMA,1032.0,15:29,1140.0,EOD,24,121,24768.0,24974.4,2592.0,27.924740927999995,2564.075259072,13068.0,94.951787512,12973.048212488,10.465116279069765,2.330088568967918,1.5404327296069535,3.0,2.5,0.0,23,FALCPAT_6145|FALCPAT_6166|FALCPAT_6174|FALCPAT_6223|FALCPAT_6346|FALCPAT_6458|FALCPAT_6791|FALCPAT_7545|FALCPAT_8097|FALCPAT_8260|FALCPAT_8312|FALCPAT_8617|FALCPAT_8641|FALCPAT_8668|FALCPAT_8687|FALCPAT_8733|FALCPAT_8909
2025-02-04,2025-02-03,2,CGPOWER,591.8,15:29,604.2,EOD,42,211,24855.6,24973.96,520.8000000000038,26.691600431999998,494.10839956800385,2616.400000000019,91.959492456,2524.440507544019,2.095302467049698,2.2503247216095685,1.2906162745074317,3.0,-0.01897475313931522,0.0,15,FALCPAT_6145|FALCPAT_6166|FALCPAT_6174|FALCPAT_6251|FALCPAT_6458|FALCPAT_7021|FALCPAT_7202|FALCPAT_7545|FALCPAT_7561|FALCPAT_8269|FALCPAT_8459|FALCPAT_8511|FALCPAT_9170|FALCPAT_9243|FALCPAT_9583
2025-02-06,2025-02-05,1,JUBLPHARMA,1062.45,09:23,1050.95,HARD_STOP,23,117,24436.350000000002,24861.33,-264.5,25.744236453200003,-290.2442364532,-1345.5,90.62701032280002,-1436.1270103228,-1.0824038778295408,2.295871690004322,1.1773245037467897,3.0,-0.0513851957341775,0.0,15,FALCPAT_6427|FALCPAT_6677|FALCPAT_6882|FALCPAT_7055|FALCPAT_7075|FALCPAT_7695|FALCPAT_7764|FALCPAT_7819|FALCPAT_7862|FALCPAT_8462|FALCPAT_8497|FALCPAT_8737|FALCPAT_9005|FALCPAT_9128|FALCPAT_9293
2025-02-06,2025-02-05,2,GODFRYPHLP,1557.0,09:23,1555.0,HARD_STOP,16,80,24912.0,24912.0,-32.0,26.397492991999997,-58.397492992,-160.0,91.05562496,-251.05562496,-0.12845215157354373,2.2642416359291686,0.9856503323513156,3.0,-0.0513851957341775,0.0,16,FALCPAT_6145|FALCPAT_6266|FALCPAT_6474|FALCPAT_6569|FALCPAT_6890|FALCPAT_7320|FALCPAT_7737|FALCPAT_7902|FALCPAT_8096|FALCPAT_8138|FALCPAT_8486|FALCPAT_8779|FALCPAT_8803|FALCPAT_9005|FALCPAT_9340|FALCPAT_9407
2025-02-06,2025-02-05,3,BDL,1213.0,09:23,1207.8,HARD_STOP,20,103,24260.0,24987.8,-104.00000000000091,25.659982016,-129.65998201600092,-535.6000000000047,91.0816977824,-626.6816977824046,-0.4286892003297682,1.6284588810026175,1.9311305128657956,3.0,-0.0513851957341775,1.0,15,FALCPAT_6245|FALCPAT_6440|FALCPAT_6677|FALCPAT_6697|FALCPAT_6721|FALCPAT_7394|FALCPAT_7695|FALCPAT_8381|FALCPAT_8428|FALCPAT_8644|FALCPAT_9369|FALCPAT_9428|FALCPAT_9512|FALCPAT_9545|FALCPAT_9569
2025-02-06,2025-02-05,4,ITI,323.7,09:23,319.9,HARD_STOP,77,386,24924.899999999998,24989.64,-292.6000000000009,26.244329927199995,-318.8443299272009,-1466.8000000000043,90.8184066896,-1557.6184066896042,-1.1739264751312928,-0.8293060451877192,2.093260169999341,3.0,-0.0513851957341775,4.0,19,FALCPAT_6150|FALCPAT_6245|FALCPAT_6663|FALCPAT_6677|FALCPAT_6697|FALCPAT_6721|FALCPAT_6865|FALCPAT_6932|FALCPAT_6962|FALCPAT_7515|FALCPAT_7559|FALCPAT_7977|FALCPAT_8245|FALCPAT_8405|FALCPAT_8903|FALCPAT_9300|FALCPAT_9344
2025-02-07,2025-02-06,1,KAYNES,4304.95,15:29,4278.0,EOD,5,29,21524.75,24968.71,-134.7499999999991,22.7396937335,-157.48969373349908,-781.5499999999947,90.9776589543,-872.5276589542947,-0.6260235310514561,2.403620029472503,1.8736912661838787,3.0,0.05123429619770745,0.0,15,FALCPAT_6474|FALCPAT_6569|FALCPAT_6578|FALCPAT_6890|FALCPAT_7787|FALCPAT_8096|FALCPAT_8138|FALCPAT_8241|FALCPAT_8411|FALCPAT_8724|FALCPAT_8779|FALCPAT_8803|FALCPAT_9317|FALCPAT_9407|FALCPAT_9541
2025-02-07,2025-02-06,2,KFINTECH,1180.05,15:29,1225.0,EOD,21,105,24781.05,24781.05,943.950000000001,26.883455367299998,917.0665446327009,4719.750000000005,92.22156833650001,4627.528431663504,3.8091606287869118,2.3019141695067886,1.458075108872272,3.0,0.05123429619770745,0.0,15,FALCPAT_6205|FALCPAT_6245|FALCPAT_6721|FALCPAT_6793|FALCPAT_7514|FALCPAT_7601|FALCPAT_7860|FALCPAT_7963|FALCPAT_8315|FALCPAT_8364|FALCPAT_8414|FALCPAT_8455|FALCPAT_8854|FALCPAT_8967|FALCPAT_9301
2025-02-07,2025-02-06,3,ERIS,1430.0,15:29,1456.95,EOD,17,87,24310.0,24882.0,458.1500000000008,26.072907661899997,432.0770923381008,2344.650000000004,91.71965311090001,2252.9303468891044,1.8846153846153957,2.270938205560547,1.0747407403196123,3.0,0.05123429619770745,0.0,46,FALCPAT_6150|FALCPAT_6427|FALCPAT_6440|FALCPAT_6663|FALCPAT_6793|FALCPAT_6809|FALCPAT_6953|FALCPAT_7056|FALCPAT_7075|FALCPAT_7085|FALCPAT_7164|FALCPAT_7179|FALCPAT_7349|FALCPAT_7394|FALCPAT_7471|FALCPAT_7559|FALCPAT_7620
2025-02-07,2025-02-06,4,GODFRYPHLP,1575.0,15:29,1824.0,EOD,15,79,23625.0,24885.0,3735.0,27.444422609999997,3707.55557739,19671.0,96.684191746,19574.315808254,15.809523809523807,1.481691343731644,1.2262656846938331,3.0,-2.5,1.0,17,FALCPAT_6145|FALCPAT_6266|FALCPAT_6474|FALCPAT_6569|FALCPAT_6890|FALCPAT_7320|FALCPAT_7567|FALCPAT_7737|FALCPAT_7902|FALCPAT_8096|FALCPAT_8138|FALCPAT_8486|FALCPAT_8779|FALCPAT_8803|FALCPAT_9005|FALCPAT_9340|FALCPAT_9407
2025-02-10,2025-02-07,1,ERIS,1464.15,09:17,1436.7,HARD_STOP,17,85,24890.550000000003,24890.550000000003,-466.6500000000008,26.096472065700006,-492.7464720657008,-2333.2500000000036,90.3957838285,-2423.6457838285037,-1.874807909025722,2.2999153584844514,1.2438650861530722,3.0,2.5,0.0,42,FALCPAT_6150|FALCPAT_6427|FALCPAT_6440|FALCPAT_6663|FALCPAT_6809|FALCPAT_6953|FALCPAT_7056|FALCPAT_7075|FALCPAT_7085|FALCPAT_7164|FALCPAT_7179|FALCPAT_7349|FALCPAT_7394|FALCPAT_7471|FALCPAT_7559|FALCPAT_7620|FALCPAT_7695
2025-02-10,2025-02-07,2,KAYNES,4264.3,09:17,4230.0,HARD_STOP,5,29,21321.5,24732.940000000002,-171.5000000000009,22.500628559000006,-194.00062855900092,-994.7000000000053,90.50116184220002,-1085.2011618422052,-0.8043524142297698,1.5403596643096227,1.7051272567838611,3.0,-2.5,1.0,15,FALCPAT_6474|FALCPAT_6569|FALCPAT_6578|FALCPAT_6890|FALCPAT_7755|FALCPAT_7787|FALCPAT_8096|FALCPAT_8138|FALCPAT_8241|FALCPAT_8411|FALCPAT_8724|FALCPAT_8779|FALCPAT_8803|FALCPAT_9317|FALCPAT_9407
2025-02-10,2025-02-07,3,GODFRYPHLP,1807.0,09:17,1734.0,HARD_STOP,13,69,23491.0,24936.6,-949.0,24.303503458,-973.303503458,-5037.0,89.703052354,-5126.703052354,-4.039845047039292,1.5011855343345337,1.2305217866906888,3.0,2.5,1.0,15,FALCPAT_6266|FALCPAT_7349|FALCPAT_7602|FALCPAT_7760|FALCPAT_7902|FALCPAT_7942|FALCPAT_8070|FALCPAT_8226|FALCPAT_8406|FALCPAT_8448|FALCPAT_8486|FALCPAT_8547|FALCPAT_9005|FALCPAT_9113|FALCPAT_9301
2025-02-11,2025-02-10,1,KAYNES,4110.0,09:17,4046.0,HARD_STOP,6,30,24660.0,24660.0,-384.0,25.904899535999995,-409.904899536,-1920.0,90.10777768,-2010.10777768,-1.557177615571781,0.8742189976229122,2.205271634433187,3.0,-2.5,2.0,20,FALCPAT_6343|FALCPAT_6474|FALCPAT_6569|FALCPAT_6578|FALCPAT_6890|FALCPAT_7202|FALCPAT_7226|FALCPAT_7755|FALCPAT_8096|FALCPAT_8138|FALCPAT_8241|FALCPAT_8411|FALCPAT_8459|FALCPAT_8571|FALCPAT_8724|FALCPAT_8779|FALCPAT_8803
2025-02-12,2025-02-11,1,POLICYBZR,1537.0,09:29,1516.65,HARD_STOP,16,81,24592.0,24899.4,-325.59999999999854,25.870177998400003,-351.4701779983985,-1648.3499999999926,90.6074160169,-1738.9574160168927,-1.324007807417038,2.3670449233745057,1.5954658119602882,3.0,0.03999039943622717,0.0,22,FALCPAT_6145|FALCPAT_6166|FALCPAT_6458|FALCPAT_6791|FALCPAT_6951|FALCPAT_7183|FALCPAT_7737|FALCPAT_7780|FALCPAT_7801|FALCPAT_7870|FALCPAT_8097|FALCPAT_8196|FALCPAT_8361|FALCPAT_8411|FALCPAT_8668|FALCPAT_8781|FALCPAT_8883
2025-02-12,2025-02-11,2,PPLPHARMA,204.0,09:29,200.74,HARD_STOP,122,612,24888.0,24969.6,-397.7199999999989,26.137898691279997,-423.8578986912789,-1995.1199999999944,90.63187207888001,-2085.7518720788744,-1.5980392156862755,2.3551182570708913,1.4724296523220255,3.0,0.03999039943622717,0.0,19,FALCPAT_6145|FALCPAT_6166|FALCPAT_6229|FALCPAT_6251|FALCPAT_6458|FALCPAT_6591|FALCPAT_6791|FALCPAT_6871|FALCPAT_6951|FALCPAT_6996|FALCPAT_7737|FALCPAT_7801|FALCPAT_8178|FALCPAT_8196|FALCPAT_9016|FALCPAT_9317|FALCPAT_9426
2025-02-12,2025-02-11,3,BIKAJI,600.05,09:29,598.05,HARD_STOP,41,208,24602.05,24962.079999999998,-82.0,26.0367945946,-108.0367945946,-416.0,91.07060508480001,-507.07060508480004,-0.33330555787017824,2.322974177129378,1.453660046383623,3.0,0.03999039943622717,0.0,21,FALCPAT_6251|FALCPAT_6346|FALCPAT_6458|FALCPAT_6871|FALCPAT_7160|FALCPAT_7202|FALCPAT_7561|FALCPAT_8079|FALCPAT_8206|FALCPAT_8260|FALCPAT_8269|FALCPAT_8459|FALCPAT_8511|FALCPAT_8772|FALCPAT_8781|FALCPAT_8883|FALCPAT_9170
2025-02-12,2025-02-11,4,NAVA,376.0,09:29,379.0,HARD_STOP,66,332,24816.0,24966.4,198.0,26.442941579999996,171.55705842,996.0,91.48236916,904.51763084,0.7978723404255428,1.6186455405240976,1.8267984514451376,3.0,0.03999039943622717,1.0,28,FALCPAT_6145|FALCPAT_6166|FALCPAT_6229|FALCPAT_6475|FALCPAT_6791|FALCPAT_6890|FALCPAT_6951|FALCPAT_6996|FALCPAT_7055|FALCPAT_7183|FALCPAT_7737|FALCPAT_7747|FALCPAT_7801|FALCPAT_7870|FALCPAT_8066|FALCPAT_8138|FALCPAT_8178
2025-02-12,2025-02-11,5,KAYNES,4048.95,09:29,4006.9,HARD_STOP,6,30,24293.699999999997,24293.7,-252.29999999999836,25.6007737326,-277.90077373259834,-1261.4999999999918,89.65074166299999,-1351.1507416629918,-1.038540856271375,0.011829118034755393,2.0483082901204246,2.9402620620814406,-2.5,3.0,19,FALCPAT_6343|FALCPAT_6474|FALCPAT_6569|FALCPAT_6575|FALCPAT_6578|FALCPAT_6890|FALCPAT_7202|FALCPAT_7226|FALCPAT_7787|FALCPAT_8406|FALCPAT_8411|FALCPAT_8459|FALCPAT_8724|FALCPAT_8779|FALCPAT_8803|FALCPAT_9317|FALCPAT_9407
2025-02-13,2025-02-12,1,NAVA,387.2,09:20,380.85,HARD_STOP,64,322,24780.8,24935.68,-406.3999999999978,26.0186610752,-432.4186610751978,-2044.699999999989,90.5579051346,-2135.257905134589,-1.6399793388429673,1.5665960251631608,1.5988235642096835,3.0,2.5,1.0,29,FALCPAT_6145|FALCPAT_6166|FALCPAT_6229|FALCPAT_6475|FALCPAT_6791|FALCPAT_6890|FALCPAT_6951|FALCPAT_6996|FALCPAT_7055|FALCPAT_7183|FALCPAT_7737|FALCPAT_7747|FALCPAT_7801|FALCPAT_7870|FALCPAT_8066|FALCPAT_8138|FALCPAT_8178
2025-02-13,2025-02-12,2,POLICYBZR,1584.7,09:20,1590.5,HARD_STOP,15,78,23770.5,24721.32,86.99999999999932,25.263173927999997,61.73682607199932,452.39999999999645,90.8948820256,361.50511797439646,0.3659998737931547,1.4140574971242852,1.5411445140127782,2.725033805986328,-2.5,1.0,18,FALCPAT_6458|FALCPAT_6951|FALCPAT_7183|FALCPAT_7737|FALCPAT_7780|FALCPAT_7870|FALCPAT_8097|FALCPAT_8196|FALCPAT_8361|FALCPAT_8411|FALCPAT_8462|FALCPAT_8496|FALCPAT_8781|FALCPAT_8883|FALCPAT_8909|FALCPAT_9005|FALCPAT_9016
2025-02-14,2025-02-13,1,VIJAYA,948.0,09:19,939.0,HARD_STOP,26,131,24648.0,24837.6,-234.0,25.988208011999998,-259.988208012,-1179.0,90.63284852199999,-1269.632848522,-0.9493670886076,2.42855508217433,1.7108230943646092,3.0,0.02280192039055324,0.0,22,FALCPAT_6145|FALCPAT_6166|FALCPAT_6229|FALCPAT_6346|FALCPAT_6392|FALCPAT_6591|FALCPAT_6871|FALCPAT_6951|FALCPAT_7514|FALCPAT_7801|FALCPAT_7880|FALCPAT_8066|FALCPAT_8260|FALCPAT_8270|FALCPAT_8291|FALCPAT_8332|FALCPAT_8348
2025-02-14,2025-02-13,2,GRAVITA,1778.2,09:19,1765.25,HARD_STOP,14,70,24894.8,24894.8,-181.30000000000064,26.2836674758,-207.58366747580064,-906.5000000000032,90.811646379,-997.3116463790032,-0.7282645371724294,2.1345524208504596,1.3929553558386507,2.64358045949253,0.02280192039055324,0.0,15,FALCPAT_6145|FALCPAT_6166|FALCPAT_6174|FALCPAT_6591|FALCPAT_6871|FALCPAT_7160|FALCPAT_7545|FALCPAT_7561|FALCPAT_7780|FALCPAT_8196|FALCPAT_8269|FALCPAT_9170|FALCPAT_9243|FALCPAT_9426|FALCPAT_9583
2025-02-14,2025-02-13,3,PPLPHARMA,201.1,09:19,199.01,HARD_STOP,124,621,24936.399999999998,24976.62,-259.1600000000004,26.277934282639997,-285.4379342826404,-1297.8900000000021,90.84380849805999,-1388.7338084980622,-1.0392839383391417,1.5598475046688602,1.499537094699294,3.0,-2.5,1.0,23,FALCPAT_6145|FALCPAT_6166|FALCPAT_6229|FALCPAT_6251|FALCPAT_6458|FALCPAT_6578|FALCPAT_6591|FALCPAT_6791|FALCPAT_6871|FALCPAT_6951|FALCPAT_6996|FALCPAT_7491|FALCPAT_7737|FALCPAT_7801|FALCPAT_8196|FALCPAT_8496|FALCPAT_9016
2025-02-14,2025-02-13,4,NAVA,376.0,09:19,379.0,HARD_STOP,66,332,24816.0,24966.4,198.0,26.442941579999996,171.55705842,996.0,91.48236916,904.51763084,0.7978723404255428,0.773342366620859,1.6918429194412945,3.0,-2.5,2.0,29,FALCPAT_6145|FALCPAT_6166|FALCPAT_6229|FALCPAT_6791|FALCPAT_6871|FALCPAT_6890|FALCPAT_6951|FALCPAT_6996|FALCPAT_7055|FALCPAT_7183|FALCPAT_7737|FALCPAT_7747|FALCPAT_7801|FALCPAT_7870|FALCPAT_8066|FALCPAT_8079|FALCPAT_8138
2025-02-14,2025-02-13,5,AEGISLOG,730.75,09:19,711.5,HARD_STOP,34,171,24845.5,24991.65,-654.5,25.928432248999997,-680.428432249,-3291.75,90.29960069349998,-3382.0496006935,-2.634279849469723,-1.8184003630787893,1.5810948571658427,2.6180947014593694,0.02280192039055324,5.0,15,FALCPAT_6145|FALCPAT_6166|FALCPAT_6346|FALCPAT_6458|FALCPAT_7780|FALCPAT_7915|FALCPAT_8097|FALCPAT_8196|FALCPAT_8270|FALCPAT_8361|FALCPAT_8411|FALCPAT_8883|FALCPAT_8909|FALCPAT_9509|FALCPAT_9568
2025-02-17,2025-02-14,1,VIJAYA,740.0,15:29,900.35,EOD,33,168,24420.0,24864.0,5291.550000000001,29.2840257303,5262.2659742697015,26938.800000000003,98.72741760880001,26840.072582391203,21.668918918918912,1.5096497304846859,1.3192398699058518,3.0,-2.5,1.0,42,FALCPAT_6145|FALCPAT_6166|FALCPAT_6229|FALCPAT_6251|FALCPAT_6346|FALCPAT_6392|FALCPAT_6458|FALCPAT_6591|FALCPAT_6871|FALCPAT_6951|FALCPAT_7491|FALCPAT_7514|FALCPAT_7545|FALCPAT_7747|FALCPAT_7801|FALCPAT_7880|FALCPAT_7915
2025-02-17,2025-02-14,2,GRAVITA,1642.0,15:29,1679.0,EOD,15,76,24630.0,24958.4,555.0,26.474258189999997,528.52574181,2812.0,91.988057496,2720.011942504,2.2533495736906106,1.2312839056067937,1.557786306123972,2.456399166079805,-2.5,1.0,26,FALCPAT_6145|FALCPAT_6166|FALCPAT_6174|FALCPAT_6475|FALCPAT_6545|FALCPAT_6569|FALCPAT_6591|FALCPAT_6871|FALCPAT_7160|FALCPAT_7545|FALCPAT_7561|FALCPAT_7780|FALCPAT_8196|FALCPAT_8269|FALCPAT_8332|FALCPAT_8347|FALCPAT_8724
2025-02-17,2025-02-14,3,PPLPHARMA,184.6,15:29,199.9,EOD,135,677,24921.0,24994.84,2065.5000000000014,27.749911094999998,2037.7500889050013,10358.100000000008,94.212164269,10263.887835731008,8.288190682556884,0.5636867577424525,1.648161051638224,2.6652808731730087,-2.5,2.0,25,FALCPAT_6145|FALCPAT_6166|FALCPAT_6229|FALCPAT_6251|FALCPAT_6458|FALCPAT_6578|FALCPAT_6591|FALCPAT_6791|FALCPAT_6871|FALCPAT_6951|FALCPAT_6996|FALCPAT_7021|FALCPAT_7491|FALCPAT_7737|FALCPAT_7801|FALCPAT_8178|FALCPAT_8196
2025-02-17,2025-02-14,4,NAVA,374.0,15:29,396.25,EOD,66,334,24684.0,24983.2,1468.5,27.116369049,1441.383630951,7431.5,93.35398255099999,7338.146017449,5.949197860962574,0.4856534494023306,1.5420919617333608,2.523710266562478,2.5,2.0,30,FALCPAT_6145|FALCPAT_6166|FALCPAT_6229|FALCPAT_6791|FALCPAT_6871|FALCPAT_6882|FALCPAT_6890|FALCPAT_6951|FALCPAT_6996|FALCPAT_7055|FALCPAT_7183|FALCPAT_7737|FALCPAT_7747|FALCPAT_7801|FALCPAT_7870|FALCPAT_8066|FALCPAT_8079
2025-02-17,2025-02-14,5,AEGISLOG,704.0,15:29,690.0,EOD,35,177,24640.0,24921.6,-490.0,25.815826539999996,-515.81582654,-2478.0,90.409070788,-2568.409070788,-1.9886363636363646,-2.1444690885977344,1.6585018423419553,2.146981328403775,-2.5,5.0,18,FALCPAT_6145|FALCPAT_6166|FALCPAT_6346|FALCPAT_6458|FALCPAT_6591|FALCPAT_7545|FALCPAT_7780|FALCPAT_7880|FALCPAT_7915|FALCPAT_8097|FALCPAT_8196|FALCPAT_8206|FALCPAT_8270|FALCPAT_8361|FALCPAT_8411|FALCPAT_8883|FALCPAT_8909
2025-02-18,2025-02-17,1,KFINTECH,828.0,09:17,798.05,HARD_STOP,30,150,24840.0,24840.0,-898.5000000000014,25.766384619,-924.2663846190013,-4492.500000000007,89.688668095,-4582.188668095007,-3.617149758454108,2.0756029996628973,1.6404778689548594,2.4276376228058005,-0.07100633593923333,0.0,27,FALCPAT_6145|FALCPAT_6474|FALCPAT_6545|FALCPAT_6569|FALCPAT_6578|FALCPAT_6591|FALCPAT_6643|FALCPAT_6890|FALCPAT_7514|FALCPAT_8039|FALCPAT_8260|FALCPAT_8269|FALCPAT_8291|FALCPAT_8668|FALCPAT_8733|FALCPAT_8772|FALCPAT_8779
2025-02-18,2025-02-17,2,VIJAYA,901.3,09:17,891.65,HARD_STOP,27,138,24335.1,24875.879999999997,-260.5499999999994,25.6393945809,-286.1893945808994,-1331.6999999999969,90.65660112459999,-1422.3566011245969,-1.0706756906690318,1.7290954662951645,2.310783739945428,3.0,2.5,1.0,46,FALCPAT_6166|FALCPAT_6229|FALCPAT_6251|FALCPAT_6346|FALCPAT_6392|FALCPAT_6458|FALCPAT_6591|FALCPAT_6871|FALCPAT_6951|FALCPAT_7469|FALCPAT_7491|FALCPAT_7514|FALCPAT_7545|FALCPAT_7553|FALCPAT_7602|FALCPAT_7619|FALCPAT_7631
2025-02-18,2025-02-17,3,ANURAS,644.95,09:17,647.4,HARD_STOP,38,193,24508.100000000002,24895.07,93.09999999999741,26.049268701800003,67.0507312981974,472.84999999998684,91.2069280223,381.6430719776868,0.37987440886888546,1.5934069197354477,1.1307537104622034,1.872467412443969,-0.07100633593923333,0.0,15,FALCPAT_7514|FALCPAT_7828|FALCPAT_7884|FALCPAT_7927|FALCPAT_7947|FALCPAT_8292|FALCPAT_8726|FALCPAT_8773|FALCPAT_8952|FALCPAT_9060|FALCPAT_9195|FALCPAT_9203|FALCPAT_9222|FALCPAT_9261|FALCPAT_9331
2025-02-18,2025-02-17,4,GRAVITA,1679.0,09:17,1661.7,HARD_STOP,14,74,23506.0,24849.2,-242.19999999999936,24.771921974799998,-266.9719219747994,-1280.1999999999966,90.62432466679999,-1370.8243246667967,-1.030375223347224,1.3145409012067117,1.6312101776880268,2.5203547724438855,2.5,1.0,29,FALCPAT_6145|FALCPAT_6166|FALCPAT_6174|FALCPAT_6288|FALCPAT_6477|FALCPAT_6545|FALCPAT_6578|FALCPAT_6591|FALCPAT_6871|FALCPAT_7545|FALCPAT_7561|FALCPAT_7780|FALCPAT_8178|FALCPAT_8269|FALCPAT_8397|FALCPAT_8494|FALCPAT_8724
2025-02-18,2025-02-17,5,DOMS,2569.9,09:17,2524.45,HARD_STOP,9,48,23129.100000000002,24671.04,-409.05000000000246,24.2654159079,-433.31541590790243,-2181.600000000013,90.05235630879999,-2271.652356308813,-1.7685513054982782,1.0521479782334697,1.6858397898673847,2.0690100035014605,-0.07100633593923333,1.0,19,FALCPAT_6205|FALCPAT_6646|FALCPAT_6663|FALCPAT_6721|FALCPAT_7553|FALCPAT_7786|FALCPAT_7860|FALCPAT_7976|FALCPAT_8141|FALCPAT_8291|FALCPAT_8405|FALCPAT_8618|FALCPAT_8854|FALCPAT_8903|FALCPAT_8967|FALCPAT_9152|FALCPAT_9345
2025-02-18,2025-02-17,6,PPLPHARMA,199.9,09:17,202.35,HARD_STOP,125,625,24987.5,24987.5,306.2499999999986,26.6941135625,279.5558864374986,1531.249999999993,91.6727553125,1439.577244687493,1.2256128064031868,0.5410632594915734,1.7586278362135752,2.579908727865898,2.5,2.0,25,FALCPAT_6166|FALCPAT_6229|FALCPAT_6251|FALCPAT_6424|FALCPAT_6458|FALCPAT_6578|FALCPAT_6591|FALCPAT_6871|FALCPAT_6996|FALCPAT_7021|FALCPAT_7491|FALCPAT_7618|FALCPAT_7801|FALCPAT_8068|FALCPAT_8178|FALCPAT_8397|FALCPAT_8496
2025-02-18,2025-02-17,7,AEGISLOG,690.35,09:17,698.35,HARD_STOP,36,181,24852.600000000002,24990.670000000002,288.0,26.5393744632,261.4606255368,1448.0,91.65451336219998,1356.3454866378,1.1588324762801472,-1.876658371485897,1.994332169535068,2.4334001712056637,-2.5,5.0,21,FALCPAT_6145|FALCPAT_6166|FALCPAT_6346|FALCPAT_6458|FALCPAT_6591|FALCPAT_6696|FALCPAT_6871|FALCPAT_7545|FALCPAT_7780|FALCPAT_7915|FALCPAT_8260|FALCPAT_8269|FALCPAT_8397|FALCPAT_8411|FALCPAT_8668|FALCPAT_8883|FALCPAT_8909
2025-02-19,2025-02-18,1,ANURAS,630.0,15:29,631.2,EOD,39,198,24570.0,24948.0,46.80000000000177,26.085268216800003,20.71473178320177,237.600000000009,91.2328697776,146.367130222409,0.19047619047620756,1.9753742068125946,1.513507813508487,2.2928714815092057,2.5,0.0,32,FALCPAT_6809|FALCPAT_7383|FALCPAT_7514|FALCPAT_7553|FALCPAT_7631|FALCPAT_7709|FALCPAT_7739|FALCPAT_7828|FALCPAT_7860|FALCPAT_7870|FALCPAT_7884|FALCPAT_7927|FALCPAT_7941|FALCPAT_7947|FALCPAT_8211|FALCPAT_8292|FALCPAT_8361
2025-02-19,2025-02-18,2,RVNL,332.0,15:29,373.0,EOD,75,376,24900.0,24966.4,3075.0,28.37394975,3046.62605025,15416.0,95.60974808,15320.39025192,12.349397590361445,1.7954637021311421,1.494921484267609,2.2459062975991246,-0.03829282440912526,0.0,18,FALCPAT_6251|FALCPAT_6288|FALCPAT_6330|FALCPAT_6477|FALCPAT_6545|FALCPAT_6996|FALCPAT_7021|FALCPAT_7226|FALCPAT_7296|FALCPAT_8065|FALCPAT_8178|FALCPAT_8241|FALCPAT_8764|FALCPAT_8779|FALCPAT_8851|FALCPAT_9266|FALCPAT_9505
2025-02-19,2025-02-18,3,MAZDOCK,1940.0,15:29,2173.0,EOD,12,64,23280.0,24832.0,2796.0,26.477394456,2769.522605544,14912.0,95.228642432,14816.771357568,12.010309278350517,1.725538222332463,1.5232696527453786,2.046500521757295,-0.03829282440912526,0.0,17,FALCPAT_6145|FALCPAT_6288|FALCPAT_6477|FALCPAT_6591|FALCPAT_6791|FALCPAT_6871|FALCPAT_7183|FALCPAT_7780|FALCPAT_7870|FALCPAT_7947|FALCPAT_8065|FALCPAT_8178|FALCPAT_8196|FALCPAT_8411|FALCPAT_8496|FALCPAT_8949|FALCPAT_9005
2025-02-19,2025-02-18,4,GRSE,1222.3,15:29,1349.0,EOD,20,102,24446.0,24934.92,2534.000000000001,27.546142275999998,2506.453857724001,12923.400000000005,94.84082520760002,12828.559174792405,10.365704000654507,1.6278864148071517,1.624788851108197,1.863510118827564,-0.03829282440912526,0.0,15,FALCPAT_6288|FALCPAT_6348|FALCPAT_6575|FALCPAT_6578|FALCPAT_6996|FALCPAT_7202|FALCPAT_8065|FALCPAT_8079|FALCPAT_8178|FALCPAT_8459|FALCPAT_8496|FALCPAT_8791|FALCPAT_9266|FALCPAT_9505|FALCPAT_9522
2025-02-19,2025-02-18,5,JBMA,563.75,15:29,658.1,EOD,44,221,24805.0,24917.75,4151.4000000000015,28.9623460764,4122.437653923602,20851.350000000006,97.07975262010001,20754.270247379907,16.736141906873627,1.5982758070350611,1.5923485926685277,1.8260048989938995,-0.03829282440912526,0.0,15,FALCPAT_6348|FALCPAT_6474|FALCPAT_7004|FALCPAT_7226|FALCPAT_7572|FALCPAT_7786|FALCPAT_8260|FALCPAT_8764|FALCPAT_8787|FALCPAT_8803|FALCPAT_8888|FALCPAT_9243|FALCPAT_9449|FALCPAT_9456|FALCPAT_9505
2025-02-19,2025-02-18,6,KFINTECH,800.0,15:29,864.0,EOD,31,156,24800.0,24960.0,1984.0,27.569417983999998,1956.430582016,9984.0,94.04368998400001,9889.956310016,8.000000000000007,1.234133351473125,1.5848116575911209,2.4085561246527325,-2.5,1.0,32,FALCPAT_6145|FALCPAT_6223|FALCPAT_6474|FALCPAT_6545|FALCPAT_6569|FALCPAT_6578|FALCPAT_6591|FALCPAT_6643|FALCPAT_6890|FALCPAT_7514|FALCPAT_7787|FALCPAT_8039|FALCPAT_8260|FALCPAT_8269|FALCPAT_8291|FALCPAT_8668|FALCPAT_8733
2025-02-19,2025-02-18,7,VIJAYA,885.0,15:29,926.3,EOD,28,141,24780.0,24957.0,1156.3999999999987,27.0183579064,1129.3816420935987,5823.299999999994,92.8475026858,5730.452497314194,4.666666666666663,0.72692076837179,1.6778640843070238,3.0,-2.5,2.0,45,FALCPAT_6166|FALCPAT_6229|FALCPAT_6251|FALCPAT_6346|FALCPAT_6392|FALCPAT_6458|FALCPAT_6591|FALCPAT_6871|FALCPAT_6951|FALCPAT_7469|FALCPAT_7491|FALCPAT_7514|FALCPAT_7553|FALCPAT_7602|FALCPAT_7619|FALCPAT_7631|FALCPAT_7740
2025-02-19,2025-02-18,8,AEGISLOG,659.75,15:29,742.45,EOD,37,189,24410.75,24938.55,3059.9000000000015,27.845456196399997,3032.0545438036015,15630.300000000008,95.62200737079999,15534.67799262921,12.535051155740828,-1.889222382315288,1.9656262535286928,2.4618773342785585,2.5,5.0,29,FALCPAT_6145|FALCPAT_6166|FALCPAT_6251|FALCPAT_6346|FALCPAT_6458|FALCPAT_6591|FALCPAT_6871|FALCPAT_7432|FALCPAT_7780|FALCPAT_7801|FALCPAT_7915|FALCPAT_8066|FALCPAT_8097|FALCPAT_8196|FALCPAT_8206|FALCPAT_8260|FALCPAT_8269
2025-02-20,2025-02-19,1,RVNL,371.4,15:29,380.0,EOD,67,336,24883.8,24958.079999999998,576.2000000000015,26.7569736988,549.4430263012015,2889.6000000000076,92.0097047104,2797.5902952896076,2.315562735595056,1.8659445135367043,1.598639053375931,2.1982409810601826,2.5,0.0,18,FALCPAT_6288|FALCPAT_6427|FALCPAT_6477|FALCPAT_6722|FALCPAT_6865|FALCPAT_6996|FALCPAT_7164|FALCPAT_7695|FALCPAT_8070|FALCPAT_8178|FALCPAT_8211|FALCPAT_8364|FALCPAT_8547|FALCPAT_8622|FALCPAT_8890|FALCPAT_9111|FALCPAT_9123
2025-02-20,2025-02-19,2,OLECTRA,1168.0,15:29,1215.15,EOD,21,107,24528.0,24995.2,990.1500000000019,26.644686429900002,963.5053135701019,5045.05000000001,92.69206563329999,4952.35793436671,4.03681506849316,1.7669217250250357,1.540605742700512,2.1289443242834367,-0.12881956121246924,0.0,18,FALCPAT_6251|FALCPAT_6288|FALCPAT_6458|FALCPAT_6477|FALCPAT_6996|FALCPAT_7004|FALCPAT_7021|FALCPAT_7618|FALCPAT_8068|FALCPAT_8079|FALCPAT_8178|FALCPAT_8225|FALCPAT_8455|FALCPAT_8764|FALCPAT_8938|FALCPAT_9266|FALCPAT_9505
2025-02-20,2025-02-19,3,GRSE,1340.0,15:29,1341.0,EOD,18,93,24120.0,24924.0,18.0,25.589626308,-7.589626308,93.0,91.149187258,1.8508127420000022,0.07462686567163423,1.7571381829786765,1.79991589416564,1.900085422927204,2.5,0.0,16,FALCPAT_6288|FALCPAT_6348|FALCPAT_6575|FALCPAT_6578|FALCPAT_6996|FALCPAT_7202|FALCPAT_7631|FALCPAT_7820|FALCPAT_8037|FALCPAT_8171|FALCPAT_8178|FALCPAT_8496|FALCPAT_9048|FALCPAT_9395|FALCPAT_9505|FALCPAT_9522
2025-02-20,2025-02-19,4,KFINTECH,851.2,15:29,879.45,EOD,29,146,24684.800000000003,24855.04,819.25,26.701550680100002,792.5484493199,4124.5,92.18158192740002,4032.3184180726,3.318843984962405,1.5744373442297632,1.8940458846325008,2.896925683880035,2.5,1.0,47,FALCPAT_6145|FALCPAT_6245|FALCPAT_6424|FALCPAT_6474|FALCPAT_6545|FALCPAT_6569|FALCPAT_6578|FALCPAT_6591|FALCPAT_6721|FALCPAT_6793|FALCPAT_6890|FALCPAT_7163|FALCPAT_7514|FALCPAT_7618|FALCPAT_7631|FALCPAT_7753|FALCPAT_7758
2025-02-20,2025-02-19,5,CREDITACC,893.1,15:29,876.2,EOD,27,139,24113.7,24828.18,-456.2999999999994,25.279286268599996,-481.5792862685994,-2349.0999999999967,90.28133499020001,-2439.3813349901966,-1.8922852983988325,1.0035572703292597,1.8334419092116427,2.0609853409866674,-0.12881956121246924,1.0,15,FALCPAT_6174|FALCPAT_6331|FALCPAT_6905|FALCPAT_7297|FALCPAT_7755|FALCPAT_7927|FALCPAT_8097|FALCPAT_8404|FALCPAT_8580|FALCPAT_8641|FALCPAT_8724|FALCPAT_9005|FALCPAT_9062|FALCPAT_9244|FALCPAT_9318
2025-02-20,2025-02-19,6,VIJAYA,914.45,15:29,920.1,EOD,27,136,24690.15,24873.04,152.5499999999994,26.280385424099997,126.2696145758994,768.3999999999969,91.2526995288,677.1473004711969,0.6178577286893638,0.8826564532109948,2.216026654009055,3.0,2.5,2.0,46,FALCPAT_6166|FALCPAT_6229|FALCPAT_6251|FALCPAT_6346|FALCPAT_6392|FALCPAT_6458|FALCPAT_6591|FALCPAT_6871|FALCPAT_6951|FALCPAT_7469|FALCPAT_7491|FALCPAT_7514|FALCPAT_7553|FALCPAT_7602|FALCPAT_7619|FALCPAT_7631|FALCPAT_7740
2025-02-20,2025-02-19,7,GRAVITA,1706.0,15:29,1709.75,EOD,14,73,23884.0,24907.6,52.5,25.361447432999995,27.138552567000005,273.75,91.17202154350001,182.57797845649998,0.21981242672919343,0.36070016908927727,1.5552577178867275,2.3277982917869773,-0.1427704591745545,2.0,27,FALCPAT_6166|FALCPAT_6424|FALCPAT_6578|FALCPAT_6591|FALCPAT_6674|FALCPAT_6871|FALCPAT_6996|FALCPAT_7545|FALCPAT_7561|FALCPAT_8068|FALCPAT_8178|FALCPAT_8269|FALCPAT_8397|FALCPAT_8455|FALCPAT_8494|FALCPAT_8573|FALCPAT_8734
2025-02-21,2025-02-20,1,AMBER,5801.0,15:29,5964.0,EOD,4,21,23204.0,24364.2,652.0,25.024155559999997,626.97584444,3423.0,91.11580669,3331.8841933100002,2.8098603689019175,1.8414616213589798,1.8831408795566429,2.0756014300756993,-0.12459032280431635,0.0,16,FALCPAT_6438|FALCPAT_6591|FALCPAT_6871|FALCPAT_6951|FALCPAT_7021|FALCPAT_7545|FALCPAT_7601|FALCPAT_7976|FALCPAT_8079|FALCPAT_8496|FALCPAT_8766|FALCPAT_8877|FALCPAT_9005|FALCPAT_9123|FALCPAT_9222|FALCPAT_9395
2025-02-21,2025-02-20,2,GRSE,1344.0,15:29,1316.0,EOD,18,93,24192.0,24998.4,-504.0,25.331780879999997,-529.33178088,-2604.0,90.50834788,-2694.50834788,-2.083333333333337,1.7615593600236803,1.6411769481091247,2.0235255828715673,2.5,0.0,15,FALCPAT_6348|FALCPAT_6575|FALCPAT_6578|FALCPAT_6996|FALCPAT_7202|FALCPAT_7631|FALCPAT_7820|FALCPAT_8037|FALCPAT_8171|FALCPAT_8178|FALCPAT_8496|FALCPAT_9048|FALCPAT_9395|FALCPAT_9505|FALCPAT_9522
2025-02-21,2025-02-20,3,KFINTECH,880.0,15:29,907.55,EOD,28,142,24640.0,24992.0,771.3999999999987,26.6234076164,744.7765923835988,3912.0999999999935,92.3621466546,3819.7378533453934,3.130681818181813,1.6464304676174224,2.069650377972719,3.0,2.5,1.0,52,FALCPAT_6205|FALCPAT_6245|FALCPAT_6424|FALCPAT_6474|FALCPAT_6545|FALCPAT_6569|FALCPAT_6578|FALCPAT_6591|FALCPAT_6721|FALCPAT_6793|FALCPAT_6865|FALCPAT_6890|FALCPAT_7163|FALCPAT_7514|FALCPAT_7618|FALCPAT_7631|FALCPAT_7740
2025-02-21,2025-02-20,4,CREDITACC,878.8,15:29,865.0,EOD,28,142,24606.399999999998,24957.92,-386.3999999999987,25.8465227664,-412.2465227663987,-1959.5999999999935,90.62145562959999,-2050.2214556295935,-1.5703231679563001,1.3077139630864771,2.1087363926642166,2.3377859826366936,-2.5,1.0,18,FALCPAT_6174|FALCPAT_6331|FALCPAT_6905|FALCPAT_7005|FALCPAT_7297|FALCPAT_7545|FALCPAT_7755|FALCPAT_7927|FALCPAT_8097|FALCPAT_8404|FALCPAT_8486|FALCPAT_8580|FALCPAT_8641|FALCPAT_8724|FALCPAT_9005|FALCPAT_9062|FALCPAT_9244
2025-02-21,2025-02-20,5,ITI,277.0,15:29,282.65,EOD,90,451,24930.0,24985.4,508.49999999999795,26.762623281,481.73737671899795,2548.1499999999896,91.9601177859,2456.1898822140897,2.0397111913357246,0.9729620035501225,1.641361551784274,2.191316547967864,-0.12459032280431635,1.0,16,FALCPAT_6150|FALCPAT_6245|FALCPAT_6427|FALCPAT_6677|FALCPAT_6697|FALCPAT_6721|FALCPAT_6865|FALCPAT_7471|FALCPAT_7559|FALCPAT_7695|FALCPAT_7799|FALCPAT_8622|FALCPAT_8903|FALCPAT_9111|FALCPAT_9344|FALCPAT_9569
2025-02-21,2025-02-20,6,VIJAYA,923.35,15:29,991.95,EOD,27,135,24930.45,24930.45,1852.2000000000007,27.6233721606,1824.5766278394008,9261.000000000004,93.78467380300002,9167.215326197003,7.42946878215196,0.8412561070086029,1.9952593903655005,3.0,2.5,2.0,46,FALCPAT_6166|FALCPAT_6251|FALCPAT_6346|FALCPAT_6392|FALCPAT_6458|FALCPAT_6591|FALCPAT_6871|FALCPAT_6951|FALCPAT_7469|FALCPAT_7491|FALCPAT_7514|FALCPAT_7553|FALCPAT_7602|FALCPAT_7619|FALCPAT_7631|FALCPAT_7740|FALCPAT_7801
2025-02-24,2025-02-21,1,ANURAS,635.0,09:27,638.15,HARD_STOP,39,196,24765.0,24892.0,122.84999999999911,26.3407455441,96.50925445589911,617.3999999999955,91.2428918524,526.1571081475955,0.4960629921259896,2.119781577137431,1.247592744577077,2.648762219874182,2.039184879413344,0.0,32,FALCPAT_6809|FALCPAT_7383|FALCPAT_7514|FALCPAT_7553|FALCPAT_7631|FALCPAT_7709|FALCPAT_7739|FALCPAT_7828|FALCPAT_7860|FALCPAT_7884|FALCPAT_7927|FALCPAT_7941|FALCPAT_7947|FALCPAT_8178|FALCPAT_8211|FALCPAT_8292|FALCPAT_8361
2025-02-24,2025-02-21,2,KFINTECH,866.05,09:27,873.4,HARD_STOP,28,144,24249.399999999998,24942.239999999998,205.80000000000064,25.847083239599996,179.95291676040063,1058.4000000000033,91.4576534608,966.9423465392033,0.8486807921020745,1.6217286704090255,1.964095124471177,3.0,2.5,1.0,43,FALCPAT_6205|FALCPAT_6245|FALCPAT_6424|FALCPAT_6474|FALCPAT_6545|FALCPAT_6569|FALCPAT_6578|FALCPAT_6591|FALCPAT_6721|FALCPAT_6793|FALCPAT_6865|FALCPAT_6890|FALCPAT_7514|FALCPAT_7631|FALCPAT_7740|FALCPAT_7753|FALCPAT_7758
2025-02-24,2025-02-21,3,BIKAJI,670.0,09:27,651.5,HARD_STOP,37,186,24790.0,24924.0,-684.5,25.850370383000005,-710.350370383,-3441.0,90.137664574,-3531.137664574,-2.7611940298507442,1.0050752314909601,1.498046801898505,2.08062616043232,-0.10907430992652895,1.0,15,FALCPAT_6346|FALCPAT_6809|FALCPAT_7085|FALCPAT_7164|FALCPAT_7561|FALCPAT_7754|FALCPAT_8269|FALCPAT_8646|FALCPAT_8772|FALCPAT_8781|FALCPAT_8854|FALCPAT_8883|FALCPAT_9152|FALCPAT_9170|FALCPAT_9460
2025-02-24,2025-02-21,4,CREDITACC,866.3,09:27,862.4,HARD_STOP,28,144,24256.399999999998,24949.44,-109.19999999999936,25.6528352136,-134.85283521359935,-561.5999999999967,91.00665561280002,-652.6066556127968,-0.45019046519680916,0.5174781594679678,2.137533452260686,2.3474796574819172,-2.5,2.0,17,FALCPAT_6174|FALCPAT_6331|FALCPAT_6905|FALCPAT_7297|FALCPAT_7545|FALCPAT_7755|FALCPAT_7927|FALCPAT_8097|FALCPAT_8404|FALCPAT_8580|FALCPAT_8641|FALCPAT_8724|FALCPAT_8890|FALCPAT_9005|FALCPAT_9062|FALCPAT_9244|FALCPAT_9318
2025-02-24,2025-02-21,5,KAYNES,4307.45,09:27,4230.5,HARD_STOP,5,29,21537.25,24983.21,-384.7499999999991,22.5928928835,-407.3428928834991,-2231.5499999999947,90.5881840243,-2322.138184024295,-1.7864397729515091,-1.1577359116509047,1.4015931449909274,2.5059170576692043,-0.10907430992652895,4.0,27,FALCPAT_6424|FALCPAT_6474|FALCPAT_6569|FALCPAT_6578|FALCPAT_6646|FALCPAT_6865|FALCPAT_6890|FALCPAT_7741|FALCPAT_7754|FALCPAT_7862|FALCPAT_7942|FALCPAT_7976|FALCPAT_8406|FALCPAT_8411|FALCPAT_8547|FALCPAT_8622|FALCPAT_8646
2025-02-25,2025-02-24,1,NEWGEN,956.15,09:24,953.15,HARD_STOP,26,130,24859.899999999998,24859.9,-78.0,26.312793046799996,-104.3127930468,-390.0,90.89797923399999,-480.897979234,-0.3137583015217271,2.1191741621778477,1.6236146627867802,2.6095178605457994,-0.05475602410504265,0.0,17,FALCPAT_6343|FALCPAT_6474|FALCPAT_6575|FALCPAT_6791|FALCPAT_7202|FALCPAT_7226|FALCPAT_7320|FALCPAT_7466|FALCPAT_7735|FALCPAT_8141|FALCPAT_8245|FALCPAT_8571|FALCPAT_8764|FALCPAT_8779|FALCPAT_8803|FALCPAT_9330|FALCPAT_9407
2025-02-25,2025-02-24,2,BEML,1315.5,09:24,1300.9,HARD_STOP,19,95,24994.5,24994.5,-277.3999999999983,26.3278688216,-303.7278688215983,-1386.9999999999914,90.84981210800001,-1477.8498121079913,-1.109844165716456,2.0480476101491507,1.8383070833119453,2.4061172269857547,-0.05475602410504265,0.0,15,FALCPAT_6343|FALCPAT_6474|FALCPAT_7226|FALCPAT_7320|FALCPAT_7348|FALCPAT_7466|FALCPAT_7561|FALCPAT_7572|FALCPAT_7976|FALCPAT_8734|FALCPAT_8888|FALCPAT_8967|FALCPAT_9170|FALCPAT_9403|FALCPAT_9545
2025-02-25,2025-02-24,3,KFINTECH,918.4,09:24,913.4,HARD_STOP,27,136,24796.8,24980.48,-135.0,26.2093856436,-161.2093856436,-680.0,91.0274670048,-771.0274670048,-0.5444250871080136,1.4978079260097024,1.4361684743426704,3.0,2.5,1.0,29,FALCPAT_6145|FALCPAT_6474|FALCPAT_6545|FALCPAT_6569|FALCPAT_6578|FALCPAT_6591|FALCPAT_6643|FALCPAT_6890|FALCPAT_7514|FALCPAT_7860|FALCPAT_7941|FALCPAT_8039|FALCPAT_8069|FALCPAT_8099|FALCPAT_8141|FALCPAT_8171|FALCPAT_8260
2025-02-25,2025-02-24,4,VIJAYA,923.3,09:24,933.75,HARD_STOP,27,135,24929.1,24929.1,282.1500000000012,26.6167537191,255.53324628090124,1410.7500000000061,91.53534909550001,1319.214650904506,1.1318098126286147,0.8118991879704711,1.5772987039590929,3.0,2.5,2.0,34,FALCPAT_6145|FALCPAT_6166|FALCPAT_6266|FALCPAT_6346|FALCPAT_6392|FALCPAT_6458|FALCPAT_6591|FALCPAT_6871|FALCPAT_7514|FALCPAT_7545|FALCPAT_7747|FALCPAT_7781|FALCPAT_7801|FALCPAT_7915|FALCPAT_8066|FALCPAT_8097|FALCPAT_8196
2025-02-25,2025-02-24,5,GRAVITA,1748.0,09:24,1710.0,HARD_STOP,14,71,24472.0,24821.6,-532.0,25.610781111999994,-557.610781112,-2698.0,90.16987506800001,-2788.169875068,-2.1739130434782594,0.5378050255577285,1.177073527961558,2.767468408555843,1.3515132471355285,2.0,21,FALCPAT_6145|FALCPAT_6166|FALCPAT_6174|FALCPAT_6578|FALCPAT_6591|FALCPAT_6871|FALCPAT_7176|FALCPAT_7545|FALCPAT_7561|FALCPAT_8269|FALCPAT_8397|FALCPAT_8494|FALCPAT_8952|FALCPAT_9170|FALCPAT_9338|FALCPAT_9395|FALCPAT_9403
2025-02-27,2025-02-25,1,BDL,1015.0,10:23,1004.3,TRAIL,24,123,24360.0,24969.0,-256.8000000000011,25.668200683199995,-282.4682006832011,-1316.1000000000056,90.82516790140001,-1406.9251679014055,-1.0541871921182278,1.337974666522691,1.4450793220061744,2.7049998625610723,0.013086970130388008,1.0,22,FALCPAT_6245|FALCPAT_6477|FALCPAT_6697|FALCPAT_6721|FALCPAT_6871|FALCPAT_7466|FALCPAT_7567|FALCPAT_7976|FALCPAT_8037|FALCPAT_8397|FALCPAT_8428|FALCPAT_8455|FALCPAT_8494|FALCPAT_8644|FALCPAT_8877|FALCPAT_9111|FALCPAT_9244
2025-02-27,2025-02-25,2,KFINTECH,899.0,10:23,857.5,TRAIL,27,139,24273.0,24992.2,-1120.5,25.022978162999998,-1145.522978163,-5768.5,89.59165969099999,-5858.091659691,-4.61624026696329,0.6472959256527697,1.3758154011430237,3.0,2.447953487840972,2.0,31,FALCPAT_6145|FALCPAT_6474|FALCPAT_6545|FALCPAT_6569|FALCPAT_6578|FALCPAT_6591|FALCPAT_6643|FALCPAT_6890|FALCPAT_7432|FALCPAT_7514|FALCPAT_8039|FALCPAT_8260|FALCPAT_8269|FALCPAT_8291|FALCPAT_8668|FALCPAT_8733|FALCPAT_8772
2025-02-27,2025-02-25,3,CREDITACC,879.3,10:23,953.2,TRAIL,28,142,24620.399999999998,24972.12,2069.2000000000025,27.43350806,2041.7664919400027,10493.800000000014,94.21096659,10399.589033410013,8.404412600932565,-0.07309219757010332,2.214750297433031,2.6927384153217,-2.5,3.0,16,FALCPAT_6174|FALCPAT_6331|FALCPAT_6905|FALCPAT_7005|FALCPAT_7545|FALCPAT_7755|FALCPAT_7927|FALCPAT_8097|FALCPAT_8404|FALCPAT_8580|FALCPAT_8617|FALCPAT_8641|FALCPAT_8724|FALCPAT_8952|FALCPAT_9062|FALCPAT_9244
2025-02-28,2025-02-27,1,BLS,344.0,09:17,337.2,HARD_STOP,72,363,24768.0,24974.4,-489.6000000000008,25.9518204864,-515.5518204864009,-2468.400000000004,90.5048658856,-2558.904865885604,-1.9767441860465196,1.9965933092555188,1.306548835320103,2.4678318960633105,0.02674402737419783,0.0,23,FALCPAT_6288|FALCPAT_6458|FALCPAT_6591|FALCPAT_6996|FALCPAT_7021|FALCPAT_7160|FALCPAT_7545|FALCPAT_7561|FALCPAT_7737|FALCPAT_7747|FALCPAT_7915|FALCPAT_8079|FALCPAT_8196|FALCPAT_8206|FALCPAT_8411|FALCPAT_8781|FALCPAT_8883
2025-02-28,2025-02-27,2,KEC,681.2,09:17,677.5,HARD_STOP,36,183,24523.2,24931.920000000002,-133.20000000000164,25.920398383200002,-159.12039838320163,-677.1000000000083,90.9427217146,-768.0427217146083,-0.543159130945392,1.8428321683647342,1.678647190205702,2.1087203077932797,0.02674402737419783,0.0,15,FALCPAT_6330|FALCPAT_6343|FALCPAT_6521|FALCPAT_6996|FALCPAT_7226|FALCPAT_7545|FALCPAT_7567|FALCPAT_8196|FALCPAT_8569|FALCPAT_8779|FALCPAT_8803|FALCPAT_9330|FALCPAT_9407|FALCPAT_9505|FALCPAT_9522
2025-02-28,2025-02-27,3,NLCINDIA,207.87,09:17,203.39,HARD_STOP,120,601,24944.4,24985.974000000002,-537.6000000000022,26.108153371200004,-563.7081533712022,-2692.480000000011,90.46112476076001,-2782.941124760771,-2.155193149564638,1.8251800451361264,1.3678827435540708,2.28500326933418,0.02674402737419783,0.0,15,FALCPAT_6166|FALCPAT_6575|FALCPAT_6591|FALCPAT_7202|FALCPAT_7780|FALCPAT_7915|FALCPAT_8097|FALCPAT_8196|FALCPAT_8411|FALCPAT_8668|FALCPAT_8789|FALCPAT_8909|FALCPAT_9506|FALCPAT_9542|FALCPAT_9583
2025-02-28,2025-02-27,4,FINCABLES,830.0,09:17,821.05,HARD_STOP,30,150,24900.0,24900.0,-268.50000000000136,26.233354119,-294.7333541190014,-1342.5000000000068,90.696015595,-1433.1960155950069,-1.0783132530120532,1.7987031298490859,1.3359159819760558,2.16241719578425,0.02674402737419783,0.0,16,FALCPAT_6343|FALCPAT_6512|FALCPAT_7296|FALCPAT_7545|FALCPAT_7572|FALCPAT_7870|FALCPAT_8096|FALCPAT_8206|FALCPAT_8241|FALCPAT_8361|FALCPAT_8851|FALCPAT_8888|FALCPAT_8938|FALCPAT_9121|FALCPAT_9541|FALCPAT_9567
2025-02-28,2025-02-27,5,POLYCAB,4650.0,09:17,4751.3,HARD_STOP,5,26,23250.0,24180.0,506.5000000000009,24.979783469,481.5202165310009,2633.8000000000047,90.56530883879998,2543.234691161205,2.1784946236559133,1.7982118182089095,1.6102749595466783,1.984010772665025,0.02674402737419783,0.0,15,FALCPAT_6166|FALCPAT_6458|FALCPAT_6477|FALCPAT_6578|FALCPAT_6927|FALCPAT_7561|FALCPAT_8097|FALCPAT_8206|FALCPAT_8411|FALCPAT_8883|FALCPAT_8909|FALCPAT_9170|FALCPAT_9522|FALCPAT_9541|FALCPAT_9567
2025-02-28,2025-02-27,6,BIKAJI,619.8,09:17,607.1,HARD_STOP,40,201,24792.0,24915.96,-507.99999999999727,25.965491175999993,-533.9654911759973,-2552.699999999986,90.3777505594,-2643.077750559386,-2.049048080025806,0.4454074598498474,1.59600096985407,2.4845509969349076,-2.077377373435235,2.0,23,FALCPAT_6346|FALCPAT_6458|FALCPAT_6578|FALCPAT_6871|FALCPAT_7160|FALCPAT_7202|FALCPAT_7561|FALCPAT_7781|FALCPAT_8206|FALCPAT_8260|FALCPAT_8269|FALCPAT_8459|FALCPAT_8494|FALCPAT_8511|FALCPAT_8772|FALCPAT_8781|FALCPAT_8952
2025-02-28,2025-02-27,7,KAYNES,3999.65,09:17,3950.05,HARD_STOP,6,31,23997.9,24797.83,-297.59999999999945,25.2580897932,-322.85808979319944,-1537.5999999999972,90.46012279819999,-1628.0601227981972,-1.2401085094945752,-2.011658455858444,1.447870083472766,2.416291753657321,-1.7536663886953223,5.0,25,FALCPAT_6343|FALCPAT_6474|FALCPAT_6569|FALCPAT_6575|FALCPAT_6578|FALCPAT_6890|FALCPAT_7202|FALCPAT_7226|FALCPAT_7755|FALCPAT_7787|FALCPAT_8096|FALCPAT_8138|FALCPAT_8241|FALCPAT_8411|FALCPAT_8459|FALCPAT_8724|FALCPAT_8779
2025-03-03,2025-02-28,1,GRANULES,460.0,10:02,460.6,HARD_STOP,54,271,24840.0,24932.0,32.40000000000123,26.362371002399996,6.037628997601232,162.60000000000616,91.1832066676,71.41679333240616,0.13043478260870156,1.8054585197740893,1.2801360125995325,2.1322468915112753,0.07483380380878929,0.0,26,FALCPAT_6145|FALCPAT_6174|FALCPAT_6346|FALCPAT_6591|FALCPAT_6871|FALCPAT_7545|FALCPAT_7737|FALCPAT_7747|FALCPAT_7820|FALCPAT_7870|FALCPAT_8079|FALCPAT_8196|FALCPAT_8206|FALCPAT_8269|FALCPAT_8361|FALCPAT_8411|FALCPAT_8511
2025-03-03,2025-02-28,2,REDINGTON,227.61,10:02,225.23,HARD_STOP,109,549,24809.49,24991.578,-259.4200000000026,26.14318586056,-285.56318586056256,-1306.620000000013,90.86766963016,-1397.487669630173,-1.0456482579851656,1.7654403309883424,1.619543907489005,2.020324947223655,0.07483380380878929,0.0,17,FALCPAT_6174|FALCPAT_6320|FALCPAT_6882|FALCPAT_7209|FALCPAT_7884|FALCPAT_8040|FALCPAT_8224|FALCPAT_8381|FALCPAT_8580|FALCPAT_8641|FALCPAT_8879|FALCPAT_8890|FALCPAT_9006|FALCPAT_9152|FALCPAT_9203|FALCPAT_9368|FALCPAT_9406
2025-03-03,2025-02-28,3,WELSPUNLIV,107.0,10:02,110.05,HARD_STOP,233,1168,24931.0,24995.2,710.6499999999993,26.893105418899996,683.7568945810993,3562.399999999997,92.26769265440001,3470.132307345597,2.850467289719627,1.6192040337873315,1.4490832822930555,1.9128207272453495,0.07483380380878929,0.0,16,FALCPAT_6145|FALCPAT_6174|FALCPAT_6330|FALCPAT_6474|FALCPAT_6578|FALCPAT_6996|FALCPAT_7567|FALCPAT_7737|FALCPAT_8241|FALCPAT_8312|FALCPAT_8733|FALCPAT_8779|FALCPAT_9121|FALCPAT_9317|FALCPAT_9407|FALCPAT_9505
2025-03-03,2025-02-28,4,POLYCAB,4830.75,10:02,4596.7,HARD_STOP,5,25,24153.75,24153.75,-1170.250000000001,24.864668018499998,-1195.1146680185009,-5851.250000000005,88.09040759250001,-5939.340407592505,-4.845003363866896,1.5687478239898542,1.6315540018669752,1.6401218833332483,2.5,0.0,15,FALCPAT_6166|FALCPAT_6458|FALCPAT_6477|FALCPAT_6578|FALCPAT_6927|FALCPAT_7561|FALCPAT_8097|FALCPAT_8206|FALCPAT_8411|FALCPAT_8883|FALCPAT_8909|FALCPAT_9170|FALCPAT_9522|FALCPAT_9541|FALCPAT_9567
2025-03-03,2025-02-28,5,VIJAYA,915.75,10:02,902.3,HARD_STOP,27,136,24725.25,24908.4,-363.1500000000012,25.987442741099997,-389.1374427411012,-1829.2000000000062,90.57151238479999,-1919.771512384806,-1.4687414687414746,0.6457706941436268,1.2739338828076263,3.0,2.5,2.0,33,FALCPAT_6145|FALCPAT_6166|FALCPAT_6346|FALCPAT_6392|FALCPAT_6458|FALCPAT_6591|FALCPAT_6871|FALCPAT_6951|FALCPAT_7514|FALCPAT_7545|FALCPAT_7747|FALCPAT_7801|FALCPAT_7915|FALCPAT_8066|FALCPAT_8097|FALCPAT_8196|FALCPAT_8270
2025-03-03,2025-02-28,6,PPLPHARMA,190.0,10:02,190.39,HARD_STOP,131,657,24890.0,24966.0,51.08999999999821,26.427359426339997,24.662640573658216,256.22999999999104,91.26992284798,164.96007715201102,0.2052631578947306,0.37002067897172863,1.6337541603795782,2.3908301395953613,0.07483380380878929,2.0,23,FALCPAT_6145|FALCPAT_6166|FALCPAT_6229|FALCPAT_6251|FALCPAT_6458|FALCPAT_6578|FALCPAT_6591|FALCPAT_6791|FALCPAT_6871|FALCPAT_6951|FALCPAT_6996|FALCPAT_7021|FALCPAT_7491|FALCPAT_7737|FALCPAT_7801|FALCPAT_8196|FALCPAT_8496
2025-03-04,2025-03-03,1,ACE,1009.05,15:29,1070.0,EOD,24,123,24217.199999999997,24822.629999999997,1462.800000000001,26.617700767199995,1436.1822992328011,7496.850000000006,93.0897213319,7403.7602786681055,6.040334968534755,1.8025492832732692,1.8361812532706985,2.0357703457565886,0.000402786311322955,0.0,22,FALCPAT_6229|FALCPAT_6346|FALCPAT_6458|FALCPAT_6646|FALCPAT_6871|FALCPAT_7202|FALCPAT_7545|FALCPAT_7801|FALCPAT_7915|FALCPAT_8079|FALCPAT_8171|FALCPAT_8178|FALCPAT_8397|FALCPAT_8411|FALCPAT_8781|FALCPAT_8883|FALCPAT_8890
2025-03-04,2025-03-03,2,NUVAMA,980.0,15:29,1031.5,EOD,25,127,24500.0,24892.0,1287.5,26.805364974999996,1260.694635025,6540.5,92.938237073,6447.561762927,5.255102040816317,1.7780037975663532,1.309317546049764,2.188451317577459,0.000402786311322955,0.0,25,FALCPAT_6145|FALCPAT_6166|FALCPAT_6174|FALCPAT_6346|FALCPAT_6458|FALCPAT_6791|FALCPAT_7545|FALCPAT_7737|FALCPAT_7780|FALCPAT_8097|FALCPAT_8196|FALCPAT_8260|FALCPAT_8312|FALCPAT_8617|FALCPAT_8641|FALCPAT_8668|FALCPAT_8687
2025-03-04,2025-03-03,3,CAPLIPOINT,1606.0,15:29,1809.3,EOD,15,77,24090.0,24732.4,3049.499999999999,27.498657867,3022.001342132999,15654.099999999997,95.2655296506,15558.834470349397,12.658779576587786,1.700092079431469,1.4673377460460175,1.983632469696112,0.000402786311322955,0.0,21,FALCPAT_6166|FALCPAT_6174|FALCPAT_6458|FALCPAT_6591|FALCPAT_6996|FALCPAT_7514|FALCPAT_7545|FALCPAT_7737|FALCPAT_7747|FALCPAT_7947|FALCPAT_8079|FALCPAT_8097|FALCPAT_8178|FALCPAT_8196|FALCPAT_8397|FALCPAT_8411|FALCPAT_8781
2025-03-04,2025-03-03,4,OLECTRA,1020.05,15:29,1058.0,EOD,24,122,24481.199999999997,24889.219999999998,910.8000000000011,26.544255343199996,884.2557446568011,4629.900000000005,92.3864745946,4537.513525405405,3.7204058624577208,1.6545351604223597,1.4213879916977394,1.991675775973428,0.000402786311322955,0.0,21,FALCPAT_6251|FALCPAT_6288|FALCPAT_6458|FALCPAT_6477|FALCPAT_6996|FALCPAT_7004|FALCPAT_7021|FALCPAT_7572|FALCPAT_7780|FALCPAT_8079|FALCPAT_8178|FALCPAT_8241|FALCPAT_8764|FALCPAT_8938|FALCPAT_9221|FALCPAT_9266|FALCPAT_9403
2025-03-04,2025-03-03,5,HBLENGINE,419.95,15:29,437.75,EOD,59,297,24777.05,24945.03,1050.2000000000007,26.947237571799995,1023.2527624282008,5286.600000000003,92.6727909394,5193.927209060603,4.238599833313494,1.6208249487281825,1.6914466586131456,1.8687891707285635,0.000402786311322955,0.0,20,FALCPAT_6145|FALCPAT_6166|FALCPAT_6174|FALCPAT_6223|FALCPAT_6251|FALCPAT_6475|FALCPAT_6545|FALCPAT_6569|FALCPAT_6927|FALCPAT_6996|FALCPAT_7021|FALCPAT_7737|FALCPAT_8079|FALCPAT_8724|FALCPAT_8766|FALCPAT_8883|FALCPAT_8890
2025-03-04,2025-03-03,6,SAREGAMA,448.05,15:29,468.0,EOD,55,278,24642.75,24911.58,1097.2499999999993,26.8349415015,1070.4150584984993,5546.099999999997,92.68811898940001,5453.4118810105965,4.452628054904584,1.605586783091187,1.7904230882977512,1.8079567863484574,0.000402786311322955,0.0,16,FALCPAT_6166|FALCPAT_6439|FALCPAT_6477|FALCPAT_6591|FALCPAT_6646|FALCPAT_6871|FALCPAT_6905|FALCPAT_6996|FALCPAT_7801|FALCPAT_7915|FALCPAT_7976|FALCPAT_8397|FALCPAT_8909|FALCPAT_9048|FALCPAT_9222|FALCPAT_9426
2025-03-04,2025-03-03,7,JBMA,512.0,15:29,521.8,EOD,48,244,24576.0,24985.6,470.3999999999978,26.362830662399997,444.03716933759785,2391.199999999989,91.9155470672,2299.284452932789,1.9140624999999911,1.5614020600037841,1.6730161569029198,1.7717778336251249,0.000402786311322955,0.0,17,FALCPAT_6348|FALCPAT_6424|FALCPAT_6474|FALCPAT_7004|FALCPAT_7226|FALCPAT_7572|FALCPAT_7786|FALCPAT_8245|FALCPAT_8260|FALCPAT_8571|FALCPAT_8764|FALCPAT_8787|FALCPAT_8803|FALCPAT_8888|FALCPAT_9243|FALCPAT_9449|FALCPAT_9505
2025-03-04,2025-03-03,8,DATAPATTNS,1400.0,15:29,1411.9,EOD,17,89,23800.0,24920.0,202.30000000000155,25.3682753198,176.93172468020154,1059.100000000008,91.4186611566,967.6813388434081,0.8500000000000174,1.507706370305388,1.5705045211966937,1.740346800203375,0.000402786311322955,0.0,16,FALCPAT_6569|FALCPAT_6575|FALCPAT_7004|FALCPAT_7466|FALCPAT_7758|FALCPAT_7780|FALCPAT_7786|FALCPAT_8037|FALCPAT_8068|FALCPAT_8245|FALCPAT_8397|FALCPAT_8494|FALCPAT_8571|FALCPAT_8764|FALCPAT_8787|FALCPAT_8803
2025-03-04,2025-03-03,9,BLS,326.05,15:29,341.2,EOD,76,383,24779.8,24975.43,1151.3999999999983,27.014944685999996,1124.3850553139982,5802.449999999992,92.87401332549999,5709.575986674492,4.646526606348722,1.0256532886210394,1.605330771871751,2.090165420995291,-2.5,1.0,31,FALCPAT_6288|FALCPAT_6458|FALCPAT_6591|FALCPAT_6951|FALCPAT_6996|FALCPAT_7021|FALCPAT_7160|FALCPAT_7545|FALCPAT_7561|FALCPAT_7600|FALCPAT_7631|FALCPAT_7747|FALCPAT_7915|FALCPAT_8079|FALCPAT_8269|FALCPAT_8361|FALCPAT_8411
2025-03-04,2025-03-03,10,GRAVITA,1508.0,15:29,1597.0,EOD,16,82,24128.0,24731.2,1424.0,26.498267679999998,1397.50173232,7298.0,92.87168186,7205.12831814,5.901856763925739,-0.30581535340736643,1.715915763116309,2.4502692534280177,0.000402786311322955,3.0,46,FALCPAT_6145|FALCPAT_6166|FALCPAT_6174|FALCPAT_6288|FALCPAT_6475|FALCPAT_6477|FALCPAT_6545|FALCPAT_6569|FALCPAT_6578|FALCPAT_6591|FALCPAT_6871|FALCPAT_6890|FALCPAT_6996|FALCPAT_7176|FALCPAT_7202|FALCPAT_7508|FALCPAT_7545
2025-03-04,2025-03-03,11,VIJAYA,932.65,15:29,978.0,EOD,26,134,24248.899999999998,24995.019999999997,1179.1000000000006,26.4696849794,1152.6303150206006,6076.900000000003,92.9870907246,5983.912909275403,4.862488607730664,-0.43700996216170207,1.3346438502839135,2.529915558271839,-2.5,3.0,28,FALCPAT_6145|FALCPAT_6166|FALCPAT_6346|FALCPAT_6392|FALCPAT_6591|FALCPAT_6871|FALCPAT_7176|FALCPAT_7514|FALCPAT_7553|FALCPAT_7747|FALCPAT_7758|FALCPAT_7781|FALCPAT_7801|FALCPAT_7860|FALCPAT_8397|FALCPAT_8411|FALCPAT_8428
2025-03-05,2025-03-04,1,ACE,1078.95,15:29,1088.95,EOD,23,115,24815.850000000002,24815.85,230.0,26.4632697442,203.5367302558,1150.0,91.26113972099998,1058.738860279,0.9268270077390062,1.7422025923069069,1.9623336502901807,1.932522961045684,2.5,0.0,19,FALCPAT_6229|FALCPAT_6346|FALCPAT_6458|FALCPAT_6646|FALCPAT_6871|FALCPAT_7202|FALCPAT_7545|FALCPAT_7801|FALCPAT_7915|FALCPAT_8079|FALCPAT_8171|FALCPAT_8397|FALCPAT_8411|FALCPAT_8781|FALCPAT_8883|FALCPAT_8909|FALCPAT_9016
2025-03-05,2025-03-04,2,OLECTRA,1062.05,15:29,1088.65,EOD,23,117,24427.149999999998,24851.969999999998,611.8000000000031,26.295510338599996,585.5044896614031,3112.200000000016,91.8864252094,3020.3135747906163,2.504590179370103,1.72170950893217,1.4855089427424426,2.0450468713238394,2.5,0.0,22,FALCPAT_6251|FALCPAT_6288|FALCPAT_6458|FALCPAT_6477|FALCPAT_6996|FALCPAT_7004|FALCPAT_7021|FALCPAT_7572|FALCPAT_7780|FALCPAT_8068|FALCPAT_8079|FALCPAT_8178|FALCPAT_8241|FALCPAT_8764|FALCPAT_8938|FALCPAT_9221|FALCPAT_9266
2025-03-05,2025-03-04,3,JBMA,521.0,15:29,536.2,EOD,47,239,24487.0,24903.8,714.4000000000021,26.4246655784,687.9753344216022,3632.800000000011,92.12677240080001,3540.6732275992113,2.9174664107485704,1.688520422874989,1.6952343542438204,2.0096570438619876,2.5,0.0,22,FALCPAT_6348|FALCPAT_6424|FALCPAT_6474|FALCPAT_6674|FALCPAT_7004|FALCPAT_7226|FALCPAT_7572|FALCPAT_7786|FALCPAT_8068|FALCPAT_8245|FALCPAT_8260|FALCPAT_8455|FALCPAT_8571|FALCPAT_8734|FALCPAT_8764|FALCPAT_8787|FALCPAT_8803
2025-03-05,2025-03-04,4,CAPLIPOINT,1800.0,15:29,1846.0,EOD,13,69,23400.0,24840.0,598.0,25.197431948000006,572.802568052,3174.0,91.88301972400001,3082.116980276,2.5555555555555554,1.5983650978876867,2.0045490206259413,1.5987717978836216,2.5,0.0,15,FALCPAT_6166|FALCPAT_6458|FALCPAT_6591|FALCPAT_6882|FALCPAT_6996|FALCPAT_7514|FALCPAT_7545|FALCPAT_7947|FALCPAT_8397|FALCPAT_8411|FALCPAT_8781|FALCPAT_8883|FALCPAT_8890|FALCPAT_8952|FALCPAT_9016
2025-03-05,2025-03-04,5,NUVAMA,1043.0,15:29,1075.0,EOD,23,119,23989.0,24823.4,736.0,25.910389364,710.089610636,3808.0,92.03523349200002,3715.964766508,3.0680728667305868,1.5307722165418574,1.245642915942291,1.866086245416821,2.5,0.0,16,FALCPAT_6346|FALCPAT_6458|FALCPAT_8097|FALCPAT_8260|FALCPAT_8361|FALCPAT_8581|FALCPAT_8668|FALCPAT_8733|FALCPAT_8789|FALCPAT_8909|FALCPAT_9243|FALCPAT_9317|FALCPAT_9368|FALCPAT_9426|FALCPAT_9506|FALCPAT_9541
2025-03-05,2025-03-04,6,HBLENGINE,440.0,15:29,457.0,EOD,56,284,24640.0,24992.0,952.0,26.739032432,925.260967568,4828.0,92.624301048,4735.375698952,3.863636363636358,1.4472083362767652,1.6506006781593716,1.6315557828508054,2.5,0.0,16,FALCPAT_6166|FALCPAT_6251|FALCPAT_6475|FALCPAT_6545|FALCPAT_6569|FALCPAT_6927|FALCPAT_7021|FALCPAT_8455|FALCPAT_8724|FALCPAT_8766|FALCPAT_8883|FALCPAT_8938|FALCPAT_9395|FALCPAT_9450|FALCPAT_9506|FALCPAT_9583
2025-03-05,2025-03-04,7,BDL,1048.5,15:29,1061.8,EOD,23,119,24115.5,24954.3,305.89999999999895,25.769175339399993,280.13082466059893,1582.6999999999946,91.6289746082,1491.0710253917946,1.268478779208393,0.9256516065759404,1.2978039374018742,2.0560972330654317,-0.14052777543872536,1.0,28,FALCPAT_6245|FALCPAT_6663|FALCPAT_6677|FALCPAT_6697|FALCPAT_7394|FALCPAT_7471|FALCPAT_7695|FALCPAT_7740|FALCPAT_7963|FALCPAT_7976|FALCPAT_7983|FALCPAT_8037|FALCPAT_8226|FALCPAT_8547|FALCPAT_8584|FALCPAT_8622|FALCPAT_8854
2025-03-05,2025-03-04,8,BLS,343.0,15:29,340.65,EOD,72,364,24696.0,24970.4,-169.20000000000164,26.080596352799994,-195.28059635280164,-855.4000000000083,90.95949938359999,-946.3594993836083,-0.6851311953352868,0.8661852371769694,1.6783039003883131,1.9138907699149506,2.5,1.0,23,FALCPAT_6458|FALCPAT_6591|FALCPAT_6951|FALCPAT_6996|FALCPAT_7021|FALCPAT_7348|FALCPAT_7545|FALCPAT_7561|FALCPAT_7631|FALCPAT_7915|FALCPAT_8079|FALCPAT_8269|FALCPAT_8411|FALCPAT_8455|FALCPAT_8668|FALCPAT_8781|FALCPAT_8883
2025-03-05,2025-03-04,9,GRAVITA,1602.55,15:29,1633.55,EOD,15,78,24038.25,24999.78,465.0,25.789115379,439.210884621,2418.0,91.9482067708,2326.0517932292,1.9344170228698054,-0.310343948462541,1.81579710464076,2.4307083525635367,2.5,3.0,43,FALCPAT_6166|FALCPAT_6424|FALCPAT_6475|FALCPAT_6545|FALCPAT_6569|FALCPAT_6578|FALCPAT_6591|FALCPAT_6674|FALCPAT_6871|FALCPAT_6890|FALCPAT_6996|FALCPAT_7202|FALCPAT_7508|FALCPAT_7545|FALCPAT_7561|FALCPAT_7618|FALCPAT_7631
2025-03-06,2025-03-05,1,GPIL,165.99,15:29,178.8,EOD,150,753,24898.5,24998.094,1921.5000000000005,27.633858380999996,1893.8661416190005,9645.930000000002,94.01405709262,9551.915942907382,7.717332369419849,1.9213373689464148,1.4960186503424588,2.2985134845628274,-0.13752843943421092,0.0,29,FALCPAT_7545|FALCPAT_7631|FALCPAT_7860|FALCPAT_7915|FALCPAT_7941|FALCPAT_7976|FALCPAT_8037|FALCPAT_8141|FALCPAT_8260|FALCPAT_8406|FALCPAT_8429|FALCPAT_8455|FALCPAT_8496|FALCPAT_8644|FALCPAT_8781|FALCPAT_8854|FALCPAT_8877
2025-03-06,2025-03-05,2,JBMA,537.2,15:29,540.0,EOD,46,232,24711.2,24926.08,128.7999999999979,26.287502571199997,102.51249742879791,649.5999999999894,91.31216615039999,558.2878338495894,0.5212211466865124,1.8784978309844056,1.76430758515196,2.220209715333516,2.5,0.0,24,FALCPAT_6348|FALCPAT_6424|FALCPAT_6474|FALCPAT_6674|FALCPAT_7004|FALCPAT_7226|FALCPAT_7469|FALCPAT_7508|FALCPAT_7572|FALCPAT_8068|FALCPAT_8245|FALCPAT_8260|FALCPAT_8455|FALCPAT_8734|FALCPAT_8764|FALCPAT_8787|FALCPAT_8803
2025-03-06,2025-03-05,3,TARIL,404.0,15:29,410.25,EOD,61,309,24644.0,24967.2,381.25,26.3778652505,354.8721347495,1931.25,91.75147183450001,1839.4985281655,1.5470297029702929,1.8148754302624495,2.1618682084700387,1.8487248809643888,-0.13752843943421092,0.0,15,FALCPAT_6229|FALCPAT_6424|FALCPAT_6696|FALCPAT_7471|FALCPAT_7631|FALCPAT_7753|FALCPAT_8070|FALCPAT_8171|FALCPAT_8269|FALCPAT_8291|FALCPAT_8584|FALCPAT_8645|FALCPAT_8668|FALCPAT_9243|FALCPAT_9301
2025-03-06,2025-03-05,4,ACE,1099.3,15:29,1104.0,EOD,22,113,24184.6,24844.18,103.400000000001,25.7128068076,77.687193192401,531.1000000000051,91.13391927539999,439.96608072460515,0.4275448012371452,1.7149645602493542,1.914244525259198,1.9641464539596534,2.5,0.0,15,FALCPAT_6346|FALCPAT_6458|FALCPAT_6646|FALCPAT_6871|FALCPAT_7202|FALCPAT_7915|FALCPAT_8171|FALCPAT_8397|FALCPAT_8411|FALCPAT_8781|FALCPAT_8883|FALCPAT_8909|FALCPAT_9016|FALCPAT_9048|FALCPAT_9426
2025-03-06,2025-03-05,5,JYOTICNC,833.3,15:29,916.35,EOD,30,150,24999.0,24999.0,2491.500000000002,28.105362626999998,2463.394637373002,12457.500000000011,94.82039813499999,12362.679601865011,9.96639865594624,1.5801116566210913,1.563750048122852,1.7645945715685325,-0.13752843943421092,0.0,17,FALCPAT_6145|FALCPAT_6882|FALCPAT_6996|FALCPAT_7561|FALCPAT_8037|FALCPAT_8171|FALCPAT_8642|FALCPAT_8668|FALCPAT_8733|FALCPAT_9016|FALCPAT_9121|FALCPAT_9170|FALCPAT_9243|FALCPAT_9395|FALCPAT_9541|FALCPAT_9567|FALCPAT_9583
2025-03-06,2025-03-05,6,GRAVITA,1648.0,15:29,1700.0,EOD,15,75,24720.0,24720.0,780.0,26.713749720000003,753.28625028,3900.0,91.8793486,3808.1206514,3.1553398058252524,0.6100781286996408,1.7376434826905147,2.620988098428562,2.5,2.0,44,FALCPAT_6424|FALCPAT_6475|FALCPAT_6545|FALCPAT_6569|FALCPAT_6578|FALCPAT_6591|FALCPAT_6674|FALCPAT_6871|FALCPAT_6890|FALCPAT_6996|FALCPAT_7164|FALCPAT_7202|FALCPAT_7508|FALCPAT_7545|FALCPAT_7561|FALCPAT_7619|FALCPAT_7631
2025-03-06,2025-03-05,7,BLS,342.1,15:29,339.8,EOD,73,365,24973.300000000003,24973.300000000003,-167.90000000000083,26.375491986200004,-194.27549198620085,-839.5000000000041,90.96916093099998,-930.4691609310041,-0.6723180356620895,0.21649708647505328,1.2739261313339736,2.211735079946996,-0.6761449201874761,2.0,28,FALCPAT_6251|FALCPAT_6458|FALCPAT_6591|FALCPAT_6951|FALCPAT_6996|FALCPAT_7021|FALCPAT_7545|FALCPAT_7561|FALCPAT_7600|FALCPAT_7631|FALCPAT_7915|FALCPAT_8079|FALCPAT_8143|FALCPAT_8247|FALCPAT_8269|FALCPAT_8411|FALCPAT_8455
2025-03-07,2025-03-06,1,ERIS,1275.85,15:29,1260.0,EOD,19,97,24241.149999999998,24751.489999999998,-301.1499999999983,25.513771939900003,-326.66377193989825,-1537.4499999999912,90.3785026037,-1627.8285026036913,-1.2423090488693722,2.2892590155504267,1.3890936429236842,2.938803568024863,-0.13836846636448424,0.0,42,FALCPAT_6721|FALCPAT_6793|FALCPAT_6809|FALCPAT_6881|FALCPAT_6953|FALCPAT_7075|FALCPAT_7085|FALCPAT_7164|FALCPAT_7179|FALCPAT_7394|FALCPAT_7412|FALCPAT_7471|FALCPAT_7559|FALCPAT_7620|FALCPAT_7695|FALCPAT_7709|FALCPAT_7764
2025-03-07,2025-03-06,2,ANURAS,761.0,15:29,786.0,EOD,32,164,24352.0,24960.8,800.0,26.336307903999998,773.663692096,4100.0,92.360946008,4007.639053992,3.285151116951379,2.2235691594724365,1.1822193847189777,2.821717231551824,-0.13836846636448424,0.0,49,FALCPAT_6205|FALCPAT_6245|FALCPAT_6427|FALCPAT_6677|FALCPAT_6793|FALCPAT_6809|FALCPAT_6953|FALCPAT_7056|FALCPAT_7164|FALCPAT_7179|FALCPAT_7184|FALCPAT_7209|FALCPAT_7383|FALCPAT_7394|FALCPAT_7471|FALCPAT_7559|FALCPAT_7620
2025-03-07,2025-03-06,3,TARIL,414.0,15:29,420.5,EOD,60,301,24840.0,24922.8,390.0,26.591315820000002,363.40868418,1956.5,91.68045469699999,1864.819545303,1.570048309178751,1.9531147795760906,2.291755672489956,2.052276497403528,2.5,0.0,17,FALCPAT_6424|FALCPAT_6439|FALCPAT_6646|FALCPAT_7432|FALCPAT_7631|FALCPAT_7753|FALCPAT_8070|FALCPAT_8171|FALCPAT_8269|FALCPAT_8291|FALCPAT_8547|FALCPAT_8584|FALCPAT_8645|FALCPAT_8668|FALCPAT_9243|FALCPAT_9301|FALCPAT_9370
2025-03-07,2025-03-06,4,JBMA,537.2,15:29,548.7,EOD,46,232,24711.2,24926.08,529.0,26.543721016400003,502.4562789836,2668.0,91.88988470880001,2576.1101152912,2.1407297096053712,1.845415193244401,1.5928350537326443,2.2513000357695074,2.5,0.0,24,FALCPAT_6348|FALCPAT_6424|FALCPAT_6474|FALCPAT_6674|FALCPAT_7004|FALCPAT_7226|FALCPAT_7469|FALCPAT_7508|FALCPAT_7572|FALCPAT_7600|FALCPAT_8068|FALCPAT_8260|FALCPAT_8455|FALCPAT_8734|FALCPAT_8764|FALCPAT_8787|FALCPAT_8803
2025-03-07,2025-03-06,5,PPLPHARMA,200.95,15:29,201.58,EOD,124,622,24917.8,24998.18,78.12000000000296,26.47414530072,51.645854699282964,391.86000000001485,91.36545320716,300.49454679285486,0.3135108235879702,1.77623559671327,1.555941107497639,2.1136776317733865,-0.13836846636448424,0.0,20,FALCPAT_6145|FALCPAT_6166|FALCPAT_6424|FALCPAT_6578|FALCPAT_6591|FALCPAT_6951|FALCPAT_7491|FALCPAT_7618|FALCPAT_8068|FALCPAT_8101|FALCPAT_8496|FALCPAT_8644|FALCPAT_8904|FALCPAT_8952|FALCPAT_9016|FALCPAT_9048|FALCPAT_9061
2025-03-07,2025-03-06,6,INOXWIND,152.3,15:29,168.07,EOD,164,820,24977.2,24977.200000000004,2586.279999999997,28.142925393679995,2558.137074606317,12931.399999999985,94.9176233684,12836.482376631586,10.354563361785928,1.6879168043068427,1.7032212429317712,1.9333821417144241,-0.13836846636448424,0.0,16,FALCPAT_6575|FALCPAT_6578|FALCPAT_7202|FALCPAT_7348|FALCPAT_7600|FALCPAT_7740|FALCPAT_7753|FALCPAT_7941|FALCPAT_7965|FALCPAT_8101|FALCPAT_8448|FALCPAT_8546|FALCPAT_8584|FALCPAT_8621|FALCPAT_8645|FALCPAT_9547
2025-03-07,2025-03-06,7,ZENTEC,1193.9,15:29,1260.0,EOD,20,104,23878.0,24833.120000000003,1321.9999999999982,26.167851628,1295.832148371998,6874.3999999999905,92.93004606559998,6781.469953934391,5.53647709188374,1.5505496260395581,1.807269121671291,1.724662134209075,-0.13836846636448424,0.0,15,FALCPAT_6521|FALCPAT_6645|FALCPAT_6927|FALCPAT_7572|FALCPAT_7602|FALCPAT_7753|FALCPAT_7787|FALCPAT_7799|FALCPAT_8645|FALCPAT_8734|FALCPAT_8764|FALCPAT_8803|FALCPAT_8888|FALCPAT_9330|FALCPAT_9449
2025-03-07,2025-03-06,8,GRAVITA,1707.0,15:29,1682.55,EOD,14,73,23898.0,24922.2,-342.30000000000064,25.1235325362,-367.42353253620064,-1784.8500000000033,90.6085256959,-1875.4585256959033,-1.4323374340949102,1.3987620304967183,2.004975651776689,2.5353476743240364,2.5,1.0,33,FALCPAT_6424|FALCPAT_6475|FALCPAT_6578|FALCPAT_6591|FALCPAT_6674|FALCPAT_6871|FALCPAT_7164|FALCPAT_7508|FALCPAT_7545|FALCPAT_7561|FALCPAT_7619|FALCPAT_7631|FALCPAT_7753|FALCPAT_7764|FALCPAT_7799|FALCPAT_8101|FALCPAT_8143
2025-03-07,2025-03-06,9,BLS,339.95,15:29,346.95,EOD,73,367,24816.35,24952.329999999998,511.0,26.6437034762,484.3562965238,2569.0,91.9078076598,2477.0921923402,2.059126342109141,-0.4400083679634328,1.479456061640562,2.3620593761253033,-2.5,3.0,30,FALCPAT_6251|FALCPAT_6458|FALCPAT_6591|FALCPAT_6951|FALCPAT_6996|FALCPAT_7021|FALCPAT_7545|FALCPAT_7561|FALCPAT_7600|FALCPAT_7631|FALCPAT_7915|FALCPAT_8079|FALCPAT_8143|FALCPAT_8247|FALCPAT_8269|FALCPAT_8411|FALCPAT_8455
2025-03-10,2025-03-07,1,ANURAS,784.95,09:26,774.4,HARD_STOP,31,159,24333.45,24961.41,-327.0500000000021,25.5950698061,-352.64506980610213,-1677.4500000000107,90.70836458289999,-1768.1583645829107,-1.3440346518886592,2.2698116478794548,1.2353039784025577,2.9263567397283756,2.5,0.0,47,FALCPAT_6205|FALCPAT_6245|FALCPAT_6427|FALCPAT_6677|FALCPAT_6721|FALCPAT_6809|FALCPAT_6953|FALCPAT_7056|FALCPAT_7164|FALCPAT_7179|FALCPAT_7184|FALCPAT_7209|FALCPAT_7383|FALCPAT_7394|FALCPAT_7471|FALCPAT_7559|FALCPAT_7620
2025-03-10,2025-03-07,2,JBMA,554.3,09:26,539.75,HARD_STOP,45,225,24943.499999999996,24943.499999999996,-654.749999999998,26.032196488499995,-680.7821964884979,-3273.74999999999,90.2198999425,-3363.96989994249,-2.6249323471044472,1.9582814963438915,1.5936812061146863,2.3733488999451113,2.5,0.0,22,FALCPAT_6348|FALCPAT_6424|FALCPAT_6474|FALCPAT_6674|FALCPAT_7004|FALCPAT_7226|FALCPAT_7469|FALCPAT_7508|FALCPAT_7572|FALCPAT_7600|FALCPAT_8260|FALCPAT_8455|FALCPAT_8734|FALCPAT_8764|FALCPAT_8787|FALCPAT_8803|FALCPAT_8888
2025-03-10,2025-03-07,3,TARIL,421.9,09:26,423.85,HARD_STOP,59,296,24892.1,24976.48,115.05000000000268,26.470535230499998,88.57946476950269,577.2000000000135,91.380261292,485.81973870801346,0.46219483289879904,1.8869807018120577,1.8650676224643157,2.147068981799687,2.5,0.0,15,FALCPAT_6424|FALCPAT_6439|FALCPAT_6646|FALCPAT_7432|FALCPAT_7631|FALCPAT_8070|FALCPAT_8171|FALCPAT_8269|FALCPAT_8291|FALCPAT_8547|FALCPAT_8585|FALCPAT_8668|FALCPAT_9243|FALCPAT_9301|FALCPAT_9370
2025-03-10,2025-03-07,4,BDL,1135.2,09:26,1137.7,HARD_STOP,22,110,24974.4,24974.4,55.0,26.5193648588,28.4806351412,275.0,91.290098294,183.70990170599998,0.22022551092317766,1.3157642683507242,1.6259833699804622,2.5084690556608455,1.0596054524031546,1.0,27,FALCPAT_6245|FALCPAT_6663|FALCPAT_6677|FALCPAT_6697|FALCPAT_6953|FALCPAT_7394|FALCPAT_7471|FALCPAT_7603|FALCPAT_7695|FALCPAT_7862|FALCPAT_7963|FALCPAT_7983|FALCPAT_8037|FALCPAT_8226|FALCPAT_8450|FALCPAT_8547|FALCPAT_8574
2025-03-10,2025-03-07,5,GRSE,1396.0,09:26,1361.3,HARD_STOP,17,89,23732.0,24848.8,-589.9000000000008,24.7889775466,-614.6889775466008,-3088.300000000004,90.1060945322,-3178.406094532204,-2.4856733524355357,1.0835956339326154,1.7550011863692787,2.1234748935205197,-0.13357022676418048,1.0,18,FALCPAT_6575|FALCPAT_6578|FALCPAT_6663|FALCPAT_7202|FALCPAT_7631|FALCPAT_7862|FALCPAT_8037|FALCPAT_8102|FALCPAT_8171|FALCPAT_8496|FALCPAT_8547|FALCPAT_8574|FALCPAT_8585|FALCPAT_8622|FALCPAT_8646|FALCPAT_9048|FALCPAT_9370
2025-03-10,2025-03-07,6,KFINTECH,937.0,09:26,916.2,HARD_STOP,26,133,24362.0,24924.2,-540.7999999999988,25.4884974032,-566.2884974031988,-2766.399999999994,90.33110508559999,-2856.731105085594,-2.2198505869797214,0.6460475738097506,1.539459054132888,2.8669956101413816,-0.13357022676418048,2.0,38,FALCPAT_6205|FALCPAT_6245|FALCPAT_6424|FALCPAT_6545|FALCPAT_6569|FALCPAT_6578|FALCPAT_6591|FALCPAT_6721|FALCPAT_6793|FALCPAT_6865|FALCPAT_6890|FALCPAT_7514|FALCPAT_7942|FALCPAT_7976|FALCPAT_8039|FALCPAT_8069|FALCPAT_8099
2025-03-10,2025-03-07,7,GRAVITA,1691.0,09:26,1741.05,HARD_STOP,14,73,23674.0,24688.6,700.6999999999994,25.5537470062,675.1462529937994,3653.649999999997,91.75350186089999,3561.896498139097,2.95978710821998,0.6369711564020708,1.6463951993010777,2.7134675879727177,0.9553034121417058,2.0,35,FALCPAT_6424|FALCPAT_6475|FALCPAT_6545|FALCPAT_6578|FALCPAT_6591|FALCPAT_6674|FALCPAT_6871|FALCPAT_7164|FALCPAT_7508|FALCPAT_7545|FALCPAT_7561|FALCPAT_7631|FALCPAT_7753|FALCPAT_7764|FALCPAT_7799|FALCPAT_8143|FALCPAT_8247
2025-03-10,2025-03-07,8,BLS,347.25,09:26,343.65,HARD_STOP,71,359,24654.75,24932.55,-255.60000000000161,25.981537181399993,-281.5815371814016,-1292.4000000000083,90.7677170806,-1383.1677170806083,-1.0367170626349953,-0.36793263960176503,1.6501059590788798,2.4488737728007437,1.6094647390234487,3.0,27,FALCPAT_6251|FALCPAT_6458|FALCPAT_6591|FALCPAT_6951|FALCPAT_7021|FALCPAT_7348|FALCPAT_7545|FALCPAT_7561|FALCPAT_7600|FALCPAT_7631|FALCPAT_7915|FALCPAT_8079|FALCPAT_8143|FALCPAT_8247|FALCPAT_8269|FALCPAT_8411|FALCPAT_8455
2025-03-11,2025-03-10,1,360ONE,889.3,09:32,889.2,HARD_STOP,28,140,24900.399999999998,24900.4,-2.7999999999974534,26.403886348,-29.203886347997454,-13.999999999987267,91.07697174000002,-105.07697173998729,-0.011244799280318851,2.0884166249202663,1.7139666344411568,2.4425295030485543,-0.07205649626277275,0.0,15,FALCPAT_6145|FALCPAT_6166|FALCPAT_6229|FALCPAT_6346|FALCPAT_6458|FALCPAT_7737|FALCPAT_7755|FALCPAT_8097|FALCPAT_8206|FALCPAT_8361|FALCPAT_8668|FALCPAT_8687|FALCPAT_8883|FALCPAT_9243|FALCPAT_9338
2025-03-11,2025-03-10,2,HBLENGINE,430.0,09:32,424.4,HARD_STOP,58,290,24940.0,24940.0,-324.8000000000013,26.239727475199995,-351.0397274752013,-1624.0000000000066,90.68593337600001,-1714.6859333760067,-1.3023255813953583,1.8972045174133791,1.6650595553144505,2.298098911546055,-0.07205649626277275,0.0,15,FALCPAT_6145|FALCPAT_6166|FALCPAT_6174|FALCPAT_6223|FALCPAT_6251|FALCPAT_6545|FALCPAT_6569|FALCPAT_6927|FALCPAT_7021|FALCPAT_8724|FALCPAT_8766|FALCPAT_8938|FALCPAT_9450|FALCPAT_9506|FALCPAT_9583
2025-03-11,2025-03-10,3,NEWGEN,932.0,09:32,940.0,HARD_STOP,26,134,24232.0,24977.6,208.0,25.830039871999997,182.169960128,1072.0,91.52385964800001,980.476140352,0.8583690987124415,1.2019770831492005,1.3486847715847978,2.494581737902488,-0.07205649626277275,1.0,17,FALCPAT_6343|FALCPAT_6474|FALCPAT_6575|FALCPAT_7160|FALCPAT_7202|FALCPAT_7226|FALCPAT_7320|FALCPAT_7755|FALCPAT_8241|FALCPAT_8459|FALCPAT_8511|FALCPAT_8779|FALCPAT_8803|FALCPAT_8949|FALCPAT_9330|FALCPAT_9407|FALCPAT_9449
2025-03-11,2025-03-10,4,KAYNES,4200.0,09:32,4143.5,HARD_STOP,5,29,21000.0,24360.0,-282.5,22.088628155,-304.588628155,-1638.5,89.659672299,-1728.159672299,-1.3452380952380993,0.42229594967180484,1.2674079401861649,2.4919394067942062,-0.07205649626277275,2.0,21,FALCPAT_6474|FALCPAT_6569|FALCPAT_6578|FALCPAT_6890|FALCPAT_7297|FALCPAT_7755|FALCPAT_8096|FALCPAT_8138|FALCPAT_8241|FALCPAT_8411|FALCPAT_8459|FALCPAT_8724|FALCPAT_8779|FALCPAT_8803|FALCPAT_9121|FALCPAT_9222|FALCPAT_9427
2025-03-11,2025-03-10,5,BIKAJI,642.55,09:32,633.25,HARD_STOP,38,194,24416.899999999998,24930.94,-353.3999999999983,25.666694570399994,-379.0666945703983,-1804.1999999999912,90.61838937520001,-1894.8183893751911,-1.4473581822426196,0.41526248163928825,1.8642656705270777,2.3549055274917188,-0.07205649626277275,2.0,15,FALCPAT_7160|FALCPAT_7202|FALCPAT_7561|FALCPAT_7781|FALCPAT_7786|FALCPAT_8269|FALCPAT_8459|FALCPAT_8494|FALCPAT_8772|FALCPAT_8781|FALCPAT_9152|FALCPAT_9170|FALCPAT_9403|FALCPAT_9583|FALCPAT_9597
2025-03-11,2025-03-10,6,KFINTECH,885.0,09:32,883.55,HARD_STOP,28,141,24780.0,24957.0,-40.60000000000127,26.252007384400002,-66.85200738440128,-204.4500000000064,91.1222039143,-295.57220391430644,-0.1638418079096149,-0.1168722971153251,1.5286138914685314,2.99515564142064,-2.5,3.0,29,FALCPAT_6474|FALCPAT_6545|FALCPAT_6569|FALCPAT_6578|FALCPAT_6591|FALCPAT_6643|FALCPAT_6890|FALCPAT_7432|FALCPAT_7514|FALCPAT_8039|FALCPAT_8260|FALCPAT_8269|FALCPAT_8291|FALCPAT_8668|FALCPAT_8733|FALCPAT_8772|FALCPAT_8779
2025-03-11,2025-03-10,7,BLS,325.9,09:32,321.4,HARD_STOP,76,383,24768.399999999998,24963.94,-342.0,26.046742024799993,-368.0467420248,-1723.5,90.6996423934,-1814.1996423934,-1.3807916538815634,-0.996164074104851,1.5261527922910805,2.718888703609409,-1.8352769257478192,4.0,24,FALCPAT_6251|FALCPAT_6458|FALCPAT_6591|FALCPAT_7021|FALCPAT_7160|FALCPAT_7545|FALCPAT_7561|FALCPAT_7747|FALCPAT_7915|FALCPAT_8079|FALCPAT_8206|FALCPAT_8269|FALCPAT_8411|FALCPAT_8511|FALCPAT_8668|FALCPAT_8733|FALCPAT_8781
2025-03-12,2025-03-11,1,NUVAMA,1030.0,09:32,1040.0,TRAIL,24,121,24720.0,24926.0,240.0,26.368027679999994,213.63197232000002,1210.0,91.47242622,1118.52757378,0.9708737864077666,2.1984776932553847,1.3157918370403965,2.8104455616780744,0.02250549102038807,0.0,21,FALCPAT_6346|FALCPAT_6458|FALCPAT_6881|FALCPAT_7545|FALCPAT_7737|FALCPAT_8097|FALCPAT_8196|FALCPAT_8260|FALCPAT_8312|FALCPAT_8361|FALCPAT_8617|FALCPAT_8641|FALCPAT_8668|FALCPAT_8687|FALCPAT_8733|FALCPAT_8909|FALCPAT_9243
2025-03-12,2025-03-11,2,INDUSINDBK,630.0,09:32,647.9,TRAIL,39,198,24570.0,24948.0,698.0999999999991,26.5022474106,671.5977525893991,3544.1999999999953,92.1793046692,3452.020695330795,2.8412698412698445,2.1322642420235605,2.0120266240502955,2.361950886235605,0.02250549102038807,0.0,19,FALCPAT_6343|FALCPAT_6348|FALCPAT_6512|FALCPAT_7226|FALCPAT_7567|FALCPAT_7737|FALCPAT_7870|FALCPAT_8196|FALCPAT_8260|FALCPAT_8291|FALCPAT_8361|FALCPAT_8779|FALCPAT_8787|FALCPAT_8888|FALCPAT_9005|FALCPAT_9203|FALCPAT_9266
2025-03-12,2025-03-11,3,LODHA,1122.1,09:32,1119.95,TRAIL,22,111,24686.199999999997,24910.62,-47.299999999997,26.1482474726,-73.448247472597,-238.64999999998486,91.03068136630002,-329.6806813662849,-0.191605026289976,2.1036875585442774,1.0256462730684794,2.775147188917044,0.02250549102038807,0.0,22,FALCPAT_6150|FALCPAT_6205|FALCPAT_6266|FALCPAT_6424|FALCPAT_6646|FALCPAT_6675|FALCPAT_6722|FALCPAT_6793|FALCPAT_7348|FALCPAT_7553|FALCPAT_7976|FALCPAT_8037|FALCPAT_8171|FALCPAT_8258|FALCPAT_8455|FALCPAT_8854|FALCPAT_8877
2025-03-12,2025-03-11,4,360ONE,868.0,09:32,853.3,TRAIL,28,144,24304.0,24998.4,-411.6000000000013,25.5097083864,-437.1097083864013,-2116.8000000000065,90.6477971872,-2207.4477971872066,-1.6935483870967771,1.4527791852124559,1.37218896140936,2.830161990727564,-2.5,1.0,24,FALCPAT_6145|FALCPAT_6166|FALCPAT_6229|FALCPAT_6346|FALCPAT_6458|FALCPAT_7202|FALCPAT_7561|FALCPAT_7737|FALCPAT_7755|FALCPAT_7801|FALCPAT_8097|FALCPAT_8206|FALCPAT_8269|FALCPAT_8361|FALCPAT_8496|FALCPAT_8511|FALCPAT_8619
2025-03-12,2025-03-11,5,KFINTECH,919.0,09:32,922.2,TRAIL,27,136,24813.0,24996.8,86.40000000000123,26.368311002399995,60.031688997601236,435.2000000000062,91.3754263232,343.82457367680615,0.3482045701849845,-1.0431867221667246,1.483126764861067,2.78565449211067,-2.5,4.0,27,FALCPAT_6474|FALCPAT_6545|FALCPAT_6569|FALCPAT_6578|FALCPAT_6591|FALCPAT_6643|FALCPAT_6890|FALCPAT_7432|FALCPAT_7514|FALCPAT_7860|FALCPAT_7941|FALCPAT_8039|FALCPAT_8069|FALCPAT_8260|FALCPAT_8269|FALCPAT_8291|FALCPAT_8315
2025-03-12,2025-03-11,6,BLS,329.5,09:32,330.5,TRAIL,75,379,24712.5,24976.1,75.0,26.254437,48.745563000000004,379.0,91.32286164,287.67713836,0.3034901365705611,-1.8830810267506388,1.3051909265520716,2.6533627816036094,-2.5,5.0,26,FALCPAT_6251|FALCPAT_6458|FALCPAT_6591|FALCPAT_6996|FALCPAT_7021|FALCPAT_7160|FALCPAT_7561|FALCPAT_7737|FALCPAT_7747|FALCPAT_7915|FALCPAT_8079|FALCPAT_8196|FALCPAT_8206|FALCPAT_8269|FALCPAT_8411|FALCPAT_8511|FALCPAT_8668
2025-03-13,2025-03-12,1,POLICYBZR,1419.7,09:18,1403.75,HARD_STOP,17,88,24134.9,24986.72,-271.1500000000008,25.4203056949,-296.57030569490075,-1403.600000000004,90.83135037359999,-1494.431350373604,-1.123476790871314,2.1191546973453756,1.426733883457594,2.59824869425094,-0.03440842381248991,0.0,23,FALCPAT_6458|FALCPAT_6791|FALCPAT_6951|FALCPAT_7183|FALCPAT_7561|FALCPAT_7870|FALCPAT_8097|FALCPAT_8269|FALCPAT_8361|FALCPAT_8411|FALCPAT_8429|FALCPAT_8496|FALCPAT_8668|FALCPAT_8687|FALCPAT_8781|FALCPAT_8883|FALCPAT_8909
2025-03-13,2025-03-12,2,INDUSINDBK,690.0,09:18,691.95,HARD_STOP,36,181,24840.0,24978.0,70.20000000000164,26.386571545199995,43.81342845480164,352.95000000000823,91.3187537467,261.63124625330823,0.2826086956521756,2.1099623800809924,2.1813423128003766,2.2880224862245506,2.5,0.0,18,FALCPAT_6343|FALCPAT_6348|FALCPAT_6512|FALCPAT_7226|FALCPAT_7567|FALCPAT_7737|FALCPAT_7870|FALCPAT_8196|FALCPAT_8260|FALCPAT_8291|FALCPAT_8361|FALCPAT_8779|FALCPAT_8787|FALCPAT_8888|FALCPAT_9005|FALCPAT_9266|FALCPAT_9368
2025-03-13,2025-03-12,3,360ONE,848.75,09:18,845.7,HARD_STOP,29,147,24613.75,24953.25,-88.44999999999868,26.0450724253,-114.49507242529867,-448.3499999999933,91.0457849179,-539.3957849178933,-0.35935198821795966,0.6604649948974468,1.5142656418694984,2.8422620483159866,-2.5,2.0,26,FALCPAT_6145|FALCPAT_6166|FALCPAT_6229|FALCPAT_6346|FALCPAT_6458|FALCPAT_7202|FALCPAT_7432|FALCPAT_7561|FALCPAT_7737|FALCPAT_7755|FALCPAT_7801|FALCPAT_7820|FALCPAT_8097|FALCPAT_8206|FALCPAT_8269|FALCPAT_8361|FALCPAT_8496
2025-03-13,2025-03-12,4,KAYNES,4300.0,09:18,4227.9,HARD_STOP,5,29,21500.0,24940.0,-360.5000000000018,22.568916527,-383.0689165270018,-2090.9000000000106,90.5522944566,-2181.4522944566106,-1.6767441860465193,0.4182928914400579,1.394912137172062,2.410592959480714,-2.5,2.0,19,FALCPAT_6474|FALCPAT_6569|FALCPAT_6578|FALCPAT_6890|FALCPAT_7297|FALCPAT_8406|FALCPAT_8411|FALCPAT_8486|FALCPAT_8497|FALCPAT_8724|FALCPAT_8789|FALCPAT_9121|FALCPAT_9222|FALCPAT_9317|FALCPAT_9427|FALCPAT_9450|FALCPAT_9506
2025-03-17,2025-03-13,1,NUVAMA,1011.5,09:42,1031.0,TRAIL,24,123,24276.0,24882.9,468.0,26.04315852,441.95684148,2398.5,91.73665241499998,2306.763347585,1.9278299555116174,2.13748858508253,1.212345577289207,2.730890185577944,2.5,0.0,25,FALCPAT_6145|FALCPAT_6166|FALCPAT_6174|FALCPAT_6346|FALCPAT_6458|FALCPAT_6881|FALCPAT_7545|FALCPAT_7737|FALCPAT_7780|FALCPAT_8097|FALCPAT_8196|FALCPAT_8260|FALCPAT_8312|FALCPAT_8361|FALCPAT_8641|FALCPAT_8668|FALCPAT_8687
2025-03-17,2025-03-13,2,INDUSINDBK,705.0,09:42,702.75,TRAIL,35,177,24675.0,24957.0,-78.75,26.116235302499998,-104.8662353025,-398.25,91.0667333155,-489.3167333155,-0.31914893617021045,1.9918228721242779,2.0872081405256213,2.149288102090078,2.5,0.0,18,FALCPAT_6343|FALCPAT_6348|FALCPAT_6512|FALCPAT_7226|FALCPAT_7567|FALCPAT_7737|FALCPAT_7870|FALCPAT_8196|FALCPAT_8260|FALCPAT_8291|FALCPAT_8361|FALCPAT_8779|FALCPAT_8787|FALCPAT_8888|FALCPAT_9005|FALCPAT_9266|FALCPAT_9368
2025-03-17,2025-03-13,3,ZENSARTECH,655.05,09:42,641.15,TRAIL,38,190,24891.899999999998,24891.899999999998,-528.1999999999991,26.058497765599995,-554.2584977655991,-2640.9999999999955,90.31007682799999,-2731.3100768279955,-2.121975421723532,1.9210180391149514,1.848815214823504,2.2566446646902922,-0.0019192811779540188,0.0,17,FALCPAT_6145|FALCPAT_6591|FALCPAT_7561|FALCPAT_7737|FALCPAT_7915|FALCPAT_7947|FALCPAT_8097|FALCPAT_8196|FALCPAT_8411|FALCPAT_8781|FALCPAT_8909|FALCPAT_9016|FALCPAT_9170|FALCPAT_9244|FALCPAT_9317|FALCPAT_9542|FALCPAT_9568
2025-03-17,2025-03-13,4,POLICYBZR,1325.3,09:42,1313.95,TRAIL,18,94,23855.399999999998,24915.64,-204.29999999999836,25.166708468999996,-229.46670846899835,-1066.8999999999915,90.80246122700001,-1157.7024612269915,-0.8564098694635147,1.4112295386070282,1.4674003162521236,2.729291596146386,-2.5,1.0,29,FALCPAT_6145|FALCPAT_6166|FALCPAT_6458|FALCPAT_6791|FALCPAT_6951|FALCPAT_7021|FALCPAT_7183|FALCPAT_7561|FALCPAT_7737|FALCPAT_7801|FALCPAT_7870|FALCPAT_8196|FALCPAT_8269|FALCPAT_8361|FALCPAT_8411|FALCPAT_8496|FALCPAT_8668
2025-03-17,2025-03-13,5,HBLENGINE,413.65,09:42,413.95,TRAIL,60,302,24819.0,24984.46,18.000000000000682,26.330882256,-8.330882255999317,90.60000000000343,91.25504655520001,-0.6550465551965772,0.07252508159072413,1.0873702733815098,1.6122010997396408,2.2591571954779726,-1.4809007187110592,1.0,17,FALCPAT_6145|FALCPAT_6166|FALCPAT_6174|FALCPAT_6223|FALCPAT_6251|FALCPAT_6545|FALCPAT_6569|FALCPAT_6927|FALCPAT_6996|FALCPAT_7021|FALCPAT_7737|FALCPAT_8079|FALCPAT_8724|FALCPAT_8883|FALCPAT_8938|FALCPAT_9522|FALCPAT_9583
2025-03-17,2025-03-13,6,KEC,684.0,09:42,706.7,TRAIL,36,182,24624.0,24897.6,817.2000000000016,26.6357627352,790.5642372648016,4131.400000000009,92.25855867240001,4039.141441327609,3.3187134502923987,0.9897315358959273,1.3617441339849192,2.152306124962521,-0.0019192811779540188,1.0,15,FALCPAT_6330|FALCPAT_6343|FALCPAT_6521|FALCPAT_6996|FALCPAT_7226|FALCPAT_7545|FALCPAT_7567|FALCPAT_7787|FALCPAT_8196|FALCPAT_8569|FALCPAT_8779|FALCPAT_8803|FALCPAT_9330|FALCPAT_9407|FALCPAT_9522
2025-03-17,2025-03-13,7,360ONE,864.85,09:42,865.1,TRAIL,28,144,24215.8,24907.68,7.0,25.6841751236,-18.6841751236,36.0,91.10411229280002,-55.104112292800025,0.028906746834711505,-0.12955583208071042,1.960083479985583,2.6620311547470443,-2.5,3.0,25,FALCPAT_6145|FALCPAT_6166|FALCPAT_6229|FALCPAT_6346|FALCPAT_6458|FALCPAT_7202|FALCPAT_7561|FALCPAT_7737|FALCPAT_7755|FALCPAT_7801|FALCPAT_7820|FALCPAT_8097|FALCPAT_8206|FALCPAT_8269|FALCPAT_8361|FALCPAT_8496|FALCPAT_8511
2025-03-17,2025-03-13,8,KAYNES,4250.7,09:42,4315.35,TRAIL,5,29,21253.5,24654.059999999998,323.25000000000273,22.7452696365,300.50473036350274,1874.8500000000158,91.1834945917,1783.6665054083157,1.520925965135178,-0.32233051282730063,1.4107497204606536,2.4896927508102764,-2.5,3.0,26,FALCPAT_6474|FALCPAT_6569|FALCPAT_6575|FALCPAT_6578|FALCPAT_6890|FALCPAT_7202|FALCPAT_7297|FALCPAT_8096|FALCPAT_8138|FALCPAT_8241|FALCPAT_8411|FALCPAT_8486|FALCPAT_8497|FALCPAT_8724|FALCPAT_8779|FALCPAT_8789|FALCPAT_8803
2025-03-18,2025-03-17,1,OLECTRA,1030.0,15:29,1062.4,EOD,24,121,24720.0,24926.0,777.6000000000022,26.712213177600002,750.8877868224022,3920.400000000011,92.24821317040002,3828.151786829611,3.1456310679611743,1.9411665620664993,1.6106518452629155,2.3038686689020715,-0.004245947143595801,0.0,16,FALCPAT_6251|FALCPAT_6288|FALCPAT_6458|FALCPAT_7021|FALCPAT_7572|FALCPAT_7780|FALCPAT_8079|FALCPAT_8241|FALCPAT_8764|FALCPAT_8938|FALCPAT_8949|FALCPAT_9403|FALCPAT_9505|FALCPAT_9522|FALCPAT_9541|FALCPAT_9567
2025-03-18,2025-03-17,3,GRAVITA,1591.7,15:29,1660.4,EOD,15,78,23875.5,24830.52,1030.5000000000007,25.978574618999996,1004.5214253810007,5358.600000000004,92.4916028188,5266.108397181204,4.316139976126165,1.3775926014107387,1.4284601035622644,2.7276194751775718,-0.004245947143595801,1.0,26,FALCPAT_6145|FALCPAT_6166|FALCPAT_6174|FALCPAT_6545|FALCPAT_6569|FALCPAT_6578|FALCPAT_6591|FALCPAT_6890|FALCPAT_7160|FALCPAT_7202|FALCPAT_7561|FALCPAT_8269|FALCPAT_8494|FALCPAT_8511|FALCPAT_8569|FALCPAT_8724|FALCPAT_8733
2025-03-18,2025-03-17,4,ANURAS,766.6,15:29,786.0,EOD,32,163,24531.2,24991.16,620.7999999999993,26.4116124032,594.3883875967992,3162.199999999996,92.14602547879998,3070.0539745211963,2.5306548395512607,0.937062254895835,0.9653171859044408,2.0706842849095253,-0.004245947143595801,1.0,15,FALCPAT_7828|FALCPAT_7947|FALCPAT_8274|FALCPAT_8292|FALCPAT_8381|FALCPAT_8726|FALCPAT_8773|FALCPAT_8942|FALCPAT_8953|FALCPAT_9060|FALCPAT_9152|FALCPAT_9195|FALCPAT_9261|FALCPAT_9331|FALCPAT_9413
2025-03-18,2025-03-17,5,POLICYBZR,1371.05,15:29,1450.85,EOD,18,91,24678.899999999998,24953.11,1436.3999999999992,27.090409489199995,1409.3095905107991,7261.799999999996,93.25238359539998,7168.547616404596,5.820356660953285,0.537425605870189,1.3114214305197676,2.7469713993496594,-2.5,2.0,23,FALCPAT_6458|FALCPAT_7021|FALCPAT_7561|FALCPAT_7801|FALCPAT_8171|FALCPAT_8269|FALCPAT_8411|FALCPAT_8494|FALCPAT_8668|FALCPAT_8724|FALCPAT_8781|FALCPAT_8877|FALCPAT_8883|FALCPAT_8909|FALCPAT_9016|FALCPAT_9111|FALCPAT_9170
2025-03-18,2025-03-17,6,KAYNES,4381.2,15:29,4493.0,EOD,5,28,21906.0,24534.719999999998,559.0000000000009,23.588147846000002,535.4118521540009,3130.400000000005,91.3325575376,3039.067442462405,2.551812288870625,0.2936520352300038,1.4360874578028355,2.247857769586005,2.5,2.0,16,FALCPAT_6474|FALCPAT_6569|FALCPAT_6578|FALCPAT_6890|FALCPAT_7297|FALCPAT_8411|FALCPAT_8571|FALCPAT_8724|FALCPAT_8789|FALCPAT_9121|FALCPAT_9222|FALCPAT_9427|FALCPAT_9450|FALCPAT_9506|FALCPAT_9541|FALCPAT_9567
2025-03-18,2025-03-17,7,HBLENGINE,408.55,15:29,419.0,EOD,61,305,24921.55,24921.55,637.4499999999994,26.836219604299995,610.6137803956993,3187.2499999999964,92.0305245215,3095.2194754784964,2.5578264594296796,0.22642603886953605,1.151370528621054,2.316535164739274,-2.5,2.0,16,FALCPAT_6145|FALCPAT_6166|FALCPAT_6174|FALCPAT_6223|FALCPAT_6251|FALCPAT_6545|FALCPAT_6569|FALCPAT_6927|FALCPAT_7021|FALCPAT_8079|FALCPAT_8724|FALCPAT_8766|FALCPAT_8883|FALCPAT_8938|FALCPAT_9522|FALCPAT_9583
2025-03-18,2025-03-17,8,BLS,339.8,15:29,348.5,EOD,73,367,24805.4,24941.32,635.0999999999992,26.7115435734,608.3884564265992,3192.899999999996,92.0669815786,3100.833018421396,2.56032960565038,-1.303064831674623,1.2756872439534233,2.367460754145965,1.857810433514574,4.0,20,FALCPAT_6251|FALCPAT_6458|FALCPAT_6591|FALCPAT_7348|FALCPAT_7561|FALCPAT_7915|FALCPAT_8079|FALCPAT_8225|FALCPAT_8269|FALCPAT_8411|FALCPAT_8455|FALCPAT_8511|FALCPAT_8668|FALCPAT_8781|FALCPAT_8883|FALCPAT_8909|FALCPAT_9016
2025-03-19,2025-03-18,1,FACT,633.7,15:29,643.35,EOD,39,197,24714.300000000003,24967.780000000002,376.3499999999991,26.449277918700002,349.90072208129914,1901.0499999999956,91.7438499201,1809.3061500798956,1.5228025879753693,1.8769122367673206,1.863502079537162,2.190742137462732,-0.11324289457486782,0.0,16,FALCPAT_6205|FALCPAT_6343|FALCPAT_6424|FALCPAT_6645|FALCPAT_7226|FALCPAT_8141|FALCPAT_8171|FALCPAT_8245|FALCPAT_8734|FALCPAT_8764|FALCPAT_8877|FALCPAT_9300|FALCPAT_9407|FALCPAT_9545|FALCPAT_9569|FALCPAT_9584
2025-03-19,2025-03-18,2,JBMA,527.65,15:29,540.0,EOD,47,236,24799.55,24905.079999999998,580.4500000000011,26.670351578299996,553.779648421701,2914.6000000000054,91.9234605804,2822.6765394196054,2.3405666635080147,1.3859106780996948,1.913461799221437,2.672289602986352,-0.11324289457486782,1.0,21,FALCPAT_6348|FALCPAT_6424|FALCPAT_6474|FALCPAT_6674|FALCPAT_7004|FALCPAT_7226|FALCPAT_7572|FALCPAT_7786|FALCPAT_8245|FALCPAT_8260|FALCPAT_8455|FALCPAT_8571|FALCPAT_8734|FALCPAT_8764|FALCPAT_8888|FALCPAT_8951|FALCPAT_9243
2025-03-19,2025-03-18,3,GRAVITA,1670.0,15:29,1722.9,EOD,14,74,23380.0,24716.0,740.6000000000013,25.267519135599997,715.3324808644013,3914.6000000000067,91.87647845960001,3822.7235215404066,3.1676646706586986,1.2745578911925224,1.6545429009588497,2.4815509861676466,2.5,1.0,22,FALCPAT_6424|FALCPAT_6545|FALCPAT_6569|FALCPAT_6578|FALCPAT_6591|FALCPAT_6645|FALCPAT_6674|FALCPAT_7202|FALCPAT_7545|FALCPAT_7561|FALCPAT_8269|FALCPAT_8455|FALCPAT_8494|FALCPAT_8724|FALCPAT_8734|FALCPAT_9170|FALCPAT_9243
2025-03-19,2025-03-18,4,POLICYBZR,1454.0,15:29,1549.0,EOD,17,85,24718.0,24718.0,1615.0,27.246217526000002,1587.753782474,8075.0,93.07081763,7981.92918237,6.53370013755159,0.6103633897076608,1.4682689294684048,2.8145990010824686,2.5,2.0,30,FALCPAT_6458|FALCPAT_6865|FALCPAT_6951|FALCPAT_7085|FALCPAT_7179|FALCPAT_7183|FALCPAT_7561|FALCPAT_7942|FALCPAT_8171|FALCPAT_8269|FALCPAT_8364|FALCPAT_8411|FALCPAT_8429|FALCPAT_8496|FALCPAT_8668|FALCPAT_8781|FALCPAT_8854
2025-03-19,2025-03-18,5,HBLENGINE,421.0,15:29,473.8,EOD,59,296,24839.0,24923.2,3115.2000000000007,28.3349992632,3086.8650007368005,15628.800000000003,95.59452734080001,15533.205472659203,12.541567695961998,0.3928347946835795,1.3374596845993052,2.5417931310265596,2.5,2.0,20,FALCPAT_6145|FALCPAT_6166|FALCPAT_6251|FALCPAT_6545|FALCPAT_6569|FALCPAT_6927|FALCPAT_7021|FALCPAT_7466|FALCPAT_7545|FALCPAT_8079|FALCPAT_8455|FALCPAT_8724|FALCPAT_8883|FALCPAT_8938|FALCPAT_9300|FALCPAT_9395|FALCPAT_9506
2025-03-20,2025-03-19,1,TARIL,449.05,09:46,439.5,HARD_STOP,55,278,24697.75,24967.18,-525.2500000000007,25.854499676499998,-551.1044996765007,-2654.9000000000033,90.4387612194,-2745.3387612194033,-2.126711947444604,2.2060182545914895,1.999916488123853,2.550221666389418,-0.12631143068291673,0.0,18,FALCPAT_6424|FALCPAT_6439|FALCPAT_6646|FALCPAT_7471|FALCPAT_7603|FALCPAT_7631|FALCPAT_7760|FALCPAT_8070|FALCPAT_8171|FALCPAT_8291|FALCPAT_8450|FALCPAT_8547|FALCPAT_8585|FALCPAT_8668|FALCPAT_9243|FALCPAT_9301|FALCPAT_9370
2025-03-20,2025-03-19,2,ITI,260.0,09:46,258.0,HARD_STOP,96,480,24960.0,24960.0,-192.0,26.345958528,-218.345958528,-960.0,90.91123264000001,-1050.91123264,-0.7692307692307665,1.918056775423707,1.3250794536560029,2.3653464629498395,-0.12631143068291673,0.0,17,FALCPAT_6150|FALCPAT_6245|FALCPAT_6424|FALCPAT_6674|FALCPAT_6697|FALCPAT_6721|FALCPAT_6865|FALCPAT_7559|FALCPAT_8245|FALCPAT_8405|FALCPAT_8903|FALCPAT_9111|FALCPAT_9300|FALCPAT_9345|FALCPAT_9428|FALCPAT_9545|FALCPAT_9569
2025-03-20,2025-03-19,3,BSE,1478.0,09:46,1461.0,HARD_STOP,16,84,23648.0,24830.4,-272.0,24.903427424,-296.90342742400003,-1428.0,90.548889976,-1518.548889976,-1.1502029769959399,1.9180122568051994,1.693841428278021,2.27041996884493,-0.12631143068291673,0.0,17,FALCPAT_6150|FALCPAT_6266|FALCPAT_6793|FALCPAT_6823|FALCPAT_7348|FALCPAT_7514|FALCPAT_7600|FALCPAT_7754|FALCPAT_8037|FALCPAT_8141|FALCPAT_8171|FALCPAT_8781|FALCPAT_8907|FALCPAT_8952|FALCPAT_8967|FALCPAT_9395|FALCPAT_9505
2025-03-20,2025-03-19,4,GRSE,1710.0,09:46,1702.65,HARD_STOP,14,73,23940.0,24966.0,-102.89999999999873,25.321341624600002,-128.22134162459872,-536.5499999999934,91.0430085997,-627.5930085996933,-0.42982456140350234,1.3859566786431425,1.6311676180496173,2.602961588158145,-0.12631143068291673,1.0,21,FALCPAT_6440|FALCPAT_6663|FALCPAT_6953|FALCPAT_7184|FALCPAT_7209|FALCPAT_7349|FALCPAT_7603|FALCPAT_7621|FALCPAT_7631|FALCPAT_7760|FALCPAT_7862|FALCPAT_8102|FALCPAT_8248|FALCPAT_8547|FALCPAT_8574|FALCPAT_8585|FALCPAT_8622
2025-03-20,2025-03-19,5,GRAVITA,1749.9,09:46,1727.55,HARD_STOP,14,71,24498.600000000002,24848.58,-312.9000000000019,25.7792626518,-338.67926265180193,-1586.8500000000097,90.5354608627,-1677.3854608627098,-1.2772158409051992,1.0964206925911706,1.4236937966348808,2.352140662777931,2.5,1.0,16,FALCPAT_6424|FALCPAT_6578|FALCPAT_6591|FALCPAT_7545|FALCPAT_7561|FALCPAT_7631|FALCPAT_8269|FALCPAT_8455|FALCPAT_8573|FALCPAT_8734|FALCPAT_9170|FALCPAT_9243|FALCPAT_9301|FALCPAT_9395|FALCPAT_9427|FALCPAT_9597
2025-03-20,2025-03-19,6,POLICYBZR,1552.0,09:46,1568.4,HARD_STOP,16,80,24832.0,24832.0,262.40000000000146,26.5011393664,235.89886063360146,1312.0000000000073,91.335968832,1220.6640311680073,1.0567010309278313,0.6202007026644267,1.5728130667705906,2.739856735118309,2.5,2.0,29,FALCPAT_6458|FALCPAT_6865|FALCPAT_6951|FALCPAT_7085|FALCPAT_7179|FALCPAT_7183|FALCPAT_7349|FALCPAT_7620|FALCPAT_7753|FALCPAT_7942|FALCPAT_8171|FALCPAT_8364|FALCPAT_8411|FALCPAT_8429|FALCPAT_8462|FALCPAT_8496|FALCPAT_8547
2025-03-21,2025-03-20,1,FINCABLES,833.0,15:29,843.0,EOD,30,150,24990.0,24990.0,300.0,26.69276328,273.30723672,1500.0,91.66821640000002,1408.3317835999999,1.200480192076836,1.970273827650749,1.381248509701756,2.4092125449771893,-0.03808611737872952,0.0,19,FALCPAT_6343|FALCPAT_6348|FALCPAT_6512|FALCPAT_7296|FALCPAT_7545|FALCPAT_7572|FALCPAT_7870|FALCPAT_8096|FALCPAT_8206|FALCPAT_8241|FALCPAT_8361|FALCPAT_8546|FALCPAT_8621|FALCPAT_8851|FALCPAT_8888|FALCPAT_8938|FALCPAT_9121
2025-03-21,2025-03-20,2,RVNL,360.2,15:29,361.6,EOD,69,347,24853.8,24997.879999999997,96.60000000000235,26.4181077492,70.18189225080235,485.80000000001183,91.3918125996,394.40818740041186,0.38867295946696245,1.9623785415333561,1.493532667781125,2.3888771590564843,-0.03808611737872952,0.0,17,FALCPAT_7554|FALCPAT_7620|FALCPAT_7695|FALCPAT_7741|FALCPAT_7754|FALCPAT_7862|FALCPAT_7871|FALCPAT_7942|FALCPAT_8102|FALCPAT_8211|FALCPAT_8245|FALCPAT_8364|FALCPAT_8486|FALCPAT_9111|FALCPAT_9548|FALCPAT_9569|FALCPAT_9584
2025-03-21,2025-03-20,3,TARIL,440.05,15:29,487.05,EOD,56,284,24642.8,24994.84,2632.0,27.8175813776,2604.1824186224,13348.0,95.0679513864,13252.9320486136,10.680604476764,1.3314629646106193,1.852805951886048,2.4940148351939437,-2.5,1.0,18,FALCPAT_6424|FALCPAT_6439|FALCPAT_6646|FALCPAT_7471|FALCPAT_7603|FALCPAT_7631|FALCPAT_7760|FALCPAT_8070|FALCPAT_8171|FALCPAT_8291|FALCPAT_8450|FALCPAT_8547|FALCPAT_8585|FALCPAT_8668|FALCPAT_9243|FALCPAT_9301|FALCPAT_9370
2025-03-21,2025-03-20,4,BSE,1496.5,15:29,1602.5,EOD,16,83,23944.0,24841.9,1696.0,26.477285983999998,1669.522714016,8798.0,93.496103042,8704.503896958,7.083194119612424,1.101747387145528,1.6146394254587677,2.2860350617291756,-2.5,1.0,17,FALCPAT_6150|FALCPAT_6266|FALCPAT_6793|FALCPAT_6823|FALCPAT_7348|FALCPAT_7514|FALCPAT_7600|FALCPAT_7754|FALCPAT_8037|FALCPAT_8171|FALCPAT_8225|FALCPAT_8450|FALCPAT_8646|FALCPAT_8907|FALCPAT_8952|FALCPAT_8967|FALCPAT_9395
2025-03-21,2025-03-20,5,KFINTECH,1047.0,15:29,1095.0,EOD,23,119,24081.0,24918.6,1104.0,26.243554115999995,1077.756445884,5712.0,92.747974948,5619.252025052,4.584527220630363,0.708671573930912,1.2558982808285315,3.0,-0.03808611737872952,2.0,47,FALCPAT_6205|FALCPAT_6245|FALCPAT_6424|FALCPAT_6439|FALCPAT_6645|FALCPAT_6675|FALCPAT_6793|FALCPAT_6824|FALCPAT_6865|FALCPAT_7514|FALCPAT_7554|FALCPAT_7631|FALCPAT_7787|FALCPAT_7800|FALCPAT_7942|FALCPAT_7963|FALCPAT_7976
2025-03-21,2025-03-20,6,GRSE,1715.45,15:29,1697.95,EOD,14,72,24016.3,24702.480000000003,-245.0,25.311277997599998,-270.3112779976,-1260.0,90.3715476448,-1350.3715476448,-1.0201404879186193,0.6189595209860919,1.444818710023996,2.692326131908069,-2.5,2.0,26,FALCPAT_6440|FALCPAT_6663|FALCPAT_6953|FALCPAT_7184|FALCPAT_7209|FALCPAT_7395|FALCPAT_7509|FALCPAT_7603|FALCPAT_7621|FALCPAT_7760|FALCPAT_7771|FALCPAT_7862|FALCPAT_8102|FALCPAT_8225|FALCPAT_8248|FALCPAT_8407|FALCPAT_8509
2025-03-24,2025-03-21,1,SONATSOFTW,382.8,09:39,382.15,TRAIL,65,326,24882.0,24958.56,-42.25000000000222,26.3591171155,-68.60911711550222,-211.90000000001112,91.12282065620002,-303.02282065621114,-0.16980146290491716,1.9925960734684762,1.4132176274784445,2.5087363867149888,-0.09479766298566308,0.0,20,FALCPAT_6674|FALCPAT_6809|FALCPAT_6865|FALCPAT_7085|FALCPAT_7179|FALCPAT_7631|FALCPAT_7709|FALCPAT_7976|FALCPAT_8406|FALCPAT_8429|FALCPAT_8455|FALCPAT_8734|FALCPAT_8787|FALCPAT_8803|FALCPAT_8877|FALCPAT_9111|FALCPAT_9123
2025-03-24,2025-03-21,2,FACT,677.45,09:39,674.55,TRAIL,36,184,24388.2,24930.16,-104.40000000000327,25.795675871999997,-130.19567587200328,-533.6000000000167,90.980693568,-624.5806935680167,-0.42807587275814907,1.9891846336206696,1.4038817554554657,2.5381356815034075,2.5,0.0,18,FALCPAT_6205|FALCPAT_6424|FALCPAT_6645|FALCPAT_6809|FALCPAT_7179|FALCPAT_7620|FALCPAT_7942|FALCPAT_8171|FALCPAT_8211|FALCPAT_8225|FALCPAT_8364|FALCPAT_8429|FALCPAT_8622|FALCPAT_8734|FALCPAT_8854|FALCPAT_8877|FALCPAT_9427
2025-03-24,2025-03-21,3,ERIS,1405.0,09:39,1362.3,TRAIL,17,88,23885.0,24728.0,-725.9000000000008,24.8641559666,-750.7641559666008,-3757.600000000004,89.70164246239999,-3847.301642462404,-3.0391459074733174,1.4453922581668188,1.0366707892182925,3.0,-0.09479766298566308,1.0,26,FALCPAT_6809|FALCPAT_7056|FALCPAT_7075|FALCPAT_7164|FALCPAT_7184|FALCPAT_7209|FALCPAT_7412|FALCPAT_7620|FALCPAT_7709|FALCPAT_7764|FALCPAT_7861|FALCPAT_7872|FALCPAT_7902|FALCPAT_8070|FALCPAT_8084|FALCPAT_8102|FALCPAT_8143
2025-03-24,2025-03-21,4,ITI,258.01,09:39,262.05,TRAIL,96,484,24768.96,24975.368,387.84000000000196,26.514598421760002,361.32540157824195,1955.36000000001,91.77276688303999,1863.5872331169699,1.565830781752653,1.280757473694764,1.2268891816864886,2.697640793618834,-2.5,1.0,21,FALCPAT_6150|FALCPAT_6245|FALCPAT_6424|FALCPAT_6674|FALCPAT_6697|FALCPAT_6721|FALCPAT_6865|FALCPAT_7559|FALCPAT_8038|FALCPAT_8225|FALCPAT_8245|FALCPAT_8405|FALCPAT_8456|FALCPAT_8903|FALCPAT_8908|FALCPAT_9111|FALCPAT_9300
2025-03-24,2025-03-21,5,JBMA,574.7,09:39,579.0,TRAIL,43,217,24712.100000000002,24941.980000000003,184.89999999999804,26.324373656600002,158.57562634339803,933.0999999999901,91.42133115540001,841.6786688445901,0.74821646076213,1.2720374387076923,1.6244417319983449,2.655023416338231,2.4505163356297044,1.0,19,FALCPAT_6348|FALCPAT_6424|FALCPAT_6474|FALCPAT_6674|FALCPAT_7004|FALCPAT_7226|FALCPAT_7469|FALCPAT_7508|FALCPAT_7572|FALCPAT_7600|FALCPAT_8260|FALCPAT_8455|FALCPAT_8734|FALCPAT_8764|FALCPAT_8888|FALCPAT_8951|FALCPAT_9243
2025-03-24,2025-03-21,6,KFINTECH,1110.9,09:39,1147.65,TRAIL,22,112,24439.800000000003,24884.160000000003,808.5,26.4348575106,782.0651424894,4116.0,92.23046601760001,4023.7695339824,3.3081285444234387,0.641247780060032,1.179820826903969,3.0,2.5,2.0,42,FALCPAT_6205|FALCPAT_6245|FALCPAT_6424|FALCPAT_6439|FALCPAT_6645|FALCPAT_6675|FALCPAT_6721|FALCPAT_6793|FALCPAT_6824|FALCPAT_6865|FALCPAT_7514|FALCPAT_7554|FALCPAT_7787|FALCPAT_7800|FALCPAT_7942|FALCPAT_7963|FALCPAT_8039
2025-03-24,2025-03-21,7,KAYNES,4936.05,09:39,5015.0,TRAIL,5,25,24680.25,24680.25,394.7499999999991,26.4249496865,368.3250503134991,1973.7499999999955,91.25795593250001,1882.4920440674955,1.5994570557429588,0.6290009075832454,1.170873949548615,2.9586879305528955,-0.09479766298566308,2.0,31,FALCPAT_6424|FALCPAT_6439|FALCPAT_6578|FALCPAT_6675|FALCPAT_6824|FALCPAT_6865|FALCPAT_7470|FALCPAT_7741|FALCPAT_7754|FALCPAT_7862|FALCPAT_7942|FALCPAT_7976|FALCPAT_8406|FALCPAT_8411|FALCPAT_8486|FALCPAT_8497|FALCPAT_8622
2025-03-24,2025-03-21,8,GRSE,1701.6,09:39,1724.25,TRAIL,14,73,23822.399999999998,24843.359999999997,317.1000000000013,25.4655273894,291.6344726106013,1653.4500000000066,91.45371997330001,1561.9962800267067,1.3311001410437395,-0.3192032731756993,1.0849061280036831,2.6318711679435007,-2.5,3.0,22,FALCPAT_6440|FALCPAT_6663|FALCPAT_6953|FALCPAT_7184|FALCPAT_7209|FALCPAT_7349|FALCPAT_7509|FALCPAT_7603|FALCPAT_7621|FALCPAT_7760|FALCPAT_7771|FALCPAT_8102|FALCPAT_8225|FALCPAT_8248|FALCPAT_8407|FALCPAT_8547|FALCPAT_8574
2025-03-26,2025-03-25,1,INDUSINDBK,637.4,09:41,649.35,HARD_STOP,39,196,24858.6,24986.079999999998,466.0500000000018,26.659729414499996,439.39027058550175,2342.200000000009,91.90236787799999,2250.297632122009,1.874803890806409,1.5975555478593797,1.888961987377174,3.0,-0.07335146921029331,1.0,18,FALCPAT_6343|FALCPAT_6348|FALCPAT_6512|FALCPAT_6881|FALCPAT_7226|FALCPAT_7567|FALCPAT_7737|FALCPAT_7870|FALCPAT_8196|FALCPAT_8260|FALCPAT_8291|FALCPAT_8779|FALCPAT_8787|FALCPAT_8888|FALCPAT_9005|FALCPAT_9266|FALCPAT_9368
2025-03-26,2025-03-25,2,KFINTECH,1098.75,09:41,1063.85,HARD_STOP,22,113,24172.5,24831.75,-767.800000000002,25.142210447199993,-792.942210447202,-3943.7000000000103,89.83121027880001,-4033.5312102788102,-3.1763367463026215,0.734361791039245,1.3419413741734134,3.0,2.5,2.0,19,FALCPAT_6223|FALCPAT_6643|FALCPAT_7514|FALCPAT_8039|FALCPAT_8260|FALCPAT_8269|FALCPAT_8291|FALCPAT_8668|FALCPAT_8733|FALCPAT_8942|FALCPAT_8953|FALCPAT_9121|FALCPAT_9170|FALCPAT_9222|FALCPAT_9243|FALCPAT_9450|FALCPAT_9506
2025-03-27,2025-03-26,1,INDUSINDBK,655.3,09:17,642.9,HARD_STOP,38,190,24901.399999999998,24901.399999999998,-471.19999999999914,26.1050649416,-497.30506494159914,-2355.9999999999955,90.408392708,-2446.4083927079955,-1.8922630856096356,1.5928564884867618,1.8677155594988584,3.0,2.5,1.0,18,FALCPAT_6343|FALCPAT_6348|FALCPAT_6512|FALCPAT_6881|FALCPAT_7226|FALCPAT_7383|FALCPAT_7567|FALCPAT_7737|FALCPAT_8196|FALCPAT_8260|FALCPAT_8291|FALCPAT_8779|FALCPAT_8787|FALCPAT_8888|FALCPAT_9005|FALCPAT_9266|FALCPAT_9368
2025-03-27,2025-03-26,2,KFINTECH,1028.0,09:17,1028.15,HARD_STOP,24,121,24672.0,24877.6,3.600000000002183,26.165776557599997,-22.565776557597815,18.150000000011005,91.0459943779,-72.895994377889,0.014591439688715901,-0.09024672355692909,1.3558089695274311,3.0,-0.604042769741966,3.0,26,FALCPAT_6145|FALCPAT_6223|FALCPAT_6578|FALCPAT_6591|FALCPAT_6643|FALCPAT_7432|FALCPAT_7514|FALCPAT_7787|FALCPAT_8039|FALCPAT_8260|FALCPAT_8269|FALCPAT_8291|FALCPAT_8486|FALCPAT_8668|FALCPAT_8733|FALCPAT_9121|FALCPAT_9170
2025-03-28,2025-03-27,1,ERIS,1405.0,09:36,1397.4,HARD_STOP,17,88,23885.0,24728.0,-129.19999999999845,25.246178820800004,-154.44617882079845,-668.799999999992,90.58573733120001,-759.385737331192,-0.5409252669039133,1.6043749615356842,1.7017013577093494,3.0,-2.5,1.0,45,FALCPAT_6150|FALCPAT_6427|FALCPAT_6440|FALCPAT_6663|FALCPAT_6793|FALCPAT_6809|FALCPAT_6953|FALCPAT_7056|FALCPAT_7075|FALCPAT_7085|FALCPAT_7179|FALCPAT_7184|FALCPAT_7209|FALCPAT_7349|FALCPAT_7394|FALCPAT_7412|FALCPAT_7471
2025-03-28,2025-03-27,2,INDUSINDBK,672.0,09:36,666.55,HARD_STOP,37,186,24864.0,24998.4,-201.65000000000168,26.237976955100002,-227.8879769551017,-1013.7000000000085,90.96353308779999,-1104.6635330878084,-0.8110119047619158,0.7638115009543234,1.911000695013316,3.0,-2.4247198406423016,2.0,16,FALCPAT_6343|FALCPAT_6348|FALCPAT_6512|FALCPAT_6881|FALCPAT_7226|FALCPAT_7383|FALCPAT_7567|FALCPAT_7758|FALCPAT_8260|FALCPAT_8291|FALCPAT_8779|FALCPAT_8787|FALCPAT_8888|FALCPAT_9266|FALCPAT_9368|FALCPAT_9407
2025-03-28,2025-03-27,3,KFINTECH,1049.35,09:36,1044.4,HARD_STOP,23,119,24135.05,24974.53,-113.84999999999582,25.5211723125,-139.37117231249582,-589.0499999999784,91.04301381249999,-680.0930138124784,-0.47172058893598656,-0.7693005321385198,1.727301350782109,3.0,-2.5,4.0,25,FALCPAT_6145|FALCPAT_6223|FALCPAT_6578|FALCPAT_6591|FALCPAT_6643|FALCPAT_7514|FALCPAT_7787|FALCPAT_8039|FALCPAT_8260|FALCPAT_8269|FALCPAT_8291|FALCPAT_8486|FALCPAT_8668|FALCPAT_8733|FALCPAT_9121|FALCPAT_9170|FALCPAT_9222
2025-04-01,2025-03-28,1,INDUSINDBK,649.0,09:17,655.6,HARD_STOP,38,192,24662.0,24921.6,250.80000000000086,26.313435904799995,224.48656409520086,1267.2000000000044,91.48104440320002,1175.7189555968043,1.016949152542379,-0.14298183296721634,1.5136351786087865,3.0,-2.5,3.0,19,FALCPAT_6343|FALCPAT_6348|FALCPAT_6512|FALCPAT_6881|FALCPAT_7226|FALCPAT_7383|FALCPAT_7567|FALCPAT_7737|FALCPAT_7870|FALCPAT_8196|FALCPAT_8260|FALCPAT_8291|FALCPAT_8779|FALCPAT_8787|FALCPAT_8888|FALCPAT_9005|FALCPAT_9266
2025-04-01,2025-03-28,2,KFINTECH,1024.5,09:17,995.8,HARD_STOP,24,122,24588.0,24997.8,-688.8000000000011,25.633406107199992,-714.4334061072011,-3501.4000000000055,90.25043131159998,-3591.6504313116056,-2.8013665202537896,-1.5594466302663785,1.88537966670518,3.0,-2.5,5.0,27,FALCPAT_6145|FALCPAT_6223|FALCPAT_6545|FALCPAT_6591|FALCPAT_6643|FALCPAT_7432|FALCPAT_7514|FALCPAT_7787|FALCPAT_8039|FALCPAT_8260|FALCPAT_8269|FALCPAT_8291|FALCPAT_8486|FALCPAT_8668|FALCPAT_8733|FALCPAT_9121|FALCPAT_9170
2025-04-02,2025-04-01,1,POLICYBZR,1520.55,15:29,1582.05,EOD,16,82,24328.8,24937.019999999997,984.0,26.429507001599998,957.5704929984,5043.0,92.5889505832,4950.4110494168,4.044589128933618,0.7346334434627564,1.6852282426336695,3.0,0.025510667199107193,2.0,16,FALCPAT_6145|FALCPAT_6166|FALCPAT_6229|FALCPAT_6458|FALCPAT_7780|FALCPAT_8097|FALCPAT_8269|FALCPAT_8411|FALCPAT_8494|FALCPAT_8668|FALCPAT_8687|FALCPAT_8781|FALCPAT_8909|FALCPAT_9016|FALCPAT_9170|FALCPAT_9243
2025-04-02,2025-04-01,2,INDUSINDBK,682.7,15:29,702.5,EOD,36,183,24577.2,24986.82,712.7999999999984,26.5192939872,686.2807060127984,3623.3999999999915,92.27038470160001,3531.1296152983914,2.900249011278744,-0.19081454708717072,1.526433871390373,2.860892719999891,2.5,3.0,15,FALCPAT_6343|FALCPAT_6348|FALCPAT_6512|FALCPAT_6865|FALCPAT_7226|FALCPAT_7567|FALCPAT_7976|FALCPAT_8260|FALCPAT_8291|FALCPAT_8779|FALCPAT_8787|FALCPAT_8888|FALCPAT_9266|FALCPAT_9407|FALCPAT_9569
2025-04-02,2025-04-01,3,360ONE,889.95,15:29,888.0,EOD,28,140,24918.600000000002,24918.6,-54.60000000000127,26.390022867600003,-80.99002286760128,-273.00000000000637,91.034912338,-364.0349123380064,-0.21911343333895772,-0.9140889487041788,1.5684302456194557,3.0,0.025510667199107193,4.0,18,FALCPAT_6145|FALCPAT_6166|FALCPAT_6229|FALCPAT_6346|FALCPAT_6458|FALCPAT_7202|FALCPAT_7432|FALCPAT_7755|FALCPAT_8097|FALCPAT_8206|FALCPAT_8269|FALCPAT_8403|FALCPAT_8511|FALCPAT_8668|FALCPAT_8687|FALCPAT_9170|FALCPAT_9243
2025-04-02,2025-04-01,4,KFINTECH,1026.9,15:29,1040.0,EOD,24,121,24645.600000000002,24850.980000000003,314.3999999999978,26.336762865599994,288.0632371343978,1585.099999999989,91.44758484740001,1493.652415152589,1.275684097769969,-1.4016224887790094,2.4550203682334097,3.0,-2.5,5.0,39,FALCPAT_6205|FALCPAT_6245|FALCPAT_6424|FALCPAT_6439|FALCPAT_6591|FALCPAT_6645|FALCPAT_6675|FALCPAT_6721|FALCPAT_6793|FALCPAT_7514|FALCPAT_7976|FALCPAT_8039|FALCPAT_8099|FALCPAT_8141|FALCPAT_8171|FALCPAT_8260|FALCPAT_8269
2025-04-03,2025-04-02,2,KAYNES,4960.0,15:29,4950.0,EOD,5,25,24800.0,24800.0,-50.0,26.267198299999997,-76.26719829999999,-250.0,90.8324915,-340.8324915,-0.20161290322581182,0.6760168973230694,1.271087463979012,3.0,-0.05319915301625518,2.0,17,FALCPAT_6424|FALCPAT_6439|FALCPAT_6578|FALCPAT_6675|FALCPAT_6824|FALCPAT_6865|FALCPAT_7976|FALCPAT_8411|FALCPAT_8734|FALCPAT_8908|FALCPAT_9111|FALCPAT_9123|FALCPAT_9222|FALCPAT_9427|FALCPAT_9450|FALCPAT_9506|FALCPAT_9584
2025-04-03,2025-04-02,3,INDUSINDBK,694.95,15:29,708.6,EOD,35,179,24323.25,24879.21,477.7499999999992,26.0995070805,451.6504929194992,2443.349999999996,91.7429869117,2351.607013088296,1.9641700841787069,-0.19356776411716492,1.4070712589419727,2.895981288966565,2.5,3.0,17,FALCPAT_6343|FALCPAT_6348|FALCPAT_6512|FALCPAT_6865|FALCPAT_6881|FALCPAT_7226|FALCPAT_7383|FALCPAT_7567|FALCPAT_7976|FALCPAT_8260|FALCPAT_8291|FALCPAT_8779|FALCPAT_8787|FALCPAT_8888|FALCPAT_9266|FALCPAT_9407|FALCPAT_9569
2025-04-03,2025-04-02,4,KFINTECH,1021.0,15:29,1068.8,EOD,24,122,24504.0,24912.4,1147.199999999999,26.71978307519999,1120.480216924799,5831.599999999995,92.7712815656,5738.828718434395,4.681684622918714,-1.5077603411549823,2.218010018505387,3.0,2.5,5.0,42,FALCPAT_6205|FALCPAT_6245|FALCPAT_6424|FALCPAT_6439|FALCPAT_6591|FALCPAT_6645|FALCPAT_6675|FALCPAT_6721|FALCPAT_6793|FALCPAT_6824|FALCPAT_6865|FALCPAT_7432|FALCPAT_7514|FALCPAT_7976|FALCPAT_8039|FALCPAT_8099|FALCPAT_8141
2025-04-04,2025-04-03,1,BDL,1347.95,09:17,1323.9,HARD_STOP,18,92,24263.100000000002,24802.280000000002,-432.8999999999992,25.4526990858,-458.3526990857992,-2212.599999999996,90.27476230520001,-2302.874762305196,-1.7841908082643965,2.458028354526925,1.844695231419184,3.0,-0.052177340145508906,0.0,17,FALCPAT_6245|FALCPAT_6440|FALCPAT_6677|FALCPAT_6697|FALCPAT_6953|FALCPAT_7394|FALCPAT_7471|FALCPAT_7695|FALCPAT_7740|FALCPAT_7862|FALCPAT_7904|FALCPAT_8584|FALCPAT_8690|FALCPAT_9294|FALCPAT_9301|FALCPAT_9512|FALCPAT_9547
2025-04-04,2025-04-03,2,GALLANTT,431.9,09:17,438.75,HARD_STOP,57,289,24618.3,24963.82,390.4500000000013,26.3565017133,364.0934982867013,1979.6500000000065,91.75936873410001,1887.8906312659064,1.586015281315123,2.2995273303830333,1.2006871774539414,3.0,-0.052177340145508906,0.0,16,FALCPAT_6722|FALCPAT_7086|FALCPAT_7395|FALCPAT_7436|FALCPAT_7621|FALCPAT_7754|FALCPAT_7800|FALCPAT_8144|FALCPAT_8248|FALCPAT_8450|FALCPAT_8464|FALCPAT_8509|FALCPAT_8574|FALCPAT_8585|FALCPAT_8646|FALCPAT_9294
2025-04-04,2025-04-03,3,KFINTECH,1062.7,09:17,1046.3,HARD_STOP,23,117,24442.100000000002,24867.18,-377.2000000000021,25.678180582,-402.8781805820021,-1918.8000000000106,90.47322617799999,-2009.2732261780106,-1.54323891973277,-1.4975845218588058,2.2174699013161066,3.0,2.5,5.0,49,FALCPAT_6205|FALCPAT_6245|FALCPAT_6424|FALCPAT_6439|FALCPAT_6645|FALCPAT_6675|FALCPAT_6721|FALCPAT_6793|FALCPAT_7163|FALCPAT_7432|FALCPAT_7514|FALCPAT_7554|FALCPAT_7618|FALCPAT_7740|FALCPAT_7758|FALCPAT_7787|FALCPAT_7860
2025-04-07,2025-04-04,1,NEWGEN,758.3,15:29,852.95,EOD,32,164,24265.6,24872.239999999998,3028.800000000003,27.671620559999997,3001.128379440003,15522.600000000015,95.47432537,15427.125674630015,12.481867334827923,2.10869151636575,1.656114076305475,2.572399292442383,-0.032395739534742715,0.0,21,FALCPAT_6145|FALCPAT_6343|FALCPAT_6474|FALCPAT_6575|FALCPAT_6791|FALCPAT_7160|FALCPAT_7202|FALCPAT_7226|FALCPAT_7320|FALCPAT_7737|FALCPAT_7755|FALCPAT_8241|FALCPAT_8459|FALCPAT_8511|FALCPAT_8764|FALCPAT_8779|FALCPAT_8803
2025-04-07,2025-04-04,2,REDINGTON,176.95,15:29,204.94,EOD,141,706,24949.949999999997,24985.34,3946.590000000001,28.984933906739997,3917.605066093261,19760.940000000006,96.88676008083999,19664.053239919165,15.818027691438274,1.9906100027011688,1.686299478594392,2.479064901838391,-0.032395739534742715,0.0,15,FALCPAT_6174|FALCPAT_6320|FALCPAT_6951|FALCPAT_7183|FALCPAT_7884|FALCPAT_8040|FALCPAT_8224|FALCPAT_8580|FALCPAT_8641|FALCPAT_8788|FALCPAT_8966|FALCPAT_9006|FALCPAT_9152|FALCPAT_9203|FALCPAT_9368
2025-04-07,2025-04-04,3,GALLANTT,356.0,15:29,394.9,EOD,70,351,24920.0,24991.2,2722.999999999998,28.169799237999996,2694.830200761998,13653.899999999992,95.14909329340001,13558.750906706593,10.926966292134832,1.922944322369882,0.9991805627230004,2.4863300702722486,2.5,0.0,15,FALCPAT_6722|FALCPAT_7086|FALCPAT_7436|FALCPAT_7621|FALCPAT_7754|FALCPAT_7800|FALCPAT_8144|FALCPAT_8248|FALCPAT_8450|FALCPAT_8464|FALCPAT_8509|FALCPAT_8574|FALCPAT_8585|FALCPAT_8646|FALCPAT_9294
2025-04-07,2025-04-04,4,GRAVITA,1379.65,15:29,1605.95,EOD,18,90,24833.7,24833.700000000004,4073.399999999999,28.9428434208,4044.4571565791994,20366.999999999996,96.793001104,20270.206998895996,16.4027108324575,1.1084882746868057,1.155503032547731,2.3751211469365785,-0.032395739534742715,1.0,17,FALCPAT_6145|FALCPAT_6166|FALCPAT_6174|FALCPAT_6578|FALCPAT_6591|FALCPAT_7160|FALCPAT_7545|FALCPAT_7561|FALCPAT_8196|FALCPAT_8269|FALCPAT_8494|FALCPAT_8569|FALCPAT_8733|FALCPAT_9170|FALCPAT_9243|FALCPAT_9583|FALCPAT_9597
2025-04-07,2025-04-04,5,KAYNES,3900.0,15:29,4515.0,EOD,6,32,23400.0,24960.0,3690.0,27.17701074,3662.82298926,19680.0,96.81893728,19583.18106272,15.76923076923078,-0.2910760624953803,1.6198040996390954,2.504134256378803,-2.5,3.0,20,FALCPAT_6569|FALCPAT_6578|FALCPAT_6890|FALCPAT_7787|FALCPAT_8096|FALCPAT_8138|FALCPAT_8241|FALCPAT_8411|FALCPAT_8486|FALCPAT_8497|FALCPAT_8724|FALCPAT_8789|FALCPAT_9121|FALCPAT_9222|FALCPAT_9317|FALCPAT_9427|FALCPAT_9450
2025-04-07,2025-04-04,6,360ONE,806.6,15:29,875.0,EOD,30,154,24198.0,24843.280000000002,2051.999999999999,26.974561247999997,2025.025438751999,10533.599999999997,93.9953088064,10439.604691193597,8.480039672700212,-0.8989050047394094,1.7952294085935283,2.868025893918522,-2.057944776265969,4.0,25,FALCPAT_6145|FALCPAT_6166|FALCPAT_6229|FALCPAT_6346|FALCPAT_6458|FALCPAT_7202|FALCPAT_7432|FALCPAT_7561|FALCPAT_7737|FALCPAT_7755|FALCPAT_7801|FALCPAT_8097|FALCPAT_8206|FALCPAT_8269|FALCPAT_8361|FALCPAT_8496|FALCPAT_8511
2025-04-07,2025-04-04,7,KFINTECH,828.8,15:29,984.0,EOD,30,150,24864.0,24864.0,4656.000000000002,29.347970783999997,4626.652029216002,23280.000000000007,97.68017392000002,23182.319826080005,18.72586872586872,-1.7479219357496296,1.173439286081725,3.0,1.4134721669811254,5.0,36,FALCPAT_6145|FALCPAT_6223|FALCPAT_6591|FALCPAT_6643|FALCPAT_7432|FALCPAT_7514|FALCPAT_7554|FALCPAT_7618|FALCPAT_7631|FALCPAT_7758|FALCPAT_7787|FALCPAT_7860|FALCPAT_7941|FALCPAT_8039|FALCPAT_8099|FALCPAT_8141|FALCPAT_8260
2025-04-08,2025-04-07,1,BEML,1450.0,09:17,1418.0,HARD_STOP,17,86,24650.0,24940.0,-544.0,25.791858856,-569.791858856,-2752.0,90.36307044799999,-2842.363070448,-2.2068965517241357,1.9742551563028912,2.166787708752606,2.12338489425835,-0.11371784435394434,0.0,18,FALCPAT_6343|FALCPAT_6474|FALCPAT_6865|FALCPAT_7226|FALCPAT_7297|FALCPAT_7320|FALCPAT_7348|FALCPAT_7561|FALCPAT_7740|FALCPAT_7976|FALCPAT_8734|FALCPAT_8789|FALCPAT_8967|FALCPAT_9170|FALCPAT_9403|FALCPAT_9518|FALCPAT_9569
2025-04-08,2025-04-07,2,NEWGEN,883.9,09:17,876.3,HARD_STOP,28,141,24749.2,24925.98,-212.80000000000064,26.1090985456,-238.90909854560064,-1071.600000000003,90.81933773319999,-1162.419337733203,-0.8598257721461722,1.7901690256940341,1.7841733147783063,2.0304295955352414,2.5,0.0,19,FALCPAT_6343|FALCPAT_6474|FALCPAT_6575|FALCPAT_6865|FALCPAT_7202|FALCPAT_7226|FALCPAT_7320|FALCPAT_8141|FALCPAT_8245|FALCPAT_8459|FALCPAT_8511|FALCPAT_8764|FALCPAT_8779|FALCPAT_8803|FALCPAT_9123|FALCPAT_9330|FALCPAT_9407
2025-04-08,2025-04-07,3,DATAPATTNS,1665.0,09:17,1671.75,HARD_STOP,15,75,24975.0,24975.0,101.25,26.5496115825,74.7003884175,506.25,91.35734541250001,414.8926545875,0.40540540540541237,1.7380733010849099,1.6278886328624431,2.056070747597039,-0.11371784435394434,0.0,17,FALCPAT_6569|FALCPAT_6575|FALCPAT_6646|FALCPAT_7004|FALCPAT_7179|FALCPAT_7297|FALCPAT_7740|FALCPAT_7758|FALCPAT_8101|FALCPAT_8226|FALCPAT_8584|FALCPAT_8764|FALCPAT_8789|FALCPAT_9222|FALCPAT_9456|FALCPAT_9518|FALCPAT_9584
2025-04-08,2025-04-07,4,DOMS,2695.0,09:17,2652.05,HARD_STOP,9,46,24255.0,24794.0,-386.54999999999836,25.4737838997,-412.02378389969834,-1975.6999999999916,90.3279777318,-2066.0279777317915,-1.5936920222634487,1.6861587258578417,1.5388840456887931,1.9199095149899201,-0.11371784435394434,0.0,20,FALCPAT_6663|FALCPAT_6721|FALCPAT_6882|FALCPAT_7179|FALCPAT_7412|FALCPAT_7553|FALCPAT_7631|FALCPAT_7709|FALCPAT_7740|FALCPAT_7799|FALCPAT_7927|FALCPAT_8211|FALCPAT_8406|FALCPAT_8497|FALCPAT_8737|FALCPAT_8903|FALCPAT_9005
2025-04-08,2025-04-07,5,JBMA,600.0,09:17,602.15,HARD_STOP,41,208,24600.0,24960.0,88.14999999999907,26.143555121899993,62.006444878099074,447.19999999999527,91.3140098672,355.88599013279526,0.3583333333333272,1.6699466466277708,1.5146579450379776,1.982639338772284,-0.11371784435394434,0.0,16,FALCPAT_6424|FALCPAT_6474|FALCPAT_7004|FALCPAT_7226|FALCPAT_7297|FALCPAT_7469|FALCPAT_7572|FALCPAT_8260|FALCPAT_8690|FALCPAT_8734|FALCPAT_8764|FALCPAT_8888|FALCPAT_9243|FALCPAT_9506|FALCPAT_9518|FALCPAT_9547
2025-04-08,2025-04-07,6,GRAVITA,1668.9,09:17,1640.0,HARD_STOP,14,74,23364.600000000002,24699.72,-404.6000000000013,24.5180013596,-429.1180013596013,-2138.6000000000067,90.1152056436,-2228.7152056436066,-1.7316795494038084,1.4377868787542656,1.9182068499007556,2.6330237263950518,2.5,1.0,40,FALCPAT_6166|FALCPAT_6424|FALCPAT_6475|FALCPAT_6545|FALCPAT_6569|FALCPAT_6578|FALCPAT_6591|FALCPAT_6645|FALCPAT_6674|FALCPAT_6871|FALCPAT_6890|FALCPAT_7164|FALCPAT_7202|FALCPAT_7545|FALCPAT_7561|FALCPAT_7619|FALCPAT_7631
2025-04-08,2025-04-07,7,ZENSARTECH,669.75,09:17,655.7,HARD_STOP,37,186,24780.75,24914.7,-519.8499999999983,25.945974412900004,-545.7959744128983,-2613.2999999999915,90.3581848162,-2703.6581848161914,-2.0977976857036174,0.8773342691714514,1.4971466875023332,1.9738889011170975,-0.11371784435394434,1.0,17,FALCPAT_6591|FALCPAT_6882|FALCPAT_7561|FALCPAT_7753|FALCPAT_7915|FALCPAT_7947|FALCPAT_8101|FALCPAT_8411|FALCPAT_8645|FALCPAT_8781|FALCPAT_8883|FALCPAT_8909|FALCPAT_9016|FALCPAT_9170|FALCPAT_9244|FALCPAT_9317|FALCPAT_9428
2025-04-08,2025-04-07,8,ERIS,1283.35,09:17,1293.8,HARD_STOP,19,97,24383.649999999998,24896.989999999998,198.55000000000086,25.984807282099997,172.56519271790086,1013.6500000000044,91.3651025823,922.2848974177044,0.8142751392839154,0.7926387068283276,1.844475239224359,3.0,-0.11371784435394434,2.0,49,FALCPAT_6150|FALCPAT_6427|FALCPAT_6440|FALCPAT_6663|FALCPAT_6721|FALCPAT_6793|FALCPAT_6809|FALCPAT_6953|FALCPAT_7056|FALCPAT_7075|FALCPAT_7085|FALCPAT_7164|FALCPAT_7179|FALCPAT_7394|FALCPAT_7412|FALCPAT_7471|FALCPAT_7559
2025-04-08,2025-04-07,9,KAYNES,4660.4,09:17,4628.9,HARD_STOP,5,26,23302.0,24234.079999999998,-157.5,24.609816909,-182.109816909,-819.0,89.67233072680001,-908.6723307268,-0.6759076474122439,0.4490451809869773,1.6019509055352108,2.417047648085934,2.5,2.0,31,FALCPAT_6424|FALCPAT_6439|FALCPAT_6569|FALCPAT_6578|FALCPAT_6675|FALCPAT_6824|FALCPAT_6865|FALCPAT_6890|FALCPAT_7740|FALCPAT_7787|FALCPAT_7976|FALCPAT_8406|FALCPAT_8411|FALCPAT_8486|FALCPAT_8497|FALCPAT_8547|FALCPAT_8622
2025-04-08,2025-04-07,10,KFINTECH,1019.0,09:17,1022.4,HARD_STOP,24,122,24456.0,24863.6,81.59999999999945,25.986656553599992,55.61334344639946,414.7999999999972,91.1348542808,323.6651457191972,0.33366045142295686,-1.6406141055630314,1.6589612402189244,2.876054650473846,2.5,5.0,49,FALCPAT_6205|FALCPAT_6245|FALCPAT_6424|FALCPAT_6439|FALCPAT_6545|FALCPAT_6569|FALCPAT_6591|FALCPAT_6645|FALCPAT_6675|FALCPAT_6721|FALCPAT_6793|FALCPAT_6824|FALCPAT_6865|FALCPAT_6890|FALCPAT_7514|FALCPAT_7554|FALCPAT_7631
2025-04-09,2025-04-08,1,BEML,1425.0,09:18,1411.3,HARD_STOP,17,87,24225.0,24795.0,-232.90000000000077,25.540341064599996,-258.4403410646008,-1191.900000000004,90.5540839306,-1282.454083930604,-0.9614035087719297,1.0493286475355639,1.983336836302373,2.0476505218276846,-2.5,1.0,17,FALCPAT_6343|FALCPAT_6474|FALCPAT_6865|FALCPAT_7226|FALCPAT_7297|FALCPAT_7320|FALCPAT_7348|FALCPAT_7561|FALCPAT_7740|FALCPAT_7976|FALCPAT_8734|FALCPAT_8789|FALCPAT_8967|FALCPAT_9170|FALCPAT_9403|FALCPAT_9518|FALCPAT_9584
2025-04-09,2025-04-08,2,NEWGEN,899.0,09:18,886.65,HARD_STOP,27,139,24273.0,24992.2,-333.4500000000006,25.526868036299998,-358.97686803630063,-1716.6500000000033,90.7514045091,-1807.4014045091033,-1.3737486095661833,1.0041670226973924,2.080240654811003,1.9467115748841046,-0.6362862164299417,1.0,16,FALCPAT_6343|FALCPAT_6474|FALCPAT_6575|FALCPAT_6865|FALCPAT_7202|FALCPAT_7226|FALCPAT_7320|FALCPAT_8511|FALCPAT_8764|FALCPAT_8779|FALCPAT_8803|FALCPAT_9123|FALCPAT_9330|FALCPAT_9407|FALCPAT_9449|FALCPAT_9518
2025-04-09,2025-04-08,3,ERIS,1309.8,09:18,1287.45,HARD_STOP,19,95,24886.2,24886.2,-424.6499999999983,26.118748591499998,-450.76874859149825,-2123.2499999999914,90.4482254575,-2213.6982254574914,-1.7063673843334737,0.7879493376320208,1.8526327337929789,3.0,2.5,2.0,50,FALCPAT_6150|FALCPAT_6427|FALCPAT_6440|FALCPAT_6663|FALCPAT_6721|FALCPAT_6793|FALCPAT_6809|FALCPAT_6953|FALCPAT_7056|FALCPAT_7075|FALCPAT_7085|FALCPAT_7164|FALCPAT_7179|FALCPAT_7394|FALCPAT_7412|FALCPAT_7471|FALCPAT_7559
2025-04-09,2025-04-08,4,GRAVITA,1610.0,09:18,1601.05,HARD_STOP,15,77,24150.0,24794.0,-134.25000000000068,25.523965459499994,-159.7739654595007,-689.1500000000035,90.69622179209999,-779.8462217921035,-0.5559006211180106,0.47245660095344766,1.5522018832969124,2.567241584493166,0.03310441196445246,2.0,35,FALCPAT_6166|FALCPAT_6424|FALCPAT_6475|FALCPAT_6545|FALCPAT_6569|FALCPAT_6578|FALCPAT_6591|FALCPAT_6645|FALCPAT_6890|FALCPAT_7164|FALCPAT_7202|FALCPAT_7561|FALCPAT_7619|FALCPAT_7631|FALCPAT_7753|FALCPAT_7764|FALCPAT_7799
2025-04-09,2025-04-08,5,KAYNES,4785.55,09:18,4746.3,HARD_STOP,5,26,23927.75,24884.86,-196.25,25.248585990499997,-221.4985859905,-1020.5,90.76149975060001,-1111.2614997506,-0.8201774090752401,0.382859043846004,1.4346987500753714,2.3899740037891286,1.0277067202923649,2.0,29,FALCPAT_6424|FALCPAT_6439|FALCPAT_6578|FALCPAT_6675|FALCPAT_6824|FALCPAT_6865|FALCPAT_7740|FALCPAT_7787|FALCPAT_7976|FALCPAT_8406|FALCPAT_8411|FALCPAT_8486|FALCPAT_8497|FALCPAT_8547|FALCPAT_8622|FALCPAT_8724|FALCPAT_8734
2025-04-09,2025-04-08,6,KFINTECH,1020.0,09:18,1017.1,HARD_STOP,24,122,24480.0,24888.0,-69.59999999999945,25.9153052304,-95.51530523039946,-353.7999999999972,90.95786012120001,-444.75786012119727,-0.28431372549019285,-1.6246909998004675,1.5920949223536085,2.9084345872924833,2.5,5.0,50,FALCPAT_6205|FALCPAT_6245|FALCPAT_6424|FALCPAT_6439|FALCPAT_6545|FALCPAT_6591|FALCPAT_6645|FALCPAT_6675|FALCPAT_6721|FALCPAT_6793|FALCPAT_6824|FALCPAT_6865|FALCPAT_7514|FALCPAT_7554|FALCPAT_7631|FALCPAT_7740|FALCPAT_7753
2025-04-11,2025-04-09,1,CAPLIPOINT,1820.0,09:17,1806.3,HARD_STOP,13,68,23660.0,24752.0,-178.1000000000006,24.976270069399998,-203.07627006940058,-931.6000000000031,90.5528113784,-1022.152811378403,-0.7527472527472545,1.8985213463980666,1.6490125879091704,2.2230532115864228,0.05049015972862482,0.0,23,FALCPAT_6166|FALCPAT_6174|FALCPAT_6223|FALCPAT_6458|FALCPAT_6591|FALCPAT_6882|FALCPAT_6996|FALCPAT_7514|FALCPAT_7545|FALCPAT_7737|FALCPAT_7747|FALCPAT_7947|FALCPAT_8097|FALCPAT_8196|FALCPAT_8397|FALCPAT_8411|FALCPAT_8621
2025-04-11,2025-04-09,2,BLS,360.0,09:17,354.9,HARD_STOP,69,347,24840.0,24984.0,-351.90000000000157,26.116332150599998,-378.01633215060156,-1769.700000000008,90.7217696878,-1860.421769687808,-1.4166666666666772,1.7340064473200039,1.3336083194398722,2.00260577780054,0.05049015972862482,0.0,20,FALCPAT_6458|FALCPAT_6591|FALCPAT_7160|FALCPAT_7545|FALCPAT_7561|FALCPAT_7747|FALCPAT_7915|FALCPAT_8196|FALCPAT_8206|FALCPAT_8269|FALCPAT_8411|FALCPAT_8668|FALCPAT_8781|FALCPAT_8883|FALCPAT_8909|FALCPAT_9016|FALCPAT_9170
2025-04-11,2025-04-09,3,WELSPUNLIV,118.0,09:17,119.3,HARD_STOP,211,1059,24898.0,24992.4,274.2999999999994,26.578747887799995,247.72125211219938,1376.699999999997,91.63715415819999,1285.062845841797,1.1016949152542255,1.6916558999025761,1.7637855162857423,1.9407223123563053,0.05049015972862482,0.0,16,FALCPAT_6145|FALCPAT_6174|FALCPAT_6330|FALCPAT_6474|FALCPAT_6578|FALCPAT_6996|FALCPAT_7567|FALCPAT_7764|FALCPAT_8241|FALCPAT_8448|FALCPAT_8546|FALCPAT_8621|FALCPAT_8733|FALCPAT_8779|FALCPAT_9317|FALCPAT_9407
2025-04-11,2025-04-09,4,ZENSARTECH,637.0,09:17,639.0,HARD_STOP,39,196,24843.0,24970.4,78.0,26.394746664,51.605253336000004,392.0,91.31653769600001,300.683462304,0.31397174254317317,0.979748068483506,1.5317317677814382,2.189783849574882,-2.5,1.0,21,FALCPAT_6145|FALCPAT_6591|FALCPAT_6882|FALCPAT_7561|FALCPAT_7753|FALCPAT_7915|FALCPAT_7947|FALCPAT_8101|FALCPAT_8411|FALCPAT_8448|FALCPAT_8546|FALCPAT_8621|FALCPAT_8645|FALCPAT_8781|FALCPAT_8883|FALCPAT_8909|FALCPAT_9016
2025-04-11,2025-04-09,5,NEWGEN,936.8,09:17,908.05,HARD_STOP,26,133,24356.8,24918.879999999997,-747.5,25.3506483386,-772.8506483386,-3823.75,90.0190888013,-3913.7690888013,-3.0689581554227185,0.05819939524060991,1.8220571187391448,1.8545944952243767,-2.5,2.0,15,FALCPAT_6145|FALCPAT_6343|FALCPAT_6474|FALCPAT_6575|FALCPAT_7202|FALCPAT_7226|FALCPAT_7320|FALCPAT_8511|FALCPAT_8764|FALCPAT_8779|FALCPAT_8803|FALCPAT_9330|FALCPAT_9407|FALCPAT_9449|FALCPAT_9518
2025-04-11,2025-04-09,6,ERIS,1359.05,09:17,1346.7,HARD_STOP,18,91,24462.899999999998,24734.71,-222.29999999999836,25.799408990999996,-248.09940899099837,-1123.8499999999917,90.4673149545,-1214.3173149544916,-0.9087230050402795,-0.06696231077113213,1.5489919639511789,2.9421003855226213,-2.5,3.0,49,FALCPAT_6150|FALCPAT_6427|FALCPAT_6440|FALCPAT_6663|FALCPAT_6721|FALCPAT_6793|FALCPAT_6809|FALCPAT_6953|FALCPAT_7056|FALCPAT_7075|FALCPAT_7085|FALCPAT_7164|FALCPAT_7179|FALCPAT_7184|FALCPAT_7394|FALCPAT_7412|FALCPAT_7471
2025-04-11,2025-04-09,7,KAYNES,5046.0,09:17,4969.55,HARD_STOP,4,24,20184.0,24220.8,-305.7999999999993,21.208382057199998,-327.00838205719924,-1834.7999999999956,89.35817954320001,-1924.1581795431957,-1.515061434799836,-0.49782729500834355,1.476558149255939,2.289496985866092,-2.5,3.0,28,FALCPAT_6424|FALCPAT_6439|FALCPAT_6646|FALCPAT_6675|FALCPAT_6824|FALCPAT_6865|FALCPAT_7740|FALCPAT_7976|FALCPAT_8406|FALCPAT_8411|FALCPAT_8486|FALCPAT_8497|FALCPAT_8547|FALCPAT_8622|FALCPAT_8724|FALCPAT_8734|FALCPAT_8789
2025-04-11,2025-04-09,8,KFINTECH,1040.0,09:17,1022.55,HARD_STOP,24,120,24960.0,24960.0,-418.8000000000011,26.2007552712,-445.0007552712011,-2094.0000000000055,90.586652356,-2184.5866523560053,-1.6778846153846172,-1.8460711412032418,1.3318380429096428,2.6748525569647,-0.5976840097612927,5.0,45,FALCPAT_6205|FALCPAT_6245|FALCPAT_6424|FALCPAT_6439|FALCPAT_6545|FALCPAT_6591|FALCPAT_6675|FALCPAT_6721|FALCPAT_6793|FALCPAT_6824|FALCPAT_6865|FALCPAT_7432|FALCPAT_7514|FALCPAT_7554|FALCPAT_7631|FALCPAT_7740|FALCPAT_7753
2025-04-15,2025-04-11,1,ERIS,1429.0,09:17,1393.0,HARD_STOP,17,87,24293.0,24864.6,-612.0,25.369742124,-637.369742124,-3132.0,90.12143016400002,-3222.1214301640002,-2.519244226731976,-0.883600387588257,1.4578449003769425,3.0,-2.5,4.0,50,FALCPAT_6150|FALCPAT_6427|FALCPAT_6440|FALCPAT_6663|FALCPAT_6721|FALCPAT_6793|FALCPAT_6809|FALCPAT_6953|FALCPAT_7056|FALCPAT_7075|FALCPAT_7085|FALCPAT_7164|FALCPAT_7179|FALCPAT_7184|FALCPAT_7209|FALCPAT_7394|FALCPAT_7412
2025-04-15,2025-04-11,2,KFINTECH,1015.0,09:17,1016.8,HARD_STOP,24,123,24360.0,24969.0,43.19999999999891,25.8602684832,17.33973151679891,221.3999999999944,91.2652403764,130.1347596235944,0.1773399014778354,-1.8174380539172739,1.9441863228001928,2.5079215766938847,-2.5,5.0,32,FALCPAT_6424|FALCPAT_6545|FALCPAT_6569|FALCPAT_6591|FALCPAT_6643|FALCPAT_6721|FALCPAT_6793|FALCPAT_6890|FALCPAT_7432|FALCPAT_7514|FALCPAT_7554|FALCPAT_7631|FALCPAT_7753|FALCPAT_7860|FALCPAT_7941|FALCPAT_8039|FALCPAT_8260
2025-04-17,2025-04-16,1,DOMS,2842.0,15:29,2888.0,EOD,8,43,22736.0,24441.2,368.0,24.346039839999996,343.65396016,1978.0,90.83790414,1887.16209586,1.6185784658691027,1.5227075824041278,1.656287322016147,2.928451487998904,0.026959728479562184,1.0,20,FALCPAT_6663|FALCPAT_6823|FALCPAT_7179|FALCPAT_7412|FALCPAT_7553|FALCPAT_7709|FALCPAT_7799|FALCPAT_7927|FALCPAT_8102|FALCPAT_8211|FALCPAT_8406|FALCPAT_8497|FALCPAT_8585|FALCPAT_8737|FALCPAT_8903|FALCPAT_8907|FALCPAT_9128
2025-04-17,2025-04-16,2,KFINTECH,1071.3,15:29,1104.0,EOD,23,116,24639.899999999998,24854.159999999996,752.100000000001,26.6109452094,725.489054790601,3793.2000000000053,92.08520446479999,3701.1147955352053,3.052366283954089,-1.4513705382402113,2.230307476938711,3.0,2.5,5.0,30,FALCPAT_6205|FALCPAT_6245|FALCPAT_6424|FALCPAT_6675|FALCPAT_6721|FALCPAT_6793|FALCPAT_7514|FALCPAT_7976|FALCPAT_8039|FALCPAT_8099|FALCPAT_8141|FALCPAT_8260|FALCPAT_8269|FALCPAT_8291|FALCPAT_8315|FALCPAT_8456|FALCPAT_8668
2025-04-21,2025-04-17,1,INTELLECT,767.5,15:29,777.0,EOD,32,162,24560.0,24867.0,304.0,26.239329823999995,277.760670176,1539.0,91.46262123400001,1447.537378766,1.237785016286641,2.2246924372827688,1.0808092920442596,3.0,-0.049318033907993865,0.0,23,FALCPAT_6424|FALCPAT_6439|FALCPAT_6646|FALCPAT_6882|FALCPAT_7179|FALCPAT_7277|FALCPAT_7412|FALCPAT_7631|FALCPAT_7709|FALCPAT_7799|FALCPAT_8143|FALCPAT_8211|FALCPAT_8247|FALCPAT_8291|FALCPAT_8364|FALCPAT_8406|FALCPAT_8429
2025-04-21,2025-04-17,2,FACT,759.9,15:29,774.85,EOD,32,164,24316.8,24924.719999999998,478.40000000000146,26.093083312,452.3069166880015,2451.8000000000075,91.825605974,2359.9743940260073,1.967364126858806,1.534609942896309,1.359619748300899,3.0,-0.049318033907993865,1.0,27,FALCPAT_6205|FALCPAT_6424|FALCPAT_6439|FALCPAT_6645|FALCPAT_6675|FALCPAT_6809|FALCPAT_7179|FALCPAT_7349|FALCPAT_7603|FALCPAT_7620|FALCPAT_7760|FALCPAT_7942|FALCPAT_8070|FALCPAT_8171|FALCPAT_8211|FALCPAT_8332|FALCPAT_8364
2025-04-21,2025-04-17,3,DOMS,2891.0,15:29,2900.0,EOD,8,43,23128.0,24862.6,72.0,24.572230128,47.427769872,387.0,91.125134938,295.874865062,0.31131096506398226,1.4219802304208613,1.3659478894976442,2.901121005622837,2.5,1.0,19,FALCPAT_6663|FALCPAT_6721|FALCPAT_6823|FALCPAT_7179|FALCPAT_7412|FALCPAT_7553|FALCPAT_7709|FALCPAT_7799|FALCPAT_7927|FALCPAT_8102|FALCPAT_8211|FALCPAT_8406|FALCPAT_8497|FALCPAT_8585|FALCPAT_8737|FALCPAT_8903|FALCPAT_9128
2025-04-21,2025-04-17,4,KFINTECH,1121.1,15:29,1214.8,EOD,22,111,24664.199999999997,24888.42,2061.400000000001,27.4749620948,2033.925037905201,10400.700000000004,94.03681778739998,10306.663182212604,8.357862813308369,-1.432940640104555,2.1558488082914864,3.0,2.5,5.0,24,FALCPAT_6245|FALCPAT_6793|FALCPAT_7163|FALCPAT_7514|FALCPAT_7554|FALCPAT_7631|FALCPAT_7942|FALCPAT_7963|FALCPAT_8039|FALCPAT_8069|FALCPAT_8291|FALCPAT_8315|FALCPAT_8364|FALCPAT_8456|FALCPAT_8486|FALCPAT_8668|FALCPAT_8854
2025-04-22,2025-04-21,1,TATAELXSI,5335.0,15:29,5476.0,EOD,4,23,21340.0,24541.0,564.0,22.991133144,541.008866856,3243.0,91.375853578,3151.624146422,2.642924086223064,2.267319537895083,1.2870328841484493,3.0,-0.08722763679325592,0.0,15,FALCPAT_6427|FALCPAT_6793|FALCPAT_7514|FALCPAT_7631|FALCPAT_7942|FALCPAT_8069|FALCPAT_8171|FALCPAT_8187|FALCPAT_8364|FALCPAT_8406|FALCPAT_8411|FALCPAT_8723|FALCPAT_9111|FALCPAT_9395|FALCPAT_9582
2025-04-22,2025-04-21,2,ATUL,5975.0,15:29,6045.0,EOD,4,20,23900.0,23900.0,280.0,25.52406608,254.47593392,1400.0,89.71873039999998,1310.2812696,1.171548117154808,2.251030902248074,1.0781211177073955,3.0,-0.08722763679325592,0.0,18,FALCPAT_6643|FALCPAT_7514|FALCPAT_7763|FALCPAT_7828|FALCPAT_7928|FALCPAT_8224|FALCPAT_8291|FALCPAT_8453|FALCPAT_8618|FALCPAT_8689|FALCPAT_8789|FALCPAT_8815|FALCPAT_8966|FALCPAT_9047|FALCPAT_9060|FALCPAT_9122|FALCPAT_9261
2025-04-22,2025-04-21,3,KFINTECH,1215.0,15:29,1285.0,EOD,20,102,24300.0,24786.0,1400.0,26.665299999999995,1373.3347,7140.0,92.92302999999998,7047.07697,5.7613168724279795,-1.5932948119659711,1.6260658109587154,3.0,2.5,5.0,23,FALCPAT_6205|FALCPAT_6245|FALCPAT_6793|FALCPAT_6824|FALCPAT_7514|FALCPAT_7554|FALCPAT_7599|FALCPAT_7942|FALCPAT_8039|FALCPAT_8069|FALCPAT_8315|FALCPAT_8456|FALCPAT_8854|FALCPAT_8878|FALCPAT_8908|FALCPAT_8942|FALCPAT_8953
2025-04-23,2025-04-22,1,ATUL,6059.5,09:54,6215.0,TRAIL,4,20,24238.0,24238.0,622.0,26.101456147999997,595.898543852,3110.0,90.80382074,3019.19617926,2.5662183348461154,2.327325423353124,1.479667613925656,3.0,2.5,0.0,15,FALCPAT_7514|FALCPAT_7763|FALCPAT_7828|FALCPAT_7928|FALCPAT_8224|FALCPAT_8291|FALCPAT_8618|FALCPAT_8689|FALCPAT_8789|FALCPAT_8815|FALCPAT_9047|FALCPAT_9060|FALCPAT_9122|FALCPAT_9261|FALCPAT_9331
2025-04-23,2025-04-22,2,KFINTECH,1300.0,09:54,1287.4,TRAIL,19,96,24700.0,24960.0,-239.39999999999827,26.039894295600003,-265.43989429559826,-1209.5999999999913,90.83979063040002,-1300.4397906303914,-0.9692307692307667,-1.5866191639910694,1.662067124105448,3.0,2.5,5.0,18,FALCPAT_6205|FALCPAT_6245|FALCPAT_6824|FALCPAT_7430|FALCPAT_7554|FALCPAT_7601|FALCPAT_7800|FALCPAT_7963|FALCPAT_8364|FALCPAT_8456|FALCPAT_8509|FALCPAT_8854|FALCPAT_8878|FALCPAT_8908|FALCPAT_8942|FALCPAT_8953|FALCPAT_8967
2025-04-24,2025-04-23,1,KFINTECH,1280.0,09:17,1248.0,HARD_STOP,19,97,24320.0,24832.0,-608.0,25.400935232,-633.400935232,-3104.0,90.071994816,-3194.071994816,-2.500000000000002,-1.6161304276214632,1.5382674979469255,3.0,1.0607959842634855,5.0,16,FALCPAT_6205|FALCPAT_6245|FALCPAT_6824|FALCPAT_7430|FALCPAT_7554|FALCPAT_7800|FALCPAT_8364|FALCPAT_8456|FALCPAT_8509|FALCPAT_8854|FALCPAT_8878|FALCPAT_8908|FALCPAT_8942|FALCPAT_8953|FALCPAT_8967|FALCPAT_9294
2025-04-24,2025-04-23,2,ERIS,1490.0,09:17,1461.6,HARD_STOP,16,83,23840.0,24734.0,-454.40000000000146,24.9902569856,-479.39025698560147,-2357.2000000000075,90.11304691279999,-2447.3130469128077,-1.906040268456377,-1.6567626212004152,1.4996780486313408,3.0,-0.07847013562454702,5.0,25,FALCPAT_6150|FALCPAT_6427|FALCPAT_6440|FALCPAT_6663|FALCPAT_6809|FALCPAT_6881|FALCPAT_7056|FALCPAT_7075|FALCPAT_7085|FALCPAT_7184|FALCPAT_7209|FALCPAT_7349|FALCPAT_7394|FALCPAT_7559|FALCPAT_7695|FALCPAT_7741|FALCPAT_7819
2025-04-25,2025-04-24,1,SONATSOFTW,358.0,09:17,351.75,HARD_STOP,69,349,24702.0,24988.4,-431.25,25.919187841499998,-457.1691878415,-2181.25,90.61172732150001,-2271.8617273215,-1.7458100558659262,1.6159817187025391,1.8665618573353908,3.0,0.008484543265744361,1.0,16,FALCPAT_6722|FALCPAT_6809|FALCPAT_7085|FALCPAT_7179|FALCPAT_7631|FALCPAT_7709|FALCPAT_7942|FALCPAT_7965|FALCPAT_8143|FALCPAT_8247|FALCPAT_8406|FALCPAT_8429|FALCPAT_8787|FALCPAT_8803|FALCPAT_9301|FALCPAT_9457
2025-04-25,2025-04-24,2,ERIS,1512.0,09:17,1495.2,HARD_STOP,16,82,24192.0,24796.8,-268.7999999999993,25.4823620352,-294.2823620351993,-1377.5999999999963,90.50410383040001,-1468.1041038303963,-1.1111111111111072,-1.6918991342603067,1.3734035449888855,3.0,-2.5,5.0,34,FALCPAT_6427|FALCPAT_6440|FALCPAT_6663|FALCPAT_6809|FALCPAT_6953|FALCPAT_7056|FALCPAT_7075|FALCPAT_7085|FALCPAT_7179|FALCPAT_7209|FALCPAT_7349|FALCPAT_7394|FALCPAT_7412|FALCPAT_7471|FALCPAT_7559|FALCPAT_7620|FALCPAT_7695
2025-04-29,2025-04-28,1,GRSE,1755.0,15:29,1964.0,EOD,14,71,24570.0,24921.0,2926.0,27.928606916,2898.071393084,14839.0,95.36458907400001,14743.635410926,11.908831908831917,2.3222004466226993,1.4393903977427116,3.0,0.06472488784196025,0.0,17,FALCPAT_6440|FALCPAT_6470|FALCPAT_6663|FALCPAT_6887|FALCPAT_7086|FALCPAT_7184|FALCPAT_7209|FALCPAT_7349|FALCPAT_7943|FALCPAT_8099|FALCPAT_8225|FALCPAT_8908|FALCPAT_9114|FALCPAT_9300|FALCPAT_9395|FALCPAT_9545|FALCPAT_9569
2025-04-29,2025-04-28,2,SONATSOFTW,364.6,15:29,375.1,EOD,68,342,24792.800000000003,24938.640000000003,714.0,26.7486957096,687.2513042904,3591.0,92.17620529240003,3498.8237947076,2.8798683488754806,0.6907416104828776,1.374240970157791,3.0,-2.5,2.0,22,FALCPAT_6722|FALCPAT_6809|FALCPAT_6865|FALCPAT_7085|FALCPAT_7179|FALCPAT_7631|FALCPAT_7709|FALCPAT_7942|FALCPAT_7976|FALCPAT_8226|FALCPAT_8406|FALCPAT_8429|FALCPAT_8455|FALCPAT_8734|FALCPAT_8787|FALCPAT_8803|FALCPAT_8877
2025-04-30,2025-04-29,1,GRSE,1980.0,09:17,1962.7,HARD_STOP,12,63,23760.0,24948.0,-207.59999999999945,25.063428602400002,-232.66342860239945,-1089.8999999999971,90.85290476259999,-1180.7529047625972,-0.873737373737371,2.295445202861196,1.2261182260593728,3.0,2.5,0.0,30,FALCPAT_6440|FALCPAT_6470|FALCPAT_6663|FALCPAT_6887|FALCPAT_6953|FALCPAT_7086|FALCPAT_7180|FALCPAT_7184|FALCPAT_7209|FALCPAT_7509|FALCPAT_7603|FALCPAT_7621|FALCPAT_7760|FALCPAT_7771|FALCPAT_7862|FALCPAT_7943|FALCPAT_8102
2025-04-30,2025-04-29,2,MAZDOCK,3073.7,09:17,3060.8,HARD_STOP,8,40,24589.6,24589.6,-103.19999999999709,26.010019175999997,-129.21001917599708,-515.9999999999854,90.38557588,-606.3855758799855,-0.419689624882047,2.2911078712035136,1.235024653851571,3.0,-0.03964893008769551,0.0,19,FALCPAT_6151|FALCPAT_6236|FALCPAT_6663|FALCPAT_6824|FALCPAT_6887|FALCPAT_7086|FALCPAT_7253|FALCPAT_7601|FALCPAT_7741|FALCPAT_7790|FALCPAT_7862|FALCPAT_8000|FALCPAT_8043|FALCPAT_8509|FALCPAT_8574|FALCPAT_8908|FALCPAT_8964
2025-05-02,2025-04-30,1,GRSE,1917.0,09:17,1927.0,HARD_STOP,13,65,24921.0,24921.0,130.0,26.510753672,103.48924632800001,650.0,91.30332836,558.69667164,0.5216484089723528,1.576582252922292,1.4976544829027965,3.0,-2.5,1.0,15,FALCPAT_6470|FALCPAT_7180|FALCPAT_7184|FALCPAT_7209|FALCPAT_7509|FALCPAT_7621|FALCPAT_7760|FALCPAT_7771|FALCPAT_7943|FALCPAT_8102|FALCPAT_8248|FALCPAT_8407|FALCPAT_8574|FALCPAT_8585|FALCPAT_8646
2025-05-02,2025-04-30,2,SONATSOFTW,419.0,09:17,409.0,HARD_STOP,59,298,24721.0,24972.4,-590.0,25.837700551999998,-615.837700552,-2980.0,90.354908144,-3070.354908144,-2.3866348448687402,1.5178796666088592,1.2909578530326855,3.0,2.5,1.0,19,FALCPAT_6439|FALCPAT_6722|FALCPAT_6809|FALCPAT_7085|FALCPAT_7179|FALCPAT_7631|FALCPAT_7709|FALCPAT_7942|FALCPAT_7965|FALCPAT_7976|FALCPAT_8143|FALCPAT_8247|FALCPAT_8406|FALCPAT_8429|FALCPAT_8622|FALCPAT_8734|FALCPAT_9111
2025-05-05,2025-05-02,1,BLS,352.05,10:52,355.0,TRAIL,71,355,24995.55,24995.55,209.4499999999992,26.640676324299996,182.8093236756992,1047.249999999996,91.54840812149999,955.701591878496,0.8379491549495688,1.4676828609240828,1.3517411073411945,3.0,-0.01632954565700128,1.0,18,FALCPAT_6591|FALCPAT_7160|FALCPAT_7561|FALCPAT_7737|FALCPAT_7747|FALCPAT_7915|FALCPAT_8196|FALCPAT_8269|FALCPAT_8411|FALCPAT_8668|FALCPAT_8781|FALCPAT_8883|FALCPAT_8909|FALCPAT_9016|FALCPAT_9170|FALCPAT_9243|FALCPAT_9568
2025-05-07,2025-05-06,1,BLS,335.0,09:24,337.2,TRAIL,74,373,24790.0,24991.0,162.79999999999916,26.392833872799997,136.40716612719916,820.5999999999958,91.4755167156,729.1244832843959,0.6567164179104523,1.4391674741793914,1.260081135770346,3.0,2.5,1.0,21,FALCPAT_6591|FALCPAT_7160|FALCPAT_7561|FALCPAT_7747|FALCPAT_7915|FALCPAT_8079|FALCPAT_8196|FALCPAT_8206|FALCPAT_8269|FALCPAT_8411|FALCPAT_8511|FALCPAT_8668|FALCPAT_8733|FALCPAT_8781|FALCPAT_8883|FALCPAT_8909|FALCPAT_9016
2025-05-08,2025-05-07,1,BLS,344.95,11:39,351.0,TRAIL,72,362,24836.399999999998,24974.379999999997,435.6000000000008,26.6166924984,408.98330750160085,2190.100000000004,91.83821446139999,2098.261785538604,1.7538773735324087,1.5070223923683594,1.4830448438865085,3.0,2.5,1.0,23,FALCPAT_6591|FALCPAT_6996|FALCPAT_7160|FALCPAT_7545|FALCPAT_7561|FALCPAT_7747|FALCPAT_7915|FALCPAT_8079|FALCPAT_8196|FALCPAT_8206|FALCPAT_8269|FALCPAT_8411|FALCPAT_8511|FALCPAT_8668|FALCPAT_8733|FALCPAT_8781|FALCPAT_8883
2025-05-08,2025-05-07,2,KFINTECH,1068.8,11:39,1085.0,TRAIL,23,116,24582.399999999998,24796.159999999996,372.60000000000105,26.3070034524,346.29299654760104,1879.2000000000053,91.43515682080002,1787.7648431792052,1.5157185628742464,-1.3612920962056791,2.630856668578204,3.0,-0.04833496342365142,5.0,23,FALCPAT_6205|FALCPAT_6245|FALCPAT_6721|FALCPAT_6793|FALCPAT_7163|FALCPAT_7554|FALCPAT_7618|FALCPAT_7631|FALCPAT_7740|FALCPAT_7758|FALCPAT_7860|FALCPAT_7941|FALCPAT_8039|FALCPAT_8099|FALCPAT_8141|FALCPAT_8315|FALCPAT_8364
2025-05-09,2025-05-08,1,INTELLECT,828.5,09:23,835.75,TRAIL,30,150,24855.0,24855.0,217.5,26.496783615000002,191.003216385,1087.5,91.312243075,996.187756925,0.875075437537709,2.297886720406625,1.204455967367959,3.0,-0.061966648823899954,0.0,21,FALCPAT_6882|FALCPAT_7179|FALCPAT_7277|FALCPAT_7621|FALCPAT_7631|FALCPAT_7694|FALCPAT_7709|FALCPAT_7739|FALCPAT_7799|FALCPAT_8143|FALCPAT_8211|FALCPAT_8247|FALCPAT_8364|FALCPAT_8406|FALCPAT_8429|FALCPAT_8448|FALCPAT_8497
2025-05-09,2025-05-08,2,NAVA,424.05,09:23,423.3,TRAIL,58,294,24594.9,24934.14,-43.5,26.0538610638,-69.5538610638,-220.5,91.0773247234,-311.5773247234,-0.17686593562079578,2.2453876812123976,1.4912432395899136,2.9375285201694443,-0.061966648823899954,0.0,15,FALCPAT_6166|FALCPAT_6791|FALCPAT_6871|FALCPAT_6996|FALCPAT_7055|FALCPAT_7183|FALCPAT_7737|FALCPAT_7801|FALCPAT_7870|FALCPAT_8066|FALCPAT_8178|FALCPAT_8361|FALCPAT_9005|FALCPAT_9426|FALCPAT_9597
2025-05-12,2025-05-09,1,INTELLECT,865.0,09:23,859.95,HARD_STOP,28,144,24220.0,24912.0,-141.39999999999873,25.593619483600005,-166.99361948359874,-727.1999999999935,90.89327757280002,-818.0932775727935,-0.5838150289017241,2.318839189656714,1.321503680081398,2.985612531903593,2.5,0.0,21,FALCPAT_6882|FALCPAT_7164|FALCPAT_7277|FALCPAT_7621|FALCPAT_7631|FALCPAT_7694|FALCPAT_7709|FALCPAT_7739|FALCPAT_7799|FALCPAT_7860|FALCPAT_8143|FALCPAT_8211|FALCPAT_8247|FALCPAT_8406|FALCPAT_8429|FALCPAT_8448|FALCPAT_8497
2025-05-14,2025-05-13,1,BDL,1762.9,09:23,1783.2,TRAIL,14,70,24680.600000000002,24680.6,284.19999999999936,26.3545438604,257.8454561395994,1420.9999999999968,91.100361302,1329.8996386979968,1.1515117136536412,1.550484922564679,1.459438537695642,3.0,-0.012399369849030223,1.0,23,FALCPAT_6151|FALCPAT_6236|FALCPAT_6245|FALCPAT_6440|FALCPAT_6663|FALCPAT_6677|FALCPAT_6697|FALCPAT_6824|FALCPAT_6953|FALCPAT_7253|FALCPAT_7695|FALCPAT_7862|FALCPAT_7992|FALCPAT_8450|FALCPAT_8574|FALCPAT_8622|FALCPAT_8964
2025-05-15,2025-05-14,1,VIJAYA,935.7,09:46,913.0,HARD_STOP,26,133,24328.2,24889.620000000003,-590.2000000000012,25.4210269612,-615.6210269612012,-3019.100000000006,90.19783682459999,-3109.297836824606,-2.42599123650743,2.4914672829505315,2.303007066896601,3.0,-0.037246084418232746,0.0,21,FALCPAT_6145|FALCPAT_6166|FALCPAT_6223|FALCPAT_6229|FALCPAT_6288|FALCPAT_6346|FALCPAT_6477|FALCPAT_6871|FALCPAT_6951|FALCPAT_7747|FALCPAT_7801|FALCPAT_8097|FALCPAT_8178|FALCPAT_8196|FALCPAT_8260|FALCPAT_8270|FALCPAT_8291
2025-05-15,2025-05-14,2,STARHEALTH,404.0,09:46,406.4,HARD_STOP,61,309,24644.0,24967.2,146.3999999999986,26.227508174399993,120.17249182559863,741.599999999993,91.41096307359999,650.189036926393,0.5940594059405946,2.322224962438902,1.4227597441743194,3.0,-0.037246084418232746,0.0,18,FALCPAT_6255|FALCPAT_6393|FALCPAT_7163|FALCPAT_7179|FALCPAT_7709|FALCPAT_7885|FALCPAT_8291|FALCPAT_8364|FALCPAT_8406|FALCPAT_8668|FALCPAT_8942|FALCPAT_9047|FALCPAT_9123|FALCPAT_9246|FALCPAT_9261|FALCPAT_9331|FALCPAT_9428
2025-05-15,2025-05-14,3,GRSE,2218.0,09:46,2174.3,HARD_STOP,11,56,24398.0,24841.6,-480.699999999998,25.565151257799997,-506.265151257798,-2447.19999999999,90.2769057488,-2537.4769057487897,-1.9702434625788912,1.5609526237490658,1.4596767706858271,3.0,-0.037246084418232746,1.0,36,FALCPAT_6440|FALCPAT_6470|FALCPAT_6663|FALCPAT_6887|FALCPAT_6953|FALCPAT_7086|FALCPAT_7180|FALCPAT_7201|FALCPAT_7395|FALCPAT_7509|FALCPAT_7603|FALCPAT_7621|FALCPAT_7760|FALCPAT_7771|FALCPAT_7791|FALCPAT_7862|FALCPAT_7880
2025-05-15,2025-05-14,4,INTELLECT,980.0,09:46,1005.7,HARD_STOP,25,127,24500.0,24892.0,642.5000000000011,26.392419205000003,616.1075807950011,3263.900000000006,92.0003889614,3171.899611038606,2.6224489795918515,1.5605949948857727,1.5290045382508173,3.0,-0.969511523108877,1.0,15,FALCPAT_6882|FALCPAT_7164|FALCPAT_7277|FALCPAT_7621|FALCPAT_8211|FALCPAT_8364|FALCPAT_8429|FALCPAT_8497|FALCPAT_8574|FALCPAT_8690|FALCPAT_8881|FALCPAT_9006|FALCPAT_9204|FALCPAT_9369|FALCPAT_9460
2025-05-15,2025-05-14,5,BDL,1769.9,09:46,1728.4,HARD_STOP,14,70,24778.600000000002,24778.6,-581.0,25.9045446212,-606.9045446212,-2905.0,90.03484910600001,-2995.034849106,-2.344765240974067,1.5055456056511962,1.213059280089528,3.0,2.5,1.0,22,FALCPAT_6151|FALCPAT_6245|FALCPAT_6440|FALCPAT_6663|FALCPAT_6677|FALCPAT_6697|FALCPAT_6824|FALCPAT_6953|FALCPAT_7603|FALCPAT_7695|FALCPAT_7862|FALCPAT_7992|FALCPAT_8450|FALCPAT_8547|FALCPAT_8574|FALCPAT_8622|FALCPAT_8964
2025-05-16,2025-05-15,1,COCHINSHIP,1850.0,15:29,2047.0,EOD,13,67,24050.0,24790.0,2561.0,27.143489386,2533.856510614,13199.0,94.66432237400001,13104.335677626,10.648648648648651,2.435637158556963,1.7820690040707754,3.0,-0.01886669522967313,0.0,21,FALCPAT_6663|FALCPAT_6824|FALCPAT_6887|FALCPAT_6932|FALCPAT_6953|FALCPAT_6962|FALCPAT_7086|FALCPAT_7253|FALCPAT_7472|FALCPAT_7509|FALCPAT_7603|FALCPAT_7760|FALCPAT_7790|FALCPAT_7943|FALCPAT_8000|FALCPAT_8043|FALCPAT_8509
2025-05-16,2025-05-15,2,VIJAYA,898.2,15:29,911.4,EOD,27,139,24251.4,24969.96,356.39999999999816,25.945622179199997,330.4543778207982,1834.7999999999906,91.72872917439999,1743.0712708255905,1.4696058784235078,1.7709865931018787,2.5648380487051106,3.0,-2.5,1.0,35,FALCPAT_6145|FALCPAT_6166|FALCPAT_6223|FALCPAT_6229|FALCPAT_6288|FALCPAT_6346|FALCPAT_6477|FALCPAT_6591|FALCPAT_6871|FALCPAT_6951|FALCPAT_7514|FALCPAT_7545|FALCPAT_7747|FALCPAT_7801|FALCPAT_7915|FALCPAT_8097|FALCPAT_8178
2025-05-16,2025-05-15,3,MAZDOCK,3200.0,15:29,3523.0,EOD,7,39,22400.0,24960.0,2261.0,25.201675785999996,2235.798324214,12597.0,94.791598522,12502.208401478,10.09374999999999,1.597764122434002,1.7001181956427476,3.0,-0.01886669522967313,1.0,21,FALCPAT_6151|FALCPAT_6236|FALCPAT_6663|FALCPAT_6824|FALCPAT_6887|FALCPAT_7086|FALCPAT_7253|FALCPAT_7601|FALCPAT_7741|FALCPAT_7862|FALCPAT_7871|FALCPAT_8000|FALCPAT_8043|FALCPAT_8376|FALCPAT_8509|FALCPAT_8574|FALCPAT_8644
2025-05-16,2025-05-15,4,GRSE,2273.0,15:29,2486.0,EOD,10,54,22730.0,24548.4,2130.0,25.467755339999997,2104.53224466,11502.0,93.75283483599999,11408.247165164,9.3708754949406,0.8462780741605105,1.7847418646186337,3.0,-2.5,2.0,38,FALCPAT_6440|FALCPAT_6470|FALCPAT_6663|FALCPAT_6887|FALCPAT_6953|FALCPAT_7086|FALCPAT_7180|FALCPAT_7201|FALCPAT_7395|FALCPAT_7509|FALCPAT_7603|FALCPAT_7621|FALCPAT_7760|FALCPAT_7771|FALCPAT_7791|FALCPAT_7862|FALCPAT_7880
2025-05-16,2025-05-15,5,BDL,1818.0,15:29,1844.0,EOD,13,68,23634.0,24724.8,338.0,25.279118955999994,312.720881044,1768.0,91.277573616,1676.722426384,1.4301430143014215,0.8098805969228811,1.8097063309640828,3.0,1.0709146189493286,2.0,28,FALCPAT_6151|FALCPAT_6236|FALCPAT_6245|FALCPAT_6440|FALCPAT_6663|FALCPAT_6677|FALCPAT_6697|FALCPAT_6721|FALCPAT_6824|FALCPAT_6953|FALCPAT_7253|FALCPAT_7394|FALCPAT_7603|FALCPAT_7695|FALCPAT_7862|FALCPAT_7983|FALCPAT_7992
2025-05-16,2025-05-15,6,ERIS,1488.0,15:29,1457.0,EOD,16,84,23808.0,24998.4,-496.0,24.92968912,-520.92968912,-2604.0,90.50834788,-2694.50834788,-2.083333333333337,-1.54092667469224,1.9655752940007347,3.0,-0.01886669522967313,5.0,17,FALCPAT_6150|FALCPAT_6440|FALCPAT_6809|FALCPAT_7075|FALCPAT_7085|FALCPAT_7209|FALCPAT_7394|FALCPAT_7559|FALCPAT_7695|FALCPAT_7740|FALCPAT_7819|FALCPAT_7861|FALCPAT_7942|FALCPAT_8456|FALCPAT_9345|FALCPAT_9367|FALCPAT_9574
2025-05-19,2025-05-16,1,COCHINSHIP,2090.0,09:20,2150.9,TRAIL,11,59,22990.0,24662.0,669.900000000001,24.8086788774,645.091321122601,3593.1000000000054,91.68929476059999,3501.410705239405,2.9138755980861353,2.413228524443434,1.734799124481899,3.0,2.5,0.0,23,FALCPAT_6663|FALCPAT_6824|FALCPAT_6887|FALCPAT_6932|FALCPAT_6953|FALCPAT_6962|FALCPAT_7086|FALCPAT_7253|FALCPAT_7324|FALCPAT_7395|FALCPAT_7472|FALCPAT_7509|FALCPAT_7603|FALCPAT_7760|FALCPAT_7943|FALCPAT_8000|FALCPAT_8043
2025-05-19,2025-05-16,2,VIJAYA,920.0,09:20,914.0,TRAIL,27,135,24840.0,24840.0,-162.0,26.237911067999995,-188.237911068,-810.0,90.74269534000001,-900.74269534,-0.6521739130434745,1.615032410646507,1.90883214242349,3.0,2.5,1.0,35,FALCPAT_6145|FALCPAT_6166|FALCPAT_6223|FALCPAT_6229|FALCPAT_6288|FALCPAT_6346|FALCPAT_6477|FALCPAT_6591|FALCPAT_6871|FALCPAT_6951|FALCPAT_7514|FALCPAT_7545|FALCPAT_7747|FALCPAT_7801|FALCPAT_7915|FALCPAT_8097|FALCPAT_8178
2025-05-19,2025-05-16,3,MAZDOCK,3559.8,09:20,3600.2,TRAIL,7,35,24918.600000000002,24918.6,282.79999999999745,26.606035119999998,256.19396487999745,1413.9999999999873,91.51777560000001,1322.4822243999872,1.134895218832499,1.5965500133810389,1.7092415779532664,2.989623759492435,2.5,1.0,17,FALCPAT_6151|FALCPAT_6236|FALCPAT_6663|FALCPAT_6824|FALCPAT_6887|FALCPAT_6967|FALCPAT_7086|FALCPAT_7253|FALCPAT_7741|FALCPAT_7862|FALCPAT_8000|FALCPAT_8043|FALCPAT_8422|FALCPAT_8509|FALCPAT_8574|FALCPAT_8908|FALCPAT_9270
2025-05-19,2025-05-16,4,BDL,1879.0,09:20,1884.0,TRAIL,13,66,24427.0,24802.8,65.0,25.945275694000003,39.054724306,330.0,91.003436908,238.996563092,0.2660989888238374,1.5161297642856641,1.3213305636544246,2.9719504057184616,2.5,1.0,16,FALCPAT_6151|FALCPAT_6245|FALCPAT_6440|FALCPAT_6677|FALCPAT_6697|FALCPAT_6953|FALCPAT_7603|FALCPAT_7695|FALCPAT_7862|FALCPAT_7992|FALCPAT_8422|FALCPAT_8450|FALCPAT_8574|FALCPAT_9248|FALCPAT_9294|FALCPAT_9512
2025-05-19,2025-05-16,5,GRSE,2524.0,09:20,2516.4,TRAIL,9,49,22716.0,24735.2,-68.39999999999918,24.045436173600002,-92.44543617359918,-372.39999999999554,90.68326298960001,-463.08326298959554,-0.301109350237716,0.8124373182300917,1.7260529397627975,3.0,2.5,2.0,36,FALCPAT_6440|FALCPAT_6470|FALCPAT_6663|FALCPAT_6887|FALCPAT_6953|FALCPAT_7086|FALCPAT_7180|FALCPAT_7201|FALCPAT_7395|FALCPAT_7509|FALCPAT_7603|FALCPAT_7621|FALCPAT_7760|FALCPAT_7771|FALCPAT_7791|FALCPAT_7862|FALCPAT_7943
2025-05-20,2025-05-19,1,VIJAYA,930.0,09:17,923.9,HARD_STOP,26,134,24180.0,24924.0,-158.6000000000006,25.540189516399998,-184.1401895164006,-817.400000000003,90.88860710760001,-908.2886071076031,-0.6559139784946266,0.848890035539593,2.160709452905382,3.0,-2.2236113573745793,2.0,26,FALCPAT_6166|FALCPAT_6223|FALCPAT_6229|FALCPAT_6288|FALCPAT_6346|FALCPAT_6591|FALCPAT_6871|FALCPAT_7176|FALCPAT_7514|FALCPAT_7545|FALCPAT_7747|FALCPAT_7801|FALCPAT_7915|FALCPAT_8178|FALCPAT_8270|FALCPAT_8291|FALCPAT_8397
2025-05-22,2025-05-21,1,VIJAYA,935.0,09:17,930.6,HARD_STOP,26,133,24310.0,24871.0,-114.39999999999941,25.706346265599997,-140.1063462655994,-585.199999999997,90.8616690048,-676.061669004797,-0.47058823529411153,-0.1266118568434882,1.4577947716277395,3.0,-2.5,3.0,16,FALCPAT_6166|FALCPAT_6266|FALCPAT_6346|FALCPAT_6392|FALCPAT_6871|FALCPAT_7491|FALCPAT_7514|FALCPAT_8270|FALCPAT_8397|FALCPAT_8405|FALCPAT_8411|FALCPAT_8428|FALCPAT_8788|FALCPAT_8952|FALCPAT_9395|FALCPAT_9542
2025-05-22,2025-05-21,2,ERIS,1505.9,09:17,1489.9,HARD_STOP,16,83,24094.4,24997.940000000002,-256.0,25.3870568128,-281.3870568128,-1328.0,90.8727616164,-1418.8727616164,-1.0624875489740337,-1.5938826125163548,1.8204571619918,3.0,-1.6512407434923604,5.0,38,FALCPAT_6150|FALCPAT_6427|FALCPAT_6440|FALCPAT_6809|FALCPAT_6953|FALCPAT_7075|FALCPAT_7085|FALCPAT_7179|FALCPAT_7184|FALCPAT_7209|FALCPAT_7394|FALCPAT_7412|FALCPAT_7471|FALCPAT_7559|FALCPAT_7601|FALCPAT_7695|FALCPAT_7709
2025-05-23,2025-05-22,1,JUBLPHARMA,1050.0,09:42,1062.8,TRAIL,23,119,24150.0,24990.0,294.39999999999895,25.798398334399995,268.60160166559893,1523.1999999999946,91.6748568432,1431.5251431567947,1.2190476190476085,2.285979938611051,1.2138796104726224,3.0,0.03772905198479507,0.0,28,FALCPAT_6427|FALCPAT_6566|FALCPAT_6677|FALCPAT_6882|FALCPAT_6999|FALCPAT_7055|FALCPAT_7075|FALCPAT_7184|FALCPAT_7209|FALCPAT_7269|FALCPAT_7509|FALCPAT_7695|FALCPAT_7800|FALCPAT_7862|FALCPAT_8084|FALCPAT_8144|FALCPAT_8248
2025-05-23,2025-05-22,2,BDL,1930.0,09:42,1897.7,TRAIL,12,64,23160.0,24704.0,-387.59999999999945,24.311916722400003,-411.91191672239944,-2067.199999999997,90.14318465280002,-2157.343184652797,-1.6735751295336776,1.5177702204002774,1.3627664252802143,3.0,2.5,1.0,23,FALCPAT_6151|FALCPAT_6236|FALCPAT_6245|FALCPAT_6440|FALCPAT_6663|FALCPAT_6677|FALCPAT_6697|FALCPAT_6721|FALCPAT_6824|FALCPAT_7253|FALCPAT_7599|FALCPAT_7695|FALCPAT_7862|FALCPAT_7983|FALCPAT_7992|FALCPAT_8644|FALCPAT_8882
2025-05-23,2025-05-22,3,GRSE,2809.0,09:42,2828.8,TRAIL,8,44,22472.0,24719.2,158.40000000000146,23.931889142399996,134.46811085760146,871.200000000008,91.01101748320002,780.188982516808,0.7048771804912812,-0.023657524028826593,1.5691411519131022,3.0,-1.8654521940713407,3.0,36,FALCPAT_6151|FALCPAT_6236|FALCPAT_6440|FALCPAT_6470|FALCPAT_6663|FALCPAT_6887|FALCPAT_6953|FALCPAT_7086|FALCPAT_7180|FALCPAT_7201|FALCPAT_7395|FALCPAT_7509|FALCPAT_7519|FALCPAT_7603|FALCPAT_7621|FALCPAT_7791|FALCPAT_7862
2025-05-23,2025-05-22,4,ERIS,1517.0,09:42,1538.8,TRAIL,16,82,24272.0,24878.8,348.7999999999993,25.9626017728,322.8373982271993,1787.5999999999963,91.5545716856,1696.0454283143963,1.4370468029004657,-1.7614397775617734,1.2307827710440904,3.0,-2.5,5.0,37,FALCPAT_6427|FALCPAT_6440|FALCPAT_6663|FALCPAT_6721|FALCPAT_6809|FALCPAT_6953|FALCPAT_7075|FALCPAT_7179|FALCPAT_7184|FALCPAT_7209|FALCPAT_7394|FALCPAT_7412|FALCPAT_7471|FALCPAT_7559|FALCPAT_7601|FALCPAT_7695|FALCPAT_7709
2025-05-26,2025-05-23,1,JUBLPHARMA,1079.0,09:37,1087.5,HARD_STOP,23,115,24817.0,24817.0,195.5,26.442401466999996,169.057598533,977.5,91.21379233500001,886.286207665,0.787766450417049,2.2664920297230418,1.214921374487702,3.0,2.5,0.0,29,FALCPAT_6427|FALCPAT_6566|FALCPAT_6677|FALCPAT_6882|FALCPAT_6999|FALCPAT_7055|FALCPAT_7075|FALCPAT_7184|FALCPAT_7209|FALCPAT_7269|FALCPAT_7471|FALCPAT_7509|FALCPAT_7695|FALCPAT_7800|FALCPAT_8084|FALCPAT_8144|FALCPAT_8248
2025-05-26,2025-05-23,2,BDL,1910.0,09:37,1894.6,HARD_STOP,13,65,24830.0,24830.0,-200.20000000000118,26.202849914799998,-226.40284991480118,-1001.0000000000059,90.670403574,-1091.6704035740058,-0.8062827225130964,0.7226745830493932,1.4283695154008536,3.0,-2.5,2.0,16,FALCPAT_6151|FALCPAT_6245|FALCPAT_6440|FALCPAT_6677|FALCPAT_6697|FALCPAT_6721|FALCPAT_6953|FALCPAT_7599|FALCPAT_7695|FALCPAT_7740|FALCPAT_7862|FALCPAT_7992|FALCPAT_8644|FALCPAT_9248|FALCPAT_9294|FALCPAT_9512
2025-05-26,2025-05-23,3,GRSE,2761.0,09:37,2708.5,HARD_STOP,9,45,24849.0,24849.0,-472.5,26.048664962999997,-498.548664963,-2362.5,90.31418981499999,-2452.814189815,-1.9014849692140512,-0.05976717212745353,1.472079189214279,3.0,2.5,3.0,33,FALCPAT_6151|FALCPAT_6440|FALCPAT_6470|FALCPAT_6953|FALCPAT_7086|FALCPAT_7180|FALCPAT_7201|FALCPAT_7395|FALCPAT_7509|FALCPAT_7519|FALCPAT_7603|FALCPAT_7621|FALCPAT_7760|FALCPAT_7771|FALCPAT_7791|FALCPAT_7862|FALCPAT_7943
2025-05-29,2025-05-28,1,ITI,350.15,09:22,351.9,TRAIL,71,356,24860.649999999998,24930.68,124.25,26.443074094299995,97.80692590570001,623.0,91.3126589348,531.6873410652,0.4997858060830973,2.2585188589554592,1.1067943499645274,3.0,-0.019131420750732802,0.0,58,FALCPAT_6150|FALCPAT_6245|FALCPAT_6427|FALCPAT_6440|FALCPAT_6663|FALCPAT_6677|FALCPAT_6697|FALCPAT_6722|FALCPAT_6824|FALCPAT_6932|FALCPAT_6953|FALCPAT_6962|FALCPAT_6999|FALCPAT_7009|FALCPAT_7164|FALCPAT_7350|FALCPAT_7471
2025-05-30,2025-05-29,1,ITI,362.0,09:17,351.65,HARD_STOP,69,345,24978.0,24978.0,-714.1500000000016,26.0307526581,-740.1807526581016,-3570.7500000000077,90.19568879050001,-3660.9456887905076,-2.8591160220994505,2.2703610121972444,1.131863789341102,3.0,2.5,0.0,63,FALCPAT_6150|FALCPAT_6245|FALCPAT_6427|FALCPAT_6440|FALCPAT_6663|FALCPAT_6677|FALCPAT_6697|FALCPAT_6722|FALCPAT_6810|FALCPAT_6824|FALCPAT_6932|FALCPAT_6953|FALCPAT_6962|FALCPAT_6999|FALCPAT_7009|FALCPAT_7164|FALCPAT_7180
2025-05-30,2025-05-29,2,BDL,1977.9,09:17,1969.7,HARD_STOP,12,63,23734.800000000003,24921.54,-98.40000000000055,25.1066178912,-123.50661789120055,-516.6000000000029,90.9703687288,-607.5703687288028,-0.4145811213913775,-0.058136045938585124,1.6146475977676806,3.0,-2.5,3.0,18,FALCPAT_6151|FALCPAT_6236|FALCPAT_6245|FALCPAT_6440|FALCPAT_6663|FALCPAT_6677|FALCPAT_6697|FALCPAT_6721|FALCPAT_6824|FALCPAT_7253|FALCPAT_7599|FALCPAT_7862|FALCPAT_7992|FALCPAT_9114|FALCPAT_9248|FALCPAT_9270|FALCPAT_9369
2025-05-30,2025-05-29,3,GRSE,3090.0,09:17,3000.0,HARD_STOP,8,40,24720.0,24720.0,-720.0,25.753410719999998,-745.75341072,-3600.0,89.7326536,-3689.7326536,-2.9126213592232997,-0.850822903215577,1.571440449240625,3.0,-0.668407516110118,4.0,36,FALCPAT_6151|FALCPAT_6236|FALCPAT_6440|FALCPAT_6470|FALCPAT_6663|FALCPAT_6887|FALCPAT_6953|FALCPAT_7086|FALCPAT_7180|FALCPAT_7201|FALCPAT_7395|FALCPAT_7509|FALCPAT_7519|FALCPAT_7621|FALCPAT_7791|FALCPAT_7862|FALCPAT_7943
2025-05-30,2025-05-29,4,ERIS,1618.1,09:17,1598.1,HARD_STOP,15,77,24271.5,24918.739999999998,-300.0,25.546692918,-325.546692918,-1540.0,90.6725107124,-1630.6725107124,-1.236017551449231,-1.7578926015114487,1.2129476992998949,3.0,2.5,5.0,26,FALCPAT_6427|FALCPAT_6721|FALCPAT_6809|FALCPAT_6953|FALCPAT_7056|FALCPAT_7075|FALCPAT_7179|FALCPAT_7394|FALCPAT_7412|FALCPAT_7559|FALCPAT_7620|FALCPAT_7695|FALCPAT_7799|FALCPAT_7819|FALCPAT_7872|FALCPAT_8102|FALCPAT_8211
2025-06-02,2025-05-30,1,ITI,335.0,09:17,329.5,HARD_STOP,74,373,24790.0,24991.0,-407.0,26.028033097999998,-433.028033098,-2051.5,90.653447021,-2142.153447021,-1.6417910447761197,1.5689575520110493,1.5817443035232035,3.0,-1.7083855533516108,1.0,47,FALCPAT_6150|FALCPAT_6245|FALCPAT_6427|FALCPAT_6440|FALCPAT_6677|FALCPAT_6697|FALCPAT_6721|FALCPAT_6932|FALCPAT_6953|FALCPAT_6962|FALCPAT_6999|FALCPAT_7164|FALCPAT_7395|FALCPAT_7471|FALCPAT_7509|FALCPAT_7559|FALCPAT_7603
2025-06-02,2025-05-30,2,GRSE,3000.0,09:17,2975.3,HARD_STOP,8,41,24000.0,24600.0,-197.59999999999854,25.324339342399995,-222.92433934239853,-1012.6999999999925,90.26173492980001,-1102.9617349297926,-0.8233333333333315,-1.5759583213573398,1.863788016683697,3.0,-2.5,5.0,15,FALCPAT_6470|FALCPAT_7086|FALCPAT_7180|FALCPAT_7201|FALCPAT_7509|FALCPAT_7519|FALCPAT_7621|FALCPAT_7943|FALCPAT_7964|FALCPAT_8102|FALCPAT_8248|FALCPAT_8376|FALCPAT_8585|FALCPAT_8646|FALCPAT_8691
2025-06-04,2025-06-03,1,GRSE,3186.1,12:50,3293.1,TRAIL,7,39,22302.7,24851.579999999998,749.0,24.1304720944,724.8695279056,4173.0,92.18936646880002,4080.8106335312,3.3583377797307135,-1.664716598230008,1.6170581690403445,3.0,-2.5,5.0,26,FALCPAT_6151|FALCPAT_6236|FALCPAT_6440|FALCPAT_6470|FALCPAT_6663|FALCPAT_6887|FALCPAT_7086|FALCPAT_7163|FALCPAT_7180|FALCPAT_7395|FALCPAT_7509|FALCPAT_7519|FALCPAT_7621|FALCPAT_7791|FALCPAT_7862|FALCPAT_7943|FALCPAT_8000
2025-06-05,2025-06-04,1,GRSE,3393.0,09:17,3338.6,HARD_STOP,7,36,23751.0,24429.6,-380.80000000000064,24.9429973912,-405.7429973912006,-1958.4000000000033,89.69076189759998,-2048.0907618976034,-1.6033009136457443,-1.6631523346688297,1.494141134354418,3.0,2.5,5.0,32,FALCPAT_6151|FALCPAT_6440|FALCPAT_6470|FALCPAT_6663|FALCPAT_6953|FALCPAT_7086|FALCPAT_7180|FALCPAT_7201|FALCPAT_7395|FALCPAT_7509|FALCPAT_7519|FALCPAT_7603|FALCPAT_7621|FALCPAT_7760|FALCPAT_7791|FALCPAT_7862|FALCPAT_7943
2025-06-06,2025-06-05,1,COCHINSHIP,2421.0,09:31,2483.3,TRAIL,10,51,24210.0,24694.2,623.0000000000018,26.072403717999997,596.9275962820018,3177.3000000000093,91.62702676180001,3085.672973238209,2.573316811235027,2.3880373774878354,1.633645581512681,3.0,0.06314748880501309,0.0,32,FALCPAT_6663|FALCPAT_6824|FALCPAT_6887|FALCPAT_6932|FALCPAT_6953|FALCPAT_6962|FALCPAT_7086|FALCPAT_7253|FALCPAT_7324|FALCPAT_7395|FALCPAT_7472|FALCPAT_7509|FALCPAT_7603|FALCPAT_7760|FALCPAT_7880|FALCPAT_7943|FALCPAT_7964
2025-06-06,2025-06-05,2,GRSE,3425.0,09:31,3397.2,TRAIL,7,36,23975.0,24660.0,-194.60000000000127,25.299748720399997,-219.89974872040128,-1000.8000000000065,90.37087661919999,-1091.1708766192066,-0.8116788321167911,-1.6015438799302304,1.7324931862512236,3.0,-2.5,5.0,33,FALCPAT_6151|FALCPAT_6440|FALCPAT_6470|FALCPAT_6953|FALCPAT_7086|FALCPAT_7180|FALCPAT_7201|FALCPAT_7395|FALCPAT_7509|FALCPAT_7519|FALCPAT_7621|FALCPAT_7760|FALCPAT_7771|FALCPAT_7791|FALCPAT_7862|FALCPAT_7943|FALCPAT_7964
2025-06-09,2025-06-06,1,COCHINSHIP,2406.6,09:17,2310.8,HARD_STOP,10,51,24066.0,24547.32,-957.9999999999973,24.907501323999995,-982.9075013239973,-4885.7999999999865,89.06031715239999,-4974.860317152386,-3.9807196875259576,2.3613131441714406,1.5293623845561488,3.0,2.5,0.0,21,FALCPAT_6932|FALCPAT_6953|FALCPAT_6962|FALCPAT_7086|FALCPAT_7324|FALCPAT_7395|FALCPAT_7472|FALCPAT_7509|FALCPAT_7603|FALCPAT_7760|FALCPAT_7880|FALCPAT_7943|FALCPAT_8326|FALCPAT_8354|FALCPAT_8422|FALCPAT_8457|FALCPAT_8509
2025-06-12,2025-06-11,1,WOCKPHARMA,1833.0,09:18,1828.2,TRAIL,13,68,23829.0,24928.8,-62.39999999999941,25.2295606056,-87.62956060559941,-326.3999999999969,91.03760292160001,-417.4376029215969,-0.2618657937806801,2.3168881544695963,1.3313530114768533,3.0,0.05399683632465426,0.0,27,FALCPAT_6722|FALCPAT_6953|FALCPAT_6999|FALCPAT_7009|FALCPAT_7086|FALCPAT_7164|FALCPAT_7621|FALCPAT_7741|FALCPAT_7754|FALCPAT_7760|FALCPAT_7771|FALCPAT_7800|FALCPAT_8211|FALCPAT_8377|FALCPAT_8422|FALCPAT_8450|FALCPAT_8464
2025-06-13,2025-06-12,1,WOCKPHARMA,1708.0,09:45,1742.8,TRAIL,14,73,23912.0,24936.8,487.19999999999936,25.669446331199996,461.53055366879937,2540.399999999997,91.8722536984,2448.527746301597,2.037470725995316,1.5407218219009577,1.3851445741269388,3.0,-2.5,1.0,24,FALCPAT_6722|FALCPAT_6953|FALCPAT_6999|FALCPAT_7086|FALCPAT_7164|FALCPAT_7200|FALCPAT_7621|FALCPAT_7741|FALCPAT_7754|FALCPAT_7760|FALCPAT_7771|FALCPAT_7800|FALCPAT_8211|FALCPAT_8422|FALCPAT_8450|FALCPAT_8464|FALCPAT_8497
2025-06-13,2025-06-12,2,ERIS,1764.9,09:45,1745.4,TRAIL,14,70,24708.600000000002,24708.6,-273.0,26.027502589199997,-299.0275025892,-1365.0,90.352278946,-1455.352278946,-1.10487846336903,-1.7338659629401842,1.1093283715685534,3.0,0.05782971161157942,5.0,15,FALCPAT_7056|FALCPAT_7075|FALCPAT_7164|FALCPAT_7872|FALCPAT_8070|FALCPAT_8084|FALCPAT_8102|FALCPAT_8211|FALCPAT_8449|FALCPAT_8509|FALCPAT_8568|FALCPAT_8737|FALCPAT_9044|FALCPAT_9460|FALCPAT_9574
2025-06-16,2025-06-13,1,WOCKPHARMA,1790.4,09:26,1765.3,TRAIL,13,69,23275.2,24707.52,-326.3000000000018,24.4733266466,-350.7733266466018,-1731.9000000000094,90.24535938580001,-1822.1453593858093,-1.4019213583556844,1.5570573104533538,1.4904002777548542,3.0,2.5,1.0,17,FALCPAT_6953|FALCPAT_6999|FALCPAT_7164|FALCPAT_7200|FALCPAT_7621|FALCPAT_7741|FALCPAT_7754|FALCPAT_7760|FALCPAT_7771|FALCPAT_7800|FALCPAT_8211|FALCPAT_8422|FALCPAT_8450|FALCPAT_8497|FALCPAT_8585|FALCPAT_8646|FALCPAT_8964
2025-06-16,2025-06-13,2,ERIS,1795.0,09:26,1838.3,TRAIL,13,69,23335.0,24771.0,562.8999999999994,25.106030635400003,537.7939693645994,2987.699999999997,91.7080998802,2895.9919001197973,2.4122562674094628,-1.6929967267045964,1.3626861341448095,3.0,-2.5,5.0,15,FALCPAT_7056|FALCPAT_7075|FALCPAT_7164|FALCPAT_7861|FALCPAT_7872|FALCPAT_8070|FALCPAT_8084|FALCPAT_8102|FALCPAT_8211|FALCPAT_8449|FALCPAT_8737|FALCPAT_9044|FALCPAT_9293|FALCPAT_9460|FALCPAT_9574
2025-06-23,2025-06-20,1,GALLANTT,508.95,15:29,517.7,EOD,49,245,24938.55,24938.55,428.7500000000028,26.7206321221,402.0293678779028,2143.750000000014,91.7618061105,2051.988193889514,1.719225857156892,2.2379557813252244,1.0688298230733944,3.0,-0.0280390264542022,0.0,17,FALCPAT_6722|FALCPAT_6999|FALCPAT_7009|FALCPAT_7086|FALCPAT_7754|FALCPAT_7983|FALCPAT_8144|FALCPAT_8248|FALCPAT_8259|FALCPAT_8450|FALCPAT_8464|FALCPAT_8509|FALCPAT_8547|FALCPAT_8585|FALCPAT_8622|FALCPAT_8646|FALCPAT_9424
2025-06-23,2025-06-20,2,GRSE,3272.0,15:29,3502.0,EOD,7,38,22904.0,24867.2,1610.0,25.319356468000002,1584.680643532,8740.0,93.524087112,8646.475912888,7.029339853300742,-1.6694397551169118,1.5507449386210028,3.0,-0.0280390264542022,5.0,19,FALCPAT_6236|FALCPAT_6440|FALCPAT_6470|FALCPAT_6663|FALCPAT_7163|FALCPAT_7180|FALCPAT_7509|FALCPAT_7621|FALCPAT_7791|FALCPAT_7943|FALCPAT_8000|FALCPAT_8043|FALCPAT_8376|FALCPAT_8691|FALCPAT_8882|FALCPAT_8908|FALCPAT_9048
2025-06-25,2025-06-24,1,ITI,319.9,09:18,317.75,HARD_STOP,78,390,24952.199999999997,24952.199999999997,-167.69999999999823,26.3532444942,-194.05324449419822,-838.4999999999911,90.932263471,-929.4322634709911,-0.6720850265708012,0.71844354909173,1.5646935934322637,3.0,-0.07185659977200134,2.0,16,FALCPAT_6245|FALCPAT_6721|FALCPAT_6932|FALCPAT_6962|FALCPAT_7559|FALCPAT_7790|FALCPAT_7977|FALCPAT_7999|FALCPAT_8038|FALCPAT_8042|FALCPAT_8245|FALCPAT_8405|FALCPAT_8456|FALCPAT_9300|FALCPAT_9344|FALCPAT_9545
2025-06-26,2025-06-25,1,GALLANTT,544.05,09:32,540.75,HARD_STOP,45,229,24482.249999999996,24917.489999999998,-148.49999999999795,25.867177415999997,-174.36717741599796,-755.6999999999896,90.8947949392,-846.5947949391896,-0.6065618968844722,2.2656925772789807,1.0071536706149542,3.0,2.5,0.0,17,FALCPAT_6722|FALCPAT_6999|FALCPAT_7086|FALCPAT_7621|FALCPAT_7754|FALCPAT_7800|FALCPAT_8144|FALCPAT_8248|FALCPAT_8377|FALCPAT_8450|FALCPAT_8464|FALCPAT_8509|FALCPAT_8574|FALCPAT_8585|FALCPAT_8646|FALCPAT_9294|FALCPAT_9424
2025-06-26,2025-06-25,2,KFINTECH,1345.0,09:32,1336.6,HARD_STOP,18,92,24210.0,24748.0,-151.20000000000164,25.576740748799995,-176.77674074880164,-772.8000000000084,90.5912150272,-863.3912150272083,-0.6245353159851419,0.6439118570233737,1.0114843623043728,3.0,-0.02250163062585464,2.0,15,FALCPAT_6810|FALCPAT_6999|FALCPAT_7008|FALCPAT_7163|FALCPAT_7494|FALCPAT_7554|FALCPAT_7713|FALCPAT_8069|FALCPAT_8509|FALCPAT_8643|FALCPAT_8942|FALCPAT_8953|FALCPAT_9260|FALCPAT_9294|FALCPAT_9366
2025-06-30,2025-06-27,1,KFINTECH,1365.0,09:21,1356.0,HARD_STOP,18,91,24570.0,24843.0,-162.0,25.951589028000004,-187.951589028,-819.0,90.745406086,-909.745406086,-0.659340659340657,-0.07037388088052943,1.3529337776737085,3.0,-2.5,3.0,17,FALCPAT_6810|FALCPAT_6999|FALCPAT_7008|FALCPAT_7163|FALCPAT_7554|FALCPAT_7713|FALCPAT_7860|FALCPAT_8069|FALCPAT_8364|FALCPAT_8509|FALCPAT_8643|FALCPAT_8942|FALCPAT_8953|FALCPAT_9220|FALCPAT_9260|FALCPAT_9294|FALCPAT_9366
2025-07-24,2025-07-23,1,NEWGEN,878.0,09:52,872.5,HARD_STOP,28,142,24584.0,24935.2,-154.0,25.971557164,-179.971557164,-781.0,90.918763046,-871.918763046,-0.6264236902050135,2.4688035535406367,2.076680872944016,3.0,0.06402509279370902,0.0,17,FALCPAT_6145|FALCPAT_6343|FALCPAT_6474|FALCPAT_6575|FALCPAT_6791|FALCPAT_7160|FALCPAT_7202|FALCPAT_7226|FALCPAT_7320|FALCPAT_7737|FALCPAT_8459|FALCPAT_8511|FALCPAT_8723|FALCPAT_8764|FALCPAT_8779|FALCPAT_8949|FALCPAT_9407
2025-07-28,2025-07-25,1,NEWGEN,829.9,15:12,848.4,TRAIL,30,150,24897.0,24897.0,555.0,26.757398873999996,528.242601126,2775.0,91.86926437,2683.13073563,2.229184239064952,1.4834295308852876,1.2561608732623877,3.0,-2.5,1.0,15,FALCPAT_6145|FALCPAT_6343|FALCPAT_6474|FALCPAT_6575|FALCPAT_6791|FALCPAT_7160|FALCPAT_7202|FALCPAT_7226|FALCPAT_7320|FALCPAT_7737|FALCPAT_8511|FALCPAT_8619|FALCPAT_8723|FALCPAT_8779|FALCPAT_9407
2025-07-29,2025-07-28,1,NEWGEN,855.0,09:17,848.0,HARD_STOP,29,146,24795.0,24966.0,-203.0,26.163941461999993,-229.163941462,-1022.0,90.904060188,-1112.904060188,-0.8187134502923965,1.6205459025796276,1.9676010049255144,3.0,2.5,1.0,17,FALCPAT_6145|FALCPAT_6343|FALCPAT_6474|FALCPAT_6575|FALCPAT_6791|FALCPAT_7160|FALCPAT_7202|FALCPAT_7226|FALCPAT_7320|FALCPAT_7735|FALCPAT_8241|FALCPAT_8459|FALCPAT_8511|FALCPAT_8723|FALCPAT_8764|FALCPAT_8779|FALCPAT_9407
2025-07-31,2025-07-30,1,JUBLPHARMA,1220.0,09:17,1221.2,HARD_STOP,20,102,24400.0,24888.0,24.00000000000091,25.890394223999998,-1.8903942239990883,122.40000000000464,91.09416094240001,31.30583905760463,0.09836065573771702,2.26018049864836,1.1513871417527004,3.0,0.04536092116265143,0.0,20,FALCPAT_6427|FALCPAT_6677|FALCPAT_6998|FALCPAT_7009|FALCPAT_7075|FALCPAT_7086|FALCPAT_7209|FALCPAT_7509|FALCPAT_7601|FALCPAT_7695|FALCPAT_7740|FALCPAT_7862|FALCPAT_8084|FALCPAT_8144|FALCPAT_8259|FALCPAT_8497|FALCPAT_8509
2025-07-31,2025-07-30,2,GALLANTT,758.05,09:17,749.05,HARD_STOP,32,164,24257.6,24864.04,-288.0,25.539635347199994,-313.5396353472,-1476.0,90.59443355440001,-1566.5944335544,-1.1872567772574394,1.5399384618621823,1.3711208506089054,3.0,0.04536092116265143,1.0,27,FALCPAT_6722|FALCPAT_6999|FALCPAT_7009|FALCPAT_7086|FALCPAT_7395|FALCPAT_7603|FALCPAT_7621|FALCPAT_7754|FALCPAT_7760|FALCPAT_7771|FALCPAT_7800|FALCPAT_8144|FALCPAT_8248|FALCPAT_8259|FALCPAT_8377|FALCPAT_8422|FALCPAT_8450
2025-08-01,2025-07-31,1,GALLANTT,760.0,09:19,754.0,HARD_STOP,32,164,24320.0,24928.0,-192.0,25.667269248,-217.667269248,-984.0,90.84797089599999,-1074.8479708959999,-0.7894736842105288,0.7072230541907945,1.3049580877985416,3.0,-2.5,2.0,24,FALCPAT_6999|FALCPAT_7009|FALCPAT_7086|FALCPAT_7395|FALCPAT_7603|FALCPAT_7621|FALCPAT_7754|FALCPAT_7760|FALCPAT_7771|FALCPAT_7800|FALCPAT_8144|FALCPAT_8248|FALCPAT_8259|FALCPAT_8377|FALCPAT_8422|FALCPAT_8450|FALCPAT_8509
2025-08-04,2025-08-01,1,GALLANTT,754.85,15:29,785.0,EOD,33,165,24910.05,24910.05,994.9499999999992,27.0529052013,967.8970947986993,4974.749999999996,92.5218875065,4882.228112493496,3.994171027356419,-0.12198694292347456,1.2649946040363094,3.0,-2.5,3.0,24,FALCPAT_6999|FALCPAT_7086|FALCPAT_7395|FALCPAT_7603|FALCPAT_7621|FALCPAT_7754|FALCPAT_7760|FALCPAT_7771|FALCPAT_7800|FALCPAT_8071|FALCPAT_8144|FALCPAT_8248|FALCPAT_8259|FALCPAT_8377|FALCPAT_8422|FALCPAT_8450|FALCPAT_8509
2025-08-13,2025-08-12,1,ACE,943.5,09:19,946.4,HARD_STOP,26,132,24531.0,24908.4,75.39999999999941,26.062221052399995,49.33777894759942,382.799999999997,91.2046442968,291.595355703197,0.3073661897191382,2.3968730092193513,1.6778458638126403,3.0,-0.059534869238140393,0.0,20,FALCPAT_6229|FALCPAT_6346|FALCPAT_6458|FALCPAT_6871|FALCPAT_7202|FALCPAT_7545|FALCPAT_7801|FALCPAT_7915|FALCPAT_8079|FALCPAT_8097|FALCPAT_8178|FALCPAT_8196|FALCPAT_8411|FALCPAT_8781|FALCPAT_8883|FALCPAT_8904|FALCPAT_8909
2025-08-13,2025-08-12,2,SONATSOFTW,377.0,09:19,366.0,HARD_STOP,66,331,24882.0,24957.4,-726.0,25.921362587999994,-751.921362588,-3641.0,90.13927885800001,-3731.139278858,-2.917771883289122,0.7173853321668773,1.4728498785954056,3.0,-0.059534869238140393,2.0,17,FALCPAT_6722|FALCPAT_6809|FALCPAT_7085|FALCPAT_7179|FALCPAT_7631|FALCPAT_7709|FALCPAT_7965|FALCPAT_7976|FALCPAT_8101|FALCPAT_8143|FALCPAT_8247|FALCPAT_8406|FALCPAT_8622|FALCPAT_9111|FALCPAT_9123|FALCPAT_9301|FALCPAT_9584
2025-08-13,2025-08-12,3,NEWGEN,862.7,09:19,861.05,HARD_STOP,28,144,24155.600000000002,24845.760000000002,-46.20000000000255,25.586275889999996,-71.78627589000254,-237.6000000000131,90.91668172000001,-328.51668172001314,-0.1912599976817031,0.6531932668631826,1.4638706916499584,3.0,-0.059534869238140393,2.0,15,FALCPAT_6145|FALCPAT_6343|FALCPAT_6474|FALCPAT_6575|FALCPAT_6791|FALCPAT_7160|FALCPAT_7202|FALCPAT_7226|FALCPAT_7320|FALCPAT_7755|FALCPAT_8241|FALCPAT_8511|FALCPAT_8764|FALCPAT_8779|FALCPAT_9407
2025-08-14,2025-08-13,1,ACE,945.0,09:37,939.2,HARD_STOP,26,132,24570.0,24948.0,-150.79999999999882,25.9587595592,-176.7587595591988,-765.599999999994,90.9457278544,-856.545727854394,-0.6137566137566108,2.366107832506147,1.5478854702362324,3.0,2.5,0.0,18,FALCPAT_6229|FALCPAT_6346|FALCPAT_6458|FALCPAT_6871|FALCPAT_7202|FALCPAT_7545|FALCPAT_7801|FALCPAT_7915|FALCPAT_8079|FALCPAT_8097|FALCPAT_8178|FALCPAT_8196|FALCPAT_8411|FALCPAT_8781|FALCPAT_8883|FALCPAT_8904|FALCPAT_8909
2025-08-18,2025-08-14,1,PGEL,522.0,12:55,534.0,TRAIL,47,239,24534.0,24951.6,564.0,26.378216831999993,537.621783168,2868.0,91.992102784,2776.007897216,2.298850574712641,2.522844554858735,2.2975248207643406,3.0,0.036183793897392194,0.0,15,FALCPAT_6166|FALCPAT_6996|FALCPAT_7075|FALCPAT_7545|FALCPAT_7737|FALCPAT_7764|FALCPAT_7780|FALCPAT_8065|FALCPAT_8079|FALCPAT_8196|FALCPAT_8496|FALCPAT_8619|FALCPAT_9005|FALCPAT_9266|FALCPAT_9597
2025-08-18,2025-08-14,2,ACE,948.0,12:55,948.1,TRAIL,26,131,24648.0,24837.6,2.600000000000591,26.139685483599997,-23.539685483599406,13.100000000002979,90.9740585366,-77.87405853659702,0.01054852320674371,1.524342626404456,1.3799375828596052,3.0,-2.5,1.0,18,FALCPAT_6229|FALCPAT_6346|FALCPAT_6458|FALCPAT_6871|FALCPAT_7202|FALCPAT_7545|FALCPAT_7801|FALCPAT_7915|FALCPAT_8079|FALCPAT_8097|FALCPAT_8178|FALCPAT_8196|FALCPAT_8411|FALCPAT_8781|FALCPAT_8883|FALCPAT_8904|FALCPAT_8909
2025-08-18,2025-08-14,3,NEWGEN,886.85,12:55,887.8,TRAIL,28,140,24831.8,24831.8,26.59999999999809,26.3499619852,0.25003801479808985,132.99999999999045,90.99815592600001,42.00184407399044,0.10712070812424201,0.06735879319900562,1.9890835704738723,3.0,-2.5,3.0,16,FALCPAT_6343|FALCPAT_6474|FALCPAT_6575|FALCPAT_6791|FALCPAT_7160|FALCPAT_7202|FALCPAT_7226|FALCPAT_7320|FALCPAT_7755|FALCPAT_8066|FALCPAT_8241|FALCPAT_8459|FALCPAT_8511|FALCPAT_8764|FALCPAT_8779|FALCPAT_9407
2025-08-19,2025-08-18,1,ACE,962.0,09:25,968.0,TRAIL,25,129,24050.0,24819.6,150.0,25.599904499999997,124.4000955,774.0,91.16012721999999,682.83987278,0.6237006237006293,0.8091391827322951,1.8138207008388072,3.0,-2.5,2.0,18,FALCPAT_6229|FALCPAT_6346|FALCPAT_6458|FALCPAT_6871|FALCPAT_7202|FALCPAT_7545|FALCPAT_7801|FALCPAT_7915|FALCPAT_8079|FALCPAT_8097|FALCPAT_8178|FALCPAT_8397|FALCPAT_8411|FALCPAT_8781|FALCPAT_8883|FALCPAT_8904|FALCPAT_8909
2025-09-03,2025-09-02,1,RVNL,332.0,09:23,329.45,HARD_STOP,75,376,24900.0,24966.4,-191.25000000000085,26.2828115775,-217.53281157750087,-958.8000000000043,90.9228545752,-1049.7228545752043,-0.7680722891566294,2.259008235238544,1.238606435222892,3.0,-0.07794487383551832,0.0,19,FALCPAT_6545|FALCPAT_6722|FALCPAT_7226|FALCPAT_7695|FALCPAT_7862|FALCPAT_7942|FALCPAT_8211|FALCPAT_8258|FALCPAT_8364|FALCPAT_8451|FALCPAT_8486|FALCPAT_8568|FALCPAT_8590|FALCPAT_8664|FALCPAT_9044|FALCPAT_9058|FALCPAT_9111
2025-09-04,2025-09-03,1,ITI,317.9,09:17,314.2,HARD_STOP,78,393,24796.199999999997,24986.94,-288.5999999999991,26.110410658799996,-314.7104106587991,-1454.0999999999956,90.81728365779999,-1544.9172836577957,-1.1638880150990794,-0.052825963422589606,1.381581015247647,3.0,-0.014235263812386007,3.0,33,FALCPAT_6150|FALCPAT_6427|FALCPAT_6440|FALCPAT_6663|FALCPAT_6677|FALCPAT_6697|FALCPAT_6722|FALCPAT_6932|FALCPAT_6953|FALCPAT_6962|FALCPAT_7009|FALCPAT_7349|FALCPAT_7471|FALCPAT_7559|FALCPAT_7695|FALCPAT_7741|FALCPAT_7754
2025-09-05,2025-09-04,1,ITI,311.9,09:24,310.8,TRAIL,80,400,24952.0,24951.999999999996,-87.99999999999727,26.404058415999998,-114.40405841599727,-439.99999999998636,91.04597208000001,-531.0459720799863,-0.3526771401090034,-0.8886660679069727,1.3610912161301651,3.0,-2.5,4.0,23,FALCPAT_6427|FALCPAT_6677|FALCPAT_6721|FALCPAT_6953|FALCPAT_7471|FALCPAT_7559|FALCPAT_7695|FALCPAT_7754|FALCPAT_7790|FALCPAT_7799|FALCPAT_8038|FALCPAT_8084|FALCPAT_8102|FALCPAT_8456|FALCPAT_8568|FALCPAT_8585|FALCPAT_8646
2025-09-11,2025-09-10,1,INTELLECT,1014.05,09:20,1005.45,HARD_STOP,24,123,24337.199999999997,24945.629999999997,-206.39999999999782,25.676289768,-232.07628976799782,-1057.7999999999888,90.857916061,-1148.6579160609888,-0.8480844139835186,1.4945012817233596,1.3302193946655405,3.0,0.05204242745087902,1.0,15,FALCPAT_6439|FALCPAT_6675|FALCPAT_6882|FALCPAT_7179|FALCPAT_7412|FALCPAT_7709|FALCPAT_7799|FALCPAT_8143|FALCPAT_8211|FALCPAT_8247|FALCPAT_8364|FALCPAT_8406|FALCPAT_8497|FALCPAT_9220|FALCPAT_9460
2025-09-15,2025-09-12,1,INTELLECT,1017.1,09:19,1010.1,HARD_STOP,24,122,24410.4,24817.239999999998,-168.0,25.7784995328,-193.7784995328,-854.0,90.6899923584,-944.6899923584,-0.6882312456985562,0.6530204097641321,1.229932808675871,3.0,-2.5,2.0,15,FALCPAT_6439|FALCPAT_6882|FALCPAT_7164|FALCPAT_7179|FALCPAT_7412|FALCPAT_7709|FALCPAT_7799|FALCPAT_8143|FALCPAT_8211|FALCPAT_8247|FALCPAT_8364|FALCPAT_8406|FALCPAT_8462|FALCPAT_8497|FALCPAT_9460
2025-09-30,2025-09-29,1,WOCKPHARMA,1544.0,09:17,1522.4,HARD_STOP,16,80,24704.0,24704.0,-345.59999999999854,25.9761441024,-371.57614410239853,-1727.9999999999927,90.240272512,-1818.2402725119928,-1.3989637305699465,0.7052614578339562,1.2583870103207082,3.0,0.0519891519861739,2.0,19,FALCPAT_6205|FALCPAT_6722|FALCPAT_6953|FALCPAT_7164|FALCPAT_7349|FALCPAT_7412|FALCPAT_7709|FALCPAT_7741|FALCPAT_8211|FALCPAT_8364|FALCPAT_8406|FALCPAT_8497|FALCPAT_8547|FALCPAT_8568|FALCPAT_8585|FALCPAT_8854|FALCPAT_8890
2025-10-09,2025-10-08,1,ITI,356.35,09:17,348.05,HARD_STOP,70,350,24944.5,24944.500000000004,-581.0000000000008,26.080473608,-607.0804736080008,-2905.000000000004,90.32720803999999,-2995.3272080400043,-2.329170759085175,-1.6924581217535755,1.2494378597111004,3.0,0.06326736725782568,5.0,31,FALCPAT_6427|FALCPAT_6677|FALCPAT_6722|FALCPAT_6932|FALCPAT_6953|FALCPAT_6962|FALCPAT_6999|FALCPAT_7164|FALCPAT_7471|FALCPAT_7509|FALCPAT_7603|FALCPAT_7621|FALCPAT_7633|FALCPAT_7695|FALCPAT_7760|FALCPAT_7790|FALCPAT_7799
2025-10-14,2025-10-13,1,BLS,300.0,09:17,295.0,HARD_STOP,83,416,24900.0,24960.0,-415.0,26.13956101,-441.13956101,-2080.0,90.59065952,-2170.59065952,-1.6666666666666718,2.5272159364831417,2.3465224980492168,3.0,0.06889445561505286,0.0,26,FALCPAT_6251|FALCPAT_6288|FALCPAT_6458|FALCPAT_6591|FALCPAT_6951|FALCPAT_6996|FALCPAT_7021|FALCPAT_7545|FALCPAT_7631|FALCPAT_7915|FALCPAT_8079|FALCPAT_8269|FALCPAT_8411|FALCPAT_8455|FALCPAT_8511|FALCPAT_8781|FALCPAT_8883
2025-10-15,2025-10-14,1,BLS,292.0,09:17,289.35,HARD_STOP,85,428,24820.0,24995.2,-225.24999999999807,26.1762077335,-251.42620773349807,-1134.1999999999903,90.9234036228,-1225.1234036227902,-0.9075342465753367,1.6620544753789603,2.0543810811070395,3.0,-2.5,1.0,27,FALCPAT_6251|FALCPAT_6288|FALCPAT_6458|FALCPAT_6591|FALCPAT_6951|FALCPAT_6996|FALCPAT_7021|FALCPAT_7545|FALCPAT_7631|FALCPAT_7747|FALCPAT_7915|FALCPAT_8079|FALCPAT_8269|FALCPAT_8361|FALCPAT_8411|FALCPAT_8511|FALCPAT_8668
2025-10-16,2025-10-15,1,BLS,279.85,09:56,284.7,TRAIL,89,446,24906.65,24962.620000000003,431.64999999999696,26.688660358699998,404.96133964129695,2163.099999999985,91.80976218180001,2071.290237818185,1.7330712881900912,0.8505235021591351,1.9476192249295208,3.0,-2.5,2.0,30,FALCPAT_6251|FALCPAT_6288|FALCPAT_6458|FALCPAT_6591|FALCPAT_6951|FALCPAT_6996|FALCPAT_7021|FALCPAT_7160|FALCPAT_7545|FALCPAT_7561|FALCPAT_7737|FALCPAT_7747|FALCPAT_7915|FALCPAT_8079|FALCPAT_8196|FALCPAT_8206|FALCPAT_8269
2025-10-17,2025-10-16,1,BLS,320.0,09:17,316.15,HARD_STOP,78,390,24960.0,24960.0,-300.3000000000018,26.276622052199997,-326.57662205220174,-1501.5000000000089,90.75624126099999,-1592.2562412610089,-1.2031250000000049,0.9746485732547598,2.564101545522783,3.0,2.5,2.0,17,FALCPAT_6591|FALCPAT_6951|FALCPAT_7348|FALCPAT_7631|FALCPAT_7764|FALCPAT_8143|FALCPAT_8225|FALCPAT_8247|FALCPAT_8269|FALCPAT_8462|FALCPAT_8511|FALCPAT_8668|FALCPAT_8781|FALCPAT_8890|FALCPAT_9243|FALCPAT_9317|FALCPAT_9395
2025-10-20,2025-10-17,1,BLS,324.9,09:37,326.2,TRAIL,76,384,24692.399999999998,24952.32,98.80000000000086,26.2483592936,72.55164070640086,499.20000000000437,91.31535946240001,407.88464053760435,0.4001231148045514,0.13323040780938689,2.3848709528924354,3.0,-2.5,3.0,15,FALCPAT_6951|FALCPAT_7348|FALCPAT_7631|FALCPAT_7764|FALCPAT_8143|FALCPAT_8247|FALCPAT_8269|FALCPAT_8462|FALCPAT_8511|FALCPAT_8546|FALCPAT_8668|FALCPAT_9243|FALCPAT_9317|FALCPAT_9395|FALCPAT_9583
2025-11-17,2025-11-14,1,TARIL,330.55,11:52,332.4,TRAIL,75,378,24791.25,24989.58,138.74999999999744,26.3787620025,112.37123799749745,699.2999999999871,91.43829509259999,607.8617049073871,0.559673271819694,2.5928713148502025,2.7041470978834408,3.0,-0.04476614810358453,0.0,17,FALCPAT_6229|FALCPAT_6251|FALCPAT_6288|FALCPAT_6424|FALCPAT_6722|FALCPAT_6996|FALCPAT_7631|FALCPAT_7753|FALCPAT_8171|FALCPAT_8269|FALCPAT_8291|FALCPAT_8584|FALCPAT_8645|FALCPAT_8668|FALCPAT_9221|FALCPAT_9243|FALCPAT_9301
2025-12-02,2025-12-01,1,WOCKPHARMA,1492.0,09:17,1471.6,HARD_STOP,16,83,23872.0,24767.2,-326.40000000000146,25.1061403776,-351.50614037760147,-1693.2000000000075,90.3616080088,-1783.5616080088075,-1.3672922252010777,-0.09245933537922957,1.2544512286682754,3.0,-0.05697294845320475,3.0,22,FALCPAT_6205|FALCPAT_6722|FALCPAT_6953|FALCPAT_7164|FALCPAT_7349|FALCPAT_7709|FALCPAT_7741|FALCPAT_7754|FALCPAT_7760|FALCPAT_8211|FALCPAT_8364|FALCPAT_8406|FALCPAT_8450|FALCPAT_8497|FALCPAT_8547|FALCPAT_8568|FALCPAT_8585
2025-12-03,2025-12-02,1,WOCKPHARMA,1475.0,09:17,1462.7,HARD_STOP,16,84,23600.0,24780.0,-196.79999999999927,24.900670723199998,-221.70067072319927,-1033.1999999999962,90.5730740968,-1123.773074096796,-0.8338983050847459,-0.9298049403100919,1.098682155677898,3.0,-2.5,4.0,20,FALCPAT_6205|FALCPAT_6722|FALCPAT_6953|FALCPAT_6999|FALCPAT_7164|FALCPAT_7184|FALCPAT_7349|FALCPAT_7412|FALCPAT_7709|FALCPAT_7741|FALCPAT_7760|FALCPAT_8211|FALCPAT_8364|FALCPAT_8406|FALCPAT_8450|FALCPAT_8497|FALCPAT_8568
2025-12-08,2025-12-05,1,KAYNES,4409.5,09:18,4363.0,HARD_STOP,5,28,22047.5,24693.2,-232.5,23.231462924999995,-255.731462925,-1302.0,90.34317238,-1392.34317238,-1.0545413312166962,2.4460420979151323,1.9081992299701795,3.0,0.030803026668407566,0.0,16,FALCPAT_6474|FALCPAT_6569|FALCPAT_6575|FALCPAT_6578|FALCPAT_6890|FALCPAT_7202|FALCPAT_7755|FALCPAT_8096|FALCPAT_8138|FALCPAT_8241|FALCPAT_8411|FALCPAT_8724|FALCPAT_9121|FALCPAT_9317|FALCPAT_9541|FALCPAT_9567
2025-12-09,2025-12-08,1,KAYNES,3920.0,09:17,3872.5,HARD_STOP,6,31,23520.0,24304.0,-285.0,24.759366630000002,-309.75936663,-1472.5,89.608499255,-1562.108499255,-1.211734693877553,1.6117369125007668,1.749167047026205,3.0,-2.5,1.0,21,FALCPAT_6343|FALCPAT_6474|FALCPAT_6569|FALCPAT_6575|FALCPAT_6578|FALCPAT_6890|FALCPAT_7202|FALCPAT_7226|FALCPAT_7755|FALCPAT_8096|FALCPAT_8138|FALCPAT_8241|FALCPAT_8411|FALCPAT_8724|FALCPAT_8779|FALCPAT_8803|FALCPAT_9121
2025-12-10,2025-12-09,1,KAYNES,4417.5,09:17,4375.5,HARD_STOP,5,28,22087.5,24738.0,-210.0,23.28828609,-233.28828608999999,-1176.0,90.458186104,-1266.458186104,-0.9507640067911716,0.8852998644279153,2.1276038940098974,3.0,-2.5,2.0,17,FALCPAT_6424|FALCPAT_6474|FALCPAT_6569|FALCPAT_6575|FALCPAT_6578|FALCPAT_6890|FALCPAT_7202|FALCPAT_7740|FALCPAT_7976|FALCPAT_8406|FALCPAT_8411|FALCPAT_8724|FALCPAT_8734|FALCPAT_9121|FALCPAT_9301|FALCPAT_9317|FALCPAT_9567
2025-12-11,2025-12-10,1,KAYNES,3914.0,09:17,3847.0,HARD_STOP,6,31,23484.0,24266.8,-402.0,24.646283915999994,-426.646283916,-2077.0,89.369919566,-2166.369919566,-1.7118037812979048,0.04894106324700509,1.9125476415924827,3.0,-2.5,3.0,21,FALCPAT_6343|FALCPAT_6474|FALCPAT_6569|FALCPAT_6575|FALCPAT_6578|FALCPAT_6890|FALCPAT_7202|FALCPAT_7226|FALCPAT_7755|FALCPAT_8096|FALCPAT_8138|FALCPAT_8241|FALCPAT_8411|FALCPAT_8724|FALCPAT_8779|FALCPAT_8803|FALCPAT_9121
2025-12-12,2025-12-11,1,KAYNES,4119.0,15:29,4258.0,EOD,6,30,24714.0,24714.0,834.0,26.741959211999998,807.258040788,4170.0,91.94605606,4078.05394394,3.3746054867686226,-0.7095460582727067,2.12466623634411,3.0,-2.5,4.0,22,FALCPAT_6343|FALCPAT_6474|FALCPAT_6569|FALCPAT_6575|FALCPAT_6578|FALCPAT_6890|FALCPAT_7202|FALCPAT_7226|FALCPAT_7755|FALCPAT_7787|FALCPAT_8096|FALCPAT_8138|FALCPAT_8241|FALCPAT_8411|FALCPAT_8724|FALCPAT_8779|FALCPAT_8803
2025-12-15,2025-12-12,1,TARIL,276.95,09:18,274.5,HARD_STOP,90,451,24925.5,24980.89,-220.49999999999898,26.291126493,-246.79112649299898,-1104.9499999999948,90.90655779270001,-1195.8565577926947,-0.8846362159234511,2.3656923817461557,1.663721798857458,3.0,-0.044587796206770974,0.0,16,FALCPAT_6251|FALCPAT_6424|FALCPAT_6722|FALCPAT_7603|FALCPAT_7631|FALCPAT_8070|FALCPAT_8171|FALCPAT_8269|FALCPAT_8291|FALCPAT_8450|FALCPAT_8547|FALCPAT_8585|FALCPAT_8668|FALCPAT_9243|FALCPAT_9301|FALCPAT_9370
2025-12-15,2025-12-12,2,KAYNES,4305.0,09:18,4275.5,HARD_STOP,5,29,21525.0,24969.0,-147.5,22.731795965,-170.231795965,-855.5,90.95700359700001,-946.457003597,-0.6852497096399568,-0.7224783468405347,2.110393699758155,3.0,2.5,4.0,18,FALCPAT_6424|FALCPAT_6474|FALCPAT_6569|FALCPAT_6575|FALCPAT_6578|FALCPAT_6890|FALCPAT_7202|FALCPAT_7787|FALCPAT_8406|FALCPAT_8411|FALCPAT_8724|FALCPAT_8779|FALCPAT_9121|FALCPAT_9301|FALCPAT_9317|FALCPAT_9407|FALCPAT_9541
2025-12-16,2025-12-15,1,KAYNES,4214.0,09:17,4157.0,HARD_STOP,5,29,21070.0,24441.2,-285.0,22.161259230000002,-307.16125923,-1653.0,89.798617534,-1742.798617534,-1.352634076886572,-1.764165197066287,1.078191883408094,3.0,-2.5,5.0,20,FALCPAT_6343|FALCPAT_6474|FALCPAT_6569|FALCPAT_6575|FALCPAT_6578|FALCPAT_6890|FALCPAT_7202|FALCPAT_7226|FALCPAT_7755|FALCPAT_8096|FALCPAT_8138|FALCPAT_8241|FALCPAT_8411|FALCPAT_8724|FALCPAT_8779|FALCPAT_8803|FALCPAT_9121
2025-12-17,2025-12-16,1,KAYNES,4264.5,09:17,4218.0,HARD_STOP,5,29,21322.5,24734.1,-232.5,22.462635225000003,-254.962635225,-1348.5,90.401939305,-1438.901939305,-1.0903974674639438,-1.6132683337602192,1.8974643101335555,3.0,-2.5,5.0,21,FALCPAT_6343|FALCPAT_6474|FALCPAT_6569|FALCPAT_6575|FALCPAT_6578|FALCPAT_6890|FALCPAT_7202|FALCPAT_7226|FALCPAT_7755|FALCPAT_8096|FALCPAT_8138|FALCPAT_8241|FALCPAT_8411|FALCPAT_8459|FALCPAT_8724|FALCPAT_8779|FALCPAT_8803
2025-12-18,2025-12-17,1,KAYNES,4090.0,09:17,4055.5,HARD_STOP,6,30,24540.0,24540.0,-207.0,25.890965298,-232.890965298,-1035.0,90.14961649,-1125.14961649,-0.84352078239609,-1.7694698492133512,1.240045862410595,3.0,-2.5,5.0,21,FALCPAT_6343|FALCPAT_6474|FALCPAT_6569|FALCPAT_6575|FALCPAT_6578|FALCPAT_6890|FALCPAT_7202|FALCPAT_7226|FALCPAT_7755|FALCPAT_8096|FALCPAT_8138|FALCPAT_8241|FALCPAT_8411|FALCPAT_8459|FALCPAT_8724|FALCPAT_8779|FALCPAT_8803
2025-12-19,2025-12-18,1,KAYNES,4080.0,09:18,4055.5,HARD_STOP,6,30,24480.0,24480.0,-147.0,25.865751737999997,-172.865751738,-735.0,90.12974869,-825.12974869,-0.6004901960784292,-1.7826594351382417,1.1984120359627095,3.0,-2.5,5.0,22,FALCPAT_6343|FALCPAT_6474|FALCPAT_6569|FALCPAT_6575|FALCPAT_6578|FALCPAT_6890|FALCPAT_7202|FALCPAT_7226|FALCPAT_7755|FALCPAT_7787|FALCPAT_8096|FALCPAT_8138|FALCPAT_8241|FALCPAT_8411|FALCPAT_8459|FALCPAT_8724|FALCPAT_8779
2025-12-22,2025-12-19,1,KAYNES,4230.0,09:18,4200.5,HARD_STOP,5,29,21150.0,24534.0,-147.5,22.334126464999997,-169.834126465,-855.5,90.190420497,-945.690420497,-0.6973995271867595,-1.6564093670820115,1.8409653724738977,3.0,-2.5,5.0,22,FALCPAT_6343|FALCPAT_6474|FALCPAT_6569|FALCPAT_6575|FALCPAT_6578|FALCPAT_6890|FALCPAT_7202|FALCPAT_7226|FALCPAT_7755|FALCPAT_8096|FALCPAT_8138|FALCPAT_8241|FALCPAT_8411|FALCPAT_8459|FALCPAT_8724|FALCPAT_8779|FALCPAT_8803
2025-12-29,2025-12-26,1,KAYNES,4080.5,09:18,4054.0,HARD_STOP,6,30,24483.0,24483.0,-159.0,25.861250382,-184.861250382,-795.0,90.11786190999999,-885.11786191,-0.6494302168851829,-1.744899322662687,1.520213526061856,3.0,-2.5,5.0,22,FALCPAT_6343|FALCPAT_6474|FALCPAT_6569|FALCPAT_6575|FALCPAT_6578|FALCPAT_6890|FALCPAT_7202|FALCPAT_7226|FALCPAT_7755|FALCPAT_8096|FALCPAT_8138|FALCPAT_8241|FALCPAT_8411|FALCPAT_8459|FALCPAT_8724|FALCPAT_8779|FALCPAT_8803
2025-12-30,2025-12-29,1,KAYNES,3992.0,09:30,3966.0,HARD_STOP,6,31,23952.0,24750.4,-156.0,25.300071047999996,-181.300071048,-806.0,90.585941748,-896.585941748,-0.6513026052104243,-1.7270858181362216,1.558702347457152,3.0,-2.5,5.0,21,FALCPAT_6343|FALCPAT_6474|FALCPAT_6569|FALCPAT_6575|FALCPAT_6578|FALCPAT_6890|FALCPAT_7202|FALCPAT_7226|FALCPAT_7755|FALCPAT_8096|FALCPAT_8138|FALCPAT_8241|FALCPAT_8411|FALCPAT_8724|FALCPAT_8779|FALCPAT_8803|FALCPAT_9121
