poll_ist,fn,symbol,exchange,periodicity,bars,newest_bar_ist,close,oi,volume,reply_ms,error
2026-09-23 09:10:41,GetHistory,FUTIDX_BANKNIFTY_29SEP2026_XX_0,NFO,15minute,52,2026-09-22 15:30:00,56570.0,1928790,21390,1721,
2026-09-23 09:10:42,GetHistory,FUTIDX_NIFTY_29SEP2026_XX_0,NFO,15minute,52,2026-09-22 15:30:00,23410.0,17013555,117000,1190,
2026-09-23 09:10:43,GetHistory,FUTSTK_RELIANCE_29SEP2026_XX_0,NFO,15minute,52,2026-09-22 15:30:00,1247.8,123024500,511000,1171,
2026-09-23 09:10:44,GetHistory,OPTIDX_BANKNIFTY_29SEP2026_CE_56200,NFO,15minute,52,2026-09-22 15:30:00,550.85,183420,69090,1155,
2026-09-23 09:10:46,GetHistory,OPTIDX_BANKNIFTY_29SEP2026_PE_56200,NFO,15minute,52,2026-09-22 15:30:00,233.35,209400,56400,1234,
2026-09-23 09:10:47,GetHistory,OPTIDX_NIFTY_29SEP2026_CE_23350,NFO,15minute,52,2026-09-22 15:30:00,160.05,2322385,1008085,1046,
2026-09-23 09:10:48,GetHistory,OPTIDX_NIFTY_29SEP2026_PE_23350,NFO,15minute,52,2026-09-22 15:30:00,102.85,1927445,929695,1157,
2026-09-23 09:10:51,GetHistory,HDFCBANK,NSE,15minute,54,2026-09-22 15:45:00,738.6,0,10641,2716,
2026-09-23 09:10:53,GetHistory,RELIANCE,NSE,15minute,54,2026-09-22 15:45:00,1240.4,0,2643,2156,
2026-09-23 09:10:56,GetHistory,NIFTY 50,NSE_IDX,15minute,97,2026-09-22 20:30:00,23329.0,0,0,3525,
2026-09-23 09:11:00,GetHistory,NIFTY BANK,NSE_IDX,15minute,97,2026-09-22 20:30:00,56215.55,0,0,3338,
2026-09-23 09:11:00,GetHistory,NIFTY 50,NSE_IDX,1minute,0,,,,,503,
2026-09-23 09:11:01,GetHistory,RELIANCE,NSE,1minute,0,,,,,1079,
2026-09-23 09:11:02,GetHistory,FUTIDX_NIFTY_29SEP2026_XX_0,NFO,1minute,0,,,,,880,
2026-09-23 09:11:03,GetHistory,OPTIDX_NIFTY_29SEP2026_CE_23350,NFO,1minute,0,,,,,1435,
2026-09-23 09:11:04,GetExchangeSnapshot,NFO,NFO,1minute,2,2026-09-23 05:18:00,0,669,2,653,
2026-09-23 09:11:05,GetExchangeSnapshot,NSE,NSE,1minute,1,2026-09-23 08:50:00,0,434,1,1042,
2026-09-23 09:12:42,GetHistory,NIFTY 50,NSE_IDX,1minute,0,,,,,988,
2026-09-23 09:12:43,GetHistory,RELIANCE,NSE,1minute,0,,,,,1086,
2026-09-23 09:12:44,GetHistory,FUTIDX_NIFTY_29SEP2026_XX_0,NFO,1minute,0,,,,,980,
2026-09-23 09:12:45,GetHistory,OPTIDX_NIFTY_29SEP2026_CE_23350,NFO,1minute,0,,,,,981,
2026-09-23 09:12:46,GetExchangeSnapshot,NFO,NFO,1minute,2,2026-09-23 05:18:00,0,669,2,903,
2026-09-23 09:14:42,GetHistory,NIFTY 50,NSE_IDX,1minute,0,,,,,881,
2026-09-23 09:14:43,GetHistory,RELIANCE,NSE,1minute,0,,,,,978,
2026-09-23 09:14:44,GetHistory,FUTIDX_NIFTY_29SEP2026_XX_0,NFO,1minute,0,,,,,978,
2026-09-23 09:14:45,GetHistory,OPTIDX_NIFTY_29SEP2026_CE_23350,NFO,1minute,0,,,,,980,
2026-09-23 09:14:46,GetExchangeSnapshot,NFO,NFO,1minute,2,2026-09-23 05:18:00,0,669,2,983,
2026-09-23 09:14:47,GetExchangeSnapshot,NSE,NSE,1minute,1,2026-09-23 08:50:00,0,434,1,1201,
2026-09-23 09:15:51,GetHistory,FUTIDX_BANKNIFTY_29SEP2026_XX_0,NFO,15minute,52,2026-09-22 15:30:00,56570.0,1928790,21390,1715,
2026-09-23 09:15:53,GetHistory,FUTIDX_NIFTY_29SEP2026_XX_0,NFO,15minute,52,2026-09-22 15:30:00,23410.0,17013555,117000,1194,
2026-09-23 09:15:57,GetHistory,FUTSTK_RELIANCE_29SEP2026_XX_0,NFO,15minute,52,2026-09-22 15:30:00,1247.8,123024500,511000,4053,
2026-09-23 09:15:57,GetHistory,OPTIDX_BANKNIFTY_29SEP2026_CE_56200,NFO,15minute,52,2026-09-22 15:30:00,550.85,183420,69090,673,
2026-09-23 09:15:59,GetHistory,OPTIDX_BANKNIFTY_29SEP2026_PE_56200,NFO,15minute,52,2026-09-22 15:30:00,233.35,209400,56400,1234,
2026-09-23 09:15:59,GetHistory,OPTIDX_NIFTY_29SEP2026_CE_23350,NFO,15minute,52,2026-09-22 15:30:00,160.05,2322385,1008085,718,
2026-09-23 09:16:03,GetHistory,OPTIDX_NIFTY_29SEP2026_PE_23350,NFO,15minute,52,2026-09-22 15:30:00,102.85,1927445,929695,4233,
2026-09-23 09:16:09,GetHistory,HDFCBANK,NSE,15minute,54,2026-09-22 15:45:00,738.6,0,10641,5767,
2026-09-23 09:16:11,GetHistory,RELIANCE,NSE,15minute,54,2026-09-22 15:45:00,1240.4,0,2643,2033,
2026-09-23 09:16:18,GetHistory,NIFTY 50,NSE_IDX,15minute,98,2026-09-23 09:00:00,23352.15,0,0,6288,
2026-09-23 09:16:21,GetHistory,NIFTY BANK,NSE_IDX,15minute,98,2026-09-23 09:00:00,56209.65,0,0,3182,
2026-09-23 09:17:09,GetHistory,NIFTY 50,NSE_IDX,1minute,0,,,,,751,
2026-09-23 09:17:10,GetHistory,RELIANCE,NSE,1minute,0,,,,,1227,
2026-09-23 09:17:11,GetHistory,FUTIDX_NIFTY_29SEP2026_XX_0,NFO,1minute,0,,,,,837,
2026-09-23 09:17:12,GetHistory,OPTIDX_NIFTY_29SEP2026_CE_23350,NFO,1minute,0,,,,,1197,
2026-09-23 09:17:13,GetExchangeSnapshot,NFO,NFO,1minute,2,2026-09-23 05:18:00,0,669,2,871,
2026-09-23 09:27:46,GetHistory,FUTIDX_BANKNIFTY_29SEP2026_XX_0,NFO,15minute,52,2026-09-22 15:30:00,56570.0,1928790,21390,4934,
2026-09-23 09:27:47,GetHistory,FUTIDX_NIFTY_29SEP2026_XX_0,NFO,15minute,52,2026-09-22 15:30:00,23410.0,17013555,117000,1101,
2026-09-23 09:27:48,GetHistory,FUTSTK_RELIANCE_29SEP2026_XX_0,NFO,15minute,52,2026-09-22 15:30:00,1247.8,123024500,511000,1113,
2026-09-23 09:27:49,GetHistory,OPTIDX_BANKNIFTY_29SEP2026_CE_56200,NFO,15minute,52,2026-09-22 15:30:00,550.85,183420,69090,889,
2026-09-23 09:27:50,GetHistory,OPTIDX_BANKNIFTY_29SEP2026_PE_56200,NFO,15minute,52,2026-09-22 15:30:00,233.35,209400,56400,1050,
2026-09-23 09:27:51,GetHistory,OPTIDX_NIFTY_29SEP2026_CE_23350,NFO,15minute,52,2026-09-22 15:30:00,160.05,2322385,1008085,699,
2026-09-23 09:27:52,GetHistory,OPTIDX_NIFTY_29SEP2026_PE_23350,NFO,15minute,52,2026-09-22 15:30:00,102.85,1927445,929695,1390,
2026-09-23 09:27:59,GetHistory,HDFCBANK,NSE,15minute,54,2026-09-22 15:45:00,738.6,0,10641,6655,
2026-09-23 09:28:01,GetHistory,RELIANCE,NSE,15minute,54,2026-09-22 15:45:00,1240.4,0,2643,2049,
2026-09-23 09:28:04,GetHistory,NIFTY 50,NSE_IDX,15minute,98,2026-09-23 09:00:00,23352.15,0,0,3272,
2026-09-23 09:28:09,GetHistory,NIFTY BANK,NSE_IDX,15minute,98,2026-09-23 09:00:00,56209.65,0,0,5131,
2026-09-23 09:28:10,GetHistory,NIFTY 50,NSE_IDX,1minute,5,2026-09-23 09:13:00,23352.15,0,0,512,
2026-09-23 09:28:11,GetHistory,RELIANCE,NSE,1minute,0,,,,,1026,
2026-09-23 09:28:12,GetHistory,FUTIDX_NIFTY_29SEP2026_XX_0,NFO,1minute,0,,,,,931,
2026-09-23 09:28:18,GetHistory,OPTIDX_NIFTY_29SEP2026_CE_23350,NFO,1minute,0,,,,,6044,
2026-09-23 09:28:18,GetExchangeSnapshot,NFO,NFO,1minute,2,2026-09-23 05:18:00,0,669,2,465,
2026-09-23 09:28:19,GetExchangeSnapshot,NSE,NSE,1minute,0,,0,229,0,983,
2026-09-23 09:29:59,GetHistory,NIFTY 50,NSE_IDX,1minute,6,2026-09-23 09:14:00,23352.15,0,0,978,
2026-09-23 09:29:59,GetHistory,RELIANCE,NSE,1minute,0,,,,,830,
2026-09-23 09:30:01,GetHistory,FUTIDX_NIFTY_29SEP2026_XX_0,NFO,1minute,1,2026-09-23 09:15:00,23376.2,16280875,23010,1193,
2026-09-23 09:30:07,GetHistory,OPTIDX_NIFTY_29SEP2026_CE_23350,NFO,1minute,1,2026-09-23 09:15:00,133.9,2353065,1345435,6084,
2026-09-23 09:30:36,GetExchangeSnapshot,NFO,NFO,1minute,3397,2026-09-23 09:15:00,3003,728304,3397,28823,
2026-09-23 09:32:24,GetHistory,NIFTY 50,NSE_IDX,1minute,9,2026-09-23 09:17:00,23390.65,0,0,965,
2026-09-23 09:32:25,GetHistory,RELIANCE,NSE,1minute,3,2026-09-23 09:17:00,1243.4,0,32788,1089,
2026-09-23 09:32:26,GetHistory,FUTIDX_NIFTY_29SEP2026_XX_0,NFO,1minute,3,2026-09-23 09:17:00,23400.9,16280030,17485,980,
2026-09-23 09:32:30,GetHistory,OPTIDX_NIFTY_29SEP2026_CE_23350,NFO,1minute,3,2026-09-23 09:17:00,152.0,3362970,1166945,3931,
2026-09-23 09:32:59,GetExchangeSnapshot,NFO,NFO,1minute,4238,2026-09-23 09:17:00,3844,907092,4238,28584,
2026-09-23 09:33:23,GetExchangeSnapshot,NSE,NSE,1minute,2049,2026-09-23 09:18:00,2,385960,2049,23919,
2026-09-23 09:33:33,GetHistory,FUTIDX_BANKNIFTY_29SEP2026_XX_0,NFO,15minute,53,2026-09-23 09:15:00,56493.0,1914900,26820,1685,
2026-09-23 09:33:34,GetHistory,FUTIDX_NIFTY_29SEP2026_XX_0,NFO,15minute,53,2026-09-23 09:15:00,23391.0,16263325,195390,1409,
2026-09-23 09:33:35,GetHistory,FUTSTK_RELIANCE_29SEP2026_XX_0,NFO,15minute,53,2026-09-23 09:15:00,1244.9,113348500,499500,1074,
2026-09-23 09:33:36,GetHistory,OPTIDX_BANKNIFTY_29SEP2026_CE_56200,NFO,15minute,53,2026-09-23 09:15:00,508.4,210660,291600,731,
2026-09-23 09:33:37,GetHistory,OPTIDX_BANKNIFTY_29SEP2026_PE_56200,NFO,15minute,53,2026-09-23 09:15:00,219.3,245370,273930,1141,
2026-09-23 09:33:42,GetHistory,OPTIDX_NIFTY_29SEP2026_CE_23350,NFO,15minute,53,2026-09-23 09:15:00,142.8,3304600,12479350,4767,
2026-09-23 09:33:43,GetHistory,OPTIDX_NIFTY_29SEP2026_PE_23350,NFO,15minute,53,2026-09-23 09:15:00,102.6,5110625,14249365,1138,
2026-09-23 09:33:45,GetHistory,HDFCBANK,NSE,15minute,55,2026-09-23 09:15:00,736.0,0,3560964,2045,
2026-09-23 09:33:47,GetHistory,RELIANCE,NSE,15minute,55,2026-09-23 09:15:00,1243.5,0,566312,2109,
2026-09-23 09:33:51,GetHistory,NIFTY 50,NSE_IDX,15minute,99,2026-09-23 09:15:00,23367.75,0,0,3265,
2026-09-23 09:33:55,GetHistory,NIFTY BANK,NSE_IDX,15minute,99,2026-09-23 09:15:00,56345.45,0,0,4616,
2026-09-23 09:45:49,GetHistory,FUTIDX_BANKNIFTY_29SEP2026_XX_0,NFO,15minute,54,2026-09-23 09:30:00,56554.8,1915320,7080,2147,
2026-09-23 09:45:51,GetHistory,FUTIDX_NIFTY_29SEP2026_XX_0,NFO,15minute,54,2026-09-23 09:30:00,23400.8,16252275,97305,1446,
2026-09-23 09:45:52,GetHistory,FUTSTK_RELIANCE_29SEP2026_XX_0,NFO,15minute,54,2026-09-23 09:30:00,1245.2,113345000,662500,1491,
2026-09-23 09:45:57,GetHistory,OPTIDX_BANKNIFTY_29SEP2026_CE_56200,NFO,15minute,54,2026-09-23 09:30:00,545.8,210060,114690,4567,
2026-09-23 09:45:58,GetHistory,OPTIDX_BANKNIFTY_29SEP2026_PE_56200,NFO,15minute,54,2026-09-23 09:30:00,190.05,272460,146580,968,
2026-09-23 09:45:59,GetHistory,OPTIDX_NIFTY_29SEP2026_CE_23350,NFO,15minute,54,2026-09-23 09:30:00,149.95,4693650,5981105,685,
2026-09-23 09:46:00,GetHistory,OPTIDX_NIFTY_29SEP2026_PE_23350,NFO,15minute,54,2026-09-23 09:30:00,95.75,5608720,8456630,1488,
2026-09-23 09:46:05,GetHistory,HDFCBANK,NSE,15minute,56,2026-09-23 09:30:00,737.45,0,1258506,5280,
2026-09-23 09:46:07,GetHistory,RELIANCE,NSE,15minute,56,2026-09-23 09:30:00,1243.5,0,211117,2123,
2026-09-23 09:46:11,GetHistory,NIFTY 50,NSE_IDX,15minute,100,2026-09-23 09:30:00,23378.65,0,0,3266,
2026-09-23 09:46:14,GetHistory,NIFTY BANK,NSE_IDX,15minute,100,2026-09-23 09:30:00,56404.45,0,0,3272,
2026-09-23 09:46:17,GetHistory,NIFTY 50,NSE_IDX,1minute,23,2026-09-23 09:31:00,23364.7,0,0,2624,
2026-09-23 09:46:17,GetHistory,RELIANCE,NSE,1minute,17,2026-09-23 09:31:00,1243.2,0,11473,498,
2026-09-23 09:46:18,GetHistory,FUTIDX_NIFTY_29SEP2026_XX_0,NFO,1minute,17,2026-09-23 09:31:00,23392.0,16259230,12415,982,
2026-09-23 09:46:19,GetHistory,OPTIDX_NIFTY_29SEP2026_CE_23350,NFO,1minute,17,2026-09-23 09:31:00,144.6,3571815,528515,1092,
2026-09-23 09:46:48,GetExchangeSnapshot,NFO,NFO,1minute,4459,2026-09-23 09:31:00,4063,953599,4459,28978,
2026-09-23 09:47:12,GetExchangeSnapshot,NSE,NSE,1minute,2075,2026-09-23 09:32:00,2,390629,2075,23650,
2026-09-23 09:48:04,GetHistory,NIFTY 50,NSE_IDX,1minute,25,2026-09-23 09:33:00,23367.4,0,0,4293,
2026-09-23 09:48:04,GetHistory,RELIANCE,NSE,1minute,19,2026-09-23 09:33:00,1243.1,0,15637,431,
2026-09-23 09:48:05,GetHistory,FUTIDX_NIFTY_29SEP2026_XX_0,NFO,1minute,19,2026-09-23 09:33:00,23400.0,16257995,11310,1060,
2026-09-23 09:48:06,GetHistory,OPTIDX_NIFTY_29SEP2026_CE_23350,NFO,1minute,19,2026-09-23 09:33:00,146.2,3832335,437190,983,
2026-09-23 09:48:35,GetExchangeSnapshot,NFO,NFO,1minute,4174,2026-09-23 09:33:00,3804,892757,4174,28491,
2026-09-23 09:48:59,GetExchangeSnapshot,NSE,NSE,1minute,2092,2026-09-23 09:33:00,2,393453,2092,24278,
2026-09-23 09:50:10,GetHistory,NIFTY 50,NSE_IDX,1minute,27,2026-09-23 09:35:00,23370.4,0,0,1039,
2026-09-23 09:50:11,GetHistory,RELIANCE,NSE,1minute,21,2026-09-23 09:35:00,1243.7,0,18347,977,
2026-09-23 09:50:14,GetHistory,FUTIDX_NIFTY_29SEP2026_XX_0,NFO,1minute,21,2026-09-23 09:35:00,23397.4,16254550,17875,2364,
2026-09-23 09:50:14,GetHistory,OPTIDX_NIFTY_29SEP2026_CE_23350,NFO,1minute,21,2026-09-23 09:35:00,148.6,4033900,937755,479,
2026-09-23 09:50:43,GetExchangeSnapshot,NFO,NFO,1minute,4249,2026-09-23 09:35:00,3888,908722,4249,28771,
2026-09-23 09:50:55,GetHistory,FUTIDX_BANKNIFTY_29SEP2026_XX_0,NFO,15minute,54,2026-09-23 09:30:00,56554.8,1915320,7080,3350,
2026-09-23 09:50:56,GetHistory,FUTIDX_NIFTY_29SEP2026_XX_0,NFO,15minute,54,2026-09-23 09:30:00,23400.8,16252275,97305,1425,
2026-09-23 09:50:57,GetHistory,FUTSTK_RELIANCE_29SEP2026_XX_0,NFO,15minute,54,2026-09-23 09:30:00,1245.2,113345000,662500,1431,
2026-09-23 09:50:58,GetHistory,OPTIDX_BANKNIFTY_29SEP2026_CE_56200,NFO,15minute,54,2026-09-23 09:30:00,545.8,210060,114690,793,
2026-09-23 09:50:59,GetHistory,OPTIDX_BANKNIFTY_29SEP2026_PE_56200,NFO,15minute,54,2026-09-23 09:30:00,190.05,272460,146580,1062,
2026-09-23 09:51:00,GetHistory,OPTIDX_NIFTY_29SEP2026_CE_23350,NFO,15minute,54,2026-09-23 09:30:00,149.95,4693650,5981105,717,
2026-09-23 09:51:04,GetHistory,OPTIDX_NIFTY_29SEP2026_PE_23350,NFO,15minute,54,2026-09-23 09:30:00,95.75,5608720,8456630,4269,
2026-09-23 09:51:07,GetHistory,HDFCBANK,NSE,15minute,56,2026-09-23 09:30:00,737.45,0,1258506,2607,
2026-09-23 09:51:09,GetHistory,RELIANCE,NSE,15minute,56,2026-09-23 09:30:00,1243.5,0,211117,2140,
2026-09-23 09:51:12,GetHistory,NIFTY 50,NSE_IDX,15minute,100,2026-09-23 09:30:00,23378.65,0,0,3350,
2026-09-23 09:51:17,GetHistory,NIFTY BANK,NSE_IDX,15minute,100,2026-09-23 09:30:00,56404.45,0,0,4317,
2026-09-23 09:52:27,GetHistory,NIFTY 50,NSE_IDX,1minute,29,2026-09-23 09:37:00,23374.55,0,0,845,
2026-09-23 09:52:31,GetHistory,RELIANCE,NSE,1minute,23,2026-09-23 09:37:00,1244.0,0,17286,4660,
2026-09-23 09:52:32,GetHistory,FUTIDX_NIFTY_29SEP2026_XX_0,NFO,1minute,23,2026-09-23 09:37:00,23401.4,16258385,2470,457,
2026-09-23 09:52:33,GetHistory,OPTIDX_NIFTY_29SEP2026_CE_23350,NFO,1minute,23,2026-09-23 09:37:00,150.0,4328805,397865,1095,
2026-09-23 09:53:03,GetExchangeSnapshot,NFO,NFO,1minute,4118,2026-09-23 09:37:00,3740,880510,4118,29741,
2026-09-23 09:53:28,GetExchangeSnapshot,NSE,NSE,1minute,1956,2026-09-23 09:38:00,2,368276,1956,25083,
2026-09-23 09:54:52,GetHistory,FUTIDX_BANKNIFTY_29SEP2026_XX_0,NFO,15minute,54,2026-09-23 09:30:00,56554.8,1915320,7080,1885,
2026-09-23 09:54:53,GetHistory,FUTIDX_NIFTY_29SEP2026_XX_0,NFO,15minute,54,2026-09-23 09:30:00,23400.8,16252275,97305,1638,
2026-09-23 09:54:57,GetHistory,FUTSTK_RELIANCE_29SEP2026_XX_0,NFO,15minute,54,2026-09-23 09:30:00,1245.2,113345000,662500,3421,
2026-09-23 09:54:58,GetHistory,OPTIDX_BANKNIFTY_29SEP2026_CE_56200,NFO,15minute,54,2026-09-23 09:30:00,545.8,210060,114690,894,
2026-09-23 09:54:59,GetHistory,OPTIDX_BANKNIFTY_29SEP2026_PE_56200,NFO,15minute,54,2026-09-23 09:30:00,190.05,272460,146580,1017,
2026-09-23 09:55:02,GetHistory,OPTIDX_NIFTY_29SEP2026_CE_23350,NFO,15minute,54,2026-09-23 09:30:00,149.95,4693650,5981105,3044,
2026-09-23 09:55:02,GetHistory,OPTIDX_NIFTY_29SEP2026_PE_23350,NFO,15minute,,,,,,304,gdf: Access Denied. Key already in use by other session.
2026-09-23 09:56:03,GetHistory,HDFCBANK,NSE,15minute,,,,,,61384,gdf: no reply within the timeout
2026-09-23 09:57:05,GetHistory,RELIANCE,NSE,15minute,,,,,,62000,gdf: no reply within the timeout
2026-09-23 09:58:05,GetHistory,NIFTY 50,NSE_IDX,15minute,,,,,,60001,gdf: no reply within the timeout
2026-09-23 09:59:06,GetHistory,NIFTY BANK,NSE_IDX,15minute,,,,,,60518,gdf: no reply within the timeout
2026-09-23 10:00:06,GetHistory,NIFTY 50,NSE_IDX,1minute,,,,,,60030,gdf: no reply within the timeout
2026-09-23 10:01:06,GetHistory,RELIANCE,NSE,1minute,,,,,,60048,gdf: no reply within the timeout
2026-09-23 10:02:06,GetHistory,FUTIDX_NIFTY_29SEP2026_XX_0,NFO,1minute,,,,,,60049,gdf: no reply within the timeout
2026-09-23 10:03:06,GetHistory,OPTIDX_NIFTY_29SEP2026_CE_23350,NFO,1minute,,,,,,60001,gdf: no reply within the timeout
2026-09-23 10:04:06,GetExchangeSnapshot,NFO,NFO,1minute,,,,,,60019,gdf: no reply within the timeout
2026-09-23 10:05:07,GetExchangeSnapshot,NSE,NSE,1minute,,,,,,61279,gdf: no reply within the timeout
2026-09-23 10:11:09,GetHistory,FUTIDX_BANKNIFTY_29SEP2026_XX_0,NFO,15minute,55,2026-09-23 09:45:00,56588.0,1913820,14490,1878,
2026-09-23 10:11:11,GetHistory,FUTIDX_NIFTY_29SEP2026_XX_0,NFO,15minute,55,2026-09-23 09:45:00,23403.5,16266250,66170,1539,
2026-09-23 10:11:12,GetHistory,FUTSTK_RELIANCE_29SEP2026_XX_0,NFO,15minute,55,2026-09-23 09:45:00,1245.4,113321500,626500,1479,
2026-09-23 10:11:13,GetHistory,OPTIDX_BANKNIFTY_29SEP2026_CE_56200,NFO,15minute,55,2026-09-23 09:45:00,576.85,202740,167670,751,
2026-09-23 10:11:14,GetHistory,OPTIDX_BANKNIFTY_29SEP2026_PE_56200,NFO,15minute,55,2026-09-23 09:45:00,180.0,277860,128490,1265,
2026-09-23 10:11:19,GetHistory,OPTIDX_NIFTY_29SEP2026_CE_23350,NFO,15minute,55,2026-09-23 09:45:00,149.4,5058560,7960030,4340,
2026-09-23 10:11:51,GetHistory,FUTIDX_BANKNIFTY_29SEP2026_XX_0,NFO,15minute,55,2026-09-23 09:45:00,56588.0,1913820,14490,6360,
2026-09-23 10:11:53,GetHistory,FUTIDX_NIFTY_29SEP2026_XX_0,NFO,15minute,55,2026-09-23 09:45:00,23403.5,16266250,66170,1605,
2026-09-23 10:11:54,GetHistory,FUTSTK_RELIANCE_29SEP2026_XX_0,NFO,15minute,55,2026-09-23 09:45:00,1245.4,113321500,626500,1436,
2026-09-23 10:11:56,GetHistory,OPTIDX_BANKNIFTY_29SEP2026_CE_56200,NFO,15minute,55,2026-09-23 09:45:00,576.85,202740,167670,1810,
2026-09-23 10:12:01,GetHistory,OPTIDX_BANKNIFTY_29SEP2026_PE_56200,NFO,15minute,55,2026-09-23 09:45:00,180.0,277860,128490,4638,
2026-09-23 10:12:01,GetHistory,OPTIDX_NIFTY_29SEP2026_CE_23350,NFO,15minute,55,2026-09-23 09:45:00,149.4,5058560,7960030,705,
2026-09-23 10:12:03,GetHistory,OPTIDX_NIFTY_29SEP2026_PE_23350,NFO,15minute,55,2026-09-23 09:45:00,94.9,6054880,13416455,1483,
2026-09-23 10:12:05,GetHistory,HDFCBANK,NSE,15minute,57,2026-09-23 09:45:00,738.45,0,690910,2173,
2026-09-23 10:12:07,GetHistory,RELIANCE,NSE,15minute,57,2026-09-23 09:45:00,1243.5,0,261644,2175,
2026-09-23 10:12:15,GetHistory,NIFTY 50,NSE_IDX,15minute,101,2026-09-23 09:45:00,23377.2,0,0,7285,
2026-09-23 10:12:18,GetHistory,NIFTY BANK,NSE_IDX,15minute,101,2026-09-23 09:45:00,56456.15,0,0,3331,
2026-09-23 10:12:21,GetHistory,NIFTY 50,NSE_IDX,1minute,49,2026-09-23 09:57:00,23370.75,0,0,3482,
2026-09-23 10:12:22,GetHistory,RELIANCE,NSE,1minute,43,2026-09-23 09:57:00,1243.3,0,17537,482,
2026-09-23 10:12:23,GetHistory,FUTIDX_NIFTY_29SEP2026_XX_0,NFO,1minute,43,2026-09-23 09:57:00,23395.0,16262675,7410,982,
2026-09-23 10:12:24,GetHistory,OPTIDX_NIFTY_29SEP2026_CE_23350,NFO,1minute,43,2026-09-23 09:57:00,143.85,4985110,1121380,1093,
2026-09-23 10:12:55,GetExchangeSnapshot,NFO,NFO,1minute,3953,2026-09-23 09:57:00,3626,845334,3953,31087,
2026-09-23 10:13:21,GetExchangeSnapshot,NSE,NSE,1minute,1800,2026-09-23 09:58:00,2,338612,1800,26107,
2026-09-23 10:13:50,GetHistory,NIFTY 50,NSE_IDX,1minute,50,2026-09-23 09:58:00,23371.25,0,0,984,
2026-09-23 10:13:51,GetHistory,RELIANCE,NSE,1minute,44,2026-09-23 09:58:00,1243.2,0,10831,972,
2026-09-23 10:13:52,GetHistory,FUTIDX_NIFTY_29SEP2026_XX_0,NFO,1minute,44,2026-09-23 09:58:00,23394.5,16265080,2275,982,
2026-09-23 10:13:53,GetHistory,OPTIDX_NIFTY_29SEP2026_CE_23350,NFO,1minute,44,2026-09-23 09:58:00,145.45,5047120,299780,981,
2026-09-23 10:14:36,GetExchangeSnapshot,NFO,NFO,1minute,3834,2026-09-23 09:59:00,3510,820098,3834,43510,
2026-09-23 10:16:25,GetHistory,NIFTY 50,NSE_IDX,1minute,53,2026-09-23 10:01:00,23376.45,0,0,630,
2026-09-23 10:16:26,GetHistory,RELIANCE,NSE,1minute,47,2026-09-23 10:01:00,1243.6,0,4792,954,
2026-09-23 10:16:27,GetHistory,FUTIDX_NIFTY_29SEP2026_XX_0,NFO,1minute,47,2026-09-23 10:01:00,23410.0,16268330,2080,984,
2026-09-23 10:16:28,GetHistory,OPTIDX_NIFTY_29SEP2026_CE_23350,NFO,1minute,47,2026-09-23 10:01:00,149.15,5108675,308880,986,
2026-09-23 10:16:56,GetExchangeSnapshot,NFO,NFO,1minute,3708,2026-09-23 10:01:00,3353,793631,3708,28589,
2026-09-23 10:17:21,GetExchangeSnapshot,NSE,NSE,1minute,1846,2026-09-23 10:02:00,3,347238,1846,24096,
2026-09-23 10:17:44,GetHistory,FUTIDX_BANKNIFTY_29SEP2026_XX_0,NFO,15minute,56,2026-09-23 10:00:00,56618.2,1910790,37260,3393,
2026-09-23 10:17:46,GetHistory,FUTIDX_NIFTY_29SEP2026_XX_0,NFO,15minute,56,2026-09-23 10:00:00,23390.0,16269565,43095,1544,
2026-09-23 10:17:49,GetHistory,FUTSTK_RELIANCE_29SEP2026_XX_0,NFO,15minute,56,2026-09-23 10:00:00,1242.3,113322500,371000,3531,
2026-09-23 10:17:50,GetHistory,OPTIDX_BANKNIFTY_29SEP2026_CE_56200,NFO,15minute,56,2026-09-23 10:00:00,583.45,179700,108180,773,
2026-09-23 10:17:51,GetHistory,OPTIDX_BANKNIFTY_29SEP2026_PE_56200,NFO,15minute,56,2026-09-23 10:00:00,170.55,287790,114060,1417,
2026-09-23 10:17:55,GetHistory,OPTIDX_NIFTY_29SEP2026_CE_23350,NFO,15minute,56,2026-09-23 10:00:00,142.4,5116540,5458310,3313,
2026-09-23 10:17:59,GetHistory,OPTIDX_NIFTY_29SEP2026_PE_23350,NFO,15minute,56,2026-09-23 10:00:00,100.3,6675240,8659495,3811,
2026-09-23 10:18:01,GetHistory,HDFCBANK,NSE,15minute,58,2026-09-23 10:00:00,740.2,0,854474,2100,
2026-09-23 10:18:03,GetHistory,RELIANCE,NSE,15minute,58,2026-09-23 10:00:00,1240.5,0,281412,2425,
2026-09-23 10:18:10,GetHistory,NIFTY 50,NSE_IDX,15minute,102,2026-09-23 10:00:00,23364.95,0,0,7317,
2026-09-23 10:18:14,GetHistory,NIFTY BANK,NSE_IDX,15minute,102,2026-09-23 10:00:00,56475.3,0,0,3918,
2026-09-23 10:18:24,GetHistory,NIFTY 50,NSE_IDX,1minute,55,2026-09-23 10:03:00,23376.85,0,0,984,
2026-09-23 10:18:29,GetHistory,RELIANCE,NSE,1minute,49,2026-09-23 10:03:00,1242.9,0,6597,4709,
2026-09-23 10:18:29,GetHistory,FUTIDX_NIFTY_29SEP2026_XX_0,NFO,1minute,49,2026-09-23 10:03:00,23401.0,16268850,2145,537,
2026-09-23 10:18:30,GetHistory,OPTIDX_NIFTY_29SEP2026_CE_23350,NFO,1minute,49,2026-09-23 10:03:00,149.85,5102500,442585,983,
2026-09-23 10:18:59,GetExchangeSnapshot,NFO,NFO,1minute,3679,2026-09-23 10:03:00,3347,787017,3679,28601,
2026-09-23 10:27:36,GetHistory,FUTIDX_BANKNIFTY_29SEP2026_XX_0,NFO,15minute,56,2026-09-23 10:00:00,56618.2,1910790,37260,1989,
2026-09-23 10:27:38,GetHistory,FUTIDX_NIFTY_29SEP2026_XX_0,NFO,15minute,56,2026-09-23 10:00:00,23390.0,16269565,43095,1514,
2026-09-23 10:27:39,GetHistory,FUTSTK_RELIANCE_29SEP2026_XX_0,NFO,15minute,56,2026-09-23 10:00:00,1242.3,113322500,371000,1360,
2026-09-23 10:27:40,GetHistory,OPTIDX_BANKNIFTY_29SEP2026_CE_56200,NFO,15minute,56,2026-09-23 10:00:00,583.45,179700,108180,880,
2026-09-23 10:27:41,GetHistory,OPTIDX_BANKNIFTY_29SEP2026_PE_56200,NFO,15minute,56,2026-09-23 10:00:00,170.55,287790,114060,1409,
2026-09-23 10:27:45,GetHistory,OPTIDX_NIFTY_29SEP2026_CE_23350,NFO,15minute,56,2026-09-23 10:00:00,142.4,5116540,5458310,3468,
2026-09-23 10:27:46,GetHistory,OPTIDX_NIFTY_29SEP2026_PE_23350,NFO,15minute,56,2026-09-23 10:00:00,100.3,6675240,8659495,1501,
2026-09-23 10:27:49,GetHistory,HDFCBANK,NSE,15minute,58,2026-09-23 10:00:00,740.2,0,854474,2182,
2026-09-23 10:27:51,GetHistory,RELIANCE,NSE,15minute,58,2026-09-23 10:00:00,1240.5,0,281412,2452,
2026-09-23 10:27:54,GetHistory,NIFTY 50,NSE_IDX,15minute,102,2026-09-23 10:00:00,23364.95,0,0,3220,
2026-09-23 10:27:58,GetHistory,NIFTY BANK,NSE_IDX,15minute,102,2026-09-23 10:00:00,56475.3,0,0,3839,
2026-09-23 10:28:02,GetHistory,NIFTY 50,NSE_IDX,1minute,65,2026-09-23 10:13:00,23364.7,0,0,3588,
2026-09-23 10:28:02,GetHistory,RELIANCE,NSE,1minute,59,2026-09-23 10:13:00,1240.6,0,14643,792,
2026-09-23 10:28:03,GetHistory,FUTIDX_NIFTY_29SEP2026_XX_0,NFO,1minute,59,2026-09-23 10:13:00,23393.2,16269955,1625,1091,
2026-09-23 10:28:04,GetHistory,OPTIDX_NIFTY_29SEP2026_CE_23350,NFO,1minute,59,2026-09-23 10:13:00,143.3,5036070,443950,995,
2026-09-23 10:28:32,GetExchangeSnapshot,NFO,NFO,1minute,3606,2026-09-23 10:13:00,3265,771142,3606,27838,
2026-09-23 10:28:56,GetExchangeSnapshot,NSE,NSE,1minute,1811,2026-09-23 10:13:00,1,340720,1811,24005,
2026-09-23 10:29:36,GetHistory,NIFTY 50,NSE_IDX,1minute,66,2026-09-23 10:14:00,23364.95,0,0,1297,
2026-09-23 10:29:37,GetHistory,RELIANCE,NSE,1minute,60,2026-09-23 10:14:00,1240.5,0,21470,1065,
2026-09-23 10:29:41,GetHistory,FUTIDX_NIFTY_29SEP2026_XX_0,NFO,1minute,60,2026-09-23 10:14:00,23390.0,16269565,2730,3825,
2026-09-23 10:29:42,GetHistory,OPTIDX_NIFTY_29SEP2026_CE_23350,NFO,1minute,60,2026-09-23 10:14:00,142.4,5116540,203840,768,
2026-09-23 10:30:10,GetExchangeSnapshot,NFO,NFO,1minute,3605,2026-09-23 10:15:00,3267,771291,3605,27744,
2026-09-23 10:30:34,GetExchangeSnapshot,NSE,NSE,1minute,1838,2026-09-23 10:15:00,2,345848,1838,24040,
2026-09-23 10:31:52,GetHistory,NIFTY 50,NSE_IDX,1minute,68,2026-09-23 10:16:00,23378.9,0,0,1262,
2026-09-23 10:31:53,GetHistory,RELIANCE,NSE,1minute,62,2026-09-23 10:16:00,1243.3,0,21887,985,
2026-09-23 10:31:54,GetHistory,FUTIDX_NIFTY_29SEP2026_XX_0,NFO,1minute,62,2026-09-23 10:16:00,23400.0,16269565,3770,981,
2026-09-23 10:31:59,GetHistory,OPTIDX_NIFTY_29SEP2026_CE_23350,NFO,1minute,62,2026-09-23 10:16:00,149.7,5198635,680680,4268,
2026-09-23 10:32:26,GetExchangeSnapshot,NFO,NFO,1minute,3638,2026-09-23 10:17:00,3279,778604,3638,26971,
2026-09-23 10:32:49,GetExchangeSnapshot,NSE,NSE,1minute,1789,2026-09-23 10:17:00,2,336534,1789,23418,
2026-09-23 10:33:09,GetHistory,FUTIDX_BANKNIFTY_29SEP2026_XX_0,NFO,15minute,57,2026-09-23 10:15:00,56677.6,1905300,12870,1714,
2026-09-23 10:33:10,GetHistory,FUTIDX_NIFTY_29SEP2026_XX_0,NFO,15minute,57,2026-09-23 10:15:00,23422.0,16256500,77805,1425,
2026-09-23 10:33:13,GetHistory,FUTSTK_RELIANCE_29SEP2026_XX_0,NFO,15minute,57,2026-09-23 10:15:00,1244.7,113284500,302500,2999,
2026-09-23 10:33:14,GetHistory,OPTIDX_BANKNIFTY_29SEP2026_CE_56200,NFO,15minute,57,2026-09-23 10:15:00,610.25,160620,74040,1046,
2026-09-23 10:33:16,GetHistory,OPTIDX_BANKNIFTY_29SEP2026_PE_56200,NFO,15minute,57,2026-09-23 10:15:00,158.35,301620,103470,1232,
2026-09-23 10:33:19,GetHistory,OPTIDX_NIFTY_29SEP2026_CE_23350,NFO,15minute,57,2026-09-23 10:15:00,159.5,4755855,7873775,3105,
2026-09-23 10:33:20,GetHistory,OPTIDX_NIFTY_29SEP2026_PE_23350,NFO,15minute,57,2026-09-23 10:15:00,85.6,7404995,8486595,1396,
2026-09-23 10:33:23,GetHistory,HDFCBANK,NSE,15minute,59,2026-09-23 10:15:00,740.4,0,889599,2371,
2026-09-23 10:33:27,GetHistory,RELIANCE,NSE,15minute,59,2026-09-23 10:15:00,1242.9,0,220198,4205,
2026-09-23 10:33:30,GetHistory,NIFTY 50,NSE_IDX,15minute,103,2026-09-23 10:15:00,23398.35,0,0,3268,
2026-09-23 10:33:33,GetHistory,NIFTY BANK,NSE_IDX,15minute,103,2026-09-23 10:15:00,56523.15,0,0,3279,
2026-09-23 10:43:50,GetHistory,FUTIDX_BANKNIFTY_29SEP2026_XX_0,NFO,15minute,57,2026-09-23 10:15:00,56677.6,1905300,12870,2113,
2026-09-23 10:43:52,GetHistory,FUTIDX_NIFTY_29SEP2026_XX_0,NFO,15minute,57,2026-09-23 10:15:00,23422.0,16256500,77805,1514,
2026-09-23 10:43:53,GetHistory,FUTSTK_RELIANCE_29SEP2026_XX_0,NFO,15minute,57,2026-09-23 10:15:00,1244.7,113284500,302500,1517,
2026-09-23 10:43:57,GetHistory,OPTIDX_BANKNIFTY_29SEP2026_CE_56200,NFO,15minute,57,2026-09-23 10:15:00,610.25,160620,74040,3259,
2026-09-23 10:43:58,GetHistory,OPTIDX_BANKNIFTY_29SEP2026_PE_56200,NFO,15minute,57,2026-09-23 10:15:00,158.35,301620,103470,1249,
2026-09-23 10:43:59,GetHistory,OPTIDX_NIFTY_29SEP2026_CE_23350,NFO,15minute,57,2026-09-23 10:15:00,159.5,4755855,7873775,946,
2026-09-23 10:44:03,GetHistory,OPTIDX_NIFTY_29SEP2026_PE_23350,NFO,15minute,57,2026-09-23 10:15:00,85.6,7404995,8486595,4081,
2026-09-23 10:44:05,GetHistory,HDFCBANK,NSE,15minute,59,2026-09-23 10:15:00,740.4,0,889599,2510,
2026-09-23 10:44:08,GetHistory,RELIANCE,NSE,15minute,59,2026-09-23 10:15:00,1242.9,0,220198,2526,
2026-09-23 10:44:11,GetHistory,NIFTY 50,NSE_IDX,15minute,103,2026-09-23 10:15:00,23398.35,0,0,3325,
2026-09-23 10:44:16,GetHistory,NIFTY BANK,NSE_IDX,15minute,103,2026-09-23 10:15:00,56523.15,0,0,4853,
2026-09-23 10:44:19,GetHistory,NIFTY 50,NSE_IDX,1minute,81,2026-09-23 10:29:00,23398.35,0,0,3295,
2026-09-23 10:44:20,GetHistory,RELIANCE,NSE,1minute,75,2026-09-23 10:29:00,1242.9,0,17710,826,
2026-09-23 10:44:21,GetHistory,FUTIDX_NIFTY_29SEP2026_XX_0,NFO,1minute,75,2026-09-23 10:29:00,23422.0,16256500,3120,669,
2026-09-23 10:44:25,GetHistory,OPTIDX_NIFTY_29SEP2026_CE_23350,NFO,1minute,75,2026-09-23 10:29:00,159.5,4755855,344630,3943,
2026-09-23 10:44:53,GetExchangeSnapshot,NFO,NFO,1minute,3383,2026-09-23 10:29:00,3049,723736,3383,27844,
2026-09-23 10:45:50,GetExchangeSnapshot,NSE,NSE,1minute,1753,2026-09-23 10:30:00,2,329539,1753,57448,
2026-09-23 10:46:10,GetHistory,NIFTY 50,NSE_IDX,1minute,83,2026-09-23 10:31:00,23400.45,0,0,1936,
2026-09-23 10:46:10,GetHistory,RELIANCE,NSE,1minute,77,2026-09-23 10:31:00,1242.9,0,5432,735,
2026-09-23 10:46:11,GetHistory,FUTIDX_NIFTY_29SEP2026_XX_0,NFO,1minute,77,2026-09-23 10:31:00,23425.0,16256175,6630,886,
2026-09-23 10:46:12,GetHistory,OPTIDX_NIFTY_29SEP2026_CE_23350,NFO,1minute,77,2026-09-23 10:31:00,160.85,4596995,361010,1185,
2026-09-23 10:46:39,GetExchangeSnapshot,NFO,NFO,1minute,3525,2026-09-23 10:31:00,3175,754529,3525,26959,
2026-09-23 10:48:19,GetHistory,NIFTY 50,NSE_IDX,1minute,85,2026-09-23 10:33:00,23402.75,0,0,1249,
2026-09-23 10:48:20,GetHistory,RELIANCE,NSE,1minute,79,2026-09-23 10:33:00,1243.8,0,41039,866,
2026-09-23 10:48:24,GetHistory,FUTIDX_NIFTY_29SEP2026_XX_0,NFO,1minute,79,2026-09-23 10:33:00,23428.4,16257280,4875,3921,
2026-09-23 10:48:25,GetHistory,OPTIDX_NIFTY_29SEP2026_CE_23350,NFO,1minute,79,2026-09-23 10:33:00,163.3,4536805,353210,683,
2026-09-23 10:48:52,GetExchangeSnapshot,NFO,NFO,1minute,3236,2026-09-23 10:33:00,2919,692370,3236,26652,
2026-09-23 10:49:15,GetExchangeSnapshot,NSE,NSE,1minute,1773,2026-09-23 10:34:00,2,333344,1773,23179,
2026-09-23 10:49:43,GetHistory,FUTIDX_BANKNIFTY_29SEP2026_XX_0,NFO,15minute,58,2026-09-23 10:30:00,56698.0,1901490,13680,2168,
2026-09-23 10:49:45,GetHistory,FUTIDX_NIFTY_29SEP2026_XX_0,NFO,15minute,58,2026-09-23 10:30:00,23436.9,16241615,101725,1538,
2026-09-23 10:49:46,GetHistory,FUTSTK_RELIANCE_29SEP2026_XX_0,NFO,15minute,58,2026-09-23 10:30:00,1247.0,113220000,283000,1450,
2026-09-23 10:49:47,GetHistory,OPTIDX_BANKNIFTY_29SEP2026_CE_56200,NFO,15minute,58,2026-09-23 10:30:00,624.55,150210,53970,963,
2026-09-23 10:49:51,GetHistory,OPTIDX_BANKNIFTY_29SEP2026_PE_56200,NFO,15minute,58,2026-09-23 10:30:00,149.7,309870,79830,3795,
2026-09-23 10:49:52,GetHistory,OPTIDX_NIFTY_29SEP2026_CE_23350,NFO,15minute,58,2026-09-23 10:30:00,166.95,4061785,4638465,1000,
2026-09-23 10:49:54,GetHistory,OPTIDX_NIFTY_29SEP2026_PE_23350,NFO,15minute,58,2026-09-23 10:30:00,80.8,7210060,4781920,1478,
2026-09-23 10:49:56,GetHistory,HDFCBANK,NSE,15minute,60,2026-09-23 10:30:00,740.7,0,714761,2270,
2026-09-23 10:49:58,GetHistory,RELIANCE,NSE,15minute,60,2026-09-23 10:30:00,1244.2,0,226457,2404,
2026-09-23 10:50:05,GetHistory,NIFTY 50,NSE_IDX,15minute,104,2026-09-23 10:30:00,23412.4,0,0,6338,
2026-09-23 10:50:08,GetHistory,NIFTY BANK,NSE_IDX,15minute,104,2026-09-23 10:30:00,56546.45,0,0,3321,
2026-09-23 10:50:50,GetHistory,NIFTY 50,NSE_IDX,1minute,87,2026-09-23 10:35:00,23396.2,0,0,3466,
2026-09-23 10:50:51,GetHistory,RELIANCE,NSE,1minute,81,2026-09-23 10:35:00,1244.0,0,24404,574,
2026-09-23 10:50:52,GetHistory,FUTIDX_NIFTY_29SEP2026_XX_0,NFO,1minute,81,2026-09-23 10:35:00,23416.5,16257995,2470,1491,
2026-09-23 10:50:53,GetHistory,OPTIDX_NIFTY_29SEP2026_CE_23350,NFO,1minute,81,2026-09-23 10:35:00,156.8,4357145,281840,650,
2026-09-23 10:51:19,GetExchangeSnapshot,NFO,NFO,1minute,3229,2026-09-23 10:36:00,2894,691087,3229,26472,
2026-09-23 10:53:09,GetHistory,NIFTY 50,NSE_IDX,1minute,90,2026-09-23 10:38:00,23410.25,0,0,1866,
2026-09-23 10:53:09,GetHistory,RELIANCE,NSE,1minute,84,2026-09-23 10:38:00,1244.4,0,13179,812,
2026-09-23 10:53:11,GetHistory,FUTIDX_NIFTY_29SEP2026_XX_0,NFO,1minute,84,2026-09-23 10:38:00,23432.3,16242265,54015,1275,
2026-09-23 10:53:12,GetHistory,OPTIDX_NIFTY_29SEP2026_CE_23350,NFO,1minute,84,2026-09-23 10:38:00,165.35,4214925,419510,1088,
2026-09-23 10:53:38,GetExchangeSnapshot,NFO,NFO,1minute,3325,2026-09-23 10:38:00,2995,711175,3325,26690,
2026-09-23 10:54:01,GetHistory,FUTIDX_BANKNIFTY_29SEP2026_XX_0,NFO,15minute,58,2026-09-23 10:30:00,56698.0,1901490,13680,2418,
2026-09-23 10:54:03,GetHistory,FUTIDX_NIFTY_29SEP2026_XX_0,NFO,15minute,58,2026-09-23 10:30:00,23436.9,16241615,101725,1663,
2026-09-23 10:54:07,GetHistory,FUTSTK_RELIANCE_29SEP2026_XX_0,NFO,15minute,58,2026-09-23 10:30:00,1247.0,113220000,283000,4198,
2026-09-23 10:54:08,GetHistory,OPTIDX_BANKNIFTY_29SEP2026_CE_56200,NFO,15minute,58,2026-09-23 10:30:00,624.55,150210,53970,1015,
2026-09-23 10:54:09,GetHistory,OPTIDX_BANKNIFTY_29SEP2026_PE_56200,NFO,15minute,58,2026-09-23 10:30:00,149.7,309870,79830,1205,
2026-09-23 10:54:13,GetHistory,OPTIDX_NIFTY_29SEP2026_CE_23350,NFO,15minute,58,2026-09-23 10:30:00,166.95,4061785,4638465,3432,
2026-09-23 10:54:14,GetHistory,OPTIDX_NIFTY_29SEP2026_PE_23350,NFO,15minute,58,2026-09-23 10:30:00,80.8,7210060,4781920,1399,
2026-09-23 10:54:17,GetHistory,HDFCBANK,NSE,15minute,60,2026-09-23 10:30:00,740.7,0,714761,3416,
2026-09-23 10:54:20,GetHistory,RELIANCE,NSE,15minute,60,2026-09-23 10:30:00,1244.2,0,226457,2397,
2026-09-23 10:54:23,GetHistory,NIFTY 50,NSE_IDX,15minute,104,2026-09-23 10:30:00,23412.4,0,0,3263,
2026-09-23 10:54:28,GetHistory,NIFTY BANK,NSE_IDX,15minute,104,2026-09-23 10:30:00,56546.45,0,0,4733,
2026-09-23 10:54:29,GetHistory,NIFTY 50,NSE_IDX,1minute,91,2026-09-23 10:39:00,23410.1,0,0,953,
2026-09-23 10:54:30,GetHistory,RELIANCE,NSE,1minute,85,2026-09-23 10:39:00,1244.4,0,11782,815,
2026-09-23 10:54:31,GetHistory,FUTIDX_NIFTY_29SEP2026_XX_0,NFO,1minute,85,2026-09-23 10:39:00,23432.0,16241810,2015,1326,
2026-09-23 10:54:32,GetHistory,OPTIDX_NIFTY_29SEP2026_CE_23350,NFO,1minute,85,2026-09-23 10:39:00,165.0,4205500,200655,1041,
2026-09-23 10:55:00,GetExchangeSnapshot,NFO,NFO,1minute,3377,2026-09-23 10:39:00,3038,722303,3377,27905,
2026-09-23 10:55:23,GetExchangeSnapshot,NSE,NSE,1minute,1719,2026-09-23 10:40:00,2,323388,1719,23299,
2026-09-23 10:56:05,GetHistory,NIFTY 50,NSE_IDX,1minute,93,2026-09-23 10:41:00,23408.15,0,0,2609,
2026-09-23 10:56:05,GetHistory,RELIANCE,NSE,1minute,87,2026-09-23 10:41:00,1244.1,0,21363,721,
2026-09-23 10:56:07,GetHistory,FUTIDX_NIFTY_29SEP2026_XX_0,NFO,1minute,87,2026-09-23 10:41:00,23430.0,16242655,3120,1275,
2026-09-23 10:56:08,GetHistory,OPTIDX_NIFTY_29SEP2026_CE_23350,NFO,1minute,87,2026-09-23 10:41:00,162.75,4126070,170365,1196,
2026-09-23 10:56:35,GetExchangeSnapshot,NFO,NFO,1minute,3320,2026-09-23 10:41:00,2973,710286,3320,27254,
2026-09-23 10:58:16,GetHistory,NIFTY 50,NSE_IDX,1minute,95,2026-09-23 10:43:00,23409.0,0,0,1583,
2026-09-23 10:58:20,GetHistory,RELIANCE,NSE,1minute,89,2026-09-23 10:43:00,1244.1,0,24379,3775,
2026-09-23 10:58:21,GetHistory,FUTIDX_NIFTY_29SEP2026_XX_0,NFO,1minute,89,2026-09-23 10:43:00,23430.1,16242200,2275,1134,
2026-09-23 10:58:25,GetHistory,OPTIDX_NIFTY_29SEP2026_CE_23350,NFO,1minute,89,2026-09-23 10:43:00,165.4,4100850,69745,3670,
2026-09-23 10:58:52,GetExchangeSnapshot,NFO,NFO,1minute,3332,2026-09-23 10:43:00,2986,712873,3332,27464,
2026-09-23 10:59:15,GetExchangeSnapshot,NSE,NSE,1minute,1733,2026-09-23 10:44:00,2,325914,1733,23141,
2026-09-23 10:59:35,GetHistory,FUTIDX_BANKNIFTY_29SEP2026_XX_0,NFO,15minute,58,2026-09-23 10:30:00,56698.0,1901490,13680,1992,
2026-09-23 10:59:39,GetHistory,FUTIDX_NIFTY_29SEP2026_XX_0,NFO,15minute,58,2026-09-23 10:30:00,23436.9,16241615,101725,4637,
2026-09-23 10:59:41,GetHistory,FUTSTK_RELIANCE_29SEP2026_XX_0,NFO,15minute,58,2026-09-23 10:30:00,1247.0,113220000,283000,1965,
2026-09-23 10:59:42,GetHistory,OPTIDX_BANKNIFTY_29SEP2026_CE_56200,NFO,15minute,58,2026-09-23 10:30:00,624.55,150210,53970,1079,
2026-09-23 10:59:44,GetHistory,OPTIDX_BANKNIFTY_29SEP2026_PE_56200,NFO,15minute,58,2026-09-23 10:30:00,149.7,309870,79830,1228,
2026-09-23 10:59:45,GetHistory,OPTIDX_NIFTY_29SEP2026_CE_23350,NFO,15minute,58,2026-09-23 10:30:00,166.95,4061785,4638465,945,
2026-09-23 10:59:46,GetHistory,OPTIDX_NIFTY_29SEP2026_PE_23350,NFO,15minute,58,2026-09-23 10:30:00,80.8,7210060,4781920,1466,
2026-09-23 10:59:48,GetHistory,HDFCBANK,NSE,15minute,60,2026-09-23 10:30:00,740.7,0,714761,2368,
2026-09-23 10:59:53,GetHistory,RELIANCE,NSE,15minute,60,2026-09-23 10:30:00,1244.2,0,226457,4552,
2026-09-23 10:59:56,GetHistory,NIFTY 50,NSE_IDX,15minute,104,2026-09-23 10:30:00,23412.4,0,0,3378,
2026-09-23 11:00:00,GetHistory,NIFTY BANK,NSE_IDX,15minute,104,2026-09-23 10:30:00,56546.45,0,0,3259,
2026-09-23 11:00:49,GetHistory,NIFTY 50,NSE_IDX,1minute,97,2026-09-23 10:45:00,23416.85,0,0,1673,
2026-09-23 11:00:50,GetHistory,RELIANCE,NSE,1minute,91,2026-09-23 10:45:00,1244.2,0,7006,942,
2026-09-23 11:00:51,GetHistory,FUTIDX_NIFTY_29SEP2026_XX_0,NFO,1minute,91,2026-09-23 10:45:00,23439.2,16241160,6565,799,
2026-09-23 11:00:52,GetHistory,OPTIDX_NIFTY_29SEP2026_CE_23350,NFO,1minute,91,2026-09-23 10:45:00,169.35,4039425,455065,1401,
2026-09-23 11:01:19,GetExchangeSnapshot,NFO,NFO,1minute,3233,2026-09-23 10:46:00,2909,692188,3233,26899,
2026-09-23 11:03:09,GetHistory,NIFTY 50,NSE_IDX,1minute,100,2026-09-23 10:48:00,23419.95,0,0,1171,
2026-09-23 11:03:10,GetHistory,RELIANCE,NSE,1minute,94,2026-09-23 10:48:00,1244.1,0,14603,1431,
2026-09-23 11:03:13,GetHistory,FUTIDX_NIFTY_29SEP2026_XX_0,NFO,1minute,94,2026-09-23 10:48:00,23438.0,16241225,2275,2838,
2026-09-23 11:03:14,GetHistory,OPTIDX_NIFTY_29SEP2026_CE_23350,NFO,1minute,94,2026-09-23 10:48:00,169.5,3878810,268450,703,
2026-09-23 11:03:41,GetExchangeSnapshot,NFO,NFO,1minute,3225,2026-09-23 10:48:00,2891,690192,3225,27204,
2026-09-23 11:04:04,GetExchangeSnapshot,NSE,NSE,1minute,1707,2026-09-23 10:49:00,2,321137,1707,23367,
2026-09-23 11:06:53,GetHistory,FUTIDX_BANKNIFTY_29SEP2026_XX_0,NFO,15minute,59,2026-09-23 10:45:00,56714.2,1900200,15360,2860,
2026-09-23 11:06:54,GetHistory,FUTIDX_NIFTY_29SEP2026_XX_0,NFO,15minute,59,2026-09-23 10:45:00,23432.5,16242655,66690,1560,
2026-09-23 11:06:59,GetHistory,FUTSTK_RELIANCE_29SEP2026_XX_0,NFO,15minute,59,2026-09-23 10:45:00,1247.3,113210500,443500,4108,
2026-09-23 11:07:01,GetHistory,OPTIDX_BANKNIFTY_29SEP2026_CE_56200,NFO,15minute,59,2026-09-23 10:45:00,641.1,138660,67740,2656,
2026-09-23 11:07:02,GetHistory,OPTIDX_BANKNIFTY_29SEP2026_PE_56200,NFO,15minute,59,2026-09-23 10:45:00,145.75,313830,64380,1271,
2026-09-23 11:07:03,GetHistory,OPTIDX_NIFTY_29SEP2026_CE_23350,NFO,15minute,59,2026-09-23 10:45:00,166.25,3617055,3403530,929,
2026-09-23 11:07:05,GetHistory,OPTIDX_NIFTY_29SEP2026_PE_23350,NFO,15minute,59,2026-09-23 10:45:00,81.0,7347990,3504085,1579,
2026-09-23 11:07:07,GetHistory,HDFCBANK,NSE,15minute,61,2026-09-23 10:45:00,740.65,0,1007922,2475,
2026-09-23 11:07:10,GetHistory,RELIANCE,NSE,15minute,61,2026-09-23 10:45:00,1244.7,0,247855,2420,
2026-09-23 11:07:14,GetHistory,NIFTY 50,NSE_IDX,15minute,105,2026-09-23 10:45:00,23415.5,0,0,3947,
2026-09-23 11:07:17,GetHistory,NIFTY BANK,NSE_IDX,15minute,105,2026-09-23 10:45:00,56596.7,0,0,3389,
2026-09-23 11:07:18,GetHistory,NIFTY 50,NSE_IDX,1minute,104,2026-09-23 10:52:00,23415.65,0,0,790,
2026-09-23 11:07:22,GetHistory,RELIANCE,NSE,1minute,98,2026-09-23 10:52:00,1244.4,0,15521,4051,
2026-09-23 11:07:23,GetHistory,FUTIDX_NIFTY_29SEP2026_XX_0,NFO,1minute,98,2026-09-23 10:52:00,23439.0,16240640,1170,866,
2026-09-23 11:07:24,GetHistory,OPTIDX_NIFTY_29SEP2026_CE_23350,NFO,1minute,98,2026-09-23 10:52:00,166.5,3766620,234390,979,
2026-09-23 11:07:51,GetExchangeSnapshot,NFO,NFO,1minute,3332,2026-09-23 10:52:00,2990,713502,3332,27059,
2026-09-23 11:08:15,GetExchangeSnapshot,NSE,NSE,1minute,1765,2026-09-23 10:53:00,2,331827,1765,23744,
2026-09-23 11:08:55,GetHistory,NIFTY 50,NSE_IDX,1minute,105,2026-09-23 10:53:00,23418.65,0,0,1293,
2026-09-23 11:08:56,GetHistory,RELIANCE,NSE,1minute,99,2026-09-23 10:53:00,1244.6,0,45571,983,
2026-09-23 11:08:57,GetHistory,FUTIDX_NIFTY_29SEP2026_XX_0,NFO,1minute,99,2026-09-23 10:53:00,23442.9,16240315,5460,973,
2026-09-23 11:08:57,GetHistory,OPTIDX_NIFTY_29SEP2026_CE_23350,NFO,1minute,99,2026-09-23 10:53:00,170.35,3782935,191035,989,
2026-09-23 11:09:25,GetExchangeSnapshot,NFO,NFO,1minute,3336,2026-09-23 10:54:00,2980,714369,3336,27066,
2026-09-23 11:11:04,GetHistory,NIFTY 50,NSE_IDX,1minute,108,2026-09-23 10:56:00,23420.3,0,0,1411,
2026-09-23 11:11:05,GetHistory,RELIANCE,NSE,1minute,102,2026-09-23 10:56:00,1245.2,0,19597,749,
2026-09-23 11:11:07,GetHistory,FUTIDX_NIFTY_29SEP2026_XX_0,NFO,1minute,102,2026-09-23 10:56:00,23441.3,16241355,8970,1405,
2026-09-23 11:11:08,GetHistory,OPTIDX_NIFTY_29SEP2026_CE_23350,NFO,1minute,102,2026-09-23 10:56:00,169.1,3640130,479375,901,
2026-09-23 11:11:35,GetExchangeSnapshot,NFO,NFO,1minute,3360,2026-09-23 10:56:00,3010,719514,3360,27052,
2026-09-23 11:11:58,GetExchangeSnapshot,NSE,NSE,1minute,1708,2026-09-23 10:56:00,2,321232,1708,23307,
2026-09-23 11:12:09,GetHistory,FUTIDX_BANKNIFTY_29SEP2026_XX_0,NFO,15minute,59,2026-09-23 10:45:00,56714.2,1900200,15360,1992,
2026-09-23 11:12:10,GetHistory,FUTIDX_NIFTY_29SEP2026_XX_0,NFO,15minute,59,2026-09-23 10:45:00,23432.5,16242655,66690,1413,
2026-09-23 11:12:11,GetHistory,FUTSTK_RELIANCE_29SEP2026_XX_0,NFO,15minute,59,2026-09-23 10:45:00,1247.3,113210500,443500,1350,
2026-09-23 11:12:12,GetHistory,OPTIDX_BANKNIFTY_29SEP2026_CE_56200,NFO,15minute,59,2026-09-23 10:45:00,641.1,138660,67740,954,
2026-09-23 11:12:17,GetHistory,OPTIDX_BANKNIFTY_29SEP2026_PE_56200,NFO,15minute,59,2026-09-23 10:45:00,145.75,313830,64380,4351,
2026-09-23 11:12:18,GetHistory,OPTIDX_NIFTY_29SEP2026_CE_23350,NFO,15minute,59,2026-09-23 10:45:00,166.25,3617055,3403530,810,
2026-09-23 11:12:19,GetHistory,OPTIDX_NIFTY_29SEP2026_PE_23350,NFO,15minute,59,2026-09-23 10:45:00,81.0,7347990,3504085,1542,
2026-09-23 11:12:21,GetHistory,HDFCBANK,NSE,15minute,61,2026-09-23 10:45:00,740.65,0,1007922,2280,
2026-09-23 11:12:24,GetHistory,RELIANCE,NSE,15minute,61,2026-09-23 10:45:00,1244.7,0,247855,2313,
2026-09-23 11:12:30,GetHistory,NIFTY 50,NSE_IDX,15minute,105,2026-09-23 10:45:00,23415.5,0,0,6751,
2026-09-23 11:12:34,GetHistory,NIFTY BANK,NSE_IDX,15minute,105,2026-09-23 10:45:00,56596.7,0,0,3325,
2026-09-23 11:13:14,GetHistory,NIFTY 50,NSE_IDX,1minute,110,2026-09-23 10:58:00,23415.75,0,0,1274,
2026-09-23 11:13:15,GetHistory,RELIANCE,NSE,1minute,104,2026-09-23 10:58:00,1244.6,0,8943,978,
2026-09-23 11:13:16,GetHistory,FUTIDX_NIFTY_29SEP2026_XX_0,NFO,1minute,104,2026-09-23 10:58:00,23438.0,16239080,2860,990,
2026-09-23 11:13:17,GetHistory,OPTIDX_NIFTY_29SEP2026_CE_23350,NFO,1minute,104,2026-09-23 10:58:00,167.4,3636230,122070,983,
2026-09-23 11:13:45,GetExchangeSnapshot,NFO,NFO,1minute,3286,2026-09-23 10:58:00,2938,703806,3286,27153,
2026-09-23 11:15:33,GetHistory,NIFTY 50,NSE_IDX,1minute,112,2026-09-23 11:00:00,23416.65,0,0,1354,
2026-09-23 11:15:34,GetHistory,RELIANCE,NSE,1minute,106,2026-09-23 11:00:00,1244.7,0,13185,980,
2026-09-23 11:15:35,GetHistory,FUTIDX_NIFTY_29SEP2026_XX_0,NFO,1minute,106,2026-09-23 11:00:00,23435.0,16241615,1950,975,
2026-09-23 11:15:36,GetHistory,OPTIDX_NIFTY_29SEP2026_CE_23350,NFO,1minute,106,2026-09-23 11:00:00,167.05,3619395,146250,985,
2026-09-23 11:16:19,GetExchangeSnapshot,NFO,NFO,1minute,,,,,,42785,gdf: connection lost (gaierror)
2026-09-23 11:16:30,GetExchangeSnapshot,NSE,NSE,1minute,,,,,,11067,gdf: connection lost (gaierror)
2026-09-23 11:17:25,GetHistory,FUTIDX_BANKNIFTY_29SEP2026_XX_0,NFO,15minute,60,2026-09-23 11:00:00,56735.0,1894170,17640,3363,
2026-09-23 11:17:26,GetHistory,FUTIDX_NIFTY_29SEP2026_XX_0,NFO,15minute,60,2026-09-23 11:00:00,23450.2,16244670,58305,1492,
2026-09-23 11:17:27,GetHistory,FUTSTK_RELIANCE_29SEP2026_XX_0,NFO,15minute,60,2026-09-23 11:00:00,1248.0,113190500,175500,1353,
2026-09-23 11:17:31,GetHistory,OPTIDX_BANKNIFTY_29SEP2026_CE_56200,NFO,15minute,60,2026-09-23 11:00:00,649.3,136140,18570,3428,
2026-09-23 11:17:32,GetHistory,OPTIDX_BANKNIFTY_29SEP2026_PE_56200,NFO,15minute,60,2026-09-23 11:00:00,140.25,313440,66930,1181,
2026-09-23 11:17:34,GetHistory,OPTIDX_NIFTY_29SEP2026_CE_23350,NFO,15minute,60,2026-09-23 11:00:00,175.7,3307525,2892305,2262,
2026-09-23 11:17:36,GetHistory,OPTIDX_NIFTY_29SEP2026_PE_23350,NFO,15minute,60,2026-09-23 11:00:00,75.85,7412665,3224065,1347,
2026-09-23 11:17:38,GetHistory,HDFCBANK,NSE,15minute,62,2026-09-23 11:00:00,742.0,0,1596106,2405,
2026-09-23 11:17:40,GetHistory,RELIANCE,NSE,15minute,62,2026-09-23 11:00:00,1246.5,0,431940,2394,
2026-09-23 11:17:45,GetHistory,NIFTY 50,NSE_IDX,15minute,106,2026-09-23 11:00:00,23436.05,0,0,4703,
2026-09-23 11:17:48,GetHistory,NIFTY BANK,NSE_IDX,15minute,106,2026-09-23 11:00:00,56609.6,0,0,3296,
2026-09-23 11:18:10,GetHistory,NIFTY 50,NSE_IDX,1minute,115,2026-09-23 11:03:00,23418.1,0,0,2853,
2026-09-23 11:18:11,GetHistory,RELIANCE,NSE,1minute,109,2026-09-23 11:03:00,1245.3,0,40089,772,
2026-09-23 11:18:12,GetHistory,FUTIDX_NIFTY_29SEP2026_XX_0,NFO,1minute,109,2026-09-23 11:03:00,23435.0,16241810,1950,1171,
2026-09-23 11:18:16,GetHistory,OPTIDX_NIFTY_29SEP2026_CE_23350,NFO,1minute,109,2026-09-23 11:03:00,167.15,3631030,99580,3512,
2026-09-23 11:18:43,GetExchangeSnapshot,NFO,NFO,1minute,3200,2026-09-23 11:03:00,2849,684890,3200,27301,
2026-09-23 11:19:06,GetExchangeSnapshot,NSE,NSE,1minute,1726,2026-09-23 11:04:00,2,324669,1726,23258,
2026-09-23 11:20:16,GetHistory,NIFTY 50,NSE_IDX,1minute,117,2026-09-23 11:05:00,23421.9,0,0,1603,
2026-09-23 11:20:17,GetHistory,RELIANCE,NSE,1minute,111,2026-09-23 11:05:00,1246.4,0,80003,866,
2026-09-23 11:20:18,GetHistory,FUTIDX_NIFTY_29SEP2026_XX_0,NFO,1minute,111,2026-09-23 11:05:00,23444.0,16242785,2015,1204,
2026-09-23 11:20:22,GetHistory,OPTIDX_NIFTY_29SEP2026_CE_23350,NFO,1minute,111,2026-09-23 11:05:00,169.2,3604380,172055,3493,
2026-09-23 11:20:49,GetExchangeSnapshot,NFO,NFO,1minute,3499,2026-09-23 11:05:00,3166,748642,3499,27381,
2026-09-23 11:22:30,GetHistory,FUTIDX_BANKNIFTY_29SEP2026_XX_0,NFO,15minute,60,2026-09-23 11:00:00,56735.0,1894170,17640,2014,
2026-09-23 11:22:32,GetHistory,FUTIDX_NIFTY_29SEP2026_XX_0,NFO,15minute,60,2026-09-23 11:00:00,23450.2,16244670,58305,1649,
2026-09-23 11:22:33,GetHistory,FUTSTK_RELIANCE_29SEP2026_XX_0,NFO,15minute,60,2026-09-23 11:00:00,1248.0,113190500,175500,1605,
2026-09-23 11:22:34,GetHistory,OPTIDX_BANKNIFTY_29SEP2026_CE_56200,NFO,15minute,60,2026-09-23 11:00:00,649.3,136140,18570,1118,
2026-09-23 11:22:38,GetHistory,OPTIDX_BANKNIFTY_29SEP2026_PE_56200,NFO,15minute,60,2026-09-23 11:00:00,140.25,313440,66930,3903,
2026-09-23 11:22:39,GetHistory,OPTIDX_NIFTY_29SEP2026_CE_23350,NFO,15minute,60,2026-09-23 11:00:00,175.7,3307525,2892305,1016,
2026-09-23 11:22:41,GetHistory,OPTIDX_NIFTY_29SEP2026_PE_23350,NFO,15minute,60,2026-09-23 11:00:00,75.85,7412665,3224065,1573,
2026-09-23 11:22:43,GetHistory,HDFCBANK,NSE,15minute,62,2026-09-23 11:00:00,742.0,0,1596106,2485,
2026-09-23 11:22:46,GetHistory,RELIANCE,NSE,15minute,62,2026-09-23 11:00:00,1246.5,0,431940,2510,
2026-09-23 11:22:50,GetHistory,NIFTY 50,NSE_IDX,15minute,106,2026-09-23 11:00:00,23436.05,0,0,4362,
2026-09-23 11:22:54,GetHistory,NIFTY BANK,NSE_IDX,15minute,106,2026-09-23 11:00:00,56609.6,0,0,3439,
2026-09-23 11:22:55,GetHistory,NIFTY 50,NSE_IDX,1minute,119,2026-09-23 11:07:00,23430.8,0,0,1196,
2026-09-23 11:22:59,GetHistory,RELIANCE,NSE,1minute,113,2026-09-23 11:07:00,1247.0,0,20954,3960,
2026-09-23 11:23:00,GetHistory,FUTIDX_NIFTY_29SEP2026_XX_0,NFO,1minute,113,2026-09-23 11:07:00,23444.9,16243110,16380,1190,
2026-09-23 11:23:01,GetHistory,OPTIDX_NIFTY_29SEP2026_CE_23350,NFO,1minute,114,2026-09-23 11:08:00,171.85,3456310,156000,1188,
2026-09-23 11:23:29,GetExchangeSnapshot,NFO,NFO,1minute,3287,2026-09-23 11:08:00,2945,704105,3287,27892,
2026-09-23 11:23:53,GetExchangeSnapshot,NSE,NSE,1minute,1717,2026-09-23 11:08:00,2,322917,1717,24014,
2026-09-23 11:24:34,GetHistory,NIFTY 50,NSE_IDX,1minute,121,2026-09-23 11:09:00,23427.0,0,0,1651,
2026-09-23 11:24:35,GetHistory,RELIANCE,NSE,1minute,115,2026-09-23 11:09:00,1245.8,0,13166,963,
2026-09-23 11:24:36,GetHistory,FUTIDX_NIFTY_29SEP2026_XX_0,NFO,1minute,115,2026-09-23 11:09:00,23448.0,16243760,3640,1216,
2026-09-23 11:24:37,GetHistory,OPTIDX_NIFTY_29SEP2026_CE_23350,NFO,1minute,115,2026-09-23 11:09:00,171.7,3464760,157820,1096,
2026-09-23 11:25:05,GetExchangeSnapshot,NFO,NFO,1minute,3274,2026-09-23 11:09:00,2933,700956,3274,28241,
2026-09-23 11:26:45,GetHistory,NIFTY 50,NSE_IDX,1minute,123,2026-09-23 11:11:00,23430.0,0,0,1622,
2026-09-23 11:26:50,GetHistory,RELIANCE,NSE,1minute,117,2026-09-23 11:11:00,1246.2,0,27919,4230,
2026-09-23 11:26:51,GetHistory,FUTIDX_NIFTY_29SEP2026_XX_0,NFO,1minute,117,2026-09-23 11:11:00,23449.0,16245775,3250,1115,
2026-09-23 11:26:52,GetHistory,OPTIDX_NIFTY_29SEP2026_CE_23350,NFO,1minute,117,2026-09-23 11:11:00,173.75,3420430,189865,1092,
2026-09-23 11:27:20,GetExchangeSnapshot,NFO,NFO,1minute,3122,2026-09-23 11:12:00,2779,668696,3122,28386,
2026-09-23 11:27:44,GetExchangeSnapshot,NSE,NSE,1minute,1661,2026-09-23 11:12:00,2,312299,1661,23710,
2026-09-23 11:27:56,GetHistory,FUTIDX_BANKNIFTY_29SEP2026_XX_0,NFO,15minute,60,2026-09-23 11:00:00,56735.0,1894170,17640,3499,
2026-09-23 11:27:58,GetHistory,FUTIDX_NIFTY_29SEP2026_XX_0,NFO,15minute,60,2026-09-23 11:00:00,23450.2,16244670,58305,1546,
2026-09-23 11:28:01,GetHistory,FUTSTK_RELIANCE_29SEP2026_XX_0,NFO,15minute,60,2026-09-23 11:00:00,1248.0,113190500,175500,3251,
2026-09-23 11:28:02,GetHistory,OPTIDX_BANKNIFTY_29SEP2026_CE_56200,NFO,15minute,60,2026-09-23 11:00:00,649.3,136140,18570,1131,
2026-09-23 11:28:03,GetHistory,OPTIDX_BANKNIFTY_29SEP2026_PE_56200,NFO,15minute,60,2026-09-23 11:00:00,140.25,313440,66930,1365,
2026-09-23 11:28:08,GetHistory,OPTIDX_NIFTY_29SEP2026_CE_23350,NFO,15minute,60,2026-09-23 11:00:00,175.7,3307525,2892305,4479,
2026-09-23 11:28:09,GetHistory,OPTIDX_NIFTY_29SEP2026_PE_23350,NFO,15minute,60,2026-09-23 11:00:00,75.85,7412665,3224065,1446,
2026-09-23 11:28:12,GetHistory,HDFCBANK,NSE,15minute,62,2026-09-23 11:00:00,742.0,0,1596106,2480,
2026-09-23 11:28:14,GetHistory,RELIANCE,NSE,15minute,62,2026-09-23 11:00:00,1246.5,0,431940,2407,
2026-09-23 11:28:17,GetHistory,NIFTY 50,NSE_IDX,15minute,106,2026-09-23 11:00:00,23436.05,0,0,3315,
2026-09-23 11:28:23,GetHistory,NIFTY BANK,NSE_IDX,15minute,106,2026-09-23 11:00:00,56609.6,0,0,5372,
2026-09-23 11:29:03,GetHistory,NIFTY 50,NSE_IDX,1minute,126,2026-09-23 11:14:00,23436.05,0,0,1502,
2026-09-23 11:29:07,GetHistory,RELIANCE,NSE,1minute,120,2026-09-23 11:14:00,1246.5,0,13808,4670,
2026-09-23 11:29:09,GetHistory,FUTIDX_NIFTY_29SEP2026_XX_0,NFO,1minute,120,2026-09-23 11:14:00,23450.2,16244670,2665,1124,
2026-09-23 11:29:10,GetHistory,OPTIDX_NIFTY_29SEP2026_CE_23350,NFO,1minute,120,2026-09-23 11:14:00,175.7,3307525,137865,1031,
2026-09-23 11:29:38,GetExchangeSnapshot,NFO,NFO,1minute,3187,2026-09-23 11:14:00,2817,682155,3187,27885,
2026-09-23 11:31:27,GetHistory,NIFTY 50,NSE_IDX,1minute,128,2026-09-23 11:16:00,23427.45,0,0,1475,
2026-09-23 11:31:28,GetHistory,RELIANCE,NSE,1minute,122,2026-09-23 11:16:00,1246.4,0,4424,1633,
2026-09-23 11:31:30,GetHistory,FUTIDX_NIFTY_29SEP2026_XX_0,NFO,1minute,122,2026-09-23 11:16:00,23442.0,16243175,3055,1511,
2026-09-23 11:31:31,GetHistory,OPTIDX_NIFTY_29SEP2026_CE_23350,NFO,1minute,122,2026-09-23 11:16:00,169.6,3316625,189410,1108,
2026-09-23 11:31:59,GetExchangeSnapshot,NFO,NFO,1minute,3324,2026-09-23 11:16:00,2994,711543,3324,27739,
2026-09-23 11:32:23,GetExchangeSnapshot,NSE,NSE,1minute,1651,2026-09-23 11:17:00,2,310490,1651,24744,
2026-09-23 11:33:13,GetHistory,FUTIDX_BANKNIFTY_29SEP2026_XX_0,NFO,15minute,61,2026-09-23 11:15:00,56687.0,1887990,7680,1888,
2026-09-23 11:33:16,GetHistory,FUTIDX_NIFTY_29SEP2026_XX_0,NFO,15minute,61,2026-09-23 11:15:00,23442.3,16241355,43615,3116,
2026-09-23 11:33:18,GetHistory,FUTSTK_RELIANCE_29SEP2026_XX_0,NFO,15minute,61,2026-09-23 11:15:00,1250.6,113242500,756500,1534,
2026-09-23 11:33:21,GetHistory,OPTIDX_BANKNIFTY_29SEP2026_CE_56200,NFO,15minute,61,2026-09-23 11:15:00,620.6,137310,25380,3454,
2026-09-23 11:33:23,GetHistory,OPTIDX_BANKNIFTY_29SEP2026_PE_56200,NFO,15minute,61,2026-09-23 11:15:00,148.95,313860,65430,1345,
2026-09-23 11:33:24,GetHistory,OPTIDX_NIFTY_29SEP2026_CE_23350,NFO,15minute,61,2026-09-23 11:15:00,170.3,3287375,1870700,1055,
2026-09-23 11:33:28,GetHistory,OPTIDX_NIFTY_29SEP2026_PE_23350,NFO,15minute,61,2026-09-23 11:15:00,78.4,7638735,2909530,4533,
2026-09-23 11:33:31,GetHistory,HDFCBANK,NSE,15minute,63,2026-09-23 11:15:00,741.4,0,554180,2377,
2026-09-23 11:33:33,GetHistory,RELIANCE,NSE,15minute,63,2026-09-23 11:15:00,1248.0,0,364594,2514,
2026-09-23 11:33:37,GetHistory,NIFTY 50,NSE_IDX,15minute,107,2026-09-23 11:15:00,23427.9,0,0,3309,
2026-09-23 11:33:41,GetHistory,NIFTY BANK,NSE_IDX,15minute,107,2026-09-23 11:15:00,56561.8,0,0,4003,
2026-09-23 11:33:51,GetHistory,NIFTY 50,NSE_IDX,1minute,130,2026-09-23 11:18:00,23421.55,0,0,1717,
2026-09-23 11:33:54,GetHistory,RELIANCE,NSE,1minute,124,2026-09-23 11:18:00,1245.6,0,12411,2890,
2026-09-23 11:33:55,GetHistory,FUTIDX_NIFTY_29SEP2026_XX_0,NFO,1minute,124,2026-09-23 11:18:00,23435.9,16239795,4875,985,
2026-09-23 11:33:56,GetHistory,OPTIDX_NIFTY_29SEP2026_CE_23350,NFO,1minute,124,2026-09-23 11:18:00,167.0,3283020,158730,1150,
2026-09-23 11:34:23,GetExchangeSnapshot,NFO,NFO,1minute,3167,2026-09-23 11:19:00,2831,677221,3167,27537,
2026-09-23 11:34:48,GetExchangeSnapshot,NSE,NSE,1minute,1649,2026-09-23 11:19:00,2,310231,1649,24552,
2026-09-23 11:36:22,GetHistory,NIFTY 50,NSE_IDX,1minute,133,2026-09-23 11:21:00,23426.55,0,0,4255,
2026-09-23 11:36:23,GetHistory,RELIANCE,NSE,1minute,127,2026-09-23 11:21:00,1246.8,0,31950,1165,
2026-09-23 11:36:24,GetHistory,FUTIDX_NIFTY_29SEP2026_XX_0,NFO,1minute,127,2026-09-23 11:21:00,23439.6,16241160,1950,1092,
2026-09-23 11:36:25,GetHistory,OPTIDX_NIFTY_29SEP2026_CE_23350,NFO,1minute,127,2026-09-23 11:21:00,169.85,3296215,123370,973,
2026-09-23 11:36:52,GetExchangeSnapshot,NFO,NFO,1minute,3194,2026-09-23 11:21:00,2859,683328,3194,27096,
2026-09-23 11:38:44,GetHistory,FUTIDX_BANKNIFTY_29SEP2026_XX_0,NFO,15minute,61,2026-09-23 11:15:00,56687.0,1887990,7680,4403,
2026-09-23 11:38:45,GetHistory,FUTIDX_NIFTY_29SEP2026_XX_0,NFO,15minute,61,2026-09-23 11:15:00,23442.3,16241355,43615,1450,
2026-09-23 11:38:48,GetHistory,FUTSTK_RELIANCE_29SEP2026_XX_0,NFO,15minute,61,2026-09-23 11:15:00,1250.6,113242500,756500,2708,
2026-09-23 11:38:49,GetHistory,OPTIDX_BANKNIFTY_29SEP2026_CE_56200,NFO,15minute,61,2026-09-23 11:15:00,620.6,137310,25380,1122,
2026-09-23 11:38:50,GetHistory,OPTIDX_BANKNIFTY_29SEP2026_PE_56200,NFO,15minute,61,2026-09-23 11:15:00,148.95,313860,65430,1125,
2026-09-23 11:38:51,GetHistory,OPTIDX_NIFTY_29SEP2026_CE_23350,NFO,15minute,61,2026-09-23 11:15:00,170.3,3287375,1870700,837,
2026-09-23 11:38:53,GetHistory,OPTIDX_NIFTY_29SEP2026_PE_23350,NFO,15minute,61,2026-09-23 11:15:00,78.4,7638735,2909530,1689,
2026-09-23 11:38:57,GetHistory,HDFCBANK,NSE,15minute,63,2026-09-23 11:15:00,741.4,0,554180,4514,
2026-09-23 11:39:00,GetHistory,RELIANCE,NSE,15minute,63,2026-09-23 11:15:00,1248.0,0,364594,2530,
2026-09-23 11:39:03,GetHistory,NIFTY 50,NSE_IDX,15minute,107,2026-09-23 11:15:00,23427.9,0,0,3273,
2026-09-23 11:39:09,GetHistory,NIFTY BANK,NSE_IDX,15minute,107,2026-09-23 11:15:00,56561.8,0,0,5437,
2026-09-23 11:39:13,GetHistory,NIFTY 50,NSE_IDX,1minute,136,2026-09-23 11:24:00,23427.2,0,0,3923,
2026-09-23 11:39:13,GetHistory,RELIANCE,NSE,1minute,130,2026-09-23 11:24:00,1247.3,0,8545,948,
2026-09-23 11:39:15,GetHistory,FUTIDX_NIFTY_29SEP2026_XX_0,NFO,1minute,130,2026-09-23 11:24:00,23441.2,16239340,2080,1185,
2026-09-23 11:39:17,GetHistory,OPTIDX_NIFTY_29SEP2026_CE_23350,NFO,1minute,130,2026-09-23 11:24:00,169.6,3279705,40560,2733,
2026-09-23 11:39:44,GetExchangeSnapshot,NFO,NFO,1minute,2840,2026-09-23 11:24:00,2516,607862,2840,27090,
2026-09-23 11:40:09,GetExchangeSnapshot,NSE,NSE,1minute,1587,2026-09-23 11:25:00,2,298543,1587,24213,
2026-09-23 11:40:51,GetHistory,NIFTY 50,NSE_IDX,1minute,137,2026-09-23 11:25:00,23428.85,0,0,2845,
2026-09-23 11:40:52,GetHistory,RELIANCE,NSE,1minute,131,2026-09-23 11:25:00,1247.5,0,12374,949,
2026-09-23 11:40:53,GetHistory,FUTIDX_NIFTY_29SEP2026_XX_0,NFO,1minute,131,2026-09-23 11:25:00,23441.9,16239860,1560,1198,
2026-09-23 11:40:54,GetHistory,OPTIDX_NIFTY_29SEP2026_CE_23350,NFO,1minute,131,2026-09-23 11:25:00,171.45,3289000,77350,1084,
2026-09-23 11:41:21,GetExchangeSnapshot,NFO,NFO,1minute,3121,2026-09-23 11:26:00,2796,667964,3121,27389,
2026-09-23 11:43:03,GetHistory,NIFTY 50,NSE_IDX,1minute,140,2026-09-23 11:28:00,23425.75,0,0,2925,
2026-09-23 11:43:04,GetHistory,RELIANCE,NSE,1minute,134,2026-09-23 11:28:00,1248.3,0,42316,1172,
2026-09-23 11:43:05,GetHistory,FUTIDX_NIFTY_29SEP2026_XX_0,NFO,1minute,134,2026-09-23 11:28:00,23440.0,16239665,975,949,
2026-09-23 11:43:08,GetHistory,OPTIDX_NIFTY_29SEP2026_CE_23350,NFO,1minute,134,2026-09-23 11:28:00,168.55,3288610,88075,2905,
2026-09-23 11:43:35,GetExchangeSnapshot,NFO,NFO,1minute,3002,2026-09-23 11:28:00,2686,642280,3002,26601,
2026-09-23 11:43:58,GetExchangeSnapshot,NSE,NSE,1minute,1635,2026-09-23 11:28:00,2,307702,1635,23342,
2026-09-23 11:44:18,GetHistory,FUTIDX_BANKNIFTY_29SEP2026_XX_0,NFO,15minute,61,2026-09-23 11:15:00,56687.0,1887990,7680,1988,
2026-09-23 11:44:22,GetHistory,FUTIDX_NIFTY_29SEP2026_XX_0,NFO,15minute,61,2026-09-23 11:15:00,23442.3,16241355,43615,3850,
2026-09-23 11:44:23,GetHistory,FUTSTK_RELIANCE_29SEP2026_XX_0,NFO,15minute,61,2026-09-23 11:15:00,1250.6,113242500,756500,1449,
2026-09-23 11:44:24,GetHistory,OPTIDX_BANKNIFTY_29SEP2026_CE_56200,NFO,15minute,61,2026-09-23 11:15:00,620.6,137310,25380,1059,
2026-09-23 11:44:25,GetHistory,OPTIDX_BANKNIFTY_29SEP2026_PE_56200,NFO,15minute,61,2026-09-23 11:15:00,148.95,313860,65430,1246,
2026-09-23 11:44:26,GetHistory,OPTIDX_NIFTY_29SEP2026_CE_23350,NFO,15minute,61,2026-09-23 11:15:00,170.3,3287375,1870700,1044,
2026-09-23 11:44:28,GetHistory,OPTIDX_NIFTY_29SEP2026_PE_23350,NFO,15minute,61,2026-09-23 11:15:00,78.4,7638735,2909530,1987,
2026-09-23 11:44:34,GetHistory,HDFCBANK,NSE,15minute,63,2026-09-23 11:15:00,741.4,0,554180,5647,
2026-09-23 11:44:36,GetHistory,RELIANCE,NSE,15minute,63,2026-09-23 11:15:00,1248.0,0,364594,2404,
2026-09-23 11:44:40,GetHistory,NIFTY 50,NSE_IDX,15minute,107,2026-09-23 11:15:00,23427.9,0,0,3341,
2026-09-23 11:44:44,GetHistory,NIFTY BANK,NSE_IDX,15minute,107,2026-09-23 11:15:00,56561.8,0,0,4203,
2026-09-23 11:45:33,GetHistory,NIFTY 50,NSE_IDX,1minute,142,2026-09-23 11:30:00,23435.55,0,0,1592,
2026-09-23 11:45:35,GetHistory,RELIANCE,NSE,1minute,136,2026-09-23 11:30:00,1250.5,0,90411,1529,
2026-09-23 11:45:36,GetHistory,FUTIDX_NIFTY_29SEP2026_XX_0,NFO,1minute,136,2026-09-23 11:30:00,23448.0,16239340,4680,965,
2026-09-23 11:45:37,GetHistory,OPTIDX_NIFTY_29SEP2026_CE_23350,NFO,1minute,136,2026-09-23 11:30:00,175.15,3259230,202670,1042,
2026-09-23 11:46:05,GetExchangeSnapshot,NFO,NFO,1minute,3105,2026-09-23 11:30:00,2762,664928,3105,28529,
2026-09-23 11:47:55,GetHistory,NIFTY 50,NSE_IDX,1minute,144,2026-09-23 11:32:00,23440.75,0,0,2037,
2026-09-23 11:47:56,GetHistory,RELIANCE,NSE,1minute,138,2026-09-23 11:32:00,1250.1,0,16471,1094,
2026-09-23 11:47:58,GetHistory,FUTIDX_NIFTY_29SEP2026_XX_0,NFO,1minute,138,2026-09-23 11:32:00,23455.6,16238690,12870,1283,
2026-09-23 11:47:59,GetHistory,OPTIDX_NIFTY_29SEP2026_CE_23350,NFO,1minute,138,2026-09-23 11:32:00,179.35,3172130,478660,943,
2026-09-23 11:48:26,GetExchangeSnapshot,NFO,NFO,1minute,3208,2026-09-23 11:33:00,2864,686292,3208,27795,
2026-09-23 11:48:50,GetExchangeSnapshot,NSE,NSE,1minute,1767,2026-09-23 11:33:00,2,332206,1767,24022,
2026-09-23 11:49:31,GetHistory,FUTIDX_BANKNIFTY_29SEP2026_XX_0,NFO,15minute,62,2026-09-23 11:30:00,56708.2,1886580,4140,2109,
2026-09-23 11:49:33,GetHistory,FUTIDX_NIFTY_29SEP2026_XX_0,NFO,15minute,62,2026-09-23 11:30:00,23450.0,16234725,62010,1562,
2026-09-23 11:49:37,GetHistory,FUTSTK_RELIANCE_29SEP2026_XX_0,NFO,15minute,62,2026-09-23 11:30:00,1251.4,113231000,561500,4263,
2026-09-23 11:49:39,GetHistory,OPTIDX_BANKNIFTY_29SEP2026_CE_56200,NFO,15minute,62,2026-09-23 11:30:00,631.9,138330,18210,2480,
2026-09-23 11:49:40,GetHistory,OPTIDX_BANKNIFTY_29SEP2026_PE_56200,NFO,15minute,62,2026-09-23 11:30:00,142.9,314760,29880,1166,
2026-09-23 11:49:41,GetHistory,OPTIDX_NIFTY_29SEP2026_CE_23350,NFO,15minute,62,2026-09-23 11:30:00,176.55,3078985,1924845,1067,
2026-09-23 11:49:46,GetHistory,OPTIDX_NIFTY_29SEP2026_PE_23350,NFO,15minute,62,2026-09-23 11:30:00,75.5,7717645,2117570,4659,
2026-09-23 11:49:49,GetHistory,HDFCBANK,NSE,15minute,64,2026-09-23 11:30:00,741.6,0,679666,2358,
2026-09-23 11:49:51,GetHistory,RELIANCE,NSE,15minute,64,2026-09-23 11:30:00,1248.2,0,429028,2516,
2026-09-23 11:49:56,GetHistory,NIFTY 50,NSE_IDX,15minute,108,2026-09-23 11:30:00,23438.8,0,0,5450,
2026-09-23 11:50:00,GetHistory,NIFTY BANK,NSE_IDX,15minute,108,2026-09-23 11:30:00,56583.25,0,0,3324,
2026-09-23 11:50:12,GetHistory,NIFTY 50,NSE_IDX,1minute,147,2026-09-23 11:35:00,23434.65,0,0,1631,
2026-09-23 11:50:16,GetHistory,RELIANCE,NSE,1minute,141,2026-09-23 11:35:00,1249.8,0,27583,4384,
2026-09-23 11:50:17,GetHistory,FUTIDX_NIFTY_29SEP2026_XX_0,NFO,1minute,141,2026-09-23 11:35:00,23445.1,16237780,3055,1275,
2026-09-23 11:50:18,GetHistory,OPTIDX_NIFTY_29SEP2026_CE_23350,NFO,1minute,141,2026-09-23 11:35:00,173.65,3101280,171405,1005,
2026-09-23 11:50:47,GetExchangeSnapshot,NFO,NFO,1minute,3146,2026-09-23 11:35:00,2812,673321,3146,28299,
2026-09-23 11:51:10,GetExchangeSnapshot,NSE,NSE,1minute,1645,2026-09-23 11:36:00,2,309292,1645,23100,
2026-09-23 11:52:20,GetHistory,NIFTY 50,NSE_IDX,1minute,149,2026-09-23 11:37:00,23439.55,0,0,1912,
2026-09-23 11:52:21,GetHistory,RELIANCE,NSE,1minute,143,2026-09-23 11:37:00,1249.0,0,20685,864,
2026-09-23 11:52:23,GetHistory,FUTIDX_NIFTY_29SEP2026_XX_0,NFO,1minute,143,2026-09-23 11:37:00,23455.0,16237520,1170,1427,
2026-09-23 11:52:24,GetHistory,OPTIDX_NIFTY_29SEP2026_CE_23350,NFO,1minute,143,2026-09-23 11:37:00,178.35,3108950,102180,1161,
2026-09-23 11:52:50,GetExchangeSnapshot,NFO,NFO,1minute,2908,2026-09-23 11:37:00,2576,622530,2908,26031,
2026-09-23 11:54:30,GetHistory,NIFTY 50,NSE_IDX,1minute,151,2026-09-23 11:39:00,23436.75,0,0,1812,
2026-09-23 11:54:31,GetHistory,RELIANCE,NSE,1minute,145,2026-09-23 11:39:00,1248.6,0,25720,869,
2026-09-23 11:54:32,GetHistory,FUTIDX_NIFTY_29SEP2026_XX_0,NFO,1minute,145,2026-09-23 11:39:00,23447.0,16237390,4485,1391,
2026-09-23 11:54:34,GetHistory,OPTIDX_NIFTY_29SEP2026_CE_23350,NFO,1minute,145,2026-09-23 11:39:00,175.05,3096210,79820,1133,
2026-09-23 11:55:00,GetExchangeSnapshot,NFO,NFO,1minute,3107,2026-09-23 11:39:00,2763,665344,3107,26465,
2026-09-23 11:55:23,GetExchangeSnapshot,NSE,NSE,1minute,1699,2026-09-23 11:40:00,2,319511,1699,23035,
2026-09-23 11:55:34,GetHistory,FUTIDX_BANKNIFTY_29SEP2026_XX_0,NFO,15minute,62,2026-09-23 11:30:00,56708.2,1886580,4140,2068,
2026-09-23 11:55:35,GetHistory,FUTIDX_NIFTY_29SEP2026_XX_0,NFO,15minute,62,2026-09-23 11:30:00,23450.0,16234725,62010,1553,
2026-09-23 11:55:37,GetHistory,FUTSTK_RELIANCE_29SEP2026_XX_0,NFO,15minute,62,2026-09-23 11:30:00,1251.4,113231000,561500,1461,
2026-09-23 11:55:38,GetHistory,OPTIDX_BANKNIFTY_29SEP2026_CE_56200,NFO,15minute,62,2026-09-23 11:30:00,631.9,138330,18210,1166,
2026-09-23 11:55:39,GetHistory,OPTIDX_BANKNIFTY_29SEP2026_PE_56200,NFO,15minute,62,2026-09-23 11:30:00,142.9,314760,29880,1250,
2026-09-23 11:55:43,GetHistory,OPTIDX_NIFTY_29SEP2026_CE_23350,NFO,15minute,62,2026-09-23 11:30:00,176.55,3078985,1924845,3632,
2026-09-23 11:55:44,GetHistory,OPTIDX_NIFTY_29SEP2026_PE_23350,NFO,15minute,62,2026-09-23 11:30:00,75.5,7717645,2117570,1485,
2026-09-23 11:55:47,GetHistory,HDFCBANK,NSE,15minute,64,2026-09-23 11:30:00,741.6,0,679666,2372,
2026-09-23 11:55:49,GetHistory,RELIANCE,NSE,15minute,64,2026-09-23 11:30:00,1248.2,0,429028,2409,
2026-09-23 11:55:52,GetHistory,NIFTY 50,NSE_IDX,15minute,108,2026-09-23 11:30:00,23438.8,0,0,3328,
2026-09-23 11:55:56,GetHistory,NIFTY BANK,NSE_IDX,15minute,108,2026-09-23 11:30:00,56583.25,0,0,3262,
2026-09-23 11:56:36,GetHistory,NIFTY 50,NSE_IDX,1minute,153,2026-09-23 11:41:00,23437.0,0,0,1467,
2026-09-23 11:56:37,GetHistory,RELIANCE,NSE,1minute,147,2026-09-23 11:41:00,1248.7,0,13706,874,
2026-09-23 11:56:37,GetHistory,FUTIDX_NIFTY_29SEP2026_XX_0,NFO,1minute,147,2026-09-23 11:41:00,23450.0,16235310,6240,608,
2026-09-23 11:56:39,GetHistory,OPTIDX_NIFTY_29SEP2026_CE_23350,NFO,1minute,147,2026-09-23 11:41:00,174.5,3089710,45305,1587,
2026-09-23 11:57:06,GetExchangeSnapshot,NFO,NFO,1minute,3065,2026-09-23 11:41:00,2678,656243,3065,26557,
2026-09-23 11:58:45,GetHistory,NIFTY 50,NSE_IDX,1minute,155,2026-09-23 11:43:00,23438.45,0,0,1103,
2026-09-23 11:58:47,GetHistory,RELIANCE,NSE,1minute,149,2026-09-23 11:43:00,1248.3,0,11041,1839,
2026-09-23 11:58:50,GetHistory,FUTIDX_NIFTY_29SEP2026_XX_0,NFO,1minute,149,2026-09-23 11:43:00,23448.3,16234400,1950,2879,
2026-09-23 11:58:51,GetHistory,OPTIDX_NIFTY_29SEP2026_CE_23350,NFO,1minute,149,2026-09-23 11:43:00,175.75,3077100,59735,1253,
2026-09-23 11:59:18,GetExchangeSnapshot,NFO,NFO,1minute,2854,2026-09-23 11:44:00,2542,611132,2854,26768,
2026-09-23 11:59:41,GetExchangeSnapshot,NSE,NSE,1minute,1623,2026-09-23 11:44:00,1,305504,1623,23184,
2026-09-23 12:01:01,GetHistory,FUTIDX_BANKNIFTY_29SEP2026_XX_0,NFO,15minute,63,2026-09-23 11:45:00,56680.2,1885440,3480,2001,
2026-09-23 12:01:03,GetHistory,FUTIDX_NIFTY_29SEP2026_XX_0,NFO,15minute,63,2026-09-23 11:45:00,23448.0,16217890,48945,1464,
2026-09-23 12:01:04,GetHistory,FUTSTK_RELIANCE_29SEP2026_XX_0,NFO,15minute,63,2026-09-23 11:45:00,1251.9,113246500,365500,1463,
2026-09-23 12:01:05,GetHistory,OPTIDX_BANKNIFTY_29SEP2026_CE_56200,NFO,15minute,63,2026-09-23 11:45:00,613.85,138660,15240,1131,
2026-09-23 12:01:08,GetHistory,OPTIDX_BANKNIFTY_29SEP2026_PE_56200,NFO,15minute,63,2026-09-23 11:45:00,153.4,316710,35550,3024,
2026-09-23 12:01:09,GetHistory,OPTIDX_NIFTY_29SEP2026_CE_23350,NFO,15minute,63,2026-09-23 11:45:00,172.6,2891720,1599650,1017,
2026-09-23 12:01:13,GetHistory,OPTIDX_NIFTY_29SEP2026_PE_23350,NFO,15minute,63,2026-09-23 11:45:00,76.1,7952230,2660255,4094,
2026-09-23 12:01:16,GetHistory,HDFCBANK,NSE,15minute,65,2026-09-23 11:45:00,741.55,0,436175,2383,
2026-09-23 12:01:18,GetHistory,RELIANCE,NSE,15minute,65,2026-09-23 11:45:00,1249.0,0,369878,2525,
2026-09-23 12:01:23,GetHistory,NIFTY 50,NSE_IDX,15minute,109,2026-09-23 11:45:00,23429.45,0,0,4838,
2026-09-23 12:01:26,GetHistory,NIFTY BANK,NSE_IDX,15minute,109,2026-09-23 11:45:00,56530.9,0,0,3386,
2026-09-23 12:01:27,GetHistory,NIFTY 50,NSE_IDX,1minute,158,2026-09-23 11:46:00,23440.95,0,0,1034,
2026-09-23 12:01:29,GetHistory,RELIANCE,NSE,1minute,152,2026-09-23 11:46:00,1250.2,0,39996,1943,
2026-09-23 12:01:32,GetHistory,FUTIDX_NIFTY_29SEP2026_XX_0,NFO,1minute,152,2026-09-23 11:46:00,23458.0,16233035,3120,2173,
2026-09-23 12:01:33,GetHistory,OPTIDX_NIFTY_29SEP2026_CE_23350,NFO,1minute,152,2026-09-23 11:46:00,181.1,3029845,154895,1009,
2026-09-23 12:02:01,GetExchangeSnapshot,NFO,NFO,1minute,3245,2026-09-23 11:46:00,2923,694646,3245,28787,
2026-09-23 12:03:13,GetHistory,NIFTY 50,NSE_IDX,1minute,160,2026-09-23 11:48:00,23438.35,0,0,1332,
2026-09-23 12:03:14,GetHistory,RELIANCE,NSE,1minute,154,2026-09-23 11:48:00,1249.9,0,36046,1514,
2026-09-23 12:03:15,GetHistory,FUTIDX_NIFTY_29SEP2026_XX_0,NFO,1minute,154,2026-09-23 11:48:00,23450.0,16232515,5200,498,
2026-09-23 12:03:16,GetHistory,OPTIDX_NIFTY_29SEP2026_CE_23350,NFO,1minute,154,2026-09-23 11:48:00,176.75,2997995,164710,1239,
2026-09-23 12:03:44,GetExchangeSnapshot,NFO,NFO,1minute,3150,2026-09-23 11:48:00,2788,674372,3150,27725,
2026-09-23 12:04:07,GetExchangeSnapshot,NSE,NSE,1minute,1622,2026-09-23 11:49:00,2,305054,1622,23673,
2026-09-23 12:05:34,GetHistory,NIFTY 50,NSE_IDX,1minute,162,2026-09-23 11:50:00,23428.85,0,0,987,
2026-09-23 12:05:36,GetHistory,RELIANCE,NSE,1minute,156,2026-09-23 11:50:00,1249.0,0,41395,2004,
2026-09-23 12:05:37,GetHistory,FUTIDX_NIFTY_29SEP2026_XX_0,NFO,1minute,156,2026-09-23 11:50:00,23444.7,16232385,3380,1054,
2026-09-23 12:05:37,GetHistory,OPTIDX_NIFTY_29SEP2026_CE_23350,NFO,1minute,156,2026-09-23 11:50:00,170.5,2908035,352040,543,
2026-09-23 12:06:06,GetExchangeSnapshot,NFO,NFO,1minute,3129,2026-09-23 11:50:00,2790,670509,3129,28079,
2026-09-23 12:06:16,GetHistory,FUTIDX_BANKNIFTY_29SEP2026_XX_0,NFO,15minute,63,2026-09-23 11:45:00,56680.2,1885440,3480,1557,
2026-09-23 12:06:21,GetHistory,FUTIDX_NIFTY_29SEP2026_XX_0,NFO,15minute,63,2026-09-23 11:45:00,23448.0,16217890,48945,4925,
2026-09-23 12:06:25,GetHistory,FUTSTK_RELIANCE_29SEP2026_XX_0,NFO,15minute,63,2026-09-23 11:45:00,1251.9,113246500,365500,3363,
2026-09-23 12:06:26,GetHistory,OPTIDX_BANKNIFTY_29SEP2026_CE_56200,NFO,15minute,63,2026-09-23 11:45:00,613.85,138660,15240,1117,
2026-09-23 12:06:27,GetHistory,OPTIDX_BANKNIFTY_29SEP2026_PE_56200,NFO,15minute,63,2026-09-23 11:45:00,153.4,316710,35550,1240,
2026-09-23 12:06:28,GetHistory,OPTIDX_NIFTY_29SEP2026_CE_23350,NFO,15minute,63,2026-09-23 11:45:00,172.6,2891720,1599650,950,
2026-09-23 12:06:30,GetHistory,OPTIDX_NIFTY_29SEP2026_PE_23350,NFO,15minute,63,2026-09-23 11:45:00,76.1,7952230,2660255,1576,
2026-09-23 12:06:35,GetHistory,HDFCBANK,NSE,15minute,65,2026-09-23 11:45:00,741.55,0,436175,5032,
2026-09-23 12:06:37,GetHistory,RELIANCE,NSE,15minute,65,2026-09-23 11:45:00,1249.0,0,369878,2894,
2026-09-23 12:06:41,GetHistory,NIFTY 50,NSE_IDX,15minute,109,2026-09-23 11:45:00,23429.45,0,0,3779,
2026-09-23 12:06:47,GetHistory,NIFTY BANK,NSE_IDX,15minute,109,2026-09-23 11:45:00,56530.9,0,0,5421,
2026-09-23 12:08:06,GetHistory,NIFTY 50,NSE_IDX,1minute,165,2026-09-23 11:53:00,23428.7,0,0,1094,
2026-09-23 12:08:07,GetHistory,RELIANCE,NSE,1minute,159,2026-09-23 11:53:00,1249.4,0,11701,898,
2026-09-23 12:08:08,GetHistory,FUTIDX_NIFTY_29SEP2026_XX_0,NFO,1minute,159,2026-09-23 11:53:00,23447.2,16228095,2730,977,
2026-09-23 12:08:09,GetHistory,OPTIDX_NIFTY_29SEP2026_CE_23350,NFO,1minute,159,2026-09-23 11:53:00,172.45,2920580,60190,987,
2026-09-23 12:08:36,GetExchangeSnapshot,NFO,NFO,1minute,2886,2026-09-23 11:53:00,2550,617808,2886,26795,
2026-09-23 12:09:00,GetExchangeSnapshot,NSE,NSE,1minute,1572,2026-09-23 11:53:00,2,295757,1572,24678,
2026-09-23 12:10:11,GetHistory,NIFTY 50,NSE_IDX,1minute,167,2026-09-23 11:55:00,23427.6,0,0,876,
2026-09-23 12:10:14,GetHistory,RELIANCE,NSE,1minute,161,2026-09-23 11:55:00,1248.5,0,19842,3576,
2026-09-23 12:10:15,GetHistory,FUTIDX_NIFTY_29SEP2026_XX_0,NFO,1minute,161,2026-09-23 11:55:00,23445.4,16226795,2145,479,
2026-09-23 12:10:16,GetHistory,OPTIDX_NIFTY_29SEP2026_CE_23350,NFO,1minute,161,2026-09-23 11:55:00,171.3,2918110,63700,969,
2026-09-23 12:10:44,GetExchangeSnapshot,NFO,NFO,1minute,2850,2026-09-23 11:55:00,2537,609846,2850,28445,
2026-09-23 12:11:08,GetExchangeSnapshot,NSE,NSE,1minute,1626,2026-09-23 11:56:00,1,305964,1626,23382,
2026-09-23 12:11:18,GetHistory,FUTIDX_BANKNIFTY_29SEP2026_XX_0,NFO,15minute,63,2026-09-23 11:45:00,56680.2,1885440,3480,1838,
2026-09-23 12:11:20,GetHistory,FUTIDX_NIFTY_29SEP2026_XX_0,NFO,15minute,63,2026-09-23 11:45:00,23448.0,16217890,48945,1539,
2026-09-23 12:11:21,GetHistory,FUTSTK_RELIANCE_29SEP2026_XX_0,NFO,15minute,63,2026-09-23 11:45:00,1251.9,113246500,365500,1440,
2026-09-23 12:11:22,GetHistory,OPTIDX_BANKNIFTY_29SEP2026_CE_56200,NFO,15minute,63,2026-09-23 11:45:00,613.85,138660,15240,1076,
2026-09-23 12:11:23,GetHistory,OPTIDX_BANKNIFTY_29SEP2026_PE_56200,NFO,15minute,63,2026-09-23 11:45:00,153.4,316710,35550,1264,
2026-09-23 12:11:27,GetHistory,OPTIDX_NIFTY_29SEP2026_CE_23350,NFO,15minute,63,2026-09-23 11:45:00,172.6,2891720,1599650,3161,
2026-09-23 12:11:28,GetHistory,OPTIDX_NIFTY_29SEP2026_PE_23350,NFO,15minute,63,2026-09-23 11:45:00,76.1,7952230,2660255,1356,
2026-09-23 12:11:30,GetHistory,HDFCBANK,NSE,15minute,65,2026-09-23 11:45:00,741.55,0,436175,2324,
2026-09-23 12:11:33,GetHistory,RELIANCE,NSE,15minute,65,2026-09-23 11:45:00,1249.0,0,369878,2408,
2026-09-23 12:11:36,GetHistory,NIFTY 50,NSE_IDX,15minute,109,2026-09-23 11:45:00,23429.45,0,0,3313,
2026-09-23 12:11:40,GetHistory,NIFTY BANK,NSE_IDX,15minute,109,2026-09-23 11:45:00,56530.9,0,0,3576,
2026-09-23 12:12:22,GetHistory,NIFTY 50,NSE_IDX,1minute,169,2026-09-23 11:57:00,23424.65,0,0,3462,
2026-09-23 12:12:23,GetHistory,RELIANCE,NSE,1minute,163,2026-09-23 11:57:00,1249.0,0,38649,450,
2026-09-23 12:12:24,GetHistory,FUTIDX_NIFTY_29SEP2026_XX_0,NFO,1minute,163,2026-09-23 11:57:00,23444.0,16224130,5915,1417,
2026-09-23 12:12:25,GetHistory,OPTIDX_NIFTY_29SEP2026_CE_23350,NFO,1minute,163,2026-09-23 11:57:00,170.0,2900040,74165,546,
2026-09-23 12:12:53,GetExchangeSnapshot,NFO,NFO,1minute,2968,2026-09-23 11:57:00,2634,635400,2968,28473,
2026-09-23 12:14:33,GetHistory,NIFTY 50,NSE_IDX,1minute,171,2026-09-23 11:59:00,23429.45,0,0,1099,
2026-09-23 12:14:34,GetHistory,RELIANCE,NSE,1minute,165,2026-09-23 11:59:00,1249.0,0,7511,977,
2026-09-23 12:14:35,GetHistory,FUTIDX_NIFTY_29SEP2026_XX_0,NFO,1minute,165,2026-09-23 11:59:00,23448.0,16217890,3380,982,
2026-09-23 12:14:39,GetHistory,OPTIDX_NIFTY_29SEP2026_CE_23350,NFO,1minute,165,2026-09-23 11:59:00,172.6,2891720,42965,3419,
2026-09-23 12:15:07,GetExchangeSnapshot,NFO,NFO,1minute,2946,2026-09-23 11:59:00,2613,630581,2946,28020,
2026-09-23 12:15:30,GetExchangeSnapshot,NSE,NSE,1minute,1637,2026-09-23 12:00:00,2,307855,1637,23719,
2026-09-23 12:16:52,GetHistory,FUTIDX_BANKNIFTY_29SEP2026_XX_0,NFO,15minute,64,2026-09-23 12:00:00,56715.2,1884360,4890,4532,
2026-09-23 12:16:54,GetHistory,FUTIDX_NIFTY_29SEP2026_XX_0,NFO,15minute,64,2026-09-23 12:00:00,23475.0,16169985,117260,1422,
2026-09-23 12:16:55,GetHistory,FUTSTK_RELIANCE_29SEP2026_XX_0,NFO,15minute,64,2026-09-23 12:00:00,1252.5,113185000,254000,1489,
2026-09-23 12:16:57,GetHistory,OPTIDX_BANKNIFTY_29SEP2026_CE_56200,NFO,15minute,64,2026-09-23 12:00:00,630.05,136050,15990,1198,
2026-09-23 12:16:58,GetHistory,OPTIDX_BANKNIFTY_29SEP2026_PE_56200,NFO,15minute,64,2026-09-23 12:00:00,145.05,311670,40050,1303,
2026-09-23 12:17:01,GetHistory,OPTIDX_NIFTY_29SEP2026_CE_23350,NFO,15minute,64,2026-09-23 12:00:00,197.6,2513095,3051750,3254,
2026-09-23 12:17:03,GetHistory,OPTIDX_NIFTY_29SEP2026_PE_23350,NFO,15minute,64,2026-09-23 12:00:00,67.65,7937345,4160780,1556,
2026-09-23 12:17:08,GetHistory,HDFCBANK,NSE,15minute,66,2026-09-23 12:00:00,741.4,0,553431,5016,
2026-09-23 12:17:10,GetHistory,RELIANCE,NSE,15minute,66,2026-09-23 12:00:00,1250.1,0,340908,2490,
2026-09-23 12:17:15,GetHistory,NIFTY 50,NSE_IDX,15minute,110,2026-09-23 12:00:00,23458.05,0,0,4656,
2026-09-23 12:17:20,GetHistory,NIFTY BANK,NSE_IDX,15minute,110,2026-09-23 12:00:00,56572.5,0,0,5011,
2026-09-23 12:17:23,GetHistory,NIFTY 50,NSE_IDX,1minute,174,2026-09-23 12:02:00,23443.3,0,0,3487,
2026-09-23 12:17:24,GetHistory,RELIANCE,NSE,1minute,168,2026-09-23 12:02:00,1249.6,0,10246,566,
2026-09-23 12:17:26,GetHistory,FUTIDX_NIFTY_29SEP2026_XX_0,NFO,1minute,168,2026-09-23 12:02:00,23460.8,16190720,17875,1558,
2026-09-23 12:17:28,GetHistory,OPTIDX_NIFTY_29SEP2026_CE_23350,NFO,1minute,168,2026-09-23 12:02:00,182.0,2872220,230880,2818,
2026-09-23 12:17:56,GetExchangeSnapshot,NFO,NFO,1minute,3081,2026-09-23 12:02:00,2756,659393,3081,27328,
2026-09-23 12:19:06,GetHistory,NIFTY 50,NSE_IDX,1minute,176,2026-09-23 12:04:00,23447.3,0,0,994,
2026-09-23 12:19:07,GetHistory,RELIANCE,NSE,1minute,170,2026-09-23 12:04:00,1249.8,0,9018,977,
2026-09-23 12:19:08,GetHistory,FUTIDX_NIFTY_29SEP2026_XX_0,NFO,1minute,170,2026-09-23 12:04:00,23468.0,16190460,5980,982,
2026-09-23 12:19:12,GetHistory,OPTIDX_NIFTY_29SEP2026_CE_23350,NFO,1minute,170,2026-09-23 12:04:00,188.3,2799030,235560,4146,
2026-09-23 12:19:38,GetExchangeSnapshot,NFO,NFO,1minute,3026,2026-09-23 12:04:00,2697,647572,3026,26599,
2026-09-23 12:20:02,GetExchangeSnapshot,NSE,NSE,1minute,1597,2026-09-23 12:04:00,2,300166,1597,24001,
2026-09-23 12:21:12,GetHistory,NIFTY 50,NSE_IDX,1minute,178,2026-09-23 12:06:00,23454.65,0,0,999,
2026-09-23 12:21:13,GetHistory,RELIANCE,NSE,1minute,172,2026-09-23 12:06:00,1250.2,0,11206,967,
2026-09-23 12:21:16,GetHistory,FUTIDX_NIFTY_29SEP2026_XX_0,NFO,1minute,172,2026-09-23 12:06:00,23478.2,16183375,20605,2804,
2026-09-23 12:21:17,GetHistory,OPTIDX_NIFTY_29SEP2026_CE_23350,NFO,1minute,172,2026-09-23 12:06:00,196.65,2621905,293540,474,
2026-09-23 12:21:52,GetExchangeSnapshot,NFO,NFO,1minute,3236,2026-09-23 12:06:00,2927,693643,3236,35011,
2026-09-23 12:22:02,GetHistory,FUTIDX_BANKNIFTY_29SEP2026_XX_0,NFO,15minute,64,2026-09-23 12:00:00,56715.2,1884360,4890,1857,
2026-09-23 12:22:04,GetHistory,FUTIDX_NIFTY_29SEP2026_XX_0,NFO,15minute,64,2026-09-23 12:00:00,23475.0,16169985,117260,1662,
2026-09-23 12:22:07,GetHistory,FUTSTK_RELIANCE_29SEP2026_XX_0,NFO,15minute,64,2026-09-23 12:00:00,1252.5,113185000,254000,3362,
2026-09-23 12:22:08,GetHistory,OPTIDX_BANKNIFTY_29SEP2026_CE_56200,NFO,15minute,64,2026-09-23 12:00:00,630.05,136050,15990,1145,
2026-09-23 12:22:13,GetHistory,OPTIDX_BANKNIFTY_29SEP2026_PE_56200,NFO,15minute,64,2026-09-23 12:00:00,145.05,311670,40050,4151,
2026-09-23 12:22:14,GetHistory,OPTIDX_NIFTY_29SEP2026_CE_23350,NFO,15minute,64,2026-09-23 12:00:00,197.6,2513095,3051750,1094,
2026-09-23 12:22:15,GetHistory,OPTIDX_NIFTY_29SEP2026_PE_23350,NFO,15minute,64,2026-09-23 12:00:00,67.65,7937345,4160780,1546,
2026-09-23 12:22:19,GetHistory,HDFCBANK,NSE,15minute,66,2026-09-23 12:00:00,741.4,0,553431,4191,
2026-09-23 12:22:25,GetHistory,RELIANCE,NSE,15minute,66,2026-09-23 12:00:00,1250.1,0,340908,5170,
2026-09-23 12:22:28,GetHistory,NIFTY 50,NSE_IDX,15minute,110,2026-09-23 12:00:00,23458.05,0,0,3377,
2026-09-23 12:22:32,GetHistory,NIFTY BANK,NSE_IDX,15minute,110,2026-09-23 12:00:00,56572.5,0,0,4148,
2026-09-23 12:23:42,GetHistory,NIFTY 50,NSE_IDX,1minute,180,2026-09-23 12:08:00,23447.8,0,0,991,
2026-09-23 12:23:43,GetHistory,RELIANCE,NSE,1minute,174,2026-09-23 12:08:00,1250.1,0,17068,1086,
2026-09-23 12:23:44,GetHistory,FUTIDX_NIFTY_29SEP2026_XX_0,NFO,1minute,174,2026-09-23 12:08:00,23469.8,16180125,6435,982,
2026-09-23 12:23:47,GetHistory,OPTIDX_NIFTY_29SEP2026_CE_23350,NFO,1minute,174,2026-09-23 12:08:00,188.8,2595060,142740,3664,
2026-09-23 12:24:15,GetExchangeSnapshot,NFO,NFO,1minute,3106,2026-09-23 12:09:00,2762,665090,3106,27284,
2026-09-23 12:24:38,GetExchangeSnapshot,NSE,NSE,1minute,1622,2026-09-23 12:09:00,2,304983,1622,23335,
2026-09-23 12:25:48,GetHistory,NIFTY 50,NSE_IDX,1minute,182,2026-09-23 12:10:00,23454.2,0,0,980,
2026-09-23 12:25:49,GetHistory,RELIANCE,NSE,1minute,176,2026-09-23 12:10:00,1250.3,0,11701,961,
2026-09-23 12:25:50,GetHistory,FUTIDX_NIFTY_29SEP2026_XX_0,NFO,1minute,176,2026-09-23 12:10:00,23470.1,16178565,4160,979,
2026-09-23 12:25:54,GetHistory,OPTIDX_NIFTY_29SEP2026_CE_23350,NFO,1minute,176,2026-09-23 12:10:00,191.15,2611245,105170,3962,
2026-09-23 12:26:21,GetExchangeSnapshot,NFO,NFO,1minute,3065,2026-09-23 12:11:00,2735,656202,3065,27408,
2026-09-23 12:27:32,GetHistory,FUTIDX_BANKNIFTY_29SEP2026_XX_0,NFO,15minute,64,2026-09-23 12:00:00,56715.2,1884360,4890,1906,
2026-09-23 12:27:33,GetHistory,FUTIDX_NIFTY_29SEP2026_XX_0,NFO,15minute,64,2026-09-23 12:00:00,23475.0,16169985,117260,1559,
2026-09-23 12:27:35,GetHistory,FUTSTK_RELIANCE_29SEP2026_XX_0,NFO,15minute,64,2026-09-23 12:00:00,1252.5,113185000,254000,1412,
2026-09-23 12:27:36,GetHistory,OPTIDX_BANKNIFTY_29SEP2026_CE_56200,NFO,15minute,64,2026-09-23 12:00:00,630.05,136050,15990,1065,
2026-09-23 12:27:37,GetHistory,OPTIDX_BANKNIFTY_29SEP2026_PE_56200,NFO,15minute,64,2026-09-23 12:00:00,145.05,311670,40050,1130,
2026-09-23 12:27:41,GetHistory,OPTIDX_NIFTY_29SEP2026_CE_23350,NFO,15minute,64,2026-09-23 12:00:00,197.6,2513095,3051750,3822,
2026-09-23 12:27:42,GetHistory,OPTIDX_NIFTY_29SEP2026_PE_23350,NFO,15minute,64,2026-09-23 12:00:00,67.65,7937345,4160780,1527,
2026-09-23 12:27:44,GetHistory,HDFCBANK,NSE,15minute,66,2026-09-23 12:00:00,741.4,0,553431,2374,
2026-09-23 12:27:47,GetHistory,RELIANCE,NSE,15minute,66,2026-09-23 12:00:00,1250.1,0,340908,2317,
2026-09-23 12:27:51,GetHistory,NIFTY 50,NSE_IDX,15minute,110,2026-09-23 12:00:00,23458.05,0,0,4678,
2026-09-23 12:27:58,GetHistory,NIFTY BANK,NSE_IDX,15minute,110,2026-09-23 12:00:00,56572.5,0,0,6126,
2026-09-23 12:28:07,GetHistory,NIFTY 50,NSE_IDX,1minute,185,2026-09-23 12:13:00,23459.1,0,0,1033,
2026-09-23 12:28:08,GetHistory,RELIANCE,NSE,1minute,179,2026-09-23 12:13:00,1249.8,0,95373,952,
2026-09-23 12:28:09,GetHistory,FUTIDX_NIFTY_29SEP2026_XX_0,NFO,1minute,179,2026-09-23 12:13:00,23478.0,16175965,8385,1088,
2026-09-23 12:28:10,GetHistory,OPTIDX_NIFTY_29SEP2026_CE_23350,NFO,1minute,179,2026-09-23 12:13:00,195.9,2532790,257595,873,
2026-09-23 12:28:38,GetExchangeSnapshot,NFO,NFO,1minute,3076,2026-09-23 12:13:00,2729,658923,3076,27991,
2026-09-23 12:29:02,GetExchangeSnapshot,NSE,NSE,1minute,1601,2026-09-23 12:13:00,2,301015,1601,23518,
2026-09-23 12:30:20,GetHistory,NIFTY 50,NSE_IDX,1minute,187,2026-09-23 12:15:00,23458.0,0,0,1161,
2026-09-23 12:30:22,GetHistory,RELIANCE,NSE,1minute,181,2026-09-23 12:15:00,1250.1,0,14275,2043,
2026-09-23 12:30:23,GetHistory,FUTIDX_NIFTY_29SEP2026_XX_0,NFO,1minute,181,2026-09-23 12:15:00,23475.0,16169530,3835,568,
2026-09-23 12:30:24,GetHistory,OPTIDX_NIFTY_29SEP2026_CE_23350,NFO,1minute,181,2026-09-23 12:15:00,194.35,2495935,94380,985,
2026-09-23 12:30:51,GetExchangeSnapshot,NFO,NFO,1minute,2800,2026-09-23 12:15:00,2481,599351,2800,27218,
2026-09-23 12:31:14,GetExchangeSnapshot,NSE,NSE,1minute,1565,2026-09-23 12:16:00,2,294233,1565,22851,
2026-09-23 12:32:35,GetHistory,NIFTY 50,NSE_IDX,1minute,189,2026-09-23 12:17:00,23456.3,0,0,3304,
2026-09-23 12:32:35,GetHistory,RELIANCE,NSE,1minute,183,2026-09-23 12:17:00,1250.2,0,11817,533,
2026-09-23 12:32:36,GetHistory,FUTIDX_NIFTY_29SEP2026_XX_0,NFO,1minute,183,2026-09-23 12:17:00,23474.2,16169010,1300,982,
2026-09-23 12:32:37,GetHistory,OPTIDX_NIFTY_29SEP2026_CE_23350,NFO,1minute,183,2026-09-23 12:17:00,193.55,2497950,58240,982,
2026-09-23 12:33:05,GetExchangeSnapshot,NFO,NFO,1minute,2835,2026-09-23 12:17:00,2493,607298,2835,27244,
2026-09-23 12:33:16,GetHistory,FUTIDX_BANKNIFTY_29SEP2026_XX_0,NFO,15minute,65,2026-09-23 12:15:00,56691.2,1879530,3480,2469,
2026-09-23 12:33:17,GetHistory,FUTIDX_NIFTY_29SEP2026_XX_0,NFO,15minute,65,2026-09-23 12:15:00,23464.0,16123575,71435,1182,
2026-09-23 12:33:21,GetHistory,FUTSTK_RELIANCE_29SEP2026_XX_0,NFO,15minute,65,2026-09-23 12:15:00,1254.3,113170000,293500,3828,
2026-09-23 12:33:22,GetHistory,OPTIDX_BANKNIFTY_29SEP2026_CE_56200,NFO,15minute,65,2026-09-23 12:15:00,627.0,135570,16050,1035,
2026-09-23 12:33:23,GetHistory,OPTIDX_BANKNIFTY_29SEP2026_PE_56200,NFO,15minute,65,2026-09-23 12:15:00,148.7,313710,27570,1127,
2026-09-23 12:33:26,GetHistory,OPTIDX_NIFTY_29SEP2026_CE_23350,NFO,15minute,65,2026-09-23 12:15:00,186.75,2495935,1061905,3204,
2026-09-23 12:33:27,GetHistory,OPTIDX_NIFTY_29SEP2026_PE_23350,NFO,15minute,65,2026-09-23 12:15:00,70.05,8051030,2020590,1413,
2026-09-23 12:33:30,GetHistory,HDFCBANK,NSE,15minute,67,2026-09-23 12:15:00,741.35,0,842869,2378,
2026-09-23 12:33:33,GetHistory,RELIANCE,NSE,15minute,67,2026-09-23 12:15:00,1251.2,0,362816,2731,
2026-09-23 12:33:36,GetHistory,NIFTY 50,NSE_IDX,15minute,111,2026-09-23 12:15:00,23449.25,0,0,3313,
2026-09-23 12:33:40,GetHistory,NIFTY BANK,NSE_IDX,15minute,111,2026-09-23 12:15:00,56567.8,0,0,4218,
2026-09-23 12:34:35,GetHistory,NIFTY 50,NSE_IDX,1minute,191,2026-09-23 12:19:00,23462.75,0,0,1489,
2026-09-23 12:34:35,GetHistory,RELIANCE,NSE,1minute,185,2026-09-23 12:19:00,1250.4,0,9888,585,
2026-09-23 12:34:36,GetHistory,FUTIDX_NIFTY_29SEP2026_XX_0,NFO,1minute,185,2026-09-23 12:19:00,23480.0,16150290,4550,871,
2026-09-23 12:34:37,GetHistory,OPTIDX_NIFTY_29SEP2026_CE_23350,NFO,1minute,185,2026-09-23 12:19:00,198.0,2502175,93015,1094,
2026-09-23 12:35:04,GetExchangeSnapshot,NFO,NFO,1minute,2837,2026-09-23 12:19:00,2502,607564,2837,26846,
2026-09-23 12:35:27,GetExchangeSnapshot,NSE,NSE,1minute,1544,2026-09-23 12:20:00,1,290406,1544,22959,
2026-09-23 12:36:38,GetHistory,NIFTY 50,NSE_IDX,1minute,193,2026-09-23 12:21:00,23460.2,0,0,2592,
2026-09-23 12:36:39,GetHistory,RELIANCE,NSE,1minute,187,2026-09-23 12:21:00,1250.7,0,18106,580,
2026-09-23 12:36:40,GetHistory,FUTIDX_NIFTY_29SEP2026_XX_0,NFO,1minute,187,2026-09-23 12:21:00,23476.9,16140735,7085,982,
2026-09-23 12:36:43,GetHistory,OPTIDX_NIFTY_29SEP2026_CE_23350,NFO,1minute,187,2026-09-23 12:21:00,193.9,2501720,46995,3055,
2026-09-23 12:37:11,GetExchangeSnapshot,NFO,NFO,1minute,2853,2026-09-23 12:22:00,2508,611062,2853,28234,
2026-09-23 12:38:23,GetHistory,FUTIDX_BANKNIFTY_29SEP2026_XX_0,NFO,15minute,65,2026-09-23 12:15:00,56691.2,1879530,3480,3418,
2026-09-23 12:38:25,GetHistory,FUTIDX_NIFTY_29SEP2026_XX_0,NFO,15minute,65,2026-09-23 12:15:00,23464.0,16123575,71435,1642,
2026-09-23 12:38:28,GetHistory,FUTSTK_RELIANCE_29SEP2026_XX_0,NFO,15minute,65,2026-09-23 12:15:00,1254.3,113170000,293500,3313,
2026-09-23 12:38:30,GetHistory,OPTIDX_BANKNIFTY_29SEP2026_CE_56200,NFO,15minute,65,2026-09-23 12:15:00,627.0,135570,16050,1224,
2026-09-23 12:38:31,GetHistory,OPTIDX_BANKNIFTY_29SEP2026_PE_56200,NFO,15minute,65,2026-09-23 12:15:00,148.7,313710,27570,1288,
2026-09-23 12:38:35,GetHistory,OPTIDX_NIFTY_29SEP2026_CE_23350,NFO,15minute,65,2026-09-23 12:15:00,186.75,2495935,1061905,3670,
2026-09-23 12:38:36,GetHistory,OPTIDX_NIFTY_29SEP2026_PE_23350,NFO,15minute,65,2026-09-23 12:15:00,70.05,8051030,2020590,1484,
2026-09-23 12:38:41,GetHistory,HDFCBANK,NSE,15minute,67,2026-09-23 12:15:00,741.35,0,842869,5395,
2026-09-23 12:38:44,GetHistory,RELIANCE,NSE,15minute,67,2026-09-23 12:15:00,1251.2,0,362816,2446,
2026-09-23 12:38:48,GetHistory,NIFTY 50,NSE_IDX,15minute,111,2026-09-23 12:15:00,23449.25,0,0,3946,
2026-09-23 12:38:53,GetHistory,NIFTY BANK,NSE_IDX,15minute,111,2026-09-23 12:15:00,56567.8,0,0,5498,
2026-09-23 12:39:03,GetHistory,NIFTY 50,NSE_IDX,1minute,196,2026-09-23 12:24:00,23453.75,0,0,1099,
2026-09-23 12:39:04,GetHistory,RELIANCE,NSE,1minute,190,2026-09-23 12:24:00,1250.1,0,77330,992,
2026-09-23 12:39:05,GetHistory,FUTIDX_NIFTY_29SEP2026_XX_0,NFO,1minute,190,2026-09-23 12:24:00,23469.0,16127150,6435,981,
2026-09-23 12:39:07,GetHistory,OPTIDX_NIFTY_29SEP2026_CE_23350,NFO,1minute,190,2026-09-23 12:24:00,190.55,2488200,96395,1940,
2026-09-23 12:39:35,GetExchangeSnapshot,NFO,NFO,1minute,3030,2026-09-23 12:24:00,2662,649391,3030,27171,
2026-09-23 12:39:58,GetExchangeSnapshot,NSE,NSE,1minute,1561,2026-09-23 12:24:00,2,293695,1561,23264,
2026-09-23 12:41:10,GetHistory,NIFTY 50,NSE_IDX,1minute,198,2026-09-23 12:26:00,23448.6,0,0,2373,
2026-09-23 12:41:10,GetHistory,RELIANCE,NSE,1minute,192,2026-09-23 12:26:00,1250.2,0,30689,532,
2026-09-23 12:41:11,GetHistory,FUTIDX_NIFTY_29SEP2026_XX_0,NFO,1minute,192,2026-09-23 12:26:00,23463.5,16127215,2730,866,
2026-09-23 12:41:12,GetHistory,OPTIDX_NIFTY_29SEP2026_CE_23350,NFO,1minute,192,2026-09-23 12:26:00,186.75,2485145,66495,984,
2026-09-23 12:41:40,GetExchangeSnapshot,NFO,NFO,1minute,2832,2026-09-23 12:26:00,2507,606499,2832,27694,
2026-09-23 12:43:28,GetHistory,NIFTY 50,NSE_IDX,1minute,200,2026-09-23 12:28:00,23453.0,0,0,931,
2026-09-23 12:43:29,GetHistory,RELIANCE,NSE,1minute,194,2026-09-23 12:28:00,1251.5,0,9027,1087,
2026-09-23 12:43:34,GetHistory,FUTIDX_NIFTY_29SEP2026_XX_0,NFO,1minute,194,2026-09-23 12:28:00,23468.0,16124420,1235,4332,
2026-09-23 12:43:34,GetHistory,OPTIDX_NIFTY_29SEP2026_CE_23350,NFO,1minute,194,2026-09-23 12:28:00,188.15,2488785,40820,587,
2026-09-23 12:44:01,GetExchangeSnapshot,NFO,NFO,1minute,2731,2026-09-23 12:28:00,2405,584947,2731,26798,
2026-09-23 12:44:24,GetExchangeSnapshot,NSE,NSE,1minute,1561,2026-09-23 12:29:00,2,293564,1561,23366,
2026-09-23 12:44:35,GetHistory,FUTIDX_BANKNIFTY_29SEP2026_XX_0,NFO,15minute,65,2026-09-23 12:15:00,56691.2,1879530,3480,1789,
2026-09-23 12:44:37,GetHistory,FUTIDX_NIFTY_29SEP2026_XX_0,NFO,15minute,65,2026-09-23 12:15:00,23464.0,16123575,71435,1629,
2026-09-23 12:44:41,GetHistory,FUTSTK_RELIANCE_29SEP2026_XX_0,NFO,15minute,65,2026-09-23 12:15:00,1254.3,113170000,293500,4540,
2026-09-23 12:44:43,GetHistory,OPTIDX_BANKNIFTY_29SEP2026_CE_56200,NFO,15minute,65,2026-09-23 12:15:00,627.0,135570,16050,1591,
2026-09-23 12:44:45,GetHistory,OPTIDX_BANKNIFTY_29SEP2026_PE_56200,NFO,15minute,65,2026-09-23 12:15:00,148.7,313710,27570,1782,
2026-09-23 12:44:47,GetHistory,OPTIDX_NIFTY_29SEP2026_CE_23350,NFO,15minute,65,2026-09-23 12:15:00,186.75,2495935,1061905,1936,
2026-09-23 12:44:48,GetHistory,OPTIDX_NIFTY_29SEP2026_PE_23350,NFO,15minute,65,2026-09-23 12:15:00,70.05,8051030,2020590,1571,
2026-09-23 12:44:52,GetHistory,HDFCBANK,NSE,15minute,67,2026-09-23 12:15:00,741.35,0,842869,3642,
2026-09-23 12:44:54,GetHistory,RELIANCE,NSE,15minute,67,2026-09-23 12:15:00,1251.2,0,362816,2458,
2026-09-23 12:44:58,GetHistory,NIFTY 50,NSE_IDX,15minute,111,2026-09-23 12:15:00,23449.25,0,0,3998,
2026-09-23 12:45:05,GetHistory,NIFTY BANK,NSE_IDX,15minute,112,2026-09-23 12:30:00,56577.35,0,0,6362,
2026-09-23 12:45:53,GetHistory,NIFTY 50,NSE_IDX,1minute,202,2026-09-23 12:30:00,23449.4,0,0,884,
2026-09-23 12:45:54,GetHistory,RELIANCE,NSE,1minute,196,2026-09-23 12:30:00,1251.4,0,72776,1096,
2026-09-23 12:45:57,GetHistory,FUTIDX_NIFTY_29SEP2026_XX_0,NFO,1minute,196,2026-09-23 12:30:00,23460.0,16123835,4485,2752,
2026-09-23 12:45:58,GetHistory,OPTIDX_NIFTY_29SEP2026_CE_23350,NFO,1minute,196,2026-09-23 12:30:00,184.0,2495610,67080,628,
2026-09-23 12:46:25,GetExchangeSnapshot,NFO,NFO,1minute,2807,2026-09-23 12:31:00,2473,601357,2807,27484,
2026-09-23 12:48:17,GetHistory,NIFTY 50,NSE_IDX,1minute,205,2026-09-23 12:33:00,23449.7,0,0,3540,
2026-09-23 12:48:18,GetHistory,RELIANCE,NSE,1minute,199,2026-09-23 12:33:00,1250.7,0,7469,621,
2026-09-23 12:48:19,GetHistory,FUTIDX_NIFTY_29SEP2026_XX_0,NFO,1minute,199,2026-09-23 12:33:00,23468.2,16123055,8450,987,
2026-09-23 12:48:20,GetHistory,OPTIDX_NIFTY_29SEP2026_CE_23350,NFO,1minute,199,2026-09-23 12:33:00,187.75,2516800,87750,979,
2026-09-23 12:48:48,GetExchangeSnapshot,NFO,NFO,1minute,2858,2026-09-23 12:33:00,2508,611823,2858,28703,
2026-09-23 12:49:12,GetExchangeSnapshot,NSE,NSE,1minute,1539,2026-09-23 12:34:00,2,289304,1539,23502,
2026-09-23 12:49:54,GetHistory,FUTIDX_BANKNIFTY_29SEP2026_XX_0,NFO,15minute,66,2026-09-23 12:30:00,56696.6,1878060,3420,1963,
2026-09-23 12:49:55,GetHistory,FUTIDX_NIFTY_29SEP2026_XX_0,NFO,15minute,66,2026-09-23 12:30:00,23463.8,16120065,40690,1643,
2026-09-23 12:49:57,GetHistory,FUTSTK_RELIANCE_29SEP2026_XX_0,NFO,15minute,66,2026-09-23 12:30:00,1253.6,113308000,344000,1990,
2026-09-23 12:49:59,GetHistory,OPTIDX_BANKNIFTY_29SEP2026_CE_56200,NFO,15minute,66,2026-09-23 12:30:00,623.85,138900,14820,1177,
2026-09-23 12:50:02,GetHistory,OPTIDX_BANKNIFTY_29SEP2026_PE_56200,NFO,15minute,66,2026-09-23 12:30:00,145.9,311520,16710,3853,
2026-09-23 12:50:03,GetHistory,OPTIDX_NIFTY_29SEP2026_CE_23350,NFO,15minute,66,2026-09-23 12:30:00,185.4,2580045,850980,955,
2026-09-23 12:50:05,GetHistory,OPTIDX_NIFTY_29SEP2026_PE_23350,NFO,15minute,66,2026-09-23 12:30:00,69.85,8104460,1750060,1653,
2026-09-23 12:50:08,GetHistory,HDFCBANK,NSE,15minute,68,2026-09-23 12:30:00,741.15,0,483195,2599,
2026-09-23 12:50:10,GetHistory,RELIANCE,NSE,15minute,68,2026-09-23 12:30:00,1251.5,0,427126,2154,
2026-09-23 12:50:15,GetHistory,NIFTY 50,NSE_IDX,15minute,112,2026-09-23 12:30:00,23448.95,0,0,5475,
2026-09-23 12:50:19,GetHistory,NIFTY BANK,NSE_IDX,15minute,112,2026-09-23 12:30:00,56575.85,0,0,3917,
2026-09-23 12:50:29,GetHistory,NIFTY 50,NSE_IDX,1minute,207,2026-09-23 12:35:00,23452.65,0,0,994,
2026-09-23 12:50:32,GetHistory,RELIANCE,NSE,1minute,201,2026-09-23 12:35:00,1250.8,0,54852,2774,
2026-09-23 12:50:33,GetHistory,FUTIDX_NIFTY_29SEP2026_XX_0,NFO,1minute,201,2026-09-23 12:35:00,23470.0,16121755,2275,600,
2026-09-23 12:50:34,GetHistory,OPTIDX_NIFTY_29SEP2026_CE_23350,NFO,1minute,201,2026-09-23 12:35:00,186.4,2540395,95420,1201,
2026-09-23 12:51:03,GetExchangeSnapshot,NFO,NFO,1minute,2948,2026-09-23 12:35:00,2567,631258,2948,28625,
2026-09-23 12:51:26,GetExchangeSnapshot,NSE,NSE,1minute,1549,2026-09-23 12:36:00,2,291413,1549,23390,
2026-09-23 12:52:36,GetHistory,NIFTY 50,NSE_IDX,1minute,209,2026-09-23 12:37:00,23449.35,0,0,989,
2026-09-23 12:52:37,GetHistory,RELIANCE,NSE,1minute,203,2026-09-23 12:37:00,1251.2,0,12476,979,
2026-09-23 12:52:38,GetHistory,FUTIDX_NIFTY_29SEP2026_XX_0,NFO,1minute,203,2026-09-23 12:37:00,23468.0,16121950,520,979,
2026-09-23 12:52:39,GetHistory,OPTIDX_NIFTY_29SEP2026_CE_23350,NFO,1minute,203,2026-09-23 12:37:00,184.7,2574975,32500,1095,
2026-09-23 12:53:06,GetExchangeSnapshot,NFO,NFO,1minute,2643,2026-09-23 12:38:00,2300,565886,2643,26574,
2026-09-23 12:54:46,GetHistory,NIFTY 50,NSE_IDX,1minute,211,2026-09-23 12:39:00,23450.4,0,0,992,
2026-09-23 12:54:47,GetHistory,RELIANCE,NSE,1minute,205,2026-09-23 12:39:00,1250.8,0,132040,978,
2026-09-23 12:54:49,GetHistory,FUTIDX_NIFTY_29SEP2026_XX_0,NFO,1minute,205,2026-09-23 12:39:00,23468.0,16120390,1625,2670,
2026-09-23 12:54:50,GetHistory,OPTIDX_NIFTY_29SEP2026_CE_23350,NFO,1minute,205,2026-09-23 12:39:00,186.0,2577575,17940,605,
2026-09-23 12:55:17,GetExchangeSnapshot,NFO,NFO,1minute,2673,2026-09-23 12:40:00,2342,572250,2673,27003,
2026-09-23 12:55:40,GetExchangeSnapshot,NSE,NSE,1minute,1568,2026-09-23 12:40:00,1,294830,1568,23327,
2026-09-23 12:55:53,GetHistory,FUTIDX_BANKNIFTY_29SEP2026_XX_0,NFO,15minute,66,2026-09-23 12:30:00,56696.6,1878060,3420,3709,
2026-09-23 12:55:55,GetHistory,FUTIDX_NIFTY_29SEP2026_XX_0,NFO,15minute,66,2026-09-23 12:30:00,23463.8,16120065,40690,2126,
2026-09-23 12:55:59,GetHistory,FUTSTK_RELIANCE_29SEP2026_XX_0,NFO,15minute,66,2026-09-23 12:30:00,1253.6,113308000,344000,4596,
2026-09-23 12:56:01,GetHistory,OPTIDX_BANKNIFTY_29SEP2026_CE_56200,NFO,15minute,66,2026-09-23 12:30:00,623.85,138900,14820,1203,
2026-09-23 12:56:04,GetHistory,OPTIDX_BANKNIFTY_29SEP2026_PE_56200,NFO,15minute,66,2026-09-23 12:30:00,145.9,311520,16710,3380,
2026-09-23 12:56:05,GetHistory,OPTIDX_NIFTY_29SEP2026_CE_23350,NFO,15minute,66,2026-09-23 12:30:00,185.4,2580045,850980,1128,
2026-09-23 12:56:07,GetHistory,OPTIDX_NIFTY_29SEP2026_PE_23350,NFO,15minute,66,2026-09-23 12:30:00,69.85,8104460,1750060,1445,
2026-09-23 12:56:12,GetHistory,HDFCBANK,NSE,15minute,68,2026-09-23 12:30:00,741.15,0,483195,5283,
2026-09-23 12:56:15,GetHistory,RELIANCE,NSE,15minute,68,2026-09-23 12:30:00,1251.5,0,427126,3015,
2026-09-23 12:56:18,GetHistory,NIFTY 50,NSE_IDX,15minute,112,2026-09-23 12:30:00,23448.95,0,0,3434,
2026-09-23 12:56:25,GetHistory,NIFTY BANK,NSE_IDX,15minute,112,2026-09-23 12:30:00,56575.85,0,0,6941,
2026-09-23 12:57:05,GetHistory,NIFTY 50,NSE_IDX,1minute,214,2026-09-23 12:42:00,23452.5,0,0,615,
2026-09-23 12:57:06,GetHistory,RELIANCE,NSE,1minute,208,2026-09-23 12:42:00,1251.4,0,8665,977,
2026-09-23 12:57:07,GetHistory,FUTIDX_NIFTY_29SEP2026_XX_0,NFO,1minute,208,2026-09-23 12:42:00,23468.9,16120975,1235,979,
2026-09-23 12:57:08,GetHistory,OPTIDX_NIFTY_29SEP2026_CE_23350,NFO,1minute,208,2026-09-23 12:42:00,188.35,2580890,24440,985,
2026-09-23 12:57:36,GetExchangeSnapshot,NFO,NFO,1minute,2479,2026-09-23 12:42:00,2145,530896,2479,28349,
2026-09-23 12:59:17,GetHistory,NIFTY 50,NSE_IDX,1minute,216,2026-09-23 12:44:00,23448.95,0,0,1237,
2026-09-23 12:59:18,GetHistory,RELIANCE,NSE,1minute,210,2026-09-23 12:44:00,1251.5,0,9062,728,
2026-09-23 12:59:19,GetHistory,FUTIDX_NIFTY_29SEP2026_XX_0,NFO,1minute,210,2026-09-23 12:44:00,23463.8,16120065,1300,972,
2026-09-23 12:59:20,GetHistory,OPTIDX_NIFTY_29SEP2026_CE_23350,NFO,1minute,210,2026-09-23 12:44:00,185.4,2580045,33150,1092,
2026-09-23 12:59:47,GetExchangeSnapshot,NFO,NFO,1minute,2697,2026-09-23 12:44:00,2344,577043,2697,27224,
2026-09-23 13:00:11,GetExchangeSnapshot,NSE,NSE,1minute,1593,2026-09-23 12:45:00,1,299672,1593,23711,
2026-09-23 13:01:00,GetHistory,FUTIDX_BANKNIFTY_29SEP2026_XX_0,NFO,15minute,67,2026-09-23 12:45:00,56650.2,1875690,7770,1831,
2026-09-23 13:01:02,GetHistory,FUTIDX_NIFTY_29SEP2026_XX_0,NFO,15minute,67,2026-09-23 12:45:00,23466.6,16110900,29380,2081,
2026-09-23 13:01:04,GetHistory,FUTSTK_RELIANCE_29SEP2026_XX_0,NFO,15minute,67,2026-09-23 12:45:00,1254.4,113424500,519500,1931,
2026-09-23 13:01:05,GetHistory,OPTIDX_BANKNIFTY_29SEP2026_CE_56200,NFO,15minute,67,2026-09-23 12:45:00,605.0,140250,16800,1107,
2026-09-23 13:01:09,GetHistory,OPTIDX_BANKNIFTY_29SEP2026_PE_56200,NFO,15minute,67,2026-09-23 12:45:00,147.85,305490,37440,3659,
2026-09-23 13:01:10,GetHistory,OPTIDX_NIFTY_29SEP2026_CE_23350,NFO,15minute,67,2026-09-23 12:45:00,187.0,2632695,1011465,1491,
2026-09-23 13:01:12,GetHistory,OPTIDX_NIFTY_29SEP2026_PE_23350,NFO,15minute,67,2026-09-23 12:45:00,68.7,7904130,2560805,1568,
2026-09-23 13:01:14,GetHistory,HDFCBANK,NSE,15minute,69,2026-09-23 12:45:00,740.65,0,561535,2160,
2026-09-23 13:01:19,GetHistory,RELIANCE,NSE,15minute,69,2026-09-23 12:45:00,1252.2,0,380717,4560,
2026-09-23 13:01:22,GetHistory,NIFTY 50,NSE_IDX,15minute,113,2026-09-23 12:45:00,23453.15,0,0,3378,
2026-09-23 13:01:26,GetHistory,NIFTY BANK,NSE_IDX,15minute,113,2026-09-23 12:45:00,56559.3,0,0,3907,
2026-09-23 13:01:47,GetHistory,NIFTY 50,NSE_IDX,1minute,218,2026-09-23 12:46:00,23445.15,0,0,2308,
2026-09-23 13:01:47,GetHistory,RELIANCE,NSE,1minute,212,2026-09-23 12:46:00,1251.1,0,40400,480,
2026-09-23 13:01:48,GetHistory,FUTIDX_NIFTY_29SEP2026_XX_0,NFO,1minute,212,2026-09-23 12:46:00,23460.1,16118960,1625,981,
2026-09-23 13:01:49,GetHistory,OPTIDX_NIFTY_29SEP2026_CE_23350,NFO,1minute,212,2026-09-23 12:46:00,181.05,2589795,65585,982,
2026-09-23 13:02:17,GetExchangeSnapshot,NFO,NFO,1minute,2845,2026-09-23 12:47:00,2518,608790,2845,28334,
2026-09-23 13:03:58,GetHistory,NIFTY 50,NSE_IDX,1minute,220,2026-09-23 12:48:00,23443.75,0,0,1015,
2026-09-23 13:03:58,GetHistory,RELIANCE,NSE,1minute,214,2026-09-23 12:48:00,1250.9,0,18616,519,
2026-09-23 13:03:59,GetHistory,FUTIDX_NIFTY_29SEP2026_XX_0,NFO,1minute,214,2026-09-23 12:48:00,23456.5,16117790,2925,1091,
2026-09-23 13:04:00,GetHistory,OPTIDX_NIFTY_29SEP2026_CE_23350,NFO,1minute,215,2026-09-23 12:49:00,182.7,2594540,52520,874,
2026-09-23 13:04:27,GetExchangeSnapshot,NFO,NFO,1minute,2691,2026-09-23 12:49:00,2371,576350,2691,26992,
2026-09-23 13:04:51,GetExchangeSnapshot,NSE,NSE,1minute,1571,2026-09-23 12:49:00,1,295527,1571,23756,
2026-09-23 13:06:02,GetHistory,FUTIDX_BANKNIFTY_29SEP2026_XX_0,NFO,15minute,67,2026-09-23 12:45:00,56650.2,1875690,7770,2988,
2026-09-23 13:06:04,GetHistory,FUTIDX_NIFTY_29SEP2026_XX_0,NFO,15minute,67,2026-09-23 12:45:00,23466.6,16110900,29380,1670,
2026-09-23 13:06:06,GetHistory,FUTSTK_RELIANCE_29SEP2026_XX_0,NFO,15minute,67,2026-09-23 12:45:00,1254.4,113424500,519500,1541,
2026-09-23 13:06:07,GetHistory,OPTIDX_BANKNIFTY_29SEP2026_CE_56200,NFO,15minute,67,2026-09-23 12:45:00,605.0,140250,16800,1180,
2026-09-23 13:06:11,GetHistory,OPTIDX_BANKNIFTY_29SEP2026_PE_56200,NFO,15minute,67,2026-09-23 12:45:00,147.85,305490,37440,4016,
2026-09-23 13:06:12,GetHistory,OPTIDX_NIFTY_29SEP2026_CE_23350,NFO,15minute,67,2026-09-23 12:45:00,187.0,2632695,1011465,1551,
2026-09-23 13:06:14,GetHistory,OPTIDX_NIFTY_29SEP2026_PE_23350,NFO,15minute,67,2026-09-23 12:45:00,68.7,7904130,2560805,1581,
2026-09-23 13:06:18,GetHistory,HDFCBANK,NSE,15minute,69,2026-09-23 12:45:00,740.65,0,561535,4124,
2026-09-23 13:06:23,GetHistory,RELIANCE,NSE,15minute,69,2026-09-23 12:45:00,1252.2,0,380717,4915,
2026-09-23 13:06:30,GetHistory,NIFTY 50,NSE_IDX,15minute,113,2026-09-23 12:45:00,23453.15,0,0,7381,
2026-09-23 13:06:35,GetHistory,NIFTY BANK,NSE_IDX,15minute,113,2026-09-23 12:45:00,56559.3,0,0,4843,
2026-09-23 13:06:39,GetHistory,NIFTY 50,NSE_IDX,1minute,223,2026-09-23 12:51:00,23448.75,0,0,3579,
2026-09-23 13:06:39,GetHistory,RELIANCE,NSE,1minute,217,2026-09-23 12:51:00,1251.1,0,11019,543,
2026-09-23 13:06:40,GetHistory,FUTIDX_NIFTY_29SEP2026_XX_0,NFO,1minute,217,2026-09-23 12:51:00,23465.8,16115190,3705,986,
2026-09-23 13:06:44,GetHistory,OPTIDX_NIFTY_29SEP2026_CE_23350,NFO,1minute,217,2026-09-23 12:51:00,183.55,2607800,78000,3418,
2026-09-23 13:07:11,GetExchangeSnapshot,NFO,NFO,1minute,2647,2026-09-23 12:52:00,2320,566816,2647,26969,
2026-09-23 13:07:34,GetExchangeSnapshot,NSE,NSE,1minute,1531,2026-09-23 12:52:00,2,288118,1531,23457,
2026-09-23 13:08:24,GetHistory,NIFTY 50,NSE_IDX,1minute,225,2026-09-23 12:53:00,23445.95,0,0,992,
2026-09-23 13:08:25,GetHistory,RELIANCE,NSE,1minute,219,2026-09-23 12:53:00,1251.2,0,10401,975,
2026-09-23 13:08:28,GetHistory,FUTIDX_NIFTY_29SEP2026_XX_0,NFO,1minute,219,2026-09-23 12:53:00,23464.7,16115320,1235,3032,
2026-09-23 13:08:28,GetHistory,OPTIDX_NIFTY_29SEP2026_CE_23350,NFO,1minute,219,2026-09-23 12:53:00,180.9,2623530,49985,574,
2026-09-23 13:08:55,GetExchangeSnapshot,NFO,NFO,1minute,2685,2026-09-23 12:53:00,2343,575123,2685,27085,
2026-09-23 13:10:36,GetHistory,NIFTY 50,NSE_IDX,1minute,227,2026-09-23 12:55:00,23444.45,0,0,527,
2026-09-23 13:10:37,GetHistory,RELIANCE,NSE,1minute,221,2026-09-23 12:55:00,1251.5,0,29542,1515,
2026-09-23 13:10:39,GetHistory,FUTIDX_NIFTY_29SEP2026_XX_0,NFO,1minute,221,2026-09-23 12:55:00,23452.0,16115320,1755,1665,
2026-09-23 13:10:43,GetHistory,OPTIDX_NIFTY_29SEP2026_CE_23350,NFO,1minute,221,2026-09-23 12:55:00,177.7,2628860,60775,3962,
2026-09-23 13:11:14,GetExchangeSnapshot,NFO,NFO,1minute,2781,2026-09-23 12:56:00,2426,595762,2781,30938,
2026-09-23 13:11:38,GetExchangeSnapshot,NSE,NSE,1minute,1546,2026-09-23 12:56:00,1,290816,1546,24410,
2026-09-23 13:11:50,GetHistory,FUTIDX_BANKNIFTY_29SEP2026_XX_0,NFO,15minute,67,2026-09-23 12:45:00,56650.2,1875690,7770,2217,
2026-09-23 13:11:52,GetHistory,FUTIDX_NIFTY_29SEP2026_XX_0,NFO,15minute,67,2026-09-23 12:45:00,23466.6,16110900,29380,1671,
2026-09-23 13:11:53,GetHistory,FUTSTK_RELIANCE_29SEP2026_XX_0,NFO,15minute,67,2026-09-23 12:45:00,1254.4,113424500,519500,1560,
2026-09-23 13:11:54,GetHistory,OPTIDX_BANKNIFTY_29SEP2026_CE_56200,NFO,15minute,67,2026-09-23 12:45:00,605.0,140250,16800,1180,
2026-09-23 13:11:56,GetHistory,OPTIDX_BANKNIFTY_29SEP2026_PE_56200,NFO,15minute,67,2026-09-23 12:45:00,147.85,305490,37440,1351,
2026-09-23 13:11:59,GetHistory,OPTIDX_NIFTY_29SEP2026_CE_23350,NFO,15minute,67,2026-09-23 12:45:00,187.0,2632695,1011465,3453,
2026-09-23 13:12:01,GetHistory,OPTIDX_NIFTY_29SEP2026_PE_23350,NFO,15minute,67,2026-09-23 12:45:00,68.7,7904130,2560805,1610,
2026-09-23 13:12:04,GetHistory,HDFCBANK,NSE,15minute,69,2026-09-23 12:45:00,740.65,0,561535,3134,
2026-09-23 13:12:07,GetHistory,RELIANCE,NSE,15minute,69,2026-09-23 12:45:00,1252.2,0,380717,2515,
2026-09-23 13:12:13,GetHistory,NIFTY 50,NSE_IDX,15minute,113,2026-09-23 12:45:00,23453.15,0,0,6858,
2026-09-23 13:12:17,GetHistory,NIFTY BANK,NSE_IDX,15minute,113,2026-09-23 12:45:00,56559.3,0,0,3452,
2026-09-23 13:17:09,GetHistory,NIFTY 50,NSE_IDX,1minute,234,2026-09-23 13:02:00,23455.8,0,0,2273,
2026-09-23 13:17:09,GetHistory,RELIANCE,NSE,1minute,228,2026-09-23 13:02:00,1251.8,0,9418,474,
2026-09-23 13:17:10,GetHistory,FUTIDX_NIFTY_29SEP2026_XX_0,NFO,1minute,228,2026-09-23 13:02:00,23472.0,16110575,3705,1484,
2026-09-23 13:17:22,GetHistory,OPTIDX_NIFTY_29SEP2026_CE_23350,NFO,1minute,228,2026-09-23 13:02:00,188.7,2651805,57070,11350,
2026-09-23 13:17:49,GetExchangeSnapshot,NFO,NFO,1minute,2787,2026-09-23 13:02:00,2451,597055,2787,27018,
2026-09-23 13:18:11,GetHistory,FUTIDX_BANKNIFTY_29SEP2026_XX_0,NFO,15minute,68,2026-09-23 13:00:00,56685.8,1875060,6360,3450,
2026-09-23 13:18:12,GetHistory,FUTIDX_NIFTY_29SEP2026_XX_0,NFO,15minute,68,2026-09-23 13:00:00,23459.9,16108430,36985,1538,
2026-09-23 13:18:15,GetHistory,FUTSTK_RELIANCE_29SEP2026_XX_0,NFO,15minute,68,2026-09-23 13:00:00,1253.4,113393000,251000,2995,
2026-09-23 13:18:17,GetHistory,OPTIDX_BANKNIFTY_29SEP2026_CE_56200,NFO,15minute,68,2026-09-23 13:00:00,615.55,137700,24150,1300,
2026-09-23 13:18:18,GetHistory,OPTIDX_BANKNIFTY_29SEP2026_PE_56200,NFO,15minute,68,2026-09-23 13:00:00,144.0,305130,51120,1362,
2026-09-23 13:18:21,GetHistory,OPTIDX_NIFTY_29SEP2026_CE_23350,NFO,15minute,68,2026-09-23 13:00:00,184.25,2595645,1075425,3326,
2026-09-23 13:18:23,GetHistory,OPTIDX_NIFTY_29SEP2026_PE_23350,NFO,15minute,68,2026-09-23 13:00:00,69.7,8013655,2538770,1659,
2026-09-23 13:18:28,GetHistory,HDFCBANK,NSE,15minute,70,2026-09-23 13:00:00,741.05,0,966044,4794,
2026-09-23 13:18:31,GetHistory,RELIANCE,NSE,15minute,70,2026-09-23 13:00:00,1251.4,0,255904,2998,
2026-09-23 13:18:35,GetHistory,NIFTY 50,NSE_IDX,15minute,114,2026-09-23 13:00:00,23446.3,0,0,4379,
2026-09-23 13:18:39,GetHistory,NIFTY BANK,NSE_IDX,15minute,114,2026-09-23 13:00:00,56572.0,0,0,3947,
2026-09-23 13:18:45,GetHistory,NIFTY 50,NSE_IDX,1minute,235,2026-09-23 13:03:00,23457.25,0,0,5971,
2026-09-23 13:18:46,GetHistory,RELIANCE,NSE,1minute,229,2026-09-23 13:03:00,1252.2,0,23212,594,
2026-09-23 13:18:47,GetHistory,FUTIDX_NIFTY_29SEP2026_XX_0,NFO,1minute,229,2026-09-23 13:03:00,23475.0,16111420,4030,1211,
2026-09-23 13:18:48,GetHistory,OPTIDX_NIFTY_29SEP2026_CE_23350,NFO,1minute,229,2026-09-23 13:03:00,190.15,2653495,135070,1115,
2026-09-23 13:19:16,GetExchangeSnapshot,NFO,NFO,1minute,2703,2026-09-23 13:04:00,2352,578777,2703,27735,
2026-09-23 13:19:39,GetExchangeSnapshot,NSE,NSE,1minute,1524,2026-09-23 13:04:00,1,286638,1524,23666,
2026-09-23 13:20:21,GetHistory,NIFTY 50,NSE_IDX,1minute,237,2026-09-23 13:05:00,23451.15,0,0,900,
2026-09-23 13:20:25,GetHistory,RELIANCE,NSE,1minute,231,2026-09-23 13:05:00,1251.8,0,23792,4902,
2026-09-23 13:20:27,GetHistory,FUTIDX_NIFTY_29SEP2026_XX_0,NFO,1minute,231,2026-09-23 13:05:00,23465.0,16109275,1430,1473,
2026-09-23 13:20:28,GetHistory,OPTIDX_NIFTY_29SEP2026_CE_23350,NFO,1minute,231,2026-09-23 13:05:00,184.9,2646800,79885,1269,
2026-09-23 13:20:55,GetExchangeSnapshot,NFO,NFO,1minute,2599,2026-09-23 13:05:00,2265,556902,2599,26718,
2026-09-23 13:22:37,GetHistory,NIFTY 50,NSE_IDX,1minute,239,2026-09-23 13:07:00,23455.65,0,0,3374,
2026-09-23 13:22:38,GetHistory,RELIANCE,NSE,1minute,233,2026-09-23 13:07:00,1251.8,0,43070,473,
2026-09-23 13:22:39,GetHistory,FUTIDX_NIFTY_29SEP2026_XX_0,NFO,1minute,233,2026-09-23 13:07:00,23474.0,16109145,1885,1432,
2026-09-23 13:22:43,GetHistory,OPTIDX_NIFTY_29SEP2026_CE_23350,NFO,1minute,233,2026-09-23 13:07:00,190.35,2657070,106535,3573,
2026-09-23 13:23:09,GetExchangeSnapshot,NFO,NFO,1minute,2706,2026-09-23 13:08:00,2364,579402,2706,26635,
2026-09-23 13:23:33,GetExchangeSnapshot,NSE,NSE,1minute,1571,2026-09-23 13:08:00,1,295409,1571,23590,
2026-09-23 13:23:55,GetHistory,FUTIDX_BANKNIFTY_29SEP2026_XX_0,NFO,15minute,68,2026-09-23 13:00:00,56685.8,1875060,6360,4599,
2026-09-23 13:23:57,GetHistory,FUTIDX_NIFTY_29SEP2026_XX_0,NFO,15minute,68,2026-09-23 13:00:00,23459.9,16108430,36985,2091,
2026-09-23 13:24:02,GetHistory,FUTSTK_RELIANCE_29SEP2026_XX_0,NFO,15minute,68,2026-09-23 13:00:00,1253.4,113393000,251000,4754,
2026-09-23 13:24:03,GetHistory,OPTIDX_BANKNIFTY_29SEP2026_CE_56200,NFO,15minute,68,2026-09-23 13:00:00,615.55,137700,24150,1140,
2026-09-23 13:24:04,GetHistory,OPTIDX_BANKNIFTY_29SEP2026_PE_56200,NFO,15minute,68,2026-09-23 13:00:00,144.0,305130,51120,1243,
2026-09-23 13:24:09,GetHistory,OPTIDX_NIFTY_29SEP2026_CE_23350,NFO,15minute,68,2026-09-23 13:00:00,184.25,2595645,1075425,4674,
2026-09-23 13:24:11,GetHistory,OPTIDX_NIFTY_29SEP2026_PE_23350,NFO,15minute,68,2026-09-23 13:00:00,69.7,8013655,2538770,2032,
2026-09-23 13:24:14,GetHistory,HDFCBANK,NSE,15minute,70,2026-09-23 13:00:00,741.05,0,966044,2531,
2026-09-23 13:24:17,GetHistory,RELIANCE,NSE,15minute,70,2026-09-23 13:00:00,1251.4,0,255904,3933,
2026-09-23 13:24:21,GetHistory,NIFTY 50,NSE_IDX,15minute,114,2026-09-23 13:00:00,23446.3,0,0,3482,
2026-09-23 13:24:26,GetHistory,NIFTY BANK,NSE_IDX,15minute,114,2026-09-23 13:00:00,56572.0,0,0,5296,
2026-09-23 13:24:36,GetHistory,NIFTY 50,NSE_IDX,1minute,241,2026-09-23 13:09:00,23448.9,0,0,1258,
2026-09-23 13:24:40,GetHistory,RELIANCE,NSE,1minute,235,2026-09-23 13:09:00,1251.9,0,6205,3654,
2026-09-23 13:24:41,GetHistory,FUTIDX_NIFTY_29SEP2026_XX_0,NFO,1minute,235,2026-09-23 13:09:00,23463.5,16109990,3965,821,
2026-09-23 13:24:42,GetHistory,OPTIDX_NIFTY_29SEP2026_CE_23350,NFO,1minute,235,2026-09-23 13:09:00,185.45,2645695,49855,1077,
2026-09-23 13:25:09,GetExchangeSnapshot,NFO,NFO,1minute,2644,2026-09-23 13:10:00,2325,566332,2644,27385,
2026-09-23 13:26:51,GetHistory,NIFTY 50,NSE_IDX,1minute,243,2026-09-23 13:11:00,23444.05,0,0,2899,
2026-09-23 13:26:52,GetHistory,RELIANCE,NSE,1minute,237,2026-09-23 13:11:00,1251.4,0,10335,520,
2026-09-23 13:26:54,GetHistory,FUTIDX_NIFTY_29SEP2026_XX_0,NFO,1minute,237,2026-09-23 13:11:00,23457.7,16108820,3380,2198,
2026-09-23 13:26:59,GetHistory,OPTIDX_NIFTY_29SEP2026_CE_23350,NFO,1minute,237,2026-09-23 13:11:00,182.5,2637310,119275,5332,
2026-09-23 13:27:28,GetExchangeSnapshot,NFO,NFO,1minute,2859,2026-09-23 13:12:00,2495,612195,2859,28813,
2026-09-23 13:27:52,GetExchangeSnapshot,NSE,NSE,1minute,1508,2026-09-23 13:12:00,1,283688,1508,24452,
2026-09-23 13:29:16,GetHistory,FUTIDX_BANKNIFTY_29SEP2026_XX_0,NFO,15minute,68,2026-09-23 13:00:00,56685.8,1875060,6360,5274,
2026-09-23 13:29:17,GetHistory,FUTIDX_NIFTY_29SEP2026_XX_0,NFO,15minute,68,2026-09-23 13:00:00,23459.9,16108430,36985,1665,
2026-09-23 13:29:22,GetHistory,FUTSTK_RELIANCE_29SEP2026_XX_0,NFO,15minute,68,2026-09-23 13:00:00,1253.4,113393000,251000,4888,
2026-09-23 13:29:23,GetHistory,OPTIDX_BANKNIFTY_29SEP2026_CE_56200,NFO,15minute,68,2026-09-23 13:00:00,615.55,137700,24150,1148,
2026-09-23 13:29:26,GetHistory,OPTIDX_BANKNIFTY_29SEP2026_PE_56200,NFO,15minute,68,2026-09-23 13:00:00,144.0,305130,51120,2820,
2026-09-23 13:29:27,GetHistory,OPTIDX_NIFTY_29SEP2026_CE_23350,NFO,15minute,68,2026-09-23 13:00:00,184.25,2595645,1075425,1096,
2026-09-23 13:29:29,GetHistory,OPTIDX_NIFTY_29SEP2026_PE_23350,NFO,15minute,68,2026-09-23 13:00:00,69.7,8013655,2538770,1585,
2026-09-23 13:29:35,GetHistory,HDFCBANK,NSE,15minute,70,2026-09-23 13:00:00,741.05,0,966044,6184,
2026-09-23 13:29:38,GetHistory,RELIANCE,NSE,15minute,70,2026-09-23 13:00:00,1251.4,0,255904,2527,
2026-09-23 13:29:44,GetHistory,NIFTY 50,NSE_IDX,15minute,114,2026-09-23 13:00:00,23446.3,0,0,6051,
2026-09-23 13:29:52,GetHistory,NIFTY BANK,NSE_IDX,15minute,114,2026-09-23 13:00:00,56572.0,0,0,8293,
2026-09-23 13:29:56,GetHistory,NIFTY 50,NSE_IDX,1minute,246,2026-09-23 13:14:00,23446.3,0,0,4478,
2026-09-23 13:29:57,GetHistory,RELIANCE,NSE,1minute,240,2026-09-23 13:14:00,1251.4,0,15055,919,
2026-09-23 13:29:58,GetHistory,FUTIDX_NIFTY_29SEP2026_XX_0,NFO,1minute,240,2026-09-23 13:14:00,23459.9,16108430,975,989,
2026-09-23 13:29:59,GetHistory,OPTIDX_NIFTY_29SEP2026_CE_23350,NFO,1minute,240,2026-09-23 13:14:00,184.25,2595645,26650,715,
2026-09-23 13:30:36,GetExchangeSnapshot,NFO,NFO,1minute,2700,2026-09-23 13:15:00,2359,578276,2700,36508,
2026-09-23 13:31:25,GetHistory,NIFTY 50,NSE_IDX,1minute,248,2026-09-23 13:16:00,23449.35,0,0,1433,
2026-09-23 13:31:26,GetHistory,RELIANCE,NSE,1minute,242,2026-09-23 13:16:00,1251.0,0,39401,977,
2026-09-23 13:31:27,GetHistory,FUTIDX_NIFTY_29SEP2026_XX_0,NFO,1minute,242,2026-09-23 13:16:00,23464.5,16108820,1820,1396,
2026-09-23 13:31:32,GetHistory,OPTIDX_NIFTY_29SEP2026_CE_23350,NFO,1minute,242,2026-09-23 13:16:00,184.9,2588105,54340,4570,
2026-09-23 13:31:59,GetExchangeSnapshot,NFO,NFO,1minute,2602,2026-09-23 13:16:00,2260,557258,2602,27751,
2026-09-23 13:32:23,GetExchangeSnapshot,NSE,NSE,1minute,1566,2026-09-23 13:17:00,2,294483,1566,23748,
2026-09-23 13:33:39,GetHistory,NIFTY 50,NSE_IDX,1minute,250,2026-09-23 13:18:00,23446.75,0,0,2301,
2026-09-23 13:33:41,GetHistory,RELIANCE,NSE,1minute,244,2026-09-23 13:18:00,1251.1,0,10091,1505,
2026-09-23 13:33:42,GetHistory,FUTIDX_NIFTY_29SEP2026_XX_0,NFO,1minute,244,2026-09-23 13:18:00,23458.9,16109730,1885,1082,
2026-09-23 13:33:48,GetHistory,OPTIDX_NIFTY_29SEP2026_CE_23350,NFO,1minute,244,2026-09-23 13:18:00,183.7,2581800,24115,5665,
2026-09-23 13:34:14,GetExchangeSnapshot,NFO,NFO,1minute,2485,2026-09-23 13:19:00,2120,532416,2485,26231,
2026-09-23 13:34:52,GetHistory,FUTIDX_BANKNIFTY_29SEP2026_XX_0,NFO,15minute,69,2026-09-23 13:15:00,56691.4,1874790,1770,1972,
2026-09-23 13:34:53,GetHistory,FUTIDX_NIFTY_29SEP2026_XX_0,NFO,15minute,69,2026-09-23 13:15:00,23455.0,16099135,53040,1289,
2026-09-23 13:34:57,GetHistory,FUTSTK_RELIANCE_29SEP2026_XX_0,NFO,15minute,69,2026-09-23 13:15:00,1251.3,112353000,163000,4033,
2026-09-23 13:34:58,GetHistory,OPTIDX_BANKNIFTY_29SEP2026_CE_56200,NFO,15minute,69,2026-09-23 13:15:00,604.0,137850,7980,1124,
2026-09-23 13:34:59,GetHistory,OPTIDX_BANKNIFTY_29SEP2026_PE_56200,NFO,15minute,69,2026-09-23 13:15:00,147.6,306960,15210,903,
2026-09-23 13:35:05,GetHistory,OPTIDX_NIFTY_29SEP2026_CE_23350,NFO,15minute,69,2026-09-23 13:15:00,176.8,2576145,585325,5558,
2026-09-23 13:35:06,GetHistory,OPTIDX_NIFTY_29SEP2026_PE_23350,NFO,15minute,69,2026-09-23 13:15:00,72.3,7980960,1237535,1463,
2026-09-23 13:35:09,GetHistory,HDFCBANK,NSE,15minute,71,2026-09-23 13:15:00,740.25,0,678101,3061,
2026-09-23 13:35:13,GetHistory,RELIANCE,NSE,15minute,71,2026-09-23 13:15:00,1250.0,0,361497,3406,
2026-09-23 13:35:19,GetHistory,NIFTY 50,NSE_IDX,15minute,115,2026-09-23 13:15:00,23439.0,0,0,6331,
2026-09-23 13:35:26,GetHistory,NIFTY BANK,NSE_IDX,15minute,115,2026-09-23 13:15:00,56559.1,0,0,6636,
2026-09-23 13:35:39,GetHistory,NIFTY 50,NSE_IDX,1minute,252,2026-09-23 13:20:00,23448.3,0,0,3604,
2026-09-23 13:35:40,GetHistory,RELIANCE,NSE,1minute,246,2026-09-23 13:20:00,1251.1,0,13126,957,
2026-09-23 13:35:41,GetHistory,FUTIDX_NIFTY_29SEP2026_XX_0,NFO,1minute,246,2026-09-23 13:20:00,23464.9,16110185,585,987,
2026-09-23 13:35:44,GetHistory,OPTIDX_NIFTY_29SEP2026_CE_23350,NFO,1minute,246,2026-09-23 13:20:00,185.3,2578680,18980,3274,
2026-09-23 13:36:10,GetExchangeSnapshot,NFO,NFO,1minute,2592,2026-09-23 13:21:00,2261,555134,2592,26169,
2026-09-23 13:36:34,GetExchangeSnapshot,NSE,NSE,1minute,1531,2026-09-23 13:21:00,2,287871,1531,23293,
2026-09-23 13:37:44,GetHistory,NIFTY 50,NSE_IDX,1minute,254,2026-09-23 13:22:00,23449.7,0,0,702,
2026-09-23 13:37:45,GetHistory,RELIANCE,NSE,1minute,248,2026-09-23 13:22:00,1250.7,0,62276,1201,
2026-09-23 13:37:46,GetHistory,FUTIDX_NIFTY_29SEP2026_XX_0,NFO,1minute,248,2026-09-23 13:22:00,23468.6,16110315,23855,677,
2026-09-23 13:37:49,GetHistory,OPTIDX_NIFTY_29SEP2026_CE_23350,NFO,1minute,248,2026-09-23 13:22:00,185.55,2576405,37310,2920,
2026-09-23 13:38:15,GetExchangeSnapshot,NFO,NFO,1minute,2512,2026-09-23 13:23:00,2164,538235,2512,26330,
2026-09-23 13:39:56,GetHistory,FUTIDX_BANKNIFTY_29SEP2026_XX_0,NFO,15minute,69,2026-09-23 13:15:00,56691.4,1874790,1770,2096,
2026-09-23 13:40:00,GetHistory,FUTIDX_NIFTY_29SEP2026_XX_0,NFO,15minute,69,2026-09-23 13:15:00,23455.0,16099135,53040,3602,
2026-09-23 13:40:03,GetHistory,FUTSTK_RELIANCE_29SEP2026_XX_0,NFO,15minute,69,2026-09-23 13:15:00,1251.3,112353000,163000,3368,
2026-09-23 13:40:05,GetHistory,OPTIDX_BANKNIFTY_29SEP2026_CE_56200,NFO,15minute,69,2026-09-23 13:15:00,604.0,137850,7980,1537,
2026-09-23 13:40:06,GetHistory,OPTIDX_BANKNIFTY_29SEP2026_PE_56200,NFO,15minute,69,2026-09-23 13:15:00,147.6,306960,15210,1127,
2026-09-23 13:40:07,GetHistory,OPTIDX_NIFTY_29SEP2026_CE_23350,NFO,15minute,69,2026-09-23 13:15:00,176.8,2576145,585325,955,
2026-09-23 13:40:11,GetHistory,OPTIDX_NIFTY_29SEP2026_PE_23350,NFO,15minute,69,2026-09-23 13:15:00,72.3,7980960,1237535,4787,
2026-09-23 13:40:14,GetHistory,HDFCBANK,NSE,15minute,71,2026-09-23 13:15:00,740.25,0,678101,2265,
2026-09-23 13:40:16,GetHistory,RELIANCE,NSE,15minute,71,2026-09-23 13:15:00,1250.0,0,361497,2482,
2026-09-23 13:40:19,GetHistory,NIFTY 50,NSE_IDX,15minute,115,2026-09-23 13:15:00,23439.0,0,0,3345,
2026-09-23 13:40:24,GetHistory,NIFTY BANK,NSE_IDX,15minute,115,2026-09-23 13:15:00,56559.1,0,0,4718,
2026-09-23 13:40:25,GetHistory,NIFTY 50,NSE_IDX,1minute,257,2026-09-23 13:25:00,23450.55,0,0,827,
2026-09-23 13:40:27,GetHistory,RELIANCE,NSE,1minute,251,2026-09-23 13:25:00,1251.0,0,6326,1539,
2026-09-23 13:40:27,GetHistory,FUTIDX_NIFTY_29SEP2026_XX_0,NFO,1minute,251,2026-09-23 13:25:00,23468.3,16101410,3380,782,
2026-09-23 13:40:28,GetHistory,OPTIDX_NIFTY_29SEP2026_CE_23350,NFO,1minute,251,2026-09-23 13:25:00,187.65,2584595,49270,1092,
2026-09-23 13:40:54,GetExchangeSnapshot,NFO,NFO,1minute,2569,2026-09-23 13:25:00,2215,550362,2569,25789,
2026-09-23 13:41:18,GetExchangeSnapshot,NSE,NSE,1minute,1568,2026-09-23 13:26:00,1,294979,1568,23343,
2026-09-23 13:41:57,GetHistory,NIFTY 50,NSE_IDX,1minute,258,2026-09-23 13:26:00,23451.0,0,0,1261,
2026-09-23 13:41:58,GetHistory,RELIANCE,NSE,1minute,252,2026-09-23 13:26:00,1250.5,0,13220,995,
2026-09-23 13:41:59,GetHistory,FUTIDX_NIFTY_29SEP2026_XX_0,NFO,1minute,252,2026-09-23 13:26:00,23466.6,16099720,1170,969,
2026-09-23 13:42:00,GetHistory,OPTIDX_NIFTY_29SEP2026_CE_23350,NFO,1minute,253,2026-09-23 13:27:00,184.85,2579135,26000,1024,
2026-09-23 13:42:28,GetExchangeSnapshot,NFO,NFO,1minute,2614,2026-09-23 13:27:00,2246,559714,2614,27190,
2026-09-23 13:42:51,GetExchangeSnapshot,NSE,NSE,1minute,1582,2026-09-23 13:27:00,1,297704,1582,23470,
2026-09-23 13:44:04,GetHistory,NIFTY 50,NSE_IDX,1minute,261,2026-09-23 13:29:00,23439.0,0,0,3999,
2026-09-23 13:44:04,GetHistory,RELIANCE,NSE,1minute,255,2026-09-23 13:29:00,1250.0,0,77670,662,
2026-09-23 13:44:05,GetHistory,FUTIDX_NIFTY_29SEP2026_XX_0,NFO,1minute,255,2026-09-23 13:29:00,23455.0,16099135,4615,1126,
2026-09-23 13:44:06,GetHistory,OPTIDX_NIFTY_29SEP2026_CE_23350,NFO,1minute,255,2026-09-23 13:29:00,176.8,2576145,136825,863,
2026-09-23 13:44:33,GetExchangeSnapshot,NFO,NFO,1minute,2909,2026-09-23 13:29:00,2540,623219,2909,27009,
2026-09-23 13:45:23,GetHistory,FUTIDX_BANKNIFTY_29SEP2026_XX_0,NFO,15minute,70,2026-09-23 13:30:00,56677.2,1875810,9030,2156,
2026-09-23 13:45:24,GetHistory,FUTIDX_NIFTY_29SEP2026_XX_0,NFO,15minute,70,2026-09-23 13:30:00,23450.1,16100955,61750,1410,
2026-09-23 13:45:28,GetHistory,FUTSTK_RELIANCE_29SEP2026_XX_0,NFO,15minute,70,2026-09-23 13:30:00,1249.5,112357500,295500,3894,
2026-09-23 13:45:29,GetHistory,OPTIDX_BANKNIFTY_29SEP2026_CE_56200,NFO,15minute,70,2026-09-23 13:30:00,617.7,136110,18090,1121,
2026-09-23 13:45:33,GetHistory,OPTIDX_BANKNIFTY_29SEP2026_PE_56200,NFO,15minute,70,2026-09-23 13:30:00,141.75,298260,36630,3564,
2026-09-23 13:45:34,GetHistory,OPTIDX_NIFTY_29SEP2026_CE_23350,NFO,15minute,70,2026-09-23 13:30:00,174.8,2673190,1664390,1156,
2026-09-23 13:45:36,GetHistory,OPTIDX_NIFTY_29SEP2026_PE_23350,NFO,15minute,70,2026-09-23 13:30:00,71.15,7686120,5136495,1462,
2026-09-23 13:45:40,GetHistory,HDFCBANK,NSE,15minute,72,2026-09-23 13:30:00,740.0,0,605472,4839,
2026-09-23 13:45:46,GetHistory,RELIANCE,NSE,15minute,72,2026-09-23 13:30:00,1247.6,0,319967,5057,
2026-09-23 13:45:49,GetHistory,NIFTY 50,NSE_IDX,15minute,116,2026-09-23 13:30:00,23431.0,0,0,3466,
2026-09-23 13:45:53,GetHistory,NIFTY BANK,NSE_IDX,15minute,116,2026-09-23 13:30:00,56567.25,0,0,3681,
2026-09-23 13:46:14,GetHistory,NIFTY 50,NSE_IDX,1minute,263,2026-09-23 13:31:00,23431.15,0,0,3171,
2026-09-23 13:46:15,GetHistory,RELIANCE,NSE,1minute,257,2026-09-23 13:31:00,1249.9,0,13077,814,
2026-09-23 13:46:16,GetHistory,FUTIDX_NIFTY_29SEP2026_XX_0,NFO,1minute,257,2026-09-23 13:31:00,23451.0,16094325,3835,1040,
2026-09-23 13:46:17,GetHistory,OPTIDX_NIFTY_29SEP2026_CE_23350,NFO,1minute,257,2026-09-23 13:31:00,173.05,2534935,103545,963,
2026-09-23 13:46:43,GetExchangeSnapshot,NFO,NFO,1minute,2901,2026-09-23 13:31:00,2530,621185,2901,26844,
2026-09-23 13:47:07,GetExchangeSnapshot,NSE,NSE,1minute,1565,2026-09-23 13:32:00,2,294194,1565,23093,
2026-09-23 13:48:17,GetHistory,NIFTY 50,NSE_IDX,1minute,265,2026-09-23 13:33:00,23427.0,0,0,1395,
2026-09-23 13:48:18,GetHistory,RELIANCE,NSE,1minute,259,2026-09-23 13:33:00,1249.1,0,18070,994,
2026-09-23 13:48:19,GetHistory,FUTIDX_NIFTY_29SEP2026_XX_0,NFO,1minute,259,2026-09-23 13:33:00,23444.9,16096275,3575,1424,
2026-09-23 13:48:20,GetHistory,OPTIDX_NIFTY_29SEP2026_CE_23350,NFO,1minute,259,2026-09-23 13:33:00,169.75,2545400,103870,892,
2026-09-23 13:48:47,GetExchangeSnapshot,NFO,NFO,1minute,2775,2026-09-23 13:33:00,2423,594406,2775,27173,
2026-09-23 13:50:44,GetHistory,FUTIDX_BANKNIFTY_29SEP2026_XX_0,NFO,15minute,70,2026-09-23 13:30:00,56677.2,1875810,9030,2861,
2026-09-23 13:50:45,GetHistory,FUTIDX_NIFTY_29SEP2026_XX_0,NFO,15minute,70,2026-09-23 13:30:00,23450.1,16100955,61750,1579,
2026-09-23 13:50:49,GetHistory,FUTSTK_RELIANCE_29SEP2026_XX_0,NFO,15minute,70,2026-09-23 13:30:00,1249.5,112357500,295500,3516,
2026-09-23 13:50:50,GetHistory,OPTIDX_BANKNIFTY_29SEP2026_CE_56200,NFO,15minute,70,2026-09-23 13:30:00,617.7,136110,18090,1188,
2026-09-23 13:50:51,GetHistory,OPTIDX_BANKNIFTY_29SEP2026_PE_56200,NFO,15minute,70,2026-09-23 13:30:00,141.75,298260,36630,1266,
2026-09-23 13:50:54,GetHistory,OPTIDX_NIFTY_29SEP2026_CE_23350,NFO,15minute,70,2026-09-23 13:30:00,174.8,2673190,1664390,3141,
2026-09-23 13:50:56,GetHistory,OPTIDX_NIFTY_29SEP2026_PE_23350,NFO,15minute,70,2026-09-23 13:30:00,71.15,7686120,5136495,1556,
2026-09-23 13:50:58,GetHistory,HDFCBANK,NSE,15minute,72,2026-09-23 13:30:00,740.0,0,605472,2497,
2026-09-23 13:51:02,GetHistory,RELIANCE,NSE,15minute,72,2026-09-23 13:30:00,1247.6,0,319967,3343,
2026-09-23 13:51:07,GetHistory,NIFTY 50,NSE_IDX,15minute,116,2026-09-23 13:30:00,23431.0,0,0,4991,
2026-09-23 13:51:10,GetHistory,NIFTY BANK,NSE_IDX,15minute,116,2026-09-23 13:30:00,56567.25,0,0,3634,
2026-09-23 13:51:12,GetHistory,NIFTY 50,NSE_IDX,1minute,268,2026-09-23 13:36:00,23420.15,0,0,1483,
2026-09-23 13:51:13,GetHistory,RELIANCE,NSE,1minute,262,2026-09-23 13:36:00,1248.8,0,12206,874,
2026-09-23 13:51:13,GetHistory,FUTIDX_NIFTY_29SEP2026_XX_0,NFO,1minute,262,2026-09-23 13:36:00,23433.5,16098420,4875,710,
2026-09-23 13:51:15,GetHistory,OPTIDX_NIFTY_29SEP2026_CE_23350,NFO,1minute,262,2026-09-23 13:36:00,166.05,2563470,126945,1115,
2026-09-23 13:51:42,GetExchangeSnapshot,NFO,NFO,1minute,3170,2026-09-23 13:36:00,2794,678675,3170,27895,
2026-09-23 13:52:06,GetExchangeSnapshot,NSE,NSE,1minute,1609,2026-09-23 13:37:00,2,302597,1609,23465,
2026-09-23 13:52:46,GetHistory,NIFTY 50,NSE_IDX,1minute,269,2026-09-23 13:37:00,23425.15,0,0,1294,
2026-09-23 13:52:47,GetHistory,RELIANCE,NSE,1minute,263,2026-09-23 13:37:00,1248.7,0,9275,1100,
2026-09-23 13:52:48,GetHistory,FUTIDX_NIFTY_29SEP2026_XX_0,NFO,1minute,263,2026-09-23 13:37:00,23441.1,16099850,3770,998,
2026-09-23 13:52:49,GetHistory,OPTIDX_NIFTY_29SEP2026_CE_23350,NFO,1minute,263,2026-09-23 13:37:00,169.65,2575495,156390,867,
2026-09-23 13:53:15,GetExchangeSnapshot,NFO,NFO,1minute,2725,2026-09-23 13:38:00,2378,583250,2725,26384,
2026-09-23 13:54:57,GetHistory,NIFTY 50,NSE_IDX,1minute,271,2026-09-23 13:39:00,23425.35,0,0,2533,
2026-09-23 13:54:57,GetHistory,RELIANCE,NSE,1minute,265,2026-09-23 13:39:00,1247.8,0,6111,669,
2026-09-23 13:54:59,GetHistory,FUTIDX_NIFTY_29SEP2026_XX_0,NFO,1minute,265,2026-09-23 13:39:00,23441.8,16100825,1040,1140,
2026-09-23 13:55:02,GetHistory,OPTIDX_NIFTY_29SEP2026_CE_23350,NFO,1minute,266,2026-09-23 13:40:00,170.3,2620670,70850,2966,
2026-09-23 13:55:27,GetExchangeSnapshot,NFO,NFO,1minute,2596,2026-09-23 13:40:00,2264,555505,2596,25913,
2026-09-23 13:55:51,GetExchangeSnapshot,NSE,NSE,1minute,1571,2026-09-23 13:40:00,1,295572,1571,23461,
2026-09-23 13:56:04,GetHistory,FUTIDX_BANKNIFTY_29SEP2026_XX_0,NFO,15minute,70,2026-09-23 13:30:00,56677.2,1875810,9030,4469,
2026-09-23 13:56:06,GetHistory,FUTIDX_NIFTY_29SEP2026_XX_0,NFO,15minute,70,2026-09-23 13:30:00,23450.1,16100955,61750,1582,
2026-09-23 13:56:07,GetHistory,FUTSTK_RELIANCE_29SEP2026_XX_0,NFO,15minute,70,2026-09-23 13:30:00,1249.5,112357500,295500,1452,
2026-09-23 13:56:09,GetHistory,OPTIDX_BANKNIFTY_29SEP2026_CE_56200,NFO,15minute,70,2026-09-23 13:30:00,617.7,136110,18090,1183,
2026-09-23 13:56:10,GetHistory,OPTIDX_BANKNIFTY_29SEP2026_PE_56200,NFO,15minute,70,2026-09-23 13:30:00,141.75,298260,36630,973,
2026-09-23 13:56:11,GetHistory,OPTIDX_NIFTY_29SEP2026_CE_23350,NFO,15minute,70,2026-09-23 13:30:00,174.8,2673190,1664390,1093,
2026-09-23 13:56:14,GetHistory,OPTIDX_NIFTY_29SEP2026_PE_23350,NFO,15minute,70,2026-09-23 13:30:00,71.15,7686120,5136495,2926,
2026-09-23 13:56:16,GetHistory,HDFCBANK,NSE,15minute,72,2026-09-23 13:30:00,740.0,0,605472,2459,
2026-09-23 13:56:19,GetHistory,RELIANCE,NSE,15minute,72,2026-09-23 13:30:00,1247.6,0,319967,2964,
2026-09-23 13:56:24,GetHistory,NIFTY 50,NSE_IDX,15minute,116,2026-09-23 13:30:00,23431.0,0,0,4560,
2026-09-23 13:56:27,GetHistory,NIFTY BANK,NSE_IDX,15minute,116,2026-09-23 13:30:00,56567.25,0,0,3688,
2026-09-23 13:57:09,GetHistory,NIFTY 50,NSE_IDX,1minute,274,2026-09-23 13:42:00,23429.2,0,0,1387,
2026-09-23 13:57:10,GetHistory,RELIANCE,NSE,1minute,268,2026-09-23 13:42:00,1247.6,0,5542,1011,
2026-09-23 13:57:11,GetHistory,FUTIDX_NIFTY_29SEP2026_XX_0,NFO,1minute,268,2026-09-23 13:42:00,23447.0,16102190,4225,905,
2026-09-23 13:57:15,GetHistory,OPTIDX_NIFTY_29SEP2026_CE_23350,NFO,1minute,268,2026-09-23 13:42:00,173.3,2639780,137280,3680,
2026-09-23 13:57:42,GetExchangeSnapshot,NFO,NFO,1minute,2858,2026-09-23 13:42:00,2507,611840,2858,26908,
2026-09-23 13:59:23,GetHistory,NIFTY 50,NSE_IDX,1minute,276,2026-09-23 13:44:00,23431.0,0,0,2146,
2026-09-23 13:59:24,GetHistory,RELIANCE,NSE,1minute,270,2026-09-23 13:44:00,1247.6,0,18829,768,
2026-09-23 13:59:25,GetHistory,FUTIDX_NIFTY_29SEP2026_XX_0,NFO,1minute,270,2026-09-23 13:44:00,23450.1,16100955,1625,1092,
2026-09-23 13:59:25,GetHistory,OPTIDX_NIFTY_29SEP2026_CE_23350,NFO,1minute,270,2026-09-23 13:44:00,174.8,2673190,89895,872,
2026-09-23 13:59:52,GetExchangeSnapshot,NFO,NFO,1minute,2657,2026-09-23 13:44:00,2310,568765,2657,26650,
2026-09-23 14:00:16,GetExchangeSnapshot,NSE,NSE,1minute,1573,2026-09-23 13:45:00,1,295676,1573,23545,
2026-09-23 14:01:36,GetHistory,FUTIDX_BANKNIFTY_29SEP2026_XX_0,NFO,15minute,71,2026-09-23 13:45:00,56670.0,1874700,5850,2185,
2026-09-23 14:01:37,GetHistory,FUTIDX_NIFTY_29SEP2026_XX_0,NFO,15minute,71,2026-09-23 13:45:00,23441.3,16109600,35100,1692,
2026-09-23 14:01:41,GetHistory,FUTSTK_RELIANCE_29SEP2026_XX_0,NFO,15minute,71,2026-09-23 13:45:00,1249.4,112414000,1114000,3102,
2026-09-23 14:01:42,GetHistory,OPTIDX_BANKNIFTY_29SEP2026_CE_56200,NFO,15minute,71,2026-09-23 13:45:00,601.35,135780,9510,1179,
2026-09-23 14:01:43,GetHistory,OPTIDX_BANKNIFTY_29SEP2026_PE_56200,NFO,15minute,71,2026-09-23 13:45:00,143.4,300060,22560,934,
2026-09-23 14:01:46,GetHistory,OPTIDX_NIFTY_29SEP2026_CE_23350,NFO,15minute,71,2026-09-23 13:45:00,170.05,2707770,920855,3828,
2026-09-23 14:01:48,GetHistory,OPTIDX_NIFTY_29SEP2026_PE_23350,NFO,15minute,71,2026-09-23 13:45:00,72.85,7693920,2151240,1501,
2026-09-23 14:01:53,GetHistory,HDFCBANK,NSE,15minute,73,2026-09-23 13:45:00,739.45,0,362329,4647,
2026-09-23 14:01:57,GetHistory,RELIANCE,NSE,15minute,73,2026-09-23 13:45:00,1246.8,0,154894,4785,
2026-09-23 14:02:01,GetHistory,NIFTY 50,NSE_IDX,15minute,117,2026-09-23 13:45:00,23426.35,0,0,3802,
2026-09-23 14:02:07,GetHistory,NIFTY BANK,NSE_IDX,15minute,117,2026-09-23 13:45:00,56549.05,0,0,5519,
2026-09-23 14:02:07,GetHistory,NIFTY 50,NSE_IDX,1minute,279,2026-09-23 13:47:00,23428.05,0,0,684,
2026-09-23 14:02:09,GetHistory,RELIANCE,NSE,1minute,273,2026-09-23 13:47:00,1247.6,0,7320,1242,
2026-09-23 14:02:09,GetHistory,FUTIDX_NIFTY_29SEP2026_XX_0,NFO,1minute,273,2026-09-23 13:47:00,23446.5,16101410,3380,690,
2026-09-23 14:02:11,GetHistory,OPTIDX_NIFTY_29SEP2026_CE_23350,NFO,1minute,273,2026-09-23 13:47:00,173.7,2675530,83330,1275,
2026-09-23 14:02:37,GetExchangeSnapshot,NFO,NFO,1minute,2647,2026-09-23 13:47:00,2293,566647,2647,26574,
2026-09-23 14:03:47,GetHistory,NIFTY 50,NSE_IDX,1minute,280,2026-09-23 13:48:00,23429.5,0,0,1313,
2026-09-23 14:03:48,GetHistory,RELIANCE,NSE,1minute,274,2026-09-23 13:48:00,1247.7,0,5278,1087,
2026-09-23 14:03:49,GetHistory,FUTIDX_NIFTY_29SEP2026_XX_0,NFO,1minute,274,2026-09-23 13:48:00,23447.0,16101930,910,689,
2026-09-23 14:03:50,GetHistory,OPTIDX_NIFTY_29SEP2026_CE_23350,NFO,1minute,274,2026-09-23 13:48:00,173.0,2663570,29705,1273,
2026-09-23 14:04:17,GetExchangeSnapshot,NFO,NFO,1minute,2623,2026-09-23 13:49:00,2264,561513,2623,26703,
2026-09-23 14:04:47,GetExchangeSnapshot,NSE,NSE,1minute,1575,2026-09-23 13:49:00,2,296192,1575,30105,
2026-09-23 14:05:57,GetHistory,NIFTY 50,NSE_IDX,1minute,282,2026-09-23 13:50:00,23429.75,0,0,1699,
2026-09-23 14:05:59,GetHistory,RELIANCE,NSE,1minute,276,2026-09-23 13:50:00,1247.6,0,4830,1290,
2026-09-23 14:06:01,GetHistory,FUTIDX_NIFTY_29SEP2026_XX_0,NFO,1minute,277,2026-09-23 13:51:00,23444.0,16103945,1365,2001,
2026-09-23 14:06:01,GetHistory,OPTIDX_NIFTY_29SEP2026_CE_23350,NFO,1minute,277,2026-09-23 13:51:00,167.8,2669550,86060,682,
2026-09-23 14:06:28,GetExchangeSnapshot,NFO,NFO,1minute,2686,2026-09-23 13:51:00,2336,575129,2686,26472,
2026-09-23 14:06:51,GetExchangeSnapshot,NSE,NSE,1minute,1594,2026-09-23 13:51:00,2,299643,1594,23588,
2026-09-23 14:07:02,GetHistory,FUTIDX_BANKNIFTY_29SEP2026_XX_0,NFO,15minute,71,2026-09-23 13:45:00,56670.0,1874700,5850,1901,
2026-09-23 14:07:04,GetHistory,FUTIDX_NIFTY_29SEP2026_XX_0,NFO,15minute,71,2026-09-23 13:45:00,23441.3,16109600,35100,1986,
2026-09-23 14:07:06,GetHistory,FUTSTK_RELIANCE_29SEP2026_XX_0,NFO,15minute,71,2026-09-23 13:45:00,1249.4,112414000,1114000,1526,
2026-09-23 14:07:07,GetHistory,OPTIDX_BANKNIFTY_29SEP2026_CE_56200,NFO,15minute,71,2026-09-23 13:45:00,601.35,135780,9510,1194,
2026-09-23 14:07:08,GetHistory,OPTIDX_BANKNIFTY_29SEP2026_PE_56200,NFO,15minute,71,2026-09-23 13:45:00,143.4,300060,22560,1293,
2026-09-23 14:07:09,GetHistory,OPTIDX_NIFTY_29SEP2026_CE_23350,NFO,15minute,71,2026-09-23 13:45:00,170.05,2707770,920855,996,
2026-09-23 14:07:11,GetHistory,OPTIDX_NIFTY_29SEP2026_PE_23350,NFO,15minute,71,2026-09-23 13:45:00,72.85,7693920,2151240,1571,
2026-09-23 14:07:14,GetHistory,HDFCBANK,NSE,15minute,73,2026-09-23 13:45:00,739.45,0,362329,3796,
2026-09-23 14:07:17,GetHistory,RELIANCE,NSE,15minute,73,2026-09-23 13:45:00,1246.8,0,154894,2516,
2026-09-23 14:07:23,GetHistory,NIFTY 50,NSE_IDX,15minute,117,2026-09-23 13:45:00,23426.35,0,0,6003,
2026-09-23 14:07:27,GetHistory,NIFTY BANK,NSE_IDX,15minute,117,2026-09-23 13:45:00,56549.05,0,0,3766,
2026-09-23 14:08:15,GetHistory,NIFTY 50,NSE_IDX,1minute,285,2026-09-23 13:53:00,23426.2,0,0,891,
2026-09-23 14:08:17,GetHistory,RELIANCE,NSE,1minute,279,2026-09-23 13:53:00,1247.0,0,13029,1102,
2026-09-23 14:08:18,GetHistory,FUTIDX_NIFTY_29SEP2026_XX_0,NFO,1minute,279,2026-09-23 13:53:00,23443.8,16105960,1430,1842,
2026-09-23 14:08:24,GetHistory,OPTIDX_NIFTY_29SEP2026_CE_23350,NFO,1minute,279,2026-09-23 13:53:00,170.25,2675660,57655,5204,
2026-09-23 14:08:50,GetExchangeSnapshot,NFO,NFO,1minute,2639,2026-09-23 13:53:00,2287,565236,2639,25921,
2026-09-23 14:10:29,GetHistory,NIFTY 50,NSE_IDX,1minute,287,2026-09-23 13:55:00,23427.7,0,0,1043,
2026-09-23 14:10:33,GetHistory,RELIANCE,NSE,1minute,281,2026-09-23 13:55:00,1247.4,0,6013,3596,
2026-09-23 14:10:34,GetHistory,FUTIDX_NIFTY_29SEP2026_XX_0,NFO,1minute,281,2026-09-23 13:55:00,23447.0,16108495,1885,693,
2026-09-23 14:10:35,GetHistory,OPTIDX_NIFTY_29SEP2026_CE_23350,NFO,1minute,281,2026-09-23 13:55:00,170.8,2677220,71175,1003,
2026-09-23 14:11:01,GetExchangeSnapshot,NFO,NFO,1minute,2612,2026-09-23 13:55:00,2276,559214,2612,26298,
2026-09-23 14:11:24,GetExchangeSnapshot,NSE,NSE,1minute,1597,2026-09-23 13:56:00,2,300370,1597,23559,
2026-09-23 14:12:05,GetHistory,FUTIDX_BANKNIFTY_29SEP2026_XX_0,NFO,15minute,71,2026-09-23 13:45:00,56670.0,1874700,5850,1643,
2026-09-23 14:12:08,GetHistory,FUTIDX_NIFTY_29SEP2026_XX_0,NFO,15minute,71,2026-09-23 13:45:00,23441.3,16109600,35100,3023,
2026-09-23 14:12:09,GetHistory,FUTSTK_RELIANCE_29SEP2026_XX_0,NFO,15minute,71,2026-09-23 13:45:00,1249.4,112414000,1114000,1302,
2026-09-23 14:12:13,GetHistory,OPTIDX_BANKNIFTY_29SEP2026_CE_56200,NFO,15minute,71,2026-09-23 13:45:00,601.35,135780,9510,3155,
2026-09-23 14:12:14,GetHistory,OPTIDX_BANKNIFTY_29SEP2026_PE_56200,NFO,15minute,71,2026-09-23 13:45:00,143.4,300060,22560,1304,
2026-09-23 14:12:15,GetHistory,OPTIDX_NIFTY_29SEP2026_CE_23350,NFO,15minute,71,2026-09-23 13:45:00,170.05,2707770,920855,1446,
2026-09-23 14:12:17,GetHistory,OPTIDX_NIFTY_29SEP2026_PE_23350,NFO,15minute,71,2026-09-23 13:45:00,72.85,7693920,2151240,1501,
2026-09-23 14:12:22,GetHistory,HDFCBANK,NSE,15minute,73,2026-09-23 13:45:00,739.45,0,362329,5298,
2026-09-23 14:12:25,GetHistory,RELIANCE,NSE,15minute,73,2026-09-23 13:45:00,1246.8,0,154894,2870,
2026-09-23 14:12:29,GetHistory,NIFTY 50,NSE_IDX,15minute,117,2026-09-23 13:45:00,23426.35,0,0,3767,
2026-09-23 14:12:35,GetHistory,NIFTY BANK,NSE_IDX,15minute,117,2026-09-23 13:45:00,56549.05,0,0,5816,
2026-09-23 14:12:44,GetHistory,NIFTY 50,NSE_IDX,1minute,289,2026-09-23 13:57:00,23424.4,0,0,1075,
2026-09-23 14:12:45,GetHistory,RELIANCE,NSE,1minute,283,2026-09-23 13:57:00,1247.5,0,13764,915,
2026-09-23 14:12:46,GetHistory,FUTIDX_NIFTY_29SEP2026_XX_0,NFO,1minute,283,2026-09-23 13:57:00,23445.0,16108885,2015,1046,
2026-09-23 14:12:47,GetHistory,OPTIDX_NIFTY_29SEP2026_CE_23350,NFO,1minute,283,2026-09-23 13:57:00,168.35,2697435,54860,947,
2026-09-23 14:13:14,GetExchangeSnapshot,NFO,NFO,1minute,2603,2026-09-23 13:58:00,2236,557777,2603,26176,
2026-09-23 14:14:56,GetHistory,NIFTY 50,NSE_IDX,1minute,291,2026-09-23 13:59:00,23426.35,0,0,3705,
2026-09-23 14:14:57,GetHistory,RELIANCE,NSE,1minute,285,2026-09-23 13:59:00,1246.8,0,9341,876,
2026-09-23 14:14:58,GetHistory,FUTIDX_NIFTY_29SEP2026_XX_0,NFO,1minute,285,2026-09-23 13:59:00,23441.3,16109600,845,981,
2026-09-23 14:14:58,GetHistory,OPTIDX_NIFTY_29SEP2026_CE_23350,NFO,1minute,285,2026-09-23 13:59:00,170.05,2707770,49270,676,
2026-09-23 14:15:25,GetExchangeSnapshot,NFO,NFO,1minute,2696,2026-09-23 14:00:00,2353,577687,2696,26658,
2026-09-23 14:15:49,GetExchangeSnapshot,NSE,NSE,1minute,1672,2026-09-23 14:00:00,2,314392,1672,23501,
2026-09-23 14:17:08,GetHistory,NIFTY 50,NSE_IDX,1minute,294,2026-09-23 14:02:00,23429.6,0,0,1312,
2026-09-23 14:17:10,GetHistory,RELIANCE,NSE,1minute,288,2026-09-23 14:02:00,1247.1,0,54714,2610,
2026-09-23 14:17:11,GetHistory,FUTIDX_NIFTY_29SEP2026_XX_0,NFO,1minute,288,2026-09-23 14:02:00,23451.8,16110510,520,884,
2026-09-23 14:17:12,GetHistory,OPTIDX_NIFTY_29SEP2026_CE_23350,NFO,1minute,288,2026-09-23 14:02:00,174.0,2715700,63115,983,
2026-09-23 14:17:38,GetExchangeSnapshot,NFO,NFO,1minute,2619,2026-09-23 14:02:00,2281,560913,2619,26222,
2026-09-23 14:17:58,GetHistory,FUTIDX_BANKNIFTY_29SEP2026_XX_0,NFO,15minute,72,2026-09-23 14:00:00,56720.0,1871790,9660,2102,
2026-09-23 14:18:01,GetHistory,FUTIDX_NIFTY_29SEP2026_XX_0,NFO,15minute,72,2026-09-23 14:00:00,23469.0,16123185,65520,3557,
2026-09-23 14:18:03,GetHistory,FUTSTK_RELIANCE_29SEP2026_XX_0,NFO,15minute,72,2026-09-23 14:00:00,1250.5,112612000,1084500,1517,
2026-09-23 14:18:04,GetHistory,OPTIDX_BANKNIFTY_29SEP2026_CE_56200,NFO,15minute,72,2026-09-23 14:00:00,645.4,130140,17340,1073,
2026-09-23 14:18:05,GetHistory,OPTIDX_BANKNIFTY_29SEP2026_PE_56200,NFO,15minute,72,2026-09-23 14:00:00,128.85,303570,43740,1248,
2026-09-23 14:18:06,GetHistory,OPTIDX_NIFTY_29SEP2026_CE_23350,NFO,15minute,72,2026-09-23 14:00:00,187.0,2723955,1830075,952,
2026-09-23 14:18:08,GetHistory,OPTIDX_NIFTY_29SEP2026_PE_23350,NFO,15minute,72,2026-09-23 14:00:00,64.15,7492680,3032575,1550,
2026-09-23 14:18:12,GetHistory,HDFCBANK,NSE,15minute,74,2026-09-23 14:00:00,740.25,0,492000,3907,
2026-09-23 14:18:14,GetHistory,RELIANCE,NSE,15minute,74,2026-09-23 14:00:00,1248.2,0,247403,2523,
2026-09-23 14:18:19,GetHistory,NIFTY 50,NSE_IDX,15minute,118,2026-09-23 14:00:00,23451.75,0,0,5055,
2026-09-23 14:18:24,GetHistory,NIFTY BANK,NSE_IDX,15minute,118,2026-09-23 14:00:00,56603.6,0,0,5167,
2026-09-23 14:19:07,GetHistory,NIFTY 50,NSE_IDX,1minute,296,2026-09-23 14:04:00,23435.0,0,0,3694,
2026-09-23 14:19:07,GetHistory,RELIANCE,NSE,1minute,290,2026-09-23 14:04:00,1247.8,0,11300,789,
2026-09-23 14:19:08,GetHistory,FUTIDX_NIFTY_29SEP2026_XX_0,NFO,1minute,290,2026-09-23 14:04:00,23452.6,16112330,1105,1062,
2026-09-23 14:19:09,GetHistory,OPTIDX_NIFTY_29SEP2026_CE_23350,NFO,1minute,290,2026-09-23 14:04:00,175.65,2712775,87555,992,
2026-09-23 14:19:36,GetExchangeSnapshot,NFO,NFO,1minute,2739,2026-09-23 14:04:00,2376,586727,2739,26378,
2026-09-23 14:19:59,GetExchangeSnapshot,NSE,NSE,1minute,1560,2026-09-23 14:04:00,1,293427,1560,23141,
2026-09-23 14:21:09,GetHistory,NIFTY 50,NSE_IDX,1minute,298,2026-09-23 14:06:00,23437.7,0,0,1304,
2026-09-23 14:21:10,GetHistory,RELIANCE,NSE,1minute,292,2026-09-23 14:06:00,1247.2,0,8544,969,
2026-09-23 14:21:11,GetHistory,FUTIDX_NIFTY_29SEP2026_XX_0,NFO,1minute,292,2026-09-23 14:06:00,23458.0,16112460,1300,678,
2026-09-23 14:21:15,GetHistory,OPTIDX_NIFTY_29SEP2026_CE_23350,NFO,1minute,292,2026-09-23 14:06:00,179.2,2737670,109980,4279,
2026-09-23 14:21:41,GetExchangeSnapshot,NFO,NFO,1minute,2599,2026-09-23 14:06:00,2256,556501,2599,25831,
2026-09-23 14:23:01,GetHistory,FUTIDX_BANKNIFTY_29SEP2026_XX_0,NFO,15minute,72,2026-09-23 14:00:00,56720.0,1871790,9660,2022,
2026-09-23 14:23:02,GetHistory,FUTIDX_NIFTY_29SEP2026_XX_0,NFO,15minute,72,2026-09-23 14:00:00,23469.0,16123185,65520,1528,
2026-09-23 14:23:04,GetHistory,FUTSTK_RELIANCE_29SEP2026_XX_0,NFO,15minute,72,2026-09-23 14:00:00,1250.5,112612000,1084500,1448,
2026-09-23 14:23:05,GetHistory,OPTIDX_BANKNIFTY_29SEP2026_CE_56200,NFO,15minute,72,2026-09-23 14:00:00,645.4,130140,17340,1188,
2026-09-23 14:23:07,GetHistory,OPTIDX_BANKNIFTY_29SEP2026_PE_56200,NFO,15minute,72,2026-09-23 14:00:00,128.85,303570,43740,1723,
2026-09-23 14:23:08,GetHistory,OPTIDX_NIFTY_29SEP2026_CE_23350,NFO,15minute,72,2026-09-23 14:00:00,187.0,2723955,1830075,1731,
2026-09-23 14:23:10,GetHistory,OPTIDX_NIFTY_29SEP2026_PE_23350,NFO,15minute,72,2026-09-23 14:00:00,64.15,7492680,3032575,1496,
2026-09-23 14:23:12,GetHistory,HDFCBANK,NSE,15minute,74,2026-09-23 14:00:00,740.25,0,492000,2485,
2026-09-23 14:23:17,GetHistory,RELIANCE,NSE,15minute,74,2026-09-23 14:00:00,1248.2,0,247403,4451,
2026-09-23 14:23:22,GetHistory,NIFTY 50,NSE_IDX,15minute,118,2026-09-23 14:00:00,23451.75,0,0,5015,
2026-09-23 14:23:27,GetHistory,NIFTY BANK,NSE_IDX,15minute,118,2026-09-23 14:00:00,56603.6,0,0,5616,
2026-09-23 14:23:38,GetHistory,NIFTY 50,NSE_IDX,1minute,300,2026-09-23 14:08:00,23440.2,0,0,1408,
2026-09-23 14:23:38,GetHistory,RELIANCE,NSE,1minute,294,2026-09-23 14:08:00,1248.2,0,6961,685,
2026-09-23 14:23:40,GetHistory,FUTIDX_NIFTY_29SEP2026_XX_0,NFO,1minute,294,2026-09-23 14:08:00,23455.0,16112915,3380,1280,
2026-09-23 14:23:40,GetHistory,OPTIDX_NIFTY_29SEP2026_CE_23350,NFO,1minute,294,2026-09-23 14:08:00,177.65,2769260,52715,681,
2026-09-23 14:24:07,GetExchangeSnapshot,NFO,NFO,1minute,2686,2026-09-23 14:09:00,2335,575129,2686,27125,
2026-09-23 14:24:31,GetExchangeSnapshot,NSE,NSE,1minute,1610,2026-09-23 14:09:00,1,302913,1610,23572,
2026-09-23 14:25:41,GetHistory,NIFTY 50,NSE_IDX,1minute,302,2026-09-23 14:10:00,23444.9,0,0,1309,
2026-09-23 14:25:42,GetHistory,RELIANCE,NSE,1minute,296,2026-09-23 14:10:00,1248.1,0,8862,684,
2026-09-23 14:25:43,GetHistory,FUTIDX_NIFTY_29SEP2026_XX_0,NFO,1minute,296,2026-09-23 14:10:00,23466.2,16119155,26130,1059,
2026-09-23 14:25:44,GetHistory,OPTIDX_NIFTY_29SEP2026_CE_23350,NFO,1minute,296,2026-09-23 14:10:00,182.85,2745730,182195,940,
2026-09-23 14:26:12,GetExchangeSnapshot,NFO,NFO,1minute,2918,2026-09-23 14:11:00,2563,624694,2918,27584,
2026-09-23 14:28:02,GetHistory,FUTIDX_BANKNIFTY_29SEP2026_XX_0,NFO,15minute,72,2026-09-23 14:00:00,56720.0,1871790,9660,2029,
2026-09-23 14:28:03,GetHistory,FUTIDX_NIFTY_29SEP2026_XX_0,NFO,15minute,72,2026-09-23 14:00:00,23469.0,16123185,65520,1524,
2026-09-23 14:28:06,GetHistory,FUTSTK_RELIANCE_29SEP2026_XX_0,NFO,15minute,72,2026-09-23 14:00:00,1250.5,112612000,1084500,2470,
2026-09-23 14:28:07,GetHistory,OPTIDX_BANKNIFTY_29SEP2026_CE_56200,NFO,15minute,72,2026-09-23 14:00:00,645.4,130140,17340,1156,
2026-09-23 14:28:08,GetHistory,OPTIDX_BANKNIFTY_29SEP2026_PE_56200,NFO,15minute,72,2026-09-23 14:00:00,128.85,303570,43740,1234,
2026-09-23 14:28:14,GetHistory,OPTIDX_NIFTY_29SEP2026_CE_23350,NFO,15minute,72,2026-09-23 14:00:00,187.0,2723955,1830075,6061,
2026-09-23 14:28:16,GetHistory,OPTIDX_NIFTY_29SEP2026_PE_23350,NFO,15minute,72,2026-09-23 14:00:00,64.15,7492680,3032575,1500,
2026-09-23 14:28:18,GetHistory,HDFCBANK,NSE,15minute,74,2026-09-23 14:00:00,740.25,0,492000,2377,
2026-09-23 14:28:23,GetHistory,RELIANCE,NSE,15minute,74,2026-09-23 14:00:00,1248.2,0,247403,5446,
2026-09-23 14:28:27,GetHistory,NIFTY 50,NSE_IDX,15minute,118,2026-09-23 14:00:00,23451.75,0,0,3671,
2026-09-23 14:28:33,GetHistory,NIFTY BANK,NSE_IDX,15minute,118,2026-09-23 14:00:00,56603.6,0,0,5586,
2026-09-23 14:28:33,GetHistory,NIFTY 50,NSE_IDX,1minute,305,2026-09-23 14:13:00,23449.45,0,0,866,
2026-09-23 14:28:38,GetHistory,RELIANCE,NSE,1minute,299,2026-09-23 14:13:00,1248.3,0,5850,4588,
2026-09-23 14:28:39,GetHistory,FUTIDX_NIFTY_29SEP2026_XX_0,NFO,1minute,299,2026-09-23 14:13:00,23470.0,16123250,1560,761,
2026-09-23 14:28:40,GetHistory,OPTIDX_NIFTY_29SEP2026_CE_23350,NFO,1minute,299,2026-09-23 14:13:00,186.35,2724215,75140,1111,
2026-09-23 14:29:09,GetExchangeSnapshot,NFO,NFO,1minute,2823,2026-09-23 14:14:00,2469,605055,2823,28914,
2026-09-23 14:29:33,GetExchangeSnapshot,NSE,NSE,1minute,1602,2026-09-23 14:14:00,2,301252,1602,23915,
2026-09-23 14:30:22,GetHistory,NIFTY 50,NSE_IDX,1minute,307,2026-09-23 14:15:00,23449.05,0,0,1308,
2026-09-23 14:30:23,GetHistory,RELIANCE,NSE,1minute,301,2026-09-23 14:15:00,1247.7,0,16182,1087,
2026-09-23 14:30:24,GetHistory,FUTIDX_NIFTY_29SEP2026_XX_0,NFO,1minute,301,2026-09-23 14:15:00,23470.0,16123900,910,1147,
2026-09-23 14:30:25,GetHistory,OPTIDX_NIFTY_29SEP2026_CE_23350,NFO,1minute,301,2026-09-23 14:15:00,183.05,2715765,87815,927,
2026-09-23 14:30:53,GetExchangeSnapshot,NFO,NFO,1minute,2877,2026-09-23 14:15:00,2521,616304,2877,27739,
2026-09-23 14:31:17,GetExchangeSnapshot,NSE,NSE,1minute,1596,2026-09-23 14:16:00,2,300348,1596,24373,
2026-09-23 14:32:42,GetHistory,NIFTY 50,NSE_IDX,1minute,309,2026-09-23 14:17:00,23445.15,0,0,5315,
2026-09-23 14:32:43,GetHistory,RELIANCE,NSE,1minute,303,2026-09-23 14:17:00,1247.2,0,11621,829,
2026-09-23 14:32:44,GetHistory,FUTIDX_NIFTY_29SEP2026_XX_0,NFO,1minute,303,2026-09-23 14:17:00,23462.7,16119350,3770,1099,
2026-09-23 14:32:45,GetHistory,OPTIDX_NIFTY_29SEP2026_CE_23350,NFO,1minute,303,2026-09-23 14:17:00,182.0,2690285,92495,979,
2026-09-23 14:33:12,GetExchangeSnapshot,NFO,NFO,1minute,2927,2026-09-23 14:18:00,2549,627483,2927,27037,
2026-09-23 14:33:23,GetHistory,FUTIDX_BANKNIFTY_29SEP2026_XX_0,NFO,15minute,73,2026-09-23 14:15:00,56715.6,1872630,4950,2122,
2026-09-23 14:33:24,GetHistory,FUTIDX_NIFTY_29SEP2026_XX_0,NFO,15minute,73,2026-09-23 14:15:00,23477.7,16111095,82550,1528,
2026-09-23 14:33:26,GetHistory,FUTSTK_RELIANCE_29SEP2026_XX_0,NFO,15minute,73,2026-09-23 14:15:00,1250.9,112570000,543000,1454,
2026-09-23 14:33:31,GetHistory,OPTIDX_BANKNIFTY_29SEP2026_CE_56200,NFO,15minute,73,2026-09-23 14:15:00,648.4,129720,9570,5736,
2026-09-23 14:33:33,GetHistory,OPTIDX_BANKNIFTY_29SEP2026_PE_56200,NFO,15minute,73,2026-09-23 14:15:00,126.9,309300,48690,1285,
2026-09-23 14:33:34,GetHistory,OPTIDX_NIFTY_29SEP2026_CE_23350,NFO,15minute,73,2026-09-23 14:15:00,193.6,2620410,1596660,981,
2026-09-23 14:33:36,GetHistory,OPTIDX_NIFTY_29SEP2026_PE_23350,NFO,15minute,73,2026-09-23 14:15:00,61.7,7468565,2420275,2087,
2026-09-23 14:33:43,GetHistory,HDFCBANK,NSE,15minute,75,2026-09-23 14:15:00,741.1,0,657669,6860,
2026-09-23 14:33:45,GetHistory,RELIANCE,NSE,15minute,75,2026-09-23 14:15:00,1247.9,0,211767,2470,
2026-09-23 14:33:49,GetHistory,NIFTY 50,NSE_IDX,15minute,119,2026-09-23 14:15:00,23457.45,0,0,3683,
2026-09-23 14:33:54,GetHistory,NIFTY BANK,NSE_IDX,15minute,119,2026-09-23 14:15:00,56610.15,0,0,5301,
2026-09-23 14:35:01,GetHistory,NIFTY 50,NSE_IDX,1minute,312,2026-09-23 14:20:00,23440.0,0,0,4160,
2026-09-23 14:35:01,GetHistory,RELIANCE,NSE,1minute,306,2026-09-23 14:20:00,1246.0,0,18941,691,
2026-09-23 14:35:02,GetHistory,FUTIDX_NIFTY_29SEP2026_XX_0,NFO,1minute,306,2026-09-23 14:20:00,23461.0,16121235,1755,1064,
2026-09-23 14:35:03,GetHistory,OPTIDX_NIFTY_29SEP2026_CE_23350,NFO,1minute,306,2026-09-23 14:20:00,179.4,2685930,119795,970,
2026-09-23 14:35:31,GetExchangeSnapshot,NFO,NFO,1minute,2982,2026-09-23 14:20:00,2632,639301,2982,27821,
2026-09-23 14:35:55,GetExchangeSnapshot,NSE,NSE,1minute,1628,2026-09-23 14:20:00,2,306222,1628,23539,
2026-09-23 14:37:05,GetHistory,NIFTY 50,NSE_IDX,1minute,314,2026-09-23 14:22:00,23443.8,0,0,1992,
2026-09-23 14:37:06,GetHistory,RELIANCE,NSE,1minute,308,2026-09-23 14:22:00,1246.0,0,36782,886,
2026-09-23 14:37:07,GetHistory,FUTIDX_NIFTY_29SEP2026_XX_0,NFO,1minute,308,2026-09-23 14:22:00,23459.0,16121820,2535,987,
2026-09-23 14:37:11,GetHistory,OPTIDX_NIFTY_29SEP2026_CE_23350,NFO,1minute,308,2026-09-23 14:22:00,181.6,2691455,39975,3872,
2026-09-23 14:37:39,GetExchangeSnapshot,NFO,NFO,1minute,3151,2026-09-23 14:22:00,2774,674636,3151,28208,
2026-09-23 14:38:53,GetHistory,FUTIDX_BANKNIFTY_29SEP2026_XX_0,NFO,15minute,73,2026-09-23 14:15:00,56715.6,1872630,4950,4712,
2026-09-23 14:38:54,GetHistory,FUTIDX_NIFTY_29SEP2026_XX_0,NFO,15minute,73,2026-09-23 14:15:00,23477.7,16111095,82550,1573,
2026-09-23 14:38:58,GetHistory,FUTSTK_RELIANCE_29SEP2026_XX_0,NFO,15minute,73,2026-09-23 14:15:00,1250.9,112570000,543000,3297,
2026-09-23 14:38:59,GetHistory,OPTIDX_BANKNIFTY_29SEP2026_CE_56200,NFO,15minute,73,2026-09-23 14:15:00,648.4,129720,9570,1216,
2026-09-23 14:39:03,GetHistory,OPTIDX_BANKNIFTY_29SEP2026_PE_56200,NFO,15minute,73,2026-09-23 14:15:00,126.9,309300,48690,4123,
2026-09-23 14:39:04,GetHistory,OPTIDX_NIFTY_29SEP2026_CE_23350,NFO,15minute,73,2026-09-23 14:15:00,193.6,2620410,1596660,1100,
2026-09-23 14:39:06,GetHistory,OPTIDX_NIFTY_29SEP2026_PE_23350,NFO,15minute,73,2026-09-23 14:15:00,61.7,7468565,2420275,1496,
2026-09-23 14:39:11,GetHistory,HDFCBANK,NSE,15minute,75,2026-09-23 14:15:00,741.1,0,657669,5201,
2026-09-23 14:39:13,GetHistory,RELIANCE,NSE,15minute,75,2026-09-23 14:15:00,1247.9,0,211767,2519,
2026-09-23 14:39:17,GetHistory,NIFTY 50,NSE_IDX,15minute,119,2026-09-23 14:15:00,23457.45,0,0,3831,
2026-09-23 14:39:25,GetHistory,NIFTY BANK,NSE_IDX,15minute,119,2026-09-23 14:15:00,56610.15,0,0,7402,
2026-09-23 14:39:34,GetHistory,NIFTY 50,NSE_IDX,1minute,316,2026-09-23 14:24:00,23448.35,0,0,1308,
2026-09-23 14:39:36,GetHistory,RELIANCE,NSE,1minute,310,2026-09-23 14:24:00,1246.6,0,9503,1120,
2026-09-23 14:39:37,GetHistory,FUTIDX_NIFTY_29SEP2026_XX_0,NFO,1minute,310,2026-09-23 14:24:00,23470.0,16105635,3315,1253,
2026-09-23 14:39:40,GetHistory,OPTIDX_NIFTY_29SEP2026_CE_23350,NFO,1minute,310,2026-09-23 14:24:00,185.5,2686645,90480,3302,
2026-09-23 14:40:06,GetExchangeSnapshot,NFO,NFO,1minute,2713,2026-09-23 14:25:00,2350,580939,2713,26300,
2026-09-23 14:40:30,GetExchangeSnapshot,NSE,NSE,1minute,1640,2026-09-23 14:25:00,2,308572,1640,23484,
2026-09-23 14:41:41,GetHistory,NIFTY 50,NSE_IDX,1minute,318,2026-09-23 14:26:00,23448.55,0,0,1901,
2026-09-23 14:41:42,GetHistory,RELIANCE,NSE,1minute,312,2026-09-23 14:26:00,1246.6,0,5841,921,
2026-09-23 14:41:43,GetHistory,FUTIDX_NIFTY_29SEP2026_XX_0,NFO,1minute,312,2026-09-23 14:26:00,23466.0,16105635,2210,985,
2026-09-23 14:41:43,GetHistory,OPTIDX_NIFTY_29SEP2026_CE_23350,NFO,1minute,312,2026-09-23 14:26:00,184.05,2685410,31785,687,
2026-09-23 14:42:11,GetExchangeSnapshot,NFO,NFO,1minute,2897,2026-09-23 14:27:00,2541,620133,2897,28026,
2026-09-23 14:43:53,GetHistory,FUTIDX_BANKNIFTY_29SEP2026_XX_0,NFO,15minute,73,2026-09-23 14:15:00,56715.6,1872630,4950,1859,
2026-09-23 14:43:57,GetHistory,FUTIDX_NIFTY_29SEP2026_XX_0,NFO,15minute,73,2026-09-23 14:15:00,23477.7,16111095,82550,4004,
2026-09-23 14:43:59,GetHistory,FUTSTK_RELIANCE_29SEP2026_XX_0,NFO,15minute,73,2026-09-23 14:15:00,1250.9,112570000,543000,1947,
2026-09-23 14:44:02,GetHistory,OPTIDX_BANKNIFTY_29SEP2026_CE_56200,NFO,15minute,73,2026-09-23 14:15:00,648.4,129720,9570,2621,
2026-09-23 14:44:03,GetHistory,OPTIDX_BANKNIFTY_29SEP2026_PE_56200,NFO,15minute,73,2026-09-23 14:15:00,126.9,309300,48690,1352,
2026-09-23 14:44:04,GetHistory,OPTIDX_NIFTY_29SEP2026_CE_23350,NFO,15minute,73,2026-09-23 14:15:00,193.6,2620410,1596660,1046,
2026-09-23 14:44:06,GetHistory,OPTIDX_NIFTY_29SEP2026_PE_23350,NFO,15minute,73,2026-09-23 14:15:00,61.7,7468565,2420275,1608,
2026-09-23 14:44:11,GetHistory,HDFCBANK,NSE,15minute,75,2026-09-23 14:15:00,741.1,0,657669,5811,
2026-09-23 14:44:14,GetHistory,RELIANCE,NSE,15minute,75,2026-09-23 14:15:00,1247.9,0,211767,2457,
2026-09-23 14:44:18,GetHistory,NIFTY 50,NSE_IDX,15minute,119,2026-09-23 14:15:00,23457.45,0,0,3727,
2026-09-23 14:44:24,GetHistory,NIFTY BANK,NSE_IDX,15minute,119,2026-09-23 14:15:00,56610.15,0,0,6276,
2026-09-23 14:44:25,GetHistory,NIFTY 50,NSE_IDX,1minute,321,2026-09-23 14:29:00,23457.45,0,0,850,
2026-09-23 14:44:25,GetHistory,RELIANCE,NSE,1minute,315,2026-09-23 14:29:00,1247.9,0,14011,693,
2026-09-23 14:44:27,GetHistory,FUTIDX_NIFTY_29SEP2026_XX_0,NFO,1minute,315,2026-09-23 14:29:00,23477.7,16111095,26390,1270,
2026-09-23 14:44:31,GetHistory,OPTIDX_NIFTY_29SEP2026_CE_23350,NFO,1minute,315,2026-09-23 14:29:00,193.6,2620410,303550,3925,
2026-09-23 14:44:58,GetExchangeSnapshot,NFO,NFO,1minute,3130,2026-09-23 14:29:00,2746,670160,3130,27895,
2026-09-23 14:45:22,GetExchangeSnapshot,NSE,NSE,1minute,1734,2026-09-23 14:30:00,1,326131,1734,23913,
2026-09-23 14:46:11,GetHistory,NIFTY 50,NSE_IDX,1minute,323,2026-09-23 14:31:00,23453.6,0,0,1424,
2026-09-23 14:46:12,GetHistory,RELIANCE,NSE,1minute,317,2026-09-23 14:31:00,1247.1,0,29299,691,
2026-09-23 14:46:13,GetHistory,FUTIDX_NIFTY_29SEP2026_XX_0,NFO,1minute,317,2026-09-23 14:31:00,23474.7,16125980,2210,1168,
2026-09-23 14:46:14,GetHistory,OPTIDX_NIFTY_29SEP2026_CE_23350,NFO,1minute,317,2026-09-23 14:31:00,191.0,2565875,110825,684,
2026-09-23 14:46:44,GetExchangeSnapshot,NFO,NFO,1minute,3264,2026-09-23 14:31:00,2874,699576,3264,29897,
2026-09-23 14:47:08,GetExchangeSnapshot,NSE,NSE,1minute,1704,2026-09-23 14:32:00,1,320303,1704,24147,
2026-09-23 14:48:18,GetHistory,NIFTY 50,NSE_IDX,1minute,325,2026-09-23 14:33:00,23448.85,0,0,1301,
2026-09-23 14:48:19,GetHistory,RELIANCE,NSE,1minute,319,2026-09-23 14:33:00,1247.4,0,6391,989,
2026-09-23 14:48:20,GetHistory,FUTIDX_NIFTY_29SEP2026_XX_0,NFO,1minute,319,2026-09-23 14:33:00,23463.9,16128905,1755,887,
2026-09-23 14:48:25,GetHistory,OPTIDX_NIFTY_29SEP2026_CE_23350,NFO,1minute,319,2026-09-23 14:33:00,183.65,2529410,103870,4901,
2026-09-23 14:48:53,GetExchangeSnapshot,NFO,NFO,1minute,3122,2026-09-23 14:33:00,2731,668721,3122,28100,
2026-09-23 14:49:26,GetHistory,FUTIDX_BANKNIFTY_29SEP2026_XX_0,NFO,15minute,74,2026-09-23 14:30:00,56662.2,1869150,9300,2017,
2026-09-23 14:49:27,GetHistory,FUTIDX_NIFTY_29SEP2026_XX_0,NFO,15minute,74,2026-09-23 14:30:00,23451.2,16131245,53885,1514,
2026-09-23 14:49:29,GetHistory,FUTSTK_RELIANCE_29SEP2026_XX_0,NFO,15minute,74,2026-09-23 14:30:00,1247.6,112590500,301500,1887,
2026-09-23 14:49:30,GetHistory,OPTIDX_BANKNIFTY_29SEP2026_CE_56200,NFO,15minute,74,2026-09-23 14:30:00,600.35,129180,23400,1198,
2026-09-23 14:49:35,GetHistory,OPTIDX_BANKNIFTY_29SEP2026_PE_56200,NFO,15minute,74,2026-09-23 14:30:00,138.1,319410,77070,4830,
2026-09-23 14:49:36,GetHistory,OPTIDX_NIFTY_29SEP2026_CE_23350,NFO,15minute,74,2026-09-23 14:30:00,166.75,2468570,1739920,955,
2026-09-23 14:49:38,GetHistory,OPTIDX_NIFTY_29SEP2026_PE_23350,NFO,15minute,74,2026-09-23 14:30:00,72.05,7272460,3889925,1609,
2026-09-23 14:49:40,GetHistory,HDFCBANK,NSE,15minute,76,2026-09-23 14:30:00,740.0,0,697581,2563,
2026-09-23 14:49:45,GetHistory,RELIANCE,NSE,15minute,76,2026-09-23 14:30:00,1245.2,0,257593,4135,
2026-09-23 14:49:51,GetHistory,NIFTY 50,NSE_IDX,15minute,120,2026-09-23 14:30:00,23427.15,0,0,5996,
2026-09-23 14:49:57,GetHistory,NIFTY BANK,NSE_IDX,15minute,120,2026-09-23 14:30:00,56553.65,0,0,6560,
2026-09-23 14:50:37,GetHistory,NIFTY 50,NSE_IDX,1minute,327,2026-09-23 14:35:00,23435.45,0,0,1273,
2026-09-23 14:50:41,GetHistory,RELIANCE,NSE,1minute,321,2026-09-23 14:35:00,1246.5,0,17946,4071,
2026-09-23 14:50:42,GetHistory,FUTIDX_NIFTY_29SEP2026_XX_0,NFO,1minute,321,2026-09-23 14:35:00,23450.0,16129555,2080,1322,
2026-09-23 14:50:43,GetHistory,OPTIDX_NIFTY_29SEP2026_CE_23350,NFO,1minute,321,2026-09-23 14:35:00,173.75,2483975,265070,707,
2026-09-23 14:51:12,GetExchangeSnapshot,NFO,NFO,1minute,3161,2026-09-23 14:36:00,2790,677191,3161,28476,
2026-09-23 14:51:35,GetExchangeSnapshot,NSE,NSE,1minute,1668,2026-09-23 14:36:00,2,313938,1668,23460,
2026-09-23 14:52:45,GetHistory,NIFTY 50,NSE_IDX,1minute,329,2026-09-23 14:37:00,23438.95,0,0,1313,
2026-09-23 14:52:46,GetHistory,RELIANCE,NSE,1minute,323,2026-09-23 14:37:00,1246.5,0,10178,975,
2026-09-23 14:52:47,GetHistory,FUTIDX_NIFTY_29SEP2026_XX_0,NFO,1minute,323,2026-09-23 14:37:00,23454.0,16131050,3965,989,
2026-09-23 14:52:48,GetHistory,OPTIDX_NIFTY_29SEP2026_CE_23350,NFO,1minute,323,2026-09-23 14:37:00,175.75,2495740,95355,684,
2026-09-23 14:53:15,GetExchangeSnapshot,NFO,NFO,1minute,3029,2026-09-23 14:38:00,2651,648639,3029,27360,
2026-09-23 14:54:57,GetHistory,FUTIDX_BANKNIFTY_29SEP2026_XX_0,NFO,15minute,74,2026-09-23 14:30:00,56662.2,1869150,9300,3421,
2026-09-23 14:54:59,GetHistory,FUTIDX_NIFTY_29SEP2026_XX_0,NFO,15minute,74,2026-09-23 14:30:00,23451.2,16131245,53885,1657,
2026-09-23 14:55:04,GetHistory,FUTSTK_RELIANCE_29SEP2026_XX_0,NFO,15minute,74,2026-09-23 14:30:00,1247.6,112590500,301500,4789,
2026-09-23 14:55:05,GetHistory,OPTIDX_BANKNIFTY_29SEP2026_CE_56200,NFO,15minute,74,2026-09-23 14:30:00,600.35,129180,23400,1127,
2026-09-23 14:55:08,GetHistory,OPTIDX_BANKNIFTY_29SEP2026_PE_56200,NFO,15minute,74,2026-09-23 14:30:00,138.1,319410,77070,3775,
2026-09-23 14:55:09,GetHistory,OPTIDX_NIFTY_29SEP2026_CE_23350,NFO,15minute,74,2026-09-23 14:30:00,166.75,2468570,1739920,774,
2026-09-23 14:55:11,GetHistory,OPTIDX_NIFTY_29SEP2026_PE_23350,NFO,15minute,74,2026-09-23 14:30:00,72.05,7272460,3889925,1734,
2026-09-23 14:55:16,GetHistory,HDFCBANK,NSE,15minute,76,2026-09-23 14:30:00,740.0,0,697581,5132,
2026-09-23 14:55:19,GetHistory,RELIANCE,NSE,15minute,76,2026-09-23 14:30:00,1245.2,0,257593,2806,
2026-09-23 14:55:23,GetHistory,NIFTY 50,NSE_IDX,15minute,120,2026-09-23 14:30:00,23427.15,0,0,3704,
2026-09-23 14:55:30,GetHistory,NIFTY BANK,NSE_IDX,15minute,120,2026-09-23 14:30:00,56553.65,0,0,7436,
2026-09-23 14:55:31,GetHistory,NIFTY 50,NSE_IDX,1minute,332,2026-09-23 14:40:00,23436.0,0,0,950,
2026-09-23 14:55:32,GetHistory,RELIANCE,NSE,1minute,326,2026-09-23 14:40:00,1246.6,0,14526,694,
2026-09-23 14:55:33,GetHistory,FUTIDX_NIFTY_29SEP2026_XX_0,NFO,1minute,326,2026-09-23 14:40:00,23450.0,16131440,2730,1145,
2026-09-23 14:55:37,GetHistory,OPTIDX_NIFTY_29SEP2026_CE_23350,NFO,1minute,326,2026-09-23 14:40:00,169.55,2475980,137670,3733,
2026-09-23 14:56:04,GetExchangeSnapshot,NFO,NFO,1minute,3176,2026-09-23 14:40:00,2810,680179,3176,27507,
2026-09-23 14:56:27,GetExchangeSnapshot,NSE,NSE,1minute,1649,2026-09-23 14:41:00,1,310229,1649,23406,
2026-09-23 14:57:07,GetHistory,NIFTY 50,NSE_IDX,1minute,334,2026-09-23 14:42:00,23436.1,0,0,1234,
2026-09-23 14:57:08,GetHistory,RELIANCE,NSE,1minute,328,2026-09-23 14:42:00,1246.6,0,18168,1047,
2026-09-23 14:57:09,GetHistory,FUTIDX_NIFTY_29SEP2026_XX_0,NFO,1minute,328,2026-09-23 14:42:00,23450.3,16131960,9165,937,
2026-09-23 14:57:10,GetHistory,OPTIDX_NIFTY_29SEP2026_CE_23350,NFO,1minute,328,2026-09-23 14:42:00,170.05,2482675,61945,1025,
2026-09-23 14:57:38,GetExchangeSnapshot,NFO,NFO,1minute,3087,2026-09-23 14:42:00,2706,660759,3087,27512,
2026-09-23 14:59:18,GetHistory,NIFTY 50,NSE_IDX,1minute,336,2026-09-23 14:44:00,23427.15,0,0,2000,
2026-09-23 14:59:19,GetHistory,RELIANCE,NSE,1minute,330,2026-09-23 14:44:00,1245.2,0,26107,825,
2026-09-23 14:59:20,GetHistory,FUTIDX_NIFTY_29SEP2026_XX_0,NFO,1minute,330,2026-09-23 14:44:00,23451.2,16131245,7215,972,
2026-09-23 14:59:21,GetHistory,OPTIDX_NIFTY_29SEP2026_CE_23350,NFO,1minute,330,2026-09-23 14:44:00,166.75,2468570,100490,959,
2026-09-23 14:59:49,GetExchangeSnapshot,NFO,NFO,1minute,3104,2026-09-23 14:44:00,2728,664545,3104,27781,
2026-09-23 15:00:44,GetExchangeSnapshot,NSE,NSE,1minute,1684,2026-09-23 14:45:00,1,317074,1684,54718,
2026-09-23 15:01:06,GetHistory,FUTIDX_BANKNIFTY_29SEP2026_XX_0,NFO,15minute,75,2026-09-23 14:45:00,56640.0,1858680,24990,4649,
2026-09-23 15:01:08,GetHistory,FUTIDX_NIFTY_29SEP2026_XX_0,NFO,15minute,75,2026-09-23 14:45:00,23441.4,16168100,132015,1381,
2026-09-23 15:01:09,GetHistory,FUTSTK_RELIANCE_29SEP2026_XX_0,NFO,15minute,75,2026-09-23 14:45:00,1247.4,112661500,281500,1512,
2026-09-23 15:01:13,GetHistory,OPTIDX_BANKNIFTY_29SEP2026_CE_56200,NFO,15minute,75,2026-09-23 14:45:00,582.95,127800,30030,4107,
2026-09-23 15:01:14,GetHistory,OPTIDX_BANKNIFTY_29SEP2026_PE_56200,NFO,15minute,75,2026-09-23 14:45:00,144.0,313590,71190,1244,
2026-09-23 15:01:15,GetHistory,OPTIDX_NIFTY_29SEP2026_CE_23350,NFO,15minute,75,2026-09-23 14:45:00,162.0,2466880,1580215,933,
2026-09-23 15:01:17,GetHistory,OPTIDX_NIFTY_29SEP2026_PE_23350,NFO,15minute,75,2026-09-23 14:45:00,72.8,6786780,4291365,1475,
2026-09-23 15:01:19,GetHistory,HDFCBANK,NSE,15minute,77,2026-09-23 14:45:00,739.9,0,1370499,2397,
2026-09-23 15:01:26,GetHistory,RELIANCE,NSE,15minute,77,2026-09-23 14:45:00,1245.5,0,422319,6924,
2026-09-23 15:01:30,GetHistory,NIFTY 50,NSE_IDX,15minute,121,2026-09-23 14:45:00,23422.55,0,0,3711,
2026-09-23 15:01:34,GetHistory,NIFTY BANK,NSE_IDX,15minute,121,2026-09-23 14:45:00,56514.05,0,0,3691,
2026-09-23 15:01:54,GetHistory,NIFTY 50,NSE_IDX,1minute,338,2026-09-23 14:46:00,23432.65,0,0,1920,
2026-09-23 15:01:54,GetHistory,RELIANCE,NSE,1minute,332,2026-09-23 14:46:00,1246.3,0,17066,673,
2026-09-23 15:01:56,GetHistory,FUTIDX_NIFTY_29SEP2026_XX_0,NFO,1minute,332,2026-09-23 14:46:00,23445.0,16133455,8515,1467,
2026-09-23 15:01:56,GetHistory,OPTIDX_NIFTY_29SEP2026_CE_23350,NFO,1minute,332,2026-09-23 14:46:00,169.75,2534025,180310,655,
2026-09-23 15:02:24,GetExchangeSnapshot,NFO,NFO,1minute,3360,2026-09-23 14:47:00,2960,719016,3360,27901,
2026-09-23 15:14:15,GetHistory,NIFTY 50,NSE_IDX,1minute,,,,,,60055,gdf: no reply within the timeout
2026-09-23 15:15:15,GetHistory,RELIANCE,NSE,1minute,,,,,,60032,gdf: no reply within the timeout
2026-09-23 15:16:15,GetHistory,FUTIDX_NIFTY_29SEP2026_XX_0,NFO,1minute,,,,,,60064,gdf: no reply within the timeout
2026-09-23 15:17:17,GetHistory,OPTIDX_NIFTY_29SEP2026_CE_23350,NFO,1minute,,,,,,62001,gdf: no reply within the timeout
2026-09-23 15:18:17,GetExchangeSnapshot,NFO,NFO,1minute,,,,,,60077,gdf: no reply within the timeout
2026-09-23 15:19:19,GetExchangeSnapshot,NSE,NSE,1minute,,,,,,61999,gdf: no reply within the timeout
2026-09-23 15:51:30,GetHistory,FUTIDX_BANKNIFTY_29SEP2026_XX_0,NFO,15minute,,,,,,61998,gdf: no reply within the timeout
2026-09-23 15:52:30,GetHistory,FUTIDX_NIFTY_29SEP2026_XX_0,NFO,15minute,,,,,,60033,gdf: no reply within the timeout
2026-09-23 15:53:30,GetHistory,FUTSTK_RELIANCE_29SEP2026_XX_0,NFO,15minute,,,,,,60057,gdf: no reply within the timeout
2026-09-23 15:54:32,GetHistory,OPTIDX_BANKNIFTY_29SEP2026_CE_56200,NFO,15minute,,,,,,61990,gdf: no reply within the timeout
2026-09-23 15:55:32,GetHistory,OPTIDX_BANKNIFTY_29SEP2026_PE_56200,NFO,15minute,,,,,,60002,gdf: no reply within the timeout
2026-09-23 15:56:32,GetHistory,OPTIDX_NIFTY_29SEP2026_CE_23350,NFO,15minute,,,,,,60001,gdf: no reply within the timeout
2026-09-23 15:57:32,GetHistory,OPTIDX_NIFTY_29SEP2026_PE_23350,NFO,15minute,,,,,,60049,gdf: no reply within the timeout
2026-09-23 15:58:32,GetHistory,HDFCBANK,NSE,15minute,,,,,,60019,gdf: no reply within the timeout
2026-09-23 15:59:32,GetHistory,RELIANCE,NSE,15minute,,,,,,60012,gdf: no reply within the timeout
2026-09-23 16:00:32,GetHistory,NIFTY 50,NSE_IDX,15minute,,,,,,60126,gdf: no reply within the timeout
2026-09-23 16:01:33,GetHistory,NIFTY BANK,NSE_IDX,15minute,,,,,,61063,gdf: no reply within the timeout
2026-09-23 16:02:34,GetHistory,NIFTY 50,NSE_IDX,1minute,,,,,,60970,gdf: no reply within the timeout
2026-09-23 16:03:35,GetHistory,RELIANCE,NSE,1minute,,,,,,60096,gdf: no reply within the timeout
2026-09-23 16:04:35,GetHistory,FUTIDX_NIFTY_29SEP2026_XX_0,NFO,1minute,,,,,,60001,gdf: no reply within the timeout
2026-09-23 16:05:35,GetHistory,OPTIDX_NIFTY_29SEP2026_CE_23350,NFO,1minute,,,,,,60018,gdf: no reply within the timeout
2026-09-23 16:06:35,GetExchangeSnapshot,NFO,NFO,1minute,,,,,,60017,gdf: no reply within the timeout
2026-09-23 16:07:37,GetExchangeSnapshot,NSE,NSE,1minute,,,,,,62002,gdf: no reply within the timeout
