pattern,n_consistent,stocks,calc_n_consistent,pair_rows,total_occurrences,weighted_avg_d1,_merge,n_diff
FALCPAT_6145,130,"BEL, AFFLE, MARUTI, CAPLIPOINT, INDHOTEL, LTFOODS, MANKIND, 360ONE, NH, KARURVYSYA, APLAPOLLO, POLICYBZR, ZENSARTECH, INDIANB, LICI, GRAVITA, ABSLAMC, JUBLPHARMA, PPLPHARMA, CEMPRO, CGPOWER, ATUL, NUVAMA, JBCHEPHARM, VIJAYA, CHAMBLFERT, KFINTECH, LAURUSLABS, COHANCE, SBILIFE, IDBI, AJANTPHARM, ERIS, TATAINVEST, ACUTAAS, SARDAEN, GMRAIRPORT, GRANULES, TATACOMM, HINDZINC",130,130,2729,0.9295009160864787,both,0
FALCPAT_6150,20,"ERIS, LODHA, ITI, BSE, HDFCBANK, ANURAS, GODREJIND, HINDUNILVR, BANKINDIA, BLUEJET, PFIZER, PARADEEP, DOMS, LLOYDSME, GRASIM, ELECON, CDSL, GLAXO, BDL, POLICYBZR",20,20,1006,0.6870019880715706,both,0
FALCPAT_6151,48,"UCOBANK, IOB, NIACL, HINDZINC, COCHINSHIP, MMTC, MRPL, GRSE, HONAUT, LINDEINDIA, ADANIGREEN, ABB, CONCORDBIO, BDL, AIIL, CENTRALBK, BAJAJHLDNG, MAZDOCK, ITI, TATAINVEST, GMDCLTD, FLUOROCHEM, BHARTIHEXA, KFINTECH, SBICARD, HUDCO, RELIANCE, MARICO, GICRE, RVNL, DATAPATTNS, ITC, CIPLA, WOCKPHARMA, GMRAIRPORT, JBMA, KALYANKJIL, OFSS, BOSCHLTD, TATACHEM",48,48,993,1.015865055387714,both,0
FALCPAT_6166,121,"RADICO, COHANCE, JBCHEPHARM, UBL, SHYAMMETL, ACUTAAS, PNB, LLOYDSME, FSL, AFFLE, SUNDARMFIN, POLICYBZR, DCMSHRIRAM, PETRONET, CHAMBLFERT, CGPOWER, GLAXO, LTFOODS, FLUOROCHEM, PHOENIXLTD, PPLPHARMA, NLCINDIA, ZOMATO, GPIL, CAPLIPOINT, MFSL, POONAWALLA, BPCL, NUVAMA, 360ONE, NATIONALUM, ABSLAMC, SARDAEN, AJANTPHARM, CEMPRO, APLAPOLLO, JSWSTEEL, PGEL, SJVN, SRF",121,121,2768,0.9188316473988438,both,0
FALCPAT_6170,28,"COHANCE, SOBHA, GMDCLTD, EICHERMOT, ANURAS, MRF, PARADEEP, ABCAPITAL, DEEPAKFERT, POLICYBZR, POWERGRID, IFCI, NMDC, RBLBANK, AUROPHARMA, MAPMYINDIA, GALLANTT, BLUESTARCO, CUMMINSIND, INDIANB, AMBUJACEM, TMPV, ZYDUSWELL, POLYMED, TRENT, TARIL, ADANIENT, LEMONTREE",28,28,696,0.7139698275862069,both,0
FALCPAT_6174,123,"ATUL, APLAPOLLO, ABSLAMC, JUBLPHARMA, DOMS, JBCHEPHARM, REDINGTON, CUMMINSIND, IPCALAB, UPL, LTFOODS, KARURVYSYA, LAURUSLABS, GLAXO, UBL, NH, FORCEMOT, LICHSGFIN, COHANCE, SJVN, NUVAMA, CONCOR, ACUTAAS, NATIONALUM, IRCTC, HUDCO, FORTIS, DLF, AJANTPHARM, CROMPTON, AUBANK, AFFLE, BAJAJHLDNG, PERSISTENT, NUVOCO, CHAMBLFERT, SARDAEN, MANKIND, MAHABANK, SUMICHEM",123,123,3623,0.8455956389732266,both,0
FALCPAT_6197,82,"PPLPHARMA, APLAPOLLO, MAZDOCK, KIMS, GODFRYPHLP, AJANTPHARM, GABRIEL, PARADEEP, AEGISLOG, ZOMATO, JKCEMENT, RAINBOW, NHPC, POLICYBZR, HONASA, VIJAYA, SAREGAMA, NAVA, ANURAS, ETERNAL, PNBHOUSING, COHANCE, ERIS, IGL, CHAMBLFERT, PHOENIXLTD, BHARTIARTL, 3MINDIA, SARDAEN, CREDITACC, SRF, SHYAMMETL, LEMONTREE, DCMSHRIRAM, DOMS, CONCOR, KPITTECH, NLCINDIA, SBFC, CHOLAHLDNG",82,82,1218,0.8772241379310344,both,0
FALCPAT_6199,75,"WOCKPHARMA, POWERINDIA, RITES, GODREJIND, RVNL, SYRMA, TTML, SHYAMMETL, APARINDS, FORCEMOT, NEULANDLAB, KIRLOSENG, PAYTM, DEVYANI, GRSE, ASTERDM, BEL, VEDL, POLICYBZR, FIVESTAR, TATAINVEST, ECLERX, SWANCORP, MMTC, JINDALSTEL, ITI, JWL, LTM, GVT&D, SHRIRAMFIN, CREDITACC, GPIL, BDL, AMBER, FINCABLES, SUNDARMFIN, JSWINFRA, IIFL, NATCOPHARM, NBCC",75,75,775,1.0175303225806451,both,0
FALCPAT_6201,35,"HONAUT, ANURAS, SIEMENS, TATAPOWER, HINDALCO, MMTC, NAUKRI, JUBLFOOD, KAJARIACER, ACC, MPHASIS, LICHSGFIN, CUMMINSIND, VOLTAS, PETRONET, RAILTEL, BSE, NAVINFLUOR, INDUSTOWER, BIOCON, ANANTRAJ, MUTHOOTFIN, GRANULES, SOBHA, TATACHEM, ELECON, MGL, SUNDARMFIN, SUMICHEM, AARTIIND, NUVAMA, EIDPARRY, ERIS, CDSL, LAURUSLABS",35,35,884,0.7010542986425339,both,0
FALCPAT_6205,71,"GLAXO, APLAPOLLO, GODREJIND, SBILIFE, DOMS, INDHOTEL, BEL, SYNGENE, ANURAS, LICI, CIPLA, NLCINDIA, JSWINFRA, POONAWALLA, KFINTECH, FIVESTAR, VEDL, FACT, PRESTIGE, PARADEEP, IPCALAB, WOCKPHARMA, ERIS, LODHA, UPL, BDL, RITES, CLEAN, AEGISLOG, SUNDARMFIN, TATACONSUM, BSE, ELECON, KIMS, GVT&D, ITI, CCL, PATANJALI, MAXHEALTH, SJVN",71,71,2253,0.7278007101642253,both,0
FALCPAT_6222,8,"MRPL, GVT&D, COHANCE, FORCEMOT, CGCL, RRKABEL, DIVISLAB, GABRIEL",8,8,561,0.5781818181818182,both,0
FALCPAT_6223,55,"NUVAMA, EIDPARRY, POWERINDIA, GILLETTE, VBL, VIJAYA, ZENSARTECH, TATACOMM, HSCL, CAPLIPOINT, POLYMED, PFC, SHRIRAMFIN, LATENTVIEW, TRIDENT, NATIONALUM, SUPREMEIND, BIKAJI, RECLTD, ENDURANCE, HBLENGINE, JINDALSTEL, JSWDULUX, KFINTECH, SUNDARMFIN, CEMPRO, MPHASIS, RVNL, CLEAN, HDFCLIFE, TARIL, BLS, TATASTEEL, SHYAMMETL, INDIACEM, NAM-INDIA, DCMSHRIRAM, RAILTEL, BAJAJHLDNG, USHAMART",55,55,957,0.8439028213166143,both,0
FALCPAT_6226,43,"CONCORDBIO, FACT, FORCEMOT, GODFRYPHLP, HONASA, CARTRADE, BDL, JYOTICNC, DATAPATTNS, NETWEB, CARBORUNIV, PAYTM, GVT&D, INOXWIND, RADICO, ANURAS, RKFORGE, MAZDOCK, JUBLPHARMA, GRAPHITE, PATANJALI, POLICYBZR, MAPMYINDIA, DOMS, KIMS, GPIL, EIDPARRY, LODHA, UTIAMC, NUVAMA, ERIS, CREDITACC, POWERINDIA, HBLENGINE, ONGC, SHYAMMETL, JINDALSTEL, COCHINSHIP, NBCC, APLAPOLLO",43,43,1039,0.7410692974013473,both,0
FALCPAT_6227,69,"ITI, WOCKPHARMA, OLECTRA, TTML, MINDACORP, APARINDS, GRAPHITE, BEML, PTCIL, J&KBANK, ETERNAL, IFCI, HOMEFIRST, JIOFIN, SYRMA, JWL, PARADEEP, HUDCO, TRENT, CHOLAHLDNG, JPPOWER, LTFOODS, BAJAJHLDNG, RITES, BLS, DIXON, GRAVITA, LODHA, DOMS, M&MFIN, SAIL, TIMKEN, FIVESTAR, SHREECEM, SBIN, PFIZER, SCHAEFFLER, FSL, JSWDULUX, COHANCE",69,69,873,0.9408717067583046,both,0
FALCPAT_6228,13,"HONAUT, ITI, GMDCLTD, COCHINSHIP, PFIZER, GSPL, ADANIGREEN, BDL, TATAINVEST, NIACL, BSE, CONCORDBIO, UNOMINDA",13,13,495,0.8568323232323232,both,0
FALCPAT_6229,77,"AMBER, VIJAYA, KPRMILL, ANANDRATHI, FSL, NLCINDIA, 360ONE, POLICYBZR, TARIL, ACE, APARINDS, ADANIPOWER, NAVA, LTFOODS, RADICO, VTL, KFINTECH, SHYAMMETL, TATAINVEST, BANKBARODA, PPLPHARMA, COHANCE, CEATLTD, MINDACORP, KIMS, HINDUNILVR, PHOENIXLTD, BAJAJ-AUTO, POONAWALLA, IREDA, SBICARD, ASAHIINDIA, ITI, IDBI, ACUTAAS, MFSL, KARURVYSYA, ERIS, BAJAJHLDNG, SYRMA",77,77,1869,0.8309882289994648,both,0
FALCPAT_6236,47,"UCOBANK, GSPL, NIACL, SCHAEFFLER, MRPL, TRIDENT, IOB, HINDZINC, GRSE, JMFINANCIL, COCHINSHIP, ABBOTINDIA, KFINTECH, BDL, TIMKEN, ATGL, ITI, HONAUT, KAYNES, FIVESTAR, HUDCO, PFIZER, FLUOROCHEM, MMTC, SOBHA, CLEAN, MAZDOCK, SYRMA, CDSL, MAPMYINDIA, CREDITACC, BPCL, ZENTEC, SAIL, USHAMART, KALYANKJIL, DATAPATTNS, CHOLAHLDNG, GODREJIND, IRCON",47,47,857,0.9229789964994166,both,0
FALCPAT_6245,38,"AIIL, TATACONSUM, BDL, ANURAS, TATAINVEST, ITI, KFINTECH, BSE, GODREJIND, BEML, SHREECEM, IREDA, ADANIENT, PATANJALI, 3MINDIA, CHOICEIN, SIGNATURE, JSWINFRA, LICI, GRAVITA, SYNGENE, ASIANPAINT, SBFC, SBICARD, STARHEALTH, GRASIM, GILLETTE, SAREGAMA, MAZDOCK, JKCEMENT, M&M, ERIS, HDFCLIFE, BIKAJI, OLECTRA, MAPMYINDIA, M&MFIN, TATAPOWER",38,38,1457,0.7063761153054221,both,0
FALCPAT_6251,103,"VIJAYA, RADICO, IDBI, SBICARD, PHOENIXLTD, BANKBARODA, LTFOODS, POONAWALLA, TATAINVEST, AEGISLOG, IPCALAB, UBL, NAVA, JUBLPHARMA, APTUS, J&KBANK, TRITURBINE, NLCINDIA, CAPLIPOINT, PPLPHARMA, WELCORP, BAYERCROP, HBLENGINE, SAREGAMA, GRANULES, BLS, CROMPTON, PFC, MAZDOCK, PARADEEP, YESBANK, HINDCOPPER, SARDAEN, SJVN, EXIDEIND, GILLETTE, CGPOWER, LODHA, OLECTRA, MAPMYINDIA",103,103,1349,1.0740896960711641,both,0
FALCPAT_6255,17,"NAVINFLUOR, STARHEALTH, HONASA, MGL, GUJGASLTD, PETRONET, SRF, CHOLAFIN, HDFCAMC, ATUL, BSOFT, NAUKRI, COROMANDEL, ANURAS, OBEROIRLTY, IGL, CUMMINSIND",17,17,339,0.8352861356932154,both,0
FALCPAT_6263,54,"VIJAYA, FORTIS, FSL, ACE, LT, POLICYBZR, BEL, NH, GVT&D, AJANTPHARM, BAJAJHLDNG, INDIGO, ADANIPOWER, BANKBARODA, ANANDRATHI, PATANJALI, MAXHEALTH, GLENMARK, APARINDS, NUVAMA, MCDOWELL-N, JBCHEPHARM, VBL, PETRONET, RADICO, TVSMOTOR, JUBLPHARMA, ASAHIINDIA, HINDCOPPER, DLF, CHOICEIN, SUNTV, KEI, DRREDDY, 360ONE, COHANCE, INOXWIND, MAHABANK, NEWGEN, EIHOTEL",54,54,1807,0.7090287769784173,both,0
FALCPAT_6264,67,"ECLERX, PGEL, KAYNES, JSWINFRA, JYOTICNC, JINDALSTEL, POLYCAB, NETWEB, KIRLOSENG, RKFORGE, FLUOROCHEM, JSWDULUX, NATIONALUM, TORNTPOWER, JIOFIN, NEULANDLAB, CESC, NCC, AJANTPHARM, ZENSARTECH, FACT, GPIL, TATASTEEL, AEGISLOG, KPIL, BLS, TITAN, TRENT, BALKRISIND, ACE, SBILIFE, GODREJIND, THERMAX, CGPOWER, JSWSTEEL, TECHNOE, CUMMINSIND, INTELLECT, HAVELLS, LTM",67,67,1012,0.9656590909090909,both,0
FALCPAT_6266,58,"GALLANTT, EIHOTEL, AEGISLOG, ESCORTS, CHOLAFIN, PHOENIXLTD, GODREJIND, KPRMILL, GRANULES, LEMONTREE, BALKRISIND, POWERGRID, ASHOKLEY, GODFRYPHLP, FIVESTAR, VTL, SHRIRAMFIN, SAREGAMA, VIJAYA, LODHA, HBLENGINE, BSE, ZOMATO, TVSMOTOR, PTCIL, HCLTECH, INFY, CHALET, PARADEEP, ECLERX, JYOTICNC, PNBHOUSING, HEG, ABBOTINDIA, EIDPARRY, CCL, DCMSHRIRAM, BIKAJI, CEMPRO, GLENMARK",58,58,871,0.9023731343283582,both,0
FALCPAT_6270,8,"HONASA, CONCORDBIO, AIIL, HINDZINC, MMTC, IFCI, COCHINSHIP, SOBHA",8,8,506,0.5964584980237154,both,0
FALCPAT_6288,116,"CGPOWER, MINDACORP, ACE, NLCINDIA, RVNL, TITAN, USHAMART, SOLARINDS, CHOLAFIN, POLICYBZR, JSWINFRA, MAZDOCK, SJVN, PPLPHARMA, CAMS, NUVAMA, IREDA, POLYCAB, JYOTICNC, SAPPHIRE, CONCORDBIO, CEMPRO, LTFOODS, BLS, ZOMATO, BRITANNIA, GRAVITA, BALRAMCHIN, SUZLON, TARIL, JUBLPHARMA, GVT&D, IDBI, AEGISLOG, ZENSARTECH, SUNTV, CHAMBLFERT, PNBHOUSING, BIKAJI, OLECTRA",116,116,1785,0.9162448179271709,both,0
FALCPAT_6292,25,"ICICIBANK, NAVINFLUOR, TATAPOWER, HDFCAMC, BALKRISIND, CUMMINSIND, HINDALCO, POWERGRID, INDIGO, BSOFT, MSUMI, ATUL, HEROMOTOCO, IDFCFIRSTB, INDUSINDBK, REDINGTON, BAJFINANCE, PETRONET, UPL, MUTHOOTFIN, COROMANDEL, KIMS, GRASIM, ALKEM, KAJARIACER",25,25,491,0.674256619144603,both,0
FALCPAT_6295,85,"ZENSARTECH, CAPLIPOINT, NLCINDIA, PPLPHARMA, TATAINVEST, LTFOODS, GODREJIND, TARIL, NEULANDLAB, RAINBOW, LODHA, ASHOKLEY, JBCHEPHARM, TATAPOWER, NAVA, GPIL, POLYMED, GRAVITA, HEG, MINDACORP, PNBHOUSING, NUVAMA, BIKAJI, JSWINFRA, CGPOWER, GRSE, DRREDDY, GODFRYPHLP, BPCL, KFINTECH, CGCL, MANKIND, ACE, TATACOMM, BALRAMCHIN, EIDPARRY, ECLERX, KAYNES, USHAMART, JYOTICNC",85,85,1599,0.9632363977485928,both,0
FALCPAT_6299,6,"INTELLECT, BSE, GVT&D, CUB, NUVAMA, ERIS",6,6,449,0.6101180400890869,both,0
FALCPAT_6318,80,"ZOMATO, GRSE, GODREJIND, JYOTICNC, IRCON, JSWDULUX, LTIM, SONATSOFTW, PHOENIXLTD, HOMEFIRST, UNIONBANK, CCL, POLICYBZR, DCMSHRIRAM, BDL, ANANDRATHI, CONCORDBIO, CRAFTSMAN, JINDALSTEL, HUDCO, SHRIRAMFIN, PTCIL, APLAPOLLO, ITI, J&KBANK, REDINGTON, CHOLAHLDNG, SHYAMMETL, CGCL, KPRMILL, EICHERMOT, HSCL, SAMMAANCAP, COCHINSHIP, NATCOPHARM, DATAPATTNS, NLCINDIA, BEL, GALLANTT, AEGISLOG",80,80,904,1.0160464601769912,both,0
FALCPAT_6320,55,"DIVISLAB, TCS, SUNPHARMA, SBIN, REDINGTON, TORNTPHARM, SBILIFE, COROMANDEL, GRAPHITE, LAURUSLABS, GVT&D, JUBLPHARMA, KOTAKBANK, COHANCE, CROMPTON, ACUTAAS, CHAMBLFERT, GODREJCP, PAYTM, DELHIVERY, SUZLON, LLOYDSME, LT, BEL, DOMS, SJVN, INDHOTEL, BHEL, KARURVYSYA, 360ONE, ADANIPOWER, SHYAMMETL, CUMMINSIND, FSL, AFFLE, TATAINVEST, KIRLOSENG, NHPC, HINDUNILVR, POONAWALLA",55,55,2455,0.6730729124236253,both,0
FALCPAT_6328,93,"NEULANDLAB, RITES, SYRMA, IDBI, LODHA, UTIAMC, GPIL, ACE, RKFORGE, KIRLOSENG, ZFCVINDIA, GODREJIND, OLECTRA, NUVAMA, POLICYBZR, CGPOWER, NUVOCO, HONASA, INOXWIND, LINDEINDIA, APARINDS, GRAVITA, ESCORTS, JSWSTEEL, HUDCO, ABREL, TATACONSUM, CHALET, CHENNPETRO, WOCKPHARMA, NBCC, INDIACEM, JSWINFRA, HSCL, BATAINDIA, BDL, ADANIPOWER, RVNL, COCHINSHIP, BHARATFORG",93,93,907,1.1118191841234841,both,0
FALCPAT_6329,112,"GODREJIND, RAMCOCEM, NUVOCO, BDL, GODFRYPHLP, DATAPATTNS, JYOTICNC, ZFCVINDIA, GRAVITA, BALRAMCHIN, LODHA, HOMEFIRST, KFINTECH, WELCORP, CHALET, GRSE, ANANDRATHI, HAVELLS, GPIL, TRITURBINE, JINDALSAW, APOLLOHOSP, ANURAS, ETERNAL, SAREGAMA, BIKAJI, PIIND, NLCINDIA, USHAMART, REDINGTON, IPCALAB, CARTRADE, HEG, MAPMYINDIA, IRB, ANGELONE, SCHAEFFLER, ABSLAMC, ZOMATO, WHIRLPOOL",112,112,1480,0.9677006756756757,both,0
FALCPAT_6330,69,"POONAWALLA, GRSE, LINDEINDIA, HBLENGINE, BAYERCROP, ITI, WELSPUNLIV, ENGINERSIN, ACC, KEC, IRFC, HINDZINC, BBTC, ANGELONE, MCX, JSWINFRA, NBCC, JINDALSTEL, JPPOWER, POLYCAB, AMBUJACEM, BHEL, AWL, JYOTICNC, TATAELXSI, INDUSTOWER, BANDHANBNK, ATUL, JSWENERGY, ABREL, IRB, KPITTECH, HAL, RECLTD, ABSLAMC, KALYANKJIL, ABCAPITAL, ZFCVINDIA, ANANTRAJ, RVNL",69,69,968,0.9630123966942149,both,0
FALCPAT_6331,90,"BIKAJI, MAHABANK, POLICYBZR, ZENTEC, JINDALSAW, CHENNPETRO, NEWGEN, BAYERCROP, LICHSGFIN, 3MINDIA, CGPOWER, GPIL, TITAGARH, ATUL, CANBK, PATANJALI, ABSLAMC, EMAMILTD, CREDITACC, GLENMARK, GRANULES, FACT, JSL, NATIONALUM, PFC, JSWINFRA, CAMS, VBL, LALPATHLAB, MAPMYINDIA, LATENTVIEW, GMDCLTD, NCC, TEGA, KPITTECH, GVT&D, BEML, ICICIPRULI, CUMMINSIND, RITES",90,90,953,1.0189821615949632,both,0
FALCPAT_6332,40,"PPLPHARMA, GRAVITA, NEULANDLAB, TIINDIA, NAVA, JSWENERGY, PCBL, DATAPATTNS, TATAINVEST, EXIDEIND, SUZLON, UTIAMC, SUPREMEIND, J&KBANK, HSCL, LINDEINDIA, SJVN, ENDURANCE, HONASA, GESHIP, ASTERDM, PTCIL, GODFRYPHLP, KAYNES, IRB, HINDPETRO, DCMSHRIRAM, JMFINANCIL, ZENSARTECH, TARIL, GLAND, NATIONALUM, CGCL, TRENT, AAVAS, RHIM, TMPV, ABREL, CREDITACC, LTM",40,40,539,1.0329183673469389,both,0
FALCPAT_6334,98,"GODREJIND, RITES, STARHEALTH, WOCKPHARMA, CAMS, TATAPOWER, ITI, RVNL, FORCEMOT, GODFRYPHLP, POLICYBZR, SYRMA, ECLERX, HONASA, IPCALAB, ELECON, FACT, EMAMILTD, CGPOWER, TRITURBINE, KAYNES, APARINDS, KFINTECH, HAVELLS, IFCI, JSWENERGY, OLECTRA, CRAFTSMAN, PIIND, SWANCORP, DEVYANI, GVT&D, CUMMINSIND, APOLLOTYRE, WELCORP, SIGNATURE, NEULANDLAB, MOTILALOFS, KIRLOSENG, CANFINHOME",98,98,879,1.1318191126279864,both,0
FALCPAT_6335,19,"ITI, MRPL, GRSE, KFINTECH, NIACL, DOMS, BHARTIHEXA, COCHINSHIP, MAZDOCK, BDL, RAILTEL, IOB, GODREJIND, LINDEINDIA, ZENTEC, ERIS, RVNL, FACT, MMTC",19,19,859,0.7970360884749709,both,0
FALCPAT_6343,54,"INOXWIND, WELSPUNLIV, JYOTICNC, NBCC, ADANIPORTS, MOTILALOFS, POONAWALLA, INDUSTOWER, ELECON, ENGINERSIN, KFINTECH, TATAELXSI, JIOFIN, CONCORDBIO, GESHIP, STARHEALTH, KALYANKJIL, KEC, NEWGEN, INTELLECT, GLENMARK, VEDL, TECHNOE, FACT, GMDCLTD, KAYNES, SWANCORP, SJVN, FINCABLES, PRESTIGE, BEML, GUJGASLTD, INDUSINDBK, HINDCOPPER, RBLBANK, PVRINOX, ZENTEC, SCI, GODFRYPHLP, TMPV",54,54,797,1.0029611041405269,both,0
FALCPAT_6344,25,"GRSE, JBMA, CREDITACC, RVNL, SUPREMEIND, ADANIPOWER, ARE&M, CHENNPETRO, POLICYBZR, DATAPATTNS, UCOBANK, MANAPPURAM, TITAGARH, ASTRAL, TMPV, IREDA, KAJARIACER, GRAPHITE, MMTC, PVRINOX, KIRLOSENG, SWANCORP, COCHINSHIP, INDUSINDBK, JWL",25,25,252,1.1735357142857143,both,0
FALCPAT_6345,17,"HONASA, ENGINERSIN, IFCI, NEWGEN, NSLNISP, RAILTEL, IRCON, HINDZINC, IREDA, OIL, GLAND, CHENNPETRO, SAMMAANCAP, MMTC, JWL, ZENSARTECH, IRFC",17,17,204,0.8833480392156862,both,0
FALCPAT_6346,79,"AFFLE, UBL, JBCHEPHARM, TATACHEM, SARDAEN, PETRONET, ATUL, UPL, RAINBOW, DOMS, SRF, VIJAYA, ZYDUSLIFE, CUMMINSIND, JUBLINGREA, MEDANTA, SBICARD, NUVAMA, SHYAMMETL, LLOYDSME, KAJARIACER, SAPPHIRE, COHANCE, BAYERCROP, NAVINFLUOR, BEL, ACE, ENDURANCE, SUMICHEM, TATACOMM, BATAINDIA, 360ONE, BIKAJI, ANURAS, POONAWALLA, MFSL, AEGISLOG, NHPC, TATATECH, HOMEFIRST",79,79,2129,0.8074274307186472,both,0
FALCPAT_6348,28,"HUDCO, IIFL, JBMA, HINDCOPPER, NSLNISP, NETWEB, BSOFT, GRSE, FINCABLES, RAILTEL, WOCKPHARMA, SWANCORP, ANANTRAJ, CARBORUNIV, INDUSINDBK, APARINDS, LAURUSLABS, NATCOPHARM, BEML, DATAPATTNS, ADANIENT, IOB, CREDITACC, OIL, MMTC, ZENTEC, IFCI, AARTIIND",28,28,553,0.8520126582278482,both,0
FALCPAT_6392,44,"PIDILITIND, BEL, SARDAEN, GABRIEL, PETRONET, RELIANCE, DOMS, JBCHEPHARM, HDFCBANK, LLOYDSME, PGEL, SAPPHIRE, PIIND, VIJAYA, ERIS, UPL, RAINBOW, TATACONSUM, ECLERX, AEGISLOG, CHOLAHLDNG, PHOENIXLTD, M&MFIN, ANANDRATHI, KPRMILL, CHOLAFIN, SRF, CREDITACC, NLCINDIA, FSL, ACUTAAS, NUVAMA, POLYCAB, JSWSTEEL, NAVINFLUOR, SUMICHEM, HONASA, BALKRISIND, PPLPHARMA, BLS",44,44,1210,0.7580256198347107,both,0
FALCPAT_6393,79,"GODFRYPHLP, WOCKPHARMA, FACT, BALRAMCHIN, RITES, APARINDS, ITI, SYRMA, DATAPATTNS, TORNTPOWER, ICICIGI, HDFCLIFE, CHALET, INDUSINDBK, DEVYANI, JSWINFRA, NEULANDLAB, GAIL, AMBER, JYOTICNC, CONCORDBIO, GODREJCP, VEDL, BANKBARODA, IFCI, KAYNES, HONASA, STARHEALTH, TATAPOWER, TTML, PFIZER, AXISBANK, CREDITACC, SHREECEM, TEGA, JSL, IDBI, IIFL, CANFINHOME, ANANTRAJ",79,79,728,1.0352884615384614,both,0
FALCPAT_6420,60,"GILLETTE, REDINGTON, LAURUSLABS, NCC, NUVAMA, ALKEM, CREDITACC, IRCTC, DEEPAKFERT, STARHEALTH, CUMMINSIND, GVT&D, GODREJCP, SONACOMS, FEDERALBNK, PRESTIGE, ASHOKLEY, BBTC, COROMANDEL, GABRIEL, COHANCE, INDHOTEL, PETRONET, EICHERMOT, PAGEIND, WELCORP, MARICO, AFFLE, ICICIPRULI, KPITTECH, AXISBANK, WOCKPHARMA, USHAMART, HAL, CHAMBLFERT, HINDCOPPER, KARURVYSYA, M&M, LTM, LEMONTREE",60,60,1489,0.7755540631296173,both,0
FALCPAT_6423,84,"VTL, RITES, IOC, ICICIGI, AEGISLOG, SHYAMMETL, GLAXO, TRIDENT, HUDCO, CENTRALBK, IRB, TEGA, CRAFTSMAN, ONGC, RBLBANK, CASTROLIND, JUBLINGREA, JKTYRE, REDINGTON, MAHABANK, HSCL, WELSPUNLIV, NYKAA, ZYDUSWELL, ALKEM, RAMCOCEM, TMPV, HCLTECH, GUJGASLTD, PATANJALI, ESCORTS, PCBL, APTUS, AFFLE, VEDL, MANKIND, ZFCVINDIA, CANBK, PIIND, POONAWALLA",84,84,567,0.9545749559082891,both,0
FALCPAT_6424,115,"GODREJIND, BSE, GALLANTT, GPIL, LODHA, BALKRISIND, TARIL, DOMS, NLCINDIA, WELCORP, FIVESTAR, LEMONTREE, PHOENIXLTD, KFINTECH, VIJAYA, BDL, ERIS, JSL, KPRMILL, EXIDEIND, MCX, CHALET, BANKINDIA, MAPMYINDIA, EIHOTEL, SUNDARMFIN, SUMICHEM, ESCORTS, J&KBANK, PRESTIGE, AFFLE, JSWINFRA, JSWENERGY, GRAVITA, 360ONE, TRENT, ENDURANCE, CEMPRO, ITI, BANDHANBNK",115,115,1470,1.0016197278911567,both,0
FALCPAT_6425,49,"MANAPPURAM, NLCINDIA, MOTILALOFS, KALYANKJIL, RECLTD, CLEAN, ELECON, GPIL, ANANTRAJ, GALLANTT, BLUESTARCO, GRSE, PRESTIGE, FORCEMOT, POWERINDIA, LTF, AWL, ITI, GRAVITA, JUBLPHARMA, RVNL, MMTC, IRCON, TATAPOWER, HINDALCO, SAMMAANCAP, BRIGADE, INFY, BANKINDIA, NHPC, LODHA, ENGINERSIN, LTTS, IRFC, RADICO, SAPPHIRE, INDIANB, GABRIEL, BHEL, IOC",49,49,472,0.933436440677966,both,0
FALCPAT_6427,58,"RAMCOCEM, AIIL, GRASIM, SIGNATURE, ERIS, TATACHEM, JSWSTEEL, TATAELXSI, OFSS, ITI, BRITANNIA, RVNL, POONAWALLA, SYNGENE, ANURAS, CHAMBLFERT, BHARTIARTL, GSPL, OBEROIRLTY, CONCORDBIO, JUBLPHARMA, BATAINDIA, UPL, TECHM, ZYDUSLIFE, RBLBANK, CHOLAHLDNG, WHIRLPOOL, BOSCHLTD, CREDITACC, PVRINOX, HINDZINC, GRSE, FLUOROCHEM, SHREECEM, JUBLFOOD, M&MFIN, ULTRACEMCO, INDIACEM, EMAMILTD",58,58,1580,0.7517455696202532,both,0
FALCPAT_6431,61,"BEL, NUVAMA, JBCHEPHARM, FSL, NAVA, DRREDDY, ZENSARTECH, TVSMOTOR, TBOTEK, VIJAYA, JSWSTEEL, BAJFINANCE, TATACOMM, SUNDARMFIN, HBLENGINE, AJANTPHARM, HCLTECH, RADICO, CUMMINSIND, HEROMOTOCO, ECLERX, TATAPOWER, SRF, POLYMED, BERGEPAINT, AEGISLOG, AMBER, COHANCE, KFINTECH, BIKAJI, CGPOWER, HSCL, ASHOKLEY, GODREJIND, MFSL, WELCORP, GLENMARK, SAPPHIRE, PTCIL, VBL",61,61,1396,0.873038681948424,both,0
FALCPAT_6438,100,"RITES, CHENNPETRO, YESBANK, NATIONALUM, ABBOTINDIA, BANKINDIA, JUBLPHARMA, AMBER, ELECON, LODHA, LINDEINDIA, BLUEJET, ZFCVINDIA, CHOLAHLDNG, LAURUSLABS, BAJAJHLDNG, SBICARD, PPLPHARMA, POONAWALLA, KIRLOSENG, JBCHEPHARM, EXIDEIND, PFC, BBTC, COCHINSHIP, IREDA, INDUSINDBK, NBCC, HINDZINC, BSE, CRAFTSMAN, ARE&M, IRCON, HSCL, INDIANB, GVT&D, TATACOMM, ZENSARTECH, IGL, DOMS",100,100,1080,0.9481425925925926,both,0
FALCPAT_6439,108,"HOMEFIRST, ECLERX, FIVESTAR, ITI, TRITURBINE, NUVOCO, SYRMA, FACT, SAREGAMA, SPLPETRO, TATAINVEST, KAYNES, AAVAS, NATCOPHARM, SAMMAANCAP, INTELLECT, ASTERDM, SONATSOFTW, KFINTECH, APLAPOLLO, NUVAMA, CYIENT, BSE, POLICYBZR, PATANJALI, MOTILALOFS, SHYAMMETL, DOMS, KIMS, BEML, INDUSINDBK, CLEAN, PARADEEP, PRESTIGE, TARIL, ENDURANCE, WELSPUNLIV, CRAFTSMAN, NLCINDIA, INDIANB",108,108,1023,1.0723049853372433,both,0
FALCPAT_6440,34,"HONAUT, ITI, HONASA, AIIL, BDL, HINDZINC, GRSE, PVRINOX, NIACL, OFSS, ERIS, BHARTIHEXA, AXISBANK, SUNTV, CARBORUNIV, HUDCO, STARHEALTH, DATAPATTNS, RVNL, NATIONALUM, ABB, ANURAS, FLUOROCHEM, WOCKPHARMA, LODHA, CONCORDBIO, INDIACEM, CDSL, KFINTECH, CREDITACC, RAMCOCEM, BATAINDIA, WHIRLPOOL, MAXHEALTH",34,34,1199,0.7359674728940785,both,0
FALCPAT_6458,97,"VIJAYA, PPLPHARMA, POONAWALLA, NLCINDIA, ACE, DLF, CGPOWER, UNOMINDA, GRANULES, NHPC, BAYERCROP, JUBLPHARMA, BHEL, BIKAJI, CAPLIPOINT, EIHOTEL, HINDPETRO, HCLTECH, LODHA, NUVAMA, TATACOMM, WELCORP, AWL, NSLNISP, BALKRISIND, ATUL, BLUEDART, JSWINFRA, BLS, ARE&M, ZOMATO, AUROPHARMA, OLECTRA, VOLTAS, MUTHOOTFIN, PCBL, GODREJIND, VBL, IDBI, USHAMART",97,97,1767,0.9321239388794568,both,0
FALCPAT_6467,110,"PARADEEP, GODREJIND, RADICO, BSE, HINDPETRO, PNBHOUSING, GPIL, GICRE, ATGL, BDL, WELCORP, POLYCAB, KAYNES, ERIS, CHENNPETRO, CHALET, JSWSTEEL, HINDZINC, UBL, DOMS, TVSMOTOR, JSWINFRA, HUDCO, SUMICHEM, NLCINDIA, MAPMYINDIA, RPOWER, FSL, TARIL, CHOLAHLDNG, LLOYDSME, VIJAYA, ANGELONE, COCHINSHIP, DEEPAKFERT, LINDEINDIA, TRIDENT, GALLANTT, NAM-INDIA, ASHOKLEY",110,110,1270,1.0145440944881892,both,0
FALCPAT_6470,26,"HONASA, AIIL, HONAUT, SBILIFE, BOSCHLTD, M&M, WHIRLPOOL, GRSE, SBICARD, ITI, JSWSTEEL, SUNTV, AXISBANK, HINDZINC, DIVISLAB, INDIACEM, M&MFIN, COHANCE, ABB, COROMANDEL, GRASIM, TATAINVEST, JUBLPHARMA, APLAPOLLO, BALKRISIND, IOB",26,26,662,0.7146797583081571,both,0
FALCPAT_6474,65,"ZFCVINDIA, CGCL, JYOTICNC, INDUSTOWER, PPLPHARMA, INOXWIND, JPPOWER, ADANIPORTS, TATAINVEST, JSWENERGY, SYRMA, BANDHANBNK, ABB, KALYANKJIL, BHEL, JIOFIN, TEGA, NBCC, BBTC, ELGIEQUIP, JINDALSTEL, MOTILALOFS, TATAELXSI, OFSS, GODFRYPHLP, KFINTECH, IGL, YESBANK, AMBUJACEM, WELSPUNLIV, MAPMYINDIA, PRESTIGE, NEWGEN, BEML, BDL, KAYNES, JBMA, GUJGASLTD, TECHNOE, SJVN",65,65,1275,0.9359231372549018,both,0
FALCPAT_6475,72,"PGEL, POWERINDIA, PATANJALI, BAYERCROP, CARTRADE, JINDALSAW, POONAWALLA, NAVA, TATAELXSI, PPLPHARMA, RITES, BLUEDART, RAILTEL, BLS, BHARATFORG, PAYTM, JUBLPHARMA, ABREL, SJVN, PCBL, NCC, ENDURANCE, ACE, GVT&D, GRAVITA, NHPC, GLENMARK, CRISIL, NBCC, HEROMOTOCO, TECHM, LAURUSLABS, APOLLOHOSP, CAMS, KPIL, HBLENGINE, KEC, KEI, MAPMYINDIA, LTM",72,72,662,1.0949969788519636,both,0
FALCPAT_6477,119,"ACE, RVNL, PPLPHARMA, IOB, MAZDOCK, JUBLPHARMA, SUZLON, SARDAEN, HAL, GODFRYPHLP, USHAMART, SOLARINDS, J&KBANK, POLICYBZR, KPRMILL, PAGEIND, JBCHEPHARM, GRAVITA, ASAHIINDIA, SRF, SHYAMMETL, IREDA, CGPOWER, JYOTICNC, BIKAJI, BANKBARODA, GAIL, BDL, UCOBANK, RAINBOW, DOMS, TEJASNET, VIJAYA, VBL, NLCINDIA, BSE, CEMPRO, TRITURBINE, OLECTRA, ADANIPOWER",119,119,1700,1.0812782352941177,both,0
FALCPAT_6481,22,"CROMPTON, DEEPAKNTR, ZYDUSLIFE, INDIGO, RRKABEL, BSOFT, APOLLOHOSP, TATAPOWER, LICHSGFIN, MOTHERSON, ALKEM, HDFCAMC, PETRONET, CUMMINSIND, MGL, UPL, LUPIN, SHRIRAMFIN, FEDERALBNK, PAGEIND, IDFCFIRSTB, NAVINFLUOR",22,22,337,0.722,both,0
FALCPAT_6483,16,"AIIL, TATACONSUM, BOSCHLTD, ABBOTINDIA, BHARTIHEXA, DRREDDY, DIVISLAB, TATAELXSI, HDFCAMC, ATUL, TARIL, BRITANNIA, LT, HCLTECH, TATATECH, PATANJALI",16,16,489,0.6244335378323107,both,0
FALCPAT_6504,75,"NBCC, JINDALSAW, MAPMYINDIA, PATANJALI, NEULANDLAB, CONCORDBIO, HINDCOPPER, TARIL, BHEL, HEG, TRIDENT, TEGA, ABREL, INTELLECT, GRAVITA, ACC, BIKAJI, KPIL, HBLENGINE, SONACOMS, WELSPUNLIV, ITI, PGEL, BSOFT, LTM, RHIM, HSCL, ADANIPOWER, IRFC, TRITURBINE, FINCABLES, BAJAJFINSV, ZYDUSLIFE, NAVA, MCX, HUDCO, DEEPAKFERT, ANGELONE, KFINTECH, SAIL",75,75,868,1.0716002304147465,both,0
FALCPAT_6507,39,"RVNL, NIACL, TECHNOE, COCHINSHIP, ZENTEC, KAYNES, WOCKPHARMA, TATATECH, FORCEMOT, HUDCO, HEG, USHAMART, JUBLPHARMA, CARTRADE, SYRMA, TATAINVEST, CONCORDBIO, CHOLAHLDNG, FINCABLES, GRAVITA, SAREGAMA, BSE, EIHOTEL, SCI, FLUOROCHEM, GICRE, GODREJIND, TTML, TITAGARH, SUNDARMFIN, ABREL, SOBHA, CDSL, WELCORP, RPOWER, POWERINDIA, GPIL, WHIRLPOOL, ELECON",39,39,807,0.8038872366790581,both,0
FALCPAT_6508,9,"SBILIFE, BAJFINANCE, ANURAS, BALKRISIND, JSWSTEEL, AIIL, SBIN, UPL, HDFCAMC",9,9,233,0.5989570815450643,both,0
FALCPAT_6512,60,"CONCORDBIO, RAILTEL, JSWENERGY, HBLENGINE, RBLBANK, RVNL, NAVA, ADANIPORTS, PTCIL, HINDCOPPER, TRITURBINE, KALYANKJIL, ELGIEQUIP, TRENT, SONACOMS, INOXWIND, JYOTICNC, HUDCO, JIOFIN, GODREJPROP, ANGELONE, AMBUJACEM, FINCABLES, COFORGE, DIXON, BEML, WELSPUNLIV, TEGA, NIACL, SOBHA, MOTILALOFS, PRESTIGE, INDUSINDBK, BDL, JPPOWER, KFINTECH, GODFRYPHLP, BBTC, DATAPATTNS, BSOFT",60,60,764,0.9945078534031415,both,0
FALCPAT_6514,97,"FSL, JSWDULUX, CEMPRO, VIJAYA, NUVAMA, TVSMOTOR, CAPLIPOINT, KPRMILL, MANKIND, JBCHEPHARM, TATACOMM, CHAMBLFERT, GPIL, IPCALAB, EIDPARRY, NAVA, PTCIL, JSWINFRA, JUBLPHARMA, KFINTECH, PARADEEP, SOLARINDS, HAL, ECLERX, ZENSARTECH, CHALET, ABCAPITAL, BIKAJI, MINDACORP, COROMANDEL, MAPMYINDIA, BAJAJ-AUTO, SAPPHIRE, APOLLOHOSP, BAJAJHLDNG, POLYMED, BEL, APTUS, RADICO, HBLENGINE",97,97,1888,0.8156414194915255,both,0
FALCPAT_6516,52,"KFINTECH, ADANIPOWER, TARIL, ELECON, MOTILALOFS, JWL, TIINDIA, RKFORGE, PNBHOUSING, MMTC, WHIRLPOOL, TATASTEEL, ZENTEC, APARINDS, AUBANK, WELSPUNLIV, GODREJCP, LODHA, GRANULES, CHALET, JYOTICNC, NMDC, INDUSINDBK, ANGELONE, SOBHA, GABRIEL, AMBUJACEM, CENTRALBK, MANAPPURAM, ABCAPITAL, RITES, CANFINHOME, SCHAEFFLER, TECHNOE, GRAVITA, ZENSARTECH, FACT, DIVISLAB, TRIDENT, KEI",52,52,306,1.156764705882353,both,0
FALCPAT_6519,7,"AAVAS, ABB, LODHA, GLENMARK, COFORGE, COHANCE, ANURAS",7,7,212,0.6367075471698114,both,0
FALCPAT_6521,28,"ADANIPORTS, JYOTICNC, HEG, DATAPATTNS, TECHNOE, NEULANDLAB, KAYNES, HFCL, SCI, MMTC, KEC, JIOFIN, NMDC, JINDALSTEL, ITI, OFSS, AMBUJACEM, JWL, ZENTEC, ADANIPOWER, CAMS, TITAGARH, FACT, KALYANKJIL, SWANCORP, IIFL, JBMA, NEWGEN",28,28,303,1.071115511551155,both,0
FALCPAT_6540,19,"BOSCHLTD, ABBOTINDIA, PIDILITIND, HCLTECH, VIJAYA, LT, BHARTIARTL, KFINTECH, JSWSTEEL, RELIANCE, TATACONSUM, MARUTI, POLYMED, NAVINFLUOR, POLICYBZR, NEWGEN, MARICO, MAXHEALTH, JYOTICNC",19,19,690,0.6466521739130435,both,0
FALCPAT_6541,34,"LLOYDSME, SUNTV, BLUEJET, KFINTECH, HEG, APARINDS, TMPV, CAMS, RVNL, KEI, TATAELXSI, EICHERMOT, TARIL, WHIRLPOOL, CHENNPETRO, MAZDOCK, HUDCO, TBOTEK, GODREJIND, JINDALSAW, KAYNES, SBICARD, INDIGO, KPRMILL, PGEL, ZENSARTECH, DRREDDY, CONCOR, INTELLECT, JUBLFOOD, AEGISLOG, COALINDIA, JINDALSTEL, JUBLPHARMA",34,34,1288,0.7780760869565218,both,0
FALCPAT_6543,7,"LALPATHLAB, MRF, RAMCOCEM, HDFCLIFE, ALKEM, HONASA, GMDCLTD",7,7,149,0.641040268456376,both,0
FALCPAT_6545,55,"PPLPHARMA, BAYERCROP, JSWINFRA, MAHABANK, BIKAJI, GRANULES, NEULANDLAB, GVT&D, NBCC, WELCORP, APTUS, RECLTD, ABREL, GRAVITA, SBICARD, HBLENGINE, NAVA, POLYMED, PATANJALI, KPIL, PCBL, ABCAPITAL, FORCEMOT, TRITURBINE, IRB, RVNL, ICICIPRULI, KFINTECH, DCMSHRIRAM, SJVN, JBMA, JYOTICNC, ENGINERSIN, DATAPATTNS, GODREJCP, KAYNES, LINDEINDIA, HUDCO, MGL, PFIZER",55,55,1107,0.8633116531165311,both,0
FALCPAT_6548,23,"CIPLA, SBILIFE, SUNPHARMA, TATATECH, JSWSTEEL, AIIL, UPL, COROMANDEL, RAMCOCEM, ASIANPAINT, GRASIM, BSE, IDFCFIRSTB, DIVISLAB, DOMS, VOLTAS, DABUR, JYOTICNC, ULTRACEMCO, AUROPHARMA, ANURAS, BPCL, AXISBANK",23,23,499,0.7049639278557114,both,0
FALCPAT_6561,24,"FEDERALBNK, COALINDIA, BHARTIARTL, VIJAYA, INDHOTEL, JSWSTEEL, FSL, DOMS, BAJAJHLDNG, UNOMINDA, MAXHEALTH, RELIANCE, BEL, FORTIS, SBFC, SUNPHARMA, MRF, TVSMOTOR, POLICYBZR, PHOENIXLTD, LT, JBCHEPHARM, DRREDDY, AJANTPHARM",24,24,779,0.6847060333761232,both,0
FALCPAT_6562,24,"KFINTECH, KAYNES, LLOYDSME, PGEL, BLUESTARCO, INDHOTEL, BLUEJET, GODREJIND, APARINDS, PARADEEP, DOMS, CHALET, HEG, ZENSARTECH, INTELLECT, FACT, CAMS, DIVISLAB, NAM-INDIA, MARICO, DATAPATTNS, BHARTIARTL, AEGISLOG, GPIL",24,24,1046,0.8121969407265774,both,0
FALCPAT_6566,60,"WOCKPHARMA, FORTIS, POONAWALLA, VIJAYA, DATAPATTNS, SARDAEN, KAYNES, OLECTRA, NEWGEN, GLAXO, FORCEMOT, FSL, JUBLPHARMA, JKCEMENT, SUPREMEIND, ATGL, POWERINDIA, RRKABEL, MMTC, HEG, JYOTICNC, SOLARINDS, AMBER, CCL, BRITANNIA, POLICYBZR, IFCI, NUVAMA, BEML, GVT&D, ENDURANCE, PATANJALI, RITES, ANURAS, MFSL, ABREL, GRSE, CUMMINSIND, NAVA, MARUTI",60,60,1280,0.7894656249999998,both,0
FALCPAT_6567,32,"TATASTEEL, CLEAN, TATACOMM, TATAPOWER, MARICO, DMART, COROMANDEL, JINDALSTEL, INDIACEM, EXIDEIND, EICHERMOT, CIPLA, BAJAJ-AUTO, WELCORP, PETRONET, DELHIVERY, LT, MUTHOOTFIN, IGL, ABSLAMC, CHOLAFIN, GLENMARK, DIVISLAB, ERIS, JUBLPHARMA, HUDCO, BBTC, GVT&D, GODREJPROP, WHIRLPOOL, BANKBARODA, SONATSOFTW",32,32,947,0.6444139387539599,both,0
FALCPAT_6569,59,"APTUS, PPLPHARMA, J&KBANK, PCBL, BIKAJI, NAVA, GRAVITA, PATANJALI, POLYMED, NEULANDLAB, POLICYBZR, HBLENGINE, GRANULES, SPLPETRO, EMAMILTD, ABREL, PFIZER, KPIL, TARIL, LINDEINDIA, ADANIPORTS, KFINTECH, IRB, NATIONALUM, SJVN, CAMS, LICI, DATAPATTNS, HSCL, COLPAL, PGEL, KAYNES, RVNL, GODFRYPHLP, ENDURANCE, SBICARD, DCMSHRIRAM, RECLTD, CRISIL, JYOTICNC",59,59,1041,0.9363342939481268,both,0
FALCPAT_6575,92,"ZOMATO, IDBI, 360ONE, TATAINVEST, LODHA, GPIL, BIKAJI, JSWSTEEL, FLUOROCHEM, NLCINDIA, GRSE, KAYNES, DCMSHRIRAM, CCL, BALKRISIND, GRAVITA, INDIACEM, PTCIL, ECLERX, CGPOWER, AIAENG, NEWGEN, PGEL, BLS, SCHAEFFLER, JMFINANCIL, INOXWIND, EIHOTEL, WELCORP, TITAN, NHPC, UNOMINDA, USHAMART, BDL, SUZLON, EIDPARRY, REDINGTON, MRF, GMRAIRPORT, HUDCO",92,92,1590,0.9336176100628931,both,0
FALCPAT_6578,85,"LODHA, CRAFTSMAN, TATAINVEST, GODREJIND, ZENSARTECH, JSWINFRA, CGCL, 360ONE, LICHSGFIN, BIKAJI, CANBK, BAYERCROP, CUMMINSIND, ATUL, GPIL, CHALET, GLENMARK, CHOLAHLDNG, HINDZINC, USHAMART, OBEROIRLTY, DEVYANI, PFC, ACE, GRAVITA, APTUS, SYRMA, POLYCAB, HINDPETRO, CGPOWER, GRSE, PPLPHARMA, KFINTECH, PERSISTENT, JINDALSAW, BERGEPAINT, PCBL, CCL, INOXWIND, APOLLOTYRE",85,85,1397,0.9726342161775234,both,0
FALCPAT_6591,77,"FSL, RADICO, SHYAMMETL, AMBER, SRF, TATAINVEST, BEL, JSWDULUX, VIJAYA, SAPPHIRE, ERIS, NLCINDIA, SAREGAMA, M&M, PHOENIXLTD, JSL, LLOYDSME, KIMS, DOMS, MCDOWELL-N, KFINTECH, MARUTI, COHANCE, CAPLIPOINT, MAZDOCK, ANURAS, WELCORP, SARDAEN, ALKEM, GILLETTE, GRANULES, GMRAIRPORT, BLS, DCMSHRIRAM, PPLPHARMA, ANANDRATHI, ZENSARTECH, AEGISLOG, GRAVITA, INDIGO",77,77,1878,0.8278535676251333,both,0
FALCPAT_6592,49,"DEEPAKFERT, SHYAMMETL, TRITURBINE, EIHOTEL, BANKBARODA, BLUESTARCO, VTL, SARDAEN, MEDANTA, CHALET, PFC, SPLPETRO, LTFOODS, CESC, TIINDIA, ACE, TATACHEM, ECLERX, GVT&D, OLECTRA, RHIM, GESHIP, NSLNISP, GLAND, LLOYDSME, SAPPHIRE, J&KBANK, NEWGEN, HINDPETRO, HUDCO, NLCINDIA, GALLANTT, ELECON, MOTILALOFS, SOBHA, WOCKPHARMA, IRCON, IDBI, DCMSHRIRAM, DATAPATTNS",49,49,627,0.9475295055821371,both,0
FALCPAT_6617,12,"ABBOTINDIA, FEDERALBNK, HAL, AADHARHFC, LLOYDSME, MARICO, LICI, BAJAJHLDNG, TATATECH, SBFC, TARIL, FSL",12,12,416,0.5842379807692308,both,0
FALCPAT_6633,38,"FSL, AJANTPHARM, LLOYDSME, KFINTECH, DOMS, VIJAYA, KOTAKBANK, MAXHEALTH, NLCINDIA, JKCEMENT, INDHOTEL, PNBHOUSING, SHYAMMETL, COHANCE, HOMEFIRST, JBCHEPHARM, DCMSHRIRAM, RADICO, ANANDRATHI, KAYNES, POLICYBZR, JSL, GPIL, ERIS, GICRE, SAPPHIRE, NAVA, ZENSARTECH, JSWINFRA, CHALET, FORTIS, M&M, ECLERX, ITC, ASHOKLEY, HEG, UNOMINDA, TRITURBINE",38,38,1369,0.7320511322132945,both,0
FALCPAT_6643,32,"LLOYDSME, JSWSTEEL, LTM, ATUL, BLUEJET, LICHSGFIN, HAVELLS, IPCALAB, CUMMINSIND, KIMS, KFINTECH, ANURAS, FSL, BANKBARODA, POWERGRID, TATACHEM, NUVAMA, VIJAYA, DLF, BERGEPAINT, PARADEEP, TMPV, SHRIRAMFIN, LAURUSLABS, TARIL, BEL, JINDALSTEL, ZYDUSLIFE, GRANULES, KARURVYSYA, JUBLINGREA, TBOTEK",32,32,1197,0.7141896407685882,both,0
FALCPAT_6644,21,"TATAELXSI, UPL, IDFCFIRSTB, ICICIBANK, BSOFT, BAJFINANCE, KAJARIACER, SBILIFE, ULTRACEMCO, TMPV, FEDERALBNK, DIVISLAB, JKCEMENT, ICICIPRULI, LAURUSLABS, BALKRISIND, HINDALCO, HAVELLS, CUMMINSIND, SBIN, CHAMBLFERT",21,21,351,0.7777834757834756,both,0
FALCPAT_6645,80,"PHOENIXLTD, BSE, HBLENGINE, GPIL, KFINTECH, PFIZER, TEGA, COHANCE, ELECON, ECLERX, NBCC, GLAXO, DELHIVERY, JSWENERGY, KAYNES, USHAMART, PIIND, KEC, SUNDARMFIN, KIRLOSENG, SIGNATURE, NIACL, WELSPUNLIV, GRAVITA, CARBORUNIV, JKTYRE, FACT, GALLANTT, AWL, POONAWALLA, JWL, ZENTEC, 360ONE, OIL, ZFCVINDIA, POLICYBZR, NATCOPHARM, LEMONTREE, GODFRYPHLP, UCOBANK",80,80,860,0.966382558139535,both,0
FALCPAT_6646,123,"GODREJIND, SAMMAANCAP, BDL, PARADEEP, LODHA, GRSE, ITI, INDIANB, RADICO, PGEL, INTELLECT, DATAPATTNS, SAREGAMA, HONASA, GPIL, DOMS, PHOENIXLTD, MFSL, MAXHEALTH, PCBL, ACE, MOTILALOFS, SUMICHEM, TORNTPHARM, JSWINFRA, DEEPAKFERT, EIHOTEL, COCHINSHIP, NLCINDIA, RHIM, TARIL, DCMSHRIRAM, NEWGEN, AEGISLOG, PIIND, HINDUNILVR, KAYNES, HOMEFIRST, CHAMBLFERT, SCHAEFFLER",123,123,1372,1.0159919825072885,both,0
FALCPAT_6647,38,"FACT, JYOTICNC, BAJAJHLDNG, APARINDS, IRCON, NEWGEN, POWERINDIA, SWANCORP, RAMCOCEM, KFINTECH, CONCORDBIO, SBFC, BSE, CHAMBLFERT, IRFC, ASTERDM, BOSCHLTD, LODHA, SHYAMMETL, SPLPETRO, LTM, GPIL, COCHINSHIP, ITI, PATANJALI, NIACL, WOCKPHARMA, BEL, CARTRADE, INOXWIND, PRESTIGE, UNIONBANK, ATUL, BALRAMCHIN, LLOYDSME, CLEAN, J&KBANK, CDSL",38,38,1185,0.7160599156118143,both,0
FALCPAT_6648,18,"ITI, HONAUT, HONASA, GRASIM, COCHINSHIP, BDL, MAZDOCK, TATAINVEST, MAPMYINDIA, PFIZER, OLECTRA, HINDUNILVR, MRPL, GMDCLTD, BSE, CONCORDBIO, ANURAS, TIMKEN",18,18,863,0.7342050984936269,both,0
FALCPAT_6657,90,"TATAINVEST, MANKIND, TATAELXSI, LODHA, HBLENGINE, CGPOWER, FSL, OLECTRA, SOBHA, JINDALSAW, BIKAJI, LICHSGFIN, NUVAMA, JSL, PPLPHARMA, EXIDEIND, PCBL, CHALET, IPCALAB, NAVA, FINCABLES, BSE, CRAFTSMAN, BLUEDART, BLS, FORCEMOT, KFINTECH, TATAPOWER, LEMONTREE, GODFRYPHLP, ECLERX, KEI, NSLNISP, ZFCVINDIA, JUBLPHARMA, IRFC, USHAMART, BEL, RAINBOW, ELGIEQUIP",90,90,1257,0.9606984884645984,both,0
FALCPAT_6658,70,"GODREJIND, JYOTICNC, GRAVITA, NLCINDIA, CAPLIPOINT, APOLLOHOSP, NEULANDLAB, GLENMARK, RVNL, ENDURANCE, KFINTECH, ATUL, CRAFTSMAN, KAYNES, TRIDENT, MMTC, BDL, RECLTD, ZOMATO, MOTHERSON, CASTROLIND, PHOENIXLTD, BIKAJI, CHOLAHLDNG, IREDA, RAILTEL, HEG, JUBLINGREA, KPRMILL, SIEMENS, CARTRADE, ETERNAL, DATAPATTNS, CUMMINSIND, NBCC, ZENTEC, ZENSARTECH, CHALET, 360ONE, GVT&D",70,70,858,1.035668997668998,both,0
FALCPAT_6660,15,"ITI, FACT, PTCIL, AMBER, GRANULES, MAHABANK, BANKINDIA, MMTC, GMDCLTD, BLS, IOB, UNIONBANK, HEG, INDUSINDBK, GODFRYPHLP",15,15,84,1.2321190476190478,both,0
FALCPAT_6663,36,"ITI, SBILIFE, LALPATHLAB, GSPL, MRPL, BAJAJHLDNG, DOMS, BDL, ERIS, NIACL, COCHINSHIP, HCLTECH, MAZDOCK, GRSE, SBFC, SBICARD, LINDEINDIA, TATACONSUM, MAPMYINDIA, WHIRLPOOL, RITES, DEVYANI, CREDITACC, KAYNES, HINDZINC, RAILTEL, USHAMART, POONAWALLA, CDSL, CRISIL, HONASA, ZENTEC, SYRMA, APARINDS, ATUL, POWERINDIA",36,36,1283,0.7844169914263445,both,0
FALCPAT_6669,29,"TATACHEM, CYIENT, EMAMILTD, TORNTPOWER, LICI, POONAWALLA, ACC, CDSL, RAMCOCEM, SUNTV, PAYTM, SBILIFE, CHOLAFIN, IDFCFIRSTB, INDIAMART, IRFC, RECLTD, MFSL, DIXON, PFC, PERSISTENT, ADANIENT, DIVISLAB, SOLARINDS, AJANTPHARM, TRENT, IPCALAB, SHRIRAMFIN, POWERGRID",29,29,170,1.0906529411764707,both,0
FALCPAT_6672,41,"AIIL, TATAELXSI, ICICIBANK, MARUTI, BLUEJET, ATUL, LTM, JSWSTEEL, ULTRACEMCO, IPCALAB, LLOYDSME, PETRONET, LAURUSLABS, KAJARIACER, GRANULES, ANURAS, KIMS, KARURVYSYA, CAMS, FSL, HAVELLS, PARADEEP, TMPV, VIJAYA, ABSLAMC, SHRIRAMFIN, FORTIS, KFINTECH, JMFINANCIL, JUBLPHARMA, NUVAMA, BERGEPAINT, HEROMOTOCO, GAIL, CUMMINSIND, SOLARINDS, PHOENIXLTD, GICRE, BAYERCROP, TBOTEK",41,41,1617,0.6927612863327148,both,0
FALCPAT_6674,117,"LODHA, GODREJIND, VIJAYA, BSE, EIHOTEL, HINDCOPPER, NLCINDIA, HINDPETRO, KFINTECH, COHANCE, CARBORUNIV, MCX, ENGINERSIN, USHAMART, SJVN, IREDA, BALKRISIND, TRITURBINE, HAL, CAPLIPOINT, NBCC, ITI, JBMA, TATACONSUM, PPLPHARMA, LICHSGFIN, ACE, CRAFTSMAN, NEULANDLAB, HBLENGINE, GRAVITA, PIIND, BANKBARODA, EXIDEIND, COLPAL, BDL, PRESTIGE, DLF, JUBLINGREA, UNOMINDA",117,117,866,1.1696016166281755,both,0
FALCPAT_6675,103,"TARIL, SAREGAMA, GLAXO, JSL, FACT, KAYNES, CASTROLIND, GPIL, KFINTECH, CHALET, ERIS, NATCOPHARM, SHYAMMETL, LINDEINDIA, JSWENERGY, PHOENIXLTD, HDFCLIFE, MSUMI, NEWGEN, PIIND, BEL, BLS, LEMONTREE, GODREJCP, PCBL, KEC, LODHA, ZENSARTECH, JKTYRE, INTELLECT, BANKINDIA, WELCORP, BPCL, GMRAIRPORT, APOLLOTYRE, RAMCOCEM, KPIL, 360ONE, TATAPOWER, SONATSOFTW",103,103,880,1.0322613636363636,both,0
FALCPAT_6677,32,"AIIL, BOSCHLTD, ANURAS, BHARTIARTL, ITI, UPL, GRASIM, HINDUNILVR, BAJAJHLDNG, BDL, JUBLPHARMA, INDIACEM, TATAELXSI, LALPATHLAB, GRSE, MAZDOCK, ERIS, POONAWALLA, RVNL, WHIRLPOOL, ATUL, RAMCOCEM, DABUR, HEROMOTOCO, INDUSINDBK, KFINTECH, FEDERALBNK, CREDITACC, TATASTEEL, TATAINVEST, OFSS, SBICARD",32,32,991,0.7450252270433906,both,0
FALCPAT_6690,20,"COHANCE, CCL, AMBER, HDFCAMC, CROMPTON, JSWENERGY, INDIACEM, M&M, BPCL, TVSMOTOR, EIHOTEL, SJVN, ABFRL, KIMS, BEL, IFCI, GPIL, SOBHA, IOC, CUMMINSIND",20,20,375,0.7867066666666664,both,0
FALCPAT_6693,47,"SUZLON, TEGA, HBLENGINE, MRPL, GRAPHITE, WELCORP, OFSS, ELECON, RVNL, PNBHOUSING, ETERNAL, SBFC, POLYMED, ACE, CYIENT, ANANDRATHI, MANKIND, PPLPHARMA, PARADEEP, AMBER, EIHOTEL, ZENSARTECH, OIL, GALLANTT, PAYTM, BANKINDIA, POWERINDIA, HUDCO, KFINTECH, FIVESTAR, SONACOMS, MAPMYINDIA, BSE, GODREJIND, SAIL, UTIAMC, NBCC, ZFCVINDIA, HONAUT, CAMS",47,47,519,0.9711599229287091,both,0
FALCPAT_6696,102,"ANURAS, ATUL, ARE&M, SUPREMEIND, SCHAEFFLER, AJANTPHARM, REDINGTON, MGL, MEDANTA, LALPATHLAB, TVSMOTOR, RHIM, TIMKEN, EICHERMOT, BLUEJET, CRISIL, OBEROIRLTY, DOMS, CHOLAHLDNG, RPOWER, M&MFIN, RVNL, BEML, HOMEFIRST, TITAGARH, RBLBANK, AMBUJACEM, CONCORDBIO, TATAINVEST, GODFRYPHLP, IREDA, MAPMYINDIA, TARIL, ESCORTS, NAM-INDIA, AEGISLOG, ANANTRAJ, EIDPARRY, RAINBOW, JUBLPHARMA",102,102,1066,0.9285328330206379,both,0
FALCPAT_6697,30,"BAJAJHLDNG, PIIND, AIIL, ITI, GODREJIND, INDIGO, SHREECEM, BHARTIHEXA, BDL, HDFCBANK, LALPATHLAB, STARHEALTH, ANURAS, MRF, COCHINSHIP, ZYDUSWELL, BANKINDIA, UBL, UPL, LODHA, KFINTECH, GRSE, CHOICEIN, DOMS, ERIS, BSE, PAGEIND, HUDCO, LINDEINDIA, UNOMINDA",30,30,1346,0.7000943536404161,both,0
FALCPAT_6713,19,"BBTC, TATACHEM, RITES, SAIL, CHOLAFIN, YESBANK, ESCORTS, SBICARD, SHREECEM, ICICIPRULI, AARTIIND, COALINDIA, BSOFT, MOTHERSON, BALRAMCHIN, APLAPOLLO, MGL, NTPC, EICHERMOT",19,19,74,1.3001756756756757,both,0
FALCPAT_6715,60,"ZENSARTECH, FSL, INDHOTEL, DOMS, BEL, ABBOTINDIA, AMBER, VIJAYA, TBOTEK, AEGISLOG, TATAINVEST, JSWDULUX, BALKRISIND, KPRMILL, RADICO, HCLTECH, PETRONET, IPCALAB, GRAPHITE, IDBI, AJANTPHARM, NLCINDIA, ABSLAMC, MARICO, NUVAMA, KIMS, KEI, ATUL, SHREECEM, MINDACORP, NAVA, SRF, MARUTI, M&M, TATACOMM, VBL, COHANCE, TVSMOTOR, POWERINDIA, SBILIFE",60,60,1239,0.8580193704600484,both,0
FALCPAT_6718,18,"FINCABLES, LINDEINDIA, APARINDS, TIMKEN, TORNTPOWER, J&KBANK, ARE&M, VEDL, BHEL, JUBLPHARMA, TEJASNET, LLOYDSME, SOBHA, FORCEMOT, HINDCOPPER, GABRIEL, TARIL, GMDCLTD",18,18,391,0.7228721227621484,both,0
FALCPAT_6721,30,"HONAUT, HDFCBANK, PIIND, AIIL, KFINTECH, BDL, ANURAS, DOMS, LALPATHLAB, INDIGO, ERIS, ITI, IREDA, IOC, TVSMOTOR, COCHINSHIP, BAJAJHLDNG, BHARTIHEXA, TATAINVEST, TATAELXSI, SAREGAMA, MAZDOCK, SHREECEM, CHAMBLFERT, PIDILITIND, SBICARD, CHOICEIN, ZYDUSWELL, TORNTPHARM, GRSE",30,30,1074,0.7994553072625699,both,0
FALCPAT_6722,79,"HINDZINC, IOB, PFC, NIACL, GODREJIND, GALLANTT, NMDC, NUVAMA, POONAWALLA, TATASTEEL, HOMEFIRST, GSPL, ANURAS, GAIL, CHOLAHLDNG, GMDCLTD, IFCI, ITI, BSE, EMAMILTD, GVT&D, LODHA, LALPATHLAB, ADANIENSOL, DELHIVERY, SUNTV, NATCOPHARM, AARTIIND, WOCKPHARMA, MINDACORP, ASTRAL, SONATSOFTW, PTCIL, AMBUJACEM, AMBER, IDBI, IDFCFIRSTB, ATGL, DCMSHRIRAM, RVNL",79,79,976,1.0497622950819672,both,0
FALCPAT_6741,40,"OLECTRA, RVNL, UCOBANK, DEEPAKFERT, LLOYDSME, HONAUT, ASTRAL, BHARATFORG, HINDZINC, RAILTEL, ANURAS, TARIL, NAVA, HINDCOPPER, NBCC, ZEEL, ANANDRATHI, GALLANTT, HEG, CHAMBLFERT, EICHERMOT, CHOLAHLDNG, NEULANDLAB, MRPL, CUMMINSIND, BHARTIHEXA, CCL, IOB, HSCL, ASHOKLEY, JBMA, SCI, IFCI, CENTRALBK, EXIDEIND, TITAGARH, COCHINSHIP, DLF, YESBANK, ENGINERSIN",40,40,874,0.9103009153318079,both,0
FALCPAT_6743,8,"IFCI, NBCC, RAILTEL, INOXWIND, SOBHA, MMTC, COCHINSHIP, OLECTRA",8,8,64,1.426765625,both,0
FALCPAT_6744,32,"ACE, TEJASNET, PAYTM, ARE&M, MAPMYINDIA, DEEPAKFERT, SCHAEFFLER, JUBLPHARMA, LTFOODS, WOCKPHARMA, BEL, HAL, PRESTIGE, HINDCOPPER, GMDCLTD, PARADEEP, APARINDS, TARIL, GVT&D, HSCL, BSE, HFCL, CARBORUNIV, LLOYDSME, RAILTEL, LINDEINDIA, FORCEMOT, VEDL, NAVA, TIMKEN, TECHNOE, ITI",32,32,542,1.1151217712177124,both,0
FALCPAT_6754,91,"UTIAMC, TTML, CEATLTD, ETERNAL, WELCORP, AMBER, RVNL, ANGELONE, MUTHOOTFIN, GRAPHITE, UNITDSPR, SUZLON, GRASIM, USHAMART, ELECON, CGCL, PHOENIXLTD, PNBHOUSING, KFINTECH, HBLENGINE, ABB, HEG, COHANCE, GMDCLTD, MRPL, TATATECH, AXISBANK, NAM-INDIA, BLS, BOSCHLTD, ZFCVINDIA, HONAUT, CHALET, VBL, SUNTV, HSCL, RITES, BSE, ABBOTINDIA, NATIONALUM",91,91,840,0.9165761904761905,both,0
FALCPAT_6756,26,"MMTC, TATAINVEST, COCHINSHIP, BLUEJET, NETWEB, GLAXO, LALPATHLAB, HCLTECH, CRISIL, KFINTECH, BSE, TIMKEN, ERIS, POWERINDIA, JYOTICNC, EICHERMOT, ATUL, ITI, SBILIFE, BALRAMCHIN, PRESTIGE, SBICARD, HBLENGINE, CDSL, CHENNPETRO, UBL",26,26,1072,0.7185606343283581,both,0
FALCPAT_6757,80,"ATUL, ASTERDM, ASAHIINDIA, CHAMBLFERT, GLAXO, MMTC, TVSMOTOR, SUPREMEIND, WHIRLPOOL, RVNL, SRF, IGL, IDFCFIRSTB, APOLLOTYRE, TARIL, LAURUSLABS, PCBL, NSLNISP, ITI, ANGELONE, GMDCLTD, DELHIVERY, ARE&M, SPLPETRO, OFSS, YESBANK, FINCABLES, TITAGARH, MAHABANK, TMPV, FSL, POLYMED, NMDC, INDIANB, THERMAX, BEL, SWANCORP, BSE, LODHA, IOB",80,80,724,0.9477845303867403,both,0
FALCPAT_6758,68,"ANURAS, MUTHOOTFIN, AIAENG, GODREJCP, AIIL, SIGNATURE, CHAMBLFERT, ERIS, POONAWALLA, JUBLPHARMA, TATAELXSI, SBICARD, SUNTV, NAVINFLUOR, TRENT, ALKEM, IDFCFIRSTB, APOLLOHOSP, GSPL, BDL, DOMS, STARHEALTH, GILLETTE, KAYNES, GMRAIRPORT, LODHA, AJANTPHARM, DEVYANI, INDUSINDBK, KPRMILL, FACT, ITI, CREDITACC, RADICO, UPL, GRSE, LTIM, GODREJIND, TATAPOWER, CLEAN",68,68,1505,0.7790863787375414,both,0
FALCPAT_6784,71,"AEGISLOG, POWERINDIA, PPLPHARMA, 360ONE, LODHA, BAYERCROP, MAHABANK, TATAINVEST, CGPOWER, GPIL, SYNGENE, BSE, KAJARIACER, TATAELXSI, NAM-INDIA, POLYCAB, EIHOTEL, LAURUSLABS, BLS, POLYMED, OBEROIRLTY, JSWINFRA, CHALET, BIKAJI, CESC, SBICARD, GRAVITA, ATUL, CRAFTSMAN, EMAMILTD, ACE, KPIL, KPITTECH, PGEL, BALRAMCHIN, ZYDUSLIFE, LTM, NAVA, NHPC, KALYANKJIL",71,71,1323,0.9438503401360542,both,0
FALCPAT_6788,2,"HONASA, HINDZINC",2,2,60,1.0737999999999999,both,0
FALCPAT_6789,5,"GMDCLTD, GRSE, HBLENGINE, MMTC, APARINDS",5,5,96,0.8900312500000002,both,0
FALCPAT_6791,89,"NH, SUNTV, PPLPHARMA, NUVOCO, COROMANDEL, IDBI, SBICARD, SHRIRAMFIN, ACUTAAS, BEL, FEDERALBNK, ADANIPOWER, JUBLPHARMA, SBILIFE, LAURUSLABS, SOLARINDS, NUVAMA, TATAINVEST, J&KBANK, MCDOWELL-N, UNITDSPR, SHYAMMETL, KARURVYSYA, FORTIS, NSLNISP, MINDACORP, NAVA, SJVN, LTFOODS, CROMPTON, EICHERMOT, DRREDDY, SUMICHEM, AJANTPHARM, CEATLTD, POLICYBZR, APTUS, PAGEIND, LLOYDSME, POONAWALLA",89,89,1832,0.8765294759825327,both,0
FALCPAT_6793,55,"ANURAS, ERIS, BLUEJET, PARADEEP, SBICARD, TATAELXSI, ALKEM, NAVINFLUOR, GLAXO, ATUL, COROMANDEL, KFINTECH, BSE, GAIL, GODREJIND, LODHA, KIMS, SPLPETRO, CHAMBLFERT, SIGNATURE, BIOCON, STARHEALTH, EIDPARRY, BEL, ENDURANCE, DCMSHRIRAM, PRESTIGE, NHPC, RHIM, IRCON, ITI, MEDANTA, UNIONBANK, SHYAMMETL, SWANCORP, RADICO, RKFORGE, COALINDIA, UPL, BALKRISIND",55,55,1972,0.7243930020283974,both,0
FALCPAT_6796,7,"HONASA, HINDZINC, ABB, PIDILITIND, SOBHA, BDL, RVNL",7,7,453,0.6264569536423842,both,0
FALCPAT_6804,94,"WOCKPHARMA, JKTYRE, RAMCOCEM, NEWGEN, SUNDARMFIN, TATACHEM, SAIL, ZYDUSLIFE, NATCOPHARM, GRASIM, NATIONALUM, RITES, IRCON, FIVESTAR, RBLBANK, WELCORP, J&KBANK, IGL, OBEROIRLTY, CEATLTD, FLUOROCHEM, ECLERX, GALLANTT, JUBLINGREA, EMAMILTD, SBILIFE, ULTRACEMCO, MRPL, SYRMA, ADANIPOWER, ADANIENSOL, ZENSARTECH, BBTC, SUPREMEIND, BATAINDIA, LTF, GICRE, CHOLAHLDNG, HUDCO, ATUL",94,94,651,1.1136282642089093,both,0
FALCPAT_6809,63,"AIAENG, ANURAS, LALPATHLAB, TATAELXSI, CASTROLIND, LINDEINDIA, ESCORTS, IDFCFIRSTB, RADICO, UPL, AAVAS, GILLETTE, TMPV, SUNTV, FACT, ERIS, SONATSOFTW, TVSMOTOR, BIKAJI, CARBORUNIV, TRENT, SUPREMEIND, JKCEMENT, SHREECEM, CHOICEIN, ELGIEQUIP, HEROMOTOCO, GODREJIND, IDBI, IRCON, ECLERX, CEMPRO, SBICARD, DLF, ZYDUSLIFE, M&MFIN, BERGEPAINT, JBCHEPHARM, PATANJALI, NH",63,63,1650,0.7716890909090909,both,0
FALCPAT_6810,38,"CHAMBLFERT, CONCORDBIO, INDIANB, SAMMAANCAP, CENTRALBK, SIEMENS, ZYDUSWELL, IRCTC, IDFCFIRSTB, ITI, AMBUJACEM, INDIACEM, PFC, INDIGO, ANURAS, SOLARINDS, BALKRISIND, KFINTECH, MAHABANK, IOB, ERIS, INDUSTOWER, OFSS, KIMS, WELCORP, BHARTIHEXA, HINDZINC, GRSE, FLUOROCHEM, TORNTPOWER, KAYNES, BSE, JSWENERGY, KPIL, KIRLOSENG, MCX, ASHOKLEY, AEGISLOG",38,38,643,0.8806625194401245,both,0
FALCPAT_6818,17,"DCMSHRIRAM, ZYDUSWELL, NUVAMA, MARICO, TATAINVEST, GMDCLTD, ALKEM, BSE, CHENNPETRO, GRASIM, CRISIL, NH, FIVESTAR, AAVAS, HBLENGINE, BDL, LALPATHLAB",17,17,737,0.6643514246947083,both,0
FALCPAT_6819,93,"RAMCOCEM, AIIL, ANURAS, WOCKPHARMA, TATASTEEL, GRASIM, UPL, ATUL, SIGNATURE, OFSS, INTELLECT, PETRONET, OBEROIRLTY, STARHEALTH, DOMS, ERIS, HFCL, WHIRLPOOL, FLUOROCHEM, GODREJIND, FACT, JKCEMENT, ZYDUSLIFE, SBIN, LT, JSWSTEEL, RBLBANK, BHARTIARTL, BANKBARODA, RELIANCE, RVNL, BATAINDIA, SYRMA, DLF, MINDACORP, CHOLAHLDNG, SBICARD, CHAMBLFERT, IDFCFIRSTB, TATACOMM",93,93,2541,0.8055206611570249,both,0
FALCPAT_6823,39,"DOMS, ERIS, ITC, LODHA, BSE, POWERINDIA, GODREJIND, BLUEJET, IREDA, POLYMED, USHAMART, FORCEMOT, ATGL, WELCORP, DEVYANI, BANKINDIA, GRSE, SONATSOFTW, HONASA, DMART, JYOTICNC, CAPLIPOINT, 360ONE, PHOENIXLTD, ABBOTINDIA, SUNDARMFIN, WOCKPHARMA, GPIL, DCMSHRIRAM, CARTRADE, PATANJALI, FACT, NBCC, SIGNATURE, BDL, JSWDULUX, TRITURBINE, ACUTAAS, AMBER",39,39,1343,0.7359233060312732,both,0
FALCPAT_6824,24,"ITI, COCHINSHIP, MAZDOCK, MRPL, FIVESTAR, KFINTECH, OLECTRA, RITES, BHARTIHEXA, NIACL, BDL, KAYNES, RVNL, PFIZER, HONAUT, GRSE, FORCEMOT, LINDEINDIA, HINDZINC, ZENTEC, DATAPATTNS, TATAINVEST, BAJAJHLDNG, IRCON",24,24,1102,0.8385308529945554,both,0
FALCPAT_6828,26,"IDEA, INDUSTOWER, CANBK, TEGA, SRF, NEULANDLAB, ITI, NCC, TARIL, ABREL, HINDCOPPER, IRFC, AUROPHARMA, GVT&D, BBTC, LTFOODS, KEC, CEMPRO, OFSS, SOLARINDS, POWERINDIA, LODHA, SAMMAANCAP, JUBLPHARMA, CAPLIPOINT, RVNL",26,26,445,0.8474337078651686,both,0
FALCPAT_6832,15,"BDL, NIACL, ACE, UCOBANK, ZYDUSWELL, CONCORDBIO, IFCI, JBMA, INDIACEM, TARIL, OLECTRA, JPPOWER, GSPL, FORCEMOT, COFORGE",15,15,770,0.6405896103896104,both,0
FALCPAT_6845,31,"TEGA, AUROPHARMA, SRF, CAPLIPOINT, GVT&D, NCC, NEULANDLAB, PHOENIXLTD, HINDCOPPER, IRFC, SAMMAANCAP, RPOWER, CHOLAHLDNG, IDEA, FACT, ABREL, BBTC, SOLARINDS, LODHA, GLAND, NMDC, J&KBANK, ITI, OFSS, M&M, POWERINDIA, MOTHERSON, MOTILALOFS, INOXWIND, NATIONALUM, TARIL",31,31,551,0.8522032667876588,both,0
FALCPAT_6865,106,"GODREJIND, GLAXO, POONAWALLA, AMBER, NTPC, GPIL, JYOTICNC, BALKRISIND, HAL, BSE, KFINTECH, VBL, MSUMI, TRITURBINE, PIIND, GODFRYPHLP, SONATSOFTW, TORNTPOWER, LUPIN, KAYNES, RVNL, HINDPETRO, RITES, USHAMART, RHIM, MCX, ABBOTINDIA, SPLPETRO, POWERINDIA, KIRLOSENG, CGPOWER, PRESTIGE, JKTYRE, SIGNATURE, DEVYANI, IREDA, INDUSINDBK, TATAPOWER, SWANCORP, GRANULES",106,106,1153,1.0715915004336514,both,0
FALCPAT_6868,12,"MMTC, TORNTPOWER, IOC, TARIL, MRPL, HSCL, INOXWIND, GODFRYPHLP, PTCIL, IRB, ZENTEC, IOB",12,12,284,1.034218309859155,both,0
FALCPAT_6871,101,"ACUTAAS, NAVA, GLAXO, APLAPOLLO, POONAWALLA, JUBLPHARMA, PPLPHARMA, BEL, UBL, SHYAMMETL, IDBI, AJANTPHARM, MAXHEALTH, LTFOODS, USHAMART, LLOYDSME, MINDACORP, AFFLE, SOLARINDS, IOB, VIJAYA, TATATECH, J&KBANK, ADANIPOWER, MAHABANK, NLCINDIA, BIKAJI, FORTIS, GILLETTE, ECLERX, RADICO, SAREGAMA, MSUMI, MAZDOCK, PIIND, ANURAS, BDL, SHRIRAMFIN, TATAELXSI, M&M",101,101,1772,0.9968030474040632,both,0
FALCPAT_6877,10,"HINDZINC, TORNTPOWER, TRENT, NIACL, HSCL, JUBLPHARMA, TARIL, IRFC, MAZDOCK, GODFRYPHLP",10,10,323,0.6402229102167184,both,0
FALCPAT_6881,44,"ERIS, INDUSINDBK, NUVAMA, SIGNATURE, TATACOMM, ATUL, APOLLOTYRE, SHYAMMETL, RAINBOW, BANKBARODA, JINDALSTEL, IOC, CHALET, DIXON, GLAXO, ADANIENT, MEDANTA, ACUTAAS, TATASTEEL, AJANTPHARM, HINDALCO, SOLARINDS, AARTIIND, ZOMATO, CANBK, INDIACEM, ADANIPORTS, PHOENIXLTD, POLICYBZR, NATCOPHARM, JUBLFOOD, SRF, MINDACORP, JSWSTEEL, SAPPHIRE, GVT&D, INDIANB, RHIM, NEWGEN, BAYERCROP",44,44,740,0.8319527027027028,both,0
FALCPAT_6882,80,"EXIDEIND, JUBLPHARMA, CASTROLIND, NH, LLOYDSME, NATIONALUM, IDFCFIRSTB, LAURUSLABS, REDINGTON, DOMS, CUB, PATANJALI, ZENSARTECH, BALKRISIND, GVT&D, COHANCE, UPL, NAVA, DLF, JYOTICNC, INDIGO, INDUSTOWER, TATATECH, IDBI, CAPLIPOINT, PARADEEP, TORNTPHARM, HEROMOTOCO, SBICARD, IRCTC, POONAWALLA, ECLERX, BANKBARODA, INDUSINDBK, PNB, INTELLECT, NAVINFLUOR, POLICYBZR, GICRE, BBTC",80,80,3169,0.7976282739034396,both,0
FALCPAT_6887,42,"ATGL, TRIDENT, UCOBANK, HONASA, NIACL, GRSE, COCHINSHIP, HINDZINC, IOB, ITI, MRPL, SAMMAANCAP, RVNL, HUDCO, KFINTECH, MAZDOCK, LINDEINDIA, SCHAEFFLER, KALYANKJIL, SCI, ZENTEC, PATANJALI, CONCORDBIO, PFIZER, CDSL, SOBHA, LTFOODS, JBMA, ZEEL, BHEL, HONAUT, BEML, FLUOROCHEM, KAYNES, LICI, GALLANTT, ANGELONE, BSE, TATAELXSI, ADANIGREEN",42,42,1026,0.9710029239766081,both,0
FALCPAT_6890,73,"PPLPHARMA, TATAINVEST, NEULANDLAB, APOLLOHOSP, MAHABANK, GRAVITA, SCHAEFFLER, GODREJCP, BIKAJI, PCBL, HBLENGINE, RECLTD, GRANULES, POLYMED, ZENSARTECH, LATENTVIEW, WIPRO, NATIONALUM, HSCL, NAVA, TATACHEM, J&KBANK, PATANJALI, GODFRYPHLP, SUZLON, MSUMI, ENDURANCE, MOTILALOFS, INDUSTOWER, KAYNES, ADANIPORTS, TATAELXSI, KPITTECH, PTCIL, TEGA, ABREL, LINDEINDIA, TARIL, BANKINDIA, KFINTECH",73,73,1421,0.882213230119634,both,0
FALCPAT_6894,34,"CHAMBLFERT, SAMMAANCAP, SIEMENS, HINDZINC, IDFCFIRSTB, INDIACEM, ZYDUSWELL, INDIGO, TARIL, INDIANB, ADANIGREEN, BALKRISIND, FLUOROCHEM, OFSS, NIACL, PFC, BHARTIHEXA, CENTRALBK, TIMKEN, WELCORP, AMBUJACEM, ABFRL, VOLTAS, MAZDOCK, ANURAS, BSE, CYIENT, WOCKPHARMA, IFCI, ASHOKLEY, TRENT, HUDCO, ITI, JSWENERGY",34,34,1050,0.754827619047619,both,0
FALCPAT_6895,57,"SHYAMMETL, SUMICHEM, SUNDARMFIN, SARDAEN, MINDACORP, VIJAYA, GALLANTT, BANKBARODA, ACE, AJANTPHARM, NLCINDIA, HBLENGINE, CAPLIPOINT, MRF, PHOENIXLTD, JSL, ANANDRATHI, ERIS, SOLARINDS, SAPPHIRE, IPCALAB, SHRIRAMFIN, AXISBANK, POLYCAB, HCLTECH, DOMS, GILLETTE, GRAVITA, EIHOTEL, LODHA, SAREGAMA, CHOLAFIN, REDINGTON, ZOMATO, UNOMINDA, ZENSARTECH, GRANULES, JUBLPHARMA, POWERGRID, JSWDULUX",57,57,1565,0.8362645367412141,both,0
FALCPAT_6905,79,"ECLERX, APARINDS, RKFORGE, ADANIENT, CREDITACC, CASTROLIND, NHPC, BLUEJET, LTF, POONAWALLA, KPIL, GODREJIND, ELECON, MOTILALOFS, PGEL, AMBER, IRB, ENDURANCE, KAJARIACER, ABB, NLCINDIA, PPLPHARMA, NAM-INDIA, OFSS, FLUOROCHEM, LODHA, SAREGAMA, HBLENGINE, TRENT, SPLPETRO, PRESTIGE, HINDPETRO, ABBOTINDIA, JYOTICNC, RECLTD, POLYCAB, CHENNPETRO, GRAPHITE, GVT&D, HSCL",79,79,1162,0.9906239242685025,both,0
FALCPAT_6909,6,"BHARTIHEXA, SIEMENS, MOTHERSON, CONCORDBIO, INDIACEM, POWERGRID",6,6,115,0.5692869565217391,both,0
FALCPAT_6912,42,"BANKBARODA, ECLERX, BLUESTARCO, TRITURBINE, PERSISTENT, GVT&D, SHYAMMETL, ETERNAL, TECHNOE, PFC, SYRMA, JSWENERGY, CESC, AUROPHARMA, KALYANKJIL, SARDAEN, GODREJCP, SOBHA, MEDANTA, GESHIP, LLOYDSME, NLCINDIA, EMAMILTD, LTFOODS, TVSMOTOR, SPLPETRO, ELECON, TEJASNET, IRCON, MFSL, TATACHEM, LICI, EIHOTEL, TEGA, IDBI, OLECTRA, ZYDUSWELL, MCX, HINDPETRO, ACE",42,42,621,0.9064251207729467,both,0
FALCPAT_6927,88,"BIKAJI, MAHABANK, POLICYBZR, BAYERCROP, INOXWIND, LODHA, NEWGEN, VTL, LICHSGFIN, 3MINDIA, GPIL, GRANULES, CONCORDBIO, GLENMARK, CANBK, PATANJALI, ATUL, KPITTECH, TEGA, PFIZER, JSWINFRA, BALKRISIND, EMAMILTD, CUMMINSIND, ENDURANCE, PFC, ABSLAMC, VBL, HBLENGINE, ZENTEC, APOLLOTYRE, GVT&D, MAPMYINDIA, ABREL, MOTILALOFS, POONAWALLA, GRASIM, CAMS, GAIL, TATACOMM",88,88,1383,0.9125256688358642,both,0
FALCPAT_6932,27,"HONAUT, HONASA, HINDZINC, COCHINSHIP, AIIL, HINDUNILVR, INFY, ITC, ITI, SHREECEM, BRITANNIA, BAJAJHLDNG, ULTRACEMCO, BHARTIHEXA, COLPAL, JYOTICNC, WHIRLPOOL, JUBLPHARMA, BDL, GRASIM, OLECTRA, ABB, FLUOROCHEM, OFSS, GRSE, SBICARD, LINDEINDIA",27,27,865,0.7714693641618497,both,0
FALCPAT_6951,102,"ATUL, KARURVYSYA, DRREDDY, GLAXO, BAJAJ-AUTO, CHAMBLFERT, JUBLPHARMA, ZYDUSLIFE, RAMCOCEM, BANKBARODA, REDINGTON, IDFCFIRSTB, POONAWALLA, JKCEMENT, CARTRADE, AMBER, INDHOTEL, DEEPAKNTR, INTELLECT, NAVA, GODREJIND, APLAPOLLO, LODHA, ACUTAAS, VIJAYA, USHAMART, DALBHARAT, STARHEALTH, PPLPHARMA, LICI, WOCKPHARMA, PETRONET, PATANJALI, FEDERALBNK, IRCTC, POLICYBZR, SBICARD, NATIONALUM, IDBI, BLUESTARCO",102,102,1774,0.9205405862457723,both,0
FALCPAT_6953,85,"AIIL, MOTHERSON, ERIS, M&MFIN, ITI, RVNL, ICICIPRULI, EMAMILTD, BAJFINANCE, HINDZINC, BAJAJHLDNG, OFSS, WOCKPHARMA, CREDITACC, ANURAS, CONCORDBIO, CHAMBLFERT, IPCALAB, NUVAMA, GRSE, ZYDUSLIFE, BHARTIARTL, CHOLAHLDNG, RBLBANK, IDFCFIRSTB, DOMS, HFCL, BATAINDIA, LTF, MRPL, POWERGRID, KPRMILL, RITES, COCHINSHIP, WHIRLPOOL, IGL, HAL, BDL, FLUOROCHEM, MAZDOCK",85,85,1859,0.8369010220548683,both,0
FALCPAT_6962,28,"HONAUT, HONASA, HINDZINC, COCHINSHIP, AIIL, JYOTICNC, HINDUNILVR, INFY, ITC, ITI, SHREECEM, BRITANNIA, BAJAJHLDNG, ULTRACEMCO, BHARTIHEXA, WHIRLPOOL, COLPAL, BDL, JUBLPHARMA, OLECTRA, LINDEINDIA, GRASIM, GRSE, ABB, FLUOROCHEM, GRAPHITE, SBICARD, NIACL",28,28,896,0.7833270089285715,both,0
FALCPAT_6967,19,"HINDZINC, GMDCLTD, AEGISLOG, MOTHERSON, ITI, HAL, ANGELONE, MAZDOCK, MMTC, JWL, INDIACEM, INDUSTOWER, HBLENGINE, HINDPETRO, NLCINDIA, GVT&D, GABRIEL, OIL, COHANCE",19,19,534,0.8847827715355805,both,0
FALCPAT_6968,1,TORNTPOWER,1,1,8,2.325,both,0
FALCPAT_6996,107,"JUBLPHARMA, LTFOODS, PPLPHARMA, GODREJIND, CEMPRO, VIJAYA, PGEL, NLCINDIA, GICRE, NUVAMA, DLF, BALKRISIND, MAZDOCK, CGCL, HAL, GPIL, SAREGAMA, REDINGTON, HBLENGINE, BDL, IDFCFIRSTB, BLS, BAYERCROP, POONAWALLA, GRSE, NAVA, VBL, AMBER, TATACHEM, BIKAJI, RVNL, SYRMA, PNBHOUSING, CAPLIPOINT, LODHA, TARIL, BERGEPAINT, CHALET, GLAXO, ICICIPRULI",107,107,1224,1.1883578431372548,both,0
FALCPAT_6998,72,"GRASIM, BLUEJET, COCHINSHIP, NBCC, IFCI, TTML, SJVN, ULTRACEMCO, RVNL, BALKRISIND, GICRE, GAIL, ELGIEQUIP, DATAPATTNS, TATASTEEL, HINDALCO, GRAPHITE, LLOYDSME, PVRINOX, SOBHA, FACT, JUBLPHARMA, TRITURBINE, NUVAMA, WHIRLPOOL, OBEROIRLTY, NMDC, INTELLECT, GVT&D, RITES, BHARTIHEXA, SWANCORP, MCX, CUMMINSIND, SBIN, M&M, JSWSTEEL, NCC, PCBL, PFC",72,72,1552,0.7847738402061856,both,0
FALCPAT_6999,69,"ERIS, ITI, WOCKPHARMA, FLUOROCHEM, RRKABEL, OFSS, IGL, IOB, IRCON, MMTC, OLECTRA, GRSE, NIACL, RVNL, DMART, KFINTECH, PARADEEP, CONCORDBIO, JUBLPHARMA, BSE, SYRMA, GALLANTT, ATGL, EMAMILTD, POWERGRID, TATACHEM, FINCABLES, LICHSGFIN, ABBOTINDIA, CHAMBLFERT, SBILIFE, GSPL, IDFCFIRSTB, MAPMYINDIA, AUBANK, M&MFIN, PTCIL, POLYMED, JINDALSAW, PERSISTENT",69,69,991,1.140789101917255,both,0
FALCPAT_7004,67,"TATAINVEST, ENGINERSIN, JSWENERGY, BHEL, TRIDENT, CONCORDBIO, JPPOWER, AWL, ELECON, NAVA, NBCC, ADANIPORTS, TEGA, COFORGE, KALYANKJIL, NSLNISP, ABB, INTELLECT, JBMA, INOXWIND, OLECTRA, BIOCON, DATAPATTNS, MAPMYINDIA, BDL, PTCIL, RBLBANK, HINDCOPPER, BHARATFORG, ARE&M, MOTHERSON, OIL, IGL, EXIDEIND, TRITURBINE, BBTC, GMDCLTD, HEG, SCI, KAYNES",67,67,1030,1.0290737864077668,both,0
FALCPAT_7005,45,"RHIM, TECHNOE, JMFINANCIL, APARINDS, JSWENERGY, LINDEINDIA, IRB, NCC, IGL, DATAPATTNS, NEWGEN, IRCON, TATATECH, GMDCLTD, NATIONALUM, MCX, LTTS, GESHIP, JBMA, HUDCO, BANDHANBNK, CREDITACC, VOLTAS, ANANTRAJ, JKTYRE, ABB, RITES, LTIM, RVNL, TITAGARH, SUPREMEIND, SJVN, TIINDIA, RAILTEL, ANGELONE, ZENTEC, IOB, KIRLOSENG, JUBLFOOD, CYIENT",45,45,492,1.154780487804878,both,0
FALCPAT_7008,77,"RRKABEL, HINDALCO, BALKRISIND, ELGIEQUIP, TATASTEEL, SUNPHARMA, TTML, DABUR, IFCI, INTELLECT, OFSS, AIAENG, MCDOWELL-N, UNITDSPR, AAVAS, SYNGENE, AMBUJACEM, SWANCORP, DALBHARAT, IRFC, BSE, GAIL, DEEPAKFERT, COCHINSHIP, CHOLAFIN, PCBL, BHARATFORG, SJVN, M&M, ATGL, AARTIIND, OLECTRA, NH, IDBI, INDIACEM, MMTC, OBEROIRLTY, KFINTECH, HINDCOPPER, TMPV",77,77,1393,0.8540667623833452,both,0
FALCPAT_7009,91,"ITI, ERIS, NIACL, AWL, MMTC, GRASIM, IRCON, IOB, RVNL, GALLANTT, KAYNES, LTFOODS, FLUOROCHEM, JUBLPHARMA, RITES, RAILTEL, BDL, WOCKPHARMA, STARHEALTH, TRIDENT, SAREGAMA, JBMA, KFINTECH, LICHSGFIN, M&MFIN, GRSE, REDINGTON, GSPL, WHIRLPOOL, BAJAJHLDNG, SUNDARMFIN, ASAHIINDIA, SRF, KPRMILL, HUDCO, NAVINFLUOR, RAMCOCEM, CHAMBLFERT, AMBER, JINDALSAW",91,91,1143,1.1525319335083113,both,0
FALCPAT_7021,113,"PPLPHARMA, POONAWALLA, IDBI, JUBLPHARMA, RADICO, POLYMED, SHYAMMETL, GABRIEL, NSLNISP, MAHABANK, BIKAJI, PHOENIXLTD, INDIANB, FSL, MAZDOCK, BERGEPAINT, SJVN, OLECTRA, CRISIL, VBL, FLUOROCHEM, LTFOODS, EIHOTEL, AEGISLOG, MAPMYINDIA, TVSMOTOR, BHARATFORG, CGCL, ABSLAMC, HBLENGINE, JSWDULUX, MARUTI, BHEL, GPIL, ASAHIINDIA, NYKAA, ADANIPOWER, MCX, SIGNATURE, RVNL",113,113,1521,1.0200092044707432,both,0
FALCPAT_7055,37,"AIIL, TBOTEK, RAMCOCEM, ICICIBANK, GRASIM, LLOYDSME, JUBLPHARMA, OFSS, UPL, NAVA, DOMS, ECLERX, IDBI, KFINTECH, GVT&D, FLUOROCHEM, SRF, RVNL, LAURUSLABS, GLAXO, RKFORGE, GRAVITA, SUNPHARMA, POLICYBZR, SYRMA, GRSE, GODFRYPHLP, ABBOTINDIA, BHARTIARTL, CEMPRO, CARTRADE, WOCKPHARMA, INFY, ANURAS, CASTROLIND, INDHOTEL, JINDALSTEL",37,37,2237,0.6479924005364328,both,0
FALCPAT_7056,48,"HINDALCO, ATUL, RAMCOCEM, INDIACEM, GSPL, INDUSINDBK, BOSCHLTD, AIAENG, LICHSGFIN, DALBHARAT, SHREECEM, HINDZINC, BALKRISIND, ERIS, ANURAS, POLYCAB, AARTIIND, SBILIFE, PFIZER, WHIRLPOOL, INDUSTOWER, ABBOTINDIA, IDFCFIRSTB, M&M, EMAMILTD, OFSS, ICICIPRULI, PRESTIGE, BHARTIARTL, EICHERMOT, WELCORP, PFC, SCHAEFFLER, COHANCE, BAJFINANCE, NAVINFLUOR, NIACL, DIVISLAB, ABB, UPL",48,48,883,0.7913884484711212,both,0
FALCPAT_7075,38,"AIIL, TBOTEK, RAMCOCEM, GRASIM, JUBLPHARMA, ICICIBANK, PGEL, ERIS, GAIL, UPL, SRF, BSE, DOMS, IDFCFIRSTB, CHAMBLFERT, LODHA, BOSCHLTD, WOCKPHARMA, KAYNES, INDUSINDBK, ECLERX, SUPREMEIND, ANURAS, RELIANCE, ZYDUSLIFE, LLOYDSME, ACUTAAS, POLICYBZR, BHARTIARTL, SIGNATURE, ABBOTINDIA, TATACHEM, NCC, SUNPHARMA, GPIL, CEMPRO, NATIONALUM, FLUOROCHEM",38,38,1960,0.6542954081632654,both,0
FALCPAT_7085,57,"GRASIM, GODREJIND, SUNTV, RAMCOCEM, AIAENG, ERIS, ANURAS, LODHA, POLICYBZR, TATAELXSI, UPL, SBICARD, SRF, EXIDEIND, ALKEM, ABREL, BBTC, SIGNATURE, BIKAJI, CHALET, ICICIBANK, LALPATHLAB, SONATSOFTW, FIVESTAR, PARADEEP, DOMS, BLUEJET, BIOCON, CANBK, ABBOTINDIA, BATAINDIA, DIVISLAB, ASAHIINDIA, ECLERX, POONAWALLA, SYNGENE, MARICO, HEROMOTOCO, MRF, IRCON",57,57,1324,0.7734169184290032,both,0
FALCPAT_7086,68,"IOB, CONCORDBIO, GRSE, ATGL, FLUOROCHEM, NIACL, HINDZINC, UCOBANK, INDIACEM, TATAINVEST, ULTRACEMCO, SAMMAANCAP, HUDCO, AIIL, TIMKEN, OFSS, JUBLPHARMA, GRASIM, JSWSTEEL, OLECTRA, BOSCHLTD, LICHSGFIN, CENTRALBK, COCHINSHIP, DABUR, RVNL, TATASTEEL, MAZDOCK, BHARTIARTL, KFINTECH, WOCKPHARMA, GALLANTT, POWERGRID, PVRINOX, JBMA, ZYDUSLIFE, MRPL, AEGISLOG, INDUSINDBK, CREDITACC",68,68,1189,1.0585492010092512,both,0
FALCPAT_7111,98,"TATAELXSI, DRREDDY, SYRMA, JUBLPHARMA, MARICO, CONCORDBIO, TIMKEN, DALBHARAT, SIGNATURE, INDIACEM, GRASIM, WOCKPHARMA, GILLETTE, IGL, CHAMBLFERT, AMBER, DOMS, ICICIPRULI, M&M, ZYDUSLIFE, BHARTIARTL, CUB, OFSS, CHOLAHLDNG, FIVESTAR, VIJAYA, WHIRLPOOL, STARHEALTH, KIRLOSENG, TATACOMM, ECLERX, WELCORP, POLICYBZR, JBCHEPHARM, RITES, IDFCFIRSTB, SHREECEM, KIMS, INOXWIND, EIDPARRY",98,98,1824,0.839453399122807,both,0
FALCPAT_7112,93,"BIKAJI, PETRONET, GLAXO, POONAWALLA, ANURAS, ZFCVINDIA, CLEAN, LINDEINDIA, PNB, HONASA, MEDANTA, GABRIEL, ZOMATO, DOMS, ETERNAL, SHYAMMETL, CEATLTD, SUNDARMFIN, MSUMI, RECLTD, LLOYDSME, WELSPUNLIV, ATUL, NAVINFLUOR, GVT&D, GPIL, GLENMARK, INDUSINDBK, PATANJALI, MANKIND, TECHNOE, JUBLINGREA, SONACOMS, UNOMINDA, KARURVYSYA, EICHERMOT, EIDPARRY, WELCORP, LODHA, CHENNPETRO",93,93,1832,0.87396288209607,both,0
FALCPAT_7113,13,"TBOTEK, ICICIBANK, TATASTEEL, ASIANPAINT, HDFCBANK, KALYANKJIL, HINDZINC, PFC, ULTRACEMCO, TARIL, INDUSINDBK, PAGEIND, ITI",13,13,693,0.6034357864357864,both,0
FALCPAT_7121,5,"AIIL, TBOTEK, DOMS, HINDUNILVR, BHARTIARTL",5,5,126,0.6587460317460319,both,0
FALCPAT_7160,85,"NUVAMA, POONAWALLA, AEGISLOG, GABRIEL, MAHABANK, BAYERCROP, LODHA, AUBANK, 360ONE, APTUS, ABBOTINDIA, BALKRISIND, ATUL, VTL, JUBLPHARMA, BAJFINANCE, NAM-INDIA, BLS, DEVYANI, MAZDOCK, ZOMATO, INDUSTOWER, KPITTECH, TATACOMM, CEMPRO, OBEROIRLTY, POLYCAB, ABSLAMC, BALRAMCHIN, POWERINDIA, CGPOWER, BEML, GRANULES, SAREGAMA, AUROPHARMA, ICICIPRULI, UTIAMC, HOMEFIRST, GRAVITA, USHAMART",85,85,1140,0.9835429824561406,both,0
FALCPAT_7162,9,"ITC, BHARTIHEXA, HINDUNILVR, JYOTICNC, BSE, JSWINFRA, HUDCO, KFINTECH, BDL",9,9,563,0.586777975133215,both,0
FALCPAT_7163,78,"RAMCOCEM, KFINTECH, ACC, DOMS, GRASIM, ZYDUSLIFE, OBEROIRLTY, FIVESTAR, DALBHARAT, M&M, SIGNATURE, ANURAS, TATACHEM, ATUL, POWERGRID, ENDURANCE, BRITANNIA, CHAMBLFERT, SUNDARMFIN, GRSE, STARHEALTH, BATAINDIA, PIIND, TATACOMM, JSWSTEEL, ICICIPRULI, TATAELXSI, MARICO, JKCEMENT, CEATLTD, SHREECEM, LTIM, SRF, RADICO, GRAVITA, OFSS, BOSCHLTD, SCHAEFFLER, JKTYRE, JUBLPHARMA",78,78,1246,0.8191540930979133,both,0
FALCPAT_7164,81,"DEEPAKNTR, TATACHEM, ERIS, IOB, BANKBARODA, CHOLAHLDNG, GILLETTE, CCL, POONAWALLA, MOTHERSON, BHARTIARTL, BIKAJI, TVSMOTOR, VOLTAS, INDUSINDBK, AUBANK, DABUR, LODHA, BRIGADE, ANURAS, STARHEALTH, HINDZINC, TATAPOWER, ITI, FLUOROCHEM, LAURUSLABS, ESCORTS, RBLBANK, CASTROLIND, DEVYANI, RVNL, GLAXO, INDIACEM, INTELLECT, BAJAJFINSV, GPIL, KARURVYSYA, IRCON, CANBK, WOCKPHARMA",81,81,1403,0.8995566642908054,both,0
FALCPAT_7173,30,"RAMCOCEM, IRFC, BATAINDIA, PETRONET, NMDC, ADANIPOWER, UBL, GMRAIRPORT, SAIL, PFIZER, SHREECEM, GLAXO, DIVISLAB, ACE, FLUOROCHEM, DELHIVERY, MSUMI, CANBK, AIAENG, BRITANNIA, PFC, SPLPETRO, SYNGENE, ABBOTINDIA, COROMANDEL, BIOCON, ATUL, ASHOKLEY, SBICARD, BSOFT",30,30,108,1.439398148148148,both,0
FALCPAT_7174,12,"RITES, TATACHEM, IRFC, CREDITACC, DIXON, DABUR, MRPL, KFINTECH, FSL, OFSS, NAM-INDIA, HINDPETRO",12,12,38,1.705842105263158,both,0
FALCPAT_7176,94,"JYOTICNC, JSWINFRA, ELGIEQUIP, VIJAYA, BAJFINANCE, ONGC, VOLTAS, TITAN, SUNDARMFIN, GILLETTE, PETRONET, CGCL, GODFRYPHLP, CDSL, TATAELXSI, CANBK, CHENNPETRO, FORCEMOT, SBICARD, FLUOROCHEM, LTF, GRAVITA, FSL, CARTRADE, EICHERMOT, IIFL, ITI, KPITTECH, KEC, GSPL, NAM-INDIA, HDFCAMC, BBTC, ZYDUSWELL, GODREJIND, CHAMBLFERT, RBLBANK, ANGELONE, HONASA, BLUESTARCO",94,94,852,0.9746220657276997,both,0
FALCPAT_7179,83,"ANURAS, OBEROIRLTY, GRASIM, ERIS, CASTROLIND, SIGNATURE, POLICYBZR, BHARTIARTL, CARBORUNIV, FACT, CCL, GODREJIND, RITES, JSWSTEEL, AXISBANK, NLCINDIA, STARHEALTH, RADICO, TRENT, DOMS, LODHA, BOSCHLTD, CEMPRO, ALKEM, SONATSOFTW, UPL, AAVAS, SAREGAMA, BANKBARODA, SUNTV, DATAPATTNS, ATUL, BAJAJFINSV, ENDURANCE, GLAXO, ZFCVINDIA, IDFCFIRSTB, POONAWALLA, INTELLECT, MAXHEALTH",83,83,1535,0.8291524429967427,both,0
FALCPAT_7180,58,"CHAMBLFERT, CONCORDBIO, UCOBANK, RBLBANK, INDIANB, ITI, ABCAPITAL, AMBUJACEM, CHOLAHLDNG, ERIS, GSPL, CENTRALBK, AJANTPHARM, NIACL, WELCORP, SAMMAANCAP, BIKAJI, IOB, GRANULES, M&M, HINDZINC, IDFCFIRSTB, INDIGO, GRAVITA, ATGL, JINDALSTEL, GRSE, MAHABANK, BALKRISIND, RVNL, OIL, AEGISLOG, JSWENERGY, ZENTEC, ESCORTS, INDUSTOWER, PETRONET, GMDCLTD, DIXON, BSE",58,58,996,0.9231034136546185,both,0
FALCPAT_7183,60,"RAMCOCEM, GLAXO, BAJAJHLDNG, SHYAMMETL, REDINGTON, GODREJIND, ACUTAAS, LLOYDSME, RADICO, POLICYBZR, ICICIBANK, MAXHEALTH, NAVA, COHANCE, CUB, CASTROLIND, PATANJALI, MAZDOCK, SUNPHARMA, BANKBARODA, KARURVYSYA, CARTRADE, NH, LALPATHLAB, CHALET, CEMPRO, INDHOTEL, IDFCFIRSTB, DRREDDY, DOMS, GICRE, KFINTECH, KPRMILL, GRANULES, AMBER, USHAMART, CAPLIPOINT, PNB, AIAENG, TATACHEM",60,60,1566,0.8436998722860791,both,0
FALCPAT_7184,117,"NATCOPHARM, JUBLPHARMA, GODFRYPHLP, ERIS, GRASIM, WOCKPHARMA, WELCORP, CAMS, SOLARINDS, RBLBANK, NH, KAYNES, IDFCFIRSTB, INDIACEM, ANURAS, SBILIFE, DATAPATTNS, FLUOROCHEM, HSCL, IFCI, ZYDUSLIFE, BALKRISIND, NAVA, BANKBARODA, ULTRACEMCO, TRITURBINE, AIIL, TEGA, GRAVITA, SUNTV, GAIL, GRSE, TATACOMM, FSL, ABSLAMC, MMTC, DEEPAKFERT, ACC, DALBHARAT, POONAWALLA",117,117,1523,0.9986598818122128,both,0
FALCPAT_7197,3,"ANGELONE, AEGISLOG, JWL",3,3,82,0.8489268292682927,both,0
FALCPAT_7198,8,"SOBHA, GMDCLTD, NHPC, LTFOODS, HUDCO, PARADEEP, SJVN, MOTILALOFS",8,8,83,1.0760361445783133,both,0
FALCPAT_7199,39,"JBMA, MAZDOCK, JPPOWER, CENTRALBK, PAYTM, HFCL, WOCKPHARMA, SUZLON, FORCEMOT, ANANTRAJ, HBLENGINE, IFCI, TARIL, GICRE, UCOBANK, BHEL, BDL, IRFC, HUDCO, GVT&D, SARDAEN, SJVN, APARINDS, GALLANTT, PGEL, IDEA, ZENTEC, COCHINSHIP, IRCON, GMDCLTD, GODFRYPHLP, BSE, PRESTIGE, RVNL, NAVA, CYIENT, INOXWIND, JWL, OLECTRA",39,39,317,1.7853501577287068,both,0
FALCPAT_7200,64,"HINDZINC, CONCORDBIO, CHAMBLFERT, UCOBANK, AMBER, ABFRL, CENTRALBK, SAMMAANCAP, INDUSTOWER, BIKAJI, ABCAPITAL, ZENTEC, KPRMILL, GILLETTE, DIVISLAB, EXIDEIND, GRANULES, ARE&M, OIL, LLOYDSME, ERIS, IFCI, ASHOKLEY, M&M, IDFCFIRSTB, INOXWIND, CREDITACC, INDIGO, IOB, NIACL, TEJASNET, CHOLAHLDNG, WOCKPHARMA, BALKRISIND, INDIACEM, JBMA, PFC, FLUOROCHEM, POLYCAB, NMDC",64,64,959,0.9893117831074035,both,0
FALCPAT_7201,22,"GABRIEL, NBCC, INTELLECT, MRPL, GSPL, ATGL, EMAMILTD, LINDEINDIA, ADANIGREEN, ITI, APARINDS, GODFRYPHLP, GRSE, NEULANDLAB, BSE, HINDCOPPER, GRAVITA, IOB, RPOWER, OLECTRA, NIACL, GALLANTT",22,22,273,1.1451098901098904,both,0
FALCPAT_7202,68,"NUVAMA, POWERINDIA, KFINTECH, TATAINVEST, GPIL, IDBI, SAREGAMA, JSWSTEEL, 360ONE, KAYNES, INDIACEM, GRAVITA, CGPOWER, BLS, DABUR, NLCINDIA, ZOMATO, WELCORP, TITAN, LODHA, SUZLON, UNOMINDA, JMFINANCIL, NEWGEN, EIHOTEL, POLICYBZR, LEMONTREE, CHAMBLFERT, INOXWIND, PTCIL, BIKAJI, CCL, ACE, UTIAMC, HSCL, FLUOROCHEM, GVT&D, REDINGTON, BALKRISIND, GODREJIND",68,68,1284,0.9227359813084112,both,0
FALCPAT_7207,64,"BAJAJHLDNG, LLOYDSME, RAMCOCEM, RADICO, NAVA, SYRMA, ICICIBANK, ECLERX, BBTC, FSL, SHYAMMETL, ACUTAAS, WOCKPHARMA, GRANULES, BANKBARODA, PATANJALI, BLS, IDBI, JUBLPHARMA, ABBOTINDIA, BAYERCROP, SUNPHARMA, ELGIEQUIP, HDFCBANK, DOMS, LODHA, AIAENG, CASTROLIND, OLECTRA, NUVAMA, AFFLE, GLAXO, AMBER, WELCORP, GODFRYPHLP, COHANCE, MAXHEALTH, GRSE, GICRE, KPRMILL",64,64,1814,0.7572331863285556,both,0
FALCPAT_7208,83,"JSWSTEEL, GLAXO, GAIL, TATASTEEL, APOLLOHOSP, REDINGTON, INDIANB, CEMPRO, GODREJIND, NATIONALUM, INDHOTEL, YESBANK, LAURUSLABS, M&MFIN, TBOTEK, KAYNES, IDFCFIRSTB, HINDALCO, INDUSINDBK, MUTHOOTFIN, JINDALSTEL, ADANIENT, BSE, PTCIL, KARURVYSYA, PETRONET, PPLPHARMA, LALPATHLAB, ZENSARTECH, RAINBOW, KIMS, KFINTECH, MFSL, BHARTIARTL, IPCALAB, JYOTICNC, KOTAKBANK, JUBLFOOD, SPLPETRO, HAL",83,83,1235,0.9552064777327935,both,0
FALCPAT_7209,108,"IOB, BALKRISIND, CEMPRO, PPLPHARMA, GODFRYPHLP, ZYDUSLIFE, JUBLPHARMA, NATCOPHARM, WOCKPHARMA, ANURAS, DATAPATTNS, HINDCOPPER, ERIS, HSCL, SYNGENE, RKFORGE, MAZDOCK, AIIL, GRSE, IDBI, WELCORP, GRAVITA, SUPREMEIND, TEGA, BANKBARODA, M&M, LICHSGFIN, MCX, INDIACEM, IFCI, BEML, TATACOMM, CDSL, ABREL, PERSISTENT, IDFCFIRSTB, ELGIEQUIP, SOLARINDS, PVRINOX, DABUR",108,108,1733,0.9045054818234276,both,0
FALCPAT_7221,39,"CONCORDBIO, M&M, LTF, POLYCAB, GRANULES, CHAMBLFERT, ERIS, WELCORP, ABCAPITAL, INDIANB, HINDZINC, DIVISLAB, ATGL, NIACL, LICHSGFIN, ASHOKLEY, INDIGO, CREDITACC, OIL, ITI, IDFCFIRSTB, UCOBANK, SAMMAANCAP, JINDALSTEL, AMBER, BIKAJI, MRPL, CENTRALBK, RBLBANK, BSE, ASTRAL, FLUOROCHEM, BALKRISIND, TARIL, JSWENERGY, HAL, NMDC, ADANIGREEN, SIEMENS",39,39,702,0.8777962962962963,both,0
FALCPAT_7226,51,"MOTILALOFS, ELECON, WELSPUNLIV, JYOTICNC, ADANIPORTS, POONAWALLA, INDUSTOWER, KFINTECH, ARE&M, GLENMARK, CONCORDBIO, GESHIP, KALYANKJIL, KEC, NEWGEN, TECHNOE, JIOFIN, STARHEALTH, JBMA, RVNL, VEDL, SOBHA, GMDCLTD, CHAMBLFERT, KAYNES, INDUSINDBK, SJVN, BEML, SWANCORP, FACT, AARTIIND, GODFRYPHLP, TMPV, PVRINOX, RITES, SUPREMEIND, ZENTEC, ADANIPOWER, ELGIEQUIP, HINDALCO",51,51,955,0.9011895287958115,both,0
FALCPAT_7231,3,"TORNTPOWER, MRPL, GRAVITA",3,3,81,0.7860123456790122,both,0
FALCPAT_7246,25,"TBOTEK, TATATECH, TATAPOWER, ZYDUSLIFE, ZYDUSWELL, HEROMOTOCO, ATUL, BAYERCROP, POWERGRID, SBICARD, SBIN, BERGEPAINT, SHREECEM, PATANJALI, ANURAS, ALKEM, CUMMINSIND, AIIL, UPL, CROMPTON, BIKAJI, ERIS, MCDOWELL-N, UNITDSPR, DOMS",25,25,650,0.6389953846153846,both,0
FALCPAT_7251,7,"BLUEJET, KFINTECH, JYOTICNC, LLOYDSME, KAYNES, DOMS, BLS",7,7,488,0.6270860655737704,both,0
FALCPAT_7252,8,"DCMSHRIRAM, CONCORDBIO, AAVAS, NUVAMA, NH, HONASA, PFIZER, BSE",8,8,270,0.6635777777777777,both,0
FALCPAT_7253,44,"ATGL, GSPL, HINDZINC, UBL, COCHINSHIP, MRPL, NIACL, CIPLA, INDIAMART, JMFINANCIL, TATACHEM, MANKIND, BAJAJHLDNG, IGL, UNOMINDA, ZENTEC, BDL, PFIZER, LTF, CUB, MAZDOCK, PAYTM, INDIACEM, POWERINDIA, JUBLFOOD, LICI, SOBHA, CREDITACC, LICHSGFIN, KAYNES, ECLERX, SBICARD, CDSL, SCHAEFFLER, GRSE, CHALET, ITI, M&MFIN, FORCEMOT, NLCINDIA",44,44,818,0.8323264058679706,both,0
FALCPAT_7269,68,"DIXON, RECLTD, CASTROLIND, NATCOPHARM, FACT, BAYERCROP, IDBI, CAPLIPOINT, ADANIPOWER, INTELLECT, GVT&D, ECLERX, BLUEJET, AMBUJACEM, GAIL, CHENNPETRO, RVNL, JUBLPHARMA, POLYCAB, ATUL, NIACL, GRAPHITE, TATASTEEL, FLUOROCHEM, CARTRADE, PVRINOX, SPLPETRO, M&M, PAYTM, LTFOODS, CUMMINSIND, VEDL, GICRE, NAVA, RAILTEL, INDUSINDBK, BANKBARODA, BBTC, BRITANNIA, BLS",68,68,1227,0.9074621026894865,both,0
FALCPAT_7270,39,"JSWINFRA, DABUR, BOSCHLTD, ULTRACEMCO, SHREECEM, AIIL, BATAINDIA, ABBOTINDIA, BHARTIARTL, HINDZINC, HINDALCO, UPL, INDIACEM, SBILIFE, SYNGENE, AARTIIND, OFSS, RAMCOCEM, ANURAS, GRASIM, BRITANNIA, JUBLPHARMA, SBIN, M&M, BALKRISIND, RRKABEL, GMDCLTD, PFC, ERIS, COHANCE, WELCORP, TARIL, DRREDDY, M&MFIN, IDFCFIRSTB, SIEMENS, BSOFT, POWERGRID, ZYDUSWELL",39,39,1263,0.7333673792557401,both,0
FALCPAT_7277,27,"INDUSTOWER, NUVAMA, TBOTEK, AIIL, KIMS, AJANTPHARM, GODREJIND, LLOYDSME, CCL, GLAXO, INTELLECT, INDIACEM, JUBLINGREA, CESC, BEL, GMRAIRPORT, RITES, ELECON, KAYNES, BANKBARODA, HAL, GRSE, WHIRLPOOL, DOMS, NSLNISP, NAM-INDIA, HINDZINC",27,27,543,0.7852283609576428,both,0
FALCPAT_7296,54,"JUBLPHARMA, INDUSTOWER, IGL, JPPOWER, ADANIPORTS, JSWENERGY, TATAINVEST, INOXWIND, JYOTICNC, BANDHANBNK, ABSLAMC, MOTILALOFS, OFSS, ELGIEQUIP, ZFCVINDIA, NEWGEN, BBTC, ABB, AMBUJACEM, TECHNOE, RVNL, SYRMA, ELECON, JMFINANCIL, IRB, KALYANKJIL, HINDALCO, BDL, HINDCOPPER, FINCABLES, ASTRAL, WELSPUNLIV, KFINTECH, CYIENT, CDSL, SJVN, ADANIPOWER, SOBHA, RBLBANK, GLENMARK",54,54,682,1.014143695014663,both,0
FALCPAT_7297,51,"FACT, NAVA, CGCL, BHEL, TEGA, PPLPHARMA, IFCI, GODFRYPHLP, LINDEINDIA, BEML, BDL, IRB, HUDCO, JBMA, TIINDIA, DATAPATTNS, PRESTIGE, KAYNES, MCX, CREDITACC, APARINDS, SJVN, ANGELONE, INDUSINDBK, JIOFIN, MPHASIS, ABB, JKTYRE, HEG, NBCC, RITES, NEWGEN, JUBLFOOD, POLICYBZR, KEC, POONAWALLA, IIFL, TATATECH, COFORGE, MOTHERSON",51,51,811,1.0344734895191123,both,0
FALCPAT_7303,59,"NATIONALUM, RBLBANK, PTCIL, ADANIGREEN, BBTC, SUPREMEIND, ZENSARTECH, PFC, RKFORGE, OLECTRA, ANANDRATHI, IRCON, CUMMINSIND, RAILTEL, SOBHA, MMTC, AMBER, GRAPHITE, HONAUT, WHIRLPOOL, ITI, TARIL, IRCTC, GVT&D, JMFINANCIL, EIHOTEL, SCI, ABB, SIEMENS, CGPOWER, JINDALSAW, BHARTIARTL, POLICYBZR, WELCORP, KPIL, KIRLOSENG, FORCEMOT, ELECON, MEDANTA, RECLTD",59,59,649,0.9339429892141755,both,0
FALCPAT_7304,11,"INDIACEM, HONAUT, HINDZINC, BHARTIHEXA, M&MFIN, UNOMINDA, FEDERALBNK, ZYDUSWELL, LT, BSE, CONCORDBIO",11,11,370,0.5934432432432433,both,0
FALCPAT_7305,50,"SYRMA, TECHNOE, JSWENERGY, GRSE, TRITURBINE, IGL, NAVA, ABB, POLICYBZR, OLECTRA, ABSLAMC, JPPOWER, BHEL, HUDCO, AAVAS, TEGA, DIXON, TATATECH, NAM-INDIA, HEG, MOTILALOFS, JWL, BBTC, CDSL, KIRLOSENG, IRB, POONAWALLA, IOB, SONATSOFTW, TIINDIA, GESHIP, SPLPETRO, MCX, VTL, JYOTICNC, NBCC, NCC, KALYANKJIL, JMFINANCIL, ARE&M",50,50,625,1.1229664000000001,both,0
FALCPAT_7306,43,"CGCL, TATAINVEST, ZFCVINDIA, LINDEINDIA, JSWENERGY, ADANIPORTS, JYOTICNC, BEML, BDL, CONCORDBIO, KFINTECH, PTCIL, INOXWIND, GMDCLTD, IDFCFIRSTB, KALYANKJIL, SJVN, INDUSTOWER, AMBUJACEM, JIOFIN, DATAPATTNS, ENGINERSIN, TEGA, ZENTEC, ABB, JUBLPHARMA, SUPREMEIND, KAYNES, CRAFTSMAN, NEWGEN, BHARATFORG, MAPMYINDIA, JMFINANCIL, TATATECH, INDUSINDBK, CYIENT, ZENSARTECH, WELSPUNLIV, RVNL, ELGIEQUIP",43,43,678,1.0141725663716814,both,0
FALCPAT_7310,21,"PRESTIGE, INTELLECT, IRCON, NEULANDLAB, ACUTAAS, MCX, COHANCE, SJVN, GABRIEL, ARE&M, HUDCO, EIHOTEL, WELCORP, USHAMART, RPOWER, RAILTEL, TARIL, SARDAEN, ANURAS, BBTC, LICI",21,21,320,0.8348687499999997,both,0
FALCPAT_7311,24,"ZEEL, GICRE, BSE, GVT&D, NLCINDIA, GMDCLTD, HUDCO, ELECON, GRAVITA, 360ONE, ACE, UNOMINDA, GRAPHITE, AEGISLOG, IDFCFIRSTB, TITAGARH, PATANJALI, HSCL, INTELLECT, JBMA, INDIACEM, PPLPHARMA, JMFINANCIL, TECHNOE",24,24,182,1.1788296703296706,both,0
FALCPAT_7312,46,"ITI, KAYNES, OFSS, HFCL, IRFC, CARBORUNIV, PHOENIXLTD, PRESTIGE, INDHOTEL, HINDZINC, BAJAJ-AUTO, TARIL, ALKEM, BLS, MANAPPURAM, ACC, GUJGASLTD, KPIL, ZEEL, GLENMARK, UNOMINDA, MRPL, TATAINVEST, SUZLON, OIL, PGEL, INDIACEM, ANANDRATHI, GRSE, KALYANKJIL, LODHA, NH, BEML, DLF, ASTRAL, DEEPAKFERT, ADANIPORTS, ONGC, GRAVITA, CANBK",46,46,665,0.8607323308270678,both,0
FALCPAT_7313,17,"CONCORDBIO, HINDZINC, UCOBANK, ITI, CARTRADE, ZYDUSWELL, INDIAMART, OLECTRA, HONAUT, BHARTIHEXA, GALLANTT, COCHINSHIP, MAZDOCK, ABB, IOB, RPOWER, SBILIFE",17,17,600,0.7706933333333335,both,0
FALCPAT_7320,69,"NAVA, JUBLPHARMA, CGCL, JSWENERGY, INDUSTOWER, PPLPHARMA, ZFCVINDIA, JPPOWER, INOXWIND, TATAINVEST, IGL, LINDEINDIA, JYOTICNC, BANDHANBNK, ABSLAMC, ADANIPORTS, TEGA, BBTC, SYRMA, BHEL, AMBUJACEM, JINDALSTEL, KALYANKJIL, IRB, ELGIEQUIP, OFSS, BDL, NBCC, JMFINANCIL, ABB, MOTILALOFS, SJVN, CDSL, GMDCLTD, NEWGEN, HUDCO, KFINTECH, GODFRYPHLP, BEML, PRESTIGE",69,69,1460,0.8647739726027397,both,0
FALCPAT_7321,77,"MMTC, DATAPATTNS, MAZDOCK, RITES, CLEAN, PCBL, PERSISTENT, CHAMBLFERT, SUNDARMFIN, NH, ENGINERSIN, NMDC, LODHA, CHOLAHLDNG, SUMICHEM, EMAMILTD, ASTERDM, CGPOWER, SAMMAANCAP, INOXWIND, SUPREMEIND, NLCINDIA, EIHOTEL, TEJASNET, PIIND, SUNTV, WELSPUNLIV, CEATLTD, ITI, SOBHA, LICI, BEL, IRCTC, IRFC, PPLPHARMA, HDFCLIFE, GUJGASLTD, 360ONE, COCHINSHIP, HSCL",77,77,774,0.9539198966408268,both,0
FALCPAT_7323,39,"TIMKEN, WHIRLPOOL, ZENSARTECH, ARE&M, IRCON, RAILTEL, GVT&D, OLECTRA, JMFINANCIL, AMBUJACEM, HDFCAMC, NATIONALUM, BLUESTARCO, RKFORGE, MEDANTA, SOBHA, SCI, USHAMART, ABREL, CAPLIPOINT, RBLBANK, GPIL, TATAINVEST, AMBER, ANANDRATHI, TARIL, MOTILALOFS, PFC, MMTC, BHARTIARTL, TRENT, VOLTAS, GRAPHITE, PTCIL, GODREJPROP, GESHIP, BOSCHLTD, ITI, KALYANKJIL",39,39,564,0.842677304964539,both,0
FALCPAT_7324,13,"GMDCLTD, ITI, IFCI, RVNL, COCHINSHIP, FACT, ZYDUSWELL, HINDZINC, INOXWIND, BSE, SOBHA, NEULANDLAB, IRFC",13,13,789,0.7977034220532319,both,0
FALCPAT_7325,3,"MAPMYINDIA, BSE, TORNTPOWER",3,3,100,0.6557,both,0
FALCPAT_7348,39,"BLUEJET, INOXWIND, BSE, PARADEEP, LODHA, BEML, CARTRADE, PRESTIGE, BLS, BANKINDIA, CDSL, ITI, SJVN, MOTILALOFS, NBCC, GVT&D, FORCEMOT, GRAPHITE, SAREGAMA, PCBL, FSL, SUNDARMFIN, SIGNATURE, JSWDULUX, MCX, BDL, IRFC, COALINDIA, INDIANB, ITC, ABBOTINDIA, SWANCORP, TCS, ERIS, NIACL, PATANJALI, DOMS, HAL, SCI",39,39,1656,0.7021859903381641,both,0
FALCPAT_7349,57,"WOCKPHARMA, BAJAJHLDNG, GODREJIND, FACT, JSWINFRA, GODFRYPHLP, NUVAMA, ERIS, TATAINVEST, PARADEEP, PTCIL, RITES, GRSE, BLUEJET, APARINDS, CONCORDBIO, POWERINDIA, MAZDOCK, ITI, BSE, ELECON, POLICYBZR, ITC, BOSCHLTD, ANURAS, GLAXO, OLECTRA, MAXHEALTH, ZENTEC, KAYNES, RVNL, UBL, ADANIPOWER, PGEL, SCI, ULTRACEMCO, SYRMA, BAJFINANCE, GAIL, GRASIM",57,57,1145,0.8615213973799126,both,0
FALCPAT_7350,45,"OLECTRA, SARDAEN, NEULANDLAB, CHENNPETRO, MRPL, HBLENGINE, OFSS, GRSE, RPOWER, MEDANTA, FLUOROCHEM, ZENTEC, ITI, JIOFIN, NUVAMA, MPHASIS, WOCKPHARMA, CCL, IRCON, JUBLPHARMA, CHOLAHLDNG, INDIANB, CASTROLIND, CLEAN, JPPOWER, IRFC, HINDZINC, RITES, IRCTC, GODREJIND, SJVN, MMTC, JKTYRE, JBMA, AUBANK, PATANJALI, GODFRYPHLP, RAILTEL, ELECON, TIMKEN",45,45,657,0.8473531202435314,both,0
FALCPAT_7351,21,"NIACL, GALLANTT, GSPL, GVT&D, AAVAS, TATAINVEST, ZENTEC, LODHA, GMDCLTD, SAMMAANCAP, PRESTIGE, PFIZER, BHARTIHEXA, KALYANKJIL, BSE, DATAPATTNS, CEATLTD, KFINTECH, JBMA, SOBHA, JSWDULUX",21,21,417,0.8586762589928059,both,0
FALCPAT_7352,40,"COHANCE, VOLTAS, CUMMINSIND, CARBORUNIV, UNOMINDA, MGL, JBCHEPHARM, BALRAMCHIN, ZEEL, PRESTIGE, PAYTM, RADICO, FORCEMOT, ANURAS, HUDCO, MRPL, SJVN, FORTIS, SOBHA, TARIL, KFINTECH, AARTIIND, LINDEINDIA, GSPL, GABRIEL, MMTC, CYIENT, AJANTPHARM, KAJARIACER, CEATLTD, BEML, NEULANDLAB, INTELLECT, HFCL, PETRONET, NH, RPOWER, WELSPUNLIV, GODFRYPHLP, CREDITACC",40,40,906,0.8491666666666667,both,0
FALCPAT_7353,34,"HONASA, CROMPTON, KPRMILL, HAL, IOC, HINDZINC, BLUEJET, EXIDEIND, ONGC, HINDPETRO, HINDALCO, MOTHERSON, EMAMILTD, ANURAS, COHANCE, CCL, RAILTEL, SAMMAANCAP, SIEMENS, GLAND, GRAVITA, TEJASNET, JINDALSTEL, JPPOWER, IFCI, GVT&D, PAYTM, TARIL, VEDL, WHIRLPOOL, COCHINSHIP, OBEROIRLTY, ITI, INDUSTOWER",34,34,892,0.8038183856502243,both,0
FALCPAT_7354,4,"CONCORDBIO, MOTHERSON, INDIACEM, INDUSTOWER",4,4,58,0.8506724137931034,both,0
FALCPAT_7360,47,"ITI, MAPMYINDIA, CASTROLIND, RAILTEL, PIIND, TORNTPHARM, BERGEPAINT, CLEAN, NEULANDLAB, CHOLAHLDNG, KFINTECH, TATACHEM, HSCL, CHENNPETRO, FINCABLES, SOBHA, TARIL, FLUOROCHEM, ETERNAL, SBILIFE, ABREL, PARADEEP, JUBLPHARMA, WELSPUNLIV, BDL, ANGELONE, GODFRYPHLP, HUDCO, DIXON, ZOMATO, INDUSINDBK, VOLTAS, CEATLTD, CHALET, SAMMAANCAP, JKCEMENT, NLCINDIA, RADICO, CESC, MANKIND",47,47,913,0.8546308871851039,both,0
FALCPAT_7363,4,"DEVYANI, ZYDUSWELL, INDIACEM, CONCORDBIO",4,4,75,0.5751866666666666,both,0
FALCPAT_7383,25,"AIIL, TBOTEK, GRASIM, SBIN, ANURAS, INDUSINDBK, RAMCOCEM, BHARTIARTL, SBICARD, ULTRACEMCO, ICICIBANK, OFSS, HINDALCO, ECLERX, ATUL, DABUR, BATAINDIA, PIIND, BOSCHLTD, TARIL, M&M, UPL, JUBLPHARMA, WELCORP, INFY",25,25,1108,0.6217897111913359,both,0
FALCPAT_7394,48,"AIIL, GRASIM, TATAINVEST, BAJAJHLDNG, OFSS, GODREJIND, DABUR, SIGNATURE, ANURAS, RAMCOCEM, ERIS, UPL, BOSCHLTD, HEROMOTOCO, BDL, POONAWALLA, LODHA, KPRMILL, BHARTIARTL, JUBLPHARMA, KFINTECH, DOMS, CCL, RVNL, TATAELXSI, LALPATHLAB, WHIRLPOOL, SUNTV, IREDA, STARHEALTH, GILLETTE, MAZDOCK, TARIL, BIKAJI, CHAMBLFERT, GPIL, SRF, WOCKPHARMA, FIVESTAR, ASAHIINDIA",48,48,1528,0.7254155759162303,both,0
FALCPAT_7395,43,"ANANTRAJ, AEGISLOG, ITI, HINDZINC, NHPC, ATGL, INDIACEM, KIRLOSENG, NLCINDIA, MRPL, DIXON, PRESTIGE, ANURAS, GSPL, GABRIEL, SAMMAANCAP, NCC, CHOLAHLDNG, GRSE, APARINDS, GALLANTT, OLECTRA, GODFRYPHLP, BDL, GRAVITA, BSE, GPIL, HUDCO, NBCC, COCHINSHIP, FORCEMOT, JBMA, ANANDRATHI, HFCL, ABREL, PCBL, ADANIGREEN, IDFCFIRSTB, GMRAIRPORT, MAZDOCK",43,43,491,1.0603767820773933,both,0
FALCPAT_7412,94,"RAMCOCEM, STARHEALTH, PETRONET, TATASTEEL, OBEROIRLTY, LALPATHLAB, ANURAS, OFSS, GODREJIND, INDIGO, GRASIM, TATACOMM, DABUR, SIGNATURE, ATUL, UPL, CUB, TVSMOTOR, ERIS, CHOLAHLDNG, DEEPAKFERT, BANKBARODA, SYRMA, DOMS, CHAMBLFERT, SBIN, ZYDUSLIFE, DLF, JSWSTEEL, JKCEMENT, BHARTIARTL, JSL, BAJAJFINSV, NAVINFLUOR, ABBOTINDIA, BAJFINANCE, HEROMOTOCO, DEEPAKNTR, WHIRLPOOL, WOCKPHARMA",94,94,1849,0.8153991346673879,both,0
FALCPAT_7413,29,"IGL, MPHASIS, CONCORDBIO, BALKRISIND, NHPC, CROMPTON, RHIM, HINDZINC, COROMANDEL, KAJARIACER, JSWINFRA, MOTHERSON, JINDALSTEL, KFINTECH, AIIL, ITI, MINDACORP, CUMMINSIND, INDIACEM, OFSS, ANURAS, POONAWALLA, AUBANK, GLAXO, SCHAEFFLER, SHRIRAMFIN, TBOTEK, AARTIIND, EMAMILTD",29,29,541,0.7987171903881699,both,0
FALCPAT_7430,70,"FACT, HONASA, NIACL, MRPL, TATAINVEST, RVNL, IFCI, RAILTEL, ITI, GMDCLTD, HUDCO, CHENNPETRO, ADANIGREEN, ANANDRATHI, GRASIM, GRSE, UCOBANK, SAMMAANCAP, FLUOROCHEM, HEG, PFIZER, RITES, JSWDULUX, PTCIL, KFINTECH, COCHINSHIP, LINDEINDIA, TIMKEN, REDINGTON, TATACHEM, IRCON, JINDALSAW, CHOLAHLDNG, MCX, WHIRLPOOL, HONAUT, SOBHA, GODREJIND, ZENTEC, SAIL",70,70,1136,0.9934894366197179,both,0
FALCPAT_7431,4,"KPRMILL, CYIENT, BHARATFORG, HONASA",4,4,45,0.8507777777777779,both,0
FALCPAT_7432,70,"NAVA, KFINTECH, TARIL, INDIGO, KPRMILL, MAXHEALTH, COROMANDEL, CHAMBLFERT, INDIANB, TBOTEK, BSE, NLCINDIA, TATASTEEL, FSL, ABBOTINDIA, AXISBANK, 360ONE, SUMICHEM, TVSMOTOR, LTM, GLAXO, EIDPARRY, KARURVYSYA, AEGISLOG, FORTIS, MARICO, IREDA, ANANTRAJ, BEL, KIMS, SUNDARMFIN, LICI, PARADEEP, IRCTC, ITI, JUBLINGREA, UNOMINDA, DABUR, NATIONALUM, MAZDOCK",70,70,1623,0.780712877387554,both,0
FALCPAT_7435,22,"ATUL, VOLTAS, M&M, HONASA, IREDA, HDFCAMC, COROMANDEL, SBIN, CUMMINSIND, PATANJALI, TATASTEEL, EICHERMOT, DIXON, SIEMENS, MPHASIS, JUBLFOOD, GLENMARK, TATAPOWER, JBCHEPHARM, WELCORP, EXIDEIND, NAVINFLUOR",22,22,433,0.7136651270207852,both,0
FALCPAT_7436,99,"WOCKPHARMA, IRCON, RITES, OBEROIRLTY, FLUOROCHEM, APARINDS, COHANCE, AEGISLOG, TTML, NATIONALUM, SAIL, CEMPRO, NBCC, DATAPATTNS, TORNTPOWER, GPIL, GAIL, SUPREMEIND, CEATLTD, IFCI, RADICO, SUNDARMFIN, GODFRYPHLP, REDINGTON, RAILTEL, TATACHEM, INTELLECT, GALLANTT, IDFCFIRSTB, IDBI, ITI, EMAMILTD, KAJARIACER, TATASTEEL, BSE, PFIZER, WHIRLPOOL, FORCEMOT, KARURVYSYA, BHARTIARTL",99,99,653,1.1318774885145482,both,0
FALCPAT_7444,18,"TATAINVEST, DOMS, FACT, TATAELXSI, ZYDUSWELL, MARICO, LT, HEG, DRREDDY, TATACONSUM, ITI, LALPATHLAB, SBICARD, JBMA, KFINTECH, MMTC, NTPC, TORNTPHARM",18,18,831,0.7348411552346571,both,0
FALCPAT_7445,21,"POLYMED, AMBER, BBTC, SOLARINDS, TORNTPOWER, NUVAMA, MRPL, BIKAJI, GMDCLTD, ABREL, COHANCE, GRSE, ACE, MOTILALOFS, LODHA, NHPC, SAMMAANCAP, JMFINANCIL, HBLENGINE, ANURAS, TECHNOE",21,21,435,0.844719540229885,both,0
FALCPAT_7446,58,"GLAXO, GPIL, NAVINFLUOR, SUPREMEIND, GVT&D, RECLTD, DEVYANI, UPL, BLS, PERSISTENT, ANURAS, BLUEJET, TARIL, HINDZINC, ABB, LODHA, GODREJIND, INDIGO, KFINTECH, WELCORP, FSL, OIL, JSL, BALRAMCHIN, BOSCHLTD, KARURVYSYA, JUBLINGREA, CDSL, NMDC, JYOTICNC, M&MFIN, RAINBOW, BANKBARODA, CHAMBLFERT, PCBL, ZENSARTECH, COROMANDEL, ASIANPAINT, VIJAYA, PGEL",58,58,814,0.916076167076167,both,0
FALCPAT_7447,29,"BALKRISIND, MUTHOOTFIN, TARIL, NUVAMA, HINDZINC, IFCI, ABFRL, CONCORDBIO, SRF, ARE&M, GRAVITA, FLUOROCHEM, JWL, BSE, ZEEL, GLENMARK, KALYANKJIL, BEL, GSPL, NLCINDIA, GODFRYPHLP, NH, MCX, FINCABLES, COFORGE, MEDANTA, RVNL, BHARATFORG, PFC",29,29,1008,0.7809583333333333,both,0
FALCPAT_7453,3,"OFSS, MOTHERSON, DIXON",3,3,38,0.9116842105263158,both,0
FALCPAT_7458,40,"GLENMARK, MMTC, CEMPRO, WELCORP, EICHERMOT, LLOYDSME, GODFRYPHLP, ATGL, 3MINDIA, HONASA, MARUTI, DATAPATTNS, CAMS, BEML, FORCEMOT, FSL, IRFC, KFINTECH, PATANJALI, CAPLIPOINT, GRSE, CUB, ABSLAMC, TEGA, KALYANKJIL, NAVINFLUOR, REDINGTON, IDFCFIRSTB, SHYAMMETL, RRKABEL, ELECON, GLAXO, STARHEALTH, GVT&D, COROMANDEL, JUBLPHARMA, ANURAS, OIL, ERIS, SUPREMEIND",40,40,1080,0.7563620370370371,both,0
FALCPAT_7459,37,"RVNL, MUTHOOTFIN, TATASTEEL, JSL, AIIL, ZYDUSWELL, ASHOKLEY, LICHSGFIN, CUMMINSIND, MPHASIS, BALKRISIND, MGL, SONATSOFTW, GAIL, GVT&D, ARE&M, SIEMENS, INOXWIND, CROMPTON, MOTILALOFS, ADANIPOWER, DIXON, GRAVITA, POWERGRID, MCX, ACE, INTELLECT, AARTIIND, ABREL, CEMPRO, HUDCO, NCC, MRPL, CARBORUNIV, HBLENGINE, FORCEMOT, SBIN",37,37,1080,0.7524962962962964,both,0
FALCPAT_7460,6,"CHOICEIN, CUMMINSIND, INDIACEM, DIXON, VOLTAS, SIEMENS",6,6,138,0.6380434782608695,both,0
FALCPAT_7463,37,"HDFCAMC, AFFLE, IPCALAB, INDUSINDBK, GLENMARK, PETRONET, INDIAMART, LUPIN, CUMMINSIND, NAUKRI, FORCEMOT, SRF, SHRIRAMFIN, DCMSHRIRAM, MGL, BSOFT, CHOLAFIN, ASHOKLEY, LAURUSLABS, MOTHERSON, TATACHEM, DIXON, HONAUT, COROMANDEL, ICICIPRULI, BERGEPAINT, TATAINVEST, FORTIS, EXIDEIND, COHANCE, HEROMOTOCO, GRANULES, NAVA, AEGISLOG, PNB, ECLERX, POONAWALLA",37,37,976,0.7396598360655738,both,0
FALCPAT_7466,123,"BSE, RADICO, JSWINFRA, FSL, PARADEEP, MAXHEALTH, HUDCO, AEGISLOG, HBLENGINE, ZOMATO, ACE, DATAPATTNS, IRCON, GPIL, NAM-INDIA, APLAPOLLO, ABBOTINDIA, SAREGAMA, RKFORGE, ITI, CHAMBLFERT, NEWGEN, HSCL, SUNDARMFIN, NHPC, JYOTICNC, ANANDRATHI, BEML, NYKAA, NESTLEIND, EIDPARRY, NTPC, ECLERX, INDIACEM, NLCINDIA, SAPPHIRE, VTL, KFINTECH, ACUTAAS, APARINDS",123,123,1818,0.9636452145214521,both,0
FALCPAT_7469,59,"LODHA, VIJAYA, PARADEEP, BANKINDIA, POLICYBZR, INTELLECT, KFINTECH, CARBORUNIV, CARTRADE, DEEPAKFERT, IGL, JUBLINGREA, JUBLPHARMA, ACE, PPLPHARMA, ENGINERSIN, POWERINDIA, NLCINDIA, JSL, SCI, COHANCE, HBLENGINE, JYOTICNC, FIVESTAR, IREDA, AEGISLOG, ATUL, BIKAJI, KIMS, ZFCVINDIA, JBCHEPHARM, JBMA, 360ONE, ELGIEQUIP, KIRLOSENG, NBCC, CHALET, BOSCHLTD, CESC, CENTRALBK",59,59,450,1.17814,both,0
FALCPAT_7470,75,"TATAELXSI, RVNL, RITES, ECLERX, GRAPHITE, KFINTECH, ZENTEC, SONATSOFTW, POLICYBZR, MAZDOCK, ADANIPOWER, KEI, HFCL, SOBHA, TATASTEEL, APARINDS, CEATLTD, SPLPETRO, APLAPOLLO, MSUMI, RAILTEL, IRCON, INDIANB, SUPREMEIND, ADANIPORTS, FACT, OLECTRA, CEMPRO, MANAPPURAM, KAYNES, GRANULES, SCI, PCBL, ATUL, IRFC, GRSE, BANDHANBNK, INDUSINDBK, GPIL, GMRAIRPORT",75,75,383,1.4105926892950391,both,0
FALCPAT_7471,102,"RAMCOCEM, OBEROIRLTY, TATACHEM, M&MFIN, OFSS, ERIS, SOBHA, ITI, ANURAS, CASTROLIND, ICICIPRULI, CCL, JKTYRE, ZYDUSLIFE, WHIRLPOOL, RITES, GODREJIND, DATAPATTNS, RBLBANK, BHARTIARTL, LICI, DABUR, GLAXO, CHOLAHLDNG, SIGNATURE, IDFCFIRSTB, GRASIM, TRITURBINE, ABREL, CANBK, PFIZER, BATAINDIA, SYRMA, NATIONALUM, NEWGEN, NLCINDIA, BDL, MANKIND, JUBLPHARMA, FLUOROCHEM",102,102,1264,0.9889588607594938,both,0
FALCPAT_7472,65,"CONCORDBIO, CHAMBLFERT, RBLBANK, UCOBANK, GSPL, ABCAPITAL, BIKAJI, JSWENERGY, ITI, CHOLAHLDNG, LTF, ERIS, POLYCAB, BRIGADE, IOB, NIACL, DIVISLAB, GRANULES, OIL, SAMMAANCAP, HINDZINC, ASHOKLEY, WELCORP, M&M, INDIGO, CREDITACC, COCHINSHIP, ZENTEC, BALKRISIND, EMAMILTD, GRAVITA, PETRONET, IDFCFIRSTB, MAHABANK, CENTRALBK, IFCI, GMDCLTD, KFINTECH, GALLANTT, GRSE",65,65,1231,0.9029480097481722,both,0
FALCPAT_7491,64,"APLAPOLLO, SUMICHEM, ACUTAAS, TATAELXSI, COALINDIA, VIJAYA, SBICARD, UNOMINDA, TATACHEM, CGCL, PPLPHARMA, AJANTPHARM, BPCL, FSL, UPL, ASAHIINDIA, LTFOODS, RADICO, POONAWALLA, BAYERCROP, UBL, CUMMINSIND, GRANULES, BIKAJI, SAPPHIRE, ANURAS, FIVESTAR, PHOENIXLTD, IPCALAB, KIMS, LAURUSLABS, SHYAMMETL, WOCKPHARMA, BSE, CROMPTON, BEL, EXIDEIND, ANANDRATHI, MCX, INDUSTOWER",64,64,1780,0.7816904494382023,both,0
FALCPAT_7492,9,"MGL, EXIDEIND, NAVINFLUOR, TATAPOWER, CUMMINSIND, AARTIIND, NH, VIJAYA, GODREJPROP",9,9,155,0.7770774193548388,both,0
FALCPAT_7494,53,"ZEEL, UCOBANK, CAMS, BLUEJET, SUPREMEIND, CENTRALBK, BEML, FINCABLES, CHAMBLFERT, CYIENT, GRAVITA, EIDPARRY, BHARTIHEXA, CONCORDBIO, ARE&M, ERIS, KFINTECH, ADANIGREEN, GLAXO, ANURAS, COHANCE, BRIGADE, AARTIIND, FACT, HINDCOPPER, TECHNOE, SCHAEFFLER, HUDCO, ABFRL, LLOYDSME, IOB, AUBANK, ADANIPOWER, OLECTRA, VOLTAS, JBCHEPHARM, NAVA, GALLANTT, NAVINFLUOR, COCHINSHIP",53,53,777,0.9026151866151868,both,0
FALCPAT_7496,2,"MOTHERSON, INDIACEM",2,2,34,0.927470588235294,both,0
FALCPAT_7499,52,"CREDITACC, MMTC, CLEAN, NAM-INDIA, ETERNAL, IFCI, SCHAEFFLER, RBLBANK, ELECON, PFIZER, SOLARINDS, ATGL, JPPOWER, CDSL, HONASA, JUBLINGREA, BAJAJFINSV, GMDCLTD, ZENSARTECH, NATCOPHARM, JKTYRE, ENDURANCE, HAL, LTF, IDBI, POONAWALLA, JUBLPHARMA, ENGINERSIN, VTL, POLICYBZR, JMFINANCIL, RPOWER, CIPLA, DATAPATTNS, GRASIM, ANGELONE, LTM, SUPREMEIND, ICICIPRULI, SBILIFE",52,52,351,1.3187122507122508,both,0
FALCPAT_7506,61,"ECLERX, LLOYDSME, APARINDS, ERIS, FSL, TITAN, ZFCVINDIA, PETRONET, VTL, GLAXO, SUNDARMFIN, NEWGEN, CHOLAHLDNG, BDL, CHAMBLFERT, MOTILALOFS, ABBOTINDIA, AJANTPHARM, BANKBARODA, PHOENIXLTD, FIVESTAR, KIRLOSENG, GABRIEL, TTML, GPIL, ANANDRATHI, RRKABEL, ZOMATO, SHYAMMETL, IPCALAB, SUMICHEM, JYOTICNC, SWANCORP, GRAVITA, GODFRYPHLP, POWERINDIA, DMART, KAYNES, PAYTM, SPLPETRO",61,61,1197,0.8194202172096909,both,0
FALCPAT_7508,68,"RITES, POONAWALLA, LODHA, KPIL, PPLPHARMA, BLUESTARCO, JYOTICNC, POLICYBZR, MAPMYINDIA, CHALET, DLF, JBMA, MMTC, ENGINERSIN, NLCINDIA, GALLANTT, ABREL, SUPREMEIND, RAILTEL, IREDA, GILLETTE, CARTRADE, EICHERMOT, VIJAYA, ACE, SOLARINDS, PCBL, JBCHEPHARM, ABB, CARBORUNIV, APLAPOLLO, GRAPHITE, BBTC, ZENSARTECH, AARTIIND, GRAVITA, BALRAMCHIN, ALKEM, AMBER, JSL",68,68,488,1.2236782786885243,both,0
FALCPAT_7509,62,"UCOBANK, AIIL, RBLBANK, M&MFIN, POWERGRID, TATASTEEL, LICHSGFIN, ITI, IGL, DABUR, MGL, IOB, IDFCFIRSTB, FLUOROCHEM, SBILIFE, CONCORDBIO, BIKAJI, GRSE, DIVISLAB, CHAMBLFERT, JUBLPHARMA, OBEROIRLTY, ABCAPITAL, HINDZINC, SUNDARMFIN, ZYDUSLIFE, M&M, BHARTIARTL, COCHINSHIP, PFIZER, MRPL, RVNL, GRAVITA, BAJFINANCE, OIL, TECHM, WELCORP, AUROPHARMA, SCHAEFFLER, MANKIND",62,62,1292,0.8197329721362228,both,0
FALCPAT_7514,65,"AFFLE, TATACHEM, SUMICHEM, AMBER, SHYAMMETL, PETRONET, LLOYDSME, UPL, KAJARIACER, ERIS, SARDAEN, BEL, VIJAYA, MEDANTA, SRF, BIOCON, TATAELXSI, SAPPHIRE, M&MFIN, SUNTV, SBICARD, JBCHEPHARM, KFINTECH, PHOENIXLTD, COHANCE, GMRAIRPORT, ANURAS, JUBLINGREA, BATAINDIA, DOMS, SUNDARMFIN, IPCALAB, RAINBOW, BSE, ATUL, CAPLIPOINT, NUVAMA, POLYCAB, BLUEJET, JSWSTEEL",65,65,1699,0.7956032960565038,both,0
FALCPAT_7515,71,"BLS, BLUESTARCO, RITES, AUBANK, ENDURANCE, NHPC, AEGISLOG, ELECON, ZOMATO, HBLENGINE, ETERNAL, NSLNISP, ADANIENT, KAJARIACER, GRANULES, NUVAMA, SPLPETRO, MOTILALOFS, RRKABEL, POONAWALLA, DATAPATTNS, ABSLAMC, GVT&D, 360ONE, ACE, EXIDEIND, HSCL, PHOENIXLTD, KPIL, FIVESTAR, NAVINFLUOR, TRIDENT, NEWGEN, JMFINANCIL, TEGA, NETWEB, APARINDS, NCC, INDIACEM, PNBHOUSING",71,71,1164,0.9529046391752574,both,0
FALCPAT_7516,44,"ITI, COCHINSHIP, CHENNPETRO, ZYDUSWELL, SYRMA, RAILTEL, CANBK, CUMMINSIND, HUDCO, AARTIIND, INTELLECT, HINDCOPPER, CREDITACC, SOBHA, NIACL, FINCABLES, JBCHEPHARM, SAIL, TARIL, FACT, NAVINFLUOR, ELECON, TIINDIA, ADANIENT, ACE, ANANTRAJ, AFFLE, SBFC, BIKAJI, ERIS, BEL, MRPL, TITAGARH, POONAWALLA, CROMPTON, MAXHEALTH, BANKBARODA, HFCL, SOLARINDS, POWERINDIA",44,44,469,1.1070597014925374,both,0
FALCPAT_7517,28,"GILLETTE, PETRONET, MAXHEALTH, ANGELONE, FORTIS, UNOMINDA, BALRAMCHIN, HEG, MANKIND, BIOCON, JPPOWER, RECLTD, MMTC, INDUSTOWER, SHRIRAMFIN, GSPL, FORCEMOT, SIEMENS, TRENT, IDFCFIRSTB, 360ONE, JUBLINGREA, PAYTM, DATAPATTNS, RADICO, PRESTIGE, KIMS, GMRAIRPORT",28,28,422,0.7839241706161139,both,0
FALCPAT_7518,36,"GAIL, IDFCFIRSTB, COROMANDEL, FINCABLES, JUBLPHARMA, ESCORTS, AUBANK, DEEPAKFERT, HINDPETRO, SUMICHEM, EXIDEIND, BBTC, DIXON, TRENT, KAJARIACER, BEL, GVT&D, HFCL, NATIONALUM, BDL, HAL, WELSPUNLIV, TEJASNET, BHARATFORG, AEGISLOG, FORCEMOT, HINDCOPPER, INTELLECT, COHANCE, SUPREMEIND, WELCORP, GABRIEL, MCX, SIEMENS, TITAGARH, USHAMART",36,36,800,0.7956812500000001,both,0
FALCPAT_7519,31,"IOB, UCOBANK, CONCORDBIO, HINDZINC, MMTC, ITI, CENTRALBK, DIXON, GLAND, MGL, AARTIIND, OFSS, CROMPTON, MOTHERSON, AMBUJACEM, ZYDUSWELL, POWERGRID, GRSE, OLECTRA, CAMS, AIIL, SPLPETRO, JINDALSTEL, ENDURANCE, GODREJPROP, MAZDOCK, COHANCE, NIACL, ANURAS, POWERINDIA, VOLTAS",31,31,630,0.9811634920634921,both,0
FALCPAT_7545,86,"CLEAN, VIJAYA, LLOYDSME, INDUSTOWER, JSL, FLUOROCHEM, AEGISLOG, BLS, GODREJIND, KPRMILL, ACE, CAPLIPOINT, EIHOTEL, PHOENIXLTD, DLF, TATAINVEST, DCMSHRIRAM, CEATLTD, AMBER, SBICARD, TATAELXSI, KAJARIACER, GPIL, PARADEEP, IDBI, JUBLPHARMA, CGPOWER, NUVAMA, GRANULES, GRAVITA, ZOMATO, LTFOODS, POONAWALLA, LODHA, HBLENGINE, JSWSTEEL, CREDITACC, SHRIRAMFIN, JUBLINGREA, ENDURANCE",86,86,1710,0.9669251461988302,both,0
FALCPAT_7546,25,"TATAELXSI, CUB, HONAUT, BLUEJET, JUBLFOOD, SBIN, IPCALAB, ATUL, MGL, HONASA, JYOTICNC, PETRONET, ZYDUSWELL, SIGNATURE, ANURAS, STARHEALTH, CROMPTON, HDFCAMC, KAJARIACER, TMPV, INDUSTOWER, CHOLAFIN, ABSLAMC, GAIL, SOBHA",25,25,510,0.674005882352941,both,0
FALCPAT_7547,15,"COFORGE, MOTHERSON, BALKRISIND, POWERGRID, SUNTV, IDFCFIRSTB, HINDALCO, TATASTEEL, AUBANK, RRKABEL, AIIL, INDIACEM, CUB, DIXON, CANFINHOME",15,15,418,0.6102918660287082,both,0
FALCPAT_7553,46,"MCDOWELL-N, UNITDSPR, DOMS, ICICIBANK, SUNDARMFIN, ANURAS, LALPATHLAB, KOTAKBANK, BOSCHLTD, LODHA, JYOTICNC, BLUEJET, MARICO, NTPC, GRASIM, VIJAYA, DALBHARAT, CHALET, GODREJIND, TATACONSUM, SBICARD, JBMA, ZFCVINDIA, BATAINDIA, BHARTIARTL, GPIL, CUB, GRANULES, TATAELXSI, PATANJALI, GAIL, POLYMED, CIPLA, ABREL, GMDCLTD, UBL, ABBOTINDIA, JUBLPHARMA, SAREGAMA, TRITURBINE",46,46,1275,0.7007200000000002,both,0
FALCPAT_7554,32,"GRASIM, AIIL, ULTRACEMCO, DABUR, KFINTECH, INDIACEM, WHIRLPOOL, HONAUT, SUNTV, RVNL, CONCORDBIO, TMPV, AIAENG, UCOBANK, BOSCHLTD, RRKABEL, INDUSINDBK, ERIS, STARHEALTH, MAZDOCK, POWERGRID, TATASTEEL, ABBOTINDIA, BSE, HEROMOTOCO, M&M, ATUL, HINDALCO, BHARTIARTL, INTELLECT, IOB, GRSE",32,32,1192,0.6881208053691276,both,0
FALCPAT_7559,18,"LALPATHLAB, ITI, SBICARD, ERIS, ANURAS, ZYDUSWELL, KFINTECH, BDL, BSE, AIIL, CHOICEIN, GRSE, UPL, TATATECH, UNOMINDA, TATAINVEST, CUB, SIGNATURE",18,18,1119,0.6708042895442358,both,0
FALCPAT_7560,12,"DATAPATTNS, ADANIENT, ZENTEC, MMTC, SCI, JWL, IRCON, MRPL, CHENNPETRO, HONASA, ADANIPOWER, MANAPPURAM",12,12,143,1.4403916083916086,both,0
FALCPAT_7561,89,"NUVAMA, GABRIEL, POONAWALLA, HOMEFIRST, LODHA, MAHABANK, BAYERCROP, AEGISLOG, ZOMATO, JSWINFRA, ZENSARTECH, GPIL, SAREGAMA, 360ONE, APTUS, BAJFINANCE, ENDURANCE, JUBLPHARMA, MAZDOCK, ATUL, DEVYANI, CEMPRO, HINDPETRO, CGPOWER, PAGEIND, INDUSTOWER, GRANULES, ACE, EIDPARRY, POWERINDIA, JSWDULUX, KPITTECH, POLICYBZR, CCL, GODREJIND, GRAVITA, USHAMART, ETERNAL, GMDCLTD, AUROPHARMA",89,89,1530,0.9648372549019609,both,0
FALCPAT_7564,34,"JSWDULUX, WOCKPHARMA, HINDCOPPER, SAIL, NEULANDLAB, GODREJIND, HUDCO, RADICO, GICRE, GVT&D, ACE, SARDAEN, GALLANTT, ADANIENSOL, MAPMYINDIA, TARIL, MAHABANK, PRESTIGE, PAYTM, RITES, NLCINDIA, PGEL, UNOMINDA, BDL, BSE, IOC, GRAVITA, EIHOTEL, GMDCLTD, JINDALSAW, HSCL, PPLPHARMA, ANGELONE, HINDPETRO",34,34,418,1.17122009569378,both,0
FALCPAT_7565,11,"HONASA, M&M, CONCORDBIO, AIIL, SIEMENS, AUROPHARMA, MUTHOOTFIN, COFORGE, ANURAS, MMTC, ITI",11,11,322,0.6372453416149069,both,0
FALCPAT_7567,75,"HBLENGINE, LINDEINDIA, PPLPHARMA, ZFCVINDIA, NAVA, CGCL, JUBLPHARMA, SYRMA, ADANIPORTS, BHEL, ABB, JSWENERGY, KALYANKJIL, TATATECH, IRB, IOB, JYOTICNC, INDUSTOWER, BDL, POONAWALLA, TEGA, CRAFTSMAN, GMDCLTD, YESBANK, GESHIP, PRESTIGE, JMFINANCIL, GODFRYPHLP, AMBUJACEM, INOXWIND, BBTC, TIINDIA, IGL, NBCC, MOTILALOFS, TRITURBINE, KEC, WELSPUNLIV, JIOFIN, AAVAS",75,75,1338,0.8932025411061285,both,0
FALCPAT_7572,54,"BHEL, JYOTICNC, NBCC, ZFCVINDIA, IIFL, WELSPUNLIV, ENGINERSIN, ARE&M, WHIRLPOOL, GESHIP, KPIL, SJVN, ADANIENT, INTELLECT, HINDCOPPER, COCHINSHIP, RBLBANK, IRFC, TRIDENT, ELGIEQUIP, OIL, OLECTRA, MUTHOOTFIN, ADANIPORTS, ZENTEC, COFORGE, NSLNISP, BEML, ANANTRAJ, ABB, JBMA, FINCABLES, BAJAJFINSV, VEDL, ABFRL, TMPV, THERMAX, HONASA, ADANIPOWER, NATCOPHARM",54,54,789,0.889765525982256,both,0
FALCPAT_7575,19,"OIL, NETWEB, CHENNPETRO, AIAENG, RITES, ITI, PATANJALI, COCHINSHIP, GLAND, LODHA, SUPREMEIND, PHOENIXLTD, IRFC, POWERGRID, IRCON, TARIL, GVT&D, SAMMAANCAP, CASTROLIND",19,19,192,1.027125,both,0
FALCPAT_7578,64,"AFFLE, BLUEJET, PETRONET, BEL, VIJAYA, ERIS, AEGISLOG, SARDAEN, PARADEEP, GODREJIND, KPRMILL, KFINTECH, NAVA, COHANCE, PNBHOUSING, GPIL, CHOLAFIN, PHOENIXLTD, SAPPHIRE, GMRAIRPORT, APLAPOLLO, ZENSARTECH, UPL, DOMS, HBLENGINE, SUNDARMFIN, FSL, SHYAMMETL, JBCHEPHARM, LINDEINDIA, SBICARD, ACE, NLCINDIA, KAYNES, NUVAMA, AMBER, BAJAJ-AUTO, M&MFIN, IOC, POWERINDIA",64,64,2016,0.7781914682539682,both,0
FALCPAT_7599,48,"TIMKEN, AMBUJACEM, KPIL, MMTC, POWERINDIA, KFINTECH, SAIL, IDBI, GRAPHITE, TORNTPOWER, DATAPATTNS, PFIZER, GMDCLTD, ZYDUSWELL, AEGISLOG, HUDCO, NH, TATAINVEST, KALYANKJIL, LINDEINDIA, INDIACEM, FSL, ACE, LEMONTREE, GRSE, ANGELONE, COALINDIA, BDL, COROMANDEL, LODHA, JSL, MAZDOCK, ANURAS, TITAGARH, GLAND, NHPC, INTELLECT, HBLENGINE, PCBL, LICI",48,48,752,0.9225026595744681,both,0
FALCPAT_7600,84,"KFINTECH, MAPMYINDIA, DEEPAKNTR, GLAXO, NEWGEN, SARDAEN, WOCKPHARMA, CONCORDBIO, DOMS, SONATSOFTW, SUNTV, PHOENIXLTD, LLOYDSME, TEJASNET, PTCIL, ATUL, GODREJIND, GRAVITA, HEG, GRANULES, CARBORUNIV, TATACOMM, GPIL, MAXHEALTH, RKFORGE, ZENTEC, 360ONE, SIGNATURE, TATAELXSI, WELSPUNLIV, EIDPARRY, NBCC, KEC, RRKABEL, ZFCVINDIA, DCMSHRIRAM, INOXWIND, CARTRADE, JUBLINGREA, NETWEB",84,84,621,1.1461819645732687,both,0
FALCPAT_7601,93,"CHAMBLFERT, GAIL, SUNDARMFIN, GRAVITA, UCOBANK, TTML, AARTIIND, ZYDUSLIFE, VOLTAS, ABCAPITAL, BIKAJI, RADICO, ERIS, ZENTEC, OLECTRA, UNOMINDA, PFIZER, TVSMOTOR, KIRLOSENG, JUBLPHARMA, GMRAIRPORT, TATASTEEL, BATAINDIA, LLOYDSME, SHREECEM, CONCORDBIO, MAZDOCK, SCHAEFFLER, AMBER, RVNL, COCHINSHIP, CENTRALBK, BAJFINANCE, CHALET, MAHABANK, BHARATFORG, ARE&M, RBLBANK, BHARTIARTL, UPL",93,93,1101,0.9190472297910991,both,0
FALCPAT_7602,92,"GODFRYPHLP, BIKAJI, OIL, CREDITACC, LODHA, HINDZINC, IDBI, HFCL, ZEEL, ANURAS, INTELLECT, JSL, BRIGADE, KARURVYSYA, COHANCE, CHAMBLFERT, CHOLAHLDNG, ADANIGREEN, ABFRL, POONAWALLA, CHALET, ATGL, MRPL, TRITURBINE, GMRAIRPORT, MOTHERSON, TATASTEEL, EXIDEIND, GICRE, VIJAYA, IIFL, DEVYANI, ELGIEQUIP, GILLETTE, BIOCON, ADANIPOWER, VOLTAS, NLCINDIA, GUJGASLTD, FSL",92,92,587,1.4447035775127766,both,0
FALCPAT_7603,69,"ERIS, GSPL, IOB, GILLETTE, ITI, JSWENERGY, ANURAS, GALLANTT, TATACHEM, FINCABLES, CCL, LODHA, NBCC, GMDCLTD, DIXON, IRCON, RVNL, FACT, UCOBANK, 3MINDIA, AUBANK, KAYNES, FLUOROCHEM, TARIL, NATIONALUM, BSE, BDL, GPIL, AMBUJACEM, HEG, RITES, CARTRADE, BRIGADE, SYRMA, WELCORP, HINDZINC, CENTRALBK, EMAMILTD, COCHINSHIP, GRSE",69,69,712,1.2994522471910115,both,0
FALCPAT_7618,119,"RADICO, NATCOPHARM, KFINTECH, FIVESTAR, ENDURANCE, ESCORTS, DOMS, DLF, VIJAYA, BHARATFORG, GRASIM, ELGIEQUIP, WHIRLPOOL, STARHEALTH, BATAINDIA, DATAPATTNS, OFSS, UPL, PPLPHARMA, CHOLAFIN, TATASTEEL, SONATSOFTW, ICICIBANK, IREDA, ASHOKLEY, GRAVITA, TATAELXSI, HEROMOTOCO, ULTRACEMCO, MCX, CHENNPETRO, NCC, BAYERCROP, ALKEM, PATANJALI, SYNGENE, DIVISLAB, CHAMBLFERT, MAPMYINDIA, CASTROLIND",119,119,1280,0.9926179687500003,both,0
FALCPAT_7619,80,"LODHA, POONAWALLA, ADANIGREEN, ATGL, CREDITACC, GICRE, OIL, SOBHA, CHOLAHLDNG, PARADEEP, MRPL, KARURVYSYA, DEEPAKFERT, CHALET, POWERINDIA, TRITURBINE, ADANIPOWER, GRAVITA, ABREL, INOXWIND, IRCON, SAIL, DATAPATTNS, ERIS, JSL, DLF, VIJAYA, SWANCORP, MOTHERSON, PNBHOUSING, ABCAPITAL, CASTROLIND, KALYANKJIL, GODFRYPHLP, JUBLINGREA, NLCINDIA, GLAXO, BANKBARODA, LAURUSLABS, TEGA",80,80,412,1.6327378640776702,both,0
FALCPAT_7620,74,"RAMCOCEM, TATAELXSI, POLICYBZR, ANURAS, WHIRLPOOL, OBEROIRLTY, DABUR, SUNTV, SIGNATURE, RITES, TATACHEM, CEATLTD, JYOTICNC, AIAENG, ERIS, SBILIFE, MARICO, OFSS, RVNL, SAREGAMA, EMAMILTD, BATAINDIA, J&KBANK, ZFCVINDIA, AAVAS, DALBHARAT, IDFCFIRSTB, ENDURANCE, FACT, UBL, GODREJIND, M&M, ZYDUSLIFE, BPCL, STARHEALTH, NATIONALUM, GPIL, MSUMI, BAJAJHLDNG, HINDALCO",74,74,1190,0.8497008403361346,both,0
FALCPAT_7621,71,"CONCORDBIO, POLYCAB, UCOBANK, ERIS, AIIL, SAMMAANCAP, CHAMBLFERT, CREDITACC, ITI, ICICIPRULI, IOB, HINDZINC, ABCAPITAL, M&MFIN, RBLBANK, INDIANB, MGL, JINDALSAW, PFIZER, DIVISLAB, LICHSGFIN, TTML, BIKAJI, GRANULES, SRF, CANFINHOME, GRSE, MAHABANK, CHOLAFIN, RVNL, WELCORP, CENTRALBK, SOLARINDS, RRKABEL, INTELLECT, DEVYANI, WOCKPHARMA, FEDERALBNK, INDHOTEL, LLOYDSME",71,71,1155,0.9520761904761904,both,0
FALCPAT_7624,59,"JSL, EXIDEIND, GODREJPROP, JUBLINGREA, CUMMINSIND, SOLARINDS, ASTERDM, MINDACORP, VEDL, ANANTRAJ, RAILTEL, ACUTAAS, POWERINDIA, HUDCO, RAINBOW, MRPL, GODFRYPHLP, CDSL, HINDZINC, PTCIL, DIXON, NHPC, JYOTICNC, DEVYANI, IOC, INDIANB, INOXWIND, LTF, COHANCE, JSWENERGY, SJVN, CREDITACC, NAM-INDIA, HBLENGINE, HINDPETRO, APTUS, PFC, TARIL, FSL, MANAPPURAM",59,59,908,0.8578458149779735,both,0
FALCPAT_7630,20,"JSWDULUX, GMRAIRPORT, MAPMYINDIA, HOMEFIRST, BSE, CASTROLIND, ANGELONE, RBLBANK, HONAUT, JUBLPHARMA, FORCEMOT, KPRMILL, CONCOR, HUDCO, CARBORUNIV, TIMKEN, UNOMINDA, LTFOODS, DEEPAKFERT, MAZDOCK",20,20,236,0.9546440677966102,both,0
FALCPAT_7631,108,"GODREJIND, WOCKPHARMA, RAMCOCEM, TATACHEM, KFINTECH, LTF, GLAXO, JKCEMENT, ANURAS, TARIL, CANBK, ERIS, CARTRADE, ZFCVINDIA, TATAELXSI, RADICO, ATUL, JSWSTEEL, GRAVITA, INTELLECT, CARBORUNIV, AMBER, POONAWALLA, EMAMILTD, VIJAYA, BLUESTARCO, MARICO, GPIL, CASTROLIND, SIGNATURE, ENDURANCE, GABRIEL, DEEPAKNTR, RRKABEL, UPL, GILLETTE, SOBHA, SUNTV, SHREECEM, IDBI",108,108,1261,1.09353766851705,both,0
FALCPAT_7632,28,"HFCL, JBMA, JUBLPHARMA, LTFOODS, ARE&M, PCBL, TECHNOE, GMDCLTD, MRPL, BEL, CDSL, KIRLOSENG, ACE, ENGINERSIN, IRCON, APARINDS, SOBHA, NBCC, CUMMINSIND, HAL, SWANCORP, LODHA, HBLENGINE, HUDCO, CARTRADE, RAILTEL, ABSLAMC, MEDANTA",28,28,110,1.6369545454545453,both,0
FALCPAT_7633,62,"AIIL, FLUOROCHEM, LICHSGFIN, IGL, RBLBANK, DABUR, HINDALCO, M&M, MGL, UCOBANK, CHAMBLFERT, ICICIPRULI, IDFCFIRSTB, PFIZER, OBEROIRLTY, CENTRALBK, ABCAPITAL, HINDZINC, SUNDARMFIN, ITI, DIVISLAB, CONCORDBIO, CHOLAHLDNG, MANKIND, ZYDUSLIFE, BHARTIARTL, POWERGRID, OIL, CHOLAFIN, SYNGENE, COCHINSHIP, GRAVITA, IOB, WELCORP, HFCL, BIKAJI, TARIL, CREDITACC, BAJFINANCE, WOCKPHARMA",62,62,1482,0.7617354925775978,both,0
FALCPAT_7645,13,"AIIL, PIDILITIND, BSE, TATACONSUM, GLAXO, SBICARD, HDFCBANK, EICHERMOT, DRREDDY, PARADEEP, BDL, BOSCHLTD, KFINTECH",13,13,712,0.5753974719101124,both,0
FALCPAT_7647,5,"JMFINANCIL, PGEL, AEGISLOG, ELECON, TATAINVEST",5,5,204,0.6048627450980392,both,0
FALCPAT_7649,41,"CONCORDBIO, ATUL, CHAMBLFERT, ASAHIINDIA, HINDZINC, M&MFIN, DEVYANI, SIEMENS, BSOFT, INDIACEM, GRANULES, AMBUJACEM, M&M, LICHSGFIN, IDFCFIRSTB, ADANIPORTS, SAMMAANCAP, GILLETTE, ITI, ABCAPITAL, FEDERALBNK, CREDITACC, ZYDUSWELL, LAURUSLABS, FLUOROCHEM, INDIANB, TARIL, BALKRISIND, BHARATFORG, EMAMILTD, KFINTECH, OIL, COCHINSHIP, DELHIVERY, PCBL, KIRLOSENG, ASHOKLEY, CROMPTON, BSE, CANFINHOME",41,41,874,0.7234771167048055,both,0
FALCPAT_7685,1,LTTS,1,1,3,0.695,both,0
FALCPAT_7688,33,"NATCOPHARM, TATACHEM, ACC, SHREECEM, SAIL, FLUOROCHEM, ITC, LICI, SCHAEFFLER, ZYDUSLIFE, PAYTM, DIVISLAB, RECLTD, WHIRLPOOL, BRITANNIA, TECHM, SYNGENE, PIIND, HINDZINC, MCDOWELL-N, ICICIBANK, SBILIFE, TATACOMM, CHOLAFIN, HAL, VOLTAS, MARUTI, ABBOTINDIA, BALKRISIND, DEEPAKFERT, AUROPHARMA, TITAN, MARICO",33,33,143,1.2086783216783217,both,0
FALCPAT_7693,16,"TITAN, SBICARD, BSE, ATUL, HCLTECH, GLAXO, ITI, POWERINDIA, KOTAKBANK, EICHERMOT, MSUMI, SBILIFE, MCDOWELL-N, UNITDSPR, TATAINVEST, MMTC",16,16,595,0.6795159663865546,both,0
FALCPAT_7694,90,"RRKABEL, AIAENG, BHARATFORG, SOBHA, ASHOKLEY, CASTROLIND, JYOTICNC, HINDALCO, NH, GUJGASLTD, BAYERCROP, MANKIND, 3MINDIA, CUB, PATANJALI, GRANULES, ICICIPRULI, CEATLTD, CHOLAFIN, JINDALSTEL, LAURUSLABS, ELGIEQUIP, INTELLECT, DALBHARAT, ULTRACEMCO, TORNTPOWER, SHYAMMETL, ZFCVINDIA, EICHERMOT, IDBI, DLF, CEMPRO, IDFCFIRSTB, GAIL, NCC, ESCORTS, TIINDIA, COFORGE, DIVISLAB, TATAPOWER",90,90,1309,0.8871970970206263,both,0
FALCPAT_7695,47,"RAMCOCEM, GRASIM, AIIL, ERIS, ULTRACEMCO, SIGNATURE, RVNL, ANURAS, BOSCHLTD, ITI, JUBLPHARMA, BDL, UPL, LODHA, CHAMBLFERT, TATAELXSI, GODREJIND, BHARTIARTL, KAYNES, EMAMILTD, ABBOTINDIA, FIVESTAR, M&MFIN, DALBHARAT, POWERGRID, WOCKPHARMA, SRF, INDIACEM, GRSE, IREDA, OBEROIRLTY, DOMS, CREDITACC, KFINTECH, TATASTEEL, CHOLAHLDNG, STARHEALTH, SBICARD, LALPATHLAB, UBL",47,47,1496,0.7346885026737967,both,0
FALCPAT_7705,32,"TATACHEM, LICI, ACC, SHREECEM, BLUEDART, FLUOROCHEM, TATACOMM, TATAELXSI, ZYDUSLIFE, ITC, BATAINDIA, PAYTM, GAIL, DIVISLAB, RECLTD, WHIRLPOOL, CUMMINSIND, SYNGENE, HINDZINC, MCDOWELL-N, UNITDSPR, PIIND, CHOLAFIN, TECHM, VOLTAS, DIXON, ABBOTINDIA, AUROPHARMA, DEEPAKFERT, MARICO, SBILIFE, IDFCFIRSTB",32,32,131,1.234503816793893,both,0
FALCPAT_7709,84,"RAMCOCEM, DALBHARAT, OBEROIRLTY, GRASIM, BAJAJHLDNG, ULTRACEMCO, DABUR, SUNTV, ERIS, SIGNATURE, NH, CASTROLIND, AIAENG, ANURAS, BATAINDIA, GODREJIND, STARHEALTH, UPL, SOBHA, TIINDIA, INTELLECT, LINDEINDIA, WOCKPHARMA, ATUL, SONATSOFTW, DOMS, RITES, ZYDUSLIFE, BAJAJFINSV, M&M, LTIM, JINDALSTEL, PARADEEP, CHOICEIN, BBTC, GLAXO, SYRMA, DATAPATTNS, LODHA, BHARTIARTL",84,84,1862,0.8020059076262083,both,0
FALCPAT_7711,3,"PARADEEP, AEGISLOG, TATAINVEST",3,3,99,0.5476060606060607,both,0
FALCPAT_7712,56,"NMDC, IRCTC, LLOYDSME, ADANIGREEN, GSPL, SAMMAANCAP, CROMPTON, COHANCE, TIMKEN, WOCKPHARMA, BEL, CAPLIPOINT, ATGL, GRAPHITE, HDFCAMC, HINDZINC, EXIDEIND, NIACL, TARIL, SJVN, FINCABLES, EIHOTEL, HUDCO, GVT&D, RECLTD, MAXHEALTH, GODREJPROP, SUNDARMFIN, HBLENGINE, ERIS, ADANIENSOL, GESHIP, PFC, VEDL, INDIANB, GABRIEL, JBCHEPHARM, BAJAJ-AUTO, WELCORP, KIMS",56,56,1018,0.9471277013752455,both,0
FALCPAT_7713,51,"CONCORDBIO, CHAMBLFERT, ATUL, BOSCHLTD, ASAHIINDIA, M&MFIN, ITI, KFINTECH, INDIACEM, HINDZINC, GRANULES, IOB, BSOFT, SIEMENS, IDFCFIRSTB, DEVYANI, LICHSGFIN, BIKAJI, AMBUJACEM, CHOLAHLDNG, GRSE, SAMMAANCAP, FEDERALBNK, MCX, SCHAEFFLER, CREDITACC, AJANTPHARM, OIL, EMAMILTD, ABCAPITAL, ZYDUSWELL, LAURUSLABS, FLUOROCHEM, TARIL, BSE, COCHINSHIP, JSWENERGY, ABFRL, MAHABANK, WHIRLPOOL",51,51,1070,0.7697345794392524,both,0
FALCPAT_7735,67,"DOMS, INDIANB, LICI, FSL, JSWINFRA, INDHOTEL, MARUTI, NETWEB, LLOYDSME, BANKBARODA, LT, PARADEEP, ERIS, TORNTPHARM, BEL, KIMS, FORTIS, JYOTICNC, PETRONET, MOTILALOFS, VTL, M&M, NEWGEN, MAXHEALTH, EIDPARRY, CHAMBLFERT, BSE, ANURAS, SARDAEN, UBL, RKFORGE, NLCINDIA, SUMICHEM, SRF, ZOMATO, SBILIFE, WELCORP, HBLENGINE, ANANDRATHI, PAGEIND",67,67,1746,0.784930698739977,both,0
FALCPAT_7736,7,"HONASA, EICHERMOT, TATAINVEST, LTTS, TVSMOTOR, CONCORDBIO, AAVAS",7,7,131,0.8304351145038166,both,0
FALCPAT_7737,95,"APLAPOLLO, POLICYBZR, IPCALAB, PPLPHARMA, CAPLIPOINT, NUVAMA, NAVINFLUOR, LTFOODS, GMRAIRPORT, EXIDEIND, SHYAMMETL, COHANCE, HOMEFIRST, RADICO, GLAXO, INDUSINDBK, JUBLPHARMA, CEMPRO, PFC, SUNDARMFIN, BERGEPAINT, HDFCAMC, KPRMILL, INDUSTOWER, NAVA, BANKBARODA, UPL, HAL, ADANIPORTS, LAURUSLABS, GRANULES, NHPC, DLF, GODFRYPHLP, HBLENGINE, CASTROLIND, PATANJALI, SARDAEN, APTUS, MINDACORP",95,95,1242,1.1123711755233494,both,0
FALCPAT_7739,86,"CHOLAFIN, ATUL, OBEROIRLTY, HINDALCO, AIAENG, DALBHARAT, GUJGASLTD, MSUMI, TATAELXSI, INDUSINDBK, ASHOKLEY, BAJAJFINSV, GRANULES, NH, MANKIND, RRKABEL, IDFCFIRSTB, BHARATFORG, TITAN, JKCEMENT, JSWSTEEL, GRAVITA, AARTIIND, BANKBARODA, EXIDEIND, CUB, CONCORDBIO, ZFCVINDIA, PETRONET, INTELLECT, ANURAS, PERSISTENT, SBILIFE, NESTLEIND, KIMS, STARHEALTH, HEROMOTOCO, M&M, COROMANDEL, CUMMINSIND",86,86,1186,0.9050101180438448,both,0
FALCPAT_7740,116,"VIJAYA, APOLLOHOSP, LODHA, SPLPETRO, TRENT, DATAPATTNS, NBCC, BIKAJI, ANURAS, AIAENG, RADICO, MAXHEALTH, INTELLECT, KFINTECH, MRPL, BEML, BALKRISIND, KAYNES, NATCOPHARM, SYNGENE, DEVYANI, JUBLPHARMA, BDL, DEEPAKFERT, BBTC, ADANIGREEN, BHARTIARTL, EMAMILTD, STARHEALTH, GRANULES, DIVISLAB, NAVINFLUOR, CYIENT, POONAWALLA, CHOLAHLDNG, UPL, TMPV, DOMS, DCMSHRIRAM, ACC",116,116,1173,1.0275549872122762,both,0
FALCPAT_7741,51,"RAMCOCEM, GRASIM, AIIL, BOSCHLTD, TATACHEM, ERIS, BAJAJHLDNG, ITI, FLUOROCHEM, OFSS, SIGNATURE, KAYNES, RVNL, FIVESTAR, BATAINDIA, EMAMILTD, M&MFIN, WOCKPHARMA, NIACL, CREDITACC, MAZDOCK, HINDZINC, ANURAS, ULTRACEMCO, GRSE, LALPATHLAB, SRF, NATIONALUM, UPL, TATASTEEL, BRITANNIA, WHIRLPOOL, IOB, ECLERX, JUBLPHARMA, JSWENERGY, M&M, GODREJIND, BSE, RITES",51,51,1232,0.7938360389610389,both,0
FALCPAT_7745,62,"MAZDOCK, WOCKPHARMA, ETERNAL, MPHASIS, ACE, SYRMA, CHOLAHLDNG, JSWDULUX, APLAPOLLO, GRAPHITE, PNBHOUSING, GRAVITA, ANANDRATHI, SUNDARMFIN, TRENT, BSE, CAPLIPOINT, IPCALAB, COALINDIA, AMBER, VTL, SUPREMEIND, POWERINDIA, GALLANTT, ECLERX, BIKAJI, KFINTECH, M&M, AIAENG, BAJAJHLDNG, HEROMOTOCO, CANBK, RVNL, SAMMAANCAP, ZFCVINDIA, TITAN, JINDALSTEL, HEG, IRFC, PRESTIGE",62,62,571,0.9124798598949211,both,0
FALCPAT_7747,71,"KIMS, VIJAYA, ZENSARTECH, KARURVYSYA, AMBER, CAPLIPOINT, BEL, TATAELXSI, LAURUSLABS, SHRIRAMFIN, SHYAMMETL, GICRE, JUBLINGREA, DCMSHRIRAM, SARDAEN, ALKEM, RADICO, CHAMBLFERT, EICHERMOT, JBCHEPHARM, MINDACORP, ANURAS, HEROMOTOCO, AEGISLOG, GRANULES, BLS, GAIL, NAVA, ATUL, BERGEPAINT, PAGEIND, TEGA, PETRONET, ASAHIINDIA, NUVOCO, POLICYBZR, BIKAJI, CUMMINSIND, ULTRACEMCO, SUMICHEM",71,71,1272,0.8616415094339624,both,0
FALCPAT_7751,42,"GLAXO, MSUMI, COROMANDEL, ERIS, SBICARD, MCDOWELL-N, UNITDSPR, TORNTPHARM, KAJARIACER, HCLTECH, HAL, PARADEEP, BSE, SUNDARMFIN, CHALET, TATAPOWER, BEML, MUTHOOTFIN, UNOMINDA, BDL, LAURUSLABS, SWANCORP, ANURAS, NEWGEN, ALKEM, NAM-INDIA, UBL, GMDCLTD, CHOICEIN, KIMS, BLUEJET, VIJAYA, KFINTECH, EICHERMOT, BEL, ANGELONE, ASAHIINDIA, JYOTICNC, SIGNATURE, CRISIL",42,42,1296,0.6929097222222221,both,0
FALCPAT_7752,53,"TIMKEN, ATUL, MMTC, RPOWER, ZYDUSWELL, PTCIL, HONASA, TRIDENT, BAYERCROP, OLECTRA, ICICIPRULI, APOLLOTYRE, NIACL, POLYCAB, CONCORDBIO, TATAINVEST, SIEMENS, NHPC, TITAGARH, KFINTECH, HUDCO, ITI, COHANCE, ABB, AIIL, JWL, MOTILALOFS, POWERINDIA, BBTC, MSUMI, NAUKRI, GRANULES, TMPV, APARINDS, GRSE, ATGL, CYIENT, CUB, LICHSGFIN, ANGELONE",53,53,1214,0.8094308072487645,both,0
FALCPAT_7753,118,"POONAWALLA, BIOCON, OBEROIRLTY, DEEPAKNTR, GODREJIND, LODHA, MAXHEALTH, CHOLAHLDNG, HINDZINC, UNOMINDA, YESBANK, GMRAIRPORT, ATGL, NLCINDIA, ATUL, TATASTEEL, IFCI, CREDITACC, KFINTECH, KIMS, MAPMYINDIA, WHIRLPOOL, ZENTEC, DEEPAKFERT, JSL, BRIGADE, AARTIIND, SUNTV, SOBHA, MINDACORP, GRAVITA, SPLPETRO, POLICYBZR, TRITURBINE, DLF, CASTROLIND, ZENSARTECH, DCMSHRIRAM, BSE, MGL",118,118,1280,1.0360554687500003,both,0
FALCPAT_7754,64,"CHAMBLFERT, ERIS, IDFCFIRSTB, IOB, ANURAS, BIKAJI, GODREJIND, ITI, UCOBANK, BAYERCROP, AUBANK, ADANIENT, NUVAMA, DELHIVERY, JSWENERGY, CCL, GILLETTE, COFORGE, GRANULES, OLECTRA, DOMS, TATAELXSI, SUNTV, TIMKEN, STARHEALTH, GALLANTT, RAILTEL, RVNL, ENDURANCE, CHOLAHLDNG, KAYNES, HEG, APARINDS, POONAWALLA, CDSL, LTFOODS, JMFINANCIL, ECLERX, IDBI, WOCKPHARMA",64,64,1146,0.9542469458987783,both,0
FALCPAT_7755,59,"POWERINDIA, NAVA, NUVAMA, GRAVITA, BEL, LICHSGFIN, 360ONE, SONACOMS, PCBL, TIMKEN, KFINTECH, POONAWALLA, GLAXO, JBCHEPHARM, BHARATFORG, ABCAPITAL, INDUSTOWER, NEWGEN, JKTYRE, NATIONALUM, CREDITACC, PGEL, ADANIPORTS, IDBI, PATANJALI, PERSISTENT, KAYNES, TBOTEK, SUZLON, HINDZINC, JUBLPHARMA, BIKAJI, GODFRYPHLP, TECHNOE, MOTILALOFS, GRANULES, MCX, GVT&D, KALYANKJIL, UTIAMC",59,59,763,1.1610432503276538,both,0
FALCPAT_7756,33,"MAZDOCK, TITAGARH, FORCEMOT, TATAINVEST, WOCKPHARMA, SOBHA, CEMPRO, MAHABANK, PGEL, JWL, CARTRADE, SARDAEN, BLUEJET, GRAVITA, AMBER, ADANIENSOL, ENGINERSIN, PRESTIGE, RITES, DEEPAKFERT, NCC, HFCL, HSCL, COCHINSHIP, GRSE, HUDCO, INOXWIND, HBLENGINE, NHPC, NLCINDIA, VIJAYA, UCOBANK, BDL",33,33,281,1.3634661921708187,both,0
FALCPAT_7758,73,"MCDOWELL-N, UNITDSPR, VIJAYA, BHARTIHEXA, JYOTICNC, KFINTECH, ICICIBANK, BIKAJI, MEDANTA, HDFCAMC, HCLTECH, CLEAN, PVRINOX, UPL, TATACONSUM, JUBLFOOD, ELGIEQUIP, DATAPATTNS, SBICARD, M&MFIN, SBILIFE, INDUSINDBK, KAJARIACER, GLAXO, ANURAS, UNOMINDA, AIAENG, LT, RADICO, KEI, HEROMOTOCO, LALPATHLAB, WIPRO, WELCORP, GRASIM, HFCL, ABBOTINDIA, ASHOKLEY, PPLPHARMA, MARICO",73,73,1755,0.7504740740740742,both,0
FALCPAT_7759,81,"IIFL, SAREGAMA, POONAWALLA, ATGL, LODHA, CHOLAHLDNG, ZEEL, WOCKPHARMA, DATAPATTNS, KARURVYSYA, ADANIENT, CHAMBLFERT, CREDITACC, GICRE, GILLETTE, CHALET, SAMMAANCAP, GMRAIRPORT, DLF, BIKAJI, TEGA, HFCL, IDBI, LINDEINDIA, ABCAPITAL, SOBHA, INDIACEM, APARINDS, INDUSTOWER, GABRIEL, PETRONET, CASTROLIND, HOMEFIRST, PRESTIGE, TATAPOWER, ITI, COCHINSHIP, AEGISLOG, ACC, NATIONALUM",81,81,450,1.3676977777777777,both,0
FALCPAT_7760,65,"GSPL, ERIS, MRPL, BIKAJI, FINCABLES, UCOBANK, RHIM, BSE, HINDZINC, OIL, ABREL, GODFRYPHLP, GABRIEL, GILLETTE, ITI, KAYNES, TATACHEM, ACUTAAS, NCC, GPIL, IRCON, COHANCE, GMDCLTD, ANURAS, TARIL, 3MINDIA, SYRMA, GLAXO, GALLANTT, EMAMILTD, AMBUJACEM, PCBL, COCHINSHIP, EXIDEIND, IOB, INOXWIND, INDIACEM, RVNL, BDL, CCL",65,65,609,1.5274351395730703,both,0
FALCPAT_7763,18,"BRITANNIA, ATUL, PARADEEP, SBICARD, TBOTEK, HCLTECH, NAVINFLUOR, TATATECH, ALKEM, TATAELXSI, SBILIFE, ICICIBANK, BSE, EICHERMOT, VIJAYA, LLOYDSME, TORNTPHARM, APARINDS",18,18,785,0.6427388535031848,both,0
FALCPAT_7764,105,"CHOLAHLDNG, CHAMBLFERT, GODFRYPHLP, POONAWALLA, INTELLECT, KARURVYSYA, ABCAPITAL, IEX, BIOCON, ZENSARTECH, NAVINFLUOR, IDBI, ANURAS, BIKAJI, ERIS, SAIL, BLS, GODREJIND, ABFRL, LODHA, GRANULES, CASTROLIND, BANKBARODA, HOMEFIRST, JUBLPHARMA, GLAXO, COFORGE, GILLETTE, SHYAMMETL, PETRONET, LINDEINDIA, PATANJALI, CONCOR, AUBANK, SONACOMS, GMRAIRPORT, LAURUSLABS, LICHSGFIN, CESC, MCX",105,105,990,1.2653808080808082,both,0
FALCPAT_7767,46,"NYKAA, ABFRL, SYRMA, PAYTM, GMDCLTD, UNOMINDA, ASTERDM, THERMAX, CRISIL, SAIL, IDFCFIRSTB, PETRONET, HFCL, AUBANK, ACUTAAS, BALKRISIND, YESBANK, TEJASNET, NATIONALUM, WELCORP, MAXHEALTH, GRAVITA, TATACHEM, TIINDIA, TITAGARH, FORTIS, HOMEFIRST, WHIRLPOOL, ANANTRAJ, DLF, M&M, BDL, CHALET, NAM-INDIA, NH, CHENNPETRO, ZFCVINDIA, EIDPARRY, INDUSTOWER, CREDITACC",46,46,619,0.88924394184168,both,0
FALCPAT_7770,39,"ARE&M, MAZDOCK, LODHA, INOXWIND, PRESTIGE, GMDCLTD, GILLETTE, SOBHA, TEGA, ITI, TECHNOE, KPIL, HUDCO, ABREL, TITAGARH, RVNL, COCHINSHIP, NCC, EXIDEIND, ASHOKLEY, INDUSTOWER, KEI, MOTILALOFS, HBLENGINE, APARINDS, BEL, CARTRADE, SJVN, ACUTAAS, JWL, FACT, WELSPUNLIV, BDL, RKFORGE, JINDALSAW, NBCC, KIRLOSENG, SIEMENS, ADANIPOWER",39,39,186,1.5992311827956989,both,0
FALCPAT_7771,35,"BSE, JBMA, HINDZINC, GMDCLTD, FINCABLES, COHANCE, GABRIEL, TATACHEM, OIL, NEULANDLAB, BLUEJET, EXIDEIND, WOCKPHARMA, ITI, TARIL, IOB, KAYNES, GALLANTT, RVNL, ACUTAAS, NBCC, CASTROLIND, MRPL, PCBL, INOXWIND, GRSE, TRENT, EMAMILTD, SUZLON, ARE&M, FORCEMOT, UCOBANK, SYRMA, SWANCORP, MAZDOCK",35,35,290,1.6241206896551725,both,0
FALCPAT_7780,139,"360ONE, SJVN, AWL, REDINGTON, RADICO, PARADEEP, MAHABANK, PGEL, VEDL, GLAXO, ADANIPOWER, J&KBANK, APARINDS, GABRIEL, ADANIENT, CANBK, CEMPRO, PPLPHARMA, PAYTM, OLECTRA, AFFLE, AEGISLOG, HONASA, ATUL, POLICYBZR, COHANCE, BSOFT, ADANIPORTS, AMBER, DLF, GILLETTE, CGCL, MAZDOCK, JUBLPHARMA, GICRE, PERSISTENT, ELGIEQUIP, NUVAMA, PRESTIGE, FSL",139,139,1719,1.0988400232693427,both,0
FALCPAT_7781,97,"NHPC, LAURUSLABS, CARTRADE, DOMS, INDIANB, TATAPOWER, CHENNPETRO, BIKAJI, DIVISLAB, KIMS, BALRAMCHIN, ERIS, ECLERX, EICHERMOT, BPCL, GMRAIRPORT, BSE, LUPIN, ZOMATO, GLAND, HONAUT, VIJAYA, VBL, SJVN, FSL, HDFCLIFE, BAJAJHLDNG, M&MFIN, MAHABANK, JSWINFRA, ELGIEQUIP, BEL, ABBOTINDIA, MOTHERSON, SUMICHEM, CUB, FORCEMOT, TARIL, TMPV, FIVESTAR",97,97,1866,0.8501854233654877,both,0
FALCPAT_7784,25,"ITI, COCHINSHIP, AIIL, HONASA, HONAUT, HEG, TIMKEN, ULTRACEMCO, MAPMYINDIA, BSE, MAZDOCK, TATAINVEST, GRAPHITE, BDL, LTM, WHIRLPOOL, KFINTECH, TTML, OLECTRA, COHANCE, CONCORDBIO, BEML, APOLLOHOSP, TECHM, ERIS",25,25,1015,0.8025379310344828,both,0
FALCPAT_7785,51,"IFCI, RAILTEL, LTF, ANANDRATHI, HUDCO, HINDZINC, WELCORP, FLUOROCHEM, TIINDIA, WOCKPHARMA, GMDCLTD, SBFC, IRB, OLECTRA, POONAWALLA, NETWEB, SHREECEM, KALYANKJIL, KARURVYSYA, ARE&M, GRSE, BOSCHLTD, NH, GSPL, INDIGO, MSUMI, OFSS, UBL, RECLTD, JSWDULUX, GALLANTT, NIACL, LODHA, INDIACEM, PHOENIXLTD, GMRAIRPORT, ITI, LATENTVIEW, GRAVITA, RVNL",51,51,619,1.0038901453957998,both,0
FALCPAT_7786,101,"NHPC, LAURUSLABS, TATAPOWER, CARTRADE, MAHABANK, DIVISLAB, BIKAJI, INDIANB, ECLERX, DOMS, ZOMATO, ERIS, APARINDS, BPCL, AWL, GLAND, BSE, HONAUT, BAJFINANCE, SJVN, AJANTPHARM, BALRAMCHIN, MARUTI, VEDL, SBFC, HDFCLIFE, ELGIEQUIP, POLYCAB, BEL, VBL, FORCEMOT, ETERNAL, ABBOTINDIA, MOTHERSON, CUB, AEGISLOG, DATAPATTNS, KIMS, BLUEJET, TIINDIA",101,101,2308,0.8352209705372616,both,0
FALCPAT_7787,71,"POWERINDIA, PRESTIGE, ZFCVINDIA, FLUOROCHEM, KFINTECH, KEC, DEEPAKNTR, OLECTRA, IRB, INDUSINDBK, CEMPRO, ECLERX, ATUL, FIVESTAR, ADANIPOWER, NIACL, PNBHOUSING, ADANIPORTS, SYRMA, LODHA, TITAGARH, NUVAMA, MEDANTA, NLCINDIA, KAYNES, HUDCO, PGEL, ADANIENT, RPOWER, CESC, SHYAMMETL, JKTYRE, STARHEALTH, TRITURBINE, ELGIEQUIP, PATANJALI, COHANCE, POLICYBZR, ELECON, BBTC",71,71,646,1.133250773993808,both,0
FALCPAT_7790,22,"OLECTRA, AIIL, HONASA, ITI, ULTRACEMCO, COCHINSHIP, FACT, HONAUT, TATAINVEST, MAZDOCK, RVNL, TIMKEN, GVT&D, CHOLAHLDNG, BDL, HDFCLIFE, HEG, SBICARD, CONCORDBIO, MAPMYINDIA, WHIRLPOOL, FORCEMOT",22,22,892,0.8449405829596413,both,0
FALCPAT_7791,26,"GLENMARK, INDIACEM, SCI, HINDZINC, NUVAMA, INDIGO, JKTYRE, ABB, SAMMAANCAP, NLCINDIA, GRSE, BSE, AMBER, DIXON, MAPMYINDIA, ITI, JSL, KAYNES, LTF, GLAND, GRANULES, UNOMINDA, BAJFINANCE, M&M, RAILTEL, PAYTM",26,26,391,0.8275652173913043,both,0
FALCPAT_7799,85,"GODREJIND, ERIS, ANURAS, CHAMBLFERT, TATASTEEL, BAJFINANCE, DEEPAKNTR, KIMS, BAYERCROP, CCL, EICHERMOT, AIAENG, POONAWALLA, UBL, LTIM, SIGNATURE, COROMANDEL, BHARTIARTL, GILLETTE, IDBI, DLF, TATAPOWER, LALPATHLAB, ATUL, OFSS, LODHA, ITI, UPL, GLAXO, DOMS, CUB, OBEROIRLTY, SOBHA, KPRMILL, MAPMYINDIA, 3MINDIA, LLOYDSME, ZYDUSLIFE, JYOTICNC, PETRONET",85,85,1636,0.8704810513447435,both,0
FALCPAT_7800,63,"CONCORDBIO, SUNDARMFIN, IOB, FLUOROCHEM, HINDZINC, MINDACORP, GRAVITA, NIACL, IRCON, RRKABEL, NATIONALUM, CREDITACC, CHOLAHLDNG, PFIZER, BLUEJET, ASAHIINDIA, TARIL, GALLANTT, JUBLPHARMA, GSPL, AUBANK, WOCKPHARMA, OIL, GPIL, TTML, ABB, KFINTECH, GRANULES, NMDC, RVNL, EXIDEIND, CENTRALBK, AJANTPHARM, APARINDS, ITI, SAREGAMA, NBCC, NEULANDLAB, GMRAIRPORT, AMBUJACEM",63,63,658,1.0724756838905773,both,0
FALCPAT_7801,126,"CEMPRO, VIJAYA, CAPLIPOINT, ACUTAAS, RADICO, NAVA, SOLARINDS, AMBER, MINDACORP, IDBI, COROMANDEL, JUBLPHARMA, LICI, BEL, MAZDOCK, WELCORP, POLICYBZR, AFFLE, CHAMBLFERT, MFSL, ENDURANCE, NLCINDIA, POLYMED, PPLPHARMA, SAREGAMA, IOB, ADANIPOWER, HOMEFIRST, GICRE, PHOENIXLTD, SBICARD, TATAINVEST, POONAWALLA, SUNTV, INDHOTEL, EMAMILTD, 360ONE, BANKBARODA, PNB, ACE",126,126,2224,0.9493367805755397,both,0
FALCPAT_7805,30,"BLUEDART, POWERGRID, PFIZER, KPRMILL, AFFLE, BHARTIHEXA, WIPRO, INTELLECT, BAJAJ-AUTO, GRAVITA, APLAPOLLO, CHENNPETRO, AUROPHARMA, HEROMOTOCO, ZEEL, HFCL, CAMS, DLF, IEX, GVT&D, MRPL, SUNPHARMA, ANANDRATHI, CONCORDBIO, MMTC, GMDCLTD, LALPATHLAB, IDFCFIRSTB, RAMCOCEM, ALKEM",30,30,813,0.7614907749077491,both,0
FALCPAT_7807,51,"NIACL, CONCORDBIO, TATAINVEST, HONAUT, UCOBANK, GRSE, BDL, OLECTRA, ITI, PTCIL, RVNL, IOB, HEG, GALLANTT, INDIACEM, AEGISLOG, IRFC, SIEMENS, ADANIGREEN, INDUSINDBK, KFINTECH, ENDURANCE, TIMKEN, GRANULES, EIHOTEL, FACT, ZYDUSWELL, CARTRADE, SOBHA, OIL, LINDEINDIA, HINDCOPPER, GODREJIND, SUZLON, ERIS, SJVN, HINDZINC, HSCL, GODFRYPHLP, BAJAJHLDNG",51,51,777,1.1994658944658945,both,0
FALCPAT_7808,16,"NBCC, HINDZINC, COHANCE, COCHINSHIP, ZENSARTECH, PARADEEP, SCI, ADANIENT, BSE, RPOWER, MAZDOCK, MAPMYINDIA, CHOLAHLDNG, CEATLTD, RAILTEL, GRSE",16,16,204,1.1105098039215686,both,0
FALCPAT_7819,41,"MGL, TATASTEEL, ZYDUSWELL, AIIL, LICHSGFIN, MUTHOOTFIN, ERIS, INDIGO, JUBLPHARMA, TIMKEN, ZYDUSLIFE, IDFCFIRSTB, GSPL, BALKRISIND, INDIACEM, GILLETTE, MANKIND, UCOBANK, ITI, JUBLFOOD, SUNDARMFIN, AIAENG, IOB, OFSS, NATCOPHARM, RVNL, KPIL, INDIANB, HOMEFIRST, GRSE, CANBK, ANURAS, INDHOTEL, ASAHIINDIA, LINDEINDIA, UNOMINDA, SIEMENS, BDL, ASHOKLEY, MOTHERSON",41,41,747,0.7429049531459171,both,0
FALCPAT_7820,95,"GICRE, POONAWALLA, BLS, NLCINDIA, JUBLPHARMA, ABSLAMC, HBLENGINE, BBTC, SAIL, PATANJALI, WELSPUNLIV, LODHA, GABRIEL, ANURAS, SHYAMMETL, CAPLIPOINT, INDHOTEL, JPPOWER, AMBER, GRAVITA, PGEL, CUB, PNBHOUSING, LTFOODS, POLYMED, SJVN, BANKBARODA, ELGIEQUIP, NAVA, CARTRADE, CEATLTD, HSCL, TRIDENT, BERGEPAINT, BDL, IDEA, GMDCLTD, GRSE, JBCHEPHARM, GRANULES",95,95,629,1.5478378378378381,both,0
FALCPAT_7827,22,"MMTC, JMFINANCIL, IOB, INOXWIND, IFCI, ITI, CENTRALBK, NUVAMA, JBMA, FSL, GVT&D, BIKAJI, BHARTIHEXA, BAJFINANCE, M&MFIN, IDBI, BSE, NHPC, JYOTICNC, MAHABANK, SCI, PRESTIGE",22,22,424,1.0686863207547168,both,0
FALCPAT_7828,42,"COROMANDEL, TIMKEN, SRF, M&M, BALKRISIND, BHARTIHEXA, ATUL, CUMMINSIND, KIMS, COALINDIA, SHRIRAMFIN, MPHASIS, SONACOMS, INDUSTOWER, SCHAEFFLER, BALRAMCHIN, ANURAS, ABFRL, DLF, KARURVYSYA, INDIACEM, CREDITACC, IRCTC, BEL, CHOLAFIN, AIIL, DOMS, CESC, FORTIS, CCL, JSWSTEEL, GABRIEL, VBL, GODREJIND, ANANDRATHI, ERIS, NATIONALUM, FSL, SHYAMMETL, BDL",42,42,1345,0.6947732342007436,both,0
FALCPAT_7829,23,"INDIACEM, GMDCLTD, EXIDEIND, PGEL, TARIL, HINDZINC, CONCORDBIO, HBLENGINE, ANANDRATHI, GRAVITA, FORCEMOT, POWERINDIA, SOBHA, FLUOROCHEM, HSCL, VEDL, AEGISLOG, CESC, IIFL, JPPOWER, HAL, TECHNOE, JUBLINGREA",23,23,579,0.9688704663212435,both,0
FALCPAT_7830,7,"TORNTPOWER, SJVN, HINDZINC, INOXWIND, TATAINVEST, MAZDOCK, GODFRYPHLP",7,7,140,0.9909,both,0
FALCPAT_7831,1,AEGISLOG,1,1,6,0.516,both,0
FALCPAT_7832,27,"VIJAYA, CENTRALBK, OLECTRA, IRCON, LODHA, GRSE, JWL, J&KBANK, NLCINDIA, JINDALSAW, ZEEL, NIACL, KAYNES, DATAPATTNS, ITI, TARIL, GODFRYPHLP, HSCL, MRPL, ADANIPORTS, POLYCAB, GRAVITA, PTCIL, ANANTRAJ, APARINDS, CGCL, IDEA",27,27,107,2.750495327102804,both,0
FALCPAT_7833,66,"BLS, KPIL, GABRIEL, POONAWALLA, NCC, USHAMART, ABREL, CHENNPETRO, IDEA, ARE&M, GMRAIRPORT, ACUTAAS, SHYAMMETL, MRPL, SAIL, MCX, HINDCOPPER, GLAXO, BLUEJET, GRAVITA, LODHA, CESC, NAM-INDIA, NBCC, ELECON, ABFRL, FORCEMOT, ANURAS, KPITTECH, JSWENERGY, CHOLAHLDNG, BANKBARODA, NATIONALUM, PARADEEP, HBLENGINE, WELCORP, ASHOKLEY, KAYNES, COALINDIA, TEGA",66,66,356,1.6123567415730335,both,0
FALCPAT_7834,24,"MAZDOCK, GRSE, ITI, IRB, ADANIENT, NLCINDIA, CREDITACC, PGEL, NIACL, HUDCO, RECLTD, NHPC, ADANIPORTS, IFCI, ADANIGREEN, POWERINDIA, SCI, TITAGARH, JWL, ENGINERSIN, JYOTICNC, BEML, SYRMA, SJVN",24,24,134,2.354873134328358,both,0
FALCPAT_7860,85,"TATAELXSI, GLAXO, RADICO, SUNDARMFIN, BATAINDIA, DALBHARAT, INDHOTEL, PIIND, ERIS, CHALET, CHAMBLFERT, APLAPOLLO, TATACONSUM, VIJAYA, INTELLECT, KAJARIACER, LT, TATATECH, DOMS, ACUTAAS, ANURAS, SUNTV, GILLETTE, GODREJIND, JINDALSTEL, HCLTECH, BHARATFORG, ABREL, BIKAJI, RKFORGE, GPIL, GRANULES, COFORGE, LALPATHLAB, TVSMOTOR, POONAWALLA, TMPV, AJANTPHARM, CLEAN, LICI",85,85,1435,0.8393421602787455,both,0
FALCPAT_7861,75,"CONCORDBIO, ANURAS, ABBOTINDIA, ZYDUSLIFE, SUNTV, SBICARD, MANKIND, AARTIIND, TITAN, ULTRACEMCO, TMPV, BAYERCROP, LAURUSLABS, ICICIBANK, DALBHARAT, IDFCFIRSTB, SYNGENE, ERIS, WHIRLPOOL, ICICIPRULI, HFCL, TRENT, CUB, DLF, HINDALCO, NAUKRI, GRASIM, OBEROIRLTY, HINDZINC, JSWSTEEL, DEVYANI, ADANIENSOL, TVSMOTOR, M&MFIN, AAVAS, AIAENG, PFC, RBLBANK, GUJGASLTD, BOSCHLTD",75,75,1074,0.8388417132216016,both,0
FALCPAT_7862,49,"NIACL, AIIL, OFSS, GRSE, MAZDOCK, BDL, TATACHEM, KAYNES, BOSCHLTD, FLUOROCHEM, JUBLPHARMA, TATAINVEST, STARHEALTH, NATIONALUM, RVNL, INFY, SONATSOFTW, TIMKEN, RITES, ZENTEC, COHANCE, POWERGRID, WOCKPHARMA, KFINTECH, EMAMILTD, INDUSINDBK, HUDCO, GRASIM, JYOTICNC, KOTAKBANK, UTIAMC, HINDALCO, ITI, BLUEJET, PATANJALI, GILLETTE, LTTS, MOTILALOFS, BAJAJHLDNG, BSE",49,49,1551,0.7435138620245003,both,0
FALCPAT_7870,97,"LTM, IDFCFIRSTB, RADICO, KARURVYSYA, EIDPARRY, ANANDRATHI, APLAPOLLO, JUBLPHARMA, PATANJALI, TATACOMM, BANKBARODA, NAVA, DRREDDY, MUTHOOTFIN, GVT&D, CEMPRO, BBTC, POLICYBZR, ABSLAMC, GODREJIND, INDUSINDBK, CHAMBLFERT, ANURAS, MAZDOCK, ELGIEQUIP, INDIAMART, GLAXO, NUVOCO, RAINBOW, GRANULES, BAJAJ-AUTO, FINCABLES, USHAMART, BERGEPAINT, PRESTIGE, DLF, IRCTC, CYIENT, NH, SBICARD",97,97,1180,0.9252067796610168,both,0
FALCPAT_7871,72,"DALBHARAT, GRASIM, HONASA, GODREJIND, TRITURBINE, IRCON, UBL, RVNL, HDFCBANK, SUNDARMFIN, BOSCHLTD, CHAMBLFERT, JSWSTEEL, MAPMYINDIA, SBILIFE, MANKIND, UPL, ZYDUSLIFE, AXISBANK, J&KBANK, M&M, PARADEEP, MAZDOCK, POWERGRID, TORNTPHARM, MARICO, BHARTIARTL, ATUL, SRF, CEMPRO, SYNGENE, FIVESTAR, HAL, GMRAIRPORT, 3MINDIA, BLUEJET, TIINDIA, BIKAJI, JYOTICNC, NBCC",72,72,1241,0.7929250604351329,both,0
FALCPAT_7872,82,"RAMCOCEM, TATAELXSI, TATACHEM, OBEROIRLTY, ERIS, ANURAS, TATACOMM, ITC, MGL, KIMS, LLOYDSME, BATAINDIA, DOMS, APOLLOHOSP, STARHEALTH, POWERGRID, AIAENG, CONCORDBIO, TIMKEN, INDIANB, CHOLAFIN, PHOENIXLTD, OFSS, EMAMILTD, ABBOTINDIA, JSWINFRA, MCDOWELL-N, PATANJALI, COFORGE, CHOLAHLDNG, JKCEMENT, ULTRACEMCO, HINDZINC, RBLBANK, PVRINOX, SCHAEFFLER, AAVAS, SIGNATURE, DLF, TATASTEEL",82,82,1495,0.7887612040133778,both,0
FALCPAT_7879,3,"SJVN, TATAINVEST, GODFRYPHLP",3,3,41,1.029,both,0
FALCPAT_7880,38,"FACT, NLCINDIA, NIACL, GRSE, ITI, SHYAMMETL, GICRE, IRCON, CHENNPETRO, TARIL, TITAGARH, OLECTRA, HUDCO, IDEA, CARTRADE, ACUTAAS, IRFC, AEGISLOG, VIJAYA, HBLENGINE, COCHINSHIP, JWL, HEG, ACE, APARINDS, JINDALSAW, IRB, ARE&M, NSLNISP, SOBHA, PGEL, WOCKPHARMA, GPIL, BDL, BHEL, JYOTICNC, HFCL, ELECON",38,38,246,2.1088617886178866,both,0
FALCPAT_7881,76,"JUBLPHARMA, BLS, CHAMBLFERT, PRESTIGE, ARE&M, GABRIEL, KPIL, ELECON, MAZDOCK, KAYNES, GMRAIRPORT, PARADEEP, ACUTAAS, HFCL, NCC, IDBI, NATIONALUM, ASHOKLEY, LODHA, MRPL, ACE, SAIL, ABREL, MCX, HINDCOPPER, GLAXO, NBCC, JWL, CESC, SUZLON, NAM-INDIA, ABFRL, FORCEMOT, ANURAS, LAURUSLABS, PFC, JSWENERGY, J&KBANK, CHOLAHLDNG, JBMA",76,76,389,1.5701233933161958,both,0
FALCPAT_7884,33,"NAVINFLUOR, ATUL, ZYDUSLIFE, PETRONET, AIIL, ANURAS, HDFCAMC, HEROMOTOCO, POWERGRID, ALKEM, CUMMINSIND, MUTHOOTFIN, REDINGTON, M&MFIN, KIMS, SHRIRAMFIN, CHAMBLFERT, SUNTV, BERGEPAINT, INDUSINDBK, TVSMOTOR, ICICIPRULI, CARBORUNIV, CHOLAFIN, AFFLE, IPCALAB, ERIS, RADICO, JIOFIN, GLENMARK, SRF, GVT&D, NAUKRI",33,33,1249,0.6452281825460369,both,0
FALCPAT_7885,13,"3MINDIA, MOTHERSON, STARHEALTH, RHIM, COROMANDEL, JSWINFRA, HINDZINC, ATUL, NAVINFLUOR, AARTIIND, ANURAS, BALRAMCHIN, HONASA",13,13,247,0.8371538461538461,both,0
FALCPAT_7902,29,"BLUEJET, GODFRYPHLP, KIMS, KAJARIACER, COROMANDEL, ERIS, HEG, CASTROLIND, CHAMBLFERT, ANURAS, TMPV, GAIL, PARADEEP, TATAELXSI, JYOTICNC, SUNTV, APARINDS, REDINGTON, KFINTECH, HDFCAMC, CUB, NBCC, GLAXO, TATAPOWER, AIIL, PETRONET, KAYNES, BEML, JINDALSTEL",29,29,1101,0.7333687556766576,both,0
FALCPAT_7904,50,"OLECTRA, RRKABEL, TRIDENT, NEULANDLAB, WHIRLPOOL, DABUR, TTML, BDL, CEMPRO, ULTRACEMCO, CAPLIPOINT, NUVAMA, NEWGEN, NATCOPHARM, KAJARIACER, CHOLAHLDNG, DATAPATTNS, POLICYBZR, APARINDS, SJVN, HUDCO, FORCEMOT, ABREL, HOMEFIRST, DIVISLAB, CASTROLIND, BSOFT, BBTC, IRFC, SUMICHEM, JSWINFRA, BSE, HEROMOTOCO, MAXHEALTH, ECLERX, JINDALSAW, VEDL, SUNDARMFIN, CIPLA, PFC",50,50,1099,0.8527743403093722,both,0
FALCPAT_7905,8,"HONASA, CONCORDBIO, AIIL, BSE, NETWEB, MMTC, SBILIFE, GRASIM",8,8,413,0.657905569007264,both,0
FALCPAT_7909,50,"M&M, BLUEDART, AUBANK, ANURAS, SRF, ATUL, STARHEALTH, COROMANDEL, CHOLAHLDNG, LAURUSLABS, JYOTICNC, EIDPARRY, BHARTIHEXA, SBFC, JSWINFRA, KIMS, CREDITACC, GILLETTE, ASHOKLEY, LTF, ICICIPRULI, ABSLAMC, AJANTPHARM, GMRAIRPORT, NAM-INDIA, THERMAX, UTIAMC, GRANULES, AEGISLOG, INDIACEM, CUMMINSIND, BANDHANBNK, APOLLOHOSP, MCX, CYIENT, SYNGENE, SCHAEFFLER, MANAPPURAM, CDSL, TIMKEN",50,50,1070,0.7693785046728973,both,0
FALCPAT_7910,71,"EXIDEIND, POONAWALLA, APLAPOLLO, KARURVYSYA, CHOLAFIN, IPCALAB, INDUSINDBK, STARHEALTH, FEDERALBNK, TATACHEM, JBCHEPHARM, IDFCFIRSTB, BANKBARODA, REDINGTON, PNB, GODREJCP, POWERGRID, SONACOMS, TIMKEN, PATANJALI, JUBLPHARMA, BIOCON, CHAMBLFERT, ABB, ATUL, SOLARINDS, ZFCVINDIA, CUMMINSIND, COROMANDEL, DOMS, ERIS, PRESTIGE, SCHAEFFLER, LTFOODS, GABRIEL, POLICYBZR, SHYAMMETL, GSPL, LICI, VBL",71,71,2187,0.750026520347508,both,0
FALCPAT_7911,38,"SHRIRAMFIN, GLAXO, CENTRALBK, NHPC, GODREJIND, SCHAEFFLER, ASHOKLEY, ATUL, KIMS, ABFRL, UCOBANK, TBOTEK, INDUSTOWER, STARHEALTH, AMBER, MMTC, JINDALSTEL, MINDACORP, COROMANDEL, SPLPETRO, EXIDEIND, AJANTPHARM, LLOYDSME, BALRAMCHIN, MAZDOCK, COCHINSHIP, AIIL, LINDEINDIA, RITES, DATAPATTNS, JUBLFOOD, INDIACEM, CCL, BBTC, GRSE, BEL, GLAND, SOBHA",38,38,1103,0.7358304623753399,both,0
FALCPAT_7912,15,"ENGINERSIN, INTELLECT, INDIACEM, SPLPETRO, ELECON, POLICYBZR, PCBL, GODREJIND, ACE, CCL, ADANIPORTS, FINCABLES, SAMMAANCAP, HBLENGINE, IFCI",15,15,236,0.7752923728813559,both,0
FALCPAT_7915,66,"RAMCOCEM, REDINGTON, SAPPHIRE, ANANDRATHI, GILLETTE, VIJAYA, SOLARINDS, BLUEJET, AJANTPHARM, ACE, CHOLAFIN, NLCINDIA, HCLTECH, ZOMATO, SHRIRAMFIN, TITAN, JSL, LODHA, PHOENIXLTD, AEGISLOG, EIHOTEL, DLF, GPIL, SAREGAMA, BLS, ZENSARTECH, AMBER, ECLERX, JUBLPHARMA, POLICYBZR, POLYCAB, NUVAMA, UPL, ALKEM, DCMSHRIRAM, GLENMARK, CAPLIPOINT, KFINTECH, BERGEPAINT, GRAVITA",66,66,2074,0.7855742526518804,both,0
FALCPAT_7919,35,"RAMCOCEM, GRASIM, DABUR, OFSS, ULTRACEMCO, AIIL, BATAINDIA, MCDOWELL-N, HINDALCO, UPL, SBIN, SBILIFE, HINDZINC, SYNGENE, ANURAS, IDFCFIRSTB, INDIACEM, BHARTIARTL, M&M, SBICARD, LICHSGFIN, ERIS, UNITDSPR, CONCORDBIO, BOSCHLTD, HEROMOTOCO, ATUL, JUBLPHARMA, TATASTEEL, ICICIPRULI, WELCORP, PFC, INDUSINDBK, STARHEALTH, CANBK",35,35,853,0.7486717467760845,both,0
FALCPAT_7927,59,"APOLLOHOSP, ANURAS, POONAWALLA, CUMMINSIND, STARHEALTH, SHRIRAMFIN, IDFCFIRSTB, GMRAIRPORT, CREDITACC, SRF, PNB, COROMANDEL, SCHAEFFLER, EXIDEIND, TVSMOTOR, BALKRISIND, DOMS, CHAMBLFERT, CYIENT, MARUTI, INDUSTOWER, SHYAMMETL, COALINDIA, LAURUSLABS, BLUEDART, GAIL, ATUL, KIMS, INDIACEM, SONACOMS, JSWSTEEL, ANANDRATHI, SUMICHEM, M&M, INDUSINDBK, CARBORUNIV, JUBLPHARMA, NUVAMA, REDINGTON, POWERGRID",59,59,1619,0.7744533662754784,both,0
FALCPAT_7928,27,"HINDZINC, LICHSGFIN, VBL, COROMANDEL, IPCALAB, ATUL, STARHEALTH, AAVAS, KIMS, LATENTVIEW, GODREJIND, BHARTIHEXA, ABFRL, JSWINFRA, SHRIRAMFIN, KARURVYSYA, MAXHEALTH, INDIACEM, JINDALSTEL, CCL, AJANTPHARM, INDIANB, ABB, FINCABLES, GABRIEL, GLAXO, EXIDEIND",27,27,465,0.8092860215053764,both,0
FALCPAT_7941,102,"RADICO, CUB, BIKAJI, RRKABEL, GRASIM, FLUOROCHEM, SBICARD, ANURAS, LINDEINDIA, NTPC, NAVINFLUOR, CHAMBLFERT, ICICIBANK, LAURUSLABS, SBILIFE, LODHA, LICI, DALBHARAT, HINDCOPPER, BALKRISIND, SYRMA, MRF, RKFORGE, TVSMOTOR, ESCORTS, COROMANDEL, LLOYDSME, BLUEJET, ULTRACEMCO, ELGIEQUIP, MAXHEALTH, KFINTECH, HCLTECH, GPIL, IDFCFIRSTB, CARBORUNIV, ATUL, GILLETTE, MAPMYINDIA, GESHIP",102,102,1647,0.8988129933211899,both,0
FALCPAT_7942,79,"GODFRYPHLP, TATAELXSI, NEWGEN, RVNL, FACT, KAYNES, DOMS, ADANIPOWER, KFINTECH, GRASIM, NAVA, IDBI, SONATSOFTW, ASAHIINDIA, SUNTV, OFSS, APARINDS, POLICYBZR, ERIS, WIPRO, CASTROLIND, BANKBARODA, UTIAMC, ANURAS, NUVAMA, ENDURANCE, KEC, SUPREMEIND, CANBK, CCL, BLUESTARCO, SIGNATURE, CESC, BBTC, JYOTICNC, GLENMARK, TATASTEEL, AIAENG, GRANULES, RAINBOW",79,79,1356,0.9231290560471975,both,0
FALCPAT_7943,10,"HONASA, COCHINSHIP, GRSE, ITI, HINDZINC, MAZDOCK, HONAUT, CONCORDBIO, BDL, GMDCLTD",10,10,589,0.6684074702886249,both,0
FALCPAT_7947,44,"FORTIS, ERIS, CHOICEIN, RADICO, BAJAJHLDNG, CHAMBLFERT, FSL, BRITANNIA, AADHARHFC, ZENSARTECH, MAZDOCK, JKCEMENT, CAPLIPOINT, ANURAS, GODREJIND, INDHOTEL, ABBOTINDIA, MAXHEALTH, KFINTECH, GODFRYPHLP, PARADEEP, BSE, REDINGTON, KIMS, ALKEM, HCLTECH, KOTAKBANK, GLAXO, ATUL, EICHERMOT, SBICARD, ICICIBANK, ZYDUSLIFE, ICICIGI, DOMS, COROMANDEL, KAYNES, COHANCE, SHYAMMETL, NEWGEN",44,44,1629,0.7331804788213631,both,0
FALCPAT_7958,81,"FORTIS, KIMS, INDHOTEL, CONCORDBIO, CARTRADE, POLYMED, MEDANTA, AJANTPHARM, UNOMINDA, MAXHEALTH, LEMONTREE, SHYAMMETL, DCMSHRIRAM, ATGL, APARINDS, CEATLTD, APLAPOLLO, 360ONE, MINDACORP, BLUEJET, BLS, ELECON, NEWGEN, CHOICEIN, ICICIBANK, RADICO, TATAINVEST, MGL, LATENTVIEW, NUVAMA, DIXON, NLCINDIA, COHANCE, ESCORTS, OLECTRA, NAVA, HDFCLIFE, PPLPHARMA, GILLETTE, 3MINDIA",81,81,901,1.0109977802441732,both,0
FALCPAT_7962,82,"GODREJIND, NEULANDLAB, CHOLAHLDNG, MOTILALOFS, EIHOTEL, ETERNAL, PCBL, KEC, POWERINDIA, ENGINERSIN, NATIONALUM, FSL, ABREL, SUNDARMFIN, RITES, EIDPARRY, JSWENERGY, ANGELONE, SUPREMEIND, BLUEDART, CROMPTON, LODHA, IEX, ZOMATO, AMBUJACEM, PTCIL, OBEROIRLTY, HINDPETRO, MMTC, KPRMILL, INTELLECT, LALPATHLAB, HAL, CARTRADE, LTF, TORNTPOWER, BPCL, CUB, SHYAMMETL, CCL",82,82,578,1.058271626297578,both,0
FALCPAT_7963,51,"POLICYBZR, PHOENIXLTD, KIMS, TRITURBINE, ADANIENSOL, RADICO, CANBK, TEJASNET, 360ONE, GODREJIND, DOMS, CEMPRO, MAXHEALTH, ADANIENT, LODHA, KFINTECH, GRSE, BDL, JBMA, TIINDIA, RKFORGE, PGEL, ACE, FORCEMOT, ACUTAAS, WELSPUNLIV, USHAMART, BLS, CANFINHOME, UCOBANK, AMBER, BSE, CARBORUNIV, NLCINDIA, RAILTEL, CONCORDBIO, HEG, NEULANDLAB, POONAWALLA, NUVAMA",51,51,347,1.2763544668587898,both,0
FALCPAT_7964,51,"MAPMYINDIA, ITI, BHEL, SAMMAANCAP, HINDZINC, SPLPETRO, KIRLOSENG, GRSE, MCX, ENGINERSIN, JSL, POWERINDIA, GRAVITA, HEG, RAILTEL, RVNL, SONATSOFTW, INDHOTEL, HSCL, IRCON, JBMA, GMDCLTD, JSWENERGY, CHALET, SOBHA, ZENTEC, TARIL, FSL, CEMPRO, IDEA, TATAINVEST, INOXWIND, INDIACEM, MMTC, NMDC, COCHINSHIP, HFCL, CDSL, NLCINDIA, ADANIGREEN",51,51,398,1.34085175879397,both,0
FALCPAT_7965,87,"ERIS, ANURAS, OIL, BRIGADE, CHOLAHLDNG, UCOBANK, CARTRADE, BIKAJI, LODHA, CREDITACC, 3MINDIA, HFCL, BSE, SYRMA, IRCON, EXIDEIND, ZFCVINDIA, GLAXO, AWL, ATUL, IFCI, FIVESTAR, CHAMBLFERT, KPIL, POONAWALLA, SONATSOFTW, PARADEEP, TATACOMM, ANANTRAJ, GRANULES, BBTC, KAYNES, AARTIIND, ADANIPORTS, MOTILALOFS, CASTROLIND, IREDA, MINDACORP, ABREL, LLOYDSME",87,87,780,1.2882820512820512,both,0
FALCPAT_7972,106,"AIAENG, CONCORDBIO, TATAELXSI, HINDALCO, UPL, TATACOMM, CHOLAFIN, INDUSINDBK, JSWDULUX, INTELLECT, BAJAJFINSV, TATACHEM, GILLETTE, CUB, GRASIM, SBILIFE, CEMPRO, SRF, OLECTRA, ZYDUSLIFE, SOBHA, STARHEALTH, WELCORP, ADANIPORTS, OFSS, COROMANDEL, BHARATFORG, SONACOMS, EXIDEIND, GRANULES, BANKBARODA, EIHOTEL, ICICIBANK, BBTC, VOLTAS, HINDCOPPER, AMBUJACEM, IEX, JKTYRE, DEEPAKFERT",106,106,1368,0.9367587719298246,both,0
FALCPAT_7976,112,"GODREJIND, LLOYDSME, CHAMBLFERT, MAXHEALTH, TATAINVEST, FIVESTAR, ABBOTINDIA, APLAPOLLO, KFINTECH, ACUTAAS, SUNDARMFIN, INDHOTEL, MAZDOCK, SAREGAMA, ANURAS, NLCINDIA, MINDACORP, BANKINDIA, SONATSOFTW, CHALET, UPL, AMBER, BEL, PRESTIGE, GPIL, LODHA, DIVISLAB, KPRMILL, POONAWALLA, DCMSHRIRAM, BSE, POWERGRID, ECLERX, DABUR, HEG, DOMS, PARADEEP, FSL, SIGNATURE, NBCC",112,112,2013,0.882039741679086,both,0
FALCPAT_7977,28,"SHREECEM, ATUL, ITI, AIIL, HONASA, TATATECH, ANURAS, GRASIM, BDL, OLECTRA, BSE, HEROMOTOCO, MAPMYINDIA, BAJAJHLDNG, COCHINSHIP, CONCORDBIO, 3MINDIA, HDFCLIFE, CHOLAHLDNG, ERIS, CDSL, HINDZINC, BAJAJ-AUTO, ZYDUSWELL, BLUEDART, COALINDIA, GODREJIND, HDFCAMC",28,28,998,0.7190140280561124,both,0
FALCPAT_7979,26,"RECLTD, WELCORP, CHENNPETRO, COCHINSHIP, MOTILALOFS, SONATSOFTW, MAHABANK, ABB, JSWENERGY, POLICYBZR, DLF, ADANIPOWER, CANFINHOME, ACE, RKFORGE, OFSS, BAJAJ-AUTO, NAM-INDIA, JBMA, FSL, CHOLAFIN, SYRMA, ADANIPORTS, VOLTAS, ZENSARTECH, BHEL",26,26,176,1.172090909090909,both,0
FALCPAT_7983,85,"RITES, GODREJIND, ATGL, RHIM, ADANIGREEN, UCOBANK, GILLETTE, AMBER, POWERINDIA, VIJAYA, PCBL, JBMA, BDL, POLYCAB, OLECTRA, JSWENERGY, JSWINFRA, BAJAJHLDNG, POLYMED, ANURAS, GODFRYPHLP, KALYANKJIL, GLENMARK, HOMEFIRST, COALINDIA, ABBOTINDIA, JMFINANCIL, JYOTICNC, KIMS, SYRMA, SHREECEM, GALLANTT, CDSL, CHOLAHLDNG, AEGISLOG, NAM-INDIA, JKCEMENT, EICHERMOT, APARINDS, SUPREMEIND",85,85,849,1.0668857479387517,both,0
FALCPAT_7992,32,"ITI, NIACL, MMTC, ZYDUSWELL, GMDCLTD, YESBANK, TIMKEN, ARE&M, BDL, KFINTECH, ANANDRATHI, RVNL, ADANIGREEN, SJVN, EIHOTEL, DIVISLAB, INDIACEM, AEGISLOG, UNOMINDA, SYRMA, SWANCORP, MAPMYINDIA, SUZLON, GMRAIRPORT, WELCORP, UCOBANK, BHEL, TITAGARH, TARIL, CHENNPETRO, SOBHA, IRFC",32,32,823,0.8128529769137304,both,0
FALCPAT_7993,30,"ZYDUSLIFE, HDFCLIFE, HCLTECH, TORNTPHARM, ELGIEQUIP, ATUL, FEDERALBNK, CUMMINSIND, LT, GRASIM, WELCORP, TATAINVEST, COROMANDEL, INDIGO, GLENMARK, GODREJCP, POLICYBZR, ICICIPRULI, TARIL, UPL, FORCEMOT, DALBHARAT, SUNTV, ESCORTS, DRREDDY, REDINGTON, BALKRISIND, NAVA, POWERINDIA, WIPRO",30,30,1404,0.6268069800569799,both,0
FALCPAT_7996,73,"PPLPHARMA, BIKAJI, NAVINFLUOR, BRITANNIA, LTFOODS, HUDCO, IRCON, JYOTICNC, NETWEB, BEL, TIMKEN, UNIONBANK, BIOCON, AAVAS, AMBUJACEM, CDSL, HBLENGINE, RVNL, 360ONE, NCC, PGEL, JINDALSTEL, AMBER, UNOMINDA, BSOFT, GMRAIRPORT, INDUSTOWER, ADANIGREEN, LINDEINDIA, MFSL, OBEROIRLTY, LEMONTREE, NH, ANURAS, RHIM, BAYERCROP, LATENTVIEW, GODREJPROP, GODREJIND, CHENNPETRO",73,73,786,0.9602926208651399,both,0
FALCPAT_7997,22,"BSE, KFINTECH, FACT, ANURAS, HONAUT, BDL, ERIS, MRF, ABBOTINDIA, FORCEMOT, RVNL, ITI, PARADEEP, SAREGAMA, SPLPETRO, BLUEJET, CAPLIPOINT, DOMS, SHREECEM, VIJAYA, NEWGEN, DATAPATTNS",22,22,1349,0.6861845811712379,both,0
FALCPAT_7998,54,"WOCKPHARMA, IRFC, GODREJIND, GLAXO, NLCINDIA, ARE&M, ADANIGREEN, BEML, LODHA, ABFRL, RAILTEL, BALRAMCHIN, JYOTICNC, DEVYANI, GLENMARK, ADANIENSOL, GVT&D, DATAPATTNS, DCMSHRIRAM, POLICYBZR, CEATLTD, ZENTEC, ESCORTS, TIMKEN, SRF, FLUOROCHEM, JSWENERGY, BLS, NH, HONASA, DELHIVERY, RAINBOW, SCHAEFFLER, SBFC, ZYDUSWELL, CYIENT, BRITANNIA, 3MINDIA, SONATSOFTW, HOMEFIRST",54,54,635,1.006955905511811,both,0
FALCPAT_7999,51,"AIIL, AAVAS, ZEEL, ONGC, CONCORDBIO, POWERGRID, TATAINVEST, SIEMENS, LATENTVIEW, MMTC, APLAPOLLO, CANFINHOME, MEDANTA, BHARATFORG, BLUEDART, ITI, TATACOMM, MANKIND, GRAVITA, AUROPHARMA, IOB, STARHEALTH, ICICIPRULI, BEML, HEROMOTOCO, KPIL, CEATLTD, HINDPETRO, M&M, RVNL, GMDCLTD, IDFCFIRSTB, IOC, ESCORTS, SUNTV, OIL, GUJGASLTD, SRF, TARIL, ACE",51,51,1089,0.8307575757575757,both,0
FALCPAT_8000,65,"ATGL, HINDZINC, DEVYANI, GSPL, MRPL, KPRMILL, NIACL, NH, INDIACEM, MAPMYINDIA, FEDERALBNK, ASTRAL, GRSE, COCHINSHIP, AEGISLOG, BIKAJI, JMFINANCIL, BAJAJHLDNG, WHIRLPOOL, TIMKEN, GODREJIND, LINDEINDIA, WIPRO, KALYANKJIL, SCHAEFFLER, PFIZER, SIEMENS, M&MFIN, CDSL, KFINTECH, GRANULES, LTFOODS, KAYNES, WOCKPHARMA, MCX, FLUOROCHEM, ZENSARTECH, UCOBANK, INDUSTOWER, MAZDOCK",65,65,884,0.9867477375565611,both,0
FALCPAT_8037,67,"DOMS, PIIND, FIVESTAR, GODREJIND, GPIL, ZYDUSWELL, CHALET, ECLERX, TITAN, RADICO, BALKRISIND, LODHA, INDIANB, SCHAEFFLER, JYOTICNC, BDL, DCMSHRIRAM, POONAWALLA, JUBLPHARMA, CARTRADE, TRITURBINE, ANURAS, GRSE, COHANCE, IRCON, UBL, BSE, SBFC, DEVYANI, APLAPOLLO, JUBLINGREA, DATAPATTNS, SUNDARMFIN, ZFCVINDIA, UNOMINDA, MUTHOOTFIN, JSWDULUX, LALPATHLAB, MSUMI, PRESTIGE",67,67,1336,0.8218173652694611,both,0
FALCPAT_8038,20,"HINDUNILVR, HDFCBANK, ITC, ITI, GRASIM, ANURAS, BHARTIHEXA, COLPAL, DABUR, AIIL, ERIS, COCHINSHIP, ULTRACEMCO, SBICARD, KFINTECH, ABBOTINDIA, BOSCHLTD, ASIANPAINT, HEROMOTOCO, HONASA",20,20,666,0.7416201201201201,both,0
FALCPAT_8039,16,"BHARTIARTL, ZYDUSLIFE, KFINTECH, SBIN, COROMANDEL, AIAENG, BRITANNIA, BSE, REDINGTON, AIIL, TBOTEK, PARADEEP, DOMS, ESCORTS, DABUR, ANURAS",16,16,888,0.6215912162162162,both,0
FALCPAT_8040,53,"UTIAMC, NIACL, OLECTRA, INDUSTOWER, AFFLE, REDINGTON, ADANIPOWER, DATAPATTNS, CHOLAHLDNG, BANKBARODA, BHEL, WELCORP, MRPL, PARADEEP, M&M, SOBHA, JBMA, KEC, KIMS, MOTILALOFS, NUVAMA, MEDANTA, GILLETTE, CEMPRO, CDSL, RADICO, JPPOWER, GESHIP, GLAXO, CONCORDBIO, SHYAMMETL, SCI, UCOBANK, WELSPUNLIV, SARDAEN, FORCEMOT, RAILTEL, CREDITACC, JUBLPHARMA, JUBLFOOD",53,53,428,1.1110677570093457,both,0
FALCPAT_8042,51,"AIIL, AAVAS, ZEEL, ONGC, CONCORDBIO, POWERGRID, TATAINVEST, SIEMENS, LATENTVIEW, MMTC, APLAPOLLO, CANFINHOME, MEDANTA, BHARATFORG, BLUEDART, ITI, TATACOMM, MANKIND, GRAVITA, AUROPHARMA, IOB, STARHEALTH, ICICIPRULI, KPIL, BEML, HEROMOTOCO, CEATLTD, HINDPETRO, M&M, RVNL, GMDCLTD, ACE, IDFCFIRSTB, IOC, ESCORTS, SUNTV, OIL, GUJGASLTD, SRF, TARIL",51,51,1086,0.8385699815837937,both,0
FALCPAT_8043,65,"ATGL, HINDZINC, DEVYANI, GSPL, MRPL, KPRMILL, NIACL, NH, INDIACEM, MAPMYINDIA, FEDERALBNK, ASTRAL, GRSE, COCHINSHIP, AEGISLOG, BIKAJI, JMFINANCIL, BAJAJHLDNG, WHIRLPOOL, TIMKEN, GODREJIND, LINDEINDIA, WIPRO, KALYANKJIL, SCHAEFFLER, PFIZER, SIEMENS, M&MFIN, CDSL, KFINTECH, GRANULES, LTFOODS, KAYNES, WOCKPHARMA, MCX, FLUOROCHEM, ZENSARTECH, UCOBANK, INDUSTOWER, MAZDOCK",65,65,884,0.9867477375565611,both,0
FALCPAT_8065,120,"MAZDOCK, J&KBANK, RVNL, ACUTAAS, POONAWALLA, SUZLON, CREDITACC, RADICO, NAVA, EIDPARRY, SARDAEN, MAPMYINDIA, NHPC, NATIONALUM, TRIDENT, USHAMART, WELCORP, IRFC, INDUSINDBK, EIHOTEL, GRANULES, ABB, IRCON, SAPPHIRE, HUDCO, RAILTEL, BIKAJI, VBL, JUBLPHARMA, GESHIP, BERGEPAINT, GRAVITA, AMBER, SHREECEM, LTFOODS, PGEL, GVT&D, DLF, YESBANK, TATACHEM",120,120,1045,1.3296220095693778,both,0
FALCPAT_8066,88,"HINDCOPPER, CYIENT, ACE, BANKBARODA, VIJAYA, ACUTAAS, PPLPHARMA, WELSPUNLIV, WOCKPHARMA, JUBLPHARMA, SHYAMMETL, NCC, BANDHANBNK, PGEL, COFORGE, BDL, ANANTRAJ, BIOCON, NLCINDIA, CARTRADE, AJANTPHARM, HUDCO, UNOMINDA, HOMEFIRST, APARINDS, CEMPRO, PRESTIGE, ZFCVINDIA, INTELLECT, JKTYRE, HINDZINC, TATACHEM, GALLANTT, TARIL, DLF, OIL, CENTRALBK, SJVN, IRFC, IDBI",88,88,827,1.2860894800483675,both,0
FALCPAT_8068,117,"RADICO, VIJAYA, KFINTECH, CLEAN, ICICIPRULI, BATAINDIA, KIRLOSENG, PIIND, SONATSOFTW, GSPL, LAURUSLABS, DLF, CHENNPETRO, ANURAS, CUB, HDFCAMC, GMDCLTD, CASTROLIND, APTUS, OLECTRA, GRAVITA, HCLTECH, IREDA, TORNTPOWER, TRENT, SUNTV, HEROMOTOCO, NYKAA, IDFCFIRSTB, JUBLPHARMA, ICICIBANK, DATAPATTNS, JBMA, GLAXO, SBICARD, TATAELXSI, AARTIIND, NAVA, ALKEM, TVSMOTOR",117,117,1346,1.0493959881129273,both,0
FALCPAT_8069,34,"AIIL, GRASIM, TATAELXSI, KOTAKBANK, OFSS, CONCORDBIO, KFINTECH, SRF, INFY, UPL, SUNTV, BOSCHLTD, HUDCO, KALYANKJIL, STARHEALTH, SCHAEFFLER, INDUSINDBK, SIGNATURE, ULTRACEMCO, WHIRLPOOL, BRITANNIA, JINDALSAW, AIAENG, ASAHIINDIA, JYOTICNC, DOMS, INDIACEM, FLUOROCHEM, ANURAS, GRSE, ABREL, HINDALCO, M&M, SHREECEM",34,34,957,0.7296353187042842,both,0
FALCPAT_8070,65,"CCL, CHOLAHLDNG, JINDALSTEL, ANURAS, GILLETTE, ITI, KPRMILL, INDIACEM, MRPL, NIACL, FINCABLES, BIKAJI, GODFRYPHLP, TATAINVEST, CARTRADE, ADANIENT, FACT, J&KBANK, IRCON, ERIS, REDINGTON, AUBANK, SAIL, HINDZINC, JSL, FLUOROCHEM, IDBI, SUNTV, TARIL, CANBK, IDFCFIRSTB, NATIONALUM, RVNL, MCX, ACUTAAS, ELGIEQUIP, IOB, TEGA, COHANCE, RKFORGE",65,65,938,0.9469978678038381,both,0
FALCPAT_8071,96,"ERIS, LODHA, GSPL, NBCC, BSE, GABRIEL, CHAMBLFERT, INTELLECT, KARURVYSYA, TATACHEM, GILLETTE, FIVESTAR, POONAWALLA, GALLANTT, CASTROLIND, GLAXO, OIL, RECLTD, TECHNOE, WOCKPHARMA, BIKAJI, HINDZINC, UCOBANK, GVT&D, NCC, DLF, DEVYANI, ABFRL, MOTHERSON, TATASTEEL, BANKBARODA, BHARTIARTL, ABCAPITAL, INOXWIND, SHYAMMETL, ZEEL, HBLENGINE, LAURUSLABS, DABUR, INDUSTOWER",96,96,619,1.439331179321486,both,0
FALCPAT_8076,88,"OFSS, NBCC, GRAPHITE, TTML, SBFC, RITES, ELECON, IRCON, CEATLTD, ZFCVINDIA, BSE, DATAPATTNS, BBTC, TATACHEM, WELCORP, PERSISTENT, TIINDIA, NMDC, GICRE, AWL, CESC, GRSE, TATASTEEL, PRESTIGE, ULTRACEMCO, NATIONALUM, RAMCOCEM, MRPL, NATCOPHARM, CGCL, BHARATFORG, GMDCLTD, GRASIM, VEDL, GLAXO, GAIL, PVRINOX, NCC, BANKINDIA, SAIL",88,88,786,1.0157760814249364,both,0
FALCPAT_8079,126,"MAZDOCK, IDBI, VIJAYA, MAHABANK, TATAINVEST, EMAMILTD, PPLPHARMA, POONAWALLA, SHYAMMETL, RADICO, LTFOODS, GRSE, HBLENGINE, APLAPOLLO, JUBLPHARMA, PHOENIXLTD, SOLARINDS, ANURAS, LLOYDSME, FORTIS, CEATLTD, ASAHIINDIA, BIKAJI, KIMS, SBICARD, MAXHEALTH, ASIANPAINT, BLUEDART, MAPMYINDIA, GODFRYPHLP, HAL, GILLETTE, IOB, OLECTRA, AMBER, ABSLAMC, CGCL, MCDOWELL-N, UNITDSPR, LAURUSLABS",126,126,1807,0.99368345323741,both,0
FALCPAT_8082,8,"AUROPHARMA, HONASA, SHREECEM, CUMMINSIND, BPCL, NAUKRI, DATAPATTNS, ATUL",8,8,148,0.797304054054054,both,0
FALCPAT_8084,71,"BIOCON, WHIRLPOOL, FLUOROCHEM, IDFCFIRSTB, BIKAJI, ERIS, VOLTAS, ITI, MOTHERSON, TATAPOWER, OBEROIRLTY, UCOBANK, JUBLPHARMA, CENTRALBK, BSE, IOB, CHOLAHLDNG, CANBK, HINDZINC, ANANTRAJ, POONAWALLA, ZYDUSLIFE, RVNL, BANKBARODA, ABCAPITAL, VEDL, BALKRISIND, ANURAS, KIRLOSENG, GILLETTE, HINDALCO, IRCON, OIL, ZENTEC, HEG, FINCABLES, GRSE, BAJAJHLDNG, MINDACORP, CONCORDBIO",71,71,1278,0.8659209702660404,both,0
FALCPAT_8094,41,"SAREGAMA, MANAPPURAM, MANKIND, CANBK, JKTYRE, HEG, GODREJPROP, ABBOTINDIA, DLF, CYIENT, ASTERDM, CANFINHOME, M&M, ANANDRATHI, LEMONTREE, HCLTECH, MAPMYINDIA, SYNGENE, DEVYANI, LINDEINDIA, TATAPOWER, GMRAIRPORT, NMDC, RAMCOCEM, NTPC, GICRE, AMBUJACEM, HINDALCO, TATACOMM, IEX, GLAND, GAIL, AUROPHARMA, BATAINDIA, SBICARD, ATUL, AXISBANK, PFIZER, DRREDDY, ASTRAL",41,41,218,1.0294220183486238,both,0
FALCPAT_8095,83,"WOCKPHARMA, RVNL, LLOYDSME, NAM-INDIA, HONAUT, FIVESTAR, ZENSARTECH, CESC, CAPLIPOINT, PVRINOX, TATACHEM, NATIONALUM, WELCORP, GALLANTT, HINDCOPPER, TATAINVEST, NLCINDIA, OFSS, HINDZINC, LAURUSLABS, HDFCBANK, TRIDENT, BBTC, GODFRYPHLP, NBCC, INDIACEM, MAHABANK, SAIL, SCI, BSE, CHALET, EIHOTEL, RECLTD, SUNDARMFIN, NAVA, FLUOROCHEM, ETERNAL, FORCEMOT, EMAMILTD, IRCON",83,83,857,1.0124562427071178,both,0
FALCPAT_8096,44,"NEULANDLAB, BIKAJI, SAIL, NBCC, KPIL, CONCORDBIO, RVNL, SUZLON, ADANIPORTS, NAVA, IDFCFIRSTB, FINCABLES, OLECTRA, IOB, ABREL, SUPREMEIND, KAYNES, GODFRYPHLP, NMDC, INTELLECT, JINDALSTEL, APARINDS, NCC, ADANIPOWER, INOXWIND, RAILTEL, ABB, GVT&D, INDUSINDBK, HSCL, MOTILALOFS, JMFINANCIL, KALYANKJIL, MAPMYINDIA, GODREJPROP, ELGIEQUIP, TECHNOE, PTCIL, TRITURBINE, MRPL",44,44,566,1.0264717314487632,both,0
FALCPAT_8097,59,"GILLETTE, SAPPHIRE, JSL, VIJAYA, SHRIRAMFIN, RAINBOW, AEGISLOG, NUVAMA, BLUEJET, POLYCAB, ANANDRATHI, SOLARINDS, ACE, CHOLAFIN, JUBLPHARMA, CAPLIPOINT, AJANTPHARM, TBOTEK, DLF, DCMSHRIRAM, IDBI, NLCINDIA, ZENSARTECH, ECLERX, POLICYBZR, 360ONE, UPL, TITAN, ABSLAMC, EIHOTEL, INFY, CREDITACC, CUMMINSIND, LAURUSLABS, BERGEPAINT, ATUL, HBLENGINE, PPLPHARMA, KEI, GVT&D",59,59,1223,0.8874848732624694,both,0
FALCPAT_8099,41,"COALINDIA, KFINTECH, GRSE, MAZDOCK, GODFRYPHLP, CHAMBLFERT, GLAXO, ZOMATO, RKFORGE, SHYAMMETL, BSE, ERIS, TATACONSUM, ITI, FSL, RADICO, DOMS, BEML, FACT, LALPATHLAB, ECLERX, PIDILITIND, AIAENG, HUDCO, ANGELONE, NEWGEN, MAXHEALTH, KAYNES, POLYMED, EICHERMOT, JKCEMENT, MSUMI, SCHAEFFLER, ELECON, RAINBOW, BDL, SPLPETRO, HDFCAMC, MOTILALOFS, SUNDARMFIN",41,41,1617,0.7106116264687693,both,0
FALCPAT_8100,10,"BOSCHLTD, SHREECEM, SBICARD, TATAINVEST, HUDCO, TVSMOTOR, ANGELONE, AAVAS, SCI, BSE",10,10,487,0.5701396303901438,both,0
FALCPAT_8101,119,"TATASTEEL, BIOCON, UNOMINDA, LTF, CYIENT, OBEROIRLTY, TVSMOTOR, SUNTV, POONAWALLA, CHOLAHLDNG, IRCTC, GRAVITA, WHIRLPOOL, GMRAIRPORT, DLF, BRIGADE, ATUL, EXIDEIND, NATCOPHARM, ZYDUSLIFE, LODHA, ZENSARTECH, INTELLECT, DEEPAKFERT, HDFCAMC, PTCIL, IFCI, ESCORTS, HONASA, KIRLOSENG, COROMANDEL, ERIS, SPLPETRO, JINDALSTEL, TATAPOWER, ANURAS, MAPMYINDIA, BALKRISIND, NLCINDIA, VOLTAS",119,119,1384,0.9929841040462429,both,0
FALCPAT_8102,54,"CHAMBLFERT, AIIL, ERIS, ANURAS, DEEPAKNTR, IDFCFIRSTB, ITI, UPL, TVSMOTOR, GODREJIND, SIGNATURE, UCOBANK, GRSE, M&M, RVNL, DOMS, GAIL, AAVAS, LTIM, IOB, BAYERCROP, PATANJALI, DELHIVERY, REDINGTON, MGL, BIKAJI, JSWENERGY, ANANDRATHI, MAZDOCK, MINDACORP, CHOLAHLDNG, STARHEALTH, BSE, RBLBANK, WOCKPHARMA, GILLETTE, POONAWALLA, CONCORDBIO, ABCAPITAL, OLECTRA",54,54,1068,0.8544691011235955,both,0
FALCPAT_8136,63,"WOCKPHARMA, FIVESTAR, RVNL, NAM-INDIA, SUNDARMFIN, HINDCOPPER, NAVA, WELCORP, IRCON, NATIONALUM, CHALET, RAINBOW, SCHAEFFLER, BBTC, PNBHOUSING, INDIACEM, GODFRYPHLP, HEG, GALLANTT, ABB, SCI, EMAMILTD, HDFCBANK, SAIL, TATACHEM, ABBOTINDIA, GAIL, RITES, UTIAMC, MANKIND, IGL, PPLPHARMA, MFSL, GRAPHITE, RAMCOCEM, SIEMENS, KFINTECH, LAURUSLABS, OFSS, PFC",63,63,647,0.9730340030911901,both,0
FALCPAT_8138,59,"PGEL, TATAINVEST, BIKAJI, INDUSTOWER, PATANJALI, ADANIPORTS, EXIDEIND, KPITTECH, ASTERDM, NEULANDLAB, GRANULES, FORCEMOT, NAVA, PCBL, J&KBANK, NATIONALUM, SAREGAMA, ZFCVINDIA, GODFRYPHLP, MGL, SUNTV, MOTILALOFS, KAYNES, VTL, NMDC, TECHNOE, BHARATFORG, ABREL, BANDHANBNK, BANKINDIA, SUZLON, CGCL, TATASTEEL, SJVN, FINCABLES, TEGA, KPIL, LAURUSLABS, WOCKPHARMA, ENDURANCE",59,59,810,0.9699024691358025,both,0
FALCPAT_8141,41,"GODREJIND, LLOYDSME, KFINTECH, BLUEJET, DOMS, ZOMATO, BSE, COALINDIA, GPIL, FACT, JKCEMENT, CHAMBLFERT, NEWGEN, JYOTICNC, SHYAMMETL, GLAXO, FIVESTAR, BHARTIARTL, HUDCO, ERIS, VIJAYA, ITI, INDIANB, RADICO, APARINDS, TATAELXSI, ABBOTINDIA, ANGELONE, KAYNES, HAL, HINDUNILVR, EICHERMOT, EIDPARRY, MMTC, BANKBARODA, IRCON, POLYMED, ZENSARTECH, PIIND, RVNL",41,41,1592,0.7100113065326633,both,0
FALCPAT_8142,9,"HONASA, BOSCHLTD, COCHINSHIP, KFINTECH, SBICARD, HDFCLIFE, HAVELLS, BAJFINANCE, MAZDOCK",9,9,356,0.6756292134831461,both,0
FALCPAT_8143,91,"ERIS, GLAXO, ANURAS, ZFCVINDIA, DEEPAKNTR, KIMS, LODHA, GODFRYPHLP, CHOLAHLDNG, STARHEALTH, KARURVYSYA, CASTROLIND, INTELLECT, GMRAIRPORT, TVSMOTOR, CDSL, MAXHEALTH, BANKBARODA, SAIL, ATUL, ENDURANCE, GILLETTE, GODREJIND, NAVINFLUOR, POONAWALLA, GRANULES, WELSPUNLIV, PETRONET, 3MINDIA, IDBI, PRESTIGE, POLICYBZR, SONATSOFTW, NMDC, LLOYDSME, NAVA, MEDANTA, SUNTV, DEVYANI, MINDACORP",91,91,842,1.110434679334917,both,0
FALCPAT_8144,64,"IDFCFIRSTB, FLUOROCHEM, IOB, BIKAJI, ITI, MOTHERSON, VOLTAS, UCOBANK, JUBLPHARMA, HINDZINC, FINCABLES, RVNL, RBLBANK, AJANTPHARM, CONCORDBIO, GILLETTE, EXIDEIND, CENTRALBK, BANKBARODA, BSE, ANANTRAJ, ZYDUSLIFE, OIL, INDIACEM, BIOCON, LAURUSLABS, TVSMOTOR, KIRLOSENG, GALLANTT, TATASTEEL, ANURAS, ABCAPITAL, BAJAJHLDNG, NLCINDIA, ACUTAAS, GRSE, TEGA, SHRIRAMFIN, TARIL, ABFRL",64,64,1060,0.930888679245283,both,0
FALCPAT_8157,19,"ABB, POLYCAB, TIMKEN, HINDALCO, PIIND, AAVAS, DCMSHRIRAM, TATASTEEL, SBILIFE, GMDCLTD, MRF, GRASIM, HDFCLIFE, CHENNPETRO, IOC, GRAPHITE, PRESTIGE, NH, BHARTIHEXA",19,19,403,0.6773250620347393,both,0
FALCPAT_8162,28,"KFINTECH, DOMS, HINDUNILVR, BLUEJET, TATAINVEST, ERIS, SUNDARMFIN, FACT, BHARTIARTL, TATACONSUM, EICHERMOT, KEI, CAPLIPOINT, VIJAYA, PARADEEP, GPIL, BSE, PIIND, JKCEMENT, NEWGEN, CHAMBLFERT, DEEPAKFERT, EIDPARRY, PIDILITIND, SHYAMMETL, ITI, JYOTICNC, SBICARD",28,28,1486,0.6764703903095558,both,0
FALCPAT_8163,37,"UPL, MAHABANK, HINDZINC, JYOTICNC, HDFCLIFE, SHREECEM, BIKAJI, WELCORP, NH, LTF, HUDCO, KALYANKJIL, ANANDRATHI, IFCI, ARE&M, BOSCHLTD, POWERGRID, DEVYANI, GODREJIND, TATATECH, LODHA, EXIDEIND, GSPL, SRF, RECLTD, SCHAEFFLER, RAILTEL, BLS, GRAVITA, ATGL, TARIL, UNIONBANK, M&MFIN, OBEROIRLTY, INDIACEM, TORNTPHARM, NYKAA",37,37,1006,0.744651093439364,both,0
FALCPAT_8170,21,"HBLENGINE, SUZLON, NMDC, ZENSARTECH, NEWGEN, JWL, CHENNPETRO, NEULANDLAB, SARDAEN, NAVA, JPPOWER, NLCINDIA, RECLTD, PFC, MRPL, PAYTM, AEGISLOG, OLECTRA, HINDCOPPER, NIACL, TITAGARH",21,21,144,1.1208055555555554,both,0
FALCPAT_8171,104,"GODREJIND, ERIS, JSWINFRA, FSL, KFINTECH, DOMS, ANANDRATHI, GLAXO, ANURAS, DCMSHRIRAM, SBICARD, APLAPOLLO, NUVOCO, CHALET, TORNTPHARM, TATAELXSI, JYOTICNC, BSE, WELCORP, TATAPOWER, VTL, LODHA, NLCINDIA, INDIANB, HONAUT, HCLTECH, ACE, GICRE, TARIL, MAZDOCK, CARTRADE, SUMICHEM, HEG, BALKRISIND, CARBORUNIV, HDFCAMC, UNIONBANK, EICHERMOT, CRAFTSMAN, POLICYBZR",104,104,1953,0.8731607782898105,both,0
FALCPAT_8175,1,MOTHERSON,1,1,26,0.717,both,0
FALCPAT_8176,3,"HBLENGINE, GMDCLTD, APARINDS",3,3,58,0.6248448275862069,both,0
FALCPAT_8178,120,"CGCL, CHAMBLFERT, GODFRYPHLP, J&KBANK, FORTIS, KARURVYSYA, NHPC, NH, WELCORP, ELECON, BEL, PIDILITIND, TATAPOWER, 360ONE, PPLPHARMA, SBFC, JWL, KEI, SOLARINDS, SHYAMMETL, ACE, PNBHOUSING, LTFOODS, COALINDIA, VIJAYA, PETRONET, NAVINFLUOR, MAZDOCK, ACUTAAS, IRCON, RITES, HUDCO, HBLENGINE, TEGA, TATAINVEST, NSLNISP, ABSLAMC, MAHABANK, GICRE, HDFCBANK",120,120,2916,0.9181498628257887,both,0
FALCPAT_8187,17,"ABBOTINDIA, TATAELXSI, LLOYDSME, COROMANDEL, LAURUSLABS, REDINGTON, ACUTAAS, LT, ANURAS, VIJAYA, LICI, BAJAJHLDNG, ATUL, BRITANNIA, SBICARD, FSL, MAXHEALTH",17,17,847,0.6452018890200708,both,0
FALCPAT_8189,46,"FLUOROCHEM, OLECTRA, AIIL, RRKABEL, HONASA, STARHEALTH, ARE&M, NATCOPHARM, AUBANK, BALRAMCHIN, AMBUJACEM, PCBL, BBTC, JKCEMENT, GODFRYPHLP, SAIL, APOLLOTYRE, SHRIRAMFIN, HDFCAMC, GLENMARK, LALPATHLAB, IOC, GODREJCP, SIEMENS, INDHOTEL, JSWSTEEL, GRANULES, GVT&D, CAPLIPOINT, NUVAMA, TVSMOTOR, COCHINSHIP, BEML, JUBLPHARMA, IRFC, JINDALSTEL, LLOYDSME, DIXON, IPCALAB, POLICYBZR",46,46,1283,0.7180506625097429,both,0
FALCPAT_8190,16,"SHREECEM, HINDALCO, UPL, HONASA, BALKRISIND, INDIACEM, INDUSTOWER, LICHSGFIN, CROMPTON, POLYCAB, BPCL, MUTHOOTFIN, IRCTC, ZYDUSWELL, CHOICEIN, NAVINFLUOR",16,16,282,0.7278297872340426,both,0
FALCPAT_8193,72,"GODFRYPHLP, RAINBOW, TATAINVEST, WELCORP, M&MFIN, ESCORTS, NATCOPHARM, NAVA, ABBOTINDIA, CHOLAFIN, JUBLPHARMA, RITES, FSL, IGL, NATIONALUM, NAUKRI, ABREL, PIIND, DLF, 360ONE, UBL, PFC, BIOCON, SUNDARMFIN, IRCTC, NYKAA, IRCON, IDFCFIRSTB, TATACHEM, POLYMED, BBTC, ATUL, KFINTECH, SONACOMS, MARUTI, PFIZER, LTIM, LTM, DIXON, RECLTD",72,72,406,1.1085172413793103,both,0
FALCPAT_8196,78,"SUNDARMFIN, CAPLIPOINT, SARDAEN, VIJAYA, SHYAMMETL, NUVAMA, PPLPHARMA, BLUEJET, PHOENIXLTD, ZYDUSLIFE, NHPC, BERGEPAINT, PNB, JUBLPHARMA, ACE, ECLERX, ZENSARTECH, SAPPHIRE, INDUSINDBK, EIDPARRY, ANANDRATHI, PGEL, INDUSTOWER, SRF, ADANIPORTS, TITAN, DCMSHRIRAM, MOTILALOFS, AMBER, TEGA, MAZDOCK, GRANULES, BLS, JSL, GRAVITA, DLF, PATANJALI, AEGISLOG, SONACOMS, BAYERCROP",78,78,1252,1.0373482428115013,both,0
FALCPAT_8198,75,"TEGA, RKFORGE, KFINTECH, JBMA, JYOTICNC, GICRE, ETERNAL, HBLENGINE, JPPOWER, THERMAX, ZFCVINDIA, ABB, RVNL, ABREL, OLECTRA, HEG, CARBORUNIV, GVT&D, BSE, KPIL, POONAWALLA, GMDCLTD, FACT, HCLTECH, WOCKPHARMA, JUBLINGREA, CRISIL, MCX, SAMMAANCAP, ELGIEQUIP, ECLERX, HSCL, ABSLAMC, DELHIVERY, RHIM, MAZDOCK, POLICYBZR, MMTC, INTELLECT, SONATSOFTW",75,75,941,1.0003910733262487,both,0
FALCPAT_8199,85,"NLCINDIA, GODREJIND, FSL, ACE, AJANTPHARM, IDBI, GRAVITA, JSWINFRA, ZOMATO, VTL, SAREGAMA, POONAWALLA, CANBK, POWERGRID, BLS, CHALET, TVSMOTOR, APARINDS, LATENTVIEW, PARADEEP, AUBANK, LODHA, LICHSGFIN, PHOENIXLTD, DCMSHRIRAM, VIJAYA, CREDITACC, COALINDIA, GLAXO, POWERINDIA, GPIL, EIHOTEL, GMDCLTD, RAINBOW, MAHABANK, JYOTICNC, AMBER, SHRIRAMFIN, ASHOKLEY, ENDURANCE",85,85,1622,0.9113914919852033,both,0
FALCPAT_8200,6,"HONASA, TATATECH, CONCORDBIO, MMTC, HINDUNILVR, BSE",6,6,448,0.6127544642857143,both,0
FALCPAT_8206,84,"HDFCLIFE, CEATLTD, MAZDOCK, NUVAMA, NHPC, CUMMINSIND, ASAHIINDIA, PNBHOUSING, POONAWALLA, 360ONE, TATACOMM, ADANIPORTS, AEGISLOG, BALKRISIND, NLCINDIA, AMBER, CAPLIPOINT, SBICARD, ZENSARTECH, GRANULES, POLYCAB, ABSLAMC, IOC, PCBL, TEGA, BAYERCROP, JUBLPHARMA, BLS, GALLANTT, J&KBANK, JWL, PATANJALI, COFORGE, DLF, CANBK, BIKAJI, MUTHOOTFIN, PERSISTENT, BHEL, FINCABLES",84,84,1178,0.9936731748726656,both,0
FALCPAT_8211,79,"RAMCOCEM, AIIL, BHARTIARTL, JKCEMENT, SIGNATURE, TVSMOTOR, ANURAS, JSWSTEEL, TATASTEEL, ERIS, TATAPOWER, DEEPAKNTR, GODREJIND, EICHERMOT, DLF, INTELLECT, UPL, WOCKPHARMA, ATUL, POONAWALLA, CHOLAHLDNG, DOMS, RBLBANK, BAJAJFINSV, MINDACORP, ZYDUSLIFE, OBEROIRLTY, MUTHOOTFIN, CONCORDBIO, ICICIPRULI, BAJAJHLDNG, RVNL, GILLETTE, IRCON, CHAMBLFERT, FACT, SOBHA, SYRMA, PETRONET, JSL",79,79,1951,0.7785776524859048,both,0
FALCPAT_8220,36,"EIHOTEL, TECHNOE, VEDL, APARINDS, EMAMILTD, NLCINDIA, JUBLPHARMA, NHPC, IDEA, TARIL, GVT&D, BHEL, BPCL, SAMMAANCAP, PTCIL, LINDEINDIA, HEG, SIEMENS, GMDCLTD, CESC, GICRE, JKTYRE, USHAMART, ARE&M, BBTC, ACE, PFC, TITAGARH, SOLARINDS, ECLERX, RAILTEL, HSCL, BSE, CDSL, HBLENGINE, GALLANTT",36,36,342,1.0535906432748539,both,0
FALCPAT_8221,52,"GSPL, JMFINANCIL, KPRMILL, ITI, NIACL, GILLETTE, ATGL, IGL, CARBORUNIV, NUVAMA, MRPL, LINDEINDIA, RAILTEL, BDL, UNOMINDA, INDIACEM, COCHINSHIP, ERIS, CRISIL, ABB, MAPMYINDIA, INDUSTOWER, MAXHEALTH, AEGISLOG, SONATSOFTW, TORNTPOWER, CDSL, KAYNES, INDIGO, LTF, GMRAIRPORT, PAYTM, SRF, GRSE, FLUOROCHEM, BEL, ZENTEC, SCHAEFFLER, KALYANKJIL, TATACHEM",52,52,772,1.0432784974093265,both,0
FALCPAT_8224,29,"AIIL, SBICARD, KAJARIACER, KARURVYSYA, ULTRACEMCO, NTPC, NAVINFLUOR, LTM, ICICIBANK, REDINGTON, POWERGRID, ATUL, EXIDEIND, TATAELXSI, KIMS, CUMMINSIND, UPL, FORTIS, COROMANDEL, GAIL, LAURUSLABS, NUVAMA, BERGEPAINT, IPCALAB, GMRAIRPORT, GRASIM, GVT&D, NAM-INDIA, GLAXO",29,29,1029,0.7251088435374149,both,0
FALCPAT_8225,81,"ERIS, CCL, ITI, PARADEEP, BSE, NCC, JSWDULUX, CGPOWER, VBL, LAURUSLABS, CDSL, CESC, INDUSINDBK, SIGNATURE, ANURAS, POONAWALLA, EXIDEIND, LODHA, ANANTRAJ, LUPIN, AFFLE, GAIL, MOTHERSON, GRSE, KFINTECH, MCX, ATUL, VIJAYA, USHAMART, DEVYANI, DOMS, POLICYBZR, ELECON, OLECTRA, MEDANTA, DEEPAKNTR, BALKRISIND, SRF, FACT, CREDITACC",81,81,1203,0.954640897755611,both,0
FALCPAT_8226,98,"GODREJIND, ACUTAAS, RITES, STARHEALTH, RHIM, PATANJALI, POWERINDIA, GODFRYPHLP, UNIONBANK, DOMS, POLYMED, CAMS, BEL, ASAHIINDIA, J&KBANK, TIMKEN, ATGL, JBMA, SONATSOFTW, SUNTV, APLAPOLLO, PARADEEP, ANGELONE, ADANIENT, CUMMINSIND, ANURAS, ENDURANCE, ENGINERSIN, TATAELXSI, KIMS, DATAPATTNS, HOMEFIRST, JSL, CARBORUNIV, FORTIS, BDL, SOLARINDS, OLECTRA, INDHOTEL, UTIAMC",98,98,1009,1.0343111992071359,both,0
FALCPAT_8229,42,"CENTRALBK, LICHSGFIN, ANURAS, PATANJALI, HDFCAMC, EXIDEIND, HUDCO, CONCORDBIO, GUJGASLTD, CHOLAFIN, MSUMI, OLECTRA, RAILTEL, ADANIPOWER, COCHINSHIP, IFCI, LTFOODS, JBCHEPHARM, SIEMENS, DELHIVERY, COROMANDEL, NEULANDLAB, HINDPETRO, MAXHEALTH, WELCORP, HFCL, JSL, NIACL, HBLENGINE, BLUEJET, IEX, GODFRYPHLP, KIMS, NAVA, HONAUT, MUTHOOTFIN, POWERINDIA, ASHOKLEY, SHYAMMETL, GRSE",42,42,892,0.8055100896860987,both,0
FALCPAT_8230,70,"IOB, CONCORDBIO, MOTHERSON, RVNL, UCOBANK, BIKAJI, GILLETTE, OIL, ITI, CASTROLIND, SOBHA, IRCON, JSWENERGY, GALLANTT, AMBUJACEM, FINCABLES, TECHNOE, AUBANK, RAILTEL, ETERNAL, GLENMARK, WOCKPHARMA, CHOLAHLDNG, CRAFTSMAN, INDIACEM, COHANCE, ABREL, TEJASNET, CARBORUNIV, AJANTPHARM, NCC, HEG, DATAPATTNS, OBEROIRLTY, TIMKEN, GABRIEL, GSPL, CANBK, KAYNES, INDIANB",70,70,788,1.2384390862944166,both,0
FALCPAT_8241,64,"NEULANDLAB, BIKAJI, CGCL, KPIL, INDUSTOWER, BANDHANBNK, ZFCVINDIA, SUZLON, ADANIPORTS, NAVA, PATANJALI, WELSPUNLIV, GRANULES, SONACOMS, ABREL, BIOCON, BHEL, AWL, NMDC, POONAWALLA, INTELLECT, GRAPHITE, FINCABLES, LINDEINDIA, NEWGEN, GVT&D, RVNL, KAYNES, BAJAJFINSV, JINDALSTEL, AUROPHARMA, INOXWIND, ENDURANCE, APARINDS, OLECTRA, GESHIP, KFINTECH, IRFC, MCX, GODREJPROP",64,64,835,0.9978898203592815,both,0
FALCPAT_8245,75,"RHIM, JSWENERGY, JBMA, IGL, BDL, GMDCLTD, CRAFTSMAN, PTCIL, ANGELONE, TATAELXSI, HEG, HUDCO, BBTC, GRAPHITE, GODFRYPHLP, ARE&M, TECHNOE, RITES, BSE, MPHASIS, CDSL, COFORGE, ADANIENT, DATAPATTNS, FACT, GESHIP, POLICYBZR, EXIDEIND, NBCC, RVNL, TRIDENT, AWL, RAILTEL, JWL, ITI, POONAWALLA, TRITURBINE, DIXON, DEEPAKFERT, NIACL",75,75,1178,0.9661714770797963,both,0
FALCPAT_8246,14,"TATATECH, MCDOWELL-N, UNITDSPR, ALKEM, SBICARD, MSUMI, ZEEL, KFINTECH, HCLTECH, EICHERMOT, VIJAYA, TORNTPHARM, ZYDUSWELL, LALPATHLAB",14,14,440,0.6746522727272728,both,0
FALCPAT_8247,84,"POONAWALLA, DEEPAKNTR, ERIS, GLAXO, ANURAS, KARURVYSYA, LODHA, GODFRYPHLP, INTELLECT, CHOLAHLDNG, STARHEALTH, IDBI, CASTROLIND, GMRAIRPORT, CDSL, BANKBARODA, ATUL, ENDURANCE, JBCHEPHARM, GILLETTE, GODREJIND, NAVINFLUOR, GRANULES, WELSPUNLIV, PETRONET, PRESTIGE, POLICYBZR, SONATSOFTW, NMDC, MGL, LLOYDSME, MEDANTA, SUNTV, MINDACORP, BLS, CROMPTON, CUB, INDUSINDBK, NIACL, GRAVITA",84,84,757,1.1066036988110965,both,0
FALCPAT_8248,59,"BIOCON, FLUOROCHEM, IOB, BIKAJI, ITI, MOTHERSON, VOLTAS, EXIDEIND, INDHOTEL, UCOBANK, JUBLPHARMA, COROMANDEL, RVNL, HINDZINC, GILLETTE, FINCABLES, CCL, NATCOPHARM, ANANTRAJ, BSE, CONCORDBIO, CENTRALBK, ATGL, TEGA, DELHIVERY, ZYDUSLIFE, SUPREMEIND, OIL, HEG, KIRLOSENG, NLCINDIA, GMRAIRPORT, GALLANTT, HINDALCO, GRSE, TATASTEEL, ECLERX, BAJAJHLDNG, ACUTAAS, ZENTEC",59,59,969,0.9924385964912281,both,0
FALCPAT_8258,60,"ERIS, NAVA, ANANTRAJ, PTCIL, MRPL, BAJAJHLDNG, RPOWER, BSE, RVNL, TITAGARH, POWERINDIA, SWANCORP, FSL, ASTERDM, HSCL, SYRMA, CAPLIPOINT, ZFCVINDIA, ABREL, ECLERX, IFCI, ZOMATO, ZENSARTECH, KEI, HDFCBANK, LODHA, ETERNAL, JKCEMENT, LLOYDSME, TEGA, IREDA, DEVYANI, INDIANB, ADANIPOWER, THERMAX, KIRLOSENG, ABBOTINDIA, INDIACEM, 360ONE, APOLLOTYRE",60,60,1177,0.792824978759558,both,0
FALCPAT_8259,37,"ITI, NIACL, HONASA, HONAUT, MMTC, SBFC, OLECTRA, BDL, COCHINSHIP, KFINTECH, JUBLPHARMA, BSE, SAREGAMA, FLUOROCHEM, RVNL, GALLANTT, JBMA, ABB, NATIONALUM, OFSS, GILLETTE, TATAINVEST, DATAPATTNS, PVRINOX, TATASTEEL, TITAGARH, TTML, BALKRISIND, SBICARD, IOB, SAMMAANCAP, AXISBANK, TATACHEM, NESTLEIND, BAJAJHLDNG, COHANCE, GVT&D",37,37,970,0.8743938144329897,both,0
FALCPAT_8260,90,"POONAWALLA, GODREJIND, CREDITACC, AEGISLOG, FSL, VIJAYA, MAHABANK, SHYAMMETL, MANKIND, RADICO, DOMS, TBOTEK, AJANTPHARM, ZENSARTECH, RAINBOW, IPCALAB, IDFCFIRSTB, JBCHEPHARM, GRAPHITE, ACUTAAS, DCMSHRIRAM, APOLLOHOSP, INDUSINDBK, GPIL, ENGINERSIN, KFINTECH, CANBK, NLCINDIA, HOMEFIRST, CESC, JBMA, PARADEEP, WOCKPHARMA, CHOLAHLDNG, NUVAMA, BDL, SARDAEN, HAL, HEG, APOLLOTYRE",90,90,1667,0.8769670065986802,both,0
FALCPAT_8261,62,"KFINTECH, STARHEALTH, BLUEJET, NATIONALUM, RHIM, PAYTM, BANKBARODA, SUNDARMFIN, JSL, SCI, CYIENT, SHYAMMETL, ACUTAAS, MOTILALOFS, BLS, GMRAIRPORT, ABSLAMC, ANANTRAJ, INDUSTOWER, APTUS, GICRE, PNB, KEI, POLICYBZR, FACT, INDIANB, REDINGTON, POWERGRID, MCX, NCC, CUMMINSIND, GODREJPROP, DCMSHRIRAM, SAIL, LATENTVIEW, GVT&D, POLYMED, HEG, HFCL, TARIL",62,62,716,0.9911941340782122,both,0
FALCPAT_8262,63,"ASHOKLEY, ABFRL, FINCABLES, BHARTIHEXA, JSWSTEEL, SONACOMS, CHOLAFIN, ANURAS, AIIL, EMAMILTD, WHIRLPOOL, CHAMBLFERT, COROMANDEL, HINDZINC, INDIACEM, GABRIEL, FORCEMOT, AUROPHARMA, SHRIRAMFIN, MPHASIS, KIMS, EXIDEIND, ATUL, SCHAEFFLER, INDUSTOWER, DLF, ERIS, M&M, CESC, DOMS, ONGC, BDL, MAXHEALTH, RECLTD, SOBHA, FORTIS, RBLBANK, CREDITACC, COFORGE, WELCORP",63,63,1644,0.7795158150851583,both,0
FALCPAT_8263,7,"CEMPRO, VEDL, PPLPHARMA, BBTC, MAZDOCK, IOC, PARADEEP",7,7,128,0.6255781250000001,both,0
FALCPAT_8269,95,"KPITTECH, NUVAMA, IDBI, GPIL, PARADEEP, NLCINDIA, SBICARD, AEGISLOG, VBL, GABRIEL, DLF, PNBHOUSING, 360ONE, BAJFINANCE, MAHABANK, GODREJIND, SAREGAMA, BANKINDIA, BALRAMCHIN, CGPOWER, TATAINVEST, BANKBARODA, CANBK, POLICYBZR, CEMPRO, EMAMILTD, LICHSGFIN, LODHA, ACE, ATUL, UNOMINDA, BAYERCROP, TARIL, POWERINDIA, KFINTECH, WELCORP, EIDPARRY, USHAMART, EIHOTEL, GRANULES",95,95,2058,0.8602026239067055,both,0
FALCPAT_8270,79,"ANANTRAJ, FORTIS, JBCHEPHARM, FSL, UBL, INDHOTEL, AWL, GLENMARK, AJANTPHARM, NEWGEN, ANURAS, M&M, HAL, MAXHEALTH, CARTRADE, BLUEJET, DOMS, COHANCE, SUMICHEM, VTL, INTELLECT, ELGIEQUIP, RADICO, KIRLOSENG, UPL, SAMMAANCAP, VIJAYA, ERIS, ZENSARTECH, BHARATFORG, PATANJALI, WELCORP, IPCALAB, NTPC, RAMCOCEM, ARE&M, AEGISLOG, ESCORTS, JINDALSTEL, SHYAMMETL",79,79,1381,0.8767827661115134,both,0
FALCPAT_8273,13,"PARADEEP, ABB, MOTHERSON, TATAINVEST, SIEMENS, CHOLAHLDNG, MMTC, LICI, BLS, ADANIENT, GMDCLTD, JUBLPHARMA, HBLENGINE",13,13,266,0.6334736842105264,both,0
FALCPAT_8274,38,"HINDZINC, IFCI, POONAWALLA, BHARTIHEXA, PFIZER, ITI, AUBANK, ZYDUSLIFE, GVT&D, KPIL, ANURAS, JSWINFRA, TORNTPOWER, FACT, INDIACEM, INDUSTOWER, SRF, NIACL, PRESTIGE, ASHOKLEY, ZYDUSWELL, MANAPPURAM, FIVESTAR, SYRMA, MCX, INDHOTEL, FORCEMOT, BHARATFORG, GALLANTT, IDFCFIRSTB, CGPOWER, ABFRL, COCHINSHIP, PNBHOUSING, PGEL, SUZLON, SUPREMEIND, MOTHERSON",38,38,705,0.8974326241134751,both,0
FALCPAT_8275,4,"GODFRYPHLP, PFC, INOXWIND, BSE",4,4,121,0.7023471074380166,both,0
FALCPAT_8278,76,"INDHOTEL, RADICO, KEC, FIVESTAR, BERGEPAINT, PCBL, OFSS, ANANDRATHI, ZYDUSLIFE, MAPMYINDIA, UNOMINDA, MUTHOOTFIN, CANFINHOME, INDUSTOWER, CYIENT, KARURVYSYA, NIACL, MFSL, AMBUJACEM, ERIS, IRCON, BIOCON, LALPATHLAB, APOLLOTYRE, SRF, JBCHEPHARM, SONACOMS, ZENTEC, J&KBANK, POLYCAB, KEI, LICHSGFIN, ADANIPORTS, CLEAN, STARHEALTH, CGCL, DEVYANI, SAREGAMA, BAJAJFINSV, GLENMARK",76,76,449,1.0370066815144767,both,0
FALCPAT_8286,14,"KIRLOSENG, HINDCOPPER, BSE, PRESTIGE, JKTYRE, SJVN, GODFRYPHLP, WELCORP, ENGINERSIN, GRAVITA, JWL, ZENSARTECH, RECLTD, JINDALSAW",14,14,193,0.8242124352331607,both,0
FALCPAT_8291,81,"M&M, SCHAEFFLER, AIIL, POONAWALLA, COALINDIA, PNB, GMRAIRPORT, KIMS, IDFCFIRSTB, ATUL, FSL, SHRIRAMFIN, STARHEALTH, HOMEFIRST, RADICO, CONCOR, INDUSINDBK, APOLLOHOSP, INDIANB, KARURVYSYA, CEATLTD, TIMKEN, BLUEJET, JBCHEPHARM, AFFLE, POWERGRID, BEL, IDBI, TATACHEM, ASTRAL, BLUEDART, INTELLECT, BALKRISIND, CUMMINSIND, KFINTECH, DOMS, VIJAYA, CYIENT, CHOLAHLDNG, TATAINVEST",81,81,2124,0.7418182674199625,both,0
FALCPAT_8292,44,"GMDCLTD, HINDZINC, ASHOKLEY, BHARTIHEXA, SRF, HONASA, COROMANDEL, ABFRL, SONACOMS, COFORGE, ANURAS, INDIACEM, SHRIRAMFIN, MARUTI, FORCEMOT, JINDALSTEL, POONAWALLA, ANANDRATHI, MANAPPURAM, JSWSTEEL, CHOLAFIN, BHEL, INDUSTOWER, BIOCON, SOBHA, BHARATFORG, PRESTIGE, FINCABLES, AUROPHARMA, ATUL, GABRIEL, KIMS, EXIDEIND, ERIS, FIVESTAR, CCL, CREDITACC, HAL, RBLBANK, IFCI",44,44,1269,0.7888156028368793,both,0
FALCPAT_8293,17,"NBCC, IRB, CHENNPETRO, JBMA, IRFC, SUZLON, TARIL, TECHNOE, HINDZINC, KIRLOSENG, ANANTRAJ, MRPL, FORCEMOT, INOXWIND, ANGELONE, NAVA, RPOWER",17,17,296,0.8943851351351352,both,0
FALCPAT_8312,65,"EIHOTEL, AEGISLOG, SHYAMMETL, INDHOTEL, BANKBARODA, PNBHOUSING, ULTRACEMCO, GALLANTT, BRITANNIA, TATACOMM, COHANCE, ATUL, GRASIM, J&KBANK, RADICO, NAM-INDIA, SUNDARMFIN, DLF, NHPC, IDBI, ABB, HAVELLS, TATAINVEST, EIDPARRY, NUVAMA, GRAPHITE, TEGA, WELSPUNLIV, UNOMINDA, CHOLAFIN, POWERINDIA, BHARATFORG, NAVA, CUMMINSIND, GLENMARK, VIJAYA, ADANIPORTS, FINCABLES, LTFOODS, GRANULES",65,65,914,0.8718358862144421,both,0
FALCPAT_8315,21,"BLUEJET, AIIL, KFINTECH, MARICO, EICHERMOT, PIDILITIND, SBICARD, ANURAS, MAZDOCK, HDFCBANK, GPIL, GODFRYPHLP, GODREJIND, SHYAMMETL, LLOYDSME, TATACONSUM, GRAVITA, JYOTICNC, CHAMBLFERT, ZOMATO, EIDPARRY",21,21,1128,0.647849290780142,both,0
FALCPAT_8316,17,"ARE&M, BSE, TVSMOTOR, GMDCLTD, GVT&D, TATASTEEL, BDL, NEWGEN, FACT, MOTILALOFS, COCHINSHIP, CHENNPETRO, FINCABLES, BOSCHLTD, APLAPOLLO, FIVESTAR, INOXWIND",17,17,811,0.6486424167694205,both,0
FALCPAT_8317,21,"MMTC, CARTRADE, JSL, NLCINDIA, SYRMA, ABREL, SOBHA, GMDCLTD, SIEMENS, IDEA, ADANIGREEN, BHEL, HBLENGINE, TARIL, KALYANKJIL, BSE, CUMMINSIND, RAILTEL, ACE, NAVA, ITI",21,21,324,0.8959567901234566,both,0
FALCPAT_8318,12,"HINDZINC, LINDEINDIA, VOLTAS, DIXON, HSCL, TATAINVEST, MOTHERSON, M&M, SOBHA, ANGELONE, JUBLPHARMA, ADANIENT",12,12,378,0.6151402116402117,both,0
FALCPAT_8321,16,"LT, MARICO, ICICIBANK, KOTAKBANK, RRKABEL, DRREDDY, HONASA, BHARTIHEXA, RELIANCE, LAURUSLABS, BOSCHLTD, TORNTPHARM, M&M, TATACONSUM, TATAELXSI, NUVAMA",16,16,369,0.7036070460704607,both,0
FALCPAT_8324,20,"AIIL, FACT, RVNL, KFINTECH, BHARTIHEXA, BDL, BAJAJHLDNG, BSE, NATIONALUM, LODHA, HONAUT, ANURAS, ERIS, HUDCO, GODREJIND, DOMS, WOCKPHARMA, HINDUNILVR, OLECTRA, DATAPATTNS",20,20,1266,0.6794407582938389,both,0
FALCPAT_8325,48,"IRCON, ITI, UCOBANK, TATAINVEST, AEGISLOG, GALLANTT, INDIACEM, JSL, GRSE, COHANCE, GMDCLTD, SOBHA, PFC, BDL, GSPL, SUZLON, RECLTD, OLECTRA, HINDZINC, DIXON, CENTRALBK, ANANTRAJ, GODFRYPHLP, LINDEINDIA, GVT&D, SAMMAANCAP, ANURAS, HAL, ZENTEC, MAPMYINDIA, NLCINDIA, NAVA, SOLARINDS, IOC, TORNTPOWER, GRANULES, COCHINSHIP, POWERINDIA, NIACL, PGEL",48,48,398,1.3140979899497487,both,0
FALCPAT_8326,20,"MRPL, SCI, NBCC, HINDZINC, ITI, NHPC, OIL, ABB, SOLARINDS, MAZDOCK, BSE, COCHINSHIP, TECHNOE, BANKINDIA, JBMA, BBTC, INOXWIND, GMDCLTD, JINDALSAW, GRSE",20,20,303,1.0065973597359736,both,0
FALCPAT_8332,84,"WELSPUNLIV, BLS, INTELLECT, AUROPHARMA, POONAWALLA, CHOLAHLDNG, LODHA, GABRIEL, GODFRYPHLP, CCL, PNBHOUSING, BHEL, IDBI, GRAVITA, RPOWER, ANURAS, ICICIPRULI, FACT, POLICYBZR, RITES, IIFL, NSLNISP, VOLTAS, JUBLINGREA, HOMEFIRST, ERIS, DEEPAKFERT, SHYAMMETL, ZFCVINDIA, BIKAJI, PATANJALI, LINDEINDIA, FINCABLES, MCX, POLYCAB, BDL, WHIRLPOOL, VIJAYA, COFORGE, LICHSGFIN",84,84,530,1.6057716981132077,both,0
FALCPAT_8333,23,"PPLPHARMA, GODFRYPHLP, OLECTRA, HFCL, DATAPATTNS, GVT&D, RAILTEL, JSWDULUX, PCBL, BLUEJET, UNOMINDA, RITES, IRFC, NLCINDIA, IOB, PNBHOUSING, HINDCOPPER, IRCON, KFINTECH, JKTYRE, GMDCLTD, SAREGAMA, ENGINERSIN",23,23,212,1.2927122641509434,both,0
FALCPAT_8334,28,"IRB, WOCKPHARMA, MEDANTA, GRAVITA, HSCL, PRESTIGE, LLOYDSME, BANKINDIA, MOTILALOFS, NBCC, NSLNISP, BALRAMCHIN, ELECON, PGEL, INOXWIND, GRANULES, NHPC, HBLENGINE, MRPL, SWANCORP, LTTS, AEGISLOG, HINDCOPPER, GPIL, NEULANDLAB, PPLPHARMA, POLYMED, MAZDOCK",28,28,214,1.1077850467289718,both,0
FALCPAT_8335,14,"TEGA, CEMPRO, ENGINERSIN, TARIL, PCBL, NHPC, RPOWER, IRFC, TITAGARH, NBCC, LLOYDSME, SJVN, GLAXO, NAVA",14,14,89,1.2809662921348313,both,0
FALCPAT_8337,12,"HONAUT, CONCORDBIO, NESTLEIND, ULTRACEMCO, ABB, COCHINSHIP, ITI, AIIL, M&M, PIDILITIND, PAGEIND, RVNL",12,12,550,0.6137181818181818,both,0
FALCPAT_8347,113,"JUBLPHARMA, IRFC, POONAWALLA, KPIL, WOCKPHARMA, PATANJALI, WELSPUNLIV, PGEL, MRPL, J&KBANK, HBLENGINE, CUMMINSIND, BANKINDIA, TITAGARH, ELGIEQUIP, ICICIPRULI, OLECTRA, MAHABANK, LODHA, IRCON, SJVN, SAIL, CYIENT, SHYAMMETL, IDFCFIRSTB, VOLTAS, LTFOODS, INDUSTOWER, VBL, GABRIEL, HINDCOPPER, MCX, IRB, ITI, GRAVITA, RVNL, NATIONALUM, DLF, BANKBARODA, BLS",113,113,780,1.6143076923076924,both,0
FALCPAT_8348,81,"ACE, NLCINDIA, GABRIEL, IFCI, SONATSOFTW, GODFRYPHLP, ITI, JSL, CESC, HINDCOPPER, NIACL, JINDALSAW, SJVN, JUBLPHARMA, KPITTECH, GRANULES, FSL, SOBHA, GILLETTE, IDBI, SAIL, HFCL, CHALET, TORNTPOWER, AMBUJACEM, SUPREMEIND, RPOWER, LINDEINDIA, BANKBARODA, CREDITACC, TEJASNET, GVT&D, WELSPUNLIV, SARDAEN, GODREJPROP, CARTRADE, KAYNES, JPPOWER, PPLPHARMA, BBTC",81,81,433,1.529461893764434,both,0
FALCPAT_8349,51,"ERIS, ADANIENT, FACT, LODHA, ANURAS, KARURVYSYA, POLICYBZR, CREDITACC, CHAMBLFERT, TRITURBINE, RITES, IDBI, POONAWALLA, IIFL, APARINDS, BIKAJI, SOBHA, HOMEFIRST, TEGA, GUJGASLTD, ZENSARTECH, BLS, FIVESTAR, ATGL, JSWENERGY, FLUOROCHEM, RHIM, TARIL, INDIACEM, NAVINFLUOR, LAURUSLABS, ADANIGREEN, GPIL, DEVYANI, SYRMA, PGEL, SAMMAANCAP, CESC, RKFORGE, SHYAMMETL",51,51,293,1.451136518771331,both,0
FALCPAT_8354,27,"MMTC, GABRIEL, NIACL, AEGISLOG, IFCI, GMDCLTD, COCHINSHIP, RVNL, SOBHA, SUZLON, ANANDRATHI, CHENNPETRO, GVT&D, POWERINDIA, TARIL, HSCL, TATAINVEST, HUDCO, OLECTRA, CARTRADE, SIEMENS, ANGELONE, MOTHERSON, PCBL, OIL, FACT, ABB",27,27,660,1.086087878787879,both,0
FALCPAT_8355,3,"MRPL, TORNTPOWER, BSE",3,3,147,0.5506122448979591,both,0
FALCPAT_8359,18,"LALPATHLAB, JUBLINGREA, JSWDULUX, SUMICHEM, TORNTPHARM, TIINDIA, UNOMINDA, TATACONSUM, CONCOR, SCI, ELECON, WHIRLPOOL, APLAPOLLO, HOMEFIRST, EICHERMOT, GVT&D, CHENNPETRO, KAJARIACER",18,18,421,0.7879192399049881,both,0
FALCPAT_8361,86,"VIJAYA, JUBLPHARMA, BANKBARODA, IDFCFIRSTB, FLUOROCHEM, MAZDOCK, NAVA, PATANJALI, GODFRYPHLP, DEEPAKNTR, SHYAMMETL, IPCALAB, SARDAEN, APLAPOLLO, ERIS, DALBHARAT, ABSLAMC, ACUTAAS, ZENSARTECH, BPCL, DRREDDY, ENDURANCE, BALRAMCHIN, COHANCE, FINCABLES, M&MFIN, RHIM, POLICYBZR, RAMCOCEM, BLS, SBICARD, AEGISLOG, EIDPARRY, BBTC, INDUSINDBK, GRANULES, OFSS, PCBL, LTFOODS, RAINBOW",86,86,800,1.0522275,both,0
FALCPAT_8364,81,"RAMCOCEM, AIIL, GRASIM, ERIS, TATACHEM, IRCON, OBEROIRLTY, ANURAS, SIGNATURE, RITES, NATCOPHARM, RVNL, FACT, TATAELXSI, CHOLAHLDNG, JSWSTEEL, LODHA, STARHEALTH, ZYDUSLIFE, BOSCHLTD, HAVELLS, ATUL, WOCKPHARMA, BHARTIARTL, DOMS, TATACOMM, RBLBANK, GODREJIND, NATIONALUM, POLICYBZR, BATAINDIA, KFINTECH, TIMKEN, M&M, KIMS, INTELLECT, NLCINDIA, OFSS, MARICO, GODFRYPHLP",81,81,1901,0.8215886375591793,both,0
FALCPAT_8365,55,"IOB, UCOBANK, AEGISLOG, GALLANTT, TATAINVEST, CENTRALBK, OIL, GMDCLTD, ITI, TARIL, ZENTEC, JINDALSAW, DIXON, OLECTRA, KAYNES, WELCORP, IRCON, GRANULES, SOBHA, PGEL, GSPL, SAMMAANCAP, NATIONALUM, KIRLOSENG, TECHNOE, LTFOODS, GABRIEL, ANANTRAJ, WOCKPHARMA, GODFRYPHLP, SARDAEN, COHANCE, MAHABANK, RECLTD, COCHINSHIP, SWANCORP, NAVA, INDIACEM, BDL, PRESTIGE",55,55,464,1.3126487068965513,both,0
FALCPAT_8366,19,"NBCC, MRPL, SCI, NHPC, MMTC, OIL, ITI, ANANDRATHI, TECHNOE, ABB, HINDZINC, MOTILALOFS, GRAVITA, PRESTIGE, MAZDOCK, GRSE, FORCEMOT, BSE, INOXWIND",19,19,264,1.0066742424242425,both,0
FALCPAT_8369,56,"GILLETTE, PETRONET, CUMMINSIND, FSL, LAURUSLABS, SUNTV, ANURAS, UBL, JYOTICNC, ASIANPAINT, PHOENIXLTD, KARURVYSYA, JBCHEPHARM, BAYERCROP, ANANDRATHI, ZYDUSLIFE, VBL, HDFCAMC, MAXHEALTH, M&M, DOMS, PFC, ERIS, ACUTAAS, AJANTPHARM, JIOFIN, BSE, SCHAEFFLER, TARIL, APLAPOLLO, TVSMOTOR, BERGEPAINT, BEL, MINDACORP, NEWGEN, ANANTRAJ, IRCON, BIKAJI, RADICO, KIMS",56,56,1343,0.7024951600893522,both,0
FALCPAT_8370,36,"BALKRISIND, MOTHERSON, CCL, MUTHOOTFIN, INDIAMART, COROMANDEL, LTF, AARTIIND, KAJARIACER, JYOTICNC, DEEPAKNTR, MGL, SIEMENS, HDFCAMC, JINDALSTEL, CUB, PATANJALI, ASHOKLEY, STARHEALTH, CUMMINSIND, NAVINFLUOR, MMTC, SHRIRAMFIN, HONAUT, GODREJPROP, IDFCFIRSTB, CONCORDBIO, HONASA, CHOLAFIN, JMFINANCIL, PGEL, MANAPPURAM, HINDPETRO, RADICO, BLS, SHYAMMETL",36,36,692,0.7653092485549133,both,0
FALCPAT_8371,101,"RADICO, JUBLPHARMA, IDFCFIRSTB, PPLPHARMA, KPRMILL, TEGA, ATUL, CARTRADE, PFIZER, NATIONALUM, ACUTAAS, LODHA, HINDCOPPER, NHPC, MCDOWELL-N, AJANTPHARM, REDINGTON, POLICYBZR, ADANIPOWER, CYIENT, GLENMARK, NAVA, GRASIM, PRESTIGE, GRSE, OFSS, FINCABLES, WELCORP, BAYERCROP, FORTIS, TVSMOTOR, ENGINERSIN, DLF, PGEL, SAREGAMA, VBL, ANURAS, DEEPAKNTR, SJVN, USHAMART",101,101,1600,0.9194825,both,0
FALCPAT_8372,34,"WOCKPHARMA, TARIL, IRFC, IRCON, HUDCO, RAILTEL, OLECTRA, JBMA, RECLTD, ARE&M, GALLANTT, NLCINDIA, ITI, PRESTIGE, ENGINERSIN, NETWEB, SARDAEN, IDEA, ZENTEC, ACE, INOXWIND, ANANDRATHI, BDL, CEMPRO, POLICYBZR, MAZDOCK, KALYANKJIL, JSL, CARTRADE, HAL, NBCC, IFCI, IOC, PGEL",34,34,213,1.3247793427230046,both,0
FALCPAT_8373,103,"JSWSTEEL, REDINGTON, RAMCOCEM, DRREDDY, IPCALAB, GODREJIND, CASTROLIND, INTELLECT, UPL, CCL, JINDALSTEL, DALBHARAT, LLOYDSME, LALPATHLAB, KAYNES, ACUTAAS, KALYANKJIL, STARHEALTH, GLAXO, CANFINHOME, WOCKPHARMA, ZENTEC, BANKBARODA, APARINDS, ZFCVINDIA, APOLLOHOSP, NUVAMA, ENDURANCE, JSWINFRA, SHYAMMETL, NAVINFLUOR, POONAWALLA, CUB, DLF, MANAPPURAM, KIRLOSENG, AAVAS, CHALET, ZYDUSWELL, SUPREMEIND",103,103,1613,0.9971587104773711,both,0
FALCPAT_8375,25,"EIHOTEL, ADANIGREEN, MMTC, CEMPRO, GODFRYPHLP, HBLENGINE, COHANCE, FINCABLES, ITI, WOCKPHARMA, RITES, GRAVITA, TECHNOE, GVT&D, USHAMART, SUZLON, GABRIEL, OLECTRA, APARINDS, FSL, NEULANDLAB, LTFOODS, SWANCORP, SJVN, TARIL",25,25,233,1.2276223175965666,both,0
FALCPAT_8376,41,"BHEL, KIRLOSENG, ITI, SAMMAANCAP, WELCORP, SOLARINDS, DIXON, GRSE, SCHAEFFLER, COCHINSHIP, JBMA, OLECTRA, CYIENT, POWERINDIA, MAZDOCK, OIL, SJVN, SOBHA, JINDALSAW, VEDL, CDSL, ANANDRATHI, PGEL, CENTRALBK, TORNTPOWER, NCC, ACE, PARADEEP, INOXWIND, HFCL, SYRMA, TARIL, ZENTEC, INDIACEM, KAYNES, ABREL, GMDCLTD, GRAVITA, ADANIPOWER, ARE&M",41,41,345,1.217342028985507,both,0
FALCPAT_8377,46,"IOB, ATGL, GALLANTT, JUBLPHARMA, BLUEJET, GSPL, MRPL, JMFINANCIL, AEGISLOG, CHOLAHLDNG, TECHNOE, NIACL, IFCI, ANANTRAJ, POLYCAB, CENTRALBK, GRANULES, ITI, BSE, LTFOODS, SAMMAANCAP, M&M, JSL, MMTC, NATIONALUM, BDL, WOCKPHARMA, KIRLOSENG, OIL, ABB, WELCORP, TARIL, ADANIPORTS, PRESTIGE, GRAVITA, MAHABANK, NEULANDLAB, JWL, RVNL, SWANCORP",46,46,520,1.1595096153846154,both,0
FALCPAT_8378,79,"PGEL, ITI, SUZLON, GRAVITA, HFCL, VIJAYA, HSCL, ACE, RHIM, CAPLIPOINT, FSL, INDUSTOWER, HBLENGINE, GMDCLTD, ANGELONE, SARDAEN, GRSE, TARIL, CEMPRO, BANDHANBNK, BHEL, INOXWIND, GODFRYPHLP, ETERNAL, ZOMATO, MMTC, CREDITACC, COCHINSHIP, ADANIPOWER, DEEPAKNTR, BIKAJI, CARTRADE, POLICYBZR, DELHIVERY, KEI, IRCTC, IFCI, WOCKPHARMA, SAIL, CYIENT",79,79,526,1.630058935361217,both,0
FALCPAT_8381,55,"SOBHA, THERMAX, HUDCO, JINDALSTEL, IFCI, HINDCOPPER, RKFORGE, KIMS, APTUS, MANAPPURAM, GSPL, NYKAA, GLAXO, JSL, ETERNAL, CDSL, CEMPRO, ANURAS, GODREJIND, GRAPHITE, LINDEINDIA, RAILTEL, ATGL, CREDITACC, NAM-INDIA, MRPL, HFCL, JUBLINGREA, REDINGTON, SOLARINDS, GILLETTE, TATAINVEST, AIIL, BDL, MOTILALOFS, CASTROLIND, JBMA, TARIL, MAHABANK, GESHIP",55,55,792,0.9241780303030303,both,0
FALCPAT_8384,21,"JPPOWER, LLOYDSME, WELCORP, GUJGASLTD, ADANIENSOL, RBLBANK, BBTC, AUROPHARMA, ABCAPITAL, INTELLECT, JMFINANCIL, IOB, USHAMART, FINCABLES, HINDCOPPER, SHRIRAMFIN, JUBLINGREA, IDFCFIRSTB, GICRE, GODFRYPHLP, GSPL",21,21,89,1.1177078651685393,both,0
FALCPAT_8386,15,"PARADEEP, SOLARINDS, BBTC, MAZDOCK, GRSE, MOTILALOFS, DATAPATTNS, PAYTM, LTFOODS, PCBL, ENGINERSIN, ITI, HUDCO, NBCC, JSL",15,15,226,0.7370619469026548,both,0
FALCPAT_8397,122,"JUBLPHARMA, PPLPHARMA, DOMS, ACUTAAS, BIKAJI, NAVA, M&M, SHYAMMETL, USHAMART, VTL, PFC, WELCORP, HDFCLIFE, MAZDOCK, LLOYDSME, ECLERX, AJANTPHARM, VIJAYA, GRAVITA, OIL, LEMONTREE, INOXWIND, MAXHEALTH, BERGEPAINT, SAREGAMA, MRPL, INDIGO, ACE, MFSL, KEI, AFFLE, POLYMED, CAPLIPOINT, UNIONBANK, PERSISTENT, EIHOTEL, REDINGTON, ERIS, SAPPHIRE, SJVN",122,122,1635,1.012092354740061,both,0
FALCPAT_8402,28,"SWANCORP, IFCI, JINDALSAW, JBMA, ANURAS, HEROMOTOCO, SOLARINDS, FACT, HBLENGINE, AFFLE, ZFCVINDIA, LUPIN, HONASA, LODHA, TITAGARH, PPLPHARMA, IRCON, ICICIPRULI, APLAPOLLO, PCBL, BPCL, GABRIEL, HEG, RAILTEL, SOBHA, TARIL, COHANCE, NIACL",28,28,332,0.8761807228915659,both,0
FALCPAT_8403,55,"KPIL, DATAPATTNS, JYOTICNC, RBLBANK, DIXON, KEI, NEULANDLAB, 360ONE, CASTROLIND, GILLETTE, TIMKEN, ENDURANCE, SOBHA, JUBLPHARMA, GPIL, PARADEEP, WOCKPHARMA, CANFINHOME, ACE, SUMICHEM, BSE, GVT&D, GODFRYPHLP, ADANIGREEN, KALYANKJIL, PCBL, PTCIL, GRAPHITE, ADANIPORTS, EIDPARRY, KPITTECH, RRKABEL, JINDALSAW, GLAXO, NLCINDIA, MANAPPURAM, JSL, REDINGTON, TARIL, TECHNOE",55,55,648,0.9393966049382714,both,0
FALCPAT_8404,62,"CUMMINSIND, POONAWALLA, MUTHOOTFIN, GODREJCP, SRF, ICICIPRULI, APLAPOLLO, CHAMBLFERT, IPCALAB, NUVOCO, ARE&M, COROMANDEL, TECHM, CHOLAFIN, LTF, M&M, SHRIRAMFIN, SONACOMS, INDIANB, CREDITACC, JBCHEPHARM, JSL, ABSLAMC, KIMS, ATUL, GABRIEL, INDIACEM, CYIENT, INDUSINDBK, INDUSTOWER, REDINGTON, AUBANK, BALRAMCHIN, TATAINVEST, LINDEINDIA, GMRAIRPORT, JUBLPHARMA, CESC, POLYMED, GLAXO",62,62,2065,0.7278004842615011,both,0
FALCPAT_8405,50,"COLPAL, JSWINFRA, HINDUNILVR, DOMS, FIVESTAR, ANURAS, BSE, ITI, CAMS, ZFCVINDIA, VIJAYA, ECLERX, UBL, PIIND, WIPRO, BDL, JINDALSAW, ICICIBANK, ABB, BAJAJHLDNG, ZOMATO, VBL, ABBOTINDIA, CHENNPETRO, SPLPETRO, LINDEINDIA, COCHINSHIP, CHALET, PRESTIGE, ASHOKLEY, CHOICEIN, EMAMILTD, FSL, KFINTECH, KIMS, ACE, RAILTEL, BLUEJET, HUDCO, MGL",50,50,1309,0.7069824293353706,both,0
FALCPAT_8406,94,"RAMCOCEM, ERIS, NATCOPHARM, TATACHEM, DALBHARAT, GODREJIND, BLUEJET, ZFCVINDIA, ANURAS, TATAELXSI, SRF, GRASIM, LALPATHLAB, DEVYANI, CASTROLIND, LODHA, ZYDUSLIFE, ENDURANCE, MARICO, WOCKPHARMA, OBEROIRLTY, ATUL, SIGNATURE, ALKEM, GODFRYPHLP, OFSS, APOLLOHOSP, GPIL, JINDALSTEL, BIOCON, STARHEALTH, MINDACORP, GLAXO, SUNTV, SONATSOFTW, KAYNES, CHAMBLFERT, MSUMI, AAVAS, UPL",94,94,1311,0.9845102974828377,both,0
FALCPAT_8407,83,"RVNL, EMAMILTD, RBLBANK, RITES, FACT, JKTYRE, AIIL, LICHSGFIN, M&MFIN, FLUOROCHEM, IRCON, TATASTEEL, HINDALCO, BAJFINANCE, IGL, MGL, BEML, OBEROIRLTY, CHOLAHLDNG, DABUR, PCBL, HINDZINC, NEULANDLAB, IFCI, IDFCFIRSTB, DIVISLAB, RAILTEL, ENGINERSIN, MANKIND, ACC, MRPL, SBILIFE, NATIONALUM, JUBLPHARMA, OLECTRA, CEATLTD, RRKABEL, GRSE, BHARTIARTL, AIAENG",83,83,972,0.9948106995884773,both,0
FALCPAT_8408,46,"JSWENERGY, ITI, CENTRALBK, GSPL, NHPC, WELCORP, BIKAJI, CANBK, IOB, MOTHERSON, JUBLPHARMA, OIL, GRANULES, INDIACEM, FLUOROCHEM, SCHAEFFLER, SUPREMEIND, ZENTEC, CUMMINSIND, ABREL, TARIL, ANANTRAJ, ERIS, MAPMYINDIA, SAMMAANCAP, CARBORUNIV, JINDALSAW, BEL, TECHNOE, SOBHA, NIACL, ACE, OLECTRA, M&M, MRPL, GRAVITA, UCOBANK, CARTRADE, INOXWIND, GRSE",46,46,701,0.9720299572039942,both,0
FALCPAT_8411,78,"GILLETTE, TATACHEM, SAPPHIRE, VIJAYA, MAZDOCK, ABBOTINDIA, RAINBOW, LAURUSLABS, DCMSHRIRAM, AJANTPHARM, CHOLAFIN, TATAELXSI, JUBLINGREA, SOLARINDS, CAPLIPOINT, ACE, SHRIRAMFIN, BIOCON, TATAPOWER, ANANDRATHI, BLS, AEGISLOG, ZOMATO, PARADEEP, LODHA, CLEAN, ZENSARTECH, AMBER, JSL, GRANULES, TITAN, PHOENIXLTD, BERGEPAINT, POONAWALLA, EIHOTEL, NLCINDIA, INDUSTOWER, GAIL, POLICYBZR, POLYCAB",78,78,2390,0.8166267782426778,both,0
FALCPAT_8414,80,"ERIS, IDBI, VBL, NCC, CYIENT, NATIONALUM, RITES, IRCON, PGEL, LICI, ZYDUSLIFE, KFINTECH, ACE, SJVN, PARADEEP, SAIL, MAHABANK, GODREJPROP, JSL, MMTC, ENGINERSIN, PETRONET, TATAPOWER, JUBLPHARMA, HINDCOPPER, UTIAMC, BEML, BHEL, KIRLOSENG, LODHA, BDL, BANKBARODA, GESHIP, SARDAEN, BBTC, ASAHIINDIA, CUMMINSIND, GRAPHITE, USHAMART, ETERNAL",80,80,782,1.1515051150895141,both,0
FALCPAT_8415,43,"OLECTRA, HSCL, GODFRYPHLP, MGL, HUDCO, MMTC, YESBANK, BEML, HBLENGINE, IRB, ATGL, CAPLIPOINT, NSLNISP, IFCI, TARIL, BPCL, NBCC, BEL, TITAGARH, MAHABANK, IOC, HFCL, SUNTV, SIEMENS, ACUTAAS, CUMMINSIND, ERIS, CHALET, OIL, FORTIS, CREDITACC, CHOLAHLDNG, IDBI, ASTERDM, PPLPHARMA, JUBLPHARMA, GMRAIRPORT, SONACOMS, JUBLINGREA, NEULANDLAB",43,43,630,0.952952380952381,both,0
FALCPAT_8416,9,"MUTHOOTFIN, POWERGRID, MPHASIS, BALKRISIND, LICHSGFIN, MARUTI, KAJARIACER, DIXON, GMDCLTD",9,9,211,0.6542037914691942,both,0
FALCPAT_8421,10,"COROMANDEL, INDIACEM, INDUSTOWER, OFSS, GODREJIND, CYIENT, CANBK, SOBHA, ANURAS, PAYTM",10,10,284,0.6858345070422537,both,0
FALCPAT_8422,76,"WELSPUNLIV, HINDALCO, NCC, BSE, CUMMINSIND, JBMA, BIKAJI, FINCABLES, GMDCLTD, AMBUJACEM, COHANCE, ARE&M, GABRIEL, HINDZINC, GILLETTE, MRPL, TATACHEM, GRSE, INDUSTOWER, ABREL, ATGL, ABFRL, ACE, OIL, TARIL, LODHA, TEGA, EXIDEIND, APARINDS, UCOBANK, CARTRADE, PRESTIGE, AMBER, ASHOKLEY, KEI, ACUTAAS, BDL, GALLANTT, SUPREMEIND, PCBL",76,76,735,1.4051578231292516,both,0
FALCPAT_8425,66,"POONAWALLA, SHRIRAMFIN, GMRAIRPORT, KARURVYSYA, TIMKEN, CREDITACC, ATUL, INDUSTOWER, GABRIEL, SONACOMS, NUVAMA, IPCALAB, CESC, APLAPOLLO, REDINGTON, TBOTEK, FSL, PNB, LTFOODS, M&M, KIMS, APOLLOHOSP, LAURUSLABS, POWERGRID, GAIL, POLICYBZR, ESCORTS, PATANJALI, AFFLE, LTF, LLOYDSME, JUBLPHARMA, ABSLAMC, VBL, GVT&D, BALRAMCHIN, GRAPHITE, DOMS, AEGISLOG, ADANIPORTS",66,66,1435,0.8718390243902439,both,0
FALCPAT_8427,49,"MINDACORP, SCHAEFFLER, CCL, CHOLAFIN, COROMANDEL, ADANIGREEN, HINDPETRO, SAREGAMA, AJANTPHARM, LINDEINDIA, ZFCVINDIA, EXIDEIND, ABFRL, FINCABLES, NETWEB, CRAFTSMAN, HAL, BBTC, TRIDENT, NCC, EIHOTEL, PPLPHARMA, GABRIEL, PARADEEP, RRKABEL, INDIANB, RADICO, COHANCE, ENGINERSIN, CHAMBLFERT, ONGC, BHARTIHEXA, SUPREMEIND, FORCEMOT, RECLTD, GODREJIND, WHIRLPOOL, ANGELONE, ATUL, PFC",49,49,770,0.8557051948051948,both,0
FALCPAT_8428,59,"EIDPARRY, BLUEDART, PVRINOX, STARHEALTH, HUDCO, AUBANK, HINDZINC, BSE, INDIACEM, BDL, JSWINFRA, GODREJIND, ANANDRATHI, TVSMOTOR, SCHAEFFLER, ATUL, AJANTPHARM, VBL, JSWDULUX, JYOTICNC, VIJAYA, ICICIPRULI, SHRIRAMFIN, CDSL, NYKAA, VOLTAS, LAURUSLABS, TATAINVEST, OBEROIRLTY, MMTC, PFC, UNOMINDA, ASHOKLEY, COROMANDEL, MCX, NAM-INDIA, TECHNOE, JBCHEPHARM, OLECTRA, RAINBOW",59,59,1472,0.7662445652173914,both,0
FALCPAT_8429,84,"POONAWALLA, GODREJIND, CHOLAHLDNG, DEEPAKNTR, AIIL, INDHOTEL, ANURAS, STARHEALTH, MEDANTA, INTELLECT, UCOBANK, MAXHEALTH, JSL, SONATSOFTW, SOLARINDS, VTL, JINDALSTEL, IGL, SONACOMS, ATUL, SPLPETRO, CENTRALBK, KIMS, BANKBARODA, UTIAMC, SOBHA, POLICYBZR, BEL, KIRLOSENG, FACT, GLAXO, CUMMINSIND, MINDACORP, MCX, ACUTAAS, SHYAMMETL, SCHAEFFLER, NHPC, DOMS, CHAMBLFERT",84,84,1612,0.8314925558312655,both,0
FALCPAT_8430,16,"INDIACEM, INDUSTOWER, MCX, INTELLECT, CARTRADE, KIRLOSENG, HEG, GRSE, MANAPPURAM, GMDCLTD, HSCL, ITI, ADANIENT, MAZDOCK, COCHINSHIP, TORNTPOWER",16,16,389,0.7123496143958868,both,0
FALCPAT_8445,77,"NAVA, GODREJIND, FSL, NUVAMA, ZENSARTECH, JSWINFRA, JSWSTEEL, MAXHEALTH, SUNDARMFIN, JUBLPHARMA, IPCALAB, TVSMOTOR, KFINTECH, RADICO, BAJAJHLDNG, CAPLIPOINT, ECLERX, BIKAJI, ANANDRATHI, CHALET, KPIL, CEMPRO, VIJAYA, MINDACORP, NETWEB, JSWDULUX, AXISBANK, NEULANDLAB, BPCL, LTFOODS, APTUS, ASHOKLEY, TECHNOE, HAL, NCC, SBILIFE, BEL, COROMANDEL, EIDPARRY, HEG",77,77,1814,0.8730859977949283,both,0
FALCPAT_8448,82,"ADANIPORTS, BIKAJI, ABFRL, MOTHERSON, COFORGE, RECLTD, DEEPAKNTR, CYIENT, BANKBARODA, GESHIP, HINDCOPPER, WELSPUNLIV, GILLETTE, COHANCE, GODFRYPHLP, EIDPARRY, NLCINDIA, ADANIENT, OFSS, ZENSARTECH, JSL, CESC, ELGIEQUIP, LODHA, GABRIEL, CANBK, CHAMBLFERT, GLAXO, INDIACEM, VBL, TEGA, POWERGRID, LTFOODS, UCOBANK, NMDC, CONCORDBIO, INTELLECT, HINDZINC, ZFCVINDIA, FORCEMOT",82,82,1089,1.0838089990817263,both,0
FALCPAT_8449,112,"INTELLECT, DEEPAKFERT, JSWENERGY, SOLARINDS, SAIL, EXIDEIND, ANANTRAJ, ERIS, GMRAIRPORT, ZENSARTECH, NAVINFLUOR, NAUKRI, IDFCFIRSTB, POONAWALLA, SHYAMMETL, ECLERX, TITAGARH, CUMMINSIND, JSL, LICHSGFIN, CHALET, WELSPUNLIV, CHAMBLFERT, JUBLPHARMA, TATASTEEL, ABCAPITAL, BHARTIARTL, PATANJALI, ANURAS, CASTROLIND, DALBHARAT, KPIL, TATACOMM, SBILIFE, GRANULES, CARTRADE, NAVA, CAPLIPOINT, NYKAA, ZENTEC",112,112,793,1.2134892812105926,both,0
FALCPAT_8450,65,"ERIS, GSPL, GILLETTE, TATACHEM, CCL, IOB, RVNL, FLUOROCHEM, GALLANTT, 3MINDIA, AUBANK, WOCKPHARMA, ITI, INDUSINDBK, RBLBANK, RHIM, BDL, GAIL, CASTROLIND, CONCORDBIO, ANURAS, LAURUSLABS, CARTRADE, GPIL, HEG, DOMS, IRFC, NUVAMA, IRCON, BSE, CANBK, TARIL, FINCABLES, IDFCFIRSTB, GMDCLTD, EXIDEIND, POONAWALLA, CENTRALBK, MINDACORP, PFIZER",65,65,900,1.0658900000000002,both,0
FALCPAT_8451,41,"COCHINSHIP, JINDALSAW, POLYMED, TTML, JKCEMENT, GALLANTT, PTCIL, TECHNOE, DCMSHRIRAM, KIRLOSENG, RVNL, PGEL, GRSE, FORCEMOT, ADANIENSOL, BRITANNIA, BOSCHLTD, GPIL, MOTILALOFS, POWERINDIA, BIKAJI, MANKIND, GODREJIND, HBLENGINE, HDFCAMC, VIJAYA, CHOICEIN, MMTC, ABSLAMC, LODHA, ABREL, IRFC, MRF, GRAVITA, ZFCVINDIA, MAXHEALTH, SHYAMMETL, ASTERDM, CGCL, KPIL",41,41,658,0.8920091185410335,both,0
FALCPAT_8453,66,"IPCALAB, ATUL, SUNTV, LAURUSLABS, TATATECH, JBCHEPHARM, UBL, INDUSINDBK, MARUTI, DOMS, POWERGRID, M&M, EXIDEIND, JSWSTEEL, ONGC, COROMANDEL, JSL, ASHOKLEY, BSE, SHYAMMETL, ELGIEQUIP, CONCOR, KAJARIACER, BERGEPAINT, SHRIRAMFIN, NMDC, AARTIIND, GLAXO, INDIACEM, BSOFT, ARE&M, HINDZINC, ADANIPORTS, DEEPAKNTR, AUBANK, LICHSGFIN, MCDOWELL-N, UNITDSPR, POONAWALLA, MGL",66,66,2088,0.7678247126436782,both,0
FALCPAT_8454,75,"CAPLIPOINT, ZENSARTECH, TECHNOE, PNBHOUSING, TATAELXSI, SOLARINDS, ECLERX, NAM-INDIA, CHOLAFIN, SUNDARMFIN, GRAVITA, ANURAS, POLYMED, SBILIFE, ULTRACEMCO, APARINDS, POWERGRID, GAIL, SRF, GABRIEL, UNOMINDA, SAPPHIRE, CRAFTSMAN, LTM, KALYANKJIL, INDIANB, ZYDUSLIFE, GILLETTE, ZOMATO, ACUTAAS, EIDPARRY, AJANTPHARM, LAURUSLABS, JMFINANCIL, M&MFIN, RAINBOW, TVSMOTOR, UBL, KAJARIACER, GODFRYPHLP",75,75,976,0.9791885245901638,both,0
FALCPAT_8455,121,"LLOYDSME, GODREJIND, BSE, BIKAJI, NLCINDIA, PHOENIXLTD, DOMS, ZOMATO, JSWINFRA, WELCORP, HINDPETRO, COHANCE, LODHA, IREDA, AEGISLOG, IDFCFIRSTB, AMBER, JUBLINGREA, MAZDOCK, EXIDEIND, GLENMARK, PARADEEP, ENDURANCE, KFINTECH, USHAMART, KIRLOSENG, PFC, SUNDARMFIN, SPLPETRO, CARBORUNIV, BHEL, PRESTIGE, EIHOTEL, BDL, ASAHIINDIA, GPIL, POONAWALLA, VIJAYA, UNOMINDA, BANKINDIA",121,121,1147,1.1166285963382738,both,0
FALCPAT_8456,41,"FACT, ZYDUSWELL, ERIS, AIIL, PCBL, LTTS, KFINTECH, ITI, UCOBANK, KIMS, GRAVITA, UPL, IFCI, BDL, NATCOPHARM, RVNL, SJVN, ARE&M, ATUL, BEML, YESBANK, ALKEM, STARHEALTH, ANURAS, BSE, GVT&D, MSUMI, TITAGARH, RITES, UBL, NEULANDLAB, OLECTRA, IRCON, CONCORDBIO, BLUEJET, GMDCLTD, WHIRLPOOL, ANGELONE, MOTILALOFS, JSWINFRA",41,41,1447,0.7761257774706288,both,0
FALCPAT_8457,19,"HINDZINC, ITI, MRPL, BEL, COCHINSHIP, 360ONE, DIXON, MOTHERSON, BEML, PAYTM, AEGISLOG, TRENT, KFINTECH, OFSS, MAZDOCK, ANGELONE, SIEMENS, OIL, GRSE",19,19,370,0.8828945945945946,both,0
FALCPAT_8459,81,"NUVAMA, GRAVITA, AEGISLOG, KFINTECH, DCMSHRIRAM, BIKAJI, GPIL, GRSE, JUBLPHARMA, CHAMBLFERT, HUDCO, JBCHEPHARM, KAYNES, JSWINFRA, PETRONET, SUZLON, CHALET, TECHNOE, EIDPARRY, NEWGEN, NETWEB, TATAINVEST, GODFRYPHLP, JSWSTEEL, HSCL, ECLERX, GODREJIND, DABUR, CGPOWER, ASHOKLEY, PCBL, SAREGAMA, TEGA, PIIND, ZENTEC, NBCC, BALRAMCHIN, JWL, APOLLOHOSP, SCI",81,81,1756,0.8489874715261958,both,0
FALCPAT_8462,76,"CCL, SAIL, GODFRYPHLP, AUROPHARMA, TATACHEM, INTELLECT, ANURAS, TATACOMM, ERIS, CASTROLIND, BANKBARODA, TVSMOTOR, AUBANK, GILLETTE, POLICYBZR, LODHA, BLS, IDBI, GODREJIND, BBTC, LAURUSLABS, BSOFT, PATANJALI, CANBK, OFSS, SBILIFE, POONAWALLA, MEDANTA, DEEPAKNTR, BIKAJI, GRANULES, NH, SHYAMMETL, LT, WELCORP, DOMS, ENDURANCE, JUBLPHARMA, INDUSINDBK, MUTHOOTFIN",76,76,733,1.2203833560709414,both,0
FALCPAT_8463,95,"EXIDEIND, ZENSARTECH, IDFCFIRSTB, IEX, CONCORDBIO, CHALET, CHOLAHLDNG, NAUKRI, NIACL, PHOENIXLTD, GESHIP, RECLTD, TEGA, GPIL, ERIS, MOTHERSON, BHARTIARTL, PFIZER, BIOCON, LICHSGFIN, JUBLPHARMA, VOLTAS, KARURVYSYA, RITES, CHAMBLFERT, POWERGRID, LTFOODS, BHARATFORG, JSL, INDIACEM, NAVINFLUOR, ONGC, UNIONBANK, ZEEL, GLAXO, TATAPOWER, BANKBARODA, LAURUSLABS, FLUOROCHEM, GAIL",95,95,1099,1.0242602365787081,both,0
FALCPAT_8464,80,"WOCKPHARMA, GSPL, ATGL, RVNL, GALLANTT, UCOBANK, IOB, FINCABLES, ABREL, AMBUJACEM, ABCAPITAL, 3MINDIA, COHANCE, GILLETTE, JSWENERGY, ITI, MRPL, TRENT, ADANIGREEN, HINDCOPPER, SAMMAANCAP, SYRMA, IIFL, BSE, RBLBANK, FORCEMOT, CREDITACC, HINDALCO, RECLTD, MAXHEALTH, ERIS, INDIACEM, CASTROLIND, TIMKEN, BIKAJI, HINDZINC, CHOLAHLDNG, CONCOR, OIL, TECHNOE",80,80,749,1.40160347129506,both,0
FALCPAT_8469,60,"PATANJALI, KARURVYSYA, ASHOKLEY, AIIL, ABFRL, CREDITACC, BHARATFORG, BIOCON, ONGC, INDIACEM, LICI, CHOLAFIN, EIDPARRY, GMRAIRPORT, POWERGRID, ADANIGREEN, HAL, OLECTRA, OFSS, GODREJPROP, BEL, LLOYDSME, PNB, ARE&M, HINDCOPPER, CYIENT, ANURAS, ADANIENT, GABRIEL, INDUSTOWER, BHEL, COROMANDEL, RECLTD, CUMMINSIND, FORTIS, DELHIVERY, REDINGTON, PFC, LICHSGFIN, MSUMI",60,60,1512,0.7326276455026455,both,0
FALCPAT_8470,26,"NUVAMA, CHOLAFIN, FINCABLES, INDUSTOWER, MANAPPURAM, TORNTPOWER, SOBHA, JPPOWER, ANURAS, BLUESTARCO, JMFINANCIL, ETERNAL, WELSPUNLIV, OLECTRA, KPITTECH, NIACL, MEDANTA, ABCAPITAL, BLUEJET, COALINDIA, FSL, RAILTEL, SUZLON, LLOYDSME, TARIL, LINDEINDIA",26,26,288,0.8134930555555555,both,0
FALCPAT_8486,118,"AAVAS, BAJAJHLDNG, IPCALAB, TATASTEEL, IRCTC, IDBI, UPL, RVNL, ASHOKLEY, DLF, LAURUSLABS, INDUSINDBK, AUBANK, CUB, JSWSTEEL, ERIS, HFCL, RRKABEL, SUPREMEIND, OIL, GLAXO, GODREJIND, TATAPOWER, GMRAIRPORT, PATANJALI, KIMS, SJVN, ASTRAL, ZENSARTECH, AMBUJACEM, LUPIN, CCL, NAVA, GODFRYPHLP, CREDITACC, KAYNES, LLOYDSME, NEULANDLAB, NCC, KFINTECH",118,118,2165,0.8790138568129329,both,0
FALCPAT_8494,94,"DCMSHRIRAM, LTFOODS, GILLETTE, CEATLTD, GABRIEL, SUNDARMFIN, JYOTICNC, ANURAS, SAPPHIRE, ZOMATO, VIJAYA, BLUEDART, POLICYBZR, GLENMARK, SCHAEFFLER, GRAPHITE, PTCIL, BANDHANBNK, ABSLAMC, M&M, BALRAMCHIN, CUMMINSIND, NEULANDLAB, DATAPATTNS, SONACOMS, AJANTPHARM, SHREECEM, POLYMED, PNBHOUSING, EMAMILTD, ACE, TECHNOE, LEMONTREE, TVSMOTOR, PFC, AUBANK, PHOENIXLTD, NUVAMA, ZENTEC, NAVA",94,94,1616,0.8665198019801977,both,0
FALCPAT_8496,87,"REDINGTON, GODREJIND, KARURVYSYA, POONAWALLA, MAZDOCK, ANURAS, YESBANK, IDBI, LODHA, VIJAYA, BAYERCROP, POLICYBZR, LTM, LTFOODS, JUBLPHARMA, MUTHOOTFIN, 360ONE, DLF, PGEL, GPIL, OFSS, RADICO, CUB, PPLPHARMA, CYIENT, SHRIRAMFIN, FIVESTAR, BERGEPAINT, ZYDUSLIFE, MAPMYINDIA, GRSE, M&MFIN, ACUTAAS, GLAXO, TATACHEM, UPL, INDUSINDBK, SCHAEFFLER, AJANTPHARM, SJVN",87,87,1284,0.9398559190031154,both,0
FALCPAT_8497,72,"EXIDEIND, TATASTEEL, INDIGO, AIIL, WOCKPHARMA, RECLTD, IDFCFIRSTB, AMBUJACEM, DOMS, ATUL, LALPATHLAB, CUB, IRCTC, FEDERALBNK, KAYNES, JSWSTEEL, INTELLECT, JUBLPHARMA, LICI, HINDZINC, HINDALCO, IPCALAB, OBEROIRLTY, HDFCAMC, PGEL, UPL, CHAMBLFERT, TORNTPHARM, SUPREMEIND, GLENMARK, LLOYDSME, JKCEMENT, BANKBARODA, PATANJALI, MAHABANK, LT, SBIN, GRAVITA, NTPC, ERIS",72,72,1915,0.7690715404699738,both,0
FALCPAT_8498,13,"JUBLPHARMA, PFC, SYRMA, HINDZINC, OLECTRA, TARIL, KIRLOSENG, JBMA, COCHINSHIP, HAL, HBLENGINE, OIL, BSE",13,13,483,0.7116583850931677,both,0
FALCPAT_8501,43,"GODFRYPHLP, FINCABLES, PATANJALI, NEULANDLAB, PNBHOUSING, JKTYRE, ECLERX, HFCL, KALYANKJIL, KAYNES, INTELLECT, TRITURBINE, JINDALSTEL, TECHNOE, J&KBANK, JIOFIN, LTM, JBMA, INOXWIND, COFORGE, FORCEMOT, MAZDOCK, FACT, JMFINANCIL, VEDL, INDIACEM, LTIM, SAMMAANCAP, GLAND, JYOTICNC, BEML, OFSS, DEVYANI, ITI, NIACL, MRPL, TARIL, APARINDS, SARDAEN, INDUSINDBK",43,43,455,1.0884593406593404,both,0
FALCPAT_8502,68,"RADICO, FSL, IPCALAB, JSWSTEEL, NUVAMA, GILLETTE, AJANTPHARM, NAVA, CUMMINSIND, ZYDUSLIFE, ANURAS, PARADEEP, BERGEPAINT, ZENSARTECH, KFINTECH, LTM, ATUL, KEI, ASHOKLEY, KAJARIACER, TATAELXSI, JUBLINGREA, GMRAIRPORT, VIJAYA, LAURUSLABS, ULTRACEMCO, PAYTM, MAPMYINDIA, GLENMARK, HONASA, HDFCLIFE, HINDZINC, M&MFIN, HBLENGINE, NEWGEN, GODREJIND, CAPLIPOINT, GRANULES, HAVELLS, GRAPHITE",68,68,1336,0.9123854790419162,both,0
FALCPAT_8504,102,"ANURAS, ZENTEC, KAJARIACER, CHALET, GODREJIND, LLOYDSME, CARTRADE, APLAPOLLO, RADICO, FIVESTAR, BSE, RHIM, INTELLECT, SUNDARMFIN, BIKAJI, KFINTECH, SBICARD, CRAFTSMAN, BDL, POWERINDIA, NHPC, ERIS, KIMS, SWANCORP, LAURUSLABS, INDUSINDBK, ITI, PATANJALI, BEL, SUMICHEM, ENDURANCE, CESC, TATAINVEST, BALKRISIND, KEC, 360ONE, SIGNATURE, COHANCE, DOMS, INDHOTEL",102,102,1406,0.8810483641536272,both,0
FALCPAT_8505,24,"EICHERMOT, ITI, BAYERCROP, ATUL, ZYDUSWELL, CLEAN, ERIS, KFINTECH, TIMKEN, NATCOPHARM, CONCORDBIO, MSUMI, KIMS, BDL, ARE&M, BEML, WHIRLPOOL, GRSE, GMDCLTD, AIIL, ANGELONE, MUTHOOTFIN, COROMANDEL, SOLARINDS",24,24,875,0.7919451428571429,both,0
FALCPAT_8506,33,"ERIS, SBFC, LLOYDSME, AMBER, GRSE, BLUEJET, KFINTECH, DOMS, TECHNOE, COHANCE, MFSL, SOLARINDS, ACUTAAS, FSL, TEGA, ELECON, FIVESTAR, KAYNES, ANANDRATHI, AJANTPHARM, ASAHIINDIA, ITI, ECLERX, INDIANB, INTELLECT, PNBHOUSING, JWL, NAVA, PGEL, INDHOTEL, NUVAMA, JSWSTEEL, IPCALAB",33,33,1085,0.7266958525345623,both,0
FALCPAT_8508,6,"JYOTICNC, BANKBARODA, BRITANNIA, TBOTEK, KOTAKBANK, POWERGRID",6,6,138,0.6808043478260869,both,0
FALCPAT_8509,75,"IOB, TATAELXSI, FLUOROCHEM, AIIL, TTML, GRSE, RAMCOCEM, RVNL, JUBLPHARMA, SAMMAANCAP, UCOBANK, RBLBANK, MAZDOCK, HINDZINC, NIACL, RITES, BOSCHLTD, HUDCO, OFSS, EMAMILTD, KPRMILL, IGL, OLECTRA, KPIL, POWERGRID, JSWSTEEL, CONCORDBIO, GALLANTT, SHREECEM, TATASTEEL, WOCKPHARMA, COCHINSHIP, KFINTECH, ADANIGREEN, LICHSGFIN, M&MFIN, BHARTIARTL, PVRINOX, STARHEALTH, MRPL",75,75,1240,1.056358064516129,both,0
FALCPAT_8511,85,"AEGISLOG, POWERINDIA, NUVAMA, ANURAS, KFINTECH, GPIL, TATAINVEST, JBCHEPHARM, PCBL, PETRONET, GRAVITA, HCLTECH, BIKAJI, FORCEMOT, BALRAMCHIN, NLCINDIA, ZOMATO, ZENSARTECH, SOLARINDS, 360ONE, LODHA, HEROMOTOCO, SAREGAMA, TITAN, UNOMINDA, POLYMED, NEWGEN, HSCL, UPL, INDIACEM, GESHIP, JUBLPHARMA, CGPOWER, CGCL, BLS, SCHAEFFLER, LINDEINDIA, PTCIL, BANKINDIA, POONAWALLA",85,85,1287,0.9597389277389277,both,0
FALCPAT_8525,95,"TRIDENT, BBTC, OFSS, HINDCOPPER, CASTROLIND, DEEPAKFERT, GVT&D, LAURUSLABS, TIINDIA, ETERNAL, RECLTD, NATIONALUM, SAIL, AMBUJACEM, INTELLECT, EIHOTEL, PETRONET, KFINTECH, CYIENT, NATCOPHARM, PHOENIXLTD, CUMMINSIND, ADANIPOWER, TEGA, LICHSGFIN, OBEROIRLTY, INDIANB, GICRE, MINDACORP, JUBLINGREA, PGEL, CESC, NAM-INDIA, ELGIEQUIP, PERSISTENT, GRANULES, POWERGRID, LATENTVIEW, INDUSTOWER, PARADEEP",95,95,823,1.1572916160388822,both,0
FALCPAT_8543,17,"JBCHEPHARM, MGL, BALRAMCHIN, AIIL, PETRONET, GODREJPROP, COHANCE, PAYTM, SIEMENS, AFFLE, POONAWALLA, ANURAS, EIDPARRY, APOLLOTYRE, GUJGASLTD, JYOTICNC, AARTIIND",17,17,274,0.737594890510949,both,0
FALCPAT_8545,72,"HBLENGINE, NCC, ACE, FORCEMOT, YESBANK, CENTRALBK, HINDCOPPER, NATIONALUM, OLECTRA, PCBL, WELSPUNLIV, REDINGTON, RITES, PHOENIXLTD, SJVN, HUDCO, HFCL, SAIL, SUZLON, IRFC, GVT&D, SAMMAANCAP, IFCI, CARTRADE, VOLTAS, IRCON, IRB, LODHA, UTIAMC, JPPOWER, BDL, SARDAEN, NIACL, WOCKPHARMA, MMTC, MAZDOCK, GICRE, PGEL, AMBER, JSWENERGY",72,72,523,2.1244837476099425,both,0
FALCPAT_8546,104,"HINDALCO, BIKAJI, CHOLAHLDNG, EXIDEIND, ZENSARTECH, MOTHERSON, CESC, DLF, IDFCFIRSTB, IDBI, ANURAS, SHYAMMETL, GRANULES, ZFCVINDIA, BANKBARODA, OIL, GMRAIRPORT, GILLETTE, ABFRL, FINCABLES, INDIACEM, PETRONET, NYKAA, LICHSGFIN, GLAXO, BLS, EIHOTEL, TATAPOWER, AFFLE, SONACOMS, ASHOKLEY, BSE, ARE&M, BHARATFORG, COHANCE, LT, POWERGRID, LEMONTREE, LINDEINDIA, PFC",104,104,1081,1.124853839037928,both,0
FALCPAT_8547,71,"HINDZINC, GSPL, IOB, POONAWALLA, ERIS, HOMEFIRST, KARURVYSYA, GILLETTE, MRPL, CREDITACC, FACT, ITI, ADANIENT, LODHA, IDBI, THERMAX, NIACL, KAYNES, GODREJIND, ANURAS, SOBHA, GALLANTT, JSWENERGY, KEI, IIFL, J&KBANK, CANBK, ATGL, MINDACORP, ADANIGREEN, BDL, POLICYBZR, SYRMA, MCX, SUNTV, ABFRL, CONCORDBIO, GODFRYPHLP, GMDCLTD, NH",71,71,738,1.3152276422764226,both,0
FALCPAT_8567,12,"PTCIL, HONASA, BHARTIHEXA, JWL, KFINTECH, RVNL, HUDCO, BSE, RRKABEL, SWANCORP, JYOTICNC, CARTRADE",12,12,332,0.8010963855421687,both,0
FALCPAT_8568,81,"ERIS, SYRMA, IRCON, NEWGEN, HINDALCO, IIFL, NEULANDLAB, RVNL, BIKAJI, ATUL, ITI, WOCKPHARMA, SAREGAMA, PTCIL, FLUOROCHEM, MAHABANK, CONCORDBIO, DALBHARAT, CHOLAHLDNG, GSPL, TATASTEEL, KALYANKJIL, RRKABEL, NATIONALUM, JSWSTEEL, TTML, DATAPATTNS, BATAINDIA, ZENTEC, UPL, OBEROIRLTY, GRAVITA, TATATECH, ASHOKLEY, GILLETTE, GMDCLTD, BAJFINANCE, BSE, ICICIPRULI, NIACL",81,81,857,1.1416487747957993,both,0
FALCPAT_8569,46,"LTFOODS, GALLANTT, PNBHOUSING, IEX, TEGA, BIKAJI, GESHIP, CEATLTD, SONACOMS, NAUKRI, INDUSTOWER, DLF, USHAMART, PATANJALI, OBEROIRLTY, NAVA, ADANIPORTS, KEC, UNOMINDA, AUBANK, BLUEDART, AUROPHARMA, KAYNES, GRANULES, PTCIL, MAPMYINDIA, GRAVITA, LINDEINDIA, RAINBOW, MOTILALOFS, APOLLOHOSP, CRAFTSMAN, NEWGEN, NUVAMA, WELSPUNLIV, COFORGE, TIINDIA, ADANIPOWER, KEI, TRIDENT",46,46,528,0.989465909090909,both,0
FALCPAT_8571,115,"HOMEFIRST, ZOMATO, ANURAS, JYOTICNC, CLEAN, ACE, HBLENGINE, NLCINDIA, NHPC, HINDPETRO, POLYMED, PFC, BDL, NUVAMA, KFINTECH, WELCORP, GRSE, HUDCO, INDIACEM, ETERNAL, POLICYBZR, SCHAEFFLER, NUVOCO, AJANTPHARM, DATAPATTNS, ZENSARTECH, NYKAA, JSWINFRA, NEULANDLAB, GODREJCP, CGPOWER, GRAVITA, ANGELONE, NETWEB, SHREECEM, GMDCLTD, KAYNES, JBMA, BANKINDIA, RECLTD",115,115,1489,1.0373908663532572,both,0
FALCPAT_8572,24,"MUTHOOTFIN, EIDPARRY, BSOFT, BAJAJFINSV, ATUL, BSE, NAUKRI, COROMANDEL, NAVINFLUOR, PETRONET, BALRAMCHIN, 3MINDIA, TVSMOTOR, ZEEL, MMTC, LICHSGFIN, STARHEALTH, GUJGASLTD, SIEMENS, MOTHERSON, MPHASIS, MOTILALOFS, OLECTRA, AJANTPHARM",24,24,491,0.7866883910386966,both,0
FALCPAT_8573,69,"HINDZINC, POONAWALLA, AARTIIND, BAJAJHLDNG, GODREJIND, SUMICHEM, ZYDUSLIFE, BHARATFORG, ATGL, GILLETTE, APLAPOLLO, JSL, SUNTV, KIMS, PETRONET, VOLTAS, BIOCON, DLF, JINDALSTEL, JYOTICNC, ALKEM, INDIACEM, GRAVITA, CONCOR, NLCINDIA, BSOFT, GRANULES, CHAMBLFERT, SBFC, JBCHEPHARM, SRF, ENDURANCE, SPLPETRO, ANURAS, DEEPAKFERT, NAVA, INOXWIND, GPIL, GLAXO, ELGIEQUIP",69,69,1399,0.7642666190135812,both,0
FALCPAT_8574,52,"CHAMBLFERT, SOLARINDS, GODREJIND, SONATSOFTW, STARHEALTH, ANURAS, GLAXO, JSWINFRA, AUBANK, EMAMILTD, JUBLPHARMA, CHALET, INTELLECT, BALRAMCHIN, RHIM, BDL, ZOMATO, ENDURANCE, GRANULES, KPRMILL, MAZDOCK, NUVAMA, IEX, DOMS, PCBL, CASTROLIND, COCHINSHIP, GRSE, INDIACEM, ITI, RECLTD, KIRLOSENG, GALLANTT, CONCORDBIO, BLS, KEI, SUPREMEIND, TARIL, IREDA, CENTRALBK",52,52,773,0.9937309184993531,both,0
FALCPAT_8577,63,"COCHINSHIP, GRAPHITE, JUBLPHARMA, HONAUT, RVNL, TATAINVEST, BDL, HEG, INDIACEM, NAVA, CARTRADE, NAM-INDIA, SBFC, GMDCLTD, PNBHOUSING, BBTC, MOTILALOFS, LLOYDSME, CHALET, BSE, KALYANKJIL, TEGA, SAPPHIRE, WELCORP, AXISBANK, TATATECH, NATIONALUM, IRFC, MANKIND, NLCINDIA, CESC, USHAMART, SBICARD, MAHABANK, INFY, AJANTPHARM, UTIAMC, PFC, PVRINOX, HSCL",63,63,678,0.884858407079646,both,0
FALCPAT_8578,82,"USHAMART, ADANIENSOL, WOCKPHARMA, SAMMAANCAP, RAMCOCEM, SYRMA, FIVESTAR, SAREGAMA, NATIONALUM, GODFRYPHLP, EMAMILTD, AMBER, HUDCO, JUBLPHARMA, J&KBANK, OFSS, GPIL, RITES, TATACHEM, SAIL, RVNL, IRCON, MAPMYINDIA, ECLERX, POWERGRID, TTML, COHANCE, RPOWER, SUNDARMFIN, BRITANNIA, MRPL, NBCC, SHREECEM, ADANIPOWER, BSE, OBEROIRLTY, BHARTIARTL, TATASTEEL, LLOYDSME, WELCORP",82,82,769,1.0541651495448636,both,0
FALCPAT_8579,42,"ICICIBANK, PTCIL, RRKABEL, SBICARD, TITAN, JIOFIN, ALKEM, FACT, KAJARIACER, HAVELLS, SCI, TARIL, TATAELXSI, BSE, POWERGRID, LAURUSLABS, ACC, FEDERALBNK, BBTC, POWERINDIA, FLUOROCHEM, HBLENGINE, LTM, ONGC, AXISBANK, SCHAEFFLER, JUBLINGREA, AIAENG, BIKAJI, TORNTPHARM, BLUEJET, SIEMENS, ATGL, JSWSTEEL, PARADEEP, CANFINHOME, MPHASIS, BANKBARODA, NSLNISP, HONASA",42,42,1009,0.740346878097126,both,0
FALCPAT_8580,51,"TBOTEK, SHRIRAMFIN, COROMANDEL, IPCALAB, MUTHOOTFIN, NUVOCO, SRF, EXIDEIND, PNB, CUMMINSIND, ATUL, GODREJCP, TECHM, POONAWALLA, CREDITACC, CHAMBLFERT, CHOLAFIN, SONACOMS, JBCHEPHARM, M&M, REDINGTON, NH, AUBANK, LTF, CYIENT, GABRIEL, AFFLE, GLAXO, ABFRL, POWERGRID, GLENMARK, INDUSTOWER, INDUSINDBK, KIMS, TATAELXSI, INDIANB, CCL, BALKRISIND, BANKBARODA, PATANJALI",51,51,1013,0.8576821322803555,both,0
FALCPAT_8581,51,"LUPIN, CUMMINSIND, POONAWALLA, AJANTPHARM, STARHEALTH, VBL, SRF, ABSLAMC, SOBHA, FORTIS, BHARATFORG, INDIACEM, GODREJIND, OBEROIRLTY, LTF, PVRINOX, ASHOKLEY, RADICO, JINDALSTEL, AIAENG, EIDPARRY, GRANULES, HINDALCO, SONACOMS, VOLTAS, GUJGASLTD, LINDEINDIA, NUVAMA, CHOLAFIN, RRKABEL, INDUSTOWER, SHRIRAMFIN, INDHOTEL, APOLLOTYRE, VEDL, COALINDIA, NMDC, PATANJALI, PERSISTENT, HONASA",51,51,1075,0.8071134883720931,both,0
FALCPAT_8582,80,"NUVAMA, TITAGARH, JINDALSAW, HONASA, DATAPATTNS, FORTIS, SWANCORP, EICHERMOT, GLENMARK, HINDALCO, VIJAYA, APOLLOTYRE, JBMA, WOCKPHARMA, FACT, MAZDOCK, JUBLFOOD, CRISIL, TTML, UNOMINDA, LTTS, BPCL, KAJARIACER, NATIONALUM, APARINDS, PATANJALI, SJVN, IOB, PAYTM, IFCI, ADANIENSOL, NIACL, RPOWER, TATATECH, TEGA, EXIDEIND, LAURUSLABS, DCMSHRIRAM, RKFORGE, TRENT",80,80,683,0.9877203513909223,both,0
FALCPAT_8583,26,"LALPATHLAB, KFINTECH, SBICARD, TATAINVEST, BEML, CHOICEIN, SBILIFE, AIIL, ZYDUSWELL, HUDCO, COCHINSHIP, MSUMI, GRSE, TIMKEN, VIJAYA, MOTILALOFS, MMTC, GRAPHITE, SIGNATURE, ITI, UNOMINDA, BDL, ANGELONE, GVT&D, MCX, POWERINDIA",26,26,1554,0.6536055341055341,both,0
FALCPAT_8584,96,"POONAWALLA, LODHA, IFCI, OIL, TRITURBINE, OBEROIRLTY, MAPMYINDIA, CHOLAHLDNG, SPLPETRO, KARURVYSYA, SONATSOFTW, CREDITACC, GESHIP, CANBK, IIFL, ATGL, DEEPAKFERT, INOXWIND, KPIL, BBTC, INDIACEM, BDL, BANKBARODA, CHALET, ZENSARTECH, ZEEL, ATUL, TEGA, GODREJIND, GLAXO, INTELLECT, GPIL, NLCINDIA, BSE, NAVINFLUOR, JSL, COHANCE, LLOYDSME, VIJAYA, FLUOROCHEM",96,96,672,1.3551071428571428,both,0
FALCPAT_8585,60,"ERIS, IOB, HINDZINC, IDFCFIRSTB, ITI, ANURAS, CCL, 360ONE, IDBI, POONAWALLA, UPL, ADANIENT, SIGNATURE, HEG, FLUOROCHEM, GILLETTE, WOCKPHARMA, WHIRLPOOL, RVNL, IREDA, JUBLFOOD, REDINGTON, DOMS, CHOLAHLDNG, ENDURANCE, CDSL, UCOBANK, PFC, ECLERX, JSWENERGY, RAILTEL, CONCORDBIO, GMRAIRPORT, STARHEALTH, BIKAJI, GRSE, KIRLOSENG, TATAELXSI, SUPREMEIND, GALLANTT",60,60,871,1.0545384615384616,both,0
FALCPAT_8590,34,"ANANTRAJ, RKFORGE, APARINDS, KFINTECH, KIRLOSENG, HONASA, RRKABEL, ERIS, PTCIL, BAJAJHLDNG, BOSCHLTD, ZFCVINDIA, RVNL, JINDALSAW, ICICIBANK, FSL, TITAGARH, NAVA, CDSL, COHANCE, WIPRO, PATANJALI, HEG, BHARTIARTL, CUB, HINDALCO, JKCEMENT, HINDUNILVR, ANURAS, SWANCORP, BSE, MRF, KEI, NBCC",34,34,1033,0.7461742497579864,both,0
FALCPAT_8593,27,"CHAMBLFERT, INDUSTOWER, ECLERX, FINCABLES, SONATSOFTW, MANAPPURAM, CYIENT, EXIDEIND, SCHAEFFLER, RADICO, PARADEEP, NEULANDLAB, IRB, TARIL, VIJAYA, NIACL, IIFL, J&KBANK, EIHOTEL, REDINGTON, LINDEINDIA, SJVN, TRENT, JUBLINGREA, CHENNPETRO, HINDZINC, KEC",27,27,480,0.8299916666666668,both,0
FALCPAT_8594,69,"JIOFIN, MMTC, HDFCAMC, ITI, CLEAN, BEML, LINDEINDIA, OLECTRA, TVSMOTOR, GUJGASLTD, LTIM, NAVINFLUOR, BERGEPAINT, JYOTICNC, APOLLOHOSP, BAJAJFINSV, SONACOMS, PETRONET, MFSL, ANGELONE, JBMA, SBFC, NAUKRI, FORTIS, ACE, ANURAS, MANAPPURAM, GODREJCP, MAZDOCK, NETWEB, MGL, AJANTPHARM, ADANIENT, EMAMILTD, PARADEEP, GRASIM, BEL, KEC, ZENSARTECH, ICICIPRULI",69,69,1016,0.9195984251968504,both,0
FALCPAT_8595,89,"IOB, CAPLIPOINT, RHIM, KPRMILL, 360ONE, GMDCLTD, GLENMARK, NUVAMA, ATGL, POWERINDIA, CHAMBLFERT, SIGNATURE, TRITURBINE, IRB, VBL, INDUSTOWER, RAILTEL, JMFINANCIL, APLAPOLLO, DOMS, CONCORDBIO, MGL, PATANJALI, JINDALSAW, ITI, SHYAMMETL, MMTC, UTIAMC, IFCI, RITES, NHPC, BDL, SJVN, ABCAPITAL, NEULANDLAB, UCOBANK, AFFLE, GESHIP, CENTRALBK, BSE",89,89,744,1.1746975806451614,both,0
FALCPAT_8596,50,"COALINDIA, STARHEALTH, BLUEDART, EIDPARRY, CARBORUNIV, DOMS, SRF, AIIL, CONCORDBIO, VIJAYA, ASAHIINDIA, KARURVYSYA, GODREJIND, COROMANDEL, LAURUSLABS, TVSMOTOR, JINDALSTEL, INDIACEM, INTELLECT, FIVESTAR, CHAMBLFERT, VOLTAS, KIMS, ATUL, SUNDARMFIN, BALKRISIND, ANURAS, JSWINFRA, SOBHA, CHOLAFIN, ENDURANCE, INDUSTOWER, CHALET, MEDANTA, BSE, COCHINSHIP, MPHASIS, JSWSTEEL, PVRINOX, SHRIRAMFIN",50,50,1206,0.7972744610281922,both,0
FALCPAT_8597,52,"AJANTPHARM, DELHIVERY, CHOLAHLDNG, GODREJIND, HUDCO, ATUL, TIMKEN, GMRAIRPORT, JSL, AUROPHARMA, INDIACEM, IFCI, KIRLOSENG, RAINBOW, LODHA, HINDZINC, JBCHEPHARM, INDUSINDBK, DEVYANI, JYOTICNC, GRAVITA, NYKAA, NLCINDIA, ERIS, UNOMINDA, JSWDULUX, POLICYBZR, VOLTAS, RAILTEL, HSCL, POONAWALLA, MCX, 360ONE, GRSE, ANANDRATHI, SCHAEFFLER, ARE&M, RADICO, TARIL, TORNTPOWER",52,52,920,0.8948391304347828,both,0
FALCPAT_8617,57,"TBOTEK, CCL, SHRIRAMFIN, SONACOMS, ABB, AUBANK, DLF, FORTIS, NUVAMA, INDUSTOWER, EXIDEIND, GILLETTE, CREDITACC, INDIANB, ANURAS, ESCORTS, CRAFTSMAN, CHOLAFIN, MSUMI, GABRIEL, SCHAEFFLER, REDINGTON, PARADEEP, MPHASIS, LTFOODS, TRIDENT, DOMS, ABFRL, CESC, FINCABLES, CHOLAHLDNG, BEL, MAXHEALTH, ANANDRATHI, GLAND, NAUKRI, CYIENT, FSL, TATASTEEL, HINDALCO",57,57,1286,0.7494370139968896,both,0
FALCPAT_8618,39,"INDIACEM, ATUL, GODREJIND, KIMS, MPHASIS, AIIL, AJANTPHARM, VIJAYA, DOMS, DLF, JSWINFRA, VBL, JINDALSTEL, NH, JSWSTEEL, JYOTICNC, UNOMINDA, NYKAA, PVRINOX, LAURUSLABS, GPIL, NAM-INDIA, MMTC, MEDANTA, FIVESTAR, RRKABEL, BSE, SCHAEFFLER, BDL, SOBHA, JSWDULUX, RECLTD, SHYAMMETL, DATAPATTNS, ASHOKLEY, ABSLAMC, CARBORUNIV, ANANDRATHI, RAINBOW",39,39,1221,0.7765798525798526,both,0
FALCPAT_8619,131,"PATANJALI, SUZLON, POONAWALLA, OLECTRA, WELSPUNLIV, FINCABLES, IRFC, JUBLPHARMA, NCC, SJVN, HBLENGINE, IDBI, REDINGTON, BBTC, GICRE, CYIENT, SAIL, NLCINDIA, IOB, AMBUJACEM, GMRAIRPORT, MAZDOCK, INDUSTOWER, IDEA, HAL, CESC, PPLPHARMA, RITES, J&KBANK, MAHABANK, ITI, GALLANTT, GPIL, SHYAMMETL, NAM-INDIA, BERGEPAINT, IDFCFIRSTB, SUPREMEIND, ANANDRATHI, NIACL",131,131,1091,1.4815371219065077,both,0
FALCPAT_8621,81,"BIKAJI, HINDALCO, EXIDEIND, LAURUSLABS, JBCHEPHARM, ZENSARTECH, DLF, GUJGASLTD, SHYAMMETL, BIOCON, ANURAS, CHOLAHLDNG, IEX, JYOTICNC, GRANULES, OIL, PETRONET, BANKBARODA, COHANCE, AAVAS, AFFLE, ABCAPITAL, HINDCOPPER, CHAMBLFERT, GLAXO, BHARATFORG, CONCORDBIO, JUBLFOOD, ENDURANCE, INTELLECT, GABRIEL, HONASA, JINDALSAW, CASTROLIND, FINCABLES, CESC, COFORGE, SUPREMEIND, GRAVITA, CAPLIPOINT",81,81,952,1.0619978991596637,both,0
FALCPAT_8622,66,"IOB, GODREJIND, HINDZINC, POONAWALLA, ERIS, KARURVYSYA, GILLETTE, ADANIENT, IDBI, FACT, SOBHA, UCOBANK, ITI, MRPL, SONATSOFTW, KAYNES, BDL, ANURAS, LODHA, PHOENIXLTD, KPIL, KEI, CDSL, CANBK, RAILTEL, NIACL, CREDITACC, SUNTV, ABFRL, GALLANTT, MINDACORP, ATGL, TIMKEN, ADANIGREEN, KEC, NLCINDIA, RVNL, INDUSTOWER, DOMS, SAMMAANCAP",66,66,832,1.1827836538461538,both,0
FALCPAT_8629,16,"SBICARD, TATACOMM, TBOTEK, INDIGO, UPL, ATUL, ANURAS, ZYDUSLIFE, GLAXO, BALKRISIND, ICICIBANK, AIIL, CCL, ULTRACEMCO, POWERGRID, TATAELXSI",16,16,383,0.7065822454308094,both,0
FALCPAT_8631,28,"ITI, HINDZINC, JMFINANCIL, FORCEMOT, SUZLON, AEGISLOG, INDUSTOWER, SONATSOFTW, CARTRADE, CYIENT, IGL, BANDHANBNK, TARIL, FACT, EXIDEIND, SCHAEFFLER, MAZDOCK, JWL, NLCINDIA, EMAMILTD, ENGINERSIN, LTFOODS, FSL, BHARTIHEXA, HSCL, COCHINSHIP, TITAGARH, MOTHERSON",28,28,666,0.8297852852852854,both,0
FALCPAT_8632,21,"HBLENGINE, RECLTD, HUDCO, RKFORGE, POWERINDIA, RAILTEL, GMDCLTD, PFC, JPPOWER, TECHNOE, TORNTPOWER, MCX, HINDZINC, IDFCFIRSTB, GRAVITA, INTELLECT, GRSE, ACE, GVT&D, MOTILALOFS, COHANCE",21,21,452,0.9123185840707965,both,0
FALCPAT_8633,1,GODFRYPHLP,1,1,24,0.626,both,0
FALCPAT_8637,53,"MAZDOCK, TTML, JUBLPHARMA, USHAMART, SYRMA, COCHINSHIP, RPOWER, LLOYDSME, WOCKPHARMA, RVNL, GRAPHITE, NEWGEN, NATIONALUM, FIVESTAR, KIRLOSENG, LODHA, INDIACEM, HUDCO, BSE, ADANIENSOL, OFSS, HDFCBANK, SUNDARMFIN, KFINTECH, MRPL, BBTC, GMDCLTD, EMAMILTD, WELCORP, JKTYRE, HSCL, IRFC, CESC, PFC, PVRINOX, SCHAEFFLER, SUNTV, AXISBANK, KOTAKBANK, HONAUT",53,53,818,0.9079193154034229,both,0
FALCPAT_8638,10,"CARTRADE, GPIL, TATACHEM, AMBER, SAREGAMA, DIXON, HINDZINC, EXIDEIND, NAM-INDIA, LINDEINDIA",10,10,36,1.5365833333333334,both,0
FALCPAT_8641,63,"TBOTEK, EXIDEIND, SONACOMS, SHRIRAMFIN, CCL, ABB, CREDITACC, AUBANK, CHAMBLFERT, DLF, FORTIS, CESC, ESCORTS, GABRIEL, IRCTC, REDINGTON, ERIS, INDUSTOWER, ANURAS, CRAFTSMAN, MAXHEALTH, KIMS, PATANJALI, GMRAIRPORT, INDIANB, INDUSINDBK, ABFRL, SCHAEFFLER, ANANDRATHI, AFFLE, SHYAMMETL, GILLETTE, NUVAMA, CHOLAFIN, CYIENT, LTFOODS, 360ONE, BANDHANBNK, JUBLPHARMA, GLAND",63,63,1326,0.8564419306184009,both,0
FALCPAT_8642,60,"HINDZINC, DLF, INDIACEM, ABSLAMC, RRKABEL, VEDL, CESC, ASHOKLEY, AIAENG, SOBHA, KEI, GILLETTE, JYOTICNC, JINDALSTEL, VOLTAS, ABCAPITAL, GODREJIND, RECLTD, PERSISTENT, POONAWALLA, AUBANK, JSL, HONASA, AJANTPHARM, CARBORUNIV, DEEPAKFERT, MEDANTA, NUVAMA, IIFL, SHYAMMETL, LAURUSLABS, BIKAJI, RHIM, CAPLIPOINT, GPIL, NMDC, DOMS, GRANULES, GESHIP, NAVA",60,60,932,0.8863154506437769,both,0
FALCPAT_8643,24,"AIIL, BLUEJET, KFINTECH, LALPATHLAB, SBICARD, CHOICEIN, ITI, ZYDUSWELL, UBL, BEML, TIMKEN, MSUMI, DATAPATTNS, HONASA, KOTAKBANK, HCLTECH, ATUL, TITAGARH, OLECTRA, CHENNPETRO, SBILIFE, UPL, ALKEM, RHIM",24,24,851,0.6207943595769684,both,0
FALCPAT_8644,72,"MCX, ANURAS, KIMS, VIJAYA, RADICO, JSWDULUX, ASHOKLEY, ASAHIINDIA, GMRAIRPORT, GPIL, DOMS, GRAPHITE, DEVYANI, CASTROLIND, MAPMYINDIA, TATAINVEST, INDIACEM, SCHAEFFLER, CHALET, JSWENERGY, PPLPHARMA, ERIS, AMBUJACEM, JSWSTEEL, SPLPETRO, RAINBOW, CEATLTD, BDL, GRANULES, GLAXO, FLUOROCHEM, MAZDOCK, FORCEMOT, FIVESTAR, NETWEB, GMDCLTD, NYKAA, MEDANTA, JYOTICNC, UNOMINDA",72,72,1107,0.8393053297199637,both,0
FALCPAT_8645,108,"POONAWALLA, LODHA, HINDZINC, IFCI, KARURVYSYA, NLCINDIA, BIOCON, ATGL, TRITURBINE, MAPMYINDIA, POLICYBZR, DCMSHRIRAM, BANKBARODA, CHOLAHLDNG, CHALET, YESBANK, WHIRLPOOL, BSE, ATUL, TATASTEEL, INOXWIND, JSL, ADANIPORTS, SPLPETRO, CREDITACC, COHANCE, INTELLECT, JUBLPHARMA, ZENSARTECH, NAVINFLUOR, DEEPAKFERT, LLOYDSME, CASTROLIND, SOBHA, GESHIP, ADANIENSOL, CROMPTON, CHAMBLFERT, PARADEEP, BANDHANBNK",108,108,987,1.166838905775076,both,0
FALCPAT_8646,68,"ERIS, IOB, IDFCFIRSTB, ANURAS, BIKAJI, ITI, CCL, UCOBANK, STARHEALTH, ADANIENT, GSPL, RVNL, POONAWALLA, RAILTEL, NUVAMA, FLUOROCHEM, CHOLAHLDNG, IDBI, CDSL, GILLETTE, ENDURANCE, DOMS, HEG, GALLANTT, PFC, SUPREMEIND, CHOLAFIN, KAYNES, 360ONE, APARINDS, BSE, CONCORDBIO, LTFOODS, GRSE, GMRAIRPORT, ZFCVINDIA, WOCKPHARMA, ECLERX, TATAELXSI, RHIM",68,68,1085,0.9854442396313363,both,0
FALCPAT_8652,41,"IRB, CCL, IGL, MAZDOCK, AAVAS, SOBHA, BHARTIHEXA, HONASA, DIXON, GPIL, MRPL, IRCON, GVT&D, ITI, PRESTIGE, CROMPTON, APARINDS, GMDCLTD, MANAPPURAM, IRFC, PNBHOUSING, AEGISLOG, IIFL, CYIENT, CHENNPETRO, KEC, TIMKEN, FINCABLES, NLCINDIA, HSCL, JWL, JUBLINGREA, INDUSTOWER, EXIDEIND, ENGINERSIN, VEDL, KPIL, TARIL, GODFRYPHLP, FORCEMOT",41,41,643,0.8332177293934682,both,0
FALCPAT_8653,23,"GSPL, NCC, NIACL, INDIACEM, MMTC, DIXON, INDUSINDBK, CONCORDBIO, ITI, NH, HINDPETRO, MCX, MOTHERSON, INDHOTEL, HINDZINC, JPPOWER, HBLENGINE, SRF, COHANCE, RVNL, GMDCLTD, PGEL, SARDAEN",23,23,624,0.6628878205128206,both,0
FALCPAT_8663,29,"COCHINSHIP, SWANCORP, TATAINVEST, SBFC, HEG, GRAPHITE, MANKIND, NAVA, FORCEMOT, RVNL, SUNDARMFIN, CARTRADE, HUDCO, HINDUNILVR, MOTILALOFS, GODREJIND, WELSPUNLIV, KIRLOSENG, HONAUT, NATIONALUM, JUBLPHARMA, KAYNES, BSE, NLCINDIA, PAGEIND, BHEL, ABBOTINDIA, THERMAX, BLUESTARCO",29,29,589,0.8202105263157894,both,0
FALCPAT_8664,84,"WOCKPHARMA, RAMCOCEM, RVNL, GRASIM, TTML, ZENTEC, SYRMA, MAZDOCK, ADANIENSOL, NIACL, NATIONALUM, PTCIL, JUBLPHARMA, TATACHEM, ELECON, FLUOROCHEM, GRSE, BSE, TATAELXSI, JSWSTEEL, OFSS, GODFRYPHLP, RBLBANK, BAJAJHLDNG, MAPMYINDIA, GPIL, NEWGEN, BRITANNIA, GSPL, USHAMART, SAIL, WELCORP, FIVESTAR, HUDCO, RPOWER, FORCEMOT, KFINTECH, ERIS, POWERGRID, BHARTIARTL",84,84,958,1.027643006263048,both,0
FALCPAT_8666,29,"TATAELXSI, ELGIEQUIP, SBICARD, ITI, KFINTECH, FACT, ERIS, BBTC, JBMA, TATATECH, JUBLINGREA, IPCALAB, PARADEEP, CAPLIPOINT, JSWDULUX, ASAHIINDIA, ECLERX, NEULANDLAB, ICICIBANK, BAYERCROP, HEG, DEEPAKFERT, ATUL, UPL, LAURUSLABS, NTPC, HBLENGINE, MGL, POWERINDIA",29,29,1361,0.6803071271124174,both,0
FALCPAT_8667,37,"RVNL, SHREECEM, UPL, PTCIL, ARE&M, PERSISTENT, ASIANPAINT, ASHOKLEY, KALYANKJIL, BLS, CONCORDBIO, LODHA, NH, POLYCAB, SBFC, DIXON, JSWENERGY, KAJARIACER, SBIN, BIKAJI, GALLANTT, KPRMILL, ITI, NUVAMA, OFSS, GLENMARK, ANURAS, VOLTAS, ZYDUSLIFE, CROMPTON, SJVN, HSCL, DIVISLAB, KARURVYSYA, MEDANTA, NAVINFLUOR, SRF",37,37,654,0.7890535168195718,both,0
FALCPAT_8668,89,"GPIL, NLCINDIA, NUVAMA, FLUOROCHEM, CAPLIPOINT, VIJAYA, FSL, LTFOODS, GODREJIND, DCMSHRIRAM, ABSLAMC, AEGISLOG, HOMEFIRST, TATAINVEST, LODHA, INDIACEM, STARHEALTH, POONAWALLA, BANKINDIA, JKTYRE, DLF, ATUL, TECHM, JSWINFRA, PNBHOUSING, SCHAEFFLER, BLS, PARADEEP, 360ONE, SHREECEM, CUMMINSIND, NAVA, SONACOMS, KPITTECH, LICHSGFIN, CHOLAHLDNG, VOLTAS, JYOTICNC, JSWSTEEL, HINDPETRO",89,89,1733,0.8907437968840161,both,0
FALCPAT_8669,56,"AMBUJACEM, M&M, ADANIPOWER, AIIL, VEDL, NUVOCO, PETRONET, RADICO, KIMS, TATACHEM, ATUL, LUPIN, ANANTRAJ, FSL, BEL, AFFLE, PFC, APLAPOLLO, BLUEJET, BAJFINANCE, PATANJALI, GMRAIRPORT, HFCL, MUTHOOTFIN, LTF, BEML, BAJAJHLDNG, JINDALSTEL, LLOYDSME, RECLTD, VIJAYA, NCC, APTUS, JSL, SPLPETRO, SRF, POWERGRID, KFINTECH, SHYAMMETL, JBCHEPHARM",56,56,1202,0.7937853577371048,both,0
FALCPAT_8670,33,"NAUKRI, MGL, SUMICHEM, ASHOKLEY, FEDERALBNK, MARUTI, AARTIIND, IRCTC, BALKRISIND, BIOCON, ASTERDM, EXIDEIND, INDUSTOWER, CHOLAFIN, MANAPPURAM, FINCABLES, BAJAJ-AUTO, VTL, CREDITACC, MPHASIS, COROMANDEL, ANURAS, ABFRL, AIIL, EMAMILTD, GODREJPROP, DOMS, REDINGTON, HEROMOTOCO, LAURUSLABS, NAM-INDIA, GABRIEL, FIVESTAR",33,33,656,0.7553719512195122,both,0
FALCPAT_8685,60,"TTML, SCI, RVNL, ITI, ATGL, HUDCO, DEEPAKFERT, RITES, USHAMART, RAILTEL, CHOLAHLDNG, WOCKPHARMA, NIACL, ABBOTINDIA, FORCEMOT, IRCON, GALLANTT, FLUOROCHEM, GSPL, HEG, TITAGARH, POWERINDIA, EIDPARRY, BEML, STARHEALTH, PFIZER, COLPAL, FIVESTAR, JBMA, GPIL, NBCC, CAPLIPOINT, ACUTAAS, SUNDARMFIN, CARTRADE, ECLERX, MCX, KALYANKJIL, GRAVITA, MAXHEALTH",60,60,964,0.827954356846473,both,0
FALCPAT_8687,69,"IPCALAB, GMRAIRPORT, BANKBARODA, CEATLTD, RADICO, BANDHANBNK, NUVAMA, JSL, JBCHEPHARM, ATUL, LINDEINDIA, ACUTAAS, FSL, POWERGRID, VIJAYA, POONAWALLA, INDIANB, GODREJCP, TECHM, TBOTEK, HOMEFIRST, AEGISLOG, BAJAJHLDNG, LTF, CESC, SONACOMS, LICHSGFIN, TIMKEN, GILLETTE, IDBI, CUMMINSIND, 360ONE, SHYAMMETL, AJANTPHARM, ABSLAMC, POLICYBZR, LTFOODS, STARHEALTH, CREDITACC, NAVA",69,69,1219,0.8933322395406073,both,0
FALCPAT_8689,44,"AIIL, ZYDUSLIFE, ATUL, NAVINFLUOR, MSUMI, ANURAS, UPL, BAJFINANCE, MUTHOOTFIN, MMTC, ENDURANCE, BAYERCROP, M&MFIN, KIMS, TVSMOTOR, JYOTICNC, STARHEALTH, BAJAJFINSV, JIOFIN, ERIS, MOTILALOFS, RHIM, HAVELLS, BDL, JSWINFRA, BALKRISIND, BSE, GODREJIND, SHYAMMETL, RADICO, AJANTPHARM, PETRONET, LATENTVIEW, LINDEINDIA, INDUSINDBK, GLAXO, ARE&M, CHAMBLFERT, FACT, UNOMINDA",44,44,1585,0.6647627760252367,both,0
FALCPAT_8690,61,"CENTRALBK, CONCORDBIO, JBMA, UCOBANK, POWERINDIA, OLECTRA, APARINDS, KPRMILL, SAIL, WOCKPHARMA, FSL, HINDZINC, RVNL, MOTHERSON, INDUSINDBK, BDL, SUMICHEM, FLUOROCHEM, PCBL, GRAVITA, UNOMINDA, MGL, HINDCOPPER, INTELLECT, GODFRYPHLP, GLAXO, AEGISLOG, HUDCO, COROMANDEL, PGEL, MMTC, MAHABANK, COHANCE, FACT, NAVINFLUOR, HINDPETRO, SJVN, CARBORUNIV, GODREJIND, KFINTECH",61,61,911,0.9621536772777167,both,0
FALCPAT_8691,19,"IGL, LODHA, MOTHERSON, NHPC, INDUSTOWER, INDIACEM, NUVAMA, GRSE, KIRLOSENG, MANAPPURAM, CHOLAFIN, TRENT, GMDCLTD, BSE, ANURAS, CARTRADE, COHANCE, KALYANKJIL, ABREL",19,19,457,0.7303085339168491,both,0
FALCPAT_8721,61,"KIRLOSENG, BSE, HBLENGINE, GICRE, TTML, FEDERALBNK, GPIL, BLUESTARCO, CEATLTD, ANANDRATHI, MPHASIS, NTPC, BHEL, FORCEMOT, AWL, UTIAMC, JUBLPHARMA, GRAVITA, WELSPUNLIV, ONGC, POWERINDIA, DIXON, MANKIND, PFIZER, RVNL, SAMMAANCAP, LINDEINDIA, BANKINDIA, NIACL, COFORGE, CENTRALBK, GLAXO, POWERGRID, ZENTEC, ADANIENSOL, JINDALSTEL, IDBI, ADANIENT, GALLANTT, GODFRYPHLP",61,61,528,0.9586268939393939,both,0
FALCPAT_8723,57,"APARINDS, BAYERCROP, TEGA, BEML, RITES, PATANJALI, KAJARIACER, TATAELXSI, ABCAPITAL, SIEMENS, GRANULES, APOLLOHOSP, ANANTRAJ, FORCEMOT, MGL, NEWGEN, KEI, TTML, MAHABANK, BBTC, NCC, KEC, LTM, TITAGARH, JINDALSTEL, ITI, ZFCVINDIA, GRAPHITE, BSE, RECLTD, ENDURANCE, CDSL, HUDCO, HINDPETRO, TRENT, UNIONBANK, IRB, SONATSOFTW, WHIRLPOOL, PPLPHARMA",57,57,706,1.06692776203966,both,0
FALCPAT_8724,63,"PPLPHARMA, POLICYBZR, PGEL, JSWINFRA, GPIL, BIKAJI, PATANJALI, LICHSGFIN, PCBL, GRAVITA, EMAMILTD, NEULANDLAB, GRANULES, LINDEINDIA, POLYMED, NAVA, MPHASIS, BHARATFORG, POONAWALLA, MCX, RECLTD, JKTYRE, ANGELONE, CREDITACC, HBLENGINE, SJVN, SCHAEFFLER, GVT&D, KPITTECH, PTCIL, JIOFIN, TECHM, KAYNES, SPLPETRO, KPIL, ENDURANCE, ICICIPRULI, TATAINVEST, GODREJCP, HSCL",63,63,1169,0.9451958939264328,both,0
FALCPAT_8726,46,"ATUL, DLF, INDUSTOWER, GLAXO, AUBANK, PFIZER, CESC, LICHSGFIN, ASHOKLEY, ABFRL, CCL, SHYAMMETL, BANDHANBNK, ANURAS, GILLETTE, JSWSTEEL, NYKAA, GABRIEL, GRAPHITE, ERIS, ANANDRATHI, DEEPAKNTR, GMRAIRPORT, GRANULES, VBL, CHAMBLFERT, KIMS, PFC, HAL, JUBLPHARMA, ESCORTS, DIXON, MCX, BIKAJI, BPCL, SONACOMS, NMDC, ABSLAMC, EIHOTEL, AJANTPHARM",46,46,1035,0.7562328502415461,both,0
FALCPAT_8727,29,"NATCOPHARM, ITI, SBICARD, HINDZINC, ZYDUSWELL, ERIS, AIIL, ARE&M, JSWSTEEL, MSUMI, ENDURANCE, ADANIGREEN, UPL, CCL, BSOFT, ICICIPRULI, SIGNATURE, ALKEM, KIMS, JSWDULUX, COALINDIA, SHREECEM, GODREJIND, IDBI, NUVAMA, IOB, PRESTIGE, BAYERCROP, KFINTECH",29,29,550,0.7776345454545455,both,0
FALCPAT_8728,64,"MRPL, ANURAS, AFFLE, KIMS, OLECTRA, MINDACORP, JSL, VBL, PCBL, LLOYDSME, KPITTECH, CONCOR, PHOENIXLTD, FORCEMOT, CREDITACC, BEL, UNOMINDA, CHOLAHLDNG, ITI, GODREJIND, OIL, MAZDOCK, COCHINSHIP, ADANIPORTS, JUBLINGREA, TORNTPOWER, ARE&M, LODHA, PPLPHARMA, DEEPAKFERT, ZENTEC, 360ONE, SUZLON, SOLARINDS, GODFRYPHLP, ERIS, ADANIPOWER, DCMSHRIRAM, PRESTIGE, SAMMAANCAP",64,64,772,0.9325466321243523,both,0
FALCPAT_8730,70,"OFSS, WELCORP, HINDCOPPER, SUNDARMFIN, MOTILALOFS, DELHIVERY, MANKIND, NATIONALUM, JKTYRE, AJANTPHARM, SUNTV, SAIL, GMRAIRPORT, NAM-INDIA, RITES, GPIL, CHOLAHLDNG, TIINDIA, IRFC, CEATLTD, UTIAMC, GICRE, EMAMILTD, GAIL, ABBOTINDIA, BATAINDIA, DMART, SHREECEM, BOSCHLTD, HCLTECH, PAYTM, TATACHEM, MCDOWELL-N, ULTRACEMCO, GLAXO, SCI, TEGA, WIPRO, ADANIPOWER, DIXON",70,70,743,0.855179004037685,both,0
FALCPAT_8731,20,"RITES, TATACHEM, TATAINVEST, IRFC, CREDITACC, APLAPOLLO, PFIZER, DABUR, UBL, MRPL, SAIL, KFINTECH, 3MINDIA, DIXON, FSL, CHOLAFIN, NAM-INDIA, TRENT, OFSS, HINDPETRO",20,20,70,1.407042857142857,both,0
FALCPAT_8732,72,"TATAINVEST, COHANCE, RVNL, EIDPARRY, FINCABLES, MOTILALOFS, CEMPRO, HINDPETRO, RITES, CUMMINSIND, TATAPOWER, TEJASNET, APTUS, CROMPTON, EMAMILTD, KPITTECH, BIKAJI, POWERGRID, RBLBANK, SWANCORP, JBMA, DIVISLAB, ELGIEQUIP, GMDCLTD, CRAFTSMAN, ONGC, SHREECEM, MANKIND, PATANJALI, HDFCAMC, HCLTECH, TATAELXSI, MAHABANK, JUBLFOOD, HONAUT, TATACOMM, LALPATHLAB, BBTC, GMRAIRPORT, MAZDOCK",72,72,719,1.0218776077885954,both,0
FALCPAT_8733,83,"POWERINDIA, BIKAJI, CGCL, NAVA, GILLETTE, AEGISLOG, TRIDENT, MAHABANK, NLCINDIA, POONAWALLA, CARTRADE, NUVAMA, SONACOMS, HEG, LODHA, AWL, GRANULES, LTFOODS, UNIONBANK, BALRAMCHIN, JUBLINGREA, JINDALSAW, JUBLPHARMA, BLS, CYIENT, UNOMINDA, TEGA, JSWINFRA, ZFCVINDIA, NAM-INDIA, INDUSTOWER, GPIL, GODREJCP, BHEL, ITI, ABB, CGPOWER, VOLTAS, GRAPHITE, WELSPUNLIV",83,83,1181,1.0431541066892462,both,0
FALCPAT_8734,82,"VIJAYA, LODHA, GPIL, PCBL, MCX, JUBLINGREA, KFINTECH, ACE, SPLPETRO, JBMA, USHAMART, POLICYBZR, RHIM, HAL, IREDA, NBCC, INTELLECT, CARBORUNIV, GRAVITA, FACT, POLYMED, CESC, ANGELONE, JYOTICNC, NATIONALUM, CGPOWER, HINDCOPPER, IGL, TIINDIA, UNOMINDA, PRESTIGE, PFC, ITI, SCI, ZENTEC, TORNTPOWER, COFORGE, DEEPAKFERT, DATAPATTNS, MPHASIS",82,82,729,1.2322249657064475,both,0
FALCPAT_8737,51,"AIIL, BAJAJFINSV, UPL, BERGEPAINT, BHARTIARTL, SIGNATURE, IPCALAB, ANURAS, LT, IDFCFIRSTB, GRASIM, JUBLPHARMA, JSWSTEEL, MUTHOOTFIN, ERIS, DOMS, WELCORP, TATASTEEL, DLF, SBILIFE, BANKBARODA, ACC, M&M, CHAMBLFERT, LTIM, JKCEMENT, STARHEALTH, KAJARIACER, SBIN, OFSS, APOLLOTYRE, HEROMOTOCO, EXIDEIND, NAVINFLUOR, TECHM, EICHERMOT, POONAWALLA, WOCKPHARMA, FLUOROCHEM, CUB",51,51,1060,0.8183933962264152,both,0
FALCPAT_8743,60,"HBLENGINE, LINDEINDIA, JSWENERGY, NAVA, BHEL, ADANIPORTS, PTCIL, JYOTICNC, JPPOWER, ABB, BBTC, FINCABLES, GRAPHITE, ABREL, INOXWIND, SONACOMS, ELGIEQUIP, AMBUJACEM, DEEPAKFERT, POLICYBZR, WOCKPHARMA, JKTYRE, TRITURBINE, WELSPUNLIV, HEG, JIOFIN, KALYANKJIL, CRAFTSMAN, CDSL, TIINDIA, NBCC, GODFRYPHLP, JMFINANCIL, BDL, PRESTIGE, BEML, SJVN, KFINTECH, TEGA, INDUSINDBK",60,60,1059,0.9379433427762041,both,0
FALCPAT_8744,78,"POONAWALLA, AEGISLOG, ANURAS, POWERINDIA, ATUL, MRPL, BALKRISIND, GPIL, 360ONE, CGPOWER, CRAFTSMAN, OBEROIRLTY, CUMMINSIND, USHAMART, TBOTEK, JSWINFRA, PFC, CHALET, ZENSARTECH, POLICYBZR, SOLARINDS, VOLTAS, PAYTM, UNIONBANK, BANDHANBNK, BALRAMCHIN, KFINTECH, NAM-INDIA, POLYMED, JKTYRE, MGL, PPLPHARMA, LODHA, ANGELONE, GRAVITA, PGEL, EMAMILTD, KPIL, PNBHOUSING, MCX",78,78,1236,0.9776270226537213,both,0
FALCPAT_8745,14,"IFCI, NEWGEN, SYRMA, RHIM, CHENNPETRO, CYIENT, CREDITACC, ADANIPOWER, NLCINDIA, GLAND, RRKABEL, CGCL, KIRLOSENG, ADANIENSOL",14,14,96,1.0567395833333333,both,0
FALCPAT_8746,10,"GODREJIND, CYIENT, JBMA, LINDEINDIA, SCI, ANGELONE, CREDITACC, ADANIPOWER, FACT, OLECTRA",10,10,53,1.410528301886792,both,0
FALCPAT_8747,23,"REDINGTON, OLECTRA, SAREGAMA, WELCORP, TRITURBINE, MINDACORP, NATIONALUM, APARINDS, GALLANTT, ACUTAAS, SARDAEN, JINDALSTEL, AMBER, MAZDOCK, BBTC, DEEPAKFERT, J&KBANK, SHYAMMETL, SCI, INOXWIND, PGEL, POWERINDIA, KALYANKJIL",23,23,148,1.2844459459459459,both,0
FALCPAT_8748,30,"BSOFT, ZYDUSLIFE, SIGNATURE, HINDZINC, MOTHERSON, TVSMOTOR, PETRONET, MUTHOOTFIN, ALKEM, APOLLOTYRE, BAJAJFINSV, NAVINFLUOR, ANURAS, ATUL, COROMANDEL, NAUKRI, SIEMENS, COCHINSHIP, KIMS, CARBORUNIV, INDUSINDBK, AIIL, CHOLAFIN, CHAMBLFERT, MMTC, VEDL, CUB, DELHIVERY, IOC, IPCALAB",30,30,780,0.6819538461538461,both,0
FALCPAT_8749,7,"NUVAMA, MOTHERSON, REDINGTON, INDIACEM, PFC, COHANCE, CONCORDBIO",7,7,76,0.6418947368421053,both,0
FALCPAT_8760,39,"SBFC, NMDC, M&MFIN, DLF, BRIGADE, TEGA, DALBHARAT, CRISIL, CONCOR, KPRMILL, BAJAJFINSV, SAPPHIRE, RELIANCE, TRENT, TECHM, LTM, NLCINDIA, POLYCAB, PVRINOX, INDIAMART, MINDACORP, RITES, TTML, MCDOWELL-N, CAMS, JSWDULUX, ASAHIINDIA, IIFL, TORNTPOWER, GPIL, SOBHA, HAL, DABUR, NAUKRI, UNITDSPR, AMBER, POWERINDIA, BRITANNIA, TVSMOTOR",39,39,289,0.8281072664359863,both,0
FALCPAT_8762,73,"BSE, NIACL, JWL, COCHINSHIP, RVNL, GRANULES, TMPV, ELECON, CUB, FACT, IRCTC, ITI, FLUOROCHEM, MUTHOOTFIN, WHIRLPOOL, BBTC, INDHOTEL, TIMKEN, KALYANKJIL, BAJAJHLDNG, APTUS, AUBANK, TORNTPOWER, AEGISLOG, ABREL, BRIGADE, BAYERCROP, ZOMATO, INTELLECT, IRB, PCBL, TRENT, MAHABANK, SUNDARMFIN, AUROPHARMA, NBCC, REDINGTON, IEX, NSLNISP, GSPL",73,73,734,1.1048610354223434,both,0
FALCPAT_8764,48,"WELSPUNLIV, INOXWIND, IRFC, ADANIPORTS, HUDCO, INTELLECT, KFINTECH, STARHEALTH, MOTILALOFS, ENGINERSIN, TATAELXSI, DEEPAKFERT, FACT, TECHNOE, VEDL, WOCKPHARMA, NEWGEN, SCI, GRSE, DATAPATTNS, OLECTRA, RVNL, JBMA, GUJGASLTD, ZENTEC, SWANCORP, PRESTIGE, KEC, TIINDIA, APARINDS, KAYNES, HINDCOPPER, LTIM, PVRINOX, IIFL, CARTRADE, SJVN, FINCABLES, IREDA, RBLBANK",48,48,725,1.0537144827586207,both,0
FALCPAT_8765,15,"JBMA, DATAPATTNS, CREDITACC, RVNL, NEWGEN, INDUSTOWER, MMTC, POLICYBZR, DELHIVERY, HONASA, ENGINERSIN, GLAND, OIL, SAMMAANCAP, GRAPHITE",15,15,143,1.182097902097902,both,0
FALCPAT_8766,89,"JWL, OLECTRA, JUBLPHARMA, UCOBANK, CGPOWER, RVNL, IOB, VIJAYA, NUVAMA, KPIL, HSCL, HUDCO, APOLLOHOSP, ABSLAMC, 360ONE, CEMPRO, WOCKPHARMA, LODHA, CHALET, FSL, RAILTEL, FORCEMOT, OBEROIRLTY, HFCL, OIL, INDIACEM, AEGISLOG, PGEL, BIKAJI, AMBER, VOLTAS, JUBLINGREA, PARADEEP, SJVN, NAUKRI, GPIL, NIACL, MAPMYINDIA, VBL, IRB",89,89,758,1.5220963060686017,both,0
FALCPAT_8767,13,"SBICARD, UPL, ATUL, TATACOMM, JKCEMENT, HDFCAMC, ICICIBANK, TATAELXSI, ANURAS, AIIL, KAJARIACER, BALKRISIND, LTM",13,13,352,0.6431704545454544,both,0
FALCPAT_8772,71,"GLAXO, APLAPOLLO, UPL, GODREJIND, AJANTPHARM, ENDURANCE, GLENMARK, FSL, VIJAYA, AMBER, ASTRAL, ATUL, DOMS, MUTHOOTFIN, CHOLAFIN, ANURAS, KFINTECH, TATAELXSI, EIHOTEL, BIKAJI, LAURUSLABS, RADICO, J&KBANK, ESCORTS, COHANCE, JSL, BANDHANBNK, CHALET, TEGA, NAM-INDIA, BALKRISIND, SCHAEFFLER, JBCHEPHARM, BIOCON, LLOYDSME, PNBHOUSING, FORTIS, ZENSARTECH, LINDEINDIA, UNOMINDA",71,71,1455,0.7990632302405499,both,0
FALCPAT_8773,25,"ATUL, PAGEIND, NAVINFLUOR, ZYDUSLIFE, TATAELXSI, AIIL, PETRONET, ASIANPAINT, BAJAJFINSV, RRKABEL, ANURAS, HDFCAMC, BAJFINANCE, BERGEPAINT, CUMMINSIND, INDUSINDBK, INDUSTOWER, MSUMI, STARHEALTH, SHRIRAMFIN, HEROMOTOCO, MUTHOOTFIN, EXIDEIND, GABRIEL, ALKEM",25,25,645,0.6683023255813954,both,0
FALCPAT_8774,49,"KAJARIACER, MOTHERSON, BHARATFORG, GSPL, HINDCOPPER, SUPREMEIND, CHAMBLFERT, LLOYDSME, MAHABANK, CENTRALBK, ERIS, CARBORUNIV, FINCABLES, JINDALSTEL, RVNL, BEL, PFC, EIDPARRY, MMTC, SHYAMMETL, MGL, INDUSINDBK, DIXON, FORCEMOT, COHANCE, INTELLECT, KIMS, NATIONALUM, COROMANDEL, ENGINERSIN, NBCC, JBMA, AMBER, HINDZINC, DEEPAKFERT, NAVINFLUOR, CHOLAFIN, NCC, NLCINDIA, CAMS",49,49,1050,0.8081066666666666,both,0
FALCPAT_8775,12,"MOTHERSON, SIEMENS, NMDC, ONGC, SHYAMMETL, AJANTPHARM, INDIACEM, HONASA, GRSE, AFFLE, OBEROIRLTY, HINDZINC",12,12,216,0.6786157407407408,both,0
FALCPAT_8779,65,"TEGA, JYOTICNC, INDUSTOWER, INOXWIND, JPPOWER, ADANIPORTS, WELSPUNLIV, BHEL, IRB, CONCORDBIO, KFINTECH, JSWENERGY, INTELLECT, NBCC, GODFRYPHLP, GRAPHITE, MOTILALOFS, MCX, ELECON, TATAELXSI, GLENMARK, BSE, KAJARIACER, KEC, JIOFIN, JINDALSTEL, GUJGASLTD, RVNL, PRESTIGE, ADANIPOWER, NEWGEN, INDUSINDBK, THERMAX, CYIENT, KAYNES, HINDCOPPER, IDFCFIRSTB, DIXON, POLICYBZR, TIINDIA",65,65,959,0.9447069864442128,both,0
FALCPAT_8780,17,"BEML, TECHNOE, DATAPATTNS, CREDITACC, KAJARIACER, JBMA, RITES, APARINDS, NEWGEN, MMTC, ZENTEC, SUPREMEIND, ATGL, DELHIVERY, IFCI, ADANIENT, HONASA",17,17,245,1.399730612244898,both,0
FALCPAT_8781,93,"VIJAYA, RADICO, AFFLE, AMBER, GLAXO, SHYAMMETL, UBL, AEGISLOG, APLAPOLLO, DOMS, WOCKPHARMA, SRF, DCMSHRIRAM, ASIANPAINT, GPIL, JBCHEPHARM, KIMS, BEL, PETRONET, AJANTPHARM, ANURAS, SAREGAMA, MAHABANK, HOMEFIRST, ZENSARTECH, BSE, ACE, CAPLIPOINT, SBICARD, POLICYBZR, BIKAJI, J&KBANK, JUBLINGREA, PARADEEP, BLS, SARDAEN, ENDURANCE, CREDITACC, LODHA, ZOMATO",93,93,1916,0.895802713987474,both,0
FALCPAT_8782,10,"SBILIFE, ICICIBANK, ATUL, AIIL, SBIN, ANURAS, TATAELXSI, UPL, CUMMINSIND, HDFCAMC",10,10,304,0.5532993421052632,both,0
FALCPAT_8787,45,"INOXWIND, TEGA, JYOTICNC, JPPOWER, ADANIPORTS, DATAPATTNS, MOTILALOFS, SOBHA, NCC, KFINTECH, DELHIVERY, BEML, JSWENERGY, TIINDIA, RITES, SCI, ELECON, JBMA, MOTHERSON, TRITURBINE, JINDALSTEL, JMFINANCIL, PVRINOX, IFCI, SONATSOFTW, ADANIPOWER, INDUSINDBK, GRSE, DEEPAKFERT, KEC, CONCOR, IIFL, CENTRALBK, JWL, CARBORUNIV, GODFRYPHLP, KAYNES, NEWGEN, KALYANKJIL, FACT",45,45,549,0.9775737704918035,both,0
FALCPAT_8788,34,"SBICARD, TATAELXSI, NAVINFLUOR, ANURAS, ICICIBANK, POWERGRID, UPL, TATACHEM, SUMICHEM, VIJAYA, LAURUSLABS, TATAINVEST, ZYDUSLIFE, ATUL, COROMANDEL, REDINGTON, TATATECH, FSL, CUMMINSIND, ACUTAAS, BSE, BAJAJHLDNG, BEL, APARINDS, POLICYBZR, BAYERCROP, KIMS, KPITTECH, PETRONET, GRANULES, PFC, HAVELLS, INDUSTOWER, ENDURANCE",34,34,1222,0.7434991816693945,both,0
FALCPAT_8789,68,"GODFRYPHLP, SUNDARMFIN, BALRAMCHIN, CHOLAHLDNG, ACUTAAS, KAYNES, APARINDS, NEULANDLAB, TATAELXSI, GLAXO, DATAPATTNS, NUVAMA, ATUL, JUBLINGREA, FLUOROCHEM, APOLLOTYRE, REDINGTON, SHRIRAMFIN, HOMEFIRST, FACT, NCC, KAJARIACER, ECLERX, INDIANB, HINDALCO, AUROPHARMA, CRAFTSMAN, BEML, NBCC, RRKABEL, HINDPETRO, MOTILALOFS, ASAHIINDIA, ZOMATO, APOLLOHOSP, NAVA, HEG, ELECON, M&MFIN, NLCINDIA",68,68,1165,0.9622557939914161,both,0
FALCPAT_8790,17,"BALKRISIND, CROMPTON, INDIGO, CUB, JINDALSTEL, MMTC, CUMMINSIND, HDFCAMC, EXIDEIND, LICHSGFIN, ASHOKLEY, CARBORUNIV, FEDERALBNK, DMART, ANURAS, NAVINFLUOR, DEEPAKNTR",17,17,455,0.7461582417582417,both,0
FALCPAT_8791,82,"SJVN, ACUTAAS, GICRE, YESBANK, GLAND, SARDAEN, CONCORDBIO, ADANIENT, VIJAYA, KIRLOSENG, SUZLON, AEGISLOG, HFCL, NAUKRI, ZENTEC, BALRAMCHIN, POONAWALLA, ADANIPOWER, JINDALSAW, GODFRYPHLP, IOB, 360ONE, ABCAPITAL, SAREGAMA, ESCORTS, IREDA, MINDACORP, USHAMART, NSLNISP, GRSE, GESHIP, UCOBANK, GUJGASLTD, KAYNES, GVT&D, WOCKPHARMA, CAPLIPOINT, IRFC, CEMPRO, HAL",82,82,447,1.5402774049217003,both,0
FALCPAT_8803,37,"INOXWIND, TEGA, JYOTICNC, ADANIPORTS, JPPOWER, DATAPATTNS, IFCI, TIINDIA, RITES, MOTILALOFS, NCC, SCI, KFINTECH, BEML, JSWENERGY, GODFRYPHLP, ELECON, NEWGEN, JBMA, KEC, TRITURBINE, JINDALSTEL, TECHNOE, SONATSOFTW, ZENTEC, KAYNES, GRSE, MRPL, IIFL, PVRINOX, MMTC, JWL, INDUSINDBK, CARBORUNIV, THERMAX, CDSL, BDL",37,37,452,1.1916039823008853,both,0
FALCPAT_8805,36,"NAVINFLUOR, LICHSGFIN, MMTC, NAUKRI, EXIDEIND, PETRONET, YESBANK, ANURAS, LUPIN, HONASA, DIXON, BATAINDIA, SBFC, INDHOTEL, COCHINSHIP, ASHOKLEY, GLENMARK, PATANJALI, HFCL, HUDCO, CRAFTSMAN, BEML, RAILTEL, ABSLAMC, JYOTICNC, DOMS, CAPLIPOINT, BLUEJET, DELHIVERY, GABRIEL, JBCHEPHARM, HINDPETRO, MUTHOOTFIN, TARIL, MOTHERSON, BALRAMCHIN",36,36,921,0.7636243213897937,both,0
FALCPAT_8806,24,"INDIAMART, MOTHERSON, APOLLOTYRE, OFSS, MGL, 3MINDIA, MPHASIS, JYOTICNC, JINDALSTEL, CONCORDBIO, VBL, AFFLE, POONAWALLA, MMTC, CHOLAFIN, CHAMBLFERT, COROMANDEL, AARTIIND, OBEROIRLTY, BHARATFORG, COHANCE, AIIL, FINCABLES, ADANIPORTS",24,24,503,0.74427634194831,both,0
FALCPAT_8811,63,"PGEL, J&KBANK, GRAVITA, GRANULES, BIKAJI, PCBL, ENDURANCE, TATAINVEST, POLICYBZR, POLYMED, APOLLOHOSP, HBLENGINE, EMAMILTD, TARIL, CAMS, LINDEINDIA, NEULANDLAB, NAVA, SCHAEFFLER, RKFORGE, JIOFIN, POONAWALLA, ABREL, BHARATFORG, KAYNES, ADANIPORTS, ANGELONE, JKTYRE, MCX, DATAPATTNS, KPITTECH, HSCL, RECLTD, PATANJALI, GODFRYPHLP, MPHASIS, INOXWIND, IGL, TRITURBINE, SONACOMS",63,63,1207,0.9584225352112679,both,0
FALCPAT_8812,7,"CYIENT, CGCL, CREDITACC, ADANIPOWER, JBMA, RRKABEL, MMTC",7,7,56,0.9585714285714285,both,0
FALCPAT_8813,22,"VIJAYA, CEMPRO, PPLPHARMA, GMDCLTD, FSL, DEEPAKFERT, RITES, ITI, CGCL, HFCL, SOBHA, JPPOWER, ELECON, PGEL, SAREGAMA, RAILTEL, JMFINANCIL, AEGISLOG, NIACL, SARDAEN, AMBER, INOXWIND",22,22,157,1.490745222929936,both,0
FALCPAT_8815,26,"BSOFT, NAVINFLUOR, APOLLOTYRE, RRKABEL, TVSMOTOR, MGL, ATUL, PETRONET, GLENMARK, INDUSINDBK, LUPIN, STARHEALTH, MOTHERSON, COROMANDEL, CUB, KIMS, SIGNATURE, BAJAJFINSV, GUJGASLTD, HINDZINC, ANURAS, NAUKRI, CUMMINSIND, DELHIVERY, CHOLAFIN, SIEMENS",26,26,458,0.773740174672489,both,0
FALCPAT_8837,1,BHARTIARTL,1,1,14,1.069,both,0
FALCPAT_8846,2,"ULTRACEMCO, DABUR",2,2,25,0.7998000000000001,both,0
FALCPAT_8851,46,"NEWGEN, KAYNES, KFINTECH, ADANIPORTS, ENGINERSIN, TIMKEN, TECHNOE, KEC, RBLBANK, ANGELONE, FINCABLES, RVNL, HINDCOPPER, HINDALCO, DELHIVERY, LTIM, AUROPHARMA, PVRINOX, SUPREMEIND, FACT, WELSPUNLIV, RHIM, IRFC, KAJARIACER, ADANIPOWER, JUBLFOOD, GODFRYPHLP, SWANCORP, IIFL, AARTIIND, SAIL, VTL, HINDZINC, NETWEB, ZENTEC, OLECTRA, APARINDS, MPHASIS, JBMA, BEML",46,46,568,1.1438873239436618,both,0
FALCPAT_8854,79,"GODREJIND, INDIANB, APLAPOLLO, GLAXO, LALPATHLAB, LODHA, FACT, DOMS, CCL, NAVINFLUOR, TATACONSUM, DEVYANI, RADICO, SUNTV, FSL, ERIS, WOCKPHARMA, PIIND, FIVESTAR, GPIL, KPRMILL, BIKAJI, VIJAYA, POLICYBZR, ECLERX, MANKIND, POONAWALLA, RAMCOCEM, BANKINDIA, JSWINFRA, UPL, EIDPARRY, PRESTIGE, SYRMA, BDL, GRASIM, JSWENERGY, ZFCVINDIA, NLCINDIA, STARHEALTH",79,79,1475,0.8310942372881355,both,0
FALCPAT_8875,42,"LLOYDSME, BEL, MARUTI, ICICIBANK, JBCHEPHARM, FSL, ZENSARTECH, SHYAMMETL, SBFC, SARDAEN, RADICO, SRF, KIMS, BLUEJET, PETRONET, NUVAMA, AEGISLOG, SUNDARMFIN, INDIGO, KOTAKBANK, ERIS, ACUTAAS, GICRE, AXISBANK, BANKBARODA, EICHERMOT, MCDOWELL-N, COHANCE, ECLERX, MINDACORP, SHRIRAMFIN, ABSLAMC, JUBLPHARMA, DOMS, ALKEM, JSWSTEEL, KFINTECH, CUMMINSIND, VIJAYA, HAVELLS",42,42,1241,0.7433537469782433,both,0
FALCPAT_8876,61,"BANKBARODA, TATASTEEL, BLUESTARCO, RAINBOW, ECLERX, LTFOODS, ACUTAAS, HINDCOPPER, LAURUSLABS, NLCINDIA, MEDANTA, TATACONSUM, MINDACORP, MANAPPURAM, TATAPOWER, TIMKEN, DEEPAKFERT, HONASA, PGEL, SBFC, KALYANKJIL, OLECTRA, ZFCVINDIA, THERMAX, TORNTPOWER, NSLNISP, CANBK, JYOTICNC, NAM-INDIA, SOBHA, CHENNPETRO, NEWGEN, CREDITACC, PIIND, PRESTIGE, ACE, ASHOKLEY, ESCORTS, ACC, GVT&D",61,61,689,0.9743730043541363,both,0
FALCPAT_8877,99,"LLOYDSME, PARADEEP, NLCINDIA, RAMCOCEM, DOMS, MOTILALOFS, PHOENIXLTD, LODHA, KIRLOSENG, SUMICHEM, COHANCE, GPIL, TRITURBINE, SONATSOFTW, PRESTIGE, JBCHEPHARM, AMBER, CARTRADE, VIJAYA, SHYAMMETL, POLICYBZR, SUNDARMFIN, PIDILITIND, DCMSHRIRAM, SIGNATURE, POONAWALLA, UNOMINDA, FACT, FIVESTAR, SPLPETRO, M&MFIN, CCL, COALINDIA, NATCOPHARM, VTL, ABBOTINDIA, KPRMILL, ACE, BEML, FSL",99,99,1700,0.9087929411764705,both,0
FALCPAT_8878,78,"ITI, POWERINDIA, GODFRYPHLP, POONAWALLA, ELECON, ABB, SOLARINDS, APARINDS, GMDCLTD, IIFL, SHRIRAMFIN, BALRAMCHIN, CRAFTSMAN, NAVA, INTELLECT, CONCORDBIO, RAILTEL, IDFCFIRSTB, IRCON, CANFINHOME, TARIL, CHALET, GICRE, ZENTEC, PRESTIGE, WELSPUNLIV, LATENTVIEW, JSWENERGY, JSWINFRA, ANGELONE, KFINTECH, GRAVITA, CRISIL, FACT, HAVELLS, ADANIENT, JIOFIN, VEDL, TTML, RBLBANK",78,78,542,1.2076291512915132,both,0
FALCPAT_8879,45,"BRITANNIA, HEROMOTOCO, BAJFINANCE, FEDERALBNK, GILLETTE, DELHIVERY, DOMS, INDIACEM, ITC, BBTC, REDINGTON, POWERGRID, GVT&D, APLAPOLLO, IDFCFIRSTB, NUVAMA, NCC, ABREL, VOLTAS, TMPV, JUBLPHARMA, BDL, ULTRACEMCO, CUMMINSIND, GAIL, PRESTIGE, DLF, KPITTECH, INDHOTEL, MCX, INDGN, KARURVYSYA, MMTC, CLEAN, LLOYDSME, CARBORUNIV, SIEMENS, INTELLECT, CHOLAFIN, GRASIM",45,45,1023,0.8126099706744869,both,0
FALCPAT_8881,60,"NIACL, COCHINSHIP, MRPL, KFINTECH, PTCIL, HUDCO, INTELLECT, JMFINANCIL, 3MINDIA, OLECTRA, FORCEMOT, MAZDOCK, JPPOWER, JWL, TECHNOE, BIKAJI, CHALET, DOMS, ZENTEC, BLUEJET, SCI, ATGL, SAREGAMA, PPLPHARMA, USHAMART, POWERINDIA, NBCC, LLOYDSME, ELECON, INDIAMART, PATANJALI, HSCL, HINDCOPPER, CHENNPETRO, UTIAMC, AJANTPHARM, SAPPHIRE, GLAND, MAPMYINDIA, RECLTD",60,60,933,0.8561425509110397,both,0
FALCPAT_8882,77,"RAILTEL, RITES, FINCABLES, SYRMA, PCBL, ATGL, GPIL, KALYANKJIL, GRSE, BDL, POWERINDIA, USHAMART, GSPL, FLUOROCHEM, CREDITACC, JSWINFRA, CHOLAHLDNG, ARE&M, KEC, SUPREMEIND, MMTC, INDIACEM, HOMEFIRST, DATAPATTNS, ADANIENSOL, PNB, WHIRLPOOL, ACUTAAS, MOTILALOFS, OLECTRA, ABB, UTIAMC, AMBUJACEM, APTUS, MFSL, BIOCON, POLYMED, TRITURBINE, OFSS, ANANDRATHI",77,77,832,0.9978064903846154,both,0
FALCPAT_8883,88,"GILLETTE, VIJAYA, ACE, ANANDRATHI, UPL, SOLARINDS, IDBI, J&KBANK, AJANTPHARM, HCLTECH, AEGISLOG, PNB, DCMSHRIRAM, HBLENGINE, LICHSGFIN, CAPLIPOINT, LODHA, TITAN, ZOMATO, TATAINVEST, RAINBOW, NLCINDIA, SHRIRAMFIN, PHOENIXLTD, POLICYBZR, EIHOTEL, GPIL, POLYCAB, BLS, DLF, VBL, GRANULES, JSL, JUBLPHARMA, FLUOROCHEM, LAURUSLABS, POONAWALLA, BIKAJI, ENDURANCE, PNBHOUSING",88,88,2176,0.8254843749999999,both,0
FALCPAT_8888,45,"ADANIPORTS, OLECTRA, CARTRADE, ENGINERSIN, FACT, RITES, IDFCFIRSTB, RBLBANK, HINDCOPPER, TECHNOE, KAJARIACER, ANANTRAJ, IIFL, JBMA, COCHINSHIP, GRAPHITE, IRFC, FINCABLES, OIL, ZENTEC, SWANCORP, ZYDUSLIFE, BEML, ADANIPOWER, HINDALCO, INDUSINDBK, KIRLOSENG, AARTIIND, INTELLECT, ASTRAL, RVNL, NETWEB, BSOFT, JKTYRE, DATAPATTNS, DELHIVERY, SCI, NCC, APARINDS, HUDCO",45,45,705,0.8949716312056737,both,0
FALCPAT_8890,147,"ERIS, HFCL, TATAELXSI, AUROPHARMA, POONAWALLA, IDFCFIRSTB, GLENMARK, VBL, EIDPARRY, INDUSINDBK, CUMMINSIND, HDFCAMC, ABCAPITAL, LLOYDSME, CUB, AFFLE, ATGL, ABREL, VOLTAS, IRCTC, LTF, SAIL, IRFC, PRESTIGE, ACUTAAS, NCC, ACE, SUNTV, BANKBARODA, INDHOTEL, JSWENERGY, SAMMAANCAP, AIAENG, RECLTD, NATIONALUM, WOCKPHARMA, HBLENGINE, LICHSGFIN, FORCEMOT, CHOLAHLDNG",147,147,2001,1.2769170414792603,both,0
FALCPAT_8903,18,"ITI, DOMS, BHARTIHEXA, NIACL, FORCEMOT, BDL, KFINTECH, GRSE, KAYNES, MAZDOCK, GODREJIND, COCHINSHIP, OLECTRA, RVNL, HONASA, LODHA, ERIS, MRPL",18,18,1233,0.6595896188158963,both,0
FALCPAT_8904,77,"FORTIS, APLAPOLLO, FSL, PPLPHARMA, KIMS, AJANTPHARM, UNOMINDA, GILLETTE, INDHOTEL, SHYAMMETL, POWERGRID, NH, J&KBANK, CGCL, POLYMED, ACUTAAS, LICI, TEGA, SHRIRAMFIN, VBL, SBFC, NLCINDIA, TATAINVEST, ADANIPOWER, MARICO, LTFOODS, ACE, RAINBOW, BIKAJI, CEATLTD, ANANDRATHI, 3MINDIA, EMAMILTD, SAPPHIRE, ICICIBANK, ALKEM, USHAMART, AEGISLOG, UBL, HBLENGINE",77,77,1448,0.878839779005525,both,0
FALCPAT_8907,54,"DOMS, LODHA, MOTILALOFS, IREDA, PARADEEP, PHOENIXLTD, SPLPETRO, FORCEMOT, POWERINDIA, ACUTAAS, POLYMED, GPIL, BSE, DCMSHRIRAM, CHALET, BDL, CARTRADE, UTIAMC, TRITURBINE, BLUEJET, LLOYDSME, AMBER, BANKINDIA, BLS, SIGNATURE, JYOTICNC, ATGL, ZFCVINDIA, COHANCE, WELCORP, USHAMART, MCX, CHAMBLFERT, POLICYBZR, NATCOPHARM, DEVYANI, JSL, SBFC, SWANCORP, NIACL",54,54,1426,0.7398330995792426,both,0
FALCPAT_8908,18,"ITI, BHARTIHEXA, MAZDOCK, COCHINSHIP, KFINTECH, GRSE, KAYNES, LINDEINDIA, RVNL, RITES, HUDCO, MRPL, OLECTRA, WOCKPHARMA, MAXHEALTH, BDL, NIACL, FORCEMOT",18,18,1164,0.737041237113402,both,0
FALCPAT_8909,61,"GILLETTE, ACE, SAPPHIRE, NLCINDIA, SOLARINDS, AJANTPHARM, VIJAYA, REDINGTON, JSL, SHRIRAMFIN, HCLTECH, DLF, ZOMATO, TITAN, UPL, EIHOTEL, GPIL, PHOENIXLTD, CHOLAFIN, LODHA, AEGISLOG, POONAWALLA, BLS, SAREGAMA, NUVAMA, DCMSHRIRAM, POLYCAB, ZENSARTECH, POLICYBZR, JSWSTEEL, ECLERX, 3MINDIA, JUBLPHARMA, GRANULES, DALBHARAT, ALKEM, SBILIFE, HBLENGINE, KAYNES, BRITANNIA",61,61,1807,0.833634200332042,both,0
FALCPAT_8934,20,"MMTC, WHIRLPOOL, UCOBANK, ADANIENT, IOB, TTML, RBLBANK, DELHIVERY, CREDITACC, INTELLECT, KAJARIACER, ADANIPOWER, OIL, LTIM, AARTIIND, IDEA, NAUKRI, BSOFT, ZYDUSLIFE, GRAPHITE",20,20,179,1.3692625698324024,both,0
FALCPAT_8935,35,"IREDA, KPITTECH, BAYERCROP, INTELLECT, BIKAJI, BEML, LINDEINDIA, J&KBANK, SAIL, VOLTAS, TEGA, NIACL, CARTRADE, JINDALSTEL, ICICIPRULI, KEI, NCC, SIEMENS, LALPATHLAB, CCL, ABREL, ATUL, AUROPHARMA, JUBLFOOD, LTIM, AMBUJACEM, DCMSHRIRAM, WELCORP, HINDPETRO, DMART, PIIND, CDSL, ASTRAL, CRAFTSMAN, GSPL",35,35,229,1.1743449781659387,both,0
FALCPAT_8938,89,"NUVAMA, TARIL, 360ONE, AWL, ITI, ABSLAMC, POONAWALLA, NEULANDLAB, RVNL, CONCORDBIO, BHEL, BALKRISIND, GODREJIND, VBL, GRAVITA, NBCC, TEGA, SUZLON, INDUSTOWER, OBEROIRLTY, APOLLOHOSP, BIKAJI, USHAMART, HBLENGINE, PERSISTENT, PTCIL, FINCABLES, FORCEMOT, MAPMYINDIA, KFINTECH, BLS, CHALET, SONACOMS, ANGELONE, ADANIPOWER, HUDCO, JINDALSAW, ENGINERSIN, ELGIEQUIP, GODREJCP",89,89,951,1.1195036803364877,both,0
FALCPAT_8939,84,"KARURVYSYA, ATUL, LAURUSLABS, ACUTAAS, CUMMINSIND, HOMEFIRST, PETRONET, BATAINDIA, SHYAMMETL, BERGEPAINT, UBL, INDHOTEL, GLAXO, HDFCAMC, GILLETTE, INDUSINDBK, POONAWALLA, GICRE, ANURAS, SUMICHEM, MAHABANK, POLICYBZR, PFC, GRANULES, ACE, JUBLINGREA, MARUTI, 360ONE, PPLPHARMA, MUTHOOTFIN, LTFOODS, ASIANPAINT, PAYTM, GAIL, BSE, RADICO, REDINGTON, VIJAYA, NAVA, AJANTPHARM",84,84,1686,0.8545124555160142,both,0
FALCPAT_8940,77,"REDINGTON, ASTERDM, KPITTECH, KPIL, SUMICHEM, NCC, ABFRL, FEDERALBNK, USHAMART, ANANDRATHI, CREDITACC, NAUKRI, ONGC, FORCEMOT, COROMANDEL, WELCORP, INDIANB, SHRIRAMFIN, JUBLPHARMA, JUBLFOOD, RBLBANK, PRESTIGE, NATIONALUM, GMDCLTD, COALINDIA, CLEAN, BEL, IOC, KIRLOSENG, ABREL, GSPL, CESC, MGL, GODREJPROP, SUNTV, DOMS, ARE&M, GLENMARK, ASAHIINDIA, GESHIP",77,77,1283,0.9042190179267343,both,0
FALCPAT_8942,40,"NAVINFLUOR, INDUSINDBK, UPL, APARINDS, ENDURANCE, STARHEALTH, ATUL, KFINTECH, GODREJIND, CEMPRO, ANURAS, ACC, BALKRISIND, RHIM, COROMANDEL, INTELLECT, INDIAMART, CDSL, PETRONET, SONATSOFTW, 3MINDIA, M&MFIN, JSL, TBOTEK, NHPC, JINDALSTEL, POWERINDIA, RRKABEL, HDFCAMC, GMRAIRPORT, BHARTIHEXA, GRASIM, RADICO, CESC, BIOCON, KIMS, MGL, NMDC, GODFRYPHLP, SIGNATURE",40,40,1132,0.6978568904593639,both,0
FALCPAT_8943,13,"KPRMILL, CONCORDBIO, MOTHERSON, COROMANDEL, INDIACEM, OBEROIRLTY, MMTC, COHANCE, MGL, HINDZINC, SIEMENS, OFSS, ITI",13,13,336,0.8102380952380954,both,0
FALCPAT_8949,84,"DCMSHRIRAM, CONCOR, AUROPHARMA, ENDURANCE, POONAWALLA, VIJAYA, BANDHANBNK, SARDAEN, LTFOODS, ADANIPOWER, NATIONALUM, PATANJALI, ADANIPORTS, J&KBANK, CGPOWER, JYOTICNC, DLF, SONACOMS, HOMEFIRST, NUVAMA, ACE, JSWSTEEL, ZENSARTECH, SUNDARMFIN, BLUEJET, PCBL, CASTROLIND, KPIL, TATACHEM, COHANCE, MAZDOCK, GLAND, OLECTRA, PHOENIXLTD, TEGA, NAUKRI, IRFC, SIEMENS, NEWGEN, UTIAMC",84,84,887,1.0871713641488163,both,0
FALCPAT_8951,69,"CONCORDBIO, SHYAMMETL, MAZDOCK, NSLNISP, JKTYRE, PGEL, BLUEDART, IGL, BSE, BHEL, CHOLAHLDNG, ACE, HBLENGINE, LTFOODS, JBMA, PRESTIGE, JUBLPHARMA, ELECON, GVT&D, LINDEINDIA, ASTRAL, SCI, ECLERX, ATUL, MAPMYINDIA, BALRAMCHIN, INOXWIND, SUNDARMFIN, MUTHOOTFIN, MAXHEALTH, ABREL, NUVAMA, GLENMARK, IRB, ANANTRAJ, BHARATFORG, MMTC, CANFINHOME, NATIONALUM, IREDA",69,69,742,0.9493328840970349,both,0
FALCPAT_8952,112,"POONAWALLA, CONCOR, CREDITACC, FEDERALBNK, COALINDIA, DOMS, SUMICHEM, ABREL, SHYAMMETL, UBL, ASAHIINDIA, HUDCO, ARE&M, CYIENT, MCX, TECHM, PFC, SJVN, NCC, ECLERX, TVSMOTOR, PPLPHARMA, NUVOCO, GAIL, BIKAJI, WELCORP, AJANTPHARM, USHAMART, CEATLTD, KPITTECH, GRAVITA, ACUTAAS, ESCORTS, JUBLPHARMA, ANURAS, GMRAIRPORT, AXISBANK, JBCHEPHARM, GLAXO, ENGINERSIN",112,112,2108,0.9023092979127133,both,0
FALCPAT_8953,30,"PAGEIND, BALKRISIND, NAVINFLUOR, UPL, PETRONET, INDUSINDBK, KFINTECH, ANURAS, BAJAJFINSV, ATUL, APARINDS, GODREJIND, POWERINDIA, ENDURANCE, HEROMOTOCO, COROMANDEL, STARHEALTH, BERGEPAINT, MUTHOOTFIN, CDSL, GRASIM, CEMPRO, DATAPATTNS, NHPC, CESC, GMRAIRPORT, GODFRYPHLP, JSL, SBFC, HDFCAMC",30,30,981,0.7178654434250763,both,0
FALCPAT_8954,11,"KPRMILL, CONCORDBIO, MOTHERSON, COROMANDEL, INDIACEM, OBEROIRLTY, COHANCE, MMTC, MGL, HINDZINC, SIEMENS",11,11,259,0.8461969111969112,both,0
FALCPAT_8957,94,"HBLENGINE, NUVAMA, MAZDOCK, FORCEMOT, PARADEEP, APTUS, NAVINFLUOR, J&KBANK, EIDPARRY, VBL, POWERINDIA, SBICARD, POLYMED, PNB, HDFCLIFE, CANBK, TATAINVEST, ENDURANCE, OLECTRA, 360ONE, BANKBARODA, ZENSARTECH, GPIL, CGPOWER, SYRMA, POONAWALLA, BANKINDIA, USHAMART, INDIACEM, KEI, GRANULES, JSWSTEEL, BOSCHLTD, BALRAMCHIN, GLENMARK, BALKRISIND, JWL, AUBANK, DLF, POLICYBZR",94,94,1470,1.0275414965986391,both,0
FALCPAT_8958,59,"GODREJIND, AEGISLOG, SONACOMS, JYOTICNC, TATACOMM, RVNL, LODHA, JIOFIN, BIKAJI, ANURAS, TORNTPOWER, IDFCFIRSTB, NYKAA, BSOFT, ETERNAL, KPITTECH, ELECON, NLCINDIA, DELHIVERY, KPRMILL, BAYERCROP, APTUS, IREDA, TEGA, SOLARINDS, VOLTAS, SPLPETRO, ABB, IGL, DATAPATTNS, NIACL, GRAPHITE, CGPOWER, SJVN, LALPATHLAB, ACE, BLUEDART, IFCI, IEX, POLYCAB",59,59,644,1.0257049689440993,both,0
FALCPAT_8963,27,"TATAINVEST, AFFLE, GLAXO, BBTC, SOLARINDS, NBCC, DIXON, SOBHA, INDUSTOWER, RPOWER, IRB, COHANCE, POWERGRID, TORNTPOWER, CAPLIPOINT, KPIL, MAHABANK, JUBLPHARMA, BHEL, ADANIPOWER, GVT&D, CARTRADE, SCI, CEMPRO, POLYMED, CENTRALBK, JSL",27,27,682,0.7016158357771262,both,0
FALCPAT_8964,30,"ARE&M, INDIACEM, HINDZINC, IDEA, FACT, COCHINSHIP, ADANIGREEN, TRENT, GRSE, MAZDOCK, WOCKPHARMA, BSE, SJVN, CHENNPETRO, NETWEB, DEEPAKFERT, IFCI, BDL, NIACL, NEULANDLAB, PRESTIGE, ITI, FORCEMOT, JPPOWER, ANANTRAJ, KFINTECH, GVT&D, GRAVITA, FINCABLES, NAUKRI",30,30,845,0.9495384615384617,both,0
FALCPAT_8966,57,"KARURVYSYA, NH, TATAELXSI, REDINGTON, LAURUSLABS, ULTRACEMCO, ICICIBANK, SUNTV, ACUTAAS, MCDOWELL-N, UNITDSPR, TBOTEK, UPL, HAVELLS, BPCL, RADICO, ERIS, ATUL, SBILIFE, JBCHEPHARM, SRF, BERGEPAINT, AFFLE, CHAMBLFERT, COHANCE, PNB, CONCOR, SHRIRAMFIN, KAJARIACER, ECLERX, PATANJALI, MAXHEALTH, FSL, NUVAMA, INDIANB, FORTIS, CHOLAFIN, LLOYDSME, APARINDS, ACE",57,57,1851,0.7722787682333874,both,0
FALCPAT_8967,82,"APLAPOLLO, ANURAS, GODREJIND, ERIS, CCL, KAJARIACER, GLAXO, SBICARD, TMPV, EIDPARRY, CHALET, PARADEEP, JSWINFRA, BEML, DOMS, FIVESTAR, BEL, KFINTECH, BANKINDIA, ESCORTS, BSE, LODHA, INDHOTEL, INDIANB, SUNDARMFIN, INDIACEM, RITES, TATAINVEST, SPLPETRO, HBLENGINE, UNOMINDA, DATAPATTNS, SIGNATURE, ECLERX, DCMSHRIRAM, ATUL, MAPMYINDIA, PRESTIGE, SONATSOFTW, NLCINDIA",82,82,2311,0.7773825183903073,both,0
FALCPAT_8969,20,"HONASA, HDFCLIFE, SIEMENS, AUROPHARMA, BAJAJ-AUTO, MUTHOOTFIN, CUMMINSIND, HDFCAMC, PIIND, UPL, MFSL, COROMANDEL, EICHERMOT, IFCI, POLYCAB, PFIZER, FINCABLES, CREDITACC, PERSISTENT, M&MFIN",20,20,509,0.7191296660117876,both,0
FALCPAT_8970,36,"IOB, CONCORDBIO, TIMKEN, UCOBANK, TATAINVEST, HINDZINC, NIACL, GRSE, OLECTRA, ITI, MAZDOCK, ABB, MMTC, RVNL, COLPAL, SBILIFE, KFINTECH, BPCL, HEROMOTOCO, GODREJIND, HUDCO, ZYDUSWELL, AAVAS, GLAND, BDL, GICRE, ANURAS, SIEMENS, AIIL, SOLARINDS, CYIENT, PFIZER, CHOLAHLDNG, BHARATFORG, COCHINSHIP, IGL",36,36,889,0.9961923509561305,both,0
FALCPAT_8973,32,"NEWGEN, OIL, CONCORDBIO, POWERINDIA, ELECON, SWANCORP, TEGA, ANGELONE, OFSS, UTIAMC, IRCON, TECHNOE, GMDCLTD, WELCORP, NIACL, LODHA, HBLENGINE, POLYMED, CARTRADE, COCHINSHIP, RADICO, TITAGARH, APARINDS, MARUTI, MANKIND, FIVESTAR, PRESTIGE, ABB, ASAHIINDIA, GRAPHITE, SOLARINDS, FORTIS",32,32,598,0.768324414715719,both,0
FALCPAT_9004,33,"JIOFIN, UBL, M&M, FEDERALBNK, PETRONET, BERGEPAINT, HDFCAMC, BATAINDIA, GRASIM, ATUL, AFFLE, COROMANDEL, APOLLOHOSP, ZYDUSWELL, BLUEDART, BAJAJFINSV, GLENMARK, CHOLAFIN, ICICIPRULI, MSUMI, BALRAMCHIN, GRANULES, SRF, SHRIRAMFIN, TATAINVEST, HEROMOTOCO, BANDHANBNK, SBFC, NUVOCO, AEGISLOG, NAM-INDIA, CUMMINSIND, MARUTI",33,33,846,0.6598427895981088,both,0
FALCPAT_9005,72,"POONAWALLA, GLAXO, JUBLPHARMA, HDFCAMC, APLAPOLLO, IPCALAB, INDUSINDBK, AIIL, TECHM, CHAMBLFERT, DLF, KIMS, BANKBARODA, SONACOMS, LLOYDSME, MAZDOCK, CUMMINSIND, JSL, IDFCFIRSTB, CONCOR, HEROMOTOCO, GMRAIRPORT, NAVA, POWERGRID, PETRONET, CREDITACC, SUNTV, ATUL, ACUTAAS, POLICYBZR, COROMANDEL, MAHABANK, RHIM, SHYAMMETL, LICI, GVT&D, PGEL, NHPC, GODFRYPHLP, GODREJIND",72,72,1841,0.9408712656165128,both,0
FALCPAT_9006,37,"CHOLAFIN, OBEROIRLTY, CHAMBLFERT, HINDZINC, REDINGTON, BIOCON, SUMICHEM, INDUSTOWER, PHOENIXLTD, INTELLECT, VEDL, WELCORP, RECLTD, SAMMAANCAP, ANURAS, IIFL, BANKBARODA, EXIDEIND, PRESTIGE, ENDURANCE, ABFRL, GABRIEL, KPRMILL, SONATSOFTW, TARIL, SCHAEFFLER, EIHOTEL, ELECON, CYIENT, TIMKEN, FORCEMOT, HUDCO, UTIAMC, IFCI, CENTRALBK, ADANIGREEN, COHANCE",37,37,842,0.8405783847981,both,0
FALCPAT_9016,74,"VIJAYA, AMBER, UBL, AEGISLOG, DRREDDY, SRF, DOMS, GPIL, KIMS, AJANTPHARM, SARDAEN, SUNDARMFIN, SHYAMMETL, REDINGTON, TATAINVEST, PPLPHARMA, PIDILITIND, PARADEEP, POLICYBZR, ZENSARTECH, IDBI, JYOTICNC, TVSMOTOR, TATACONSUM, LODHA, APLAPOLLO, ICICIGI, HCLTECH, BANKINDIA, ACE, BLS, CAPLIPOINT, POLYMED, HOMEFIRST, GRAVITA, SAREGAMA, SUMICHEM, ASIANPAINT, NUVOCO, COHANCE",74,74,1799,0.8279244024458033,both,0
FALCPAT_9017,65,"NUVAMA, ECLERX, ELECON, SUNTV, LATENTVIEW, CANBK, BLUESTARCO, PHOENIXLTD, SHYAMMETL, SBILIFE, CESC, KAJARIACER, LICI, ZOMATO, CUMMINSIND, SUMICHEM, HDFCLIFE, BIOCON, BALKRISIND, SHRIRAMFIN, NLCINDIA, EIDPARRY, FSL, RRKABEL, PIIND, APARINDS, TATAELXSI, IOC, PGEL, SPLPETRO, LALPATHLAB, CHALET, BALRAMCHIN, TATACHEM, ABFRL, TORNTPOWER, POLYCAB, TIINDIA, KPRMILL, BRIGADE",65,65,1185,0.7968059071729958,both,0
FALCPAT_9043,45,"BBTC, KALYANKJIL, RPOWER, ZFCVINDIA, JWL, KFINTECH, ICICIBANK, SWANCORP, MEDANTA, KIRLOSENG, BIKAJI, ABBOTINDIA, NSLNISP, MOTILALOFS, PIIND, COHANCE, GRASIM, IDBI, UNITDSPR, FACT, ZENSARTECH, CRAFTSMAN, MCDOWELL-N, ABREL, M&M, PARADEEP, LTM, HDFCAMC, BHARTIARTL, LTIM, NEWGEN, FORCEMOT, KEI, AMBER, LAURUSLABS, KPIL, ENGINERSIN, SBICARD, HEROMOTOCO, BSE",45,45,791,0.8619266750948168,both,0
FALCPAT_9044,28,"PTCIL, RVNL, HONASA, NIACL, HONAUT, ERIS, WHIRLPOOL, CONCORDBIO, SYRMA, RRKABEL, BHARTIHEXA, WOCKPHARMA, INDIACEM, SAREGAMA, BSE, TTML, NEULANDLAB, IRB, AXISBANK, JUBLPHARMA, KFINTECH, TATAINVEST, IDFCFIRSTB, CARTRADE, INFY, BIKAJI, NATIONALUM, FLUOROCHEM",28,28,936,0.7811517094017094,both,0
FALCPAT_9047,32,"STARHEALTH, MSUMI, TVSMOTOR, ANURAS, ATUL, APLAPOLLO, PETRONET, MUTHOOTFIN, UBL, NAVINFLUOR, BAJAJFINSV, HDFCAMC, BALKRISIND, KIMS, GUJGASLTD, BAYERCROP, INDIACEM, GODREJIND, M&M, SHYAMMETL, COROMANDEL, BDL, BIOCON, INTELLECT, SUNTV, BAJFINANCE, CONCORDBIO, MMTC, GRASIM, VOLTAS, BSE, GMRAIRPORT",32,32,1004,0.6783515936254979,both,0
FALCPAT_9048,28,"SUZLON, GLAXO, ANGELONE, SAREGAMA, MEDANTA, VIJAYA, PPLPHARMA, BBTC, ABREL, ACE, CYIENT, HAL, DCMSHRIRAM, NATIONALUM, BEML, ERIS, GRSE, MAHABANK, GMDCLTD, ITI, BHEL, MRPL, RECLTD, HFCL, GABRIEL, GVT&D, JYOTICNC, DEEPAKFERT",28,28,395,0.8924101265822785,both,0
FALCPAT_9058,23,"PTCIL, BHARTIHEXA, ITI, CARTRADE, LALPATHLAB, NIACL, RVNL, HONASA, KFINTECH, HDFCBANK, NUVAMA, GVT&D, BSE, BHARTIARTL, AIAENG, ERIS, ZENTEC, TATAELXSI, BIKAJI, KOTAKBANK, SBICARD, TATACONSUM, BAJAJHLDNG",23,23,713,0.8287279102384291,both,0
FALCPAT_9060,33,"JIOFIN, NAVINFLUOR, PETRONET, TVSMOTOR, INDUSINDBK, ATUL, HDFCAMC, ANURAS, HEROMOTOCO, M&MFIN, MUTHOOTFIN, ICICIPRULI, COROMANDEL, GODREJCP, BERGEPAINT, SUNTV, AXISBANK, APLAPOLLO, ASIANPAINT, APOLLOHOSP, GLENMARK, NTPC, KIMS, HINDZINC, TBOTEK, GRASIM, MGL, M&M, BALRAMCHIN, UBL, CUMMINSIND, SRF, BALKRISIND",33,33,623,0.7034189406099518,both,0
FALCPAT_9061,43,"CGPOWER, BIKAJI, HSCL, ANGELONE, NAVA, DEEPAKFERT, NUVAMA, NBCC, ITI, ACE, ENGINERSIN, JINDALSAW, INOXWIND, WELSPUNLIV, SCI, ADANIPOWER, USHAMART, PPLPHARMA, 360ONE, TEGA, ZENSARTECH, LODHA, CYIENT, POWERINDIA, POLYMED, PARADEEP, ADANIPORTS, PTCIL, OLECTRA, TARIL, VOLTAS, CONCORDBIO, NAM-INDIA, ABREL, SYRMA, JYOTICNC, HUDCO, KFINTECH, ETERNAL, ZOMATO",43,43,366,1.4070054644808745,both,0
FALCPAT_9062,32,"CAPLIPOINT, SAIL, GLAXO, LLOYDSME, POLICYBZR, NATIONALUM, SCHAEFFLER, BLUESTARCO, HAL, BHEL, JSWENERGY, VIJAYA, HINDCOPPER, PCBL, NCC, GVT&D, JUBLPHARMA, SAMMAANCAP, CREDITACC, FORCEMOT, ACUTAAS, LTFOODS, GMDCLTD, ARE&M, ACE, GODFRYPHLP, BRIGADE, KAYNES, WELCORP, BEL, PRESTIGE, PAYTM",32,32,667,0.9161469265367316,both,0
FALCPAT_9106,67,"TTML, MCDOWELL-N, NEWGEN, SARDAEN, IRFC, HSCL, IRCON, CEATLTD, CGPOWER, JKTYRE, RBLBANK, MRPL, CANBK, SBFC, UNITDSPR, ENGINERSIN, TATAELXSI, KPIL, POWERGRID, USHAMART, AWL, COHANCE, M&M, PRESTIGE, NH, BHARTIARTL, DALBHARAT, BEML, WELSPUNLIV, PETRONET, POLYMED, GRASIM, HINDALCO, TATACHEM, TATACONSUM, ICICIBANK, BHEL, SBILIFE, BOSCHLTD, MANKIND",67,67,533,1.0839437148217637,both,0
FALCPAT_9107,67,"WOCKPHARMA, FIVESTAR, SCI, SYRMA, HUDCO, GRAPHITE, NATIONALUM, CESC, RVNL, GODFRYPHLP, SUNDARMFIN, WELCORP, KFINTECH, USHAMART, INDIACEM, HDFCBANK, LLOYDSME, BLUESTARCO, FORCEMOT, IGL, OBEROIRLTY, AMBER, LAURUSLABS, GPIL, NAM-INDIA, TATAINVEST, RPOWER, TEGA, ABREL, RECLTD, ABBOTINDIA, BBTC, BOSCHLTD, CARTRADE, DIXON, PPLPHARMA, UTIAMC, ABB, PVRINOX, CAPLIPOINT",67,67,885,0.9205774011299435,both,0
FALCPAT_9108,96,"PPLPHARMA, PFC, NUVAMA, CGPOWER, NLCINDIA, FSL, TATAINVEST, HSCL, HDFCLIFE, MAPMYINDIA, FIVESTAR, POLYMED, FINCABLES, BHEL, BALKRISIND, VTL, OLECTRA, GRAPHITE, NEWGEN, BIKAJI, CEATLTD, UNOMINDA, SUPREMEIND, HBLENGINE, GMDCLTD, GODREJIND, SUNDARMFIN, TEGA, APOLLOHOSP, ESCORTS, KPIL, JMFINANCIL, BANKINDIA, LUPIN, ABSLAMC, ATUL, INDUSTOWER, POLYCAB, SIGNATURE, BDL",96,96,956,1.2008253138075313,both,0
FALCPAT_9109,98,"AEGISLOG, VIJAYA, IPCALAB, JSWDULUX, JBCHEPHARM, WELCORP, SOLARINDS, ZENSARTECH, POWERINDIA, NUVOCO, ATUL, SRF, NLCINDIA, KFINTECH, SHYAMMETL, VOLTAS, BEL, CLEAN, JINDALSTEL, ASTERDM, NAM-INDIA, UPL, HEG, MEDANTA, SUNDARMFIN, CARTRADE, KIRLOSENG, JSL, NAVA, GRAPHITE, HSCL, LTF, GRAVITA, KEI, JYOTICNC, KPRMILL, GALLANTT, GILLETTE, KARURVYSYA, NUVAMA",98,98,1526,0.8799934469200523,both,0
FALCPAT_9111,113,"GODREJIND, VIJAYA, PARADEEP, GRSE, SHYAMMETL, POWERINDIA, FSL, LALPATHLAB, BDL, FIVESTAR, KFINTECH, NEULANDLAB, DCMSHRIRAM, GPIL, SUNTV, KAYNES, MINDACORP, POLYMED, KIRLOSENG, HUDCO, NATCOPHARM, DEVYANI, CREDITACC, ANURAS, POONAWALLA, BANKINDIA, ITI, LODHA, PIIND, POLICYBZR, UPL, MOTILALOFS, BALRAMCHIN, PRESTIGE, CRAFTSMAN, TATAELXSI, MCX, SONATSOFTW, RVNL, BEL",113,113,1651,0.9823137492428831,both,0
FALCPAT_9112,57,"SWANCORP, RITES, RAILTEL, JSWINFRA, POLICYBZR, ATUL, FORCEMOT, APOLLOTYRE, ACE, APARINDS, CDSL, CEMPRO, SAREGAMA, MAPMYINDIA, RVNL, NAVINFLUOR, PAYTM, WELSPUNLIV, IFCI, HONASA, UTIAMC, KIRLOSENG, JINDALSTEL, GPIL, GVT&D, IEX, JWL, AUBANK, JUBLFOOD, HINDPETRO, TIMKEN, RBLBANK, BDL, NLCINDIA, MMTC, KPIL, DATAPATTNS, RPOWER, ANURAS, ASHOKLEY",57,57,346,1.1343641618497111,both,0
FALCPAT_9113,61,"ABREL, ERIS, ANURAS, BLUEJET, MEDANTA, CUB, CHAMBLFERT, CARTRADE, SUNTV, KFINTECH, GRAPHITE, EICHERMOT, GODFRYPHLP, FINCABLES, NAVA, SPLPETRO, FACT, HINDZINC, PARADEEP, CONCORDBIO, LLOYDSME, COALINDIA, WOCKPHARMA, IRCON, BAYERCROP, ZENTEC, ENGINERSIN, ADANIENT, MSUMI, JINDALSTEL, KEI, CHOICEIN, JKCEMENT, UNIONBANK, WELCORP, J&KBANK, DELHIVERY, MFSL, BALRAMCHIN, NAUKRI",61,61,876,0.8581643835616439,both,0
FALCPAT_9114,44,"BAJAJHLDNG, SHREECEM, ITI, JSWSTEEL, CLEAN, JSWDULUX, MUTHOOTFIN, BHARTIHEXA, LINDEINDIA, AIIL, COCHINSHIP, BDL, GRSE, MRPL, HINDZINC, SAMMAANCAP, ARE&M, ZYDUSWELL, SOLARINDS, NIACL, UPL, MOTHERSON, MAZDOCK, LICHSGFIN, YESBANK, TIMKEN, CRISIL, MAPMYINDIA, KAYNES, ADANIGREEN, MRF, SHRIRAMFIN, GSPL, CARBORUNIV, SONATSOFTW, INDHOTEL, CANBK, JBMA, UNOMINDA, INDUSTOWER",44,44,1084,0.8099529520295203,both,0
FALCPAT_9119,79,"USHAMART, RKFORGE, OFSS, HCLTECH, SOLARINDS, MEDANTA, BIKAJI, PNBHOUSING, AIAENG, NATCOPHARM, PPLPHARMA, PETRONET, TATACONSUM, AEGISLOG, DMART, JSWENERGY, NSLNISP, TATACHEM, JSWDULUX, CAPLIPOINT, BLUEDART, HINDPETRO, INDIANB, TATACOMM, NAUKRI, CANBK, SBIN, ESCORTS, SBICARD, MARICO, TMPV, HEROMOTOCO, SUNDARMFIN, GRASIM, KEI, JKCEMENT, CHAMBLFERT, TIMKEN, MINDACORP, SAREGAMA",79,79,563,0.9586500888099465,both,0
FALCPAT_9121,83,"GABRIEL, TEGA, GRAVITA, NBCC, KFINTECH, NAUKRI, INDIACEM, TARIL, HEG, ONGC, SUZLON, IRFC, BBTC, JINDALSAW, PATANJALI, GRAPHITE, HINDCOPPER, ETERNAL, JPPOWER, GESHIP, GODREJCP, KPITTECH, WELSPUNLIV, BSE, NAM-INDIA, CONCORDBIO, SJVN, MOTHERSON, FINCABLES, JINDALSTEL, BHEL, 360ONE, POLICYBZR, TIINDIA, BDL, JYOTICNC, GVT&D, KAYNES, ABSLAMC, SONACOMS",83,83,1016,1.0541240157480316,both,0
FALCPAT_9122,60,"APLAPOLLO, MARUTI, KIMS, SRF, FSL, INDIANB, BANKBARODA, TATACONSUM, PETRONET, RADICO, ERIS, ABBOTINDIA, TATATECH, JSWSTEEL, SARDAEN, EICHERMOT, ICICIBANK, TATAELXSI, ATUL, AFFLE, SHYAMMETL, ALKEM, SUNDARMFIN, LTM, APARINDS, SBFC, ACUTAAS, INDIGO, LICI, TATACHEM, HCLTECH, KAJARIACER, ECLERX, COHANCE, SBICARD, KOTAKBANK, ANURAS, GAIL, ZENSARTECH, ZOMATO",60,60,1838,0.742177910772579,both,0
FALCPAT_9123,103,"GODREJIND, LLOYDSME, CARTRADE, BEL, GODFRYPHLP, EIDPARRY, DOMS, KFINTECH, POWERINDIA, TATAINVEST, ANURAS, ASIANPAINT, INDIAMART, TRITURBINE, PARADEEP, NUVOCO, DEVYANI, BALRAMCHIN, FIVESTAR, LODHA, GPIL, COHANCE, SIGNATURE, AMBER, SUMICHEM, ERIS, NATCOPHARM, KAYNES, BALKRISIND, POONAWALLA, CREDITACC, NLCINDIA, PRESTIGE, DCMSHRIRAM, TATAPOWER, POLYMED, BSE, MCX, RVNL, SONATSOFTW",103,103,1306,0.9953323124042878,both,0
FALCPAT_9124,45,"OLECTRA, RITES, GODFRYPHLP, GMDCLTD, ITI, VEDL, COCHINSHIP, RAILTEL, FACT, ATGL, FORCEMOT, POLICYBZR, TECHNOE, DEEPAKNTR, SYRMA, UNIONBANK, IOB, TARIL, TTML, ANGELONE, POLYMED, CROMPTON, CGPOWER, SCI, CASTROLIND, HONASA, BEML, JUBLFOOD, SJVN, IEX, PAYTM, UPL, NBCC, PRESTIGE, ZENTEC, WELSPUNLIV, MEDANTA, STARHEALTH, MOTILALOFS, SUZLON",45,45,262,1.5148740458015266,both,0
FALCPAT_9126,17,"BALKRISIND, POWERGRID, IDFCFIRSTB, CUMMINSIND, CROMPTON, BANKBARODA, INDUSINDBK, GRANULES, GUJGASLTD, M&M, CONCORDBIO, OFSS, DIXON, COHANCE, GODREJPROP, SIEMENS, ANURAS",17,17,332,0.7516867469879518,both,0
FALCPAT_9127,42,"JSWDULUX, ATUL, AIIL, MMTC, CLEAN, ICICIPRULI, PTCIL, NIACL, ZYDUSWELL, CONCORDBIO, ADANIGREEN, CHOICEIN, BAYERCROP, BAJAJHLDNG, HUDCO, SBILIFE, COALINDIA, ARE&M, TIMKEN, MSUMI, MOTHERSON, GVT&D, MOTILALOFS, TATAINVEST, ATGL, BANKINDIA, TATASTEEL, JSWSTEEL, COCHINSHIP, LINDEINDIA, BSE, ASTERDM, VIJAYA, ELECON, CGCL, NAUKRI, ANGELONE, BHEL, CRISIL, JINDALSAW",42,42,1114,0.7234901256732497,both,0
FALCPAT_9128,72,"HINDZINC, CHAMBLFERT, IOB, ITI, WHIRLPOOL, ERIS, MRPL, KIMS, JSWENERGY, AARTIIND, UCOBANK, SUNDARMFIN, FLUOROCHEM, CCL, THERMAX, GRSE, LICHSGFIN, PFC, GILLETTE, BIOCON, BIKAJI, JSL, KPRMILL, CUB, BRIGADE, GSPL, RVNL, DOMS, CANBK, INDIGO, COCHINSHIP, ZYDUSLIFE, KARURVYSYA, IIFL, JUBLPHARMA, CROMPTON, BALKRISIND, BDL, GAIL, KAYNES",72,72,1089,0.9327823691460055,both,0
FALCPAT_9149,17,"TATAINVEST, ITI, LT, ELGIEQUIP, NTPC, HEG, TATAELXSI, JYOTICNC, MARICO, SUNTV, JBMA, KFINTECH, ATUL, CARTRADE, FACT, KOTAKBANK, TORNTPHARM",17,17,648,0.7454382716049384,both,0
FALCPAT_9150,45,"BHARTIHEXA, CARBORUNIV, EXIDEIND, INTELLECT, INDIACEM, SHRIRAMFIN, COROMANDEL, IDFCFIRSTB, SRF, PNB, CHOLAFIN, STARHEALTH, KIMS, TVSMOTOR, CHAMBLFERT, JINDALSTEL, COALINDIA, MAXHEALTH, BLUEDART, CUMMINSIND, SUMICHEM, ASAHIINDIA, ATUL, SAPPHIRE, LICHSGFIN, M&M, INDUSTOWER, LAURUSLABS, CREDITACC, POWERGRID, RRKABEL, ABFRL, IPCALAB, FORTIS, SONACOMS, ANURAS, ENDURANCE, BBTC, LINDEINDIA, SHYAMMETL",45,45,816,0.8159938725490196,both,0
FALCPAT_9151,28,"INDUSINDBK, UPL, M&MFIN, JINDALSTEL, ASHOKLEY, TATATECH, WIPRO, ASIANPAINT, DALBHARAT, MUTHOOTFIN, INDIGO, HSCL, ATUL, ANURAS, NHPC, SRF, MEDANTA, TARIL, HFCL, BRITANNIA, HINDCOPPER, BIKAJI, INDUSTOWER, NUVAMA, IREDA, ACC, HINDPETRO, ABB",28,28,701,0.6547831669044223,both,0
FALCPAT_9152,53,"KIMS, MCX, ANURAS, CDSL, RADICO, CCL, SHYAMMETL, CANBK, BIKAJI, DOMS, CESC, MINDACORP, VBL, GPIL, OBEROIRLTY, ADANIPORTS, CHALET, CHOLAHLDNG, REDINGTON, AFFLE, ABSLAMC, JSL, RECLTD, GODREJIND, UTIAMC, HINDCOPPER, GESHIP, ARE&M, AARTIIND, POONAWALLA, GLAXO, GABRIEL, CONCOR, JKTYRE, MANAPPURAM, JUBLINGREA, RBLBANK, JUBLPHARMA, ABCAPITAL, NATIONALUM",53,53,1218,0.8296921182266009,both,0
FALCPAT_9168,36,"WOCKPHARMA, RITES, GPIL, GALLANTT, RBLBANK, FIVESTAR, AWL, CARTRADE, TRIDENT, SAREGAMA, NAVA, ASAHIINDIA, TVSMOTOR, BBTC, UBL, MRPL, IRFC, LTTS, IGL, KFINTECH, GRANULES, WELCORP, DIXON, RPOWER, DEVYANI, TRENT, PFIZER, AMBER, EMAMILTD, OFSS, BANKBARODA, HINDZINC, EXIDEIND, VBL, INTELLECT, IDFCFIRSTB",36,36,158,1.4132151898734178,both,0
FALCPAT_9169,11,"JMFINANCIL, ADANIPORTS, POLYCAB, TEJASNET, APARINDS, GRSE, JKTYRE, CONCORDBIO, NATCOPHARM, PGEL, GRAPHITE",11,11,60,1.6094833333333334,both,0
FALCPAT_9170,86,"POONAWALLA, NUVAMA, LODHA, MAHABANK, PARADEEP, BAYERCROP, JSWINFRA, AEGISLOG, ENDURANCE, HOMEFIRST, ATUL, MAZDOCK, ZENSARTECH, LAURUSLABS, 360ONE, SAREGAMA, POLICYBZR, GPIL, HINDPETRO, CGPOWER, GRANULES, BAJFINANCE, BANKINDIA, ACE, EIDPARRY, CEMPRO, POWERINDIA, AUROPHARMA, JSWDULUX, GRAVITA, BALKRISIND, BEML, NHPC, SYRMA, BSE, GODREJIND, LINDEINDIA, KPITTECH, PNBHOUSING, JYOTICNC",86,86,1676,0.9509570405727922,both,0
FALCPAT_9175,5,"INDIACEM, MOTHERSON, GRSE, MPHASIS, POWERGRID",5,5,269,0.5620446096654275,both,0
FALCPAT_9177,49,"ZYDUSWELL, UBL, SUNTV, BSOFT, MSUMI, FEDERALBNK, ANURAS, AIAENG, DOMS, M&M, MAPMYINDIA, DIVISLAB, CCL, POONAWALLA, ONGC, EIDPARRY, GILLETTE, AIIL, ESCORTS, CONCOR, COROMANDEL, KIMS, ADANIPOWER, TATACHEM, BANDHANBNK, HDFCAMC, OBEROIRLTY, PAYTM, BLUEDART, ELGIEQUIP, CUB, DEEPAKNTR, CONCORDBIO, RBLBANK, SOBHA, LUPIN, TRENT, ZFCVINDIA, CHENNPETRO, FORCEMOT",49,49,1146,0.8344764397905758,both,0
FALCPAT_9185,103,"NUVAMA, PARADEEP, BIKAJI, CGPOWER, OLECTRA, M&MFIN, DLF, MAPMYINDIA, BHEL, ABSLAMC, PFC, AWL, SJVN, UPL, 360ONE, KFINTECH, HBLENGINE, MCX, RECLTD, SYRMA, VTL, IRFC, ATUL, USHAMART, BERGEPAINT, IPCALAB, FIVESTAR, POLICYBZR, KEC, NYKAA, IDFCFIRSTB, HUDCO, PATANJALI, TORNTPOWER, DEEPAKNTR, TEGA, SCI, OBEROIRLTY, CONCORDBIO, ADANIPOWER",103,103,921,1.2067513572204127,both,0
FALCPAT_9186,50,"JSWINFRA, LEMONTREE, TRITURBINE, OIL, GRANULES, GRSE, NLCINDIA, JYOTICNC, JUBLPHARMA, NAM-INDIA, TORNTPHARM, ETERNAL, FIVESTAR, AEGISLOG, NSLNISP, BAYERCROP, ABSLAMC, BSE, PGEL, HDFCAMC, IRCTC, ANGELONE, CARBORUNIV, GODREJCP, JSWSTEEL, HFCL, SUPREMEIND, RPOWER, NUVAMA, IREDA, NYKAA, KALYANKJIL, JUBLINGREA, IIFL, CRAFTSMAN, ELGIEQUIP, ESCORTS, EIDPARRY, KIRLOSENG, ONGC",50,50,337,1.2362492581602373,both,0
FALCPAT_9188,86,"GODREJIND, AEGISLOG, POONAWALLA, BEL, LICHSGFIN, CYIENT, M&M, HOMEFIRST, JBCHEPHARM, ACC, MAHABANK, SUNDARMFIN, BLUEJET, FSL, VIJAYA, PARADEEP, KFINTECH, CEMPRO, GICRE, NUVAMA, LATENTVIEW, BANKBARODA, KAYNES, PNB, IDFCFIRSTB, SAREGAMA, SHYAMMETL, TATACHEM, ATUL, GODFRYPHLP, BANDHANBNK, ZENSARTECH, IPCALAB, JINDALSAW, INDIACEM, INTELLECT, GRANULES, JBMA, TVSMOTOR, ACUTAAS",86,86,1615,0.9401950464396286,both,0
FALCPAT_9189,102,"IOB, IREDA, RADICO, GMDCLTD, ASIANPAINT, IDBI, JWL, INDIANB, NIACL, PHOENIXLTD, CHOLAHLDNG, AEGISLOG, RAILTEL, DCMSHRIRAM, CENTRALBK, KIMS, ATGL, BDL, MINDACORP, TRIDENT, INDUSTOWER, ZOMATO, BALKRISIND, SHYAMMETL, AJANTPHARM, GRAVITA, NAVA, ULTRACEMCO, FACT, HUDCO, PFC, RITES, SAREGAMA, SUMICHEM, AARTIIND, BATAINDIA, MFSL, CARBORUNIV, CROMPTON, KPRMILL",102,102,668,1.1497619760479045,both,0
FALCPAT_9195,47,"BHARTIHEXA, COROMANDEL, M&M, HINDZINC, IDFCFIRSTB, SRF, PNB, SHRIRAMFIN, BALKRISIND, COALINDIA, MARUTI, KIMS, ATUL, JSWINFRA, POWERGRID, STARHEALTH, JINDALSTEL, ANURAS, AUBANK, INDIACEM, INDUSTOWER, GODREJIND, ABFRL, MPHASIS, EXIDEIND, JSWSTEEL, SONACOMS, CHOLAFIN, POONAWALLA, AIIL, VOLTAS, JBCHEPHARM, CESC, DOMS, WELCORP, IPCALAB, CUMMINSIND, CREDITACC, ERIS, AJANTPHARM",47,47,1406,0.6945355618776671,both,0
FALCPAT_9203,36,"NAVINFLUOR, INDUSINDBK, PETRONET, HDFCAMC, AIIL, ANURAS, MGL, ATUL, CUMMINSIND, HEROMOTOCO, M&MFIN, REDINGTON, GLENMARK, SRF, BATAINDIA, KIMS, JIOFIN, ERIS, CHOLAFIN, AXISBANK, SCHAEFFLER, MUTHOOTFIN, AFFLE, UBL, ASIANPAINT, ICICIPRULI, EXIDEIND, NUVOCO, APLAPOLLO, POWERGRID, CARBORUNIV, JINDALSTEL, DOMS, PATANJALI, BERGEPAINT, RADICO",36,36,1071,0.6999290382819795,both,0
FALCPAT_9204,30,"MOTHERSON, STARHEALTH, COROMANDEL, BALRAMCHIN, TBOTEK, AIIL, INDIACEM, VBL, RHIM, LATENTVIEW, LLOYDSME, ANURAS, DIXON, FINCABLES, INTELLECT, GODREJIND, CHAMBLFERT, ENDURANCE, AARTIIND, HINDCOPPER, CENTRALBK, NSLNISP, JSWINFRA, COHANCE, FORCEMOT, INDUSTOWER, POWERINDIA, SPLPETRO, GLAXO, GPIL",30,30,558,0.760293906810036,both,0
FALCPAT_9205,52,"WOCKPHARMA, GRAPHITE, RVNL, WELCORP, NAM-INDIA, NATIONALUM, CAPLIPOINT, HUDCO, FIVESTAR, CESC, NAVA, ETERNAL, HEG, LLOYDSME, USHAMART, SUNDARMFIN, SCI, BBTC, ECLERX, BLUESTARCO, TATAINVEST, ELECON, HINDZINC, SYRMA, IRCON, GPIL, PFC, RBLBANK, INDIACEM, ZENSARTECH, PPLPHARMA, JSWENERGY, LAURUSLABS, LEMONTREE, COCHINSHIP, SCHAEFFLER, KFINTECH, ABB, AMBER, DIXON",52,52,706,0.9257535410764872,both,0
FALCPAT_9210,73,"TRITURBINE, LODHA, POWERINDIA, INOXWIND, JSWINFRA, HSCL, HUDCO, THERMAX, TIINDIA, BSE, HINDCOPPER, JBMA, GRANULES, NBCC, 360ONE, GRAVITA, TRENT, CYIENT, ELGIEQUIP, ASTRAL, SUZLON, BANDHANBNK, RITES, NEWGEN, ABSLAMC, NATIONALUM, ANGELONE, DATAPATTNS, TARIL, KEC, JSWSTEEL, SCI, CONCORDBIO, ADANIENT, CARTRADE, ADANIENSOL, JKTYRE, ASHOKLEY, NUVAMA, UTIAMC",73,73,617,1.2792722852512157,both,0
FALCPAT_9211,56,"GODREJIND, KFINTECH, BLUEJET, TATACOMM, M&M, BEL, FORTIS, INDHOTEL, TATAINVEST, KOTAKBANK, GAIL, TATAELXSI, APARINDS, AXISBANK, UPL, VIJAYA, JSWDULUX, NAVA, TARIL, AIAENG, SOLARINDS, TORNTPHARM, JKCEMENT, COROMANDEL, KAYNES, LICHSGFIN, NLCINDIA, ATUL, EICHERMOT, BANKBARODA, PARADEEP, GPIL, TATACHEM, RADICO, BERGEPAINT, GLAXO, SRF, JUBLPHARMA, TVSMOTOR, ELECON",56,56,1513,0.7818995373430272,both,0
FALCPAT_9214,18,"ANURAS, MARICO, AIIL, HDFCBANK, PIDILITIND, NEWGEN, JIOFIN, HONASA, GVT&D, SCHAEFFLER, NEULANDLAB, KFINTECH, SBILIFE, ERIS, TATACONSUM, BOSCHLTD, CHENNPETRO, PTCIL",18,18,1002,0.5813023952095808,both,0
FALCPAT_9215,22,"ZYDUSWELL, NUVAMA, GSPL, UBL, CONCORDBIO, NH, TVSMOTOR, MANKIND, GLENMARK, CANFINHOME, INTELLECT, JUBLFOOD, LICHSGFIN, IGL, BSE, CRISIL, M&M, DCMSHRIRAM, INDIACEM, PRESTIGE, MANAPPURAM, TATAINVEST",22,22,636,0.7038160377358491,both,0
FALCPAT_9220,38,"ZYDUSWELL, ITI, IPCALAB, TATASTEEL, HINDALCO, KFINTECH, TIINDIA, LAURUSLABS, BSE, IRCTC, GSPL, GVT&D, DATAPATTNS, JBMA, RVNL, INTELLECT, ARE&M, SCI, MARUTI, PERSISTENT, M&MFIN, CUMMINSIND, TORNTPOWER, PETRONET, NTPC, APOLLOTYRE, GUJGASLTD, PRESTIGE, NEULANDLAB, ADANIGREEN, TATAINVEST, GALLANTT, SRF, SBIN, COHANCE, BIKAJI, LICHSGFIN, MCX",38,38,947,0.8449545934530094,both,0
FALCPAT_9221,87,"JUBLPHARMA, ELGIEQUIP, REDINGTON, IRFC, BLS, OLECTRA, MCX, NLCINDIA, KPIL, LODHA, CAPLIPOINT, HUDCO, WOCKPHARMA, HINDCOPPER, DIXON, MAZDOCK, NUVAMA, GVT&D, LLOYDSME, DOMS, CESC, SHYAMMETL, VOLTAS, MRPL, 360ONE, USHAMART, BHEL, LTFOODS, APARINDS, CYIENT, IDEA, WELCORP, RPOWER, GODFRYPHLP, RBLBANK, SCI, DCMSHRIRAM, JWL, IRCON, GODREJPROP",87,87,733,1.4201323328785813,both,0
FALCPAT_9222,65,"SARDAEN, TIMKEN, SHRIRAMFIN, CEATLTD, CHOLAHLDNG, GODREJIND, ANURAS, JUBLINGREA, CASTROLIND, NHPC, VIJAYA, SAPPHIRE, SCHAEFFLER, IDFCFIRSTB, LTFOODS, BALKRISIND, KAYNES, ANANDRATHI, GABRIEL, DLF, AMBER, FLUOROCHEM, PHOENIXLTD, DOMS, NATIONALUM, STARHEALTH, GILLETTE, DATAPATTNS, JSWINFRA, KFINTECH, NSLNISP, DEEPAKFERT, CHALET, MPHASIS, TEGA, SAREGAMA, VOLTAS, WOCKPHARMA, CANBK, PARADEEP",65,65,1740,0.8165965517241379,both,0
FALCPAT_9223,38,"BHARTIHEXA, COROMANDEL, SRF, JSWINFRA, PNB, ATUL, COALINDIA, INDUSTOWER, JINDALSTEL, MARUTI, KIMS, OFSS, INDIACEM, POWERGRID, MANAPPURAM, SONACOMS, SHRIRAMFIN, ABFRL, AUBANK, EXIDEIND, GODREJPROP, WELCORP, CHOLAFIN, CCL, HAL, AIIL, GRANULES, JBCHEPHARM, AUROPHARMA, FINCABLES, DOMS, CUMMINSIND, CESC, FORTIS, GABRIEL, GODREJIND, GMRAIRPORT, COFORGE",38,38,933,0.7038070739549839,both,0
FALCPAT_9242,34,"ZENTEC, HONAUT, SAMMAANCAP, COCHINSHIP, KAYNES, J&KBANK, TATAINVEST, OLECTRA, RVNL, RAILTEL, BDL, GSPL, NBCC, BSE, FORCEMOT, HUDCO, RPOWER, ANANDRATHI, IRFC, BAJAJHLDNG, HEG, DEVYANI, ANURAS, ZYDUSWELL, IRCON, SJVN, HBLENGINE, AMBER, NAVA, KFINTECH, GLAXO, NLCINDIA, ACE, IOC",34,34,568,0.9109841549295774,both,0
FALCPAT_9243,77,"NLCINDIA, DCMSHRIRAM, LTFOODS, CAPLIPOINT, NUVAMA, PNBHOUSING, PARADEEP, VBL, GODREJIND, SBICARD, TBOTEK, KPITTECH, TARIL, KAJARIACER, BLS, AEGISLOG, ATUL, KFINTECH, VIJAYA, IDBI, CGPOWER, 360ONE, JYOTICNC, BERGEPAINT, GVT&D, MAZDOCK, LODHA, GRAPHITE, JSWINFRA, NAVA, ANURAS, JUBLINGREA, BALRAMCHIN, ECLERX, INDIACEM, APOLLOTYRE, LTM, MINDACORP, ENDURANCE, PFC",77,77,1664,0.9095210336538462,both,0
FALCPAT_9244,60,"CRAFTSMAN, GICRE, MAZDOCK, CHOLAHLDNG, AMBER, CASTROLIND, JYOTICNC, CHENNPETRO, TRENT, UNOMINDA, TATAELXSI, POWERINDIA, GLAND, ANURAS, CGPOWER, CREDITACC, SONATSOFTW, LTF, KEI, SUNTV, EIHOTEL, WHIRLPOOL, MSUMI, POONAWALLA, BDL, HOMEFIRST, AEGISLOG, HFCL, BIKAJI, ZENSARTECH, KPRMILL, PERSISTENT, J&KBANK, DLF, SOLARINDS, JINDALSAW, ZFCVINDIA, LODHA, FIVESTAR, CUMMINSIND",60,60,778,1.0559704370179948,both,0
FALCPAT_9246,35,"PETRONET, ERIS, NCC, SBIN, ABSLAMC, CUB, ANANTRAJ, CEMPRO, GLENMARK, PATANJALI, STARHEALTH, IDFCFIRSTB, REDINGTON, DOMS, CAMS, GLAXO, ABREL, ABB, LLOYDSME, CUMMINSIND, KEI, ANURAS, CDSL, GAIL, M&M, ATUL, COFORGE, MGL, RRKABEL, SAIL, AIIL, JSWSTEEL, ENGINERSIN, MMTC, GILLETTE",35,35,1016,0.7352529527559054,both,0
FALCPAT_9248,22,"JSWDULUX, ITI, NATCOPHARM, LICHSGFIN, HINDZINC, INDIACEM, MOTHERSON, SHRIRAMFIN, ARE&M, BDL, COCHINSHIP, BEML, TIMKEN, CHOLAHLDNG, CREDITACC, UNOMINDA, CONCOR, GSPL, SIEMENS, SAIL, GRSE, BEL",22,22,496,0.8636451612903225,both,0
FALCPAT_9255,6,"GRSE, AEGISLOG, INDIACEM, AMBUJACEM, HSCL, MOTHERSON",6,6,303,0.624039603960396,both,0
FALCPAT_9256,25,"GRAPHITE, FORCEMOT, SYRMA, BSE, ANANTRAJ, RVNL, NAVA, ELECON, SAREGAMA, POWERINDIA, USHAMART, BBTC, AMBER, KIRLOSENG, CONCORDBIO, BANKINDIA, LODHA, BLUESTARCO, CAPLIPOINT, HUDCO, ANANDRATHI, HEG, THERMAX, WELCORP, PATANJALI",25,25,466,0.8906781115879829,both,0
FALCPAT_9258,29,"ZENTEC, HONAUT, SAMMAANCAP, COCHINSHIP, KAYNES, J&KBANK, TATAINVEST, RAILTEL, BDL, GSPL, HBLENGINE, SJVN, NBCC, IRFC, FORCEMOT, HUDCO, RPOWER, AMBER, ANURAS, ACE, BSE, KFINTECH, BAJAJHLDNG, ANANDRATHI, HEG, DEVYANI, RVNL, IRCON, NLCINDIA",29,29,415,0.9765493975903614,both,0
FALCPAT_9260,19,"SBILIFE, ANANTRAJ, SBICARD, MOTILALOFS, APARINDS, KFINTECH, JYOTICNC, ANURAS, ERIS, TARIL, TATAELXSI, MAZDOCK, ZYDUSLIFE, PARADEEP, SBIN, ICICIBANK, CDSL, ZOMATO, RVNL",19,19,773,0.7116235446313066,both,0
FALCPAT_9261,58,"CHAMBLFERT, BHARTIHEXA, BLUEDART, PNB, GMRAIRPORT, STARHEALTH, COROMANDEL, SRF, COALINDIA, KIMS, POWERGRID, ATUL, SCHAEFFLER, NATIONALUM, MARUTI, POONAWALLA, BALKRISIND, TIMKEN, ANURAS, SHRIRAMFIN, GODREJIND, LINDEINDIA, M&M, CEATLTD, GABRIEL, CHOLAFIN, GILLETTE, DOMS, LLOYDSME, GLAXO, JBCHEPHARM, RADICO, INDUSTOWER, ENDURANCE, ABFRL, KIRLOSENG, CYIENT, BANKBARODA, NEWGEN, SHYAMMETL",58,58,2081,0.6990153772224892,both,0
FALCPAT_9262,17,"CUMMINSIND, TATAPOWER, MOTHERSON, PCBL, LLOYDSME, HINDCOPPER, CENTRALBK, HAL, INDUSTOWER, HINDZINC, BEL, SUPREMEIND, DEEPAKFERT, FACT, BANKBARODA, GALLANTT, GMDCLTD",17,17,484,0.7409152892561983,both,0
FALCPAT_9266,104,"JUBLPHARMA, CGPOWER, BALRAMCHIN, MAHABANK, TEGA, CAPLIPOINT, YESBANK, NAVA, GPIL, FORCEMOT, BAYERCROP, TORNTPOWER, VIJAYA, LODHA, AMBER, HAL, GRANULES, RVNL, IRFC, CEMPRO, ZENSARTECH, GICRE, DEVYANI, SHREECEM, OLECTRA, HINDCOPPER, PGEL, AEGISLOG, BERGEPAINT, APOLLOHOSP, SJVN, FLUOROCHEM, BDL, ECLERX, BLUEDART, BHEL, ABSLAMC, ENGINERSIN, BALKRISIND, POWERINDIA",104,104,1068,1.2161001872659176,both,0
FALCPAT_9269,74,"RVNL, FLUOROCHEM, CHENNPETRO, REDINGTON, SAREGAMA, MPHASIS, JUBLPHARMA, NEULANDLAB, SONATSOFTW, NATIONALUM, TEJASNET, TATACHEM, RAMCOCEM, HINDALCO, DATAPATTNS, BDL, HOMEFIRST, GILLETTE, ACC, CHALET, PHOENIXLTD, JSWENERGY, JBCHEPHARM, INDIAMART, PERSISTENT, GLENMARK, BPCL, SOLARINDS, SUNDARMFIN, VOLTAS, JSL, EIDPARRY, NATCOPHARM, PATANJALI, JMFINANCIL, CDSL, MOTHERSON, CRAFTSMAN, SBILIFE, LICI",74,74,542,1.0720461254612546,both,0
FALCPAT_9270,69,"KPRMILL, ATGL, GSPL, CYIENT, UCOBANK, COCHINSHIP, GRSE, HINDZINC, BOSCHLTD, AEGISLOG, SCHAEFFLER, MRPL, NIACL, RITES, POLYCAB, KFINTECH, ZENTEC, COROMANDEL, SAMMAANCAP, GILLETTE, INDIACEM, ABB, PFIZER, POWERINDIA, KALYANKJIL, MAZDOCK, KAYNES, KEC, CENTRALBK, BDL, LTF, CDSL, ADANIGREEN, CHOLAFIN, FEDERALBNK, BALKRISIND, ZYDUSLIFE, CAMS, USHAMART, NLCINDIA",69,69,718,1.1201058495821727,both,0
FALCPAT_9292,34,"ICICIBANK, SUNPHARMA, CLEAN, IDFCFIRSTB, ALKEM, SRF, LLOYDSME, DOMS, CHAMBLFERT, WELCORP, M&MFIN, HDFCBANK, INDUSTOWER, INDUSINDBK, COHANCE, NTPC, GMDCLTD, CASTROLIND, TITAN, CEMPRO, LALPATHLAB, GAIL, RELIANCE, BLUESTARCO, ZOMATO, PATANJALI, ECLERX, HAL, ACUTAAS, NCC, CONCOR, UPL, SUNDARMFIN, ACE",34,34,1150,0.6491391304347826,both,0
FALCPAT_9293,83,"INDIGO, DRREDDY, RAMCOCEM, ATUL, TATACHEM, BAJAJFINSV, JKCEMENT, SBILIFE, COROMANDEL, MUTHOOTFIN, BAJAJ-AUTO, ANURAS, JUBLPHARMA, GABRIEL, DLF, PETRONET, IPCALAB, GRASIM, ERIS, POONAWALLA, BANKBARODA, DEEPAKNTR, NAVINFLUOR, GRANULES, EXIDEIND, CUB, GODREJIND, TATASTEEL, GLAXO, DIVISLAB, RELIANCE, APLAPOLLO, BHARTIARTL, ICICIBANK, DALBHARAT, JSWSTEEL, BALKRISIND, ASIANPAINT, TATACOMM, CESC",83,83,2304,0.7359830729166668,both,0
FALCPAT_9294,77,"IOB, CONCORDBIO, FLUOROCHEM, ITI, BOSCHLTD, SAMMAANCAP, NIACL, HINDZINC, RVNL, ATUL, SYNGENE, KPIL, UCOBANK, OFSS, AIIL, GRSE, TTML, GALLANTT, INDIACEM, AJANTPHARM, ERIS, DMART, BDL, ZYDUSWELL, DATAPATTNS, UPL, ANURAS, RITES, KPRMILL, WOCKPHARMA, SUNDARMFIN, PERSISTENT, LICHSGFIN, ABB, KFINTECH, COHANCE, JUBLPHARMA, BALKRISIND, OLECTRA, HUDCO",77,77,1404,0.9340904558404557,both,0
FALCPAT_9300,89,"PARADEEP, JSWINFRA, HBLENGINE, ERIS, KFINTECH, ZOMATO, AFFLE, GLAXO, SUMICHEM, NLCINDIA, SUNDARMFIN, PFIZER, NETWEB, CHALET, ITI, ASHOKLEY, VBL, AEGISLOG, SPLPETRO, POWERINDIA, DRREDDY, GPIL, BEL, GRSE, SAPPHIRE, BLS, BANKINDIA, JYOTICNC, HINDUNILVR, NUVOCO, INDIACEM, FACT, PHOENIXLTD, SWANCORP, AUBANK, RAMCOCEM, HCLTECH, EIDPARRY, BEML, ANANDRATHI",89,89,1978,0.778633973710819,both,0
FALCPAT_9301,79,"GODREJIND, ANURAS, VIJAYA, POONAWALLA, DEVYANI, LODHA, UNOMINDA, CEMPRO, FIVESTAR, ATUL, CARBORUNIV, PRESTIGE, PGEL, KAYNES, ENDURANCE, DEEPAKFERT, CASTROLIND, BSE, EMAMILTD, GODFRYPHLP, KFINTECH, NAVINFLUOR, 360ONE, JUBLINGREA, SIGNATURE, SUNTV, MAPMYINDIA, CARTRADE, ESCORTS, KEI, JBCHEPHARM, TARIL, KAJARIACER, BANDHANBNK, TATAELXSI, RITES, GRAVITA, POLICYBZR, BDL, AMBER",79,79,747,1.1767911646586349,both,0
FALCPAT_9303,43,"GRASIM, TATACOMM, AIIL, DALBHARAT, BHARTIARTL, BALKRISIND, INDIACEM, HINDZINC, JSWSTEEL, TATASTEEL, AARTIIND, SBIN, M&MFIN, PVRINOX, MUTHOOTFIN, BHARATFORG, HINDALCO, NMDC, BAJAJ-AUTO, MARICO, JUBLPHARMA, IDFCFIRSTB, ERIS, SIEMENS, KAJARIACER, OBEROIRLTY, WELCORP, NCC, CUMMINSIND, LTTS, CHAMBLFERT, POWERGRID, UPL, INDIGO, RECLTD, INDUSINDBK, AMBUJACEM, COCHINSHIP, COHANCE, PFC",43,43,1198,0.6985467445742904,both,0
FALCPAT_9317,80,"VIJAYA, JUBLPHARMA, GODREJIND, EIDPARRY, ASTRAL, LODHA, IRCTC, GLENMARK, DLF, GLAXO, TATACHEM, POWERINDIA, PPLPHARMA, BERGEPAINT, CASTROLIND, ZYDUSLIFE, ZENSARTECH, DEEPAKNTR, GRANULES, BLS, KFINTECH, POONAWALLA, ENDURANCE, NUVAMA, BHARATFORG, INTELLECT, CARTRADE, LALPATHLAB, JSWSTEEL, KAYNES, LTM, ANURAS, USHAMART, BAYERCROP, ICICIPRULI, PRESTIGE, LTFOODS, TATAELXSI, NATIONALUM, MUTHOOTFIN",80,80,918,1.0980718954248365,both,0
FALCPAT_9318,74,"MOTILALOFS, ACE, AUROPHARMA, PGEL, HFCL, NHPC, IRCON, INDIACEM, PAYTM, NLCINDIA, OLECTRA, IRB, IRFC, HBLENGINE, NAVINFLUOR, JYOTICNC, FIVESTAR, TRITURBINE, JUBLPHARMA, GRANULES, DEEPAKNTR, GPIL, NETWEB, RHIM, KALYANKJIL, HSCL, POLICYBZR, DEVYANI, DLF, OIL, CEMPRO, PPLPHARMA, CREDITACC, CARTRADE, AMBER, SJVN, RVNL, IOB, LODHA, HINDCOPPER",74,74,547,1.558032906764168,both,0
FALCPAT_9330,28,"ELECON, JYOTICNC, ADANIPORTS, IFCI, RITES, DATAPATTNS, KFINTECH, BDL, KEC, PVRINOX, NEWGEN, MMTC, MRPL, VEDL, JWL, SCI, NYKAA, SWANCORP, ZENTEC, OIL, FACT, KAYNES, INDUSINDBK, FINCABLES, IIFL, HINDALCO, GODFRYPHLP, SONATSOFTW",28,28,299,1.171989966555184,both,0
FALCPAT_9331,60,"TVSMOTOR, JBCHEPHARM, CONCOR, HINDZINC, LICI, SCHAEFFLER, GODREJCP, ATUL, STARHEALTH, MOTHERSON, COROMANDEL, CUMMINSIND, MARUTI, BAJFINANCE, M&M, PFC, ANURAS, GABRIEL, LAURUSLABS, KIMS, IPCALAB, HONASA, PNB, ICICIPRULI, COALINDIA, KARURVYSYA, ABFRL, OLECTRA, LTF, CCL, BANKBARODA, CREDITACC, GMRAIRPORT, SRF, MCX, ABB, CHOLAFIN, APOLLOHOSP, AIIL, ADANIENT",60,60,1752,0.7153167808219176,both,0
FALCPAT_9332,11,"INDIACEM, INDUSTOWER, IOC, EXIDEIND, ABFRL, MANAPPURAM, GPIL, MCX, VEDL, COHANCE, TORNTPOWER",11,11,108,0.9453518518518519,both,0
FALCPAT_9338,83,"ENDURANCE, ASAHIINDIA, MAHABANK, CAPLIPOINT, SARDAEN, BHEL, NAVA, MAZDOCK, AUROPHARMA, NAM-INDIA, NATIONALUM, TITAN, PARADEEP, JUBLPHARMA, GODREJIND, CHOLAFIN, ELGIEQUIP, NSLNISP, ECLERX, GRANULES, EXIDEIND, TATAELXSI, BALRAMCHIN, INOXWIND, ADANIPOWER, EMAMILTD, VBL, CHALET, BAJFINANCE, PPLPHARMA, LODHA, DLF, 360ONE, NLCINDIA, CHOLAHLDNG, GPIL, BLS, SJVN, LUPIN, JSWINFRA",83,83,918,0.9304586056644879,both,0
FALCPAT_9339,60,"RKFORGE, JBMA, KIRLOSENG, HEG, SAMMAANCAP, MRPL, WELSPUNLIV, KAYNES, DELHIVERY, JSWENERGY, IREDA, INTELLECT, JWL, IRFC, MMTC, GRAVITA, CANBK, DATAPATTNS, ITI, TEJASNET, ZENSARTECH, TECHM, NUVAMA, PATANJALI, JMFINANCIL, JSWSTEEL, TECHNOE, JUBLPHARMA, BSOFT, JINDALSTEL, NETWEB, BAYERCROP, CHOLAFIN, LTM, BANDHANBNK, CAMS, JINDALSAW, IGL, RRKABEL, ABCAPITAL",60,60,458,1.1476724890829695,both,0
FALCPAT_9340,49,"KALYANKJIL, PATANJALI, PPLPHARMA, GODFRYPHLP, APTUS, APARINDS, GRANULES, NHPC, SPLPETRO, TECHNOE, PCBL, MAHABANK, NCC, HSCL, FORCEMOT, DEEPAKNTR, JMFINANCIL, RECLTD, KPITTECH, ZFCVINDIA, CYIENT, PTCIL, SIEMENS, J&KBANK, SUNTV, GSPL, MGL, LINDEINDIA, ZENSARTECH, NEULANDLAB, NEWGEN, BHARATFORG, SAREGAMA, CREDITACC, HAL, HINDALCO, KEC, TRITURBINE, INDIAMART, MOTILALOFS",49,49,679,1.0082076583210606,both,0
FALCPAT_9342,49,"KIRLOSENG, GODREJIND, COHANCE, SYRMA, POWERINDIA, SBFC, SAREGAMA, GALLANTT, FORCEMOT, GABRIEL, HUDCO, INDIANB, LICI, GLAXO, THERMAX, SHYAMMETL, BAJAJHLDNG, UTIAMC, CHAMBLFERT, GPIL, J&KBANK, BANKINDIA, BSE, LINDEINDIA, JUBLPHARMA, ADANIENT, MANKIND, LODHA, RAMCOCEM, POLYMED, PERSISTENT, KPIL, HDFCBANK, POWERGRID, KEI, BDL, SUZLON, TEGA, JSWSTEEL, ABBOTINDIA",49,49,590,0.8653118644067795,both,0
FALCPAT_9343,36,"TTML, WOCKPHARMA, HBLENGINE, GALLANTT, IRFC, HONAUT, COCHINSHIP, CARTRADE, BSE, FACT, ADANIPOWER, HUDCO, TRIDENT, ANANDRATHI, ACE, CHENNPETRO, MAPMYINDIA, RBLBANK, SUPREMEIND, CREDITACC, SUNDARMFIN, CAPLIPOINT, SBIN, PFIZER, SYRMA, CHOLAHLDNG, RAILTEL, ADANIENSOL, KFINTECH, USHAMART, JKTYRE, GRASIM, SAMMAANCAP, MRPL, TEGA, RITES",36,36,668,0.8547470059880238,both,0
FALCPAT_9344,68,"TATATECH, SIGNATURE, COALINDIA, JSWDULUX, HINDZINC, BEML, ITI, GAIL, FORTIS, EXIDEIND, ABB, CAMS, PETRONET, PIIND, DEVYANI, MANKIND, NAVA, COCHINSHIP, MEDANTA, SHREECEM, CHALET, ICICIPRULI, INDUSTOWER, MSUMI, ZOMATO, ERIS, NLCINDIA, CUB, KIMS, JUBLINGREA, SAIL, EIDPARRY, BLS, DEEPAKNTR, NAVINFLUOR, INDIANB, PVRINOX, BAJAJHLDNG, KFINTECH, LUPIN",68,68,1066,0.7468949343339587,both,0
FALCPAT_9345,26,"TATAINVEST, AIIL, ZYDUSWELL, ITI, ANURAS, DOMS, ERIS, TIMKEN, SBICARD, KFINTECH, ATUL, GRSE, BDL, CONCORDBIO, BAYERCROP, HONASA, CHOICEIN, UPL, TATAPOWER, GLAXO, ENDURANCE, BSE, MSUMI, RVNL, HCLTECH, CRISIL",26,26,1217,0.6636729663105999,both,0
FALCPAT_9358,44,"DOMS, MMTC, GLAXO, SAREGAMA, PNBHOUSING, BEML, ATGL, USHAMART, NEWGEN, HINDPETRO, RPOWER, JUBLFOOD, KPRMILL, IEX, IFCI, GMDCLTD, ZEEL, TEGA, JMFINANCIL, NAM-INDIA, CHOLAHLDNG, FACT, DELHIVERY, MAPMYINDIA, CRAFTSMAN, ENDURANCE, STARHEALTH, GABRIEL, INDIACEM, UTIAMC, TRIDENT, TECHNOE, ASAHIINDIA, REDINGTON, NETWEB, HBLENGINE, DEEPAKNTR, TRITURBINE, SOBHA, KEC",44,44,344,1.3362906976744189,both,0
FALCPAT_9366,35,"RVNL, RAMCOCEM, GRASIM, PTCIL, OFSS, SRF, KFINTECH, BHARTIHEXA, WOCKPHARMA, JUBLPHARMA, ICICIBANK, IRCON, ECLERX, SIGNATURE, IDBI, ABBOTINDIA, HINDALCO, AIAENG, TATACHEM, BSE, GALLANTT, FLUOROCHEM, BOSCHLTD, ANGELONE, ERIS, TATASTEEL, UPL, NEULANDLAB, IDFCFIRSTB, GRANULES, BALKRISIND, SYRMA, AXISBANK, OBEROIRLTY, SUNPHARMA",35,35,1463,0.740183868762816,both,0
FALCPAT_9367,63,"ATUL, POONAWALLA, APLAPOLLO, CUMMINSIND, SCHAEFFLER, ERIS, TBOTEK, CREDITACC, JBCHEPHARM, EXIDEIND, CHOLAFIN, M&M, LTF, GODREJCP, LICHSGFIN, POWERGRID, NH, SHRIRAMFIN, PAYTM, SONACOMS, ABFRL, BALRAMCHIN, INDIACEM, JINDALSTEL, APOLLOTYRE, LUPIN, CHAMBLFERT, INDIANB, ABB, PNB, GLAXO, AFFLE, PFC, AWL, LTFOODS, WHIRLPOOL, CYIENT, GRAPHITE, PATANJALI, COROMANDEL",63,63,1482,0.8029817813765182,both,0
FALCPAT_9368,80,"BIKAJI, CESC, SHYAMMETL, COFORGE, MINDACORP, RBLBANK, GABRIEL, JSL, HINDCOPPER, ADANIPORTS, CASTROLIND, REDINGTON, RECLTD, LEMONTREE, GESHIP, INDUSINDBK, GPIL, CHOLAHLDNG, AIIL, CAPLIPOINT, POLYCAB, NATIONALUM, CCL, NAUKRI, ASHOKLEY, CHALET, BHEL, NUVAMA, PFC, GODREJPROP, OBEROIRLTY, CONCOR, J&KBANK, SAIL, RADICO, IIFL, OFSS, JUBLPHARMA, ACE, CYIENT",80,80,1475,0.8925545762711865,both,0
FALCPAT_9369,77,"GODREJIND, VIJAYA, CHOLAFIN, DEVYANI, ZOMATO, DCMSHRIRAM, SAIL, MPHASIS, DELHIVERY, INTELLECT, BALKRISIND, CGPOWER, DOMS, DATAPATTNS, MAZDOCK, LODHA, TORNTPOWER, INDIACEM, INDUSINDBK, ABB, JSWENERGY, GMRAIRPORT, GPIL, BDL, TVSMOTOR, COROMANDEL, MCX, SOLARINDS, ABREL, UNOMINDA, OBEROIRLTY, NATIONALUM, SPLPETRO, FIVESTAR, ELECON, HAL, INDUSTOWER, BHARTIHEXA, ETERNAL, IREDA",77,77,1203,0.9000540315876975,both,0
FALCPAT_9370,46,"HINDZINC, CREDITACC, POONAWALLA, IOB, LODHA, ANURAS, FACT, MRPL, KEI, ADANIENT, PCBL, KAYNES, SJVN, ABFRL, LINDEINDIA, IRFC, CENTRALBK, ADANIGREEN, TEGA, KIRLOSENG, CARTRADE, GRSE, SOBHA, POLICYBZR, LLOYDSME, BDL, NLCINDIA, AEGISLOG, TARIL, SYRMA, MAZDOCK, GODFRYPHLP, WOCKPHARMA, INOXWIND, ERIS, PNBHOUSING, BRIGADE, INDIACEM, NBCC, ITI",46,46,469,1.3733624733475482,both,0
FALCPAT_9393,75,"TTML, WOCKPHARMA, SYRMA, HBLENGINE, NATIONALUM, GODFRYPHLP, FIVESTAR, HUDCO, USHAMART, OFSS, NEWGEN, ANANTRAJ, TATACHEM, RAMCOCEM, GRASIM, IRCON, IRFC, J&KBANK, GPIL, RPOWER, ADANIPOWER, SAMMAANCAP, EMAMILTD, KFINTECH, BOSCHLTD, GRAPHITE, INDIACEM, JKTYRE, CEATLTD, TATASTEEL, LODHA, RBLBANK, NBCC, HSCL, AMBER, COHANCE, PRESTIGE, BHARTIARTL, FLUOROCHEM, ABB",75,75,930,0.9247559139784947,both,0
FALCPAT_9395,78,"GODREJIND, JSWINFRA, ERIS, FSL, SAPPHIRE, COHANCE, GLAXO, HCLTECH, BSE, MANKIND, PHOENIXLTD, BLS, TATAELXSI, LALPATHLAB, AMBER, PARADEEP, M&MFIN, TVSMOTOR, GPIL, ANURAS, VIJAYA, SBICARD, RAINBOW, JYOTICNC, GRAVITA, HBLENGINE, CHALET, JUBLINGREA, LEMONTREE, VTL, EIDPARRY, INDIACEM, AUBANK, JSWSTEEL, TATACHEM, ANANDRATHI, HONAUT, UNOMINDA, NLCINDIA, GRSE",78,78,1870,0.8099967914438504,both,0
FALCPAT_9396,39,"NHPC, SYRMA, GICRE, NAVA, ELECON, SUNTV, HONASA, DATAPATTNS, RAILTEL, LODHA, ANANTRAJ, MMTC, JMFINANCIL, POONAWALLA, SIGNATURE, GVT&D, BLUEDART, OLECTRA, CHOLAHLDNG, OIL, INTELLECT, VEDL, GRAPHITE, FACT, KAJARIACER, JPPOWER, PCBL, GRANULES, MAPMYINDIA, FIVESTAR, APARINDS, LAURUSLABS, ASTERDM, RRKABEL, BHARATFORG, GRAVITA, LTF, PPLPHARMA, TRENT",39,39,352,1.0771448863636364,both,0
FALCPAT_9398,24,"FEDERALBNK, COROMANDEL, ATUL, ASHOKLEY, SRF, INDUSTOWER, INDIACEM, ABFRL, KIMS, EXIDEIND, BHARATFORG, MPHASIS, JBCHEPHARM, APLAPOLLO, CUMMINSIND, POWERGRID, COALINDIA, CHOLAFIN, AUBANK, IPCALAB, PNB, HINDZINC, DOMS, MANAPPURAM",24,24,594,0.7116851851851853,both,0
FALCPAT_9403,82,"POWERINDIA, AEGISLOG, LAURUSLABS, 360ONE, BAYERCROP, LINDEINDIA, GMDCLTD, BSE, CGPOWER, GPIL, OBEROIRLTY, SBICARD, GRAPHITE, FLUOROCHEM, ATUL, SAREGAMA, USHAMART, PNBHOUSING, BIKAJI, SYRMA, VOLTAS, GLAXO, PPLPHARMA, CHOLAHLDNG, BALRAMCHIN, UNIONBANK, JSWINFRA, NAM-INDIA, CHALET, KPITTECH, POLYCAB, POLICYBZR, PTCIL, POLYMED, NEULANDLAB, IDFCFIRSTB, KFINTECH, BEML, INDIAMART, GRAVITA",82,82,1429,0.9209888033589924,both,0
FALCPAT_9405,64,"REDINGTON, KARURVYSYA, NUVAMA, GLENMARK, BBTC, UBL, NCC, KIMS, JUBLPHARMA, KPITTECH, PVRINOX, PNB, AMBUJACEM, BIOCON, SAIL, COALINDIA, ABREL, ACUTAAS, BHEL, ETERNAL, RKFORGE, CUMMINSIND, IRCON, GMRAIRPORT, ELGIEQUIP, BDL, GVT&D, CLEAN, ZOMATO, CESC, HAL, COFORGE, LAURUSLABS, TATAPOWER, SUMICHEM, SUNDARMFIN, GODREJCP, NATIONALUM, JPPOWER, SJVN",64,64,1005,0.9368547263681593,both,0
FALCPAT_9406,86,"DOMS, JUBLPHARMA, REDINGTON, NATIONALUM, SUPREMEIND, GLAXO, LLOYDSME, SHRIRAMFIN, BEL, BHARATFORG, ONGC, AUROPHARMA, HFCL, ERIS, DELHIVERY, GMRAIRPORT, GAIL, CANBK, LICI, CUMMINSIND, NATCOPHARM, GALLANTT, CEATLTD, M&MFIN, BALKRISIND, ATUL, RADICO, HOMEFIRST, GVT&D, FORCEMOT, EMAMILTD, LTFOODS, MANKIND, SUZLON, HAL, CHALET, EIDPARRY, CHAMBLFERT, RRKABEL, IOC",86,86,1511,0.8069867637326276,both,0
FALCPAT_9407,66,"BANDHANBNK, TEGA, JYOTICNC, TATAINVEST, ADANIPORTS, INDUSTOWER, INOXWIND, BHEL, WELSPUNLIV, MCX, MOTILALOFS, IRB, CONCORDBIO, NEWGEN, JIOFIN, POONAWALLA, ARE&M, GLENMARK, KFINTECH, JSWENERGY, NBCC, BDL, POLICYBZR, GODFRYPHLP, KEC, ELECON, ENGINERSIN, SONACOMS, TATAELXSI, ADANIPOWER, FACT, PRESTIGE, GMDCLTD, JINDALSAW, DIXON, RBLBANK, JINDALSTEL, INDUSINDBK, GESHIP, THERMAX",66,66,891,1.0569506172839505,both,0
FALCPAT_9412,22,"DATAPATTNS, BEML, PPLPHARMA, RAILTEL, JUBLFOOD, NAVA, PCBL, TIMKEN, GLAND, KAYNES, IOB, ZENSARTECH, PAYTM, COFORGE, ZYDUSLIFE, ANANTRAJ, POLICYBZR, IRFC, HINDALCO, NEULANDLAB, LTM, HUDCO",22,22,190,1.007042105263158,both,0
FALCPAT_9413,31,"INDUSTOWER, ABFRL, MCX, KIMS, GMRAIRPORT, ANURAS, CCL, GLAXO, RBLBANK, WHIRLPOOL, GODREJIND, DLF, SHYAMMETL, ESCORTS, RADICO, JUBLFOOD, GABRIEL, GESHIP, GRAPHITE, CESC, KPITTECH, APTUS, INDIACEM, DOMS, DEEPAKFERT, JSWENERGY, MAXHEALTH, CREDITACC, NMDC, ACC, HINDCOPPER",31,31,666,0.8163933933933933,both,0
FALCPAT_9424,19,"ITI, MAZDOCK, BIKAJI, GSPL, HBLENGINE, JBMA, GALLANTT, BHARTIHEXA, SWANCORP, EIHOTEL, TATAINVEST, NHPC, BPCL, M&MFIN, CARTRADE, COFORGE, KALYANKJIL, GVT&D, PRESTIGE",19,19,398,0.8082537688442211,both,0
FALCPAT_9425,99,"ELECON, POONAWALLA, ADANIPOWER, NUVOCO, APLAPOLLO, JUBLPHARMA, LTFOODS, CEATLTD, RVNL, NBCC, TEJASNET, ATGL, SONACOMS, SHRIRAMFIN, BANKBARODA, BEL, J&KBANK, TRIDENT, JWL, HINDZINC, APOLLOHOSP, GILLETTE, JINDALSTEL, COROMANDEL, GODREJCP, JSL, SCHAEFFLER, SUMICHEM, GMDCLTD, INDUSTOWER, HOMEFIRST, ATUL, LINDEINDIA, M&M, MARUTI, INDIACEM, GRSE, RKFORGE, BAJAJFINSV, DATAPATTNS",99,99,933,0.9987277599142552,both,0
FALCPAT_9426,91,"VIJAYA, BIKAJI, RADICO, GPIL, CAPLIPOINT, LODHA, DEEPAKFERT, BHEL, CARTRADE, AAVAS, CGPOWER, AFFLE, CGCL, ZFCVINDIA, MINDACORP, VBL, ANURAS, ABSLAMC, PVRINOX, NUVAMA, PARADEEP, NIACL, ENGINERSIN, AJANTPHARM, PPLPHARMA, NAVA, WOCKPHARMA, WELCORP, JSWINFRA, ADANIPOWER, MAPMYINDIA, SAREGAMA, BANDHANBNK, ABREL, CYIENT, ACE, COHANCE, PHOENIXLTD, AEGISLOG, POLICYBZR",91,91,1000,1.1961169999999999,both,0
FALCPAT_9427,49,"PNBHOUSING, JBMA, KFINTECH, PTCIL, MCX, TIMKEN, GODFRYPHLP, POLYMED, ABREL, JSWENERGY, SUNDARMFIN, HEG, OIL, JUBLPHARMA, KAYNES, TEGA, CHENNPETRO, ATUL, INDUSINDBK, GRSE, BEML, STARHEALTH, PCBL, APLAPOLLO, BALRAMCHIN, KIRLOSENG, SONACOMS, TRIDENT, GRAVITA, GVT&D, JPPOWER, NAM-INDIA, FACT, JUBLINGREA, FLUOROCHEM, DEEPAKNTR, PATANJALI, MRPL, DELHIVERY, INDIACEM",49,49,538,1.0867026022304833,both,0
FALCPAT_9428,78,"GLAXO, GODREJIND, DOMS, ANURAS, MGL, MEDANTA, CANBK, GODFRYPHLP, MOTILALOFS, CHOLAHLDNG, LTFOODS, EMAMILTD, GABRIEL, FSL, ERIS, LUPIN, CESC, CEMPRO, CUMMINSIND, HFCL, RADICO, BHARATFORG, POLICYBZR, CHOLAFIN, JINDALSTEL, CHALET, BBTC, ATUL, STARHEALTH, RPOWER, CASTROLIND, DATAPATTNS, MAZDOCK, INDIACEM, BLS, ZENSARTECH, VOLTAS, BDL, JUBLFOOD, AMBUJACEM",78,78,1338,0.8884110612855007,both,0
FALCPAT_9429,52,"JSWENERGY, ABREL, CESC, INDHOTEL, SUMICHEM, ACE, ABFRL, SRF, ACUTAAS, LAURUSLABS, INDIANB, PFC, APARINDS, EIDPARRY, ONGC, CYIENT, COALINDIA, LICI, SAIL, RBLBANK, NETWEB, SONATSOFTW, RECLTD, MANAPPURAM, MCX, BHEL, PERSISTENT, APOLLOHOSP, AFFLE, GVT&D, ETERNAL, RKFORGE, ERIS, BHARATFORG, IOC, NEWGEN, NAM-INDIA, BBTC, APTUS, ASAHIINDIA",52,52,846,0.9405449172576832,both,0
FALCPAT_9430,42,"COCHINSHIP, VEDL, IEX, IDEA, EIDPARRY, CHAMBLFERT, TARIL, CONCORDBIO, NYKAA, DELHIVERY, SOBHA, JINDALSTEL, SRF, HFCL, SOLARINDS, COROMANDEL, JSL, MOTILALOFS, MSUMI, CHOLAFIN, MUTHOOTFIN, SPLPETRO, HOMEFIRST, MRPL, SYRMA, BSE, TITAGARH, INDUSTOWER, GABRIEL, AFFLE, BHEL, APLAPOLLO, GMRAIRPORT, ADANIPOWER, KIMS, RAILTEL, POWERGRID, BANDHANBNK, REDINGTON, NATIONALUM",42,42,793,0.881828499369483,both,0
FALCPAT_9445,66,"TIMKEN, ASHOKLEY, VIJAYA, CGPOWER, AEGISLOG, JYOTICNC, GPIL, POWERINDIA, JSWINFRA, LINDEINDIA, MCX, IPCALAB, HBLENGINE, GRANULES, APLAPOLLO, SPLPETRO, APOLLOHOSP, ATUL, MAHABANK, POLYMED, JUBLPHARMA, LTFOODS, PNBHOUSING, NUVAMA, CARTRADE, KFINTECH, BIKAJI, CEATLTD, PPLPHARMA, UNOMINDA, STARHEALTH, TRIDENT, GRAVITA, JIOFIN, SONACOMS, BLUEDART, FSL, KPIL, POONAWALLA, AJANTPHARM",66,66,1234,0.923416531604538,both,0
FALCPAT_9446,73,"GODFRYPHLP, CEMPRO, REDINGTON, EMAMILTD, CHOLAHLDNG, GABRIEL, AARTIIND, ERIS, RAINBOW, ACUTAAS, DOMS, ANURAS, SARDAEN, FSL, GLENMARK, FEDERALBNK, TECHM, BBTC, BSOFT, POLICYBZR, CUMMINSIND, NUVOCO, STARHEALTH, M&M, MARUTI, APLAPOLLO, HFCL, MUTHOOTFIN, KIMS, SONACOMS, INDIACEM, COROMANDEL, POONAWALLA, BAJAJFINSV, PGEL, MAXHEALTH, SCHAEFFLER, TVSMOTOR, ICICIPRULI, CHOLAFIN",73,73,1174,0.9690051107325383,both,0
FALCPAT_9447,33,"ASHOKLEY, EXIDEIND, ABCAPITAL, EIDPARRY, COCHINSHIP, PATANJALI, AFFLE, COROMANDEL, HDFCAMC, BHARTIHEXA, CHOLAFIN, APLAPOLLO, ADANIPOWER, CONCORDBIO, DELHIVERY, BIOCON, SIEMENS, SRF, VEDL, MUTHOOTFIN, IOC, JSL, TARIL, IFCI, RAILTEL, SOBHA, MSUMI, HONAUT, GABRIEL, AIIL, JPPOWER, CUMMINSIND, KIMS",33,33,750,0.763216,both,0
FALCPAT_9448,45,"AIIL, JINDALSTEL, ABFRL, RITES, INDIACEM, HAL, AJANTPHARM, INDUSTOWER, COHANCE, GODREJIND, LLOYDSME, CASTROLIND, CENTRALBK, ZEEL, HINDZINC, GLAXO, GPIL, MAXHEALTH, RHIM, ANGELONE, FINCABLES, ELGIEQUIP, LICI, KIRLOSENG, VEDL, SPLPETRO, NCC, PHOENIXLTD, BEL, ADANIPORTS, BANKBARODA, WELCORP, ZOMATO, OIL, CGCL, UCOBANK, KIMS, COROMANDEL, POLICYBZR, CREDITACC",45,45,703,0.874886201991465,both,0
FALCPAT_9449,59,"INDUSTOWER, GRAVITA, MCX, HBLENGINE, CONCORDBIO, HUDCO, KFINTECH, JINDALSAW, BIKAJI, MRPL, RAILTEL, JYOTICNC, IDFCFIRSTB, NEWGEN, ZFCVINDIA, WELSPUNLIV, OLECTRA, JMFINANCIL, JINDALSTEL, BDL, JSWINFRA, ABREL, DELHIVERY, MAPMYINDIA, PGEL, ANGELONE, VOLTAS, SONACOMS, JBMA, TRITURBINE, DEEPAKFERT, IFCI, GMDCLTD, ADANIPOWER, INDIACEM, ELECON, ZENTEC, HINDALCO, ADANIPORTS, DEEPAKNTR",59,59,602,1.1278820598006645,both,0
FALCPAT_9450,69,"GPIL, AEGISLOG, CGPOWER, HEG, JYOTICNC, SAREGAMA, TARIL, VIJAYA, PARADEEP, PHOENIXLTD, GRANULES, NLCINDIA, SHRIRAMFIN, DCMSHRIRAM, CAPLIPOINT, HBLENGINE, APARINDS, FLUOROCHEM, LEMONTREE, PNBHOUSING, LODHA, KFINTECH, BANKINDIA, NUVAMA, JUBLPHARMA, LTFOODS, INDIACEM, GVT&D, KEI, KAYNES, INDUSINDBK, KPIL, TORNTPOWER, CRAFTSMAN, ASHOKLEY, ABSLAMC, APTUS, GRAVITA, PTCIL, POLICYBZR",69,69,1235,0.9068210526315791,both,0
FALCPAT_9455,10,"DATAPATTNS, KIRLOSENG, JBMA, SONATSOFTW, ZENSARTECH, ADANIPOWER, RPOWER, SCI, JWL, ITI",10,10,128,0.8624296875,both,0
FALCPAT_9456,20,"NETWEB, FINCABLES, JBMA, PAYTM, OIL, DATAPATTNS, CENTRALBK, ZENTEC, BEML, INDUSINDBK, KIRLOSENG, IFCI, CREDITACC, COCHINSHIP, BSOFT, HFCL, WHIRLPOOL, GLAND, IRCTC, MANAPPURAM",20,20,204,1.2580245098039216,both,0
FALCPAT_9457,24,"RAILTEL, ADANIENT, APARINDS, TRIDENT, NIACL, OIL, NAUKRI, TEJASNET, ANANTRAJ, SONATSOFTW, ADANIPOWER, ZENTEC, GRSE, GODREJPROP, INDUSINDBK, WELSPUNLIV, IFCI, CHENNPETRO, POLICYBZR, MMTC, HFCL, COCHINSHIP, CONCOR, GRAPHITE",24,24,228,1.3573114035087719,both,0
FALCPAT_9459,2,"BSE, KFINTECH",2,2,366,0.5875245901639344,both,0
FALCPAT_9460,77,"DEEPAKNTR, VOLTAS, ERIS, BHARTIARTL, BAJFINANCE, POONAWALLA, FLUOROCHEM, BIKAJI, DABUR, HINDZINC, UBL, COROMANDEL, ICICIPRULI, UPL, ANURAS, STARHEALTH, TATAPOWER, BANKBARODA, AIAENG, IOB, AUBANK, CANBK, GILLETTE, LTTS, POWERGRID, LODHA, PETRONET, INDIACEM, BAJAJFINSV, INTELLECT, CHOLAHLDNG, DEVYANI, UCOBANK, SAIL, AARTIIND, INDUSINDBK, LAURUSLABS, ZYDUSLIFE, SYRMA, TVSMOTOR",77,77,1421,0.8637276565798732,both,0
FALCPAT_9492,64,"GODFRYPHLP, TECHNOE, LICHSGFIN, APOLLOHOSP, SONATSOFTW, GUJGASLTD, COHANCE, 360ONE, GRANULES, JUBLPHARMA, FORCEMOT, JSL, PARADEEP, NUVAMA, UPL, IREDA, JKTYRE, ELGIEQUIP, ABB, SUZLON, TRENT, INDUSINDBK, LALPATHLAB, ADANIPOWER, J&KBANK, BAJFINANCE, HAL, JWL, PATANJALI, TARIL, CHENNPETRO, POLYCAB, HCLTECH, GMDCLTD, ONGC, HEG, SAIL, ABSLAMC, GPIL, NBCC",64,64,525,1.0055885714285715,both,0
FALCPAT_9493,52,"SYRMA, UBL, ELGIEQUIP, DOMS, CUB, BAJAJ-AUTO, ASTERDM, POLYCAB, LT, ECLERX, TTML, AAVAS, GRANULES, MCDOWELL-N, UNITDSPR, KOTAKBANK, BBTC, CHAMBLFERT, VTL, KAJARIACER, RVNL, BLUESTARCO, FEDERALBNK, CANFINHOME, INDIAMART, ASAHIINDIA, SAREGAMA, MAPMYINDIA, SUMICHEM, TATACONSUM, CARBORUNIV, AWL, BDL, IGL, ELECON, ICICIPRULI, RKFORGE, FSL, SAPPHIRE, BHARTIARTL",52,52,898,0.8423095768374165,both,0
FALCPAT_9494,80,"GODREJIND, RADICO, TATAINVEST, CREDITACC, MAHABANK, TECHM, AEGISLOG, DOMS, FSL, VIJAYA, ZENSARTECH, JSWDULUX, IPCALAB, ASIANPAINT, HEG, PIDILITIND, GVT&D, AJANTPHARM, UBL, KFINTECH, AMBER, ATGL, INDIANB, NLCINDIA, JBCHEPHARM, POWERINDIA, KPRMILL, HINDCOPPER, PARADEEP, M&M, GODFRYPHLP, GRAVITA, GMRAIRPORT, NHPC, LTF, ANURAS, SRF, PHOENIXLTD, POONAWALLA, SAREGAMA",80,80,1594,0.9170332496863237,both,0
FALCPAT_9496,26,"ELECON, ADANIPORTS, RITES, CARTRADE, FACT, SWANCORP, DELHIVERY, RAILTEL, HINDALCO, JIOFIN, IIFL, MMTC, KEI, HFCL, ZENTEC, TECHNOE, BSOFT, FINCABLES, PVRINOX, ZYDUSLIFE, NYKAA, APARINDS, SCI, CONCOR, NETWEB, LTTS",26,26,259,1.0075714285714286,both,0
FALCPAT_9499,14,"BDL, ENGINERSIN, MOTILALOFS, SCI, TITAGARH, TIINDIA, CHENNPETRO, CENTRALBK, BSOFT, CDSL, COCHINSHIP, MMTC, BEML, NAUKRI",14,14,70,1.6748142857142856,both,0
FALCPAT_9500,63,"RVNL, BDL, GRAPHITE, USHAMART, CAPLIPOINT, MAZDOCK, COCHINSHIP, PARADEEP, TTML, NAVINFLUOR, GPIL, ASAHIINDIA, KAJARIACER, RITES, M&MFIN, SYRMA, 360ONE, GMDCLTD, AMBER, SAREGAMA, DMART, ANANTRAJ, KFINTECH, JKCEMENT, SCI, PAGEIND, ITC, STARHEALTH, BANKINDIA, MAXHEALTH, MRF, FSL, DRREDDY, BBTC, SJVN, CRAFTSMAN, CCL, MOTILALOFS, PIDILITIND, MMTC",63,63,809,0.8782088998763907,both,0
FALCPAT_9501,61,"YESBANK, ANURAS, IREDA, POONAWALLA, ACUTAAS, LODHA, DOMS, CREDITACC, CAPLIPOINT, GVT&D, SWANCORP, TATATECH, BIKAJI, GRSE, LALPATHLAB, DCMSHRIRAM, BDL, ABBOTINDIA, OLECTRA, PATANJALI, KAYNES, GLAXO, ITI, KIRLOSENG, WHIRLPOOL, PRESTIGE, COCHINSHIP, BANKINDIA, SPLPETRO, SAREGAMA, ATGL, CARTRADE, LUPIN, ERIS, NBCC, SCI, VIJAYA, COHANCE, BALRAMCHIN, HFCL",61,61,1868,0.7159646680942185,both,0
FALCPAT_9502,32,"ITI, HONAUT, DABUR, BAJAJHLDNG, BHARTIHEXA, KFINTECH, JSWINFRA, HINDZINC, GODREJIND, WOCKPHARMA, OLECTRA, KOTAKBANK, NIACL, PFIZER, BSE, KAYNES, TATACONSUM, NESTLEIND, TATAINVEST, MRPL, MMTC, ATUL, SOLARINDS, INDUSINDBK, ERIS, GRASIM, FACT, RITES, RVNL, HONASA, PCBL, BOSCHLTD",32,32,992,0.7911038306451614,both,0
FALCPAT_9504,53,"GRSE, MAHABANK, HEG, JSWDULUX, ELECON, LINDEINDIA, EIHOTEL, OFSS, WELCORP, IRFC, YESBANK, BANKINDIA, ADANIGREEN, JUBLPHARMA, SBFC, GLAXO, ANANDRATHI, 360ONE, PRESTIGE, POLICYBZR, NLCINDIA, ABCAPITAL, RPOWER, CAMS, CEATLTD, NATCOPHARM, ARE&M, SONACOMS, ABREL, UCOBANK, CESC, PHOENIXLTD, IRCON, 3MINDIA, ITC, SBICARD, POWERINDIA, SONATSOFTW, AJANTPHARM, NEULANDLAB",53,53,517,0.9517698259187621,both,0
FALCPAT_9505,122,"PPLPHARMA, GILLETTE, PARADEEP, CEMPRO, JSWINFRA, NEWGEN, NUVAMA, ASAHIINDIA, BALKRISIND, IDBI, LODHA, RVNL, CONCORDBIO, CGPOWER, CAMS, OLECTRA, ERIS, COCHINSHIP, CARTRADE, USHAMART, VIJAYA, TATAINVEST, BIKAJI, ZOMATO, GRANULES, GPIL, RAINBOW, GMRAIRPORT, POLYCAB, SUZLON, J&KBANK, EIHOTEL, HCLTECH, KEC, BANKBARODA, TEGA, BANKINDIA, GRSE, JBMA, HDFCLIFE",122,122,1418,1.0874485190409027,both,0
FALCPAT_9506,85,"VIJAYA, GODREJIND, SUNDARMFIN, ZENSARTECH, AEGISLOG, NLCINDIA, SOLARINDS, PNBHOUSING, GMDCLTD, CGCL, UNOMINDA, KFINTECH, JUBLINGREA, LICHSGFIN, KPRMILL, PARADEEP, SRF, CROMPTON, CHALET, BANKINDIA, TCS, LTFOODS, EIDPARRY, NAVA, APOLLOHOSP, KAYNES, GRANULES, JINDALSAW, PHOENIXLTD, ELGIEQUIP, GPIL, JBMA, DLF, POWERGRID, SCHAEFFLER, HBLENGINE, NUVAMA, ACE, HEG, NATIONALUM",85,85,1669,0.852106051527861,both,0
FALCPAT_9508,62,"NUVAMA, PIIND, ACUTAAS, CUMMINSIND, SPLPETRO, BLUESTARCO, HDFCLIFE, NCC, ELECON, GRAVITA, SHYAMMETL, ZOMATO, NLCINDIA, JUBLPHARMA, VTL, CAPLIPOINT, HONAUT, INDIAMART, SAPPHIRE, MINDACORP, LEMONTREE, CHAMBLFERT, TATACHEM, SUMICHEM, GESHIP, PGEL, CEATLTD, GAIL, ABSLAMC, CAMS, PFC, TORNTPOWER, IOC, FIVESTAR, MEDANTA, GODREJIND, JUBLINGREA, ABFRL, ADANIGREEN, BALRAMCHIN",62,62,667,0.9288620689655173,both,0
FALCPAT_9509,64,"NUVAMA, GMDCLTD, TARIL, LATENTVIEW, CUMMINSIND, AMBER, BRIGADE, KPRMILL, BLUEJET, NAM-INDIA, BALRAMCHIN, CHOLAFIN, CANFINHOME, HBLENGINE, CHALET, FIVESTAR, EIDPARRY, DIVISLAB, AEGISLOG, NLCINDIA, GAIL, SHRIRAMFIN, KAJARIACER, APARINDS, IDBI, DCMSHRIRAM, RRKABEL, TATASTEEL, KIRLOSENG, LT, TORNTPOWER, HEG, KAYNES, SOLARINDS, ZFCVINDIA, DELHIVERY, CARTRADE, CAPLIPOINT, ABSLAMC, IIFL",64,64,821,0.8688294762484774,both,0
FALCPAT_9511,35,"ITC, ITI, ZENTEC, ANURAS, SHREECEM, CAPLIPOINT, DOMS, MMTC, ENGINERSIN, MAPMYINDIA, WELCORP, CHALET, CONCORDBIO, COALINDIA, SUNDARMFIN, ERIS, SYNGENE, ADANIGREEN, PATANJALI, INFY, GODREJPROP, BHEL, CARTRADE, ZYDUSLIFE, IEX, BLUEDART, BIOCON, JKCEMENT, BALRAMCHIN, ANANTRAJ, BDL, MAZDOCK, EICHERMOT, ADANIPOWER, JUBLPHARMA",35,35,1152,0.7438142361111111,both,0
FALCPAT_9512,44,"HONASA, JSWINFRA, SBILIFE, HONAUT, ULTRACEMCO, DABUR, HINDZINC, ITI, TATAINVEST, BAJAJHLDNG, BDL, OLECTRA, BAJFINANCE, AIIL, ABB, ATUL, CONCORDBIO, PFIZER, ASIANPAINT, OFSS, GRASIM, COLPAL, UCOBANK, ARE&M, HUDCO, STARHEALTH, RITES, GRSE, COCHINSHIP, DIVISLAB, LTM, SBFC, BSE, BOSCHLTD, MAZDOCK, GVT&D, GODREJIND, ENDURANCE, PAGEIND, IOB",44,44,1271,0.7875656963021243,both,0
FALCPAT_9513,49,"MOTILALOFS, POWERINDIA, GLAXO, PGEL, IRCON, JINDALSAW, KEI, AMBER, ABREL, ASTERDM, BLUESTARCO, TATAPOWER, PHOENIXLTD, FORTIS, CDSL, OFSS, MAXHEALTH, UTIAMC, TECHNOE, CRISIL, OLECTRA, KPIL, GPIL, YESBANK, CHENNPETRO, ACE, KARURVYSYA, ASAHIINDIA, SARDAEN, FORCEMOT, SHYAMMETL, IIFL, ERIS, CESC, BLS, TATAINVEST, SYRMA, KFINTECH, MCX, MANAPPURAM",49,49,490,0.8841877551020408,both,0
FALCPAT_9516,69,"BDL, ADANIPORTS, GRANULES, CYIENT, INDUSTOWER, APLAPOLLO, KEC, LTFOODS, NATIONALUM, ZEEL, JSWINFRA, JMFINANCIL, ADANIENT, LAURUSLABS, CONCOR, MAHABANK, FIVESTAR, UBL, TATACHEM, INDHOTEL, UNIONBANK, ASAHIINDIA, NBCC, TRITURBINE, SONATSOFTW, COCHINSHIP, CONCORDBIO, SPLPETRO, LICHSGFIN, UPL, M&M, SCI, IEX, NATCOPHARM, HAL, MCX, TITAN, PARADEEP, HCLTECH, HDFCAMC",69,69,444,1.1619099099099097,both,0
FALCPAT_9517,90,"GLAXO, ACUTAAS, LODHA, POONAWALLA, DOMS, GODREJIND, CHAMBLFERT, ERIS, VIJAYA, FIVESTAR, NATCOPHARM, ADANIENT, COHANCE, CREDITACC, DEVYANI, ATGL, PHOENIXLTD, POLYMED, KAYNES, CARTRADE, BLS, RADICO, BSE, IREDA, GPIL, CCL, LTFOODS, ASAHIINDIA, IRFC, MCX, SJVN, BEL, CARBORUNIV, BDL, UNOMINDA, SBILIFE, SWANCORP, ECLERX, FSL, MSUMI",90,90,1078,0.9943719851576994,both,0
FALCPAT_9518,40,"TECHNOE, BEML, KAYNES, JKTYRE, GRSE, KAJARIACER, INTELLECT, HUDCO, WELSPUNLIV, FACT, ZENTEC, DATAPATTNS, NEWGEN, APARINDS, DELHIVERY, JBMA, STARHEALTH, RITES, CARTRADE, LTTS, DIXON, WHIRLPOOL, TMPV, LAURUSLABS, RVNL, INOXWIND, CYIENT, PRESTIGE, KEC, SAMMAANCAP, IRFC, JWL, SJVN, ANGELONE, TRIDENT, INDUSINDBK, NCC, KIRLOSENG, ASTRAL, CARBORUNIV",40,40,456,1.2457456140350875,both,0
FALCPAT_9521,25,"ATUL, JINDALSTEL, INDIACEM, FORTIS, CHOLAFIN, AJANTPHARM, IRCTC, SONACOMS, CESC, INDUSTOWER, CREDITACC, MANAPPURAM, EXIDEIND, CCL, ERIS, ABFRL, AIIL, GLAXO, GMRAIRPORT, GODREJIND, WHIRLPOOL, KIMS, ONGC, ANURAS, CRAFTSMAN",25,25,438,0.9340684931506849,both,0
FALCPAT_9522,119,"PARADEEP, VIJAYA, CGCL, NUVAMA, LTFOODS, BALKRISIND, HEG, CEMPRO, CGPOWER, PPLPHARMA, 360ONE, RAINBOW, BANKINDIA, WELCORP, CARTRADE, SAREGAMA, GPIL, GILLETTE, GODREJIND, DCMSHRIRAM, KEC, BANKBARODA, CAPLIPOINT, IDBI, CUMMINSIND, PFC, OLECTRA, ANANDRATHI, SOLARINDS, SBICARD, KFINTECH, LODHA, TEGA, PHOENIXLTD, LEMONTREE, POLYCAB, CHOLAFIN, HBLENGINE, GRANULES, POLYMED",119,119,1826,0.9705728368017525,both,0
FALCPAT_9523,68,"AEGISLOG, GODREJIND, UNOMINDA, PARADEEP, NLCINDIA, ACE, EIDPARRY, GLAXO, ZENSARTECH, VTL, JSL, POWERINDIA, EIHOTEL, KFINTECH, CEMPRO, BERGEPAINT, KAYNES, JBMA, JSWINFRA, JSWSTEEL, RAINBOW, CAPLIPOINT, JINDALSAW, KIRLOSENG, IOC, NUVAMA, FACT, LEMONTREE, VIJAYA, TARIL, HBLENGINE, GRAVITA, CEATLTD, ATUL, ABCAPITAL, ASHOKLEY, GPIL, ZOMATO, DALBHARAT, RITES",68,68,1359,0.8636188373804269,both,0
FALCPAT_9528,96,"LAURUSLABS, DLF, CAPLIPOINT, AMBER, PPLPHARMA, NUVAMA, NHPC, TIMKEN, FLUOROCHEM, GPIL, DCMSHRIRAM, FSL, BLUEJET, POLICYBZR, PNBHOUSING, CCL, POONAWALLA, BIKAJI, MAZDOCK, TATAINVEST, OLECTRA, BANKINDIA, VBL, PFC, SJVN, JUBLPHARMA, ENDURANCE, POLYMED, VIJAYA, HDFCLIFE, CGCL, AUROPHARMA, GRANULES, TATACOMM, PARADEEP, NLCINDIA, INDIACEM, CGPOWER, CREDITACC, BAYERCROP",96,96,1274,1.0898712715855574,both,0
FALCPAT_9529,91,"GODREJIND, AEGISLOG, LTFOODS, INDUSINDBK, LODHA, TATACHEM, LTF, POLICYBZR, GPIL, LATENTVIEW, POONAWALLA, GAIL, NUVAMA, POWERINDIA, GRANULES, CHALET, ZOMATO, GLENMARK, BLS, KIRLOSENG, PHOENIXLTD, 360ONE, APARINDS, CEMPRO, LAURUSLABS, KEI, NEWGEN, HOMEFIRST, PARADEEP, MOTILALOFS, KAYNES, DLF, INTELLECT, PGEL, JSWSTEEL, PATANJALI, RKFORGE, ENDURANCE, HEG, TATAELXSI",91,91,1316,0.9172712765957446,both,0
FALCPAT_9530,115,"HEG, TARIL, ACE, PTCIL, GRAVITA, NLCINDIA, ECLERX, PNB, LICHSGFIN, FACT, TVSMOTOR, IDBI, JYOTICNC, INDUSINDBK, ZENSARTECH, ADANIPORTS, KAYNES, EIDPARRY, HAL, LODHA, PFC, VTL, KPRMILL, INDIACEM, JSWENERGY, GODFRYPHLP, TITAN, TRIDENT, VIJAYA, ATUL, NATIONALUM, TATAPOWER, KFINTECH, CHALET, CAPLIPOINT, LATENTVIEW, SAREGAMA, GRAPHITE, HDFCAMC, LTF",115,115,1458,1.0818964334705075,both,0
FALCPAT_9531,9,"HONASA, TATASTEEL, JYOTICNC, SHREECEM, UPL, AAVAS, BERGEPAINT, IGL, 3MINDIA",9,9,103,0.8125533980582526,both,0
FALCPAT_9536,18,"AAVAS, PFIZER, ADANIENSOL, INTELLECT, ANURAS, AARTIIND, JYOTICNC, HDFCAMC, POONAWALLA, AUROPHARMA, MOTHERSON, HONASA, SOBHA, HINDZINC, PARADEEP, BDL, IDFCFIRSTB, CCL",18,18,415,0.7249734939759038,both,0
FALCPAT_9540,78,"TTML, WOCKPHARMA, SYRMA, NEWGEN, JKTYRE, HBLENGINE, GRASIM, GODFRYPHLP, HUDCO, USHAMART, RAMCOCEM, TATACHEM, MANKIND, SAMMAANCAP, OFSS, GPIL, IRFC, BOSCHLTD, CEATLTD, NATIONALUM, COHANCE, IRCON, ANANTRAJ, J&KBANK, ADANIPOWER, KFINTECH, PERSISTENT, CARTRADE, AWL, FLUOROCHEM, RAINBOW, RPOWER, SUNDARMFIN, TATASTEEL, OBEROIRLTY, RBLBANK, BHARTIARTL, HSCL, CREDITACC, LLOYDSME",78,78,811,1.010454993834772,both,0
FALCPAT_9541,94,"NAVA, NUVAMA, LODHA, PPLPHARMA, CGPOWER, BANDHANBNK, GPIL, IRCTC, ASTERDM, HEG, INDIACEM, CEATLTD, ATUL, GRAVITA, USHAMART, FINCABLES, GUJGASLTD, JINDALSAW, PCBL, NAM-INDIA, VOLTAS, AUROPHARMA, JSWINFRA, JYOTICNC, GRANULES, CESC, GRAPHITE, KFINTECH, NATIONALUM, DEEPAKFERT, HINDPETRO, TATACOMM, JUBLPHARMA, SOBHA, OLECTRA, INDUSTOWER, VBL, ETERNAL, POLYCAB, JMFINANCIL",94,94,1221,1.024737100737101,both,0
FALCPAT_9542,60,"SUNDARMFIN, SHYAMMETL, KEI, SHRIRAMFIN, MINDACORP, AJANTPHARM, ACE, SAPPHIRE, TATAELXSI, BIOCON, FLUOROCHEM, ZENSARTECH, ANANDRATHI, JSL, JUBLINGREA, TATACHEM, VIJAYA, MOTILALOFS, ERIS, ABSLAMC, NLCINDIA, POLYCAB, ABBOTINDIA, SOLARINDS, SARDAEN, CUMMINSIND, LAURUSLABS, GAIL, RAINBOW, ATUL, BERGEPAINT, NHPC, JSWSTEEL, CAPLIPOINT, IPCALAB, GRANULES, HBLENGINE, DCMSHRIRAM, AEGISLOG, NUVOCO",60,60,1254,0.862250398724083,both,0
FALCPAT_9545,106,"PARADEEP, KFINTECH, JSWINFRA, APLAPOLLO, NETWEB, HBLENGINE, RADICO, ERIS, RKFORGE, EIDPARRY, FIVESTAR, GLAXO, FSL, BEL, LALPATHLAB, BALRAMCHIN, BSE, UPL, HONAUT, ACUTAAS, RPOWER, SARDAEN, ANANDRATHI, BEML, MOTILALOFS, KIRLOSENG, NLCINDIA, UNOMINDA, SUMICHEM, M&M, HCLTECH, GRAVITA, ITI, AFFLE, FACT, SUNDARMFIN, TATAPOWER, TITAN, TEJASNET, AEGISLOG",106,106,2079,0.8422982202982202,both,0
FALCPAT_9546,29,"JSWDULUX, TATAINVEST, MMTC, CLEAN, TIMKEN, SHREECEM, ATUL, BLUEJET, ARE&M, SOLARINDS, TITAGARH, CONCORDBIO, HUDCO, ZYDUSWELL, COCHINSHIP, BSE, BAYERCROP, POWERINDIA, ATGL, ANGELONE, MOTHERSON, VIJAYA, CARTRADE, MUTHOOTFIN, CRISIL, HCLTECH, IRB, MOTILALOFS, SUZLON",29,29,781,0.7710819462227914,both,0
FALCPAT_9547,107,"VIJAYA, BLUEJET, POONAWALLA, MAXHEALTH, ANURAS, CHOLAHLDNG, KARURVYSYA, LODHA, BALKRISIND, ERIS, DEEPAKFERT, DATAPATTNS, BIKAJI, IREDA, GMDCLTD, APLAPOLLO, BEML, BDL, JUBLPHARMA, ZEEL, HINDCOPPER, CHENNPETRO, KPRMILL, BBTC, GLAXO, SPLPETRO, JSL, VTL, DIVISLAB, MOTHERSON, FIVESTAR, PCBL, CRAFTSMAN, UNOMINDA, ATGL, ASAHIINDIA, FORCEMOT, CHAMBLFERT, SBICARD, JKTYRE",107,107,825,1.1071854545454547,both,0
FALCPAT_9548,65,"CHAMBLFERT, AIIL, ANURAS, ITI, GODREJCP, SIGNATURE, GILLETTE, TATAELXSI, MUTHOOTFIN, RVNL, TVSMOTOR, INDIGO, ERIS, UPL, GODREJIND, IOB, APOLLOTYRE, STARHEALTH, GSPL, SRF, GRSE, PHOENIXLTD, SAREGAMA, WOCKPHARMA, TATASTEEL, WHIRLPOOL, MOTHERSON, SUNTV, EMAMILTD, AAVAS, DOMS, LTIM, TARIL, JUBLPHARMA, CHALET, DEEPAKNTR, JSWENERGY, HOMEFIRST, LICHSGFIN, BRIGADE",65,65,1570,0.7253063694267518,both,0
FALCPAT_9562,1,SUNDARMFIN,1,1,3,1.502,both,0
FALCPAT_9566,63,"WOCKPHARMA, SYRMA, FLUOROCHEM, RVNL, MAPMYINDIA, SAIL, FIVESTAR, BAJFINANCE, ZENTEC, REDINGTON, AWL, DEVYANI, RITES, GPIL, ACE, ERIS, NIACL, TTML, HOMEFIRST, BSOFT, NATIONALUM, GSPL, LTFOODS, APLAPOLLO, INDIACEM, FINCABLES, TATAINVEST, APARINDS, ICICIPRULI, UPL, MRPL, IRFC, GAIL, CHOLAHLDNG, JUBLPHARMA, LTTS, POWERGRID, POLYMED, ADANIPOWER, MSUMI",63,63,323,1.4407678018575847,both,0
FALCPAT_9567,92,"NAVA, LODHA, PPLPHARMA, NUVAMA, CGPOWER, GPIL, JUBLPHARMA, HEG, INDIACEM, TARIL, JSWINFRA, CESC, GRAVITA, WELCORP, USHAMART, VOLTAS, GESHIP, DEEPAKFERT, GRAPHITE, 360ONE, JINDALSAW, KFINTECH, INDUSTOWER, NATIONALUM, GUJGASLTD, ASTERDM, NBCC, FINCABLES, EIDPARRY, OLECTRA, PATANJALI, SOBHA, MOTHERSON, NAM-INDIA, POLYCAB, ETERNAL, HINDCOPPER, ZOMATO, LTM, JMFINANCIL",92,92,1181,1.0702701100762064,both,0
FALCPAT_9568,59,"JUBLINGREA, SAPPHIRE, KAJARIACER, VIJAYA, BIOCON, FLUOROCHEM, LTM, LAURUSLABS, TATAELXSI, DCMSHRIRAM, AMBER, PGEL, M&MFIN, MOTILALOFS, KEI, ULTRACEMCO, AEGISLOG, ZYDUSLIFE, ATUL, BLS, AJANTPHARM, NAVINFLUOR, ZENSARTECH, PHOENIXLTD, ANURAS, ECLERX, DLF, BERGEPAINT, SHRIRAMFIN, CHOLAHLDNG, TATATECH, PPLPHARMA, HBLENGINE, ACE, LTFOODS, NAM-INDIA, ENDURANCE, CAPLIPOINT, CASTROLIND, HONASA",59,59,1628,0.8262192874692875,both,0
FALCPAT_9569,110,"GODREJIND, AMBER, HINDPETRO, BALKRISIND, BEML, GPIL, JSWSTEEL, STARHEALTH, BSE, POLICYBZR, ACE, CLEAN, VIJAYA, ZOMATO, NEULANDLAB, KFINTECH, TORNTPOWER, RITES, CGCL, MOTILALOFS, DATAPATTNS, LODHA, USHAMART, CRISIL, POWERINDIA, SBICARD, ACC, RHIM, NUVOCO, ENDURANCE, INDUSINDBK, BDL, CHENNPETRO, FACT, PRESTIGE, MCX, TECHNOE, IDBI, CGPOWER, RVNL",110,110,1472,1.0178396739130435,both,0
FALCPAT_9570,27,"LODHA, GODFRYPHLP, POONAWALLA, CREDITACC, RVNL, KAYNES, JSWENERGY, TARIL, SYRMA, PCBL, ADANIENT, POLICYBZR, KFINTECH, IIFL, SONATSOFTW, RITES, SOBHA, BDL, SUNTV, ADANIGREEN, ATGL, OLECTRA, ITI, RAILTEL, ACE, CONCORDBIO, ZENTEC",27,27,174,1.8222643678160921,both,0
FALCPAT_9574,54,"IDFCFIRSTB, ANURAS, MGL, ZYDUSLIFE, AIIL, GILLETTE, APOLLOTYRE, ZYDUSWELL, ITI, IOB, CHAMBLFERT, ERIS, UPL, HINDZINC, SIEMENS, KPIL, CONCOR, LICHSGFIN, OFSS, SRF, MOTHERSON, PATANJALI, WHIRLPOOL, MINDACORP, INDIANB, INDIACEM, UCOBANK, IEX, JUBLFOOD, GUJGASLTD, CROMPTON, NATCOPHARM, OIL, ALKEM, AIAENG, GODREJIND, CUB, GRSE, CONCORDBIO, BIKAJI",54,54,880,0.8447363636363636,both,0
FALCPAT_9581,86,"RVNL, WOCKPHARMA, NIACL, SYRMA, FLUOROCHEM, ZENTEC, SAIL, TTML, GSPL, CASTROLIND, TRIDENT, ACE, LTFOODS, FIVESTAR, COCHINSHIP, MAPMYINDIA, WHIRLPOOL, REDINGTON, USHAMART, DEVYANI, GILLETTE, AUBANK, GPIL, BSOFT, M&M, AMBER, IRCON, LALPATHLAB, MCX, BSE, HOMEFIRST, NATIONALUM, INDIACEM, NMDC, BAYERCROP, IIFL, ICICIPRULI, FORCEMOT, AWL, GAIL",86,86,433,1.434766743648961,both,0
FALCPAT_9582,74,"CRAFTSMAN, BIKAJI, JWL, MAHABANK, CAMS, KPITTECH, SBICARD, SOLARINDS, NATIONALUM, SIGNATURE, TEGA, KEC, HAL, YESBANK, TATAELXSI, ANANTRAJ, PCBL, JMFINANCIL, ATUL, MSUMI, EXIDEIND, BRIGADE, LATENTVIEW, CYIENT, ZENSARTECH, DEVYANI, DLF, CONCORDBIO, GRAPHITE, NCC, BERGEPAINT, ITI, USHAMART, ADANIPORTS, KAJARIACER, DIXON, RITES, GRASIM, BAYERCROP, JINDALSTEL",74,74,825,0.9950533333333333,both,0
FALCPAT_9583,77,"ATUL, NUVAMA, MAZDOCK, VIJAYA, ZENSARTECH, AEGISLOG, 360ONE, HOMEFIRST, GABRIEL, BANDHANBNK, ZOMATO, CGPOWER, CEMPRO, NLCINDIA, BLS, APOLLOHOSP, POWERINDIA, ANURAS, ABSLAMC, ACE, NAM-INDIA, EIHOTEL, CUMMINSIND, LICHSGFIN, EIDPARRY, LODHA, FIVESTAR, SCHAEFFLER, NHPC, POONAWALLA, UNOMINDA, GLAXO, IDBI, BANKINDIA, JKTYRE, BALRAMCHIN, BHARATFORG, CRAFTSMAN, GRAVITA, BIKAJI",77,77,1408,0.9119950284090911,both,0
FALCPAT_9584,78,"GODREJIND, RHIM, POLICYBZR, SYRMA, PFC, POONAWALLA, CESC, KFINTECH, PPLPHARMA, TRITURBINE, FORCEMOT, NBCC, CGPOWER, BEML, ANGELONE, TATAINVEST, EMAMILTD, INTELLECT, TORNTPOWER, POLYMED, TARIL, DATAPATTNS, BDL, ABCAPITAL, PNBHOUSING, KAYNES, PRESTIGE, CGCL, MCX, UNOMINDA, CREDITACC, RITES, MGL, NCC, SPLPETRO, JYOTICNC, JKTYRE, TIINDIA, JSWENERGY, RECLTD",78,78,886,1.234716704288939,both,0
FALCPAT_9586,22,"JSWDULUX, MMTC, ITI, AARTIIND, LICHSGFIN, BALKRISIND, MPHASIS, COHANCE, IRCON, VOLTAS, CUMMINSIND, IOB, SBFC, UTIAMC, BEML, CHENNPETRO, SIEMENS, CROMPTON, OLECTRA, GVT&D, PATANJALI, TITAGARH",22,22,788,0.6969606598984772,both,0
FALCPAT_9588,21,"ASHOKLEY, COROMANDEL, GODREJPROP, CHOLAFIN, LATENTVIEW, OFSS, INDIACEM, ABFRL, INDUSTOWER, MANAPPURAM, CUMMINSIND, CREDITACC, AJANTPHARM, STARHEALTH, EXIDEIND, ATUL, CANBK, CCL, VEDL, HINDZINC, AIIL",21,21,307,0.7421107491856677,both,0
FALCPAT_9597,78,"AEGISLOG, POWERINDIA, PPLPHARMA, 360ONE, LODHA, BANDHANBNK, BSE, CGPOWER, GPIL, POLICYBZR, TBOTEK, OBEROIRLTY, NAM-INDIA, POLYCAB, EIHOTEL, BLS, UNIONBANK, GRAVITA, POLYMED, CESC, JSWINFRA, CHALET, JIOFIN, ABCAPITAL, BANKINDIA, EMAMILTD, BIKAJI, PGEL, APOLLOHOSP, ATUL, ACE, KFINTECH, KPIL, BALRAMCHIN, TORNTPOWER, VOLTAS, JKTYRE, ANGELONE, POONAWALLA, NAVA",78,78,1476,0.9471443089430892,both,0
FALCPAT_9598,6,"COCHINSHIP, NBCC, TATAINVEST, HONASA, PAYTM, ADANIPOWER",6,6,60,1.1446166666666666,both,0
FALCPAT_9602,37,"BALKRISIND, POONAWALLA, CROMPTON, LICHSGFIN, HINDZINC, AIIL, CLEAN, ASHOKLEY, CREDITACC, PFC, INDIACEM, ZYDUSLIFE, SIEMENS, NMDC, NH, VOLTAS, GLENMARK, SUMICHEM, RECLTD, GUJGASLTD, MANKIND, TARIL, JUBLPHARMA, EXIDEIND, COHANCE, DIXON, JBCHEPHARM, FINCABLES, CONCOR, OIL, BEL, IFCI, LTF, BHARATFORG, GABRIEL, GLAND, WELCORP",37,37,925,0.7270843243243242,both,0
