2026-09-22 09:10:08,GetHistory,FUTIDX_BANKNIFTY_29SEP2026_XX_0,NFO,15minute,52,2026-09-21 15:30:00,56630.4,1975620,328230,3052,
2026-09-22 09:10:09,GetHistory,FUTIDX_NIFTY_29SEP2026_XX_0,NFO,15minute,52,2026-09-21 15:30:00,23450.0,17242810,1694225,1211,
2026-09-22 09:10:10,GetHistory,FUTSTK_RELIANCE_29SEP2026_XX_0,NFO,15minute,52,2026-09-21 15:30:00,1250.8,123992000,10174000,1141,
2026-09-22 09:10:11,GetHistory,OPTIDX_BANKNIFTY_29SEP2026_CE_56500,NFO,15minute,52,2026-09-21 15:30:00,471.0,673620,67920,980,
2026-09-22 09:10:12,GetHistory,OPTIDX_BANKNIFTY_29SEP2026_PE_56500,NFO,15minute,52,2026-09-21 15:30:00,344.3,783600,92970,1079,
2026-09-22 09:10:13,GetHistory,OPTIDX_NIFTY_22SEP2026_CE_23400,NFO,15minute,52,2026-09-21 15:30:00,90.75,8639865,9081735,575,
2026-09-22 09:10:14,GetHistory,OPTIDX_NIFTY_22SEP2026_PE_23400,NFO,15minute,52,2026-09-21 15:30:00,42.15,16426475,13509015,1190,
2026-09-22 09:10:17,GetHistory,HDFCBANK,NSE,15minute,54,2026-09-21 15:45:00,739.5,0,13354,2991,
2026-09-22 09:10:20,GetHistory,RELIANCE,NSE,15minute,54,2026-09-21 15:45:00,1247.4,0,4135,2691,
2026-09-22 09:10:23,GetHistory,NIFTY 50,NSE_IDX,15minute,94,2026-09-21 21:15:00,23414.3,0,0,3747,
2026-09-22 09:10:27,GetHistory,NIFTY BANK,NSE_IDX,15minute,94,2026-09-21 21:15:00,56470.65,0,0,3745,
2026-09-22 09:10:28,GetHistory,NIFTY 50,NSE_IDX,1minute,0,,,,,533,
2026-09-22 09:10:29,GetHistory,RELIANCE,NSE,1minute,0,,,,,982,
2026-09-22 09:10:30,GetHistory,FUTIDX_NIFTY_29SEP2026_XX_0,NFO,1minute,0,,,,,978,
2026-09-22 09:10:31,GetHistory,OPTIDX_NIFTY_22SEP2026_CE_23400,NFO,1minute,0,,,,,983,
2026-09-22 09:10:32,GetExchangeSnapshot,NFO,NFO,15minute,18,2026-09-22 08:15:00,0,,18,1274,
2026-09-22 09:11:06,GetHistory,FUTIDX_BANKNIFTY_29SEP2026_XX_0,NFO,15minute,52,2026-09-21 15:30:00,56630.4,1975620,328230,1249,
2026-09-22 09:11:07,GetHistory,FUTIDX_NIFTY_29SEP2026_XX_0,NFO,15minute,52,2026-09-21 15:30:00,23450.0,17242810,1694225,1227,
2026-09-22 09:11:08,GetHistory,FUTSTK_RELIANCE_29SEP2026_XX_0,NFO,15minute,52,2026-09-21 15:30:00,1250.8,123992000,10174000,1113,
2026-09-22 09:11:09,GetHistory,OPTIDX_BANKNIFTY_29SEP2026_CE_56500,NFO,15minute,52,2026-09-21 15:30:00,471.0,673620,67920,986,
2026-09-22 09:11:10,GetHistory,OPTIDX_BANKNIFTY_29SEP2026_PE_56500,NFO,15minute,52,2026-09-21 15:30:00,344.3,783600,92970,1074,
2026-09-22 09:11:11,GetHistory,OPTIDX_NIFTY_22SEP2026_CE_23400,NFO,15minute,52,2026-09-21 15:30:00,90.75,8639865,9081735,580,
2026-09-22 09:11:12,GetHistory,OPTIDX_NIFTY_22SEP2026_PE_23400,NFO,15minute,52,2026-09-21 15:30:00,42.15,16426475,13509015,1623,
2026-09-22 09:11:15,GetHistory,HDFCBANK,NSE,15minute,54,2026-09-21 15:45:00,739.5,0,13354,2187,
2026-09-22 09:11:17,GetHistory,RELIANCE,NSE,15minute,54,2026-09-21 15:45:00,1247.4,0,4135,2187,
2026-09-22 09:11:20,GetHistory,NIFTY 50,NSE_IDX,15minute,94,2026-09-21 21:15:00,23414.3,0,0,3459,
2026-09-22 09:11:24,GetHistory,NIFTY BANK,NSE_IDX,15minute,94,2026-09-21 21:15:00,56470.65,0,0,3658,
2026-09-22 09:11:25,GetHistory,NIFTY 50,NSE_IDX,1minute,0,,,,,677,
2026-09-22 09:11:26,GetHistory,RELIANCE,NSE,1minute,0,,,,,879,
2026-09-22 09:11:27,GetHistory,FUTIDX_NIFTY_29SEP2026_XX_0,NFO,1minute,0,,,,,984,
2026-09-22 09:11:27,GetHistory,OPTIDX_NIFTY_22SEP2026_CE_23400,NFO,1minute,0,,,,,979,
2026-09-22 09:12:06,GetHistory,FUTIDX_BANKNIFTY_29SEP2026_XX_0,NFO,15minute,52,2026-09-21 15:30:00,56630.4,1975620,328230,1187,
2026-09-22 09:12:07,GetHistory,FUTIDX_NIFTY_29SEP2026_XX_0,NFO,15minute,52,2026-09-21 15:30:00,23450.0,17242810,1694225,1138,
2026-09-22 09:12:08,GetHistory,FUTSTK_RELIANCE_29SEP2026_XX_0,NFO,15minute,52,2026-09-21 15:30:00,1250.8,123992000,10174000,1206,
2026-09-22 09:12:09,GetHistory,OPTIDX_BANKNIFTY_29SEP2026_CE_56500,NFO,15minute,52,2026-09-21 15:30:00,471.0,673620,67920,1089,
2026-09-22 09:12:10,GetHistory,OPTIDX_BANKNIFTY_29SEP2026_PE_56500,NFO,15minute,52,2026-09-21 15:30:00,344.3,783600,92970,1124,
2026-09-22 09:12:11,GetHistory,OPTIDX_NIFTY_22SEP2026_CE_23400,NFO,15minute,52,2026-09-21 15:30:00,90.75,8639865,9081735,530,
2026-09-22 09:12:12,GetHistory,OPTIDX_NIFTY_22SEP2026_PE_23400,NFO,15minute,52,2026-09-21 15:30:00,42.15,16426475,13509015,1189,
2026-09-22 09:12:14,GetHistory,HDFCBANK,NSE,15minute,54,2026-09-21 15:45:00,739.5,0,13354,2295,
2026-09-22 09:12:16,GetHistory,RELIANCE,NSE,15minute,54,2026-09-21 15:45:00,1247.4,0,4135,2083,
2026-09-22 09:12:20,GetHistory,NIFTY 50,NSE_IDX,15minute,94,2026-09-21 21:15:00,23414.3,0,0,3575,
2026-09-22 09:12:24,GetHistory,NIFTY BANK,NSE_IDX,15minute,94,2026-09-21 21:15:00,56470.65,0,0,3766,
2026-09-22 09:12:25,GetHistory,NIFTY 50,NSE_IDX,1minute,0,,,,,696,
2026-09-22 09:12:25,GetHistory,RELIANCE,NSE,1minute,0,,,,,740,
2026-09-22 09:12:26,GetHistory,FUTIDX_NIFTY_29SEP2026_XX_0,NFO,1minute,0,,,,,1091,
2026-09-22 09:12:27,GetHistory,OPTIDX_NIFTY_22SEP2026_CE_23400,NFO,1minute,0,,,,,980,
2026-09-22 09:13:06,GetHistory,FUTIDX_BANKNIFTY_29SEP2026_XX_0,NFO,15minute,52,2026-09-21 15:30:00,56630.4,1975620,328230,1216,
2026-09-22 09:13:07,GetHistory,FUTIDX_NIFTY_29SEP2026_XX_0,NFO,15minute,52,2026-09-21 15:30:00,23450.0,17242810,1694225,1195,
2026-09-22 09:13:09,GetHistory,FUTSTK_RELIANCE_29SEP2026_XX_0,NFO,15minute,52,2026-09-21 15:30:00,1250.8,123992000,10174000,1909,
2026-09-22 09:13:10,GetHistory,OPTIDX_BANKNIFTY_29SEP2026_CE_56500,NFO,15minute,52,2026-09-21 15:30:00,471.0,673620,67920,982,
2026-09-22 09:13:11,GetHistory,OPTIDX_BANKNIFTY_29SEP2026_PE_56500,NFO,15minute,52,2026-09-21 15:30:00,344.3,783600,92970,1112,
2026-09-22 09:13:12,GetHistory,OPTIDX_NIFTY_22SEP2026_CE_23400,NFO,15minute,52,2026-09-21 15:30:00,90.75,8639865,9081735,649,
2026-09-22 09:13:13,GetHistory,OPTIDX_NIFTY_22SEP2026_PE_23400,NFO,15minute,52,2026-09-21 15:30:00,42.15,16426475,13509015,1078,
2026-09-22 09:13:15,GetHistory,HDFCBANK,NSE,15minute,54,2026-09-21 15:45:00,739.5,0,13354,2406,
2026-09-22 09:13:17,GetHistory,RELIANCE,NSE,15minute,54,2026-09-21 15:45:00,1247.4,0,4135,2204,
2026-09-22 09:13:21,GetHistory,NIFTY 50,NSE_IDX,15minute,94,2026-09-21 21:15:00,23414.3,0,0,3723,
2026-09-22 09:13:25,GetHistory,NIFTY BANK,NSE_IDX,15minute,94,2026-09-21 21:15:00,56470.65,0,0,3726,
2026-09-22 09:13:26,GetHistory,NIFTY 50,NSE_IDX,1minute,0,,,,,680,
2026-09-22 09:13:26,GetHistory,RELIANCE,NSE,1minute,0,,,,,854,
2026-09-22 09:13:27,GetHistory,FUTIDX_NIFTY_29SEP2026_XX_0,NFO,1minute,0,,,,,984,
2026-09-22 09:13:28,GetHistory,OPTIDX_NIFTY_22SEP2026_CE_23400,NFO,1minute,0,,,,,979,
2026-09-22 09:14:06,GetHistory,FUTIDX_BANKNIFTY_29SEP2026_XX_0,NFO,15minute,52,2026-09-21 15:30:00,56630.4,1975620,328230,1251,
2026-09-22 09:14:07,GetHistory,FUTIDX_NIFTY_29SEP2026_XX_0,NFO,15minute,52,2026-09-21 15:30:00,23450.0,17242810,1694225,1200,
2026-09-22 09:14:09,GetHistory,FUTSTK_RELIANCE_29SEP2026_XX_0,NFO,15minute,52,2026-09-21 15:30:00,1250.8,123992000,10174000,1689,
2026-09-22 09:14:10,GetHistory,OPTIDX_BANKNIFTY_29SEP2026_CE_56500,NFO,15minute,52,2026-09-21 15:30:00,471.0,673620,67920,1090,
2026-09-22 09:14:11,GetHistory,OPTIDX_BANKNIFTY_29SEP2026_PE_56500,NFO,15minute,52,2026-09-21 15:30:00,344.3,783600,92970,1093,
2026-09-22 09:14:12,GetHistory,OPTIDX_NIFTY_22SEP2026_CE_23400,NFO,15minute,52,2026-09-21 15:30:00,90.75,8639865,9081735,671,
2026-09-22 09:14:13,GetHistory,OPTIDX_NIFTY_22SEP2026_PE_23400,NFO,15minute,52,2026-09-21 15:30:00,42.15,16426475,13509015,1079,
2026-09-22 09:14:15,GetHistory,HDFCBANK,NSE,15minute,54,2026-09-21 15:45:00,739.5,0,13354,2403,
2026-09-22 09:14:17,GetHistory,RELIANCE,NSE,15minute,54,2026-09-21 15:45:00,1247.4,0,4135,2187,
2026-09-22 09:14:21,GetHistory,NIFTY 50,NSE_IDX,15minute,94,2026-09-21 21:15:00,23414.3,0,0,3737,
2026-09-22 09:14:25,GetHistory,NIFTY BANK,NSE_IDX,15minute,94,2026-09-21 21:15:00,56470.65,0,0,3727,
2026-09-22 09:14:25,GetHistory,NIFTY 50,NSE_IDX,1minute,0,,,,,671,
2026-09-22 09:14:26,GetHistory,RELIANCE,NSE,1minute,0,,,,,867,
2026-09-22 09:14:27,GetHistory,FUTIDX_NIFTY_29SEP2026_XX_0,NFO,1minute,0,,,,,980,
2026-09-22 09:14:28,GetHistory,OPTIDX_NIFTY_22SEP2026_CE_23400,NFO,1minute,0,,,,,982,
2026-09-22 09:15:07,GetHistory,FUTIDX_BANKNIFTY_29SEP2026_XX_0,NFO,15minute,51,2026-09-21 15:30:00,56630.4,1975620,328230,1982,
2026-09-22 09:15:08,GetHistory,FUTIDX_NIFTY_29SEP2026_XX_0,NFO,15minute,51,2026-09-21 15:30:00,23450.0,17242810,1694225,1224,
2026-09-22 09:15:09,GetHistory,FUTSTK_RELIANCE_29SEP2026_XX_0,NFO,15minute,51,2026-09-21 15:30:00,1250.8,123992000,10174000,1211,
2026-09-22 09:15:13,GetHistory,OPTIDX_BANKNIFTY_29SEP2026_CE_56500,NFO,15minute,51,2026-09-21 15:30:00,471.0,673620,67920,4440,
2026-09-22 09:15:15,GetHistory,OPTIDX_BANKNIFTY_29SEP2026_PE_56500,NFO,15minute,51,2026-09-21 15:30:00,344.3,783600,92970,1078,
2026-09-22 09:15:15,GetHistory,OPTIDX_NIFTY_22SEP2026_CE_23400,NFO,15minute,51,2026-09-21 15:30:00,90.75,8639865,9081735,621,
2026-09-22 09:15:16,GetHistory,OPTIDX_NIFTY_22SEP2026_PE_23400,NFO,15minute,51,2026-09-21 15:30:00,42.15,16426475,13509015,1079,
2026-09-22 09:15:23,GetHistory,HDFCBANK,NSE,15minute,53,2026-09-21 15:45:00,739.5,0,13354,6404,
2026-09-22 09:15:28,GetHistory,RELIANCE,NSE,15minute,53,2026-09-21 15:45:00,1247.4,0,4135,4967,
2026-09-22 09:15:31,GetHistory,NIFTY 50,NSE_IDX,15minute,94,2026-09-22 09:00:00,23454.05,0,0,3754,
2026-09-22 09:15:37,GetHistory,NIFTY BANK,NSE_IDX,15minute,94,2026-09-22 09:00:00,56489.9,0,0,5908,
2026-09-22 09:15:38,GetHistory,NIFTY 50,NSE_IDX,1minute,0,,,,,594,
2026-09-22 09:15:43,GetHistory,RELIANCE,NSE,1minute,0,,,,,5266,
2026-09-22 09:15:44,GetHistory,FUTIDX_NIFTY_29SEP2026_XX_0,NFO,1minute,0,,,,,548,
2026-09-22 09:15:48,GetHistory,OPTIDX_NIFTY_22SEP2026_CE_23400,NFO,1minute,0,,,,,3958,
2026-09-22 09:15:49,GetExchangeSnapshot,NFO,NFO,15minute,18,2026-09-22 08:15:00,0,,18,828,
2026-09-22 09:16:20,GetHistory,FUTIDX_BANKNIFTY_29SEP2026_XX_0,NFO,15minute,51,2026-09-21 15:30:00,56630.4,1975620,328230,1187,
2026-09-22 09:16:21,GetHistory,FUTIDX_NIFTY_29SEP2026_XX_0,NFO,15minute,51,2026-09-21 15:30:00,23450.0,17242810,1694225,1248,
2026-09-22 09:16:23,GetHistory,FUTSTK_RELIANCE_29SEP2026_XX_0,NFO,15minute,51,2026-09-21 15:30:00,1250.8,123992000,10174000,2116,
2026-09-22 09:16:28,GetHistory,OPTIDX_BANKNIFTY_29SEP2026_CE_56500,NFO,15minute,51,2026-09-21 15:30:00,471.0,673620,67920,4964,
2026-09-22 09:16:29,GetHistory,OPTIDX_BANKNIFTY_29SEP2026_PE_56500,NFO,15minute,51,2026-09-21 15:30:00,344.3,783600,92970,1016,
2026-09-22 09:16:30,GetHistory,OPTIDX_NIFTY_22SEP2026_CE_23400,NFO,15minute,51,2026-09-21 15:30:00,90.75,8639865,9081735,608,
2026-09-22 09:16:31,GetHistory,OPTIDX_NIFTY_22SEP2026_PE_23400,NFO,15minute,51,2026-09-21 15:30:00,42.15,16426475,13509015,1082,
2026-09-22 09:16:34,GetHistory,HDFCBANK,NSE,15minute,53,2026-09-21 15:45:00,739.5,0,13354,2913,
2026-09-22 09:16:41,GetHistory,RELIANCE,NSE,15minute,53,2026-09-21 15:45:00,1247.4,0,4135,7161,
2026-09-22 09:16:45,GetHistory,NIFTY 50,NSE_IDX,15minute,94,2026-09-22 09:00:00,23454.05,0,0,3720,
2026-09-22 09:16:53,GetHistory,NIFTY BANK,NSE_IDX,15minute,94,2026-09-22 09:00:00,56489.9,0,0,7967,
2026-09-22 09:16:53,GetHistory,NIFTY 50,NSE_IDX,1minute,0,,,,,514,
2026-09-22 09:17:00,GetHistory,RELIANCE,NSE,1minute,0,,,,,6850,
2026-09-22 09:17:00,GetHistory,FUTIDX_NIFTY_29SEP2026_XX_0,NFO,1minute,0,,,,,555,
2026-09-22 09:17:02,GetHistory,OPTIDX_NIFTY_22SEP2026_CE_23400,NFO,1minute,0,,,,,1048,
2026-09-22 09:17:34,GetHistory,FUTIDX_BANKNIFTY_29SEP2026_XX_0,NFO,15minute,51,2026-09-21 15:30:00,56630.4,1975620,328230,1222,
2026-09-22 09:17:35,GetHistory,FUTIDX_NIFTY_29SEP2026_XX_0,NFO,15minute,51,2026-09-21 15:30:00,23450.0,17242810,1694225,1264,
2026-09-22 09:17:36,GetHistory,FUTSTK_RELIANCE_29SEP2026_XX_0,NFO,15minute,51,2026-09-21 15:30:00,1250.8,123992000,10174000,1184,
2026-09-22 09:17:37,GetHistory,OPTIDX_BANKNIFTY_29SEP2026_CE_56500,NFO,15minute,51,2026-09-21 15:30:00,471.0,673620,67920,1141,
2026-09-22 09:17:44,GetHistory,OPTIDX_BANKNIFTY_29SEP2026_PE_56500,NFO,15minute,51,2026-09-21 15:30:00,344.3,783600,92970,6467,
2026-09-22 09:17:45,GetHistory,OPTIDX_NIFTY_22SEP2026_CE_23400,NFO,15minute,51,2026-09-21 15:30:00,90.75,8639865,9081735,1422,
2026-09-22 09:17:46,GetHistory,OPTIDX_NIFTY_22SEP2026_PE_23400,NFO,15minute,51,2026-09-21 15:30:00,42.15,16426475,13509015,736,
2026-09-22 09:17:48,GetHistory,HDFCBANK,NSE,15minute,53,2026-09-21 15:45:00,739.5,0,13354,2401,
2026-09-22 09:17:51,GetHistory,RELIANCE,NSE,15minute,53,2026-09-21 15:45:00,1247.4,0,4135,2257,
2026-09-22 09:17:57,GetHistory,NIFTY 50,NSE_IDX,15minute,94,2026-09-22 09:00:00,23454.05,0,0,5956,
2026-09-22 09:18:00,GetHistory,NIFTY BANK,NSE_IDX,15minute,94,2026-09-22 09:00:00,56489.9,0,0,3747,
2026-09-22 09:18:05,GetHistory,NIFTY 50,NSE_IDX,1minute,0,,,,,4690,
2026-09-22 09:18:06,GetHistory,RELIANCE,NSE,1minute,0,,,,,568,
2026-09-22 09:18:07,GetHistory,FUTIDX_NIFTY_29SEP2026_XX_0,NFO,1minute,0,,,,,1041,
2026-09-22 09:18:08,GetHistory,OPTIDX_NIFTY_22SEP2026_CE_23400,NFO,1minute,0,,,,,1462,
2026-09-22 09:18:41,GetHistory,FUTIDX_BANKNIFTY_29SEP2026_XX_0,NFO,15minute,51,2026-09-21 15:30:00,56630.4,1975620,328230,1340,
2026-09-22 09:18:42,GetHistory,FUTIDX_NIFTY_29SEP2026_XX_0,NFO,15minute,51,2026-09-21 15:30:00,23450.0,17242810,1694225,1290,
2026-09-22 09:18:47,GetHistory,FUTSTK_RELIANCE_29SEP2026_XX_0,NFO,15minute,51,2026-09-21 15:30:00,1250.8,123992000,10174000,5219,
2026-09-22 09:18:48,GetHistory,OPTIDX_BANKNIFTY_29SEP2026_CE_56500,NFO,15minute,51,2026-09-21 15:30:00,471.0,673620,67920,1067,
2026-09-22 09:18:49,GetHistory,OPTIDX_BANKNIFTY_29SEP2026_PE_56500,NFO,15minute,51,2026-09-21 15:30:00,344.3,783600,92970,967,
2026-09-22 09:18:50,GetHistory,OPTIDX_NIFTY_22SEP2026_CE_23400,NFO,15minute,51,2026-09-21 15:30:00,90.75,8639865,9081735,1030,
2026-09-22 09:18:51,GetHistory,OPTIDX_NIFTY_22SEP2026_PE_23400,NFO,15minute,51,2026-09-21 15:30:00,42.15,16426475,13509015,745,
2026-09-22 09:18:53,GetHistory,HDFCBANK,NSE,15minute,53,2026-09-21 15:45:00,739.5,0,13354,2503,
2026-09-22 09:19:00,GetHistory,RELIANCE,NSE,15minute,53,2026-09-21 15:45:00,1247.4,0,4135,6629,
2026-09-22 09:19:04,GetHistory,NIFTY 50,NSE_IDX,15minute,94,2026-09-22 09:00:00,23454.05,0,0,3727,
2026-09-22 09:19:15,GetHistory,NIFTY BANK,NSE_IDX,15minute,94,2026-09-22 09:00:00,56489.9,0,0,10969,
2026-09-22 09:19:16,GetHistory,NIFTY 50,NSE_IDX,1minute,0,,,,,1094,
2026-09-22 09:19:17,GetHistory,RELIANCE,NSE,1minute,0,,,,,840,
2026-09-22 09:19:23,GetHistory,FUTIDX_NIFTY_29SEP2026_XX_0,NFO,1minute,0,,,,,6005,
2026-09-22 09:19:24,GetHistory,OPTIDX_NIFTY_22SEP2026_CE_23400,NFO,1minute,0,,,,,1562,
2026-09-22 09:19:56,GetHistory,FUTIDX_BANKNIFTY_29SEP2026_XX_0,NFO,15minute,51,2026-09-21 15:30:00,56630.4,1975620,328230,1231,
2026-09-22 09:19:58,GetHistory,FUTIDX_NIFTY_29SEP2026_XX_0,NFO,15minute,51,2026-09-21 15:30:00,23450.0,17242810,1694225,1478,
2026-09-22 09:20:03,GetHistory,FUTSTK_RELIANCE_29SEP2026_XX_0,NFO,15minute,51,2026-09-21 15:30:00,1250.8,123992000,10174000,5066,
2026-09-22 09:20:04,GetHistory,OPTIDX_BANKNIFTY_29SEP2026_CE_56500,NFO,15minute,51,2026-09-21 15:30:00,471.0,673620,67920,1076,
2026-09-22 09:20:05,GetHistory,OPTIDX_BANKNIFTY_29SEP2026_PE_56500,NFO,15minute,51,2026-09-21 15:30:00,344.3,783600,92970,969,
2026-09-22 09:20:05,GetHistory,OPTIDX_NIFTY_22SEP2026_CE_23400,NFO,15minute,51,2026-09-21 15:30:00,90.75,8639865,9081735,701,
2026-09-22 09:20:06,GetHistory,OPTIDX_NIFTY_22SEP2026_PE_23400,NFO,15minute,51,2026-09-21 15:30:00,42.15,16426475,13509015,1059,
2026-09-22 09:20:09,GetHistory,HDFCBANK,NSE,15minute,53,2026-09-21 15:45:00,739.5,0,13354,2422,
2026-09-22 09:20:17,GetHistory,RELIANCE,NSE,15minute,53,2026-09-21 15:45:00,1247.4,0,4135,8307,
2026-09-22 09:20:21,GetHistory,NIFTY 50,NSE_IDX,15minute,94,2026-09-22 09:00:00,23454.05,0,0,3742,
2026-09-22 09:20:31,GetHistory,NIFTY BANK,NSE_IDX,15minute,94,2026-09-22 09:00:00,56489.9,0,0,10364,
2026-09-22 09:20:32,GetHistory,NIFTY 50,NSE_IDX,1minute,0,,,,,706,
2026-09-22 09:20:33,GetHistory,RELIANCE,NSE,1minute,0,,,,,916,
2026-09-22 09:20:38,GetHistory,FUTIDX_NIFTY_29SEP2026_XX_0,NFO,1minute,0,,,,,5488,
2026-09-22 09:20:40,GetHistory,OPTIDX_NIFTY_22SEP2026_CE_23400,NFO,1minute,0,,,,,1145,
2026-09-22 09:20:40,GetExchangeSnapshot,NFO,NFO,15minute,18,2026-09-22 08:15:00,0,,18,805,
2026-09-22 09:21:13,GetHistory,FUTIDX_BANKNIFTY_29SEP2026_XX_0,NFO,15minute,51,2026-09-21 15:30:00,56630.4,1975620,328230,1186,
2026-09-22 09:21:15,GetHistory,FUTIDX_NIFTY_29SEP2026_XX_0,NFO,15minute,51,2026-09-21 15:30:00,23450.0,17242810,1694225,1168,
2026-09-22 09:21:16,GetHistory,FUTSTK_RELIANCE_29SEP2026_XX_0,NFO,15minute,51,2026-09-21 15:30:00,1250.8,123992000,10174000,1139,
2026-09-22 09:21:17,GetHistory,OPTIDX_BANKNIFTY_29SEP2026_CE_56500,NFO,15minute,51,2026-09-21 15:30:00,471.0,673620,67920,1019,
2026-09-22 09:21:18,GetHistory,OPTIDX_BANKNIFTY_29SEP2026_PE_56500,NFO,15minute,51,2026-09-21 15:30:00,344.3,783600,92970,935,
2026-09-22 09:21:23,GetHistory,OPTIDX_NIFTY_22SEP2026_CE_23400,NFO,15minute,51,2026-09-21 15:30:00,90.75,8639865,9081735,5611,
2026-09-22 09:21:24,GetHistory,OPTIDX_NIFTY_22SEP2026_PE_23400,NFO,15minute,51,2026-09-21 15:30:00,42.15,16426475,13509015,685,
2026-09-22 09:21:26,GetHistory,HDFCBANK,NSE,15minute,53,2026-09-21 15:45:00,739.5,0,13354,2421,
2026-09-22 09:21:29,GetHistory,RELIANCE,NSE,15minute,53,2026-09-21 15:45:00,1247.4,0,4135,2625,
2026-09-22 09:21:37,GetHistory,NIFTY 50,NSE_IDX,15minute,94,2026-09-22 09:00:00,23454.05,0,0,7454,
2026-09-22 09:21:43,GetHistory,NIFTY BANK,NSE_IDX,15minute,94,2026-09-22 09:00:00,56489.9,0,0,6816,
2026-09-22 09:21:44,GetHistory,NIFTY 50,NSE_IDX,1minute,0,,,,,880,
2026-09-22 09:21:48,GetHistory,RELIANCE,NSE,1minute,0,,,,,4007,
2026-09-22 09:21:49,GetHistory,FUTIDX_NIFTY_29SEP2026_XX_0,NFO,1minute,0,,,,,674,
2026-09-22 09:21:50,GetHistory,OPTIDX_NIFTY_22SEP2026_CE_23400,NFO,1minute,0,,,,,1322,
2026-09-22 09:22:23,GetHistory,FUTIDX_BANKNIFTY_29SEP2026_XX_0,NFO,15minute,51,2026-09-21 15:30:00,56630.4,1975620,328230,3062,
2026-09-22 09:22:25,GetHistory,FUTIDX_NIFTY_29SEP2026_XX_0,NFO,15minute,51,2026-09-21 15:30:00,23450.0,17242810,1694225,1231,
2026-09-22 09:22:26,GetHistory,FUTSTK_RELIANCE_29SEP2026_XX_0,NFO,15minute,51,2026-09-21 15:30:00,1250.8,123992000,10174000,1235,
2026-09-22 09:22:27,GetHistory,OPTIDX_BANKNIFTY_29SEP2026_CE_56500,NFO,15minute,51,2026-09-21 15:30:00,471.0,673620,67920,1096,
2026-09-22 09:22:28,GetHistory,OPTIDX_BANKNIFTY_29SEP2026_PE_56500,NFO,15minute,51,2026-09-21 15:30:00,344.3,783600,92970,971,
2026-09-22 09:22:29,GetHistory,OPTIDX_NIFTY_22SEP2026_CE_23400,NFO,15minute,51,2026-09-21 15:30:00,90.75,8639865,9081735,697,
2026-09-22 09:22:35,GetHistory,OPTIDX_NIFTY_22SEP2026_PE_23400,NFO,15minute,51,2026-09-21 15:30:00,42.15,16426475,13509015,6034,
2026-09-22 09:22:37,GetHistory,HDFCBANK,NSE,15minute,53,2026-09-21 15:45:00,739.5,0,13354,2183,
2026-09-22 09:22:39,GetHistory,RELIANCE,NSE,15minute,53,2026-09-21 15:45:00,1247.4,0,4135,2611,
2026-09-22 09:22:43,GetHistory,NIFTY 50,NSE_IDX,15minute,94,2026-09-22 09:00:00,23454.05,0,0,3703,
2026-09-22 09:22:49,GetHistory,NIFTY BANK,NSE_IDX,15minute,94,2026-09-22 09:00:00,56489.9,0,0,5848,
2026-09-22 09:22:50,GetHistory,NIFTY 50,NSE_IDX,1minute,0,,,,,722,
2026-09-22 09:22:54,GetHistory,RELIANCE,NSE,1minute,0,,,,,4164,
2026-09-22 09:22:55,GetHistory,FUTIDX_NIFTY_29SEP2026_XX_0,NFO,1minute,0,,,,,921,
2026-09-22 09:22:55,GetHistory,OPTIDX_NIFTY_22SEP2026_CE_23400,NFO,1minute,0,,,,,673,
2026-09-22 09:23:30,GetHistory,FUTIDX_BANKNIFTY_29SEP2026_XX_0,NFO,15minute,51,2026-09-21 15:30:00,56630.4,1975620,328230,4704,
2026-09-22 09:23:31,GetHistory,FUTIDX_NIFTY_29SEP2026_XX_0,NFO,15minute,51,2026-09-21 15:30:00,23450.0,17242810,1694225,1165,
2026-09-22 09:23:32,GetHistory,FUTSTK_RELIANCE_29SEP2026_XX_0,NFO,15minute,51,2026-09-21 15:30:00,1250.8,123992000,10174000,1140,
2026-09-22 09:23:34,GetHistory,OPTIDX_BANKNIFTY_29SEP2026_CE_56500,NFO,15minute,51,2026-09-21 15:30:00,471.0,673620,67920,1092,
2026-09-22 09:23:35,GetHistory,OPTIDX_BANKNIFTY_29SEP2026_PE_56500,NFO,15minute,51,2026-09-21 15:30:00,344.3,783600,92970,972,
2026-09-22 09:23:35,GetHistory,OPTIDX_NIFTY_22SEP2026_CE_23400,NFO,15minute,51,2026-09-21 15:30:00,90.75,8639865,9081735,705,
2026-09-22 09:23:41,GetHistory,OPTIDX_NIFTY_22SEP2026_PE_23400,NFO,15minute,51,2026-09-21 15:30:00,42.15,16426475,13509015,5482,
2026-09-22 09:23:43,GetHistory,HDFCBANK,NSE,15minute,53,2026-09-21 15:45:00,739.5,0,13354,2265,
2026-09-22 09:23:45,GetHistory,RELIANCE,NSE,15minute,53,2026-09-21 15:45:00,1247.4,0,4135,2220,
2026-09-22 09:23:52,GetHistory,NIFTY 50,NSE_IDX,15minute,94,2026-09-22 09:00:00,23454.05,0,0,6842,
2026-09-22 09:23:56,GetHistory,NIFTY BANK,NSE_IDX,15minute,94,2026-09-22 09:00:00,56489.9,0,0,4352,
2026-09-22 09:24:01,GetHistory,NIFTY 50,NSE_IDX,1minute,1,2026-09-22 09:09:00,23454.05,0,0,4490,
2026-09-22 09:24:02,GetHistory,RELIANCE,NSE,1minute,0,,,,,618,
2026-09-22 09:24:02,GetHistory,FUTIDX_NIFTY_29SEP2026_XX_0,NFO,1minute,0,,,,,871,
2026-09-22 09:24:03,GetHistory,OPTIDX_NIFTY_22SEP2026_CE_23400,NFO,1minute,0,,,,,1044,
2026-09-22 09:24:39,GetHistory,FUTIDX_BANKNIFTY_29SEP2026_XX_0,NFO,15minute,51,2026-09-21 15:30:00,56630.4,1975620,328230,1155,
2026-09-22 09:24:43,GetHistory,FUTIDX_NIFTY_29SEP2026_XX_0,NFO,15minute,51,2026-09-21 15:30:00,23450.0,17242810,1694225,4104,
2026-09-22 09:24:44,GetHistory,FUTSTK_RELIANCE_29SEP2026_XX_0,NFO,15minute,51,2026-09-21 15:30:00,1250.8,123992000,10174000,1154,
2026-09-22 09:24:48,GetHistory,OPTIDX_BANKNIFTY_29SEP2026_CE_56500,NFO,15minute,51,2026-09-21 15:30:00,471.0,673620,67920,4188,
2026-09-22 09:24:49,GetHistory,OPTIDX_BANKNIFTY_29SEP2026_PE_56500,NFO,15minute,51,2026-09-21 15:30:00,344.3,783600,92970,1062,
2026-09-22 09:24:50,GetHistory,OPTIDX_NIFTY_22SEP2026_CE_23400,NFO,15minute,51,2026-09-21 15:30:00,90.75,8639865,9081735,498,
2026-09-22 09:24:54,GetHistory,OPTIDX_NIFTY_22SEP2026_PE_23400,NFO,15minute,51,2026-09-21 15:30:00,42.15,16426475,13509015,3984,
2026-09-22 09:24:56,GetHistory,HDFCBANK,NSE,15minute,53,2026-09-21 15:45:00,739.5,0,13354,2001,
2026-09-22 09:24:58,GetHistory,RELIANCE,NSE,15minute,53,2026-09-21 15:45:00,1247.4,0,4135,2171,
2026-09-22 09:25:02,GetHistory,NIFTY 50,NSE_IDX,15minute,94,2026-09-22 09:00:00,23454.05,0,0,3771,
2026-09-22 09:25:10,GetHistory,NIFTY BANK,NSE_IDX,15minute,94,2026-09-22 09:00:00,56489.9,0,0,8708,
2026-09-22 09:25:11,GetHistory,NIFTY 50,NSE_IDX,1minute,2,2026-09-22 09:10:00,23454.05,0,0,705,
2026-09-22 09:25:12,GetHistory,RELIANCE,NSE,1minute,0,,,,,868,
2026-09-22 09:25:13,GetHistory,FUTIDX_NIFTY_29SEP2026_XX_0,NFO,1minute,0,,,,,982,
2026-09-22 09:25:18,GetHistory,OPTIDX_NIFTY_22SEP2026_CE_23400,NFO,1minute,0,,,,,5017,
2026-09-22 09:25:52,GetHistory,FUTIDX_BANKNIFTY_29SEP2026_XX_0,NFO,15minute,51,2026-09-21 15:30:00,56630.4,1975620,328230,1224,
2026-09-22 09:25:53,GetHistory,FUTIDX_NIFTY_29SEP2026_XX_0,NFO,15minute,51,2026-09-21 15:30:00,23450.0,17242810,1694225,1247,
2026-09-22 09:25:54,GetHistory,FUTSTK_RELIANCE_29SEP2026_XX_0,NFO,15minute,51,2026-09-21 15:30:00,1250.8,123992000,10174000,1077,
2026-09-22 09:25:55,GetHistory,OPTIDX_BANKNIFTY_29SEP2026_CE_56500,NFO,15minute,51,2026-09-21 15:30:00,471.0,673620,67920,984,
2026-09-22 09:25:56,GetHistory,OPTIDX_BANKNIFTY_29SEP2026_PE_56500,NFO,15minute,51,2026-09-21 15:30:00,344.3,783600,92970,1078,
2026-09-22 09:26:01,GetHistory,OPTIDX_NIFTY_22SEP2026_CE_23400,NFO,15minute,51,2026-09-21 15:30:00,90.75,8639865,9081735,4340,
2026-09-22 09:26:02,GetHistory,OPTIDX_NIFTY_22SEP2026_PE_23400,NFO,15minute,51,2026-09-21 15:30:00,42.15,16426475,13509015,1175,
2026-09-22 09:26:04,GetHistory,HDFCBANK,NSE,15minute,53,2026-09-21 15:45:00,739.5,0,13354,2186,
2026-09-22 09:26:10,GetHistory,RELIANCE,NSE,15minute,53,2026-09-21 15:45:00,1247.4,0,4135,5405,
2026-09-22 09:26:13,GetHistory,NIFTY 50,NSE_IDX,15minute,94,2026-09-22 09:00:00,23454.05,0,0,3853,
2026-09-22 09:26:18,GetHistory,NIFTY BANK,NSE_IDX,15minute,94,2026-09-22 09:00:00,56489.9,0,0,5046,
2026-09-22 09:26:19,GetHistory,NIFTY 50,NSE_IDX,1minute,3,2026-09-22 09:11:00,23454.05,0,0,703,
2026-09-22 09:26:20,GetHistory,RELIANCE,NSE,1minute,0,,,,,888,
2026-09-22 09:26:21,GetHistory,FUTIDX_NIFTY_29SEP2026_XX_0,NFO,1minute,0,,,,,981,
2026-09-22 09:26:28,GetHistory,OPTIDX_NIFTY_22SEP2026_CE_23400,NFO,1minute,0,,,,,6672,
2026-09-22 09:26:29,GetExchangeSnapshot,NFO,NFO,15minute,18,2026-09-22 08:15:00,0,,18,874,
2026-09-22 09:27:01,GetHistory,FUTIDX_BANKNIFTY_29SEP2026_XX_0,NFO,15minute,51,2026-09-21 15:30:00,56630.4,1975620,328230,2418,
2026-09-22 09:27:04,GetHistory,FUTIDX_NIFTY_29SEP2026_XX_0,NFO,15minute,51,2026-09-21 15:30:00,23450.0,17242810,1694225,2984,
2026-09-22 09:27:05,GetHistory,FUTSTK_RELIANCE_29SEP2026_XX_0,NFO,15minute,51,2026-09-21 15:30:00,1250.8,123992000,10174000,1184,
2026-09-22 09:27:06,GetHistory,OPTIDX_BANKNIFTY_29SEP2026_CE_56500,NFO,15minute,51,2026-09-21 15:30:00,471.0,673620,67920,1062,
2026-09-22 09:27:07,GetHistory,OPTIDX_BANKNIFTY_29SEP2026_PE_56500,NFO,15minute,51,2026-09-21 15:30:00,344.3,783600,92970,967,
2026-09-22 09:27:08,GetHistory,OPTIDX_NIFTY_22SEP2026_CE_23400,NFO,15minute,51,2026-09-21 15:30:00,90.75,8639865,9081735,1157,
2026-09-22 09:27:09,GetHistory,OPTIDX_NIFTY_22SEP2026_PE_23400,NFO,15minute,51,2026-09-21 15:30:00,42.15,16426475,13509015,783,
2026-09-22 09:27:12,GetHistory,HDFCBANK,NSE,15minute,53,2026-09-21 15:45:00,739.5,0,13354,2340,
2026-09-22 09:27:19,GetHistory,RELIANCE,NSE,15minute,53,2026-09-21 15:45:00,1247.4,0,4135,7201,
2026-09-22 09:27:23,GetHistory,NIFTY 50,NSE_IDX,15minute,94,2026-09-22 09:00:00,23454.05,0,0,4222,
2026-09-22 09:27:27,GetHistory,NIFTY BANK,NSE_IDX,15minute,94,2026-09-22 09:00:00,56489.9,0,0,3584,
2026-09-22 09:27:29,GetHistory,NIFTY 50,NSE_IDX,1minute,4,2026-09-22 09:12:00,23454.05,0,0,2431,
2026-09-22 09:27:29,GetHistory,RELIANCE,NSE,1minute,0,,,,,423,
2026-09-22 09:27:30,GetHistory,FUTIDX_NIFTY_29SEP2026_XX_0,NFO,1minute,0,,,,,983,
2026-09-22 09:27:32,GetHistory,OPTIDX_NIFTY_22SEP2026_CE_23400,NFO,1minute,0,,,,,1174,
2026-09-22 09:28:07,GetHistory,FUTIDX_BANKNIFTY_29SEP2026_XX_0,NFO,15minute,51,2026-09-21 15:30:00,56630.4,1975620,328230,1176,
2026-09-22 09:28:08,GetHistory,FUTIDX_NIFTY_29SEP2026_XX_0,NFO,15minute,51,2026-09-21 15:30:00,23450.0,17242810,1694225,1195,
2026-09-22 09:28:09,GetHistory,FUTSTK_RELIANCE_29SEP2026_XX_0,NFO,15minute,51,2026-09-21 15:30:00,1250.8,123992000,10174000,1049,
2026-09-22 09:28:10,GetHistory,OPTIDX_BANKNIFTY_29SEP2026_CE_56500,NFO,15minute,51,2026-09-21 15:30:00,471.0,673620,67920,1031,
2026-09-22 09:28:18,GetHistory,OPTIDX_BANKNIFTY_29SEP2026_PE_56500,NFO,15minute,51,2026-09-21 15:30:00,344.3,783600,92970,7704,
2026-09-22 09:28:18,GetHistory,OPTIDX_NIFTY_22SEP2026_CE_23400,NFO,15minute,51,2026-09-21 15:30:00,90.75,8639865,9081735,581,
2026-09-22 09:28:19,GetHistory,OPTIDX_NIFTY_22SEP2026_PE_23400,NFO,15minute,51,2026-09-21 15:30:00,42.15,16426475,13509015,1056,
2026-09-22 09:28:22,GetHistory,HDFCBANK,NSE,15minute,53,2026-09-21 15:45:00,739.5,0,13354,2544,
2026-09-22 09:28:24,GetHistory,RELIANCE,NSE,15minute,53,2026-09-21 15:45:00,1247.4,0,4135,2052,
2026-09-22 09:28:32,GetHistory,NIFTY 50,NSE_IDX,15minute,94,2026-09-22 09:00:00,23454.05,0,0,7934,
2026-09-22 09:28:35,GetHistory,NIFTY BANK,NSE_IDX,15minute,94,2026-09-22 09:00:00,56489.9,0,0,3546,
2026-09-22 09:28:37,GetHistory,NIFTY 50,NSE_IDX,1minute,5,2026-09-22 09:13:00,23454.05,0,0,1473,
2026-09-22 09:28:38,GetHistory,RELIANCE,NSE,1minute,0,,,,,709,
2026-09-22 09:28:38,GetHistory,FUTIDX_NIFTY_29SEP2026_XX_0,NFO,1minute,0,,,,,838,
2026-09-22 09:28:40,GetHistory,OPTIDX_NIFTY_22SEP2026_CE_23400,NFO,1minute,0,,,,,1173,
2026-09-22 09:29:14,GetHistory,FUTIDX_BANKNIFTY_29SEP2026_XX_0,NFO,15minute,51,2026-09-21 15:30:00,56630.4,1975620,328230,4532,
2026-09-22 09:29:15,GetHistory,FUTIDX_NIFTY_29SEP2026_XX_0,NFO,15minute,51,2026-09-21 15:30:00,23450.0,17242810,1694225,1177,
2026-09-22 09:29:16,GetHistory,FUTSTK_RELIANCE_29SEP2026_XX_0,NFO,15minute,51,2026-09-21 15:30:00,1250.8,123992000,10174000,1139,
2026-09-22 09:29:18,GetHistory,OPTIDX_BANKNIFTY_29SEP2026_CE_56500,NFO,15minute,51,2026-09-21 15:30:00,471.0,673620,67920,1097,
2026-09-22 09:29:19,GetHistory,OPTIDX_BANKNIFTY_29SEP2026_PE_56500,NFO,15minute,51,2026-09-21 15:30:00,344.3,783600,92970,967,
2026-09-22 09:29:19,GetHistory,OPTIDX_NIFTY_22SEP2026_CE_23400,NFO,15minute,51,2026-09-21 15:30:00,90.75,8639865,9081735,700,
2026-09-22 09:29:20,GetHistory,OPTIDX_NIFTY_22SEP2026_PE_23400,NFO,15minute,51,2026-09-21 15:30:00,42.15,16426475,13509015,1068,
2026-09-22 09:29:27,GetHistory,HDFCBANK,NSE,15minute,53,2026-09-21 15:45:00,739.5,0,13354,6920,
2026-09-22 09:29:29,GetHistory,RELIANCE,NSE,15minute,53,2026-09-21 15:45:00,1247.4,0,4135,2155,
2026-09-22 09:29:33,GetHistory,NIFTY 50,NSE_IDX,15minute,94,2026-09-22 09:00:00,23454.05,0,0,3526,
2026-09-22 09:29:39,GetHistory,NIFTY BANK,NSE_IDX,15minute,94,2026-09-22 09:00:00,56489.9,0,0,6144,
2026-09-22 09:29:40,GetHistory,NIFTY 50,NSE_IDX,1minute,6,2026-09-22 09:14:00,23454.05,0,0,560,
2026-09-22 09:29:41,GetHistory,RELIANCE,NSE,1minute,0,,,,,999,
2026-09-22 09:29:42,GetHistory,FUTIDX_NIFTY_29SEP2026_XX_0,NFO,1minute,0,,,,,967,
2026-09-22 09:29:46,GetHistory,OPTIDX_NIFTY_22SEP2026_CE_23400,NFO,1minute,0,,,,,4816,
2026-09-22 09:30:19,GetHistory,FUTIDX_BANKNIFTY_29SEP2026_XX_0,NFO,15minute,51,2026-09-22 09:15:00,56770.0,1978830,40170,2571,
2026-09-22 09:30:21,GetHistory,FUTIDX_NIFTY_29SEP2026_XX_0,NFO,15minute,51,2026-09-22 09:15:00,23457.0,16908645,160160,1619,
2026-09-22 09:30:22,GetHistory,FUTSTK_RELIANCE_29SEP2026_XX_0,NFO,15minute,51,2026-09-22 09:15:00,1249.2,121664500,561500,1314,
2026-09-22 09:30:23,GetHistory,OPTIDX_BANKNIFTY_29SEP2026_CE_56500,NFO,15minute,51,2026-09-22 09:15:00,526.95,725670,588600,1061,
2026-09-22 09:30:24,GetHistory,OPTIDX_BANKNIFTY_29SEP2026_PE_56500,NFO,15minute,51,2026-09-22 09:15:00,275.6,845730,475800,966,
2026-09-22 09:30:29,GetHistory,OPTIDX_NIFTY_22SEP2026_CE_23400,NFO,15minute,51,2026-09-22 09:15:00,77.4,15785770,43357535,5210,
2026-09-22 09:30:30,GetHistory,OPTIDX_NIFTY_22SEP2026_PE_23400,NFO,15minute,51,2026-09-22 09:15:00,28.5,29418155,97888765,785,
2026-09-22 09:30:32,GetHistory,HDFCBANK,NSE,15minute,53,2026-09-22 09:15:00,747.2,0,6289945,2456,
2026-09-22 09:30:35,GetHistory,RELIANCE,NSE,15minute,53,2026-09-22 09:15:00,1245.5,0,644811,2136,
2026-09-22 09:30:39,GetHistory,NIFTY 50,NSE_IDX,15minute,94,2026-09-22 09:15:00,23445.9,0,0,4200,
2026-09-22 09:30:43,GetHistory,NIFTY BANK,NSE_IDX,15minute,94,2026-09-22 09:15:00,56650.45,0,0,4321,
2026-09-22 09:30:44,GetHistory,NIFTY 50,NSE_IDX,1minute,7,2026-09-22 09:15:00,23449.75,0,0,578,
2026-09-22 09:30:45,GetHistory,RELIANCE,NSE,1minute,1,2026-09-22 09:15:00,1248.6,0,134368,977,
2026-09-22 09:30:46,GetHistory,FUTIDX_NIFTY_29SEP2026_XX_0,NFO,1minute,1,2026-09-22 09:15:00,23460.0,16917355,38805,964,
2026-09-22 09:30:51,GetHistory,OPTIDX_NIFTY_22SEP2026_CE_23400,NFO,1minute,1,2026-09-22 09:15:00,83.2,8629010,5167045,5419,
2026-09-22 09:31:08,GetExchangeSnapshot,NFO,NFO,15minute,8727,2026-09-22 09:15:00,8159,,8727,16979,
2026-09-22 09:31:25,GetHistory,FUTIDX_BANKNIFTY_29SEP2026_XX_0,NFO,15minute,51,2026-09-22 09:15:00,56770.0,1978830,40170,1129,
2026-09-22 09:31:26,GetHistory,FUTIDX_NIFTY_29SEP2026_XX_0,NFO,15minute,51,2026-09-22 09:15:00,23457.0,16908645,160160,1199,
2026-09-22 09:31:27,GetHistory,FUTSTK_RELIANCE_29SEP2026_XX_0,NFO,15minute,51,2026-09-22 09:15:00,1249.2,121664500,561500,1138,
2026-09-22 09:31:28,GetHistory,OPTIDX_BANKNIFTY_29SEP2026_CE_56500,NFO,15minute,51,2026-09-22 09:15:00,526.95,725670,588600,986,
2026-09-22 09:31:35,GetHistory,OPTIDX_BANKNIFTY_29SEP2026_PE_56500,NFO,15minute,51,2026-09-22 09:15:00,275.6,845730,475800,6560,
2026-09-22 09:31:35,GetHistory,OPTIDX_NIFTY_22SEP2026_CE_23400,NFO,15minute,51,2026-09-22 09:15:00,77.4,15785770,43357535,581,
2026-09-22 09:31:36,GetHistory,OPTIDX_NIFTY_22SEP2026_PE_23400,NFO,15minute,51,2026-09-22 09:15:00,28.5,29418155,97888765,1174,
2026-09-22 09:31:39,GetHistory,HDFCBANK,NSE,15minute,53,2026-09-22 09:15:00,747.2,0,6289945,2418,
2026-09-22 09:31:41,GetHistory,RELIANCE,NSE,15minute,53,2026-09-22 09:15:00,1245.5,0,644811,2060,
2026-09-22 09:31:47,GetHistory,NIFTY 50,NSE_IDX,15minute,94,2026-09-22 09:15:00,23445.9,0,0,6616,
2026-09-22 09:31:51,GetHistory,NIFTY BANK,NSE_IDX,15minute,94,2026-09-22 09:15:00,56650.45,0,0,3596,
2026-09-22 09:31:54,GetHistory,NIFTY 50,NSE_IDX,1minute,8,2026-09-22 09:16:00,23436.55,0,0,3377,
2026-09-22 09:31:55,GetHistory,RELIANCE,NSE,1minute,2,2026-09-22 09:16:00,1248.4,0,81433,465,
2026-09-22 09:31:56,GetHistory,FUTIDX_NIFTY_29SEP2026_XX_0,NFO,1minute,2,2026-09-22 09:16:00,23447.3,16904355,10920,1273,
2026-09-22 09:31:57,GetHistory,OPTIDX_NIFTY_22SEP2026_CE_23400,NFO,1minute,2,2026-09-22 09:16:00,75.4,9293050,4879290,786,
2026-09-22 09:32:30,GetHistory,FUTIDX_BANKNIFTY_29SEP2026_XX_0,NFO,15minute,51,2026-09-22 09:15:00,56770.0,1978830,40170,3418,
2026-09-22 09:32:32,GetHistory,FUTIDX_NIFTY_29SEP2026_XX_0,NFO,15minute,51,2026-09-22 09:15:00,23457.0,16908645,160160,1153,
2026-09-22 09:32:33,GetHistory,FUTSTK_RELIANCE_29SEP2026_XX_0,NFO,15minute,51,2026-09-22 09:15:00,1249.2,121664500,561500,1126,
2026-09-22 09:32:34,GetHistory,OPTIDX_BANKNIFTY_29SEP2026_CE_56500,NFO,15minute,51,2026-09-22 09:15:00,526.95,725670,588600,886,
2026-09-22 09:32:35,GetHistory,OPTIDX_BANKNIFTY_29SEP2026_PE_56500,NFO,15minute,51,2026-09-22 09:15:00,275.6,845730,475800,971,
2026-09-22 09:32:35,GetHistory,OPTIDX_NIFTY_22SEP2026_CE_23400,NFO,15minute,51,2026-09-22 09:15:00,77.4,15785770,43357535,685,
2026-09-22 09:32:40,GetHistory,OPTIDX_NIFTY_22SEP2026_PE_23400,NFO,15minute,51,2026-09-22 09:15:00,28.5,29418155,97888765,5220,
2026-09-22 09:32:43,GetHistory,HDFCBANK,NSE,15minute,53,2026-09-22 09:15:00,747.2,0,6289945,2093,
2026-09-22 09:32:45,GetHistory,RELIANCE,NSE,15minute,53,2026-09-22 09:15:00,1245.5,0,644811,2096,
2026-09-22 09:32:48,GetHistory,NIFTY 50,NSE_IDX,15minute,94,2026-09-22 09:15:00,23445.9,0,0,3253,
2026-09-22 09:32:54,GetHistory,NIFTY BANK,NSE_IDX,15minute,94,2026-09-22 09:15:00,56650.45,0,0,6053,
2026-09-22 09:32:55,GetHistory,NIFTY 50,NSE_IDX,1minute,9,2026-09-22 09:17:00,23441.65,0,0,639,
2026-09-22 09:32:56,GetHistory,RELIANCE,NSE,1minute,3,2026-09-22 09:17:00,1246.7,0,38077,979,
2026-09-22 09:32:57,GetHistory,FUTIDX_NIFTY_29SEP2026_XX_0,NFO,1minute,3,2026-09-22 09:17:00,23450.0,16907475,7670,985,
2026-09-22 09:33:02,GetHistory,OPTIDX_NIFTY_22SEP2026_CE_23400,NFO,1minute,4,2026-09-22 09:18:00,79.35,11392355,3501810,5494,
2026-09-22 09:33:33,GetHistory,FUTIDX_BANKNIFTY_29SEP2026_XX_0,NFO,15minute,51,2026-09-22 09:15:00,56770.0,1978830,40170,1184,
2026-09-22 09:33:38,GetHistory,FUTIDX_NIFTY_29SEP2026_XX_0,NFO,15minute,51,2026-09-22 09:15:00,23457.0,16908645,160160,5169,
2026-09-22 09:33:40,GetHistory,FUTSTK_RELIANCE_29SEP2026_XX_0,NFO,15minute,51,2026-09-22 09:15:00,1249.2,121664500,561500,1138,
2026-09-22 09:33:41,GetHistory,OPTIDX_BANKNIFTY_29SEP2026_CE_56500,NFO,15minute,51,2026-09-22 09:15:00,526.95,725670,588600,985,
2026-09-22 09:33:42,GetHistory,OPTIDX_BANKNIFTY_29SEP2026_PE_56500,NFO,15minute,51,2026-09-22 09:15:00,275.6,845730,475800,966,
2026-09-22 09:33:45,GetHistory,OPTIDX_NIFTY_22SEP2026_CE_23400,NFO,15minute,51,2026-09-22 09:15:00,77.4,15785770,43357535,3656,
2026-09-22 09:33:46,GetHistory,OPTIDX_NIFTY_22SEP2026_PE_23400,NFO,15minute,51,2026-09-22 09:15:00,28.5,29418155,97888765,764,
2026-09-22 09:33:48,GetHistory,HDFCBANK,NSE,15minute,53,2026-09-22 09:15:00,747.2,0,6289945,2407,
2026-09-22 09:33:50,GetHistory,RELIANCE,NSE,15minute,53,2026-09-22 09:15:00,1245.5,0,644811,2093,
2026-09-22 09:33:54,GetHistory,NIFTY 50,NSE_IDX,15minute,94,2026-09-22 09:15:00,23445.9,0,0,3669,
2026-09-22 09:34:02,GetHistory,NIFTY BANK,NSE_IDX,15minute,94,2026-09-22 09:15:00,56650.45,0,0,7639,
2026-09-22 09:34:02,GetHistory,NIFTY 50,NSE_IDX,1minute,11,2026-09-22 09:19:00,23446.75,0,0,566,
2026-09-22 09:34:03,GetHistory,RELIANCE,NSE,1minute,5,2026-09-22 09:19:00,1247.0,0,25255,979,
2026-09-22 09:34:05,GetHistory,FUTIDX_NIFTY_29SEP2026_XX_0,NFO,1minute,5,2026-09-22 09:19:00,23450.0,16905590,5135,1220,
2026-09-22 09:34:12,GetHistory,OPTIDX_NIFTY_22SEP2026_CE_23400,NFO,1minute,5,2026-09-22 09:19:00,76.2,11832665,1927965,7291,
2026-09-22 09:34:44,GetHistory,FUTIDX_BANKNIFTY_29SEP2026_XX_0,NFO,15minute,51,2026-09-22 09:15:00,56770.0,1978830,40170,1218,
2026-09-22 09:34:45,GetHistory,FUTIDX_NIFTY_29SEP2026_XX_0,NFO,15minute,51,2026-09-22 09:15:00,23457.0,16908645,160160,1297,
2026-09-22 09:34:46,GetHistory,FUTSTK_RELIANCE_29SEP2026_XX_0,NFO,15minute,51,2026-09-22 09:15:00,1249.2,121664500,561500,1029,
2026-09-22 09:34:47,GetHistory,OPTIDX_BANKNIFTY_29SEP2026_CE_56500,NFO,15minute,51,2026-09-22 09:15:00,526.95,725670,588600,987,
2026-09-22 09:34:48,GetHistory,OPTIDX_BANKNIFTY_29SEP2026_PE_56500,NFO,15minute,51,2026-09-22 09:15:00,275.6,845730,475800,1075,
2026-09-22 09:34:49,GetHistory,OPTIDX_NIFTY_22SEP2026_CE_23400,NFO,15minute,51,2026-09-22 09:15:00,77.4,15785770,43357535,704,
2026-09-22 09:34:54,GetHistory,OPTIDX_NIFTY_22SEP2026_PE_23400,NFO,15minute,51,2026-09-22 09:15:00,28.5,29418155,97888765,4481,
2026-09-22 09:34:56,GetHistory,HDFCBANK,NSE,15minute,53,2026-09-22 09:15:00,747.2,0,6289945,2065,
2026-09-22 09:34:58,GetHistory,RELIANCE,NSE,15minute,53,2026-09-22 09:15:00,1245.5,0,644811,2179,
2026-09-22 09:35:02,GetHistory,NIFTY 50,NSE_IDX,15minute,94,2026-09-22 09:15:00,23445.9,0,0,3657,
2026-09-22 09:35:07,GetHistory,NIFTY BANK,NSE_IDX,15minute,94,2026-09-22 09:15:00,56650.45,0,0,5086,
2026-09-22 09:35:07,GetHistory,NIFTY 50,NSE_IDX,1minute,12,2026-09-22 09:20:00,23437.15,0,0,588,
2026-09-22 09:35:08,GetHistory,RELIANCE,NSE,1minute,6,2026-09-22 09:20:00,1247.4,0,60389,977,
2026-09-22 09:35:09,GetHistory,FUTIDX_NIFTY_29SEP2026_XX_0,NFO,1minute,6,2026-09-22 09:20:00,23440.0,16902925,10790,874,
2026-09-22 09:35:10,GetHistory,OPTIDX_NIFTY_22SEP2026_CE_23400,NFO,1minute,6,2026-09-22 09:20:00,73.35,12284415,2823470,1090,
2026-09-22 09:35:49,GetHistory,FUTIDX_BANKNIFTY_29SEP2026_XX_0,NFO,15minute,51,2026-09-22 09:15:00,56770.0,1978830,40170,1107,
2026-09-22 09:35:50,GetHistory,FUTIDX_NIFTY_29SEP2026_XX_0,NFO,15minute,51,2026-09-22 09:15:00,23457.0,16908645,160160,1199,
2026-09-22 09:35:51,GetHistory,FUTSTK_RELIANCE_29SEP2026_XX_0,NFO,15minute,51,2026-09-22 09:15:00,1249.2,121664500,561500,1033,
2026-09-22 09:35:52,GetHistory,OPTIDX_BANKNIFTY_29SEP2026_CE_56500,NFO,15minute,51,2026-09-22 09:15:00,526.95,725670,588600,984,
2026-09-22 09:35:58,GetHistory,OPTIDX_BANKNIFTY_29SEP2026_PE_56500,NFO,15minute,51,2026-09-22 09:15:00,275.6,845730,475800,5611,
2026-09-22 09:35:58,GetHistory,OPTIDX_NIFTY_22SEP2026_CE_23400,NFO,15minute,51,2026-09-22 09:15:00,77.4,15785770,43357535,545,
2026-09-22 09:35:59,GetHistory,OPTIDX_NIFTY_22SEP2026_PE_23400,NFO,15minute,51,2026-09-22 09:15:00,28.5,29418155,97888765,1065,
2026-09-22 09:36:02,GetHistory,HDFCBANK,NSE,15minute,53,2026-09-22 09:15:00,747.2,0,6289945,2528,
2026-09-22 09:36:04,GetHistory,RELIANCE,NSE,15minute,53,2026-09-22 09:15:00,1245.5,0,644811,2091,
2026-09-22 09:36:11,GetHistory,NIFTY 50,NSE_IDX,15minute,94,2026-09-22 09:15:00,23445.9,0,0,6970,
2026-09-22 09:36:15,GetHistory,NIFTY BANK,NSE_IDX,15minute,94,2026-09-22 09:15:00,56650.45,0,0,3555,
2026-09-22 09:36:19,GetHistory,NIFTY 50,NSE_IDX,1minute,13,2026-09-22 09:21:00,23445.65,0,0,3991,
2026-09-22 09:36:19,GetHistory,RELIANCE,NSE,1minute,7,2026-09-22 09:21:00,1246.6,0,15458,654,
2026-09-22 09:36:20,GetHistory,FUTIDX_NIFTY_29SEP2026_XX_0,NFO,1minute,7,2026-09-22 09:21:00,23448.0,16902535,4940,801,
2026-09-22 09:36:21,GetHistory,OPTIDX_NIFTY_22SEP2026_CE_23400,NFO,1minute,7,2026-09-22 09:21:00,74.85,12877215,2200770,1098,
2026-09-22 09:36:38,GetExchangeSnapshot,NFO,NFO,15minute,8727,2026-09-22 09:15:00,8159,,8727,17147,
2026-09-22 09:36:54,GetHistory,FUTIDX_BANKNIFTY_29SEP2026_XX_0,NFO,15minute,51,2026-09-22 09:15:00,56770.0,1978830,40170,1113,
2026-09-22 09:36:56,GetHistory,FUTIDX_NIFTY_29SEP2026_XX_0,NFO,15minute,51,2026-09-22 09:15:00,23457.0,16908645,160160,1345,
2026-09-22 09:36:57,GetHistory,FUTSTK_RELIANCE_29SEP2026_XX_0,NFO,15minute,51,2026-09-22 09:15:00,1249.2,121664500,561500,1104,
2026-09-22 09:36:58,GetHistory,OPTIDX_BANKNIFTY_29SEP2026_CE_56500,NFO,15minute,51,2026-09-22 09:15:00,526.95,725670,588600,987,
2026-09-22 09:36:59,GetHistory,OPTIDX_BANKNIFTY_29SEP2026_PE_56500,NFO,15minute,51,2026-09-22 09:15:00,275.6,845730,475800,1078,
2026-09-22 09:37:03,GetHistory,OPTIDX_NIFTY_22SEP2026_CE_23400,NFO,15minute,51,2026-09-22 09:15:00,77.4,15785770,43357535,4109,
2026-09-22 09:37:04,GetHistory,OPTIDX_NIFTY_22SEP2026_PE_23400,NFO,15minute,51,2026-09-22 09:15:00,28.5,29418155,97888765,732,
2026-09-22 09:37:06,GetHistory,HDFCBANK,NSE,15minute,53,2026-09-22 09:15:00,747.2,0,6289945,2421,
2026-09-22 09:37:08,GetHistory,RELIANCE,NSE,15minute,53,2026-09-22 09:15:00,1245.5,0,644811,2172,
2026-09-22 09:37:12,GetHistory,NIFTY 50,NSE_IDX,15minute,94,2026-09-22 09:15:00,23445.9,0,0,3722,
2026-09-22 09:37:19,GetHistory,NIFTY BANK,NSE_IDX,15minute,94,2026-09-22 09:15:00,56650.45,0,0,7018,
2026-09-22 09:37:20,GetHistory,NIFTY 50,NSE_IDX,1minute,14,2026-09-22 09:22:00,23446.1,0,0,566,
2026-09-22 09:37:20,GetHistory,RELIANCE,NSE,1minute,8,2026-09-22 09:22:00,1246.4,0,30213,980,
2026-09-22 09:37:21,GetHistory,FUTIDX_NIFTY_29SEP2026_XX_0,NFO,1minute,8,2026-09-22 09:22:00,23457.4,16904550,10270,983,
2026-09-22 09:37:22,GetHistory,OPTIDX_NIFTY_22SEP2026_CE_23400,NFO,1minute,8,2026-09-22 09:22:00,74.15,13263900,2068105,888,
2026-09-22 09:37:55,GetHistory,FUTIDX_BANKNIFTY_29SEP2026_XX_0,NFO,15minute,51,2026-09-22 09:15:00,56770.0,1978830,40170,1275,
2026-09-22 09:37:56,GetHistory,FUTIDX_NIFTY_29SEP2026_XX_0,NFO,15minute,51,2026-09-22 09:15:00,23457.0,16908645,160160,1211,
2026-09-22 09:37:57,GetHistory,FUTSTK_RELIANCE_29SEP2026_XX_0,NFO,15minute,51,2026-09-22 09:15:00,1249.2,121664500,561500,1126,
2026-09-22 09:38:04,GetHistory,OPTIDX_BANKNIFTY_29SEP2026_CE_56500,NFO,15minute,51,2026-09-22 09:15:00,526.95,725670,588600,6281,
2026-09-22 09:38:05,GetHistory,OPTIDX_BANKNIFTY_29SEP2026_PE_56500,NFO,15minute,51,2026-09-22 09:15:00,275.6,845730,475800,984,
2026-09-22 09:38:05,GetHistory,OPTIDX_NIFTY_22SEP2026_CE_23400,NFO,15minute,51,2026-09-22 09:15:00,77.4,15785770,43357535,643,
2026-09-22 09:38:06,GetHistory,OPTIDX_NIFTY_22SEP2026_PE_23400,NFO,15minute,51,2026-09-22 09:15:00,28.5,29418155,97888765,1119,
2026-09-22 09:38:12,GetHistory,HDFCBANK,NSE,15minute,53,2026-09-22 09:15:00,747.2,0,6289945,5781,
2026-09-22 09:38:14,GetHistory,RELIANCE,NSE,15minute,53,2026-09-22 09:15:00,1245.5,0,644811,2094,
2026-09-22 09:38:18,GetHistory,NIFTY 50,NSE_IDX,15minute,94,2026-09-22 09:15:00,23445.9,0,0,3478,
2026-09-22 09:38:28,GetHistory,NIFTY BANK,NSE_IDX,15minute,94,2026-09-22 09:15:00,56650.45,0,0,10620,
2026-09-22 09:38:29,GetHistory,NIFTY 50,NSE_IDX,1minute,15,2026-09-22 09:23:00,23448.15,0,0,492,
2026-09-22 09:38:30,GetHistory,RELIANCE,NSE,1minute,9,2026-09-22 09:23:00,1246.3,0,9325,977,
2026-09-22 09:38:31,GetHistory,FUTIDX_NIFTY_29SEP2026_XX_0,NFO,1minute,9,2026-09-22 09:23:00,23447.9,16904745,5850,982,
2026-09-22 09:38:35,GetHistory,OPTIDX_NIFTY_22SEP2026_CE_23400,NFO,1minute,9,2026-09-22 09:23:00,76.05,13741780,1242085,4544,
2026-09-22 09:39:07,GetHistory,FUTIDX_BANKNIFTY_29SEP2026_XX_0,NFO,15minute,51,2026-09-22 09:15:00,56770.0,1978830,40170,1979,
2026-09-22 09:39:09,GetHistory,FUTIDX_NIFTY_29SEP2026_XX_0,NFO,15minute,51,2026-09-22 09:15:00,23457.0,16908645,160160,1213,
2026-09-22 09:39:10,GetHistory,FUTSTK_RELIANCE_29SEP2026_XX_0,NFO,15minute,51,2026-09-22 09:15:00,1249.2,121664500,561500,1125,
2026-09-22 09:39:11,GetHistory,OPTIDX_BANKNIFTY_29SEP2026_CE_56500,NFO,15minute,51,2026-09-22 09:15:00,526.95,725670,588600,998,
2026-09-22 09:39:12,GetHistory,OPTIDX_BANKNIFTY_29SEP2026_PE_56500,NFO,15minute,51,2026-09-22 09:15:00,275.6,845730,475800,1099,
2026-09-22 09:39:13,GetHistory,OPTIDX_NIFTY_22SEP2026_CE_23400,NFO,15minute,51,2026-09-22 09:15:00,77.4,15785770,43357535,777,
2026-09-22 09:39:14,GetHistory,OPTIDX_NIFTY_22SEP2026_PE_23400,NFO,15minute,51,2026-09-22 09:15:00,28.5,29418155,97888765,953,
2026-09-22 09:39:23,GetHistory,HDFCBANK,NSE,15minute,53,2026-09-22 09:15:00,747.2,0,6289945,9437,
2026-09-22 09:39:25,GetHistory,RELIANCE,NSE,15minute,53,2026-09-22 09:15:00,1245.5,0,644811,2169,
2026-09-22 09:39:32,GetHistory,NIFTY 50,NSE_IDX,15minute,94,2026-09-22 09:15:00,23445.9,0,0,6586,
2026-09-22 09:39:35,GetHistory,NIFTY BANK,NSE_IDX,15minute,94,2026-09-22 09:15:00,56650.45,0,0,3506,
2026-09-22 09:39:36,GetHistory,NIFTY 50,NSE_IDX,1minute,16,2026-09-22 09:24:00,23447.45,0,0,460,
2026-09-22 09:39:42,GetHistory,RELIANCE,NSE,1minute,10,2026-09-22 09:24:00,1246.3,0,34194,5945,
2026-09-22 09:39:42,GetHistory,FUTIDX_NIFTY_29SEP2026_XX_0,NFO,1minute,10,2026-09-22 09:24:00,23449.2,16905460,8385,603,
2026-09-22 09:39:43,GetHistory,OPTIDX_NIFTY_22SEP2026_CE_23400,NFO,1minute,10,2026-09-22 09:24:00,75.85,13866970,1475565,984,
2026-09-22 09:40:16,GetHistory,FUTIDX_BANKNIFTY_29SEP2026_XX_0,NFO,15minute,51,2026-09-22 09:15:00,56770.0,1978830,40170,1140,
2026-09-22 09:40:18,GetHistory,FUTIDX_NIFTY_29SEP2026_XX_0,NFO,15minute,51,2026-09-22 09:15:00,23457.0,16908645,160160,1701,
2026-09-22 09:40:19,GetHistory,FUTSTK_RELIANCE_29SEP2026_XX_0,NFO,15minute,51,2026-09-22 09:15:00,1249.2,121664500,561500,1078,
2026-09-22 09:40:23,GetHistory,OPTIDX_BANKNIFTY_29SEP2026_CE_56500,NFO,15minute,51,2026-09-22 09:15:00,526.95,725670,588600,4345,
2026-09-22 09:40:24,GetHistory,OPTIDX_BANKNIFTY_29SEP2026_PE_56500,NFO,15minute,51,2026-09-22 09:15:00,275.6,845730,475800,998,
2026-09-22 09:40:25,GetHistory,OPTIDX_NIFTY_22SEP2026_CE_23400,NFO,15minute,51,2026-09-22 09:15:00,77.4,15785770,43357535,592,
2026-09-22 09:40:26,GetHistory,OPTIDX_NIFTY_22SEP2026_PE_23400,NFO,15minute,51,2026-09-22 09:15:00,28.5,29418155,97888765,1173,
2026-09-22 09:40:28,GetHistory,HDFCBANK,NSE,15minute,53,2026-09-22 09:15:00,747.2,0,6289945,2468,
2026-09-22 09:40:31,GetHistory,RELIANCE,NSE,15minute,53,2026-09-22 09:15:00,1245.5,0,644811,2124,
2026-09-22 09:40:38,GetHistory,NIFTY 50,NSE_IDX,15minute,94,2026-09-22 09:15:00,23445.9,0,0,7252,
2026-09-22 09:40:41,GetHistory,NIFTY BANK,NSE_IDX,15minute,94,2026-09-22 09:15:00,56650.45,0,0,3545,
2026-09-22 09:40:44,GetHistory,NIFTY 50,NSE_IDX,1minute,17,2026-09-22 09:25:00,23439.3,0,0,3123,
2026-09-22 09:40:45,GetHistory,RELIANCE,NSE,1minute,11,2026-09-22 09:25:00,1246.4,0,28411,465,
2026-09-22 09:40:46,GetHistory,FUTIDX_NIFTY_29SEP2026_XX_0,NFO,1minute,11,2026-09-22 09:25:00,23440.8,16904355,16575,1199,
2026-09-22 09:40:47,GetHistory,OPTIDX_NIFTY_22SEP2026_CE_23400,NFO,1minute,11,2026-09-22 09:25:00,73.05,14131520,2200250,979,
2026-09-22 09:41:20,GetHistory,FUTIDX_BANKNIFTY_29SEP2026_XX_0,NFO,15minute,51,2026-09-22 09:15:00,56770.0,1978830,40170,1318,
2026-09-22 09:41:21,GetHistory,FUTIDX_NIFTY_29SEP2026_XX_0,NFO,15minute,51,2026-09-22 09:15:00,23457.0,16908645,160160,1250,
2026-09-22 09:41:25,GetHistory,FUTSTK_RELIANCE_29SEP2026_XX_0,NFO,15minute,51,2026-09-22 09:15:00,1249.2,121664500,561500,3484,
2026-09-22 09:41:26,GetHistory,OPTIDX_BANKNIFTY_29SEP2026_CE_56500,NFO,15minute,51,2026-09-22 09:15:00,526.95,725670,588600,1002,
2026-09-22 09:41:30,GetHistory,OPTIDX_BANKNIFTY_29SEP2026_PE_56500,NFO,15minute,51,2026-09-22 09:15:00,275.6,845730,475800,4370,
2026-09-22 09:41:31,GetHistory,OPTIDX_NIFTY_22SEP2026_CE_23400,NFO,15minute,51,2026-09-22 09:15:00,77.4,15785770,43357535,689,
2026-09-22 09:41:35,GetHistory,OPTIDX_NIFTY_22SEP2026_PE_23400,NFO,15minute,51,2026-09-22 09:15:00,28.5,29418155,97888765,4000,
2026-09-22 09:41:37,GetHistory,HDFCBANK,NSE,15minute,53,2026-09-22 09:15:00,747.2,0,6289945,2092,
2026-09-22 09:41:39,GetHistory,RELIANCE,NSE,15minute,53,2026-09-22 09:15:00,1245.5,0,644811,2082,
2026-09-22 09:41:45,GetHistory,NIFTY 50,NSE_IDX,15minute,94,2026-09-22 09:15:00,23445.9,0,0,6352,
2026-09-22 09:41:49,GetHistory,NIFTY BANK,NSE_IDX,15minute,94,2026-09-22 09:15:00,56650.45,0,0,3433,
2026-09-22 09:41:49,GetHistory,NIFTY 50,NSE_IDX,1minute,18,2026-09-22 09:26:00,23431.8,0,0,548,
2026-09-22 09:41:55,GetHistory,RELIANCE,NSE,1minute,12,2026-09-22 09:26:00,1245.6,0,56194,5379,
2026-09-22 09:41:55,GetHistory,FUTIDX_NIFTY_29SEP2026_XX_0,NFO,1minute,12,2026-09-22 09:26:00,23447.0,16906110,10140,524,
2026-09-22 09:41:56,GetHistory,OPTIDX_NIFTY_22SEP2026_CE_23400,NFO,1minute,12,2026-09-22 09:26:00,70.35,14380795,2530775,977,
2026-09-22 09:42:15,GetExchangeSnapshot,NFO,NFO,15minute,8727,2026-09-22 09:15:00,8159,,8727,19057,
2026-09-22 09:42:29,GetHistory,FUTIDX_BANKNIFTY_29SEP2026_XX_0,NFO,15minute,51,2026-09-22 09:15:00,56770.0,1978830,40170,2459,
2026-09-22 09:42:30,GetHistory,FUTIDX_NIFTY_29SEP2026_XX_0,NFO,15minute,51,2026-09-22 09:15:00,23457.0,16908645,160160,1246,
2026-09-22 09:42:31,GetHistory,FUTSTK_RELIANCE_29SEP2026_XX_0,NFO,15minute,51,2026-09-22 09:15:00,1249.2,121664500,561500,1140,
2026-09-22 09:42:32,GetHistory,OPTIDX_BANKNIFTY_29SEP2026_CE_56500,NFO,15minute,51,2026-09-22 09:15:00,526.95,725670,588600,971,
2026-09-22 09:42:33,GetHistory,OPTIDX_BANKNIFTY_29SEP2026_PE_56500,NFO,15minute,51,2026-09-22 09:15:00,275.6,845730,475800,1093,
2026-09-22 09:42:34,GetHistory,OPTIDX_NIFTY_22SEP2026_CE_23400,NFO,15minute,51,2026-09-22 09:15:00,77.4,15785770,43357535,685,
2026-09-22 09:42:35,GetHistory,OPTIDX_NIFTY_22SEP2026_PE_23400,NFO,15minute,51,2026-09-22 09:15:00,28.5,29418155,97888765,1066,
2026-09-22 09:42:37,GetHistory,HDFCBANK,NSE,15minute,53,2026-09-22 09:15:00,747.2,0,6289945,2403,
2026-09-22 09:42:43,GetHistory,RELIANCE,NSE,15minute,53,2026-09-22 09:15:00,1245.5,0,644811,5936,
2026-09-22 09:42:47,GetHistory,NIFTY 50,NSE_IDX,15minute,94,2026-09-22 09:15:00,23445.9,0,0,3578,
2026-09-22 09:42:52,GetHistory,NIFTY BANK,NSE_IDX,15minute,94,2026-09-22 09:15:00,56650.45,0,0,5319,
2026-09-22 09:42:53,GetHistory,NIFTY 50,NSE_IDX,1minute,19,2026-09-22 09:27:00,23431.0,0,0,534,
2026-09-22 09:42:54,GetHistory,RELIANCE,NSE,1minute,13,2026-09-22 09:27:00,1245.5,0,14795,1090,
2026-09-22 09:42:55,GetHistory,FUTIDX_NIFTY_29SEP2026_XX_0,NFO,1minute,13,2026-09-22 09:27:00,23446.9,16908060,18265,869,
2026-09-22 09:42:56,GetHistory,OPTIDX_NIFTY_22SEP2026_CE_23400,NFO,1minute,13,2026-09-22 09:27:00,69.6,14855750,3155230,1090,
2026-09-22 09:43:27,GetHistory,FUTIDX_BANKNIFTY_29SEP2026_XX_0,NFO,15minute,51,2026-09-22 09:15:00,56770.0,1978830,40170,1127,
2026-09-22 09:43:28,GetHistory,FUTIDX_NIFTY_29SEP2026_XX_0,NFO,15minute,51,2026-09-22 09:15:00,23457.0,16908645,160160,1152,
2026-09-22 09:43:30,GetHistory,FUTSTK_RELIANCE_29SEP2026_XX_0,NFO,15minute,51,2026-09-22 09:15:00,1249.2,121664500,561500,1125,
2026-09-22 09:43:36,GetHistory,OPTIDX_BANKNIFTY_29SEP2026_CE_56500,NFO,15minute,51,2026-09-22 09:15:00,526.95,725670,588600,6455,
2026-09-22 09:43:37,GetHistory,OPTIDX_BANKNIFTY_29SEP2026_PE_56500,NFO,15minute,51,2026-09-22 09:15:00,275.6,845730,475800,1076,
2026-09-22 09:43:38,GetHistory,OPTIDX_NIFTY_22SEP2026_CE_23400,NFO,15minute,51,2026-09-22 09:15:00,77.4,15785770,43357535,595,
2026-09-22 09:43:39,GetHistory,OPTIDX_NIFTY_22SEP2026_PE_23400,NFO,15minute,51,2026-09-22 09:15:00,28.5,29418155,97888765,1059,
2026-09-22 09:43:41,GetHistory,HDFCBANK,NSE,15minute,53,2026-09-22 09:15:00,747.2,0,6289945,2425,
2026-09-22 09:43:46,GetHistory,RELIANCE,NSE,15minute,53,2026-09-22 09:15:00,1245.5,0,644811,4685,
2026-09-22 09:43:49,GetHistory,NIFTY 50,NSE_IDX,15minute,94,2026-09-22 09:15:00,23445.9,0,0,3565,
2026-09-22 09:43:53,GetHistory,NIFTY BANK,NSE_IDX,15minute,94,2026-09-22 09:15:00,56650.45,0,0,3632,
2026-09-22 09:43:56,GetHistory,NIFTY 50,NSE_IDX,1minute,20,2026-09-22 09:28:00,23437.4,0,0,2812,
2026-09-22 09:43:56,GetHistory,RELIANCE,NSE,1minute,14,2026-09-22 09:28:00,1245.2,0,34512,493,
2026-09-22 09:43:57,GetHistory,FUTIDX_NIFTY_29SEP2026_XX_0,NFO,1minute,14,2026-09-22 09:28:00,23450.0,16907020,5200,1030,
2026-09-22 09:43:59,GetHistory,OPTIDX_NIFTY_22SEP2026_CE_23400,NFO,1minute,14,2026-09-22 09:28:00,70.5,15486380,2485860,1104,
2026-09-22 09:44:30,GetHistory,FUTIDX_BANKNIFTY_29SEP2026_XX_0,NFO,15minute,51,2026-09-22 09:15:00,56770.0,1978830,40170,1152,
2026-09-22 09:44:31,GetHistory,FUTIDX_NIFTY_29SEP2026_XX_0,NFO,15minute,51,2026-09-22 09:15:00,23457.0,16908645,160160,1357,
2026-09-22 09:44:32,GetHistory,FUTSTK_RELIANCE_29SEP2026_XX_0,NFO,15minute,51,2026-09-22 09:15:00,1249.2,121664500,561500,1089,
2026-09-22 09:44:33,GetHistory,OPTIDX_BANKNIFTY_29SEP2026_CE_56500,NFO,15minute,51,2026-09-22 09:15:00,526.95,725670,588600,990,
2026-09-22 09:44:39,GetHistory,OPTIDX_BANKNIFTY_29SEP2026_PE_56500,NFO,15minute,51,2026-09-22 09:15:00,275.6,845730,475800,5370,
2026-09-22 09:44:39,GetHistory,OPTIDX_NIFTY_22SEP2026_CE_23400,NFO,15minute,51,2026-09-22 09:15:00,77.4,15785770,43357535,562,
2026-09-22 09:44:40,GetHistory,OPTIDX_NIFTY_22SEP2026_PE_23400,NFO,15minute,51,2026-09-22 09:15:00,28.5,29418155,97888765,1171,
2026-09-22 09:44:43,GetHistory,HDFCBANK,NSE,15minute,53,2026-09-22 09:15:00,747.2,0,6289945,2374,
2026-09-22 09:44:45,GetHistory,RELIANCE,NSE,15minute,53,2026-09-22 09:15:00,1245.5,0,644811,2109,
2026-09-22 09:44:50,GetHistory,NIFTY 50,NSE_IDX,15minute,94,2026-09-22 09:15:00,23445.9,0,0,5487,
2026-09-22 09:44:54,GetHistory,NIFTY BANK,NSE_IDX,15minute,94,2026-09-22 09:15:00,56650.45,0,0,3697,
2026-09-22 09:44:54,GetHistory,NIFTY 50,NSE_IDX,1minute,21,2026-09-22 09:29:00,23445.9,0,0,482,
2026-09-22 09:45:00,GetHistory,RELIANCE,NSE,1minute,16,2026-09-22 09:30:00,1246.8,0,111042,5690,
2026-09-22 09:45:01,GetHistory,FUTIDX_NIFTY_29SEP2026_XX_0,NFO,1minute,16,2026-09-22 09:30:00,23460.5,16908710,8515,504,
2026-09-22 09:45:02,GetHistory,OPTIDX_NIFTY_22SEP2026_CE_23400,NFO,1minute,16,2026-09-22 09:30:00,76.6,15725775,4141995,1015,
2026-09-22 09:45:35,GetHistory,FUTIDX_BANKNIFTY_29SEP2026_XX_0,NFO,15minute,51,2026-09-22 09:30:00,56748.0,1973340,15840,1690,
2026-09-22 09:45:36,GetHistory,FUTIDX_NIFTY_29SEP2026_XX_0,NFO,15minute,51,2026-09-22 09:30:00,23469.9,16905135,121420,1193,
2026-09-22 09:45:38,GetHistory,FUTSTK_RELIANCE_29SEP2026_XX_0,NFO,15minute,51,2026-09-22 09:30:00,1251.0,121663000,327000,1236,
2026-09-22 09:45:39,GetHistory,OPTIDX_BANKNIFTY_29SEP2026_CE_56500,NFO,15minute,51,2026-09-22 09:30:00,511.05,730890,238170,984,
2026-09-22 09:45:40,GetHistory,OPTIDX_BANKNIFTY_29SEP2026_PE_56500,NFO,15minute,51,2026-09-22 09:30:00,271.2,887700,223470,1076,
2026-09-22 09:45:40,GetHistory,OPTIDX_NIFTY_22SEP2026_CE_23400,NFO,15minute,51,2026-09-22 09:30:00,82.5,16523390,33779135,703,
2026-09-22 09:45:44,GetHistory,OPTIDX_NIFTY_22SEP2026_PE_23400,NFO,15minute,51,2026-09-22 09:30:00,24.55,34807630,57904470,3358,
2026-09-22 09:45:46,GetHistory,HDFCBANK,NSE,15minute,53,2026-09-22 09:30:00,747.8,0,3351004,2204,
2026-09-22 09:45:50,GetHistory,RELIANCE,NSE,15minute,53,2026-09-22 09:30:00,1248.6,0,395196,4249,
2026-09-22 09:45:54,GetHistory,NIFTY 50,NSE_IDX,15minute,94,2026-09-22 09:30:00,23455.8,0,0,3631,
2026-09-22 09:45:59,GetHistory,NIFTY BANK,NSE_IDX,15minute,94,2026-09-22 09:30:00,56620.05,0,0,5472,
2026-09-22 09:46:00,GetHistory,NIFTY 50,NSE_IDX,1minute,23,2026-09-22 09:31:00,23450.6,0,0,582,
2026-09-22 09:46:01,GetHistory,RELIANCE,NSE,1minute,17,2026-09-22 09:31:00,1247.6,0,21968,1055,
2026-09-22 09:46:02,GetHistory,FUTIDX_NIFTY_29SEP2026_XX_0,NFO,1minute,17,2026-09-22 09:31:00,23451.0,16906760,4485,797,
2026-09-22 09:46:03,GetHistory,OPTIDX_NIFTY_22SEP2026_CE_23400,NFO,1minute,17,2026-09-22 09:31:00,77.3,16039140,1907490,1198,
2026-09-22 09:46:37,GetHistory,FUTIDX_BANKNIFTY_29SEP2026_XX_0,NFO,15minute,51,2026-09-22 09:30:00,56748.0,1973340,15840,3081,
2026-09-22 09:46:43,GetHistory,FUTIDX_NIFTY_29SEP2026_XX_0,NFO,15minute,51,2026-09-22 09:30:00,23469.9,16905135,121420,5128,
2026-09-22 09:46:44,GetHistory,FUTSTK_RELIANCE_29SEP2026_XX_0,NFO,15minute,51,2026-09-22 09:30:00,1251.0,121663000,327000,1060,
2026-09-22 09:46:45,GetHistory,OPTIDX_BANKNIFTY_29SEP2026_CE_56500,NFO,15minute,51,2026-09-22 09:30:00,511.05,730890,238170,967,
2026-09-22 09:46:46,GetHistory,OPTIDX_BANKNIFTY_29SEP2026_PE_56500,NFO,15minute,51,2026-09-22 09:30:00,271.2,887700,223470,1093,
2026-09-22 09:46:46,GetHistory,OPTIDX_NIFTY_22SEP2026_CE_23400,NFO,15minute,51,2026-09-22 09:30:00,82.5,16523390,33779135,593,
2026-09-22 09:46:47,GetHistory,OPTIDX_NIFTY_22SEP2026_PE_23400,NFO,15minute,51,2026-09-22 09:30:00,24.55,34807630,57904470,1064,
2026-09-22 09:46:50,GetHistory,HDFCBANK,NSE,15minute,53,2026-09-22 09:30:00,747.8,0,3351004,2403,
2026-09-22 09:46:55,GetHistory,RELIANCE,NSE,15minute,53,2026-09-22 09:30:00,1248.6,0,395196,5313,
2026-09-22 09:46:59,GetHistory,NIFTY 50,NSE_IDX,15minute,94,2026-09-22 09:30:00,23455.8,0,0,3663,
2026-09-22 09:47:02,GetHistory,NIFTY BANK,NSE_IDX,15minute,94,2026-09-22 09:30:00,56620.05,0,0,3642,
2026-09-22 09:47:05,GetHistory,NIFTY 50,NSE_IDX,1minute,24,2026-09-22 09:32:00,23439.15,0,0,2571,
2026-09-22 09:47:05,GetHistory,RELIANCE,NSE,1minute,18,2026-09-22 09:32:00,1247.9,0,12807,503,
2026-09-22 09:47:06,GetHistory,FUTIDX_NIFTY_29SEP2026_XX_0,NFO,1minute,18,2026-09-22 09:32:00,23451.0,16905720,11570,1091,
2026-09-22 09:47:07,GetHistory,OPTIDX_NIFTY_22SEP2026_CE_23400,NFO,1minute,18,2026-09-22 09:32:00,71.7,16258385,2138565,981,
2026-09-22 09:47:27,GetExchangeSnapshot,NFO,NFO,15minute,9155,2026-09-22 09:30:00,8587,,9155,19898,
2026-09-22 09:47:59,GetHistory,FUTIDX_BANKNIFTY_29SEP2026_XX_0,NFO,15minute,51,2026-09-22 09:30:00,56748.0,1973340,15840,1235,
2026-09-22 09:48:00,GetHistory,FUTIDX_NIFTY_29SEP2026_XX_0,NFO,15minute,51,2026-09-22 09:30:00,23469.9,16905135,121420,1199,
2026-09-22 09:48:05,GetHistory,FUTSTK_RELIANCE_29SEP2026_XX_0,NFO,15minute,51,2026-09-22 09:30:00,1251.0,121663000,327000,5078,
2026-09-22 09:48:07,GetHistory,OPTIDX_BANKNIFTY_29SEP2026_CE_56500,NFO,15minute,51,2026-09-22 09:30:00,511.05,730890,238170,1640,
2026-09-22 09:48:08,GetHistory,OPTIDX_BANKNIFTY_29SEP2026_PE_56500,NFO,15minute,51,2026-09-22 09:30:00,271.2,887700,223470,1075,
2026-09-22 09:48:09,GetHistory,OPTIDX_NIFTY_22SEP2026_CE_23400,NFO,15minute,51,2026-09-22 09:30:00,82.5,16523390,33779135,625,
2026-09-22 09:48:10,GetHistory,OPTIDX_NIFTY_22SEP2026_PE_23400,NFO,15minute,51,2026-09-22 09:30:00,24.55,34807630,57904470,1158,
2026-09-22 09:48:12,GetHistory,HDFCBANK,NSE,15minute,53,2026-09-22 09:30:00,747.8,0,3351004,2419,
2026-09-22 09:48:18,GetHistory,RELIANCE,NSE,15minute,53,2026-09-22 09:30:00,1248.6,0,395196,6047,
2026-09-22 09:48:22,GetHistory,NIFTY 50,NSE_IDX,15minute,94,2026-09-22 09:30:00,23455.8,0,0,3711,
2026-09-22 09:48:26,GetHistory,NIFTY BANK,NSE_IDX,15minute,94,2026-09-22 09:30:00,56620.05,0,0,4257,
2026-09-22 09:48:29,GetHistory,NIFTY 50,NSE_IDX,1minute,25,2026-09-22 09:33:00,23435.4,0,0,3362,
2026-09-22 09:48:31,GetHistory,RELIANCE,NSE,1minute,19,2026-09-22 09:33:00,1247.8,0,12207,1051,
2026-09-22 09:48:31,GetHistory,FUTIDX_NIFTY_29SEP2026_XX_0,NFO,1minute,19,2026-09-22 09:33:00,23444.0,16905460,16965,607,
2026-09-22 09:48:32,GetHistory,OPTIDX_NIFTY_22SEP2026_CE_23400,NFO,1minute,19,2026-09-22 09:33:00,69.1,16375450,2041390,919,
2026-09-22 09:50:11,GetHistory,FUTIDX_BANKNIFTY_29SEP2026_XX_0,NFO,15minute,51,2026-09-22 09:30:00,56748.0,1973340,15840,5795,
2026-09-22 09:50:12,GetHistory,FUTIDX_NIFTY_29SEP2026_XX_0,NFO,15minute,51,2026-09-22 09:30:00,23469.9,16905135,121420,1232,
2026-09-22 09:50:14,GetHistory,FUTSTK_RELIANCE_29SEP2026_XX_0,NFO,15minute,51,2026-09-22 09:30:00,1251.0,121663000,327000,1080,
2026-09-22 09:50:15,GetHistory,OPTIDX_BANKNIFTY_29SEP2026_CE_56500,NFO,15minute,51,2026-09-22 09:30:00,511.05,730890,238170,1577,
2026-09-22 09:50:16,GetHistory,OPTIDX_BANKNIFTY_29SEP2026_PE_56500,NFO,15minute,51,2026-09-22 09:30:00,271.2,887700,223470,1076,
2026-09-22 09:50:17,GetHistory,OPTIDX_NIFTY_22SEP2026_CE_23400,NFO,15minute,51,2026-09-22 09:30:00,82.5,16523390,33779135,1075,
2026-09-22 09:50:18,GetHistory,OPTIDX_NIFTY_22SEP2026_PE_23400,NFO,15minute,51,2026-09-22 09:30:00,24.55,34807630,57904470,693,
2026-09-22 09:50:25,GetHistory,HDFCBANK,NSE,15minute,53,2026-09-22 09:30:00,747.8,0,3351004,6701,
2026-09-22 09:50:27,GetHistory,RELIANCE,NSE,15minute,53,2026-09-22 09:30:00,1248.6,0,395196,2187,
2026-09-22 09:50:35,GetHistory,NIFTY 50,NSE_IDX,15minute,94,2026-09-22 09:30:00,23455.8,0,0,8591,
2026-09-22 09:50:39,GetHistory,NIFTY BANK,NSE_IDX,15minute,94,2026-09-22 09:30:00,56620.05,0,0,3626,
2026-09-22 09:50:44,GetHistory,NIFTY 50,NSE_IDX,1minute,27,2026-09-22 09:35:00,23434.7,0,0,4634,
2026-09-22 09:50:44,GetHistory,RELIANCE,NSE,1minute,21,2026-09-22 09:35:00,1247.7,0,14678,559,
2026-09-22 09:50:45,GetHistory,FUTIDX_NIFTY_29SEP2026_XX_0,NFO,1minute,21,2026-09-22 09:35:00,23440.1,16904030,4160,980,
2026-09-22 09:50:46,GetHistory,OPTIDX_NIFTY_22SEP2026_CE_23400,NFO,1minute,21,2026-09-22 09:35:00,68.75,16774810,1606735,1096,
2026-09-22 09:51:18,GetHistory,FUTIDX_BANKNIFTY_29SEP2026_XX_0,NFO,15minute,51,2026-09-22 09:30:00,56748.0,1973340,15840,1285,
2026-09-22 09:51:20,GetHistory,FUTIDX_NIFTY_29SEP2026_XX_0,NFO,15minute,51,2026-09-22 09:30:00,23469.9,16905135,121420,1654,
2026-09-22 09:51:21,GetHistory,FUTSTK_RELIANCE_29SEP2026_XX_0,NFO,15minute,51,2026-09-22 09:30:00,1251.0,121663000,327000,1233,
2026-09-22 09:51:22,GetHistory,OPTIDX_BANKNIFTY_29SEP2026_CE_56500,NFO,15minute,51,2026-09-22 09:30:00,511.05,730890,238170,984,
2026-09-22 09:51:23,GetHistory,OPTIDX_BANKNIFTY_29SEP2026_PE_56500,NFO,15minute,51,2026-09-22 09:30:00,271.2,887700,223470,907,
2026-09-22 09:51:29,GetHistory,OPTIDX_NIFTY_22SEP2026_CE_23400,NFO,15minute,51,2026-09-22 09:30:00,82.5,16523390,33779135,5829,
2026-09-22 09:51:30,GetHistory,OPTIDX_NIFTY_22SEP2026_PE_23400,NFO,15minute,51,2026-09-22 09:30:00,24.55,34807630,57904470,1613,
2026-09-22 09:51:32,GetHistory,HDFCBANK,NSE,15minute,53,2026-09-22 09:30:00,747.8,0,3351004,2261,
2026-09-22 09:51:36,GetHistory,RELIANCE,NSE,15minute,53,2026-09-22 09:30:00,1248.6,0,395196,3996,
2026-09-22 09:51:40,GetHistory,NIFTY 50,NSE_IDX,15minute,94,2026-09-22 09:30:00,23455.8,0,0,3706,
2026-09-22 09:51:44,GetHistory,NIFTY BANK,NSE_IDX,15minute,94,2026-09-22 09:30:00,56620.05,0,0,3827,
2026-09-22 09:51:48,GetHistory,NIFTY 50,NSE_IDX,1minute,28,2026-09-22 09:36:00,23435.6,0,0,4174,
2026-09-22 09:51:49,GetHistory,RELIANCE,NSE,1minute,22,2026-09-22 09:36:00,1248.9,0,66772,580,
2026-09-22 09:51:50,GetHistory,FUTIDX_NIFTY_29SEP2026_XX_0,NFO,1minute,22,2026-09-22 09:36:00,23450.0,16904095,5590,874,
2026-09-22 09:51:51,GetHistory,OPTIDX_NIFTY_22SEP2026_CE_23400,NFO,1minute,22,2026-09-22 09:36:00,69.75,17185805,899275,1088,
2026-09-22 09:52:00,GetHistory,FUTIDX_BANKNIFTY_29SEP2026_XX_0,NFO,15minute,51,2026-09-22 09:30:00,56748.0,1973340,15840,3718,
2026-09-22 09:52:03,GetHistory,FUTIDX_NIFTY_29SEP2026_XX_0,NFO,15minute,51,2026-09-22 09:30:00,23469.9,16905135,121420,3354,
2026-09-22 09:52:04,GetHistory,FUTSTK_RELIANCE_29SEP2026_XX_0,NFO,15minute,51,2026-09-22 09:30:00,1251.0,121663000,327000,1049,
2026-09-22 09:52:05,GetHistory,OPTIDX_BANKNIFTY_29SEP2026_CE_56500,NFO,15minute,51,2026-09-22 09:30:00,511.05,730890,238170,981,
2026-09-22 09:52:06,GetHistory,OPTIDX_BANKNIFTY_29SEP2026_PE_56500,NFO,15minute,51,2026-09-22 09:30:00,271.2,887700,223470,1032,
2026-09-22 09:52:07,GetHistory,OPTIDX_NIFTY_22SEP2026_CE_23400,NFO,15minute,51,2026-09-22 09:30:00,82.5,16523390,33779135,593,
2026-09-22 09:52:08,GetHistory,OPTIDX_NIFTY_22SEP2026_PE_23400,NFO,15minute,51,2026-09-22 09:30:00,24.55,34807630,57904470,1112,
2026-09-22 09:52:15,GetHistory,HDFCBANK,NSE,15minute,53,2026-09-22 09:30:00,747.8,0,3351004,6919,
2026-09-22 09:52:17,GetHistory,RELIANCE,NSE,15minute,53,2026-09-22 09:30:00,1248.6,0,395196,1998,
2026-09-22 09:52:20,GetHistory,NIFTY 50,NSE_IDX,15minute,94,2026-09-22 09:30:00,23455.8,0,0,3522,
2026-09-22 09:52:26,GetHistory,NIFTY BANK,NSE_IDX,15minute,94,2026-09-22 09:30:00,56620.05,0,0,5844,
2026-09-22 09:52:27,GetHistory,NIFTY 50,NSE_IDX,1minute,29,2026-09-22 09:37:00,23443.95,0,0,628,
2026-09-22 09:52:28,GetHistory,RELIANCE,NSE,1minute,23,2026-09-22 09:37:00,1248.9,0,15159,921,
2026-09-22 09:52:29,GetHistory,FUTIDX_NIFTY_29SEP2026_XX_0,NFO,1minute,23,2026-09-22 09:37:00,23446.4,16904290,3900,934,
2026-09-22 09:52:30,GetHistory,OPTIDX_NIFTY_22SEP2026_CE_23400,NFO,1minute,23,2026-09-22 09:37:00,72.9,17249115,2101190,1028,
2026-09-22 09:52:50,GetExchangeSnapshot,NFO,NFO,1minute,,,,,,20494,gdf: no reply within the timeout
2026-09-22 09:53:11,GetExchangeSnapshot,NSE,NSE,1minute,,,,,,20502,gdf: no reply within the timeout
2026-09-22 09:53:31,GetExchangeSnapshot,NSE_IDX,NSE_IDX,1minute,0,,0,233,0,20451,
2026-09-22 09:53:59,GetExchangeSnapshot,NFO,NFO,1minute,4117,2026-09-22 09:38:00,3762,880004,4117,28009,
2026-09-22 09:54:23,GetExchangeSnapshot,NSE,NSE,1minute,1981,2026-09-22 09:39:00,1,372793,1981,23546,
2026-09-22 09:54:43,GetExchangeSnapshot,NSE_IDX,NSE_IDX,1minute,,,,,,20136,gdf: no reply within the timeout
2026-09-22 09:54:43,GetHistory,NIFTY 50,NSE_IDX,1minute,31,2026-09-22 09:39:00,23451.65,0,0,568,
2026-09-22 09:54:44,GetHistory,RELIANCE,NSE,1minute,25,2026-09-22 09:39:00,1248.9,0,24643,966,
2026-09-22 09:54:49,GetHistory,FUTIDX_NIFTY_29SEP2026_XX_0,NFO,1minute,25,2026-09-22 09:39:00,23459.0,16904615,4290,4394,
2026-09-22 09:54:49,GetHistory,OPTIDX_NIFTY_22SEP2026_CE_23400,NFO,1minute,25,2026-09-22 09:39:00,76.9,17246320,2344225,520,
2026-09-22 09:55:18,GetExchangeSnapshot,NFO,NFO,1minute,3679,2026-09-22 09:40:00,3344,786353,3679,28268,
2026-09-22 09:55:41,GetExchangeSnapshot,NSE,NSE,1minute,2075,2026-09-22 09:40:00,1,390265,2075,23769,
2026-09-22 09:56:02,GetExchangeSnapshot,NSE_IDX,NSE_IDX,1minute,0,,0,233,0,20525,
2026-09-22 09:56:32,GetHistory,FUTIDX_BANKNIFTY_29SEP2026_XX_0,NFO,15minute,51,2026-09-22 09:30:00,56748.0,1973340,15840,2901,
2026-09-22 09:56:33,GetHistory,FUTIDX_NIFTY_29SEP2026_XX_0,NFO,15minute,51,2026-09-22 09:30:00,23469.9,16905135,121420,1194,
2026-09-22 09:56:34,GetHistory,FUTSTK_RELIANCE_29SEP2026_XX_0,NFO,15minute,51,2026-09-22 09:30:00,1251.0,121663000,327000,1254,
2026-09-22 09:56:35,GetHistory,OPTIDX_BANKNIFTY_29SEP2026_CE_56500,NFO,15minute,51,2026-09-22 09:30:00,511.05,730890,238170,966,
2026-09-22 09:56:36,GetHistory,OPTIDX_BANKNIFTY_29SEP2026_PE_56500,NFO,15minute,51,2026-09-22 09:30:00,271.2,887700,223470,1080,
2026-09-22 09:56:37,GetHistory,OPTIDX_NIFTY_22SEP2026_CE_23400,NFO,15minute,51,2026-09-22 09:30:00,82.5,16523390,33779135,590,
2026-09-22 09:56:42,GetHistory,OPTIDX_NIFTY_22SEP2026_PE_23400,NFO,15minute,51,2026-09-22 09:30:00,24.55,34807630,57904470,5122,
2026-09-22 09:56:44,GetHistory,HDFCBANK,NSE,15minute,53,2026-09-22 09:30:00,747.8,0,3351004,2188,
2026-09-22 09:56:47,GetHistory,RELIANCE,NSE,15minute,53,2026-09-22 09:30:00,1248.6,0,395196,2172,
2026-09-22 09:56:54,GetHistory,NIFTY 50,NSE_IDX,15minute,94,2026-09-22 09:30:00,23455.8,0,0,7293,
2026-09-22 09:56:57,GetHistory,NIFTY BANK,NSE_IDX,15minute,94,2026-09-22 09:30:00,56620.05,0,0,3606,
2026-09-22 09:56:58,GetHistory,NIFTY 50,NSE_IDX,1minute,33,2026-09-22 09:41:00,23451.55,0,0,648,
2026-09-22 09:57:02,GetHistory,RELIANCE,NSE,1minute,28,2026-09-22 09:42:00,1248.8,0,20519,3540,
2026-09-22 09:57:03,GetHistory,FUTIDX_NIFTY_29SEP2026_XX_0,NFO,1minute,28,2026-09-22 09:42:00,23467.0,16902080,4290,919,
2026-09-22 09:57:03,GetHistory,OPTIDX_NIFTY_22SEP2026_CE_23400,NFO,1minute,28,2026-09-22 09:42:00,82.8,16777995,2802605,935,
2026-09-22 09:57:32,GetExchangeSnapshot,NFO,NFO,1minute,3880,2026-09-22 09:42:00,3545,830016,3880,28676,
2026-09-22 09:57:56,GetExchangeSnapshot,NSE,NSE,1minute,1893,2026-09-22 09:42:00,1,356379,1893,23672,
2026-09-22 09:58:25,GetExchangeSnapshot,NFO,NFO,1minute,4058,2026-09-22 09:43:00,3689,867673,4058,29030,
2026-09-22 09:58:55,GetExchangeSnapshot,NFO,NFO,1minute,4058,2026-09-22 09:43:00,3689,867673,4058,29154,
2026-09-22 09:58:57,GetHistory,NIFTY 50,NSE_IDX,1minute,35,2026-09-22 09:43:00,23454.05,0,0,802,
2026-09-22 09:58:58,GetHistory,RELIANCE,NSE,1minute,29,2026-09-22 09:43:00,1248.0,0,14041,977,
2026-09-22 09:58:59,GetHistory,FUTIDX_NIFTY_29SEP2026_XX_0,NFO,1minute,29,2026-09-22 09:43:00,23459.0,16904095,15730,1102,
2026-09-22 09:59:00,GetHistory,OPTIDX_NIFTY_22SEP2026_CE_23400,NFO,1minute,29,2026-09-22 09:43:00,80.6,16458260,3132090,891,
2026-09-22 09:59:28,GetExchangeSnapshot,NFO,NFO,1minute,3827,2026-09-22 09:44:00,3487,818370,3827,28203,
2026-09-22 09:59:52,GetExchangeSnapshot,NSE,NSE,1minute,1870,2026-09-22 09:44:00,1,351931,1870,24134,
2026-09-22 10:00:22,GetExchangeSnapshot,NFO,NFO,1minute,3844,2026-09-22 09:45:00,3490,822385,3844,29697,
2026-09-22 10:00:27,GetHistory,FUTIDX_BANKNIFTY_29SEP2026_XX_0,NFO,15minute,51,2026-09-22 09:45:00,56730.2,1973490,7680,4589,
2026-09-22 10:00:28,GetHistory,FUTIDX_NIFTY_29SEP2026_XX_0,NFO,15minute,51,2026-09-22 09:45:00,23458.0,16908775,96395,1179,
2026-09-22 10:00:29,GetHistory,FUTSTK_RELIANCE_29SEP2026_XX_0,NFO,15minute,51,2026-09-22 09:45:00,1250.3,121710500,223000,1235,
2026-09-22 10:00:30,GetHistory,OPTIDX_BANKNIFTY_29SEP2026_CE_56500,NFO,15minute,51,2026-09-22 09:45:00,496.95,728880,176580,954,
2026-09-22 10:00:31,GetHistory,OPTIDX_BANKNIFTY_29SEP2026_PE_56500,NFO,15minute,51,2026-09-22 09:45:00,270.45,899880,164010,905,
2026-09-22 10:00:32,GetHistory,OPTIDX_NIFTY_22SEP2026_CE_23400,NFO,15minute,51,2026-09-22 09:45:00,80.55,17029155,23592335,796,
2026-09-22 10:00:38,GetHistory,OPTIDX_NIFTY_22SEP2026_PE_23400,NFO,15minute,51,2026-09-22 09:45:00,23.85,37603930,33961655,6533,
2026-09-22 10:00:40,GetHistory,HDFCBANK,NSE,15minute,53,2026-09-22 09:45:00,748.35,0,1605931,2076,
2026-09-22 10:00:42,GetHistory,RELIANCE,NSE,15minute,53,2026-09-22 09:45:00,1247.1,0,240964,2202,
2026-09-22 10:00:50,GetHistory,NIFTY 50,NSE_IDX,15minute,94,2026-09-22 09:45:00,23456.35,0,0,7526,
2026-09-22 10:00:53,GetHistory,NIFTY BANK,NSE_IDX,15minute,94,2026-09-22 09:45:00,56605.15,0,0,3432,
2026-09-22 10:01:22,GetExchangeSnapshot,NFO,NFO,1minute,3771,2026-09-22 09:46:00,3449,806603,3771,28588,
2026-09-22 10:01:23,GetHistory,FUTIDX_BANKNIFTY_29SEP2026_XX_0,NFO,15minute,51,2026-09-22 09:45:00,56730.2,1973490,7680,1134,
2026-09-22 10:01:25,GetHistory,FUTIDX_NIFTY_29SEP2026_XX_0,NFO,15minute,51,2026-09-22 09:45:00,23458.0,16908775,96395,1321,
2026-09-22 10:01:29,GetHistory,FUTSTK_RELIANCE_29SEP2026_XX_0,NFO,15minute,51,2026-09-22 09:45:00,1250.3,121710500,223000,4719,
2026-09-22 10:01:30,GetHistory,OPTIDX_BANKNIFTY_29SEP2026_CE_56500,NFO,15minute,51,2026-09-22 09:45:00,496.95,728880,176580,1110,
2026-09-22 10:01:31,GetHistory,OPTIDX_BANKNIFTY_29SEP2026_PE_56500,NFO,15minute,51,2026-09-22 09:45:00,270.45,899880,164010,965,
2026-09-22 10:01:32,GetHistory,OPTIDX_NIFTY_22SEP2026_CE_23400,NFO,15minute,51,2026-09-22 09:45:00,80.55,17029155,23592335,706,
2026-09-22 10:01:33,GetHistory,OPTIDX_NIFTY_22SEP2026_PE_23400,NFO,15minute,51,2026-09-22 09:45:00,23.85,37603930,33961655,1061,
2026-09-22 10:01:36,GetHistory,HDFCBANK,NSE,15minute,53,2026-09-22 09:45:00,748.35,0,1605931,2406,
2026-09-22 10:01:38,GetHistory,RELIANCE,NSE,15minute,53,2026-09-22 09:45:00,1247.1,0,240964,2078,
2026-09-22 10:01:44,GetHistory,NIFTY 50,NSE_IDX,15minute,94,2026-09-22 09:45:00,23456.35,0,0,6259,
2026-09-22 10:01:48,GetHistory,NIFTY BANK,NSE_IDX,15minute,94,2026-09-22 09:45:00,56605.15,0,0,3645,
2026-09-22 10:01:51,GetHistory,NIFTY 50,NSE_IDX,1minute,38,2026-09-22 09:46:00,23460.15,0,0,3222,
2026-09-22 10:01:52,GetHistory,RELIANCE,NSE,1minute,32,2026-09-22 09:46:00,1248.6,0,8021,788,
2026-09-22 10:01:53,GetHistory,FUTIDX_NIFTY_29SEP2026_XX_0,NFO,1minute,32,2026-09-22 09:46:00,23473.0,16905590,17680,1019,
2026-09-22 10:01:54,GetHistory,OPTIDX_NIFTY_22SEP2026_CE_23400,NFO,1minute,32,2026-09-22 09:46:00,82.25,16791255,1265030,907,
2026-09-22 10:02:22,GetExchangeSnapshot,NFO,NFO,1minute,3699,2026-09-22 09:47:00,3369,791475,3699,28677,
2026-09-22 10:02:46,GetExchangeSnapshot,NSE,NSE,1minute,1870,2026-09-22 09:47:00,1,351985,1870,23720,
2026-09-22 10:02:47,GetHistory,FUTIDX_BANKNIFTY_29SEP2026_XX_0,NFO,15minute,51,2026-09-22 09:45:00,56730.2,1973490,7680,1041,
2026-09-22 10:02:48,GetHistory,FUTIDX_NIFTY_29SEP2026_XX_0,NFO,15minute,51,2026-09-22 09:45:00,23458.0,16908775,96395,1217,
2026-09-22 10:02:49,GetHistory,FUTSTK_RELIANCE_29SEP2026_XX_0,NFO,15minute,51,2026-09-22 09:45:00,1250.3,121710500,223000,1123,
2026-09-22 10:02:50,GetHistory,OPTIDX_BANKNIFTY_29SEP2026_CE_56500,NFO,15minute,51,2026-09-22 09:45:00,496.95,728880,176580,987,
2026-09-22 10:03:01,GetHistory,FUTIDX_BANKNIFTY_29SEP2026_XX_0,NFO,15minute,51,2026-09-22 09:45:00,56730.2,1973490,7680,3126,
2026-09-22 10:03:05,GetHistory,FUTIDX_NIFTY_29SEP2026_XX_0,NFO,15minute,51,2026-09-22 09:45:00,23458.0,16908775,96395,4460,
2026-09-22 10:03:06,GetHistory,FUTSTK_RELIANCE_29SEP2026_XX_0,NFO,15minute,51,2026-09-22 09:45:00,1250.3,121710500,223000,1154,
2026-09-22 10:03:07,GetHistory,OPTIDX_BANKNIFTY_29SEP2026_CE_56500,NFO,15minute,51,2026-09-22 09:45:00,496.95,728880,176580,1091,
2026-09-22 10:03:08,GetHistory,OPTIDX_BANKNIFTY_29SEP2026_PE_56500,NFO,15minute,51,2026-09-22 09:45:00,270.45,899880,164010,978,
2026-09-22 10:03:09,GetHistory,OPTIDX_NIFTY_22SEP2026_CE_23400,NFO,15minute,51,2026-09-22 09:45:00,80.55,17029155,23592335,846,
2026-09-22 10:03:10,GetHistory,OPTIDX_NIFTY_22SEP2026_PE_23400,NFO,15minute,51,2026-09-22 09:45:00,23.85,37603930,33961655,859,
2026-09-22 10:03:13,GetHistory,HDFCBANK,NSE,15minute,53,2026-09-22 09:45:00,748.35,0,1605931,2498,
2026-09-22 10:03:17,GetHistory,RELIANCE,NSE,15minute,53,2026-09-22 09:45:00,1247.1,0,240964,4553,
2026-09-22 10:03:23,GetHistory,NIFTY 50,NSE_IDX,15minute,94,2026-09-22 09:45:00,23456.35,0,0,5893,
2026-09-22 10:03:27,GetHistory,NIFTY BANK,NSE_IDX,15minute,94,2026-09-22 09:45:00,56605.15,0,0,3644,
2026-09-22 10:03:28,GetHistory,NIFTY 50,NSE_IDX,1minute,40,2026-09-22 09:48:00,23455.7,0,0,1087,
2026-09-22 10:03:29,GetHistory,RELIANCE,NSE,1minute,34,2026-09-22 09:48:00,1248.3,0,15704,1273,
2026-09-22 10:03:30,GetHistory,FUTIDX_NIFTY_29SEP2026_XX_0,NFO,1minute,34,2026-09-22 09:48:00,23465.1,16910140,5460,854,
2026-09-22 10:03:31,GetHistory,OPTIDX_NIFTY_22SEP2026_CE_23400,NFO,1minute,34,2026-09-22 09:48:00,79.1,16650595,3069365,1541,
2026-09-22 10:03:59,GetExchangeSnapshot,NFO,NFO,1minute,3796,2026-09-22 09:48:00,3449,811755,3796,27442,
2026-09-22 10:04:23,GetExchangeSnapshot,NSE,NSE,1minute,1833,2026-09-22 09:49:00,1,344855,1833,23798,
2026-09-22 10:04:43,GetExchangeSnapshot,NFO,NFO,1minute,,,,,,20479,gdf: no reply within the timeout
2026-09-22 10:08:35,GetHistory,FUTIDX_BANKNIFTY_29SEP2026_XX_0,NFO,15minute,51,2026-09-22 09:45:00,56730.2,1973490,7680,1184,
2026-09-22 10:08:37,GetHistory,FUTIDX_NIFTY_29SEP2026_XX_0,NFO,15minute,51,2026-09-22 09:45:00,23458.0,16908775,96395,1319,
2026-09-22 10:08:38,GetHistory,FUTSTK_RELIANCE_29SEP2026_XX_0,NFO,15minute,51,2026-09-22 09:45:00,1250.3,121710500,223000,1141,
2026-09-22 10:08:43,GetHistory,OPTIDX_BANKNIFTY_29SEP2026_CE_56500,NFO,15minute,51,2026-09-22 09:45:00,496.95,728880,176580,4716,
2026-09-22 10:08:44,GetHistory,OPTIDX_BANKNIFTY_29SEP2026_PE_56500,NFO,15minute,51,2026-09-22 09:45:00,270.45,899880,164010,1064,
2026-09-22 10:08:44,GetHistory,OPTIDX_NIFTY_22SEP2026_CE_23400,NFO,15minute,51,2026-09-22 09:45:00,80.55,17029155,23592335,701,
2026-09-22 10:08:45,GetHistory,OPTIDX_NIFTY_22SEP2026_PE_23400,NFO,15minute,51,2026-09-22 09:45:00,23.85,37603930,33961655,953,
2026-09-22 10:08:48,GetHistory,HDFCBANK,NSE,15minute,53,2026-09-22 09:45:00,748.35,0,1605931,2516,
2026-09-22 10:08:50,GetHistory,RELIANCE,NSE,15minute,53,2026-09-22 09:45:00,1247.1,0,240964,2186,
2026-09-22 10:08:53,GetHistory,NIFTY 50,NSE_IDX,15minute,94,2026-09-22 09:45:00,23456.35,0,0,3485,
2026-09-22 10:08:58,GetHistory,NIFTY BANK,NSE_IDX,15minute,94,2026-09-22 09:45:00,56605.15,0,0,4816,
2026-09-22 10:08:59,GetHistory,NIFTY 50,NSE_IDX,1minute,45,2026-09-22 09:53:00,23457.95,0,0,505,
2026-09-22 10:09:00,GetHistory,RELIANCE,NSE,1minute,40,2026-09-22 09:54:00,1247.5,0,10088,1114,
2026-09-22 10:09:05,GetHistory,FUTIDX_BANKNIFTY_29SEP2026_XX_0,NFO,15minute,51,2026-09-22 09:45:00,56730.2,1973490,7680,2769,
2026-09-22 10:09:06,GetHistory,FUTIDX_NIFTY_29SEP2026_XX_0,NFO,15minute,51,2026-09-22 09:45:00,23458.0,16908775,96395,1111,
2026-09-22 10:09:07,GetHistory,FUTSTK_RELIANCE_29SEP2026_XX_0,NFO,15minute,51,2026-09-22 09:45:00,1250.3,121710500,223000,1234,
2026-09-22 10:09:08,GetHistory,OPTIDX_BANKNIFTY_29SEP2026_CE_56500,NFO,15minute,51,2026-09-22 09:45:00,496.95,728880,176580,1130,
2026-09-22 10:09:09,GetHistory,OPTIDX_BANKNIFTY_29SEP2026_PE_56500,NFO,15minute,51,2026-09-22 09:45:00,270.45,899880,164010,1038,
2026-09-22 10:09:10,GetHistory,OPTIDX_NIFTY_22SEP2026_CE_23400,NFO,15minute,51,2026-09-22 09:45:00,80.55,17029155,23592335,593,
2026-09-22 10:09:11,GetHistory,OPTIDX_NIFTY_22SEP2026_PE_23400,NFO,15minute,51,2026-09-22 09:45:00,23.85,37603930,33961655,1171,
2026-09-22 10:09:16,GetHistory,HDFCBANK,NSE,15minute,53,2026-09-22 09:45:00,748.35,0,1605931,5014,
2026-09-22 10:09:19,GetHistory,RELIANCE,NSE,15minute,53,2026-09-22 09:45:00,1247.1,0,240964,2732,
2026-09-22 10:09:23,GetHistory,NIFTY 50,NSE_IDX,15minute,94,2026-09-22 09:45:00,23456.35,0,0,3762,
2026-09-22 10:09:26,GetHistory,NIFTY BANK,NSE_IDX,15minute,94,2026-09-22 09:45:00,56605.15,0,0,3632,
2026-09-22 10:09:29,GetHistory,NIFTY 50,NSE_IDX,1minute,46,2026-09-22 09:54:00,23457.0,0,0,2641,
2026-09-22 10:09:29,GetHistory,RELIANCE,NSE,1minute,40,2026-09-22 09:54:00,1247.5,0,10088,518,
2026-09-22 10:09:30,GetHistory,FUTIDX_NIFTY_29SEP2026_XX_0,NFO,1minute,40,2026-09-22 09:54:00,23465.5,16906890,3705,988,
2026-09-22 10:09:32,GetHistory,OPTIDX_NIFTY_22SEP2026_CE_23400,NFO,1minute,40,2026-09-22 09:54:00,80.35,16744455,1121835,1084,
2026-09-22 10:09:42,GetHistory,FUTIDX_BANKNIFTY_29SEP2026_XX_0,NFO,15minute,51,2026-09-22 09:45:00,56730.2,1973490,7680,3000,
2026-09-22 10:09:44,GetHistory,FUTIDX_NIFTY_29SEP2026_XX_0,NFO,15minute,51,2026-09-22 09:45:00,23458.0,16908775,96395,1173,
2026-09-22 10:09:45,GetHistory,FUTSTK_RELIANCE_29SEP2026_XX_0,NFO,15minute,51,2026-09-22 09:45:00,1250.3,121710500,223000,1246,
2026-09-22 10:09:50,GetHistory,OPTIDX_BANKNIFTY_29SEP2026_CE_56500,NFO,15minute,51,2026-09-22 09:45:00,496.95,728880,176580,5046,
2026-09-22 10:09:51,GetHistory,OPTIDX_BANKNIFTY_29SEP2026_PE_56500,NFO,15minute,51,2026-09-22 09:45:00,270.45,899880,164010,1060,
2026-09-22 10:09:52,GetHistory,OPTIDX_NIFTY_22SEP2026_CE_23400,NFO,15minute,51,2026-09-22 09:45:00,80.55,17029155,23592335,704,
2026-09-22 10:09:53,GetHistory,OPTIDX_NIFTY_22SEP2026_PE_23400,NFO,15minute,51,2026-09-22 09:45:00,23.85,37603930,33961655,1064,
2026-09-22 10:09:55,GetHistory,HDFCBANK,NSE,15minute,53,2026-09-22 09:45:00,748.35,0,1605931,2404,
2026-09-22 10:09:57,GetHistory,RELIANCE,NSE,15minute,53,2026-09-22 09:45:00,1247.1,0,240964,2076,
2026-09-22 10:10:03,GetHistory,NIFTY 50,NSE_IDX,15minute,94,2026-09-22 09:45:00,23456.35,0,0,5975,
2026-09-22 10:10:10,GetHistory,NIFTY BANK,NSE_IDX,15minute,94,2026-09-22 09:45:00,56605.15,0,0,6431,
2026-09-22 10:10:10,GetHistory,NIFTY 50,NSE_IDX,1minute,47,2026-09-22 09:55:00,23453.45,0,0,539,
2026-09-22 10:10:11,GetHistory,RELIANCE,NSE,1minute,41,2026-09-22 09:55:00,1248.3,0,21038,866,
2026-09-22 10:10:12,GetHistory,FUTIDX_NIFTY_29SEP2026_XX_0,NFO,1minute,41,2026-09-22 09:55:00,23455.3,16907475,6240,1000,
2026-09-22 10:10:13,GetHistory,OPTIDX_NIFTY_22SEP2026_CE_23400,NFO,1minute,41,2026-09-22 09:55:00,79.05,16864965,1407380,1026,
2026-09-22 10:10:41,GetExchangeSnapshot,NFO,NFO,1minute,3424,2026-09-22 09:55:00,3112,732692,3424,27868,
2026-09-22 10:11:05,GetExchangeSnapshot,NSE,NSE,1minute,1770,2026-09-22 09:56:00,1,333205,1770,23969,
2026-09-22 10:11:34,GetExchangeSnapshot,NFO,NFO,1minute,3542,2026-09-22 09:56:00,3248,757519,3542,29228,
2026-09-22 10:12:04,GetExchangeSnapshot,NFO,NFO,1minute,3542,2026-09-22 09:56:00,3248,757519,3542,28632,
2026-09-22 10:12:05,GetHistory,NIFTY 50,NSE_IDX,1minute,49,2026-09-22 09:57:00,23451.55,0,0,521,
2026-09-22 10:12:06,GetHistory,RELIANCE,NSE,1minute,43,2026-09-22 09:57:00,1247.9,0,6243,970,
2026-09-22 10:12:07,GetHistory,FUTIDX_NIFTY_29SEP2026_XX_0,NFO,1minute,43,2026-09-22 09:57:00,23465.0,16908125,3705,980,
2026-09-22 10:12:08,GetHistory,OPTIDX_NIFTY_22SEP2026_CE_23400,NFO,1minute,43,2026-09-22 09:57:00,76.3,16913195,1397110,1045,
2026-09-22 10:12:38,GetExchangeSnapshot,NFO,NFO,1minute,3731,2026-09-22 09:57:00,3379,798078,3731,29720,
2026-09-22 10:13:02,GetExchangeSnapshot,NSE,NSE,1minute,1784,2026-09-22 09:57:00,1,335699,1784,23554,
2026-09-22 10:13:30,GetExchangeSnapshot,NFO,NFO,1minute,3583,2026-09-22 09:58:00,3278,766109,3583,27994,
2026-09-22 10:14:00,GetExchangeSnapshot,NFO,NFO,1minute,3583,2026-09-22 09:58:00,3278,766109,3583,28146,
2026-09-22 10:14:30,GetExchangeSnapshot,NFO,NFO,1minute,3586,2026-09-22 09:59:00,3252,766629,3586,27992,
2026-09-22 10:14:35,GetHistory,NIFTY 50,NSE_IDX,1minute,51,2026-09-22 09:59:00,23456.35,0,0,3713,
2026-09-22 10:14:36,GetHistory,RELIANCE,NSE,1minute,45,2026-09-22 09:59:00,1247.1,0,15272,532,
2026-09-22 10:14:37,GetHistory,FUTIDX_NIFTY_29SEP2026_XX_0,NFO,1minute,45,2026-09-22 09:59:00,23458.0,16908775,1885,981,
2026-09-22 10:14:38,GetHistory,OPTIDX_NIFTY_22SEP2026_CE_23400,NFO,1minute,45,2026-09-22 09:59:00,80.55,17029155,652860,1267,
2026-09-22 10:15:06,GetExchangeSnapshot,NFO,NFO,1minute,3586,2026-09-22 09:59:00,3252,766629,3586,28126,
2026-09-22 10:15:30,GetExchangeSnapshot,NSE,NSE,1minute,1902,2026-09-22 10:00:00,1,357711,1902,23816,
2026-09-22 10:15:32,GetHistory,FUTIDX_BANKNIFTY_29SEP2026_XX_0,NFO,15minute,51,2026-09-22 10:00:00,56750.0,1975110,5880,1829,
2026-09-22 10:15:33,GetHistory,FUTIDX_NIFTY_29SEP2026_XX_0,NFO,15minute,51,2026-09-22 10:00:00,23471.9,16906370,75400,1326,
2026-09-22 10:15:34,GetHistory,FUTSTK_RELIANCE_29SEP2026_XX_0,NFO,15minute,51,2026-09-22 10:00:00,1250.0,121696000,240500,1126,
2026-09-22 10:15:39,GetHistory,OPTIDX_BANKNIFTY_29SEP2026_CE_56500,NFO,15minute,51,2026-09-22 10:00:00,492.85,760980,180480,4650,
2026-09-22 10:15:40,GetHistory,OPTIDX_BANKNIFTY_29SEP2026_PE_56500,NFO,15minute,51,2026-09-22 10:00:00,271.35,897570,196830,1125,
2026-09-22 10:15:41,GetHistory,OPTIDX_NIFTY_22SEP2026_CE_23400,NFO,15minute,51,2026-09-22 10:00:00,82.4,16432845,23232105,595,
2026-09-22 10:15:42,GetHistory,OPTIDX_NIFTY_22SEP2026_PE_23400,NFO,15minute,51,2026-09-22 10:00:00,21.5,39369590,34996455,1058,
2026-09-22 10:15:44,GetHistory,HDFCBANK,NSE,15minute,53,2026-09-22 10:00:00,749.25,0,1828062,2534,
2026-09-22 10:15:46,GetHistory,RELIANCE,NSE,15minute,53,2026-09-22 10:00:00,1247.4,0,143971,2062,
2026-09-22 10:15:52,GetHistory,NIFTY 50,NSE_IDX,15minute,94,2026-09-22 10:00:00,23465.3,0,0,5745,
2026-09-22 10:15:57,GetHistory,NIFTY BANK,NSE_IDX,15minute,94,2026-09-22 10:00:00,56599.3,0,0,4510,
2026-09-22 10:16:25,GetExchangeSnapshot,NFO,NFO,1minute,3710,2026-09-22 10:01:00,3375,793845,3710,28748,
2026-09-22 10:16:54,GetExchangeSnapshot,NFO,NFO,1minute,3710,2026-09-22 10:01:00,3375,793845,3710,28793,
2026-09-22 10:16:57,GetHistory,FUTIDX_BANKNIFTY_29SEP2026_XX_0,NFO,15minute,51,2026-09-22 10:00:00,56750.0,1975110,5880,1255,
2026-09-22 10:17:00,GetHistory,FUTIDX_NIFTY_29SEP2026_XX_0,NFO,15minute,51,2026-09-22 10:00:00,23471.9,16906370,75400,2906,
2026-09-22 10:17:01,GetHistory,FUTSTK_RELIANCE_29SEP2026_XX_0,NFO,15minute,51,2026-09-22 10:00:00,1250.0,121696000,240500,1183,
2026-09-22 10:17:02,GetHistory,OPTIDX_BANKNIFTY_29SEP2026_CE_56500,NFO,15minute,51,2026-09-22 10:00:00,492.85,760980,180480,954,
2026-09-22 10:17:03,GetHistory,OPTIDX_BANKNIFTY_29SEP2026_PE_56500,NFO,15minute,51,2026-09-22 10:00:00,271.35,897570,196830,920,
2026-09-22 10:17:04,GetHistory,OPTIDX_NIFTY_22SEP2026_CE_23400,NFO,15minute,51,2026-09-22 10:00:00,82.4,16432845,23232105,889,
2026-09-22 10:17:05,GetHistory,OPTIDX_NIFTY_22SEP2026_PE_23400,NFO,15minute,51,2026-09-22 10:00:00,21.5,39369590,34996455,956,
2026-09-22 10:17:11,GetHistory,HDFCBANK,NSE,15minute,53,2026-09-22 10:00:00,749.25,0,1828062,6592,
2026-09-22 10:17:14,GetHistory,RELIANCE,NSE,15minute,53,2026-09-22 10:00:00,1247.4,0,143971,2174,
2026-09-22 10:17:17,GetHistory,NIFTY 50,NSE_IDX,15minute,94,2026-09-22 10:00:00,23465.3,0,0,3638,
2026-09-22 10:17:23,GetHistory,NIFTY BANK,NSE_IDX,15minute,94,2026-09-22 10:00:00,56599.3,0,0,5622,
2026-09-22 10:17:23,GetHistory,NIFTY 50,NSE_IDX,1minute,54,2026-09-22 10:02:00,23455.0,0,0,517,
2026-09-22 10:17:24,GetHistory,RELIANCE,NSE,1minute,48,2026-09-22 10:02:00,1246.6,0,9138,1104,
2026-09-22 10:17:25,GetHistory,FUTIDX_NIFTY_29SEP2026_XX_0,NFO,1minute,48,2026-09-22 10:02:00,23461.9,16906890,2795,858,
2026-09-22 10:17:26,GetHistory,OPTIDX_NIFTY_22SEP2026_CE_23400,NFO,1minute,48,2026-09-22 10:02:00,78.0,16392740,1535365,994,
2026-09-22 10:17:56,GetExchangeSnapshot,NFO,NFO,1minute,3884,2026-09-22 10:02:00,3537,830793,3884,29539,
2026-09-22 10:18:20,GetExchangeSnapshot,NSE,NSE,1minute,1792,2026-09-22 10:03:00,1,337143,1792,24605,
2026-09-22 10:18:49,GetExchangeSnapshot,NFO,NFO,1minute,3339,2026-09-22 10:03:00,3039,713994,3339,28247,
2026-09-22 10:27:03,GetHistory,FUTIDX_BANKNIFTY_29SEP2026_XX_0,NFO,15minute,51,2026-09-22 10:00:00,56750.0,1975110,5880,1232,
2026-09-22 10:27:04,GetHistory,FUTIDX_NIFTY_29SEP2026_XX_0,NFO,15minute,51,2026-09-22 10:00:00,23471.9,16906370,75400,1101,
2026-09-22 10:27:06,GetHistory,FUTSTK_RELIANCE_29SEP2026_XX_0,NFO,15minute,51,2026-09-22 10:00:00,1250.0,121696000,240500,1516,
2026-09-22 10:27:07,GetHistory,OPTIDX_BANKNIFTY_29SEP2026_CE_56500,NFO,15minute,51,2026-09-22 10:00:00,492.85,760980,180480,1094,
2026-09-22 10:27:08,GetHistory,OPTIDX_BANKNIFTY_29SEP2026_PE_56500,NFO,15minute,51,2026-09-22 10:00:00,271.35,897570,196830,987,
2026-09-22 10:27:13,GetHistory,OPTIDX_NIFTY_22SEP2026_CE_23400,NFO,15minute,51,2026-09-22 10:00:00,82.4,16432845,23232105,4873,
2026-09-22 10:27:14,GetHistory,OPTIDX_NIFTY_22SEP2026_PE_23400,NFO,15minute,51,2026-09-22 10:00:00,21.5,39369590,34996455,704,
2026-09-22 10:27:16,GetHistory,HDFCBANK,NSE,15minute,53,2026-09-22 10:00:00,749.25,0,1828062,2406,
2026-09-22 10:27:18,GetHistory,RELIANCE,NSE,15minute,53,2026-09-22 10:00:00,1247.4,0,143971,2081,
2026-09-22 10:27:22,GetHistory,NIFTY 50,NSE_IDX,15minute,94,2026-09-22 10:00:00,23465.3,0,0,3642,
2026-09-22 10:27:26,GetHistory,NIFTY BANK,NSE_IDX,15minute,94,2026-09-22 10:00:00,56599.3,0,0,3933,
2026-09-22 10:27:27,GetHistory,NIFTY 50,NSE_IDX,1minute,64,2026-09-22 10:12:00,23462.45,0,0,999,
2026-09-22 10:27:27,GetHistory,RELIANCE,NSE,1minute,58,2026-09-22 10:12:00,1247.2,0,7367,856,
2026-09-22 10:27:28,GetHistory,FUTIDX_NIFTY_29SEP2026_XX_0,NFO,1minute,58,2026-09-22 10:12:00,23474.0,16904420,3315,984,
2026-09-22 10:27:30,GetHistory,OPTIDX_NIFTY_22SEP2026_CE_23400,NFO,1minute,58,2026-09-22 10:12:00,82.85,16234010,1452230,1092,
2026-09-22 10:27:57,GetExchangeSnapshot,NFO,NFO,1minute,3304,2026-09-22 10:12:00,3004,706524,3304,27361,
2026-09-22 10:28:21,GetExchangeSnapshot,NSE,NSE,1minute,1748,2026-09-22 10:13:00,1,328876,1748,24334,
2026-09-22 10:28:48,GetExchangeSnapshot,NFO,NFO,1minute,3212,2026-09-22 10:13:00,2934,686702,3212,27011,
2026-09-22 10:29:20,GetExchangeSnapshot,NFO,NFO,1minute,3171,2026-09-22 10:14:00,2893,677851,3171,28254,
2026-09-22 10:29:23,GetHistory,NIFTY 50,NSE_IDX,1minute,66,2026-09-22 10:14:00,23465.3,0,0,1401,
2026-09-22 10:29:24,GetHistory,RELIANCE,NSE,1minute,60,2026-09-22 10:14:00,1247.4,0,7768,862,
2026-09-22 10:29:25,GetHistory,FUTIDX_NIFTY_29SEP2026_XX_0,NFO,1minute,60,2026-09-22 10:14:00,23471.9,16906370,1560,1525,
2026-09-22 10:29:29,GetHistory,OPTIDX_NIFTY_22SEP2026_CE_23400,NFO,1minute,60,2026-09-22 10:14:00,82.4,16432845,1041690,4041,
2026-09-22 10:29:56,GetExchangeSnapshot,NFO,NFO,1minute,3171,2026-09-22 10:14:00,2893,677851,3171,27216,
2026-09-22 10:30:21,GetExchangeSnapshot,NSE,NSE,1minute,1803,2026-09-22 10:15:00,1,339385,1803,24228,
2026-09-22 10:30:24,GetHistory,FUTIDX_BANKNIFTY_29SEP2026_XX_0,NFO,15minute,51,2026-09-22 10:15:00,56683.0,1984110,23670,3549,
2026-09-22 10:30:25,GetHistory,FUTIDX_NIFTY_29SEP2026_XX_0,NFO,15minute,51,2026-09-22 10:15:00,23446.7,16914885,71370,1264,
2026-09-22 10:30:27,GetHistory,FUTSTK_RELIANCE_29SEP2026_XX_0,NFO,15minute,51,2026-09-22 10:15:00,1252.3,121677500,252000,1124,
2026-09-22 10:30:28,GetHistory,OPTIDX_BANKNIFTY_29SEP2026_CE_56500,NFO,15minute,51,2026-09-22 10:15:00,449.2,818760,310290,1094,
2026-09-22 10:30:29,GetHistory,OPTIDX_BANKNIFTY_29SEP2026_PE_56500,NFO,15minute,51,2026-09-22 10:15:00,293.1,887100,360960,968,
2026-09-22 10:30:29,GetHistory,OPTIDX_NIFTY_22SEP2026_CE_23400,NFO,15minute,51,2026-09-22 10:15:00,66.95,18937815,27925690,701,
2026-09-22 10:30:30,GetHistory,OPTIDX_NIFTY_22SEP2026_PE_23400,NFO,15minute,51,2026-09-22 10:15:00,28.8,39548925,56442815,1063,
2026-09-22 10:30:38,GetHistory,HDFCBANK,NSE,15minute,53,2026-09-22 10:15:00,747.25,0,1374612,7392,
2026-09-22 10:30:40,GetHistory,RELIANCE,NSE,15minute,53,2026-09-22 10:15:00,1249.9,0,644316,2124,
2026-09-22 10:30:48,GetHistory,NIFTY 50,NSE_IDX,15minute,94,2026-09-22 10:15:00,23437.3,0,0,7668,
2026-09-22 10:30:51,GetHistory,NIFTY BANK,NSE_IDX,15minute,94,2026-09-22 10:15:00,56514.9,0,0,3501,
2026-09-22 10:31:20,GetExchangeSnapshot,NFO,NFO,1minute,3304,2026-09-22 10:16:00,3005,706871,3304,29305,
2026-09-22 10:31:22,GetHistory,FUTIDX_BANKNIFTY_29SEP2026_XX_0,NFO,15minute,51,2026-09-22 10:15:00,56683.0,1984110,23670,1228,
2026-09-22 10:31:23,GetHistory,FUTIDX_NIFTY_29SEP2026_XX_0,NFO,15minute,51,2026-09-22 10:15:00,23446.7,16914885,71370,1200,
2026-09-22 10:31:24,GetHistory,FUTSTK_RELIANCE_29SEP2026_XX_0,NFO,15minute,51,2026-09-22 10:15:00,1252.3,121677500,252000,1124,
2026-09-22 10:31:25,GetHistory,OPTIDX_BANKNIFTY_29SEP2026_CE_56500,NFO,15minute,51,2026-09-22 10:15:00,449.2,818760,310290,1094,
2026-09-22 10:31:26,GetHistory,OPTIDX_BANKNIFTY_29SEP2026_PE_56500,NFO,15minute,51,2026-09-22 10:15:00,293.1,887100,360960,1086,
2026-09-22 10:31:32,GetHistory,OPTIDX_NIFTY_22SEP2026_CE_23400,NFO,15minute,51,2026-09-22 10:15:00,66.95,18937815,27925690,5118,
2026-09-22 10:31:32,GetHistory,OPTIDX_NIFTY_22SEP2026_PE_23400,NFO,15minute,51,2026-09-22 10:15:00,28.8,39548925,56442815,687,
2026-09-22 10:31:35,GetHistory,HDFCBANK,NSE,15minute,53,2026-09-22 10:15:00,747.25,0,1374612,2532,
2026-09-22 10:31:40,GetHistory,RELIANCE,NSE,15minute,53,2026-09-22 10:15:00,1249.9,0,644316,5374,
2026-09-22 10:31:44,GetHistory,NIFTY 50,NSE_IDX,15minute,94,2026-09-22 10:15:00,23437.3,0,0,3587,
2026-09-22 10:31:48,GetHistory,NIFTY BANK,NSE_IDX,15minute,94,2026-09-22 10:15:00,56514.9,0,0,3730,
2026-09-22 10:32:15,GetExchangeSnapshot,NFO,NFO,1minute,3183,2026-09-22 10:17:00,2922,680437,3183,27938,
2026-09-22 10:32:16,GetHistory,NIFTY 50,NSE_IDX,1minute,69,2026-09-22 10:17:00,23460.15,0,0,912,
2026-09-22 10:32:17,GetHistory,RELIANCE,NSE,1minute,63,2026-09-22 10:17:00,1248.9,0,31408,958,
2026-09-22 10:32:23,GetHistory,FUTIDX_NIFTY_29SEP2026_XX_0,NFO,1minute,63,2026-09-22 10:17:00,23469.8,16906240,910,5149,
2026-09-22 10:32:23,GetHistory,OPTIDX_NIFTY_22SEP2026_CE_23400,NFO,1minute,63,2026-09-22 10:17:00,79.75,16689335,967850,765,
2026-09-22 10:32:51,GetExchangeSnapshot,NFO,NFO,1minute,3183,2026-09-22 10:17:00,2922,680437,3183,28038,
2026-09-22 10:32:57,GetHistory,FUTIDX_BANKNIFTY_29SEP2026_XX_0,NFO,15minute,51,2026-09-22 10:15:00,56683.0,1984110,23670,2916,
2026-09-22 10:32:58,GetHistory,FUTIDX_NIFTY_29SEP2026_XX_0,NFO,15minute,51,2026-09-22 10:15:00,23446.7,16914885,71370,1422,
2026-09-22 10:33:00,GetHistory,FUTSTK_RELIANCE_29SEP2026_XX_0,NFO,15minute,51,2026-09-22 10:15:00,1252.3,121677500,252000,1123,
2026-09-22 10:33:04,GetHistory,OPTIDX_BANKNIFTY_29SEP2026_CE_56500,NFO,15minute,51,2026-09-22 10:15:00,449.2,818760,310290,4716,
2026-09-22 10:33:05,GetHistory,OPTIDX_BANKNIFTY_29SEP2026_PE_56500,NFO,15minute,51,2026-09-22 10:15:00,293.1,887100,360960,955,
2026-09-22 10:33:06,GetHistory,OPTIDX_NIFTY_22SEP2026_CE_23400,NFO,15minute,51,2026-09-22 10:15:00,66.95,18937815,27925690,702,
2026-09-22 10:33:07,GetHistory,OPTIDX_NIFTY_22SEP2026_PE_23400,NFO,15minute,51,2026-09-22 10:15:00,28.8,39548925,56442815,957,
2026-09-22 10:33:09,GetHistory,HDFCBANK,NSE,15minute,53,2026-09-22 10:15:00,747.25,0,1374612,2520,
2026-09-22 10:33:11,GetHistory,RELIANCE,NSE,15minute,53,2026-09-22 10:15:00,1249.9,0,644316,2073,
2026-09-22 10:33:21,GetHistory,NIFTY 50,NSE_IDX,15minute,94,2026-09-22 10:15:00,23437.3,0,0,9248,
2026-09-22 10:33:28,GetHistory,NIFTY BANK,NSE_IDX,15minute,94,2026-09-22 10:15:00,56514.9,0,0,6974,
2026-09-22 10:33:28,GetHistory,NIFTY 50,NSE_IDX,1minute,70,2026-09-22 10:18:00,23460.15,0,0,792,
2026-09-22 10:33:30,GetHistory,RELIANCE,NSE,1minute,64,2026-09-22 10:18:00,1250.0,0,64213,2002,
2026-09-22 10:33:31,GetHistory,FUTIDX_NIFTY_29SEP2026_XX_0,NFO,1minute,64,2026-09-22 10:18:00,23469.2,16906435,975,667,
2026-09-22 10:33:32,GetHistory,OPTIDX_NIFTY_22SEP2026_CE_23400,NFO,1minute,64,2026-09-22 10:18:00,80.9,16797430,902265,1131,
2026-09-22 10:34:00,GetExchangeSnapshot,NFO,NFO,1minute,3263,2026-09-22 10:18:00,2977,698252,3263,27619,
2026-09-22 10:34:24,GetExchangeSnapshot,NSE,NSE,1minute,1776,2026-09-22 10:19:00,1,334069,1776,24178,
2026-09-22 10:34:52,GetExchangeSnapshot,NFO,NFO,1minute,3225,2026-09-22 10:19:00,2931,690050,3225,27663,
2026-09-22 10:41:19,GetHistory,FUTIDX_BANKNIFTY_29SEP2026_XX_0,NFO,15minute,51,2026-09-22 10:15:00,56683.0,1984110,23670,1771,
2026-09-22 10:41:21,GetHistory,FUTIDX_NIFTY_29SEP2026_XX_0,NFO,15minute,51,2026-09-22 10:15:00,23446.7,16914885,71370,1303,
2026-09-22 10:41:26,GetHistory,FUTSTK_RELIANCE_29SEP2026_XX_0,NFO,15minute,51,2026-09-22 10:15:00,1252.3,121677500,252000,5644,
2026-09-22 10:41:27,GetHistory,OPTIDX_BANKNIFTY_29SEP2026_CE_56500,NFO,15minute,51,2026-09-22 10:15:00,449.2,818760,310290,1058,
2026-09-22 10:41:29,GetHistory,OPTIDX_BANKNIFTY_29SEP2026_PE_56500,NFO,15minute,51,2026-09-22 10:15:00,293.1,887100,360960,1109,
2026-09-22 10:41:29,GetHistory,OPTIDX_NIFTY_22SEP2026_CE_23400,NFO,15minute,51,2026-09-22 10:15:00,66.95,18937815,27925690,685,
2026-09-22 10:41:30,GetHistory,OPTIDX_NIFTY_22SEP2026_PE_23400,NFO,15minute,51,2026-09-22 10:15:00,28.8,39548925,56442815,1048,
2026-09-22 10:41:35,GetHistory,HDFCBANK,NSE,15minute,53,2026-09-22 10:15:00,747.25,0,1374612,5219,
2026-09-22 10:41:40,GetHistory,FUTIDX_BANKNIFTY_29SEP2026_XX_0,NFO,15minute,51,2026-09-22 10:15:00,56683.0,1984110,23670,2916,
2026-09-22 10:41:42,GetHistory,FUTIDX_NIFTY_29SEP2026_XX_0,NFO,15minute,51,2026-09-22 10:15:00,23446.7,16914885,71370,1312,
2026-09-22 10:41:46,GetHistory,FUTSTK_RELIANCE_29SEP2026_XX_0,NFO,15minute,51,2026-09-22 10:15:00,1252.3,121677500,252000,4793,
2026-09-22 10:41:47,GetHistory,OPTIDX_BANKNIFTY_29SEP2026_CE_56500,NFO,15minute,51,2026-09-22 10:15:00,449.2,818760,310290,938,
2026-09-22 10:41:48,GetHistory,OPTIDX_BANKNIFTY_29SEP2026_PE_56500,NFO,15minute,51,2026-09-22 10:15:00,293.1,887100,360960,1062,
2026-09-22 10:41:49,GetHistory,OPTIDX_NIFTY_22SEP2026_CE_23400,NFO,15minute,51,2026-09-22 10:15:00,66.95,18937815,27925690,703,
2026-09-22 10:41:50,GetHistory,OPTIDX_NIFTY_22SEP2026_PE_23400,NFO,15minute,51,2026-09-22 10:15:00,28.8,39548925,56442815,1062,
2026-09-22 10:41:52,GetHistory,HDFCBANK,NSE,15minute,53,2026-09-22 10:15:00,747.25,0,1374612,2413,
2026-09-22 10:41:55,GetHistory,RELIANCE,NSE,15minute,53,2026-09-22 10:15:00,1249.9,0,644316,2195,
2026-09-22 10:42:00,GetHistory,NIFTY 50,NSE_IDX,15minute,94,2026-09-22 10:15:00,23437.3,0,0,5163,
2026-09-22 10:42:05,GetHistory,NIFTY BANK,NSE_IDX,15minute,94,2026-09-22 10:15:00,56514.9,0,0,5223,
2026-09-22 10:42:09,GetHistory,NIFTY 50,NSE_IDX,1minute,79,2026-09-22 10:27:00,23437.1,0,0,4293,
2026-09-22 10:42:10,GetHistory,RELIANCE,NSE,1minute,73,2026-09-22 10:27:00,1250.2,0,34331,782,
2026-09-22 10:42:11,GetHistory,FUTIDX_NIFTY_29SEP2026_XX_0,NFO,1minute,73,2026-09-22 10:27:00,23445.5,16915015,3965,1093,
2026-09-22 10:42:12,GetHistory,OPTIDX_NIFTY_22SEP2026_CE_23400,NFO,1minute,73,2026-09-22 10:27:00,67.4,18407155,1771965,1036,
2026-09-22 10:42:42,GetExchangeSnapshot,NFO,NFO,1minute,3496,2026-09-22 10:27:00,3186,747715,3496,29324,
2026-09-22 10:43:05,GetExchangeSnapshot,NSE,NSE,1minute,1722,2026-09-22 10:28:00,1,323782,1722,23727,
2026-09-22 10:43:34,GetExchangeSnapshot,NFO,NFO,1minute,3229,2026-09-22 10:28:00,2942,690666,3229,28862,
2026-09-22 10:44:03,GetExchangeSnapshot,NFO,NFO,1minute,3229,2026-09-22 10:28:00,2942,690666,3229,27447,
2026-09-22 10:44:09,GetHistory,NIFTY 50,NSE_IDX,1minute,81,2026-09-22 10:29:00,23437.3,0,0,781,
2026-09-22 10:44:09,GetHistory,RELIANCE,NSE,1minute,75,2026-09-22 10:29:00,1249.9,0,37083,688,
2026-09-22 10:44:11,GetHistory,FUTIDX_NIFTY_29SEP2026_XX_0,NFO,1minute,75,2026-09-22 10:29:00,23446.7,16914885,6045,1428,
2026-09-22 10:44:12,GetHistory,OPTIDX_NIFTY_22SEP2026_CE_23400,NFO,1minute,75,2026-09-22 10:29:00,66.95,18937815,2118155,665,
2026-09-22 10:44:40,GetExchangeSnapshot,NFO,NFO,1minute,3151,2026-09-22 10:29:00,2871,674075,3151,28168,
2026-09-22 10:45:04,GetExchangeSnapshot,NSE,NSE,1minute,1827,2026-09-22 10:30:00,1,343854,1827,24448,
2026-09-22 10:45:07,GetHistory,FUTIDX_BANKNIFTY_29SEP2026_XX_0,NFO,15minute,51,2026-09-22 10:30:00,56521.0,1995450,27480,2735,
2026-09-22 10:45:08,GetHistory,FUTIDX_NIFTY_29SEP2026_XX_0,NFO,15minute,51,2026-09-22 10:30:00,23385.4,16979690,245245,1210,
2026-09-22 10:45:13,GetHistory,FUTSTK_RELIANCE_29SEP2026_XX_0,NFO,15minute,51,2026-09-22 10:30:00,1251.0,121660000,307500,4455,
2026-09-22 10:45:16,GetHistory,OPTIDX_BANKNIFTY_29SEP2026_CE_56500,NFO,15minute,51,2026-09-22 10:30:00,384.3,912180,543210,3439,
2026-09-22 10:45:17,GetHistory,OPTIDX_BANKNIFTY_29SEP2026_PE_56500,NFO,15minute,51,2026-09-22 10:30:00,385.4,789840,945660,984,
2026-09-22 10:45:18,GetHistory,OPTIDX_NIFTY_22SEP2026_CE_23400,NFO,15minute,51,2026-09-22 10:30:00,40.55,28346370,71553950,700,
2026-09-22 10:45:19,GetHistory,OPTIDX_NIFTY_22SEP2026_PE_23400,NFO,15minute,51,2026-09-22 10:30:00,61.2,24791130,142167350,1063,
2026-09-22 10:45:21,GetHistory,HDFCBANK,NSE,15minute,53,2026-09-22 10:30:00,745.55,0,1283600,2407,
2026-09-22 10:45:28,GetHistory,RELIANCE,NSE,15minute,53,2026-09-22 10:30:00,1248.4,0,472681,6716,
2026-09-22 10:45:32,GetHistory,NIFTY 50,NSE_IDX,15minute,94,2026-09-22 10:30:00,23383.2,0,0,3573,
2026-09-22 10:45:39,GetHistory,NIFTY BANK,NSE_IDX,15minute,94,2026-09-22 10:30:00,56374.95,0,0,7579,
2026-09-22 10:46:08,GetExchangeSnapshot,NFO,NFO,1minute,3858,2026-09-22 10:31:00,3531,825528,3858,28543,
2026-09-22 10:46:11,GetHistory,FUTIDX_BANKNIFTY_29SEP2026_XX_0,NFO,15minute,51,2026-09-22 10:30:00,56521.0,1995450,27480,3604,
2026-09-22 10:46:13,GetHistory,FUTIDX_NIFTY_29SEP2026_XX_0,NFO,15minute,51,2026-09-22 10:30:00,23385.4,16979690,245245,1234,
2026-09-22 10:46:14,GetHistory,FUTSTK_RELIANCE_29SEP2026_XX_0,NFO,15minute,51,2026-09-22 10:30:00,1251.0,121660000,307500,1125,
2026-09-22 10:46:15,GetHistory,OPTIDX_BANKNIFTY_29SEP2026_CE_56500,NFO,15minute,51,2026-09-22 10:30:00,384.3,912180,543210,1092,
2026-09-22 10:46:16,GetHistory,OPTIDX_BANKNIFTY_29SEP2026_PE_56500,NFO,15minute,51,2026-09-22 10:30:00,385.4,789840,945660,970,
2026-09-22 10:46:17,GetHistory,OPTIDX_NIFTY_22SEP2026_CE_23400,NFO,15minute,51,2026-09-22 10:30:00,40.55,28346370,71553950,704,
2026-09-22 10:46:21,GetHistory,OPTIDX_NIFTY_22SEP2026_PE_23400,NFO,15minute,51,2026-09-22 10:30:00,61.2,24791130,142167350,4091,
2026-09-22 10:46:23,GetHistory,HDFCBANK,NSE,15minute,53,2026-09-22 10:30:00,745.55,0,1283600,2108,
2026-09-22 10:46:25,GetHistory,RELIANCE,NSE,15minute,53,2026-09-22 10:30:00,1248.4,0,472681,2079,
2026-09-22 10:46:29,GetHistory,NIFTY 50,NSE_IDX,15minute,94,2026-09-22 10:30:00,23383.2,0,0,3598,
2026-09-22 10:46:36,GetHistory,NIFTY BANK,NSE_IDX,15minute,94,2026-09-22 10:30:00,56374.95,0,0,7422,
2026-09-22 10:47:05,GetExchangeSnapshot,NFO,NFO,1minute,3858,2026-09-22 10:31:00,3531,825528,3858,28784,
2026-09-22 10:47:06,GetHistory,NIFTY 50,NSE_IDX,1minute,84,2026-09-22 10:32:00,23420.25,0,0,1226,
2026-09-22 10:47:07,GetHistory,RELIANCE,NSE,1minute,78,2026-09-22 10:32:00,1248.3,0,7725,770,
2026-09-22 10:47:08,GetHistory,FUTIDX_NIFTY_29SEP2026_XX_0,NFO,1minute,78,2026-09-22 10:32:00,23423.0,16937050,14300,917,
2026-09-22 10:47:09,GetHistory,OPTIDX_NIFTY_22SEP2026_CE_23400,NFO,1minute,78,2026-09-22 10:32:00,55.3,20111455,2783170,1043,
2026-09-22 10:47:37,GetExchangeSnapshot,NFO,NFO,1minute,3395,2026-09-22 10:32:00,3104,726446,3395,27907,
2026-09-22 10:48:00,GetExchangeSnapshot,NSE,NSE,1minute,1708,2026-09-22 10:32:00,1,321311,1708,23778,
2026-09-22 10:48:29,GetExchangeSnapshot,NFO,NFO,1minute,3624,2026-09-22 10:33:00,3306,775405,3624,28409,
2026-09-22 10:49:32,GetHistory,NIFTY 50,NSE_IDX,1minute,86,2026-09-22 10:34:00,23422.35,0,0,847,
2026-09-22 10:49:33,GetHistory,RELIANCE,NSE,1minute,80,2026-09-22 10:34:00,1249.1,0,51111,697,
2026-09-22 10:49:34,GetHistory,FUTIDX_NIFTY_29SEP2026_XX_0,NFO,1minute,80,2026-09-22 10:34:00,23426.6,16951675,6175,1344,
2026-09-22 10:49:39,GetHistory,OPTIDX_NIFTY_22SEP2026_CE_23400,NFO,1minute,80,2026-09-22 10:34:00,56.4,21144955,3443830,4342,
2026-09-22 10:50:07,GetExchangeSnapshot,NFO,NFO,1minute,3521,2026-09-22 10:34:00,3229,753157,3521,27784,
2026-09-22 10:50:31,GetExchangeSnapshot,NSE,NSE,1minute,1807,2026-09-22 10:35:00,1,339827,1807,24682,
2026-09-22 10:51:00,GetExchangeSnapshot,NFO,NFO,1minute,3598,2026-09-22 10:35:00,3299,769852,3598,28467,
2026-09-22 10:51:30,GetExchangeSnapshot,NFO,NFO,1minute,3362,2026-09-22 10:36:00,3068,719196,3362,28301,
2026-09-22 10:51:32,GetHistory,FUTIDX_BANKNIFTY_29SEP2026_XX_0,NFO,15minute,51,2026-09-22 10:30:00,56521.0,1995450,27480,1221,
2026-09-22 10:51:37,GetHistory,FUTIDX_NIFTY_29SEP2026_XX_0,NFO,15minute,51,2026-09-22 10:30:00,23385.4,16979690,245245,4095,
2026-09-22 10:51:38,GetHistory,FUTSTK_RELIANCE_29SEP2026_XX_0,NFO,15minute,51,2026-09-22 10:30:00,1251.0,121660000,307500,1278,
2026-09-22 10:51:39,GetHistory,OPTIDX_BANKNIFTY_29SEP2026_CE_56500,NFO,15minute,51,2026-09-22 10:30:00,384.3,912180,543210,889,
2026-09-22 10:51:40,GetHistory,OPTIDX_BANKNIFTY_29SEP2026_PE_56500,NFO,15minute,51,2026-09-22 10:30:00,385.4,789840,945660,1172,
2026-09-22 10:51:41,GetHistory,OPTIDX_NIFTY_22SEP2026_CE_23400,NFO,15minute,51,2026-09-22 10:30:00,40.55,28346370,71553950,700,
2026-09-22 10:51:42,GetHistory,OPTIDX_NIFTY_22SEP2026_PE_23400,NFO,15minute,51,2026-09-22 10:30:00,61.2,24791130,142167350,1314,
2026-09-22 10:51:44,GetHistory,HDFCBANK,NSE,15minute,53,2026-09-22 10:30:00,745.55,0,1283600,2499,
2026-09-22 10:51:48,GetHistory,RELIANCE,NSE,15minute,53,2026-09-22 10:30:00,1248.4,0,472681,3407,
2026-09-22 10:51:51,GetHistory,NIFTY 50,NSE_IDX,15minute,94,2026-09-22 10:30:00,23383.2,0,0,3663,
2026-09-22 10:51:56,GetHistory,NIFTY BANK,NSE_IDX,15minute,94,2026-09-22 10:30:00,56374.95,0,0,4094,
2026-09-22 10:52:24,GetExchangeSnapshot,NFO,NFO,1minute,3135,2026-09-22 10:37:00,2874,670942,3135,28908,
2026-09-22 10:52:27,GetHistory,NIFTY 50,NSE_IDX,1minute,89,2026-09-22 10:37:00,23413.6,0,0,2306,
2026-09-22 10:52:28,GetHistory,RELIANCE,NSE,1minute,83,2026-09-22 10:37:00,1248.7,0,9104,701,
2026-09-22 10:52:30,GetHistory,FUTIDX_NIFTY_29SEP2026_XX_0,NFO,1minute,83,2026-09-22 10:37:00,23425.0,16965065,4615,1957,
2026-09-22 10:52:30,GetHistory,OPTIDX_NIFTY_22SEP2026_CE_23400,NFO,1minute,83,2026-09-22 10:37:00,53.1,23672155,2910895,936,
2026-09-22 10:53:10,GetHistory,FUTIDX_BANKNIFTY_29SEP2026_XX_0,NFO,15minute,51,2026-09-22 10:30:00,56521.0,1995450,27480,2148,
2026-09-22 10:53:11,GetHistory,FUTIDX_NIFTY_29SEP2026_XX_0,NFO,15minute,51,2026-09-22 10:30:00,23385.4,16979690,245245,1133,
2026-09-22 10:53:13,GetHistory,FUTSTK_RELIANCE_29SEP2026_XX_0,NFO,15minute,51,2026-09-22 10:30:00,1251.0,121660000,307500,1093,
2026-09-22 10:53:14,GetHistory,OPTIDX_BANKNIFTY_29SEP2026_CE_56500,NFO,15minute,51,2026-09-22 10:30:00,384.3,912180,543210,1076,
2026-09-22 10:53:15,GetHistory,OPTIDX_BANKNIFTY_29SEP2026_PE_56500,NFO,15minute,51,2026-09-22 10:30:00,385.4,789840,945660,966,
2026-09-22 10:53:15,GetHistory,OPTIDX_NIFTY_22SEP2026_CE_23400,NFO,15minute,51,2026-09-22 10:30:00,40.55,28346370,71553950,596,
2026-09-22 10:53:16,GetHistory,OPTIDX_NIFTY_22SEP2026_PE_23400,NFO,15minute,51,2026-09-22 10:30:00,61.2,24791130,142167350,1167,
2026-09-22 10:53:22,GetHistory,HDFCBANK,NSE,15minute,53,2026-09-22 10:30:00,745.55,0,1283600,6094,
2026-09-22 10:53:25,GetHistory,RELIANCE,NSE,15minute,53,2026-09-22 10:30:00,1248.4,0,472681,2300,
2026-09-22 10:53:31,GetHistory,NIFTY 50,NSE_IDX,15minute,94,2026-09-22 10:30:00,23383.2,0,0,6025,
2026-09-22 10:53:35,GetHistory,NIFTY BANK,NSE_IDX,15minute,94,2026-09-22 10:30:00,56374.95,0,0,4156,
2026-09-22 10:53:36,GetHistory,NIFTY 50,NSE_IDX,1minute,90,2026-09-22 10:38:00,23406.05,0,0,1093,
2026-09-22 10:53:37,GetHistory,RELIANCE,NSE,1minute,84,2026-09-22 10:38:00,1248.5,0,9866,772,
2026-09-22 10:53:42,GetHistory,FUTIDX_NIFTY_29SEP2026_XX_0,NFO,1minute,84,2026-09-22 10:38:00,23420.0,16965975,4225,5569,
2026-09-22 10:53:43,GetHistory,OPTIDX_NIFTY_22SEP2026_CE_23400,NFO,1minute,84,2026-09-22 10:38:00,51.3,24382995,2466815,815,
2026-09-22 10:54:27,GetExchangeSnapshot,NFO,NFO,1minute,3521,2026-09-22 10:39:00,3199,753277,3521,44018,
2026-09-22 10:54:54,GetExchangeSnapshot,NSE,NSE,1minute,1810,2026-09-22 10:39:00,1,340613,1810,27312,
2026-09-22 10:55:10,GetHistory,NIFTY 50,NSE_IDX,1minute,92,2026-09-22 10:40:00,23405.85,0,0,2982,
2026-09-22 10:55:11,GetHistory,RELIANCE,NSE,1minute,86,2026-09-22 10:40:00,1248.6,0,77859,1255,
2026-09-22 10:55:13,GetHistory,FUTIDX_NIFTY_29SEP2026_XX_0,NFO,1minute,86,2026-09-22 10:40:00,23420.0,16970980,14755,1639,
2026-09-22 10:55:17,GetHistory,OPTIDX_NIFTY_22SEP2026_CE_23400,NFO,1minute,86,2026-09-22 10:40:00,51.2,26218790,3838055,3937,
2026-09-22 10:55:49,GetExchangeSnapshot,NFO,NFO,1minute,3310,2026-09-22 10:40:00,3003,708228,3310,31511,
2026-09-22 10:57:33,GetHistory,NIFTY 50,NSE_IDX,1minute,94,2026-09-22 10:42:00,23385.6,0,0,1594,
2026-09-22 10:57:34,GetHistory,RELIANCE,NSE,1minute,88,2026-09-22 10:42:00,1247.5,0,13861,1024,
2026-09-22 10:57:39,GetHistory,FUTIDX_NIFTY_29SEP2026_XX_0,NFO,1minute,88,2026-09-22 10:42:00,23400.0,16978585,45825,4892,
2026-09-22 10:57:41,GetHistory,OPTIDX_NIFTY_22SEP2026_CE_23400,NFO,1minute,88,2026-09-22 10:42:00,42.2,26580580,12997920,2042,
2026-09-22 10:58:10,GetExchangeSnapshot,NFO,NFO,1minute,4050,2026-09-22 10:43:00,3720,866205,4050,29866,
2026-09-22 10:58:35,GetExchangeSnapshot,NSE,NSE,1minute,1762,2026-09-22 10:43:00,1,331551,1762,24974,
2026-09-22 10:59:01,GetHistory,FUTIDX_BANKNIFTY_29SEP2026_XX_0,NFO,15minute,51,2026-09-22 10:30:00,56521.0,1995450,27480,4534,
2026-09-22 10:59:02,GetHistory,FUTIDX_NIFTY_29SEP2026_XX_0,NFO,15minute,51,2026-09-22 10:30:00,23385.4,16979690,245245,1247,
2026-09-22 10:59:04,GetHistory,FUTSTK_RELIANCE_29SEP2026_XX_0,NFO,15minute,51,2026-09-22 10:30:00,1251.0,121660000,307500,1737,
2026-09-22 10:59:05,GetHistory,OPTIDX_BANKNIFTY_29SEP2026_CE_56500,NFO,15minute,51,2026-09-22 10:30:00,384.3,912180,543210,1105,
2026-09-22 10:59:06,GetHistory,OPTIDX_BANKNIFTY_29SEP2026_PE_56500,NFO,15minute,51,2026-09-22 10:30:00,385.4,789840,945660,1062,
2026-09-22 10:59:07,GetHistory,OPTIDX_NIFTY_22SEP2026_CE_23400,NFO,15minute,51,2026-09-22 10:30:00,40.55,28346370,71553950,700,
2026-09-22 10:59:08,GetHistory,OPTIDX_NIFTY_22SEP2026_PE_23400,NFO,15minute,51,2026-09-22 10:30:00,61.2,24791130,142167350,1065,
2026-09-22 10:59:15,GetHistory,HDFCBANK,NSE,15minute,53,2026-09-22 10:30:00,745.55,0,1283600,7327,
2026-09-22 10:59:18,GetHistory,RELIANCE,NSE,15minute,53,2026-09-22 10:30:00,1248.4,0,472681,2750,
2026-09-22 10:59:21,GetHistory,NIFTY 50,NSE_IDX,15minute,94,2026-09-22 10:30:00,23383.2,0,0,3746,
2026-09-22 10:59:26,GetHistory,NIFTY BANK,NSE_IDX,15minute,94,2026-09-22 10:30:00,56374.95,0,0,4774,
2026-09-22 10:59:37,GetHistory,NIFTY 50,NSE_IDX,1minute,96,2026-09-22 10:44:00,23383.2,0,0,2285,
2026-09-22 10:59:38,GetHistory,RELIANCE,NSE,1minute,90,2026-09-22 10:44:00,1248.4,0,18683,1030,
2026-09-22 10:59:40,GetHistory,FUTIDX_NIFTY_29SEP2026_XX_0,NFO,1minute,90,2026-09-22 10:44:00,23385.4,16979690,16510,1166,
2026-09-22 10:59:41,GetHistory,OPTIDX_NIFTY_22SEP2026_CE_23400,NFO,1minute,90,2026-09-22 10:44:00,40.55,28346370,3865030,1027,
2026-09-22 11:00:09,GetExchangeSnapshot,NFO,NFO,1minute,3544,2026-09-22 10:45:00,3213,758512,3544,28186,
2026-09-22 11:02:07,GetHistory,NIFTY 50,NSE_IDX,1minute,99,2026-09-22 10:47:00,23384.0,0,0,6312,
2026-09-22 11:02:09,GetHistory,RELIANCE,NSE,1minute,93,2026-09-22 10:47:00,1248.8,0,13629,2057,
2026-09-22 11:02:11,GetHistory,FUTIDX_NIFTY_29SEP2026_XX_0,NFO,1minute,93,2026-09-22 10:47:00,23395.0,16969615,9100,1466,
2026-09-22 11:02:13,GetHistory,OPTIDX_NIFTY_22SEP2026_CE_23400,NFO,1minute,93,2026-09-22 10:47:00,41.6,30733365,3173625,2345,
2026-09-22 11:02:43,GetExchangeSnapshot,NFO,NFO,1minute,3248,2026-09-22 10:47:00,2959,695103,3248,30068,
2026-09-22 11:03:08,GetExchangeSnapshot,NSE,NSE,1minute,1699,2026-09-22 10:48:00,1,319666,1699,25045,
2026-09-22 11:06:27,GetHistory,FUTIDX_BANKNIFTY_29SEP2026_XX_0,NFO,15minute,51,2026-09-22 10:45:00,56539.2,2002920,21750,2881,
2026-09-22 11:06:56,GetHistory,FUTIDX_BANKNIFTY_29SEP2026_XX_0,NFO,15minute,51,2026-09-22 10:45:00,56539.2,2002920,21750,6730,
2026-09-22 11:06:57,GetHistory,FUTIDX_NIFTY_29SEP2026_XX_0,NFO,15minute,51,2026-09-22 10:45:00,23396.8,16985735,132860,1283,
2026-09-22 11:06:58,GetHistory,FUTSTK_RELIANCE_29SEP2026_XX_0,NFO,15minute,51,2026-09-22 10:45:00,1249.9,121652500,164000,1216,
2026-09-22 11:06:59,GetHistory,OPTIDX_BANKNIFTY_29SEP2026_CE_56500,NFO,15minute,51,2026-09-22 10:45:00,388.6,979380,361860,970,
2026-09-22 11:07:00,GetHistory,OPTIDX_BANKNIFTY_29SEP2026_PE_56500,NFO,15minute,51,2026-09-22 10:45:00,373.85,768540,351990,1139,
2026-09-22 11:07:01,GetHistory,OPTIDX_NIFTY_22SEP2026_CE_23400,NFO,15minute,51,2026-09-22 10:45:00,40.55,36520120,61808110,638,
2026-09-22 11:07:02,GetHistory,OPTIDX_NIFTY_22SEP2026_PE_23400,NFO,15minute,51,2026-09-22 10:45:00,54.5,22666410,65051545,1062,
2026-09-22 11:07:05,GetHistory,HDFCBANK,NSE,15minute,53,2026-09-22 10:45:00,746.1,0,817738,2969,
2026-09-22 11:07:07,GetHistory,RELIANCE,NSE,15minute,53,2026-09-22 10:45:00,1247.2,0,211418,2077,
2026-09-22 11:07:14,GetHistory,NIFTY 50,NSE_IDX,15minute,94,2026-09-22 10:45:00,23388.5,0,0,6484,
2026-09-22 11:07:17,GetHistory,NIFTY BANK,NSE_IDX,15minute,94,2026-09-22 10:45:00,56388.85,0,0,3768,
2026-09-22 11:07:18,GetHistory,NIFTY 50,NSE_IDX,1minute,104,2026-09-22 10:52:00,23364.55,0,0,772,
2026-09-22 11:07:19,GetHistory,RELIANCE,NSE,1minute,98,2026-09-22 10:52:00,1247.1,0,16136,1294,
2026-09-22 11:07:26,GetHistory,FUTIDX_NIFTY_29SEP2026_XX_0,NFO,1minute,98,2026-09-22 10:52:00,23375.0,16975530,8645,6889,
2026-09-22 11:07:27,GetHistory,OPTIDX_NIFTY_22SEP2026_CE_23400,NFO,1minute,98,2026-09-22 10:52:00,34.05,33363525,5333315,912,
2026-09-22 11:07:55,GetExchangeSnapshot,NFO,NFO,1minute,3366,2026-09-22 10:52:00,3067,720144,3366,27740,
2026-09-22 11:08:19,GetExchangeSnapshot,NSE,NSE,1minute,1676,2026-09-22 10:53:00,1,315300,1676,23571,
2026-09-22 11:12:01,GetHistory,FUTIDX_BANKNIFTY_29SEP2026_XX_0,NFO,15minute,51,2026-09-22 10:45:00,56539.2,2002920,21750,1477,
2026-09-22 11:12:02,GetHistory,FUTIDX_NIFTY_29SEP2026_XX_0,NFO,15minute,51,2026-09-22 10:45:00,23396.8,16985735,132860,1234,
2026-09-22 11:12:03,GetHistory,FUTSTK_RELIANCE_29SEP2026_XX_0,NFO,15minute,51,2026-09-22 10:45:00,1249.9,121652500,164000,1157,
2026-09-22 11:12:05,GetHistory,OPTIDX_BANKNIFTY_29SEP2026_CE_56500,NFO,15minute,51,2026-09-22 10:45:00,388.6,979380,361860,1876,
2026-09-22 11:12:06,GetHistory,OPTIDX_BANKNIFTY_29SEP2026_PE_56500,NFO,15minute,51,2026-09-22 10:45:00,373.85,768540,351990,1013,
2026-09-22 11:12:07,GetHistory,OPTIDX_NIFTY_22SEP2026_CE_23400,NFO,15minute,51,2026-09-22 10:45:00,40.55,36520120,61808110,654,
2026-09-22 11:12:08,GetHistory,OPTIDX_NIFTY_22SEP2026_PE_23400,NFO,15minute,51,2026-09-22 10:45:00,54.5,22666410,65051545,1062,
2026-09-22 11:12:16,GetHistory,HDFCBANK,NSE,15minute,53,2026-09-22 10:45:00,746.1,0,817738,8330,
2026-09-22 11:12:18,GetHistory,RELIANCE,NSE,15minute,53,2026-09-22 10:45:00,1247.2,0,211418,2183,
2026-09-22 11:12:22,GetHistory,NIFTY 50,NSE_IDX,15minute,94,2026-09-22 10:45:00,23388.5,0,0,3361,
2026-09-22 11:12:25,GetHistory,NIFTY BANK,NSE_IDX,15minute,94,2026-09-22 10:45:00,56388.85,0,0,3648,
2026-09-22 11:12:30,GetHistory,NIFTY 50,NSE_IDX,1minute,109,2026-09-22 10:57:00,23382.35,0,0,4370,
2026-09-22 11:12:31,GetHistory,RELIANCE,NSE,1minute,103,2026-09-22 10:57:00,1247.1,0,9704,893,
2026-09-22 11:12:32,GetHistory,FUTIDX_NIFTY_29SEP2026_XX_0,NFO,1minute,103,2026-09-22 10:57:00,23398.9,16985540,5200,971,
2026-09-22 11:12:33,GetHistory,OPTIDX_NIFTY_22SEP2026_CE_23400,NFO,1minute,103,2026-09-22 10:57:00,40.2,35605440,4549610,989,
2026-09-22 11:13:01,GetExchangeSnapshot,NFO,NFO,1minute,3129,2026-09-22 10:57:00,2852,669724,3129,28000,
2026-09-22 11:13:24,GetExchangeSnapshot,NSE,NSE,1minute,1695,2026-09-22 10:58:00,1,319001,1695,23466,
2026-09-22 11:14:04,GetHistory,NIFTY 50,NSE_IDX,1minute,111,2026-09-22 10:59:00,23388.5,0,0,1287,
2026-09-22 11:14:05,GetHistory,RELIANCE,NSE,1minute,105,2026-09-22 10:59:00,1247.2,0,15486,977,
2026-09-22 11:14:06,GetHistory,FUTIDX_NIFTY_29SEP2026_XX_0,NFO,1minute,105,2026-09-22 10:59:00,23396.8,16985735,7475,982,
2026-09-22 11:14:07,GetHistory,OPTIDX_NIFTY_22SEP2026_CE_23400,NFO,1minute,105,2026-09-22 10:59:00,40.55,36520120,3603535,964,
2026-09-22 11:14:36,GetExchangeSnapshot,NFO,NFO,1minute,3041,2026-09-22 10:59:00,2742,651130,3041,28950,
2026-09-22 11:16:29,GetHistory,NIFTY 50,NSE_IDX,1minute,113,2026-09-22 11:01:00,23376.4,0,0,3753,
2026-09-22 11:16:29,GetHistory,RELIANCE,NSE,1minute,107,2026-09-22 11:01:00,1247.2,0,10750,784,
2026-09-22 11:16:31,GetHistory,FUTIDX_NIFTY_29SEP2026_XX_0,NFO,1minute,107,2026-09-22 11:01:00,23385.7,16989440,7410,1088,
2026-09-22 11:16:35,GetHistory,OPTIDX_NIFTY_22SEP2026_CE_23400,NFO,1minute,107,2026-09-22 11:01:00,37.0,36500555,4566380,4494,
2026-09-22 11:17:05,GetExchangeSnapshot,NFO,NFO,1minute,3431,2026-09-22 11:01:00,3115,734456,3431,29994,
2026-09-22 11:17:36,GetExchangeSnapshot,NSE,NSE,1minute,1677,2026-09-22 11:02:00,2,315370,1677,31277,
2026-09-22 11:17:56,GetHistory,FUTIDX_BANKNIFTY_29SEP2026_XX_0,NFO,15minute,51,2026-09-22 11:00:00,56485.0,1988790,18360,1752,
2026-09-22 11:17:57,GetHistory,FUTIDX_NIFTY_29SEP2026_XX_0,NFO,15minute,51,2026-09-22 11:00:00,23410.0,16913585,58110,1276,
2026-09-22 11:17:58,GetHistory,FUTSTK_RELIANCE_29SEP2026_XX_0,NFO,15minute,51,2026-09-22 11:00:00,1251.2,121669500,165500,1109,
2026-09-22 11:18:03,GetHistory,OPTIDX_BANKNIFTY_29SEP2026_CE_56500,NFO,15minute,51,2026-09-22 11:00:00,366.85,1027530,228330,5032,
2026-09-22 11:18:04,GetHistory,OPTIDX_BANKNIFTY_29SEP2026_PE_56500,NFO,15minute,51,2026-09-22 11:00:00,390.0,762870,231630,1062,
2026-09-22 11:18:05,GetHistory,OPTIDX_NIFTY_22SEP2026_CE_23400,NFO,15minute,51,2026-09-22 11:00:00,42.2,38700805,46503730,687,
2026-09-22 11:18:06,GetHistory,OPTIDX_NIFTY_22SEP2026_PE_23400,NFO,15minute,51,2026-09-22 11:00:00,50.0,24477310,40967680,1062,
2026-09-22 11:18:09,GetHistory,HDFCBANK,NSE,15minute,53,2026-09-22 11:00:00,745.25,0,1145115,2499,
2026-09-22 11:18:11,GetHistory,RELIANCE,NSE,15minute,53,2026-09-22 11:00:00,1248.2,0,221090,2547,
2026-09-22 11:18:21,GetHistory,NIFTY 50,NSE_IDX,15minute,94,2026-09-22 11:00:00,23392.95,0,0,9874,
2026-09-22 11:18:27,GetHistory,NIFTY BANK,NSE_IDX,15minute,94,2026-09-22 11:00:00,56362.05,0,0,5390,
2026-09-22 11:18:37,GetHistory,NIFTY 50,NSE_IDX,1minute,115,2026-09-22 11:03:00,23374.75,0,0,1500,
2026-09-22 11:18:38,GetHistory,RELIANCE,NSE,1minute,109,2026-09-22 11:03:00,1247.3,0,4753,1216,
2026-09-22 11:18:40,GetHistory,FUTIDX_NIFTY_29SEP2026_XX_0,NFO,1minute,109,2026-09-22 11:03:00,23395.0,16986320,2470,1328,
2026-09-22 11:18:41,GetHistory,OPTIDX_NIFTY_22SEP2026_CE_23400,NFO,1minute,109,2026-09-22 11:03:00,35.75,36987405,4320745,965,
2026-09-22 11:19:08,GetExchangeSnapshot,NFO,NFO,1minute,2999,2026-09-22 11:04:00,2695,641258,2999,27350,
2026-09-22 11:21:07,GetHistory,NIFTY 50,NSE_IDX,1minute,118,2026-09-22 11:06:00,23376.4,0,0,1521,
2026-09-22 11:21:07,GetHistory,RELIANCE,NSE,1minute,112,2026-09-22 11:06:00,1246.8,0,37410,773,
2026-09-22 11:21:09,GetHistory,FUTIDX_NIFTY_29SEP2026_XX_0,NFO,1minute,112,2026-09-22 11:06:00,23395.0,16987100,6435,1363,
2026-09-22 11:21:10,GetHistory,OPTIDX_NIFTY_22SEP2026_CE_23400,NFO,1minute,112,2026-09-22 11:06:00,36.3,38057240,2108340,934,
2026-09-22 11:21:37,GetExchangeSnapshot,NFO,NFO,1minute,3060,2026-09-22 11:06:00,2778,654693,3060,27370,
2026-09-22 11:22:01,GetExchangeSnapshot,NSE,NSE,1minute,1666,2026-09-22 11:06:00,1,313368,1666,23664,
2026-09-22 11:23:20,GetHistory,FUTIDX_BANKNIFTY_29SEP2026_XX_0,NFO,15minute,51,2026-09-22 11:00:00,56485.0,1988790,18360,1578,
2026-09-22 11:23:21,GetHistory,FUTIDX_NIFTY_29SEP2026_XX_0,NFO,15minute,51,2026-09-22 11:00:00,23410.0,16913585,58110,1324,
2026-09-22 11:23:22,GetHistory,FUTSTK_RELIANCE_29SEP2026_XX_0,NFO,15minute,51,2026-09-22 11:00:00,1251.2,121669500,165500,1137,
2026-09-22 11:23:30,GetHistory,OPTIDX_BANKNIFTY_29SEP2026_CE_56500,NFO,15minute,51,2026-09-22 11:00:00,366.85,1027530,228330,7018,
2026-09-22 11:23:31,GetHistory,OPTIDX_BANKNIFTY_29SEP2026_PE_56500,NFO,15minute,51,2026-09-22 11:00:00,390.0,762870,231630,1015,
2026-09-22 11:23:31,GetHistory,OPTIDX_NIFTY_22SEP2026_CE_23400,NFO,15minute,51,2026-09-22 11:00:00,42.2,38700805,46503730,593,
2026-09-22 11:23:32,GetHistory,OPTIDX_NIFTY_22SEP2026_PE_23400,NFO,15minute,51,2026-09-22 11:00:00,50.0,24477310,40967680,1171,
2026-09-22 11:23:35,GetHistory,HDFCBANK,NSE,15minute,53,2026-09-22 11:00:00,745.25,0,1145115,2483,
2026-09-22 11:23:37,GetHistory,RELIANCE,NSE,15minute,53,2026-09-22 11:00:00,1248.2,0,221090,2583,
2026-09-22 11:23:46,GetHistory,NIFTY 50,NSE_IDX,15minute,94,2026-09-22 11:00:00,23392.95,0,0,8279,
2026-09-22 11:23:49,GetHistory,NIFTY BANK,NSE_IDX,15minute,94,2026-09-22 11:00:00,56362.05,0,0,3619,
2026-09-22 11:23:50,GetHistory,NIFTY 50,NSE_IDX,1minute,120,2026-09-22 11:08:00,23373.05,0,0,1079,
2026-09-22 11:23:51,GetHistory,RELIANCE,NSE,1minute,114,2026-09-22 11:08:00,1246.8,0,19429,773,
2026-09-22 11:23:52,GetHistory,FUTIDX_NIFTY_29SEP2026_XX_0,NFO,1minute,114,2026-09-22 11:08:00,23386.0,16911960,2600,1369,
2026-09-22 11:23:58,GetHistory,OPTIDX_NIFTY_22SEP2026_CE_23400,NFO,1minute,114,2026-09-22 11:08:00,36.05,38420460,1535690,5956,
2026-09-22 11:24:25,GetExchangeSnapshot,NFO,NFO,1minute,2957,2026-09-22 11:09:00,2665,632853,2957,26678,
2026-09-22 11:24:49,GetExchangeSnapshot,NSE,NSE,1minute,1666,2026-09-22 11:09:00,2,313283,1666,23642,
2026-09-22 11:25:29,GetHistory,NIFTY 50,NSE_IDX,1minute,122,2026-09-22 11:10:00,23381.5,0,0,1444,
2026-09-22 11:25:33,GetHistory,RELIANCE,NSE,1minute,116,2026-09-22 11:10:00,1247.0,0,4890,4370,
2026-09-22 11:25:34,GetHistory,FUTIDX_NIFTY_29SEP2026_XX_0,NFO,1minute,116,2026-09-22 11:10:00,23390.1,16913195,3445,1024,
2026-09-22 11:25:35,GetHistory,OPTIDX_NIFTY_22SEP2026_CE_23400,NFO,1minute,116,2026-09-22 11:10:00,37.45,38780690,3079180,1104,
2026-09-22 11:26:03,GetExchangeSnapshot,NFO,NFO,1minute,2907,2026-09-22 11:10:00,2650,622100,2907,27154,
2026-09-22 11:27:47,GetHistory,NIFTY 50,NSE_IDX,1minute,124,2026-09-22 11:12:00,23383.15,0,0,5258,
2026-09-22 11:27:48,GetHistory,RELIANCE,NSE,1minute,118,2026-09-22 11:12:00,1248.1,0,59459,1216,
2026-09-22 11:27:51,GetHistory,FUTIDX_NIFTY_29SEP2026_XX_0,NFO,1minute,118,2026-09-22 11:12:00,23395.6,16913325,3445,3407,
2026-09-22 11:27:53,GetHistory,OPTIDX_NIFTY_22SEP2026_CE_23400,NFO,1minute,118,2026-09-22 11:12:00,38.65,39476580,1951040,1192,
2026-09-22 11:28:20,GetExchangeSnapshot,NFO,NFO,1minute,2946,2026-09-22 11:13:00,2663,630377,2946,26958,
2026-09-22 11:28:43,GetExchangeSnapshot,NSE,NSE,1minute,1640,2026-09-22 11:13:00,1,308459,1640,23509,
2026-09-22 11:29:03,GetHistory,FUTIDX_BANKNIFTY_29SEP2026_XX_0,NFO,15minute,51,2026-09-22 11:00:00,56485.0,1988790,18360,1608,
2026-09-22 11:29:07,GetHistory,FUTIDX_NIFTY_29SEP2026_XX_0,NFO,15minute,51,2026-09-22 11:00:00,23410.0,16913585,58110,4043,
2026-09-22 11:29:08,GetHistory,FUTSTK_RELIANCE_29SEP2026_XX_0,NFO,15minute,51,2026-09-22 11:00:00,1251.2,121669500,165500,1125,
2026-09-22 11:29:09,GetHistory,OPTIDX_BANKNIFTY_29SEP2026_CE_56500,NFO,15minute,51,2026-09-22 11:00:00,366.85,1027530,228330,1074,
2026-09-22 11:29:10,GetHistory,OPTIDX_BANKNIFTY_29SEP2026_PE_56500,NFO,15minute,51,2026-09-22 11:00:00,390.0,762870,231630,1079,
2026-09-22 11:29:11,GetHistory,OPTIDX_NIFTY_22SEP2026_CE_23400,NFO,15minute,51,2026-09-22 11:00:00,42.2,38700805,46503730,672,
2026-09-22 11:29:12,GetHistory,OPTIDX_NIFTY_22SEP2026_PE_23400,NFO,15minute,51,2026-09-22 11:00:00,50.0,24477310,40967680,1091,
2026-09-22 11:29:15,GetHistory,HDFCBANK,NSE,15minute,53,2026-09-22 11:00:00,745.25,0,1145115,3110,
2026-09-22 11:29:23,GetHistory,RELIANCE,NSE,15minute,53,2026-09-22 11:00:00,1248.2,0,221090,8425,
2026-09-22 11:29:27,GetHistory,NIFTY 50,NSE_IDX,15minute,94,2026-09-22 11:00:00,23392.95,0,0,3704,
2026-09-22 11:29:33,GetHistory,NIFTY BANK,NSE_IDX,15minute,94,2026-09-22 11:00:00,56362.05,0,0,5712,
2026-09-22 11:29:46,GetHistory,NIFTY 50,NSE_IDX,1minute,126,2026-09-22 11:14:00,23392.95,0,0,3742,
2026-09-22 11:29:47,GetHistory,RELIANCE,NSE,1minute,120,2026-09-22 11:14:00,1248.2,0,11586,1195,
2026-09-22 11:29:48,GetHistory,FUTIDX_NIFTY_29SEP2026_XX_0,NFO,1minute,120,2026-09-22 11:14:00,23410.0,16913585,2665,1310,
2026-09-22 11:29:49,GetHistory,OPTIDX_NIFTY_22SEP2026_CE_23400,NFO,1minute,120,2026-09-22 11:14:00,42.2,38700805,5904275,1160,
2026-09-22 11:30:17,GetExchangeSnapshot,NFO,NFO,1minute,3021,2026-09-22 11:15:00,2733,646134,3021,27511,
2026-09-22 11:32:08,GetHistory,NIFTY 50,NSE_IDX,1minute,129,2026-09-22 11:17:00,23396.4,0,0,4104,
2026-09-22 11:32:10,GetHistory,RELIANCE,NSE,1minute,123,2026-09-22 11:17:00,1248.1,0,10406,1577,
2026-09-22 11:32:14,GetHistory,FUTIDX_NIFTY_29SEP2026_XX_0,NFO,1minute,123,2026-09-22 11:17:00,23405.0,16912480,6110,3954,
2026-09-22 11:32:16,GetHistory,OPTIDX_NIFTY_22SEP2026_CE_23400,NFO,1minute,123,2026-09-22 11:17:00,42.85,39020215,4661085,1600,
2026-09-22 11:32:44,GetExchangeSnapshot,NFO,NFO,1minute,3186,2026-09-22 11:17:00,2879,681541,3186,28472,
2026-09-22 11:33:08,GetExchangeSnapshot,NSE,NSE,1minute,1624,2026-09-22 11:18:00,1,305468,1624,23861,
2026-09-22 11:34:20,GetHistory,FUTIDX_BANKNIFTY_29SEP2026_XX_0,NFO,15minute,51,2026-09-22 11:15:00,56513.6,1991490,6990,1682,
2026-09-22 11:34:21,GetHistory,FUTIDX_NIFTY_29SEP2026_XX_0,NFO,15minute,51,2026-09-22 11:15:00,23403.0,16916250,49855,1727,
2026-09-22 11:34:27,GetHistory,FUTSTK_RELIANCE_29SEP2026_XX_0,NFO,15minute,51,2026-09-22 11:15:00,1250.7,121694500,168500,5768,
2026-09-22 11:34:28,GetHistory,OPTIDX_BANKNIFTY_29SEP2026_CE_56500,NFO,15minute,51,2026-09-22 11:15:00,365.2,1047120,111270,1078,
2026-09-22 11:34:29,GetHistory,OPTIDX_BANKNIFTY_29SEP2026_PE_56500,NFO,15minute,51,2026-09-22 11:15:00,386.4,772230,92250,983,
2026-09-22 11:34:30,GetHistory,OPTIDX_NIFTY_22SEP2026_CE_23400,NFO,15minute,51,2026-09-22 11:15:00,40.5,38079665,52070785,578,
2026-09-22 11:34:31,GetHistory,OPTIDX_NIFTY_22SEP2026_PE_23400,NFO,15minute,51,2026-09-22 11:15:00,49.55,28031900,44085730,1172,
2026-09-22 11:34:33,GetHistory,HDFCBANK,NSE,15minute,53,2026-09-22 11:15:00,745.65,0,2153722,2424,
2026-09-22 11:34:36,GetHistory,RELIANCE,NSE,15minute,53,2026-09-22 11:15:00,1248.6,0,224130,2121,
2026-09-22 11:34:45,GetHistory,NIFTY 50,NSE_IDX,15minute,94,2026-09-22 11:15:00,23392.15,0,0,9830,
2026-09-22 11:34:50,GetHistory,NIFTY BANK,NSE_IDX,15minute,94,2026-09-22 11:15:00,56344.9,0,0,4203,
2026-09-22 11:34:51,GetHistory,NIFTY 50,NSE_IDX,1minute,131,2026-09-22 11:19:00,23385.3,0,0,1825,
2026-09-22 11:34:53,GetHistory,RELIANCE,NSE,1minute,125,2026-09-22 11:19:00,1247.5,0,2648,1259,
2026-09-22 11:34:54,GetHistory,FUTIDX_NIFTY_29SEP2026_XX_0,NFO,1minute,125,2026-09-22 11:19:00,23397.0,16915730,4615,1133,
2026-09-22 11:34:55,GetHistory,OPTIDX_NIFTY_22SEP2026_CE_23400,NFO,1minute,125,2026-09-22 11:19:00,38.95,38355005,5034575,998,
2026-09-22 11:35:22,GetExchangeSnapshot,NFO,NFO,1minute,2900,2026-09-22 11:20:00,2655,620402,2900,26724,
2026-09-22 11:36:32,GetHistory,NIFTY 50,NSE_IDX,1minute,133,2026-09-22 11:21:00,23392.85,0,0,1673,
2026-09-22 11:36:37,GetHistory,RELIANCE,NSE,1minute,127,2026-09-22 11:21:00,1247.3,0,6045,4501,
2026-09-22 11:36:38,GetHistory,FUTIDX_NIFTY_29SEP2026_XX_0,NFO,1minute,127,2026-09-22 11:21:00,23398.3,16917160,1820,1176,
2026-09-22 11:36:39,GetHistory,OPTIDX_NIFTY_22SEP2026_CE_23400,NFO,1minute,127,2026-09-22 11:21:00,41.55,38809420,2924935,1392,
2026-09-22 11:37:07,GetExchangeSnapshot,NFO,NFO,1minute,2887,2026-09-22 11:22:00,2629,617754,2887,27652,
2026-09-22 11:37:32,GetExchangeSnapshot,NSE,NSE,1minute,1590,2026-09-22 11:22:00,1,299139,1590,24679,
2026-09-22 11:38:42,GetHistory,NIFTY 50,NSE_IDX,1minute,135,2026-09-22 11:23:00,23394.5,0,0,1624,
2026-09-22 11:38:43,GetHistory,RELIANCE,NSE,1minute,129,2026-09-22 11:23:00,1247.6,0,4341,982,
2026-09-22 11:38:44,GetHistory,FUTIDX_NIFTY_29SEP2026_XX_0,NFO,1minute,129,2026-09-22 11:23:00,23405.5,16919760,3770,1274,
2026-09-22 11:38:46,GetHistory,OPTIDX_NIFTY_22SEP2026_CE_23400,NFO,1minute,129,2026-09-22 11:23:00,42.45,39036010,2994225,1627,
2026-09-22 11:39:13,GetExchangeSnapshot,NFO,NFO,1minute,2628,2026-09-22 11:24:00,2372,562571,2628,26723,
2026-09-22 11:39:37,GetExchangeSnapshot,NSE,NSE,1minute,1620,2026-09-22 11:24:00,2,304841,1620,24194,
2026-09-22 11:39:52,GetHistory,FUTIDX_BANKNIFTY_29SEP2026_XX_0,NFO,15minute,51,2026-09-22 11:15:00,56513.6,1991490,6990,6338,
2026-09-22 11:39:54,GetHistory,FUTIDX_NIFTY_29SEP2026_XX_0,NFO,15minute,51,2026-09-22 11:15:00,23403.0,16916250,49855,1965,
2026-09-22 11:39:55,GetHistory,FUTSTK_RELIANCE_29SEP2026_XX_0,NFO,15minute,51,2026-09-22 11:15:00,1250.7,121694500,168500,1331,
2026-09-22 11:39:56,GetHistory,OPTIDX_BANKNIFTY_29SEP2026_CE_56500,NFO,15minute,51,2026-09-22 11:15:00,365.2,1047120,111270,982,
2026-09-22 11:39:57,GetHistory,OPTIDX_BANKNIFTY_29SEP2026_PE_56500,NFO,15minute,51,2026-09-22 11:15:00,386.4,772230,92250,969,
2026-09-22 11:39:58,GetHistory,OPTIDX_NIFTY_22SEP2026_CE_23400,NFO,15minute,51,2026-09-22 11:15:00,40.5,38079665,52070785,1155,
2026-09-22 11:39:59,GetHistory,OPTIDX_NIFTY_22SEP2026_PE_23400,NFO,15minute,51,2026-09-22 11:15:00,49.55,28031900,44085730,752,
2026-09-22 11:40:01,GetHistory,HDFCBANK,NSE,15minute,53,2026-09-22 11:15:00,745.65,0,2153722,2402,
2026-09-22 11:40:10,GetHistory,RELIANCE,NSE,15minute,53,2026-09-22 11:15:00,1248.6,0,224130,8328,
2026-09-22 11:40:13,GetHistory,NIFTY 50,NSE_IDX,15minute,94,2026-09-22 11:15:00,23392.15,0,0,3728,
2026-09-22 11:40:18,GetHistory,NIFTY BANK,NSE_IDX,15minute,94,2026-09-22 11:15:00,56344.9,0,0,4181,
2026-09-22 11:40:58,GetHistory,NIFTY 50,NSE_IDX,1minute,137,2026-09-22 11:25:00,23399.65,0,0,1557,
2026-09-22 11:40:59,GetHistory,RELIANCE,NSE,1minute,131,2026-09-22 11:25:00,1247.7,0,8488,1190,
2026-09-22 11:41:00,GetHistory,FUTIDX_NIFTY_29SEP2026_XX_0,NFO,1minute,132,2026-09-22 11:26:00,23414.1,16918655,2535,991,
2026-09-22 11:41:01,GetHistory,OPTIDX_NIFTY_22SEP2026_CE_23400,NFO,1minute,132,2026-09-22 11:26:00,40.9,38578150,3759665,1101,
2026-09-22 11:41:28,GetExchangeSnapshot,NFO,NFO,1minute,2714,2026-09-22 11:26:00,2446,581049,2714,26399,
2026-09-22 11:43:18,GetHistory,NIFTY 50,NSE_IDX,1minute,140,2026-09-22 11:28:00,23394.35,0,0,1985,
2026-09-22 11:43:19,GetHistory,RELIANCE,NSE,1minute,134,2026-09-22 11:28:00,1248.1,0,45998,979,
2026-09-22 11:43:20,GetHistory,FUTIDX_NIFTY_29SEP2026_XX_0,NFO,1minute,134,2026-09-22 11:28:00,23404.3,16918850,1430,981,
2026-09-22 11:43:22,GetHistory,OPTIDX_NIFTY_22SEP2026_CE_23400,NFO,1minute,134,2026-09-22 11:28:00,41.65,38168650,2796690,1273,
2026-09-22 11:43:49,GetExchangeSnapshot,NFO,NFO,1minute,2640,2026-09-22 11:28:00,2376,564970,2640,27079,
2026-09-22 11:44:13,GetExchangeSnapshot,NSE,NSE,1minute,1682,2026-09-22 11:29:00,1,316207,1682,24042,
2026-09-22 11:44:55,GetHistory,FUTIDX_BANKNIFTY_29SEP2026_XX_0,NFO,15minute,51,2026-09-22 11:15:00,56513.6,1991490,6990,3013,
2026-09-22 11:44:56,GetHistory,FUTIDX_NIFTY_29SEP2026_XX_0,NFO,15minute,51,2026-09-22 11:15:00,23403.0,16916250,49855,1217,
2026-09-22 11:44:57,GetHistory,FUTSTK_RELIANCE_29SEP2026_XX_0,NFO,15minute,51,2026-09-22 11:15:00,1250.7,121694500,168500,1044,
2026-09-22 11:44:58,GetHistory,OPTIDX_BANKNIFTY_29SEP2026_CE_56500,NFO,15minute,51,2026-09-22 11:15:00,365.2,1047120,111270,1049,
2026-09-22 11:44:59,GetHistory,OPTIDX_BANKNIFTY_29SEP2026_PE_56500,NFO,15minute,51,2026-09-22 11:15:00,386.4,772230,92250,1106,
2026-09-22 11:45:04,GetHistory,OPTIDX_NIFTY_22SEP2026_CE_23400,NFO,15minute,52,2026-09-22 11:30:00,30.8,39718185,52436280,4924,
2026-09-22 11:45:05,GetHistory,OPTIDX_NIFTY_22SEP2026_PE_23400,NFO,15minute,52,2026-09-22 11:30:00,61.25,26360490,52931255,855,
2026-09-22 11:45:08,GetHistory,HDFCBANK,NSE,15minute,54,2026-09-22 11:30:00,744.9,0,652116,2771,
2026-09-22 11:45:12,GetHistory,RELIANCE,NSE,15minute,54,2026-09-22 11:30:00,1245.1,0,464417,4794,
2026-09-22 11:45:16,GetHistory,NIFTY 50,NSE_IDX,15minute,95,2026-09-22 11:30:00,23371.6,0,0,3780,
2026-09-22 11:45:20,GetHistory,NIFTY BANK,NSE_IDX,15minute,95,2026-09-22 11:30:00,56259.4,0,0,3844,
2026-09-22 11:45:40,GetHistory,NIFTY 50,NSE_IDX,1minute,142,2026-09-22 11:30:00,23386.2,0,0,1625,
2026-09-22 11:45:41,GetHistory,RELIANCE,NSE,1minute,136,2026-09-22 11:30:00,1248.1,0,79721,1150,
2026-09-22 11:45:42,GetHistory,FUTIDX_NIFTY_29SEP2026_XX_0,NFO,1minute,136,2026-09-22 11:30:00,23397.6,16916250,4745,992,
2026-09-22 11:45:44,GetHistory,OPTIDX_NIFTY_22SEP2026_CE_23400,NFO,1minute,136,2026-09-22 11:30:00,36.75,37211005,5532280,1224,
2026-09-22 11:46:11,GetExchangeSnapshot,NFO,NFO,1minute,2799,2026-09-22 11:31:00,2534,599210,2799,27574,
2026-09-22 11:48:02,GetHistory,NIFTY 50,NSE_IDX,1minute,145,2026-09-22 11:33:00,23382.05,0,0,1675,
2026-09-22 11:48:03,GetHistory,RELIANCE,NSE,1minute,139,2026-09-22 11:33:00,1248.3,0,39495,949,
2026-09-22 11:48:04,GetHistory,FUTIDX_NIFTY_29SEP2026_XX_0,NFO,1minute,139,2026-09-22 11:33:00,23385.5,16918005,1690,1463,
2026-09-22 11:48:08,GetHistory,OPTIDX_NIFTY_22SEP2026_CE_23400,NFO,1minute,139,2026-09-22 11:33:00,35.2,38314510,2897050,3543,
2026-09-22 11:48:36,GetExchangeSnapshot,NFO,NFO,1minute,2793,2026-09-22 11:33:00,2517,598071,2793,27724,
2026-09-22 11:48:59,GetExchangeSnapshot,NSE,NSE,1minute,1729,2026-09-22 11:33:00,1,324887,1729,23768,
2026-09-22 11:50:12,GetHistory,FUTIDX_BANKNIFTY_29SEP2026_XX_0,NFO,15minute,51,2026-09-22 11:30:00,56408.0,1996080,14820,1683,
2026-09-22 11:50:13,GetHistory,FUTIDX_NIFTY_29SEP2026_XX_0,NFO,15minute,51,2026-09-22 11:30:00,23384.0,16919565,37180,1167,
2026-09-22 11:50:14,GetHistory,FUTSTK_RELIANCE_29SEP2026_XX_0,NFO,15minute,51,2026-09-22 11:30:00,1246.7,121714500,288000,1172,
2026-09-22 11:50:15,GetHistory,OPTIDX_BANKNIFTY_29SEP2026_CE_56500,NFO,15minute,51,2026-09-22 11:30:00,319.3,1084200,273360,1061,
2026-09-22 11:50:16,GetHistory,OPTIDX_BANKNIFTY_29SEP2026_PE_56500,NFO,15minute,51,2026-09-22 11:30:00,431.0,779970,260910,1047,
2026-09-22 11:50:17,GetHistory,OPTIDX_NIFTY_22SEP2026_CE_23400,NFO,15minute,51,2026-09-22 11:30:00,30.65,39718185,52483470,655,
2026-09-22 11:50:18,GetHistory,OPTIDX_NIFTY_22SEP2026_PE_23400,NFO,15minute,51,2026-09-22 11:30:00,61.25,26360490,52931255,1123,
2026-09-22 11:50:21,GetHistory,HDFCBANK,NSE,15minute,53,2026-09-22 11:30:00,744.9,0,652116,2453,
2026-09-22 11:50:27,GetHistory,RELIANCE,NSE,15minute,53,2026-09-22 11:30:00,1245.1,0,464417,5953,
2026-09-22 11:50:31,GetHistory,NIFTY 50,NSE_IDX,15minute,94,2026-09-22 11:30:00,23371.6,0,0,3958,
2026-09-22 11:50:35,GetHistory,NIFTY BANK,NSE_IDX,15minute,94,2026-09-22 11:30:00,56259.4,0,0,4701,
2026-09-22 11:50:37,GetHistory,NIFTY 50,NSE_IDX,1minute,147,2026-09-22 11:35:00,23377.5,0,0,1415,
2026-09-22 11:50:38,GetHistory,RELIANCE,NSE,1minute,141,2026-09-22 11:35:00,1248.2,0,47289,984,
2026-09-22 11:50:39,GetHistory,FUTIDX_NIFTY_29SEP2026_XX_0,NFO,1minute,141,2026-09-22 11:35:00,23388.0,16919305,2925,1294,
2026-09-22 11:50:40,GetHistory,OPTIDX_NIFTY_22SEP2026_CE_23400,NFO,1minute,141,2026-09-22 11:35:00,33.25,38184835,6896175,1160,
2026-09-22 11:51:08,GetExchangeSnapshot,NFO,NFO,1minute,2815,2026-09-22 11:36:00,2535,603185,2815,28298,
2026-09-22 11:52:20,GetHistory,NIFTY 50,NSE_IDX,1minute,149,2026-09-22 11:37:00,23379.0,0,0,1933,
2026-09-22 11:52:22,GetHistory,RELIANCE,NSE,1minute,143,2026-09-22 11:37:00,1247.8,0,42180,1124,
2026-09-22 11:52:23,GetHistory,FUTIDX_NIFTY_29SEP2026_XX_0,NFO,1minute,143,2026-09-22 11:37:00,23390.0,16918525,715,1517,
2026-09-22 11:52:24,GetHistory,OPTIDX_NIFTY_22SEP2026_CE_23400,NFO,1minute,143,2026-09-22 11:37:00,33.3,38612275,2437175,985,
2026-09-22 11:52:54,GetExchangeSnapshot,NFO,NFO,1minute,2832,2026-09-22 11:37:00,2571,606211,2832,29756,
2026-09-22 11:53:19,GetExchangeSnapshot,NSE,NSE,1minute,1599,2026-09-22 11:38:00,2,300746,1599,25234,
2026-09-22 11:54:32,GetHistory,NIFTY 50,NSE_IDX,1minute,151,2026-09-22 11:39:00,23370.6,0,0,3723,
2026-09-22 11:54:33,GetHistory,RELIANCE,NSE,1minute,145,2026-09-22 11:39:00,1246.0,0,31724,983,
2026-09-22 11:54:34,GetHistory,FUTIDX_NIFTY_29SEP2026_XX_0,NFO,1minute,145,2026-09-22 11:39:00,23378.3,16919760,6240,1317,
2026-09-22 11:54:36,GetHistory,OPTIDX_NIFTY_22SEP2026_CE_23400,NFO,1minute,145,2026-09-22 11:39:00,29.9,39058045,5694780,1435,
2026-09-22 11:55:03,GetExchangeSnapshot,NFO,NFO,1minute,3204,2026-09-22 11:39:00,2899,685741,3204,27079,
2026-09-22 11:55:15,GetHistory,FUTIDX_BANKNIFTY_29SEP2026_XX_0,NFO,15minute,51,2026-09-22 11:30:00,56408.0,1996080,14820,3134,
2026-09-22 11:55:16,GetHistory,FUTIDX_NIFTY_29SEP2026_XX_0,NFO,15minute,51,2026-09-22 11:30:00,23384.0,16919565,37180,1263,
2026-09-22 11:55:17,GetHistory,FUTSTK_RELIANCE_29SEP2026_XX_0,NFO,15minute,51,2026-09-22 11:30:00,1246.7,121714500,288000,1187,
2026-09-22 11:55:18,GetHistory,OPTIDX_BANKNIFTY_29SEP2026_CE_56500,NFO,15minute,51,2026-09-22 11:30:00,319.3,1084200,273360,997,
2026-09-22 11:55:19,GetHistory,OPTIDX_BANKNIFTY_29SEP2026_PE_56500,NFO,15minute,51,2026-09-22 11:30:00,431.0,779970,260910,1046,
2026-09-22 11:55:23,GetHistory,OPTIDX_NIFTY_22SEP2026_CE_23400,NFO,15minute,51,2026-09-22 11:30:00,30.65,39718185,52483470,3422,
2026-09-22 11:55:23,GetHistory,OPTIDX_NIFTY_22SEP2026_PE_23400,NFO,15minute,51,2026-09-22 11:30:00,61.25,26360490,52931255,703,
2026-09-22 11:55:26,GetHistory,HDFCBANK,NSE,15minute,53,2026-09-22 11:30:00,744.9,0,652116,2592,
2026-09-22 11:55:28,GetHistory,RELIANCE,NSE,15minute,53,2026-09-22 11:30:00,1245.1,0,464417,2175,
2026-09-22 11:55:32,GetHistory,NIFTY 50,NSE_IDX,15minute,94,2026-09-22 11:30:00,23371.6,0,0,4102,
2026-09-22 11:55:40,GetHistory,NIFTY BANK,NSE_IDX,15minute,94,2026-09-22 11:30:00,56259.4,0,0,7680,
2026-09-22 11:56:51,GetHistory,NIFTY 50,NSE_IDX,1minute,153,2026-09-22 11:41:00,23373.45,0,0,2134,
2026-09-22 11:56:52,GetHistory,RELIANCE,NSE,1minute,147,2026-09-22 11:41:00,1245.1,0,59416,1230,
2026-09-22 11:56:53,GetHistory,FUTIDX_NIFTY_29SEP2026_XX_0,NFO,1minute,147,2026-09-22 11:41:00,23380.0,16919695,780,556,
2026-09-22 11:56:55,GetHistory,OPTIDX_NIFTY_22SEP2026_CE_23400,NFO,1minute,147,2026-09-22 11:41:00,30.5,38974455,2880865,1934,
2026-09-22 11:57:23,GetExchangeSnapshot,NFO,NFO,1minute,2730,2026-09-22 11:42:00,2455,584627,2730,27992,
2026-09-22 11:57:48,GetExchangeSnapshot,NSE,NSE,1minute,1562,2026-09-22 11:42:00,1,293755,1562,25475,
2026-09-22 11:59:13,GetHistory,NIFTY 50,NSE_IDX,1minute,156,2026-09-22 11:44:00,23371.6,0,0,6959,
2026-09-22 11:59:15,GetHistory,RELIANCE,NSE,1minute,150,2026-09-22 11:44:00,1245.1,0,9106,1859,
2026-09-22 11:59:16,GetHistory,FUTIDX_NIFTY_29SEP2026_XX_0,NFO,1minute,150,2026-09-22 11:44:00,23384.0,16919565,1755,1076,
2026-09-22 11:59:18,GetHistory,OPTIDX_NIFTY_22SEP2026_CE_23400,NFO,1minute,150,2026-09-22 11:44:00,30.65,39718185,2218060,1483,
2026-09-22 11:59:44,GetExchangeSnapshot,NFO,NFO,1minute,2826,2026-09-22 11:44:00,2543,604884,2826,26680,
2026-09-22 12:00:09,GetExchangeSnapshot,NSE,NSE,1minute,1597,2026-09-22 11:45:00,1,300254,1597,24111,
2026-09-22 12:00:28,GetHistory,FUTIDX_BANKNIFTY_29SEP2026_XX_0,NFO,15minute,51,2026-09-22 11:45:00,56420.0,1998870,11460,1705,
2026-09-22 12:00:31,GetHistory,FUTIDX_NIFTY_29SEP2026_XX_0,NFO,15minute,51,2026-09-22 11:45:00,23366.0,16931655,121420,2106,
2026-09-22 12:00:38,GetHistory,FUTSTK_RELIANCE_29SEP2026_XX_0,NFO,15minute,51,2026-09-22 11:45:00,1245.2,121715000,384500,7515,
2026-09-22 12:00:39,GetHistory,OPTIDX_BANKNIFTY_29SEP2026_CE_56500,NFO,15minute,51,2026-09-22 11:45:00,323.0,1099230,190410,1079,
2026-09-22 12:00:40,GetHistory,OPTIDX_BANKNIFTY_29SEP2026_PE_56500,NFO,15minute,51,2026-09-22 11:45:00,420.0,788430,186510,1092,
2026-09-22 12:00:42,GetHistory,OPTIDX_NIFTY_22SEP2026_CE_23400,NFO,15minute,51,2026-09-22 11:45:00,24.65,42476460,57614440,1250,
2026-09-22 12:00:42,GetHistory,OPTIDX_NIFTY_22SEP2026_PE_23400,NFO,15minute,51,2026-09-22 11:45:00,69.8,21154640,60582015,762,
2026-09-22 12:00:45,GetHistory,HDFCBANK,NSE,15minute,53,2026-09-22 11:45:00,744.05,0,1102645,2428,
2026-09-22 12:00:47,GetHistory,RELIANCE,NSE,15minute,53,2026-09-22 11:45:00,1244.3,0,290491,2214,
2026-09-22 12:00:55,GetHistory,NIFTY 50,NSE_IDX,15minute,94,2026-09-22 11:45:00,23360.55,0,0,7859,
2026-09-22 12:00:59,GetHistory,NIFTY BANK,NSE_IDX,15minute,94,2026-09-22 11:45:00,56263.65,0,0,4250,
2026-09-22 12:01:20,GetHistory,NIFTY 50,NSE_IDX,1minute,158,2026-09-22 11:46:00,23360.75,0,0,3139,
2026-09-22 12:01:22,GetHistory,RELIANCE,NSE,1minute,152,2026-09-22 11:46:00,1243.2,0,42135,2149,
2026-09-22 12:01:24,GetHistory,FUTIDX_NIFTY_29SEP2026_XX_0,NFO,1minute,152,2026-09-22 11:46:00,23366.1,16922100,33020,1329,
2026-09-22 12:01:25,GetHistory,OPTIDX_NIFTY_22SEP2026_CE_23400,NFO,1minute,152,2026-09-22 11:46:00,27.4,40153035,5998785,1467,
2026-09-22 12:01:52,GetExchangeSnapshot,NFO,NFO,1minute,3273,2026-09-22 11:46:00,2978,700809,3273,27261,
2026-09-22 12:03:33,GetHistory,NIFTY 50,NSE_IDX,1minute,160,2026-09-22 11:48:00,23365.0,0,0,585,
2026-09-22 12:03:38,GetHistory,RELIANCE,NSE,1minute,154,2026-09-22 11:48:00,1243.0,0,41200,5725,
2026-09-22 12:03:39,GetHistory,FUTIDX_NIFTY_29SEP2026_XX_0,NFO,1minute,154,2026-09-22 11:48:00,23374.9,16929315,3705,605,
2026-09-22 12:03:40,GetHistory,OPTIDX_NIFTY_22SEP2026_CE_23400,NFO,1minute,154,2026-09-22 11:48:00,27.3,40257035,3344705,980,
2026-09-22 12:04:08,GetExchangeSnapshot,NFO,NFO,1minute,2830,2026-09-22 11:49:00,2563,606001,2830,27741,
2026-09-22 12:04:31,GetExchangeSnapshot,NSE,NSE,1minute,1563,2026-09-22 11:49:00,1,293976,1563,23274,
2026-09-22 12:05:29,GetHistory,FUTIDX_BANKNIFTY_29SEP2026_XX_0,NFO,15minute,51,2026-09-22 11:45:00,56420.0,1998870,11460,2128,
2026-09-22 12:05:30,GetHistory,FUTIDX_NIFTY_29SEP2026_XX_0,NFO,15minute,51,2026-09-22 11:45:00,23366.0,16931655,121420,1235,
2026-09-22 12:05:31,GetHistory,FUTSTK_RELIANCE_29SEP2026_XX_0,NFO,15minute,51,2026-09-22 11:45:00,1245.2,121715000,384500,1173,
2026-09-22 12:05:32,GetHistory,OPTIDX_BANKNIFTY_29SEP2026_CE_56500,NFO,15minute,51,2026-09-22 11:45:00,323.0,1099230,190410,1062,
2026-09-22 12:05:33,GetHistory,OPTIDX_BANKNIFTY_29SEP2026_PE_56500,NFO,15minute,51,2026-09-22 11:45:00,420.0,788430,186510,1074,
2026-09-22 12:05:38,GetHistory,OPTIDX_NIFTY_22SEP2026_CE_23400,NFO,15minute,51,2026-09-22 11:45:00,24.65,42476460,57614440,4628,
2026-09-22 12:05:39,GetHistory,OPTIDX_NIFTY_22SEP2026_PE_23400,NFO,15minute,51,2026-09-22 11:45:00,69.8,21154640,60582015,780,
2026-09-22 12:05:41,GetHistory,HDFCBANK,NSE,15minute,53,2026-09-22 11:45:00,744.05,0,1102645,2716,
2026-09-22 12:05:44,GetHistory,RELIANCE,NSE,15minute,53,2026-09-22 11:45:00,1244.3,0,290491,2142,
2026-09-22 12:05:48,GetHistory,NIFTY 50,NSE_IDX,15minute,94,2026-09-22 11:45:00,23360.55,0,0,4064,
2026-09-22 12:05:51,GetHistory,NIFTY BANK,NSE_IDX,15minute,94,2026-09-22 11:45:00,56263.65,0,0,3734,
2026-09-22 12:06:03,GetHistory,NIFTY 50,NSE_IDX,1minute,162,2026-09-22 11:51:00,23357.55,0,0,1867,
2026-09-22 12:06:04,GetHistory,RELIANCE,NSE,1minute,157,2026-09-22 11:51:00,1243.4,0,5435,1464,
2026-09-22 12:06:05,GetHistory,FUTIDX_NIFTY_29SEP2026_XX_0,NFO,1minute,157,2026-09-22 11:51:00,23364.7,16929640,12740,519,
2026-09-22 12:06:06,GetHistory,OPTIDX_NIFTY_22SEP2026_CE_23400,NFO,1minute,157,2026-09-22 11:51:00,24.1,41537080,5566340,981,
2026-09-22 12:06:35,GetExchangeSnapshot,NFO,NFO,1minute,3167,2026-09-22 11:51:00,2864,678499,3167,29116,
2026-09-22 12:08:24,GetHistory,NIFTY 50,NSE_IDX,1minute,164,2026-09-22 11:53:00,23359.05,0,0,1073,
2026-09-22 12:08:28,GetHistory,RELIANCE,NSE,1minute,159,2026-09-22 11:53:00,1243.4,0,3430,4463,
2026-09-22 12:08:29,GetHistory,FUTIDX_NIFTY_29SEP2026_XX_0,NFO,1minute,159,2026-09-22 11:53:00,23362.0,16932565,6955,557,
2026-09-22 12:08:30,GetHistory,OPTIDX_NIFTY_22SEP2026_CE_23400,NFO,1minute,159,2026-09-22 11:53:00,25.6,41266875,1801540,983,
2026-09-22 12:08:57,GetExchangeSnapshot,NFO,NFO,1minute,2685,2026-09-22 11:53:00,2425,574546,2685,27097,
2026-09-22 12:09:20,GetExchangeSnapshot,NSE,NSE,1minute,1631,2026-09-22 11:54:00,2,306854,1631,23362,
2026-09-22 12:10:31,GetHistory,FUTIDX_BANKNIFTY_29SEP2026_XX_0,NFO,15minute,51,2026-09-22 11:45:00,56420.0,1998870,11460,2024,
2026-09-22 12:10:32,GetHistory,FUTIDX_NIFTY_29SEP2026_XX_0,NFO,15minute,51,2026-09-22 11:45:00,23366.0,16931655,121420,1290,
2026-09-22 12:10:34,GetHistory,FUTSTK_RELIANCE_29SEP2026_XX_0,NFO,15minute,51,2026-09-22 11:45:00,1245.2,121715000,384500,1236,
2026-09-22 12:10:35,GetHistory,OPTIDX_BANKNIFTY_29SEP2026_CE_56500,NFO,15minute,51,2026-09-22 11:45:00,323.0,1099230,190410,1095,
2026-09-22 12:10:36,GetHistory,OPTIDX_BANKNIFTY_29SEP2026_PE_56500,NFO,15minute,51,2026-09-22 11:45:00,420.0,788430,186510,1073,
2026-09-22 12:10:36,GetHistory,OPTIDX_NIFTY_22SEP2026_CE_23400,NFO,15minute,51,2026-09-22 11:45:00,24.65,42476460,57614440,705,
2026-09-22 12:10:37,GetHistory,OPTIDX_NIFTY_22SEP2026_PE_23400,NFO,15minute,51,2026-09-22 11:45:00,69.8,21154640,60582015,951,
2026-09-22 12:10:40,GetHistory,HDFCBANK,NSE,15minute,53,2026-09-22 11:45:00,744.05,0,1102645,2514,
2026-09-22 12:10:44,GetHistory,RELIANCE,NSE,15minute,53,2026-09-22 11:45:00,1244.3,0,290491,4423,
2026-09-22 12:10:48,GetHistory,NIFTY 50,NSE_IDX,15minute,94,2026-09-22 11:45:00,23360.55,0,0,3541,
2026-09-22 12:10:52,GetHistory,NIFTY BANK,NSE_IDX,15minute,94,2026-09-22 11:45:00,56263.65,0,0,3724,
2026-09-22 12:10:52,GetHistory,NIFTY 50,NSE_IDX,1minute,166,2026-09-22 11:55:00,23349.0,0,0,778,
2026-09-22 12:10:53,GetHistory,RELIANCE,NSE,1minute,161,2026-09-22 11:55:00,1243.1,0,8848,696,
2026-09-22 12:10:54,GetHistory,FUTIDX_NIFTY_29SEP2026_XX_0,NFO,1minute,161,2026-09-22 11:55:00,23356.1,16932565,8515,1092,
2026-09-22 12:10:55,GetHistory,OPTIDX_NIFTY_22SEP2026_CE_23400,NFO,1minute,161,2026-09-22 11:55:00,23.0,41913625,5031650,979,
2026-09-22 12:11:23,GetExchangeSnapshot,NFO,NFO,1minute,3250,2026-09-22 11:56:00,2944,696166,3250,27705,
2026-09-22 12:12:34,GetHistory,NIFTY 50,NSE_IDX,1minute,168,2026-09-22 11:57:00,23354.1,0,0,1874,
2026-09-22 12:12:34,GetHistory,RELIANCE,NSE,1minute,163,2026-09-22 11:57:00,1243.0,0,27089,554,
2026-09-22 12:12:35,GetHistory,FUTIDX_NIFTY_29SEP2026_XX_0,NFO,1minute,163,2026-09-22 11:57:00,23367.7,16931135,2210,979,
2026-09-22 12:12:36,GetHistory,OPTIDX_NIFTY_22SEP2026_CE_23400,NFO,1minute,163,2026-09-22 11:57:00,23.25,41341430,3732040,1091,
2026-09-22 12:13:04,GetExchangeSnapshot,NFO,NFO,1minute,2856,2026-09-22 11:57:00,2587,611338,2856,27551,
2026-09-22 12:13:27,GetExchangeSnapshot,NSE,NSE,1minute,1573,2026-09-22 11:58:00,2,295784,1573,23365,
2026-09-22 12:14:37,GetHistory,NIFTY 50,NSE_IDX,1minute,170,2026-09-22 11:59:00,23360.55,0,0,992,
2026-09-22 12:14:38,GetHistory,RELIANCE,NSE,1minute,165,2026-09-22 11:59:00,1244.3,0,52374,976,
2026-09-22 12:14:39,GetHistory,FUTIDX_NIFTY_29SEP2026_XX_0,NFO,1minute,165,2026-09-22 11:59:00,23366.0,16931655,6825,989,
2026-09-22 12:14:40,GetHistory,OPTIDX_NIFTY_22SEP2026_CE_23400,NFO,1minute,165,2026-09-22 11:59:00,24.65,42476460,3670615,973,
2026-09-22 12:15:06,GetExchangeSnapshot,NFO,NFO,1minute,2752,2026-09-22 12:00:00,2456,589016,2752,26380,
2026-09-22 12:15:55,GetHistory,FUTIDX_BANKNIFTY_29SEP2026_XX_0,NFO,15minute,51,2026-09-22 12:00:00,56419.0,1999710,7590,1689,
2026-09-22 12:15:57,GetHistory,FUTIDX_NIFTY_29SEP2026_XX_0,NFO,15minute,51,2026-09-22 12:00:00,23374.7,16935685,50895,1200,
2026-09-22 12:15:59,GetHistory,FUTSTK_RELIANCE_29SEP2026_XX_0,NFO,15minute,51,2026-09-22 12:00:00,1245.7,121718500,144500,2562,
2026-09-22 12:16:00,GetHistory,OPTIDX_BANKNIFTY_29SEP2026_CE_56500,NFO,15minute,51,2026-09-22 12:00:00,322.0,1103640,139680,1080,
2026-09-22 12:16:01,GetHistory,OPTIDX_BANKNIFTY_29SEP2026_PE_56500,NFO,15minute,51,2026-09-22 12:00:00,422.7,795960,104010,1073,
2026-09-22 12:16:04,GetHistory,OPTIDX_NIFTY_22SEP2026_CE_23400,NFO,15minute,51,2026-09-22 12:00:00,23.5,44942950,37827465,2256,
2026-09-22 12:16:04,GetHistory,OPTIDX_NIFTY_22SEP2026_PE_23400,NFO,15minute,51,2026-09-22 12:00:00,70.15,21217625,27845870,712,
2026-09-22 12:16:07,GetHistory,HDFCBANK,NSE,15minute,53,2026-09-22 12:00:00,743.8,0,731384,2421,
2026-09-22 12:16:09,GetHistory,RELIANCE,NSE,15minute,53,2026-09-22 12:00:00,1243.5,0,264133,2189,
2026-09-22 12:16:15,GetHistory,NIFTY 50,NSE_IDX,15minute,94,2026-09-22 12:00:00,23356.8,0,0,5609,
2026-09-22 12:16:19,GetHistory,NIFTY BANK,NSE_IDX,15minute,94,2026-09-22 12:00:00,56264.2,0,0,3998,
2026-09-22 12:17:08,GetHistory,NIFTY 50,NSE_IDX,1minute,173,2026-09-22 12:02:00,23355.9,0,0,995,
2026-09-22 12:17:09,GetHistory,RELIANCE,NSE,1minute,168,2026-09-22 12:02:00,1243.1,0,41714,870,
2026-09-22 12:17:10,GetHistory,FUTIDX_NIFTY_29SEP2026_XX_0,NFO,1minute,168,2026-09-22 12:02:00,23368.0,16934710,1820,1087,
2026-09-22 12:17:11,GetHistory,OPTIDX_NIFTY_22SEP2026_CE_23400,NFO,1minute,168,2026-09-22 12:02:00,23.85,43809610,2271945,873,
2026-09-22 12:17:38,GetExchangeSnapshot,NFO,NFO,1minute,2725,2026-09-22 12:02:00,2466,583610,2725,27459,
2026-09-22 12:18:02,GetExchangeSnapshot,NSE,NSE,1minute,1589,2026-09-22 12:02:00,1,299003,1589,23865,
2026-09-22 12:19:12,GetHistory,NIFTY 50,NSE_IDX,1minute,175,2026-09-22 12:04:00,23359.9,0,0,990,
2026-09-22 12:19:17,GetHistory,RELIANCE,NSE,1minute,170,2026-09-22 12:04:00,1243.4,0,22436,4719,
2026-09-22 12:19:17,GetHistory,FUTIDX_NIFTY_29SEP2026_XX_0,NFO,1minute,170,2026-09-22 12:04:00,23377.7,16932825,2795,523,
2026-09-22 12:19:18,GetHistory,OPTIDX_NIFTY_22SEP2026_CE_23400,NFO,1minute,170,2026-09-22 12:04:00,25.05,43967365,2066935,982,
2026-09-22 12:19:45,GetExchangeSnapshot,NFO,NFO,1minute,2693,2026-09-22 12:04:00,2441,576455,2693,26442,
2026-09-22 12:20:08,GetExchangeSnapshot,NSE,NSE,1minute,1573,2026-09-22 12:05:00,1,295860,1573,23600,
2026-09-22 12:20:49,GetHistory,FUTIDX_BANKNIFTY_29SEP2026_XX_0,NFO,15minute,51,2026-09-22 12:00:00,56419.0,1999710,7590,1685,
2026-09-22 12:20:50,GetHistory,FUTIDX_NIFTY_29SEP2026_XX_0,NFO,15minute,51,2026-09-22 12:00:00,23374.7,16935685,50895,1745,
2026-09-22 12:20:51,GetHistory,FUTSTK_RELIANCE_29SEP2026_XX_0,NFO,15minute,51,2026-09-22 12:00:00,1245.7,121718500,144500,1127,
2026-09-22 12:20:55,GetHistory,OPTIDX_BANKNIFTY_29SEP2026_CE_56500,NFO,15minute,51,2026-09-22 12:00:00,322.0,1103640,139680,3990,
2026-09-22 12:20:56,GetHistory,OPTIDX_BANKNIFTY_29SEP2026_PE_56500,NFO,15minute,51,2026-09-22 12:00:00,422.7,795960,104010,1025,
2026-09-22 12:20:57,GetHistory,OPTIDX_NIFTY_22SEP2026_CE_23400,NFO,15minute,51,2026-09-22 12:00:00,23.5,44942950,37827465,593,
2026-09-22 12:20:58,GetHistory,OPTIDX_NIFTY_22SEP2026_PE_23400,NFO,15minute,51,2026-09-22 12:00:00,70.15,21217625,27845870,1062,
2026-09-22 12:21:00,GetHistory,HDFCBANK,NSE,15minute,53,2026-09-22 12:00:00,743.8,0,731384,2407,
2026-09-22 12:21:03,GetHistory,RELIANCE,NSE,15minute,53,2026-09-22 12:00:00,1243.5,0,264133,2778,
2026-09-22 12:21:08,GetHistory,NIFTY 50,NSE_IDX,15minute,94,2026-09-22 12:00:00,23356.8,0,0,4518,
2026-09-22 12:21:11,GetHistory,NIFTY BANK,NSE_IDX,15minute,94,2026-09-22 12:00:00,56264.2,0,0,3610,
2026-09-22 12:21:25,GetHistory,NIFTY 50,NSE_IDX,1minute,177,2026-09-22 12:06:00,23360.65,0,0,4978,
2026-09-22 12:21:25,GetHistory,RELIANCE,NSE,1minute,172,2026-09-22 12:06:00,1244.4,0,20905,566,
2026-09-22 12:21:26,GetHistory,FUTIDX_NIFTY_29SEP2026_XX_0,NFO,1minute,172,2026-09-22 12:06:00,23371.6,16933020,2665,986,
2026-09-22 12:21:27,GetHistory,OPTIDX_NIFTY_22SEP2026_CE_23400,NFO,1minute,172,2026-09-22 12:06:00,24.95,44557695,2936570,1041,
2026-09-22 12:21:54,GetExchangeSnapshot,NFO,NFO,1minute,2599,2026-09-22 12:06:00,2339,556594,2599,26261,
2026-09-22 12:23:34,GetHistory,NIFTY 50,NSE_IDX,1minute,179,2026-09-22 12:08:00,23362.95,0,0,1422,
2026-09-22 12:23:35,GetHistory,RELIANCE,NSE,1minute,174,2026-09-22 12:08:00,1243.7,0,4776,650,
2026-09-22 12:23:39,GetHistory,FUTIDX_NIFTY_29SEP2026_XX_0,NFO,1minute,174,2026-09-22 12:08:00,23376.0,16934320,2470,4262,
2026-09-22 12:23:40,GetHistory,OPTIDX_NIFTY_22SEP2026_CE_23400,NFO,1minute,174,2026-09-22 12:08:00,26.4,44682755,2696655,542,
2026-09-22 12:24:07,GetExchangeSnapshot,NFO,NFO,1minute,2563,2026-09-22 12:09:00,2297,548990,2563,26960,
2026-09-22 12:24:30,GetExchangeSnapshot,NSE,NSE,1minute,1569,2026-09-22 12:09:00,2,295304,1569,23853,
2026-09-22 12:25:41,GetHistory,NIFTY 50,NSE_IDX,1minute,181,2026-09-22 12:10:00,23363.35,0,0,999,
2026-09-22 12:25:42,GetHistory,RELIANCE,NSE,1minute,176,2026-09-22 12:10:00,1244.1,0,7636,1086,
2026-09-22 12:25:45,GetHistory,FUTIDX_NIFTY_29SEP2026_XX_0,NFO,1minute,176,2026-09-22 12:10:00,23380.0,16934255,715,2791,
2026-09-22 12:25:46,GetHistory,OPTIDX_NIFTY_22SEP2026_CE_23400,NFO,1minute,176,2026-09-22 12:10:00,25.0,44972395,3043430,1027,
2026-09-22 12:26:12,GetExchangeSnapshot,NFO,NFO,1minute,2630,2026-09-22 12:11:00,2373,562916,2630,26073,
2026-09-22 12:26:23,GetHistory,FUTIDX_BANKNIFTY_29SEP2026_XX_0,NFO,15minute,51,2026-09-22 12:00:00,56419.0,1999710,7590,1679,
2026-09-22 12:26:24,GetHistory,FUTIDX_NIFTY_29SEP2026_XX_0,NFO,15minute,51,2026-09-22 12:00:00,23374.7,16935685,50895,1198,
2026-09-22 12:26:27,GetHistory,FUTSTK_RELIANCE_29SEP2026_XX_0,NFO,15minute,51,2026-09-22 12:00:00,1245.7,121718500,144500,2891,
2026-09-22 12:26:28,GetHistory,OPTIDX_BANKNIFTY_29SEP2026_CE_56500,NFO,15minute,51,2026-09-22 12:00:00,322.0,1103640,139680,970,
2026-09-22 12:26:29,GetHistory,OPTIDX_BANKNIFTY_29SEP2026_PE_56500,NFO,15minute,51,2026-09-22 12:00:00,422.7,795960,104010,1074,
2026-09-22 12:26:29,GetHistory,OPTIDX_NIFTY_22SEP2026_CE_23400,NFO,15minute,51,2026-09-22 12:00:00,23.5,44942950,37827465,705,
2026-09-22 12:26:31,GetHistory,OPTIDX_NIFTY_22SEP2026_PE_23400,NFO,15minute,51,2026-09-22 12:00:00,70.15,21217625,27845870,1063,
2026-09-22 12:26:33,GetHistory,HDFCBANK,NSE,15minute,53,2026-09-22 12:00:00,743.8,0,731384,2293,
2026-09-22 12:26:37,GetHistory,RELIANCE,NSE,15minute,53,2026-09-22 12:00:00,1243.5,0,264133,4627,
2026-09-22 12:26:41,GetHistory,NIFTY 50,NSE_IDX,15minute,94,2026-09-22 12:00:00,23356.8,0,0,3558,
2026-09-22 12:26:45,GetHistory,NIFTY BANK,NSE_IDX,15minute,94,2026-09-22 12:00:00,56264.2,0,0,3666,
2026-09-22 12:27:55,GetHistory,NIFTY 50,NSE_IDX,1minute,183,2026-09-22 12:12:00,23359.95,0,0,1699,
2026-09-22 12:27:56,GetHistory,RELIANCE,NSE,1minute,178,2026-09-22 12:12:00,1243.8,0,3360,491,
2026-09-22 12:27:59,GetHistory,FUTIDX_NIFTY_29SEP2026_XX_0,NFO,1minute,178,2026-09-22 12:12:00,23365.1,16934970,3510,3936,
2026-09-22 12:28:00,GetHistory,OPTIDX_NIFTY_22SEP2026_CE_23400,NFO,1minute,179,2026-09-22 12:13:00,23.2,45287710,2173340,540,
2026-09-22 12:28:27,GetExchangeSnapshot,NFO,NFO,1minute,2582,2026-09-22 12:13:00,2326,552659,2582,26862,
2026-09-22 12:28:51,GetExchangeSnapshot,NSE,NSE,1minute,1586,2026-09-22 12:13:00,1,298055,1586,23713,
2026-09-22 12:30:00,GetHistory,NIFTY 50,NSE_IDX,1minute,186,2026-09-22 12:15:00,23350.85,0,0,885,
2026-09-22 12:30:02,GetHistory,RELIANCE,NSE,1minute,181,2026-09-22 12:15:00,1243.6,0,5624,2020,
2026-09-22 12:30:03,GetHistory,FUTIDX_NIFTY_29SEP2026_XX_0,NFO,1minute,181,2026-09-22 12:15:00,23356.4,16935360,17095,514,
2026-09-22 12:30:04,GetHistory,OPTIDX_NIFTY_22SEP2026_CE_23400,NFO,1minute,181,2026-09-22 12:15:00,22.15,44894915,3648970,1089,
2026-09-22 12:30:31,GetExchangeSnapshot,NFO,NFO,1minute,2873,2026-09-22 12:15:00,2595,615165,2873,27022,
2026-09-22 12:31:51,GetHistory,FUTIDX_BANKNIFTY_29SEP2026_XX_0,NFO,15minute,51,2026-09-22 12:15:00,56440.0,1975200,3270,2681,
2026-09-22 12:31:52,GetHistory,FUTIDX_NIFTY_29SEP2026_XX_0,NFO,15minute,51,2026-09-22 12:15:00,23380.5,16870685,62855,1264,
2026-09-22 12:31:54,GetHistory,FUTSTK_RELIANCE_29SEP2026_XX_0,NFO,15minute,51,2026-09-22 12:15:00,1246.4,121725500,116500,1231,
2026-09-22 12:31:55,GetHistory,OPTIDX_BANKNIFTY_29SEP2026_CE_56500,NFO,15minute,51,2026-09-22 12:15:00,327.45,1091340,118200,1094,
2026-09-22 12:31:56,GetHistory,OPTIDX_BANKNIFTY_29SEP2026_PE_56500,NFO,15minute,51,2026-09-22 12:15:00,407.2,792150,89100,1167,
2026-09-22 12:31:56,GetHistory,OPTIDX_NIFTY_22SEP2026_CE_23400,NFO,15minute,51,2026-09-22 12:15:00,23.6,45659835,39627900,615,
2026-09-22 12:31:58,GetHistory,OPTIDX_NIFTY_22SEP2026_PE_23400,NFO,15minute,51,2026-09-22 12:15:00,67.05,21356400,26377975,1174,
2026-09-22 12:32:03,GetHistory,HDFCBANK,NSE,15minute,53,2026-09-22 12:15:00,743.8,0,859339,5187,
2026-09-22 12:32:05,GetHistory,RELIANCE,NSE,15minute,53,2026-09-22 12:15:00,1244.2,0,338758,2155,
2026-09-22 12:32:09,GetHistory,NIFTY 50,NSE_IDX,15minute,94,2026-09-22 12:15:00,23358.15,0,0,3639,
2026-09-22 12:32:12,GetHistory,NIFTY BANK,NSE_IDX,15minute,94,2026-09-22 12:15:00,56276.0,0,0,3650,
2026-09-22 12:32:34,GetHistory,NIFTY 50,NSE_IDX,1minute,188,2026-09-22 12:17:00,23359.25,0,0,3733,
2026-09-22 12:32:34,GetHistory,RELIANCE,NSE,1minute,183,2026-09-22 12:17:00,1243.8,0,4046,546,
2026-09-22 12:32:35,GetHistory,FUTIDX_NIFTY_29SEP2026_XX_0,NFO,1minute,183,2026-09-22 12:17:00,23363.6,16934060,1430,945,
2026-09-22 12:32:36,GetHistory,OPTIDX_NIFTY_22SEP2026_CE_23400,NFO,1minute,183,2026-09-22 12:17:00,24.45,45069570,2327845,1013,
2026-09-22 12:33:03,GetExchangeSnapshot,NFO,NFO,1minute,2493,2026-09-22 12:17:00,2229,533890,2493,27081,
2026-09-22 12:33:26,GetExchangeSnapshot,NSE,NSE,1minute,1580,2026-09-22 12:18:00,2,297000,1580,23337,
2026-09-22 12:34:37,GetHistory,NIFTY 50,NSE_IDX,1minute,190,2026-09-22 12:19:00,23366.4,0,0,1631,
2026-09-22 12:34:38,GetHistory,RELIANCE,NSE,1minute,185,2026-09-22 12:19:00,1244.5,0,20003,551,
2026-09-22 12:34:39,GetHistory,FUTIDX_NIFTY_29SEP2026_XX_0,NFO,1minute,185,2026-09-22 12:19:00,23375.1,16934905,15730,982,
2026-09-22 12:34:39,GetHistory,OPTIDX_NIFTY_22SEP2026_CE_23400,NFO,1minute,185,2026-09-22 12:19:00,26.55,45485050,3739190,982,
2026-09-22 12:35:05,GetExchangeSnapshot,NFO,NFO,1minute,2576,2026-09-22 12:20:00,2315,551597,2576,25929,
2026-09-22 12:36:46,GetHistory,FUTIDX_BANKNIFTY_29SEP2026_XX_0,NFO,15minute,51,2026-09-22 12:15:00,56440.0,1975200,3270,1706,
2026-09-22 12:36:47,GetHistory,FUTIDX_NIFTY_29SEP2026_XX_0,NFO,15minute,51,2026-09-22 12:15:00,23380.5,16870685,62855,1307,
2026-09-22 12:36:48,GetHistory,FUTSTK_RELIANCE_29SEP2026_XX_0,NFO,15minute,51,2026-09-22 12:15:00,1246.4,121725500,116500,1234,
2026-09-22 12:36:52,GetHistory,OPTIDX_BANKNIFTY_29SEP2026_CE_56500,NFO,15minute,51,2026-09-22 12:15:00,327.45,1091340,118200,4029,
2026-09-22 12:36:53,GetHistory,OPTIDX_BANKNIFTY_29SEP2026_PE_56500,NFO,15minute,51,2026-09-22 12:15:00,407.2,792150,89100,1095,
2026-09-22 12:36:54,GetHistory,OPTIDX_NIFTY_22SEP2026_CE_23400,NFO,15minute,51,2026-09-22 12:15:00,23.6,45659835,39627900,700,
2026-09-22 12:36:55,GetHistory,OPTIDX_NIFTY_22SEP2026_PE_23400,NFO,15minute,51,2026-09-22 12:15:00,67.05,21356400,26377975,1082,
2026-09-22 12:36:58,GetHistory,HDFCBANK,NSE,15minute,53,2026-09-22 12:15:00,743.8,0,859339,2389,
2026-09-22 12:37:00,GetHistory,RELIANCE,NSE,15minute,53,2026-09-22 12:15:00,1244.2,0,338758,2092,
2026-09-22 12:37:06,GetHistory,NIFTY 50,NSE_IDX,15minute,94,2026-09-22 12:15:00,23358.15,0,0,6538,
2026-09-22 12:37:10,GetHistory,NIFTY BANK,NSE_IDX,15minute,94,2026-09-22 12:15:00,56276.0,0,0,3651,
2026-09-22 12:37:12,GetHistory,NIFTY 50,NSE_IDX,1minute,193,2026-09-22 12:22:00,23363.2,0,0,2518,
2026-09-22 12:37:13,GetHistory,RELIANCE,NSE,1minute,188,2026-09-22 12:22:00,1244.4,0,30425,473,
2026-09-22 12:37:14,GetHistory,FUTIDX_NIFTY_29SEP2026_XX_0,NFO,1minute,188,2026-09-22 12:22:00,23375.9,16934515,1170,1090,
2026-09-22 12:37:15,GetHistory,OPTIDX_NIFTY_22SEP2026_CE_23400,NFO,1minute,188,2026-09-22 12:22:00,25.45,45546865,2693275,984,
2026-09-22 12:37:42,GetExchangeSnapshot,NFO,NFO,1minute,2734,2026-09-22 12:22:00,2471,585005,2734,27003,
2026-09-22 12:38:05,GetExchangeSnapshot,NSE,NSE,1minute,1563,2026-09-22 12:23:00,1,293840,1563,23557,
2026-09-22 12:38:45,GetHistory,NIFTY 50,NSE_IDX,1minute,194,2026-09-22 12:23:00,23363.05,0,0,1103,
2026-09-22 12:38:46,GetHistory,RELIANCE,NSE,1minute,189,2026-09-22 12:23:00,1244.3,0,12548,978,
2026-09-22 12:38:47,GetHistory,FUTIDX_NIFTY_29SEP2026_XX_0,NFO,1minute,189,2026-09-22 12:23:00,23375.0,16935230,845,979,
2026-09-22 12:38:48,GetHistory,OPTIDX_NIFTY_22SEP2026_CE_23400,NFO,1minute,189,2026-09-22 12:23:00,25.3,45538025,2145455,983,
2026-09-22 12:39:14,GetExchangeSnapshot,NFO,NFO,1minute,2645,2026-09-22 12:24:00,2359,566442,2645,26249,
2026-09-22 12:39:38,GetExchangeSnapshot,NSE,NSE,1minute,1581,2026-09-22 12:24:00,1,297343,1581,23189,
2026-09-22 12:40:47,GetHistory,NIFTY 50,NSE_IDX,1minute,196,2026-09-22 12:25:00,23361.15,0,0,769,
2026-09-22 12:40:48,GetHistory,RELIANCE,NSE,1minute,191,2026-09-22 12:25:00,1244.6,0,14845,1086,
2026-09-22 12:40:49,GetHistory,FUTIDX_NIFTY_29SEP2026_XX_0,NFO,1minute,191,2026-09-22 12:25:00,23380.2,16935555,4225,874,
2026-09-22 12:40:52,GetHistory,OPTIDX_NIFTY_22SEP2026_CE_23400,NFO,1minute,191,2026-09-22 12:25:00,24.85,45731790,1983085,2539,
2026-09-22 12:41:18,GetExchangeSnapshot,NFO,NFO,1minute,2616,2026-09-22 12:26:00,2368,559589,2616,26900,
2026-09-22 12:42:01,GetHistory,FUTIDX_BANKNIFTY_29SEP2026_XX_0,NFO,15minute,51,2026-09-22 12:15:00,56440.0,1975200,3270,4335,
2026-09-22 12:42:03,GetHistory,FUTIDX_NIFTY_29SEP2026_XX_0,NFO,15minute,51,2026-09-22 12:15:00,23380.5,16870685,62855,1200,
2026-09-22 12:42:04,GetHistory,FUTSTK_RELIANCE_29SEP2026_XX_0,NFO,15minute,51,2026-09-22 12:15:00,1246.4,121725500,116500,1218,
2026-09-22 12:42:09,GetHistory,OPTIDX_BANKNIFTY_29SEP2026_CE_56500,NFO,15minute,51,2026-09-22 12:15:00,327.45,1091340,118200,5136,
2026-09-22 12:42:11,GetHistory,OPTIDX_BANKNIFTY_29SEP2026_PE_56500,NFO,15minute,51,2026-09-22 12:15:00,407.2,792150,89100,1592,
2026-09-22 12:42:11,GetHistory,OPTIDX_NIFTY_22SEP2026_CE_23400,NFO,15minute,51,2026-09-22 12:15:00,23.6,45659835,39627900,578,
2026-09-22 12:42:15,GetHistory,OPTIDX_NIFTY_22SEP2026_PE_23400,NFO,15minute,51,2026-09-22 12:15:00,67.05,21356400,26377975,3876,
2026-09-22 12:42:17,GetHistory,HDFCBANK,NSE,15minute,53,2026-09-22 12:15:00,743.8,0,859339,2123,
2026-09-22 12:42:22,GetHistory,RELIANCE,NSE,15minute,53,2026-09-22 12:15:00,1244.2,0,338758,4362,
2026-09-22 12:42:25,GetHistory,NIFTY 50,NSE_IDX,15minute,94,2026-09-22 12:15:00,23358.15,0,0,3608,
2026-09-22 12:42:29,GetHistory,NIFTY BANK,NSE_IDX,15minute,94,2026-09-22 12:15:00,56276.0,0,0,4358,
2026-09-22 12:43:10,GetHistory,NIFTY 50,NSE_IDX,1minute,199,2026-09-22 12:28:00,23362.95,0,0,1091,
2026-09-22 12:43:11,GetHistory,RELIANCE,NSE,1minute,194,2026-09-22 12:28:00,1244.7,0,10876,978,
2026-09-22 12:43:12,GetHistory,FUTIDX_NIFTY_29SEP2026_XX_0,NFO,1minute,194,2026-09-22 12:28:00,23375.0,16895645,1040,981,
2026-09-22 12:43:13,GetHistory,OPTIDX_NIFTY_22SEP2026_CE_23400,NFO,1minute,194,2026-09-22 12:28:00,25.15,45497205,1555450,983,
2026-09-22 12:43:40,GetExchangeSnapshot,NFO,NFO,1minute,2739,2026-09-22 12:28:00,2477,585694,2739,26530,
2026-09-22 12:44:04,GetExchangeSnapshot,NSE,NSE,1minute,1508,2026-09-22 12:29:00,1,283501,1508,23925,
2026-09-22 12:45:25,GetHistory,NIFTY 50,NSE_IDX,1minute,201,2026-09-22 12:30:00,23353.65,0,0,3677,
2026-09-22 12:45:26,GetHistory,RELIANCE,NSE,1minute,196,2026-09-22 12:30:00,1244.3,0,6512,575,
2026-09-22 12:45:27,GetHistory,FUTIDX_NIFTY_29SEP2026_XX_0,NFO,1minute,196,2026-09-22 12:30:00,23366.6,16870945,4160,984,
2026-09-22 12:45:28,GetHistory,OPTIDX_NIFTY_22SEP2026_CE_23400,NFO,1minute,196,2026-09-22 12:30:00,22.35,45740240,3553290,980,
2026-09-22 12:45:56,GetExchangeSnapshot,NFO,NFO,1minute,2889,2026-09-22 12:30:00,2629,617903,2889,28035,
2026-09-22 12:47:17,GetHistory,FUTIDX_BANKNIFTY_29SEP2026_XX_0,NFO,15minute,51,2026-09-22 12:30:00,56381.0,1972440,6450,2782,
2026-09-22 12:47:19,GetHistory,FUTIDX_NIFTY_29SEP2026_XX_0,NFO,15minute,51,2026-09-22 12:30:00,23364.5,16858660,22815,1930,
2026-09-22 12:47:20,GetHistory,FUTSTK_RELIANCE_29SEP2026_XX_0,NFO,15minute,51,2026-09-22 12:30:00,1245.2,121738500,137500,1046,
2026-09-22 12:47:21,GetHistory,OPTIDX_BANKNIFTY_29SEP2026_CE_56500,NFO,15minute,51,2026-09-22 12:30:00,306.6,1107480,132870,1097,
2026-09-22 12:47:25,GetHistory,OPTIDX_BANKNIFTY_29SEP2026_PE_56500,NFO,15minute,51,2026-09-22 12:30:00,443.2,795330,86010,4545,
2026-09-22 12:47:26,GetHistory,OPTIDX_NIFTY_22SEP2026_CE_23400,NFO,15minute,51,2026-09-22 12:30:00,19.4,46917975,35374170,733,
2026-09-22 12:47:27,GetHistory,OPTIDX_NIFTY_22SEP2026_PE_23400,NFO,15minute,51,2026-09-22 12:30:00,73.8,21078005,21733400,1062,
2026-09-22 12:47:30,GetHistory,HDFCBANK,NSE,15minute,53,2026-09-22 12:30:00,743.3,0,588371,2841,
2026-09-22 12:47:35,GetHistory,RELIANCE,NSE,15minute,53,2026-09-22 12:30:00,1244.0,0,219897,4985,
2026-09-22 12:47:39,GetHistory,NIFTY 50,NSE_IDX,15minute,94,2026-09-22 12:30:00,23346.0,0,0,3751,
2026-09-22 12:47:42,GetHistory,NIFTY BANK,NSE_IDX,15minute,94,2026-09-22 12:30:00,56208.75,0,0,3747,
2026-09-22 12:48:07,GetHistory,NIFTY 50,NSE_IDX,1minute,204,2026-09-22 12:33:00,23359.05,0,0,2567,
2026-09-22 12:48:07,GetHistory,RELIANCE,NSE,1minute,199,2026-09-22 12:33:00,1244.7,0,23630,355,
2026-09-22 12:48:08,GetHistory,FUTIDX_NIFTY_29SEP2026_XX_0,NFO,1minute,199,2026-09-22 12:33:00,23375.0,16855605,1105,1200,
2026-09-22 12:48:09,GetHistory,OPTIDX_NIFTY_22SEP2026_CE_23400,NFO,1minute,199,2026-09-22 12:33:00,23.3,46627815,2055950,869,
2026-09-22 12:48:36,GetExchangeSnapshot,NFO,NFO,1minute,2429,2026-09-22 12:33:00,2203,519894,2429,26467,
2026-09-22 12:48:59,GetExchangeSnapshot,NSE,NSE,1minute,1538,2026-09-22 12:33:00,2,289304,1538,23090,
2026-09-22 12:50:12,GetHistory,NIFTY 50,NSE_IDX,1minute,206,2026-09-22 12:35:00,23363.7,0,0,3969,
2026-09-22 12:50:15,GetHistory,RELIANCE,NSE,1minute,201,2026-09-22 12:35:00,1244.9,0,34692,3184,
2026-09-22 12:50:16,GetHistory,FUTIDX_NIFTY_29SEP2026_XX_0,NFO,1minute,201,2026-09-22 12:35:00,23370.2,16855865,715,1207,
2026-09-22 12:50:17,GetHistory,OPTIDX_NIFTY_22SEP2026_CE_23400,NFO,1minute,201,2026-09-22 12:35:00,24.95,46665320,2062905,543,
2026-09-22 12:50:43,GetExchangeSnapshot,NFO,NFO,1minute,2690,2026-09-22 12:35:00,2444,575676,2690,26336,
2026-09-22 12:52:27,GetHistory,FUTIDX_BANKNIFTY_29SEP2026_XX_0,NFO,15minute,51,2026-09-22 12:30:00,56381.0,1972440,6450,1680,
2026-09-22 12:52:31,GetHistory,FUTIDX_NIFTY_29SEP2026_XX_0,NFO,15minute,51,2026-09-22 12:30:00,23364.5,16858660,22815,4275,
2026-09-22 12:52:32,GetHistory,FUTSTK_RELIANCE_29SEP2026_XX_0,NFO,15minute,51,2026-09-22 12:30:00,1245.2,121738500,137500,1247,
2026-09-22 12:52:33,GetHistory,OPTIDX_BANKNIFTY_29SEP2026_CE_56500,NFO,15minute,51,2026-09-22 12:30:00,306.6,1107480,132870,988,
2026-09-22 12:52:34,GetHistory,OPTIDX_BANKNIFTY_29SEP2026_PE_56500,NFO,15minute,51,2026-09-22 12:30:00,443.2,795330,86010,1075,
2026-09-22 12:52:35,GetHistory,OPTIDX_NIFTY_22SEP2026_CE_23400,NFO,15minute,51,2026-09-22 12:30:00,19.4,46917975,35374170,591,
2026-09-22 12:52:36,GetHistory,OPTIDX_NIFTY_22SEP2026_PE_23400,NFO,15minute,51,2026-09-22 12:30:00,73.8,21078005,21733400,1169,
2026-09-22 12:52:38,GetHistory,HDFCBANK,NSE,15minute,53,2026-09-22 12:30:00,743.3,0,588371,2405,
2026-09-22 12:52:43,GetHistory,RELIANCE,NSE,15minute,53,2026-09-22 12:30:00,1244.0,0,219897,4770,
2026-09-22 12:52:47,GetHistory,NIFTY 50,NSE_IDX,15minute,94,2026-09-22 12:30:00,23346.0,0,0,3622,
2026-09-22 12:52:50,GetHistory,NIFTY BANK,NSE_IDX,15minute,94,2026-09-22 12:30:00,56208.75,0,0,3637,
2026-09-22 12:52:52,GetHistory,NIFTY 50,NSE_IDX,1minute,208,2026-09-22 12:37:00,23359.25,0,0,1562,
2026-09-22 12:52:52,GetHistory,RELIANCE,NSE,1minute,203,2026-09-22 12:37:00,1244.7,0,13498,558,
2026-09-22 12:52:53,GetHistory,FUTIDX_NIFTY_29SEP2026_XX_0,NFO,1minute,203,2026-09-22 12:37:00,23377.8,16855995,390,878,
2026-09-22 12:52:54,GetHistory,OPTIDX_NIFTY_22SEP2026_CE_23400,NFO,1minute,203,2026-09-22 12:37:00,24.25,46954700,1403025,1086,
2026-09-22 12:53:21,GetExchangeSnapshot,NFO,NFO,1minute,2598,2026-09-22 12:38:00,2341,556261,2598,26595,
2026-09-22 12:53:45,GetExchangeSnapshot,NSE,NSE,1minute,1554,2026-09-22 12:38:00,1,292243,1554,23911,
2026-09-22 12:54:25,GetHistory,NIFTY 50,NSE_IDX,1minute,210,2026-09-22 12:39:00,23358.05,0,0,1122,
2026-09-22 12:54:25,GetHistory,RELIANCE,NSE,1minute,205,2026-09-22 12:39:00,1244.2,0,7429,839,
2026-09-22 12:54:27,GetHistory,FUTIDX_NIFTY_29SEP2026_XX_0,NFO,1minute,205,2026-09-22 12:39:00,23376.0,16855930,1040,1107,
2026-09-22 12:54:27,GetHistory,OPTIDX_NIFTY_22SEP2026_CE_23400,NFO,1minute,205,2026-09-22 12:39:00,23.7,47182525,1807325,980,
2026-09-22 12:54:54,GetExchangeSnapshot,NFO,NFO,1minute,2667,2026-09-22 12:39:00,2407,571168,2667,26414,
2026-09-22 12:56:36,GetHistory,NIFTY 50,NSE_IDX,1minute,212,2026-09-22 12:41:00,23359.5,0,0,980,
2026-09-22 12:56:37,GetHistory,RELIANCE,NSE,1minute,207,2026-09-22 12:41:00,1244.4,0,17097,1088,
2026-09-22 12:56:41,GetHistory,FUTIDX_NIFTY_29SEP2026_XX_0,NFO,1minute,207,2026-09-22 12:41:00,23377.0,16856710,650,4067,
2026-09-22 12:56:42,GetHistory,OPTIDX_NIFTY_22SEP2026_CE_23400,NFO,1minute,207,2026-09-22 12:41:00,23.75,47114535,1239485,589,
2026-09-22 12:57:09,GetExchangeSnapshot,NFO,NFO,1minute,2544,2026-09-22 12:42:00,2296,544290,2544,26699,
2026-09-22 12:57:32,GetExchangeSnapshot,NSE,NSE,1minute,1488,2026-09-22 12:42:00,2,279812,1488,23705,
2026-09-22 12:57:46,GetHistory,FUTIDX_BANKNIFTY_29SEP2026_XX_0,NFO,15minute,51,2026-09-22 12:30:00,56381.0,1972440,6450,4751,
2026-09-22 12:57:47,GetHistory,FUTIDX_NIFTY_29SEP2026_XX_0,NFO,15minute,51,2026-09-22 12:30:00,23364.5,16858660,22815,1735,
2026-09-22 12:57:49,GetHistory,FUTSTK_RELIANCE_29SEP2026_XX_0,NFO,15minute,51,2026-09-22 12:30:00,1245.2,121738500,137500,1139,
2026-09-22 12:57:50,GetHistory,OPTIDX_BANKNIFTY_29SEP2026_CE_56500,NFO,15minute,51,2026-09-22 12:30:00,306.6,1107480,132870,1078,
2026-09-22 12:57:51,GetHistory,OPTIDX_BANKNIFTY_29SEP2026_PE_56500,NFO,15minute,51,2026-09-22 12:30:00,443.2,795330,86010,968,
2026-09-22 12:57:51,GetHistory,OPTIDX_NIFTY_22SEP2026_CE_23400,NFO,15minute,51,2026-09-22 12:30:00,19.4,46917975,35374170,703,
2026-09-22 12:57:52,GetHistory,OPTIDX_NIFTY_22SEP2026_PE_23400,NFO,15minute,51,2026-09-22 12:30:00,73.8,21078005,21733400,1063,
2026-09-22 12:57:58,GetHistory,HDFCBANK,NSE,15minute,53,2026-09-22 12:30:00,743.3,0,588371,5920,
2026-09-22 12:58:00,GetHistory,RELIANCE,NSE,15minute,53,2026-09-22 12:30:00,1244.0,0,219897,2170,
2026-09-22 12:58:04,GetHistory,NIFTY 50,NSE_IDX,15minute,94,2026-09-22 12:30:00,23346.0,0,0,3591,
2026-09-22 12:58:10,GetHistory,NIFTY BANK,NSE_IDX,15minute,94,2026-09-22 12:30:00,56208.75,0,0,6173,
2026-09-22 12:58:53,GetHistory,NIFTY 50,NSE_IDX,1minute,214,2026-09-22 12:43:00,23352.6,0,0,4219,
2026-09-22 12:58:54,GetHistory,RELIANCE,NSE,1minute,209,2026-09-22 12:43:00,1244.1,0,10515,487,
2026-09-22 12:58:54,GetHistory,FUTIDX_NIFTY_29SEP2026_XX_0,NFO,1minute,209,2026-09-22 12:43:00,23367.2,16857880,715,982,
2026-09-22 12:58:55,GetHistory,OPTIDX_NIFTY_22SEP2026_CE_23400,NFO,1minute,209,2026-09-22 12:43:00,22.0,47351005,3140540,980,
2026-09-22 12:59:24,GetExchangeSnapshot,NFO,NFO,1minute,3103,2026-09-22 12:44:00,2801,664302,3103,28646,
2026-09-22 12:59:47,GetExchangeSnapshot,NSE,NSE,1minute,1602,2026-09-22 12:44:00,1,301380,1602,23327,
2026-09-22 13:01:08,GetHistory,NIFTY 50,NSE_IDX,1minute,217,2026-09-22 12:46:00,23346.3,0,0,514,
2026-09-22 13:01:09,GetHistory,RELIANCE,NSE,1minute,212,2026-09-22 12:46:00,1243.4,0,30415,978,
2026-09-22 13:01:10,GetHistory,FUTIDX_NIFTY_29SEP2026_XX_0,NFO,1minute,212,2026-09-22 12:46:00,23358.1,16867175,4225,980,
2026-09-22 13:01:11,GetHistory,OPTIDX_NIFTY_22SEP2026_CE_23400,NFO,1minute,212,2026-09-22 12:46:00,19.05,45202430,2971865,983,
2026-09-22 13:01:38,GetExchangeSnapshot,NFO,NFO,1minute,2758,2026-09-22 12:46:00,2510,590651,2758,27138,
2026-09-22 13:02:58,GetHistory,FUTIDX_BANKNIFTY_29SEP2026_XX_0,NFO,15minute,51,2026-09-22 12:45:00,56365.0,1966800,24630,1627,
2026-09-22 13:03:00,GetHistory,FUTIDX_NIFTY_29SEP2026_XX_0,NFO,15minute,51,2026-09-22 12:45:00,23346.3,16893305,119015,1889,
2026-09-22 13:03:03,GetHistory,FUTSTK_RELIANCE_29SEP2026_XX_0,NFO,15minute,51,2026-09-22 12:45:00,1243.3,121741500,276000,3729,
2026-09-22 13:03:04,GetHistory,OPTIDX_BANKNIFTY_29SEP2026_CE_56500,NFO,15minute,51,2026-09-22 12:45:00,301.55,1126560,159390,981,
2026-09-22 13:03:05,GetHistory,OPTIDX_BANKNIFTY_29SEP2026_PE_56500,NFO,15minute,51,2026-09-22 12:45:00,446.45,799890,189330,980,
2026-09-22 13:03:06,GetHistory,OPTIDX_NIFTY_22SEP2026_CE_23400,NFO,15minute,51,2026-09-22 12:45:00,14.45,44868265,57702450,685,
2026-09-22 13:03:07,GetHistory,OPTIDX_NIFTY_22SEP2026_PE_23400,NFO,15minute,51,2026-09-22 12:45:00,83.35,17366375,41738905,1067,
2026-09-22 13:03:09,GetHistory,HDFCBANK,NSE,15minute,53,2026-09-22 12:45:00,743.1,0,953598,2418,
2026-09-22 13:03:14,GetHistory,RELIANCE,NSE,15minute,53,2026-09-22 12:45:00,1242.0,0,345495,4233,
2026-09-22 13:03:19,GetHistory,NIFTY 50,NSE_IDX,15minute,94,2026-09-22 12:45:00,23332.25,0,0,5432,
2026-09-22 13:03:25,GetHistory,NIFTY BANK,NSE_IDX,15minute,94,2026-09-22 12:45:00,56196.0,0,0,5910,
2026-09-22 13:03:36,GetHistory,NIFTY 50,NSE_IDX,1minute,219,2026-09-22 12:48:00,23351.45,0,0,927,
2026-09-22 13:03:37,GetHistory,RELIANCE,NSE,1minute,214,2026-09-22 12:48:00,1243.5,0,5731,1068,
2026-09-22 13:03:38,GetHistory,FUTIDX_NIFTY_29SEP2026_XX_0,NFO,1minute,214,2026-09-22 12:48:00,23365.0,16869905,3770,983,
2026-09-22 13:03:42,GetHistory,OPTIDX_NIFTY_22SEP2026_CE_23400,NFO,1minute,214,2026-09-22 12:48:00,19.9,45969430,1966185,3794,
2026-09-22 13:04:08,GetExchangeSnapshot,NFO,NFO,1minute,2894,2026-09-22 12:49:00,2627,619752,2894,26101,
2026-09-22 13:04:31,GetExchangeSnapshot,NSE,NSE,1minute,1533,2026-09-22 12:49:00,2,288323,1533,23153,
2026-09-22 13:06:01,GetHistory,NIFTY 50,NSE_IDX,1minute,222,2026-09-22 12:51:00,23334.5,0,0,2663,
2026-09-22 13:06:01,GetHistory,RELIANCE,NSE,1minute,217,2026-09-22 12:51:00,1242.8,0,35307,517,
2026-09-22 13:06:02,GetHistory,FUTIDX_NIFTY_29SEP2026_XX_0,NFO,1minute,217,2026-09-22 12:51:00,23346.6,16875625,7215,1087,
2026-09-22 13:06:04,GetHistory,OPTIDX_NIFTY_22SEP2026_CE_23400,NFO,1minute,217,2026-09-22 12:51:00,16.15,45239610,6135805,1514,
2026-09-22 13:06:30,GetExchangeSnapshot,NFO,NFO,1minute,3057,2026-09-22 12:51:00,2757,654859,3057,26798,
2026-09-22 13:08:21,GetHistory,FUTIDX_BANKNIFTY_29SEP2026_XX_0,NFO,15minute,51,2026-09-22 12:45:00,56365.0,1966800,24630,1956,
2026-09-22 13:08:22,GetHistory,FUTIDX_NIFTY_29SEP2026_XX_0,NFO,15minute,51,2026-09-22 12:45:00,23346.3,16893305,119015,1226,
2026-09-22 13:08:24,GetHistory,FUTSTK_RELIANCE_29SEP2026_XX_0,NFO,15minute,51,2026-09-22 12:45:00,1243.3,121741500,276000,1129,
2026-09-22 13:08:27,GetHistory,OPTIDX_BANKNIFTY_29SEP2026_CE_56500,NFO,15minute,51,2026-09-22 12:45:00,301.55,1126560,159390,2983,
2026-09-22 13:08:28,GetHistory,OPTIDX_BANKNIFTY_29SEP2026_PE_56500,NFO,15minute,51,2026-09-22 12:45:00,446.45,799890,189330,1045,
2026-09-22 13:08:28,GetHistory,OPTIDX_NIFTY_22SEP2026_CE_23400,NFO,15minute,51,2026-09-22 12:45:00,14.45,44868265,57702450,705,
2026-09-22 13:08:31,GetHistory,OPTIDX_NIFTY_22SEP2026_PE_23400,NFO,15minute,51,2026-09-22 12:45:00,83.35,17366375,41738905,2714,
2026-09-22 13:08:33,GetHistory,HDFCBANK,NSE,15minute,53,2026-09-22 12:45:00,743.1,0,953598,2249,
2026-09-22 13:08:35,GetHistory,RELIANCE,NSE,15minute,53,2026-09-22 12:45:00,1242.0,0,345495,2219,
2026-09-22 13:08:41,GetHistory,NIFTY 50,NSE_IDX,15minute,94,2026-09-22 12:45:00,23332.25,0,0,5104,
2026-09-22 13:08:46,GetHistory,NIFTY BANK,NSE_IDX,15minute,94,2026-09-22 12:45:00,56196.0,0,0,5082,
2026-09-22 13:08:46,GetHistory,NIFTY 50,NSE_IDX,1minute,224,2026-09-22 12:53:00,23338.2,0,0,705,
2026-09-22 13:08:47,GetHistory,RELIANCE,NSE,1minute,219,2026-09-22 12:53:00,1242.5,0,9783,759,
2026-09-22 13:08:49,GetHistory,FUTIDX_NIFTY_29SEP2026_XX_0,NFO,1minute,219,2026-09-22 12:53:00,23351.7,16880045,3900,1401,
2026-09-22 13:08:49,GetHistory,OPTIDX_NIFTY_22SEP2026_CE_23400,NFO,1minute,219,2026-09-22 12:53:00,16.3,45108895,2258490,673,
2026-09-22 13:09:17,GetExchangeSnapshot,NFO,NFO,1minute,2800,2026-09-22 12:54:00,2541,599942,2800,27437,
2026-09-22 13:09:40,GetExchangeSnapshot,NSE,NSE,1minute,1544,2026-09-22 12:54:00,2,290502,1544,23079,
2026-09-22 13:10:19,GetHistory,NIFTY 50,NSE_IDX,1minute,226,2026-09-22 12:55:00,23325.5,0,0,874,
2026-09-22 13:10:21,GetHistory,RELIANCE,NSE,1minute,221,2026-09-22 12:55:00,1241.5,0,32299,1087,
2026-09-22 13:10:22,GetHistory,FUTIDX_NIFTY_29SEP2026_XX_0,NFO,1minute,221,2026-09-22 12:55:00,23341.6,16886415,10855,1380,
2026-09-22 13:10:26,GetHistory,OPTIDX_NIFTY_22SEP2026_CE_23400,NFO,1minute,221,2026-09-22 12:55:00,13.8,44858970,6367335,3616,
2026-09-22 13:10:52,GetExchangeSnapshot,NFO,NFO,1minute,3044,2026-09-22 12:55:00,2756,651983,3044,26398,
2026-09-22 13:12:34,GetHistory,NIFTY 50,NSE_IDX,1minute,228,2026-09-22 12:57:00,23333.95,0,0,3914,
2026-09-22 13:12:35,GetHistory,RELIANCE,NSE,1minute,223,2026-09-22 12:57:00,1242.0,0,26240,573,
2026-09-22 13:12:36,GetHistory,FUTIDX_NIFTY_29SEP2026_XX_0,NFO,1minute,223,2026-09-22 12:57:00,23345.9,16894020,7670,1258,
2026-09-22 13:12:37,GetHistory,OPTIDX_NIFTY_22SEP2026_CE_23400,NFO,1minute,223,2026-09-22 12:57:00,14.8,44662800,2785640,702,
2026-09-22 13:13:04,GetExchangeSnapshot,NFO,NFO,1minute,2774,2026-09-22 12:57:00,2510,593727,2774,26590,
2026-09-22 13:13:26,GetExchangeSnapshot,NSE,NSE,1minute,1542,2026-09-22 12:58:00,1,290012,1542,22949,
2026-09-22 13:13:48,GetHistory,FUTIDX_BANKNIFTY_29SEP2026_XX_0,NFO,15minute,51,2026-09-22 12:45:00,56365.0,1966800,24630,4111,
2026-09-22 13:13:50,GetHistory,FUTIDX_NIFTY_29SEP2026_XX_0,NFO,15minute,51,2026-09-22 12:45:00,23346.3,16893305,119015,1259,
2026-09-22 13:13:51,GetHistory,FUTSTK_RELIANCE_29SEP2026_XX_0,NFO,15minute,51,2026-09-22 12:45:00,1243.3,121741500,276000,1125,
2026-09-22 13:13:52,GetHistory,OPTIDX_BANKNIFTY_29SEP2026_CE_56500,NFO,15minute,51,2026-09-22 12:45:00,301.55,1126560,159390,1092,
2026-09-22 13:13:53,GetHistory,OPTIDX_BANKNIFTY_29SEP2026_PE_56500,NFO,15minute,51,2026-09-22 12:45:00,446.45,799890,189330,859,
2026-09-22 13:13:53,GetHistory,OPTIDX_NIFTY_22SEP2026_CE_23400,NFO,15minute,51,2026-09-22 12:45:00,14.45,44868265,57702450,815,
2026-09-22 13:13:54,GetHistory,OPTIDX_NIFTY_22SEP2026_PE_23400,NFO,15minute,51,2026-09-22 12:45:00,83.35,17366375,41738905,948,
2026-09-22 13:13:59,GetHistory,HDFCBANK,NSE,15minute,53,2026-09-22 12:45:00,743.1,0,953598,4658,
2026-09-22 13:14:01,GetHistory,RELIANCE,NSE,15minute,53,2026-09-22 12:45:00,1242.0,0,345495,2188,
2026-09-22 13:14:07,GetHistory,NIFTY 50,NSE_IDX,15minute,94,2026-09-22 12:45:00,23332.25,0,0,5545,
2026-09-22 13:14:12,GetHistory,NIFTY BANK,NSE_IDX,15minute,94,2026-09-22 12:45:00,56196.0,0,0,5459,
2026-09-22 13:14:52,GetHistory,NIFTY 50,NSE_IDX,1minute,230,2026-09-22 12:59:00,23332.25,0,0,1621,
2026-09-22 13:14:53,GetHistory,RELIANCE,NSE,1minute,225,2026-09-22 12:59:00,1242.0,0,14629,570,
2026-09-22 13:14:54,GetHistory,FUTIDX_NIFTY_29SEP2026_XX_0,NFO,1minute,225,2026-09-22 12:59:00,23346.3,16893305,6760,1277,
2026-09-22 13:14:55,GetHistory,OPTIDX_NIFTY_22SEP2026_CE_23400,NFO,1minute,225,2026-09-22 12:59:00,14.45,44868265,1807845,686,
2026-09-22 13:15:23,GetExchangeSnapshot,NFO,NFO,1minute,3223,2026-09-22 13:00:00,2918,689868,3223,27637,
2026-09-22 13:15:46,GetExchangeSnapshot,NSE,NSE,1minute,1643,2026-09-22 13:00:00,2,309044,1643,23154,
2026-09-22 13:17:05,GetHistory,NIFTY 50,NSE_IDX,1minute,233,2026-09-22 13:02:00,23324.7,0,0,1252,
2026-09-22 13:17:05,GetHistory,RELIANCE,NSE,1minute,228,2026-09-22 13:02:00,1241.6,0,85583,832,
2026-09-22 13:17:07,GetHistory,FUTIDX_NIFTY_29SEP2026_XX_0,NFO,1minute,228,2026-09-22 13:02:00,23340.0,16916965,10400,1263,
2026-09-22 13:17:07,GetHistory,OPTIDX_NIFTY_22SEP2026_CE_23400,NFO,1minute,228,2026-09-22 13:02:00,12.9,44538975,2926365,698,
2026-09-22 13:17:35,GetExchangeSnapshot,NFO,NFO,1minute,3102,2026-09-22 13:02:00,2832,663423,3102,27276,
2026-09-22 13:18:48,GetHistory,FUTIDX_BANKNIFTY_29SEP2026_XX_0,NFO,15minute,51,2026-09-22 13:00:00,56370.0,1970730,16590,4928,
2026-09-22 13:18:49,GetHistory,FUTIDX_NIFTY_29SEP2026_XX_0,NFO,15minute,51,2026-09-22 13:00:00,23351.4,16965130,140985,1187,
2026-09-22 13:18:51,GetHistory,FUTSTK_RELIANCE_29SEP2026_XX_0,NFO,15minute,51,2026-09-22 13:00:00,1243.5,121960500,1665500,1098,
2026-09-22 13:18:52,GetHistory,OPTIDX_BANKNIFTY_29SEP2026_CE_56500,NFO,15minute,51,2026-09-22 13:00:00,306.0,1135650,130290,1093,
2026-09-22 13:18:53,GetHistory,OPTIDX_BANKNIFTY_29SEP2026_PE_56500,NFO,15minute,51,2026-09-22 13:00:00,435.6,789450,96210,1077,
2026-09-22 13:18:53,GetHistory,OPTIDX_NIFTY_22SEP2026_CE_23400,NFO,15minute,51,2026-09-22 13:00:00,16.0,44962515,48690135,706,
2026-09-22 13:18:54,GetHistory,OPTIDX_NIFTY_22SEP2026_PE_23400,NFO,15minute,51,2026-09-22 13:00:00,79.25,14639235,28204020,953,
2026-09-22 13:18:59,GetHistory,HDFCBANK,NSE,15minute,53,2026-09-22 13:00:00,743.95,0,700849,4982,
2026-09-22 13:19:01,GetHistory,RELIANCE,NSE,15minute,53,2026-09-22 13:00:00,1242.3,0,330385,2014,
2026-09-22 13:19:06,GetHistory,NIFTY 50,NSE_IDX,15minute,94,2026-09-22 13:00:00,23339.55,0,0,4155,
2026-09-22 13:19:09,GetHistory,NIFTY BANK,NSE_IDX,15minute,94,2026-09-22 13:00:00,56198.95,0,0,3681,
2026-09-22 13:19:22,GetHistory,NIFTY 50,NSE_IDX,1minute,235,2026-09-22 13:04:00,23325.3,0,0,4437,
2026-09-22 13:19:23,GetHistory,RELIANCE,NSE,1minute,230,2026-09-22 13:04:00,1241.8,0,23512,594,
2026-09-22 13:19:24,GetHistory,FUTIDX_NIFTY_29SEP2026_XX_0,NFO,1minute,230,2026-09-22 13:04:00,23340.3,16934515,9295,1213,
2026-09-22 13:19:25,GetHistory,OPTIDX_NIFTY_22SEP2026_CE_23400,NFO,1minute,230,2026-09-22 13:04:00,12.7,44684640,2388035,811,
2026-09-22 13:19:51,GetExchangeSnapshot,NFO,NFO,1minute,2587,2026-09-22 13:04:00,2345,553599,2587,25873,
2026-09-22 13:20:14,GetExchangeSnapshot,NSE,NSE,1minute,1604,2026-09-22 13:05:00,2,301480,1604,23592,
2026-09-22 13:21:27,GetHistory,NIFTY 50,NSE_IDX,1minute,237,2026-09-22 13:06:00,23332.7,0,0,4305,
2026-09-22 13:21:28,GetHistory,RELIANCE,NSE,1minute,232,2026-09-22 13:06:00,1242.2,0,10465,483,
2026-09-22 13:21:29,GetHistory,FUTIDX_NIFTY_29SEP2026_XX_0,NFO,1minute,232,2026-09-22 13:06:00,23346.6,16944720,7410,1381,
2026-09-22 13:21:30,GetHistory,OPTIDX_NIFTY_22SEP2026_CE_23400,NFO,1minute,232,2026-09-22 13:06:00,14.1,44812495,2893735,1017,
2026-09-22 13:21:57,GetExchangeSnapshot,NFO,NFO,1minute,2636,2026-09-22 13:06:00,2383,563980,2636,26625,
2026-09-22 13:23:40,GetHistory,NIFTY 50,NSE_IDX,1minute,239,2026-09-22 13:08:00,23338.9,0,0,4221,
2026-09-22 13:23:40,GetHistory,RELIANCE,NSE,1minute,234,2026-09-22 13:08:00,1242.3,0,8199,583,
2026-09-22 13:23:42,GetHistory,FUTIDX_NIFTY_29SEP2026_XX_0,NFO,1minute,234,2026-09-22 13:08:00,23358.9,16955250,7865,1288,
2026-09-22 13:23:45,GetHistory,OPTIDX_NIFTY_22SEP2026_CE_23400,NFO,1minute,234,2026-09-22 13:08:00,15.4,45091215,2994810,3469,
2026-09-22 13:24:11,GetExchangeSnapshot,NFO,NFO,1minute,2485,2026-09-22 13:09:00,2229,532351,2485,26244,
2026-09-22 13:24:35,GetExchangeSnapshot,NSE,NSE,1minute,1560,2026-09-22 13:09:00,1,293387,1560,23713,
2026-09-22 13:24:45,GetHistory,FUTIDX_BANKNIFTY_29SEP2026_XX_0,NFO,15minute,51,2026-09-22 13:00:00,56370.0,1970730,16590,1789,
2026-09-22 13:24:47,GetHistory,FUTIDX_NIFTY_29SEP2026_XX_0,NFO,15minute,51,2026-09-22 13:00:00,23351.4,16965130,140985,1309,
2026-09-22 13:24:50,GetHistory,FUTSTK_RELIANCE_29SEP2026_XX_0,NFO,15minute,51,2026-09-22 13:00:00,1243.5,121960500,1665500,3671,
2026-09-22 13:24:51,GetHistory,OPTIDX_BANKNIFTY_29SEP2026_CE_56500,NFO,15minute,51,2026-09-22 13:00:00,306.0,1135650,130290,1061,
2026-09-22 13:24:53,GetHistory,OPTIDX_BANKNIFTY_29SEP2026_PE_56500,NFO,15minute,51,2026-09-22 13:00:00,435.6,789450,96210,1624,
2026-09-22 13:24:56,GetHistory,OPTIDX_NIFTY_22SEP2026_CE_23400,NFO,15minute,51,2026-09-22 13:00:00,16.0,44962515,48690135,2570,
2026-09-22 13:24:56,GetHistory,OPTIDX_NIFTY_22SEP2026_PE_23400,NFO,15minute,51,2026-09-22 13:00:00,79.25,14639235,28204020,617,
2026-09-22 13:24:59,GetHistory,HDFCBANK,NSE,15minute,53,2026-09-22 13:00:00,743.95,0,700849,2515,
2026-09-22 13:25:02,GetHistory,RELIANCE,NSE,15minute,53,2026-09-22 13:00:00,1242.3,0,330385,3656,
2026-09-22 13:25:06,GetHistory,NIFTY 50,NSE_IDX,15minute,94,2026-09-22 13:00:00,23339.55,0,0,3783,
2026-09-22 13:25:11,GetHistory,NIFTY BANK,NSE_IDX,15minute,94,2026-09-22 13:00:00,56198.95,0,0,4434,
2026-09-22 13:25:52,GetHistory,NIFTY 50,NSE_IDX,1minute,241,2026-09-22 13:10:00,23340.55,0,0,2768,
2026-09-22 13:25:53,GetHistory,RELIANCE,NSE,1minute,236,2026-09-22 13:10:00,1242.6,0,7817,512,
2026-09-22 13:25:54,GetHistory,FUTIDX_NIFTY_29SEP2026_XX_0,NFO,1minute,236,2026-09-22 13:10:00,23352.9,16957850,10595,1401,
2026-09-22 13:25:55,GetHistory,OPTIDX_NIFTY_22SEP2026_CE_23400,NFO,1minute,236,2026-09-22 13:10:00,16.0,45155240,3726255,957,
2026-09-22 13:26:22,GetExchangeSnapshot,NFO,NFO,1minute,2540,2026-09-22 13:11:00,2287,543602,2540,26776,
2026-09-22 13:28:02,GetHistory,NIFTY 50,NSE_IDX,1minute,244,2026-09-22 13:13:00,23336.9,0,0,949,
2026-09-22 13:28:03,GetHistory,RELIANCE,NSE,1minute,239,2026-09-22 13:13:00,1242.2,0,24498,868,
2026-09-22 13:28:04,GetHistory,FUTIDX_NIFTY_29SEP2026_XX_0,NFO,1minute,239,2026-09-22 13:13:00,23348.9,16964285,4420,1211,
2026-09-22 13:28:05,GetHistory,OPTIDX_NIFTY_22SEP2026_CE_23400,NFO,1minute,239,2026-09-22 13:13:00,15.15,45185335,1544530,963,
2026-09-22 13:28:30,GetExchangeSnapshot,NFO,NFO,1minute,2411,2026-09-22 13:13:00,2156,515985,2411,25023,
2026-09-22 13:28:53,GetExchangeSnapshot,NSE,NSE,1minute,1544,2026-09-22 13:13:00,1,290390,1544,23009,
2026-09-22 13:30:04,GetHistory,FUTIDX_BANKNIFTY_29SEP2026_XX_0,NFO,15minute,52,2026-09-22 13:15:00,56358.0,1971690,5070,1625,
2026-09-22 13:30:08,GetHistory,FUTIDX_NIFTY_29SEP2026_XX_0,NFO,15minute,52,2026-09-22 13:15:00,23348.1,16980795,50570,4275,
2026-09-22 13:30:09,GetHistory,FUTSTK_RELIANCE_29SEP2026_XX_0,NFO,15minute,52,2026-09-22 13:15:00,1243.0,122002500,817000,1218,
2026-09-22 13:30:10,GetHistory,OPTIDX_BANKNIFTY_29SEP2026_CE_56500,NFO,15minute,52,2026-09-22 13:15:00,302.8,1144800,118710,968,
2026-09-22 13:30:11,GetHistory,OPTIDX_BANKNIFTY_29SEP2026_PE_56500,NFO,15minute,52,2026-09-22 13:15:00,444.3,787830,102000,1232,
2026-09-22 13:30:12,GetHistory,OPTIDX_NIFTY_22SEP2026_CE_23400,NFO,15minute,52,2026-09-22 13:15:00,15.2,45502080,34403070,656,
2026-09-22 13:30:13,GetHistory,OPTIDX_NIFTY_22SEP2026_PE_23400,NFO,15minute,52,2026-09-22 13:15:00,82.1,13569400,20222930,1501,
2026-09-22 13:30:19,GetHistory,HDFCBANK,NSE,15minute,54,2026-09-22 13:15:00,743.5,0,566991,5417,
2026-09-22 13:30:21,GetHistory,RELIANCE,NSE,15minute,54,2026-09-22 13:15:00,1242.3,0,188308,2128,
2026-09-22 13:30:25,GetHistory,NIFTY 50,NSE_IDX,15minute,95,2026-09-22 13:15:00,23340.1,0,0,3693,
2026-09-22 13:30:32,GetHistory,NIFTY BANK,NSE_IDX,15minute,95,2026-09-22 13:15:00,56187.05,0,0,7473,
2026-09-22 13:30:33,GetHistory,NIFTY 50,NSE_IDX,1minute,246,2026-09-22 13:15:00,23339.9,0,0,858,
2026-09-22 13:30:34,GetHistory,RELIANCE,NSE,1minute,241,2026-09-22 13:15:00,1242.4,0,6385,993,
2026-09-22 13:30:35,GetHistory,FUTIDX_NIFTY_29SEP2026_XX_0,NFO,1minute,241,2026-09-22 13:15:00,23356.6,16965650,4225,882,
2026-09-22 13:30:40,GetHistory,OPTIDX_NIFTY_22SEP2026_CE_23400,NFO,1minute,241,2026-09-22 13:15:00,16.35,44997745,3250455,4616,
2026-09-22 13:31:05,GetExchangeSnapshot,NFO,NFO,1minute,2415,2026-09-22 13:16:00,2170,517255,2415,25308,
2026-09-22 13:32:25,GetHistory,NIFTY 50,NSE_IDX,1minute,248,2026-09-22 13:17:00,23333.0,0,0,1351,
2026-09-22 13:32:26,GetHistory,RELIANCE,NSE,1minute,243,2026-09-22 13:17:00,1241.9,0,17956,1009,
2026-09-22 13:32:27,GetHistory,FUTIDX_NIFTY_29SEP2026_XX_0,NFO,1minute,243,2026-09-22 13:17:00,23343.2,16968315,5005,686,
2026-09-22 13:32:28,GetHistory,OPTIDX_NIFTY_22SEP2026_CE_23400,NFO,1minute,243,2026-09-22 13:17:00,13.7,45034600,3909815,1393,
2026-09-22 13:32:55,GetExchangeSnapshot,NFO,NFO,1minute,2548,2026-09-22 13:17:00,2275,545719,2548,26340,
2026-09-22 13:33:18,GetExchangeSnapshot,NSE,NSE,1minute,1571,2026-09-22 13:18:00,2,295486,1571,23071,
2026-09-22 13:34:30,GetHistory,NIFTY 50,NSE_IDX,1minute,250,2026-09-22 13:19:00,23334.8,0,0,1065,
2026-09-22 13:34:31,GetHistory,RELIANCE,NSE,1minute,245,2026-09-22 13:19:00,1241.9,0,7930,1105,
2026-09-22 13:34:32,GetHistory,FUTIDX_NIFTY_29SEP2026_XX_0,NFO,1minute,245,2026-09-22 13:19:00,23358.9,16971695,1560,853,
2026-09-22 13:34:33,GetHistory,OPTIDX_NIFTY_22SEP2026_CE_23400,NFO,1minute,245,2026-09-22 13:19:00,14.6,44618665,2386280,1060,
2026-09-22 13:34:59,GetExchangeSnapshot,NFO,NFO,1minute,2362,2026-09-22 13:19:00,2125,505784,2362,26540,
2026-09-22 13:35:12,GetHistory,FUTIDX_BANKNIFTY_29SEP2026_XX_0,NFO,15minute,51,2026-09-22 13:15:00,56358.0,1971690,5070,3365,
2026-09-22 13:35:13,GetHistory,FUTIDX_NIFTY_29SEP2026_XX_0,NFO,15minute,51,2026-09-22 13:15:00,23348.1,16980795,50570,1243,
2026-09-22 13:35:14,GetHistory,FUTSTK_RELIANCE_29SEP2026_XX_0,NFO,15minute,51,2026-09-22 13:15:00,1243.0,122002500,817000,1126,
2026-09-22 13:35:15,GetHistory,OPTIDX_BANKNIFTY_29SEP2026_CE_56500,NFO,15minute,51,2026-09-22 13:15:00,302.8,1144800,118710,1090,
2026-09-22 13:35:16,GetHistory,OPTIDX_BANKNIFTY_29SEP2026_PE_56500,NFO,15minute,51,2026-09-22 13:15:00,444.3,787830,102000,984,
2026-09-22 13:35:21,GetHistory,OPTIDX_NIFTY_22SEP2026_CE_23400,NFO,15minute,51,2026-09-22 13:15:00,15.2,45502080,34403070,4583,
2026-09-22 13:35:21,GetHistory,OPTIDX_NIFTY_22SEP2026_PE_23400,NFO,15minute,51,2026-09-22 13:15:00,82.1,13569400,20222930,680,
2026-09-22 13:35:24,GetHistory,HDFCBANK,NSE,15minute,53,2026-09-22 13:15:00,743.5,0,566991,2505,
2026-09-22 13:35:26,GetHistory,RELIANCE,NSE,15minute,53,2026-09-22 13:15:00,1242.3,0,188308,2094,
2026-09-22 13:35:29,GetHistory,NIFTY 50,NSE_IDX,15minute,94,2026-09-22 13:15:00,23340.1,0,0,3513,
2026-09-22 13:35:34,GetHistory,NIFTY BANK,NSE_IDX,15minute,94,2026-09-22 13:15:00,56187.05,0,0,4133,
2026-09-22 13:36:44,GetHistory,NIFTY 50,NSE_IDX,1minute,252,2026-09-22 13:21:00,23328.35,0,0,1240,
2026-09-22 13:36:44,GetHistory,RELIANCE,NSE,1minute,247,2026-09-22 13:21:00,1241.5,0,5081,981,
2026-09-22 13:36:48,GetHistory,FUTIDX_NIFTY_29SEP2026_XX_0,NFO,1minute,247,2026-09-22 13:21:00,23340.0,16974100,3640,3882,
2026-09-22 13:36:49,GetHistory,OPTIDX_NIFTY_22SEP2026_CE_23400,NFO,1minute,247,2026-09-22 13:21:00,13.25,44638750,1988415,601,
2026-09-22 13:37:16,GetExchangeSnapshot,NFO,NFO,1minute,2638,2026-09-22 13:22:00,2348,564852,2638,26657,
2026-09-22 13:37:38,GetExchangeSnapshot,NSE,NSE,1minute,1540,2026-09-22 13:22:00,2,289666,1540,22804,
2026-09-22 13:38:48,GetHistory,NIFTY 50,NSE_IDX,1minute,254,2026-09-22 13:23:00,23327.1,0,0,816,
2026-09-22 13:38:49,GetHistory,RELIANCE,NSE,1minute,249,2026-09-22 13:23:00,1241.3,0,17708,960,
2026-09-22 13:38:50,GetHistory,FUTIDX_NIFTY_29SEP2026_XX_0,NFO,1minute,249,2026-09-22 13:23:00,23340.5,16975920,2795,1123,
2026-09-22 13:38:52,GetHistory,OPTIDX_NIFTY_22SEP2026_CE_23400,NFO,1minute,249,2026-09-22 13:23:00,13.15,44745480,1395030,1452,
2026-09-22 13:39:18,GetExchangeSnapshot,NFO,NFO,1minute,2480,2026-09-22 13:24:00,2203,531141,2480,25772,
2026-09-22 13:39:41,GetExchangeSnapshot,NSE,NSE,1minute,1548,2026-09-22 13:24:00,2,291144,1548,22909,
2026-09-22 13:40:21,GetHistory,FUTIDX_BANKNIFTY_29SEP2026_XX_0,NFO,15minute,51,2026-09-22 13:15:00,56358.0,1971690,5070,1673,
2026-09-22 13:40:22,GetHistory,FUTIDX_NIFTY_29SEP2026_XX_0,NFO,15minute,51,2026-09-22 13:15:00,23348.1,16980795,50570,1198,
2026-09-22 13:40:24,GetHistory,FUTSTK_RELIANCE_29SEP2026_XX_0,NFO,15minute,51,2026-09-22 13:15:00,1243.0,122002500,817000,1563,
2026-09-22 13:40:25,GetHistory,OPTIDX_BANKNIFTY_29SEP2026_CE_56500,NFO,15minute,51,2026-09-22 13:15:00,302.8,1144800,118710,1093,
2026-09-22 13:40:29,GetHistory,OPTIDX_BANKNIFTY_29SEP2026_PE_56500,NFO,15minute,51,2026-09-22 13:15:00,444.3,787830,102000,4171,
2026-09-22 13:40:30,GetHistory,OPTIDX_NIFTY_22SEP2026_CE_23400,NFO,15minute,51,2026-09-22 13:15:00,15.2,45502080,34403070,674,
2026-09-22 13:40:31,GetHistory,OPTIDX_NIFTY_22SEP2026_PE_23400,NFO,15minute,51,2026-09-22 13:15:00,82.1,13569400,20222930,1058,
2026-09-22 13:40:33,GetHistory,HDFCBANK,NSE,15minute,53,2026-09-22 13:15:00,743.5,0,566991,2423,
2026-09-22 13:40:36,GetHistory,RELIANCE,NSE,15minute,53,2026-09-22 13:15:00,1242.3,0,188308,2172,
2026-09-22 13:40:41,GetHistory,NIFTY 50,NSE_IDX,15minute,94,2026-09-22 13:15:00,23340.1,0,0,5834,
2026-09-22 13:40:45,GetHistory,NIFTY BANK,NSE_IDX,15minute,94,2026-09-22 13:15:00,56187.05,0,0,3681,
2026-09-22 13:40:55,GetHistory,NIFTY 50,NSE_IDX,1minute,256,2026-09-22 13:25:00,23332.45,0,0,1527,
2026-09-22 13:40:56,GetHistory,RELIANCE,NSE,1minute,251,2026-09-22 13:25:00,1241.8,0,31441,834,
2026-09-22 13:40:57,GetHistory,FUTIDX_NIFTY_29SEP2026_XX_0,NFO,1minute,251,2026-09-22 13:25:00,23350.0,16977220,2990,1001,
2026-09-22 13:40:59,GetHistory,OPTIDX_NIFTY_22SEP2026_CE_23400,NFO,1minute,251,2026-09-22 13:25:00,13.85,44788185,1653145,2291,
2026-09-22 13:41:24,GetExchangeSnapshot,NFO,NFO,1minute,2345,2026-09-22 13:26:00,2093,502287,2345,25011,
2026-09-22 13:43:14,GetHistory,NIFTY 50,NSE_IDX,1minute,259,2026-09-22 13:28:00,23337.45,0,0,2441,
2026-09-22 13:43:15,GetHistory,RELIANCE,NSE,1minute,254,2026-09-22 13:28:00,1242.3,0,10698,795,
2026-09-22 13:43:16,GetHistory,FUTIDX_NIFTY_29SEP2026_XX_0,NFO,1minute,254,2026-09-22 13:28:00,23349.9,16977935,1885,999,
2026-09-22 13:43:17,GetHistory,OPTIDX_NIFTY_22SEP2026_CE_23400,NFO,1minute,254,2026-09-22 13:28:00,14.5,45208150,2524795,948,
2026-09-22 13:43:43,GetExchangeSnapshot,NFO,NFO,1minute,2517,2026-09-22 13:28:00,2293,538613,2517,25642,
2026-09-22 13:44:06,GetExchangeSnapshot,NSE,NSE,1minute,1520,2026-09-22 13:29:00,2,286027,1520,22807,
2026-09-22 13:45:25,GetHistory,NIFTY 50,NSE_IDX,1minute,261,2026-09-22 13:30:00,23341.95,0,0,1837,
2026-09-22 13:45:26,GetHistory,RELIANCE,NSE,1minute,256,2026-09-22 13:30:00,1242.3,0,22216,818,
2026-09-22 13:45:26,GetHistory,FUTIDX_NIFTY_29SEP2026_XX_0,NFO,1minute,256,2026-09-22 13:30:00,23351.9,16981445,1885,638,
2026-09-22 13:45:28,GetHistory,OPTIDX_NIFTY_22SEP2026_CE_23400,NFO,1minute,256,2026-09-22 13:30:00,15.95,45065410,3213600,1222,
2026-09-22 13:45:53,GetExchangeSnapshot,NFO,NFO,1minute,2498,2026-09-22 13:30:00,2251,535184,2498,25491,
2026-09-22 13:46:13,GetHistory,FUTIDX_BANKNIFTY_29SEP2026_XX_0,NFO,15minute,51,2026-09-22 13:30:00,56361.2,1970430,3870,1955,
2026-09-22 13:46:14,GetHistory,FUTIDX_NIFTY_29SEP2026_XX_0,NFO,15minute,51,2026-09-22 13:30:00,23346.0,16999125,39195,1150,
2026-09-22 13:46:15,GetHistory,FUTSTK_RELIANCE_29SEP2026_XX_0,NFO,15minute,51,2026-09-22 13:30:00,1243.0,122401500,4044500,1019,
2026-09-22 13:46:16,GetHistory,OPTIDX_BANKNIFTY_29SEP2026_CE_56500,NFO,15minute,51,2026-09-22 13:30:00,300.0,1140810,101640,870,
2026-09-22 13:46:20,GetHistory,OPTIDX_BANKNIFTY_29SEP2026_PE_56500,NFO,15minute,51,2026-09-22 13:30:00,444.25,777030,60150,3944,
2026-09-22 13:46:21,GetHistory,OPTIDX_NIFTY_22SEP2026_CE_23400,NFO,15minute,51,2026-09-22 13:30:00,15.6,44427955,52268385,465,
2026-09-22 13:46:22,GetHistory,OPTIDX_NIFTY_22SEP2026_PE_23400,NFO,15minute,51,2026-09-22 13:30:00,83.65,14022320,17154735,1204,
2026-09-22 13:46:24,GetHistory,HDFCBANK,NSE,15minute,53,2026-09-22 13:30:00,743.05,0,687485,2372,
2026-09-22 13:46:26,GetHistory,RELIANCE,NSE,15minute,53,2026-09-22 13:30:00,1241.6,0,175253,2077,
2026-09-22 13:46:30,GetHistory,NIFTY 50,NSE_IDX,15minute,94,2026-09-22 13:30:00,23339.3,0,0,3505,
2026-09-22 13:46:35,GetHistory,NIFTY BANK,NSE_IDX,15minute,94,2026-09-22 13:30:00,56195.0,0,0,5195,
2026-09-22 13:47:56,GetHistory,NIFTY 50,NSE_IDX,1minute,263,2026-09-22 13:32:00,23340.95,0,0,2829,
2026-09-22 13:47:56,GetHistory,RELIANCE,NSE,1minute,258,2026-09-22 13:32:00,1242.0,0,12135,821,
2026-09-22 13:47:57,GetHistory,FUTIDX_NIFTY_29SEP2026_XX_0,NFO,1minute,258,2026-09-22 13:32:00,23359.6,16982355,2015,994,
2026-09-22 13:47:58,GetHistory,OPTIDX_NIFTY_22SEP2026_CE_23400,NFO,1minute,258,2026-09-22 13:32:00,16.3,44957835,3425565,993,
2026-09-22 13:48:23,GetExchangeSnapshot,NFO,NFO,1minute,2291,2026-09-22 13:33:00,2059,490259,2291,24587,
2026-09-22 13:48:46,GetExchangeSnapshot,NSE,NSE,1minute,1524,2026-09-22 13:33:00,2,286607,1524,22780,
2026-09-22 13:49:56,GetHistory,NIFTY 50,NSE_IDX,1minute,265,2026-09-22 13:34:00,23343.6,0,0,1254,
2026-09-22 13:49:57,GetHistory,RELIANCE,NSE,1minute,260,2026-09-22 13:34:00,1242.3,0,21464,988,
2026-09-22 13:49:58,GetHistory,FUTIDX_NIFTY_29SEP2026_XX_0,NFO,1minute,260,2026-09-22 13:34:00,23359.9,16984760,1820,974,
2026-09-22 13:49:59,GetHistory,OPTIDX_NIFTY_22SEP2026_CE_23400,NFO,1minute,260,2026-09-22 13:34:00,17.0,44906680,3058705,973,
2026-09-22 13:50:23,GetExchangeSnapshot,NFO,NFO,1minute,2392,2026-09-22 13:35:00,2140,512493,2392,24874,
2026-09-22 13:51:36,GetHistory,FUTIDX_BANKNIFTY_29SEP2026_XX_0,NFO,15minute,51,2026-09-22 13:30:00,56361.2,1970430,3870,1679,
2026-09-22 13:51:40,GetHistory,FUTIDX_NIFTY_29SEP2026_XX_0,NFO,15minute,51,2026-09-22 13:30:00,23346.0,16999125,39195,4043,
2026-09-22 13:51:41,GetHistory,FUTSTK_RELIANCE_29SEP2026_XX_0,NFO,15minute,51,2026-09-22 13:30:00,1243.0,122401500,4044500,1015,
2026-09-22 13:51:42,GetHistory,OPTIDX_BANKNIFTY_29SEP2026_CE_56500,NFO,15minute,51,2026-09-22 13:30:00,300.0,1140810,101640,969,
2026-09-22 13:51:43,GetHistory,OPTIDX_BANKNIFTY_29SEP2026_PE_56500,NFO,15minute,51,2026-09-22 13:30:00,444.25,777030,60150,1003,
2026-09-22 13:51:44,GetHistory,OPTIDX_NIFTY_22SEP2026_CE_23400,NFO,15minute,51,2026-09-22 13:30:00,15.6,44427955,52268385,686,
2026-09-22 13:51:45,GetHistory,OPTIDX_NIFTY_22SEP2026_PE_23400,NFO,15minute,51,2026-09-22 13:30:00,83.65,14022320,17154735,1057,
2026-09-22 13:51:48,GetHistory,HDFCBANK,NSE,15minute,53,2026-09-22 13:30:00,743.05,0,687485,2408,
2026-09-22 13:51:52,GetHistory,RELIANCE,NSE,15minute,53,2026-09-22 13:30:00,1241.6,0,175253,4111,
2026-09-22 13:51:55,GetHistory,NIFTY 50,NSE_IDX,15minute,94,2026-09-22 13:30:00,23339.3,0,0,3543,
2026-09-22 13:51:59,GetHistory,NIFTY BANK,NSE_IDX,15minute,94,2026-09-22 13:30:00,56195.0,0,0,3482,
2026-09-22 13:52:08,GetHistory,NIFTY 50,NSE_IDX,1minute,268,2026-09-22 13:37:00,23345.45,0,0,1138,
2026-09-22 13:52:10,GetHistory,RELIANCE,NSE,1minute,263,2026-09-22 13:37:00,1242.0,0,24921,1680,
2026-09-22 13:52:11,GetHistory,FUTIDX_NIFTY_29SEP2026_XX_0,NFO,1minute,263,2026-09-22 13:37:00,23355.5,16988075,520,569,
2026-09-22 13:52:15,GetHistory,OPTIDX_NIFTY_22SEP2026_CE_23400,NFO,1minute,263,2026-09-22 13:37:00,17.5,45353360,2227745,4286,
2026-09-22 13:52:40,GetExchangeSnapshot,NFO,NFO,1minute,2339,2026-09-22 13:37:00,2093,500897,2339,24706,
2026-09-22 13:53:03,GetExchangeSnapshot,NSE,NSE,1minute,1505,2026-09-22 13:38:00,1,283062,1505,23566,
2026-09-22 13:54:15,GetHistory,NIFTY 50,NSE_IDX,1minute,270,2026-09-22 13:39:00,23344.9,0,0,1236,
2026-09-22 13:54:16,GetHistory,RELIANCE,NSE,1minute,265,2026-09-22 13:39:00,1242.1,0,8751,998,
2026-09-22 13:54:17,GetHistory,FUTIDX_NIFTY_29SEP2026_XX_0,NFO,1minute,265,2026-09-22 13:39:00,23351.9,16989505,1040,850,
2026-09-22 13:54:18,GetHistory,OPTIDX_NIFTY_22SEP2026_CE_23400,NFO,1minute,265,2026-09-22 13:39:00,16.75,44833360,1786525,1142,
2026-09-22 13:54:43,GetExchangeSnapshot,NFO,NFO,1minute,2457,2026-09-22 13:39:00,2202,526412,2457,25260,
2026-09-22 13:56:24,GetHistory,NIFTY 50,NSE_IDX,1minute,272,2026-09-22 13:41:00,23346.1,0,0,1150,
2026-09-22 13:56:26,GetHistory,RELIANCE,NSE,1minute,267,2026-09-22 13:41:00,1242.3,0,5868,1049,
2026-09-22 13:56:26,GetHistory,FUTIDX_NIFTY_29SEP2026_XX_0,NFO,1minute,267,2026-09-22 13:41:00,23359.9,16990935,1170,964,
2026-09-22 13:56:31,GetHistory,OPTIDX_NIFTY_22SEP2026_CE_23400,NFO,1minute,267,2026-09-22 13:41:00,17.4,44884710,2301130,4267,
2026-09-22 13:56:56,GetExchangeSnapshot,NFO,NFO,1minute,2461,2026-09-22 13:41:00,2209,526963,2461,24886,
2026-09-22 13:57:19,GetExchangeSnapshot,NSE,NSE,1minute,1505,2026-09-22 13:42:00,2,283132,1505,23600,
2026-09-22 13:57:32,GetHistory,FUTIDX_BANKNIFTY_29SEP2026_XX_0,NFO,15minute,51,2026-09-22 13:30:00,56361.2,1970430,3870,3746,
2026-09-22 13:57:33,GetHistory,FUTIDX_NIFTY_29SEP2026_XX_0,NFO,15minute,51,2026-09-22 13:30:00,23346.0,16999125,39195,1353,
2026-09-22 13:57:34,GetHistory,FUTSTK_RELIANCE_29SEP2026_XX_0,NFO,15minute,51,2026-09-22 13:30:00,1243.0,122401500,4044500,1094,
2026-09-22 13:57:38,GetHistory,OPTIDX_BANKNIFTY_29SEP2026_CE_56500,NFO,15minute,51,2026-09-22 13:30:00,300.0,1140810,101640,3969,
2026-09-22 13:57:39,GetHistory,OPTIDX_BANKNIFTY_29SEP2026_PE_56500,NFO,15minute,51,2026-09-22 13:30:00,444.25,777030,60150,970,
2026-09-22 13:57:41,GetHistory,OPTIDX_NIFTY_22SEP2026_CE_23400,NFO,15minute,51,2026-09-22 13:30:00,15.6,44427955,52268385,1998,
2026-09-22 13:57:42,GetHistory,OPTIDX_NIFTY_22SEP2026_PE_23400,NFO,15minute,51,2026-09-22 13:30:00,83.65,14022320,17154735,732,
2026-09-22 13:57:44,GetHistory,HDFCBANK,NSE,15minute,53,2026-09-22 13:30:00,743.05,0,687485,2423,
2026-09-22 13:57:46,GetHistory,RELIANCE,NSE,15minute,53,2026-09-22 13:30:00,1241.6,0,175253,2169,
2026-09-22 13:57:52,GetHistory,NIFTY 50,NSE_IDX,15minute,94,2026-09-22 13:30:00,23339.3,0,0,6079,
2026-09-22 13:57:56,GetHistory,NIFTY BANK,NSE_IDX,15minute,94,2026-09-22 13:30:00,56195.0,0,0,3561,
2026-09-22 13:58:45,GetHistory,NIFTY 50,NSE_IDX,1minute,274,2026-09-22 13:43:00,23346.3,0,0,1249,
2026-09-22 13:58:46,GetHistory,RELIANCE,NSE,1minute,269,2026-09-22 13:43:00,1241.7,0,16861,1097,
2026-09-22 13:58:47,GetHistory,FUTIDX_NIFTY_29SEP2026_XX_0,NFO,1minute,269,2026-09-22 13:43:00,23356.0,16997240,5070,867,
2026-09-22 13:58:48,GetHistory,OPTIDX_NIFTY_22SEP2026_CE_23400,NFO,1minute,269,2026-09-22 13:43:00,17.6,44697640,4823195,1115,
2026-09-22 13:59:14,GetExchangeSnapshot,NFO,NFO,1minute,2547,2026-09-22 13:44:00,2269,545809,2547,26205,
2026-09-22 14:01:03,GetHistory,NIFTY 50,NSE_IDX,1minute,277,2026-09-22 13:46:00,23329.85,0,0,1144,
2026-09-22 14:01:07,GetHistory,RELIANCE,NSE,1minute,272,2026-09-22 13:46:00,1241.1,0,8545,4342,
2026-09-22 14:01:08,GetHistory,FUTIDX_NIFTY_29SEP2026_XX_0,NFO,1minute,272,2026-09-22 13:46:00,23339.1,17002375,2795,687,
2026-09-22 14:01:09,GetHistory,OPTIDX_NIFTY_22SEP2026_CE_23400,NFO,1minute,272,2026-09-22 13:46:00,14.0,43312620,3474315,1007,
2026-09-22 14:01:34,GetExchangeSnapshot,NFO,NFO,1minute,2616,2026-09-22 13:46:00,2343,560518,2616,25541,
2026-09-22 14:01:57,GetExchangeSnapshot,NSE,NSE,1minute,1594,2026-09-22 13:46:00,2,299761,1594,22942,
2026-09-22 14:02:50,GetHistory,FUTIDX_BANKNIFTY_29SEP2026_XX_0,NFO,15minute,51,2026-09-22 13:45:00,56303.8,1972890,37020,4250,
2026-09-22 14:02:51,GetHistory,FUTIDX_NIFTY_29SEP2026_XX_0,NFO,15minute,51,2026-09-22 13:45:00,23305.0,17024735,104390,1265,
2026-09-22 14:02:54,GetHistory,FUTSTK_RELIANCE_29SEP2026_XX_0,NFO,15minute,51,2026-09-22 13:45:00,1239.5,122541500,459000,3315,
2026-09-22 14:02:55,GetHistory,OPTIDX_BANKNIFTY_29SEP2026_CE_56500,NFO,15minute,51,2026-09-22 13:45:00,280.2,1168050,307470,1218,
2026-09-22 14:02:56,GetHistory,OPTIDX_BANKNIFTY_29SEP2026_PE_56500,NFO,15minute,51,2026-09-22 13:45:00,479.45,775260,260460,1076,
2026-09-22 14:03:00,GetHistory,OPTIDX_NIFTY_22SEP2026_CE_23400,NFO,15minute,51,2026-09-22 13:45:00,9.85,42488420,67452255,3860,
2026-09-22 14:03:03,GetHistory,OPTIDX_NIFTY_22SEP2026_PE_23400,NFO,15minute,51,2026-09-22 13:45:00,113.65,9773660,36677420,3064,
2026-09-22 14:03:05,GetHistory,HDFCBANK,NSE,15minute,53,2026-09-22 13:45:00,741.6,0,1044351,2058,
2026-09-22 14:03:08,GetHistory,RELIANCE,NSE,15minute,53,2026-09-22 13:45:00,1238.6,0,378177,2579,
2026-09-22 14:03:15,GetHistory,NIFTY 50,NSE_IDX,15minute,94,2026-09-22 13:45:00,23305.3,0,0,6550,
2026-09-22 14:03:18,GetHistory,NIFTY BANK,NSE_IDX,15minute,94,2026-09-22 13:45:00,56146.0,0,0,3623,
2026-09-22 14:03:33,GetHistory,NIFTY 50,NSE_IDX,1minute,279,2026-09-22 13:48:00,23328.45,0,0,3999,
2026-09-22 14:03:34,GetHistory,RELIANCE,NSE,1minute,274,2026-09-22 13:48:00,1240.2,0,32867,751,
2026-09-22 14:03:35,GetHistory,FUTIDX_NIFTY_29SEP2026_XX_0,NFO,1minute,274,2026-09-22 13:48:00,23338.0,17004260,3380,958,
2026-09-22 14:03:36,GetHistory,OPTIDX_NIFTY_22SEP2026_CE_23400,NFO,1minute,274,2026-09-22 13:48:00,13.1,43306835,3953300,989,
2026-09-22 14:04:02,GetExchangeSnapshot,NFO,NFO,1minute,2613,2026-09-22 13:48:00,2360,559604,2613,25519,
2026-09-22 14:04:25,GetExchangeSnapshot,NSE,NSE,1minute,1620,2026-09-22 13:49:00,2,304767,1620,23150,
2026-09-22 14:05:53,GetHistory,NIFTY 50,NSE_IDX,1minute,281,2026-09-22 13:50:00,23324.35,0,0,1437,
2026-09-22 14:05:54,GetHistory,RELIANCE,NSE,1minute,276,2026-09-22 13:50:00,1240.2,0,23289,947,
2026-09-22 14:05:55,GetHistory,FUTIDX_NIFTY_29SEP2026_XX_0,NFO,1minute,276,2026-09-22 13:50:00,23330.1,17010890,5330,953,
2026-09-22 14:05:56,GetHistory,OPTIDX_NIFTY_22SEP2026_CE_23400,NFO,1minute,276,2026-09-22 13:50:00,12.9,43481555,3203655,998,
2026-09-22 14:06:22,GetExchangeSnapshot,NFO,NFO,1minute,2939,2026-09-22 13:51:00,2642,629107,2939,26323,
2026-09-22 14:08:12,GetHistory,FUTIDX_BANKNIFTY_29SEP2026_XX_0,NFO,15minute,51,2026-09-22 13:45:00,56303.8,1972890,37020,1749,
2026-09-22 14:08:13,GetHistory,FUTIDX_NIFTY_29SEP2026_XX_0,NFO,15minute,51,2026-09-22 13:45:00,23305.0,17024735,104390,1246,
2026-09-22 14:08:14,GetHistory,FUTSTK_RELIANCE_29SEP2026_XX_0,NFO,15minute,51,2026-09-22 13:45:00,1239.5,122541500,459000,1097,
2026-09-22 14:08:15,GetHistory,OPTIDX_BANKNIFTY_29SEP2026_CE_56500,NFO,15minute,51,2026-09-22 13:45:00,280.2,1168050,307470,1028,
2026-09-22 14:08:19,GetHistory,OPTIDX_BANKNIFTY_29SEP2026_PE_56500,NFO,15minute,51,2026-09-22 13:45:00,479.45,775260,260460,3347,
2026-09-22 14:08:19,GetHistory,OPTIDX_NIFTY_22SEP2026_CE_23400,NFO,15minute,51,2026-09-22 13:45:00,9.85,42488420,67452255,604,
2026-09-22 14:08:23,GetHistory,OPTIDX_NIFTY_22SEP2026_PE_23400,NFO,15minute,51,2026-09-22 13:45:00,113.65,9773660,36677420,3250,
2026-09-22 14:08:25,GetHistory,HDFCBANK,NSE,15minute,53,2026-09-22 13:45:00,741.6,0,1044351,2096,
2026-09-22 14:08:27,GetHistory,RELIANCE,NSE,15minute,53,2026-09-22 13:45:00,1238.6,0,378177,2138,
2026-09-22 14:08:30,GetHistory,NIFTY 50,NSE_IDX,15minute,94,2026-09-22 13:45:00,23305.3,0,0,3596,
2026-09-22 14:08:34,GetHistory,NIFTY BANK,NSE_IDX,15minute,94,2026-09-22 13:45:00,56146.0,0,0,3748,
2026-09-22 14:08:35,GetHistory,NIFTY 50,NSE_IDX,1minute,284,2026-09-22 13:53:00,23307.8,0,0,770,
2026-09-22 14:08:36,GetHistory,RELIANCE,NSE,1minute,279,2026-09-22 13:53:00,1239.2,0,16112,1000,
2026-09-22 14:08:37,GetHistory,FUTIDX_NIFTY_29SEP2026_XX_0,NFO,1minute,279,2026-09-22 13:53:00,23311.9,17014530,13975,997,
2026-09-22 14:08:38,GetHistory,OPTIDX_NIFTY_22SEP2026_CE_23400,NFO,1minute,279,2026-09-22 13:53:00,10.7,43622345,5025020,955,
2026-09-22 14:09:05,GetExchangeSnapshot,NFO,NFO,1minute,3353,2026-09-22 13:53:00,3016,718074,3353,27510,
2026-09-22 14:09:29,GetExchangeSnapshot,NSE,NSE,1minute,1727,2026-09-22 13:54:00,2,325158,1727,23166,
2026-09-22 14:10:10,GetHistory,NIFTY 50,NSE_IDX,1minute,286,2026-09-22 13:55:00,23310.7,0,0,2409,
2026-09-22 14:10:11,GetHistory,RELIANCE,NSE,1minute,281,2026-09-22 13:55:00,1239.3,0,19871,769,
2026-09-22 14:10:12,GetHistory,FUTIDX_NIFTY_29SEP2026_XX_0,NFO,1minute,281,2026-09-22 13:55:00,23315.0,17023695,4160,1064,
2026-09-22 14:10:13,GetHistory,OPTIDX_NIFTY_22SEP2026_CE_23400,NFO,1minute,281,2026-09-22 13:55:00,10.85,42168165,5389735,1500,
2026-09-22 14:10:41,GetExchangeSnapshot,NFO,NFO,1minute,3482,2026-09-22 13:55:00,3168,746065,3482,27324,
2026-09-22 14:12:23,GetHistory,NIFTY 50,NSE_IDX,1minute,288,2026-09-22 13:57:00,23306.05,0,0,3271,
2026-09-22 14:12:23,GetHistory,RELIANCE,NSE,1minute,283,2026-09-22 13:57:00,1238.4,0,16876,723,
2026-09-22 14:12:24,GetHistory,FUTIDX_NIFTY_29SEP2026_XX_0,NFO,1minute,283,2026-09-22 13:57:00,23312.0,17025255,4290,1081,
2026-09-22 14:12:25,GetHistory,OPTIDX_NIFTY_22SEP2026_CE_23400,NFO,1minute,283,2026-09-22 13:57:00,9.9,42253380,4202575,888,
2026-09-22 14:12:52,GetExchangeSnapshot,NFO,NFO,1minute,2775,2026-09-22 13:57:00,2502,594497,2775,27036,
2026-09-22 14:13:16,GetExchangeSnapshot,NSE,NSE,1minute,1557,2026-09-22 13:58:00,1,292891,1557,23149,
2026-09-22 14:13:37,GetHistory,FUTIDX_BANKNIFTY_29SEP2026_XX_0,NFO,15minute,51,2026-09-22 13:45:00,56303.8,1972890,37020,3801,
2026-09-22 14:13:38,GetHistory,FUTIDX_NIFTY_29SEP2026_XX_0,NFO,15minute,51,2026-09-22 13:45:00,23305.0,17024735,104390,1264,
2026-09-22 14:13:40,GetHistory,FUTSTK_RELIANCE_29SEP2026_XX_0,NFO,15minute,51,2026-09-22 13:45:00,1239.5,122541500,459000,1237,
2026-09-22 14:13:41,GetHistory,OPTIDX_BANKNIFTY_29SEP2026_CE_56500,NFO,15minute,51,2026-09-22 13:45:00,280.2,1168050,307470,999,
2026-09-22 14:13:42,GetHistory,OPTIDX_BANKNIFTY_29SEP2026_PE_56500,NFO,15minute,51,2026-09-22 13:45:00,479.45,775260,260460,1090,
2026-09-22 14:13:42,GetHistory,OPTIDX_NIFTY_22SEP2026_CE_23400,NFO,15minute,51,2026-09-22 13:45:00,9.85,42488420,67452255,561,
2026-09-22 14:13:45,GetHistory,OPTIDX_NIFTY_22SEP2026_PE_23400,NFO,15minute,51,2026-09-22 13:45:00,113.65,9773660,36677420,3025,
2026-09-22 14:13:48,GetHistory,HDFCBANK,NSE,15minute,53,2026-09-22 13:45:00,741.6,0,1044351,2186,
2026-09-22 14:13:50,GetHistory,RELIANCE,NSE,15minute,53,2026-09-22 13:45:00,1238.6,0,378177,2077,
2026-09-22 14:13:54,GetHistory,NIFTY 50,NSE_IDX,15minute,94,2026-09-22 13:45:00,23305.3,0,0,4827,
2026-09-22 14:14:00,GetHistory,NIFTY BANK,NSE_IDX,15minute,94,2026-09-22 13:45:00,56146.0,0,0,5576,
2026-09-22 14:14:40,GetHistory,NIFTY 50,NSE_IDX,1minute,290,2026-09-22 13:59:00,23305.3,0,0,636,
2026-09-22 14:14:41,GetHistory,RELIANCE,NSE,1minute,285,2026-09-22 13:59:00,1238.6,0,42237,1201,
2026-09-22 14:14:42,GetHistory,FUTIDX_NIFTY_29SEP2026_XX_0,NFO,1minute,285,2026-09-22 13:59:00,23305.0,17024735,3185,973,
2026-09-22 14:14:43,GetHistory,OPTIDX_NIFTY_22SEP2026_CE_23400,NFO,1minute,285,2026-09-22 13:59:00,9.85,42488420,2859025,987,
2026-09-22 14:15:11,GetExchangeSnapshot,NFO,NFO,1minute,3890,2026-09-22 14:00:00,3509,833111,3890,28184,
2026-09-22 14:15:35,GetExchangeSnapshot,NSE,NSE,1minute,1812,2026-09-22 14:00:00,1,341282,1812,24124,
2026-09-22 14:16:56,GetHistory,NIFTY 50,NSE_IDX,1minute,292,2026-09-22 14:01:00,23301.8,0,0,3240,
2026-09-22 14:16:57,GetHistory,RELIANCE,NSE,1minute,287,2026-09-22 14:01:00,1238.3,0,29936,580,
2026-09-22 14:16:58,GetHistory,FUTIDX_NIFTY_29SEP2026_XX_0,NFO,1minute,287,2026-09-22 14:01:00,23303.5,17031950,5915,1109,
2026-09-22 14:16:59,GetHistory,OPTIDX_NIFTY_22SEP2026_CE_23400,NFO,1minute,287,2026-09-22 14:01:00,9.0,42098615,5779605,951,
2026-09-22 14:17:26,GetExchangeSnapshot,NFO,NFO,1minute,3207,2026-09-22 14:02:00,2910,686878,3207,26807,
2026-09-22 14:18:38,GetHistory,FUTIDX_BANKNIFTY_29SEP2026_XX_0,NFO,15minute,51,2026-09-22 14:00:00,56510.0,1946160,27180,3540,
2026-09-22 14:18:39,GetHistory,FUTIDX_NIFTY_29SEP2026_XX_0,NFO,15minute,51,2026-09-22 14:00:00,23399.0,16825965,129870,1106,
2026-09-22 14:18:40,GetHistory,FUTSTK_RELIANCE_29SEP2026_XX_0,NFO,15minute,51,2026-09-22 14:00:00,1243.9,122672000,731000,1125,
2026-09-22 14:18:41,GetHistory,OPTIDX_BANKNIFTY_29SEP2026_CE_56500,NFO,15minute,51,2026-09-22 14:00:00,379.05,1142760,385800,998,
2026-09-22 14:18:42,GetHistory,OPTIDX_BANKNIFTY_29SEP2026_PE_56500,NFO,15minute,51,2026-09-22 14:00:00,354.1,749220,204600,858,
2026-09-22 14:18:43,GetHistory,OPTIDX_NIFTY_22SEP2026_CE_23400,NFO,15minute,51,2026-09-22 14:00:00,33.75,36362560,106153840,1255,
2026-09-22 14:18:44,GetHistory,OPTIDX_NIFTY_22SEP2026_PE_23400,NFO,15minute,51,2026-09-22 14:00:00,57.25,9619090,30479215,625,
2026-09-22 14:18:46,GetHistory,HDFCBANK,NSE,15minute,53,2026-09-22 14:00:00,744.35,0,1373744,2403,
2026-09-22 14:18:49,GetHistory,RELIANCE,NSE,15minute,53,2026-09-22 14:00:00,1243.3,0,483591,2756,
2026-09-22 14:18:52,GetHistory,NIFTY 50,NSE_IDX,15minute,94,2026-09-22 14:00:00,23383.0,0,0,3577,
2026-09-22 14:18:56,GetHistory,NIFTY BANK,NSE_IDX,15minute,94,2026-09-22 14:00:00,56351.75,0,0,3766,
2026-09-22 14:19:23,GetHistory,NIFTY 50,NSE_IDX,1minute,295,2026-09-22 14:04:00,23307.75,0,0,1346,
2026-09-22 14:19:24,GetHistory,RELIANCE,NSE,1minute,290,2026-09-22 14:04:00,1239.1,0,30654,1121,
2026-09-22 14:19:28,GetHistory,FUTIDX_NIFTY_29SEP2026_XX_0,NFO,1minute,290,2026-09-22 14:04:00,23314.0,17032990,2535,3989,
2026-09-22 14:19:29,GetHistory,OPTIDX_NIFTY_22SEP2026_CE_23400,NFO,1minute,290,2026-09-22 14:04:00,10.3,41474940,4145505,596,
2026-09-22 14:19:55,GetExchangeSnapshot,NFO,NFO,1minute,3000,2026-09-22 14:04:00,2700,642407,3000,26505,
2026-09-22 14:20:19,GetExchangeSnapshot,NSE,NSE,1minute,1603,2026-09-22 14:05:00,2,301539,1603,23715,
2026-09-22 14:21:31,GetHistory,NIFTY 50,NSE_IDX,1minute,297,2026-09-22 14:06:00,23306.9,0,0,3355,
2026-09-22 14:21:32,GetHistory,RELIANCE,NSE,1minute,292,2026-09-22 14:06:00,1239.1,0,30558,747,
2026-09-22 14:21:33,GetHistory,FUTIDX_NIFTY_29SEP2026_XX_0,NFO,1minute,292,2026-09-22 14:06:00,23309.0,17034290,1625,1108,
2026-09-22 14:21:34,GetHistory,OPTIDX_NIFTY_22SEP2026_CE_23400,NFO,1minute,292,2026-09-22 14:06:00,10.85,41025660,4114305,974,
2026-09-22 14:22:01,GetExchangeSnapshot,NFO,NFO,1minute,3142,2026-09-22 14:06:00,2826,672995,3142,27376,
2026-09-22 14:23:42,GetHistory,FUTIDX_BANKNIFTY_29SEP2026_XX_0,NFO,15minute,51,2026-09-22 14:00:00,56510.0,1946160,27180,1800,
2026-09-22 14:23:43,GetHistory,FUTIDX_NIFTY_29SEP2026_XX_0,NFO,15minute,51,2026-09-22 14:00:00,23399.0,16825965,129870,1199,
2026-09-22 14:23:44,GetHistory,FUTSTK_RELIANCE_29SEP2026_XX_0,NFO,15minute,51,2026-09-22 14:00:00,1243.9,122672000,731000,1138,
2026-09-22 14:23:46,GetHistory,OPTIDX_BANKNIFTY_29SEP2026_CE_56500,NFO,15minute,51,2026-09-22 14:00:00,379.05,1142760,385800,1094,
2026-09-22 14:23:47,GetHistory,OPTIDX_BANKNIFTY_29SEP2026_PE_56500,NFO,15minute,51,2026-09-22 14:00:00,354.1,749220,204600,1077,
2026-09-22 14:23:50,GetHistory,OPTIDX_NIFTY_22SEP2026_CE_23400,NFO,15minute,51,2026-09-22 14:00:00,33.75,36362560,106153840,3219,
2026-09-22 14:23:51,GetHistory,OPTIDX_NIFTY_22SEP2026_PE_23400,NFO,15minute,51,2026-09-22 14:00:00,57.25,9619090,30479215,719,
2026-09-22 14:23:56,GetHistory,HDFCBANK,NSE,15minute,53,2026-09-22 14:00:00,744.35,0,1373744,5093,
2026-09-22 14:23:58,GetHistory,RELIANCE,NSE,15minute,53,2026-09-22 14:00:00,1243.3,0,483591,2125,
2026-09-22 14:24:01,GetHistory,NIFTY 50,NSE_IDX,15minute,94,2026-09-22 14:00:00,23383.0,0,0,3615,
2026-09-22 14:24:06,GetHistory,NIFTY BANK,NSE_IDX,15minute,94,2026-09-22 14:00:00,56351.75,0,0,4294,
2026-09-22 14:24:07,GetHistory,NIFTY 50,NSE_IDX,1minute,300,2026-09-22 14:09:00,23312.85,0,0,865,
2026-09-22 14:24:07,GetHistory,RELIANCE,NSE,1minute,295,2026-09-22 14:09:00,1239.2,0,7634,851,
2026-09-22 14:24:09,GetHistory,FUTIDX_NIFTY_29SEP2026_XX_0,NFO,1minute,295,2026-09-22 14:09:00,23313.3,17041700,5265,1102,
2026-09-22 14:24:09,GetHistory,OPTIDX_NIFTY_22SEP2026_CE_23400,NFO,1minute,295,2026-09-22 14:09:00,12.1,40323595,3818425,876,
2026-09-22 14:24:36,GetExchangeSnapshot,NFO,NFO,1minute,2873,2026-09-22 14:09:00,2602,615454,2873,26298,
2026-09-22 14:24:59,GetExchangeSnapshot,NSE,NSE,1minute,1636,2026-09-22 14:09:00,2,307731,1636,23356,
2026-09-22 14:26:09,GetHistory,NIFTY 50,NSE_IDX,1minute,302,2026-09-22 14:11:00,23325.55,0,0,1265,
2026-09-22 14:26:13,GetHistory,RELIANCE,NSE,1minute,297,2026-09-22 14:11:00,1240.0,0,10885,3616,
2026-09-22 14:26:13,GetHistory,FUTIDX_NIFTY_29SEP2026_XX_0,NFO,1minute,297,2026-09-22 14:11:00,23327.0,17046055,6110,792,
2026-09-22 14:26:14,GetHistory,OPTIDX_NIFTY_22SEP2026_CE_23400,NFO,1minute,297,2026-09-22 14:11:00,13.7,40556425,6386900,985,
2026-09-22 14:26:41,GetExchangeSnapshot,NFO,NFO,1minute,3090,2026-09-22 14:11:00,2805,661361,3090,26910,
2026-09-22 14:28:30,GetHistory,NIFTY 50,NSE_IDX,1minute,304,2026-09-22 14:13:00,23333.55,0,0,1292,
2026-09-22 14:28:31,GetHistory,RELIANCE,NSE,1minute,299,2026-09-22 14:13:00,1240.1,0,45359,939,
2026-09-22 14:28:35,GetHistory,FUTIDX_NIFTY_29SEP2026_XX_0,NFO,1minute,299,2026-09-22 14:13:00,23349.0,16882970,5720,3919,
2026-09-22 14:28:36,GetHistory,OPTIDX_NIFTY_22SEP2026_CE_23400,NFO,1minute,299,2026-09-22 14:13:00,19.15,38456600,13973635,646,
2026-09-22 14:29:04,GetExchangeSnapshot,NFO,NFO,1minute,3457,2026-09-22 14:13:00,3165,740232,3457,28252,
2026-09-22 14:29:28,GetExchangeSnapshot,NSE,NSE,1minute,1801,2026-09-22 14:14:00,2,339222,1801,23926,
2026-09-22 14:29:38,GetHistory,FUTIDX_BANKNIFTY_29SEP2026_XX_0,NFO,15minute,51,2026-09-22 14:00:00,56510.0,1946160,27180,1629,
2026-09-22 14:29:40,GetHistory,FUTIDX_NIFTY_29SEP2026_XX_0,NFO,15minute,51,2026-09-22 14:00:00,23399.0,16825965,129870,1197,
2026-09-22 14:29:43,GetHistory,FUTSTK_RELIANCE_29SEP2026_XX_0,NFO,15minute,51,2026-09-22 14:00:00,1243.9,122672000,731000,3532,
2026-09-22 14:29:44,GetHistory,OPTIDX_BANKNIFTY_29SEP2026_CE_56500,NFO,15minute,51,2026-09-22 14:00:00,379.05,1142760,385800,1000,
2026-09-22 14:29:45,GetHistory,OPTIDX_BANKNIFTY_29SEP2026_PE_56500,NFO,15minute,51,2026-09-22 14:00:00,354.1,749220,204600,967,
2026-09-22 14:29:46,GetHistory,OPTIDX_NIFTY_22SEP2026_CE_23400,NFO,15minute,51,2026-09-22 14:00:00,33.75,36362560,106153840,579,
2026-09-22 14:29:47,GetHistory,OPTIDX_NIFTY_22SEP2026_PE_23400,NFO,15minute,51,2026-09-22 14:00:00,57.25,9619090,30479215,1167,
2026-09-22 14:29:49,GetHistory,HDFCBANK,NSE,15minute,53,2026-09-22 14:00:00,744.35,0,1373744,2408,
2026-09-22 14:29:51,GetHistory,RELIANCE,NSE,15minute,53,2026-09-22 14:00:00,1243.3,0,483591,2093,
2026-09-22 14:29:58,GetHistory,NIFTY 50,NSE_IDX,15minute,94,2026-09-22 14:00:00,23383.0,0,0,6319,
2026-09-22 14:30:01,GetHistory,NIFTY BANK,NSE_IDX,15minute,94,2026-09-22 14:00:00,56351.75,0,0,3604,
2026-09-22 14:30:51,GetHistory,NIFTY 50,NSE_IDX,1minute,306,2026-09-22 14:15:00,23373.8,0,0,2010,
2026-09-22 14:30:52,GetHistory,RELIANCE,NSE,1minute,301,2026-09-22 14:15:00,1242.9,0,44654,928,
2026-09-22 14:30:52,GetHistory,FUTIDX_NIFTY_29SEP2026_XX_0,NFO,1minute,301,2026-09-22 14:15:00,23380.0,16807960,39000,653,
2026-09-22 14:30:56,GetHistory,OPTIDX_NIFTY_22SEP2026_CE_23400,NFO,1minute,301,2026-09-22 14:15:00,27.95,29515655,39616460,3931,
2026-09-22 14:31:25,GetExchangeSnapshot,NFO,NFO,1minute,3968,2026-09-22 14:16:00,3645,850419,3968,28187,
2026-09-22 14:31:48,GetExchangeSnapshot,NSE,NSE,1minute,1679,2026-09-22 14:16:00,2,316101,1679,23037,
2026-09-22 14:33:10,GetHistory,NIFTY 50,NSE_IDX,1minute,309,2026-09-22 14:18:00,23384.95,0,0,3512,
2026-09-22 14:33:10,GetHistory,RELIANCE,NSE,1minute,304,2026-09-22 14:18:00,1243.9,0,14535,613,
2026-09-22 14:33:13,GetHistory,FUTIDX_NIFTY_29SEP2026_XX_0,NFO,1minute,304,2026-09-22 14:18:00,23401.3,16805165,6045,2951,
2026-09-22 14:33:14,GetHistory,OPTIDX_NIFTY_22SEP2026_CE_23400,NFO,1minute,304,2026-09-22 14:18:00,37.3,31208775,12368005,651,
2026-09-22 14:33:42,GetExchangeSnapshot,NFO,NFO,1minute,3154,2026-09-22 14:18:00,2853,675569,3154,27915,
2026-09-22 14:34:52,GetHistory,FUTIDX_BANKNIFTY_29SEP2026_XX_0,NFO,15minute,51,2026-09-22 14:15:00,56529.0,1941720,22020,1718,
2026-09-22 14:34:54,GetHistory,FUTIDX_NIFTY_29SEP2026_XX_0,NFO,15minute,51,2026-09-22 14:15:00,23401.0,16829930,192140,1309,
2026-09-22 14:34:55,GetHistory,FUTSTK_RELIANCE_29SEP2026_XX_0,NFO,15minute,51,2026-09-22 14:15:00,1245.3,122694000,321000,1125,
2026-09-22 14:34:56,GetHistory,OPTIDX_BANKNIFTY_29SEP2026_CE_56500,NFO,15minute,51,2026-09-22 14:15:00,375.55,1009170,709650,1110,
2026-09-22 14:34:57,GetHistory,OPTIDX_BANKNIFTY_29SEP2026_PE_56500,NFO,15minute,51,2026-09-22 14:15:00,364.7,790590,394980,1074,
2026-09-22 14:34:58,GetHistory,OPTIDX_NIFTY_22SEP2026_CE_23400,NFO,15minute,51,2026-09-22 14:15:00,36.8,30946240,183122030,688,
2026-09-22 14:35:01,GetHistory,OPTIDX_NIFTY_22SEP2026_PE_23400,NFO,15minute,51,2026-09-22 14:15:00,50.5,16350425,78757380,3546,
2026-09-22 14:35:03,GetHistory,HDFCBANK,NSE,15minute,53,2026-09-22 14:15:00,743.65,0,1106720,2110,
2026-09-22 14:35:08,GetHistory,RELIANCE,NSE,15minute,53,2026-09-22 14:15:00,1244.5,0,437928,5264,
2026-09-22 14:35:12,GetHistory,NIFTY 50,NSE_IDX,15minute,94,2026-09-22 14:15:00,23389.75,0,0,3681,
2026-09-22 14:35:16,GetHistory,NIFTY BANK,NSE_IDX,15minute,94,2026-09-22 14:15:00,56344.8,0,0,3681,
2026-09-22 14:35:29,GetHistory,NIFTY 50,NSE_IDX,1minute,311,2026-09-22 14:20:00,23394.35,0,0,3997,
2026-09-22 14:35:29,GetHistory,RELIANCE,NSE,1minute,306,2026-09-22 14:20:00,1244.1,0,15511,913,
2026-09-22 14:35:30,GetHistory,FUTIDX_NIFTY_29SEP2026_XX_0,NFO,1minute,306,2026-09-22 14:20:00,23409.3,16804580,9360,823,
2026-09-22 14:35:31,GetHistory,OPTIDX_NIFTY_22SEP2026_CE_23400,NFO,1minute,306,2026-09-22 14:20:00,41.2,30678180,13531115,1134,
2026-09-22 14:35:59,GetExchangeSnapshot,NFO,NFO,1minute,3558,2026-09-22 14:20:00,3240,761357,3558,27748,
2026-09-22 14:36:22,GetExchangeSnapshot,NSE,NSE,1minute,1652,2026-09-22 14:21:00,1,310894,1652,23200,
2026-09-22 14:37:39,GetHistory,NIFTY 50,NSE_IDX,1minute,313,2026-09-22 14:22:00,23395.75,0,0,4656,
2026-09-22 14:37:40,GetHistory,RELIANCE,NSE,1minute,308,2026-09-22 14:22:00,1244.4,0,43463,867,
2026-09-22 14:37:41,GetHistory,FUTIDX_NIFTY_29SEP2026_XX_0,NFO,1minute,308,2026-09-22 14:22:00,23418.0,16807960,5200,889,
2026-09-22 14:37:42,GetHistory,OPTIDX_NIFTY_22SEP2026_CE_23400,NFO,1minute,308,2026-09-22 14:22:00,41.7,29881670,9120605,979,
2026-09-22 14:38:10,GetExchangeSnapshot,NFO,NFO,1minute,3405,2026-09-22 14:23:00,3083,728666,3405,28062,
2026-09-22 14:39:52,GetHistory,NIFTY 50,NSE_IDX,1minute,315,2026-09-22 14:24:00,23378.9,0,0,3759,
2026-09-22 14:39:53,GetHistory,RELIANCE,NSE,1minute,310,2026-09-22 14:24:00,1244.0,0,23234,805,
2026-09-22 14:39:54,GetHistory,FUTIDX_NIFTY_29SEP2026_XX_0,NFO,1minute,310,2026-09-22 14:24:00,23394.1,16824600,25480,1009,
2026-09-22 14:39:55,GetHistory,OPTIDX_NIFTY_22SEP2026_CE_23400,NFO,1minute,310,2026-09-22 14:24:00,33.0,29081130,13132925,982,
2026-09-22 14:40:23,GetExchangeSnapshot,NFO,NFO,1minute,3250,2026-09-22 14:25:00,2936,695841,3250,28208,
2026-09-22 14:40:46,GetExchangeSnapshot,NSE,NSE,1minute,1646,2026-09-22 14:25:00,2,309640,1646,23218,
2026-09-22 14:40:57,GetHistory,FUTIDX_BANKNIFTY_29SEP2026_XX_0,NFO,15minute,51,2026-09-22 14:15:00,56529.0,1941720,22020,1721,
2026-09-22 14:40:58,GetHistory,FUTIDX_NIFTY_29SEP2026_XX_0,NFO,15minute,51,2026-09-22 14:15:00,23401.0,16829930,192140,1198,
2026-09-22 14:40:59,GetHistory,FUTSTK_RELIANCE_29SEP2026_XX_0,NFO,15minute,51,2026-09-22 14:15:00,1245.3,122694000,321000,1561,
2026-09-22 14:41:02,GetHistory,OPTIDX_BANKNIFTY_29SEP2026_CE_56500,NFO,15minute,51,2026-09-22 14:15:00,375.55,1009170,709650,2954,
2026-09-22 14:41:03,GetHistory,OPTIDX_BANKNIFTY_29SEP2026_PE_56500,NFO,15minute,51,2026-09-22 14:15:00,364.7,790590,394980,967,
2026-09-22 14:41:04,GetHistory,OPTIDX_NIFTY_22SEP2026_CE_23400,NFO,15minute,51,2026-09-22 14:15:00,36.8,30946240,183122030,578,
2026-09-22 14:41:05,GetHistory,OPTIDX_NIFTY_22SEP2026_PE_23400,NFO,15minute,51,2026-09-22 14:15:00,50.5,16350425,78757380,1078,
2026-09-22 14:41:08,GetHistory,HDFCBANK,NSE,15minute,53,2026-09-22 14:15:00,743.65,0,1106720,2500,
2026-09-22 14:41:10,GetHistory,RELIANCE,NSE,15minute,53,2026-09-22 14:15:00,1244.5,0,437928,2094,
2026-09-22 14:41:15,GetHistory,NIFTY 50,NSE_IDX,15minute,94,2026-09-22 14:15:00,23389.75,0,0,5391,
2026-09-22 14:41:18,GetHistory,NIFTY BANK,NSE_IDX,15minute,94,2026-09-22 14:15:00,56344.8,0,0,3288,
2026-09-22 14:41:58,GetHistory,NIFTY 50,NSE_IDX,1minute,317,2026-09-22 14:26:00,23392.75,0,0,1227,
2026-09-22 14:42:01,GetHistory,RELIANCE,NSE,1minute,313,2026-09-22 14:27:00,1244.5,0,49148,3336,
2026-09-22 14:42:02,GetHistory,FUTIDX_NIFTY_29SEP2026_XX_0,NFO,1minute,313,2026-09-22 14:27:00,23406.7,16834480,6500,609,
2026-09-22 14:42:03,GetHistory,OPTIDX_NIFTY_22SEP2026_CE_23400,NFO,1minute,313,2026-09-22 14:27:00,39.55,30803695,6834620,1120,
2026-09-22 14:42:30,GetExchangeSnapshot,NFO,NFO,1minute,2979,2026-09-22 14:27:00,2683,637795,2979,26721,
2026-09-22 14:44:10,GetHistory,NIFTY 50,NSE_IDX,1minute,320,2026-09-22 14:29:00,23389.75,0,0,1382,
2026-09-22 14:44:11,GetHistory,RELIANCE,NSE,1minute,315,2026-09-22 14:29:00,1244.5,0,30995,914,
2026-09-22 14:44:12,GetHistory,FUTIDX_NIFTY_29SEP2026_XX_0,NFO,1minute,315,2026-09-22 14:29:00,23401.0,16829930,9425,1032,
2026-09-22 14:44:13,GetHistory,OPTIDX_NIFTY_22SEP2026_CE_23400,NFO,1minute,315,2026-09-22 14:29:00,36.8,30946240,4451655,842,
2026-09-22 14:44:40,GetExchangeSnapshot,NFO,NFO,1minute,2989,2026-09-22 14:29:00,2669,640224,2989,26818,
2026-09-22 14:45:03,GetExchangeSnapshot,NSE,NSE,1minute,1736,2026-09-22 14:30:00,2,326580,1736,23318,
2026-09-22 14:46:26,GetHistory,FUTIDX_BANKNIFTY_29SEP2026_XX_0,NFO,15minute,51,2026-09-22 14:30:00,56450.0,1940040,11610,5035,
2026-09-22 14:46:27,GetHistory,FUTIDX_NIFTY_29SEP2026_XX_0,NFO,15minute,51,2026-09-22 14:30:00,23377.0,16822910,122265,1068,
2026-09-22 14:46:28,GetHistory,FUTSTK_RELIANCE_29SEP2026_XX_0,NFO,15minute,51,2026-09-22 14:30:00,1248.1,122833000,537500,1078,
2026-09-22 14:46:29,GetHistory,OPTIDX_BANKNIFTY_29SEP2026_CE_56500,NFO,15minute,51,2026-09-22 14:30:00,342.35,1000650,257280,1078,
2026-09-22 14:46:31,GetHistory,OPTIDX_BANKNIFTY_29SEP2026_PE_56500,NFO,15minute,51,2026-09-22 14:30:00,394.0,796500,198000,1498,
2026-09-22 14:46:34,GetHistory,OPTIDX_NIFTY_22SEP2026_CE_23400,NFO,15minute,51,2026-09-22 14:30:00,24.7,33468955,105899170,3314,
2026-09-22 14:46:35,GetHistory,OPTIDX_NIFTY_22SEP2026_PE_23400,NFO,15minute,51,2026-09-22 14:30:00,57.8,16627650,65575965,734,
2026-09-22 14:46:37,GetHistory,HDFCBANK,NSE,15minute,53,2026-09-22 14:30:00,742.1,0,955214,2407,
2026-09-22 14:46:39,GetHistory,RELIANCE,NSE,15minute,53,2026-09-22 14:30:00,1247.5,0,1174350,2096,
2026-09-22 14:46:43,GetHistory,NIFTY 50,NSE_IDX,15minute,94,2026-09-22 14:30:00,23368.75,0,0,3653,
2026-09-22 14:46:48,GetHistory,NIFTY BANK,NSE_IDX,15minute,94,2026-09-22 14:30:00,56263.45,0,0,5228,
2026-09-22 14:46:49,GetHistory,NIFTY 50,NSE_IDX,1minute,322,2026-09-22 14:31:00,23392.15,0,0,783,
2026-09-22 14:46:50,GetHistory,RELIANCE,NSE,1minute,317,2026-09-22 14:31:00,1245.0,0,42315,942,
2026-09-22 14:46:51,GetHistory,FUTIDX_NIFTY_29SEP2026_XX_0,NFO,1minute,317,2026-09-22 14:31:00,23414.1,16837405,4810,1174,
2026-09-22 14:46:52,GetHistory,OPTIDX_NIFTY_22SEP2026_CE_23400,NFO,1minute,317,2026-09-22 14:31:00,38.0,31818930,4282395,804,
2026-09-22 14:47:19,GetExchangeSnapshot,NFO,NFO,1minute,3249,2026-09-22 14:32:00,2936,696402,3249,27213,
2026-09-22 14:48:31,GetHistory,NIFTY 50,NSE_IDX,1minute,324,2026-09-22 14:33:00,23388.0,0,0,2684,
2026-09-22 14:48:31,GetHistory,RELIANCE,NSE,1minute,319,2026-09-22 14:33:00,1246.0,0,223071,786,
2026-09-22 14:48:33,GetHistory,FUTIDX_NIFTY_29SEP2026_XX_0,NFO,1minute,319,2026-09-22 14:33:00,23406.1,16833895,11635,1103,
2026-09-22 14:48:33,GetHistory,OPTIDX_NIFTY_22SEP2026_CE_23400,NFO,1minute,319,2026-09-22 14:33:00,34.15,32529770,7428460,851,
2026-09-22 14:49:00,GetExchangeSnapshot,NFO,NFO,1minute,3177,2026-09-22 14:33:00,2848,680490,3177,26759,
2026-09-22 14:49:23,GetExchangeSnapshot,NSE,NSE,1minute,1735,2026-09-22 14:34:00,2,326422,1735,23086,
2026-09-22 14:50:52,GetHistory,NIFTY 50,NSE_IDX,1minute,326,2026-09-22 14:35:00,23391.55,0,0,1288,
2026-09-22 14:50:55,GetHistory,RELIANCE,NSE,1minute,321,2026-09-22 14:35:00,1247.8,0,48098,2934,
2026-09-22 14:50:55,GetHistory,FUTIDX_NIFTY_29SEP2026_XX_0,NFO,1minute,321,2026-09-22 14:35:00,23398.9,16852745,10725,789,
2026-09-22 14:50:56,GetHistory,OPTIDX_NIFTY_22SEP2026_CE_23400,NFO,1minute,321,2026-09-22 14:35:00,34.8,31987995,7791030,783,
2026-09-22 14:51:23,GetExchangeSnapshot,NFO,NFO,1minute,3073,2026-09-22 14:36:00,2759,658198,3073,27005,
2026-09-22 14:51:46,GetExchangeSnapshot,NSE,NSE,1minute,1648,2026-09-22 14:36:00,2,310094,1648,23412,
2026-09-22 14:51:58,GetHistory,FUTIDX_BANKNIFTY_29SEP2026_XX_0,NFO,15minute,51,2026-09-22 14:30:00,56450.0,1940040,11610,2486,
2026-09-22 14:51:59,GetHistory,FUTIDX_NIFTY_29SEP2026_XX_0,NFO,15minute,51,2026-09-22 14:30:00,23377.0,16822910,122265,1248,
2026-09-22 14:52:00,GetHistory,FUTSTK_RELIANCE_29SEP2026_XX_0,NFO,15minute,51,2026-09-22 14:30:00,1248.1,122833000,537500,1127,
2026-09-22 14:52:01,GetHistory,OPTIDX_BANKNIFTY_29SEP2026_CE_56500,NFO,15minute,51,2026-09-22 14:30:00,342.35,1000650,257280,1107,
2026-09-22 14:52:02,GetHistory,OPTIDX_BANKNIFTY_29SEP2026_PE_56500,NFO,15minute,51,2026-09-22 14:30:00,394.0,796500,198000,1077,
2026-09-22 14:52:03,GetHistory,OPTIDX_NIFTY_22SEP2026_CE_23400,NFO,15minute,51,2026-09-22 14:30:00,24.7,33468955,105899170,688,
2026-09-22 14:52:04,GetHistory,OPTIDX_NIFTY_22SEP2026_PE_23400,NFO,15minute,51,2026-09-22 14:30:00,57.8,16627650,65575965,1061,
2026-09-22 14:52:09,GetHistory,HDFCBANK,NSE,15minute,53,2026-09-22 14:30:00,742.1,0,955214,5081,
2026-09-22 14:52:11,GetHistory,RELIANCE,NSE,15minute,53,2026-09-22 14:30:00,1247.5,0,1174350,2139,
2026-09-22 14:52:16,GetHistory,NIFTY 50,NSE_IDX,15minute,94,2026-09-22 14:30:00,23368.75,0,0,4914,
2026-09-22 14:52:22,GetHistory,NIFTY BANK,NSE_IDX,15minute,94,2026-09-22 14:30:00,56263.45,0,0,6233,
2026-09-22 14:53:15,GetHistory,NIFTY 50,NSE_IDX,1minute,329,2026-09-22 14:38:00,23384.1,0,0,3837,
2026-09-22 14:53:16,GetHistory,RELIANCE,NSE,1minute,324,2026-09-22 14:38:00,1248.1,0,55049,670,
2026-09-22 14:53:17,GetHistory,FUTIDX_NIFTY_29SEP2026_XX_0,NFO,1minute,324,2026-09-22 14:38:00,23390.0,16852290,8255,1169,
2026-09-22 14:53:17,GetHistory,OPTIDX_NIFTY_22SEP2026_CE_23400,NFO,1minute,324,2026-09-22 14:38:00,28.55,33316920,6136000,659,
2026-09-22 14:53:45,GetExchangeSnapshot,NFO,NFO,1minute,3080,2026-09-22 14:38:00,2765,659101,3080,27695,
2026-09-22 14:55:27,GetHistory,NIFTY 50,NSE_IDX,1minute,331,2026-09-22 14:40:00,23380.05,0,0,2994,
2026-09-22 14:55:28,GetHistory,RELIANCE,NSE,1minute,326,2026-09-22 14:40:00,1247.2,0,71843,834,
2026-09-22 14:55:28,GetHistory,FUTIDX_NIFTY_29SEP2026_XX_0,NFO,1minute,326,2026-09-22 14:40:00,23389.5,16849430,5460,686,
2026-09-22 14:55:29,GetHistory,OPTIDX_NIFTY_22SEP2026_CE_23400,NFO,1minute,326,2026-09-22 14:40:00,28.4,33667920,4912700,1257,
2026-09-22 14:55:59,GetExchangeSnapshot,NFO,NFO,1minute,3164,2026-09-22 14:40:00,2864,677009,3164,29140,
2026-09-22 14:56:22,GetExchangeSnapshot,NSE,NSE,1minute,1713,2026-09-22 14:41:00,2,322293,1713,23577,
2026-09-22 14:57:04,GetHistory,FUTIDX_BANKNIFTY_29SEP2026_XX_0,NFO,15minute,51,2026-09-22 14:30:00,56450.0,1940040,11610,2749,
2026-09-22 14:57:05,GetHistory,FUTIDX_NIFTY_29SEP2026_XX_0,NFO,15minute,51,2026-09-22 14:30:00,23377.0,16822910,122265,1430,
2026-09-22 14:57:06,GetHistory,FUTSTK_RELIANCE_29SEP2026_XX_0,NFO,15minute,51,2026-09-22 14:30:00,1248.1,122833000,537500,1155,
2026-09-22 14:57:08,GetHistory,OPTIDX_BANKNIFTY_29SEP2026_CE_56500,NFO,15minute,51,2026-09-22 14:30:00,342.35,1000650,257280,1110,
2026-09-22 14:57:09,GetHistory,OPTIDX_BANKNIFTY_29SEP2026_PE_56500,NFO,15minute,51,2026-09-22 14:30:00,394.0,796500,198000,1078,
2026-09-22 14:57:09,GetHistory,OPTIDX_NIFTY_22SEP2026_CE_23400,NFO,15minute,51,2026-09-22 14:30:00,24.7,33468955,105899170,688,
2026-09-22 14:57:10,GetHistory,OPTIDX_NIFTY_22SEP2026_PE_23400,NFO,15minute,51,2026-09-22 14:30:00,57.8,16627650,65575965,1062,
2026-09-22 14:57:13,GetHistory,HDFCBANK,NSE,15minute,53,2026-09-22 14:30:00,742.1,0,955214,2420,
2026-09-22 14:57:18,GetHistory,RELIANCE,NSE,15minute,53,2026-09-22 14:30:00,1247.5,0,1174350,5658,
2026-09-22 14:57:22,GetHistory,NIFTY 50,NSE_IDX,15minute,94,2026-09-22 14:30:00,23368.75,0,0,3851,
2026-09-22 14:57:30,GetHistory,NIFTY BANK,NSE_IDX,15minute,94,2026-09-22 14:30:00,56263.45,0,0,7243,
2026-09-22 14:57:43,GetHistory,NIFTY 50,NSE_IDX,1minute,333,2026-09-22 14:42:00,23367.85,0,0,1095,
2026-09-22 14:57:44,GetHistory,RELIANCE,NSE,1minute,328,2026-09-22 14:42:00,1247.0,0,52290,903,
2026-09-22 14:57:48,GetHistory,FUTIDX_NIFTY_29SEP2026_XX_0,NFO,1minute,328,2026-09-22 14:42:00,23380.0,16843060,13585,4000,
2026-09-22 14:57:49,GetHistory,OPTIDX_NIFTY_22SEP2026_CE_23400,NFO,1minute,328,2026-09-22 14:42:00,23.9,32574815,12641005,883,
2026-09-22 14:58:16,GetExchangeSnapshot,NFO,NFO,1minute,2886,2026-09-22 14:43:00,2600,617934,2886,26965,
2026-09-22 14:59:57,GetHistory,NIFTY 50,NSE_IDX,1minute,335,2026-09-22 14:44:00,23368.75,0,0,2370,
2026-09-22 14:59:58,GetHistory,RELIANCE,NSE,1minute,330,2026-09-22 14:44:00,1247.5,0,56940,931,
2026-09-22 14:59:59,GetHistory,FUTIDX_NIFTY_29SEP2026_XX_0,NFO,1minute,330,2026-09-22 14:44:00,23377.0,16822910,1690,1024,
2026-09-22 15:00:00,GetHistory,OPTIDX_NIFTY_22SEP2026_CE_23400,NFO,1minute,330,2026-09-22 14:44:00,24.7,33468955,5805215,913,
2026-09-22 15:00:28,GetExchangeSnapshot,NFO,NFO,1minute,3140,2026-09-22 14:45:00,2846,672125,3140,28449,
2026-09-22 15:00:53,GetExchangeSnapshot,NSE,NSE,1minute,1747,2026-09-22 14:45:00,2,328493,1747,24631,
2026-09-22 15:02:13,GetHistory,FUTIDX_BANKNIFTY_29SEP2026_XX_0,NFO,15minute,51,2026-09-22 14:45:00,56403.0,1939650,5310,1689,
2026-09-22 15:02:18,GetHistory,FUTIDX_NIFTY_29SEP2026_XX_0,NFO,15minute,51,2026-09-22 14:45:00,23366.8,16997435,252850,5124,
2026-09-22 15:02:19,GetHistory,FUTSTK_RELIANCE_29SEP2026_XX_0,NFO,15minute,51,2026-09-22 14:45:00,1245.8,122974500,372500,1248,
2026-09-22 15:02:20,GetHistory,OPTIDX_BANKNIFTY_29SEP2026_CE_56500,NFO,15minute,51,2026-09-22 14:45:00,317.7,1019310,184710,1000,
2026-09-22 15:02:21,GetHistory,OPTIDX_BANKNIFTY_29SEP2026_PE_56500,NFO,15minute,51,2026-09-22 14:45:00,411.85,788160,117240,970,
2026-09-22 15:02:21,GetHistory,OPTIDX_NIFTY_22SEP2026_CE_23400,NFO,15minute,51,2026-09-22 14:45:00,17.85,34672235,100980360,576,
2026-09-22 15:02:23,GetHistory,OPTIDX_NIFTY_22SEP2026_PE_23400,NFO,15minute,51,2026-09-22 14:45:00,60.05,15428465,47973120,1283,
2026-09-22 15:02:25,GetHistory,HDFCBANK,NSE,15minute,53,2026-09-22 14:45:00,742.95,0,1317981,2299,
2026-09-22 15:02:30,GetHistory,RELIANCE,NSE,15minute,53,2026-09-22 14:45:00,1245.4,0,805220,5405,
2026-09-22 15:02:34,GetHistory,NIFTY 50,NSE_IDX,15minute,94,2026-09-22 14:45:00,23357.9,0,0,3701,
2026-09-22 15:02:41,GetHistory,NIFTY BANK,NSE_IDX,15minute,94,2026-09-22 14:45:00,56241.25,0,0,7342,
2026-09-22 15:02:42,GetHistory,NIFTY 50,NSE_IDX,1minute,338,2026-09-22 14:47:00,23376.3,0,0,970,
2026-09-22 15:02:43,GetHistory,RELIANCE,NSE,1minute,333,2026-09-22 14:47:00,1247.5,0,23651,705,
2026-09-22 15:02:45,GetHistory,FUTIDX_NIFTY_29SEP2026_XX_0,NFO,1minute,333,2026-09-22 14:47:00,23382.6,16821545,1040,1488,
2026-09-22 15:02:49,GetHistory,OPTIDX_NIFTY_22SEP2026_CE_23400,NFO,1minute,333,2026-09-22 14:47:00,25.4,33550140,5394740,4638,
2026-09-22 15:03:16,GetExchangeSnapshot,NFO,NFO,1minute,2705,2026-09-22 14:48:00,2414,579273,2705,26603,
2026-09-22 15:04:26,GetHistory,NIFTY 50,NSE_IDX,1minute,340,2026-09-22 14:49:00,23372.55,0,0,1319,
2026-09-22 15:04:27,GetHistory,RELIANCE,NSE,1minute,335,2026-09-22 14:49:00,1246.7,0,16623,698,
2026-09-22 15:04:28,GetHistory,FUTIDX_NIFTY_29SEP2026_XX_0,NFO,1minute,335,2026-09-22 14:49:00,23383.2,16821415,5330,1605,
2026-09-22 15:04:29,GetHistory,OPTIDX_NIFTY_22SEP2026_CE_23400,NFO,1minute,335,2026-09-22 14:49:00,21.5,33606885,5545215,727,
2026-09-22 15:04:56,GetExchangeSnapshot,NFO,NFO,1minute,2706,2026-09-22 14:49:00,2405,579515,2706,26691,
2026-09-22 15:05:20,GetExchangeSnapshot,NSE,NSE,1minute,1780,2026-09-22 14:50:00,2,334787,1780,23899,
2026-09-22 15:06:29,GetHistory,NIFTY 50,NSE_IDX,1minute,342,2026-09-22 14:51:00,23374.6,0,0,1207,
2026-09-22 15:06:33,GetHistory,RELIANCE,NSE,1minute,337,2026-09-22 14:51:00,1247.2,0,53175,4013,
2026-09-22 15:06:35,GetHistory,FUTIDX_NIFTY_29SEP2026_XX_0,NFO,1minute,337,2026-09-22 14:51:00,23390.8,16823755,3250,1193,
2026-09-22 15:06:35,GetHistory,OPTIDX_NIFTY_22SEP2026_CE_23400,NFO,1minute,337,2026-09-22 14:51:00,22.2,34976110,6968520,710,
2026-09-22 15:07:03,GetExchangeSnapshot,NFO,NFO,1minute,3108,2026-09-22 14:51:00,2800,664949,3108,27832,
2026-09-22 15:07:24,GetHistory,FUTIDX_BANKNIFTY_29SEP2026_XX_0,NFO,15minute,51,2026-09-22 14:45:00,56403.0,1939650,5310,1686,
2026-09-22 15:07:25,GetHistory,FUTIDX_NIFTY_29SEP2026_XX_0,NFO,15minute,51,2026-09-22 14:45:00,23366.8,16997435,252850,1201,
2026-09-22 15:07:29,GetHistory,FUTSTK_RELIANCE_29SEP2026_XX_0,NFO,15minute,51,2026-09-22 14:45:00,1245.8,122974500,372500,3890,
2026-09-22 15:07:30,GetHistory,OPTIDX_BANKNIFTY_29SEP2026_CE_56500,NFO,15minute,51,2026-09-22 14:45:00,317.7,1019310,184710,1095,
2026-09-22 15:07:31,GetHistory,OPTIDX_BANKNIFTY_29SEP2026_PE_56500,NFO,15minute,51,2026-09-22 14:45:00,411.85,788160,117240,1080,
2026-09-22 15:07:32,GetHistory,OPTIDX_NIFTY_22SEP2026_CE_23400,NFO,15minute,51,2026-09-22 14:45:00,17.85,34672235,100980360,687,
2026-09-22 15:07:33,GetHistory,OPTIDX_NIFTY_22SEP2026_PE_23400,NFO,15minute,51,2026-09-22 14:45:00,60.05,15428465,47973120,1060,
2026-09-22 15:07:35,GetHistory,HDFCBANK,NSE,15minute,53,2026-09-22 14:45:00,742.95,0,1317981,2408,
2026-09-22 15:07:40,GetHistory,RELIANCE,NSE,15minute,53,2026-09-22 14:45:00,1245.4,0,805220,5261,
2026-09-22 15:07:44,GetHistory,NIFTY 50,NSE_IDX,15minute,94,2026-09-22 14:45:00,23357.9,0,0,3772,
2026-09-22 15:07:48,GetHistory,NIFTY BANK,NSE_IDX,15minute,94,2026-09-22 14:45:00,56241.25,0,0,3696,
2026-09-22 15:09:09,GetHistory,NIFTY 50,NSE_IDX,1minute,345,2026-09-22 14:54:00,23378.3,0,0,2286,
2026-09-22 15:09:10,GetHistory,RELIANCE,NSE,1minute,340,2026-09-22 14:54:00,1247.3,0,31025,677,
2026-09-22 15:09:11,GetHistory,FUTIDX_NIFTY_29SEP2026_XX_0,NFO,1minute,340,2026-09-22 14:54:00,23380.2,16832270,6240,1196,
2026-09-22 15:09:15,GetHistory,OPTIDX_NIFTY_22SEP2026_CE_23400,NFO,1minute,340,2026-09-22 14:54:00,22.85,34645780,4785820,3957,
2026-09-22 15:09:43,GetExchangeSnapshot,NFO,NFO,1minute,2987,2026-09-22 14:54:00,2689,639045,2987,27595,
2026-09-22 15:10:07,GetExchangeSnapshot,NSE,NSE,1minute,1814,2026-09-22 14:55:00,2,341356,1814,24809,
2026-09-22 15:11:18,GetHistory,NIFTY 50,NSE_IDX,1minute,347,2026-09-22 14:56:00,23369.45,0,0,1335,
2026-09-22 15:11:21,GetHistory,RELIANCE,NSE,1minute,342,2026-09-22 14:56:00,1246.6,0,120679,3416,
2026-09-22 15:11:22,GetHistory,FUTIDX_NIFTY_29SEP2026_XX_0,NFO,1minute,342,2026-09-22 14:56:00,23387.5,16854435,17355,835,
2026-09-22 15:11:23,GetHistory,OPTIDX_NIFTY_22SEP2026_CE_23400,NFO,1minute,342,2026-09-22 14:56:00,21.75,34888100,4950075,966,
2026-09-22 15:11:50,GetExchangeSnapshot,NFO,NFO,1minute,3040,2026-09-22 14:56:00,2712,650640,3040,26821,
2026-09-22 15:12:14,GetExchangeSnapshot,NSE,NSE,1minute,1772,2026-09-22 14:57:00,2,333424,1772,23676,
2026-09-22 15:12:37,GetHistory,FUTIDX_BANKNIFTY_29SEP2026_XX_0,NFO,15minute,51,2026-09-22 14:45:00,56403.0,1939650,5310,5362,
2026-09-22 15:12:38,GetHistory,FUTIDX_NIFTY_29SEP2026_XX_0,NFO,15minute,51,2026-09-22 14:45:00,23366.8,16997435,252850,1242,
2026-09-22 15:12:39,GetHistory,FUTSTK_RELIANCE_29SEP2026_XX_0,NFO,15minute,51,2026-09-22 14:45:00,1245.8,122974500,372500,1231,
2026-09-22 15:12:40,GetHistory,OPTIDX_BANKNIFTY_29SEP2026_CE_56500,NFO,15minute,51,2026-09-22 14:45:00,317.7,1019310,184710,1000,
2026-09-22 15:12:41,GetHistory,OPTIDX_BANKNIFTY_29SEP2026_PE_56500,NFO,15minute,51,2026-09-22 14:45:00,411.85,788160,117240,1078,
2026-09-22 15:12:46,GetHistory,OPTIDX_NIFTY_22SEP2026_CE_23400,NFO,15minute,51,2026-09-22 14:45:00,17.85,34672235,100980360,4719,
2026-09-22 15:12:47,GetHistory,OPTIDX_NIFTY_22SEP2026_PE_23400,NFO,15minute,51,2026-09-22 14:45:00,60.05,15428465,47973120,776,
2026-09-22 15:12:49,GetHistory,HDFCBANK,NSE,15minute,53,2026-09-22 14:45:00,742.95,0,1317981,2395,
2026-09-22 15:12:51,GetHistory,RELIANCE,NSE,15minute,53,2026-09-22 14:45:00,1245.4,0,805220,2061,
2026-09-22 15:12:55,GetHistory,NIFTY 50,NSE_IDX,15minute,94,2026-09-22 14:45:00,23357.9,0,0,3394,
2026-09-22 15:13:00,GetHistory,NIFTY BANK,NSE_IDX,15minute,94,2026-09-22 14:45:00,56241.25,0,0,5488,
2026-09-22 15:13:42,GetHistory,NIFTY 50,NSE_IDX,1minute,349,2026-09-22 14:58:00,23358.35,0,0,2191,
2026-09-22 15:13:42,GetHistory,RELIANCE,NSE,1minute,344,2026-09-22 14:58:00,1245.7,0,121253,672,
2026-09-22 15:13:44,GetHistory,FUTIDX_NIFTY_29SEP2026_XX_0,NFO,1minute,344,2026-09-22 14:58:00,23370.8,16955380,82420,1163,
2026-09-22 15:13:45,GetHistory,OPTIDX_NIFTY_22SEP2026_CE_23400,NFO,1minute,344,2026-09-22 14:58:00,18.0,35298640,9640410,977,
2026-09-22 15:14:14,GetExchangeSnapshot,NFO,NFO,1minute,3466,2026-09-22 14:59:00,3109,741766,3466,29886,
2026-09-22 15:16:04,GetHistory,NIFTY 50,NSE_IDX,1minute,352,2026-09-22 15:01:00,23361.25,0,0,1646,
2026-09-22 15:16:05,GetHistory,RELIANCE,NSE,1minute,347,2026-09-22 15:01:00,1245.4,0,48341,708,
2026-09-22 15:16:06,GetHistory,FUTIDX_NIFTY_29SEP2026_XX_0,NFO,1minute,347,2026-09-22 15:01:00,23370.3,17057625,53495,1106,
2026-09-22 15:16:12,GetHistory,OPTIDX_NIFTY_22SEP2026_CE_23400,NFO,1minute,347,2026-09-22 15:01:00,18.8,35349080,8123960,6454,
2026-09-22 15:16:40,GetExchangeSnapshot,NFO,NFO,1minute,3597,2026-09-22 15:01:00,3241,769838,3597,28024,
2026-09-22 15:17:04,GetExchangeSnapshot,NSE,NSE,1minute,1808,2026-09-22 15:02:00,2,340590,1808,24309,
2026-09-22 15:17:59,GetHistory,FUTIDX_BANKNIFTY_29SEP2026_XX_0,NFO,15minute,51,2026-09-22 15:00:00,56480.0,1928940,9180,6296,
2026-09-22 15:18:00,GetHistory,FUTIDX_NIFTY_29SEP2026_XX_0,NFO,15minute,51,2026-09-22 15:00:00,23377.2,16991910,203255,1201,
2026-09-22 15:18:01,GetHistory,FUTSTK_RELIANCE_29SEP2026_XX_0,NFO,15minute,51,2026-09-22 15:00:00,1245.5,122981000,469000,1139,
2026-09-22 15:18:02,GetHistory,OPTIDX_BANKNIFTY_29SEP2026_CE_56500,NFO,15minute,51,2026-09-22 15:00:00,350.4,1025250,221250,1092,
2026-09-22 15:18:04,GetHistory,OPTIDX_BANKNIFTY_29SEP2026_PE_56500,NFO,15minute,51,2026-09-22 15:00:00,383.55,799620,151770,1094,
2026-09-22 15:18:04,GetHistory,OPTIDX_NIFTY_22SEP2026_CE_23400,NFO,15minute,51,2026-09-22 15:00:00,12.4,34050770,112827585,671,
2026-09-22 15:18:05,GetHistory,OPTIDX_NIFTY_22SEP2026_PE_23400,NFO,15minute,51,2026-09-22 15:00:00,57.8,13086190,47043880,1061,
2026-09-22 15:18:08,GetHistory,HDFCBANK,NSE,15minute,53,2026-09-22 15:00:00,741.25,0,1835993,2422,
2026-09-22 15:18:10,GetHistory,RELIANCE,NSE,15minute,53,2026-09-22 15:00:00,1244.5,0,796004,2187,
2026-09-22 15:18:14,GetHistory,NIFTY 50,NSE_IDX,15minute,94,2026-09-22 15:00:00,23348.3,0,0,3707,
2026-09-22 15:18:17,GetHistory,NIFTY BANK,NSE_IDX,15minute,94,2026-09-22 15:00:00,56280.95,0,0,3723,
2026-09-22 15:18:33,GetHistory,NIFTY 50,NSE_IDX,1minute,354,2026-09-22 15:03:00,23357.95,0,0,1655,
2026-09-22 15:18:33,GetHistory,RELIANCE,NSE,1minute,349,2026-09-22 15:03:00,1244.8,0,60758,680,
2026-09-22 15:18:34,GetHistory,FUTIDX_NIFTY_29SEP2026_XX_0,NFO,1minute,349,2026-09-22 15:03:00,23380.0,17131140,18135,1140,
2026-09-22 15:18:41,GetHistory,OPTIDX_NIFTY_22SEP2026_CE_23400,NFO,1minute,349,2026-09-22 15:03:00,16.95,35242285,8276450,6555,
2026-09-22 15:19:09,GetExchangeSnapshot,NFO,NFO,1minute,3295,2026-09-22 15:04:00,2950,705235,3295,28323,
2026-09-22 15:20:37,GetHistory,NIFTY 50,NSE_IDX,1minute,356,2026-09-22 15:05:00,23357.85,0,0,1667,
2026-09-22 15:20:38,GetHistory,RELIANCE,NSE,1minute,351,2026-09-22 15:05:00,1245.0,0,34144,634,
2026-09-22 15:20:43,GetHistory,FUTIDX_NIFTY_29SEP2026_XX_0,NFO,1minute,351,2026-09-22 15:05:00,23379.7,17129710,3510,5397,
2026-09-22 15:20:44,GetHistory,OPTIDX_NIFTY_22SEP2026_CE_23400,NFO,1minute,351,2026-09-22 15:05:00,16.55,34934120,5359900,1171,
2026-09-22 15:21:12,GetExchangeSnapshot,NFO,NFO,1minute,3502,2026-09-22 15:06:00,3131,749797,3502,27975,
2026-09-22 15:21:36,GetExchangeSnapshot,NSE,NSE,1minute,2017,2026-09-22 15:06:00,1,379845,2017,23929,
2026-09-22 15:22:55,GetHistory,FUTIDX_BANKNIFTY_29SEP2026_XX_0,NFO,15minute,51,2026-09-22 15:00:00,56480.0,1928940,9180,1687,
2026-09-22 15:22:57,GetHistory,FUTIDX_NIFTY_29SEP2026_XX_0,NFO,15minute,51,2026-09-22 15:00:00,23377.2,16991910,203255,1197,
2026-09-22 15:22:58,GetHistory,FUTSTK_RELIANCE_29SEP2026_XX_0,NFO,15minute,51,2026-09-22 15:00:00,1245.5,122981000,469000,1127,
2026-09-22 15:22:59,GetHistory,OPTIDX_BANKNIFTY_29SEP2026_CE_56500,NFO,15minute,51,2026-09-22 15:00:00,350.4,1025250,221250,1105,
2026-09-22 15:23:00,GetHistory,OPTIDX_BANKNIFTY_29SEP2026_PE_56500,NFO,15minute,51,2026-09-22 15:00:00,383.55,799620,151770,1079,
2026-09-22 15:23:07,GetHistory,OPTIDX_NIFTY_22SEP2026_CE_23400,NFO,15minute,51,2026-09-22 15:00:00,12.4,34050770,112827585,7389,
2026-09-22 15:23:08,GetHistory,OPTIDX_NIFTY_22SEP2026_PE_23400,NFO,15minute,51,2026-09-22 15:00:00,57.8,13086190,47043880,813,
2026-09-22 15:23:10,GetHistory,HDFCBANK,NSE,15minute,53,2026-09-22 15:00:00,741.25,0,1835993,2313,
2026-09-22 15:23:12,GetHistory,RELIANCE,NSE,15minute,53,2026-09-22 15:00:00,1244.5,0,796004,2058,
2026-09-22 15:23:16,GetHistory,NIFTY 50,NSE_IDX,15minute,94,2026-09-22 15:00:00,23348.3,0,0,3712,
2026-09-22 15:23:20,GetHistory,NIFTY BANK,NSE_IDX,15minute,94,2026-09-22 15:00:00,56280.95,0,0,3709,
2026-09-22 15:23:21,GetHistory,NIFTY 50,NSE_IDX,1minute,359,2026-09-22 15:08:00,23350.05,0,0,912,
2026-09-22 15:23:22,GetHistory,RELIANCE,NSE,1minute,354,2026-09-22 15:08:00,1244.7,0,46165,972,
2026-09-22 15:23:24,GetHistory,FUTIDX_NIFTY_29SEP2026_XX_0,NFO,1minute,354,2026-09-22 15:08:00,23367.0,17131010,6695,2693,
2026-09-22 15:23:26,GetHistory,OPTIDX_NIFTY_22SEP2026_CE_23400,NFO,1minute,354,2026-09-22 15:08:00,15.5,34174205,4410640,1096,
2026-09-22 15:23:53,GetExchangeSnapshot,NFO,NFO,1minute,3264,2026-09-22 15:08:00,2938,698344,3264,26995,
2026-09-22 15:24:17,GetExchangeSnapshot,NSE,NSE,1minute,1914,2026-09-22 15:09:00,2,360585,1914,23995,
2026-09-22 15:24:57,GetHistory,NIFTY 50,NSE_IDX,1minute,360,2026-09-22 15:09:00,23357.0,0,0,1560,
2026-09-22 15:24:57,GetHistory,RELIANCE,NSE,1minute,355,2026-09-22 15:09:00,1244.9,0,106523,650,
2026-09-22 15:24:59,GetHistory,FUTIDX_NIFTY_29SEP2026_XX_0,NFO,1minute,355,2026-09-22 15:09:00,23376.0,17130360,1885,1162,
2026-09-22 15:25:00,GetHistory,OPTIDX_NIFTY_22SEP2026_CE_23400,NFO,1minute,355,2026-09-22 15:09:00,16.9,34222565,5787080,1293,
2026-09-22 15:25:28,GetExchangeSnapshot,NFO,NFO,1minute,3746,2026-09-22 15:10:00,3364,802164,3746,28654,
2026-09-22 15:27:17,GetHistory,NIFTY 50,NSE_IDX,1minute,363,2026-09-22 15:12:00,23358.45,0,0,1279,
2026-09-22 15:27:19,GetHistory,RELIANCE,NSE,1minute,358,2026-09-22 15:12:00,1244.8,0,58767,1269,
2026-09-22 15:27:27,GetHistory,FUTIDX_NIFTY_29SEP2026_XX_0,NFO,1minute,358,2026-09-22 15:12:00,23378.0,17055935,3380,8667,
2026-09-22 15:27:28,GetHistory,OPTIDX_NIFTY_22SEP2026_CE_23400,NFO,1minute,358,2026-09-22 15:12:00,19.35,34701875,10100285,840,
2026-09-22 15:27:57,GetExchangeSnapshot,NFO,NFO,1minute,4273,2026-09-22 15:12:00,3875,915300,4273,29113,
2026-09-22 15:28:21,GetExchangeSnapshot,NSE,NSE,1minute,2009,2026-09-22 15:13:00,1,378318,2009,23891,
2026-09-22 15:28:45,GetHistory,FUTIDX_BANKNIFTY_29SEP2026_XX_0,NFO,15minute,51,2026-09-22 15:00:00,56480.0,1928940,9180,2146,
2026-09-22 15:28:46,GetHistory,FUTIDX_NIFTY_29SEP2026_XX_0,NFO,15minute,51,2026-09-22 15:00:00,23377.2,16991910,203255,1129,
2026-09-22 15:28:47,GetHistory,FUTSTK_RELIANCE_29SEP2026_XX_0,NFO,15minute,51,2026-09-22 15:00:00,1245.5,122981000,469000,1034,
2026-09-22 15:28:48,GetHistory,OPTIDX_BANKNIFTY_29SEP2026_CE_56500,NFO,15minute,51,2026-09-22 15:00:00,350.4,1025250,221250,983,
2026-09-22 15:28:49,GetHistory,OPTIDX_BANKNIFTY_29SEP2026_PE_56500,NFO,15minute,51,2026-09-22 15:00:00,383.55,799620,151770,1016,
2026-09-22 15:28:49,GetHistory,OPTIDX_NIFTY_22SEP2026_CE_23400,NFO,15minute,51,2026-09-22 15:00:00,12.4,34050770,112827585,532,
2026-09-22 15:28:50,GetHistory,OPTIDX_NIFTY_22SEP2026_PE_23400,NFO,15minute,51,2026-09-22 15:00:00,57.8,13086190,47043880,1059,
2026-09-22 15:28:53,GetHistory,HDFCBANK,NSE,15minute,53,2026-09-22 15:00:00,741.25,0,1835993,2407,
2026-09-22 15:28:55,GetHistory,RELIANCE,NSE,15minute,53,2026-09-22 15:00:00,1244.5,0,796004,2077,
2026-09-22 15:29:05,GetHistory,NIFTY 50,NSE_IDX,15minute,94,2026-09-22 15:00:00,23348.3,0,0,10473,
2026-09-22 15:29:09,GetHistory,NIFTY BANK,NSE_IDX,15minute,94,2026-09-22 15:00:00,56280.95,0,0,3619,
2026-09-22 15:29:28,GetHistory,NIFTY 50,NSE_IDX,1minute,365,2026-09-22 15:14:00,23348.3,0,0,1439,
2026-09-22 15:29:30,GetHistory,RELIANCE,NSE,1minute,360,2026-09-22 15:14:00,1244.5,0,12322,1277,
2026-09-22 15:29:38,GetHistory,FUTIDX_NIFTY_29SEP2026_XX_0,NFO,1minute,360,2026-09-22 15:14:00,23377.2,16991910,2600,8308,
2026-09-22 15:29:39,GetHistory,OPTIDX_NIFTY_22SEP2026_CE_23400,NFO,1minute,360,2026-09-22 15:14:00,12.4,34050770,13445770,795,
2026-09-22 15:30:07,GetExchangeSnapshot,NFO,NFO,1minute,3987,2026-09-22 15:14:00,3599,853712,3987,28776,
2026-09-22 15:31:56,GetHistory,NIFTY 50,NSE_IDX,1minute,367,2026-09-22 15:16:00,23349.5,0,0,1377,
2026-09-22 15:31:58,GetHistory,RELIANCE,NSE,1minute,361,2026-09-22 15:15:00,1244.5,0,1492,1298,
2026-09-22 15:31:58,GetHistory,FUTIDX_NIFTY_29SEP2026_XX_0,NFO,1minute,362,2026-09-22 15:16:00,23379.0,16992365,1560,761,
2026-09-22 15:31:59,GetHistory,OPTIDX_NIFTY_22SEP2026_CE_23400,NFO,1minute,362,2026-09-22 15:16:00,16.05,34473465,11710270,998,
2026-09-22 15:32:26,GetExchangeSnapshot,NFO,NFO,1minute,3234,2026-09-22 15:17:00,2963,691801,3234,26932,
2026-09-22 15:32:50,GetExchangeSnapshot,NSE,NSE,1minute,1718,2026-09-22 15:17:00,1,323161,1718,23255,
2026-09-22 15:34:00,GetHistory,FUTIDX_BANKNIFTY_29SEP2026_XX_0,NFO,15minute,51,2026-09-22 15:15:00,56452.4,1927500,4770,2064,
2026-09-22 15:34:02,GetHistory,FUTIDX_NIFTY_29SEP2026_XX_0,NFO,15minute,51,2026-09-22 15:15:00,23399.9,17008225,98540,1261,
2026-09-22 15:34:03,GetHistory,FUTSTK_RELIANCE_29SEP2026_XX_0,NFO,15minute,51,2026-09-22 15:15:00,1243.8,123092500,476000,1142,
2026-09-22 15:34:04,GetHistory,OPTIDX_BANKNIFTY_29SEP2026_CE_56500,NFO,15minute,51,2026-09-22 15:15:00,328.95,987900,166680,1138,
2026-09-22 15:34:05,GetHistory,OPTIDX_BANKNIFTY_29SEP2026_PE_56500,NFO,15minute,51,2026-09-22 15:15:00,403.55,790890,79560,1031,
2026-09-22 15:34:08,GetHistory,OPTIDX_NIFTY_22SEP2026_CE_23400,NFO,15minute,51,2026-09-22 15:15:00,0.05,27701700,242095620,3422,
2026-09-22 15:34:09,GetHistory,OPTIDX_NIFTY_22SEP2026_PE_23400,NFO,15minute,51,2026-09-22 15:15:00,70.9,8292440,76506430,562,
2026-09-22 15:34:11,GetHistory,HDFCBANK,NSE,15minute,53,2026-09-22 15:15:00,738.6,0,1146518,2515,
2026-09-22 15:34:14,GetHistory,RELIANCE,NSE,15minute,53,2026-09-22 15:15:00,1240.4,0,790749,2156,
2026-09-22 15:34:17,GetHistory,NIFTY 50,NSE_IDX,15minute,94,2026-09-22 15:15:00,23329.0,0,0,3529,
2026-09-22 15:34:21,GetHistory,NIFTY BANK,NSE_IDX,15minute,94,2026-09-22 15:15:00,56215.55,0,0,3589,
2026-09-22 15:34:22,GetHistory,NIFTY 50,NSE_IDX,1minute,370,2026-09-22 15:19:00,23349.5,0,0,796,
2026-09-22 15:34:23,GetHistory,RELIANCE,NSE,1minute,361,2026-09-22 15:15:00,1244.5,0,1492,1274,
2026-09-22 15:34:24,GetHistory,FUTIDX_NIFTY_29SEP2026_XX_0,NFO,1minute,365,2026-09-22 15:19:00,23385.0,16997045,30355,781,
2026-09-22 15:34:25,GetHistory,OPTIDX_NIFTY_22SEP2026_CE_23400,NFO,1minute,365,2026-09-22 15:19:00,7.7,34178105,20426640,1011,
2026-09-22 15:34:51,GetExchangeSnapshot,NFO,NFO,1minute,2643,2026-09-22 15:19:00,2376,565846,2643,26120,
2026-09-22 15:36:01,GetHistory,NIFTY 50,NSE_IDX,1minute,372,2026-09-22 15:21:00,23349.5,0,0,1292,
2026-09-22 15:36:02,GetHistory,RELIANCE,NSE,1minute,361,2026-09-22 15:15:00,1244.5,0,1492,1364,
2026-09-22 15:36:03,GetHistory,FUTIDX_NIFTY_29SEP2026_XX_0,NFO,1minute,367,2026-09-22 15:21:00,23371.0,16998540,1560,974,
2026-09-22 15:36:04,GetHistory,OPTIDX_NIFTY_22SEP2026_CE_23400,NFO,1minute,367,2026-09-22 15:21:00,1.55,33823985,29152630,788,
2026-09-22 15:36:30,GetExchangeSnapshot,NFO,NFO,1minute,2945,2026-09-22 15:21:00,2665,630174,2945,26698,
2026-09-22 15:36:55,GetExchangeSnapshot,NSE,NSE,1minute,1797,2026-09-22 15:21:00,2,338027,1797,24411,
2026-09-22 15:38:15,GetHistory,NIFTY 50,NSE_IDX,1minute,374,2026-09-22 15:23:00,23349.5,0,0,1236,
2026-09-22 15:38:16,GetHistory,RELIANCE,NSE,1minute,361,2026-09-22 15:15:00,1244.5,0,1492,1341,
2026-09-22 15:38:17,GetHistory,FUTIDX_NIFTY_29SEP2026_XX_0,NFO,1minute,369,2026-09-22 15:23:00,23382.1,16998020,4420,881,
2026-09-22 15:38:20,GetHistory,OPTIDX_NIFTY_22SEP2026_CE_23400,NFO,1minute,369,2026-09-22 15:23:00,0.4,34146450,14906775,3320,
2026-09-22 15:38:47,GetExchangeSnapshot,NFO,NFO,1minute,2833,2026-09-22 15:23:00,2551,606348,2833,26593,
2026-09-22 15:39:28,GetHistory,FUTIDX_BANKNIFTY_29SEP2026_XX_0,NFO,15minute,51,2026-09-22 15:15:00,56452.4,1927500,4770,1791,
2026-09-22 15:39:29,GetHistory,FUTIDX_NIFTY_29SEP2026_XX_0,NFO,15minute,51,2026-09-22 15:15:00,23399.9,17008225,98540,1199,
2026-09-22 15:39:30,GetHistory,FUTSTK_RELIANCE_29SEP2026_XX_0,NFO,15minute,51,2026-09-22 15:15:00,1243.8,123092500,476000,1140,
2026-09-22 15:39:31,GetHistory,OPTIDX_BANKNIFTY_29SEP2026_CE_56500,NFO,15minute,51,2026-09-22 15:15:00,328.95,987900,166680,952,
2026-09-22 15:39:32,GetHistory,OPTIDX_BANKNIFTY_29SEP2026_PE_56500,NFO,15minute,51,2026-09-22 15:15:00,403.55,790890,79560,1108,
2026-09-22 15:39:33,GetHistory,OPTIDX_NIFTY_22SEP2026_CE_23400,NFO,15minute,51,2026-09-22 15:15:00,0.05,27701700,242095620,578,
2026-09-22 15:39:37,GetHistory,OPTIDX_NIFTY_22SEP2026_PE_23400,NFO,15minute,51,2026-09-22 15:15:00,70.9,8292440,76506430,4220,
2026-09-22 15:39:39,GetHistory,HDFCBANK,NSE,15minute,53,2026-09-22 15:15:00,738.6,0,1146518,2113,
2026-09-22 15:39:41,GetHistory,RELIANCE,NSE,15minute,53,2026-09-22 15:15:00,1240.4,0,790749,2053,
2026-09-22 15:39:45,GetHistory,NIFTY 50,NSE_IDX,15minute,94,2026-09-22 15:15:00,23329.0,0,0,3593,
2026-09-22 15:39:48,GetHistory,NIFTY BANK,NSE_IDX,15minute,94,2026-09-22 15:15:00,56215.55,0,0,3629,
2026-09-22 15:40:28,GetHistory,NIFTY 50,NSE_IDX,1minute,376,2026-09-22 15:25:00,23349.5,0,0,1256,
2026-09-22 15:40:29,GetHistory,RELIANCE,NSE,1minute,361,2026-09-22 15:15:00,1244.5,0,1492,1301,
2026-09-22 15:40:34,GetHistory,FUTIDX_NIFTY_29SEP2026_XX_0,NFO,1minute,371,2026-09-22 15:25:00,23390.0,17003350,7865,4159,
2026-09-22 15:40:34,GetHistory,OPTIDX_NIFTY_22SEP2026_CE_23400,NFO,1minute,371,2026-09-22 15:25:00,0.25,30965415,9972170,802,
2026-09-22 15:41:01,GetExchangeSnapshot,NFO,NFO,1minute,3182,2026-09-22 15:25:00,2892,680981,3182,26807,
2026-09-22 15:41:25,GetExchangeSnapshot,NSE,NSE,1minute,1848,2026-09-22 15:26:00,2,347832,1848,24259,
2026-09-22 15:42:35,GetHistory,NIFTY 50,NSE_IDX,1minute,378,2026-09-22 15:27:00,23349.5,0,0,1283,
2026-09-22 15:42:37,GetHistory,RELIANCE,NSE,1minute,361,2026-09-22 15:15:00,1244.5,0,1492,1239,
2026-09-22 15:42:38,GetHistory,FUTIDX_NIFTY_29SEP2026_XX_0,NFO,1minute,373,2026-09-22 15:27:00,23390.5,17006015,7800,963,
2026-09-22 15:42:38,GetHistory,OPTIDX_NIFTY_22SEP2026_CE_23400,NFO,1minute,373,2026-09-22 15:27:00,0.2,29790605,10074350,865,
2026-09-22 15:43:05,GetExchangeSnapshot,NFO,NFO,1minute,3168,2026-09-22 15:27:00,2810,677908,3168,27018,
2026-09-22 15:44:46,GetHistory,FUTIDX_BANKNIFTY_29SEP2026_XX_0,NFO,15minute,51,2026-09-22 15:15:00,56452.4,1927500,4770,1686,
2026-09-22 15:44:47,GetHistory,FUTIDX_NIFTY_29SEP2026_XX_0,NFO,15minute,51,2026-09-22 15:15:00,23399.9,17008225,98540,1201,
2026-09-22 15:44:48,GetHistory,FUTSTK_RELIANCE_29SEP2026_XX_0,NFO,15minute,51,2026-09-22 15:15:00,1243.8,123092500,476000,1142,
2026-09-22 15:44:49,GetHistory,OPTIDX_BANKNIFTY_29SEP2026_CE_56500,NFO,15minute,51,2026-09-22 15:15:00,328.95,987900,166680,982,
2026-09-22 15:44:50,GetHistory,OPTIDX_BANKNIFTY_29SEP2026_PE_56500,NFO,15minute,51,2026-09-22 15:15:00,403.55,790890,79560,1078,
2026-09-22 15:44:51,GetHistory,OPTIDX_NIFTY_22SEP2026_CE_23400,NFO,15minute,51,2026-09-22 15:15:00,0.05,27701700,242095620,578,
2026-09-22 15:44:52,GetHistory,OPTIDX_NIFTY_22SEP2026_PE_23400,NFO,15minute,51,2026-09-22 15:15:00,70.9,8292440,76506430,1061,
2026-09-22 15:44:54,GetHistory,HDFCBANK,NSE,15minute,53,2026-09-22 15:15:00,738.6,0,1146518,2514,
2026-09-22 15:44:56,GetHistory,RELIANCE,NSE,15minute,53,2026-09-22 15:15:00,1240.4,0,790749,2079,
2026-09-22 15:45:00,GetHistory,NIFTY 50,NSE_IDX,15minute,94,2026-09-22 15:15:00,23329.0,0,0,3591,
2026-09-22 15:45:03,GetHistory,NIFTY BANK,NSE_IDX,15minute,95,2026-09-22 15:30:00,56215.55,0,0,3462,
2026-09-22 15:45:04,GetHistory,NIFTY 50,NSE_IDX,1minute,381,2026-09-22 15:30:00,23329.0,0,0,934,
2026-09-22 15:45:05,GetHistory,RELIANCE,NSE,1minute,362,2026-09-22 15:28:00,1240.4,0,789257,1095,
2026-09-22 15:45:06,GetHistory,FUTIDX_NIFTY_29SEP2026_XX_0,NFO,1minute,376,2026-09-22 15:30:00,23400.0,16996980,13325,794,
2026-09-22 15:45:07,GetHistory,OPTIDX_NIFTY_22SEP2026_CE_23400,NFO,1minute,376,2026-09-22 15:30:00,0.05,25521730,693875,1147,
2026-09-22 15:45:35,GetExchangeSnapshot,NFO,NFO,1minute,3425,2026-09-22 15:30:00,3122,733159,3425,27571,
2026-09-22 15:45:56,GetExchangeSnapshot,NSE,NSE,1minute,678,2026-09-22 15:30:00,2,126694,678,21396,
2026-09-22 15:47:17,GetHistory,NIFTY 50,NSE_IDX,1minute,383,2026-09-22 15:32:00,23329.0,0,0,865,
2026-09-22 15:47:18,GetHistory,RELIANCE,NSE,1minute,363,2026-09-22 15:31:00,1240.4,0,0,1283,
2026-09-22 15:47:19,GetHistory,FUTIDX_NIFTY_29SEP2026_XX_0,NFO,1minute,378,2026-09-22 15:32:00,23396.9,16999645,14105,798,
2026-09-22 15:47:20,GetHistory,OPTIDX_NIFTY_22SEP2026_CE_23400,NFO,1minute,378,2026-09-22 15:32:00,0.05,24881350,133900,968,
2026-09-22 15:47:47,GetExchangeSnapshot,NFO,NFO,1minute,2893,2026-09-22 15:32:00,2624,618864,2893,27246,
2026-09-22 15:47:48,GetExchangeSnapshot,NSE,NSE,1minute,0,,0,229,0,989,
2026-09-22 15:49:28,GetHistory,NIFTY 50,NSE_IDX,1minute,385,2026-09-22 15:34:00,23329.0,0,0,1292,
2026-09-22 15:49:29,GetHistory,RELIANCE,NSE,1minute,363,2026-09-22 15:31:00,1240.4,0,0,1305,
2026-09-22 15:49:30,GetHistory,FUTIDX_NIFTY_29SEP2026_XX_0,NFO,1minute,380,2026-09-22 15:34:00,23400.0,17002830,4420,766,
2026-09-22 15:49:32,GetHistory,OPTIDX_NIFTY_22SEP2026_CE_23400,NFO,1minute,380,2026-09-22 15:34:00,0.05,24645660,110825,1524,
2026-09-22 15:50:00,GetExchangeSnapshot,NFO,NFO,1minute,3215,2026-09-22 15:34:00,2900,687533,3215,27895,
2026-09-22 15:50:12,GetHistory,FUTIDX_BANKNIFTY_29SEP2026_XX_0,NFO,15minute,52,2026-09-22 15:30:00,56570.0,1928790,21390,1762,
2026-09-22 15:50:13,GetHistory,FUTIDX_NIFTY_29SEP2026_XX_0,NFO,15minute,52,2026-09-22 15:30:00,23410.0,17013555,117000,1254,
2026-09-22 15:50:14,GetHistory,FUTSTK_RELIANCE_29SEP2026_XX_0,NFO,15minute,52,2026-09-22 15:30:00,1247.8,123024500,511000,1125,
2026-09-22 15:50:16,GetHistory,OPTIDX_BANKNIFTY_29SEP2026_CE_56500,NFO,15minute,52,2026-09-22 15:30:00,381.1,1032420,295170,1056,
2026-09-22 15:50:16,GetHistory,OPTIDX_BANKNIFTY_29SEP2026_PE_56500,NFO,15minute,52,2026-09-22 15:30:00,341.65,833970,245250,961,
2026-09-22 15:50:18,GetHistory,OPTIDX_NIFTY_22SEP2026_CE_23400,NFO,15minute,52,2026-09-22 15:30:00,0.05,24120395,2274350,1128,
2026-09-22 15:50:18,GetHistory,OPTIDX_NIFTY_22SEP2026_PE_23400,NFO,15minute,52,2026-09-22 15:30:00,70.75,7291440,3508570,622,
2026-09-22 15:50:21,GetHistory,HDFCBANK,NSE,15minute,53,2026-09-22 15:30:00,738.6,0,0,2517,
2026-09-22 15:50:23,GetHistory,RELIANCE,NSE,15minute,53,2026-09-22 15:30:00,1240.4,0,0,2076,
2026-09-22 15:50:26,GetHistory,NIFTY 50,NSE_IDX,15minute,94,2026-09-22 15:30:00,23329.0,0,0,3627,
2026-09-22 15:50:30,GetHistory,NIFTY BANK,NSE_IDX,15minute,94,2026-09-22 15:30:00,56215.55,0,0,3731,
2026-09-22 15:51:40,GetHistory,NIFTY 50,NSE_IDX,1minute,387,2026-09-22 15:36:00,23329.0,0,0,1381,
2026-09-22 15:51:41,GetHistory,RELIANCE,NSE,1minute,363,2026-09-22 15:31:00,1240.4,0,0,1268,
2026-09-22 15:51:42,GetHistory,FUTIDX_NIFTY_29SEP2026_XX_0,NFO,1minute,382,2026-09-22 15:36:00,23408.0,17002700,12155,791,
2026-09-22 15:51:43,GetHistory,OPTIDX_NIFTY_22SEP2026_CE_23400,NFO,1minute,382,2026-09-22 15:36:00,0.05,24264695,90610,989,
2026-09-22 15:52:10,GetExchangeSnapshot,NFO,NFO,1minute,3502,2026-09-22 15:37:00,3168,749709,3502,27378,
2026-09-22 15:52:11,GetExchangeSnapshot,NSE,NSE,1minute,0,,0,229,0,449,
2026-09-22 15:53:51,GetHistory,NIFTY 50,NSE_IDX,1minute,389,2026-09-22 15:38:00,23329.0,0,0,1324,
2026-09-22 15:53:52,GetHistory,RELIANCE,NSE,1minute,363,2026-09-22 15:31:00,1240.4,0,0,1271,
2026-09-22 15:53:53,GetHistory,FUTIDX_NIFTY_29SEP2026_XX_0,NFO,1minute,384,2026-09-22 15:38:00,23414.0,17000295,33215,812,
2026-09-22 15:53:54,GetHistory,OPTIDX_NIFTY_22SEP2026_CE_23400,NFO,1minute,384,2026-09-22 15:38:00,0.05,24182860,41665,966,
2026-09-22 15:54:23,GetExchangeSnapshot,NFO,NFO,1minute,4485,2026-09-22 15:39:00,4055,959063,4485,29467,
2026-09-22 15:55:33,GetHistory,FUTIDX_BANKNIFTY_29SEP2026_XX_0,NFO,15minute,52,2026-09-22 15:30:00,56570.0,1928790,21390,1619,
2026-09-22 15:55:35,GetHistory,FUTIDX_NIFTY_29SEP2026_XX_0,NFO,15minute,52,2026-09-22 15:30:00,23410.0,17013555,117000,1085,
2026-09-22 15:55:36,GetHistory,FUTSTK_RELIANCE_29SEP2026_XX_0,NFO,15minute,52,2026-09-22 15:30:00,1247.8,123024500,511000,1033,
2026-09-22 15:55:37,GetHistory,OPTIDX_BANKNIFTY_29SEP2026_CE_56500,NFO,15minute,52,2026-09-22 15:30:00,381.1,1032420,295170,1420,
2026-09-22 15:55:38,GetHistory,OPTIDX_BANKNIFTY_29SEP2026_PE_56500,NFO,15minute,52,2026-09-22 15:30:00,341.65,833970,245250,969,
2026-09-22 15:55:39,GetHistory,OPTIDX_NIFTY_22SEP2026_CE_23400,NFO,15minute,52,2026-09-22 15:30:00,0.05,24120395,2274350,580,
2026-09-22 15:55:40,GetHistory,OPTIDX_NIFTY_22SEP2026_PE_23400,NFO,15minute,52,2026-09-22 15:30:00,70.75,7291440,3508570,1063,
2026-09-22 15:55:42,GetHistory,HDFCBANK,NSE,15minute,53,2026-09-22 15:30:00,738.6,0,0,2405,
2026-09-22 15:55:44,GetHistory,RELIANCE,NSE,15minute,53,2026-09-22 15:30:00,1240.4,0,0,1965,
2026-09-22 15:55:48,GetHistory,NIFTY 50,NSE_IDX,15minute,94,2026-09-22 15:30:00,23329.0,0,0,3605,
2026-09-22 15:55:51,GetHistory,NIFTY BANK,NSE_IDX,15minute,94,2026-09-22 15:30:00,56215.55,0,0,3481,
2026-09-22 15:56:03,GetHistory,NIFTY 50,NSE_IDX,1minute,392,2026-09-22 15:41:00,23329.0,0,0,1395,
2026-09-22 15:56:05,GetHistory,RELIANCE,NSE,1minute,363,2026-09-22 15:31:00,1240.4,0,0,1289,
2026-09-22 15:56:05,GetHistory,FUTIDX_NIFTY_29SEP2026_XX_0,NFO,1minute,386,2026-09-22 15:40:00,23410.0,17013555,195,732,
2026-09-22 15:56:06,GetHistory,OPTIDX_NIFTY_22SEP2026_CE_23400,NFO,1minute,386,2026-09-22 15:40:00,0.05,24120395,390,985,
2026-09-22 15:56:10,GetExchangeSnapshot,NFO,NFO,1minute,1608,2026-09-22 15:40:00,1436,343274,1608,4158,
2026-09-22 15:56:11,GetExchangeSnapshot,NSE,NSE,1minute,0,,0,229,0,537,
2026-09-22 15:58:03,GetHistory,NIFTY 50,NSE_IDX,1minute,394,2026-09-22 15:43:00,23329.0,0,0,1271,
2026-09-22 15:58:05,GetHistory,RELIANCE,NSE,1minute,363,2026-09-22 15:31:00,1240.4,0,0,1281,
2026-09-22 15:58:05,GetHistory,FUTIDX_NIFTY_29SEP2026_XX_0,NFO,1minute,386,2026-09-22 15:40:00,23410.0,17013555,195,791,
2026-09-22 15:58:06,GetHistory,OPTIDX_NIFTY_22SEP2026_CE_23400,NFO,1minute,386,2026-09-22 15:40:00,0.05,24120395,390,978,
2026-09-22 15:58:10,GetExchangeSnapshot,NFO,NFO,1minute,1608,2026-09-22 15:40:00,1436,343274,1608,4030,
2026-09-22 16:00:04,GetHistory,NIFTY 50,NSE_IDX,1minute,396,2026-09-22 15:45:00,23329.0,0,0,1836,
2026-09-22 16:00:05,GetHistory,RELIANCE,NSE,1minute,363,2026-09-22 15:31:00,1240.4,0,0,1033,
2026-09-22 16:00:06,GetHistory,FUTIDX_NIFTY_29SEP2026_XX_0,NFO,1minute,386,2026-09-22 15:40:00,23410.0,17013555,195,961,
2026-09-22 16:00:07,GetHistory,OPTIDX_NIFTY_22SEP2026_CE_23400,NFO,1minute,386,2026-09-22 15:40:00,0.05,24120395,390,933,
2026-09-22 16:00:11,GetExchangeSnapshot,NFO,NFO,1minute,1608,2026-09-22 15:40:00,1436,343274,1608,3895,
2026-09-22 16:00:11,GetExchangeSnapshot,NSE,NSE,1minute,0,,0,229,0,620,
