pattern,n,hit1,avg1,med1,mfe1,mae1,conf1,strength1,edge1,hit2,avg2,med2,mfe2,mae2,conf2,strength2,edge2,hit3,avg3,med3,mfe3,mae3,conf3,strength3,edge3,consistency,recency,lift_over_best_single
6320+4304,39,0.717948717948718,1.2553086428160785,1.4680787386403928,3.576722410636028,-1.872489176282216,0.5622438267752261,0.15900350274282288,1.4517091242428473,0.6923076923076923,1.829551128473832,1.6991799140342592,4.88584439489898,-2.2043833931871895,0.5357845138443541,0.07493842923589328,1.8706845480588228,0.6923076923076923,1.9918874117564884,2.381296060991116,5.828443281555559,-2.7382910553635327,0.5357845138443541,0.07493842923589328,1.8824915304963497,1.0,1.5798926370126598,0.10347020563818954
6299+2681,27,0.7407407407407407,0.677225548449352,0.9807054654188897,2.8326226517317057,-1.6922172072691612,0.5532106959738432,0.14997037194143997,0.8736260298761207,0.7407407407407407,1.8726056983670982,1.5812268952585076,4.394039446162754,-2.016958887136127,0.5532106959738432,0.09236461136538238,1.913739117952089,0.7037037037037037,1.4009971643823815,2.1040306122448937,5.540377718771601,-2.7003622330859014,0.515189666191624,0.05434358158316316,1.2916012831222428,1.0,0.8689874205442321,0.1293932023282784
6320+7246,40,0.7,1.2073727352563144,1.4093210594610486,3.5617724354765103,-1.8556769468751604,0.545696893456796,0.14245656942439272,1.4037732166830832,0.675,1.7445995843045394,1.6934721541540345,4.838166370132887,-2.217784446655382,0.52017458088898,0.05932849628051923,1.7857330038895303,0.7,1.963302992420023,2.182113935230916,5.757200284623054,-2.7383444172773173,0.545696893456796,0.08485080884833512,1.8539071111598842,1.0,1.4776116462546414,0.08692327231975938
5102+2803,31,0.7096774193548387,1.628102690748187,1.3905196796728572,3.7836609551273312,-1.592160749979483,0.5340734004245933,0.13083307639219005,1.8245031721749558,0.8064516129032258,2.6528791778738565,2.3680228953016957,5.496928783714003,-1.9234949388967058,0.6371939644454012,0.1763478798369404,2.694012597458847,0.8709677419354839,4.32803887001417,4.553701431492834,7.450989926268735,-2.0432906872970666,0.7114724304561464,0.25062634584768556,4.2186429887540315,1.0,2.154521144307281,0.0886975243823721
2741+2912,25,0.72,1.7730032561168962,1.3991090805254116,4.22312193023727,-1.4588551974608572,0.524230281034417,0.12098995700201381,1.969403737543665,0.88,3.6854157495502857,2.369801324503311,6.77512761920657,-1.8536986225137086,0.7004380781662651,0.2395919935578043,3.7265491691352763,0.76,5.0292466219319545,3.2769602763385075,9.071790704969514,-2.154383400565641,0.5656994004476144,0.10485331583915353,4.919850740671816,1.0,1.84227449964201,0.07179137835378463
2324+8038,45,0.6666666666666666,0.6725331885205582,0.6812683738559634,2.8549812541772854,-1.570792533022237,0.520702168092554,0.11746184406015076,0.8689336699473269,0.6444444444444445,2.0499559275778294,0.6589655172413879,4.757331259136493,-2.085114082385063,0.49835546011952203,0.037509375511061205,2.09108934716282,0.6666666666666666,2.134934001010061,1.5989707508292252,5.701192710115387,-2.6260424490781014,0.520702168092554,0.05985608348409316,2.025538119749922,1.0,0.6506155875856849,0.02322589238313022
6320+2692,44,0.6590909090909091,1.0174619793286364,1.1936316329606502,3.3752367846641893,-1.9618675348053,0.511388679719395,0.10814835568699172,1.2138624607554052,0.6590909090909091,1.6107082712717045,1.52301315257271,4.670950873462632,-2.310302450021855,0.511388679719395,0.05054259511093412,1.6518416908566953,0.6590909090909091,1.6743167053112809,1.7370398044040216,5.608256993722613,-2.827446964703188,0.511388679719395,0.05054259511093412,1.564920824051142,1.0,1.2334466988621788,0.052615058582358376
6247+8030,46,0.6521739130434783,0.9179063258767192,0.6716847557072626,2.7651062818363057,-1.4315763001244248,0.5076979217727257,0.10445759774032243,1.1143068073034879,0.5869565217391305,0.839248431152731,0.4205274560311102,3.7981983875190566,-2.1108435394811975,0.44339242387017885,-0.017453660738281973,0.8803818507377217,0.5,,,4.544764705626877,-2.7249572371260924,0.3611870167007237,-0.09965906790773715,,1.0,2.1493946815010956,0.05789882036591193
2712+6821,29,0.6896551724137931,0.8812113297713311,1.3991090805254116,3.82468210600437,-2.192958981667856,0.5076952952728147,0.10445497124041142,1.0776118111981,0.6896551724137931,1.2697511963300898,2.288438760225824,5.498172116936665,-3.1883918813027523,0.5076952952728147,0.046849210664353824,1.3108846159150807,0.6551724137931034,1.5875829652169107,1.8045120405576756,6.3470571182168065,-3.82874077484645,0.47344776507155983,0.012601680463099008,1.478187083956772,1.0,0.820835030447804,0.08084358846653317
6247+8038,29,0.6896551724137931,1.2139590261618498,0.806686496133251,3.1690328142161546,-1.4044854998316414,0.5076952952728147,0.10445497124041142,1.4103595075886186,0.6551724137931034,1.3352243133048733,1.0400000000000011,4.438802341677416,-1.9305772314641734,0.47344776507155983,0.012601680463099008,1.3763577328898642,0.5862068965517241,,,5.394119744643889,-2.453165459614459,0.4073752847851524,-0.053470799823308435,,1.0,2.658242205887074,0.05789619386600092
2454+8289,69,0.6231884057971014,0.685100584398081,0.5627488151658745,2.587371255457506,-1.4550326467109642,0.5052166912305034,0.10197636719810016,0.8815010658248497,0.6811594202898551,1.8026701506493767,1.3318414918414947,4.297481799758312,-1.8254251035576974,0.5641565251834875,0.10331044057502664,1.8438035702343676,0.7246376811594203,3.1333981272482863,1.5402814258911814,6.140533549024032,-2.084377827909769,0.6095247943146683,0.1486787097062075,3.0240022459881475,1.0,1.1955193965836284,0.0978470600653325
6320+5467,36,0.6666666666666666,1.1051476515806393,1.4093210594610486,3.279894965608891,-1.8567760240904423,0.5033369709296683,0.1000966468972651,1.3015481330074081,0.6666666666666666,1.5825520935546638,1.52301315257271,4.758834083993415,-2.3763413339981083,0.5033369709296683,0.04249088632120751,1.6236855131396546,0.6388888888888888,1.9017065912060385,1.17038888791982,5.806087872463111,-2.7889094253600644,0.4757478039083198,0.014901719299858951,1.7923107099458997,1.0,2.0507787154270636,0.04456334979263177
7562+8289,73,0.6164383561643836,0.7908652699572328,0.5627488151658745,2.730225519732403,-1.4047458993916686,0.5017387254305414,0.0984984013981382,0.9872657513840015,0.6712328767123288,1.9144123048413613,1.5266028708133919,4.477557614702091,-1.8481074962354072,0.5572879107339749,0.09644182612551405,1.955545724426352,0.684931506849315,2.970784964157986,1.4070793707757592,6.207499780080262,-2.1420148338851197,0.5714069101601096,0.11056082555164876,2.861389082897847,1.0,1.3166464582172714,0.09732397356786693
8030+4501,31,0.6774193548387096,0.6609873653864039,0.8169278736229569,2.670981680817814,-1.4641525466635992,0.501406855599508,0.09816653156710481,0.8573878468131726,0.6451612903225806,1.5569455631011162,0.9606328279498967,3.943525119455827,-1.7875851708640207,0.46947638042814893,0.008630295819688105,1.598078982686107,0.7419354838709677,2.2141216338169274,2.381296060991116,5.295415897507153,-2.1368177085616646,0.567535275722849,0.10668919111438818,2.1047257525567886,1.0,0.8451056541519375,0.07786569416933647
5467+3193,31,0.6774193548387096,1.196558158843054,1.0366998856395961,3.4778003849188988,-1.5681558071331938,0.501406855599508,0.09816653156710481,1.3929586402698229,0.7741935483870968,2.7908192918567187,1.8680537697253021,5.642642616831307,-1.955824316224492,0.6018723994130262,0.14102631480456534,2.8319527114417093,0.7741935483870968,3.3996274520899608,2.687682119205297,6.748988944070992,-2.2673869124563555,0.6018723994130262,0.14102631480456534,3.290231570829822,1.0,1.6397453714095171,0.07661541341970696
9051+7053,93,0.6021505376344086,0.8958483506388474,0.5627488151658745,2.818646858675347,-1.4279966765488072,0.5005293284970952,0.09728900446469196,1.092248832065616,0.6129032258064516,1.8776937944757441,1.0916141849607588,4.363642118536221,-1.8095529995501756,0.5113079516226956,0.050461867014234774,1.918827214060735,0.6881720430107527,2.8682642634043485,1.5665469061876094,5.8606139451147845,-2.138047617773726,0.5881422410187721,0.12729615641031128,2.7588683821442097,1.0,1.4362456825263465,0.0898967283925659
2324+2454,38,0.6578947368421053,0.7525853583976732,0.5629252887805959,2.8518674802532957,-1.5914496238576517,0.4989181162907454,0.09567779225834216,0.948985839824442,0.6052631578947368,1.3432304581186187,0.645087905257662,4.350596293887129,-2.1570978160690295,0.44717586998695963,-0.013670214621501198,1.3843638777036096,0.6052631578947368,1.1573227890042614,0.7010752421101875,5.002163839615076,-2.7116714641547808,0.44717586998695963,-0.013670214621501198,1.0479269077441227,1.0,0.9729538259318882,0.0014418405813216295
5467+7861,33,0.6666666666666666,0.750659689392878,1.3505633802817043,3.1685719928603584,-1.9393496332692586,0.49607581799949974,0.0928354939670965,0.9470601708196467,0.6666666666666666,1.8703703194848877,1.5807407407407539,4.718907815622804,-2.415117949997962,0.49607581799949974,0.03522973339103891,1.9115037390698786,0.6060606060606061,1.4831919083851284,2.1040306122448937,5.726919240874087,-3.113024196523217,0.4368314280651038,-0.02401465654335705,1.3737960271249896,1.0,0.7103196508328453,0.07128437581969865
2324+8030,33,0.6666666666666666,0.6523116154214396,0.40815273583457057,2.5024433432836672,-1.3268100470956594,0.49607581799949974,0.0928354939670965,0.8487120968482083,0.6060606060606061,1.449558341835207,0.5305370843989677,3.9432891152020835,-1.733861062855476,0.4368314280651038,-0.02401465654335705,1.4906917614201978,0.5454545454545454,0.8678847958394442,0.8124770642201674,4.629497169641443,-2.329571650978581,0.3798565794374957,-0.08098950517096515,0.7584889145793053,1.0,0.8627499541769437,-0.00140045770992403
8038+6299,56,0.625,0.4576876274698506,0.7621921689299361,2.71424637163025,-1.7518337151572783,0.49405126034489305,0.09081093631248982,0.6540881088966193,0.6607142857142857,1.444750970964551,1.2092738214878376,4.368020930418837,-2.2066358072582455,0.5299920896078809,0.06914600499942009,1.4858843905495418,0.6428571428571429,1.3951269314827779,2.043481210857805,5.72119724457798,-2.8351149673776845,0.5119364571733127,0.05109037256485188,1.2857310502226391,1.0,1.1343891877912893,0.07001066867298045
2741+5467,65,0.6153846153846154,0.8372422250971553,0.6251013328464606,3.0381156192779115,-1.6845822262857546,0.4938398013143505,0.09059947728194728,1.033642706523924,0.7384615384615385,2.144780755411133,1.6877643942738099,4.976386509472434,-2.174351929581955,0.6204896660217755,0.15964358141331464,2.1859141749961237,0.7538461538461538,3.2345317308860264,2.687682119205297,6.666423306369148,-2.453385074169578,0.6369398600835173,0.1760937754750565,3.1251358496258876,1.0,1.1956084468117518,0.0414008986337181
5467+4501,28,0.6785714285714286,0.7560617111164243,0.6902677874381747,2.6987959810850417,-1.3666896458644817,0.4933850455563118,0.09014472152390857,0.9524621925431931,0.6428571428571429,1.5254656828989999,1.0302715198344627,3.8825578015022364,-1.722225200564812,0.4582997758222724,-0.002546308786188445,1.5665991024839907,0.75,2.2597369051600795,2.6694896817586455,5.1810141153062625,-2.0741878268367766,0.566439747592954,0.10559366298449319,2.1503410238999408,1.0,1.1273480962235427,0.06859360337651071
3326+4304,28,0.6785714285714286,0.9038807644287112,1.165634422850297,3.1883743922769314,-1.9684811554432404,0.4933850455563118,0.09014472152390857,1.10028124585548,0.6785714285714286,1.4218809537138202,1.229630505078987,4.467120051213921,-2.4307623861323107,0.4933850455563118,0.03253896094785097,1.463014373298811,0.6785714285714286,2.089891459673353,2.388055084833023,5.658164081459186,-3.032947179089835,0.4933850455563118,0.03253896094785097,1.980495578413214,1.0,0.8794566078099282,0.040844039661060594
6299+4501,28,0.6785714285714286,0.5618089238058437,0.6902677874381747,2.570101846519657,-1.4989883111553044,0.4933850455563118,0.09014472152390857,0.7582094052326125,0.6428571428571429,1.5682202216562087,1.0302715198344627,3.9580623748166,-1.8570744308057716,0.4582997758222724,-0.002546308786188445,1.6093536412411995,0.75,2.343345755720883,2.6694896817586455,5.454798593373425,-2.195938212377571,0.566439747592954,0.10559366298449319,2.2339498744607442,1.0,0.8768837395738016,0.06956755191074698
5467+8038,49,0.6326530612244898,0.2804971595131505,0.5636077012533925,2.576749535805655,-1.867942137539368,0.4926681138688987,0.08942778983649546,0.47689764093991927,0.6122448979591837,1.0572385344588566,0.9595439403825613,4.0389739669178635,-2.371952234586068,0.47245746488052426,0.011611380272063432,1.0983719540438475,0.5510204081632653,0.6065511749916395,0.3579634119462317,5.084331635515357,-3.1567144165089194,0.4131486679967811,-0.0476974166116797,0.4971552937315006,1.0,0.4156142329124729,0.06787667168909761
2324+9105,35,0.6571428571428571,0.892576831544506,0.6812683738559634,2.87234527847487,-1.3936209178825787,0.4915164687273671,0.08827614469496387,1.0889773129712748,0.6,1.8299619076920444,0.5699270072992803,4.708850865293537,-2.0738671786678973,0.4357241958151947,-0.0251218887932661,1.8710953272770352,0.6,1.0127524691343333,0.44424169667867563,5.359380543724825,-3.1317522172231023,0.4357241958151947,-0.0251218887932661,0.9033565878741944,1.0,0.4854558363844308,-0.00595980698205667
2712+5467,51,0.6274509803921569,0.947943291299652,0.6251013328464606,3.192585538556058,-1.6084095382079078,0.4902496270033425,0.08700930297093928,1.1443437727264207,0.7254901960784313,2.3033972807986216,1.8113142094729853,5.282961780513482,-2.1817473218534444,0.5905308805092127,0.12968479590075183,2.344530700383612,0.803921568627451,3.4592631389703468,2.957683302526175,7.015283541849883,-2.471089702577248,0.6754165732550454,0.21457048864658462,3.349867257710208,1.0,1.2664701398853864,0.06339792019706103
2741+6821,44,0.6363636363636364,0.7185126229819212,1.0942615203569253,3.430305555547981,-2.0785457960616585,0.4886610727889105,0.08542074875650729,0.91491310440869,0.7045454545454546,1.3510315424765265,1.9112558005252958,5.034516959668636,-2.9128206508067707,0.5577952061434273,0.09694912153496643,1.3921649620615173,0.5909090909090909,1.68419488279746,1.176898422976618,6.082736209833499,-3.4144775580182367,0.44409492646606574,-0.016751158142395084,1.5747990015373212,1.0,1.3448346842416588,0.03622217010827811
8405+2913,30,0.6666666666666666,0.6108926135933923,1.2142560347734135,3.025616188781596,-1.700717009367527,0.4877972581383026,0.08455693410589937,0.8072930950201611,0.6,0.37516649025548,0.5543692890737463,4.089022906881571,-2.8784362400243375,0.42320052498273836,-0.03764555962572247,0.41629990984047077,0.5,0.4011146704472028,-0.04129662077595561,4.54075438526593,-3.4002738619248287,0.3315385122717376,-0.12930757233672324,0.29171878918706395,1.0,0.7154506553384925,0.05306839168936334
8405+2454,30,0.6666666666666666,1.2046786047282194,1.3325767831005744,3.838354067949034,-1.5488635403418631,0.4877972581383026,0.08455693410589937,1.4010790861549882,0.6,1.8452262719927168,1.000316413974949,6.152008408271744,-2.934799515817978,0.42320052498273836,-0.03764555962572247,1.8863596915777077,0.6333333333333333,2.948432314193961,1.780887667131552,7.756293382422578,-3.444093020112274,0.4551324643360493,-0.005713620272411513,2.8390364329338222,1.0,1.6931048162660984,0.05306839168936334
2912+4192,30,0.6666666666666666,0.5540934688082712,1.0318217529088172,3.34144579744283,-2.015665511020057,0.4877972581383026,0.08455693410589937,0.7504939502350398,0.6,1.2082134131842903,1.0957282452307584,4.975019538752522,-2.6704074891118887,0.42320052498273836,-0.03764555962572247,1.2493468327692812,0.6,1.9368430829797134,0.43170522378305665,6.248326719135394,-2.9275262253210896,0.42320052498273836,-0.03764555962572247,1.8274472017195746,1.0,0.34185398503957337,0.058355906554031
4304+7562,37,0.6486486486486487,0.4779173694975706,0.795056179775271,2.9908207758400787,-1.9661279564115668,0.48758729517569566,0.08434697114329243,0.6743178509243393,0.6756756756756757,1.1952872617130843,1.8113142094729853,4.46468910320788,-2.7474170893940486,0.5146336850482394,0.05378760043977854,1.2364206812980751,0.6756756756756757,1.7784568120403468,1.0583965402528197,5.5479337962578725,-3.1622680574078443,0.5146336850482394,0.05378760043977854,1.669060930780208,1.0,0.3356104530836974,0.052695597964296015
6299+9511,25,0.68,0.5108420690005776,0.5096658539098177,2.3619604264432006,-1.4994365059948727,0.48409913734576715,0.08085881331336392,0.7072425504273463,0.64,1.2781899650441766,0.8418597396364459,3.818868592486642,-1.9339141023046045,0.44518154601046633,-0.015664538597994493,1.3193233846291674,0.72,1.6072066052792122,1.9829318094707162,5.311242628194657,-2.2456209795583435,0.524230281034417,0.06338419642595622,1.4978107240190734,1.0,1.2293472312218052,0.060281643700202336
8644+6255,25,0.68,1.1129743058933466,0.5351219512195239,3.7755474449902584,-1.5937854389897372,0.48409913734576715,0.08085881331336392,1.3093747873201154,0.8,3.650286326812012,2.9260243415351095,6.770930877669899,-2.1162438724209776,0.6086866446346176,0.1478405600261568,3.6914197463970027,0.88,5.7383079912429,4.427467717819771,9.599598629073736,-2.211291747161451,0.7004380781662651,0.2395919935578043,5.628912109982761,1.0,2.0725043083127193,0.044076875252917536
2803+9051,50,0.62,1.1162932686612168,0.8690560747650447,3.3516706724892815,-1.895513865746504,0.48150195022393577,0.07826162619153254,1.3126937500879856,0.72,2.215484994199277,1.5987550109673945,5.068441724807523,-2.51196577141871,0.5833461285401033,0.12250004393164243,2.2566184137842678,0.68,3.0535315263137157,3.7447889252673217,6.497190760915982,-2.867646445184319,0.5418944286372392,0.08104834402877842,2.944135645053577,1.0,1.235225309151361,0.06859301328293632
6247+2454,34,0.6470588235294118,0.6630200519944125,0.6535442136164683,2.6105580797535395,-1.6023231766657462,0.4791365883001342,0.075896264267731,0.8594205334211813,0.5882352941176471,0.7523519377199449,0.5859893932264094,3.799698687639013,-2.1503469421373054,0.42221304146519273,-0.0386330431432681,0.7934853573049356,0.5882352941176471,0.7817836709716918,0.521608027826519,4.558493593510981,-2.7404436944686994,0.42221304146519273,-0.0386330431432681,0.6723877897115529,1.0,1.472099546842475,0.029337486893320497
4304+2681,34,0.6470588235294118,-0.04339952247096089,1.070429550153167,2.838371039857942,-2.457185205210994,0.4791365883001342,0.075896264267731,0.15300095895580784,0.5882352941176471,0.7861580765272758,0.9997719701912813,4.2282642907342725,-3.080354611915668,0.42221304146519273,-0.0386330431432681,0.8272914961122665,0.5,0.27055914989014845,0.05463334963406909,4.93512738935066,-3.866061360031529,0.3406906262804899,-0.12015545832797092,0.1611632686300096,0.0,-0.48320024489899277,0.044244891088734584
4192+7053,34,0.6470588235294118,0.47440750967544965,0.8709510436697034,3.1271163006096594,-1.877850296740284,0.4791365883001342,0.075896264267731,0.6708079911022184,0.5882352941176471,1.0843440817531307,1.0957282452307584,4.656984271035468,-2.485257428691967,0.42221304146519273,-0.0386330431432681,1.1254775013381215,0.6176470588235294,1.7878092447932057,0.43170522378305665,5.852124073115872,-2.718456594188508,0.45040719999382667,-0.010438884614634159,1.678413363533067,1.0,0.32431475455347036,0.06668445091255182
5102+7562,93,0.5806451612903226,0.7252214741871821,0.5636077012533925,2.7861708766226796,-1.717138403250949,0.47911260524081306,0.07587228120840983,0.9216219556139509,0.6666666666666666,1.6920883204184554,1.1468844807468062,4.582506899142399,-2.3180649397679587,0.5659327976152322,0.10508671300677136,1.7332217400034462,0.6774193548387096,2.7171142366677135,1.2831495682627916,6.226385034891457,-2.6842944204541106,0.5770106827427646,0.11616459813430374,2.6077183554075747,1.0,0.8522291250680243,0.033736729198591886
9051+7074,43,0.627906976744186,1.1212515245664596,0.6548505303760878,3.501754963568258,-1.6778320389621906,0.4785953826527317,0.07535505862032849,1.3176520059932284,0.6744186046511628,2.0497687828107782,1.3843640425428785,5.30159491878875,-2.3201146181585424,0.5251593250655096,0.06431324045704873,2.090902202395769,0.627906976744186,2.6921348590287426,1.285712857261916,6.674717733939077,-2.7322841903941,0.4785953826527317,0.01774929804427089,2.582738977768604,1.0,1.1550442759369193,0.06796278254820243
8644+2712,27,0.6666666666666666,0.8940032273051524,0.5351219512195239,3.7051334874436113,-1.8453260639208193,0.47824419872105484,0.0750038746886516,1.0904037087319212,0.7777777777777778,3.3848743101367726,2.9260243415351095,6.6503998533532345,-2.4754874512127767,0.5924270453692919,0.1315809607608311,3.4260077297217633,0.8518518518518519,5.425423734528743,4.427467717819771,9.269536660208638,-2.5634947426391412,0.6752093665317053,0.21436328192324444,5.316027853268604,1.0,1.6560934426627836,0.03822193662820522
8644+7246,27,0.6666666666666666,0.8940032273051524,0.5351219512195239,3.7051334874436113,-1.8453260639208193,0.47824419872105484,0.0750038746886516,1.0904037087319212,0.7777777777777778,3.3848743101367726,2.9260243415351095,6.6503998533532345,-2.4754874512127767,0.5924270453692919,0.1315809607608311,3.4260077297217633,0.8518518518518519,5.425423734528743,4.427467717819771,9.269536660208638,-2.5634947426391412,0.6752093665317053,0.21436328192324444,5.316027853268604,1.0,1.6560934426627836,0.03822193662820522
6907+7562,27,0.6666666666666666,1.1271929230183793,1.5580327868852486,3.0508910839780072,-1.1493007918178844,0.47824419872105484,0.0750038746886516,1.323593404445148,0.7407407407407407,2.087248975742168,1.1848952879581145,4.704940400395504,-1.550219244339238,0.5532106959738432,0.09236461136538238,2.128382395327159,0.7777777777777778,3.0241755642314954,2.069508196721319,6.120299284533027,-1.755812417819294,0.5924270453692919,0.1315809607608311,2.9147796829713566,1.0,0.5537799738987139,0.0
6907+2454,27,0.6666666666666666,1.1271929230183793,1.5580327868852486,3.0508910839780072,-1.1493007918178844,0.47824419872105484,0.0750038746886516,1.323593404445148,0.7407407407407407,2.087248975742168,1.1848952879581145,4.704940400395504,-1.550219244339238,0.5532106959738432,0.09236461136538238,2.128382395327159,0.7777777777777778,3.0241755642314954,2.069508196721319,6.120299284533027,-1.755812417819294,0.5924270453692919,0.1315809607608311,2.9147796829713566,1.0,0.5537799738987139,0.0
2324+7053,27,0.6666666666666666,0.518315159362794,0.3703229194014047,2.46433945881871,-1.4500846301432218,0.47824419872105484,0.0750038746886516,0.7147156407895627,0.48148148148148145,1.387028582906434,-0.05135246066556118,4.497413300979089,-2.3316658338338616,0.3074295064970908,-0.15341657811137005,1.4281620024914248,0.5555555555555556,0.4926264454599834,0.090391236306724,5.168366148629963,-3.3972971309846933,0.3731271947957688,-0.08771888981269205,0.3832305641998446,1.0,0.09290412095208089,-0.01923207698836893
4304+6508,86,0.5813953488372093,0.32448457749379195,0.748759845736351,3.0166471684511604,-2.1656089055395493,0.4758426436472955,0.07260231961489227,0.5208850589205607,0.6162790697674418,1.020917877942896,1.2092738214878376,4.515229349268446,-2.916576413067086,0.510626822596434,0.04978073798797317,1.0620512975278869,0.5813953488372093,1.3204330151679236,0.6147506884931865,5.548890000879958,-3.453312141807932,0.4758426436472955,0.014996559038834678,1.2110371339077848,1.0,0.67210775282949,0.04095094643589586
2582+2454,36,0.6388888888888888,0.6483974471155337,0.9313764987057872,2.6986403580821188,-1.9687612756595405,0.4757478039083198,0.07250747987591655,0.8447979285423024,0.6666666666666666,1.6273920466301603,2.46067745263167,4.2953921697595225,-2.591680877893102,0.5033369709296683,0.04249088632120751,1.6685254662151512,0.6666666666666666,2.7135889196158747,3.4462478397450247,6.025834140995543,-3.0076777547097913,0.5033369709296683,0.04249088632120751,2.604193038355736,1.0,0.787116021614906,0.00761012170835601
5102+2913,73,0.589041095890411,0.35616297753961423,0.5636077012533925,2.5189942565720767,-1.6460348007937666,0.4744901519219834,0.07124982788958018,0.552563458966383,0.6301369863013698,1.320536157487794,1.0091022964509524,4.263202140510629,-2.136067147643734,0.5154917299781843,0.05464564536972344,1.361669577072785,0.6986301369863014,2.7579370220730657,1.4475592097189784,6.083704856168341,-2.430624382608634,0.585624178240096,0.12477809363163522,2.648541140812927,1.0,0.7334863642190008,0.02911427587976223
2913+8289,47,0.6170212765957447,0.6538308599321283,0.8479365079365132,2.7018980640343475,-1.4709601650059265,0.4742630844397632,0.07102276040736,0.8502313413588971,0.6808510638297872,2.11737257070845,1.0711227839789885,4.97932074559207,-1.7086661222771495,0.5383238911447854,0.07747780653632458,2.1585059902934405,0.7659574468085106,4.102540999411745,1.932908732764287,7.423009633174842,-1.8710075786075782,0.6277546774315923,0.16690859282313147,3.993145118151606,1.0,0.6938601545217624,0.0641821846448476
4304+8182,75,0.5866666666666667,0.4845926177863573,0.6490614886731462,3.097699767730673,-2.1168727203307696,0.4736631066346822,0.07042278260227897,0.6809930992131261,0.64,1.3237289565613841,1.35826191087161,4.6031732930257325,-2.793828872708688,0.5270045111400723,0.06615842653161147,1.364862376146375,0.6533333333333333,1.8692344111545556,1.4922671375417853,5.846938706374258,-3.343318220715441,0.5405453495587379,0.07969926495027707,1.7598385298944168,1.0,0.6552752372387213,0.038771409423282555
2712+5527,29,0.6551724137931034,1.3254067587315168,0.8169278736229569,3.9375351065275166,-1.8009495049349709,0.47344776507155983,0.0702074410391566,1.5218072401582856,0.7931034482758621,3.2914654503342238,2.9492864871745894,6.6314879776261755,-2.5524863058908043,0.6160955339174229,0.15524944930896206,3.3325988699192144,0.7931034482758621,4.592103036791237,3.51957746478873,8.848317914016729,-3.033739277286205,0.6160955339174229,0.15524944930896206,4.482707155531099,1.0,2.2519682652674495,0.04659605826527835
5102+9051,29,0.6551724137931034,1.1867137861920503,1.3905196796728572,3.3209687376146544,-1.523073029266312,0.47344776507155983,0.0702074410391566,1.383114267618819,0.6551724137931034,2.6995684832375435,1.936590909090912,5.565742440979486,-1.9154880216708765,0.47344776507155983,0.012601680463099008,2.740701902822534,0.7931034482758621,4.743359856644681,4.031514738456292,8.022833533879911,-2.1128027614848492,0.6160955339174229,0.15524944930896206,4.6339639753845425,1.0,1.4384039102546762,0.02807188902933866
2712+2681,29,0.6551724137931034,0.3756044348927078,0.9807054654188897,3.166660404522218,-2.195774913197763,0.47344776507155983,0.0702074410391566,0.5720049163194765,0.6896551724137931,1.2493690259591856,1.6318367346938747,4.809771110558464,-2.7741187791365003,0.5076952952728147,0.046849210664353824,1.2905024455441765,0.6896551724137931,1.6737537697913256,2.381296060991116,5.890809901388177,-3.1836653530439247,0.5076952952728147,0.046849210664353824,1.5643578885311868,0.0,-0.03820783366651753,0.04659605826527835
2741+2681,29,0.6551724137931034,0.3756044348927078,0.9807054654188897,3.166660404522218,-2.195774913197763,0.47344776507155983,0.0702074410391566,0.5720049163194765,0.6896551724137931,1.2493690259591856,1.6318367346938747,4.809771110558464,-2.7741187791365003,0.5076952952728147,0.046849210664353824,1.2905024455441765,0.6896551724137931,1.6737537697913256,2.381296060991116,5.890809901388177,-3.1836653530439247,0.5076952952728147,0.046849210664353824,1.5643578885311868,0.0,-0.03820783366651753,0.02100886239092742
3326+7246,29,0.6551724137931034,0.8498804739458425,0.9807054654188897,3.181145047862393,-1.941981805255542,0.47344776507155983,0.0702074410391566,1.0462809553726113,0.6551724137931034,1.3187640022651412,1.100999099286364,4.415796028905003,-2.4414404256420554,0.47344776507155983,0.012601680463099008,1.359897421850132,0.6896551724137931,2.047085224453508,2.381296060991116,5.565769575348708,-3.0228602257389756,0.5076952952728147,0.046849210664353824,1.937689343193369,1.0,0.5129918908132942,0.02090675917630863
4304+2454,49,0.6122448979591837,0.6644011945003682,0.7896284062757931,3.2161434280628614,-1.8450244655578238,0.47245746488052426,0.06921714084812103,0.8608016759271369,0.6938775510204082,1.8992437098228785,1.8113142094729853,5.261923905763057,-2.582902108241514,0.5547184259930625,0.09387234138460171,1.9403771294078693,0.6938775510204082,2.6022442783883495,1.4922671375417853,6.737341409231294,-3.1560266454122243,0.5547184259930625,0.09387234138460171,2.4928483971282107,1.0,1.2481513894912613,0.03756576766912462
2741+6255,68,0.5882352941176471,0.42659736473485815,0.5493648262364582,3.0088896164152175,-2.0827196026087313,0.46961251890308464,0.06637219487068141,0.6229978461616269,0.6617647058823529,1.315489211329793,1.2638874024272153,4.911669968786661,-2.804276911952829,0.5433701723652863,0.08252408775682546,1.3566226309147837,0.7058823529411765,2.516804708282417,2.2254021288562176,6.546926811389229,-3.118637812374748,0.5889349573627328,0.128088872754272,2.4074088270222784,1.0,0.5459469487490554,0.017173616222452226
5467+2681,31,0.6451612903225806,0.08773368597496868,0.5096658539098177,2.6085781633823215,-1.9127766500458687,0.46947638042814893,0.0662360563957457,0.2841341674017374,0.5806451612903226,1.262844143869655,0.5719819819819884,3.943223639303125,-2.3065607108163624,0.4076596435202097,-0.0531864410882511,1.3039775634546458,0.5161290322580645,0.6079444731865952,0.15579574569504664,4.845207627721876,-3.0766688517580683,0.3484011828697317,-0.11244490173872912,0.4985485919264563,0.0,-0.3661789828571627,0.04468493824834785
5467+4783,31,0.6451612903225806,1.3539073001232749,0.9807054654188897,3.564089028513886,-1.3032853579209185,0.46947638042814893,0.0662360563957457,1.5503077815500437,0.7741935483870968,3.336030444194601,2.2923491562461917,6.094450773908636,-1.67610486763366,0.6018723994130262,0.14102631480456534,3.3771638637795918,0.9032258064516129,5.2286792146457985,3.5180429390129264,8.513192195327294,-1.7307477389288424,0.7509971000182296,0.2901510154097688,5.11928333338566,1.0,0.907882666291113,0.04468493824834785
2741+3193,46,0.6086956521739131,0.4799760078524815,0.7779738260290371,3.3166337786029128,-1.8946319947446866,0.4645658371764493,0.06132551314404605,0.6763764892792503,0.6304347826086957,1.1574725426422967,1.0101911544404476,5.03190152680405,-2.84693931661736,0.4859983314918479,0.025152246883387075,1.1986059622272875,0.6086956521739131,1.5530788415041277,1.1329128337968333,6.047241544932146,-3.3761924946306654,0.4645658371764493,0.0037197525679884547,1.443682960243989,1.0,0.8438795590228507,0.012126934495816866
8038+2859,35,0.6285714285714286,0.1826278260408926,0.8169278736229569,2.888649460070633,-2.128128961636317,0.4633664048802107,0.06012608084780746,0.37902830746766136,0.6857142857142857,1.0411608547466369,1.35826191087161,4.31513105935718,-2.7842502459206084,0.5201992812074803,0.05935319659901944,1.0822942743316277,0.7142857142857143,1.7957461687691438,2.7555918171456018,5.638532675907361,-3.361350640446681,0.5494475193017891,0.08860143469332832,1.686350287509005,1.0,0.7727186575245004,0.03932581320829809
6299+7861,35,0.6285714285714286,0.30332653995215886,0.806686496133251,2.808638656053421,-2.033224740896301,0.4633664048802107,0.06012608084780746,0.4997270213789276,0.6571428571428571,1.3277704377830049,1.35826191087161,4.22290081185282,-2.5602881642362494,0.4915164687273671,0.03067038411890627,1.3689038573679957,0.5714285714285714,0.916215777162779,0.5304081436049036,5.244419311314423,-3.245845921627277,0.4085712925897337,-0.052274792018727145,0.8068198959026401,1.0,0.5766252016353375,0.03954891123464588
2582+7562,35,0.6285714285714286,0.5084900181089499,0.8820475319926847,2.5198635282240716,-1.9908168762691492,0.4633664048802107,0.06012608084780746,0.7048904995357186,0.6571428571428571,1.4869119929727026,1.9970432723924783,4.114856845881158,-2.6315341814236692,0.4915164687273671,0.03067038411890627,1.5280454125576934,0.6571428571428571,2.6119672782777967,3.3780770748388855,5.89474001629535,-3.059416683292264,0.4915164687273671,0.03067038411890627,2.502571397017658,1.0,0.4956782614879748,-0.0047712773197530756
8038+2913,48,0.6041666666666666,0.3682440540686354,0.6357494932251507,2.9375941789279474,-1.9749652035921337,0.46310154596935116,0.05986122193694793,0.5646445354954042,0.625,0.5002167182400371,0.6021725322739081,4.265199887037613,-2.994716079861592,0.4836250612524957,0.022778976644034887,0.5413501378250278,0.5416666666666666,0.41641514046174066,0.23311812576782176,5.1171806794693575,-3.962720517850979,0.4029083309494733,-0.05793775365898751,0.3070192592016018,1.0,0.43510300330839824,0.039060954297438555
6299+4783,26,0.6538461538461539,1.2478348882255275,0.8988166695209233,3.4196914854027707,-1.263518613929828,0.46220229009632996,0.05896196606392673,1.4442353696522963,0.7692307692307693,3.478045739978986,2.492069472061458,6.163008906390469,-1.6116259245589144,0.5794807424804321,0.1186346578719713,3.5191791595639765,0.9230769230769231,5.710807827564251,3.611279534022598,8.9772873316393,-1.6767770403339395,0.7585805251948495,0.2977344405863887,5.601411946304112,1.0,0.6683105033973868,0.038384796450765146
6821+7305,26,0.6538461538461539,0.28598014776234987,0.5726236331090752,2.89737586960086,-1.8599745256447924,0.46220229009632996,0.05896196606392673,0.4823806291891186,0.5,-0.01028431884613571,-0.08219573422420622,3.819802345575574,-2.6884445727472794,0.3206030631500208,-0.14024302145844003,0.030849100738855058,0.38461538461538464,0.3716588875496309,-1.0848071869069396,4.801196707975165,-3.4266676557003213,0.22428359511834425,-0.23656248949011657,0.26226300628949206,1.0,0.1190940898583349,0.049888221190704296
9594+8038,26,0.6538461538461539,1.8906439526026722,1.0660956080880848,4.02317371287095,-1.211616286046419,0.46220229009632996,0.05896196606392673,2.087044434029441,0.6923076923076923,3.4607378775822095,2.5825591449754093,6.3081497237293105,-1.5787434424073854,0.5001138848576876,0.03926780024922677,3.5018712971672,0.7307692307692307,4.4224716192554085,3.8733898249214516,8.179334088683202,-1.9306470388580008,0.5391659658023868,0.07831988119392602,4.31307573799527,1.0,3.0199850858752866,0.03811502974726699
5467+7305,26,0.6538461538461539,0.28598014776234987,0.5726236331090752,2.89737586960086,-1.8599745256447924,0.46220229009632996,0.05896196606392673,0.4823806291891186,0.5,-0.01028431884613571,-0.08219573422420622,3.819802345575574,-2.6884445727472794,0.3206030631500208,-0.14024302145844003,0.030849100738855058,0.38461538461538464,0.3716588875496309,-1.0848071869069396,4.801196707975165,-3.4266676557003213,0.22428359511834425,-0.23656248949011657,0.26226300628949206,1.0,0.1190940898583349,0.03741084791652888
6320+2859,37,0.6216216216216216,0.395861103953431,0.8169278736229569,3.0417888246419977,-2.402778379380315,0.4610014255281996,0.057761101495796385,0.5922615853801998,0.6486486486486487,1.271788287181853,1.100999099286364,4.186760698858146,-2.775500291207707,0.48758729517569566,0.02674121056723483,1.312921706766844,0.6486486486486487,1.3910874694659126,1.4922671375417853,5.239180170958922,-3.2834228323945163,0.48758729517569566,0.02674121056723483,1.2816915882057738,1.0,0.5673164543011846,0.0022278043911630463
8038+8182,37,0.6216216216216216,0.2714813943927091,0.8169278736229569,2.9686002541397816,-2.063481016405798,0.4610014255281996,0.057761101495796385,0.4678818758194778,0.6756756756756757,1.0766254956200856,1.35826191087161,4.317974739951378,-2.6841362853233712,0.5146336850482394,0.05378760043977854,1.1177589152050764,0.7027027027027027,1.746727596268822,2.7555918171456018,5.569841133985333,-3.2662048418917253,0.5421656082795642,0.08131952367110334,1.6373317150086832,1.0,0.8366305543997443,0.03696083385628701
2859+6255,73,0.5753424657534246,0.22459656840056824,0.5096658539098177,3.0919503124146392,-2.1473147592895274,0.46099174047029373,0.0577514164378905,0.420997049827337,0.6712328767123288,1.2859947017748072,1.100999099286364,4.538168478380675,-2.844819155088275,0.5572879107339749,0.09644182612551405,1.327128121359798,0.6712328767123288,1.9895902624572,1.2864285714285597,5.695787561590287,-3.232411643237099,0.5572879107339749,0.09644182612551405,1.8801943811970612,1.0,0.2916100925048997,0.0460002201882308
5467+8773,75,0.5733333333333334,0.5614802290959556,0.5096658539098177,2.895243517489773,-1.8681122510109678,0.46052588692688,0.05728556289447678,0.7578807105227243,0.68,1.787292593111342,1.100999099286364,4.623949697120524,-2.327907110323613,0.5678872410148672,0.10704115640640638,1.8284260126963328,0.6933333333333334,2.7661635056619556,1.9829318094707162,6.161650786016008,-2.6633485701576585,0.5816933204791398,0.12084723587067897,2.656767624401817,1.0,0.8286715508656872,0.03573444474707893
4304+7053,54,0.5925925925925926,0.6048775017279563,0.6784763869350275,3.109206864129484,-1.8127290950784893,0.45966610248851525,0.05642577845611202,0.801277983154725,0.6851851851851852,1.400839530740724,1.6598005644838423,5.001325882949562,-2.661693555616708,0.5525630440832037,0.09171695947474284,1.4419729503257148,0.6296296296296297,1.613408888754777,1.555093774162424,6.126552125885068,-3.073360352322135,0.4962722279108102,0.03542614330234939,1.5040130074946383,0.0,1.7127659182657755,0.024774405277115608
5467+6255,56,0.5892857142857143,0.5103534655848206,0.5366367775816051,2.925585040302398,-1.9581462415651862,0.45877362113703657,0.05553329710463334,0.7067539470115893,0.6607142857142857,1.7251928851742966,1.0302715198344627,4.709404131108816,-2.591389242554114,0.5299920896078809,0.06914600499942009,1.7663263047592874,0.6964285714285714,2.6474334235516084,1.4498230318211671,6.237431852054596,-2.948723538342848,0.5666388751588567,0.10579279055039587,2.5380375422914696,1.0,0.34513188644943593,0.03398217895723549
2913+7074,56,0.5892857142857143,0.6342729632915038,0.6849962113777354,3.0314834944644815,-2.000920734906057,0.45877362113703657,0.05553329710463334,0.8306734447182726,0.5535714285714286,0.811179917267412,0.875686364872701,4.5004894299862395,-3.0229709361394166,0.4241298613178389,-0.03671622329062191,0.8523133368524027,0.5357142857142857,1.1305331882518643,0.5423874983504208,5.745294556423137,-3.812971954488963,0.40703956657240076,-0.05380651803606007,1.0211373069917256,1.0,1.0045993807583797,0.04869272134212094
6255+6201,56,0.5892857142857143,0.1391497426094401,0.5493648262364582,2.8272331540122866,-2.1478557563358462,0.45877362113703657,0.05553329710463334,0.3355502240362088,0.6428571428571429,1.1650456456818776,1.0302715198344627,4.6796228024407025,-2.7729938631403543,0.5119364571733127,0.05109037256485188,1.2061790652668685,0.6785714285714286,2.49134811928139,2.0262200030960176,6.34265068460509,-3.0301920513650917,0.548223941560039,0.08737785695157813,2.3819522380212512,1.0,0.3339458688242275,0.05507035886429945
4304+8038,56,0.5892857142857143,0.051467128256417034,0.7624095794099329,2.699357345234737,-2.17872969644853,0.45877362113703657,0.05553329710463334,0.24786760968318577,0.5892857142857143,0.5842857646054801,1.0704995496431826,4.110021250483771,-3.0635995771871376,0.45877362113703657,-0.0020724634714242574,0.6254191841904708,0.5,0.32182614446291663,-0.041644977115008336,4.883408771599615,-3.7685534961251244,0.37331520958682995,-0.08753087502163087,0.21243026320277777,1.0,0.1649204686899788,0.023881923925636928
6247+7562,28,0.6428571428571429,0.3466580935061686,0.6042974954638837,2.231751698647244,-1.7012654682838912,0.4582997758222724,0.05505945178986915,0.5430585749329373,0.5357142857142857,0.39838632235756244,0.16480170485904566,3.3928896402177715,-2.554951406190144,0.35812395142101666,-0.10272213318744416,0.4395197419425532,0.5,0.279763430386741,0.07400423798705659,4.314283454490876,-3.3185882759653533,0.32632846832446344,-0.1345176162839974,0.17036754912660215,1.0,0.8018415085317094,0.008500674415458653
8644+8773,28,0.6428571428571429,0.8749767076920144,0.5223939025646708,3.6589318202832275,-1.7837448575034673,0.4582997758222724,0.05505945178986915,1.071377189118783,0.7857142857142857,3.2282913376755915,2.492069472061458,6.522177022654783,-2.4112054779166465,0.6046105292072612,0.1437644445988004,3.269424757260582,0.8214285714285714,5.09788730807571,3.6120467969104997,8.905377984381019,-2.4960696517920695,0.644082084514089,0.18323599990562817,4.988491426815571,1.0,0.5115173008105169,0.018277513729422767
2324+9051,28,0.6428571428571429,0.5804629075964695,0.544010380564013,2.778674761022615,-1.7567582799270858,0.4582997758222724,0.05505945178986915,0.7768633890232381,0.5714285714285714,0.9559701828211812,0.46793903123457004,3.87423514673099,-2.2189430445453135,0.390704789856154,-0.07014129475230685,0.9971036024061719,0.4642857142857143,0.17710781925179253,-0.5016014481054775,4.414016002596889,-3.0148787055722646,0.2953130373965958,-0.16553304721186501,0.06771193799165368,1.0,0.25850853645487004,-0.039176499887151384
2741+4304,60,0.5833333333333334,0.6671427360061908,0.7210146032347088,3.238814513285831,-2.021746775750134,0.4572785431323962,0.05403821909999296,0.8635432174329596,0.6666666666666666,1.6787897986033373,1.7451001610987606,5.221512381327347,-2.934270259321073,0.540566298666634,0.07972021405817314,1.7199232181883282,0.6666666666666666,2.421908049416994,2.182113935230916,6.605562310228147,-3.302258816421845,0.540566298666634,0.07972021405817314,2.312512168156855,0.0,1.751767209839885,0.0048396404517637714
5102+2454,107,0.5514018691588785,0.5082329942851013,0.2449754122071203,2.5966417500285854,-1.7786516228956033,0.45701248837643804,0.05377216434403481,0.70463347571187,0.6355140186915887,1.274127974823468,1.0400000000000011,4.174983848224624,-2.3798503401029327,0.5410943693834448,0.08024828477498397,1.3152613944084588,0.6635514018691588,2.3842869797896404,1.1808216960129505,5.677543929518902,-2.701076752648915,0.5697372482952349,0.10889116368677404,2.2748910985295017,1.0,0.7892225268996886,0.011636612334216867
2803+7053,43,0.6046511627906976,0.9328795189678712,1.0832616191540014,3.093987383147007,-1.8232895915475307,0.4557879659331909,0.052547641900787645,1.12928000039464,0.6511627906976745,1.7089941370149349,1.4771681415929152,4.623943527261093,-2.476487938473341,0.501715070970981,0.04086898636252018,1.7501275565999257,0.627906976744186,1.9274283682105995,3.458063112078351,5.806335958750599,-3.086936501823629,0.4785953826527317,0.01774929804427089,1.8180324869504607,1.0,1.329647267364384,0.042879028992191426
9051+8289,43,0.6046511627906976,1.116682886826997,0.86870813397129,3.1924342042082396,-1.3675366255908301,0.4557879659331909,0.052547641900787645,1.3130833682537657,0.627906976744186,2.1067181062726275,1.5266028708133919,4.919746369612361,-1.8390393630125623,0.4785953826527317,0.01774929804427089,2.147851525857618,0.6976744186046512,3.4815557006320335,1.4070793707757592,6.8475050217619495,-2.1011232815580505,0.5489435424759018,0.088097457867441,3.3721598193718947,1.0,1.1305743333962361,0.04515536582866159
4304+3923,66,0.5757575757575758,0.3387522883898705,0.539749700322394,2.9285026347512995,-2.096479569688981,0.45560437087929284,0.05236404684688961,0.5351527698166392,0.6666666666666666,1.4633597832458385,1.3583301227657543,4.605842614155227,-2.6782024298951517,0.5465611809612104,0.0857150963527496,1.5044932028308293,0.6666666666666666,1.901465808728435,1.6248785727384687,5.800892908729183,-3.1984754674906046,0.5465611809612104,0.0857150963527496,1.7920699274682963,0.0,1.2463090726672086,0.0207126736678932
8405+8030,68,0.5735294117647058,0.7287619120487773,0.6945798295264362,3.042974647121015,-1.5879054945088,0.455165693769645,0.05192536973724177,0.925162393475546,0.6176470588235294,1.5667695777393942,0.8035422204265609,5.036160847338189,-2.480509949521918,0.49880494200915176,0.03795885740069094,1.607902997324385,0.6029411764705882,2.1833504128562082,1.1348034404774767,6.442869266360681,-2.932467693503338,0.4841583838253139,0.023312299216853072,2.0739545315960695,1.0,1.2947832041194314,0.02043682732070573
3326+2692,30,0.6333333333333333,0.7539050293479671,0.8988166695209233,3.090285629350662,-2.001674882288266,0.4551324643360493,0.051892140303646084,0.9503055107747358,0.6333333333333333,1.2179440078616959,1.0391932433368825,4.283781577691852,-2.484484881995229,0.4551324643360493,-0.005713620272411513,1.2590774274466867,0.6666666666666666,1.9287783492864832,2.182113935230916,5.435566471269279,-3.0465240220889185,0.4877972581383026,0.026951173529841776,1.8193824680263444,1.0,0.3565936059214978,0.002591458440798111
3326+8182,30,0.6333333333333333,0.45654582307196584,0.8988166695209233,2.999686458177883,-2.4046259596220434,0.4551324643360493,0.051892140303646084,0.6529463044987346,0.6333333333333333,0.7903232160197747,0.968465663884981,4.050015451589976,-3.0308943567758413,0.4551324643360493,-0.005713620272411513,0.8314566356047655,0.6666666666666666,1.6210544005106429,2.101268547262063,5.129062460846141,-3.5929334968695312,0.4877972581383026,0.026951173529841776,1.511658519250504,1.0,0.01746166818113909,0.002591458440798111
6247+6299,30,0.6333333333333333,0.37513668829123303,0.6535442136164683,2.330918156036622,-1.6843135969482446,0.4551324643360493,0.051892140303646084,0.5715371697180018,0.5666666666666667,0.6866101602158834,0.3266161561038251,3.890819053818097,-2.4646774909118343,0.39197009545408734,-0.06887598915437348,0.7277435798008741,0.5333333333333333,0.790153910854079,0.24783108773390083,4.595036453199256,-3.059516933091858,0.36142013281525043,-0.0994259517932104,0.6807580295939402,1.0,0.8252043770200876,0.0053333629292355855
6320+3675,30,0.6333333333333333,0.809942580360176,1.3291319913356572,3.38484104001384,-2.38560857069993,0.4551324643360493,0.051892140303646084,1.0063430617869447,0.6333333333333333,1.0994506873676548,0.989369018588875,4.592990918417362,-2.9886394641621794,0.4551324643360493,-0.005713620272411513,1.1405841069526457,0.6666666666666666,1.3798911222884738,1.555093774162424,5.238776480971539,-3.4163781523639347,0.4877972581383026,0.026951173529841776,1.270495241028335,1.0,1.3133674801961666,-0.0036411568009872552
6247+2913,30,0.6333333333333333,0.6567614224183242,0.6042974954638837,2.450577967368964,-1.618009372874646,0.4551324643360493,0.051892140303646084,0.853161903845093,0.5,0.5394152203245027,0.1333989421644911,3.6701418697423427,-2.3535347408940686,0.3315385122717376,-0.12930757233672324,0.5805486399094935,0.5666666666666667,0.5069093758820232,0.24783108773390083,4.401553806490213,-2.8709564703191464,0.39197009545408734,-0.06887598915437348,0.39751349462188434,1.0,1.3272918417903439,0.0053333629292355855
3923+6255,74,0.5675675675675675,0.2633533922010207,0.4634151101418672,2.8875907412412127,-2.1759009733787473,0.45412539093091314,0.05088506689850991,0.45975387362778947,0.6756756756756757,1.4170965675108982,1.0391932433368825,4.522069415320318,-2.6587410451476714,0.5626508503567351,0.1018047657482743,1.458229987095889,0.7297297297297297,2.357422201123233,1.601015179213521,5.921013704008893,-2.9346673934972856,0.6190853622781574,0.15823927766969653,2.248026319863094,1.0,0.2961731834800783,0.04556081422899777
8182+6255,82,0.5609756097560976,0.37036203969104436,0.4634151101418672,3.157566177299898,-2.099601043357575,0.45322727057239914,0.04998694653999591,0.5667625211178131,0.6707317073170732,1.396636552085931,1.1429471936222393,4.580314297603799,-2.761641024536619,0.5633818520351263,0.10253576742666543,1.4377699716709218,0.6829268292682927,2.2749953787309303,1.3469037487645543,5.891190229541095,-3.118075481118209,0.5759601026622791,0.11511401805381832,2.1655994974707915,1.0,0.5065973764269549,0.03279374329716861
4304+7246,128,0.5390625,0.11012240585003513,0.44301289810311684,2.938096088935933,-2.307674415836707,0.4528282722913874,0.04958794825898416,0.3065228872768039,0.5703125,0.6499578765587208,0.9451711170529499,4.315280767460778,-3.212717472676899,0.4837377469365458,0.022891662328084983,0.6910912961437116,0.5234375,0.4999510254486424,0.30792065946148484,5.171457978863476,-3.983395352844211,0.4374963857849213,-0.023349698823539544,0.39055514418850357,1.0,0.4247554466443334,0.01793657507998775
8030+9051,32,0.625,0.23812525980499363,0.5076551045378898,2.4722235814080418,-1.724610784656324,0.4525410058952512,0.04930068186284797,0.43452574123176235,0.59375,0.5188762390826194,0.3960940823971627,3.5674535992615266,-2.4855446927754388,0.4225972657298823,-0.038248818878578505,0.5600096586676101,0.5,0.3546733460893055,-0.20050664381402006,4.530725040446305,-3.267413502051956,0.33630614316859386,-0.12453994143986696,0.24527746482916665,0.0,-0.429855095289629,0.02899984446507964
3326+8773,32,0.625,0.45883092529076897,0.8988166695209233,2.9986703750688064,-2.316730958351675,0.4525410058952512,0.04930068186284797,0.6552314067175378,0.625,0.9177866500224046,0.968465663884981,4.150680114752027,-2.951995878555702,0.4525410058952512,-0.008305078713209624,0.9589200696073953,0.6875,1.9168720842238107,2.101268547262063,5.326881993650431,-3.4789075723935365,0.5143300030196761,0.0534839184112153,1.807476202963672,0.0,-0.012737634714414081,0.0
2741+4728,32,0.625,0.2396570894058349,1.2576799218303727,2.884670870151318,-2.2444660339781084,0.4525410058952512,0.04930068186284797,0.43605757083260366,0.625,0.11801988015228482,0.8400647352914283,4.167811527011615,-2.9709715448027056,0.4525410058952512,-0.008305078713209624,0.1591532997372756,0.53125,0.5119674588865748,0.47952455418742057,5.274387988677617,-3.5270381793635606,0.3644923793257382,-0.09635370528272263,0.4025715776264359,0.0,1.056995904123118,0.00010210321461878724
8405+5467,32,0.625,1.167854922997759,1.069159581926942,3.082778739584085,-1.471138021868627,0.4525410058952512,0.04930068186284797,1.3642554044245279,0.65625,2.221265698736665,1.220735844539216,5.530098634782475,-2.1781406622647514,0.4831077350878594,0.022261650479398598,2.2623991183216554,0.625,2.75479645962723,2.1153468701737554,7.410486150741916,-2.688214598472086,0.4525410058952512,-0.008305078713209624,2.645400578367091,1.0,1.4117780726812565,0.017812139446311936
6320+3326,32,0.625,0.45883092529076897,0.8988166695209233,2.9986703750688064,-2.316730958351675,0.4525410058952512,0.04930068186284797,0.6552314067175378,0.625,0.9177866500224046,0.968465663884981,4.150680114752027,-2.951995878555702,0.4525410058952512,-0.008305078713209624,0.9589200696073953,0.6875,1.9168720842238107,2.101268547262063,5.326881993650431,-3.4789075723935365,0.5143300030196761,0.0534839184112153,1.807476202963672,0.0,-0.012737634714414081,-0.006232615241785366
2712+3193,32,0.625,0.5559160194609132,0.7210146032347088,3.6135439640472478,-2.0100365364665986,0.4525410058952512,0.04930068186284797,0.752316500887682,0.59375,0.986826034652877,1.0101911544404476,5.366950350782227,-3.218950147136755,0.4225972657298823,-0.038248818878578505,1.0279594542378678,0.59375,1.3976863008283233,1.1860450731956675,6.270800676386319,-3.8804080358543787,0.4225972657298823,-0.038248818878578505,1.2882904195681846,1.0,1.0256905997926575,0.02568929908896972
8182+7246,98,0.5510204081632653,0.4461543436706204,0.26441458755233527,3.065226744704417,-1.9903126185777185,0.45247368335883686,0.049233359326433634,0.6425548250973891,0.6122448979591837,1.2621483277544392,1.1679853566180445,4.518791397799475,-2.633972756407348,0.5132848977039014,0.05243881309544057,1.30328174733943,0.6632653061224489,2.0125821912052055,1.555093774162424,5.832278694570118,-3.1735057836930594,0.5651133741942346,0.10426728958577375,1.9031863099450668,1.0,0.6213510208147373,0.03204015608360633
5467+6508,98,0.5510204081632653,0.46282274336938584,0.3554025788552063,2.80740499051499,-1.873904079257601,0.45247368335883686,0.049233359326433634,0.6592232247961546,0.6224489795918368,1.3477795735350813,0.9451711170529499,4.40425610769903,-2.407915521419126,0.5235640278836827,0.0627179432752219,1.388912993120072,0.6224489795918368,1.750244354068652,0.8550201733546526,5.629991807625394,-2.948938332656068,0.5235640278836827,0.0627179432752219,1.6408484728085133,1.0,0.7631880842176817,0.027682241179035783
3193+7053,53,0.5849056603773585,0.3617104662405882,0.5698335467349703,3.1001420262996238,-1.9738470556967724,0.4509418238445375,0.047701499812134285,0.5581109476673569,0.6415094339622641,1.085085789083426,1.100999099286364,4.6989965474421425,-2.8389032910277736,0.5069089329999881,0.046062848391527245,1.1262192086684168,0.6415094339622641,1.4125231408935435,1.6179204107830627,5.733065678748337,-3.3044850225944766,0.5069089329999881,0.046062848391527245,1.3031272596334047,0.0,1.3315349876571183,0.030551488274895622
8038+9511,34,0.6176470588235294,0.37057367422890364,0.4589092948721941,2.6390113261306705,-1.9682758392298945,0.45040719999382667,0.04716687596142344,0.5669741556556724,0.6764705882352942,1.0942389141500013,1.033224617559452,4.028541389393555,-2.348403622823569,0.5084258404811939,0.047579755872733054,1.1353723337349921,0.6764705882352942,1.473435333184417,2.072058676548454,5.222992209568586,-2.6532297046544198,0.5084258404811939,0.047579755872733054,1.3640394519242782,1.0,0.9266538831886033,0.026366608321914065
8038+3923,34,0.6176470588235294,0.26926774246254265,0.6902677874381747,2.932088660271106,-1.96557150343473,0.45040719999382667,0.04716687596142344,0.4656682238893114,0.7058823529411765,1.2538306841740334,1.4438256797985762,4.405959324577132,-2.4695083780012097,0.5383077411853625,0.07746165657690168,1.2949641037590243,0.6764705882352942,1.7476841671582164,2.568443939068359,5.629890912214651,-3.0875570777697505,0.5084258404811939,0.047579755872733054,1.6382882858980776,1.0,0.41645566435900616,0.026366608321914065
4304+2712,63,0.5714285714285714,0.652710807312489,0.6251013328464606,3.2857078688996086,-1.9962115793359863,0.4486139508259402,0.04537362679353696,0.8491112887392578,0.6507936507936508,1.6074654809848274,1.6991799140342592,5.183701940742779,-2.925467642046492,0.5275123111600183,0.06666622655155746,1.6485989005698183,0.6507936507936508,2.1874069679577746,1.9829318094707162,6.510639369355382,-3.424929052154233,0.5275123111600183,0.06666622655155746,2.078011086697636,1.0,1.7180349235655852,0.013722253614540547
4304+2859,65,0.5692307692307692,0.22860841709699536,0.5096658539098177,2.948561371938816,-2.2115029183995434,0.44832757984982086,0.045087255817417626,0.4250088985237641,0.6,1.032818747254654,1.100999099286364,4.375731118441528,-2.9926061711432954,0.47855778499746787,0.017711700389007046,1.0739521668396448,0.6153846153846154,1.3551034719866184,1.0583965402528197,5.366039853834495,-3.606047376003141,0.4938398013143505,0.032993716705889686,1.2457075907264796,1.0,0.426950402984984,0.013435882638421215
2912+7053,111,0.5405405405405406,0.26228688465187955,0.15660412757974487,2.7752647288719823,-1.8114458355890377,0.44802693921571074,0.04478661518330751,0.4586873660786483,0.5765765765765766,1.0937677659831315,0.6464516129032251,4.469022757206952,-2.380718477132188,0.4836090869599066,0.022763002351445794,1.1349011855681224,0.5945945945945946,1.8410578452541582,1.1163395544852508,5.874872944427802,-2.8105550115860223,0.5015775740046178,0.04073148939615695,1.7316619639940194,1.0,0.478181726993951,0.018585587631439138
8038+8030,154,0.525974025974026,0.10992399116391365,0.20346207537210073,2.676491268332382,-2.066886813423546,0.44744089395152,0.04420056991911675,0.3063244725906824,0.577922077922078,,,4.111714187372101,-2.8899417439449233,0.4989516010474404,0.03810551643897958,,0.525974025974026,,,5.1247548232241105,-3.527425081076219,0.44744089395152,-0.013405190656940846,,1.0,0.39889097774198223,0.023400302279607377
8038+7861,93,0.5483870967741935,0.4305284103079166,0.5096658539098177,2.8619183086230007,-2.0351268827796587,0.4473311987163517,0.044090874683948456,0.6269288917346854,0.6129032258064516,0.904485158298538,1.0400000000000011,4.358272871551267,-2.855323543014653,0.5113079516226956,0.050461867014234774,0.9456185778835288,0.5806451612903226,1.277406674492852,1.6318367346938747,5.473809658976851,-3.377315708555275,0.47911260524081306,0.018266520632352234,1.1680107932327133,1.0,0.6230183407020669,0.023290607044439082
3193+7246,38,0.6052631578947368,0.3151250390061476,0.5974674397907155,3.5375123053459148,-2.35305972652734,0.44717586998695963,0.0439355459545564,0.5115255204329163,0.5789473684210527,0.574742205120032,1.0101911544404476,5.164367832913885,-3.596038010219374,0.4219207061312732,-0.03892537847718763,0.6158756247050228,0.6052631578947368,0.9892821042935754,1.555093774162424,6.0186716046470705,-4.1530551796657935,0.44717586998695963,-0.013670214621501198,0.8798862230334366,1.0,0.9059651904595465,0.026785534417317736
9320+6508,25,0.64,1.7289752497057378,1.8175486228951867,4.290564233409872,-2.2283718040530065,0.44518154601046633,0.041941221978063103,1.9253757311325066,0.8,3.0185380228734924,2.4212906453226646,6.642479904541973,-2.7365335691206507,0.6086866446346176,0.1478405600261568,3.059671442458483,0.84,4.042585890049267,2.21960528505341,8.614242631285038,-2.904914128206978,0.6534598601976184,0.19261377558915754,3.9331900087891283,1.0,0.589126858690545,0.012479070840310857
2803+2537,25,0.64,1.6807236121098836,0.7851161005564978,3.8395957539882115,-1.8505361479045814,0.44518154601046633,0.041941221978063103,1.8771240935366524,0.8,2.1135328319237336,2.289501873686155,5.590047123808197,-2.550407520409316,0.6086866446346176,0.1478405600261568,2.1546662515087243,0.72,2.584642452613473,3.4705732484076535,6.576285908298855,-3.295793131846366,0.524230281034417,0.06338419642595622,2.4752465713533343,1.0,2.980649708575199,0.032272609069466884
8773+4783,42,0.5952380952380952,0.7447537273161046,0.5667206239941814,3.5713368384990294,-1.6796101093048978,0.4449404552817742,0.041700131249371,0.9411542087428733,0.7142857142857143,2.593549842427647,1.924567505375534,5.970993191033766,-2.2459231465830376,0.5643250392275444,0.10347895461908357,2.6346832620126377,0.8571428571428571,4.636290729374085,3.4180515687383273,8.1076091345385,-2.3795378507068587,0.7215861764782122,0.2607400918697514,4.526894848113947,1.0,0.08790212305602942,0.03903680104157181
8182+2692,116,0.5344827586206896,0.3420644052273054,0.2147670672070602,2.9493950795922945,-1.9742298385585246,0.44406324129364416,0.04082291726124093,0.5384648866540742,0.6120689655172413,1.0080831491674296,0.968465663884981,4.289108811803341,-2.667668426822021,0.5211597659068572,0.06031368129839637,1.0492165687524204,0.6206896551724138,1.5455866470037756,1.0188968182089633,5.460244237983584,-3.17090954348633,0.5298613573866044,0.06901527277814362,1.4361907657436368,1.0,0.5531824693216223,0.023629714018413628
6320+6508,46,0.5869565217391305,0.9156059024238378,1.008702675529243,3.269650302153963,-2.0016842949282774,0.44339242387017885,0.04015209983777562,1.1120063838506065,0.5869565217391305,1.1759462221743069,0.9982907420912948,4.4391215185455986,-2.521033428241247,0.44339242387017885,-0.017453660738281973,1.2170796417592977,0.6521739130434783,1.6704593110910058,1.3746090345279118,5.305790782785217,-2.871653567575049,0.5076979217727257,0.04685183716426483,1.561063429830867,1.0,1.264051189097448,-0.015381197266857716
4304+7861,48,0.5833333333333334,0.12449897750369147,1.1510483778249083,2.9589829419744214,-2.345296469319072,0.4428108221536465,0.03957049812124325,0.32089945893046024,0.5625,0.6745728876069638,0.9997719701912813,4.244473583385027,-3.141324502447963,0.4227477150100165,-0.038098369598444315,0.7157063071919545,0.5,0.555290665475696,-0.041644977115008336,5.008003578090661,-3.86110034412661,0.36389098932037767,-0.09695509528808316,0.44589478421555717,1.0,0.23704265984735998,0.007919124942246836
4846+7053,50,0.58,0.3968535249024044,0.5493648262364582,3.0951563909686484,-1.9974443362516607,0.4423319668777783,0.039091642845375085,0.5932540063291731,0.6,0.9983459354401159,1.0101911544404476,4.874780530651463,-2.990294698238172,0.46181189102759373,0.0009658064191329085,1.0394793550251067,0.64,2.072672290625725,1.6248785727384687,6.382379677959643,-3.318965034201233,0.5014076201030194,0.0405615354945586,1.9632764093655863,1.0,0.9350254780697138,0.028327271543252597
5467+4846,27,0.6296296296296297,0.8151246802345684,0.6251013328464606,3.152723244206749,-1.6878209338789782,0.442289046234463,0.039048722202059793,1.0115251616613372,0.7037037037037037,2.212925372433595,1.35826191087161,5.512874803755832,-2.3622784163957418,0.515189666191624,0.05434358158316316,2.2540587920185855,0.7777777777777778,3.9901048008462285,3.2769602763385075,7.644393368837471,-2.6555963810354712,0.5924270453692919,0.1315809607608311,3.8807089195860898,1.0,1.4290528506924494,0.01749760405466194
5467+4192,27,0.6296296296296297,0.5252083858201472,0.7149584671613686,3.2918519044103363,-2.3076333145416537,0.442289046234463,0.039048722202059793,0.7216088672469159,0.48148148148148145,0.8497440842885658,-0.0794476409666299,4.46627947685543,-3.078174960836456,0.3074295064970908,-0.15341657811137005,0.8908775038735566,0.5185185185185185,0.9313928376721258,0.2061202185792467,5.489420758892358,-3.805013854831578,0.33985324586210425,-0.12099283874635658,0.8219969564119869,1.0,0.24510530764545838,0.01749760405466194
4846+7909,27,0.6296296296296297,0.9889155453279009,0.5636077012533925,3.96227822657424,-1.798324938962068,0.442289046234463,0.039048722202059793,1.1853160267546696,0.7407407407407407,2.734197447410156,1.8680537697253021,6.536646427622345,-2.4439387815089018,0.5532106959738432,0.09236461136538238,2.7753308669951466,0.8148148148148148,4.381910244571613,2.3948141086749297,8.45995396323489,-2.7050157248120366,0.6330094349480825,0.17216335033962166,4.272514363311474,1.0,0.7705922101204581,0.028284350899937305
3923+7861,27,0.6296296296296297,0.36612082717531663,0.9807054654188897,2.9157463104622923,-1.873331181030595,0.442289046234463,0.039048722202059793,0.5625213086020854,0.6666666666666666,0.9943357288724821,1.35826191087161,4.11520430779807,-2.4894841930292224,0.47824419872105484,0.01739811411259401,1.035469148457473,0.5925925925925926,0.9903221631281893,1.6318367346938747,4.898684103897648,-3.331825326426277,0.4072638305536409,-0.05358225405481992,0.8809262818680504,1.0,0.5055301438453209,0.03372446953254765
2692+2681,52,0.5769230769230769,-0.12685531759448232,0.4892636418710673,2.7841839072108483,-2.4037033861174915,0.44194084979431497,0.03870052576191174,0.06954516383228643,0.5769230769230769,,,4.025062433900282,-3.0756447882594204,0.44194084979431497,-0.018905234814145855,,0.5384615384615384,,,4.913995853755827,-3.933043865667669,0.405033783976834,-0.05581230063162684,,0.0,-0.4211135087099452,0.03310791927950779
6299+8030,90,0.5444444444444444,0.463268329873704,0.26441458755233527,2.6846867225338755,-1.7168244347834378,0.4418444949284148,0.03860417089601159,0.6596688113004727,0.6222222222222222,1.4817979341305454,0.9733948013280914,4.437018779416785,-2.248528739877867,0.5189957287533068,0.05814964414484597,1.5229313537155362,0.6555555555555556,1.8628157793403441,1.7253075270831022,5.899007693160235,-2.8043313979121827,0.5528327934834402,0.09198670887497934,1.7534198980802054,1.0,0.9960814895923562,0.018027001282850008
2803+2454,90,0.5444444444444444,0.621037954228941,0.3051447944228115,2.922808820142408,-2.0108805182469287,0.4418444949284148,0.03860417089601159,0.8174384356557098,0.6333333333333333,1.1850505610909434,1.4394072001366045,4.4537559716734645,-2.7949449039012717,0.530221128924694,0.06937504431623315,1.2261839806759343,0.6111111111111112,1.4791923742144402,2.1889894601170568,5.551860891309361,-3.458437488519553,0.5078226845453938,0.04697659993693298,1.3697964929543014,1.0,1.1005330789964363,0.028935557987415372
2741+2712,90,0.5444444444444444,0.4124474815316984,0.36742975475631445,3.1116540432599176,-2.111089564636963,0.4418444949284148,0.03860417089601159,0.6088479629584671,0.6222222222222222,1.1932950448600794,1.4171635741659296,4.909341053235677,-2.9173862251275313,0.5189957287533068,0.05814964414484597,1.2344284644450703,0.6666666666666666,2.028131276750625,1.8492251219041236,6.2652421698166805,-3.34450695075335,0.5642212433918372,0.10337515878337639,1.9187353954904864,1.0,1.1010988066676388,-0.010594407752217594
2741+7246,90,0.5444444444444444,0.4124474815316984,0.36742975475631445,3.1116540432599176,-2.111089564636963,0.4418444949284148,0.03860417089601159,0.6088479629584671,0.6222222222222222,1.1932950448600794,1.4171635741659296,4.909341053235677,-2.9173862251275313,0.5189957287533068,0.05814964414484597,1.2344284644450703,0.6666666666666666,2.028131276750625,1.8492251219041236,6.2652421698166805,-3.34450695075335,0.5642212433918372,0.10337515878337639,1.9187353954904864,1.0,1.1010988066676388,-0.010594407752217594
5467+8182,84,0.5476190476190477,0.4940206728164781,0.23383294273657165,2.778358396082907,-1.8180690347111585,0.4414284668698881,0.038188142837484895,0.6904211542432468,0.6428571428571429,1.3449950688213739,0.9451711170529499,4.334641568520461,-2.3439953426836135,0.5362111603479548,0.07536507573949397,1.3861284884063647,0.6547619047619048,1.8959069519206329,1.1933880111328279,5.637966863618511,-2.872210016252926,0.5483359511039806,0.08748986649551976,1.786511070660494,1.0,0.7232779192190104,0.016637024690087043
2681+7246,56,0.5714285714285714,-0.0908449574566194,0.4892636418710673,2.805038777729449,-2.3895157619159084,0.4413738892040555,0.038133565171652284,0.10555552397014935,0.5714285714285714,,,3.9572831239410666,-3.1009290578482225,0.4413738892040555,-0.019472195404405312,,0.5357142857142857,,,4.780334489444222,-3.8964315527102125,0.40703956657240076,-0.05380651803606007,,0.0,-0.5552283875097357,0.03404073697628651
8405+7053,56,0.5714285714285714,0.5041142557357562,0.4393340252551493,2.682282156062445,-1.4451678214588715,0.4413738892040555,0.038133565171652284,0.7005147371625249,0.5714285714285714,0.9738710402022414,0.4047012440560317,4.269623833399684,-2.4058586622329963,0.4413738892040555,-0.019472195404405312,1.015004459787232,0.5357142857142857,1.3899631377930428,0.587463021906003,5.530996081396162,-2.997832384752333,0.40703956657240076,-0.05380651803606007,1.280567256532904,1.0,1.0742726299250605,0.006645022755116248
6299+7562,60,0.5666666666666667,0.542830722136105,0.4363347887504522,2.753281731313965,-1.6508610694177717,0.4410321465469486,0.03779182251454538,0.7392312035628736,0.5666666666666667,1.1263818769762672,0.352514486256288,4.175947081617059,-2.2839448620618326,0.4410321465469486,-0.019813938061512215,1.167515296561258,0.6166666666666667,1.8271995834421193,1.4868131384816843,5.700659401625081,-2.8649355686857665,0.4901736454040314,0.029327560795570584,1.7178037021819805,1.0,0.9317321329848425,0.017214652901383798
6299+2454,74,0.5540540540540541,0.7213849716807293,0.4363347887504522,2.9832076547597484,-1.551786912676797,0.4409291962707845,0.037688872238381244,0.917785453107498,0.6216216216216216,1.6006166670529474,0.8769051824704822,4.758265862584807,-2.0567221735103987,0.5077124892691529,0.046866404660692085,1.6417500866379382,0.6486486486486487,2.380957089905056,1.6926626128299695,6.369272142374574,-2.6553758372244083,0.5350055040184238,0.07415941940996301,2.271561208644917,1.0,1.5591838819040582,0.01711170262521966
8038+6508,64,0.5625,-0.06300346331254941,0.6357494932251507,2.667557310314055,-2.1440087886098413,0.44085991778287875,0.03761959375047552,0.13339701811421933,0.546875,,,3.6894275861627035,-2.9957936192617245,0.4257338252067978,-0.035112259401663015,,0.484375,,,4.509217304804951,-3.9020658682946165,0.366333485657839,-0.0945125989506218,,0.0,0.49153860486487927,0.01681932611096615
2681+7861,70,0.5571428571428572,0.47343064400288437,0.6136818478182194,2.9348619250183754,-1.9326546482129272,0.4408334313618876,0.03759310732948434,0.6698311254296532,0.6142857142857143,1.0698445889634658,1.033224617559452,4.479826281528416,-2.692931979475972,0.49715520645630557,0.03630912184784474,1.1109780085484566,0.5428571428571428,1.1457603925427895,0.9738444779621316,5.490036156403292,-3.252747385364167,0.4269805339664774,-0.03386555064198343,1.0363645112826507,1.0,0.9594946784170981,0.03350027913411857
2741+8644,29,0.6206896551724138,0.7614747885519993,0.5096658539098177,3.5327617575148405,-1.8581257063372858,0.4400222620928496,0.036781938060446384,0.957875269978768,0.7586206896551724,3.0988629612403176,2.058114602587806,6.324497597191188,-2.4639497536327695,0.5789204778167131,0.11807439320825225,3.139996380825308,0.8275862068965517,5.0922841159642065,3.7045161290322692,8.806213407787117,-2.5458875766849016,0.6545119942718489,0.1936659096633881,4.982888234704068,1.0,0.5115173008105169,-0.012416640587782801
8644+8030,29,0.6206896551724138,0.7614747885519993,0.5096658539098177,3.5327617575148405,-1.8581257063372858,0.4400222620928496,0.036781938060446384,0.957875269978768,0.7586206896551724,3.0988629612403176,2.058114602587806,6.324497597191188,-2.4639497536327695,0.5789204778167131,0.11807439320825225,3.139996380825308,0.8275862068965517,5.0922841159642065,3.7045161290322692,8.806213407787117,-2.5458875766849016,0.6545119942718489,0.1936659096633881,4.982888234704068,1.0,0.5115173008105169,0.0
2712+7861,29,0.6206896551724138,0.32787464765942526,1.3213912902309268,2.855196264845215,-2.2130479213292005,0.4400222620928496,0.036781938060446384,0.524275129086194,0.6551724137931034,1.3585093521646836,1.6318367346938747,4.420389375896803,-2.8217171565727837,0.47344776507155983,0.012601680463099008,1.3996427717496744,0.6551724137931034,2.2686406796567526,2.957683302526175,5.6567729369328035,-3.041981453409129,0.47344776507155983,0.012601680463099008,2.159244798396614,1.0,0.34762108193746954,0.01317055528656813
8644+2692,29,0.6206896551724138,0.7614747885519993,0.5096658539098177,3.5327617575148405,-1.8581257063372858,0.4400222620928496,0.036781938060446384,0.957875269978768,0.7586206896551724,3.0988629612403176,2.058114602587806,6.324497597191188,-2.4639497536327695,0.5789204778167131,0.11807439320825225,3.139996380825308,0.8275862068965517,5.0922841159642065,3.7045161290322692,8.806213407787117,-2.5458875766849016,0.6545119942718489,0.1936659096633881,4.982888234704068,1.0,0.5115173008105169,0.0
2741+7861,29,0.6206896551724138,0.32787464765942526,1.3213912902309268,2.855196264845215,-2.2130479213292005,0.4400222620928496,0.036781938060446384,0.524275129086194,0.6551724137931034,1.3585093521646836,1.6318367346938747,4.420389375896803,-2.8217171565727837,0.47344776507155983,0.012601680463099008,1.3996427717496744,0.6551724137931034,2.2686406796567526,2.957683302526175,5.6567729369328035,-3.041981453409129,0.47344776507155983,0.012601680463099008,2.159244798396614,1.0,0.34762108193746954,-0.012416640587782801
2741+5527,29,0.6206896551724138,1.1828030445888877,0.5351219512195239,3.7118075601109117,-1.8422451626979035,0.4400222620928496,0.036781938060446384,1.3792035260156565,0.7931034482758621,3.1561253813074455,2.9260243415351095,6.436233335249524,-2.5237732213474366,0.6160955339174229,0.15524944930896206,3.197258800892436,0.8275862068965517,4.9959857789799775,3.51957746478873,8.693967842894272,-2.6813449716827895,0.6545119942718489,0.1936659096633881,4.886589897719839,1.0,0.8295360906924096,-0.012416640587782801
3326+6255,29,0.6206896551724138,0.4230146972510481,0.8169278736229569,3.058817019399595,-2.2128386624879566,0.4400222620928496,0.036781938060446384,0.6194151786778168,0.6551724137931034,1.140030006357788,0.9773873873874007,4.170082729995949,-2.7122972828744696,0.47344776507155983,0.012601680463099008,1.1811634259427788,0.6896551724137931,1.8741606457034223,1.9829318094707162,5.4223011393139116,-3.2937170829713898,0.5076952952728147,0.046849210664353824,1.7647647644432836,0.0,-0.37123007519735113,-0.012518743802401588
5467+2692,115,0.5304347826086957,0.40394764681322975,0.22572215759504757,2.7892501339501248,-1.9194462656019562,0.43971596277968295,0.036475638747279715,0.6003481282399985,0.6,1.1472739405771475,0.8418597396364459,4.293259240338332,-2.601577212655766,0.5086281361395727,0.04778205153111187,1.1884073601621383,0.591304347826087,1.277917729224155,0.7134939759036164,5.397868898442505,-3.313393626993218,0.4999188778213167,0.039072793212855894,1.1685218479640163,1.0,0.5722934120438399,0.014924520599881863
8030+2454,109,0.5321100917431193,0.45109546309736526,0.20381197681907284,3.0801839742560353,-1.8134073303895417,0.4389455497458302,0.03570522571342699,0.647495944524134,0.6330275229357798,1.1113841368279336,1.0400000000000011,4.850448005097539,-2.7144226348202984,0.5394532218030393,0.07860713719457851,1.1525175564129244,0.6146788990825688,1.563923078959052,1.4922671375417853,6.12488415686355,-3.3907342409060286,0.5208939152665488,0.060047830658088,1.4545271976989131,1.0,1.0775328064364198,0.015404388315658657
2741+2692,105,0.5333333333333333,0.34229392696774014,0.28688544722657483,2.995622237999164,-2.104364467334108,0.43842316135757814,0.03518283732517491,0.5386944083945089,0.6285714285714286,1.1738605902529358,1.0191940967951887,4.737825169560731,-2.8756204619847203,0.5331435691527343,0.07229748454427348,1.2149940098379266,0.6476190476190476,1.923612475022139,1.4922671375417853,6.069324644322712,-3.2694477369489814,0.5525097032451355,0.09166361863667466,1.8142165937620003,1.0,0.5638146197005967,-0.014015741323054276
3193+6821,31,0.6129032258064516,0.6286596736320753,1.1518231550742544,3.5066013714926645,-1.8812262502364143,0.43823801141131963,0.0349976873789164,0.8250601550588441,0.6774193548387096,1.0734865764062886,1.8680537697253021,5.117653880617845,-2.953079548286348,0.501406855599508,0.04056077099104721,1.1146199959912795,0.5806451612903226,0.9115915900947401,0.8615297084114505,5.832721369729716,-3.654663795461035,0.4076596435202097,-0.0531864410882511,0.8021957088346012,0.0,1.8401619340737985,0.017847675841677735
2324+7562,31,0.6129032258064516,0.45756212489216025,0.3703229194014047,2.6111699855484027,-1.7379113468001721,0.43823801141131963,0.0349976873789164,0.653962606318929,0.5806451612903226,1.0214231096695154,0.4618402426693581,3.8976243642582658,-2.361695714546307,0.4076596435202097,-0.0531864410882511,1.0625565292545063,0.4838709677419355,0.2312753764230772,-0.4914045239347641,4.533512373617887,-3.3018419030007586,0.3196998603127883,-0.14114622429567253,0.12187949516293833,1.0,0.053788658839626746,-0.05923826429810414
5102+8289,95,0.5368421052631579,0.4701826363478208,0.19773908895777584,2.5638064467257244,-1.5232671760828354,0.4370951253863254,0.03385480135392216,0.6665831177745896,0.6210526315789474,1.5419236936752854,1.0091022964509524,4.257762240329212,-1.8915886162648312,0.5205920587802135,0.0597459741717527,1.5830571132602762,0.6947368421052632,2.658910908444146,1.256015625,5.905922061886635,-2.127337459266328,0.5960641518612952,0.13521806725283442,2.549515027184007,1.0,1.1339694921287657,-0.008280750655895786
2859+7861,33,0.6060606060606061,-0.001045789078099854,0.9807054654188897,2.94860552650733,-2.395965686402326,0.4368314280651038,0.03359110403270055,0.1953546923486689,0.5757575757575758,0.52466346622622,0.9595439403825613,3.957884768463702,-3.1376179184747452,0.4080697369146003,-0.052776347693860526,0.5657968858112107,0.5454545454545454,0.6652645880308663,0.3624489795918385,4.746905578258806,-3.9890318731688805,0.3798565794374957,-0.08098950517096515,0.5558687067707274,0.0,0.5363184248189432,0.021839907783040846
8030+7562,93,0.5376344086021505,0.22204976762544992,0.20381197681907284,2.763783934222645,-1.9283177020424624,0.4368274986652971,0.033587174632893846,0.41845024905221867,0.6021505376344086,0.6954181930805735,0.7641270674717805,4.271241911647485,-2.8083699410099148,0.5005293284970952,0.03968324388863437,0.7365516126655642,0.5806451612903226,0.9572495115932247,0.9579087875416993,5.4175604222942235,-3.50287446557499,0.47911260524081306,0.018266520632352234,0.8478536303330858,1.0,0.45453253686006967,0.013286337235125512
4304+2692,122,0.5245901639344263,0.053691963743264584,0.413753285848555,2.916572467913742,-2.365506035629074,0.4365817092674157,0.033341385235012455,0.2500924451700333,0.5491803278688525,0.5325072201440777,0.782917411248878,4.295870574965124,-3.356960474666437,0.4607293803034979,-0.00011670430496291129,0.5736406397290684,0.5163934426229508,0.4408504100402685,0.2116423327124074,5.194104976626614,-4.1370569469446234,0.42857826089106577,-0.03226782371739506,0.3314545287801296,1.0,0.38354815176941015,0.0016900120560160437
3923+7246,87,0.5402298850574713,0.24798033682773932,0.22572215759504757,2.756272273583769,-2.099902738080697,0.43602640443965585,0.032786080407252616,0.44438081825450804,0.5977011494252874,1.1872774705569267,0.9773873873874007,4.3708510338348665,-2.6210368127338084,0.4926454875362509,0.0317994029277901,1.2284108901419175,0.6781609195402298,1.8236811462196252,1.6179204107830627,5.6121707630221325,-3.1261295482386937,0.5742591192817702,0.11341303467330938,1.7142852649594864,1.0,0.3930781324390695,0.027461827737740474
8038+2692,85,0.5411764705882353,-0.07453461541588566,0.3245173041894357,2.486351584030937,-2.213176192832947,0.43576147559119544,0.032521151558792205,0.12186586601088309,0.5764705882352941,,,3.8659032288242976,-3.028292619958875,0.47036157660275524,0.009515491994294412,,0.5411764705882353,,,4.9509801580388135,-3.737435949050767,0.43576147559119544,-0.02508460901726539,,0.0,0.28814266892806495,0.011720883919282832
8182+7861,35,0.6,0.1033807611863343,0.9807054654188897,3.029698876441189,-2.3123186171720054,0.4357241958151947,0.032483871782791496,0.299781242613103,0.5714285714285714,0.5916687944936033,0.9595439403825613,3.9813050188571975,-3.0115907216974294,0.4085712925897337,-0.052274792018727145,0.632802214078594,0.5428571428571428,0.6780439017155709,0.3624489795918385,4.7252389252354385,-3.852581672826658,0.3818945134013752,-0.07895157120708562,0.5686480204554321,0.0,0.6948485927801504,0.015290668539964192
4304+5467,81,0.5432098765432098,0.3915730078946802,0.46886142983231693,2.8977551872648775,-2.0340148082321976,0.43523822983845284,0.03199790580604961,0.587973489321449,0.6296296296296297,1.4251846574895366,1.317548543689311,4.535640316133269,-2.6876755208839294,0.5208353214633141,0.0599892368548533,1.4663180770745274,0.5802469135802469,1.2780505235355353,0.6305270180120105,5.61040243649447,-3.4633442688014386,0.47153462831375703,0.010688543705296205,1.1686546422753965,1.0,0.5596265941347649,0.00034653262705319765
2741+8773,79,0.5443037974683544,0.3724174825094743,0.5096658539098177,2.998486391182819,-2.06228136689015,0.43498137697497413,0.0317410529425709,0.5688179639362431,0.6582278481012658,1.4223117783965271,1.35826191087161,4.862547258109755,-2.7767252903196455,0.5484889335680341,0.08764284895957325,1.463445197981518,0.6835443037974683,2.5144877976055424,2.069508196721319,6.395838400214548,-3.082669818092293,0.5745170514704334,0.11367096686197259,2.4050919163454036,1.0,0.43383339122610415,-0.017457525705658283
6821+8773,37,0.5945945945945946,0.6917821813597987,1.1518231550742544,3.2399397166521453,-2.120775929540161,0.4348568313132931,0.03161650728088988,0.8881826627865674,0.7297297297297297,1.5011825589941619,1.9783647798742134,5.040299434169685,-2.8785400912530266,0.5702152452607867,0.10936916065232588,1.5423159785791527,0.6216216216216216,2.1299289415208635,1.4922671375417853,6.357252752463622,-3.4990531295899467,0.4610014255281996,0.00015534091973878894,2.0205330602607248,1.0,0.2965591563560693,0.02254276240766745
5102+8038,37,0.5945945945945946,0.292856392030526,0.5636077012533925,2.409321974585076,-1.7529475119541342,0.4348568313132931,0.03161650728088988,0.48925687345729474,0.6756756756756757,1.4504504924543813,1.100999099286364,4.001967685820831,-2.1363982723571855,0.5146336850482394,0.05378760043977854,1.4915839120393721,0.6756756756756757,2.298810289779119,2.949004739336485,5.313699288395375,-2.349441501337498,0.5146336850482394,0.05378760043977854,2.18941440851898,0.0,1.1675114294335087,-0.010519044728928062
5467+7562,77,0.5454545454545454,0.39299921580592134,0.11777777777777679,2.4436647874231436,-1.6742881021219822,0.43472886644893927,0.031488542416536036,0.58939969723269,0.5974025974025974,0.9879362335208223,0.510616576600036,3.7643819862274968,-2.228184470838947,0.4857664933049152,0.0249204086964544,1.029069653105813,0.6363636363636364,1.4558267604590789,0.9793970961651067,4.810064803350371,-2.683155190420884,0.5248199544762014,0.06397386986774062,1.3464308791989401,1.0,0.1809279158699657,0.009937424269138184
4192+6821,39,0.5897435897435898,0.49393728330903003,0.6251013328464606,3.0389116860765024,-2.032913311219633,0.4341834847334491,0.030943160701045858,0.6903377647357988,0.5384615384615384,0.9437786479200787,0.6905154639175227,4.406016540619273,-2.6606577129538893,0.38569186821738816,-0.07515421639107267,0.9849120675050694,0.5641025641025641,0.956047211019135,0.29958367126250895,5.103648044564014,-3.184546100597177,0.4097542347452211,-0.051091849863239724,0.8466513297589962,1.0,0.40608437242690204,0.02173134734586668
8182+6201,71,0.5492957746478874,0.4512204871221199,0.28688544722657483,3.014653253141335,-1.8187435789587665,0.4340086039234116,0.030768279891008388,0.6476209685488886,0.6338028169014085,1.22688177057901,0.9595439403825613,4.592587477698478,-2.4865139222898165,0.5175700445451693,0.05672395993670848,1.2680151901640009,0.6619718309859155,2.259813530502837,1.9829318094707162,6.076541323634331,-2.9041846437186454,0.5461640065219605,0.08531792191349968,2.1504176492426983,1.0,0.7818582887550598,0.013575076648181084
2692+3923,106,0.5283018867924528,0.15775413180058878,0.15142289036524273,2.672905853909185,-2.0853441451495183,0.4339500438390183,0.030709719806615077,0.35415461322735753,0.5943396226415094,0.9160059257573775,0.8863290166798922,4.165158582360029,-2.679633331317686,0.4991537444652249,0.0383076598567641,0.9571393453423682,0.6226415094339622,1.3514077758266112,1.1030933641459175,5.297164295412551,-3.1472455376501474,0.5276006299875899,0.06675454537912912,1.2420118945664724,1.0,0.29718960603510314,0.025117113324211127
8038+6201,41,0.5853658536585366,-0.12443154552361274,0.5351219512195239,2.6917566380347338,-2.3323233076114778,0.433668353568366,0.030428029535962797,0.071968935903156,0.6341463414634146,0.559198053843484,1.317548543689311,4.254331351057341,-3.161129347064709,0.4812042325216125,0.02035814791315166,0.6003314734284747,0.6097560975609756,0.931078698897045,1.9829318094707162,5.350839506106954,-3.809426499904142,0.45726583898692563,-0.003580245621535194,0.8216828176369061,0.0,0.3347147922498539,0.009627761896453424
2454+6255,65,0.5538461538461539,0.4810661110644772,0.41716436637391674,3.3981155048179295,-2.029297971868345,0.43337604317300876,0.030135719140605532,0.677466592491246,0.6615384615384615,1.573679866235053,1.1848952879581145,5.229145066102304,-2.728923273289709,0.5403814981313132,0.07953541352285237,1.614813285820044,0.6923076923076923,2.366976901968292,1.2569509315140384,6.651165572790101,-3.21419430677888,0.5720212794770566,0.11117519486859578,2.257581020708153,1.0,0.05430272009277837,0.026006412007837876
9105+2454,63,0.5555555555555556,0.5012530634952017,0.15660412757974487,2.5786082343495327,-1.5315371490397123,0.4331942064087129,0.029953882376309693,0.6976535449219705,0.5396825396825397,0.8188180506699179,0.35594746716698833,3.7835742970292667,-2.1111126876525095,0.4178903692159613,-0.04295571539249954,0.8599514702549086,0.5396825396825397,0.7012862144347491,0.1695932678822,4.539386455838507,-2.767216576371333,0.4178903692159613,-0.04295571539249954,0.5918903331746103,1.0,0.02673042044325402,0.025821147497280816
5467+6201,61,0.5573770491803278,0.576897401690923,0.28688544722657483,2.777515705111677,-1.7103291578697077,0.433031467004555,0.029791142972151796,0.7732978831176918,0.639344262295082,1.408338911842181,0.8418597396364459,4.47303217250071,-2.201001473205579,0.5139167326739972,0.05307064806553635,1.4494723314271718,0.6721311475409836,2.2455877518709713,2.069508196721319,6.00539433292834,-2.619928108074315,0.5472157118133126,0.0863696272048518,2.1361918706108325,1.0,1.0178645351467914,0.008240024824753944
4783+6255,45,0.5777777777777777,0.37792959549446264,0.5636077012533925,3.1726344846322028,-2.0644261700820477,0.4330053279594451,0.029765003927041844,0.5743300769212314,0.6444444444444445,1.8800268103770854,1.35826191087161,5.407958818168939,-2.765977494220044,0.49835546011952203,0.037509375511061205,1.9211602299620762,0.8,3.518819476440477,3.318060198463728,7.549359849239424,-3.109233379100257,0.6617674868607056,0.2009214022522448,3.409423595180338,1.0,0.6661222939938174,0.02797154398261109
8405+7246,45,0.5777777777777777,0.7757676534855498,0.8169278736229569,3.275030550092674,-1.7683827961575853,0.4330053279594451,0.029765003927041844,0.9721681349123186,0.6,1.4660027404053086,1.100999099286364,5.313398687908281,-2.8531603063735895,0.4545159420914473,-0.006330142517013526,1.5071361599902995,0.5777777777777777,2.336848642183939,0.8615297084114505,6.832283186609812,-3.2317644133329653,0.4330053279594451,-0.027840756649015752,2.2274527609238004,1.0,0.782050686443883,-0.0017235384894941919
2712+4846,45,0.5777777777777777,0.4284662519326442,0.5636077012533925,3.2749890896980287,-1.9661530661997548,0.4330053279594451,0.029765003927041844,0.6248667333594129,0.6,0.896489455451884,0.919383209594531,5.225639064372236,-3.120640667887802,0.4545159420914473,-0.006330142517013526,0.9376228750368747,0.6222222222222222,1.9908377194716382,1.4922671375417853,6.7694076070131475,-3.6698076716105277,0.4762967000646754,0.015450615456214567,1.8814418382114995,1.0,0.5513834953924631,0.006153621153163591
2741+4846,45,0.5777777777777777,0.4284662519326442,0.5636077012533925,3.2749890896980287,-1.9661530661997548,0.4330053279594451,0.029765003927041844,0.6248667333594129,0.6,0.896489455451884,0.919383209594531,5.225639064372236,-3.120640667887802,0.4545159420914473,-0.006330142517013526,0.9376228750368747,0.6222222222222222,1.9908377194716382,1.4922671375417853,6.7694076070131475,-3.6698076716105277,0.4762967000646754,0.015450615456214567,1.8814418382114995,1.0,0.5513834953924631,-0.01943357472118734
4304+6821,45,0.5777777777777777,0.5636837967431043,0.6251013328464606,3.1518294985895916,-1.9717952992294367,0.4330053279594451,0.029765003927041844,0.7600842781698731,0.6444444444444445,1.3127690554613274,1.6877643942738099,4.744873474552193,-2.7283315496361404,0.49835546011952203,0.037509375511061205,1.3539024750463182,0.5777777777777777,1.2236589127602044,0.5824328954882986,5.52510274761603,-3.486720385480363,0.4330053279594451,-0.027840756649015752,1.1142630315000657,1.0,0.9035662963137141,-0.0018863692519545672
9105+7562,59,0.559322033898305,0.4158936118595122,0.15660412757974487,2.592042079445062,-1.5934258711938718,0.43289130270422654,0.029650978671823314,0.6122940932862809,0.5423728813559322,0.6452496044241022,0.3181503449945434,3.631208386930064,-2.277520996105766,0.4165761502342809,-0.04426993437417992,0.6863830240090929,0.4745762711864407,0.2396881809734732,-0.7479292403746073,4.366408070561704,-3.2168401117752676,0.35265669027401325,-0.10818939433444758,0.13029229971333434,0.0,-0.17035751279853223,0.025518243792794437
6821+6508,59,0.559322033898305,0.461872275325075,0.9807054654188897,3.0222709471366787,-2.098645125200487,0.43289130270422654,0.029650978671823314,0.6582727567518438,0.6101694915254238,1.1641727444193146,1.0191940967951887,4.798917593896724,-2.9199189203093248,0.48266109561867127,0.02181501101021044,1.2053061640043055,0.5423728813559322,1.3780985550520024,0.5891737054719172,5.893444523532335,-3.474645274895032,0.4165761502342809,-0.04426993437417992,1.2687026737918636,1.0,0.4186890825006612,0.02057723379860088
4846+7246,59,0.559322033898305,0.0887602735929804,0.5351219512195239,3.1293869867768014,-2.4284621703202225,0.43289130270422654,0.029650978671823314,0.28516075501974913,0.559322033898305,0.367980094628584,0.6464516129032251,4.80414371187868,-3.6377835027331775,0.43289130270422654,-0.027954781904234283,0.4091135142135748,0.6101694915254238,1.2373283840744203,1.4922671375417853,6.080847152525609,-4.190570325181838,0.48266109561867127,0.02181501101021044,1.1279325028142815,1.0,0.5034999731130028,0.018886607369700825
6320+8182,47,0.574468085106383,0.500025370397726,0.5698335467349703,2.9768271209451647,-2.2144577382346977,0.43281668771211546,0.029576363679712225,0.6964258518244948,0.574468085106383,0.8107322333067457,0.9595439403825613,3.994105503750414,-2.7429364854699085,0.43281668771211546,-0.02802939689634537,0.8518656528917364,0.6170212765957447,1.1256327422272323,1.2569509315140384,4.849303880343705,-3.2129258426446783,0.4742630844397632,0.0134169998313024,1.0162368609670935,1.0,0.5092297133529432,-0.025956933424921114
2803+2913,49,0.5714285714285714,0.5251736524066866,0.3703229194014047,3.2275686459995443,-2.2292035754081554,0.4327024751701555,0.029462151137752246,0.7215741338334554,0.6122448979591837,1.212505289655242,1.0400000000000011,4.921460177084365,-3.052821100183661,0.47245746488052426,0.011611380272063432,1.2536387092402328,0.5918367346938775,1.3361457006677362,0.628876276958006,5.994077375379815,-3.7831673977741467,0.45247069972046267,-0.00837538488799816,1.2267498194075974,1.0,0.9478523170717397,0.019793538229156027
6299+6255,49,0.5714285714285714,0.2570061964674196,0.5096658539098177,2.7229656470764976,-2.0472598934628476,0.4327024751701555,0.029462151137752246,0.45340667789418837,0.6122448979591837,1.4350791482629208,0.8418597396364459,4.480588080784223,-2.7078087044444814,0.47245746488052426,0.011611380272063432,1.4762125678479117,0.673469387755102,2.589586686109877,1.6318367346938747,6.280276792582778,-2.996481308112114,0.5337894368740628,0.07294335226560195,2.4801908048497383,1.0,0.1896625270616325,0.008884981524590663
8405+8038,55,0.5636363636363636,0.4700136131618913,0.6812683738559634,2.649578979751109,-1.6327619092254835,0.43269584078681317,0.02945551675440994,0.6664140945886601,0.6,1.1369680050837354,0.634418057248536,4.451373878388302,-2.566548231220564,0.4681256091064502,0.007279524497989354,1.1781014246687262,0.5636363636363636,1.15846827926203,0.8124770642201674,5.451030451925467,-3.097774607584482,0.43269584078681317,-0.028150243821647658,1.0490723980018912,1.0,0.9229829427255236,-0.002033025662126098
7246+7861,55,0.5636363636363636,0.08751346321165389,0.5096658539098177,2.830736495023938,-2.288933807304095,0.43269584078681317,0.02945551675440994,0.2839139446384226,0.5636363636363636,0.5467237017341818,0.9595439403825613,4.073337426739916,-3.0506684645188433,0.43269584078681317,-0.028150243821647658,0.5878571213191726,0.509090909090909,0.5329832595943,0.16540675844807687,4.9840898412627554,-3.790195148740966,0.38076038407484447,-0.08008570053361636,0.42358737833416116,1.0,0.12133653749269765,0.02766268501703739
3193+2692,53,0.5660377358490566,0.1483406518097322,0.5698335467349703,3.115276934991631,-2.272963523482968,0.43265114979768754,0.02941082576528431,0.3447411332365009,0.5849056603773585,0.6233964722963155,0.510616576600036,4.708247485596431,-3.355127567584524,0.4509418238445375,-0.009904260763923312,0.6645298918813062,0.6037735849056604,0.8778043217146093,1.2864285714285597,5.724843256205806,-4.020762041516145,0.4694123578888073,0.008566273280346481,0.7684084404544704,1.0,0.6438382916106475,0.012260814228045647
6821+7246,51,0.5686274509803921,0.5927129744586641,0.6251013328464606,3.2435129610060827,-2.075157987973207,0.4326506123505807,0.02941028831817749,0.7891134558854329,0.6274509803921569,1.207533916844101,1.6877643942738099,4.956618413637704,-2.867895337793758,0.4902496270033425,0.029403542394881688,1.248667336429092,0.5882352941176471,1.1794223612743306,0.7145644599303048,5.807425536620992,-3.657466924802031,0.4516509274741746,-0.009195157134286203,1.0700264800141919,1.0,1.0340013146331604,0.020336543444955058
2712+8182,51,0.5686274509803921,0.630285837183885,0.5096658539098177,3.241424764451754,-1.892488249141648,0.4326506123505807,0.02941028831817749,0.8266863186106537,0.7058823529411765,1.8727726194822583,1.6877643942738099,5.144835939023823,-2.588604363701845,0.5700066466848335,0.10916056207637265,1.913906039067249,0.7843137254901961,3.6757824607943537,2.957683302526175,7.042889461323566,-2.793647215486593,0.6537337712118704,0.19288768660340955,3.566386579534215,1.0,0.6115436446205162,0.005798905544299238
3675+6508,51,0.5686274509803921,0.9903205926722586,1.30770060238961,3.513553161256391,-2.176769858906209,0.4326506123505807,0.02941028831817749,1.1867210740990273,0.6666666666666666,1.8848965442076193,1.35826191087161,5.293196130672897,-2.873979187558227,0.5296812196648056,0.06883513505634481,1.9260299637926102,0.7058823529411765,2.495146411407573,1.5841099476439793,6.242651610802503,-3.262022581622069,0.5700066466848335,0.10916056207637265,2.385750530147434,1.0,1.5379604916547973,0.01674600403785831
5467+7246,98,0.5306122448979592,0.36713275544108154,0.23383294273657165,2.8140800346062176,-1.9524153669586939,0.4325229169568011,0.029282592924397888,0.5635332368678503,0.6020408163265306,1.2792807053339796,0.9451711170529499,4.394826868671686,-2.600697542825257,0.50304770600903,0.04220162140056921,1.3204141249189705,0.6122448979591837,1.4103810064651496,0.8550201733546526,5.536126670797005,-3.354485973423289,0.5132848977039014,0.05243881309544057,1.3009851252050109,1.0,0.578920890506625,0.007731474777000036
5467+6821,94,0.5319148936170213,0.18600671636188165,0.1556522450923016,2.655257183154935,-2.1085416483281954,0.4317808473355929,0.02854052330318968,0.3824071977886504,0.5425531914893617,0.6307199132731174,0.3374214028331203,3.9208476740148535,-2.7576070911712605,0.4421526742196052,-0.018693410388855636,0.6718533328581081,0.5212765957446809,0.7788843585651116,0.2528519449208778,4.814808412264168,-3.3491944972813594,0.42145236916024287,-0.03939371544821796,0.6694884773049727,1.0,0.23552761483726342,0.006989405155791828
9051+2454,132,0.5151515151515151,0.35747417264113324,0.09984155587291946,2.4731647743884806,-1.7345108920105097,0.4306772655530051,0.027436941520601887,0.553874654067902,0.5606060606060606,1.0162706252021656,0.37443458049404754,3.831495834055035,-2.316121876404073,0.4754112154490124,0.014565130840551554,1.0574040447871564,0.5833333333333334,1.8367820475327303,0.9964895612051874,5.160219517678685,-2.7333566647485337,0.4980359399974535,0.037189855388992665,1.7273861662725916,1.0,0.5135295694220243,0.02004466544847583
7053+7562,244,0.4918032786885246,0.2232064544847612,-0.04110406939997299,2.373353259691817,-1.6806168155220822,0.4296886200376989,0.02644829600529569,0.41960693591153,0.5450819672131147,0.750029923002457,0.3629472362332288,3.745237097962854,-2.385872843776659,0.4823828514080568,0.021536766799595985,0.7911633425874477,0.5655737704918032,1.212632317933456,0.8706763586305001,4.97770380768426,-2.9618880763020243,0.5028367090290521,0.04199062442059126,1.1032364366733172,1.0,0.4862517516500503,0.022373918384089142
8038+2454,82,0.5365853658536586,0.08988284020682753,0.17399220822699638,2.9222637982808077,-2.253699655707293,0.42944534622716574,0.026205022194762506,0.28628332163359627,0.6097560975609756,0.6003394546220256,1.1180435776321709,4.6534024284296205,-3.335967847148746,0.5015337111477397,0.040687626539278876,0.6414728742070164,0.5975609756097561,0.9768979629041993,1.9139512777830925,5.728861309172015,-4.176511181884133,0.489362574712238,0.02851649010377716,0.8675020816440604,0.0,0.7557058518624424,0.005404754555253133
2912+6821,82,0.5365853658536586,-0.009358763669764467,0.1500825658330697,2.5569448788377525,-2.006387234891339,0.42944534622716574,0.026205022194762506,0.1870417177570043,0.5487804878048781,0.5519060552975947,0.40644826312565174,3.904501365789037,-2.656400466217384,0.4413058357114519,-0.01954024889700895,0.5930394748825855,0.5365853658536586,1.0611356697209973,0.43170522378305665,4.942514778776377,-3.0736286065728566,0.42944534622716574,-0.03140073838129509,0.9517397884608584,1.0,0.31660251352026736,3.994642894133982e-06
2741+6508,78,0.5384615384615384,0.3690745620083331,0.3758047908939567,3.0126026329709146,-2.0402765410753636,0.42863448388730346,0.025394159854900233,0.5654750434351019,0.6410256410256411,1.2426172072668582,1.1352559966345923,4.67564890597605,-2.7638408694397802,0.5302659691423957,0.06941988453393483,1.283750626851849,0.6538461538461539,2.2164118850661256,1.56205193611783,6.145079963757927,-3.1360316188527824,0.5432998724955743,0.0824537878871135,2.107016003805987,1.0,0.46318034009770387,-0.023804418793328952
8038+7246,99,0.5252525252525253,-0.014929946890900487,0.28688544722657483,2.570578217959126,-2.1645701014776417,0.42779134155248744,0.024551017520084206,0.18147053453586826,0.5757575757575758,,,3.8199601564957355,-2.9848486867355986,0.4773648481449718,0.016518763536510994,,0.5252525252525253,,,4.7495572889619675,-3.7365233895748777,0.42779134155248744,-0.03305474305597339,,1.0,0.1927687948056951,0.003750749880574833
7053+8289,97,0.5257731958762887,0.17173759224330903,0.1298960616559476,2.263933554431357,-1.5134778470591428,0.4273259458893044,0.024085621856901163,0.3681380736700778,0.6185567010309279,1.2000734353237679,0.8968696527428311,3.876486682076584,-1.9428981996354577,0.5191255982790659,0.058279513670605076,1.2412068549087587,0.6597938144329897,2.2353252059008937,1.0544302893201565,5.563164537189777,-2.2516146071415846,0.5610340066793961,0.10018792207093524,2.125929324640755,1.0,0.6561492050997774,0.020011244235694614
2741+7053,70,0.5428571428571428,0.4670945577969655,0.47273207827135855,3.014424039576341,-1.818427223931169,0.4269805339664774,0.023740209934074163,0.6634950392237342,0.6428571428571429,1.3372264087935815,0.9692886531948599,4.7964917051550655,-2.5315155920628873,0.5258817704420135,0.06503568583355263,1.3783598283785723,0.6285714285714286,2.1186129928687834,1.366993890573769,6.260612817291232,-2.889612997093954,0.5114698481852806,0.0506237635768198,2.0092171116086446,1.0,0.9740591940650851,-0.025458368714155022
2712+7246,95,0.5263157894736842,0.28455639076395867,0.28688544722657483,3.109236851593828,-2.2000401486395624,0.4268517068062815,0.023611382773878253,0.4809568721907274,0.6,0.9262643806167138,1.100999099286364,4.818748276240638,-3.0908844133825655,0.4994541814045146,0.03860809679605376,0.9673978002017045,0.6421052631578947,1.6198905711583298,1.6318367346938747,6.10911841056523,-3.6048824253114504,0.5419132697778168,0.08106718516935602,1.510494689898191,0.0,1.1307202751742937,0.0
2712+8030,68,0.5441176470588235,0.24608554210905198,0.39827565056819625,2.9403006503671087,-2.0705900183584,0.4265639778429345,0.023323653810531253,0.4424860235358207,0.6029411764705882,1.1970572255541239,1.229630505078987,4.851075700359261,-2.8733869634792724,0.4841583838253139,0.023312299216853072,1.2381906451391147,0.6617647058823529,2.2506585766465026,2.443158826300622,6.397369954671232,-3.2480534891070496,0.5433701723652863,0.08252408775682546,2.141262695386364,1.0,0.8485193950015,-0.0002877289633470004
2692+6508,157,0.5031847133757962,0.09473246698145257,0.027220678825950057,2.7727932497096806,-2.099484320616264,0.4258373369058214,0.022597012873418143,0.29113294840822135,0.5477707006369427,,,4.081442965102696,-2.9341649113850385,0.4697019121472227,0.008855827538761851,,0.5414012738853503,,,5.144852232855017,-3.5943625463101845,0.46339859746965917,0.0025525128611983416,,1.0,0.505444470580577,0.017004406391014193
8182+3923,110,0.5181818181818182,0.2059410654592429,0.09361277488152867,2.6160839921566676,-1.888342344882394,0.42577772382313195,0.022537399790728718,0.40234154688601165,0.5909090909090909,0.9034729665272787,0.6190427999156635,3.9785693970131994,-2.55530592398271,0.49747095246184675,0.03662486785338592,0.9446063861122694,0.6272727272727273,1.396494111493494,1.108274178986828,5.062662488413088,-3.0650969180613576,0.5340503169531756,0.07320423234471479,1.2870982302333551,1.0,0.3142027906594497,0.005344196547901414
6821+2692,64,0.546875,0.6215053426070022,0.7247834476256033,3.1638083554292016,-1.9630281465269768,0.4257338252067978,0.02249350117439458,0.8179058240337709,0.59375,0.9590077864681066,0.782917411248878,4.6192331179337485,-2.9075273856826236,0.4714498650454971,0.010603780437036248,1.0001412060530974,0.53125,0.9772499905960175,0.47019815371726514,5.534450201462598,-3.6111250533360217,0.41071875000475133,-0.050127334603709495,0.8678541093358786,1.0,0.9552463002163918,0.013419756301172148
6320+6201,26,0.6153846153846154,0.7073369926477361,0.8988166695209233,2.816366604513517,-1.8246370677097283,0.4253452003942009,0.022104876361797643,0.9037374740745048,0.6923076923076923,1.5666291283093399,1.229630505078987,4.128229364515816,-2.074253073319257,0.5001138848576876,0.03926780024922677,1.6077625478943307,0.6923076923076923,2.19183624715366,2.182113935230916,5.375694231356013,-2.27968600536526,0.5001138848576876,0.03926780024922677,2.0824403658935213,1.0,0.5833503395963988,-0.033428420742835696
2741+7909,26,0.6153846153846154,1.0976957236456644,0.5493648262364582,3.9478301839406593,-1.45555032429015,0.4253452003942009,0.022104876361797643,1.2940962050724332,0.7307692307692307,2.9784202975092486,2.078246264975563,6.586238081509991,-2.1313992886729825,0.5391659658023868,0.07831988119392602,3.0195537170942393,0.8461538461538461,4.726491700977381,2.544887917040566,8.759816026013736,-2.289108171080721,0.6646841558168644,0.20383807120840353,4.6170958197172425,1.0,0.6062444627992551,-0.027093702286431542
5467+9511,26,0.6153846153846154,0.5603188825913639,0.26441458755233527,2.4699920358903054,-1.414043030019717,0.4253452003942009,0.022104876361797643,0.7567193640181327,0.6153846153846154,1.0808666752526135,0.4047012440560317,3.653352011852597,-1.8503916455514728,0.4253452003942009,-0.03550088421425995,1.1220000948376043,0.6923076923076923,1.448839329119398,2.0262200030960176,4.944400418280707,-2.16421624489563,0.5001138848576876,0.03926780024922677,1.3394434478592592,1.0,1.0392098407729935,0.000553758214399791
8644+6201,26,0.6153846153846154,0.680133621803318,0.39827565056819625,3.584544269944656,-1.8834700075836854,0.4253452003942009,0.022104876361797643,0.8765341032300868,0.7692307692307693,2.825143552300468,1.8786472583110325,6.263407076246164,-2.5591968295671093,0.5794807424804321,0.1186346578719713,2.866276971885459,0.8076923076923077,4.906270014850435,3.6120467969104997,8.591975797550178,-2.6505890168175648,0.6212336384535001,0.16038755384503928,4.796874133590296,1.0,0.12424340850504816,-0.014677061698648741
2741+8182,62,0.5483870967741935,0.48262119345048393,0.26441458755233527,3.0685626006820885,-1.8878657934935215,0.4253229453059872,0.022082621273583958,0.6790216748772526,0.7096774193548387,1.5923805546145118,1.4438256797985762,4.782504538879413,-2.566711704237433,0.5871211868886291,0.1262751022801683,1.6335139741995026,0.7258064516129032,2.9483128988862632,2.2254021288562176,6.380171838943597,-2.7899032916939435,0.6040722415667276,0.14322615695826674,2.8389170176261245,1.0,0.4539189596614291,-0.027115957374645228
2859+7246,87,0.5287356321839081,0.16791485414606025,0.21060265693598104,2.8819232774509307,-2.059443583953726,0.4248617443382648,0.02162142030586156,0.364315335572829,0.5747126436781609,0.9649719374613772,0.9307982937233384,4.287550992697179,-2.7844860380606646,0.4698369712299657,0.008990886621504879,1.006105357046368,0.632183908045977,1.5556686803494808,1.0583965402528197,5.410605686333283,-3.376856312651275,0.5272733007011118,0.06642721609265095,1.446272799089342,1.0,0.46056412824537213,0.00987022405620186
8030+2681,87,0.5287356321839081,0.259841435821253,0.28688544722657483,2.8710262144126513,-2.0694268903719486,0.4248617443382648,0.02162142030586156,0.45624191724802177,0.5747126436781609,,,4.18868200266121,-2.8304587179922263,0.4698369712299657,0.008990886621504879,,0.5057471264367817,,,5.083196203065401,-3.4190585475677304,0.4026891499485618,-0.05815693465989902,,1.0,0.08238211943738472,0.0013205829080932263
6299+8182,56,0.5535714285714286,0.37876009744255085,0.39827565056819625,2.793631427697828,-1.9033407906706954,0.4241298613178389,0.02088953728543569,0.5751605788693196,0.6071428571428571,1.4460134302080088,0.9007018400095036,4.437202344919747,-2.4055252191254897,0.476331653784818,0.015485569176357183,1.4871468497929996,0.6785714285714286,2.4765176430357703,1.8073842720822955,6.128828097686225,-2.8679264841500323,0.548223941560039,0.08737785695157813,2.3671217617756315,1.0,0.9611519832744428,0.00031236767227410533
2912+2692,28,0.6071428571428571,1.4078804191323875,1.1858060020242414,3.7939833050877745,-1.5290520699881078,0.42408726034906297,0.020846936316659737,1.6042809005591563,0.7857142857142857,3.054487229636869,2.2651007609428775,6.289648396230066,-2.055403889100586,0.6046105292072612,0.1437644445988004,3.0956206492218596,0.7142857142857143,4.08078461910125,2.9363664990106053,8.319771339160694,-2.3777111033897356,0.529403642629825,0.06855755802136415,3.971388737841111,1.0,1.7226984908864462,-0.005354091235208636
3326+6508,28,0.6071428571428571,0.46261397855412983,0.8988166695209233,3.0785348438998645,-2.3582289091852506,0.42408726034906297,0.020846936316659737,0.6590144599808986,0.6071428571428571,0.8272589966372549,0.968465663884981,4.123599029937817,-2.995357870862238,0.42408726034906297,-0.03675882425939786,0.8683924162222456,0.7142857142857143,2.1274542529890255,2.300450673022263,5.26802305611006,-3.290964977558712,0.529403642629825,0.06855755802136415,2.0180583717288867,1.0,0.1534783199443902,-0.028453745546188236
3326+2859,28,0.6071428571428571,0.28286770397824895,0.6933807101789636,2.927554564981827,-2.415112698833702,0.42408726034906297,0.020846936316659737,0.4792681854050177,0.6428571428571429,1.094291813448877,1.0302715198344627,4.019391399407698,-2.877393929522772,0.4582997758222724,-0.002546308786188445,1.1354252330338679,0.6428571428571429,1.5674318855832834,1.8004261101268895,5.17123418453671,-3.479578722480297,0.4582997758222724,-0.002546308786188445,1.4580360043231446,0.0,-0.08872686150709236,-0.028453745546188236
6247+7053,28,0.6071428571428571,0.4141641481115953,0.41623947431497677,2.0365173426665684,-1.4809842129941415,0.42408726034906297,0.020846936316659737,0.610564629538364,0.5,0.4833956189080766,0.10074578801584812,3.2482029365026324,-2.081987262817746,0.32632846832446344,-0.1345176162839974,0.5245290384930673,0.6071428571428571,0.5613549514942233,0.38724855684920023,4.182891803878914,-2.5682863118974715,0.42408726034906297,-0.03675882425939786,0.45195907023408444,1.0,0.6387024683882413,-0.02571184105775076
9051+7562,149,0.5033557046979866,0.31359132105785464,0.035709168789925944,2.520867680883989,-1.747144937267924,0.42400375273975244,0.020763428707349207,0.5099918024846234,0.5503355704697986,0.8186724885295992,0.3465890809515805,3.8159209266252843,-2.409738372222856,0.47019362236078144,0.009347537752320612,0.8598059081145899,0.5436241610738255,1.4537033985857621,0.5303494894290318,4.99304526379523,-2.8828298664165533,0.4635530146538296,0.0027069300453687606,1.3443075173256234,1.0,0.3634647852737639,0.013371152635223149
2913+2537,83,0.5301204819277109,0.471481618276117,0.10690391459074369,2.3761538721932904,-1.6104565762462426,0.42380777365590233,0.0205674496234991,0.6678820997028858,0.6626506024096386,1.0641317317395425,0.9872456622736215,3.8605653083826748,-2.1804407625998663,0.5557524399753324,0.09490635536687159,1.1052651513245333,0.5783132530120482,1.1561350894190487,0.628876276958006,4.8950139391547225,-2.7868815749039184,0.47092628420898824,0.010080199600527417,1.04673920815891,0.0,1.4205089866448162,0.0137268738609867
2912+7562,54,0.5555555555555556,0.2935433929281319,0.13860818623885787,2.3195618331584615,-1.3299668064992347,0.4237541391136446,0.020513815081241393,0.48994387435490067,0.5925925925925926,1.0056452794475155,0.40644826312565174,3.7271994680285445,-1.7077218019741645,0.45966610248851525,-0.0011799821199455773,1.0467786990325063,0.6296296296296297,1.4888787111850572,1.3582116781642941,4.789056488590324,-2.0755086473242423,0.4962722279108102,0.03542614330234939,1.3794828299249184,1.0,0.2949072735357585,-0.005687212470626979
8038+2681,102,0.5196078431372549,0.28145331234329685,0.26441458755233527,2.819044579132693,-2.1472068693766957,0.4237095616178417,0.02046923758543845,0.4778537937700656,0.5980392156862745,,,4.270764458333685,-2.9643429760834663,0.5010049524706779,0.04015886786221706,,0.5784313725490197,,,5.336507356803093,-3.547745597341766,0.48146361785272707,0.02061753324426624,,1.0,0.38027329169355395,-0.00033103005407092434
6299+6201,52,0.5576923076923077,0.43671463487715917,0.39827565056819625,2.7103392623954363,-1.8433046731736777,0.4233952499151638,0.020154925882760577,0.6331151163039279,0.6346153846153846,1.6156604128300123,1.0302715198344627,4.542495089955703,-2.2540024779531818,0.49871428584801164,0.037868201239550814,1.656793832415003,0.7115384615384616,2.6923716873513426,2.0262200030960176,6.3311262425076364,-2.6143205351201706,0.5772695428589908,0.11642345825052997,2.582975806091204,1.0,0.9924068845105951,-0.00042224373040100627
5527+8773,52,0.5576923076923077,0.3529270410866377,0.5223939025646708,3.4700893995847695,-2.731455108748754,0.4233952499151638,0.020154925882760577,0.5493275225134064,0.5576923076923077,1.0995957307451347,0.4907667900581659,5.162567286137723,-3.8232515587942575,0.4233952499151638,-0.03745083469329702,1.1407291503301256,0.5961538461538461,1.946453493889406,1.0592403199627445,6.553812069415366,-4.497589240783285,0.4606733176249609,-0.00017276698349993902,1.8370576126292673,0.0,-0.26734898457752887,-0.00035888919848081624
2712+4118,30,0.6,0.6805654262916269,0.8988166695209233,3.897105628432824,-1.9569288908999458,0.42320052498273836,0.019960200950335127,0.8769659077183956,0.7,2.4128467066148285,3.2708522596070866,6.490842176738937,-2.7383948771450815,0.5212387898833981,0.060392705274937286,2.453980126199819,0.7,4.015307411204292,3.6125055460739897,8.46271218029153,-3.232338944456244,0.5212387898833981,0.060392705274937286,3.905911529944153,1.0,0.2719722146386625,-0.003651181823543126
7861+6201,30,0.6,0.07990602905203002,1.1510483778249083,2.882085785389465,-2.374825805223525,0.42320052498273836,0.019960200950335127,0.2763065104787988,0.6333333333333333,0.7722076687785276,1.3379052272804606,4.0795049882167715,-2.8989481913586386,0.4551324643360493,-0.005713620272411513,0.8133410883635184,0.5666666666666667,0.9953083127290066,0.9971428571428567,4.902020471583979,-3.5676415740252736,0.39197009545408734,-0.06887598915437348,0.8859124314688677,0.0,0.7909341799499867,0.020791466310010387
5527+8030,30,0.6,0.610304564718052,0.5223939025646708,3.322148379671979,-2.0852394423888327,0.42320052498273836,0.019960200950335127,0.8067050461448206,0.6666666666666666,2.410641690722857,1.0302715198344627,5.869552940308822,-2.769290227713408,0.4877972581383026,0.026951173529841776,2.451775110307848,0.7333333333333333,3.9596154641795085,3.0049898798534302,7.937170359222267,-2.922931708281024,0.5555169795568831,0.09467089494842224,3.8502195829193697,0.0,-0.2788163733610454,-0.0005536141309062659
7909+7053,30,0.6,0.8592777557646993,0.5493648262364582,3.8386250627094993,-1.7897069865319573,0.42320052498273836,0.019960200950335127,1.0556782371914681,0.7,2.5892456671373725,2.078246264975563,6.26394741154908,-2.3754427556637454,0.5212387898833981,0.060392705274937286,2.630379086722363,0.8333333333333334,4.134617334242069,2.3963351907564645,8.265726060336663,-2.5121237870837856,0.6643529481431982,0.2035068635347374,4.02522145298193,1.0,0.8533691457869053,0.014629232393004676
5527+6255,50,0.56,0.1907252368307293,0.5223939025646708,3.481460867993419,-2.8667218145713296,0.4230578680014353,0.01981754396903207,0.3871257182574981,0.56,1.0296564749569632,0.6925829305660148,5.189956345711747,-4.045174559995576,0.4230578680014353,-0.03778821660702553,1.070789894541954,0.58,1.6241581252848052,0.8550201733546526,6.609393379995321,-4.746485749264164,0.4423319668777783,-0.01851411773068251,1.5147622440246664,0.0,-0.11291694360695104,-0.0006962711122093235
5527+7246,48,0.5625,0.2947261885082045,0.5223939025646708,3.5030247683499383,-2.7437012824452154,0.4227477150100165,0.01950739097761328,0.4911266699349732,0.5416666666666666,0.9275657733055621,0.4907667900581659,5.219589405246832,-3.9712562255954715,0.4029083309494733,-0.05793775365898751,0.9686991928905528,0.5625,1.5954415297492563,0.7815375491140798,6.63639671130569,-4.701788714416918,0.4227477150100165,-0.038098369598444315,1.4860456484891176,1.0,0.2592890750801445,-0.0010064241036281119
8038+8773,48,0.5625,-0.29760342544964663,0.5223939025646708,2.5623413950588207,-2.4135437682821252,0.4227477150100165,0.01950739097761328,-0.10120294402287788,0.6041666666666666,0.42077720926076195,1.0302715198344627,4.062382544891059,-3.282591167113677,0.46310154596935116,0.0022554613608903318,0.46191062884575274,0.5625,0.7904775846159549,1.0811224391493892,5.189650676875284,-3.8252084074022803,0.4227477150100165,-0.038098369598444315,0.681081703355816,0.0,0.004378266362697031,-0.0012928766618960918
2681+8773,32,0.59375,-0.27348995266894643,0.7451856596643537,2.761520887392538,-2.5510484450534916,0.4225972657298823,0.01935694169747909,-0.07708947124217769,0.5625,0.11193473188786907,0.7069208608092171,3.981300712019114,-3.280250163839932,0.3932530203122613,-0.06759306429619955,0.15306815147285985,0.53125,0.13233222072624973,0.25912236264344257,4.888347160722478,-3.9308491367818417,0.3644923793257382,-0.09635370528272263,0.022936339466110872,0.0,-0.2796518609702863,0.015264113502113319
2681+6255,32,0.59375,-0.1755896069087159,0.4170915790496267,2.6365859430530194,-2.597083646112919,0.4225972657298823,0.01935694169747909,0.020810874518052858,0.5625,0.4524808594246158,0.9007018400095036,3.9504016202705974,-3.20872793705359,0.3932530203122613,-0.06759306429619955,0.4936142790096066,0.59375,0.6793488660564725,1.0811224391493892,4.868052583283553,-3.6403807104805037,0.4225972657298823,-0.038248818878578505,0.5699529847963336,0.0,-0.6112521133584239,0.015264113502113319
2741+6299,46,0.5652173913043478,0.45079325284813937,0.39827565056819625,2.610886360864318,-1.7397635538298648,0.42247182776628217,0.01923150373387894,0.6471937342749081,0.6739130434782609,1.9202404532060593,1.229630505078987,4.611669075017283,-2.199788045019491,0.5296746274432708,0.06882854283480994,1.9613738727910501,0.782608695652174,3.393243335527785,2.630306704377865,6.669050596654507,-2.337123784029038,0.6442603416081054,0.1834142569996446,3.2838474542676463,1.0,1.1672969378718796,-0.029967074914350245
2712+6299,44,0.5681818181818182,0.5181040405454439,0.39827565056819625,2.6585912132523344,-1.683078136354875,0.42223890740554393,0.0189985833731407,0.7145045219722126,0.6818181818181818,2.0264883779733633,1.4950493227827424,4.733301626612384,-2.1576756960747825,0.5344282746687306,0.07358219006026973,2.067621797558354,0.7954545454545454,3.5746592150815517,2.8566375598358884,6.8842004901422085,-2.3012539686756717,0.6549913631816676,0.1941452785732068,3.465263333821413,1.0,1.218202826052627,-0.004612799400737555
4304+8030,77,0.5324675324675324,0.05127246175833374,0.5096658539098177,2.7616660516503937,-2.188261962018956,0.4221482516277277,0.018907927595324447,0.2476729431851025,0.5844155844155844,0.8119940449710753,1.0400000000000011,4.451591695496944,-3.0817171706271953,0.47289839936415395,0.012052314755693128,0.853127464556066,0.5324675324675324,0.9581742400331823,0.3624489795918385,5.524406055553953,-3.7523726781001234,0.4221482516277277,-0.03869783298073315,0.8487783587730434,1.0,0.0948406804372265,-0.012743445583671964
4783+7246,42,0.5714285714285714,0.39317370594398005,0.5493648262364582,3.5120202911518263,-2.134865071270206,0.4220597791187447,0.018819455086341474,0.5895741873707487,0.6428571428571429,1.8341392430730767,1.6602049284444023,5.807887922882925,-3.0378688046926845,0.49166089287079373,0.030814808262332904,1.8752726626580676,0.7857142857142857,3.889834047135643,3.611279534022598,7.875838999170007,-3.224526781199401,0.6405986210195627,0.17975253641110184,3.780438165875504,1.0,0.302581781772652,0.01702599514191072
8405+2692,42,0.5714285714285714,0.734095548772199,0.7624095794099329,3.264688423737331,-1.8010711989570958,0.4220597791187447,0.018819455086341474,0.9304960301989678,0.5714285714285714,1.48451407503437,0.8737253560947946,5.442324958110386,-2.9523901021581076,0.4220597791187447,-0.03878630548971612,1.5256474946193608,0.5952380952380952,2.6181930703196166,1.56205193611783,7.069701206719168,-3.2737379264066844,0.4449404552817742,-0.0159056293266866,2.508797189059478,1.0,0.7502134484870253,-0.012669087330194562
2859+3923,96,0.5208333333333334,0.06329993425037996,0.09361277488152867,2.544747571424861,-1.9134344294046919,0.4220359172140652,0.018795593181661963,0.2597004156771487,0.6041666666666666,0.888711395065905,0.6190427999156635,3.8918140424296404,-2.562582380640039,0.5041492795838095,0.04330319497534868,0.9298448146508957,0.625,1.2248286524172245,1.0635773550937302,4.9152354273457215,-3.112380751320758,0.5251053301827544,0.06425924557429358,1.1154327711570857,1.0,0.2179181511466846,0.0070443969320022615
8182+4783,36,0.5833333333333334,0.7317818625611612,0.5667206239941814,3.7008285337245272,-1.7356276584797683,0.4219996966427768,0.01875937261037358,0.92818234398793,0.7222222222222222,2.392653620025497,1.924567505375534,5.829458589580259,-2.234293333660645,0.5600719978365485,0.09922591322808766,2.4337870396104875,0.8333333333333334,4.6328325486214075,3.397501607675717,7.987281267840604,-2.3901771551384368,0.6810888526532568,0.22024276804479598,4.523436667361269,1.0,0.20401273580729867,0.0015661693675462773
6320+6255,36,0.5833333333333334,0.21156639332525418,0.539749700322394,2.8427408092012576,-2.231041747613795,0.4219996966427768,0.01875937261037358,0.4079668747520229,0.6111111111111112,1.0105140917720454,0.968465663884981,3.8514744092067708,-2.7269794574632895,0.4486417029674348,-0.012204381641026052,1.0516475113570363,0.6666666666666666,1.607617066619684,1.555093774162424,4.984598997697405,-3.2212724576754264,0.5033369709296683,0.04249088632120751,1.4982211853595453,0.0,-0.23633777990880117,-0.03677392449425976
6320+3923,40,0.575,0.6121884765131259,0.539749700322394,2.9245415732919127,-1.9926360144473516,0.4219480043605999,0.018707680328196696,0.8085889579398946,0.625,1.1437644473055575,0.9982907420912948,4.080857123842997,-2.459999788084823,0.4703216005453191,0.009475515936858248,1.1848978668905483,0.7,1.597908766765405,1.9195455037478484,4.9976774661819245,-2.8165494431333062,0.545696893456796,0.08485080884833512,1.4885128855052663,1.0,0.7436882800571876,-0.03682561677643664
2741+4118,38,0.5789473684210527,0.6053214669061767,0.7779738260290371,3.665106677560138,-1.8632404828633686,0.4219207061312732,0.018680382098869963,0.8017219483329454,0.7105263157894737,2.160890690492496,2.334290520152076,5.964683108035003,-2.5025648515418797,0.5524256173381022,0.09157953272964142,2.2020241100774864,0.6842105263157895,3.353509057175039,3.2632994152776806,7.7352135319472834,-2.9761784244098517,0.5254394356005149,0.06459335099205404,3.2441131759149004,1.0,0.34796906668114586,-0.030518196549359222
2681+6508,38,0.5789473684210527,-0.17044150141339287,0.7001612571612849,2.648348293914614,-2.279446715905376,0.4219207061312732,0.018680382098869963,0.025958980013375876,0.5263157894736842,,,3.552357354170263,-2.9786469476826993,0.37258710742710854,-0.08825897718135228,,0.5,,,4.258473518109018,-4.023683267464734,0.3484967553286069,-0.11234932927985392,,0.0,0.06616780469412761,0.014587553903504191
8030+9105,38,0.5789473684210527,0.1845123429530574,0.17229399484142607,2.092249419998065,-1.4065948003721498,0.4219207061312732,0.018680382098869963,0.38091282437982615,0.5263157894736842,0.30401598776824634,0.15928883550438322,3.097563788911601,-2.200314904466844,0.37258710742710854,-0.08825897718135228,0.3451494073532371,0.5,-0.36873215902562356,-0.21070356798473344,3.5391588762123503,-3.0501773349679397,0.3484967553286069,-0.11234932927985392,-0.4781280402857624,0.0,0.9322450902239299,-0.0016204552988983711
2712+4783,38,0.5789473684210527,0.6824447426980198,0.5493648262364582,3.6449233656566977,-1.7910727933690624,0.4219207061312732,0.018680382098869963,0.8788452241247886,0.6842105263157895,2.4878791493212886,1.8295370889442821,6.124644236046563,-2.5641837819188473,0.5254394356005149,0.06459335099205404,2.5290125689062792,0.8157894736842105,4.592605425329091,3.611279534022598,8.317107717560441,-2.7704899664789027,0.6658083165848865,0.20496223197642566,4.483209544068952,1.0,0.22103008898251755,-0.00493100067500829
5102+7053,111,0.5135135135135135,0.019542170189166017,0.1298960616559476,2.1923750662005075,-1.804832646681498,0.421645284109601,0.018404960077197774,0.21594265161593476,0.5675675675675675,0.7336039520052527,0.3847860962566997,3.6489488702549595,-2.434477492641415,0.47466952682168206,0.013823442213221238,0.7747373715902435,0.6216216216216216,1.6907711993365357,0.8883793401942831,5.064230040190233,-2.796607335430237,0.528758121912598,0.06791203730413714,1.581375318076397,0.0,0.45475680648425365,-0.02373059193262017
5467+2859,75,0.5333333333333333,0.299647845951523,0.20381197681907284,2.6155638106948556,-1.8865122808946815,0.4215733915278032,0.01833306749539998,0.49604832737829174,0.6133333333333333,1.048214520442575,0.6464516129032251,4.106377122910817,-2.475549745823831,0.5001726873212743,0.03932660271281346,1.0893479400275659,0.6266666666666667,1.4252843775061281,0.8615297084114505,5.194584818724182,-3.049309876426573,0.5135475597239507,0.05270147511548989,1.3158884962459894,1.0,0.6959341391066589,-0.0032180506519978724
8773+6255,109,0.5137614678899083,0.05246343823926153,0.22572215759504757,3.069500341829072,-2.383846180587533,0.4210714006745304,0.017831076642127186,0.24886391966603028,0.5688073394495413,0.6520392755368711,0.6464516129032251,4.4793032027788975,-3.256795033922329,0.4750572333554533,0.014211148746992475,0.6931726951218619,0.5963302752293578,1.1374471871849057,0.8615297084114505,5.584983787264024,-3.796177944073956,0.5024644394796234,0.041618354871162555,1.028051305924767,1.0,0.1443579019864045,0.015167746434328
2692+7053,105,0.5142857142857142,0.21549357153447843,0.09903380391141262,2.7677852952902016,-1.9536078617646055,0.4198832356208336,0.016642911588430342,0.41189405296124715,0.5714285714285714,0.6819900583677,0.4572486712007652,4.342255166280794,-2.8524667157503187,0.47590151019505855,0.015055425586597726,0.7231234779526907,0.5714285714285714,1.1701914279018426,0.8615297084114505,5.527721357822154,-3.267240332086912,0.47590151019505855,0.015055425586597726,1.0607955466417038,1.0,0.770666872610597,0.011050305106026392
2859+6201,69,0.5362318840579711,0.3458719059246459,0.24194372787809573,2.9258831822040174,-1.8698633867124415,0.4197820076036184,0.01654168357121516,0.5422723873514146,0.6231884057971014,1.1052653558299899,0.8418597396364459,4.549554630661367,-2.5976269326600407,0.5052166912305034,0.04437060662204256,1.1463987754149807,0.6521739130434783,2.0474448213849623,1.6318367346938747,5.8362408525397536,-3.0080124172517833,0.5344765769169533,0.07363049230849245,1.9380489401248235,1.0,0.5872006753286607,0.004790487321555459
5467+6299,69,0.5362318840579711,0.3327184945564568,0.20381197681907284,2.7122238056916372,-1.8107604706606566,0.4197820076036184,0.01654168357121516,0.5291189759832255,0.5652173913043478,1.2951283753975285,0.6464516129032251,4.4274074707548206,-2.43244943587424,0.4478819321166955,-0.012964152491765302,1.3362617949825193,0.6231884057971014,1.7266322909156975,1.4475592097189784,5.837462115123959,-3.0118307077114124,0.5052166912305034,0.04437060662204256,1.6172364096555587,1.0,0.5558548409290485,-0.005009434576182692
8030+7861,88,0.5227272727272727,0.2799139836976201,0.22593293504634027,2.837222499955351,-2.179563849100863,0.4196177626380677,0.016377438605664485,0.47631446512438885,0.6136363636363636,0.8704213759519616,1.033224617559452,4.336838250023709,-2.9683264513548933,0.5091856433622111,0.048339558753750234,0.9115547955369523,0.5681818181818182,1.2550181163292742,1.4902756658218876,5.451017443908827,-3.470335310362073,0.4639848298332293,0.00313874522476848,1.1456222350691354,1.0,0.6181339113718339,-0.003923398792103849
8182+2859,116,0.5086206896551724,0.04900700453413275,0.057706212338797386,2.7909966273492612,-2.041392587576155,0.41883677386447277,0.015596449832069537,0.2454074859609015,0.5862068965517241,0.7596651163723361,0.6190427999156635,4.036680184230087,-2.7728541490890346,0.49522033833589046,0.03437425372742964,0.8007985359573269,0.5862068965517241,1.0192908326522345,0.7140292179169606,4.976921192621354,-3.3581878344113707,0.49522033833589046,0.03437425372742964,0.9098949513920956,1.0,0.23623895485332938,-0.0015967534107577674
9051+2913,84,0.5238095238095238,0.587587100349572,0.10647230158332036,2.754900256675235,-1.715435849696217,0.4183191843994158,0.015078860367012559,0.7839875817763406,0.5119047619047619,1.3216410190374634,0.12696152467664326,4.245360706786169,-2.293115775643238,0.4068499737205518,-0.05399611088790901,1.3627744386224543,0.5357142857142857,2.035941090216787,0.33709621244686805,5.506301266949527,-2.788711192944374,0.4298452712277691,-0.031000813380691716,1.9265452089566484,1.0,0.9183736734347201,0.0076865842948865
2692+8773,127,0.5039370078740157,0.06643942130120219,0.027220678825950057,3.0182323725863616,-2.3307881818842966,0.41814918206933194,0.014908858036928707,0.2628399027279709,0.5669291338582677,0.6383725914025499,0.6464516129032251,4.436592066122721,-3.16944755484008,0.48003753147030676,0.01919144686184593,0.6795060109875406,0.5748031496062992,1.1787467868425554,0.8485106382978548,5.589499951588974,-3.725372022111431,0.4878678149983841,0.027021730389923282,1.0693509055824166,1.0,0.23810888786772327,0.009316251554524757
8030+7246,112,0.5089285714285714,0.02414488080529095,0.1843961998425893,2.7326379652641086,-2.1330879559091476,0.41759361036601356,0.014353286333610327,0.2205453622320597,0.5714285714285714,,,4.347865126744255,-2.9843043561513745,0.4789096905422824,0.018063605933821558,,0.5625,,,5.555418144818855,-3.602317633388996,0.47006481596728117,0.009218731358820342,,1.0,0.06595174286784133,-0.005947551064158008
8030+8182,61,0.5409836065573771,0.4590391313459876,0.28688544722657483,3.076374923290992,-1.8535304338035115,0.41723829935814166,0.013997975325738432,0.6554396127727564,0.6557377049180327,1.5161943682619559,1.317548543689311,4.794608246068197,-2.451094808433101,0.5304951542045838,0.06964906959612299,1.5573277878469467,0.7213114754098361,2.785246566542845,2.505021591610128,6.461978363359289,-2.8820352400654285,0.598283313687268,0.13743722907880712,2.675850685282706,1.0,0.645318668832122,-0.006302862072029902
4304+8773,80,0.525,0.08971023739345788,0.3520249068002458,2.9773093649809774,-2.3511513551426297,0.4169545118032875,0.01371418777088429,0.28611071882022665,0.6,0.9534401310315035,1.0391932433368825,4.502694593656197,-3.2145524691126766,0.49045264548149986,0.029606560873039034,0.9945735506164942,0.6,1.5760137992486267,1.2328877331766843,5.759341401256885,-3.723361534261825,0.49045264548149986,0.029606560873039034,1.466617917988488,1.0,0.3024677307941819,-0.017937185408112122
8030+6255,59,0.5423728813559322,-0.020207488200719752,0.28688544722657483,2.6709993010573747,-2.3366029737116167,0.4165761502342809,0.013335826201877676,0.176192993226049,0.559322033898305,0.7838275842983782,0.4743205208989566,4.456542795912163,-3.1695923640124795,0.43289130270422654,-0.027954781904234283,0.8249610038833689,0.6271186440677966,1.9535458756536368,1.6318367346938747,6.126182973712467,-3.554120729157149,0.49953356682142125,0.03868748221296042,1.844149994393498,1.0,0.08157666972319744,-0.006965011195890658
2912+2454,57,0.543859649122807,0.5405729075027715,0.12061224489797087,2.809550077048669,-1.5766674188122336,0.4159046083127224,0.012664284280319182,0.7369733889295402,0.6140350877192983,1.6029035391072317,1.0191940967951887,4.625305209173955,-1.9272880371577168,0.48429496444322906,0.023448879834768233,1.6440369586922225,0.6842105263157895,2.4959702852512504,1.7758225605354607,6.118610204449927,-2.268633860016711,0.5551998120281706,0.09435372741970977,2.3865744039911116,1.0,0.5057047187886177,-0.01353674327154919
2859+2692,106,0.5094339622641509,0.08453775910047964,0.057706212338797386,2.7816275390780985,-2.0328043602146937,0.4156133994571823,0.012373075424779056,0.28093824052724836,0.5754716981132075,0.6856123523314356,0.5785340947516305,4.057543276432714,-2.8181144218415364,0.4803591504335626,0.01951306582510176,0.7267457719164263,0.5849056603773585,1.0942354517001476,0.7140292179169606,5.0465594339773014,-3.3562082590910007,0.4897396891973606,0.02889360458889978,0.9848395704400087,1.0,0.45223963089495545,0.0006218791751193553
5467+2454,91,0.5164835164835165,0.41098808658833935,0.035709168789925944,2.6341126758038893,-1.7386222519522205,0.41523851975365456,0.011998195721251326,0.6073885680151081,0.6043956043956044,1.2255794463671608,0.8418597396364459,4.1543656332504755,-2.2360486783493463,0.5016642594838487,0.040818174875387914,1.2667128659521516,0.6483516483516484,1.8214827101579159,1.4475592097189784,5.392199025831643,-2.7833151206023214,0.5460564927584928,0.08521040815003195,1.712086828897777,1.0,0.212959298277849,-0.009552922426146526
6299+2859,55,0.5454545454545454,0.3326517315220893,0.28688544722657483,2.7388511108808427,-1.9271909468686819,0.41522461348360484,0.011984289451201613,0.5290522129488581,0.6,1.4191041409111527,0.8418597396364459,4.412305135688616,-2.4385060012953814,0.4681256091064502,0.007279524497989354,1.4602375604961435,0.6727272727272727,2.230889796352862,1.6318367346938747,5.833244561199266,-2.9093145620476433,0.5410297617609947,0.08018367715253388,2.1214939150927234,1.0,0.8770712685749975,-0.00859288016195997
2692+6255,117,0.5042735042735043,-0.0792154504178024,0.20381197681907284,2.967968372872107,-2.549217219480238,0.41499152028206293,0.011751196249659701,0.11718503100896635,0.5384615384615384,0.26440491278729156,0.4572486712007652,4.371665859143055,-3.5423678976906987,0.448345288401061,-0.0125007962073998,0.30553833237228234,0.5726495726495726,0.6742182143985707,0.7145644599303048,5.484849849455516,-4.1923683751526095,0.4821065754924565,0.021260490883995675,0.5648223331384318,1.0,0.11776466862238162,0.006158589767255751
2454+7074,74,0.527027027027027,0.31088954629710785,0.1982853985119816,2.55963516643443,-1.880056360394962,0.4147715831154743,0.011531259083071066,0.5072900277238765,0.5675675675675675,0.7042055672091265,0.875686364872701,3.9930626417801327,-2.7474242622744063,0.45412539093091314,-0.006720693677547684,0.7453389867941173,0.5405405405405406,0.9005360414817508,0.8433334218627732,5.143356882254754,-3.422449986157897,0.4278114521014676,-0.03303463250699323,0.7911401602216119,1.0,0.5310118959482029,0.007401951950303409
8182+6508,128,0.5,0.2257255738842017,0.0006426367926183618,2.8736719719483617,-1.9720736808736605,0.4146507236438,0.011410399611396782,0.42212605531097047,0.578125,0.8016408991913696,0.6190427999156635,4.144157247189014,-2.78614007709587,0.4915168871907952,0.0306708025823344,0.8427743187763603,0.6015625,1.4139611665703224,0.7880470841708777,5.201494981901818,-3.2752877180754307,0.5149808076118778,0.054134723003416985,1.3045652853101837,1.0,0.19108458270871795,-0.005782803631430522
7053+6255,53,0.5471698113207547,0.16420001381212213,0.5636077012533925,2.818805263432729,-2.133133684883911,0.41453742646439184,0.011297102431988615,0.3606004952388909,0.5849056603773585,0.7291892714981313,0.4743205208989566,4.605639146423384,-3.047902513959849,0.4509418238445375,-0.009904260763923312,0.770322691083122,0.6415094339622641,1.6953443820118494,1.4922671375417853,6.180115173679003,-3.5396148422488367,0.5069089329999881,0.046062848391527245,1.5859485007517107,0.0,0.7937045331840753,0.007222724810782066
2912+5467,72,0.5277777777777778,0.16747290278832971,0.12129740399890357,2.8498921111035416,-2.0697123660893295,0.4140046953345257,0.010764371302122488,0.36387338421509846,0.5416666666666666,0.8762176672562251,0.40644826312565174,4.449144239661035,-2.73481436620915,0.42739664196707616,-0.033449442641384663,0.9173510868412158,0.5416666666666666,1.315028474335325,0.5858033004801079,5.661682619857671,-3.2398360212984603,0.42739664196707616,-0.033449442641384663,1.2056325930751863,1.0,0.19176231882984687,-0.015436656249745884
5467+3923,72,0.5277777777777778,0.2763935893508125,0.15142289036524273,2.489701613460441,-1.751965143025504,0.4140046953345257,0.010764371302122488,0.47279407077758123,0.625,1.2211843691294693,0.7441556762698355,4.167844650866494,-2.275687146111247,0.5095268590406966,0.048680774432235785,1.26231778871446,0.6388888888888888,1.6476614323712038,1.1933880111328279,5.445136337642686,-2.818016315280145,0.5235226614759323,0.06267657686747147,1.538265551111065,1.0,0.48566079756809183,-0.010786746845275363
5527+2692,51,0.5490196078431373,0.3279059891339088,0.5096658539098177,3.4524418202079814,-2.68190902859111,0.4138447154164923,0.010604391384089085,0.5243064705606775,0.5490196078431373,0.9650888039587389,0.3350819672131068,5.13486315623432,-3.8481281890989236,0.4138447154164923,-0.04700136919196851,1.0062222235437297,0.5686274509803921,1.5909951737923942,0.8485106382978548,6.492898752567875,-4.5356881785779315,0.4326506123505807,-0.028195472257880105,1.4815992925322554,1.0,0.15315592251598314,-0.009909423697152309
8030+6508,87,0.5172413793103449,0.146459416337455,0.24194372787809573,2.819752661579996,-2.0084002837125166,0.41374937917031585,0.010509055137912615,0.34285989776422376,0.5747126436781609,,,4.310216758893908,-2.738838326306461,0.4698369712299657,0.008990886621504879,,0.5977011494252874,,,5.627153337576223,-3.3304223345325026,0.4926454875362509,0.0317994029277901,,1.0,0.33286073933658844,-0.00979178225985572
2454+7053,271,0.47232472324723246,0.18068042841043955,-0.13810218978102626,2.4171892965610025,-1.7422483952098125,0.4136876579696925,0.01044733393728925,0.3770809098372083,0.5313653136531366,0.7342945663824542,0.3545278450363166,3.8356236219611812,-2.4472552849795806,0.4719284491612612,0.011082364552800372,0.7754279859674449,0.5571955719557196,1.2743562043472578,0.6275894988066845,5.083826435837722,-2.9919792073449614,0.49766546040886966,0.03681937580040884,1.164960323087119,1.0,0.4997229328810828,0.006318026804521593
7246+6508,135,0.4962962962962963,0.09506678065625351,-0.06870032223415631,2.8320211510346955,-2.1402909556892995,0.4132310749842746,0.009990750951871352,0.29146726208302226,0.5259259259259259,,,4.166612905591079,-2.9487878807963046,0.4421474490145545,-0.018698635593906332,,0.5407407407407407,,,5.182697484617117,-3.656881307712989,0.4567124577397594,-0.0041336268687014455,,1.0,0.49555237980710765,0.008197919214498806
2712+2859,47,0.5531914893617021,0.42457474195310624,0.28688544722657483,3.0532072263816192,-1.9247323114839177,0.4124521373875824,0.009211813355179177,0.620975223379875,0.7021276595744681,1.8041228171200783,1.6318367346938747,5.112132154749263,-2.680092350687536,0.5602205595363459,0.09937447492788504,1.845256236705069,0.7872340425531915,3.4615949184998294,2.7555918171456018,6.751900383483346,-2.8741170880578677,0.6509569794902074,0.19011089488174654,3.3521990372396906,1.0,0.5593944097553147,-0.014399569418699076
6320+8773,45,0.5555555555555556,0.37376456758303844,0.5096658539098177,2.8484494601111243,-2.2639405307101415,0.4117588341636532,0.00851851013124999,0.5701650490098071,0.5777777777777777,0.9184799213605224,0.9595439403825613,3.9353985882146625,-2.8313203167912584,0.4330053279594451,-0.027840756649015752,0.9596133409455131,0.6222222222222222,1.4653967210449894,1.4922671375417853,4.871323286885569,-3.2792656493715464,0.4762967000646754,0.015450615456214567,1.3560008397848506,1.0,0.06302440559927117,-0.04701478697338335
2712+6255,66,0.5303030303030303,0.16367136576055277,0.26441458755233527,2.999480392944612,-2.300668176768944,0.41157476624932443,0.0083344422169212,0.36007184718732155,0.6060606060606061,0.8819808213447842,1.0302715198344627,4.800725915086968,-3.222389331830906,0.48548180775863853,0.024635723150177702,0.9231142409297749,0.6666666666666666,2.025519688165281,2.0262200030960176,6.405000377664609,-3.6555180182848894,0.5465611809612104,0.0857150963527496,1.916123806905142,0.0,0.9930296752638206,-0.015276940556957053
2537+7562,81,0.5185185185185185,0.3817419158148109,0.10690391459074369,2.518682563081747,-1.8559318103017186,0.4113545922111773,0.008114268178774087,0.5781423972415796,0.6296296296296297,0.9078725397735009,1.1010892310140454,4.027718207725099,-2.6133590531473283,0.5208353214633141,0.0599892368548533,0.9490059593584916,0.5555555555555556,1.1182749002887489,0.6351924244263608,5.189901700993411,-3.293347815160347,0.4472737929727802,-0.013572291635680633,1.00887901902861,0.0,1.2725433883847306,0.004562879061134784
3923+6508,118,0.5,0.17190674701758693,0.0006426367926183618,2.5946994795919927,-1.9449209301164483,0.41121731418502067,0.007976990152617436,0.3683072284443557,0.5677966101694916,0.8321580286663531,0.5511252817640689,4.028813685572586,-2.5339536310258657,0.4776703089507045,0.016824224342243677,0.8732914482513439,0.6186440677966102,1.3692758187151595,1.0240776330498738,5.072441397401167,-2.971779582670547,0.5285752066363015,0.0677291220278407,1.2598799374550207,1.0,0.30378373932105757,0.002652737483105294
3675+7246,41,0.5609756097560976,1.0567487061473715,1.0366998856395961,3.5743994410868485,-2.0613648731389715,0.41040265151757305,0.007162327485169817,1.2531491875741403,0.6585365853658537,2.210473754832918,1.8113142094729853,5.466923457005272,-2.7243128974572763,0.5054955435372689,0.04464945892880806,2.2516071744179085,0.7317073170731707,2.894441135808692,1.9829318094707162,6.551326865629438,-3.0849839639527747,0.5806617472399707,0.11981566263150983,2.785045254548553,1.0,1.619885950466316,-0.005501956795149365
2712+2692,92,0.5108695652173914,0.22126427716116143,0.2228778523485843,3.0548969085578563,-2.2444681966232456,0.41035314036206955,0.007112816329666316,0.4176647585879302,0.5869565217391305,0.8571543919422553,0.9394635749885462,4.7622700934779445,-3.1643617308687375,0.48483148595056913,0.023985401342108303,0.898287811527246,0.6413043478260869,1.6139374681374188,1.56205193611783,6.094651361999603,-3.6886880753647215,0.5394508158914832,0.07860473128302242,1.50454158687728,0.0,1.0463290883088547,-0.016498566444211937
2913+7562,176,0.48295454545454547,0.08620269049587191,-0.20873720645444668,2.5303137342404582,-1.9167997754247947,0.41028317494954947,0.007042850917146237,0.2826031719226407,0.4943181818181818,0.4313922276656745,-0.09553180074082887,3.884350973866299,-2.795710374702656,0.421367120665671,-0.039478963942789824,0.47252564725066526,0.48295454545454547,0.734130891051807,-0.16415142841167504,5.016508032235091,-3.4936798250602936,0.41028317494954947,-0.05056290965891136,0.6247350097916681,1.0,0.38140390105844985,0.00020227515463383527
2454+7562,383,0.4595300261096606,0.03886339900969097,-0.2227615062761544,2.443389292192022,-1.9398402054213035,0.4102673780258336,0.007027053993430343,0.2352638804364597,0.5195822454308094,0.37048598888617,0.28044997321588394,3.6918517436026956,-2.772473366140908,0.46959923089284195,0.00875314628438112,0.4116194084711608,0.5300261096605744,0.7886076678777767,0.48463484292125447,4.777299077492377,-3.385034676101467,0.4799905632992314,0.019144478690770572,0.6792117866176378,1.0,0.33658434766511197,0.0028977468606626866
2454+6201,62,0.532258064516129,0.3165006349472925,0.2228778523485843,3.085486966836423,-1.8862261532833668,0.4098381737584801,0.006597849726076854,0.5129011163740613,0.5967741935483871,1.0982394673902758,0.7441556762698355,4.935253352567188,-2.7537301687514524,0.4725024243632989,0.011656339754838096,1.1393728869752666,0.6290322580645161,2.0187558351943395,1.780887667131552,6.447890782763577,-3.317958150027721,0.504577349121774,0.04373126451331316,1.9093599539342008,1.0,0.07414754016205682,0.0024685425933091976
8030+4846,39,0.5641025641025641,0.28377368642666245,0.5636077012533925,3.0963428659859913,-2.017712338262352,0.4097542347452211,0.006513910712817872,0.4801741678534312,0.5897435897435898,1.005074646825326,1.100999099286364,5.127383249143825,-3.151389383124544,0.4341834847334491,-0.02666259987501174,1.0462080664103168,0.6153846153846154,2.292404910868942,1.6318367346938747,6.89856145552683,-3.6693455066693232,0.45898781310078474,-0.0018582715076760903,2.183009029608803,1.0,0.34469276106538976,-0.013786926684950462
8030+9511,39,0.5641025641025641,0.32198413111665314,0.24194372787809573,2.5262633473004503,-1.812842147686627,0.4097542347452211,0.006513910712817872,0.5183846125434219,0.6410256410256411,1.0930928160952438,0.9595439403825613,3.805601639843085,-2.1489335445223494,0.484178631846895,0.023332547238434198,1.1342262356802346,0.6666666666666666,1.4920396825208364,1.6318367346938747,5.140751321862831,-2.3830539218546583,0.5097710432024052,0.04892495859394436,1.3826438012606976,1.0,0.6397528957129421,-0.013786926684950462
4783+6201,37,0.5675675675675675,0.5091725374563044,0.5351219512195239,3.4798337444055654,-1.7747122383615086,0.40913906334200717,0.00589873930960394,0.7055730188830731,0.7027027027027027,2.319245063376086,1.5293894487255424,5.858739832961583,-2.4175540644610187,0.5421656082795642,0.08131952367110334,2.3603784829610768,0.8378378378378378,4.529107791618257,3.2769602763385075,7.994121408684074,-2.569224809682654,0.6886320070454415,0.22778592243698065,4.419711910358118,1.0,0.0531190546225529,0.004105279365173187
8030+4118,37,0.5675675675675675,0.5116568222480843,0.8169278736229569,3.5773958888537436,-2.0337501010181818,0.40913906334200717,0.00589873930960394,0.708057303674853,0.6486486486486487,1.870090139340642,1.9544578313252894,5.772753575616634,-2.742114510854351,0.48758729517569566,0.02674121056723483,1.9112235589256328,0.6486486486486487,3.0733074722041724,3.2496385542168538,7.432503388407724,-3.285581275563642,0.48758729517569566,0.02674121056723483,2.9639115909440337,1.0,0.21538073843870104,-0.014402098088164395
4304+3675,37,0.5675675675675675,0.9843134473360735,1.0366998856395961,3.45222992017031,-2.137734600757241,0.40913906334200717,0.00589873930960394,1.1807139287628423,0.6756756756756757,2.3803362995447443,1.8113142094729853,5.5471073533121595,-2.7342449465864167,0.5146336850482394,0.05378760043977854,2.421469719129735,0.7297297297297297,2.8463652333669724,1.9829318094707162,6.66174687996783,-3.074626834021607,0.5702152452607867,0.10936916065232588,2.7369693521068337,1.0,1.753516722822381,-0.02575263386939247
2712+6508,60,0.5333333333333333,0.38817805365234836,0.3758047908939567,3.102742482685348,-2.094477031995064,0.4089320867113511,0.005691762678947887,0.5845785350791171,0.6166666666666667,1.1988070354627254,1.4171635741659296,4.823623816842941,-2.894857658966088,0.4901736454040314,0.029327560795570584,1.2399404550477162,0.6833333333333333,2.4670879145665117,2.2254021288562176,6.4375103517166865,-3.320325866460702,0.5576599505698346,0.09681386596137381,2.357692033306373,1.0,0.35412649284862296,-0.017919620094930366
6821+7053,152,0.4868421052631579,0.0691450427707521,-0.1310008294433017,2.6046461282474525,-1.916645005841908,0.40869031228958663,0.005449988257183402,0.26554552419752087,0.5131578947368421,0.5072516554581555,0.1415348528618289,4.0426794744441805,-2.6819239359109903,0.4343573998964901,-0.026488684711970745,0.5483850750431463,0.4934210526315789,0.7900545138523081,-0.15302795788886922,5.046572850394087,-3.2339391003173072,0.41508719576899217,-0.04575888883946866,0.6806586325921692,1.0,0.2778092856797068,-0.003623756616039031
7562+7074,88,0.5113636363636364,0.19951500501520172,0.13132240807782095,2.5944247006932115,-1.8823584740040724,0.40865348719267547,0.0054131631602722385,0.3959154864419705,0.5340909090909091,0.3452508227083399,0.2820254677027668,3.779660314040191,-2.8008356035291757,0.43063280602477044,-0.030213278583690384,0.3863842422933307,0.48863636363636365,0.340111839794833,-0.6072617727431794,4.727832449617192,-3.6376088742715678,0.38687686309205005,-0.07396922151641078,0.23071595853469415,1.0,0.29537155170965707,0.0042387353300009645
2859+4783,35,0.5714285714285714,0.6694121951181106,0.5636077012533925,3.6406650960414573,-1.7683146715854343,0.4085712925897337,0.005330968557330451,0.8658126765448793,0.7142857142857143,2.3774144565537942,1.7910204081632621,5.830113153493067,-2.2812279374857645,0.5494475193017891,0.08860143469332832,2.418547876138785,0.8285714285714286,4.308454929707856,3.2769602763385075,7.575891515365509,-2.4415655824343507,0.6731739236041119,0.21232783899565105,4.199059048447717,1.0,0.28142446234581187,-0.00642022769232925
8405+6508,35,0.5714285714285714,0.690247922571202,0.8169278736229569,3.3536754475591146,-1.8068008737282746,0.4085712925897337,0.005330968557330451,0.8866484039979707,0.6,1.1559190787317426,1.0400000000000011,5.128268554419186,-2.8509380006170133,0.4357241958151947,-0.0251218887932661,1.1970524983167334,0.6,2.6204052670063875,0.8615297084114505,6.754635145510367,-3.136790769038137,0.4357241958151947,-0.0251218887932661,2.5110093857462488,1.0,0.8659223806411589,-0.026157573859205585
6255+4118,35,0.5714285714285714,0.30648039141683436,0.8169278736229569,3.4127353657799064,-2.1981552223120016,0.4085712925897337,0.005330968557330451,0.5028808728436032,0.6,1.8015148936552763,1.1695128939828205,5.640466010590599,-2.936168768215838,0.4357241958151947,-0.0251218887932661,1.8426483132402671,0.6,3.0352318454845846,2.3978562728379993,7.503259630993439,-3.5069439272723475,0.4357241958151947,-0.0251218887932661,2.925835964224446,1.0,0.08705613837977318,0.004868030316996563
2859+6508,110,0.5,0.10028598102500742,0.0006426367926183618,2.8248453760393355,-1.9655754006545991,0.40815075723076516,0.00491043319836193,0.29668646245177616,0.5818181818181818,0.8322302231904991,0.6190427999156635,4.10929337053254,-2.669202441865795,0.48840398059035006,0.027557895981889236,0.8733636427754898,0.5909090909090909,1.233238575534592,0.7140292179169606,5.046279098477093,-3.2084254626119906,0.49747095246184675,0.03662486785338592,1.1238426942744533,1.0,0.19424928570675642,-0.006840763051297771
9051+9105,33,0.5757575757575758,0.5638040204200131,0.10690391459074369,2.885102925081675,-1.6804570461915473,0.4080697369146003,0.0048294128821970705,0.7602045018467818,0.48484848484848486,0.8267838694242003,-0.17040582726327122,3.8568426239891798,-2.2556256747479346,0.32503781646924224,-0.1358082681392186,0.8679172890091911,0.45454545454545453,0.4474000248058079,-0.7479292403746073,4.454673779913268,-3.075697509645105,0.298426891258915,-0.16241919334954585,0.3380041435456691,1.0,0.015757912321601647,-0.0025628631899289878
8038+9105,33,0.5757575757575758,1.0096375067989107,0.268871247376561,3.1630172726502725,-1.3962206113337874,0.4080697369146003,0.0048294128821970705,1.2060379882256795,0.5757575757575758,2.2084709666577127,0.474037819799782,5.034499565655619,-1.9019859533924757,0.4080697369146003,-0.052776347693860526,2.2496043862427033,0.6060606060606061,2.4546401020167465,0.9579087875416993,6.363414580675327,-2.602074647592372,0.4368314280651038,-0.02401465654335705,2.3452442207566078,1.0,2.4709160850317953,-0.015970854757312303
8030+2859,58,0.5344827586206896,0.3695487777230743,0.26441458755233527,2.9847731580589443,-1.9070601778015397,0.40799953310272963,0.004759209070326398,0.5659492591498431,0.6551724137931034,1.4856434258729887,1.2092738214878376,4.791880618221179,-2.535533054567142,0.5266753715786766,0.06582928697021578,1.5267768454579795,0.7241379310344828,2.6230376929912307,2.443158826300622,6.259642745857726,-2.9656941501698224,0.5979510037164683,0.13710491910800743,2.513641811731092,1.0,0.7741017145724609,-0.015541628327441936
2741+2859,58,0.5344827586206896,0.3057405029197906,0.2228778523485843,2.904119963710106,-1.9136758125882485,0.40799953310272963,0.004759209070326398,0.5021409843465594,0.7068965517241379,1.517413158571521,1.229630505078987,4.731014824026278,-2.6393386826938086,0.5798685554332221,0.1190224708247613,1.5585465781565118,0.7241379310344828,2.7245768172401426,2.0262200030960176,6.098665681219284,-2.8548534350677235,0.5979510037164683,0.13710491910800743,2.615180935980004,1.0,0.5312566944424136,-0.04443936957790279
7562+6255,58,0.5344827586206896,0.1767299191237145,0.23383294273657165,3.028865256140374,-2.1540395440813374,0.40799953310272963,0.004759209070326398,0.37313040055048324,0.6379310344827587,0.9603747572001735,0.8863290166798922,4.4176537416654735,-2.818420994597969,0.5092728615828535,0.04842677697439263,1.0015081767851644,0.6724137931034483,1.3564556740492082,1.0188968182089633,5.467643517808819,-3.3622592217841096,0.5442381364257336,0.08339205181727277,1.2470597927890694,1.0,0.09645487841282406,0.0035847812400551238
2913+7053,186,0.478494623655914,0.1413663851352961,-0.20873720645444668,2.3982228382813036,-1.8148970803740863,0.40786796250533425,0.004627638472931017,0.33776686656206484,0.510752688172043,0.5508412801698342,0.13605995311338118,3.7821821786748417,-2.5529689085844764,0.4394248878906703,-0.021421196717790525,0.591974699754825,0.5268817204301075,1.0203239110087345,0.23521138048488333,5.0032668062247785,-3.1654112620012564,0.45531220654551585,-0.005533878062944975,0.9109280297485957,0.0,0.70366112897603,-0.002212937289581385
2741+8030,73,0.5205479452054794,0.19881289004283256,0.24194372787809573,2.8693000635488635,-2.0438731458146613,0.40781398284768294,0.004573658815279713,0.39521337146960134,0.6027397260273972,1.0721098777535834,0.9595439403825613,4.683248030483086,-2.8539615438711996,0.48807204465405674,0.02722596004559591,1.1132432973385742,0.6438356164383562,2.0503563315823925,2.069508196721319,6.154517239522901,-3.244841331118886,0.529332842211795,0.06848675760333417,1.9409604503222537,1.0,0.23967028823824532,-0.04462491983294947
5467+8030,86,0.5116279069767442,0.21010528269144257,0.09091580888475517,2.541696677834692,-1.8311377016161787,0.40776537267247004,0.004525048640066809,0.4065057641182113,0.5697674418604651,1.0587200475396303,0.5024288026489622,4.145956902762376,-2.427677759745042,0.46436012573217667,0.0035140411237158387,1.0998534671246212,0.5697674418604651,1.2005730915599697,0.7418515313621078,5.337827635338021,-3.086184162807779,0.46436012573217667,0.0035140411237158387,1.091177210299831,1.0,0.1239101903832824,-0.017026069507331043
7053+7074,86,0.5116279069767442,-0.06987614210810948,0.13132240807782095,2.350024977289649,-2.2942146375308283,0.40776537267247004,0.004525048640066809,0.12652433931865925,0.5465116279069767,0.13513781030632924,0.5818587474518068,3.6589445088374375,-3.2953096649239697,0.44155981420304113,-0.019286270405419692,0.17627122989132,0.5465116279069767,0.5749271944720711,0.8971697465982854,5.046411212333006,-3.9793696160396688,0.44155981420304113,-0.019286270405419692,0.4655313132119322,0.0,0.5369784664779611,0.0004506710188602603
8405+6299,31,0.5806451612903226,0.8807962153382671,0.8169278736229569,2.855204994153325,-1.5037392084442598,0.4076596435202097,0.0044193194878064945,1.077196696765036,0.6129032258064516,2.036199800212827,1.100999099286364,5.135539400440184,-2.2033861364209373,0.43823801141131963,-0.0226080731971412,2.0773332197978176,0.6451612903225806,2.813142894061526,1.6318367346938747,7.0643186450318805,-2.568703545253901,0.46947638042814893,0.008630295819688105,2.7037470128013874,1.0,1.3702902328977646,-0.02706922292872954
4304+3193,31,0.5806451612903226,0.5138872722970135,0.6251013328464606,3.8683995497679176,-2.2703425220281996,0.4076596435202097,0.0044193194878064945,0.7102877537237822,0.6129032258064516,0.8044573860845367,1.6877643942738099,5.465451072967402,-3.565760360186727,0.43823801141131963,-0.0226080731971412,0.8455908056695274,0.6129032258064516,1.2353153099087495,1.6179204107830627,6.088711776789399,-4.013823528478975,0.43823801141131963,-0.0226080731971412,1.1259194286486107,1.0,1.3085607082133819,-0.027232053691189917
9511+6508,31,0.5806451612903226,0.5536874862967861,0.5096658539098177,2.678078569017456,-1.5482528289725068,0.4076596435202097,0.0044193194878064945,0.7500879677235548,0.6774193548387096,1.3829408602332043,1.0400000000000011,3.956594213009741,-1.8214580618959049,0.501406855599508,0.04056077099104721,1.4240742798181951,0.7741935483870968,2.1072676271938358,2.069508196721319,5.361406796294216,-1.88305810093135,0.6018723994130262,0.14102631480456534,1.997871745933697,1.0,0.8082243686980248,-0.015735606394954083
5527+3923,31,0.5806451612903226,0.6342482907687378,0.5096658539098177,3.351970985232166,-2.547133553175168,0.4076596435202097,0.0044193194878064945,0.8306487721955065,0.6774193548387096,1.662389343763083,0.9595439403825613,5.340248593151599,-3.4791353778441407,0.501406855599508,0.04056077099104721,1.7035227633480738,0.7741935483870968,3.4832839975387793,2.523933933933935,7.211066426876698,-3.81068712705253,0.6018723994130262,0.14102631480456534,3.3738881162786405,1.0,0.7838564274908801,-0.0160944955934349
9511+3923,31,0.5806451612903226,0.42886614895350766,0.28688544722657483,2.564431928496032,-1.6183209307976856,0.4076596435202097,0.0044193194878064945,0.6252666303802764,0.6774193548387096,1.3397088671186412,0.9595439403825613,3.9138995474518485,-1.9097351830305127,0.501406855599508,0.04056077099104721,1.380842286703632,0.7419354838709677,2.039105830644148,2.069508196721319,5.296968882360702,-1.9933438626582543,0.567535275722849,0.10668919111438818,1.929709949384009,1.0,0.7980257135006117,-0.015735606394954083
2454+4783,31,0.5806451612903226,0.5529068890446233,0.5351219512195239,3.74106789854595,-1.8652307448582441,0.4076596435202097,0.0044193194878064945,0.749307370471392,0.7096774193548387,2.480348071798002,2.058114602587806,6.302361979642228,-2.562771237559933,0.5340734004245933,0.07322731581613245,2.5214814913829926,0.8387096774193549,4.796861892154195,2.9579608772969657,8.625773321905267,-2.7437976108889814,0.6736529727502113,0.21280688814175047,4.687466010894056,1.0,0.03128794075535174,0.0002900123550388378
8405+7861,31,0.5806451612903226,1.0003223743108731,1.5294335929188432,3.215602220566766,-1.7765798712247114,0.4076596435202097,0.0044193194878064945,1.196722855737642,0.7096774193548387,2.347822665082699,1.6318367346938747,5.447434730343528,-2.358733830357419,0.5340734004245933,0.07322731581613245,2.3889560846676896,0.7096774193548387,2.8498695880908786,3.318060198463728,6.745432190683776,-2.613965683523339,0.5340734004245933,0.07322731581613245,2.74047370683074,1.0,0.6929163763778136,-0.02706922292872954
4728+2692,31,0.5806451612903226,0.004303507932520362,1.0366998856395961,2.581586547905336,-2.3760554085916734,0.4076596435202097,0.0044193194878064945,0.2007039893592891,0.5806451612903226,-0.15312969624119915,0.4743205208989566,3.9059240437823215,-3.1899809837498543,0.4076596435202097,-0.0531864410882511,-0.11199627665620839,0.5161290322580645,0.20851224733015575,0.3624489795918385,5.048196520340775,-3.861697886563175,0.3484011828697317,-0.11244490173872912,0.09911636607001689,0.0,0.7485132929929166,-0.029171784544894053
7505+7053,25,0.6,0.9966698432335932,1.453995485327302,3.316958676641732,-2.218145144700819,0.4073912778512734,0.004150953818870151,1.193070324660362,0.76,2.3227780156847553,1.94691003911343,5.374306432774902,-3.0991020047766824,0.5656994004476144,0.10485331583915353,2.363911435269746,0.6,1.8991867602693153,3.149227654035296,6.516981934095322,-3.8945604137424796,0.4073912778512734,-0.053454806757187445,1.7897908790091765,1.0,2.3968845551052325,-0.017953922542927492
9511+2859,25,0.6,0.4993037762257619,0.28688544722657483,2.640123009444017,-1.5052507280789502,0.4073912778512734,0.004150953818870151,0.6957042576525306,0.72,1.3378324072107752,0.9595439403825613,3.7896630784816945,-1.8102565148962713,0.524230281034417,0.06338419642595622,1.378965826795766,0.84,2.3402303252207246,2.069508196721319,5.29555566213308,-1.8555266453197754,0.6534598601976184,0.19261377558915754,2.230834443960586,1.0,1.2053091212742724,-0.016003972063890426
2913+6255,29,0.5862068965517241,-0.15730803405215776,0.7390197784351172,2.1251026550307843,-2.2279940403086758,0.4073752847851524,0.004134960752749162,0.039092447374610984,0.5172413793103449,-0.4286525323880271,0.3350819672131068,3.3250546782896246,-3.194386258060133,0.34430737970569164,-0.11653870490276919,-0.3875191128030363,0.5517241379310345,-0.24405388801883185,0.8485106382978548,4.349983142920499,-3.987777810877479,0.37547667068067625,-0.08536941392778458,-0.3534497692789707,1.0,0.05190168276382082,-0.0027056150097632403
6299+5527,29,0.5862068965517241,0.6400486593062583,0.5096658539098177,3.281741321100033,-2.020869263787099,0.4073752847851524,0.004134960752749162,0.836449140733027,0.6206896551724138,2.3119599831250515,0.9595439403825613,5.561638701800424,-2.751782654953172,0.4400222620928496,-0.020823822515611212,2.353093402710042,0.6551724137931034,3.5035370146625313,2.069508196721319,7.505763319931435,-3.1036347395665063,0.47344776507155983,0.012601680463099008,3.3941411334023925,0.0,-0.3175002512970922,-0.01644220886041242
2692+7909,29,0.5862068965517241,0.8673528048308454,0.5351219512195239,3.9134887002100607,-1.7924492283744515,0.4073752847851524,0.004134960752749162,1.0637532862576142,0.6896551724137931,2.51279819412428,1.8680537697253021,6.239021692752529,-2.398382782648715,0.5076952952728147,0.046849210664353824,2.5539316137092705,0.8275862068965517,4.167492235173511,2.3948141086749297,8.309617327469208,-2.5397769530832393,0.6545119942718489,0.1936659096633881,4.058096353913372,1.0,0.8556453837521678,-0.0014576457296547884
9511+8182,27,0.5925925925925926,0.5976085958052978,0.28688544722657483,2.768094575437043,-1.4627982278413774,0.4072638305536409,0.004023506521237674,0.7940090772320665,0.7037037037037037,1.364456429706676,0.9595439403825613,3.8324835282497074,-1.7452109934129711,0.515189666191624,0.05434358158316316,1.4055898492916667,0.8148148148148148,2.232724566131278,2.069508196721319,5.226828513112102,-1.836684180272385,0.6330094349480825,0.17216335033962166,2.1233286848711392,1.0,1.0269335961203365,-0.016131419361522903
7909+6255,27,0.5925925925925926,0.869212509520751,0.5636077012533925,3.8378183437412883,-1.7804481762107505,0.4072638305536409,0.004023506521237674,1.0656129909475198,0.7037037037037037,2.6645559125428484,1.1848952879581145,6.381830711581984,-2.2905600891453974,0.515189666191624,0.05434358158316316,2.705689332127839,0.8148148148148148,4.373250566772252,2.3948141086749297,8.507719454922256,-2.471551258895238,0.6330094349480825,0.17216335033962166,4.263854685512113,1.0,0.5219782126748397,-0.0013074620360927769
9511+7246,27,0.5925925925925926,0.2948702122613921,0.28688544722657483,2.4928589288194236,-1.9107075620364908,0.4072638305536409,0.004023506521237674,0.49127069368816084,0.6666666666666666,1.0343190215641485,0.9595439403825613,3.726527039724846,-2.2137999841397606,0.47824419872105484,0.01739811411259401,1.0754524411491393,0.7407407407407407,1.8456777416312276,1.9829318094707162,5.050700062857889,-2.3052731709991745,0.5532106959738432,0.09236461136538238,1.7362818603710888,0.0,1.043790184010573,-0.016131419361522903
6320+5527,27,0.5925925925925926,0.051717639992119924,0.5698335467349703,2.877411289355951,-2.7866631565466102,0.4072638305536409,0.004023506521237674,0.24811812141888867,0.5185185185185185,0.37715318191589803,0.29297745566048594,3.901090830308033,-3.5395697286402727,0.33985324586210425,-0.12099283874635658,0.4182866015008888,0.5925925925925926,1.141482729983138,0.8485106382978548,4.8925546515596805,-4.147410054587838,0.4072638305536409,-0.05358225405481992,1.0320868487229993,0.0,-0.07590065563775872,-0.051509790583395665
4846+2692,56,0.5357142857142857,-0.025708705031488904,0.3772470219973002,3.041193694745364,-2.5136880003120226,0.40703956657240076,0.003799242539997527,0.17069177639527985,0.5357142857142857,0.22453416934260964,0.4047012440560317,4.710575738534866,-3.787794404104243,0.40703956657240076,-0.05380651803606007,0.2656675889276004,0.6071428571428571,1.2070538833748574,1.1860450731956675,6.055565326772814,-4.359627173476698,0.476331653784818,0.015485569176357183,1.0976580021147186,0.0,0.9138316889257327,-0.006965128762124961
3923+6201,71,0.5211267605633803,0.2642447926619477,0.20381197681907284,2.7649028013493466,-1.8544431902497627,0.4068579625004498,0.00361763846804658,0.46064527408871647,0.6197183098591549,1.1504978539899975,0.8418597396364459,4.361977425100002,-2.469948209399052,0.5034164223889829,0.04257033778052205,1.1916312735749883,0.647887323943662,1.9580396292111808,1.4922671375417853,5.819645489073623,-2.9001927252501774,0.5318184572117227,0.07097237260326189,1.848643747951042,1.0,0.30936817096485203,-0.0017066142014655616
8773+6201,71,0.5211267605633803,0.02308958917624556,0.24194372787809573,2.788727936261484,-2.1636764741437515,0.4068579625004498,0.00361763846804658,0.21949007060301431,0.6056338028169014,0.9526724894885971,0.8418597396364459,4.508149353229413,-2.8656527002612777,0.4893555588836079,0.02850947427514705,0.9938059090735878,0.647887323943662,2.128401038631759,1.9829318094707162,5.9309068020962314,-3.1425401634760917,0.5318184572117227,0.07097237260326189,2.01900515737162,1.0,0.19306500931104154,0.000954308260247394
2692+2454,106,0.5,0.2328115531728038,0.0006426367926183618,2.9564648302262087,-1.9358823968488343,0.40649331718790876,0.0032529931555055347,0.4292120345995726,0.5754716981132075,0.8278065358917877,0.7441556762698355,4.4581053807259625,-2.7327081811242473,0.4803591504335626,0.01951306582510176,0.8689399554767784,0.5849056603773585,1.270713549107119,0.7880470841708777,5.652468264256053,-3.3652134674333944,0.4897396891973606,0.02889360458889978,1.1613176678469803,1.0,0.026605592520693278,-0.0023396133268984154
8182+8773,106,0.5,0.19797730580478992,0.0006426367926183618,2.979010459962159,-2.125732361651272,0.40649331718790876,0.0032529931555055347,0.3943777872315587,0.6132075471698113,0.9746545729934061,0.8863290166798922,4.292495363252788,-2.869368338792089,0.5180838092839641,0.05723772467550331,1.0157879925783968,0.6415094339622641,1.9172488679711184,1.271689751471299,5.494259617768887,-3.2099378188050673,0.5467402280775484,0.08589414346908758,1.8078529867109796,1.0,0.21883967874730473,-0.01394021008732177
3923+8773,95,0.5052631578947369,0.1329063291568901,0.027220678825950057,2.7744782161984087,-2.1743570454045322,0.4064912522418622,0.003250928209458992,0.32930681058365885,0.6,0.9704213916157652,0.7387142482288046,4.238271024178898,-2.808760207837641,0.4994541814045146,0.03860809679605376,1.011554811200756,0.6631578947368421,1.9230706885138513,1.4475592097189784,5.412248993919587,-3.0960369364645546,0.5634242145911216,0.10257812998266075,1.8136748072537126,1.0,0.06900346335169544,-0.0020733244600531497
6299+8773,54,0.5370370370370371,0.24019031094881405,0.26441458755233527,2.6780757399603665,-1.9717973607731722,0.4060512701625496,0.0028109461301463745,0.4365907923755828,0.6111111111111112,1.579501962509286,0.9007018400095036,4.472471197988165,-2.5293369519374442,0.4778805658150834,0.017034481206622598,1.620635382094277,0.7037037037037037,2.8470793873893814,2.0262200030960176,6.260251232182676,-2.7266183566784283,0.5717217482621141,0.11087566365365326,2.7376835061292426,1.0,0.3799018631953369,-0.01776622348301521
2712+8038,54,0.5370370370370371,-0.07100227672533402,0.30570137570800526,2.4779957929315874,-2.2478375826299573,0.4060512701625496,0.0028109461301463745,0.12539820470143473,0.6111111111111112,0.6983391332585381,1.229630505078987,4.1280270733189175,-3.120726825376345,0.4778805658150834,0.017034481206622598,0.7394725528435289,0.6296296296296297,1.383599058546311,2.182113935230916,5.412444136835755,-3.5773968796812654,0.4962722279108102,0.03542614330234939,1.2742031772861722,0.0,0.25571122211169706,-0.02080043664373188
2741+8038,54,0.5370370370370371,-0.07100227672533402,0.30570137570800526,2.4779957929315874,-2.2478375826299573,0.4060512701625496,0.0028109461301463745,0.12539820470143473,0.6111111111111112,0.6983391332585381,1.229630505078987,4.1280270733189175,-3.120726825376345,0.4778805658150834,0.017034481206622598,0.7394725528435289,0.6296296296296297,1.383599058546311,2.182113935230916,5.412444136835755,-3.5773968796812654,0.4962722279108102,0.03542614330234939,1.2742031772861722,0.0,0.25571122211169706,-0.04638763251808281
2741+6201,69,0.5217391304347826,-0.004712844390659739,0.20381197681907284,2.7529531705067933,-2.147037843565362,0.4058705117523249,0.002630187719921684,0.191687637036109,0.6231884057971014,0.9532780659325648,0.8418597396364459,4.492702230833478,-2.866952327872185,0.5052166912305034,0.04437060662204256,0.9944114855175555,0.6521739130434783,2.119389693928141,1.9829318094707162,5.954114248812825,-3.1429419188323346,0.5344765769169533,0.07363049230849245,2.0099938126680024,1.0,0.11612999972999549,-0.0465683909283075
2692+7246,187,0.47593582887700536,-0.07746393055450784,-0.15061209162598552,2.8085755901158302,-2.380618924388593,0.4055610541958577,0.0023207301634544653,0.1189365508722609,0.5133689839572193,,,4.113289495310651,-3.2956509624473145,0.4421849879229693,-0.01866109668549154,,0.5294117647058824,,,5.095936748286261,-4.061969939258742,0.45800034362065395,-0.0028457409878068773,,1.0,0.04047607070155776,-0.003271876318949485
5467+7053,113,0.49557522123893805,0.06099395267624934,-0.025935405240713333,2.5619526602494815,-2.013128123509191,0.40506171133355484,0.0018213873011516113,0.2573944341030181,0.5309734513274337,0.5536842892251127,0.3039804639804623,4.005581106777589,-2.7127324364745773,0.43946105198257673,-0.021385032625884093,0.5948177088101034,0.5486725663716814,0.9825159780809867,0.5891737054719172,5.077028902396415,-3.1620136502197322,0.4568262460353993,-0.0040198385730615405,0.8731200968208478,1.0,0.45341250085356344,-0.01972973084624624
2692+4783,52,0.5384615384615384,0.2446810721728182,0.3885328395488098,3.2688778040046294,-2.125939303589719,0.405033783976834,0.001793459944430753,0.44108155359958695,0.6346153846153846,1.5331104043890003,1.2638874024272153,5.3210683792393745,-2.9678070251005013,0.49871428584801164,0.037868201239550814,1.574243823973991,0.7692307692307693,3.0836661083564483,3.1174605768177366,7.217562405486766,-3.340199397843953,0.6386595708887027,0.1778134862802419,2.9742702270963095,1.0,0.19493326930435978,-0.003799146537973197
2692+7861,52,0.5384615384615384,0.00872532783267236,0.39827565056819625,2.813881031315432,-2.363325252984459,0.405033783976834,0.001793459944430753,0.2051258092594411,0.5576923076923077,0.5504332765422874,0.7483558481869258,4.116328736621804,-3.1601677937831787,0.4233952499151638,-0.03745083469329702,0.5915666961272781,0.5192307692307693,0.6768019014280798,0.2639278690199577,5.079624559674806,-3.826465925443666,0.3868545397052721,-0.07399154490318871,0.567406020167941,1.0,0.05962509376758557,-0.003799146537973197
5102+6508,52,0.5384615384615384,0.284898307248915,0.5667206239941814,2.568610874319364,-2.0397287194987093,0.405033783976834,0.001793459944430753,0.48129878867568376,0.5769230769230769,0.4891602216577124,0.6423814889940639,3.6920168958716624,-2.7639550320083757,0.44194084979431497,-0.018905234814145855,0.5302936412427032,0.5961538461538461,0.7202800768791036,0.6725457389711577,4.5751238743163105,-3.220674731489072,0.4606733176249609,-0.00017276698349993902,0.6108841956189647,1.0,0.5640068070953101,-0.04034209206538719
2859+8773,91,0.5054945054945055,0.008309169099235651,0.027220678825950057,2.904883409304324,-2.207011402557242,0.4046479711950282,0.001407647162624981,0.2047096505260044,0.6263736263736264,0.9786010060203314,0.9307982937233384,4.30010174930156,-2.9518204486504853,0.5237577479753556,0.06291166336689474,1.0197344256053222,0.6373626373626373,1.6604736956771233,1.2569509315140384,5.345334837316601,-3.3123039554425016,0.5348810130309675,0.07403492842250664,1.5510778144169846,1.0,0.21152908881523882,-0.01034354908703472
8773+7246,111,0.4954954954954955,0.0025653198164169904,-0.12941662206590973,3.0567038875934434,-2.3952578309056394,0.4042012909311912,0.000960966898787996,0.19896580124318575,0.5405405405405406,0.4976476212026258,0.5719819819819884,4.441090841054458,-3.3086707957766888,0.44802693921571074,-0.012819145392750086,0.5387810407876166,0.5675675675675675,1.0738287629722378,0.7145644599303048,5.599981571141419,-3.9160889362614943,0.47466952682168206,0.013823442213221238,0.964432881712099,0.0,-0.19318370545629693,-0.00170236330901119
2712+7053,50,0.54,0.5699508711580422,0.47273207827135855,3.177519922024694,-1.7726729391581697,0.40398634328388083,0.0007460192514776032,0.7663513525848109,0.62,1.3713793309451874,1.229630505078987,5.143120068936007,-2.6026930546593157,0.48150195022393577,0.020655865615474944,1.4125127505301782,0.66,2.2780807435006976,1.56205193611783,6.64542172581612,-3.0339737016120627,0.5215356854148286,0.060689600806367816,2.168684862240559,1.0,1.291613952118375,-0.02286536352240065
6299+3923,48,0.5416666666666666,0.4339056305817293,0.26441458755233527,2.6490533313355424,-1.6433849716945585,0.4029083309494733,-0.0003319930829299156,0.6303061120084981,0.6458333333333334,1.6167306320275625,1.0302715198344627,4.4359759095996,-2.116898727134157,0.5043879645406409,0.043541879932180116,1.6578640516125533,0.7291666666666666,2.719658853036103,2.0262200030960176,6.300294866399038,-2.5530129891693245,0.5900276538379887,0.1291815692295279,2.6102629717759642,1.0,0.9994980159647435,-0.0209091626960915
9105+7053,76,0.5131578947368421,0.047732078224881444,0.07087492868291148,2.2580456420017185,-1.7969161206113147,0.40288499035495084,-0.0003553336774523852,0.2441325596516502,0.4605263157894737,0.3394637165037018,-0.22806841452510762,3.532682971303263,-2.5945329879449672,0.3530754655326989,-0.10777061907576191,0.38059713608869256,0.5,0.1910302299833066,-0.18307924468095693,4.434643592247805,-3.3763281608423235,0.3903240360982663,-0.0705220485101945,0.08163434872316774,0.0,-0.06081637553625113,-0.004488068556481262
6299+7246,63,0.5238095238095238,0.2993404272988788,0.24194372787809573,2.7649149244110776,-1.9369416272650317,0.4027014429047192,-0.0005388811276840211,0.4957409087256475,0.6349206349206349,1.5055228457049643,1.317548543689311,4.591024317582108,-2.4758105665217043,0.5114848159101393,0.05063873130167845,1.5466562652899551,0.6825396825396826,2.34229596729045,1.9829318094707162,6.192895465667075,-2.910412064228227,0.559962360918752,0.09911627631029113,2.232900086030311,1.0,0.672880893433695,-0.021116050740845604
8182+7053,63,0.5238095238095238,0.5626519404015097,0.09903380391141262,2.6915393497361184,-1.5737164113395725,0.4027014429047192,-0.0005388811276840211,0.7590524218282784,0.6031746031746031,1.2118694622123354,0.510616576600036,4.295340651497251,-2.1952372443369166,0.47980694060752427,0.018960855999063442,1.2530028817973262,0.6507936507936508,2.178976624784846,1.2864285714285597,5.741567999212285,-2.3969253554422427,0.5275123111600183,0.06666622655155746,2.0695807435247073,1.0,0.687120300937572,-0.017732084370511325
2913+2454,184,0.47282608695652173,0.08813166920518666,-0.26920228445099326,2.4646474566534065,-1.8865386204932384,0.4019813683842217,-0.0012589556481815145,0.2845321506319554,0.4945652173913043,0.4090570859306367,-0.037722010018044067,3.7636647251005435,-2.6900736704357686,0.42317652822528234,-0.03766955638317848,0.4501905055156275,0.5,0.8171743345629809,-0.007171958327285427,4.889914959865014,-3.3156348204950805,0.4284960248670839,-0.032350059741376946,0.7077784533028421,1.0,0.4962657746931903,-0.008099531410693916
7053+2537,74,0.5135135135135135,0.4029852609463193,0.06693964476803163,2.4119079929999336,-1.6762251449964203,0.40180918267194504,-0.001431141360458188,0.5993857423730881,0.6351351351351351,1.1634352944431086,0.9126984764940717,4.058215942973422,-2.2326017735820485,0.5213160229966365,0.06046993838817566,1.2045687140280994,0.581081081081081,1.2162452278089695,0.46443826979996505,5.152874163274029,-2.8760004982728993,0.4674007862451828,0.006554701636721949,1.1068493465488307,0.0,1.287507030016295,-0.0055055189816647365
8038+6255,46,0.5434782608695652,-0.3829855359041987,0.30570137570800526,2.2674339566680395,-2.495420299180233,0.4017993496608042,-0.001440974371599013,-0.18658505447742996,0.5652173913043478,0.3397739924748365,0.9007018400095036,3.7836830935935444,-3.3452573241190713,0.42247182776628217,-0.038374256842178656,0.38090741205982726,0.6086956521739131,1.0558770268096471,2.182113935230916,5.0812558408130455,-3.735177841662389,0.4645658371764493,0.0037197525679884547,0.9464811455495082,1.0,-0.09278028479777134,-0.022241242011108386
2692+6201,85,0.5058823529411764,0.05253896576266144,0.09903380391141262,2.7724664011648117,-2.1187981390719353,0.40166252134606184,-0.0015778026863413896,0.24893944718943017,0.5764705882352941,0.7183593425487423,0.510616576600036,4.373448299575019,-2.8802328179477605,0.47036157660275524,0.009515491994294412,0.7594927621337331,0.6,1.5199156682892723,1.2864285714285597,5.686273430126097,-3.3161552704960773,0.49371248037407567,0.03286639576561484,1.4105197870291335,1.0,0.18138407220026612,-0.00717040916874534
6299+6508,61,0.5245901639344263,0.23597436550275397,0.24194372787809573,2.7627591728850875,-1.9944406138693893,0.4015694171531101,-0.0016709068792931103,0.4323748469295227,0.5737704918032787,1.140763944504284,0.836896819239712,4.334056629936182,-2.5480607129623745,0.44895006843512514,-0.011896016173335688,1.181897364089275,0.6557377049180327,2.1559936662697172,1.4922671375417853,5.881655066166683,-2.9695938810600104,0.5304951542045838,0.06964906959612299,2.0465977850095785,0.0,0.9659775626103959,-0.022248076492454694
2741+3923,61,0.5245901639344263,0.1648469630742289,0.20381197681907284,2.740491234453602,-2.011360292221362,0.4015694171531101,-0.0016709068792931103,0.36124744450099766,0.6557377049180327,1.3512844089356493,0.9595439403825613,4.4295264539800225,-2.5953406142294146,0.5304951542045838,0.06964906959612299,1.39241782852064,0.6885245901639344,2.5695220164519643,1.9829318094707162,6.009294543637787,-2.8162710126222668,0.5640832930215206,0.10323720841305978,2.4601261351918255,1.0,0.23214514211942583,-0.050869485527522296
8030+7053,105,0.49523809523809526,0.22087340175718725,-0.025935405240713333,2.5486453945330285,-1.6850915360721719,0.40147502342062186,-0.001765300611781373,0.417273883183956,0.5904761904761905,0.9363752030954754,0.634418057248536,4.118970504455538,-2.4018087121991187,0.4948430702530234,0.03399698564456255,0.9775086226804661,0.5619047619047619,1.2132096779793744,0.5589542483660105,5.243235060475727,-2.9440957817901463,0.4664816913835179,0.005635606775057089,1.1038137967192356,1.0,0.3659007986446681,-0.022066138009549707
8030+8773,72,0.5138888888888888,0.049541960675421576,0.2228778523485843,2.8222482838864633,-2.1235366842537267,0.4006955591019895,-0.002544764930413723,0.24594244210219032,0.5972222222222222,0.9448663537917903,0.7441556762698355,4.531140111857923,-2.9116183867298946,0.4818046137128726,0.02095852910441176,0.985999773376781,0.625,1.8923076387614444,1.56205193611783,5.992120581070069,-3.3393469599298364,0.5095268590406966,0.048680774432235785,1.7829117575013056,1.0,0.21351937441264057,-0.022845602328182057
3675+2692,44,0.5454545454545454,0.9495826139586669,0.8032667161872833,3.4562672584828182,-2.136446253783464,0.4006593217065349,-0.0025810023258683312,1.1459830953854357,0.6363636363636364,2.0335191306877984,1.52301315257271,5.303196846116169,-2.7734395554964193,0.4886610727889105,0.027814988180449696,2.074652550272789,0.6818181818181818,2.5731983681722705,1.7370398044040216,6.3410344305263076,-3.15342759066498,0.5344282746687306,0.07358219006026973,2.4638024869121318,1.0,1.6304363094985972,-0.015245286606187514
2803+7074,44,0.5454545454545454,0.7469706314851723,0.2979904521598288,3.3463810217003043,-1.929917838689426,0.4006593217065349,-0.0025810023258683312,0.9433711129119411,0.5,0.7125961410391984,0.12333333333333542,4.309546007068242,-2.769463294155136,0.35831521095931473,-0.10253087364914609,0.7537295606241892,0.4318181818181818,0.052136572029994645,-0.6298638063253991,4.8799927015869375,-3.75649397120804,0.2968250416485458,-0.16402104295991504,-0.05725930923014421,1.0,1.258231995297109,-0.01224961523446455
2741+4783,44,0.5454545454545454,0.5424717585658555,0.3885328395488098,3.4751007539895014,-1.7775827810156215,0.4006593217065349,-0.0025810023258683312,0.7388722399926242,0.6818181818181818,2.239906432022217,1.6602049284444023,5.733691504734461,-2.464595598909284,0.5344282746687306,0.07358219006026973,2.2810398516072077,0.8181818181818182,4.17895483229341,3.297510237401118,7.8118203297257365,-2.642769121938423,0.6803916324485767,0.21954554784011587,4.0695589510332715,1.0,0.25691228965643126,-0.05177958097409752
3193+6255,44,0.5454545454545454,0.14771263982332875,0.5667206239941814,2.858581403711601,-2.137768263104812,0.4006593217065349,-0.0025810023258683312,0.3441131212500975,0.5909090909090909,0.5246652336473878,0.4839326239004006,4.337518971484287,-3.023428893051103,0.44409492646606574,-0.016751158142395084,0.5657986532323785,0.6363636363636364,0.82511171380977,1.3893478544851725,5.302649303728303,-3.656626771168146,0.4886610727889105,0.027814988180449696,0.7157158325496311,1.0,0.4987168174049069,-0.019731013863106994
7053+7246,83,0.5060240963855421,0.3120803086886635,0.20381197681907284,2.8809634616865973,-1.9174841741315738,0.4006020980792863,-0.0026382259531169128,0.5084807901154322,0.5783132530120482,0.9281277491619757,0.919383209594531,4.702201614444703,-2.7510157790197476,0.47092628420898824,0.010080199600527417,0.9692611687469664,0.6024096385542169,1.4000883896366674,0.8798230088495497,5.8426637114124755,-3.165047051756143,0.4948463779413774,0.0340002933329166,1.2906925083765286,1.0,0.8368552231594499,-0.006712603574323461
8030+2913,81,0.5061728395061729,0.16256652531193255,0.10604068857589702,2.465990556678204,-1.8090504732182182,0.39950597087536205,-0.0037343531570411814,0.3589670067387013,0.5802469135802469,0.4139546077069366,0.474037819799782,3.7367174743538913,-2.668116980514818,0.47153462831375703,0.010688543705296205,0.4550880272919274,0.5308641975308642,0.3172798007477154,0.1695932678822,4.523675081980048,-3.3633198300925993,0.4232652726062298,-0.03758081200223101,0.20788391948757654,1.0,0.45424805464573476,-0.024035190554809516
6508+6201,81,0.5061728395061729,0.15500399687631167,0.09903380391141262,2.8362438672763304,-2.0276686803637425,0.39950597087536205,-0.0037343531570411814,0.3514044783030804,0.5679012345679012,0.7292422102567526,0.510616576600036,4.365414580806671,-2.770391111059306,0.4593724052942849,-0.001473679314175913,0.7703756298417433,0.6049382716049383,1.6054845663953707,1.2864285714285597,5.739026908608889,-3.219417538321599,0.4960527758726388,0.03520669126417797,1.496088685135232,1.0,0.14142703245459184,-0.0037647597909017394
5527+6508,42,0.5476190476190477,0.39281406777096073,0.539749700322394,3.5105093636679223,-2.620078172712466,0.399488627471227,-0.003751696561176243,0.5892145491977294,0.5476190476190477,0.9091808255808453,0.4907667900581659,5.098213855825584,-3.7744841985218742,0.399488627471227,-0.06135745713723384,0.9503142451658361,0.6428571428571429,2.4300766016489566,1.6632295641176786,6.664011923809648,-4.181499170840413,0.49166089287079373,0.030814808262332904,2.320680720388818,1.0,0.08512433653628598,-0.024265511642417636
5102+8030,42,0.5476190476190477,0.2204998910339157,0.3385119916055658,2.30203587542128,-1.6256211639180136,0.399488627471227,-0.003751696561176243,0.41690037246068445,0.5952380952380952,1.0846037844566436,0.3266161561038251,3.7056579744702396,-2.0877163718366103,0.4449404552817742,-0.0159056293266866,1.1257372040416345,0.6428571428571429,1.8480335102263608,1.0085843508437489,4.886821309596744,-2.241786711992636,0.49166089287079373,0.030814808262332904,1.738637628966222,0.0,1.2509027237253725,-0.04588724857099419
6508+7861,42,0.5476190476190477,-0.02484298733944242,0.7451856596643537,2.8421328037142923,-2.3054746557152503,0.399488627471227,-0.003751696561176243,0.17155749408732632,0.5476190476190477,0.2856301021419271,0.7483558481869258,3.8520633042020584,-3.1032995256073175,0.399488627471227,-0.06135745713723384,0.32676352172691786,0.5,0.26804265129835925,-0.04129662077595561,4.511047559460628,-3.91520836365902,0.3552574591652803,-0.10558862544318054,0.1586467700382204,1.0,0.3387676774068768,-0.003782103195036801
2712+8773,68,0.5147058823529411,0.16441924849031322,0.2228778523485843,3.061583560527471,-2.2321985502790294,0.3983454954746292,-0.004894828557774011,0.360819729917082,0.6029411764705882,0.9871582273510869,1.229630505078987,4.846992879437936,-3.1643114089947098,0.4841583838253139,0.023312299216853072,1.0282916469360777,0.6617647058823529,2.0514187665328945,2.0262200030960176,6.3749580570888655,-3.6257756703375277,0.5433701723652863,0.08252408775682546,1.9420228852727557,0.0,0.945632907645193,-0.028506211331652265
3675+3923,40,0.55,0.9547228278545876,0.9387670745622902,3.2895826609838776,-1.937650300449551,0.3982882988844078,-0.00495202514799542,1.1511233092813564,0.75,2.223826635525074,1.5105750474552029,5.3423383031070415,-2.495801320374042,0.5980574093302989,0.1372113247218381,2.264960055110065,0.825,3.2455674978995774,2.300450673022263,6.5040322747549855,-2.6951062993141264,0.6804970794560756,0.2196509948476148,3.1361716166394387,1.0,1.0546550021930743,-0.017616309428314603
4304+8405,40,0.55,0.6916389036059905,0.7624095794099329,3.1483950010558575,-1.7982335881129745,0.3982882988844078,-0.00495202514799542,0.8880393850327593,0.625,1.5882328708903486,1.2902660833976778,5.3800837462623505,-2.890207013147595,0.4703216005453191,0.009475515936858248,1.6293662904753394,0.6,2.2887407152729207,1.176898422976618,6.948088263504966,-3.316136633476893,0.44595619827393507,-0.01488988633452576,2.179344834012782,1.0,0.7828468611847605,-0.03660339832699183
8773+6508,124,0.4838709677419355,0.14837463432884906,-0.13922485279862049,2.945139443983297,-2.1121421206858164,0.3977251649074819,-0.005515159124921343,0.3447751157556178,0.5806451612903226,0.7662277939868324,0.6925829305660148,4.300264422188313,-2.8618729238816933,0.4926480774593792,0.03180199285091839,0.8073612135718231,0.6048387096774194,1.601691831470497,0.9296100525073282,5.4257825861863935,-3.318795253153924,0.5168822918241137,0.05603620721565289,1.4922959502103583,1.0,0.2849137132908291,-0.008178489332720529
2454+2537,97,0.4948453608247423,0.3019862307899479,-0.06182328190742034,2.51373751870444,-1.8965051999889835,0.3974565165320966,-0.005783807500306604,0.49838671221671665,0.6288659793814433,0.7913304185413925,0.9872456622736215,3.9185762950242147,-2.5303072284337573,0.52953581425912,0.06868972965065917,0.8324638381263832,0.5876288659793815,1.1513767291287567,0.7134939759036164,4.961046496647934,-3.098071760907547,0.4881528773280669,0.027306792719606066,1.0419808478686179,0.0,1.3106097829670287,-0.00991311463307426
7246+6201,66,0.5151515151515151,0.10286643599119677,0.2228778523485843,2.9007208427228726,-2.1803290354305194,0.39710384843935753,-0.006136475593045698,0.2992669174179655,0.5909090909090909,1.0479498538700571,1.0302715198344627,4.682100197714471,-2.874757844986395,0.47048971538288953,0.009643630774428702,1.089083273455048,0.6666666666666666,2.1865247019590743,2.1911655187405388,6.215310191470264,-3.317388642614547,0.5465611809612104,0.0857150963527496,2.0771288206989356,1.0,0.27348776207506365,-0.007929307330418245
6299+2692,66,0.5151515151515151,0.19057150160967984,0.2228778523485843,2.6637601117382657,-2.010302333456115,0.39710384843935753,-0.006136475593045698,0.3869719830364486,0.5909090909090909,1.267967429348431,0.9007018400095036,4.343323321332686,-2.5736459627631705,0.47048971538288953,0.009643630774428702,1.309100848933422,0.6363636363636364,2.0111959471810685,1.4699131736303819,5.8723821445047,-3.0264876723998038,0.5157941737921341,0.05494808918367328,1.9018000659209298,1.0,0.6849128883828801,-0.02671364520620728
8030+6201,66,0.5151515151515151,0.13173298465837618,0.2228778523485843,2.861061160301395,-2.107539977069905,0.39710384843935753,-0.006136475593045698,0.32813346608514493,0.6060606060606061,1.0150864883780681,0.9007018400095036,4.662612350890435,-2.8500953566449367,0.48548180775863853,0.024635723150177702,1.056219907963059,0.6515151515151515,2.0919092621908018,2.0262200030960176,6.1678513916181315,-3.3248076748715985,0.5311193560366315,0.07027327142817069,1.982513380930663,1.0,0.36493708501377714,-0.026437312990814033
7246+4118,38,0.5526315789473685,0.2783631763065565,0.7210146032347088,3.6641185887620615,-2.2845855382897886,0.3970602917908942,-0.006180032241509037,0.47476365773332524,0.5789473684210527,1.555486382918677,1.6563598710984497,5.765390480640091,-3.2118319805661883,0.4219207061312732,-0.03892537847718763,1.5966198025036678,0.5789473684210527,2.754593263149324,3.2154418807235507,7.326823368417642,-3.8077750227927605,0.4219207061312732,-0.03892537847718763,2.645197381889185,0.0,-0.22527620790560987,-0.007972863978881584
8038+2537,38,0.5526315789473685,0.23121134839264895,0.7558254046133462,2.623199329490941,-2.2848449720202417,0.3970602917908942,-0.006180032241509037,0.4276118298194177,0.6842105263157895,,,4.1822047819847965,-2.894798082518093,0.5254394356005149,0.06459335099205404,,0.5263157894736842,,,5.1141554472089705,-3.5431426824660255,0.37258710742710854,-0.08825897718135228,,0.0,1.1608123755523394,-0.02698029988101841
8030+2537,53,0.5283018867924528,0.4265510673999525,0.6449872896743748,2.6152412214803,-1.8293506263844692,0.39659852300756443,-0.0066418010248388,0.6229515488267212,0.6226415094339622,,,3.6691008100276106,-2.565442917922605,0.488066502360923,0.0272204177524622,,0.4716981132075472,,,4.275846750892292,-3.3239314457643965,0.3438202760898141,-0.11702580851864675,,0.0,1.7535401628496268,-0.026942638422607135
8030+2692,104,0.49038461538461536,-0.06876124323936504,-0.07767601365331153,2.6398287879495155,-2.1671110878858233,0.3963741966018601,-0.006866127430543156,0.1276392381874037,0.5384615384615384,,,4.16419875025838,-3.074443176786077,0.44299130382874746,-0.017854780779713364,,0.5480769230769231,,,5.485589774915112,-3.7308912319905216,0.4524161758019089,-0.008429908806551922,,1.0,0.03542390832540321,-0.02716696482831149
3923+2454,104,0.49038461538461536,0.12679892725944897,-0.04110406939997299,2.633659473943759,-1.9671559041295557,0.3963741966018601,-0.006866127430543156,0.3231994086862177,0.5384615384615384,0.6716246850548159,0.3448049061247117,4.041580968095231,-2.664644845022896,0.44299130382874746,-0.017854780779713364,0.7127581046398066,0.5769230769230769,1.1218383249364428,0.7875118421575334,5.0798405661051556,-3.2131889110435212,0.4808963374391583,0.020050252830697446,1.012442443676304,1.0,0.09329918441645006,-0.012190380100055298
8182+2454,104,0.49038461538461536,0.19799180471327457,-0.04110406939997299,2.8648520205259804,-1.8823974299637263,0.3963741966018601,-0.006866127430543156,0.3943922861400433,0.5961538461538461,0.8933689165654187,0.6925829305660148,4.241701025038453,-2.7383350694255464,0.5000569405592721,0.03921085595081125,0.9345023361504095,0.6057692307692307,1.4981443662795506,0.8706763586305001,5.3989299539954665,-3.26077640652057,0.5096903738886607,0.04884428928019985,1.3887484850194118,0.0,-0.005176514216701289,-0.02405933067337046
2803+7562,95,0.49473684210526314,0.3662403228476995,-0.08379500857306862,2.847696680028562,-2.127766264892436,0.3963740546246646,-0.006866269407738657,0.5626408042744682,0.5684210526315789,0.8391531631043107,0.7641270674717805,4.282785716096461,-2.9855936862855863,0.46808026950252796,0.0072341848940671305,0.8802865826893014,0.5473684210526316,0.8742197141918223,0.5446799354491595,5.2374978847777784,-3.7753847579328617,0.44738087012743116,-0.013465214481029664,0.7648238329316834,1.0,0.5217448794312706,-0.016534882316334876
2454+7246,93,0.4946236559139785,0.3018031074920415,-0.12941662206590973,3.047923252992207,-1.9555804624452713,0.39525719013807575,-0.007983133894327477,0.4982035889188102,0.5698924731182796,0.9469561155027564,0.9307982937233384,4.706055376560023,-2.732632897264425,0.46847341614888394,0.00762733154042311,0.9880895350877471,0.6129032258064516,1.5051494549846287,0.8615297084114505,5.945283973933471,-3.4944135345159464,0.5113079516226956,0.050461867014234774,1.39575357372449,1.0,0.24641166059976166,-0.012112441027095133
4304+6255,73,0.5068493150684932,-0.09051860150890917,0.22572215759504757,2.8256636214802255,-2.5903914602729,0.39472044284713675,-0.008519881185266476,0.10588187991785958,0.5616438356164384,0.6529066180457737,0.9595439403825613,4.367947868962091,-3.6154738890326765,0.4475757167181133,-0.013270367890347523,0.6940400376307644,0.589041095890411,1.213839928499379,0.8615297084114505,5.6339952975983465,-4.087516684727728,0.4744901519219834,0.013644067313522579,1.1044440472392403,0.0,0.4461605861226439,-0.04017125436426289
2712+3923,49,0.5306122448979592,0.2670699001994616,0.24194372787809573,2.8660616854185164,-1.9952506696831194,0.3938062701991985,-0.009434053833204725,0.46347038162623033,0.6530612244897959,1.6052199825352544,1.35826191087161,4.684178787158812,-2.5817908433809893,0.5131093521943978,0.05226326758593697,1.6463534021202453,0.7551020408163265,3.2423751136928147,2.505021591610128,6.505472169027003,-2.78534121679786,0.619134127396842,0.1582880427883812,3.132979232432676,1.0,0.30496692721704116,-0.03304543660708298
4304+4783,32,0.5625,0.3779976663605262,0.6933807101789636,3.381078827582324,-2.3129291693728256,0.3932530203122613,-0.009987303720141949,0.5743981477872949,0.65625,2.083543651725253,2.3970390556302057,6.069809302182443,-3.316404328995919,0.4831077350878594,0.022261650479398598,2.1246770713102436,0.75,4.033645403875186,4.681431227330939,8.25693502469614,-3.5613929231609847,0.5789310822975338,0.11808499768907293,3.924249522615047,0.0,1.3821491218473174,-0.04163867689913836
9511+7053,32,0.5625,0.3884344996489688,0.3837098390362327,2.2873264351687643,-1.5667697127870077,0.3932530203122613,-0.009987303720141949,0.5848349810757376,0.5625,0.931734418091993,0.30776597021449537,3.52570956334442,-1.9184078209488433,0.3932530203122613,-0.06759306429619955,0.9728678376769837,0.5625,0.9397933897449819,0.49882070200909967,4.884650305644997,-2.2430748976513666,0.3932530203122613,-0.06759306429619955,0.8303975084848431,1.0,0.6535789886844832,-0.030142229602902526
8405+8773,32,0.5625,0.7205997692903761,0.6760249124212404,3.4305393563757645,-1.784468648120783,0.3932530203122613,-0.009987303720141949,0.9170002507171449,0.625,1.8276597073930865,1.229630505078987,5.787802797950411,-2.912700005979562,0.4525410058952512,-0.008305078713209624,1.8687931269780773,0.65625,3.560936443836363,2.6732342365299133,7.750605012407333,-3.10780972181803,0.4831077350878594,0.022261650479398598,3.4515405625762243,1.0,0.36046317253977295,-0.041475846136677985
9511+6201,32,0.5625,0.19152352052404023,0.26441458755233527,2.4943337559551066,-1.8649625188173329,0.3932530203122613,-0.009987303720141949,0.387924001950809,0.65625,1.061505675663109,0.9007018400095036,3.801630511818555,-2.147270075667884,0.4831077350878594,0.022261650479398598,1.1026390952480998,0.71875,1.798981078531266,2.0262200030960176,5.141478930011505,-2.2282659840572583,0.5462516306188822,0.08540554601042133,1.6895851972711273,1.0,0.7755456194883774,-0.030142229602902526
8289+7074,32,0.5625,0.5247778471471488,0.3196239647640643,2.6596027530224493,-1.5717280532587732,0.3932530203122613,-0.009987303720141949,0.7211783285739175,0.6875,1.1867237310667371,1.0976089070400754,4.19742837940189,-2.1231998211663132,0.5143300030196761,0.0534839184112153,1.227857150651728,0.625,2.4223442554022054,1.6390043493092301,6.266093397169673,-2.401306938134178,0.4525410058952512,-0.008305078713209624,2.3129483741420667,1.0,0.7638581694488527,-0.009669701046997436
2741+2454,60,0.5166666666666667,0.26484248101423363,0.15142289036524273,3.086199590703745,-2.0707230027080756,0.39307594850843575,-0.010164375523967484,0.4612429624410024,0.6166666666666667,1.1632445778148717,0.9305269182158173,4.95900544703865,-2.988401830015216,0.4901736454040314,0.029327560795570584,1.2043779973998625,0.6333333333333333,2.1187049261317443,1.366993890573769,6.423493543724081,-3.4210383502575095,0.5068276736679672,0.04598158905950639,2.0093090448716056,1.0,0.0031136426568986464,-0.05936295417219667
4304+4846,47,0.5319148936170213,0.12875832310208765,0.5351219512195239,3.200818222376883,-2.3492808510878618,0.3923214192677079,-0.010918904764695314,0.32515880452885637,0.574468085106383,0.39681616205564546,0.9773873873874007,4.820718430090341,-3.716828442895976,0.43281668771211546,-0.02802939689634537,0.43794958164063624,0.5957446808510638,1.2189742002498507,1.6179204107830627,6.038779024609544,-4.255929045078246,0.4534186823631264,-0.007427402245334447,1.109578318989712,0.0,1.3867335635923281,-0.042570277943691726
4304+6201,47,0.5319148936170213,0.20673348417713902,0.5096658539098177,2.9145567758802775,-2.1488311148241,0.3923214192677079,-0.010918904764695314,0.4031339656039078,0.6382978723404256,1.3755693792716024,1.35826191087161,4.857927303648098,-2.915146478183105,0.4953563457177045,0.034510261109243656,1.4167027988565932,0.6382978723404256,2.3290268624478916,1.9829318094707162,6.305115354371038,-3.381889848854463,0.4953563457177045,0.034510261109243656,2.219630981187753,0.0,1.0886540873006993,-0.042570277943691726
3193+4846,47,0.5319148936170213,0.13823662515650945,0.4103422053231932,3.200348416332463,-2.1355678759916263,0.3923214192677079,-0.010918904764695314,0.33463710658327817,0.5531914893617021,0.2606883654831661,0.5916339869281019,4.533363463289625,-3.3257710228139894,0.4124521373875824,-0.04839394722087842,0.3018217850681569,0.5957446808510638,0.8632872624501298,1.0687581699346407,5.336505357773946,-3.8273142808999197,0.4534186823631264,-0.007427402245334447,0.7538913811899909,1.0,0.4067655088370148,-0.028068916301933977
8182+3675,47,0.5319148936170213,0.64380024806069,0.5698335467349703,3.27307231723074,-2.303840030300322,0.3923214192677079,-0.010918904764695314,0.8402007294874587,0.6595744680851063,1.656179600651983,1.0191940967951887,5.008565642212656,-3.0396215160009663,0.5167065950530297,0.05586051044456891,1.697313020236974,0.7021276595744681,2.4851737896990844,1.6179204107830627,6.04579472798866,-3.404877074720239,0.5602205595363459,0.09937447492788504,2.3757779084389457,1.0,0.8826621906621546,-0.028112108007522618
7246+6255,105,0.4857142857142857,-0.123503647157041,-0.14903308353133124,3.0189313562692686,-2.624853458393486,0.3923202449996005,-0.010920079032802732,0.07289683426972775,0.5238095238095238,0.2540098349688497,0.3350819672131068,4.428218237494717,-3.646041545949206,0.4291367039754026,-0.031709380633058226,0.2951432545538405,0.5714285714285714,0.8034526884896969,0.6305270180120105,5.578060386756085,-4.2265185782051615,0.47590151019505855,0.015055425586597726,0.694056807229558,0.0,-0.021219420507174375,-0.012712910770175279
2741+9511,30,0.5666666666666667,0.08096724106140203,0.26441458755233527,2.4801287078995364,-1.8723863716634834,0.39197009545408734,-0.011270228578315888,0.27736772248817076,0.6666666666666666,0.9774111843638694,0.9007018400095036,3.5460510797558342,-2.1364180776026904,0.4877972581383026,0.026951173529841776,1.0185446039488601,0.7333333333333333,1.7421902943246308,2.0262200030960176,4.864982096396245,-2.2228137132180237,0.5555169795568831,0.09467089494842224,1.632794413064492,1.0,0.5303370783498116,-0.060468807226545074
2454+4118,30,0.5666666666666667,0.6267523807350083,0.8598626219270035,3.8379102716430893,-1.9808302394813373,0.39197009545408734,-0.011270228578315888,0.823152862161777,0.6666666666666666,2.13483334378263,2.6091867488906506,6.316919396108493,-2.7906411064741183,0.4877972581383026,0.026951173529841776,2.1759667633676205,0.6666666666666666,3.5508802828413195,3.1062072621794212,8.308053498605895,-3.3708253841197657,0.4877972581383026,0.026951173529841776,3.4414844015811807,0.0,-0.01957279563417394,-0.015399535711083545
9511+8773,30,0.5666666666666667,0.08096724106140203,0.26441458755233527,2.4801287078995364,-1.8723863716634834,0.39197009545408734,-0.011270228578315888,0.27736772248817076,0.6666666666666666,0.9774111843638694,0.9007018400095036,3.5460510797558342,-2.1364180776026904,0.4877972581383026,0.026951173529841776,1.0185446039488601,0.7333333333333333,1.7421902943246308,2.0262200030960176,4.864982096396245,-2.2228137132180237,0.5555169795568831,0.09467089494842224,1.632794413064492,1.0,0.5303370783498116,-0.031425154461076465
3193+7909,30,0.5666666666666667,0.6209471983170195,0.4869749532882929,3.4397368575153253,-1.84762844555171,0.39197009545408734,-0.011270228578315888,0.8173476797437882,0.7,1.7935105465902128,1.0444480517886758,5.139737168322162,-2.323794077274432,0.5212387898833981,0.060392705274937286,1.8346439661752036,0.7666666666666667,2.413180620609561,1.7112162256703691,6.090451619829992,-2.5628330936891137,0.5907132766967573,0.1298671920882965,2.3037847393494224,1.0,0.8102851833069245,-0.02842024011555455
2859+2454,87,0.4942528735632184,0.08273690257622927,-0.025935405240713333,2.827905393905963,-1.8460718010052406,0.39168097748132213,-0.011559346551081096,0.27913738400299803,0.6091954022988506,0.951989013386788,0.7387142482288046,4.239375498172452,-2.561198126531884,0.5041319615871446,0.043285876978683746,0.9931224329717787,0.5977011494252874,1.2988524369518513,0.8615297084114505,5.2518008848643065,-3.147836440262692,0.4926454875362509,0.0317994029277901,1.1894565556917125,0.0,-0.13096921271439765,-0.023310542800740797
2712+2454,45,0.5333333333333333,0.44396894708889134,0.24194372787809573,3.346754677122653,-2.1044784066527336,0.39077208862410456,-0.012468235408298667,0.64036942851566,0.6,1.3913009304773716,1.5293894487255424,5.482123819187228,-3.141046176525298,0.4545159420914473,-0.006330142517013526,1.4324343500623624,0.6888888888888889,2.8733750772777014,2.505021591610128,7.254240036943611,-3.640055181191971,0.5433492001245103,0.08250311551604944,2.7639791960175626,1.0,0.0982544791900746,-0.03607961818217692
4783+6508,45,0.5333333333333333,0.15445242091826675,0.24194372787809573,3.2620703947109413,-2.182315458388553,0.39077208862410456,-0.012468235408298667,0.3508529023450355,0.6444444444444445,1.3712825232178238,1.1695128939828205,5.1605468958181,-2.923132211219867,0.49835546011952203,0.037509375511061205,1.4124159428028147,0.7777777777777778,3.08925530343903,2.957683302526175,7.0981183982955836,-3.3039452321660425,0.637304262026367,0.1764581774179062,2.979859422178891,1.0,0.08350397364972792,-0.01426169535272942
6821+9051,45,0.5333333333333333,0.4648434946567408,0.11777777777777679,2.6465554961213957,-1.65234583599112,0.39077208862410456,-0.012468235408298667,0.6612439760835096,0.5555555555555556,1.139998896371729,0.45470911086718424,4.383685743962807,-2.2283018660638594,0.4117588341636532,-0.049087250444807606,1.1811323159567197,0.5111111111111111,1.9068638654373626,0.090391236306724,5.681636670616409,-2.6365712291259316,0.37004224326489743,-0.0908038413435634,1.7974679841772239,1.0,0.6923318906129199,-0.0215419802815211
4846+4783,28,0.5714285714285714,0.48241619970035465,0.5493648262364582,3.7960397357080504,-2.220866101050692,0.390704789856154,-0.012535534176249252,0.6788166811271235,0.6428571428571429,1.6832720018427625,1.574641159517436,6.211121635991522,-3.390578536197235,0.4582997758222724,-0.002546308786188445,1.7244054214277533,0.75,3.824397186046515,3.7389442129673367,8.336640492094217,-3.67056550095731,0.566439747592954,0.10559366298449319,3.715001304786376,1.0,0.22782419304798146,-0.02329990547837174
2859+7562,76,0.5,-0.12597948131636005,0.0006426367926183618,2.5394985341291494,-1.9009915341356756,0.3903240360982663,-0.012916287934136905,0.0704210001104087,0.5921052631578947,0.501215538157731,0.5511252817640689,3.685029386130378,-2.676841994256481,0.47978347984220315,0.018937395233742327,0.5423489577427217,0.5789473684210527,0.7780794914237175,0.6743432001649886,4.578066028479684,-3.180840899384454,0.46678201550241605,0.005935930893955221,0.6686836101635786,0.0,-0.22125259678854187,-0.024667484183796606
8030+3923,56,0.5178571428571429,0.31134438897378663,0.2228778523485843,2.8365153353036874,-1.8276371082821254,0.3901016225125491,-0.013138701519854135,0.5077448704005554,0.6428571428571429,1.4354343423598814,1.0302715198344627,4.615114967091119,-2.40194891488266,0.5119364571733127,0.05109037256485188,1.4765677619448723,0.6964285714285714,2.6168930126334575,2.2254021288562176,6.247765373560448,-2.862029013608969,0.5666388751588567,0.10579279055039587,2.5074971313733188,1.0,0.5170836693302933,-0.03343953891762247
2712+6201,56,0.5178571428571429,0.01427408810227171,0.2228778523485843,2.862387030909385,-2.19668961038812,0.3901016225125491,-0.013138701519854135,0.21067456952904046,0.6071428571428571,1.064889561142795,1.0302715198344627,4.716217504923377,-2.9608283297787485,0.476331653784818,0.015485569176357183,1.106022980727786,0.6964285714285714,2.6015311487359747,2.443158826300622,6.389698781405388,-3.2383371828450516,0.5666388751588567,0.10579279055039587,2.492135267475836,1.0,0.09288781398936471,-0.03675008429373239
8182+7562,92,0.4891304347826087,0.009824743075405484,-0.04110406939997299,2.599045441370289,-1.9461397872097987,0.3894853752162455,-0.013754948816157742,0.20622522450217423,0.5760869565217391,0.49188782300658074,0.4602454726025652,3.7670317690899187,-2.8783806475618925,0.4740525650293828,0.013206480420921984,0.5330212425915715,0.5869565217391305,0.9342917849550977,0.6743432001649886,4.6753166716556604,-3.3305576318339356,0.48483148595056913,0.023985401342108303,0.8248959036949588,0.0,-0.0809199037784365,-0.030948152058985046
5527+6201,26,0.5769230769230769,0.6489788320073206,0.39827565056819625,3.4128766136489213,-1.944696538961277,0.3894829692111983,-0.013757354821204937,0.8453793134340895,0.6923076923076923,2.4603706179432967,1.0302715198344627,5.965111662497147,-2.5556287221396072,0.5001138848576876,0.03926780024922677,2.5015040375282873,0.7307692307692307,4.4627229307226735,3.1057485130159312,8.119728278725695,-2.683156308116627,0.5391659658023868,0.07831988119392602,4.353327049462535,1.0,0.0619338289130536,-0.03427116990244633
4728+2712,26,0.5769230769230769,0.031767495043110244,0.8001537934464944,2.895051819875675,-2.4349319222649615,0.3894829692111983,-0.013757354821204937,0.228167976469879,0.5384615384615384,-0.33516071923225793,0.3599934864636435,4.046662861261757,-3.329092550972158,0.35457636204430115,-0.10626972256415967,-0.29402729964726715,0.5,-0.03973383968958981,0.05722448979592522,4.907305714902147,-3.8912132646759767,0.3206030631500208,-0.14024302145844003,-0.14912972094972865,0.0,0.6246934832768567,-0.047348458853905484
7053+4118,26,0.5769230769230769,1.1065209829779286,0.6820605556407889,3.8227586159351437,-1.3791360093052847,0.3894829692111983,-0.013757354821204937,1.3029214644046974,0.8076923076923077,3.194899263614043,2.334290520152076,6.478326834982008,-1.779395182589511,0.6212336384535001,0.16038755384503928,3.2360326831990336,0.7692307692307693,4.621586276547813,3.2632994152776806,8.63481971920483,-1.989576344105366,0.5794807424804321,0.1186346578719713,4.512190395287674,1.0,1.0058007777597222,-0.017831732442411485
8405+8182,26,0.5769230769230769,0.9993995394568589,1.069159581926942,3.800100206692327,-1.7072621013068785,0.3894829692111983,-0.013757354821204937,1.1958000208836277,0.6538461538461539,1.800391880392754,1.229630505078987,5.879325791453515,-2.700574016566235,0.46220229009632996,0.0013562054878691332,1.841525299977745,0.7307692307692307,4.000283569857635,2.6732342365299133,8.04328081792241,-2.94070905144435,0.5391659658023868,0.07831988119392602,3.8908876885974966,1.0,0.8929572352784829,-0.04524589723774097
8030+7810,26,0.5769230769230769,-0.0557930888819906,0.4750698106162622,2.4600625549855675,-2.2726708827897038,0.3894829692111983,-0.013757354821204937,0.14060739254477814,0.5769230769230769,0.5873745616960029,0.4436310469728967,3.7333340116186133,-3.0451695382982433,0.3894829692111983,-0.07136311539726253,0.6285079812809936,0.6153846153846154,1.0056798394605588,1.1348034404774767,4.700665726118027,-3.4655469158528143,0.4253452003942009,-0.03550088421425995,0.89628395820042,0.0,0.41170568600093327,-0.03405819221897327
6255+6508,99,0.48484848484848486,-0.13128850274341755,-0.20525764530937116,2.8294732108977585,-2.4279335458005673,0.3888205792655413,-0.01441974476686192,0.0651119786833512,0.5555555555555556,0.40519381120320225,0.510616576600036,4.17909996535148,-3.2898048549411447,0.4574196546528411,-0.003426429955619703,0.44632723078819303,0.5959595959595959,1.054212314601977,0.8485106382978548,5.304538778736675,-3.8490116126350506,0.4974671538075806,0.03662106919911978,0.9448164333418382,1.0,0.05635836769167371,-0.014882683007195807
4304+5527,41,0.5365853658536586,0.023329044920881267,0.5096658539098177,3.136539211258847,-2.88481784550401,0.3874621534597436,-0.015778170572659622,0.21972952634765003,0.5609756097560976,1.0061642086513194,0.9595439403825613,5.086199849737098,-4.083677706004009,0.41040265151757305,-0.05044343309088778,1.0472976282363102,0.5609756097560976,1.510743987519595,0.7145644599303048,6.616373726297121,-4.7542233943326995,0.41040265151757305,-0.05044343309088778,1.4013481062594562,0.0,0.4978334380433402,-0.047429543751656034
5527+8182,41,0.5365853658536586,0.18231245655601505,0.28688544722657483,3.2422189923178966,-2.727970076907228,0.3874621534597436,-0.015778170572659622,0.3787129379827838,0.5609756097560976,0.9173262292492586,0.3350819672131068,4.799420366212112,-3.7697402457225553,0.41040265151757305,-0.05044343309088778,0.9584596488342493,0.6097560975609756,2.3818808122569486,1.2569509315140384,6.411397351582667,-4.2648378482091,0.45726583898692563,-0.003580245621535194,2.27248493099681,0.0,-0.10547549480595686,-0.036291985653901015
2859+4846,41,0.5365853658536586,0.46344853014442144,0.5636077012533925,3.3117596273531693,-1.9966286216268037,0.3874621534597436,-0.015778170572659622,0.6598490115711901,0.6341463414634146,1.429960310264193,1.100999099286364,5.124711603934784,-2.946054468540179,0.4812042325216125,0.02035814791315166,1.4710937298491837,0.6829268292682927,2.6577879924370724,1.6318367346938747,6.500718849183561,-3.365960756677215,0.5301551434425416,0.06930905883408073,2.5483921111769336,1.0,0.23068727909950396,-0.027529366822319323
2692+7562,95,0.4842105263157895,-0.0013085343935151355,-0.12941662206590973,2.650236264958861,-2.0339349885906306,0.38629885886325244,-0.016941465169150793,0.1950919470332536,0.5368421052631579,0.28854372177941995,0.3350819672131068,3.8564927025015048,-2.8628732452700234,0.4370951253863254,-0.023750959222135437,0.32967714136441073,0.5473684210526316,0.507095920653479,0.5446799354491595,4.806704314620751,-3.4651796065947655,0.44738087012743116,-0.013465214481029664,0.3977000393933401,0.0,-0.05636303191174191,-0.022534071651554743
8030+4783,39,0.5384615384615384,0.5250629328082977,0.24194372787809573,3.4004115712039096,-1.817471299133981,0.38569186821738816,-0.017548455815015074,0.7214634142350664,0.6923076923076923,2.4782669666974613,1.7910204081632621,5.8546705946731326,-2.477392567912853,0.5357845138443541,0.07493842923589328,2.519400386282452,0.8205128205128205,4.56481197810409,3.318060198463728,8.048728421960824,-2.621285326200045,0.6733164837555724,0.21247039914711158,4.455416096843951,1.0,0.05516574647258157,-0.03784929321278341
8182+6821,39,0.5384615384615384,0.5407487078248391,0.21060265693598104,2.934027374690789,-1.9895732409422977,0.38569186821738816,-0.017548455815015074,0.7371491892516078,0.6410256410256411,1.0579084565420862,1.0191940967951887,4.571624530225283,-2.888387333290541,0.484178631846895,0.023332547238434198,1.099041876127077,0.5897435897435898,1.608509484998953,0.7145644599303048,5.623746586093056,-3.2985821254863708,0.4341834847334491,-0.02666259987501174,1.4991136037388142,1.0,0.09203122192958459,-0.03474165905784238
9511+2454,39,0.5384615384615384,0.27966360058113554,0.20381197681907284,2.6364800782108615,-1.6824077313949921,0.38569186821738816,-0.017548455815015074,0.4760640820079043,0.6153846153846154,1.0164351532536062,0.8418597396364459,3.9288894288074094,-2.088958832893826,0.45898781310078474,-0.0018582715076760903,1.057568572838597,0.6410256410256411,1.4239002182967588,2.069508196721319,5.289234359754746,-2.409760779128692,0.484178631846895,0.023332547238434198,1.31450433703662,1.0,0.2370203385057351,-0.03770338169777565
7562+6201,50,0.52,-0.04456979428399551,0.15142289036524273,2.6578195662809696,-2.0287060519635323,0.38511512258808434,-0.018125201444318895,0.15183068714277323,0.56,0.2890467827425993,0.3822011068207055,4.0808460972116185,-2.9594448997209786,0.4230578680014353,-0.03778821660702553,0.3301802023275901,0.6,1.0625304595964442,1.1329128337968333,5.2551690035899625,-3.404415266406464,0.46181189102759373,0.0009658064191329085,0.9531345783363053,0.0,-0.09916470872210142,-0.01929962927459017
3923+7562,93,0.4838709677419355,-0.093106860963266,-0.05627273355923265,2.4173658877500985,-2.032310944656473,0.3849752909016495,-0.018265033130753727,0.10329362046350275,0.5161290322580645,0.2551722504356897,0.1703055326176585,3.5974308357024305,-2.7773377672507795,0.4159537133977668,-0.044892371210694004,0.2963056700206805,0.5591397849462365,0.6306671281279345,0.5891737054719172,4.430611657080498,-3.2538427818883133,0.4578797367909649,-0.00296634781749594,0.5212712468677956,0.0,-0.020618230220552675,-0.02358928580026587
2454+6508,135,0.4666666666666667,0.06873457171858087,-0.20525764530937116,2.806853548110864,-2.0019594454271017,0.38459894995150423,-0.018641374080898998,0.26513505314534963,0.5407407407407407,0.41536063461837286,0.3545278450363166,4.112259355498986,-2.9273677056219487,0.4567124577397594,-0.0041336268687014455,0.45649405420336364,0.5407407407407407,0.6570998467589906,0.5687951620406296,5.086465747677748,-3.638845371017465,0.4567124577397594,-0.0041336268687014455,0.5477039654988517,0.0,-0.11982221169182183,-0.022770681213666655
8038+7053,59,0.5084745762711864,-0.13140050474259388,0.035709168789925944,2.115328587820893,-1.7875444045915434,0.3843492802145344,-0.018891043817868824,0.06499997668417487,0.5254237288135594,0.5763103210797699,0.10181437360910386,3.751462499778332,-2.6098863522509532,0.40039576757312717,-0.060450317035333656,0.6174437406647606,0.5084745762711864,0.6644605874953656,0.090391236306724,4.939825042402531,-3.3833546829371395,0.3843492802145344,-0.07649680439392642,0.5550647062352267,0.0,0.17993620038336142,-0.0396913114573782
3923+4783,37,0.5405405405405406,0.2385662030418472,0.24194372787809573,3.183227920128912,-2.046774657633331,0.3838377952476737,-0.019402528784729534,0.43496668446861597,0.6486486486486487,1.7278042090569918,1.1695128939828205,5.294775662719056,-2.5815907750973763,0.48758729517569566,0.02674121056723483,1.7689376286419827,0.8108108108108109,3.889248465165302,2.9579608772969657,7.311859373057344,-2.7332615203190116,0.6579498842904441,0.19710379968198327,3.7798525839051633,1.0,0.0531190546225529,-0.024726781454241675
2454+7861,37,0.5405405405405406,0.02805491674575076,0.40815273583457057,2.9417996837520985,-2.268552727668491,0.3838377952476737,-0.019402528784729534,0.2244553981725195,0.5675675675675675,0.08065416357644947,1.0400000000000011,4.2088357447827205,-3.4335466200144977,0.40913906334200717,-0.05170702126645366,0.12178758316144024,0.5405405405405406,0.7130418785337939,2.6713097390854967,5.24784339613074,-4.2253960976661755,0.3838377952476737,-0.07700828936078713,0.603645997273655,0.0,1.0414806991546182,-0.02353183591749719
8773+7861,37,0.5405405405405406,-0.28238935757924005,0.5096658539098177,2.7785353530599455,-2.656844621449892,0.3838377952476737,-0.019402528784729534,-0.0859888761524713,0.5405405405405406,0.34630624531553766,0.4743205208989566,3.921090469978671,-3.5095248986323138,0.3838377952476737,-0.07700828936078713,0.38743966490052845,0.5135135135135135,0.9032995881125611,0.3624489795918385,4.799889484635102,-3.893718903862824,0.35894637225980913,-0.1018997123486517,0.7939037068524222,0.0,-0.28987866125831196,-0.02206585899252872
4118+6201,37,0.5405405405405406,0.32956034469847123,0.7390197784351172,3.481027640406289,-2.141188937357379,0.3838377952476737,-0.019402528784729534,0.52596082612524,0.6216216216216216,1.7575214762720321,1.1695128939828205,5.7525499674872975,-2.849890789075072,0.4610014255281996,0.00015534091973878894,1.798654895857023,0.6216216216216216,3.130766579758263,3.2769602763385075,7.548518654954473,-3.34570291600102,0.4610014255281996,0.00015534091973878894,3.0213706984981243,1.0,0.013940745111557379,-0.01796155441313052
8405+2712,37,0.5405405405405406,0.5899173999452716,0.5351219512195239,3.199180667817009,-1.888453029159197,0.3838377952476737,-0.019402528784729534,0.7863178813720404,0.5675675675675675,1.4569308750694796,0.6464516129032251,5.453500692340164,-3.1095650960629593,0.40913906334200717,-0.05170702126645366,1.4980642946544704,0.6216216216216216,2.896321474558119,2.069508196721319,7.292684542112296,-3.442857181379948,0.4610014255281996,0.00015534091973878894,2.78692559329798,1.0,0.6691672830035706,-0.05089107120126557
2741+8405,37,0.5405405405405406,0.5899173999452716,0.5351219512195239,3.199180667817009,-1.888453029159197,0.3838377952476737,-0.019402528784729534,0.7863178813720404,0.5675675675675675,1.4569308750694796,0.6464516129032251,5.453500692340164,-3.1095650960629593,0.40913906334200717,-0.05170702126645366,1.4980642946544704,0.6216216216216216,2.896321474558119,2.069508196721319,7.292684542112296,-3.442857181379948,0.4610014255281996,0.00015534091973878894,2.78692559329798,1.0,0.6691672830035706,-0.06860110743295872
5467+5527,35,0.5428571428571428,0.6224919107150395,0.28688544722657483,3.2094052017118484,-2.1193403904909043,0.3818945134013752,-0.021345810631028028,0.8188923921418083,0.6285714285714286,2.0659829286866387,0.9595439403825613,5.306175209863013,-2.9067331819330007,0.4633664048802107,0.002520320271749865,2.1071163482716293,0.6571428571428571,3.065102284031827,1.9829318094707162,6.961209714643914,-3.2609358775044317,0.4915164687273671,0.03067038411890627,2.955706402771688,0.0,-0.1508666648196928,-0.04289692877842588
4304+4118,35,0.5428571428571428,0.2842934824289565,0.6251013328464606,3.449461026783321,-2.2031840319272433,0.3818945134013752,-0.021345810631028028,0.48069396385572527,0.6,1.8641151328446788,1.9544578313252894,5.704155806119994,-3.095607950484206,0.4357241958151947,-0.0251218887932661,1.9052485524296696,0.6,3.1724883204153063,3.2496385542168538,7.268734554324561,-3.5347262757043625,0.4357241958151947,-0.0251218887932661,3.0630924391551675,1.0,0.0028882171564144077,-0.05299718381002444
6821+7562,136,0.4632352941176471,0.1584217018595422,-0.20873720645444668,2.691696955622836,-1.903787904662209,0.38159140797996516,-0.021648916052438072,0.354822183286311,0.5294117647058824,0.6034168751609718,0.3374214028331203,4.196881535136299,-2.705915445316587,0.44587133556869185,-0.014974749039768975,0.6445502947459625,0.5073529411764706,1.0541282620312726,0.1263591401659371,5.318380402536669,-3.296374652098556,0.42428765117860484,-0.036558433429855985,0.9447323807711338,1.0,0.39608930963106986,-0.030722660925660505
8182+4846,46,0.5217391304347826,0.5145116481117489,0.3837098390362327,3.271187173499385,-1.8974549714185596,0.38137172148151327,-0.02186860255088996,0.7109121295385177,0.6086956521739131,1.2199922188596943,0.8119195001453129,4.907479988244704,-2.836325606524315,0.4645658371764493,0.0037197525679884547,1.2611256384446852,0.6739130434782609,2.681523284839817,1.6248785727384687,6.510691409747801,-3.2531625802700574,0.5296746274432708,0.06882854283480994,2.572127403579678,1.0,0.39744374520743025,-0.039061805793717264
4304+6299,46,0.5217391304347826,0.370280055304011,0.39827565056819625,2.831108751529561,-1.9990518129933077,0.38137172148151327,-0.02186860255088996,0.5666805367307797,0.6304347826086957,1.6639012727690206,1.3379052272804606,4.660392642583645,-2.607130438907686,0.4859983314918479,0.025152246883387075,1.7050346923540114,0.6304347826086957,2.255943510301418,1.56205193611783,6.303845961429456,-3.191447266833086,0.4859983314918479,0.025152246883387075,2.146547629041279,1.0,0.4628419539090347,-0.05351997572988637
4846+6255,55,0.509090909090909,0.09829833257101916,0.20381197681907284,2.9015544870586454,-2.2410576390241004,0.38076038407484447,-0.02247993995755876,0.2946988139977879,0.5454545454545454,0.4151481386531547,0.3350819672131068,4.492616021127591,-3.2864531656280844,0.41522461348360484,-0.04562147112485598,0.4562815582381455,0.6,1.3452340258276583,1.0687581699346407,5.8641734164176365,-3.8345168175674664,0.4681256091064502,0.007279524497989354,1.2358381445675195,0.0,0.9971386005817413,-0.03324431125968125
9511+2692,33,0.5454545454545454,0.17939973597995923,0.24194372787809573,2.509432563082583,-1.8468929205615012,0.3798565794374957,-0.023383744594907552,0.375800217406728,0.6666666666666666,1.0988039629535054,0.9595439403825613,3.7785858223874604,-2.120645702962036,0.49607581799949974,0.03522973339103891,1.1399373825384962,0.7272727272727273,1.7637147556796025,1.9829318094707162,5.108183629256579,-2.199187189885066,0.5578211674561319,0.09697508284767103,1.6543188744194637,1.0,0.7473890509065819,-0.04353867047766813
9105+7074,33,0.5454545454545454,0.17009823141531027,0.15660412757974487,2.5696448551074016,-2.1917501830914827,0.3798565794374957,-0.023383744594907552,0.366498712842079,0.5454545454545454,-0.07255046611135468,0.35594746716698833,3.5382775005445635,-3.425400670080689,0.3798565794374957,-0.08098950517096515,-0.031417046526363915,0.42424242424242425,-1.217803222148438,-0.7479292403746073,3.9071467991973687,-4.77970895882493,0.272353589950299,-0.1884924946581618,-1.3271991034085768,1.0,0.23282942122498074,-0.027516479473936428
7246+7562,78,0.48717948717948717,0.0643886155757789,-0.16733713368764044,2.7275314961674586,-2.091950076908433,0.37948764475056745,-0.023752679281835776,0.26078909700254765,0.5256410256410257,0.3758525004829724,0.32769846392151536,4.060042996281207,-2.9016812211675753,0.4162457167544664,-0.044600367853994405,0.4169859200679632,0.5769230769230769,0.6493981213268618,0.571827147211761,5.050693454775393,-3.6839779293915798,0.46621355164287304,0.00536746703441221,0.5400022400667229,1.0,0.04880441040271688,-0.025545511019208322
2454+8773,92,0.4782608695652174,0.22188450143829475,-0.13922485279862049,3.100970900823166,-2.1136468664532075,0.3791196487621324,-0.02412067527027084,0.4182849828650635,0.5978260869565217,1.0160128971080304,0.7902869939326252,4.68915211826143,-2.8746662111557475,0.49565787685217577,0.034811792243714945,1.0571463166930213,0.6304347826086957,1.8425363935132726,1.0635773550937302,5.910092525810941,-3.3276238296334237,0.5284279942763104,0.06758190966784955,1.7331405122531338,0.0,-0.12386102615682909,-0.0282499824030385
8405+6255,31,0.5483870967741935,0.7495232047182925,0.5351219512195239,3.1001392837339714,-1.669901664096537,0.37771879603669134,-0.02552152799571189,0.9459236861450613,0.6129032258064516,1.7953882908979977,1.100999099286364,5.408712807395644,-2.685890972461291,0.43823801141131963,-0.0226080731971412,1.8365217104829885,0.6774193548387096,3.5962827824971226,3.2769602763385075,7.572007908059557,-2.8735485230252267,0.501406855599508,0.04056077099104721,3.486886901236984,1.0,1.1390047574816378,-0.057010070412247926
5467+3675,42,0.5238095238095238,0.7848773925084561,0.773182869774707,3.3105052197406133,-2.032069428480525,0.37722213940207044,-0.026018184630332786,0.9812778739352248,0.6190476190476191,1.9038833470999181,1.1887280038333994,5.189834650901939,-2.7310847758713335,0.46813768219996377,0.007291597591502941,1.945016766684909,0.6666666666666666,2.593862025714403,1.674213167783383,6.213364817249958,-3.1488361787690127,0.5155222701166692,0.05467618550820835,2.4844661444542644,1.0,1.0830742417958836,-0.04756930277773064
2741+7562,51,0.5098039215686274,-0.03582327902321801,0.09903380391141262,2.7095003246911453,-2.193571044223326,0.3768069544840959,-0.02643336954830733,0.16057720240355072,0.5882352941176471,0.41108028326653695,0.510616576600036,4.103568688805855,-3.132308056202064,0.4516509274741746,-0.009195157134286203,0.45221370285152773,0.5882352941176471,0.8820225229000056,0.8615297084114505,5.140252488869537,-3.670087798438899,0.4516509274741746,-0.009195157134286203,0.7726266416398667,0.0,-0.04045339954823646,-0.07563194819653651
6821+2454,138,0.45652173913043476,0.03333073909136151,-0.21663155391416042,2.609832011369601,-1.9916806129966682,0.3757168442459045,-0.027523479786498717,0.22973122051813025,0.5217391304347826,0.5224351535779316,0.2542521878358507,4.1006482391349035,-2.7821831168299678,0.4389403763047988,-0.021905708303662008,0.5635685731629223,0.5072463768115942,1.0338899318973194,0.1263591401659371,5.218995148829301,-3.3640849438035043,0.4247728454305531,-0.03607323917790772,0.9244940506371805,1.0,0.29784557179584636,-0.03659722465972115
7909+8773,29,0.5517241379310345,0.9703962496324742,0.5351219512195239,3.759488844107914,-1.5001940485204082,0.37547667068067625,-0.02776365335172698,1.1667967310592429,0.7241379310344828,2.730240596850769,1.1848952879581145,6.1793179052176965,-1.994247895552188,0.5428252365556403,0.08197915194717947,2.7713740164357596,0.8275862068965517,4.409911900566069,2.3948141086749297,8.236339940972174,-2.162756915664109,0.6545119942718489,0.1936659096633881,4.30051601930593,1.0,0.21117091741668534,-0.03309462190905743
7053+8773,58,0.5,0.45985392225111893,0.08893828578917976,2.828708308794285,-1.724146198494584,0.3753805824767928,-0.02785974155561044,0.6562544036778877,0.6551724137931034,1.647875472626703,1.2445657925671696,4.743244454938624,-2.3148685496690535,0.5266753715786766,0.06582928697021578,1.689008892211694,0.7068965517241379,3.033844935812097,2.2321611526981244,6.4149363135323725,-2.4659264871672253,0.5798685554332221,0.1190224708247613,2.924449054551958,1.0,0.730067026582182,-0.03193411917681699
8038+7562,79,0.4810126582278481,-0.20309641704366516,-0.12946564885496045,2.662747517817065,-2.397169522212012,0.3742954498192782,-0.028944874213125027,-0.006695935616896409,0.5063291139240507,0.09293470444141685,0.011453064723547929,4.044494977745453,-3.385344931564271,0.3983720753430729,-0.06247400926538793,0.1340681240264076,0.5189873417721519,0.3933707812802599,0.15579574569504664,5.09291869007242,-4.216882405762254,0.4105091395596985,-0.05033694504876235,0.28397490002012105,0.0,0.2478421997207101,-0.0497451418526344
7562+6508,117,0.46153846153846156,-0.11900588172813974,-0.20856136943063305,2.5657119054172846,-2.0521168799782847,0.3738676250798207,-0.029372698952582543,0.07739459969862901,0.5128205128205128,0.019668431203021662,0.1703055326176585,3.713684922053662,-3.0644971023941365,0.4232920424346018,-0.03755404217385905,0.06080185078801243,0.5213675213675214,0.13182239078901256,0.15579574569504664,4.509267008193229,-3.754155467275494,0.43161781224855794,-0.029228272359902885,0.022426509528873706,0.0,-0.2858872516739389,-0.030547126782853817
8038+7074,27,0.5555555555555556,0.36398498911350546,0.3703229194014047,2.9893419923749787,-1.8397219308605222,0.3731271947957688,-0.03011312923663445,0.5603854705402742,0.4444444444444444,0.05437216315644792,-0.17040582726327122,3.7189748644899194,-2.908114895882202,0.27585597670072826,-0.18499010790773257,0.0955055827414387,0.4074074074074074,-0.5674375179995205,-0.5535610826155789,3.8495877026824696,-3.80849546136891,0.24514513372857347,-0.21570095087988736,-0.6768333992596594,0.0,-0.038836807215422486,-0.050913396876143824
3675+7562,27,0.5555555555555556,0.8784104176595734,1.3349121184088866,3.2727154666944394,-2.260080746195433,0.3731271947957688,-0.03011312923663445,1.074810899086342,0.7037037037037037,1.3909387424590174,1.1848952879581145,4.723059530466027,-3.061539486316101,0.515189666191624,0.05434358158316316,1.4320721620440082,0.7407407407407407,2.4254409251743136,1.5841099476439793,5.64247554417383,-3.421394954708335,0.5532106959738432,0.09236461136538238,2.316045043914175,1.0,1.2784847087753282,-0.04277741351695363
4728+7246,27,0.5555555555555556,-0.02437855381685025,0.5636077012533925,2.8018691924403125,-2.4424293561574677,0.3731271947957688,-0.03011312923663445,0.1720219276099185,0.5185185185185185,-0.4780424345557683,0.2456664520283304,3.9108279730343165,-3.3769364980057492,0.33985324586210425,-0.12099283874635658,-0.4369090149707775,0.48148148148148145,-0.32318692092208756,-0.2479999999999881,4.739595165428767,-4.052344560123468,0.3074295064970908,-0.15341657811137005,-0.43258280218222644,0.0,0.6246934832768567,-0.063704233269335
4783+4118,27,0.5555555555555556,0.6909185016280001,0.7390197784351172,3.7951151334494617,-1.774666297949723,0.3731271947957688,-0.03011312923663445,0.8873189830547688,0.7777777777777778,3.0761099218112404,3.3876190476190438,6.63590881729266,-2.4172303390557284,0.5924270453692919,0.1315809607608311,3.117243341396231,0.8518518518518519,5.447302449627825,4.427467717819771,9.127541041434247,-2.625075434359451,0.6752093665317053,0.21436328192324444,5.3379065683676865,1.0,0.049751321764098355,-0.031906589181065204
6299+9105,27,0.5555555555555556,0.6270347860626543,0.6449872896743748,2.527661239450894,-1.503814710970727,0.3731271947957688,-0.03011312923663445,0.823435267489423,0.5185185185185185,0.3449248240428081,0.06573363431150905,3.405385012822291,-2.3460120570281213,0.33985324586210425,-0.12099283874635658,0.3860582436277989,0.4444444444444444,-0.14453043130261228,-0.8771606293450372,3.993183145880652,-3.30298983708714,0.27585597670072826,-0.18499010790773257,-0.2539263125627511,1.0,1.5051066148662076,-0.050690298849796034
7305+7053,27,0.5555555555555556,-0.05087311108880012,0.1677434860982087,2.904146956207547,-2.10755593318427,0.3731271947957688,-0.03011312923663445,0.14552737033796864,0.48148148148148145,-0.25308178869014475,-0.262818434740537,3.8694120152361062,-2.973056241398632,0.3074295064970908,-0.15341657811137005,-0.21194836910515397,0.4444444444444444,0.5575862164940515,-0.631755171162469,4.79792550332129,-3.4354462863790007,0.27585597670072826,-0.18499010790773257,0.4481903352339126,0.0,-0.10457496799032079,-0.03727545672180427
3193+6508,63,0.49206349206349204,0.04484297437277282,-0.025935405240713333,2.8892773667145537,-2.1196939873160505,0.3726660281435346,-0.03057429588886862,0.24124345579954157,0.5555555555555556,0.49492886050053386,0.3545278450363166,4.329964420342904,-3.096016316748655,0.4331942064087129,-0.027651878199747904,0.5360622800855246,0.5714285714285714,0.7771312266884575,0.9793970961651067,5.223399473977464,-3.699560772902719,0.4486139508259402,-0.012232133782520638,0.6677353454283186,1.0,0.4206417000054714,-0.04772430742610728
3675+6255,38,0.5263157894736842,0.602712365843367,0.539749700322394,3.4556264886223844,-2.1882519700040706,0.37258710742710854,-0.030653216605294686,0.7991128472701357,0.6578947368421053,1.6689744657572299,0.849129094305683,5.0134448837392,-2.9717705533417362,0.4989181162907454,0.03807203168228457,1.7101078853422207,0.7105263157894737,2.5900551141286168,1.5381885425928823,6.16844991905704,-3.4494188652967104,0.5524256173381022,0.09157953272964142,2.480659232868478,1.0,0.36436246496645064,-0.04331750088561387
9320+2454,38,0.5263157894736842,0.62152272525648,0.1238369197168622,2.846627430530408,-1.9980997502512405,0.37258710742710854,-0.030653216605294686,0.8179232066832487,0.631578947368421,1.6184369168761708,0.8789541725119967,4.498672973940242,-2.5959646061047947,0.4728367282426011,0.011990643634140263,1.6595703364611616,0.6578947368421053,2.5190819480847177,1.0592403199627445,6.083725456220461,-2.885548647559931,0.4989181162907454,0.03807203168228457,2.409686066824579,1.0,0.9214342034257492,-0.06011536774304693
3193+2859,38,0.5263157894736842,0.5091137819423769,0.3837098390362327,3.2603482459832587,-1.763777710331315,0.37258710742710854,-0.030653216605294686,0.7055142633691456,0.6578947368421053,1.2920444429810245,0.6190427999156635,4.788161210333831,-2.6132648267218053,0.4989181162907454,0.03807203168228457,1.3331778625660153,0.6842105263157895,2.1827593139189583,1.5381885425928823,5.710896467550125,-2.9269928735859123,0.5254394356005149,0.06459335099205404,2.0733634326588195,1.0,0.1852894768031017,-0.04780322814253335
5102+7246,38,0.5263157894736842,0.1615237339510868,0.3837098390362327,2.4588569465868417,-2.2259481381978743,0.37258710742710854,-0.030653216605294686,0.35792421537785557,0.5526315789473685,0.4052209743303698,0.687540983606554,3.589546133061074,-2.976035713405254,0.3970602917908942,-0.06378579281756663,0.4463543939153606,0.631578947368421,1.264899839372379,0.7971937343899272,4.549662215341582,-3.1008167791567294,0.4728367282426011,0.011990643634140263,1.1555039581122402,0.0,1.0300072559790503,-0.07278876861511263
5102+8182,38,0.5263157894736842,0.6237596138081987,0.3837098390362327,2.604950289333563,-1.7977904212978488,0.37258710742710854,-0.030653216605294686,0.8201600952349675,0.6578947368421053,1.3038327766873092,1.1429471936222393,3.9883445662596757,-2.2828934903346214,0.4989181162907454,0.03807203168228457,1.3449661962723,0.6842105263157895,1.8023049683414392,1.2581586898268096,4.8895866726402994,-2.5086718694868555,0.5254394356005149,0.06459335099205404,1.6929090870813004,1.0,0.45197822537117743,-0.07278876861511263
8038+7810,25,0.56,0.1108740718338527,0.268871247376561,2.4907444465054223,-2.114984051073032,0.37067017019564436,-0.032570153836758875,0.3072745532606215,0.56,0.4899726567825145,0.2528440366972574,3.79150868918523,-3.0117982388525233,0.37067017019564436,-0.09017591441281647,0.5311060763675053,0.64,1.141456638611207,1.7724950363997396,4.892725030110634,-3.4489907115092766,0.44518154601046633,-0.015664538597994493,1.0320607573510683,1.0,0.35703425573812514,-0.05337042147626825
8405+2859,25,0.56,0.9227867121124157,0.8169278736229569,3.7198422608547412,-1.7518892973678952,0.37067017019564436,-0.032570153836758875,1.1191871935391844,0.64,1.7553665819470599,1.100999099286364,5.882236869006376,-2.784933689237626,0.44518154601046633,-0.015664538597994493,1.7965000015320507,0.72,3.520852944228111,2.069508196721319,7.469575146460552,-3.0346741255108656,0.524230281034417,0.06338419642595622,3.411457062967972,1.0,1.0600358894973085,-0.06405869625329491
4728+6508,25,0.56,-0.35370607615717553,1.0366998856395961,2.257580764969764,-2.617163755471275,0.37067017019564436,-0.032570153836758875,-0.15730559473040678,0.56,-0.39018972645365124,0.4743205208989566,3.411137909613606,-3.398961688485036,0.37067017019564436,-0.09017591441281647,-0.34905630686866046,0.48,0.01600323780461622,-0.2479999999999881,4.692615635863445,-4.092220179025519,0.30031003928960015,-0.16053604531886068,-0.09339264345552263,0.0,0.9033780127503022,-0.06616125786945942
7909+2454,25,0.56,0.9851496767927717,0.5351219512195239,3.741251439041853,-1.454228285102782,0.37067017019564436,-0.032570153836758875,1.1815501582195405,0.76,2.961633866263863,1.1848952879581145,6.381810544793809,-1.9657137263830504,0.5656994004476144,0.10485331583915353,3.0027672858488534,0.8,4.716180392712603,2.3978562728379993,8.626342790007799,-2.161184189712878,0.6086866446346176,0.1478405600261568,4.606784511452465,1.0,0.542625806634918,-0.037901122394089326
4501+7053,25,0.56,0.05339389003622279,0.20381197681907284,2.0417248623818374,-1.623886224435773,0.37067017019564436,-0.032570153836758875,0.24979437146299155,0.52,0.9930907089493539,0.3350819672131068,3.38400507365325,-2.1300921482028445,0.3349821795314731,-0.12586390507698775,1.0342241285343448,0.64,1.8222939559066516,2.069508196721319,4.889496611554637,-2.5492121369137655,0.44518154601046633,-0.015664538597994493,1.7128980746465128,0.0,0.549304879166547,-0.05127783416495557
5102+4304,25,0.56,0.2775226559201345,0.6490614886731462,2.748974860497884,-2.3980607321497054,0.37067017019564436,-0.032570153836758875,0.4739231373469032,0.68,0.6254561199308438,1.6877643942738099,3.7986329533356935,-2.9691927780378835,0.48409913734576715,0.023253052737306323,0.6665895395158346,0.68,0.8520784824280249,1.4475592097189784,4.473104814671694,-3.071124642331591,0.48409913734576715,0.023253052737306323,0.742682601167886,0.0,1.7062478994833075,-0.07470570584657682
5102+8405,25,0.56,0.16667304280592452,0.268871247376561,2.291686234540905,-1.4651016934766614,0.37067017019564436,-0.032570153836758875,0.36307352423269323,0.56,0.537520917678251,0.2528440366972574,3.146952060096173,-2.0209429286877976,0.37067017019564436,-0.09017591441281647,0.5786543372632418,0.56,1.021279589201459,0.5989743589743625,3.7715317196776295,-2.1948456986083387,0.37067017019564436,-0.09017591441281647,0.9118837079413201,0.0,1.6166140831102094,-0.07470570584657682
2859+7053,61,0.4918032786885246,0.41724371095052737,-0.025935405240713333,2.6093512659275406,-1.6072804082573064,0.37060186643725185,-0.03263845759515138,0.6136441923772962,0.5737704918032787,0.9705204926127319,0.4098743686050944,4.117075478771123,-2.295146027482101,0.44895006843512514,-0.011896016173335688,1.0116539121977226,0.6229508196721312,1.882607449991668,0.9793970961651067,5.338927104249978,-2.5034468635416998,0.49747627570942377,0.03663019110096294,1.7732115687315293,1.0,0.4674614397797655,-0.04438965384481108
2712+7562,36,0.5277777777777778,0.06280740355449918,0.2228778523485843,2.878236155209528,-2.286951983118836,0.3700567162693947,-0.03318360776300855,0.2592078849812679,0.5555555555555556,0.38274893469952226,0.7441556762698355,4.401034671394581,-3.3830744169175193,0.39580787316003413,-0.0650382114484267,0.42388235428451304,0.6388888888888888,1.31007587715256,1.4746656027854343,5.644001832537885,-4.047629440515888,0.4757478039083198,0.014901719299858951,1.2006799958924212,1.0,0.07347788303510865,-0.0567949905368868
3675+2454,36,0.5277777777777778,1.136701434332691,1.3213063603992483,3.530483987913563,-2.0895581431400925,0.3700567162693947,-0.03318360776300855,1.33310191575946,0.6944444444444444,2.2063811421208537,1.6753262891563028,5.635215581835885,-2.7809676246649477,0.5314342132091627,0.0705881286007019,2.2475145617058443,0.75,3.300914201887837,1.72013457283448,6.711272260256593,-3.050859225959124,0.5892923231679658,0.12844623855950493,3.191518320627698,1.0,0.807957912372756,-0.04584789204332773
9511+2913,36,0.5277777777777778,0.3175959432403116,0.3059823563268217,2.370900835195547,-1.794936085184971,0.3700567162693947,-0.03318360776300855,0.5139964246670803,0.6388888888888888,1.0192235577295004,0.7762489890812232,3.726584302858607,-2.175799246991605,0.4757478039083198,0.014901719299858951,1.0603569773144912,0.6388888888888888,1.683194693027155,1.0831257901390547,5.210938300380062,-2.313627576158654,0.4757478039083198,0.014901719299858951,1.5737988117670163,1.0,0.4807239346820558,-0.053338533645769126
8773+7562,80,0.475,-0.00986245092426823,-0.16733713368764044,2.8574809966449,-2.2063473322152207,0.36924549861651623,-0.033994825415887,0.1865380305025005,0.575,0.47821221516131834,0.5511252817640689,4.096259733041231,-2.9909157464837794,0.465690919708387,0.00484483509992617,0.5193456347463091,0.6,1.023620639908661,0.7880470841708777,5.041333273971913,-3.5118170077331063,0.49045264548149986,0.029606560873039034,0.914224758648522,0.0,-0.24470497152061055,-0.036658155623686184
8030+6821,59,0.4915254237288136,-0.21694745804038923,-0.025935405240713333,2.6074665262941106,-2.1467692011826234,0.36843625444816314,-0.034804069584240094,-0.020546976613620482,0.5932203389830508,-0.03360847190278754,0.474037819799782,3.9804831731630532,-3.082882411322281,0.465931713655643,0.005085629047182183,0.0075249476822032285,0.4745762711864407,0.02245781345621989,-0.4686419753086434,4.79248988933689,-3.8812679349195,0.35265669027401325,-0.10818939433444758,-0.08693806780391897,0.0,-0.5619082848436301,-0.05510490698200843
2692+4118,43,0.5116279069767442,0.1508490704554844,0.5351219512195239,3.4248931617015805,-2.2417856289628317,0.36752063766074083,-0.035719686371662396,0.34724955188225315,0.5813953488372093,1.388372453285567,1.100999099286364,5.380588219176648,-3.080988215682194,0.4332831575571177,-0.02756292705134311,1.4295058728705579,0.5813953488372093,2.470728108018564,1.2864285714285597,6.949249141985764,-3.6678031439297345,0.4332831575571177,-0.02756292705134311,2.3613322267584254,0.0,-0.24555805091411131,-0.041312292854066346
8773+4118,43,0.5116279069767442,0.1508490704554844,0.5351219512195239,3.4248931617015805,-2.2417856289628317,0.36752063766074083,-0.035719686371662396,0.34724955188225315,0.5813953488372093,1.388372453285567,1.100999099286364,5.380588219176648,-3.080988215682194,0.4332831575571177,-0.02756292705134311,1.4295058728705579,0.5813953488372093,2.470728108018564,1.2864285714285597,6.949249141985764,-3.6678031439297345,0.4332831575571177,-0.02756292705134311,2.3613322267584254,0.0,-0.24555805091411131,-0.03838301657946158
9320+7562,34,0.5294117647058824,0.24720426313683738,0.1238369197168622,2.38007165518513,-2.129082565001442,0.3673644042005484,-0.03587591983185484,0.4436047445636061,0.5882352941176471,0.7516285961429601,0.6089079442856572,3.3947685385367627,-2.79728446272012,0.42221304146519273,-0.0386330431432681,0.7927620157279508,0.6176470588235294,1.1645775799815619,0.7880470841708777,4.371154512263615,-3.117224649964798,0.45040719999382667,-0.010438884614634159,1.055181698721423,1.0,0.45428892826342354,-0.06533807096960709
6255+7861,34,0.5294117647058824,-0.3851919768582781,0.39827565056819625,2.321222669463614,-2.7155320312636877,0.3673644042005484,-0.03587591983185484,-0.18879149543150936,0.5,0.17701983909782854,-0.06405536706403192,3.387413287749161,-3.4825784417369605,0.3406906262804899,-0.12015545832797092,0.21815325868281932,0.5,0.7713365934225148,0.05722448979592522,4.447221314190722,-3.8525827348764192,0.3406906262804899,-0.12015545832797092,0.6619407121623759,1.0,-0.22746977247591194,-0.03633885807218873
4846+6201,34,0.5294117647058824,0.16527988113552966,0.36946696401929835,3.054088046638035,-2.134581645302897,0.3673644042005484,-0.03587591983185484,0.3616803625622984,0.5882352941176471,1.1645938635457176,0.8737253560947946,5.2271857705897045,-3.2340890026589126,0.42221304146519273,-0.0386330431432681,1.2057272831307084,0.6470588235294118,2.9252817500837005,1.8506724657075968,7.258652358592452,-3.6317420946805377,0.4791365883001342,0.0182905036916734,2.8158858688235617,1.0,0.07097354079363355,-0.04664029113397733
5102+2692,41,0.5121951219512195,0.011799801448582059,0.20381197681907284,2.377554869214943,-2.3117386048240154,0.36484259315865186,-0.03839773087375137,0.2082002828753508,0.5365853658536586,0.2731388011118869,0.3350819672131068,3.6159932076090353,-3.101983842865544,0.3874621534597436,-0.07338393114871722,0.31427222069687766,0.5609756097560976,0.6408764871359258,0.6305270180120105,4.6156633496319515,-3.5458474694273656,0.41040265151757305,-0.05044343309088778,0.5314806058757869,0.0,0.6744757477182561,-0.08053328288356931
6299+7053,69,0.4782608695652174,0.3941587371687738,-0.09046587861329489,2.5088563499819716,-1.7245022773477787,0.36468525497597737,-0.03855506905642586,0.5905592185955426,0.5507246376811594,0.9964973156891292,0.37892215568862586,4.0882751387437075,-2.3467581545771514,0.43378559191253313,-0.027060492695927696,1.03763073527412,0.5942028985507246,1.7234052206385866,0.8798230088495497,5.521571887421202,-2.8207442894611794,0.4763567368169741,0.015510652208513276,1.6140093393784478,1.0,1.1387558790491767,-0.059132238669587445
8038+9051,32,0.53125,-0.0580576778540024,0.07087492868291148,2.4359078910414693,-2.0966964186475723,0.3644923793257382,-0.03874794470666504,0.13834280357276635,0.53125,0.3546162136231936,0.03859334951752849,3.698385110119944,-2.869060922163882,0.3644923793257382,-0.09635370528272263,0.3957496332081844,0.46875,0.4258889119568734,-0.5016014481054775,4.779922982265517,-3.7761709826129577,0.3086912990168234,-0.15215478559163742,0.3164930306967345,1.0,0.15499279789836762,-0.05954821234617441
7562+7861,32,0.53125,-0.22751872616261412,0.3093776963852758,2.6213916335384613,-2.415080474712472,0.3644923793257382,-0.03874794470666504,-0.031118244735845374,0.53125,0.041676634781434886,0.5189511499212254,3.9098353894356643,-3.356208506599282,0.3644923793257382,-0.09635370528272263,0.08281005436642566,0.53125,1.0176399693012126,1.6351420490299295,5.055213437006722,-3.8738589493573365,0.3644923793257382,-0.09635370528272263,0.9082440880410737,0.0,0.6997193200391589,-0.03992237253693631
4846+3923,48,0.5,0.19736947396721372,0.027389446643870802,2.927354090276223,-2.1909015505432965,0.36389098932037767,-0.03934933471202556,0.39376995539398246,0.5625,0.8986648334916785,0.5329772539135292,4.495468037740487,-2.9920626134814516,0.4227477150100165,-0.038098369598444315,0.9397982530766692,0.625,2.0518981779700245,1.5381885425928823,5.944083284422891,-3.4271598538964945,0.4836250612524957,0.022778976644034887,1.9425022967098857,1.0,0.40065883230103333,-0.05011370601414805
9051+2537,30,0.5333333333333333,0.3679884231130242,0.11234084618426024,2.3431918197887986,-1.7540423352208483,0.36142013281525043,-0.0418201912171528,0.564388904539793,0.6333333333333333,0.5467169454952334,0.5166022591687237,3.5633011203573233,-2.6127338446462827,0.4551324643360493,-0.005713620272411513,0.5878503650802241,0.4666666666666667,0.5144997818175486,-0.25018644539253165,4.268110593731328,-3.40331667321643,0.3023212722412823,-0.15852481236717852,0.40510390055740975,1.0,0.8796957655802238,-0.04921246728927886
3923+4118,30,0.5333333333333333,0.44998145377280807,0.7779738260290371,3.390435941107671,-1.931701941386364,0.36142013281525043,-0.0418201912171528,0.6463819351995768,0.6666666666666666,1.9845095619551638,1.2638874024272153,5.689994933994511,-2.54619660021047,0.4877972581383026,0.026951173529841776,2.0256429815401544,0.6666666666666666,3.595546967826344,3.397501607675717,7.635166196713537,-2.946903559760041,0.4877972581383026,0.026951173529841776,3.4861510865662053,1.0,0.46995656464031443,-0.047144443886664944
7053+6508,106,0.4528301886792453,-0.01887915982768689,-0.2069095073700021,2.5140022284293955,-2.016033740074878,0.3613756390040924,-0.04186468502831081,0.17752132159908185,0.5283018867924528,0.44499121453407664,0.25816864966383035,4.021080866282381,-2.8922376308937605,0.4339500438390183,-0.02689604076944252,0.4861246341190674,0.5377358490566038,1.0103405269047994,0.612183064949139,5.259273249622047,-3.3261387493171,0.44316673901352754,-0.017679345594933282,0.9009446456446605,1.0,0.33262574883321416,-0.04593906264951736
4846+8773,53,0.49056603773584906,0.17617481253776063,-0.14903308353133124,3.012862335849874,-2.1129413958176197,0.36124029356039444,-0.04200003047200879,0.3725752939645294,0.5471698113207547,0.6802253628479893,0.4743205208989566,4.6388254503494215,-3.1872753687989066,0.41453742646439184,-0.04630865814406898,0.72135878243298,0.6037735849056604,1.8626232664352802,1.4922671375417853,6.038111860847208,-3.6863545200103855,0.4694123578888073,0.008566273280346481,1.7532273851751414,1.0,0.12857578916530668,-0.052764401774131275
2913+9105,51,0.49019607843137253,0.3224813055511417,-0.06182328190742034,2.5435654619573245,-1.7165000701220245,0.3585726214230619,-0.04466770260934133,0.5188817869779104,0.49019607843137253,0.35248281480359084,-0.05135246066556118,3.4976247125648263,-2.3868822111714185,0.3585726214230619,-0.10227346318539893,0.3936162343885816,0.47058823529411764,0.09010180317878312,-0.5117983722761908,3.9814328938601875,-3.1108131360376383,0.34052771426416406,-0.12031837034429677,-0.019294078081355734,0.0,-0.026928230928419755,-0.05150827837185373
7053+4783,35,0.5142857142857142,0.26919374034905036,0.20381197681907284,3.1937893507737987,-2.052132009825629,0.35568539626711626,-0.04755492776528697,0.4655942217758191,0.6285714285714286,1.451924155809034,1.100999099286364,5.242981235950666,-2.9219217590605595,0.4633664048802107,0.002520320271749865,1.4930575753940247,0.7714285714285715,2.922609314890951,2.6919195612431324,7.279503296855875,-3.3632507539065486,0.60982362219898,0.14897753759051918,2.8132134336308123,1.0,0.5863247937209138,-0.05162930538649352
8038+6821,35,0.5142857142857142,-0.8988768454685218,0.10604068857589702,2.185293346264521,-2.6673663723584475,0.35568539626711626,-0.04755492776528697,-0.7024763640417531,0.5142857142857142,-0.8699845259469534,0.011453064723547929,3.4175218841932398,-3.7586452973212716,0.35568539626711626,-0.10516068834134457,-0.8288511063619627,0.37142857142857144,-0.8419558752738544,-1.9085822306238185,4.194191488420126,-4.883695532688734,0.2316560736889106,-0.2291900109195502,-0.9513517565339933,1.0,-1.3211167130702328,-0.06835519540479634
9511+7562,35,0.5142857142857142,0.09900487861094408,0.035709168789925944,2.466736808971043,-1.6624317732990037,0.35568539626711626,-0.04755492776528697,0.29540536003771284,0.5714285714285714,0.7947957095127804,0.3350819672131068,3.7125359890507954,-2.085426941796997,0.4085712925897337,-0.052274792018727145,0.8359291290977712,0.6,1.0994531409717747,0.8798230088495497,5.127149387317497,-2.442891967601561,0.4357241958151947,-0.0251218887932661,0.9900572597116358,1.0,0.3046244075312351,-0.06770985364804755
6508+4118,42,0.5,0.14169971615157873,0.35654218659720194,3.458093289244998,-2.2698275632180445,0.3552574591652803,-0.04798286486712294,0.33810019757834747,0.5714285714285714,1.2413679646588005,0.8737253560947946,5.222910586764478,-3.033845658680433,0.4220597791187447,-0.03878630548971612,1.2825013842437913,0.5714285714285714,2.394499799324465,1.0739791399200052,6.828920579164286,-3.6346323709338684,0.4220597791187447,-0.03878630548971612,2.2851039180643262,0.0,-0.24555805091411131,-0.0480132715009835
4783+7562,26,0.5384615384615384,-0.1545933732766246,0.2228778523485843,2.8405739248511237,-2.0575709715619657,0.35457636204430115,-0.04866396198810208,0.04180710815014416,0.6538461538461539,1.0808975109071173,1.0056863168096333,4.45372566678259,-2.735524973648126,0.46220229009632996,0.0013562054878691332,1.1220309304921081,0.8076923076923077,2.8174268918771763,2.723755689194367,6.011180501081114,-2.951364111078914,0.6212336384535001,0.16038755384503928,2.7080310106170375,0.0,-0.3423107737756144,-0.05045742193253283
2712+3675,26,0.5384615384615384,1.2581774419263274,0.773182869774707,3.4413123103641685,-1.7856799334874354,0.35457636204430115,-0.04866396198810208,1.4545779233530962,0.7692307692307693,2.8771348573621465,1.9052376105970705,5.770676682820487,-2.3775831557144116,0.5794807424804321,0.1186346578719713,2.918268276947137,0.8461538461538461,4.069840873567008,2.7313524470681516,7.2541088107483915,-2.6452754688313576,0.6646841558168644,0.20383807120840353,3.9604449923068694,1.0,2.02683574082006,-0.07227534476198033
9105+8289,26,0.5384615384615384,0.21697807748559494,0.17717160826876036,2.2781172313648472,-1.347374799591929,0.35457636204430115,-0.04866396198810208,0.4133785589123637,0.5769230769230769,1.0304276461835071,0.3370489060807659,3.55336916295497,-1.5570805049574132,0.3894829692111983,-0.07136311539726253,1.071561065768498,0.6923076923076923,2.135425053650134,1.0085843508437489,4.751417978008951,-1.712642461207832,0.5001138848576876,0.03926780024922677,2.026029172389995,1.0,0.3876173887240063,-0.052796696867130954
6299+4846,26,0.5384615384615384,0.4653540438181587,0.3837098390362327,2.62959101759299,-1.7484913632118346,0.35457636204430115,-0.04866396198810208,0.6617545252449275,0.6538461538461539,2.0072741563148258,1.229630505078987,4.873481054577473,-2.350804329814806,0.46220229009632996,0.0013562054878691332,2.0484075758998164,0.7307692307692307,3.9104921509152315,2.6732342365299133,7.340237610104638,-2.5675418735101116,0.5391659658023868,0.07831988119392602,3.8010962696550927,1.0,0.7850904728564148,-0.06924113160126366
3193+8773,54,0.48148148148148145,0.19335455983047264,-0.10737111334801583,2.9549544183719,-1.8694405820046482,0.3539375603654322,-0.049302763666971006,0.38975504125724136,0.5740740740740741,0.8528468511408958,0.4325722108181763,4.428046578186308,-2.68379185079159,0.44162497846346305,-0.01922110614499778,0.8939802707258865,0.6111111111111112,1.5924702743769856,1.1775933706816002,5.402985841524442,-3.0778436286560673,0.4778805658150834,0.017034481206622598,1.4830743931168469,1.0,0.10601151777241768,-0.06645277520420967
4846+2454,33,0.5151515151515151,0.4026962962080801,0.20381197681907284,3.409120489441551,-1.8942999889717986,0.35218104586210247,-0.05105927817030076,0.5990967776348488,0.5454545454545454,1.0927707088446665,0.3350819672131068,5.532671065642758,-3.2185201326791204,0.3798565794374957,-0.08098950517096515,1.1339041284296574,0.6060606060606061,2.448081975861979,1.0687581699346407,7.230436831486574,-3.8456818533224673,0.4368314280651038,-0.02401465654335705,2.33868609460184,0.0,-0.40809446809402267,-0.06182364947242325
3193+6201,33,0.5151515151515151,-0.0715158983192826,0.20381197681907284,2.873731855021031,-2.1896113966981217,0.35218104586210247,-0.05105927817030076,0.12488458310748615,0.5454545454545454,0.4604819605229748,0.3350819672131068,4.530591600382292,-3.229810546953763,0.3798565794374957,-0.08098950517096515,0.5016153801079656,0.5757575757575758,1.2449085221723288,0.9793970961651067,5.610772441296401,-3.722226106837305,0.4080697369146003,-0.052776347693860526,1.13551264091219,1.0,0.003370538272691209,-0.06820928970753942
2454+2681,33,0.5151515151515151,-0.007509768156520514,0.24194372787809573,2.893568122390951,-2.260675026189279,0.35218104586210247,-0.05105927817030076,0.18889071327024823,0.6666666666666666,0.3274816171822351,1.4027491628129598,4.514955096160194,-3.519356248191102,0.49607581799949974,0.03522973339103891,0.3686150367672259,0.6666666666666666,0.9977620508562496,2.7555918171456018,5.785580715225437,-4.455750779760385,0.49607581799949974,0.03522973339103891,0.8883661695961107,1.0,0.37705971266623384,-0.055188585303068416
2537+8289,33,0.5151515151515151,0.6372216769109977,0.02697537494531957,2.6892552892420882,-1.399427885738283,0.35218104586210247,-0.05105927817030076,0.8336221583377665,0.7272727272727273,2.1422105751733844,1.0064712778429066,4.936378779747543,-1.5425349269235051,0.5578211674561319,0.09697508284767103,2.183343994758375,0.7272727272727273,2.745985071328134,1.000875677846951,6.392066583160113,-1.7338185217241822,0.5578211674561319,0.09697508284767103,2.6365891900679954,1.0,1.3167492765825433,-0.05461066728794006
5102+2537,40,0.5,0.6483609037891997,-0.01448919114006117,2.448939710019135,-1.3396464259529668,0.35199278797099753,-0.051247536061405696,0.8447613852159686,0.675,1.8790026021826276,1.0387970309109475,4.276678713761717,-1.5302695346801367,0.52017458088898,0.05932849628051923,1.9201360217676184,0.775,2.7445510178408443,1.3276176738001124,5.561669404128649,-1.6319037215604393,0.6249660359590695,0.1641199513506087,2.6351551365807055,1.0,1.4703566281106677,-0.09338308807122364
2913+7246,40,0.5,-0.11314599264998489,-0.10462462383535974,2.433479708141205,-2.0490180442831702,0.35199278797099753,-0.051247536061405696,0.08325448877678386,0.525,-0.04415356283097353,0.2526937499153826,3.8908108236239882,-3.0504719281495403,0.37497106853929735,-0.08587501606916348,-0.003020143245982765,0.55,0.13394284004603527,0.4807116692831005,4.835530706509108,-3.7778875049020018,0.3982882988844078,-0.06255778572405302,0.02454695878589641,1.0,0.05772940537256632,-0.0580881118239181
3923+7053,69,0.463768115942029,0.045162385044578784,-0.14903308353133124,2.29492272352869,-1.9421331810717024,0.35113991297637237,-0.05210041105603086,0.24156286647134753,0.5362318840579711,0.7548207587433571,0.3350819672131068,3.838442574390441,-2.5297253111268057,0.4197820076036184,-0.041064077004842436,0.7959541783283478,0.5797101449275363,1.470019841341785,0.8615297084114505,5.1683840837897135,-2.7665202210885678,0.46207193076612163,0.0012258461576608037,1.3606239600816463,1.0,0.23742465961785347,-0.057424663725543
4846+6508,52,0.4807692307692308,0.090357312249874,-0.1771453644203512,3.0200842305000206,-2.1887545882464092,0.3510389470288445,-0.05220137700355876,0.2867577936766428,0.5384615384615384,0.3620437634937466,0.4047012440560317,4.485535847670526,-3.2615505882140643,0.405033783976834,-0.05581230063162684,0.4031771830787374,0.5961538461538461,1.6402732022897626,1.280512653738213,5.9117316122163475,-3.668201014819004,0.4606733176249609,-0.00017276698349993902,1.5308773210296238,1.0,0.12857578916530668,-0.06296574830568125
6299+2913,57,0.47368421052631576,0.22325242705248102,-0.4130612244897923,2.179537447728625,-1.7709635012749865,0.3498695765634663,-0.05337074746893694,0.41965290847924974,0.49122807017543857,0.2343275559890869,-0.11679012345679571,3.319018046995255,-2.482668463432229,0.3661606806374018,-0.09468540397105901,0.27546097557407767,0.5263157894736842,0.3730473565071327,0.1695932678822,4.131430373389853,-3.0464001530114633,0.39917794452223143,-0.061668140086229395,0.26365147524699384,1.0,0.8152171251449782,-0.07394791708209852
7053+6201,57,0.47368421052631576,0.24225835530471534,-0.14903308353133124,2.6245691341227,-1.8494249654775679,0.3498695765634663,-0.05337074746893694,0.4386588367314841,0.5789473684210527,0.9997344321089529,0.4743205208989566,4.47211164835741,-2.648228015318297,0.44979910140681373,-0.011046983201647098,1.0408678516939436,0.6140350877192983,2.1233079439990776,0.9793970961651067,6.040926315965938,-2.8265683340363674,0.48429496444322906,0.023448879834768233,2.013912062738939,1.0,0.45528701491210566,-0.05744512509014349
3675+8773,45,0.4888888888888889,0.5431749238887669,-0.14903308353133124,3.2252965006585996,-2.390475962461546,0.3495678935302451,-0.05367243050215814,0.7395754053155357,0.6444444444444445,1.519091933491836,0.9595439403825613,4.866782869933837,-3.1743719420510046,0.49835546011952203,0.037509375511061205,1.5602253530768269,0.7111111111111111,2.5678010493724623,1.5841099476439793,5.948578507180314,-3.512928640688884,0.5663118252773978,0.10546574066893694,2.4584051681123236,1.0,0.5504069925764212,-0.06633671478247732
8405+6201,31,0.5161290322580645,0.4963169860321162,0.20381197681907284,3.2834019646897405,-1.9365231512675942,0.3484011828697317,-0.05483914116267152,0.692717467458885,0.6129032258064516,1.4980776770500341,1.100999099286364,5.544359135282966,-3.049284865271997,0.43823801141131963,-0.0226080731971412,1.539211096635025,0.6451612903225806,3.1895100020477316,1.6318367346938747,7.3709020607084925,-3.250688442911706,0.46947638042814893,0.008630295819688105,3.080114120787593,1.0,0.5375423364349409,-0.08632768357920756
8405+4846,31,0.5161290322580645,0.32607189901834666,0.20381197681907284,3.1148172670691734,-1.9267943918534567,0.3484011828697317,-0.05483914116267152,0.5224723804451155,0.5806451612903226,1.0715532763542064,0.6464516129032251,5.180379401888549,-3.223983975486232,0.4076596435202097,-0.0531864410882511,1.1126866959391972,0.6129032258064516,2.751328741665891,1.6318367346938747,7.006922327314076,-3.6217842063484444,0.43823801141131963,-0.0226080731971412,2.641932860405752,1.0,0.3578132201593685,-0.08632768357920756
6247+2537,31,0.5161290322580645,0.6517112233406436,0.10690391459074369,2.554051277423306,-1.528250647792339,0.3484011828697317,-0.05483914116267152,0.8481117047674123,0.4838709677419355,0.10008611667313233,-0.05135246066556118,3.2333351203291842,-2.1213086008805884,0.3196998603127883,-0.14114622429567253,0.1412195362581231,0.41935483870967744,,,3.4811590207134127,-2.891860484677186,0.26415303073549257,-0.19669305387296826,,1.0,1.383919269305092,-0.10139791853708202
5102+6255,31,0.5161290322580645,-0.028706992141104382,0.20381197681907284,2.610018829153407,-2.4664402055167414,0.3484011828697317,-0.05483914116267152,0.16769348928566435,0.6129032258064516,0.2707125856417298,1.100999099286364,3.7696323620109573,-3.3445056615487156,0.43823801141131963,-0.0226080731971412,0.31184600522672057,0.6451612903225806,0.7086913647576644,1.0687581699346407,4.7036179701156895,-3.8860828167238766,0.46947638042814893,0.008630295819688105,0.5992954834975255,0.0,0.3868347937475721,-0.09697469317248947
5467+4118,31,0.5161290322580645,0.609279889578853,0.6251013328464606,3.2454454554394334,-1.9507257144745,0.3484011828697317,-0.05483914116267152,0.8056803710056217,0.6451612903225806,2.2309531750513782,1.35826191087161,5.358170614126344,-2.43333206138972,0.46947638042814893,0.008630295819688105,2.272086594636369,0.6451612903225806,3.480574057749721,3.1812452072302477,7.18677871219502,-2.8822470970811502,0.46947638042814893,0.008630295819688105,3.371178176489582,1.0,0.5314069178117998,-0.07639025931006937
8030+3193,31,0.5161290322580645,0.10167375331469115,0.20381197681907284,3.04811760812998,-2.0822954265873848,0.3484011828697317,-0.05483914116267152,0.2980742347414599,0.5483870967741935,0.39570580747225975,0.3350819672131068,4.658774404836644,-3.2996087231088613,0.37771879603669134,-0.08312728857176949,0.43683922705725053,0.5483870967741935,1.0233021271941611,0.8615297084114505,5.6518137279372755,-3.9227036398414854,0.37771879603669134,-0.08312728857176949,0.9139062459340223,1.0,0.1051481896841304,-0.07513997856043986
3193+2913,31,0.5161290322580645,-0.4369055535032452,0.20381197681907284,2.3917861438944867,-2.358447377376155,0.3484011828697317,-0.05483914116267152,-0.24050507207647648,0.4838709677419355,-0.5594952306721049,-0.11679012345679571,3.655685771250238,-3.671257033466689,0.3196998603127883,-0.14114622429567253,-0.5183618110871142,0.4838709677419355,-0.7139257661144608,-0.3867441860465125,4.4932389173505545,-4.596324367711216,0.3196998603127883,-0.14114622429567253,-0.8233216473745997,1.0,-0.2716538017968298,-0.07198915269991019
5102+2859,36,0.5,0.38720055669897896,-0.05616271204686539,2.417016569087389,-1.7755744960113615,0.34474067624730526,-0.058499647785097975,0.5836010381257477,0.6388888888888888,1.1858378755457943,1.0600965980407764,3.7761251553525046,-2.287627735550177,0.4757478039083198,0.014901719299858951,1.2269712951307852,0.6666666666666666,1.656259434265328,0.9742905893920952,4.6398737916723825,-2.5259493579886465,0.5033369709296683,0.04249088632120751,1.5468635530051893,1.0,0.2360859687495842,-0.10063519979491592
8182+4118,36,0.5,0.3751659833338367,0.3954962341911218,3.6676923985719228,-2.095555927828629,0.34474067624730526,-0.058499647785097975,0.5715664647606055,0.6111111111111112,1.7282132765338984,1.229630505078987,5.503859125213779,-2.867567756847176,0.4486417029674348,-0.012204381641026052,1.7693466961188893,0.6111111111111112,3.2610397623673077,1.989174066335846,7.214498198696993,-3.3629637198884037,0.4486417029674348,-0.012204381641026052,3.151643881107169,0.0,-0.13242250271305828,-0.07569285102792528
8182+2913,36,0.5,-0.02550646689226802,0.08893828578917976,2.3837160668604183,-1.9073885291333303,0.34474067624730526,-0.058499647785097975,0.17089401453450073,0.5277777777777778,-0.161600110115256,0.17578043236610622,3.5432091063826316,-3.0063743722075693,0.3700567162693947,-0.09078936833906615,-0.12046669053026522,0.5833333333333334,0.7269993926523556,0.7575077166379552,4.481680065774612,-3.287322736195888,0.4219996966427768,-0.038846387965684015,0.6176035113922167,0.0,0.8140799733899133,-0.07569285102792528
3193+4783,29,0.5172413793103449,-0.02356176045852907,0.20381197681907284,3.2487602953449715,-2.4281341643139744,0.34430737970569164,-0.05893294432671159,0.17283872096823968,0.5862068965517241,0.5758559815307989,0.4572486712007652,4.866864156268166,-3.52265974128789,0.4073752847851524,-0.053470799823308435,0.6169894011157896,0.7241379310344828,1.6269755463148423,2.3978562728379993,6.152659859918312,-4.1135764979285065,0.5428252365556403,0.08197915194717947,1.5175796650547035,1.0,0.119917211015808,-0.07608295586395025
7909+6508,29,0.5172413793103449,0.712749523006172,0.20381197681907284,3.68947202325005,-1.8047787552324288,0.34430737970569164,-0.05893294432671159,0.9091500044329408,0.6896551724137931,2.246490252467919,1.1695128939828205,5.765419671407773,-2.161006698143099,0.5076952952728147,0.046849210664353824,2.2876236720529097,0.7931034482758621,3.938980661544563,2.069508196721319,7.822441707162249,-2.3295157182550197,0.6160955339174229,0.15524944930896206,3.8295847802844243,1.0,0.21117091741668534,-0.06426391288404204
3193+3923,46,0.4782608695652174,0.15507130321890344,-0.11559652527504224,2.9470245186401156,-2.03304164706693,0.34124459875672114,-0.06199572527568209,0.3514717846456722,0.5434782608695652,0.81708899805514,0.25816864966383035,4.337958950069661,-2.7514679875858414,0.4017993496608042,-0.05904673494765661,0.8582224176401307,0.5869565217391305,1.4726583014842771,1.0240776330498738,5.23071472187819,-3.093039042594438,0.44339242387017885,-0.017453660738281973,1.3632624202241383,1.0,0.0673657171238404,-0.07914573681292075
7909+3923,27,0.5185185185185185,0.5751340784168436,0.20381197681907284,3.3359198599471678,-1.8866994765667044,0.33985324586210425,-0.06338707817029898,0.7715345598436123,0.6666666666666666,2.0916271363500925,0.6464516129032251,5.563842838730253,-2.269314674507794,0.47824419872105484,0.01739811411259401,2.132760555935083,0.7777777777777778,3.6954750890936023,2.069508196721319,7.566726810729744,-2.450305844257635,0.5924270453692919,0.1315809607608311,3.5860792078334636,1.0,0.22835028706441993,-0.06871804672762943
8405+3923,27,0.5185185185185185,0.5849365538549423,0.20381197681907284,3.1323724000070103,-1.9098747157400189,0.33985324586210425,-0.06338707817029898,0.7813370352817111,0.6296296296296297,1.8084646337014894,1.100999099286364,5.358932078258131,-2.6531595162026096,0.442289046234463,-0.018557038373997803,1.8495980532864802,0.6666666666666666,3.398822609249732,1.6318367346938747,7.286659379732361,-2.877652218996199,0.47824419872105484,0.01739811411259401,3.2894267279895932,1.0,0.5508594275038141,-0.09487562058683502
4728+6255,27,0.5185185185185185,-0.470195301779957,0.3245173041894357,2.1390585611309736,-2.55181054929185,0.33985324586210425,-0.06338707817029898,-0.27379482035318825,0.5185185185185185,-0.8576133698425964,0.2456664520283304,3.4345038961352627,-3.4863176911401315,0.33985324586210425,-0.12099283874635658,-0.8164799502576057,0.48148148148148145,-0.5159705625114788,-0.2479999999999881,4.388284353944125,-4.160392585575791,0.3074295064970908,-0.15341657811137005,-0.6253664437716177,1.0,-0.11517840752510244,-0.09697818220299953
5467+2913,39,0.48717948717948717,0.16663854495968183,-0.025935405240713333,2.139393055378943,-1.814952746194167,0.3386492878313309,-0.06459103620107232,0.3630390263864506,0.5128205128205128,0.29234009010871015,0.1703055326176585,3.368461926531062,-2.481487962806735,0.3619910864569657,-0.09885499815149512,0.33347350969370093,0.5641025641025641,0.6702863249102977,0.6351924244263608,4.09584551180746,-2.772411342771526,0.4097542347452211,-0.051091849863239724,0.5608904436501588,1.0,0.6131049111978404,-0.08614215434847017
5102+3923,39,0.48717948717948717,0.11260793351719216,-0.3161374009128036,2.25869663012375,-2.0567464299711373,0.3386492878313309,-0.06459103620107232,0.3090084149439609,0.6153846153846154,0.9019125720378975,0.6931289910600259,3.474458010761889,-2.437883762123478,0.45898781310078474,-0.0018582715076760903,0.9430459916228883,0.6410256410256411,1.4449216067723663,1.0687581699346407,4.455871955591083,-2.6016323394714655,0.484178631846895,0.023332547238434198,1.3355257255122275,1.0,0.13465458477798165,-0.10672658821089026
6821+6201,32,0.5,-0.18891485060138213,0.03654919933534964,2.596538065886621,-2.2568939783230437,0.33630614316859386,-0.06693418086380937,0.007485630825386613,0.53125,-0.2401360365449301,0.26789158857543527,4.0908023135467,-3.5596369704852964,0.3644923793257382,-0.09635370528272263,-0.19900261695993932,0.4375,0.05703336558845695,-0.9389277999127874,4.890632280702686,-4.213089956412099,0.28165085969443177,-0.17919522491402906,-0.0523625156716819,0.0,-0.6554970156515456,-0.0760079257370318
8030+3675,25,0.52,0.7489985726527195,0.5096658539098177,3.008102961044071,-1.7747868856125613,0.3349821795314731,-0.06825814450093015,0.9453990540794883,0.64,2.274700192392234,0.9595439403825613,5.128094867076654,-2.2464960055256937,0.44518154601046633,-0.015664538597994493,2.3158336119772245,0.8,3.5883710275528045,2.505021591610128,6.583964246583346,-2.421554483961443,0.6086866446346176,0.1478405600261568,3.4789751462926657,1.0,1.170260273166869,-0.08855898189869849
5102+3193,25,0.52,-0.3464249667515821,0.20381197681907284,2.4469351380000592,-2.4008597187752674,0.3349821795314731,-0.06825814450093015,-0.15002448532481333,0.56,0.0918863341118805,0.3350819672131068,3.6619755097040976,-3.2573521065760733,0.37067017019564436,-0.09017591441281647,0.13301975369687127,0.6,0.4652787428817018,1.4922671375417853,4.68959679205435,-3.8411724233447377,0.4073912778512734,-0.053454806757187445,0.3558828616215629,0.0,0.8410621755360341,-0.1103936965107481
6821+2537,25,0.52,0.29853737060417646,0.11777777777777679,2.6452503478918046,-1.7158025156203445,0.3349821795314731,-0.06825814450093015,0.4949378520309452,0.72,0.687007763452613,0.9134463276836248,4.050086336439264,-2.489541046260913,0.524230281034417,0.06338419642595622,0.7281411830376038,0.44,0.42393292799980103,-0.18224694104561165,4.972698477287283,-3.3982326089500363,0.2666537494700257,-0.19419233513843515,0.3145370467396622,1.0,0.759857621731624,-0.07733188937415258
3193+4118,25,0.52,0.3402896582104852,0.6251013328464606,3.6067825495605588,-2.0399101471142966,0.3349821795314731,-0.06825814450093015,0.5366901396372539,0.64,1.1109027440864567,1.100999099286364,5.391231973098095,-2.844350633134267,0.44518154601046633,-0.015664538597994493,1.1520361636714476,0.6,1.3882900436154353,1.2864285714285597,6.2921726220240535,-3.5107223525089215,0.4073912778512734,-0.053454806757187445,1.2788941623552965,0.0,-0.13123919475278545,-0.08540815603816881
8030+7074,25,0.52,-0.01323291779244892,0.10604068857589702,2.334947847089328,-1.924295166853832,0.3349821795314731,-0.06825814450093015,0.18316756363431982,0.48,-0.17840944520208565,-0.17040582726327122,3.2101391515523225,-3.25558438699722,0.30031003928960015,-0.16053604531886068,-0.1372760256170949,0.36,-0.8455993888147311,-0.7479292403746073,3.536446833984641,-4.249028816391206,0.20247656431735636,-0.2583695202911045,-0.95499527007487,0.0,-0.35865861654957915,-0.08855898189869849
5527+2859,37,0.4864864864864865,-0.18481068663390657,-0.025935405240713333,3.0225802084536437,-2.7875932923011417,0.33446153327211037,-0.06877879076029286,0.01158979479286218,0.5405405405405406,1.0058846467041698,0.29297745566048594,4.714534792813866,-3.7840365211148823,0.3838377952476737,-0.07700828936078713,1.0470180662891606,0.5675675675675675,1.8897685110149702,0.7145644599303048,5.964254285228329,-4.332658188735107,0.40913906334200717,-0.05170702126645366,1.7803726297548315,0.0,-0.5240010212098609,-0.08929260584153426
2859+2913,37,0.4864864864864865,-0.06816670218445069,-0.025935405240713333,2.383820652955383,-1.9192333182543464,0.33446153327211037,-0.06877879076029286,0.12823377924231805,0.5135135135135135,-0.2795233070173962,0.1703055326176585,3.51197604276078,-3.064300362701708,0.35894637225980913,-0.1018997123486517,-0.2383898874324054,0.5675675675675675,0.6692639057018344,0.6351924244263608,4.425082922169193,-3.3376555276633155,0.40913906334200717,-0.05170702126645366,0.5598680244416955,0.0,0.5097975098358167,-0.08052998700995256
2913+2692,57,0.45614035087719296,-0.33779483641118835,-0.4130612244897923,2.2895871988359713,-2.1289493634684145,0.33372399504811395,-0.06951632898428928,-0.1413943549844196,0.47368421052631576,-0.49262939172346015,-0.27590470057951666,3.41883924296383,-3.288073193088101,0.3498695765634663,-0.11097650804499454,-0.45149597213846937,0.49122807017543857,-0.26360595933914005,-0.2479999999999881,4.288182040792105,-3.9275816552746434,0.3661606806374018,-0.09468540397105901,-0.3730018405992789,1.0,-0.003915875131005331,-0.07635690474680168
3675+2859,42,0.47619047619047616,0.24339808352771838,-0.1771453644203512,3.0417649004725242,-2.3214742931324244,0.33359364475964953,-0.0696466792727537,0.4397985649544871,0.6428571428571429,1.5253438515520366,0.849129094305683,4.760339640337332,-3.0057017305755265,0.49166089287079373,0.030814808262332904,1.5664772711370274,0.6666666666666666,2.208505676150496,1.4699131736303819,5.793055046667478,-3.4144400939042363,0.5155222701166692,0.05467618550820835,2.0991097948903574,1.0,0.5592341413269839,-0.08231096355307288
2913+3923,42,0.47619047619047616,-0.31603981885310295,-0.21949831486525284,2.205864849365875,-2.1714626700262047,0.33359364475964953,-0.0696466792727537,-0.1196393374263342,0.47619047619047616,-0.33601787145513295,-0.1963474120181562,3.3841959287284857,-3.1601459117253436,0.33359364475964953,-0.1272524398488113,-0.2948844518701422,0.5238095238095238,0.2615438844691348,0.2639278690199577,4.313071865133273,-3.5128346782977666,0.37722213940207044,-0.08362394520639038,0.15214800320899594,1.0,-0.21981084267008477,-0.0764872550352661
3675+7053,30,0.5,0.8826397656017887,0.21040023160181953,3.0759218422583956,-1.676283218960911,0.3315385122717376,-0.07170181176066565,1.0790402470285574,0.6,2.327314008762109,1.1887280038333994,5.380684863001088,-2.1155614852847147,0.42320052498273836,-0.03764555962572247,2.3684474283470998,0.7,3.198556710754032,2.125486653349955,6.736331241573669,-2.463569680644672,0.5212387898833981,0.060392705274937286,3.0891608294938933,1.0,0.8864445450631755,-0.08436609604098483
6821+3923,35,0.4857142857142857,-0.1644090011559381,-0.025935405240713333,2.558508878165713,-2.28936663576043,0.32993980391252736,-0.07330052011987587,0.03199148027083065,0.5142857142857142,0.33110999660893836,0.18125533211455394,4.1640324110929425,-3.281548492250962,0.35568539626711626,-0.10516068834134457,0.37224341619392914,0.42857142857142855,0.4436730586995706,-0.4686419753086434,4.890289802226773,-3.8470337190586545,0.27984333081678914,-0.1810027537916717,0.33427717743943175,0.0,-0.5419143585792294,-0.0823742649930983
6821+2913,76,0.4342105263157895,0.13812556765558354,-0.34846536213962265,2.8282610302303404,-1.9638393210171285,0.3286075248319959,-0.07463279920040733,0.3345260490823523,0.4605263157894737,0.2236770366795649,-0.168688934687201,4.299595583576157,-2.9892951990799532,0.3530754655326989,-0.10777061907576191,0.2648104562645557,0.39473684210526316,0.08942625801132797,-0.9260676244791497,5.155373944367949,-3.81040718341347,0.2924641219449393,-0.1683819626635215,-0.01996962324881088,1.0,0.21718651908306252,-0.08370654407362976
2741+3675,28,0.5,1.0279777414053666,0.1803163851892432,3.2117672343563877,-1.996976915658853,0.32632846832446344,-0.07691185570793979,1.2243782228321354,0.75,2.64710230565617,1.7495393018733976,5.505870480323401,-2.5466013362981883,0.566439747592954,0.10559366298449319,2.6882357252411606,0.7857142857142857,3.66138519463638,2.443158826300622,6.926354383415576,-2.7951727699067805,0.6046105292072612,0.1437644445988004,3.5519893133762412,1.0,1.2138586757812913,-0.12611043435616898
6299+9051,28,0.5,0.16035941951551175,-0.02737835491168447,2.4221352326902066,-1.7404655824226158,0.32632846832446344,-0.07691185570793979,0.3567599009422805,0.5,0.47862131901791033,-0.26441931577228617,3.4016196557990743,-2.3547920736457013,0.32632846832446344,-0.1345176162839974,0.5197547386029011,0.4642857142857143,1.0235762156256647,-0.5831477131030393,4.896366053093927,-3.0715442035112304,0.2953130373965958,-0.16553304721186501,0.9141803343655258,1.0,0.5275327102946009,-0.09748902532110137
9320+7053,28,0.5,0.7552203914716077,0.034036389874263634,2.8434457782156457,-1.6093819124124684,0.32632846832446344,-0.07691185570793979,0.9516208728983764,0.6071428571428571,2.078059144151742,1.0607330932783812,4.85685974396358,-2.1033452245212003,0.42408726034906297,-0.03675882425939786,2.119192563736733,0.6785714285714286,3.0811442451863478,1.6338715386762173,6.7747634173538644,-2.4060398921534936,0.4933850455563118,0.03253896094785097,2.971748363926209,1.0,0.6723755928748969,-0.10637400684569204
8182+3193,43,0.46511627906976744,0.34023488956340503,-0.20525764530937116,3.018552534412322,-1.744735377803112,0.3251082626391856,-0.07813206139321766,0.5366353709901738,0.5813953488372093,0.9586862669364711,0.3545278450363166,4.395994481039777,-2.616459176639392,0.4332831575571177,-0.02756292705134311,0.9998196865214618,0.627906976744186,1.7674849504958794,1.0687581699346407,5.237830079000302,-2.9392500780236177,0.4785953826527317,0.01774929804427089,1.6580890692357406,1.0,0.03873733503419319,-0.09532526463604496
3193+2454,43,0.46511627906976744,0.07225450751437149,-0.20525764530937116,2.815689532924151,-1.9269446583133893,0.3251082626391856,-0.07813206139321766,0.26865498894114026,0.5116279069767442,0.2840259618062012,0.0747266881028931,4.136030281565237,-2.991252523969958,0.36752063766074083,-0.09332544694771999,0.325159381391192,0.5348837209302325,0.6594156749035904,0.6351924244263608,4.903503228368021,-3.546492768874109,0.3891538972887278,-0.07169218731973304,0.5500197936434515,1.0,0.07638404424229624,-0.09528207293045632
2913+6508,61,0.4426229508196721,-0.44163870953602463,-0.5575378302128685,2.275060448180572,-2.265635134460999,0.32507608033920443,-0.0781642436931988,-0.24523822810925588,0.47540983606557374,-0.5307249362552902,-0.27590470057951666,3.484120589375727,-3.392092493886213,0.3553028228679598,-0.10554326174050105,-0.4895915166702994,0.4918032786885246,-0.44556002817999246,-0.2479999999999881,4.2964573021005075,-4.0996936878541135,0.37060186643725185,-0.09024421817120898,-0.5549559094401313,1.0,-0.17114321436509466,-0.0850048194557112
2859+6821,33,0.48484848484848486,0.042626283212044404,-0.025935405240713333,2.632483783515907,-2.0474810456755823,0.32503781646924224,-0.078202507563161,0.23902676463881314,0.5454545454545454,0.13010966665409301,0.3545278450363166,3.9853626540429232,-3.1946852849319853,0.3798565794374957,-0.08098950517096515,0.1712430862390838,0.48484848484848486,0.5975928800694825,-0.4686419753086434,4.791306205361045,-3.679460948436147,0.32503781646924224,-0.1358082681392186,0.48819699880934364,0.0,-0.43913551836404446,-0.0899537038128207
2859+4118,33,0.48484848484848486,0.21025507563185417,-0.025935405240713333,3.5604514907653786,-2.2116408258274474,0.32503781646924224,-0.078202507563161,0.4066555570586229,0.6060606060606061,1.6937921270264964,1.100999099286364,5.563542465283768,-3.0538355483931343,0.4368314280651038,-0.02401465654335705,1.7349255466114872,0.6060606060606061,3.0191993054424526,1.2864285714285597,6.92728891660373,-3.5537213630860927,0.4368314280651038,-0.02401465654335705,2.909803424182314,0.0,-0.14409625049661096,-0.0899537038128207
5102+8773,33,0.48484848484848486,0.4343230238780056,-0.3161374009128036,2.6166419759184105,-2.04969915843884,0.32503781646924224,-0.078202507563161,0.6307235053047744,0.6666666666666666,1.2887442588359328,1.1848952879581145,4.0215888247193865,-2.528526089973771,0.49607581799949974,0.03522973339103891,1.3298776784209236,0.696969696969697,2.061183303537777,1.4922671375417853,4.9510465412022695,-2.68804498212688,0.5266154602526555,0.06576937564419466,1.9517874222776381,1.0,0.35164759768545584,-0.12033805957297894
5102+4846,26,0.5,-0.27150225400393135,-0.10462462383535974,2.4018662302867577,-2.3506815728437696,0.3206030631500208,-0.08263726088238244,-0.0751017725771626,0.6153846153846154,0.4353384255160415,0.846316543107233,3.553650031104403,-2.997507544047335,0.4253452003942009,-0.03550088421425995,0.4764718451010323,0.6538461538461539,1.1964861364398833,1.5381885425928823,4.5054767515329734,-3.1156129113488436,0.46220229009632996,0.0013562054878691332,1.0870902551797446,0.0,0.26000017039022416,-0.12477281289220038
8038+2803,44,0.45454545454545453,0.019646205707787575,-0.6165672868253823,2.652532208662602,-2.2644705480770706,0.3170500778685361,-0.08619024616386711,0.21604668713455633,0.5454545454545454,0.43950338383435883,0.5925071301424657,3.9750378639157673,-3.1714787384739878,0.4006593217065349,-0.06018676290192593,0.4806368034193496,0.5681818181818182,0.6123640874577834,0.4443084716615854,4.749150726778549,-3.992047732701544,0.42223890740554393,-0.0386071772029169,0.5029682061976445,1.0,0.23957040877530658,-0.10699051380337649
3193+7562,39,0.46153846153846156,-0.1790832724658807,-0.20525764530937116,2.529964500636555,-1.9565755414189214,0.3156664723404835,-0.08757385169191972,0.017317208960888036,0.5128205128205128,-0.12475941099855002,0.0747266881028931,3.6932951420911118,-3.054541412709194,0.3619910864569657,-0.09885499815149512,-0.08362599141355925,0.5384615384615384,0.21868889027135816,0.6351924244263608,4.514158793156037,-3.6667293750394125,0.38569186821738816,-0.07515421639107267,0.1092930090112193,0.0,-0.056793476572149115,-0.10472386322915839
2913+6201,42,0.4523809523809524,-0.29378028036310483,-0.4852995273513304,2.2882581646223326,-2.2300877499463883,0.3122316381863853,-0.09100868584601796,-0.09737979893633608,0.4523809523809524,-0.4995534478672282,-0.34075404828854505,3.579634563285684,-3.3284567480889447,0.3122316381863853,-0.14861444642207555,-0.45842002828223744,0.5238095238095238,0.12603559428310845,0.2639278690199577,4.491021513556735,-3.7390041218611545,0.37722213940207044,-0.08362394520639038,0.0166397130229696,0.0,-0.36861748656731735,-0.09784926160853036
2913+8773,37,0.4594594594594595,-0.3293603081058266,-0.20856136943063305,2.2550091613423198,-2.1345036901913423,0.3103832782845773,-0.09285704574782594,-0.13295982667905787,0.5135135135135135,-0.17050630912187667,0.18125533211455394,3.4927797967435987,-3.0582841966387506,0.35894637225980913,-0.1018997123486517,-0.12937288953688592,0.5675675675675675,0.33672455935931644,0.8485106382978548,4.4379428515658175,-3.5518521466305737,0.40913906334200717,-0.05170702126645366,0.2273286780991776,0.0,-0.4072088098481446,-0.09969762151033834
2681+7562,27,0.48148148148148145,-0.42658150680160395,-0.12946564885496045,2.4378691096280694,-2.494213122531196,0.3074295064970908,-0.09581081753531245,-0.2301810253748352,0.6296296296296297,0.2805598049049089,1.0400000000000011,4.210300074997051,-3.5515391717769687,0.442289046234463,-0.018557038373997803,0.3216932244898997,0.6666666666666666,1.341126156467585,2.1617074440395667,5.6969467361655735,-4.20583853348028,0.47824419872105484,0.01739811411259401,1.2317302752074462,1.0,-0.11553461387594527,-0.09990364573067823
3675+6201,27,0.48148148148148145,0.5962087204814969,-0.14903308353133124,2.9564437750711536,-1.926382808663722,0.3074295064970908,-0.09581081753531245,0.7926092019082656,0.6296296296296297,2.0769196528760876,0.9595439403825613,5.096325646252512,-2.384021442664502,0.442289046234463,-0.018557038373997803,2.118053072461078,0.7037037037037037,3.21427050477339,2.381296060991116,6.450958391313118,-2.5697582797152054,0.515189666191624,0.05434358158316316,3.1048746235132514,1.0,0.8885892878062873,-0.10847510181563164
5527+3675,27,0.48148148148148145,0.28678163007624985,-0.14903308353133124,3.415198720848821,-2.878410521935847,0.3074295064970908,-0.09581081753531245,0.4831821115030186,0.5185185185185185,1.229714221834711,0.29297745566048594,5.234410384257894,-3.9811398219630223,0.33985324586210425,-0.12099283874635658,1.2708476414197019,0.6666666666666666,2.674298393081791,0.8615297084114505,6.4857396511964565,-4.415022284431129,0.47824419872105484,0.01739811411259401,2.564902511821652,1.0,0.5454468462814094,-0.11632463261655385
2741+2913,40,0.45,-0.42290248093693883,-0.3108112969602127,2.2150820469907915,-2.237593988022893,0.30705075280944705,-0.09618957122295618,-0.22650199951017008,0.475,-0.4124337517929348,-0.1963474120181562,3.3600198847369755,-3.230031695771424,0.32935229550181694,-0.1314937891066439,-0.371300332207944,0.525,-0.08169469370318128,0.49882070200909967,4.234295710447526,-3.7514954126687785,0.37497106853929735,-0.08587501606916348,-0.19109057496332013,0.0,-0.49524383057440785,-0.14538814987118537
2537+7246,25,0.48,0.13223203925867746,-0.5395180722891534,2.4379525672623057,-1.775339462852962,0.30031003928960015,-0.10293028474280308,0.32863252068544624,0.52,,,3.4100173575065273,-2.088831613853382,0.3349821795314731,-0.12586390507698775,,0.52,,,4.230539531942242,-2.48236152705658,0.3349821795314731,-0.12586390507698775,,1.0,0.3625068472404176,-0.10648167386044238
4846+7562,25,0.48,-0.21810800738126612,-0.20525764530937116,2.667955510497947,-2.065376704557483,0.30031003928960015,-0.10293028474280308,-0.021707525954497375,0.48,-0.416369274893504,-0.27590470057951666,3.931613957421652,-3.5356864757541877,0.30031003928960015,-0.16053604531886068,-0.3752358553085132,0.56,0.24305110582676231,0.8615297084114505,4.87188155876028,-4.363539947003406,0.37067017019564436,-0.09017591441281647,0.13365522456662346,0.0,-0.4980950993767789,-0.11369465604492557
6299+3675,28,0.4642857142857143,0.3216853709074753,-0.1771453644203512,3.0650313679919106,-1.9879665315839559,0.2953130373965958,-0.10792728663580742,0.518085852334244,0.5714285714285714,1.5603137288916724,0.5603860669010908,4.831738055710333,-2.751293301408221,0.390704789856154,-0.07014129475230685,1.6014471484766633,0.6785714285714286,2.704737537553845,1.7375994735062508,6.09497984700251,-3.1073978727529328,0.4933850455563118,0.03253896094785097,2.5953416562937064,1.0,0.5049502067446077,-0.128504456248969
5102+6299,28,0.4642857142857143,-0.14628298958122832,-0.5672215437686433,2.0956385726437907,-1.8781480841824376,0.2953130373965958,-0.10792728663580742,0.05011749184554043,0.5357142857142857,0.6308797090750042,0.16480170485904566,3.5706424605918805,-2.3494811820101296,0.35812395142101666,-0.10272213318744416,0.672013128659995,0.5714285714285714,1.730359425795886,0.6211359942206941,4.880099822682924,-2.496392703316455,0.390704789856154,-0.07014129475230685,1.6209635445357473,0.0,0.6158621443930785,-0.15006283864562536
2712+2913,28,0.4642857142857143,-0.4543800134500345,-0.5375944420321365,2.137291796225769,-2.3612993669828604,0.2953130373965958,-0.10792728663580742,-0.25797953202326573,0.42857142857142855,-0.710164752829442,-0.4294908118282158,3.4043260440040406,-3.5414335877819965,0.2650829618073122,-0.1957631228011486,-0.6690313332444513,0.5357142857142857,-0.08855557656321292,0.6054798089448467,4.363146652087372,-4.172846263719357,0.35812395142101666,-0.10272213318744416,-0.19795145782335177,1.0,-0.2264008564399665,-0.13153866940968567
6299+2537,29,0.4482758620689655,0.0742851839476252,-0.7213818630474943,1.987982014226204,-1.7525685986482744,0.2841291114874579,-0.11911121254494533,0.270685665374394,0.5172413793103449,-0.15724883993949673,0.3181503449945434,2.896156285317566,-2.456644564200313,0.34430737970569164,-0.11653870490276919,-0.11611542035450596,0.4827586206896552,-0.5124781211789432,-0.02440677966101909,3.3002258227293595,-3.09744276860359,0.3138581933079522,-0.1469878913005086,-0.6218740024390821,0.0,1.1693950429110556,-0.13968838215810692
2692+2537,29,0.41379310344827586,-0.36132238088188656,-0.7213818630474943,2.120721496293244,-2.117389214930531,0.2551293527964552,-0.14811097123594802,-0.16492189945511782,0.5172413793103449,,,3.065970744362764,-2.6561071604630553,0.34430737970569164,-0.11653870490276919,,0.4827586206896552,,,3.8416902925001466,-3.0201950891272205,0.3138581933079522,-0.1469878913005086,,0.0,0.10482548581322078,-0.15370357771835197
2537+6508,27,0.4074074074074074,-0.1819665773539334,-0.7213818630474943,2.163157648538298,-1.9833333683430059,0.24514513372857347,-0.15809519030382976,0.014433904072835346,0.48148148148148145,,,3.0600749050620926,-2.619176488367744,0.3074295064970908,-0.15341657811137005,,0.5185185185185185,,,3.6971491933627076,-3.0098507703101016,0.33985324586210425,-0.12099283874635658,,0.0,0.6802675380688072,-0.16164657942146907
