entry_date,signal_date,n_positions,symbols,avg_clone_score,avg_rules_fired,exit_time,exit_reason,ret5x_pct,ret1x_pct,gross_rs,charges_rs,position_rets
2025-06-02,2025-05-30,15,"ITI,IFCI,MMTC,RPOWER,TECHNOE,POWERINDIA,CONCORDBIO,ZENTEC,FORCEMOT,ENGINERSIN,SUZLON,NBCC,GRSE,DEEPAKFERT,PTCIL",173.43655113049087,55.53333333333333,09:18,HARD_STOP,-4.246639182687158,-0.8493278365374316,-19661.46000000043,1571.7359134353599,"-1.7015,-0.3843,-3.6611,2.0464,0.8515,-0.9284,1.5087,-4.5748,-2.5192,0.7644,-0.0277,0.2272,-0.7533,-1.8474,-1.0261"
2025-06-03,2025-06-02,15,"MMTC,RPOWER,ANANTRAJ,FORCEMOT,ITI,TEGA,CLEAN,RRKABEL,CCL,SUZLON,CONCORDBIO,GLAXO,ZENTEC,YESBANK,GRSE",157.9824448315738,53.53333333333333,09:16,HARD_STOP,-3.957707447105981,-0.7915414894211963,-18209.16000000015,1579.3772355297601,"-1.2063,-2.9526,1.0684,0.1203,1.1667,-1.2500,-0.1400,-0.6631,0.0112,-2.2734,-0.7198,0.3119,0.2432,-4.7536,0.1145"
2025-06-04,2025-06-03,15,"RPOWER,MAHABANK,PARADEEP,IOB,FACT,ZFCVINDIA,CONCORDBIO,EMCURE,IFCI,SUZLON,IDBI,GRSE,POWERINDIA,CDSL,SPLPETRO",153.91328010874648,52.93333333333333,15:29,EOD,2.6800430013199605,0.5360086002639921,14986.929999999702,1586.7149933998999,"3.5593,-0.6157,-2.4253,1.1534,-0.9353,-1.4632,2.3707,-1.2593,2.4005,-2.3702,2.2412,5.7092,1.5228,-0.6418,-0.1397"
2025-06-05,2025-06-04,15,"TECHNOE,GRSE,FACT,MMTC,CONCORDBIO,COCHINSHIP,EMCURE,RAILTEL,IRCON,BSE,RADICO,PTCIL,RPOWER,ABFRL,GILLETTE",154.97099558671388,51.0,15:29,EOD,3.899235256317653,0.7798470512635306,21088.030000000726,1591.8537184124602,"-1.9481,0.6484,-0.8958,-2.6837,-1.7105,12.0541,-0.4569,2.6737,-1.8883,3.2682,-0.9501,1.0680,1.3977,-0.2587,2.3788"
2025-06-06,2025-06-05,15,"IRCON,COCHINSHIP,GRSE,GILLETTE,FACT,RAILTEL,FORCEMOT,BRIGADE,RPOWER,RITES,FIRSTCRY,DATAPATTNS,SWIGGY,MMTC,CONCORDBIO",162.20520851298488,50.6,09:29,HARD_STOP,-3.4895940232034843,-0.6979188046406969,-15868.209999999963,1579.7601160174602,"-1.9390,2.6642,-0.4701,-1.6056,-0.1270,-1.9912,-1.8716,-0.8095,0.5538,-3.2039,-0.1977,-0.8063,1.3260,-1.3926,0.3114"
2025-06-09,2025-06-06,15,"COCHINSHIP,RAILTEL,FORCEMOT,IRCON,SOBHA,NEULANDLAB,PTCIL,POWERINDIA,FIRSTCRY,GMDCLTD,GRSE,GILLETTE,GODREJIND,MUTHOOTFIN,GVT&D",157.50599295689165,53.666666666666664,09:17,HARD_STOP,-4.722477593301566,-0.9444955186603131,-22041.869999999646,1570.51796650818,"-3.9807,0.6111,-0.0240,-0.7773,-1.4176,-0.7083,-0.7532,-1.7903,-1.1418,0.0000,-1.7033,-0.6567,-1.4353,0.3758,0.0086"
2025-06-10,2025-06-09,15,"COCHINSHIP,NEULANDLAB,GODREJIND,FIRSTCRY,FORCEMOT,PRESTIGE,JMFINANCIL,MCX,IRCON,KFINTECH,SOBHA,JPPOWER,PTCIL,ABREL,GMDCLTD",151.1018352235165,48.6,09:16,HARD_STOP,-3.423734810108245,-0.684746962021649,-15542.169999999925,1576.5040505412999,"-1.0238,0.2515,-0.1632,-1.2197,0.4398,0.2270,-2.4918,-1.0006,-0.1778,-1.2352,-0.2050,-1.7328,0.0625,-0.7770,-0.2885"
2025-06-11,2025-06-10,15,"JMFINANCIL,JPPOWER,CGCL,RPOWER,JINDALSAW,RAILTEL,NEULANDLAB,MCX,ZFCVINDIA,IRCON,CONCORDBIO,IIFL,ABREL,HINDZINC,GODREJIND",159.01659887919155,51.93333333333333,13:47,HARD_STOP,-3.697733811995676,-0.7395467623991352,-16906.85000000056,1581.81905997782,"-2.9007,-0.4427,1.2079,-2.3914,-0.1199,0.7761,6.4038,-4.1139,-1.8915,-0.7992,-1.0242,-0.1139,1.8549,-3.2711,-3.3117"
2025-06-12,2025-06-11,15,"RPOWER,JPPOWER,JINDALSAW,PTCIL,GALLANTT,ATUL,CONCORDBIO,CRISIL,NEULANDLAB,TTML,TATAINVEST,WOCKPHARMA,FIVESTAR,MCX,COCHINSHIP",149.3444644763952,51.2,09:44,HARD_STOP,-3.9056764517700944,-0.7811352903540189,-17953.819999999832,1574.5622588506403,"-3.6197,-3.0618,-0.2676,-0.6452,0.3855,-0.3426,-0.9341,-1.0681,-0.9902,1.6744,-1.8131,-0.3437,-1.2022,0.6614,0.6955"
2025-06-13,2025-06-12,15,"NEULANDLAB,NAVA,RPOWER,RHIM,TTML,ERIS,FORCEMOT,IKS,REDINGTON,GILLETTE,EMCURE,OIL,BLUEJET,WOCKPHARMA,PFIZER",181.7732134775891,47.333333333333336,13:18,TRAIL,3.2439995551048,0.64879991102096,17804.5,1584.5022244759998,"-1.2115,0.4219,0.0746,1.2971,-4.9631,1.1219,5.8212,4.6319,-0.0844,1.6811,1.0370,-1.1563,-0.2193,2.2424,0.2478"
2025-06-16,2025-06-13,15,"NEULANDLAB,FORCEMOT,SCI,DCMSHRIRAM,PTCIL,ERIS,IKS,RPOWER,PFIZER,GALLANTT,GILLETTE,TTML,SPLPETRO,TEGA,JUBLINGREA",156.50591936284488,57.666666666666664,09:30,HARD_STOP,-3.644554850511378,-0.7289109701022756,-16651.41000000015,1571.36425255674,"-1.0491,-0.1556,0.7796,-3.2193,-0.3532,2.2340,-1.2629,-0.2815,0.9222,0.4188,-1.0461,-3.7155,-0.7288,-0.9745,-1.6667"
2025-06-17,2025-06-16,15,"JUBLINGREA,FORCEMOT,SCI,NAVA,NEULANDLAB,DCMSHRIRAM,RHIM,GILLETTE,ONESOURCE,ANANDRATHI,360ONE,ERIS,PFIZER,OIL,MANAPPURAM",150.03533007526767,49.46666666666667,09:19,HARD_STOP,-3.880531875165379,-0.7761063750330758,-17832.029999999795,1570.6293758271001,"-0.3394,1.1111,-4.1215,-2.0318,-0.0934,-0.5585,-0.2119,0.7506,-1.3455,-0.5048,-1.4078,-1.6901,0.7627,-0.6523,-0.2740"
2025-06-18,2025-06-17,15,"FORCEMOT,ONESOURCE,SCI,JUBLINGREA,BAYERCROP,WOCKPHARMA,SPLPETRO,NAVA,POWERINDIA,SAGILITY,GLAND,RPOWER,IKS,SUPREMEIND,BAJAJHLDNG",160.9090438492619,54.666666666666664,09:16,HARD_STOP,-4.838478224674555,-0.967695644934911,-22623.069999999832,1569.3211233729403,"-1.5375,0.1581,0.0999,-0.7015,-0.6367,-0.3777,-1.8209,-1.3879,-0.3262,0.0244,-0.2524,-2.1283,-3.8973,-0.0130,-0.9538"
2025-06-19,2025-06-18,15,"FORCEMOT,GRSE,SPLPETRO,ZYDUSWELL,ONESOURCE,BAYERCROP,GODREJIND,POWERINDIA,SAGILITY,ABCAPITAL,BEML,MCX,CRISIL,NEULANDLAB,SUPREMEIND",152.7642260810728,48.666666666666664,11:10,HARD_STOP,-3.268165662755778,-0.6536331325511556,-14768.539999999572,1572.28831377932,"-1.7251,-1.2855,0.0815,1.0726,-0.3619,0.3082,0.6464,2.1126,-2.7449,0.3059,-2.1286,-1.6939,0.3482,-1.4510,-2.5813"
2025-06-20,2025-06-19,15,"SWIGGY,DCMSHRIRAM,GILLETTE,CEMPRO,GALLANTT,ZYDUSWELL,SPLPETRO,MRF,AEGISVOPAK,ONESOURCE,CRISIL,GODREJIND,SHREECEM,PTCIL,POWERINDIA",167.82896674197826,49.46666666666667,09:24,HARD_STOP,-3.5958920616045926,-0.7191784123209185,-16419.619999999646,1559.84030802332,"-1.2351,-0.7019,-1.2360,-3.0374,-0.7008,-0.4075,0.0515,-0.1408,1.8588,-1.1531,-0.9485,0.1659,-0.0680,-0.4878,-1.9417"
2025-06-23,2025-06-20,15,"FORCEMOT,GILLETTE,CEMPRO,CRISIL,BEML,SWIGGY,ZYDUSWELL,CONCORDBIO,GALLANTT,WAAREEENER,KAYNES,MRF,POWERINDIA,PTCIL,MCX",147.0728116056758,52.13333333333333,15:29,EOD,6.329230686478966,1.2658461372957932,33213.59999999963,1567.4465676048003,"0.8463,1.1342,1.2845,3.1345,2.6793,0.0130,1.8000,1.1123,1.7192,-1.3504,-0.1552,0.4500,0.7707,4.4365,2.7329"
2025-06-24,2025-06-23,15,"GALLANTT,BEML,SWIGGY,GRSE,SPLPETRO,CRISIL,TEGA,KFINTECH,CHENNPETRO,BOSCHLTD,WAAREEENER,MCX,ZEEL,POWERINDIA,FORCEMOT",153.92066086561107,49.53333333333333,09:22,HARD_STOP,-3.563491887081579,-0.7126983774163158,-16247.600000000093,1569.8594354078,"0.1141,-2.6619,0.4093,-4.3528,-1.8577,1.8718,0.2003,-0.1563,-1.0760,-0.5625,-0.8261,-1.6766,-1.8130,2.0248,0.7497"
2025-06-25,2025-06-24,15,"SPLPETRO,ZEEL,JMFINANCIL,GALLANTT,FORCEMOT,SWANCORP,CHENNPETRO,WAAREEENER,USHAMART,GRSE,BEML,ANANDRATHI,POONAWALLA,KFINTECH,BAYERCROP",150.95246380927745,52.0,15:29,EOD,-2.1042077346821197,-0.42084154693642395,-8942.739999999758,1578.29867341084,"2.1792,1.1164,2.0396,2.6665,-0.5099,-0.6944,-2.7559,-1.9333,0.7505,-6.3830,-0.8054,-1.2906,-1.1249,-0.5485,1.8689"
2025-06-26,2025-06-25,15,"GALLANTT,IDEA,SPLPETRO,JMFINANCIL,PAGEIND,MCX,SAMMAANCAP,NEULANDLAB,ENDURANCE,PTCIL,KFINTECH,CEMPRO,ZEEL,RKFORGE,KAJARIACER",145.75804012412254,46.266666666666666,10:09,HARD_STOP,-3.5328080487561717,-0.7065616097512344,-16093.71999999974,1570.32024378112,"-0.0827,0.8357,-2.3622,1.7115,-0.2495,0.1731,-1.2028,-2.0917,-0.9313,-0.6640,-1.5242,-0.7581,-1.6322,-0.7956,-0.2732"
2025-06-27,2025-06-26,15,"SPLPETRO,SAMMAANCAP,IDEA,NUVAMA,APARINDS,GALLANTT,JMFINANCIL,ABBOTINDIA,GABRIEL,CEMPRO,NH,JSWDULUX,FIRSTCRY,WELSPUNLIV,USHAMART",149.85458176228465,49.0,15:29,EOD,5.58759240700534,1.1175184814010681,29529.97999999998,1592.01796497328,"0.5747,-2.2222,2.0690,4.1772,-3.9886,-1.9054,0.8038,5.2632,1.0256,1.5584,3.9009,6.1928,-2.7288,0.1389,2.8386"
2025-06-30,2025-06-27,15,"ABBOTINDIA,FIRSTCRY,SPLPETRO,HOMEFIRST,NH,NUVAMA,SAMMAANCAP,JKCEMENT,TBOTEK,WELSPUNLIV,ONESOURCE,HSCL,PAGEIND,APARINDS,IDEA",156.01734427038792,52.0,09:34,HARD_STOP,-3.158160759043196,-0.6316321518086392,-14227.290000000037,1563.51379521594,"-0.5580,-1.2274,-0.9628,-1.8788,-1.3753,-0.5073,-0.2325,-3.7638,-0.9233,-0.9705,0.0728,2.5765,-0.2459,0.7548,0.5405"
2025-07-01,2025-06-30,15,"ABBOTINDIA,BAYERCROP,NUVAMA,IDBI,AAVAS,SPLPETRO,FORCEMOT,NH,CEMPRO,REDINGTON,GABRIEL,HSCL,JMFINANCIL,EIDPARRY,GODFRYPHLP",157.02547359648548,48.266666666666666,10:11,HARD_STOP,-3.3189961982446996,-0.6637992396489399,-15023.94999999972,1571.03099122378,"-1.4436,-0.5582,0.0000,-0.1933,-0.0048,-1.4001,-2.1486,-0.2064,-0.6153,0.4287,0.0000,-2.3894,-0.1318,-0.9099,0.2658"
2025-07-02,2025-07-01,15,"ENDURANCE,HSCL,GABRIEL,BAYERCROP,FORCEMOT,ABBOTINDIA,SPLPETRO,CRAFTSMAN,PTCIL,TBOTEK,RBLBANK,CUB,J&KBANK,SYRMA,LAURUSLABS",154.4783063985781,52.13333333333333,13:22,HARD_STOP,-3.341161081027424,-0.6682322162054848,-15134.439999999478,1571.36540513764,"-2.6988,-1.6799,0.0000,0.7458,-2.0460,0.8897,-0.8314,-0.6834,0.2203,-0.6310,-3.4352,-0.2919,-2.7179,3.2423,0.9316"
2025-07-03,2025-07-02,15,"GABRIEL,BAYERCROP,ASAHIINDIA,BLUEDART,CUB,JPPOWER,APARINDS,ZFCVINDIA,ABBOTINDIA,TBOTEK,RBLBANK,ENDURANCE,TATACOMM,KALYANKJIL,WAAREEENER",151.09522315389233,52.93333333333333,10:45,HARD_STOP,-3.4065202242873704,-0.6813040448574741,-15464.370000000112,1568.2311214367398,"-1.9016,0.5938,-0.3076,-0.6293,-1.2613,-1.4854,0.1855,1.0682,0.2679,-2.4390,1.8936,-2.0446,-1.3152,-1.2124,-0.6342"
2025-07-04,2025-07-03,15,"GABRIEL,JMFINANCIL,HONAUT,BAYERCROP,BLUEDART,SYRMA,DCMSHRIRAM,CHENNPETRO,PTCIL,ABBOTINDIA,SAGILITY,AMBER,LTFOODS,ENDURANCE,BLUESTARCO",153.66282616617585,51.86666666666667,10:54,HARD_STOP,-3.3881607119498995,-0.6776321423899799,-15371.330000000075,1569.47355974942,"-0.7425,-1.3473,-0.5691,0.5792,-2.1889,0.3872,-4.6886,1.6831,0.3524,0.0706,-0.6580,0.2723,-2.8560,-0.7672,1.2371"
2025-07-07,2025-07-04,15,"DCMSHRIRAM,ASTERDM,BLUEDART,CHENNPETRO,HONAUT,SPLPETRO,COHANCE,NATCOPHARM,GALLANTT,MRPL,BLUESTARCO,CRAFTSMAN,JMFINANCIL,JKCEMENT,BOSCHLTD",161.30813629369015,56.2,09:49,HARD_STOP,-3.7859371370609733,-0.7571874274121947,-17360.669999999925,1569.0156853049398,"-0.3321,-1.6170,-0.5599,-2.6206,-1.3592,0.0918,-1.4132,-2.0110,-0.2355,-1.3873,-0.2723,-0.7365,0.4209,0.9310,0.7550"
2025-07-08,2025-07-07,15,"CHENNPETRO,JSWDULUX,JPPOWER,HONAUT,TEGA,NATCOPHARM,BOSCHLTD,DCMSHRIRAM,GABRIEL,BAYERCROP,CREDITACC,BLUEJET,RAINBOW,IGIL,NEULANDLAB",153.33219375583928,53.2,15:29,EOD,0.6447765959354214,0.12895531918708428,4800.899999999907,1577.0170203228001,"-0.5002,2.0776,-3.2328,-0.4872,-1.1486,1.1276,-1.4032,2.2553,7.4698,0.9321,1.3770,-2.5695,-1.4094,-0.9524,-0.7976"
2025-07-09,2025-07-08,15,"JPPOWER,TEGA,JSWDULUX,SONATSOFTW,BELRISE,BOSCHLTD,FORCEMOT,SPLPETRO,GABRIEL,CARTRADE,MSUMI,BAJAJHLDNG,DCMSHRIRAM,JMFINANCIL,KPRMILL",152.89258106441213,51.06666666666667,15:29,EOD,2.466609232682262,0.4933218465364524,13906.39000000013,1573.3438365888198,"-0.9379,1.6969,-1.5495,-0.9122,2.8319,0.5634,9.2566,-0.7280,3.6290,-1.8529,-0.2080,-0.6881,-0.3556,-0.7895,-0.8299"
2025-07-10,2025-07-09,15,"JPPOWER,FORCEMOT,MEDANTA,BELRISE,SYRMA,BOSCHLTD,BAYERCROP,JSWDULUX,GABRIEL,MRF,SCHAEFFLER,AIAENG,THELEELA,LINDEINDIA,TEGA",147.40407460765593,50.6,15:29,EOD,1.6454342683383212,0.3290868536676642,9792.950000000186,1565.7786583085801,"2.6257,-0.5992,2.9295,-0.2414,2.1462,1.5535,-2.2412,-1.2552,4.7194,-1.2625,-0.3542,-0.5797,1.1866,-0.4918,-2.2995"
2025-07-11,2025-07-10,15,"FORCEMOT,SYRMA,TEGA,GABRIEL,ATUL,BELRISE,SAGILITY,GALLANTT,DCMSHRIRAM,ACMESOLAR,NYKAA,CARTRADE,JPPOWER,POWERINDIA,LEMONTREE",147.7429239989521,47.4,15:29,EOD,-1.623813474103061,-0.3247626948206122,-6537.7400000002235,1581.3273705150802,"-1.1987,2.0000,-2.4247,0.3717,-2.4157,2.4180,0.4944,-2.0305,-0.5868,-0.5444,0.3279,3.4820,2.3758,-4.5175,-1.9703"
2025-07-14,2025-07-11,15,"GALLANTT,JPPOWER,ACMESOLAR,GABRIEL,SBFC,LEMONTREE,KIRLOSENG,SPLPETRO,SYRMA,FORCEMOT,BELRISE,GLENMARK,CARTRADE,SAGILITY,NETWEB",163.84730174617042,47.8,09:24,HARD_STOP,-4.295071636658942,-0.8590143273317883,-19894.16000000015,1581.1981832945598,"-0.7937,-3.7190,-1.2780,-1.5250,-0.8101,0.1641,0.8371,-0.5937,-0.6325,0.5785,-2.2929,0.1382,-1.6903,-1.4441,1.1224"
2025-07-15,2025-07-14,15,"JPPOWER,GABRIEL,ACMESOLAR,BELRISE,GLENMARK,EIDPARRY,CARTRADE,BOSCHLTD,HEG,SYRMA,WOCKPHARMA,NEULANDLAB,MANKIND,ANANDRATHI,ABDL",156.74905629314068,45.6,09:45,HARD_STOP,-3.7563569804641754,-0.7512713960928351,-17207.610000000335,1574.17490232054,"-3.6162,0.2000,-2.2232,-0.6718,-1.0657,0.0607,-3.5723,0.9739,0.0560,0.1903,-0.2085,1.2338,-0.8333,-1.3520,0.5524"
2025-07-16,2025-07-15,15,"JPPOWER,ANANDRATHI,OLAELEC,NEULANDLAB,ABDL,NETWEB,SWANCORP,FORCEMOT,GLENMARK,GODFRYPHLP,ACMESOLAR,BOSCHLTD,CARTRADE,BLUEJET,TEGA",167.56113968650828,53.13333333333333,15:29,EOD,-2.202333294726711,-0.4404666589453422,-9437.819999999832,1573.8464736337203,"-3.0600,1.4575,-5.2833,-3.9973,0.4171,-0.3204,4.8000,0.2196,-0.6306,-1.1161,-1.1626,-0.1685,0.9451,-0.9126,3.1467"
2025-07-17,2025-07-16,15,"NEULANDLAB,BOSCHLTD,OLAELEC,SWANCORP,TEGA,IDEA,AEGISVOPAK,GODFRYPHLP,JPPOWER,ACUTAAS,GALLANTT,ANANTRAJ,ANANDRATHI,PAGEIND,PGEL",159.0646872590787,53.333333333333336,14:23,HARD_STOP,-3.540636804447053,-0.7081273608894106,-16136.399999999907,1566.7840222353598,"0.3403,-0.3238,-0.3774,-3.1608,-0.0784,-0.1276,0.6181,-1.3171,-4.8421,-0.6224,-0.3973,-0.7553,1.9061,-0.4017,-0.2171"
2025-07-18,2025-07-17,15,"SWANCORP,CRAFTSMAN,TEGA,THERMAX,APARINDS,NEULANDLAB,JPPOWER,AEGISVOPAK,PATANJALI,BELRISE,GLAND,CHOICEIN,AADHARHFC,COHANCE,ITCHOTELS",146.90634725342332,46.86666666666667,15:29,EOD,0.5968818389587485,0.11937636779174969,4566.010000000242,1581.6008052065001,"-0.7089,-1.0923,2.6247,-0.4300,0.4156,-2.1237,0.3954,-1.3014,1.2762,2.0082,-0.8969,-0.9279,-0.2477,-1.4587,5.1074"
2025-07-21,2025-07-18,15,"NUVOCO,NEULANDLAB,ANANDRATHI,AEGISVOPAK,BLUEJET,THERMAX,RRKABEL,SPLPETRO,CHENNPETRO,ITCHOTELS,TEGA,PATANJALI,JSWDULUX,SAMMAANCAP,POWERINDIA",152.4243898096186,47.13333333333333,09:17,HARD_STOP,-3.2930905635707517,-0.6586181127141504,-14892.770000000019,1572.6828178537398,"1.8798,0.3645,-2.3229,-1.1203,-2.0032,-0.2545,-2.4711,-1.0035,-1.0000,1.0196,-0.1435,-0.5882,-0.4460,0.4485,-1.4375"
2025-07-22,2025-07-21,15,"GMDCLTD,ITCHOTELS,JPPOWER,BLUEJET,GALLANTT,SAMMAANCAP,PARADEEP,GILLETTE,NEULANDLAB,TRAVELFOOD,JSWDULUX,CRAFTSMAN,AIIL,NUVOCO,TEGA",148.3689799187474,48.13333333333333,14:18,HARD_STOP,-3.282097305166068,-0.6564194610332136,-14834.25,1576.2365258303398,"5.2074,-1.6944,-0.2776,-10.7241,-2.0347,-0.4794,-1.5947,0.2080,-1.7464,1.9264,2.5351,-0.5239,-0.3979,1.8141,-1.2139"
2025-07-23,2025-07-22,15,"3MINDIA,ETERNAL,GMDCLTD,TEGA,PARADEEP,GALLANTT,JSWDULUX,APARINDS,CHOICEIN,NUVOCO,FORCEMOT,SWIGGY,POWERINDIA,SHREECEM,RHIM",155.31458497468313,48.8,15:29,EOD,-0.6826999987144544,-0.13653999974289088,-1836.6500000003725,1576.8499935718996,"1.0400,1.3591,-1.2453,-2.0891,5.1181,1.1744,-1.1675,-1.2758,-0.8284,0.8383,-2.2159,0.2033,-1.7322,-1.2158,0.7803"
2025-07-24,2025-07-23,15,"GMDCLTD,PAYTM,INDIACEM,NEULANDLAB,PARADEEP,JSWDULUX,BELRISE,POWERINDIA,3MINDIA,CRAFTSMAN,SHREECEM,ETERNAL,RHIM,TEGA,GALLANTT",160.0261255186572,54.06666666666667,09:43,HARD_STOP,-3.3671612260457673,-0.6734322452091535,-15260.009999999776,1575.79613022906,"-0.7882,0.2864,-0.9452,0.4663,-3.5359,0.6268,-2.0116,-0.1003,-0.4736,0.0000,-0.2958,1.5054,-2.1088,-1.5816,-0.2359"
2025-07-25,2025-07-24,15,"FORCEMOT,PARADEEP,BELRISE,JSWDULUX,3MINDIA,ETERNAL,NEULANDLAB,PAYTM,OLECTRA,ZFCVINDIA,GALLANTT,VIJAYA,RHIM,MRPL,KIMS",163.17237175982567,50.4,09:17,HARD_STOP,-3.602477004911987,-0.7204954009823974,-16438.799999999814,1573.5850245601198,"-1.0933,0.3312,-1.0690,-0.7658,-1.9061,0.6453,-0.3186,0.6545,-1.3037,-0.1553,-0.5374,-1.5361,-0.1972,-1.5513,-1.2722"
2025-07-28,2025-07-25,15,"OLECTRA,FORCEMOT,HOMEFIRST,VIJAYA,COROMANDEL,GRAVITA,PTCIL,JSWDULUX,3MINDIA,SHYAMMETL,ETERNAL,GALLANTT,ERIS,PHOENIXLTD,JPPOWER",169.0651685240877,50.733333333333334,15:29,EOD,-1.3663771388434165,-0.2732754277686833,-5256.260000000242,1575.6256942168402,"-2.7119,4.0286,-5.6905,5.4251,-1.2295,-3.4057,1.2274,0.2600,-1.1527,-2.0000,-0.9516,3.0495,-2.0541,-0.2449,2.4378"
2025-07-29,2025-07-28,15,"GALLANTT,FORCEMOT,CARTRADE,VIJAYA,OLECTRA,LAURUSLABS,PARADEEP,GRAVITA,ACMESOLAR,IEX,JSWDULUX,SHYAMMETL,HOMEFIRST,BAYERCROP,NEULANDLAB",148.82694538221685,48.13333333333333,09:23,HARD_STOP,-3.8081628013991486,-0.7616325602798297,-17466.040000000503,1574.7740069952401,"-0.5228,0.1593,1.0150,-0.4377,-0.0701,-0.8211,-0.9091,-0.5464,0.9363,-3.3503,-0.2101,-1.0067,-2.6180,-0.4344,-1.8358"
2025-07-30,2025-07-29,15,"PARADEEP,GALLANTT,BOSCHLTD,CARTRADE,VIJAYA,ACMESOLAR,FORCEMOT,LAURUSLABS,NEULANDLAB,APARINDS,ABBOTINDIA,AMBER,PTCIL,VBL,GILLETTE",150.79867128110396,51.86666666666667,11:08,HARD_STOP,-3.3170434123277026,-0.6634086824655405,-15023.589999999851,1561.62706163866,"-5.5882,3.8286,-0.4125,-0.6027,-2.0932,-3.2205,-0.3341,-1.5826,-0.7919,-0.2832,-0.5636,1.5170,0.0136,0.9029,0.0194"
2025-07-31,2025-07-30,15,"PARADEEP,POWERINDIA,GVT&D,APARINDS,VIJAYA,BOSCHLTD,GALLANTT,COROMANDEL,VBL,CRAFTSMAN,ABBOTINDIA,AFFLE,FORCEMOT,SUMICHEM,AMBER",155.8829961296618,48.93333333333333,15:29,EOD,-1.4427671135710014,-0.28855342271420026,-5647.649999999907,1566.1855678551003,"4.8780,-2.7536,0.0000,-5.9117,-1.3950,2.0506,0.3892,1.9772,1.7479,-2.4176,-0.3324,-0.5128,-3.3390,1.3828,0.4353"
2025-08-01,2025-07-31,15,"NIACL,GVT&D,CRAFTSMAN,GALLANTT,POWERINDIA,HEG,ACUTAAS,SAGILITY,CARTRADE,APARINDS,SUMICHEM,BELRISE,PARADEEP,BOSCHLTD,ABDL",167.59073828219667,50.8,09:47,HARD_STOP,-3.3581750360563047,-0.6716350072112609,-15215.250000000466,1575.62518028106,"-1.7626,0.0000,-1.4534,-0.8947,2.7984,-1.9097,-2.2265,-3.1998,-2.2804,-1.6461,0.4455,1.6493,0.8545,-0.1362,0.5814"
2025-08-04,2025-08-01,15,"NETWEB,GVT&D,POWERINDIA,KAYNES,RHIM,BELRISE,EMAMILTD,RADICO,ACUTAAS,BOSCHLTD,HINDUNILVR,3MINDIA,PARADEEP,SAGILITY,SPLPETRO",187.87916801236162,47.666666666666664,15:29,EOD,3.2859377901432048,0.6571875580286409,18014.439999999944,1584.7510492839199,"6.7424,-1.8546,2.4697,-1.1137,2.1065,0.6479,-1.2903,-2.2723,1.5773,2.6401,-0.2356,-0.6818,4.1158,1.0437,-2.9586"
2025-08-05,2025-08-04,15,"SARDAEN,GVT&D,NETWEB,PARADEEP,DELHIVERY,KAYNES,BLUEDART,SUZLON,ECLERX,TARIL,POWERINDIA,BELRISE,ATHERENERG,BOSCHLTD,SAGILITY",153.94178204082976,48.46666666666667,09:51,HARD_STOP,-3.5654123521247834,-0.7130824704249566,-16253.239999999758,1573.82176062416,"2.6158,0.6183,-4.1469,-1.3377,-1.9003,0.7142,-0.9332,1.0154,-0.8228,-1.9982,0.6368,-0.6285,-1.6461,-0.5955,-1.3596"
2025-08-06,2025-08-05,15,"NETWEB,ATHERENERG,TARIL,SARDAEN,ECLERX,GODFRYPHLP,NIACL,CRAFTSMAN,PARADEEP,POWERINDIA,ABCAPITAL,FORCEMOT,GALLANTT,HONAUT,CCL",165.20779908829613,54.733333333333334,09:21,HARD_STOP,-3.7229063506352613,-0.7445812701270522,-17047.12999999989,1567.40175317642,"-1.7841,-1.8321,-3.7974,-0.4731,0.2166,2.6013,-0.5617,-0.7109,0.0885,-1.9672,-0.2482,0.4972,0.4797,-0.8685,-2.1520"
2025-08-07,2025-08-06,15,"NEWGEN,SARDAEN,GODFRYPHLP,ATHERENERG,FORCEMOT,KAYNES,NETWEB,PARADEEP,ZFCVINDIA,DOMS,ACUTAAS,JSL,PTCIL,COROMANDEL,BOSCHLTD",149.7572350007431,50.6,09:19,HARD_STOP,-4.26897843246588,-0.8537956864931759,-19773.72999999998,1571.1621623294197,"-0.7843,0.7836,-3.5878,-0.3110,-0.7611,0.7315,-0.2859,-0.9870,-0.3150,-1.6933,0.2769,-3.6717,-0.4267,-0.6308,-0.3270"
2025-08-08,2025-08-07,15,"SARDAEN,GODFRYPHLP,3MINDIA,NEWGEN,SPLPETRO,ITI,FORCEMOT,PVRINOX,ATUL,ECLERX,PARADEEP,JKCEMENT,BLS,ZFCVINDIA,AIAENG",155.82239209911367,58.666666666666664,09:46,HARD_STOP,-3.3748705167644584,-0.6749741033528917,-15299.870000000112,1574.4825838221798,"-1.9534,-1.5439,-2.0312,-2.1638,-0.7778,-2.9531,0.3471,1.5939,-0.2790,0.2191,0.6300,0.7520,-0.0625,-0.6113,-0.4762"
2025-08-11,2025-08-08,15,"ATHERENERG,PVRINOX,CAPLIPOINT,CRAFTSMAN,ITI,CUMMINSIND,NEULANDLAB,KPIL,MEDANTA,KAJARIACER,PTCIL,JKCEMENT,IEX,SAILIFE,AEGISVOPAK",183.08340058830424,47.46666666666667,09:40,HARD_STOP,-3.7091270840874753,-0.741825416817495,-16970.320000000298,1575.3154204370799,"-1.0069,0.6632,-0.5955,0.6958,-2.5291,-0.6094,-0.1985,3.3120,-1.5354,-2.1573,-3.3512,0.7136,-1.6324,0.9524,-2.9558"
2025-08-12,2025-08-11,15,"ATHERENERG,GODFRYPHLP,3MINDIA,CRAFTSMAN,PTCIL,CAPLIPOINT,KAJARIACER,HBLENGINE,ZFCVINDIA,SAILIFE,MEDANTA,FSL,NEULANDLAB,DOMS,PGEL",148.51075433859668,53.6,10:44,HARD_STOP,-3.3310637635078395,-0.6662127527015679,-15083.0,1572.3188175392,"-2.2735,-2.4034,-1.8760,-0.6006,-0.1197,0.0810,-0.4674,2.5036,-0.1739,-2.6495,-0.3027,0.5612,-0.8724,0.1176,-0.7692"
2025-08-13,2025-08-12,15,"HBLENGINE,CRAFTSMAN,SAILIFE,KPIL,JMFINANCIL,FORCEMOT,ATHERENERG,PAYTM,TRAVELFOOD,ABBOTINDIA,NEULANDLAB,DOMS,CARTRADE,CHOICEIN,PARADEEP",158.41673544359068,53.53333333333333,15:29,EOD,11.172366572513486,2.234473314502697,57455.32999999961,1593.4971374321797,"8.4316,1.3455,4.0694,0.2437,12.2286,5.1895,2.2593,0.1391,0.6151,0.5955,-0.1152,-0.9526,1.4506,1.4888,-2.0090"
2025-08-14,2025-08-13,15,"CARTRADE,FORCEMOT,SONATSOFTW,JMFINANCIL,HONASA,HBLENGINE,CRAFTSMAN,GABRIEL,TBOTEK,3MINDIA,PAYTM,NSLNISP,ZFCVINDIA,RPOWER,EIHOTEL",156.93178595939955,53.53333333333333,09:36,HARD_STOP,-3.4870543308494097,-0.6974108661698819,-15862.079999999609,1573.1916542474403,"1.4445,-1.0326,-1.3215,-0.1238,-1.2625,-0.0665,-0.2573,-0.9631,2.3628,-1.3072,-0.9910,-4.5198,-0.5046,1.9048,-3.0251"
2025-08-18,2025-08-14,15,"NSLNISP,EIHOTEL,FORCEMOT,HBLENGINE,CRAFTSMAN,JMFINANCIL,CARTRADE,GABRIEL,HONASA,PFIZER,ANTHEM,PTCIL,SONATSOFTW,VMM,GODREJIND",168.9391962334419,56.0,15:29,EOD,2.232228467525412,0.44644569350508234,12747.41999999946,1586.2776623724,"-3.4066,-1.5742,-1.4052,0.4026,-1.8672,-1.2626,5.5745,5.3507,1.3200,5.6481,-3.0364,-0.2476,-1.6436,-1.6355,5.5922"
2025-08-19,2025-08-18,15,"NSLNISP,ANTHEM,FORCEMOT,GABRIEL,ENDURANCE,PFIZER,CRAFTSMAN,JMFINANCIL,SPLPETRO,HYUNDAI,CARTRADE,HBLENGINE,DOMS,UNOMINDA,ASHOKLEY",150.52356900244837,46.6,15:29,EOD,6.340806591383534,1.2681613182767069,33297.05999999959,1593.02704308192,"-0.4751,2.2556,4.8857,2.5329,2.5219,-1.0941,-0.9831,1.0079,1.8580,6.8746,-0.7653,2.0725,-1.3573,-0.2868,1.2143"
2025-08-20,2025-08-19,15,"PFIZER,ASHOKLEY,SPLPETRO,GODREJIND,VTL,PTCIL,BELRISE,OLAELEC,FORCEMOT,HYUNDAI,ZFCVINDIA,ENDURANCE,CARTRADE,NEULANDLAB,GABRIEL",149.01323053710897,49.53333333333333,15:29,EOD,2.5288136052930423,0.5057627210586084,14217.839999999851,1573.7719735346398,"0.0265,-0.9680,-0.5399,0.2023,-0.4411,1.6543,-5.0000,16.8282,-2.2271,-4.1069,1.5636,-2.5607,-1.2400,4.3678,1.0187"
2025-08-21,2025-08-20,15,"HYUNDAI,BELRISE,CPPLUS,GABRIEL,OLAELEC,ENDURANCE,FORCEMOT,SUNDARMFIN,HBLENGINE,PFIZER,GODREJIND,ZFCVINDIA,SARDAEN,GODFRYPHLP,SPLPETRO",163.8012118657977,53.4,09:16,HARD_STOP,-2.8656023995307036,-0.5731204799061407,-12748.540000000037,1579.4719976534802,"-0.1809,-0.4695,-2.1176,0.1007,-2.5380,-0.3415,0.6286,-0.1593,-0.3026,0.0000,-0.1551,0.3413,-0.1327,-1.5727,-0.7609"
2025-08-22,2025-08-21,15,"OLAELEC,CARBORUNIV,CPPLUS,HEXT,FORCEMOT,RPOWER,ASTRAL,MSUMI,SUNDARMFIN,GODFRYPHLP,SWIGGY,LEMONTREE,WAAREEENER,ANTHEM,IDBI",156.23939589820662,46.2,09:24,HARD_STOP,-3.6661449867989484,-0.7332289973597896,-16754.61999999918,1576.10493399556,"-1.1020,-0.2817,0.6649,-0.2781,-1.8875,-3.1268,0.3521,-0.6800,0.4967,-1.4363,-1.6094,1.5629,-1.1137,-0.2367,-1.5380"
2025-08-25,2025-08-22,15,"RPOWER,OLAELEC,SWANCORP,SPLPETRO,GODFRYPHLP,IDEA,LEMONTREE,IDBI,GPIL,CRAFTSMAN,CPPLUS,NAVA,NEULANDLAB,FORCEMOT,TEJASNET",163.08545906828385,54.666666666666664,15:29,EOD,-1.9080158373393064,-0.38160316746786127,-7956.069999999832,1584.0091866967,"-0.3218,2.0215,-0.3125,-1.9927,2.3499,4.6676,-1.4368,-2.2798,1.4644,0.0733,-2.4446,0.1493,-2.7506,-1.7361,-2.2544"
2025-08-26,2025-08-25,15,"CPPLUS,IDEA,LEMONTREE,GPIL,SUNDARMFIN,NETWEB,PARADEEP,OLECTRA,ZFCVINDIA,NAVA,PFIZER,SWANCORP,TEJASNET,CRISIL,ACMESOLAR",153.11630241132818,51.13333333333333,09:19,HARD_STOP,-3.435346697156818,-0.6870693394313636,-15597.14000000013,1579.5934857839602,"-0.7100,-0.9859,-0.7321,-1.6969,0.7693,-0.9898,-0.8645,0.9176,-1.5281,-0.2757,-0.6618,-0.4822,-0.9793,-0.2981,-0.8867"
2025-08-28,2025-08-26,15,"OLAELEC,PARADEEP,ECLERX,AIIL,CRAFTSMAN,LINDEINDIA,HYUNDAI,WAAREEENER,ABFRL,CPPLUS,NETWEB,VMM,IDEA,ATHERENERG,JSL",169.4666093881246,45.0,09:21,HARD_STOP,-4.209295884494563,-0.8418591768989125,-19466.299999999814,1580.1794224730002,"1.1926,-0.4341,-3.3871,-0.9108,-2.1549,-0.1953,-0.6677,0.8096,-1.1265,-1.3757,0.6623,-0.9783,-1.0370,-1.1613,-0.9748"
2025-08-29,2025-08-28,15,"OLAELEC,WAAREEENER,HONAUT,ACE,VTL,JSL,CRAFTSMAN,JKCEMENT,AIIL,ECLERX,ENDURANCE,MARUTI,NYKAA,JSWDULUX,DEVYANI",185.39849805838372,46.6,09:35,HARD_STOP,-3.7517393637154055,-0.7503478727430811,-17184.399999999907,1574.29681857712,"1.6091,1.6074,-0.6522,-2.0050,-3.4410,-3.3319,-0.6122,-0.2806,1.0166,0.0766,0.2889,-0.0881,-2.2034,-2.1033,-0.2400"
2025-09-01,2025-08-29,15,"OLAELEC,VTL,ATHERENERG,HONAUT,WAAREEENER,NAVA,TRAVELFOOD,HBLENGINE,GRANULES,JSWDULUX,PTCIL,ENDURANCE,NEULANDLAB,GODFRYPHLP,CGPOWER",150.11813071081158,48.46666666666667,15:29,EOD,4.826989710672101,0.9653979421344202,25718.439999999944,1583.49144663944,"14.0580,-0.7143,5.2898,-2.2439,-7.2189,2.1583,0.0240,3.3251,3.8462,-0.2753,-1.3915,1.7358,-0.4828,-4.0855,1.1268"
2025-09-02,2025-09-01,15,"ATHERENERG,OLAELEC,PTCIL,GRANULES,HBLENGINE,HONAUT,WAAREEENER,VTL,NAVA,TRAVELFOOD,CRAFTSMAN,AIIL,ECLERX,GABRIEL,PFIZER",155.61052527542807,55.4,09:59,HARD_STOP,-3.245846664104669,-0.6491693328209338,-14651.970000000205,1577.2633205231398,"-1.5247,-1.5466,0.2896,-0.2520,1.5655,-0.9462,-1.2020,-1.4945,-1.0379,0.6055,-3.1895,0.4823,-0.5562,0.3791,-0.4753"
2025-09-03,2025-09-02,15,"OLAELEC,ECLERX,ATHERENERG,MRF,GABRIEL,CRAFTSMAN,SAMMAANCAP,JKTYRE,SPLPETRO,GODFRYPHLP,GRANULES,HBLENGINE,CHENNPETRO,NAVA,NATIONALUM",151.5022780071094,48.333333333333336,15:29,EOD,1.8738418891683868,0.37476837783367734,10952.029999999795,1582.82055415786,"9.6733,-1.4525,-0.3907,-2.2289,-3.1671,-0.7328,0.5337,-0.9972,-0.7189,1.5797,1.6028,0.2356,0.0143,-0.5658,2.9726"
2025-09-04,2025-09-03,15,"MRF,GABRIEL,NETWEB,OLAELEC,NSLNISP,ATHERENERG,NEULANDLAB,SAMMAANCAP,ITI,ZFCVINDIA,CEATLTD,TBOTEK,HONAUT,GMDCLTD,ZYDUSWELL",159.33519505559892,53.666666666666664,09:20,HARD_STOP,-4.603340847495525,-0.9206681694991049,-21453.240000000224,1563.4642374774,"0.1475,0.2419,0.6617,-1.1369,-1.1614,-1.4656,-1.8837,-2.1321,-2.2177,-0.7045,-1.3818,-1.8266,-1.2213,1.3871,-0.4273"
2025-09-05,2025-09-04,15,"TBOTEK,OLAELEC,DOMS,NEULANDLAB,CPPLUS,NSLNISP,ZYDUSWELL,NETWEB,CRAFTSMAN,TRAVELFOOD,SYRMA,SAMMAANCAP,BATAINDIA,ITI,NIACL",172.88915942411506,52.2,09:19,HARD_STOP,-3.900060936255682,-0.7800121872511364,-17922.299999999814,1578.0046812786,"0.4158,-2.0749,-1.2594,-0.2397,-1.0576,0.1676,-0.8230,-0.2040,-0.6791,-0.6819,-0.6914,-1.5786,-1.3978,0.2886,-1.0000"
2025-09-08,2025-09-05,15,"OLAELEC,DOMS,IDEA,NETWEB,BLUEJET,SYRMA,ZYDUSWELL,GMDCLTD,NEULANDLAB,CARTRADE,SAMMAANCAP,BATAINDIA,TBOTEK,HONAUT,CPPLUS",159.3660532462647,50.6,10:17,TRAIL,2.6535029244964994,0.5307005848992998,14846.790000000037,1579.2753775175402,"1.4735,-1.6604,-1.6107,-2.6312,-1.0891,2.0686,0.7616,6.0842,-0.9378,-0.8429,0.6884,0.0081,6.4137,0.2232,-0.0578"
2025-09-09,2025-09-08,15,"IDEA,NETWEB,GALLANTT,COHANCE,FIRSTCRY,MSUMI,GMDCLTD,ABFRL,ATHERENERG,TBOTEK,SYRMA,EICHERMOT,DOMS,KAYNES,JPPOWER",162.15676821335035,49.6,09:23,HARD_STOP,-3.5922771251535743,-0.7184554250307149,-16381.89000000013,1579.49562576774,"-0.2747,-3.7774,0.5540,0.0000,-0.2851,-2.6541,-3.3054,-1.5669,0.1903,2.6351,-1.8424,2.0053,-0.5991,0.5823,-1.4706"
2025-09-10,2025-09-09,15,"GMDCLTD,MSUMI,ABFRL,NETWEB,TBOTEK,ATHERENERG,JPPOWER,IDEA,GALLANTT,CARTRADE,SPLPETRO,COHANCE,FIRSTCRY,NSLNISP,OLAELEC",163.49848567216088,50.86666666666667,09:20,HARD_STOP,-3.552907422898816,-0.7105814845797631,-16182.509999999776,1582.0271144943,"0.6043,-2.7273,-1.6886,2.7988,-1.4809,-4.3044,-0.2064,1.0914,0.3965,-2.9611,0.5564,-0.8682,-1.3684,0.2727,0.1505"
2025-09-11,2025-09-10,15,"ATHERENERG,COHANCE,MSUMI,GALLANTT,WELSPUNLIV,ABFRL,GMDCLTD,GABRIEL,MRF,APARINDS,CRAFTSMAN,VTL,OLAELEC,FIRSTCRY,OFSS",155.08592931464992,53.266666666666666,09:19,HARD_STOP,-3.449235260533042,-0.6898470521066085,-15673.069999999832,1573.1063026653796,"-1.5318,0.7748,-0.7423,-1.1653,-0.5377,-0.2921,-0.2857,-0.5780,0.0891,-0.2067,1.6147,-2.3079,-0.9394,0.0888,-3.4374"
2025-09-12,2025-09-11,15,"OFSS,NETWEB,NSLNISP,NEULANDLAB,GALLANTT,APARINDS,PTCIL,WAAREEENER,WELSPUNLIV,ATHERENERG,ELECON,VTL,GMDCLTD,FORCEMOT,NLCINDIA",154.43259779707392,51.13333333333333,15:29,EOD,0.052438655794214535,0.010487731158842908,1837.8500000000931,1575.6567210290204,"-2.0775,-3.9290,1.5344,2.3011,-2.8803,1.6148,-0.8291,-3.4759,-1.2846,-0.6881,1.2267,-1.3249,9.2278,1.3827,0.3831"
2025-09-15,2025-09-12,15,"WAAREEENER,NEULANDLAB,GMDCLTD,JBMA,COHANCE,OFSS,IDEA,NETWEB,MSUMI,PTCIL,BEML,SPLPETRO,WELSPUNLIV,CPPLUS,ABDL",150.2059220186197,51.06666666666667,15:29,EOD,1.113785719825332,0.2227571439650664,7151.25,1582.32140087334,"-1.4286,-2.0469,-0.9821,2.9371,-0.0768,-0.1719,6.0645,-0.9596,-2.7016,2.7813,-0.3227,0.9641,-0.3304,-0.6211,1.2590"
2025-09-16,2025-09-15,15,"JBMA,NEULANDLAB,IDEA,HINDCOPPER,GMDCLTD,RAILTEL,GPIL,WAAREEENER,ANANTRAJ,GRSE,CPPLUS,DATAPATTNS,APARINDS,MSUMI,SOBHA",159.91448155373024,52.666666666666664,10:04,HARD_STOP,-3.387875989672535,-0.6775751979345069,-15361.049999999814,1578.32994836286,"-2.6943,1.6811,-3.8882,0.5659,-2.2307,-1.7000,-1.3530,-0.2527,0.9038,-0.8687,-1.0519,0.2234,-0.0058,0.8367,0.6942"
2025-09-17,2025-09-16,15,"IDEA,GPIL,JBMA,HINDCOPPER,RAILTEL,NEULANDLAB,GMDCLTD,AEGISLOG,ANANTRAJ,FORCEMOT,SARDAEN,MOTHERSON,REDINGTON,KPRMILL,COCHINSHIP",165.77114978501822,52.333333333333336,14:07,HARD_STOP,-3.5432179030451048,-0.708643580609021,-16137.399999999441,1578.6895152260797,"-2.6349,0.0000,2.3747,-1.2397,-1.2998,-1.6308,-0.1721,-0.6809,-2.1035,-0.2888,-2.7858,-1.3213,-2.0678,0.8227,3.2993"
2025-09-18,2025-09-17,15,"REDINGTON,PTCIL,AEGISLOG,NEULANDLAB,ANANTRAJ,FORCEMOT,DATAPATTNS,ZFCVINDIA,DCMSHRIRAM,IDEA,RAILTEL,BELRISE,GODFRYPHLP,JBMA,COCHINSHIP",159.04146878776473,52.2,09:21,HARD_STOP,-3.6462984855075464,-0.7292596971015093,-16659.299999999814,1572.1924275379201,"-0.8655,-0.9181,-1.1112,0.1052,-0.3997,-0.8665,-1.3552,-0.9124,0.5346,-0.5135,-0.8952,-1.3230,-1.0338,-1.0531,0.4692"
2025-09-19,2025-09-18,15,"PTCIL,GRSE,HINDCOPPER,DATAPATTNS,FORCEMOT,COCHINSHIP,NETWEB,POONAWALLA,SONATSOFTW,ZENTEC,DCMSHRIRAM,REDINGTON,IFCI,HFCL,AEGISLOG",158.93316889467226,50.2,09:17,HARD_STOP,-3.4059601805493576,-0.6811920361098716,-15457.129999999888,1572.6709027469,"-0.1933,-1.0400,0.3584,-0.6752,-0.6230,-1.3065,0.5537,-1.3145,-1.0988,-3.2134,-1.6883,2.3287,-0.3389,-0.8254,-0.3135"
2025-09-22,2025-09-19,15,"IDEA,ZENTEC,REDINGTON,PTCIL,ANANTRAJ,ATGL,ATUL,ADANIPOWER,POONAWALLA,CARTRADE,NETWEB,IFCI,SPLPETRO,NEULANDLAB,DCMSHRIRAM",154.47702190290786,53.13333333333333,15:29,EOD,9.297765436639668,1.8595530873279338,48083.40999999968,1594.5828168013402,"-1.5294,0.4378,-3.3055,1.6598,4.8029,19.1616,-0.4754,14.8785,-2.4297,-6.5181,5.6886,-1.9835,1.5569,-1.4990,-1.6251"
2025-09-23,2025-09-22,15,"ADANIPOWER,HINDCOPPER,IDEA,ANANTRAJ,POONAWALLA,NETWEB,REDINGTON,ADANIENSOL,ATHERENERG,USHAMART,ATGL,MMTC,KPRMILL,GRSE,ADANIGREEN",163.08235792767243,48.733333333333334,09:16,HARD_STOP,-6.40209553140037,-1.280419106280074,-30431.769999999553,1578.7076570022998,"-4.2802,-0.4059,0.4768,-1.6128,-0.2469,-2.5629,-1.8662,-1.6144,-1.7343,-0.1852,-2.9494,-0.6298,0.1775,-0.4439,-0.4167"
2025-09-24,2025-09-23,15,"ATGL,ADANIPOWER,NETWEB,ADANIGREEN,IDEA,ADANIENSOL,GMDCLTD,ANANTRAJ,HINDCOPPER,SPLPETRO,TATAINVEST,USHAMART,TRAVELFOOD,ADANIENT,NLCINDIA",181.52767674340353,54.06666666666667,09:37,HARD_STOP,-3.7036826991380036,-0.7407365398276007,-16936.759999999776,1581.65349569024,"-4.0331,-4.5636,1.2837,-1.7318,-1.1429,-1.3465,-1.8606,2.3008,1.2173,-1.0986,1.6970,0.1914,-0.2926,-0.4157,-0.3665"
2025-09-25,2025-09-24,14,"GMDCLTD,ADANIPOWER,TATAINVEST,ATGL,ADANIGREEN,ANANTRAJ,NETWEB,MINDACORP,IDEA,HINDCOPPER,ADANIENSOL,NLCINDIA,JINDALSAW,PARADEEP",172.53361166595744,54.86666666666667,15:29,EOD,2.113996539623156,0.4227993079246312,12054.94999999972,1484.9673018839403,"0.0165,3.6426,-4.4674,1.0030,-1.4643,0.5908,5.7284,-0.5181,0.4635,3.8797,1.0124,-0.2489,-2.7027,0.3417"
2025-09-26,2025-09-25,15,"TATAINVEST,HINDCOPPER,PARADEEP,GRSE,NETWEB,BELRISE,MINDACORP,CARTRADE,IDEA,GMDCLTD,PTCIL,SYRMA,SPLPETRO,TBOTEK,NLCINDIA",160.34750778591763,50.8,09:18,HARD_STOP,-3.66775210061121,-0.733550420122242,-16761.30999999959,1577.4505030564603,"0.3589,-1.6484,-1.9417,-1.8245,0.2834,-0.6851,-0.5323,1.3788,-0.1143,-2.2059,-0.7103,-1.0539,0.0000,-0.5584,-0.8542"
2025-09-29,2025-09-26,15,"TATAINVEST,ANANTRAJ,NETWEB,HINDCOPPER,PARADEEP,CRAFTSMAN,ADANIPOWER,SPLPETRO,CHENNPETRO,PTCIL,USHAMART,IDEA,AUBANK,ONESOURCE,HBLENGINE",175.0345368774955,48.6,12:13,TRAIL,2.794895450736971,0.5589790901473942,15560.290000000037,1585.81274631518,"1.1325,0.8405,-4.3811,1.9179,4.7681,-0.7302,-2.8581,9.9253,0.5491,-0.3326,3.3581,1.1166,-1.8815,-1.4951,-2.6253"
2025-09-30,2025-09-29,15,"NETWEB,SAMMAANCAP,TATAINVEST,ANANTRAJ,GODFRYPHLP,HINDCOPPER,BAYERCROP,WOCKPHARMA,USHAMART,PTCIL,PARADEEP,POONAWALLA,REDINGTON,TRAVELFOOD,ZYDUSWELL",149.16400276014215,48.06666666666667,09:16,HARD_STOP,-4.031409499718892,-0.8062818999437784,-18581.489999999758,1575.5574985946998,"0.0442,-0.9529,-1.9101,-0.0921,-1.3722,0.3886,-0.7819,-1.1528,-0.4219,-0.2608,-0.8944,-0.2988,-2.8337,0.2638,-0.9506"
2025-10-01,2025-09-30,15,"TATAINVEST,REDINGTON,WOCKPHARMA,SAMMAANCAP,PTCIL,PARADEEP,USHAMART,CONCORDBIO,ANANTRAJ,SCHAEFFLER,HINDCOPPER,GODFRYPHLP,ATHERENERG,NETWEB,ONESOURCE",156.22841334712024,51.46666666666667,15:29,EOD,5.763515191940536,1.1527030383881072,30407.950000000186,1590.3740402975,"-0.2814,-2.0351,-1.3245,6.0063,2.7269,0.2564,-1.4695,-1.0560,0.1433,0.9015,1.8237,-0.5606,2.8257,11.9912,-1.3165"
2025-10-03,2025-10-01,15,"TATAINVEST,NETWEB,SAMMAANCAP,CPPLUS,HINDCOPPER,NEULANDLAB,PTCIL,AEGISLOG,WOCKPHARMA,POONAWALLA,AEGISVOPAK,ZFCVINDIA,SUNTV,PARADEEP,ADANIPOWER",153.57352988987822,49.6,09:16,HARD_STOP,-3.9522834414560184,-0.7904566882912036,-18188.069999999832,1573.3472072802601,"-1.5094,-1.3130,0.5357,-0.5948,0.4882,-0.2332,2.5556,-0.1906,-1.3411,-0.9307,-0.2682,-1.4578,-1.4859,0.1641,-5.3761"
2025-10-06,2025-10-03,15,"SAMMAANCAP,PTCIL,TATAINVEST,SUNTV,ZFCVINDIA,AEGISLOG,NETWEB,NEULANDLAB,AEGISVOPAK,ADANIPOWER,IDEA,MRPL,ABDL,MRF,ATHERENERG",169.3959274369784,57.06666666666667,09:20,HARD_STOP,-4.0927453773949125,-0.8185490754789825,-18897.46999999974,1566.2568869748197,"-0.9697,-0.7894,1.3725,-0.9710,-1.2575,-2.0368,0.4169,-2.1225,-1.2171,0.2838,-1.1173,-1.0920,-0.7885,-0.9335,-0.4562"
2025-10-07,2025-10-06,15,"AEGISLOG,PTCIL,NETWEB,TATAINVEST,NEULANDLAB,POONAWALLA,SAMMAANCAP,IDEA,ABLBL,MRPL,AEGISVOPAK,ATHERENERG,ZFCVINDIA,FORCEMOT,TBOTEK",164.9415415930015,58.13333333333333,11:22,HARD_STOP,-3.2938621181094496,-0.6587724236218899,-14893.710000000428,1575.6005905468198,"-0.6582,-2.5465,0.0905,-6.1386,2.5986,-0.7432,1.0016,0.9368,-0.4932,0.7382,-1.8422,1.7955,-0.2730,-1.1403,-2.0575"
2025-10-08,2025-10-07,15,"EMCURE,PTCIL,IDEA,ATHERENERG,TATAINVEST,MRPL,NYKAA,NEULANDLAB,AEGISVOPAK,NETWEB,CPPLUS,RHIM,BSE,ASTERDM,TBOTEK",162.14828274070018,56.0,15:14,HARD_STOP,-3.5586125097766526,-0.7117225019553305,-16217.510000000242,1575.5525488830203,"-0.9424,0.6510,-2.1622,1.2222,-0.6459,-1.4891,-1.4099,-2.3520,-2.4074,1.1324,-1.2281,-4.7951,0.2919,4.5202,-0.2136"
2025-10-09,2025-10-08,15,"ATHERENERG,IDEA,ITI,NETWEB,NEULANDLAB,HBLENGINE,GABRIEL,ABLBL,CPPLUS,IIFL,PTCIL,MRF,ASTERDM,NYKAA,RHIM",150.73051880865188,50.4,09:43,HARD_STOP,-3.5660396439166684,-0.7132079287833337,-16258.040000000503,1572.15821958284,"-0.6641,0.2203,-3.6762,-3.1119,-0.3158,-0.7797,0.5774,-0.0071,-1.6407,-1.1167,2.1702,0.1153,0.7086,0.0311,-2.1943"
2025-10-10,2025-10-09,15,"ITI,HINDCOPPER,PTCIL,NETWEB,ASTERDM,IIFL,JAINREC,BSE,ATHERENERG,TATAINVEST,NATIONALUM,USHAMART,NEULANDLAB,GRAPHITE,IDEA",150.75234241172282,49.46666666666667,09:16,HARD_STOP,-4.297693685914005,-0.859538737182801,-19916.869999999646,1571.5984295703797,"-1.2289,-1.8493,-1.2953,-2.2088,-0.3768,-0.2020,-1.2968,1.1949,-2.0455,0.7752,-0.8826,-0.1895,-0.4517,-1.4419,-0.6593"
2025-10-13,2025-10-10,15,"PTCIL,NEULANDLAB,ITI,BSE,HINDCOPPER,GMDCLTD,TATACOMM,MCX,JAINREC,YESBANK,REDINGTON,GODIGIT,PGEL,DIVISLAB,ATHERENERG",149.63449865204137,49.06666666666667,15:29,EOD,1.1752095174383452,0.23504190348766904,7460.619999999646,1584.57241280792,"0.3683,0.0679,-0.6785,4.6947,-1.0756,-1.7622,-2.4113,3.0460,-0.3780,-0.5785,-2.6049,0.8403,0.9791,1.5389,2.4977"
2025-10-14,2025-10-13,15,"NEULANDLAB,TATACOMM,PFIZER,MAPMYINDIA,IDEA,PGEL,BSE,THELEELA,YESBANK,PTCIL,BBTC,TATAINVEST,ZFCVINDIA,REDINGTON,DIVISLAB",159.22824963976615,54.13333333333333,11:10,HARD_STOP,-3.34506490711504,-0.6690129814230079,-15149.209999999497,1576.1145355756998,"-0.8396,2.8292,-1.5824,4.0213,-2.5143,-1.7094,-1.2155,-1.1727,-2.7824,-0.9072,0.5450,0.5758,-1.0057,-2.7927,-0.6393"
2025-10-15,2025-10-14,15,"TATAINVEST,NEULANDLAB,HBLENGINE,BSE,PTCIL,YESBANK,MCX,JUBLINGREA,KFINTECH,PFIZER,ANANDRATHI,TATACOMM,MAPMYINDIA,ANGELONE,FORCEMOT",158.5076431669977,49.333333333333336,09:47,HARD_STOP,-3.4154989968643656,-0.6830997993728731,-15505.369999999646,1572.1249843221804,"-2.1782,-0.8073,-0.2188,-0.6504,1.7926,0.3854,-0.2092,-1.8246,0.3420,0.2783,-0.9688,-0.0308,-4.1673,-0.9971,-0.0897"
2025-10-16,2025-10-15,15,"MAPMYINDIA,PTCIL,JUBLINGREA,TATACOMM,ANANDRATHI,TATAINVEST,MCX,ADANIPOWER,ACUTAAS,PFIZER,NEULANDLAB,ATHERENERG,360ONE,AEGISVOPAK,USHAMART",156.55450097823038,53.86666666666667,09:18,HARD_STOP,-3.5601575908600176,-0.7120315181720035,-16225.64000000013,1575.14795429996,"-1.7124,-0.2678,-0.7114,-0.1961,-1.2780,-2.7513,-1.8296,-0.5440,-0.3226,-0.2524,0.0246,1.5361,-1.2606,0.1776,-0.4026"
2025-10-17,2025-10-16,15,"MCX,TATACOMM,ATHERENERG,AEGISVOPAK,RBLBANK,MAPMYINDIA,DCMSHRIRAM,TATAINVEST,ANGELONE,PTCIL,URBANCO,MRPL,OLAELEC,FORCEMOT,WAAREEENER",147.52336907679455,51.4,13:31,HARD_STOP,-3.3367608074908075,-0.6673521614981615,-15107.509999999776,1576.2940374542602,"0.3209,-1.5041,2.7500,-3.4083,-1.8197,-1.3269,0.8279,-3.1385,1.8233,-0.9020,-2.8777,-2.1974,0.5646,5.0347,-2.7945"
2025-10-20,2025-10-17,15,"ATHERENERG,ADANIPOWER,OLAELEC,BLS,ACUTAAS,FORCEMOT,WAAREEENER,WHIRLPOOL,MAPMYINDIA,BBTC,HBLENGINE,NESTLEIND,GODREJPROP,NAVINFLUOR,TATACOMM",147.9674874167027,44.46666666666667,09:38,HARD_STOP,-3.738070495355122,-0.7476140990710244,-17112.33999999985,1578.01247677576,"0.2834,0.7676,-3.4957,0.2770,-3.0824,-1.3372,-0.8252,-1.9928,-0.3764,1.6533,-0.3562,0.1784,0.3572,-0.9493,-1.4467"
2025-10-23,2025-10-21,15,"ACUTAAS,ADANIPOWER,JAINREC,CEATLTD,ABDL,ATHERENERG,RBLBANK,WHIRLPOOL,JKTYRE,KARURVYSYA,ECLERX,AUBANK,NAM-INDIA,GODREJPROP,ZYDUSWELL",147.8537473813273,37.53333333333333,09:18,HARD_STOP,-3.7663040600711044,-0.7532608120142209,-17249.429999999702,1582.0903003558199,"-3.7989,-1.0991,0.7400,3.1623,-0.1148,-3.9740,0.0767,-1.6763,-1.1396,0.2322,-2.8425,1.6840,0.2465,-0.3450,-1.5071"
2025-10-24,2025-10-23,15,"ATHERENERG,JAINREC,VTL,CEATLTD,ACUTAAS,IDEA,ABDL,ZYDUSWELL,SCI,BBTC,FORCEMOT,TATAINVEST,BSOFT,IDFCFIRSTB,RBLBANK",153.6300410178455,48.46666666666667,15:29,EOD,2.229774943108289,0.44595498862165783,12739.849999999627,1590.9752844581803,"-4.4799,8.7340,3.7392,-3.1132,-3.2640,1.0504,-1.5109,-1.5815,10.5645,-1.4021,-1.7400,0.5981,1.3170,-0.8992,-0.4089"
2025-10-27,2025-10-24,15,"IDEA,SAMMAANCAP,SCI,ABDL,CEATLTD,VTL,JAINREC,ECLERX,ACUTAAS,SPLPETRO,BSOFT,CHOLAHLDNG,ATHERENERG,NATIONALUM,NEULANDLAB",157.0756401515399,50.46666666666667,15:29,EOD,0.6445698164155177,0.12891396328310353,4808.829999999609,1585.9809179220204,"4.1580,-0.9235,-0.6593,-0.4146,-1.9802,-0.8674,-3.7830,4.3530,2.4926,-1.0024,1.1213,-3.0767,5.1064,-0.0336,-1.6822"
2025-10-28,2025-10-27,15,"SCI,JAINREC,IDEA,SAMMAANCAP,BSOFT,CHOLAHLDNG,NEULANDLAB,ECLERX,BANKINDIA,VTL,PTCIL,CREDITACC,ABDL,INTELLECT,CEATLTD",156.80705689356094,49.53333333333333,10:22,HARD_STOP,-3.362636387613025,-0.672527277522605,-15236.720000000205,1576.4619380649199,"-1.3055,0.6240,-3.0693,0.9521,-2.7975,0.1634,0.5375,0.5448,0.0215,-0.0454,-0.8253,-0.3260,-0.6456,-2.0038,-0.9966"
2025-10-29,2025-10-28,15,"SCI,CHENNPETRO,IDEA,CARTRADE,INTELLECT,FSL,PTCIL,ECLERX,JAINREC,CANHLIFE,NETWEB,JKTYRE,INDUSTOWER,KIRLOSENG,NSLNISP",156.27230530530593,50.666666666666664,09:50,HARD_STOP,-3.630721843412388,-0.7261443686824776,-16575.920000000857,1577.6892170610802,"1.3823,-1.8351,-1.8927,-1.5843,0.0147,0.5068,0.3837,-3.0331,1.6342,-1.3333,-2.7030,-1.1334,-0.8939,-1.0498,1.5417"
2025-10-30,2025-10-29,15,"CARTRADE,NEWGEN,FIVESTAR,KIRLOSENG,SAIL,CHENNPETRO,MRPL,ATHERENERG,ECLERX,CEATLTD,IDBI,BLUEDART,SWANCORP,NETWEB,NEULANDLAB",153.68726591955047,52.13333333333333,15:29,EOD,6.128458617839797,1.2256917235679594,32233.439999999944,1591.14691080096,"2.0580,-2.8219,5.0330,0.2118,-1.0815,8.3951,1.2509,0.2329,1.4903,1.5840,-4.1512,0.0303,-0.8333,3.9990,4.3226"
2025-10-31,2025-10-30,15,"BLUEDART,FIVESTAR,MRPL,SAGILITY,HEG,GRAPHITE,ABREL,BHEL,CHENNPETRO,RRKABEL,CARTRADE,NEWGEN,IDEA,ADANIGREEN,APARINDS",163.68942946381628,49.333333333333336,15:29,EOD,0.9842257091221138,0.19684514182442275,6508.410000000149,1587.28145438958,"-1.3378,3.3492,2.5324,-3.8182,0.4855,-1.9055,0.2979,1.0525,10.3954,0.5674,-0.9898,0.3971,-0.1145,-0.7860,-6.2176"
2025-11-03,2025-10-31,15,"SAGILITY,ABREL,CHENNPETRO,BLUEDART,MRPL,FIVESTAR,NAVINFLUOR,INTELLECT,FORCEMOT,WELCORP,TBOTEK,GRAPHITE,ABDL,RHIM,GPIL",160.50828807928147,47.53333333333333,15:29,EOD,3.2033922824381036,0.6406784564876207,17605.140000000596,1588.1785878100802,"-1.6886,-0.0853,-2.5219,-2.0015,0.8407,3.1250,3.7544,5.3061,3.3595,-1.8247,1.7462,-1.5320,2.8529,0.0833,-0.7418"
2025-11-04,2025-11-03,15,"CHENNPETRO,INTELLECT,MRPL,BLUEDART,NAVINFLUOR,SAGILITY,IDEA,SCHAEFFLER,FORCEMOT,WELCORP,NEULANDLAB,FIVESTAR,CARTRADE,SHRIRAMFIN,PTCIL",163.85461894526136,52.666666666666664,15:29,EOD,-0.7169345293829716,-0.14338690587659433,-2013.320000000298,1571.3526469145602,"2.8421,1.5241,4.4612,-0.8477,3.2456,-1.7136,-3.5971,-1.0959,-1.8791,-1.6430,2.3707,-1.3435,-2.9817,0.4290,-1.0739"
2025-11-06,2025-11-04,15,"CUB,NEULANDLAB,GRAVITA,3MINDIA,MRPL,CHENNPETRO,NAVINFLUOR,WOCKPHARMA,FORCEMOT,INTELLECT,BLUEDART,IDEA,ABDL,POWERINDIA,RPOWER",163.71492974758237,50.666666666666664,10:42,HARD_STOP,-3.2847927186657495,-0.6569585437331499,-14854.599999999627,1569.36359332912,"0.4363,-0.7885,-2.5438,0.7003,0.3851,2.7664,1.0958,-1.4128,0.7143,-4.4500,-0.3373,-1.1677,-2.8383,-0.7043,-0.7223"
2025-11-07,2025-11-06,15,"CCL,3MINDIA,NAVINFLUOR,REDINGTON,SUNDARMFIN,ASTRAL,INDUSTOWER,NEULANDLAB,BAJAJHLDNG,IGIL,CUB,CANHLIFE,SCI,INTELLECT,JAINREC",173.35661987854547,43.53333333333333,09:25,HARD_STOP,-3.5387847724412778,-0.7077569544882556,-16127.660000000149,1566.26386220624,"1.0722,-1.1972,0.4802,-2.1614,-1.8913,0.0192,-0.7440,1.3641,-2.5231,-2.0273,-2.0278,0.0751,-0.0192,0.9948,-1.3566"
2025-11-10,2025-11-07,15,"3MINDIA,REDINGTON,BAJAJHLDNG,NEULANDLAB,SCI,POWERINDIA,LTF,CPPLUS,CCL,CHENNPETRO,CUB,BSE,IGIL,SUNDARMFIN,CANHLIFE",155.27108317930595,47.2,11:13,HARD_STOP,-3.406825801521408,-0.6813651603042816,-15474.860000000801,1559.2690076062404,"2.8237,0.9170,1.0402,-3.8105,-1.9108,1.5165,-0.4112,-5.4091,2.9461,-1.8004,-0.1967,-1.1152,-3.0139,0.1476,-0.7573"
2025-11-11,2025-11-10,15,"NEULANDLAB,CPPLUS,HBLENGINE,3MINDIA,GALLANTT,BSE,POWERINDIA,REDINGTON,CCL,FORCEMOT,LTF,JAINREC,WHIRLPOOL,CHENNPETRO,BAJAJHLDNG",157.27248292237297,50.333333333333336,09:20,HARD_STOP,-3.379962954463772,-0.6759925908927544,-15333.850000000559,1565.9647723183,"-1.7336,-0.5993,-0.3291,0.3750,0.0231,-0.6898,0.3239,0.2957,-1.8103,-1.6375,-0.1331,0.6545,-1.8970,-0.5104,-1.5538"
2025-11-12,2025-11-11,15,"3MINDIA,CCL,IDEA,JAINREC,GALLANTT,FORCEMOT,NATIONALUM,HBLENGINE,POWERINDIA,BHEL,LTF,JYOTICNC,TARIL,POLYMED,CRAFTSMAN",154.1986349410748,49.13333333333333,15:27,HARD_STOP,-3.346141900624891,-0.6692283801249782,-15163.370000000112,1567.3395031243401,"-0.1939,2.7062,1.6699,-3.8356,-7.6304,-0.7850,0.3503,-4.4379,0.1593,0.4028,-0.8094,2.9229,2.3464,-0.3391,-1.7142"
2025-11-13,2025-11-12,15,"GALLANTT,JAINREC,IDEA,SYRMA,POWERINDIA,CRAFTSMAN,KIRLOSENG,BLS,BAJAJHLDNG,3MINDIA,APARINDS,GRSE,CUB,CARTRADE,REDINGTON",147.47075729997894,49.2,15:29,EOD,-2.705308083938535,-0.5410616167877069,-11961.110000000335,1565.43041969234,"-3.3797,3.3333,1.8447,-1.4541,-2.3235,-3.9210,1.4151,-3.8507,0.0417,-0.5525,-1.2209,-2.4710,5.0000,0.3997,-0.4219"
2025-11-14,2025-11-13,15,"CPPLUS,IDEA,GALLANTT,SYRMA,KIRLOSENG,CARTRADE,JAINREC,BLUEDART,DATAPATTNS,AIAENG,HONASA,3MINDIA,JYOTICNC,BIOCON,BSOFT",152.4815295447613,48.733333333333334,15:29,EOD,0.1386817112859267,0.027736342257185343,2270.380000000354,1576.9714435707203,"-2.9916,4.1865,0.8122,1.0747,1.8972,-3.5093,-0.5328,-1.0505,3.3066,-0.4637,1.4478,-1.5895,1.0999,-0.9162,-1.6502"
2025-11-17,2025-11-14,15,"CPPLUS,3MINDIA,IDEA,DATAPATTNS,APARINDS,CARTRADE,JAINREC,KIRLOSENG,IPCALAB,CUB,MUTHOOTFIN,SPLPETRO,PGEL,AAVAS,GALLANTT",145.27145214836327,47.46666666666667,15:29,EOD,2.3859077301900125,0.4771815460380025,13509.840000000782,1580.3013490507199,"3.2760,0.8650,-0.9964,-1.2540,0.9515,5.4839,1.8128,0.5488,-0.2055,1.8934,0.7086,-3.5426,0.1987,-1.6842,0.2820"
2025-11-18,2025-11-17,15,"IPCALAB,IDEA,DATAPATTNS,CUB,CPPLUS,JAINREC,PGEL,PIRAMALFIN,MRPL,NH,HONASA,3MINDIA,ANGELONE,TARIL,SPLPETRO",151.4567269477955,47.0,09:21,HARD_STOP,-3.6510509136942213,-0.7302101827388443,-16680.040000000503,1575.2145684705997,"-0.0897,-0.1826,1.5883,-1.0542,0.5310,-0.4667,-0.7586,-2.0026,-1.9020,-1.0608,-1.3211,-0.4808,0.0000,-1.7699,-1.1087"
2025-11-19,2025-11-18,15,"NH,APARINDS,PIRAMALFIN,TARIL,KIRLOSENG,JAINREC,CPPLUS,IPCALAB,CHENNPETRO,GMRAIRPORT,CUB,SYRMA,CARTRADE,CCL,ATUL",155.16732173466747,47.2,09:19,HARD_STOP,-3.8613805489075164,-0.7722761097815033,-17726.31000000052,1580.5927445370598,"-1.1846,1.5639,-3.8348,-1.5359,-0.2664,-2.0808,0.8284,-0.1399,-1.5917,0.1440,-1.4664,-0.5670,-0.0347,0.3928,-0.8949"
2025-11-20,2025-11-19,15,"PIRAMALFIN,GROWW,CPPLUS,KIRLOSENG,JPPOWER,BLUEDART,ATUL,GALLANTT,CUB,JAINREC,NH,LINDEINDIA,ATHERENERG,JSWDULUX,INTELLECT",145.9093834043196,49.6,13:08,HARD_STOP,-3.5221195060574613,-0.7044239012114922,-16029.970000000205,1580.6275302871002,"3.8632,-2.2533,-2.5787,1.3339,2.8275,-0.1600,-0.2946,-1.6746,-3.9793,-3.1787,0.4311,0.9735,1.0146,-0.8824,-5.0693"
2025-11-21,2025-11-20,15,"JPPOWER,GABRIEL,ATHERENERG,IPCALAB,LINDEINDIA,GALLANTT,LTTS,POWERINDIA,KIRLOSENG,BBTC,SAMMAANCAP,ANURAS,3MINDIA,ERIS,CPPLUS",147.98681337562078,51.06666666666667,09:56,HARD_STOP,-3.476523721106296,-0.6953047442212592,-15814.439999999478,1568.1786055320001,"-7.9777,-1.4114,-0.7102,0.4135,-1.4706,-0.7278,-0.0884,-1.0657,-2.0143,-0.1576,2.2497,3.3084,-0.5733,0.3778,0.1914"
2025-11-24,2025-11-21,15,"JPPOWER,PIRAMALFIN,TRAVELFOOD,TBOTEK,NH,ANURAS,SPLPETRO,MEDANTA,LINDEINDIA,DCMSHRIRAM,M&MFIN,PTCIL,JYOTICNC,HEROMOTOCO,PGEL",176.4797274959036,47.0,09:39,HARD_STOP,-3.5550417344365774,-0.7110083468873155,-16200.419999999925,1574.7886721829598,"-1.8991,-3.0353,-1.1188,0.4854,-0.3083,-1.9154,-1.0894,0.0081,-0.4267,-2.1131,2.1749,-0.6034,-0.0150,0.1416,-0.0758"
2025-11-25,2025-11-24,15,"ANURAS,PTCIL,DCMSHRIRAM,JYOTICNC,TRAVELFOOD,ASAHIINDIA,SPLPETRO,M&MFIN,JPPOWER,GRAVITA,HONAUT,PIRAMALFIN,ACUTAAS,ATHERENERG,APARINDS",152.6755975373588,51.6,09:31,HARD_STOP,-3.799835143463945,-0.759967028692789,-17430.189999999944,1568.9857173197802,"2.1833,0.1858,-0.7867,-0.7109,-0.0520,-0.5731,-2.3964,-0.2391,1.8547,-1.1511,-1.1592,-3.8259,-3.4362,0.3493,-0.9262"
2025-11-26,2025-11-25,15,"ACUTAAS,JYOTICNC,SPLPETRO,PTCIL,LATENTVIEW,ERIS,HONAUT,ANURAS,ABBOTINDIA,ITI,TRAVELFOOD,GRAVITA,MEDANTA,CRAFTSMAN,LTTS",158.47699021767968,55.333333333333336,15:29,EOD,-0.41728045152642285,-0.08345609030528457,-519.5499999998137,1566.8522576323003,"-0.3067,0.3522,-1.6521,1.7765,-0.6012,-2.4272,1.6593,-0.2907,-0.7603,0.0974,-0.3682,1.8774,0.2381,1.1143,-0.7666"
2025-11-27,2025-11-26,15,"GRAVITA,HONAUT,PTCIL,M&MFIN,HEG,JPPOWER,NEULANDLAB,ACUTAAS,SPLPETRO,TRAVELFOOD,TBOTEK,AIAENG,CARBORUNIV,MCX,CRAFTSMAN",146.8221289975825,55.0,15:29,EOD,-2.022335010602316,-0.40446700212046316,-8538.94999999972,1572.72505301186,"-2.8533,-1.1389,-0.3143,3.6752,-2.3753,-2.8586,-0.2649,-0.6013,1.3182,-2.2264,0.5448,1.9920,-0.9226,1.1639,-0.4506"
2025-11-28,2025-11-27,15,"NATCOPHARM,CRAFTSMAN,GMDCLTD,3MINDIA,DCMSHRIRAM,HEG,JKCEMENT,GROWW,ASHOKLEY,GRAVITA,TMCV,POLYMED,ANURAS,ABBOTINDIA,SPLPETRO",153.41403450968014,55.6,12:42,HARD_STOP,-3.353057368210784,-0.6706114736421568,-15200.770000000019,1564.5168410539002,"-0.3833,-0.8469,-2.7838,0.0858,-0.7717,-1.0393,-0.5771,-1.1167,-0.3101,0.0055,2.8190,-0.8724,-1.1111,0.3736,-2.5792"
2025-12-01,2025-11-28,15,"GMDCLTD,ESCORTS,SPLPETRO,ZFCVINDIA,TMCV,BELRISE,ASHOKLEY,LTTS,PTCIL,WELSPUNLIV,FORCEMOT,SAREGAMA,ATHERENERG,VBL,CEMPRO",153.28491901972708,50.2,15:29,EOD,1.3175998423427555,0.2635199684685511,8171.959999999497,1583.9607882857204,"1.9004,0.0130,-4.3465,9.8834,1.5747,-1.6071,1.0995,-1.6704,-0.5138,-3.2810,2.3684,-0.9820,-1.5551,0.3112,2.2619"
2025-12-02,2025-12-01,15,"WELSPUNLIV,WOCKPHARMA,ZFCVINDIA,JMFINANCIL,CEMPRO,SPLPETRO,FORCEMOT,LTTS,3MINDIA,NEULANDLAB,AEGISVOPAK,LENSKART,TMCV,ASHOKLEY,PTCIL",148.69906151441003,52.266666666666666,13:34,HARD_STOP,-3.2842659782420047,-0.656853195648401,-14851.639999999665,1569.68989121036,"-1.9540,0.0000,-0.1172,-0.9471,-1.1514,1.7894,-2.7248,1.0450,-0.5888,-2.0197,-0.8249,-0.9186,-2.0972,1.0625,0.4263"
2025-12-03,2025-12-02,15,"ZFCVINDIA,WOCKPHARMA,NATCOPHARM,EMMVEE,MAPMYINDIA,FORCEMOT,TEJASNET,BALKRISIND,POWERINDIA,ECLERX,BSOFT,CEMPRO,PTCIL,TMCV,GILLETTE",158.97091088400742,51.266666666666666,09:26,HARD_STOP,-3.2781732629303466,-0.6556346525860693,-14817.600000000093,1573.2663146516402,"-0.7874,-1.2271,0.5419,-0.6860,-0.8007,-1.2415,-1.4012,-0.5491,0.3524,-1.3556,2.0695,-1.4776,-0.1090,-1.4266,-0.9053"
2025-12-04,2025-12-03,15,"ZFCVINDIA,WOCKPHARMA,EMMVEE,ASAHIINDIA,ECLERX,IDEA,PTCIL,BALKRISIND,BSOFT,LENSKART,BBTC,JSWDULUX,AIAENG,SPLPETRO,CHENNPETRO",154.74732267927726,53.0,14:05,HARD_STOP,-3.338962634536094,-0.6677925269072188,-15117.05999999959,1577.7531726808797,"1.1860,-4.6429,-4.7254,0.5976,-1.2355,-0.3763,0.5602,0.7392,2.5829,-1.7189,-0.6415,0.0000,-1.2267,0.3794,-0.5230"
2025-12-05,2025-12-04,15,"ZFCVINDIA,IDEA,NATCOPHARM,HINDCOPPER,BSOFT,HEXT,LTTS,EMMVEE,VIJAYA,JSWDULUX,PTCIL,WOCKPHARMA,ECLERX,SAPPHIRE,ANURAS",154.77181132148442,49.6,09:16,HARD_STOP,-4.069432180299533,-0.8138864360599065,-18767.970000000205,1579.1909014974601,"-0.6874,-0.0946,-0.9206,-0.2618,-1.0553,-2.5693,-1.0111,-0.9009,-0.4378,-0.5694,0.5501,-0.4358,-1.3975,-0.8583,-0.6553"
2025-12-08,2025-12-05,15,"HINDCOPPER,ZFCVINDIA,INDIACEM,IDEA,PTCIL,HSCL,HEXT,LTTS,NEULANDLAB,BSOFT,CAPLIPOINT,KAYNES,ECLERX,NATIONALUM,AIAENG",156.0827879486377,53.93333333333333,10:13,HARD_STOP,-3.4620408610093683,-0.6924081722018737,-15741.290000000503,1568.91430504634,"0.7661,1.6983,1.2048,-1.0223,1.7485,-0.0318,-0.4787,-0.6009,-1.5811,1.3143,-1.4170,-7.0756,-2.3043,-0.4929,-1.2842"
2025-12-09,2025-12-08,15,"PTCIL,PWL,LATENTVIEW,AJANTPHARM,WIPRO,HOMEFIRST,MRF,TECHM,HINDCOPPER,POLICYBZR,ZFCVINDIA,3MINDIA,HCLTECH,KAYNES,ITI",166.66063039236136,44.13333333333333,09:17,HARD_STOP,-3.6784202167038718,-0.7356840433407743,-16831.83000000054,1560.27108351882,"-0.4066,0.8827,-3.5024,-0.1023,-0.8634,-1.2809,-0.3290,0.0127,-0.9267,-0.5541,0.2401,-0.1010,-0.8417,-1.2117,-1.2151"
2025-12-10,2025-12-09,15,"PTCIL,PWL,JAINREC,TTML,ZFCVINDIA,ANURAS,NAVA,SPLPETRO,LATENTVIEW,CHOLAHLDNG,TMCV,HOMEFIRST,CRAFTSMAN,BBTC,IDEA",146.4717444122561,48.2,11:55,HARD_STOP,-3.4006674202523226,-0.6801334840504645,-15429.999999999534,1573.33710126208,"-0.6878,-2.5766,-2.5291,-2.1989,0.4917,0.7810,-1.0631,0.5291,-3.2998,0.0722,-0.5158,0.4323,-1.0529,1.9280,0.3731"
2025-12-11,2025-12-10,15,"SPLPETRO,ERIS,TTML,TMCV,LATENTVIEW,FLUOROCHEM,ZFCVINDIA,NAVA,ANURAS,KAYNES,PIRAMALFIN,LTTS,WELSPUNLIV,AAVAS,AIAENG",163.03392482281228,56.333333333333336,09:17,HARD_STOP,-3.909030279150396,-0.7818060558300792,-17967.35000000056,1577.80139575142,"0.2824,-1.6781,-1.8801,-1.5732,1.2733,-0.8286,-0.9028,-0.8378,-0.2388,-1.7118,-0.3303,-0.6313,-0.9170,-0.3470,-0.5526"
2025-12-12,2025-12-11,15,"SPLPETRO,DCMSHRIRAM,IDEA,PIRAMALFIN,ZFCVINDIA,TTML,FLUOROCHEM,GVT&D,NAVINFLUOR,LLOYDSME,PTCIL,HINDZINC,IPCALAB,BBTC,HOMEFIRST",153.14304444748777,51.46666666666667,15:29,EOD,-0.5939982786610485,-0.1187996557322097,-1389.9599999999627,1580.0313933052798,"-1.3636,-0.0482,3.5524,-1.9355,-2.4212,-2.8549,-0.9971,1.1575,1.2417,-0.3790,0.1262,5.2533,-1.1838,-0.6386,-0.4663"
2025-12-15,2025-12-12,15,"ZFCVINDIA,IDEA,SPLPETRO,HINDZINC,ANTHEM,HINDCOPPER,TARIL,OLAELEC,BBTC,ANANTRAJ,NAVINFLUOR,SWIGGY,ONESOURCE,3MINDIA,TTML",150.3388698617249,54.06666666666667,15:29,EOD,2.8595098153915224,0.5719019630783044,15876.170000000391,1578.6209230427799,"3.6185,-4.3882,-0.9324,0.7828,0.8696,-0.7461,9.4241,1.8376,-0.2397,0.9158,0.7195,-1.3040,-0.2718,-0.2538,-0.2855"
2025-12-16,2025-12-15,15,"IDEA,TARIL,KAYNES,HINDZINC,HINDCOPPER,GVT&D,USHAMART,SPLPETRO,ANTHEM,3MINDIA,ZFCVINDIA,GMDCLTD,LINDEINDIA,JSWCEMENT,GMRAIRPORT",144.6308510910209,48.333333333333336,09:25,HARD_STOP,-3.9090481718170067,-0.7818096343634013,-17974.340000000317,1570.9008590847197,"-0.1756,-3.0584,-0.7238,-0.0443,-2.0467,0.5467,-2.1446,-0.8951,0.0000,-0.1700,-1.4214,-0.7068,-0.7904,0.0914,0.6673"
2025-12-17,2025-12-16,15,"TARIL,ZFCVINDIA,FACT,KIRLOSENG,JAINREC,USHAMART,AIIL,VEDL,SPLPETRO,SARDAEN,IKS,ANANTRAJ,OLAELEC,GMDCLTD,HINDZINC",152.7775314680028,48.13333333333333,10:31,HARD_STOP,-3.2919013927432426,-0.6583802785486486,-14877.299999999814,1582.2069637164,"-1.1182,1.1491,-1.8869,2.1423,-1.6798,-0.9922,-0.0893,-1.5948,-0.1960,-1.5128,0.7147,-0.2416,-1.5007,-2.7725,0.6638"
2025-12-18,2025-12-17,15,"KIRLOSENG,FACT,ZFCVINDIA,TARIL,AIIL,VEDL,INDIACEM,RPOWER,SWANCORP,KAYNES,ABSLAMC,AEGISVOPAK,ACMESOLAR,MEESHO,ABREL",151.9176641063785,47.2,09:16,HARD_STOP,-3.8791811512159184,-0.7758362302431837,-17815.819999999832,1580.0857560797601,"-1.0359,-1.0096,-0.6710,-1.1143,-0.6887,-0.6144,-1.2380,-0.7737,-0.6557,-0.7090,0.0694,-0.4489,-1.7258,1.2665,-1.3915"
2025-12-19,2025-12-18,15,"INDIACEM,KIRLOSENG,GABRIEL,HINDCOPPER,NAM-INDIA,ZFCVINDIA,TMCV,AIAENG,M&MFIN,RPOWER,HINDZINC,TARIL,OLAELEC,THELEELA,MEESHO",154.48135722964173,49.06666666666667,15:29,EOD,3.6106126571678185,0.7221225314335638,19646.069999999832,1593.00671416074,"2.2482,-2.5859,-0.6176,0.2584,-1.0615,3.1957,-2.3256,0.9857,2.6975,1.1842,-0.5330,3.4604,7.4039,0.7476,-3.2450"
2025-12-22,2025-12-19,15,"GABRIEL,GROWW,ZFCVINDIA,TMCV,MEESHO,KIRLOSENG,SHRIRAMFIN,PIRAMALFIN,IDEA,LENSKART,ITI,RPOWER,WOCKPHARMA,DEEPAKNTR,AIIL",153.27678685824674,49.4,09:30,HARD_STOP,-3.52522890668521,-0.705045781337042,-16046.80999999959,1579.33453342646,"-1.4731,2.2828,-0.9378,1.1101,-0.7208,0.6199,0.3047,0.3348,-3.0705,-1.5288,-1.1469,-3.3943,0.4816,-0.5292,-2.0310"
2025-12-23,2025-12-22,15,"LENSKART,IDEA,ZFCVINDIA,GROWW,HINDCOPPER,GABRIEL,JWL,AIIL,M&MFIN,SHRIRAMFIN,RPOWER,FORCEMOT,GVT&D,ATUL,MEESHO",162.64793706801802,57.733333333333334,13:44,TRAIL,2.027329462189115,0.405465892437823,11720.330000000075,1583.6826890545,"2.6026,1.5980,-2.2245,-0.9065,0.1723,-1.5530,11.5434,-1.2745,-3.4596,1.5766,1.9464,0.1633,0.8748,-1.4605,-2.7601"
2025-12-24,2025-12-23,15,"LENSKART,CANHLIFE,JWL,GROWW,IRCON,RAILTEL,ZFCVINDIA,JKTYRE,DEVYANI,RITES,BEML,HINDCOPPER,M&MFIN,IRFC,OLAELEC",156.25257457144698,49.4,15:27,TRAIL,2.1637167107335658,0.4327433421467132,12408.799999999348,1590.21644633152,"-4.6938,3.6451,1.3992,1.2686,-0.0059,-1.2611,-0.1284,-0.9077,2.1620,-0.1525,1.3337,3.9354,0.5828,-0.8327,1.1149"
2025-12-26,2025-12-24,15,"JWL,CANHLIFE,LENSKART,HINDCOPPER,JBMA,BELRISE,TITAGARH,IRCON,MANAPPURAM,SUNDARMFIN,M&MFIN,RVNL,NEULANDLAB,RAILTEL,GROWW",157.67188521697213,49.53333333333333,15:29,EOD,11.911925847537296,2.382385169507459,61164.34000000032,1604.7107623138397,"1.5147,3.5407,-2.2040,5.3417,-3.8050,3.0955,5.3989,4.8468,-0.8067,0.2140,1.1164,11.6960,0.7623,6.0300,0.0061"
2025-12-29,2025-12-26,15,"JBMA,JWL,IRCON,PTCIL,RAILTEL,HINDCOPPER,GMDCLTD,BELRISE,CANHLIFE,MMTC,TIMKEN,RVNL,IRFC,TITAGARH,IFCI",171.08535741329408,53.2,09:21,HARD_STOP,-4.9980940184269125,-0.9996188036853825,-23416.19999999972,1574.27009213484,"0.1623,-1.8145,-1.6658,-0.2146,-1.2014,-5.7793,1.4177,-1.2278,0.0986,3.3535,-1.2454,-3.6967,-1.6296,-0.3170,-0.3557"
2025-12-30,2025-12-29,15,"RVNL,IRFC,HINDCOPPER,NBCC,RAILTEL,GMDCLTD,PTCIL,HBLENGINE,IRCON,MMTC,BELRISE,GRAPHITE,CANHLIFE,ONESOURCE,TITAGARH",187.70285520922917,57.46666666666667,09:16,HARD_STOP,-3.931403053192126,-0.7862806106384251,-18078.730000000447,1578.28526596018,"0.4325,-0.7598,0.4038,-0.3528,-0.4716,-1.6959,-0.5997,-1.3211,-0.5964,-2.0000,-0.5431,-0.8924,-0.4045,-1.1785,-0.9316"
2025-12-31,2025-12-30,15,"MMTC,HONASA,RVNL,HINDCOPPER,TITAGARH,HBLENGINE,JWL,HEG,GMDCLTD,PTCIL,FORCEMOT,3MINDIA,ABSLAMC,NATIONALUM,SCI",166.91482053874384,51.4,14:18,TRAIL,2.091563534144456,0.4183127068288912,12036.260000000242,1578.4423292779602,"0.2528,-1.0229,-0.9709,-1.7830,0.9401,-1.2794,2.9217,5.1416,1.8526,-0.1048,2.2358,-0.2285,-1.8192,-0.2201,1.3792"
2026-01-01,2025-12-31,15,"HINDCOPPER,HEG,MMTC,FORCEMOT,SAIL,NSLNISP,AIIL,MSUMI,HONASA,CRAFTSMAN,ATHERENERG,GRAPHITE,ZYDUSWELL,GMDCLTD,NATIONALUM",159.44879681615467,49.46666666666667,10:22,HARD_STOP,-3.3826288955914356,-0.6765257791182872,-15332.28000000026,1580.86447795692,"0.2685,-1.0383,-1.8955,0.0725,-0.9449,-1.2641,-0.2858,-1.2160,-0.1054,-1.7105,-1.3245,-1.1413,2.3695,-0.1085,-0.9509"
2026-01-02,2026-01-01,15,"CRAFTSMAN,AIIL,AJANTPHARM,HFCL,GRAPHITE,MMTC,HINDCOPPER,SAIL,FORCEMOT,VIJAYA,ZYDUSWELL,PTCIL,MAHABANK,TARIL,KARURVYSYA",148.9770291700282,48.13333333333333,15:29,EOD,5.428647537972094,1.0857295075944189,28729.85999999987,1586.6223101394,"4.2008,-2.6828,-0.2724,-1.8261,2.3950,2.9668,2.3019,-0.8075,0.7129,1.4006,0.9023,-1.3276,0.2983,8.1290,1.0579"
2026-01-05,2026-01-02,15,"TARIL,OLAELEC,AJANTPHARM,CRAFTSMAN,DEVYANI,FORCEMOT,GRAPHITE,3MINDIA,HFCL,ZYDUSWELL,PTCIL,IDBI,SJVN,ATUL,BOSCHLTD",148.78314777303038,52.93333333333333,09:30,HARD_STOP,-3.6937993843404855,-0.7387598768680971,-16907.169999999925,1561.8269217025,"-4.2465,-2.6182,-0.2553,-1.1918,-1.2762,-1.1949,-0.1506,-0.2475,0.4722,-0.6383,-0.1105,-2.8235,3.4762,0.1546,0.3076"
2026-01-06,2026-01-05,15,"IDBI,TARIL,OLAELEC,HINDCOPPER,SJVN,BOSCHLTD,MSUMI,CRAFTSMAN,PGEL,TENNIND,FORCEMOT,PIRAMALFIN,ANANTRAJ,IDEA,HONAUT",159.2384659728197,50.733333333333334,10:25,HARD_STOP,-3.601682020413171,-0.7203364040826342,-16449.090000000317,1559.3201020655401,"0.3016,1.2594,-2.5455,0.1055,-3.1472,0.7750,-2.3674,-0.2378,-2.1851,-3.9305,-1.3994,1.9437,-0.1701,1.4834,0.1610"
2026-01-07,2026-01-06,15,"SJVN,OLAELEC,NATIONALUM,BOSCHLTD,CRAFTSMAN,NAVA,PIRAMALFIN,IIFL,3MINDIA,GALLANTT,NETWEB,MSUMI,PGEL,EMMVEE,HONASA",151.88908574382867,49.4,15:29,EOD,0.2678854722104471,0.053577094442089426,2911.310000000056,1571.8826389478202,"-1.9338,-3.1969,0.5986,1.0336,-2.3753,-0.8117,2.7778,-1.2405,0.0000,0.8564,0.5048,-1.8945,-0.5923,7.9158,0.1000"
2026-01-08,2026-01-07,15,"OLAELEC,HINDCOPPER,CRAFTSMAN,IEX,EMMVEE,CRISIL,NATIONALUM,SJVN,TATAELXSI,PIRAMALFIN,NETWEB,EMCURE,ATUL,BOSCHLTD,JKCEMENT",151.25004438754837,50.93333333333333,09:23,HARD_STOP,-3.320836025458044,-0.6641672050916088,-15027.75,1576.43012729022,"-1.2328,-1.5536,0.4113,-0.4277,-2.4853,-1.2317,-1.3793,0.1330,0.4100,0.1604,-0.3839,0.1705,0.4760,-0.0897,-2.0013"
2026-01-09,2026-01-08,15,"INDIACEM,EMMVEE,SOLARINDS,GALLANTT,OLAELEC,NETWEB,NATIONALUM,PIRAMALFIN,NIVABUPA,TATAELXSI,CRISIL,IPCALAB,IEX,ATUL,JKCEMENT",167.18760201106477,44.666666666666664,10:35,TRAIL,1.7903370670418288,0.3580674134083658,10538.409999999683,1586.72466479054,"-0.8617,1.5781,1.1371,1.4697,0.4718,1.2319,4.1711,-1.3451,0.4142,2.4373,0.4511,-0.4531,-2.0588,-0.5881,-1.6582"
2026-01-12,2026-01-09,15,"EMMVEE,GALLANTT,CRISIL,NATIONALUM,PIRAMALFIN,ENDURANCE,INDUSTOWER,IPCALAB,EMCURE,RAMCOCEM,PTCIL,LENSKART,ALKEM,LINDEINDIA,SOBHA",168.05724282032824,42.86666666666667,09:17,HARD_STOP,-3.736473131043463,-0.7472946262086926,-17106.08999999985,1576.2756552174599,"-0.9880,-0.1739,-0.6262,0.2273,-1.3812,-1.0019,0.4713,-1.1690,-1.7089,0.5668,-0.9322,-1.4854,-0.1897,-1.0036,-0.9760"
2026-01-13,2026-01-12,15,"IFCI,LINDEINDIA,PTCIL,EMMVEE,CRISIL,IPCALAB,EMCURE,CRAFTSMAN,ATUL,PIRAMALFIN,NATIONALUM,ZFCVINDIA,HONAUT,3MINDIA,GALLANTT",138.83825144390093,53.0,15:29,EOD,0.28029942703929106,0.05605988540785821,2959.8600000003353,1558.36286480388,"0.2264,-0.7125,-0.0500,-0.6776,1.0526,-1.6211,2.4894,1.1167,-0.3795,0.8102,1.1190,0.6929,-1.4881,0.0287,-1.0765"
2026-01-14,2026-01-13,15,"AIIL,IFCI,EMMVEE,LINDEINDIA,CRISIL,PTCIL,LENSKART,OIL,NATIONALUM,CRAFTSMAN,ELECON,HINDCOPPER,IPCALAB,NEULANDLAB,IDEA",146.64839934014572,53.8,15:29,EOD,6.426973598249253,1.2853947196498505,33724.20999999996,1589.3420087536997,"3.8760,-1.8931,2.4779,0.2960,-1.7277,0.8300,2.6851,1.7563,4.0947,2.4804,-1.3683,3.8226,1.0667,-0.1954,2.1237"
2026-01-16,2026-01-14,15,"MMTC,IFCI,AIIL,HINDCOPPER,NATIONALUM,MAHABANK,HINDZINC,GROWW,MCX,VEDL,3MINDIA,UNIONBANK,CHENNPETRO,OIL,LINDEINDIA",153.21701111388478,47.86666666666667,15:29,EOD,-2.5227208929279317,-0.5045441785855863,-11038.05000000028,1575.5544646393798,"-2.6695,5.3275,-1.8769,-1.7490,-1.2287,0.5435,-2.8585,3.5928,-0.2449,0.8435,-0.0988,-1.7573,-2.9696,-1.5344,0.0164"
2026-01-19,2026-01-16,15,"MRPL,EMMVEE,IFCI,GROWW,JWL,MMTC,UNIONBANK,ANGELONE,CHENNPETRO,CRAFTSMAN,HINDCOPPER,INDIAMART,ICICIAMC,MCX,GALLANTT",163.34453137480028,51.53333333333333,09:28,HARD_STOP,-3.3879165720168603,-0.677583314403372,-15359.010000000242,1580.5728600840603,"-1.4998,-2.1464,0.4926,-2.6617,1.1250,-0.6844,0.6654,-0.6148,-1.4162,-0.5032,-0.5263,-2.2979,0.5890,0.4888,-0.2533"
2026-01-20,2026-01-19,15,"NETWEB,FORCEMOT,IFCI,ANGELONE,GROWW,TECHM,HINDCOPPER,BANKINDIA,FEDERALBNK,MMTC,ICICIAMC,INDIAMART,JINDALSAW,HFCL,ZENTEC",152.34785752641292,48.46666666666667,09:22,HARD_STOP,-3.4893245773082997,-0.69786491546166,-15870.21999999974,1576.4028865417602,"-1.4064,-2.4929,-1.5806,-1.1878,-1.1606,-0.5714,0.5556,0.7237,0.2698,-1.2411,-1.6393,-0.8819,2.9050,-1.1970,-0.9167"
2026-01-21,2026-01-20,15,"JKCEMENT,HINDZINC,JINDALSAW,IFCI,FORCEMOT,MEESHO,DALBHARAT,PTCIL,NETWEB,MRF,DEEPAKNTR,TBOTEK,LINDEINDIA,CYIENT,PINELABS",167.8151032675606,48.333333333333336,09:21,HARD_STOP,-4.612949843327136,-0.9225899686654271,-21497.60000000056,1567.14921663512,"-2.1899,0.1466,0.8122,0.1049,-3.0099,0.2467,-0.1824,-1.1364,-0.9212,-0.9797,-2.1019,-1.9865,-0.1518,-0.6091,-1.2382"
2026-01-22,2026-01-21,15,"JINDALSAW,PTCIL,CREDITACC,MRPL,TIMKEN,FORCEMOT,HINDZINC,GILLETTE,MEESHO,HONAUT,ASAHIINDIA,HINDCOPPER,MAPMYINDIA,ANGELONE,BAYERCROP",143.58382333041106,50.733333333333334,10:32,HARD_STOP,-3.3509052210557257,-0.6701810442111451,-15187.22000000067,1567.3061052779601,"-2.7052,-0.8080,5.9606,0.5995,-1.5645,1.1141,-5.1441,-1.3753,-1.1962,-1.0417,-0.2021,-5.7130,1.7650,0.6648,0.3719"
2026-01-23,2026-01-22,15,"JINDALSAW,HINDZINC,IFCI,CREDITACC,INDIAMART,TIMKEN,MRPL,PINELABS,MEESHO,INDIANB,HONAUT,SIGNATURE,CANHLIFE,PTCIL,ASAHIINDIA",151.25073740377783,55.0,11:21,HARD_STOP,-3.564775321907648,-0.7129550643815297,-16243.959999999963,1579.91660953828,"-1.2662,1.6547,-1.3917,-2.0209,0.9995,-0.1960,-0.2108,0.2025,0.6706,-0.5092,-3.1398,-1.1937,-0.7743,-2.0561,-0.6554"
2026-01-27,2026-01-23,15,"BANDHANBNK,NATIONALUM,HOMEFIRST,GROWW,ASHOKLEY,MRPL,APLAPOLLO,ABBOTINDIA,AAVAS,HINDZINC,CREDITACC,CRAFTSMAN,GVT&D,ATUL,DRREDDY",166.70533362715258,41.46666666666667,09:22,HARD_STOP,-3.517243736582687,-0.7034487473165374,-16013.549999999814,1572.6686829136202,"-0.3352,-0.2396,3.8167,-1.3677,-2.1013,-1.7331,0.6205,-1.7553,0.9628,-1.9304,-0.3813,-0.3866,-1.9993,-2.1528,-0.9592"
2026-01-28,2026-01-27,15,"KARURVYSYA,KPRMILL,ASAHIINDIA,DCMSHRIRAM,CREDITACC,HINDZINC,HOMEFIRST,ONESOURCE,PWL,NATIONALUM,WAAREEENER,AEGISVOPAK,GROWW,BLUEDART,SONACOMS",137.2471419387202,44.666666666666664,09:24,HARD_STOP,-3.4920129151870234,-0.6984025830374047,-15878.739999999758,1581.32457593536,"-0.7691,-1.3457,-1.4904,0.1775,-0.8346,-0.2739,-2.8986,-4.3362,1.4509,0.7340,2.0000,-2.3067,1.3322,-1.3303,0.3269"
2026-01-29,2026-01-28,15,"HOMEFIRST,HINDCOPPER,ATUL,MRPL,NATIONALUM,OIL,KARURVYSYA,ONGC,MCX,HINDZINC,ACUTAAS,ASAHIINDIA,TRAVELFOOD,KPRMILL,BEL",153.55439160982704,48.06666666666667,15:29,EOD,10.482233870425175,2.096446774085035,54013.380000000354,1602.21064787448,"3.0556,14.7245,0.4137,7.1712,3.9815,4.3919,2.7726,1.7817,2.0377,2.9702,0.6806,-0.7128,-1.0442,-7.6923,-2.0363"
2026-01-30,2026-01-29,15,"HINDCOPPER,ACUTAAS,MRPL,GVT&D,ABB,APARINDS,NATIONALUM,TEJASNET,OIL,MCX,HOMEFIRST,3MINDIA,GRSE,SOLARINDS,DCMSHRIRAM",153.00765891613267,47.06666666666667,09:20,HARD_STOP,-4.333523825161882,-0.8667047650323765,-20104.160000000615,1563.4591258087999,"-1.9835,0.2694,-0.3415,-0.0064,0.5331,-1.3851,-3.3945,-1.1712,0.8210,-2.6080,-0.4377,-0.2770,-1.2937,-0.8920,-0.0686"
2026-02-01,2026-01-30,15,"HINDCOPPER,MCX,SYRMA,GRSE,GILLETTE,NATIONALUM,APARINDS,GVT&D,ZFCVINDIA,ACUTAAS,MRPL,SPLPETRO,HINDZINC,IDEA,POWERINDIA",156.88527596691242,51.06666666666667,09:16,HARD_STOP,-5.291924600198861,-1.0583849200397721,-24889.909999999683,1569.7130009946202,"-5.5488,-1.0783,-0.0196,-0.1402,-0.2800,-1.0482,-0.1950,-0.1569,-0.4866,0.0785,-0.4280,-0.7172,-1.3652,-3.1167,-0.5319"
2026-02-02,2026-02-01,15,"ZFCVINDIA,AEGISVOPAK,SPLPETRO,SYRMA,HINDCOPPER,DELHIVERY,MRPL,GVT&D,GILLETTE,GLAND,GRSE,HONAUT,ABB,VTL,DATAPATTNS",147.93209729330724,46.666666666666664,10:57,HARD_STOP,-3.5572039649904297,-0.7114407929980859,-16212.85999999987,1573.15982495228,"-1.4135,-6.3915,-2.0408,0.1742,3.2280,-1.8350,3.8976,-0.9284,-0.8139,1.9275,-0.7292,-1.3050,-1.7304,-2.2114,0.2565"
2026-02-03,2026-02-02,15,"SPLPETRO,GILLETTE,SYRMA,AEGISVOPAK,VTL,ZFCVINDIA,CRISIL,GLAND,NEULANDLAB,DELHIVERY,ANANTRAJ,LATENTVIEW,ABDL,MEDANTA,APARINDS",151.7151439429335,49.6,09:17,HARD_STOP,-4.058216170928621,-0.8116432341857243,-18711.899999999907,1579.1808546431998,"1.5254,-0.5809,-3.1588,-3.3730,-6.7241,0.7405,-0.0760,-2.8232,-0.9783,0.1333,-1.4103,1.5155,2.3861,-0.9991,2.6509"
2026-02-04,2026-02-03,15,"SPLPETRO,VTL,AARTIIND,TRIDENT,LATENTVIEW,WAAREEENER,LTFOODS,MRPL,ELECON,APARINDS,ANANTRAJ,WELSPUNLIV,SYRMA,KPRMILL,IDEA",155.49416750261062,45.666666666666664,12:55,TRAIL,1.9741181260704184,0.39482362521408365,11459.539999999572,1588.9493696474801,"1.1967,-2.5984,2.5483,1.2069,-3.5762,0.2913,-1.9928,3.2393,1.5102,-0.0365,-1.2412,2.4443,2.5306,1.3753,0.0000"
2026-02-05,2026-02-04,15,"WELSPUNLIV,APARINDS,SPLPETRO,WAAREEENER,VTL,ELECON,KPRMILL,AARTIIND,TRIDENT,LTFOODS,MRPL,ZFCVINDIA,BALKRISIND,TIINDIA,ELGIEQUIP",159.88725186068572,48.53333333333333,09:21,HARD_STOP,-4.375400728905482,-0.8750801457810964,-20304.07999999961,1572.9236445278002,"-0.5540,0.1217,-1.5556,0.2071,-1.1031,-1.5680,-1.0000,1.3660,-1.6382,-1.3420,1.6637,-0.0720,-1.3406,-4.5997,-0.8608"
2026-02-06,2026-02-05,15,"APARINDS,SPLPETRO,SYRMA,BALKRISIND,GALLANTT,BLS,AARTIIND,ATHERENERG,ELECON,SAPPHIRE,PAGEIND,ADANIPOWER,DEVYANI,TRIDENT,ZFCVINDIA",148.49249965535748,48.733333333333334,09:26,HARD_STOP,-3.454377124287956,-0.6908754248575912,-15701.020000000019,1570.86562143976,"0.8491,-1.2023,0.9971,-1.4807,-0.7038,-2.4726,-1.9171,-0.9427,1.5904,-1.6566,0.9579,-0.4013,-1.0818,-1.3854,-0.3989"
2026-02-09,2026-02-06,15,"SAPPHIRE,POWERINDIA,MRF,DATAPATTNS,FORCEMOT,APARINDS,BLS,DEVYANI,AARTIIND,BALKRISIND,SYRMA,NYKAA,ZFCVINDIA,PWL,ENRIN",147.9949008481955,49.733333333333334,15:29,EOD,2.974848926926011,0.5949697853852023,16445.560000000056,1571.31536537,"0.4673,2.9132,-1.1837,2.3740,3.2794,0.8430,0.0850,0.8942,4.4776,-1.4032,-0.1375,-0.0036,2.1145,-2.8559,-1.5273"
2026-02-10,2026-02-09,15,"CONCORDBIO,IFCI,ELECON,SPLPETRO,POWERINDIA,TARIL,ABREL,MRF,SCI,KALYANKJIL,FORCEMOT,APARINDS,ABFRL,POONAWALLA,TRAVELFOOD",154.42684218988634,51.0,15:29,EOD,2.45342093740109,0.490684187480218,13844.30999999959,1577.20531299414,"0.7703,-0.7833,-2.3018,0.2645,-0.7095,-0.6408,2.5596,1.9805,1.6054,-2.0975,4.4831,-1.4257,-3.0749,7.1739,0.9370"
2026-02-11,2026-02-10,15,"SCI,KALYANKJIL,FLUOROCHEM,SPLPETRO,FORCEMOT,TARIL,POWERINDIA,POONAWALLA,AMBER,APARINDS,ABREL,TIMKEN,PWL,ABFRL,IFCI",152.84113830444844,51.4,15:29,EOD,0.038172012391057615,0.007634402478211523,1772.8799999998882,1582.0199380446002,"0.9015,-1.4519,0.6082,1.7055,5.0857,0.0246,1.3855,1.0124,3.1649,0.5796,-0.7760,-2.6742,-1.8357,-1.9559,-4.5300"
2026-02-12,2026-02-11,15,"PCBL,SPLPETRO,TARIL,FORCEMOT,IFCI,POONAWALLA,SCI,KAYNES,AMBER,LINDEINDIA,MRF,JKTYRE,KIRLOSENG,ZFCVINDIA,SIGNATURE",145.80412138805448,46.8,09:24,HARD_STOP,-3.557290498571511,-0.7114580997143022,-16220.009999999776,1566.4424928577805,"-1.1599,-1.1562,-1.3016,-0.7098,-0.9492,-0.3303,2.2880,-0.8096,1.8301,-1.7077,-0.9145,-2.2316,-3.2296,-0.5240,1.0025"
2026-02-13,2026-02-12,15,"FORCEMOT,KIRLOSENG,KIMS,SCI,SPLPETRO,MRF,TRAVELFOOD,PFIZER,LENSKART,AMBER,SJVN,PCBL,PWL,GLAXO,3MINDIA",144.4451896175773,50.733333333333334,09:17,HARD_STOP,-3.4048063396486974,-0.6809612679297394,-15455.220000000205,1568.8116982432798,"-1.0076,2.8284,1.0146,-0.3004,0.0000,-0.6567,-3.0688,-1.2229,0.3673,0.0000,-1.7564,-1.6039,-3.1681,0.3403,-1.2840"
2026-02-16,2026-02-13,15,"LTFOODS,ENGINERSIN,FORCEMOT,LENSKART,ZFCVINDIA,ZEEL,KIRLOSENG,LINDEINDIA,BHARATFORG,SIGNATURE,VTL,PCBL,ATUL,HONASA,3MINDIA",182.0268255564428,50.733333333333334,15:29,EOD,5.128479810628447,1.0256959621256894,27217.749999999534,1575.3509468573002,"-2.2309,14.6402,3.1749,0.2703,-1.4381,-1.9751,1.6802,-2.0942,-0.7188,2.0465,-0.6460,-0.0994,-1.0216,2.2655,3.4093"
2026-02-17,2026-02-16,15,"ZFCVINDIA,ENGINERSIN,LINDEINDIA,FORCEMOT,LENSKART,PWL,SPLPETRO,ENRIN,PTCIL,SIGNATURE,LTFOODS,ZEEL,ATUL,NATCOPHARM,PFIZER",139.83785778708975,52.2,15:29,EOD,-0.8863963491386196,-0.17727926982772393,-2859.489999999758,1572.4917456933401,"-0.3416,-7.1599,1.7463,5.3323,-2.9495,-0.1919,1.3784,-1.3083,1.3167,-1.3594,-0.1524,0.4988,1.7946,-0.1634,0.5480"
2026-02-18,2026-02-17,15,"ENGINERSIN,FORCEMOT,SIGNATURE,ZFCVINDIA,ONESOURCE,PCBL,KIRLOSENG,GODIGIT,NEULANDLAB,NEWGEN,RHIM,SPLPETRO,EMMVEE,BLUEDART,DCMSHRIRAM",140.12006429272262,51.333333333333336,15:29,EOD,-0.07346092468950642,-0.014692184937901285,1212.1299999998882,1579.4346234474203,"-0.9217,-2.7907,-1.5462,-3.2200,2.8939,-1.2282,-1.0696,-0.4958,-0.5537,2.4714,3.9067,2.1040,-0.4757,0.9532,0.4344"
2026-02-19,2026-02-18,15,"ONESOURCE,FORCEMOT,TARIL,ENGINERSIN,APARINDS,SPLPETRO,ZFCVINDIA,GODFRYPHLP,NETWEB,RHIM,POWERINDIA,ACUTAAS,ELGIEQUIP,NEULANDLAB,KIRLOSENG",145.9690459609993,48.666666666666664,14:30,HARD_STOP,-3.42579592501858,-0.685159185003716,-15557.520000000019,1571.4596250928803,"0.6476,-3.5252,3.4054,0.5279,-1.0196,3.5418,-4.1453,-0.8824,2.5861,-3.0124,-2.5739,0.0047,-2.0546,-3.6594,0.2188"
2026-02-20,2026-02-19,15,"TARIL,NEWGEN,GODFRYPHLP,SPLPETRO,VTL,TATAINVEST,NETWEB,ENGINERSIN,DATAPATTNS,APARINDS,EMMVEE,ONESOURCE,ZFCVINDIA,RBLBANK,ELGIEQUIP",191.62974811041843,50.93333333333333,15:21,TRAIL,2.621564236474744,0.5243128472949488,14696.69999999972,1588.878817626,"4.3997,-9.3696,-0.3145,1.5988,4.0097,2.8913,2.5319,-1.2397,2.5103,5.2452,-2.4074,-3.4905,1.0330,-0.7253,2.3821"
2026-02-23,2026-02-20,15,"NEWGEN,SPLPETRO,TARIL,NETWEB,GODFRYPHLP,DATAPATTNS,APARINDS,TATAINVEST,VTL,3MINDIA,NEULANDLAB,ONESOURCE,FORCEMOT,GODREJIND,TIINDIA",164.65695926201127,55.13333333333333,09:16,HARD_STOP,-5.732177657022702,-1.1464355314045405,-27099.180000000633,1561.70828511288,"2.5430,-0.6562,-2.0282,-2.2970,-0.7355,-1.2108,-1.5519,-2.3270,-2.0652,-1.0959,0.2188,-2.1845,-1.6290,-1.5714,-0.1199"
2026-02-24,2026-02-23,15,"APARINDS,SPLPETRO,TARIL,TATAINVEST,NETWEB,NEWGEN,GODFRYPHLP,DATAPATTNS,AEGISVOPAK,BLUEJET,ELGIEQUIP,GODREJIND,VTL,KPRMILL,INDIANB",152.9713095620572,50.333333333333336,09:31,HARD_STOP,-3.801526498896442,-0.7603052997792884,-17428.149999999907,1579.4824944823001,"-0.5634,0.4138,-0.6601,-2.6266,-0.8996,-3.0505,-4.0762,0.1309,-0.7060,5.6986,0.0823,-0.8069,-2.7115,-0.2459,-0.4995"
2026-02-25,2026-02-24,15,"POWERINDIA,APARINDS,SUNDARMFIN,VTL,DATAPATTNS,BANDHANBNK,BLUEJET,NATCOPHARM,SCHAEFFLER,ENDURANCE,CARTRADE,MAHABANK,TEGA,SIEMENS,FLUOROCHEM",140.63498170703056,42.266666666666666,13:03,HARD_STOP,-3.518913128868189,-0.7037826257736378,-16023.200000000186,1571.36564434076,"0.0683,-4.8119,-1.2961,-1.1304,-1.7282,0.0720,-1.1770,2.8956,-0.2924,-1.7971,0.0112,1.8373,1.3738,-1.3030,-2.4727"
2026-02-26,2026-02-25,15,"SCHAEFFLER,NATCOPHARM,APARINDS,ONESOURCE,CONCORDBIO,MAHABANK,BLUEJET,AEGISVOPAK,POWERINDIA,J&KBANK,VEDL,GODREJIND,TEGA,ENDURANCE,SUNDARMFIN",138.0988365367603,44.53333333333333,15:29,EOD,4.43072835363898,0.8861456707277959,23738.08000000054,1584.43823180564,"1.0418,-1.1699,2.3113,2.9095,1.4739,1.2709,0.7467,-0.0043,1.4295,5.6166,0.6071,-0.9179,0.8219,-0.3708,-1.2502"
2026-02-27,2026-02-26,15,"CONCORDBIO,DATAPATTNS,LLOYDSME,TEJASNET,TIMKEN,J&KBANK,MAHABANK,TIINDIA,NATCOPHARM,POWERINDIA,BANDHANBNK,SCHAEFFLER,FINCABLES,MANKIND,SUNDARMFIN",139.33061381586595,41.266666666666666,15:29,EOD,4.724861402577637,0.9449722805155274,25211.169999999925,1586.86298711174,"-2.2448,-1.2384,-2.0649,12.1712,3.0778,0.4891,-1.2960,1.4594,1.6512,0.6630,-1.7823,0.0598,3.8813,-0.0486,0.4479"
2026-03-02,2026-02-27,15,"SPLPETRO,TEJASNET,SCHAEFFLER,APARINDS,TIMKEN,FINCABLES,GALLANTT,DCMSHRIRAM,J&KBANK,NETWEB,CPPLUS,REDINGTON,LENSKART,3MINDIA,CONCORDBIO",156.02905682114357,51.0,15:29,EOD,10.658082143271146,2.131616428654229,54878.999999999534,1588.5892836438,"-6.2890,11.5567,3.1894,1.7905,0.7759,7.9318,0.9029,2.1111,1.5491,-0.1884,10.3987,-2.5383,1.7476,0.6852,-0.2926"
2026-03-04,2026-03-02,15,"TEJASNET,SPLPETRO,TIINDIA,OIL,CPPLUS,REDINGTON,FINCABLES,ONGC,SUNTV,KEI,PTCIL,ABBOTINDIA,TIMKEN,POLYMED,ANANDRATHI",184.62193296131315,53.333333333333336,11:29,HARD_STOP,-3.5466477049912,-0.7093295409982401,-16156.0,1577.2385249559998,"3.5729,-2.2156,-1.2270,1.3332,-1.4519,-2.5195,-2.8324,-2.1429,-3.2348,-0.7320,-1.0400,0.4850,-1.1815,3.7405,-0.3082"
2026-03-05,2026-03-04,15,"TEJASNET,ABBOTINDIA,CHENNPETRO,POLYMED,SAILIFE,CPPLUS,CONCORDBIO,SOLARINDS,ZENTEC,NATIONALUM,OIL,FINCABLES,BALRAMCHIN,RAINBOW,JAINREC",184.52387764896926,44.4,13:45,HARD_STOP,-3.4864198946754605,-0.6972839789350921,-15860.25,1571.8494733773,"-2.0150,-1.2901,-4.3131,-4.0689,3.4406,0.3079,0.1239,-1.1084,-1.1958,6.3660,-1.6061,2.4494,-3.0485,-1.8714,-1.9560"
2026-03-06,2026-03-05,15,"TEJASNET,ABBOTINDIA,POLYMED,ONESOURCE,CHENNPETRO,BALRAMCHIN,SAILIFE,NATIONALUM,SPLPETRO,ZENTEC,DATAPATTNS,SOLARINDS,JAINREC,3MINDIA,FSL",161.34760101491915,52.333333333333336,15:29,EOD,-0.5396239079564493,-0.10792478159128986,-1123.1499999999069,1574.9695397823398,"-5.9267,-1.2674,-0.6024,5.7143,-0.6897,-1.4445,-1.9126,1.1224,-1.9823,1.3475,3.7449,3.2445,-0.1208,-0.4935,-1.3894"
2026-03-09,2026-03-06,15,"TEJASNET,CHENNPETRO,DATAPATTNS,ONESOURCE,SAILIFE,SPLPETRO,MRPL,SOLARINDS,NATIONALUM,LTFOODS,MAZDOCK,UBL,FINCABLES,BELRISE,JWL",153.40172798805122,45.733333333333334,09:16,HARD_STOP,-3.612795489145533,-0.7225590978291067,-16488.000000000466,1575.9774457272,"-2.7928,-1.4167,-0.2177,2.9527,-0.1787,-1.4749,-0.5054,-0.4787,0.9217,-1.9698,-1.5190,-0.7080,-0.7969,-1.2103,-0.5825"
2026-03-10,2026-03-09,15,"JWL,SPLPETRO,ONESOURCE,DATAPATTNS,TBOTEK,EMCURE,JAINREC,AADHARHFC,BALRAMCHIN,INDIAMART,CHENNPETRO,MAZDOCK,TEJASNET,MCX,ZENTEC",175.32881029339714,48.8,09:27,HARD_STOP,-3.580211728439206,-0.7160423456878412,-16320.599999999627,1580.4586421964,"-3.0898,0.7464,0.9947,-0.6442,-3.2980,3.2237,-1.1992,-0.0103,0.4810,-1.8223,-2.8323,-1.7034,1.0126,0.1420,-1.8282"
2026-03-11,2026-03-10,15,"TBOTEK,JWL,UBL,MAZDOCK,ABSLAMC,REDINGTON,EMCURE,SPLPETRO,ONESOURCE,DATAPATTNS,SOLARINDS,DIXON,BALRAMCHIN,AADHARHFC,FINCABLES",145.15875916289318,49.0,10:29,HARD_STOP,-3.504366016945528,-0.7008732033891056,-15941.899999999441,1579.9300847282,"0.0906,-1.8644,-0.4359,-1.6374,2.0052,-3.3552,0.1213,1.5406,1.4049,-1.0372,-1.9740,-2.9648,0.7010,-0.1155,-2.1422"
2026-03-12,2026-03-11,15,"FACT,JINDALSAW,J&KBANK,AIIL,TEJASNET,JWL,ATGL,ABSLAMC,REDINGTON,EMMVEE,DIXON,SPLPETRO,ASAHIINDIA,FINCABLES,PREMIERENE",147.74653120963305,46.93333333333333,09:17,HARD_STOP,-3.8109060729355133,-0.7621812145871026,-17474.950000000186,1579.5803646773802,"1.6368,0.9950,-1.4736,-0.8576,-2.6557,-1.7254,7.0455,-2.2495,-2.4390,-1.7109,-0.9642,-1.5751,-2.4640,-1.2429,-0.8706"
2026-03-13,2026-03-12,15,"ATGL,JINDALSAW,FACT,NTPCGREEN,LINDEINDIA,ABSLAMC,TEJASNET,HFCL,SAREGAMA,CEATLTD,TIMKEN,J&KBANK,SPLPETRO,GESHIP,NATIONALUM",150.25101040168076,46.86666666666667,09:50,HARD_STOP,-3.3763608964401106,-0.6752721792880221,-15299.949999999255,1581.8544822013,"-0.8654,-1.6786,7.1687,2.3703,-1.9653,-1.0958,-2.2217,-0.7237,0.4985,-3.0360,0.0917,-1.3549,-1.2675,-0.7192,-4.4170"
2026-03-16,2026-03-13,15,"NTPCGREEN,FACT,LTTS,ZYDUSWELL,ACMESOLAR,ATUL,IFCI,ECLERX,FIRSTCRY,ATGL,ONESOURCE,LINDEINDIA,AIIL,ABBOTINDIA,IPCALAB",179.98029933950974,47.266666666666666,09:16,HARD_STOP,-5.611671026036365,-1.1223342052072731,-26480.899999999907,1577.45513018192,"-0.9400,-3.1410,-3.3787,1.3756,-0.3014,-0.0079,-3.0440,0.4695,-2.6473,-0.7301,-0.0343,-0.0073,-2.4246,-0.5916,-0.5238"
2026-03-17,2026-03-16,15,"NTPCGREEN,ACMESOLAR,LTTS,ATGL,AIIL,FACT,LINDEINDIA,IFCI,SAREGAMA,MRPL,GALLANTT,IDBI,ADANIPOWER,ZYDUSWELL,DCMSHRIRAM",165.55823207980959,54.93333333333333,09:16,HARD_STOP,-5.73485850118971,-1.146971700237942,-27094.05999999959,1580.23250594896,"-0.7143,-0.7224,-0.8253,-1.7405,-0.2444,-2.1418,-0.8575,-1.0361,-1.0423,-3.0689,-0.7480,-2.0463,-0.3846,-0.7163,0.0189"
2026-03-18,2026-03-17,15,"ITI,MRPL,CHENNPETRO,LINDEINDIA,ZYDUSWELL,NTPCGREEN,EMMVEE,SAREGAMA,WAAREEENER,FACT,ATGL,ONESOURCE,ABBOTINDIA,LLOYDSME,TIMKEN",156.7235531005741,53.666666666666664,15:29,EOD,2.6141192198396856,0.5228238439679371,14656.85999999987,1586.2639008014403,"-4.3636,-4.5234,-3.3333,-1.6739,1.0952,1.2165,9.9963,0.0000,9.9654,-0.4908,-0.9615,1.0205,-0.4151,0.8836,0.4183"
2026-03-19,2026-03-18,15,"ITI,MRPL,URBANCO,CHENNPETRO,JPPOWER,LINDEINDIA,GALLANTT,WAAREEENER,EMMVEE,MMTC,ACUTAAS,OLECTRA,SYRMA,ADANIPOWER,JBMA",152.8248310279765,51.4,14:05,TRAIL,2.8637715954190255,0.5727543190838051,15909.349999999627,1590.4920229045003,"4.3578,-2.8895,-2.8697,1.8353,9.8305,0.3032,-0.8364,2.0032,1.3664,-3.0180,3.5180,-0.7882,-0.7582,0.3775,-2.8244"
2026-03-20,2026-03-19,15,"JPPOWER,ATGL,ATHERENERG,ACMESOLAR,CHENNPETRO,JBMA,SUNTV,DCMSHRIRAM,EMMVEE,NTPCGREEN,MMTC,URBANCO,PTCIL,OLECTRA,ITI",176.184346282346,49.333333333333336,10:04,HARD_STOP,-3.3611370602402593,-0.6722274120480518,-15225.520000000019,1580.1653012012796,"-3.7647,-3.2804,-0.9558,-2.8947,4.5812,-1.0636,0.9098,-0.0849,-1.7899,-0.1500,-0.0165,0.5286,-0.8410,0.8767,-1.2291"
2026-03-23,2026-03-20,15,"JPPOWER,ATGL,BAYERCROP,OLECTRA,MMTC,JBMA,EMMVEE,ATHERENERG,DOMS,PWL,FIRSTCRY,CHENNPETRO,ACMESOLAR,LTTS,WAAREEENER",157.84585024959821,50.2,09:16,HARD_STOP,-3.9857846712328073,-0.7971569342465614,-18348.279999999795,1580.6433561642402,"0.8387,-2.4749,-0.3840,2.1574,-0.5172,1.3219,-2.0662,-1.2421,-0.2521,-0.2855,-1.6204,-1.7434,-2.2243,-1.5932,-0.9714"
2026-03-24,2026-03-23,15,"TRIDENT,APARINDS,FIRSTCRY,JPPOWER,FLUOROCHEM,ATHERENERG,SUNTV,OLECTRA,SCHAEFFLER,GMDCLTD,ACUTAAS,CHENNPETRO,ATGL,PAGEIND,BAYERCROP",167.87725452632472,52.0,09:16,HARD_STOP,-5.9790077676522415,-1.1958015535304483,-28321.849999999627,1573.1888382615805,"-1.5079,-0.5340,-1.4035,-0.3989,-2.3143,-1.1846,-0.3583,-1.5027,-1.0542,-0.5736,-0.8454,-2.0107,-2.4248,-0.6250,-0.3626"
2026-03-25,2026-03-24,15,"TRIDENT,JBMA,OLECTRA,BLUEDART,SUNTV,SPLPETRO,ACUTAAS,DOMS,BLS,FIRSTCRY,HEXT,DCMSHRIRAM,ZFCVINDIA,PAGEIND,BELRISE",150.9477508928106,50.86666666666667,14:20,TRAIL,1.9481588429894579,0.38963176859789156,11326.60999999987,1585.8157850525802,"-1.6148,0.0698,-0.8380,1.0837,-4.3468,-2.5081,2.5172,1.4000,3.5465,-1.4113,0.5688,3.6591,3.0854,2.0093,-0.1888"
2026-03-27,2026-03-25,15,"BLS,SPLPETRO,DCMSHRIRAM,ZYDUSWELL,APARINDS,ACUTAAS,CPPLUS,MINDACORP,GPIL,EMCURE,AIIL,PCBL,LINDEINDIA,CRAFTSMAN,SUNTV",153.94454328980618,51.06666666666667,09:18,HARD_STOP,-4.021350022789095,-0.804270004557819,-18531.150000000373,1575.6001139451,"-1.0626,1.1822,-0.6060,-0.8869,-1.0822,-1.2166,0.2740,-2.9526,-0.2344,0.2510,-1.7595,-0.7577,-0.5404,-0.9802,-0.8638"
2026-03-30,2026-03-27,15,"SPLPETRO,SAGILITY,APARINDS,CPPLUS,EMCURE,AFFLE,BRIGADE,HEG,TIMKEN,GRAPHITE,GLAND,ACMESOLAR,SYRMA,ACUTAAS,ANTHEM",183.68998249811605,42.666666666666664,09:16,HARD_STOP,-5.763307001874573,-1.1526614003749145,-27238.97999999998,1577.55500937288,"-2.7607,-0.7470,-1.9451,-2.0436,-1.0877,-0.7575,-2.9232,-0.7143,0.6951,0.8066,-1.8142,0.6164,-1.1852,0.0676,-2.6203"
2026-04-01,2026-03-30,15,"CRAFTSMAN,TRAVELFOOD,DCMSHRIRAM,URBANCO,ATUL,ZFCVINDIA,BAYERCROP,IRB,ASTERDM,HEG,ACUTAAS,APARINDS,SPLPETRO,SAMMAANCAP,AIAENG",194.27454370052536,54.666666666666664,09:16,HARD_STOP,-3.120197330600098,-0.6240394661200196,-14024.60999999987,1576.37665300062,"-0.5322,-1.5850,-1.4302,-0.0657,-0.0078,-0.1511,-0.8578,0.4054,-0.5221,1.4865,-1.3709,-3.7536,1.0135,0.3935,-1.5273"
2026-04-02,2026-04-01,15,"SPLPETRO,TRAVELFOOD,DCMSHRIRAM,AIAENG,ZFCVINDIA,OLAELEC,ACMESOLAR,SAMMAANCAP,CPPLUS,APARINDS,BAYERCROP,DOMS,KAJARIACER,DMART,GALLANTT",154.1510799519378,55.46666666666667,09:16,HARD_STOP,-6.239130433480203,-1.2478260866960407,-29620.299999999814,1575.3521674012002,"-1.3473,-1.7780,-1.8293,-1.1436,-2.8114,-1.2490,-0.3941,-0.5133,0.4904,-1.6854,-1.1811,-1.6917,-0.9434,-0.0473,-1.7736"
2026-04-06,2026-04-02,15,"ZFCVINDIA,TRAVELFOOD,OLAELEC,BOSCHLTD,POLYMED,CARBORUNIV,BAYERCROP,LATENTVIEW,PAGEIND,GRSE,LLOYDSME,DMART,BLS,TATACHEM,AIAENG",144.04028506070546,48.733333333333334,09:18,HARD_STOP,-4.451143411020246,-0.8902286822040493,-20694.950000000652,1560.7670551005801,"-1.7373,-0.9531,4.6528,0.9952,-2.0911,-1.2742,-1.1067,-1.4923,-0.0884,-2.1850,-1.3226,-0.6742,-2.0510,-2.5234,-0.7853"
2026-04-07,2026-04-06,15,"LATENTVIEW,OLAELEC,PAGEIND,BOSCHLTD,SPLPETRO,NEULANDLAB,TTML,DMART,ZYDUSWELL,LLOYDSME,GODREJIND,TEGA,BAYERCROP,FLUOROCHEM,KALYANKJIL",153.28755552491913,53.6,15:29,EOD,-1.529756373061695,-0.305951274612339,-6089.779999999795,1559.00186530868,"0.6218,-0.1394,1.3043,0.7494,-1.0349,-0.2281,1.8494,-0.7000,-1.9920,0.2573,0.8284,-1.7281,-0.5182,2.4613,-5.0230"
2026-04-08,2026-04-07,15,"ZYDUSWELL,OLAELEC,FIRSTCRY,KALYANKJIL,BOSCHLTD,TITAGARH,GALLANTT,PAGEIND,NSLNISP,NEULANDLAB,POLYMED,LATENTVIEW,PTCIL,NATCOPHARM,TIMKEN",161.1917337031174,55.13333333333333,09:24,HARD_STOP,-3.448903096994935,-0.6897806193989869,-15682.920000000391,1561.59548497428,"-3.0556,-2.2000,-1.7189,-1.4779,0.8905,-0.5263,5.8166,-1.1049,-2.7317,-0.5221,0.7492,-2.1851,-0.3273,-1.4545,0.4371"
2026-04-09,2026-04-08,15,"GALLANTT,BLS,CEMPRO,BOSCHLTD,NEULANDLAB,ADANIGREEN,TITAGARH,CHOLAHLDNG,PTCIL,OLAELEC,FIRSTCRY,TTML,ZYDUSWELL,FIVESTAR,ACMESOLAR",142.53074331368813,46.2,09:36,TRAIL,2.447107744629321,0.48942154892586415,13811.689999999944,1576.15127685334,"-0.0818,2.8197,3.6207,-0.8983,1.1602,-0.3973,-0.0978,-2.4477,-1.6815,3.9344,0.0246,0.6846,0.1868,1.3022,0.0184"
2026-04-10,2026-04-09,15,"CHOLAHLDNG,NEULANDLAB,ITI,OLAELEC,JPPOWER,BOSCHLTD,ANGELONE,SPLPETRO,GROWW,MEESHO,ADANIGREEN,GALLANTT,FIVESTAR,TTML,BLS",150.93094812227997,45.666666666666664,15:29,EOD,4.910863077221412,0.9821726154442825,26141.939999999944,1587.62461389288,"0.5111,1.5418,-1.6216,10.0218,1.8935,0.8381,-0.1741,-0.6402,2.6232,-1.8552,3.8775,-2.6995,-0.4235,2.4719,-0.5358"
2026-04-13,2026-04-10,15,"ITI,OLAELEC,NEULANDLAB,OLECTRA,GROWW,GALLANTT,COHANCE,ABREL,ABDL,FIVESTAR,HFCL,ADANIENSOL,ANGELONE,CRAFTSMAN,ZFCVINDIA",154.5292005742059,49.53333333333333,15:29,EOD,7.080018781829492,1.4160037563658983,36989.79000000004,1589.69609085258,"0.8254,-4.3227,-0.4859,2.6565,3.6436,3.5049,-1.8640,2.7889,0.0000,1.7187,4.3769,4.7321,2.8938,1.1644,0.6999"
2026-04-15,2026-04-13,15,"OLAELEC,COHANCE,HFCL,NIACL,ATHERENERG,OLECTRA,TATAINVEST,ABREL,ADANIENSOL,GROWW,THERMAX,HONAUT,NEULANDLAB,TATACHEM,ZYDUSWELL",161.20642110543875,50.733333333333334,15:29,EOD,-2.915595040862221,-0.5831190081724442,-13003.240000000224,1574.73520431088,"-2.5294,-2.3489,0.1365,-1.1203,-6.6331,-1.3786,-2.3379,1.0643,-2.1548,3.6267,4.7986,3.9898,1.2795,-1.3717,-2.2835"
2026-04-16,2026-04-15,15,"NIACL,GALLANTT,COHANCE,OLAELEC,RPOWER,TATAINVEST,JPPOWER,DEEPAKFERT,HFCL,RAILTEL,GROWW,HONAUT,OLECTRA,CRAFTSMAN,AAVAS",165.88355180894422,54.4,15:29,EOD,1.9667344582619386,0.39334689165238773,11419.600000000093,1585.9277086904,"0.1186,9.6973,0.0000,0.0000,-2.0374,-0.6653,2.6178,-1.6325,2.5872,-1.2695,-3.9623,4.0450,-1.6142,-0.5233,-0.1827"
2026-04-17,2026-04-16,15,"RPOWER,RAILTEL,GALLANTT,JPPOWER,DEEPAKFERT,HONAUT,EMMVEE,NIACL,HDBFS,SONATSOFTW,GROWW,THERMAX,HFCL,SCI,PTCIL",161.95576291205643,54.0,15:29,EOD,0.3242818350243581,0.06485636700487162,3204.8900000001304,1583.48082487834,"-1.0730,0.7508,-3.0337,-3.3719,2.1571,2.6807,1.1921,-1.8892,-1.5870,1.0832,-2.7463,0.0973,4.8087,4.6563,-1.7549"
2026-04-20,2026-04-17,15,"GMDCLTD,GALLANTT,SCI,JPPOWER,MMTC,COHANCE,ANGELONE,HONAUT,NAVA,NIACL,HFCL,ABDL,SONATSOFTW,RPOWER,IRCON",170.3042381595699,54.2,09:16,HARD_STOP,-4.274033830711037,-0.8548067661422074,-19787.930000000168,1582.23915355502,"0.0549,1.5833,2.5277,-2.1762,-1.4099,-1.8557,-0.1457,-1.2695,-0.6786,-0.4744,-0.8041,-0.2087,-2.6596,-2.2414,-2.1226"
2026-04-21,2026-04-20,15,"GMDCLTD,SCI,HONAUT,ENGINERSIN,MMTC,TRITURBINE,ADANIPOWER,BHEL,GALLANTT,NAVA,RADICO,JINDALSAW,ANGELONE,AEGISLOG,RPOWER",158.42853179636174,48.4,14:10,HARD_STOP,-3.303356242109744,-0.6606712484219488,-14935.46999999974,1581.3112105489802,"-0.4317,-0.8286,0.5865,0.4239,-1.2632,-2.4874,-0.3197,1.1162,-0.4140,-1.6554,-4.9988,-1.1953,1.4122,-1.2897,2.3214"
2026-04-22,2026-04-21,15,"TRITURBINE,FIVESTAR,OLAELEC,AEGISLOG,ZEEL,BLUEDART,ZENTEC,MAHABANK,NAM-INDIA,ZFCVINDIA,PNBHOUSING,GROWW,CPPLUS,BHEL,RADICO",143.11866819027767,47.266666666666666,15:29,EOD,-0.0326789874792627,-0.00653579749585254,1418.3199999993667,1581.7149373956802,"1.1504,-0.2395,2.0960,-1.8134,1.8519,-0.2192,0.5714,-1.1664,0.5403,-1.1309,1.1184,1.2476,-3.4214,0.5964,-0.4615"
2026-04-23,2026-04-22,15,"ELECON,FIVESTAR,INOXWIND,MAHABANK,ADANIENSOL,GROWW,ADANIPOWER,ARE&M,DEEPAKNTR,ZFCVINDIA,HFCL,APTUS,ABDL,TRENT,JPPOWER",135.59621100615422,43.0,10:35,HARD_STOP,-3.278200713575675,-0.655640142715135,-14813.090000000317,1577.9135678780603,"0.7921,-0.9899,-1.8846,-1.2414,0.2198,1.3413,-0.3426,-0.4516,-1.1153,-1.9120,-1.5400,0.4302,1.2228,-3.5360,-0.1000"
2026-04-24,2026-04-23,15,"ARE&M,OFSS,ONESOURCE,ELECON,DATAPATTNS,WELCORP,GODREJIND,MEESHO,ADANIENSOL,POWERINDIA,GALLANTT,ZFCVINDIA,PPLPHARMA,ZEEL,OLAELEC",143.94813843879484,43.733333333333334,09:16,HARD_STOP,-3.971447755084788,-0.7942895510169576,-18285.94999999972,1571.28877542422,"-0.2951,-0.4308,-1.3727,0.0098,-0.9214,-0.8264,-1.4171,-1.3807,-2.6545,0.1416,-1.3706,-0.5658,-0.4251,0.4066,0.0265"
2026-04-27,2026-04-24,15,"DATAPATTNS,ADANIENSOL,ONESOURCE,ARE&M,ADANIGREEN,HSCL,WELCORP,COCHINSHIP,PNBHOUSING,ELECON,HONAUT,RPOWER,JUBLINGREA,MEESHO,POWERINDIA",154.3263817493492,45.6,15:29,EOD,-2.0982120411439027,-0.4196424082287805,-8912.850000000093,1578.21020571942,"-3.4610,0.6737,2.0843,-0.9016,-0.7229,-1.1958,-0.8575,0.1014,-0.0095,-3.6595,1.5463,2.4356,0.6897,-1.6485,-0.4020"
2026-04-28,2026-04-27,15,"COHANCE,HSCL,ONESOURCE,HFCL,COCHINSHIP,OFSS,ELECON,ADANIENSOL,BLUEJET,TARIL,TORNTPOWER,DATAPATTNS,CPPLUS,ZFCVINDIA,GROWW",150.66312909411093,50.06666666666667,11:29,TRAIL,2.7180080597918987,0.5436016119583797,15177.430000000633,1587.3897010411397,"11.8236,-0.1401,-1.8628,-0.6903,1.0702,0.0160,-2.0909,-1.6772,-2.0472,-0.9302,-1.1838,3.0504,0.3326,2.2964,1.1966"
2026-04-29,2026-04-28,15,"COHANCE,FIVESTAR,HFCL,BLUEJET,INTELLECT,PIRAMALFIN,GALLANTT,ONESOURCE,RRKABEL,SIGNATURE,GMDCLTD,HSCL,RKFORGE,RADICO,ADANIENSOL",129.85404047941168,40.8,09:23,HARD_STOP,-3.385240367286287,-0.6770480734572575,-15344.880000000354,1581.3218364310796,"-2.5361,-2.7778,-1.0122,0.0000,-0.5191,1.2129,-0.4709,-2.3804,0.1176,0.1462,0.0696,0.8979,-1.3267,-0.6373,-0.0243"
2026-04-30,2026-04-29,15,"COHANCE,GRSE,EMMVEE,GMDCLTD,DEVYANI,CHENNPETRO,COCHINSHIP,ONESOURCE,SAPPHIRE,ABREL,JAINREC,HSCL,SCI,JPPOWER,GESHIP",134.84615899613848,39.53333333333333,09:20,HARD_STOP,-4.462428549053471,-0.8924857098106942,-20731.870000000577,1580.2727452667798,"-3.2468,-0.3971,0.0000,-0.4852,-2.9272,-0.7401,-1.0993,-0.3239,-2.3056,-1.4324,0.9667,0.1159,0.4951,-1.5392,0.4449"
2026-05-04,2026-04-30,15,"COHANCE,SAPPHIRE,HFCL,CEMPRO,DEVYANI,MEESHO,SYNGENE,GRSE,COCHINSHIP,ACUTAAS,HSCL,IIFL,CHENNPETRO,PIRAMALFIN,EMMVEE",150.20181361949983,45.53333333333333,10:13,HARD_STOP,-3.6422944265102966,-0.7284588853020593,-16629.459999999963,1582.01213255152,"-1.8583,-0.4058,-1.0135,-2.3043,0.0810,8.5534,0.2568,-5.0913,-2.8932,0.0532,-1.5586,-0.7954,-0.5482,-0.7931,-1.7302"
2026-05-05,2026-05-04,15,"CEMPRO,SAPPHIRE,OFSS,COHANCE,BANDHANBNK,MEESHO,HFCL,TATACHEM,NEULANDLAB,IDEA,BHEL,RRKABEL,ADANIENT,ACUTAAS,IKS",158.93430826855175,48.86666666666667,14:53,HARD_STOP,-3.617728370693196,-0.7235456741386392,-16508.939999999944,1579.70185346604,"-2.9227,-3.6423,-0.9160,-2.7573,0.0194,-5.4279,2.6984,1.2530,-0.8282,2.9468,-1.4609,1.5650,-0.0243,-1.5858,1.1284"
2026-05-06,2026-05-05,15,"MEESHO,CEMPRO,HFCL,NEULANDLAB,BHEL,RRKABEL,IDEA,TATACHEM,BLUEJET,AFCONS,BANDHANBNK,CREDITACC,CHENNPETRO,LALPATHLAB,SCI",157.15134352492421,46.13333333333333,15:29,EOD,3.2008438352207222,0.6401687670441445,17595.10999999987,1590.8908238962601,"-5.5850,2.6009,10.4732,4.4162,1.7460,0.1222,1.7117,1.3682,-0.9000,-3.7058,-0.0096,-0.5169,-1.5688,2.8609,-2.3447"
2026-05-07,2026-05-06,15,"WOCKPHARMA,CEMPRO,HFCL,IDEA,NEULANDLAB,CREDITACC,MEESHO,ELECON,PTCIL,RRKABEL,HONAUT,FSL,TEJASNET,BHEL,TRAVELFOOD",149.017477854445,50.266666666666666,15:29,EOD,6.210989000936229,1.2421978001872458,32637.399999999907,1582.4549953187598,"-3.7881,3.2962,2.1188,-1.4047,0.7104,0.6780,-3.3220,0.9813,-2.2036,6.7711,1.3362,-4.3933,13.6631,5.1751,0.0798"
2026-05-08,2026-05-07,15,"WOCKPHARMA,NEULANDLAB,HFCL,FSL,GODREJIND,TEJASNET,SUMICHEM,RRKABEL,MEESHO,PPLPHARMA,IDEA,CARTRADE,PTCIL,CREDITACC,CRAFTSMAN",155.37708519279735,51.0,15:29,EOD,2.4295543161613162,0.48591086323226323,13729.209999999963,1581.43841919338,"-1.6485,2.4702,-4.2808,15.6774,-2.9049,-4.3462,-1.8384,0.5740,0.8602,-2.2125,0.5372,1.2304,0.1490,0.3495,3.8406"
2026-05-11,2026-05-08,15,"NUVAMA,FORCEMOT,POWERINDIA,YESBANK,COFORGE,IDEA,BOSCHLTD,BAJAJHLDNG,NBCC,POLYCAB,OFSS,AMBER,GODFRYPHLP,CROMPTON,BHEL",128.81714144360072,44.8,09:41,HARD_STOP,-3.3167883573593793,-0.6633576714718759,-15026.799999999814,1557.1417867970802,"-1.4084,-0.4209,-1.2190,-0.1327,0.2108,1.6904,-1.6965,-1.5425,-1.8727,0.7885,-1.7509,-1.6057,-0.9197,0.0345,0.2250"
2026-05-12,2026-05-11,15,"IDEA,POLYCAB,NUVAMA,MCX,OFSS,LAURUSLABS,TATACONSUM,MANKIND,FORCEMOT,COFORGE,BAJAJHLDNG,SRF,ALKEM,YESBANK,RADICO",134.73154328402856,44.0,09:25,HARD_STOP,-3.6197952861189995,-0.7239590572237999,-16521.310000000056,1577.66643059494,"-1.2458,0.0329,-1.2889,0.7812,-0.2554,-0.6677,0.2993,-1.2348,-1.1942,-2.8615,-0.3362,-0.2047,-0.9780,-0.9263,0.1004"
2026-05-13,2026-05-12,15,"IDEA,BIOCON,COFORGE,LAURUSLABS,OIL,ONGC,FORCEMOT,POLYCAB,NUVAMA,MCX,SOLARINDS,VEDL,PIDILITIND,MANKIND,HINDZINC",138.2550967963665,39.666666666666664,15:29,EOD,4.203039519733162,0.8406079039466323,22600.64000000013,1585.4424013343198,"4.7619,3.2502,-1.9304,0.4706,2.3407,0.1178,0.3509,-1.0121,-1.0447,-1.5082,1.2862,3.8307,-0.0069,1.6511,1.0909"
2026-05-14,2026-05-13,15,"IDEA,SAIL,MCX,NUVAMA,BIOCON,VEDL,LAURUSLABS,POWERINDIA,OIL,BAJAJHLDNG,TATACONSUM,HINDZINC,OFSS,GODFRYPHLP,COFORGE",127.14474567509534,43.93333333333333,09:43,HARD_STOP,-3.3031602291622324,-0.6606320458324465,-14939.229999999981,1576.5711458111798,"-1.0062,1.4975,1.1307,-3.0110,0.2395,1.7173,0.1161,-1.4174,-0.7233,-0.9132,-0.1209,0.0000,-2.0381,-0.7500,-3.8594"
2026-05-15,2026-05-14,15,"SAIL,IDEA,FORCEMOT,KAYNES,VEDL,OIL,ADANIENT,NUVAMA,AMBER,MCX,CIPLA,BIOCON,SOLARINDS,OFSS,PERSISTENT",131.26935625643927,47.6,09:18,HARD_STOP,-3.6731902925471696,-0.7346380585094339,-16795.649999999907,1570.3014627359403,"-1.0251,-0.7692,-0.0940,-0.7788,-3.6589,-0.6966,-3.5921,-0.3872,-0.6334,-0.1069,0.1183,0.2392,-0.9618,1.1062,1.0641"
2026-05-18,2026-05-15,15,"ADANIENT,IDEA,ADANIGREEN,SOLARINDS,VEDL,SAIL,FORCEMOT,CROMPTON,POWERINDIA,ADANIPOWER,MCX,BOSCHLTD,BHEL,CIPLA,ZYDUSLIFE",139.32165799812827,47.53333333333333,09:46,HARD_STOP,-3.6741816662554707,-0.7348363332510941,-16801.080000000075,1569.8283312772799,"-0.5185,0.3140,-1.9056,-0.7196,0.9571,-0.6458,-2.8559,-1.2718,0.7716,0.1312,-0.3375,-1.0865,-1.5293,-0.3797,-1.2426"
2026-05-19,2026-05-18,15,"SOLARINDS,PAGEIND,OFSS,FORCEMOT,IDEA,KAYNES,AMBER,SAIL,SHREECEM,GODFRYPHLP,COFORGE,POLICYBZR,ADANIENT,BSE,OIL",129.1544762061454,47.4,15:29,EOD,3.8320188648242803,0.7664037729648561,20732.5,1572.4056758786,"0.0000,3.1134,2.2187,-2.1883,3.6210,-1.5016,-0.6007,3.1250,-0.3272,0.1760,3.4359,1.7738,-0.8045,1.0468,-0.4365"
2026-05-20,2026-05-19,15,"SOLARINDS,OFSS,PAGEIND,IDEA,COFORGE,POLICYBZR,PERSISTENT,FORCEMOT,ANGELONE,POWERINDIA,SAIL,ADANIENT,VEDL,SUPREMEIND,ASTRAL",136.9143600732838,47.93333333333333,15:29,EOD,5.799295168758261,1.1598590337516521,30580.25,1583.7741562087,"1.3793,0.9855,-0.6991,0.9673,-0.9213,3.5569,1.0297,0.8734,-0.4289,8.1818,1.1675,-0.3499,0.4360,1.4577,0.8937"
2026-05-21,2026-05-20,15,"POWERINDIA,COFORGE,PAGEIND,ZYDUSLIFE,SOLARINDS,BOSCHLTD,OFSS,IDEA,LTM,POLICYBZR,SHREECEM,ANGELONE,GVT&D,FORCEMOT,PERSISTENT",138.84331792775467,50.46666666666667,15:29,EOD,-2.982792787928864,-0.5965585575857728,-13365.69999999972,1548.2639396445998,"1.4452,-1.9218,-0.3381,-1.6319,0.6502,-5.5391,-0.8055,-0.9524,-1.1465,-0.7596,0.3264,3.5235,0.8633,-0.9034,-1.3788"
2026-05-22,2026-05-21,15,"POWERINDIA,GVT&D,MOTHERSON,BOSCHLTD,PAGEIND,IDEA,OFSS,SOLARINDS,BAJAJHLDNG,TIINDIA,ANGELONE,SAMMAANCAP,FORCEMOT,GRASIM,COFORGE",137.50533250014172,50.4,09:43,HARD_STOP,-3.554791756288009,-0.7109583512576018,-16215.689999999944,1558.2687814401,"-1.4213,0.4532,0.1529,-1.2703,-1.7377,0.3671,-1.9550,0.0543,-0.0481,-1.1490,-1.1990,-0.9869,-0.7754,-0.9597,0.2250"
2026-05-25,2026-05-22,15,"POWERINDIA,SAMMAANCAP,PAGEIND,DIXON,OFSS,FORCEMOT,AMBER,LTM,GVT&D,LICI,SOLARINDS,IDEA,ALKEM,SUPREMEIND,ANGELONE",139.29426213914334,53.4,15:29,EOD,0.5977991120074002,0.11955982240148004,4558.729999999981,1569.73443996298,"-0.7083,3.0012,-2.2661,-0.4304,2.0986,-0.0496,0.4032,0.0500,-3.0685,0.8698,0.4462,0.6442,-1.5497,1.3940,1.6813"
2026-05-26,2026-05-25,15,"DIXON,FORCEMOT,SAMMAANCAP,POWERINDIA,PAGEIND,SOLARINDS,IDEA,HINDPETRO,GVT&D,KAYNES,OFSS,ADANIENT,ALKEM,ASHOKLEY,ANGELONE",132.54550868634908,46.333333333333336,15:29,EOD,-0.5186659964958571,-0.10373319929917142,-1024.9199999999255,1568.4099824793602,"-0.9747,-1.8947,0.5988,0.6921,-0.5829,0.6693,0.0000,-1.1657,0.8568,-2.2222,1.9719,4.4624,-0.2775,-2.1183,-0.5764"
2026-05-27,2026-05-26,15,"ADANIPOWER,POWERINDIA,SAMMAANCAP,ADANIENT,ADANIENSOL,FORCEMOT,IDEA,TMPV,ASTRAL,ADANIGREEN,EICHERMOT,LICI,JSWENERGY,SHREECEM,VEDL",128.91980182981573,43.4,15:29,EOD,6.92275025894694,1.384550051789388,36194.25,1580.4987052653,"0.8683,3.2717,3.0024,-0.3085,4.1077,0.3429,0.0000,4.4712,1.5273,1.2364,0.6915,-2.9006,3.9347,-0.0985,2.0438"
2026-05-29,2026-05-27,15,"SAMMAANCAP,ADANIENSOL,TMPV,ADANIENT,JSWENERGY,CUMMINSIND,ADANIPOWER,BAJAJHLDNG,POWERINDIA,OFSS,EXIDEIND,CGPOWER,ANGELONE,ADANIGREEN,BSE",129.4538485926228,40.6,09:57,HARD_STOP,-3.5136711892008963,-0.7027342378401793,-15995.03000000026,1573.32594600422,"1.5000,-1.8689,0.1372,-1.5764,0.9818,-1.6230,-1.4348,-0.4730,-2.1192,0.9134,-1.3258,-1.3420,0.1034,-0.4467,-1.2941"
2026-06-01,2026-05-29,15,"POWERINDIA,GVT&D,ABB,CUMMINSIND,ADANIENSOL,MOTHERSON,SAMMAANCAP,AMBER,EXIDEIND,KEI,JSWENERGY,NUVAMA,BANDHANBNK,ADANIPOWER,BOSCHLTD",140.39176623396537,43.93333333333333,09:24,HARD_STOP,-3.4307032309249847,-0.6861406461849969,-15588.919999999925,1564.596154625,"-0.6460,-1.8824,-0.9306,-2.8012,-0.8148,-1.0136,-0.3483,0.1966,-0.4098,0.8696,-0.8850,0.3572,0.0286,-1.3061,0.0404"
2026-06-02,2026-06-01,15,"PERSISTENT,NBCC,COFORGE,TECHM,SAMMAANCAP,POWERINDIA,CUMMINSIND,OFSS,BOSCHLTD,EXIDEIND,AMBER,LTM,NUVAMA,MPHASIS,NATIONALUM",167.50710268729327,43.06666666666667,15:29,EOD,5.178186974203638,1.0356373948407276,27465.569999999367,1574.6351289811798,"0.6341,-0.4685,2.2959,0.4607,1.1211,-3.0441,1.0062,0.7289,1.4637,4.4837,-0.6052,3.2326,2.2257,3.0906,-0.2523"
2026-06-03,2026-06-02,15,"COFORGE,POWERINDIA,BOSCHLTD,NBCC,FORCEMOT,LTM,EXIDEIND,AMBER,PERSISTENT,KPITTECH,NMDC,TECHM,SAMMAANCAP,BAJAJHLDNG,INFY",139.65566915170555,49.46666666666667,09:16,HARD_STOP,-3.4958951503030926,-0.6991790300606185,-15920.209999999963,1559.2657515155001,"-1.6980,-0.5658,-0.5911,-0.8161,-0.1010,-2.1059,-0.5897,-0.1847,-1.5706,-1.1801,-0.1769,-0.2453,-0.1286,0.0490,0.0823"
2026-06-04,2026-06-03,15,"BOSCHLTD,IDEA,NMDC,PERSISTENT,EXIDEIND,ABB,FORCEMOT,NBCC,SAMMAANCAP,COFORGE,OFSS,NUVAMA,GVT&D,AMBER,LTM",133.73197967695762,49.2,15:29,EOD,5.11926929847742,1.023853859695484,27178.02000000002,1581.6735076129198,"-2.1189,0.6711,-1.1690,1.4455,1.3623,-0.4449,6.2089,1.2854,3.2820,1.5745,1.9747,0.4484,-0.8570,1.7403,1.1875"
2026-06-05,2026-06-04,15,"IDEA,GVT&D,PAGEIND,SUPREMEIND,SAMMAANCAP,BOSCHLTD,GMRAIRPORT,POWERINDIA,CGPOWER,BAJAJHLDNG,NUVAMA,SOLARINDS,SAIL,PATANJALI,TIINDIA",130.77682805644545,51.6,10:40,HARD_STOP,-3.3700847028962415,-0.6740169405792483,-15287.879999999888,1562.54351448132,"-0.6631,-0.6693,-1.2967,-0.9114,1.1649,-1.7551,-0.6409,-0.4737,-1.6704,0.6183,-1.0696,0.7563,-1.3722,-2.3765,0.8517"
2026-06-08,2026-06-05,15,"FORCEMOT,SAMMAANCAP,IDEA,POWERINDIA,KALYANKJIL,ADANIENSOL,PERSISTENT,ADANIGREEN,AMBER,BOSCHLTD,NMDC,PAGEIND,ADANIENT,NBCC,VEDL",127.82626692450967,44.86666666666667,14:25,HARD_STOP,-3.3871349132236612,-0.6774269826447322,-15375.500000000466,1560.1745661178397,"-3.3057,-1.7901,-1.0121,-2.2928,-2.1157,1.8026,2.2086,0.2799,-0.5566,0.2033,-0.8448,0.7574,-0.8550,-0.5050,-1.4791"
2026-06-09,2026-06-08,15,"PAGEIND,FORTIS,ADANIENSOL,ALKEM,MAXHEALTH,POWERINDIA,PREMIERENE,FORCEMOT,IDEA,FEDERALBNK,AMBER,MPHASIS,ADANIGREEN,TECHM,ABB",149.98097068431895,46.2,09:45,HARD_STOP,-3.355330188121401,-0.6710660376242802,-15215.649999999907,1561.0009406071001,"0.3905,-0.2915,-1.2020,-0.1110,-1.3146,-2.6705,-0.0728,-0.5798,-0.6757,0.8314,-0.7648,-0.1790,-0.5794,-1.9980,-0.3929"
2026-06-10,2026-06-09,15,"ADANIENSOL,ADANIGREEN,IDEA,ALKEM,BOSCHLTD,POWERINDIA,MAXHEALTH,OFSS,FEDERALBNK,BANKBARODA,FORCEMOT,BANKINDIA,INDIANB,PIIND,FORTIS",123.99659746407784,44.266666666666666,09:21,HARD_STOP,-3.3528982690302667,-0.6705796538060533,-15199.330000000075,1565.16134515126,"-2.4494,-1.7980,-2.1831,0.2614,0.1323,-2.0519,0.5035,0.0052,-0.4602,-0.0366,-0.9157,-0.1425,-0.5077,0.0977,0.0453"
2026-06-11,2026-06-10,15,"AXISBANK,SHREECEM,ICICIBANK,POWERINDIA,BHARATFORG,SOLARINDS,BOSCHLTD,ADANIGREEN,GODREJCP,MAXHEALTH,FORCEMOT,COLPAL,ADANIENSOL,HINDUNILVR,PIDILITIND",131.25821063749868,38.0,14:25,HARD_STOP,-3.3053076869970415,-0.6610615373994083,-14956.649999999907,1569.8884349853001,"1.0238,0.1267,2.6040,-0.2703,0.3287,-3.0113,-0.3307,-1.6527,-1.9553,0.9201,-0.9188,-1.0878,-3.8554,-0.8641,-0.2789"
2026-06-12,2026-06-11,15,"BOSCHLTD,ICICIBANK,KOTAKBANK,FORCEMOT,SOLARINDS,RBLBANK,AMBER,TORNTPHARM,PIIND,AXISBANK,SAMMAANCAP,SHREECEM,NESTLEIND,OFSS,POWERINDIA",125.95322440371703,47.53333333333333,15:29,EOD,2.8750836107561604,0.5750167221512321,15941.729999999981,1566.3119462191798,"1.9833,0.7519,1.5713,2.6149,-1.3618,1.0744,0.2082,-0.9417,1.1226,1.5766,2.1754,1.6187,-3.8292,0.1604,1.3274"
2026-06-15,2026-06-12,15,"BOSCHLTD,IDEA,IDFCFIRSTB,ASHOKLEY,FORCEMOT,SHREECEM,CHOLAFIN,INDIGO,AUBANK,ICICIBANK,ALKEM,AXISBANK,RBLBANK,DIVISLAB,SOLARINDS",115.35503828990763,42.0,15:29,EOD,-0.8744422835175227,-0.17488845670350456,-2799.8300000000745,1572.3814175875398,"-0.9518,-2.7379,0.3846,-0.7862,0.2826,0.6079,2.7950,1.3693,-0.2947,-1.9637,0.3571,-0.5029,0.8919,-0.5413,-0.5677"
2026-06-16,2026-06-15,15,"FORCEMOT,MOTILALOFS,LTF,SHRIRAMFIN,IDEA,ASHOKLEY,PRESTIGE,CHOLAFIN,KALYANKJIL,POWERINDIA,NUVAMA,GVT&D,INOXWIND,DLF,BOSCHLTD",125.17605044859448,39.06666666666667,11:05,HARD_STOP,-3.482176278246458,-0.6964352556492915,-15847.910000000149,1562.97139123214,"-0.7493,-1.8336,-0.4917,-0.3457,-1.6689,-0.9938,0.3383,0.9879,-2.4935,-0.2299,-1.9636,-0.7955,-0.0110,0.6715,-0.0891"
2026-06-17,2026-06-16,15,"PGEL,MOTILALOFS,SOLARINDS,PRESTIGE,ASHOKLEY,FORCEMOT,KALYANKJIL,INOXWIND,CHOLAFIN,LTF,IDEA,DLF,HYUNDAI,KEI,SHREECEM",132.56796993315004,46.86666666666667,15:29,EOD,3.7883836043703067,0.7576767208740613,20517.069999999832,1575.1519781483,"3.3273,-0.3750,4.1304,0.4636,-0.2564,0.7449,0.8443,-1.0013,0.0595,0.0000,2.4055,-1.4691,-0.0505,3.8858,0.1603"
2026-06-18,2026-06-17,15,"PGEL,DIXON,SUZLON,NUVAMA,YESBANK,MOTILALOFS,SAMMAANCAP,POWERINDIA,FORCEMOT,TRENT,KALYANKJIL,NBCC,KFINTECH,PRESTIGE,BANDHANBNK",124.78714095798873,40.46666666666667,15:29,EOD,-1.154408020716737,-0.2308816041433474,-4203.9199999999255,1568.1201035837598,"1.4440,-1.5474,-1.4353,-1.0632,0.9509,0.3659,-1.7438,1.1018,-1.0106,1.7792,-0.0653,-2.9568,0.1987,1.2039,0.2058"
2026-06-19,2026-06-18,15,"PGEL,YESBANK,NYKAA,GVT&D,TRENT,POWERINDIA,KAYNES,FORCEMOT,NBCC,LTF,PAGEIND,CDSL,BOSCHLTD,NUVAMA,BDL",133.0607548125776,46.666666666666664,15:29,EOD,5.302611644238109,1.0605223288476218,28088.369999999646,1575.3117788091001,"-0.7255,-0.0393,1.0695,4.8857,0.6757,1.6015,-3.4564,0.4508,1.7304,1.5404,0.0000,1.3241,0.6625,2.7844,4.7888"
2026-06-22,2026-06-19,15,"GVT&D,BDL,KAYNES,PGEL,CDSL,SOLARINDS,POWERINDIA,YESBANK,AMBER,NYKAA,KEI,TRENT,BHEL,FORCEMOT,LICI",126.56297276166718,40.4,09:49,HARD_STOP,-3.247562396313924,-0.6495124792627849,-14672.44999999972,1565.3619815699003,"-1.9066,-0.3900,-0.0335,0.6117,0.6536,-0.9316,-1.0244,-1.1373,-1.6398,0.4139,-0.4699,-0.1900,-1.1143,-0.7078,-1.2217"
2026-06-23,2026-06-22,15,"GVT&D,SOLARINDS,FORCEMOT,BDL,POWERINDIA,PAGEIND,PGEL,CDSL,LICI,NYKAA,BAJAJHLDNG,SHREECEM,KFINTECH,MAXHEALTH,MANKIND",133.52957812081465,47.93333333333333,11:58,HARD_STOP,-3.3669906129547034,-0.6733981225909407,-15274.549999999814,1560.4030647737,"0.0181,-1.3460,-2.1756,-0.3112,-0.4071,-0.0756,-0.7652,-1.4142,-0.0903,-0.0657,-1.6117,-0.2797,-1.4420,0.7212,-0.2745"
