pattern_id,agent_id,family,target,regime,status,winner_fires_dec,all_fires_dec,selected_n_dec,winner_n_dec,manual_precision_dec,winner_precision_dec,rank_quality_dec,weight,rule,parsed_conditions,fire_col
8200,FALCPAT_8200,other,hit_10pc_20d,other,PROMOTED,63,2438,107,63,0.043888433141919606,0.025840853158326498,0.5046728971962616,11.570063403409137,volatility (20d ATR%) >= 2.975 AND distance from 120-day high >= -26.1604 AND 60d relative strength vs sector >= -21.3101 AND close position in weekly range >= 0.4434,atr_20_pct>=2.975 AND dist_high_120>=-26.1604 AND rs_sector_60d>=-21.3101 AND weekly_close_loc>=0.4434,pat_8200
9459,FALCPAT_9459,fresh_breakout,hit_10pc_20d,breakout,PROMOTED,63,3297,109,63,0.03306035790112223,0.01910828025477707,0.5100917431192661,6.513977871662132,volatility (20d ATR%) >= 2.5731 AND distance from year-high >= -52.5716 AND close position in weekly range >= 0.4709 AND weekly range % <= 12.3243,atr_20_pct>=2.5731 AND dist_high_252>=-52.5716 AND weekly_close_loc>=0.4709 AND weekly_range_pct<=12.3243,pat_9459
7121,FALCPAT_7121,other,hit_15pc_20d,other,PROMOTED,51,2411,88,51,0.036499377851513894,0.021153048527581916,0.5378787878787878,7.975699526664224,volatility (20d ATR%) >= 2.4454 AND distance from 20-day high <= -2.0303 AND close position in weekly range >= 0.1664 AND weekly range % >= 5.0236,atr_20_pct>=2.4454 AND dist_high_20<=-2.0303 AND weekly_close_loc>=0.1664 AND weekly_range_pct>=5.0236,pat_7121
7444,FALCPAT_7444,dryup,hit_25pc_30d,other,PROMOTED,49,1868,89,49,0.04764453961456103,0.026231263383297645,0.5790262172284645,13.760179267215841,volatility (20d ATR%) >= 3.2758 AND days with sub-75% volume in last 20 <= 11.5 AND 60d relative strength vs market <= 39.7537 AND close position in weekly range >= 0.3227,atr_20_pct>=3.2758 AND n_sub_75v_20d<=11.5 AND rs_market_60d<=39.7537 AND weekly_close_loc>=0.3227,pat_7444
7251,FALCPAT_7251,other,hit_10pc_20d,other,PROMOTED,44,3805,70,44,0.018396846254927726,0.011563731931668857,0.5666666666666667,2.230517086005823,volatility (20d ATR%) >= 2.1521 AND distance from 50-DMA <= 4.8521 AND 60d relative strength vs sector <= 13.7136 AND close position in weekly range >= 0.2647,atr_20_pct>=2.1521 AND dist_sma_50<=4.8521 AND rs_sector_60d<=13.7136 AND weekly_close_loc>=0.2647,pat_7251
7559,FALCPAT_7559,fresh_breakout,hit_15pc_20d,breakout,PROMOTED,43,1222,78,43,0.06382978723404255,0.03518821603927987,0.4897435897435898,20.23272688276851,volatility (20d ATR%) >= 3.4166 AND close position in weekly range >= 0.6636,atr_20_pct>=3.4166 AND weekly_close_loc>=0.6636,pat_7559
7383,FALCPAT_7383,other,hit_15pc_20d,other,PROMOTED,41,1073,77,41,0.0717614165890028,0.03821062441752097,0.5428571428571428,27.042928859887223,volatility (20d ATR%) >= 2.4628 AND 20-day return <= 30.2011 AND close position in weekly range >= 0.267 AND weekly range % >= 7.5957,atr_20_pct>=2.4628 AND roc_20<=30.2011 AND weekly_close_loc>=0.267 AND weekly_range_pct>=7.5957,pat_7383
8767,FALCPAT_8767,fresh_breakout,hit_10pc_20d,other,PROMOTED,41,2311,75,41,0.032453483340545215,0.017741237559498052,0.5582222222222222,5.839092854733796,volatility (20d ATR%) >= 3.6888 AND distance from 20-day high >= -19.8967 AND distance from year-high >= -45.8202 AND 60d relative strength vs market <= 39.5596,atr_20_pct>=3.6888 AND dist_high_20>=-19.8967 AND dist_high_252>=-45.8202 AND rs_market_60d<=39.5596,pat_8767
8315,FALCPAT_8315,other,hit_15pc_20d,other,PROMOTED,40,1564,73,40,0.046675191815856776,0.02557544757033248,0.5789954337899543,12.47580189224447,volatility (20d ATR%) >= 3.1996 AND distance from 200-DMA <= 19.1227 AND close position in weekly range >= 0.4185,atr_20_pct>=3.1996 AND dist_sma_200<=19.1227 AND weekly_close_loc>=0.4185,pat_8315
7246,FALCPAT_7246,other,hit_25pc_30d,other,PROMOTED,40,1467,70,40,0.047716428084526245,0.027266530334014997,0.5304761904761904,12.45798136401457,volatility (20d ATR%) >= 3.6162 AND close position in weekly range >= 0.2192 AND weekly range % >= 5.0288,atr_20_pct>=3.6162 AND weekly_close_loc>=0.2192 AND weekly_range_pct>=5.0288,pat_7246
8246,FALCPAT_8246,fresh_breakout,hit_25pc_30d,breakout,PROMOTED,39,1327,67,39,0.050489826676714394,0.0293896006028636,0.48358208955223875,12.866320211606405,volatility (20d ATR%) >= 3.475 AND distance from year-high >= -41.2081 AND close position in weekly range >= 0.5303 AND weekly range % <= 11.9613,atr_20_pct>=3.475 AND dist_high_252>=-41.2081 AND weekly_close_loc>=0.5303 AND weekly_range_pct<=11.9613,pat_8246
9366,FALCPAT_9366,other,hit_15pc_20d,other,PROMOTED,38,753,67,38,0.08897742363877822,0.05046480743691899,0.5293532338308459,42.326235298155744,volatility (20d ATR%) <= 4.3375 AND close position in weekly range >= 0.0701 AND weekly range % >= 8.43,atr_20_pct<=4.3375 AND weekly_close_loc>=0.0701 AND weekly_range_pct>=8.43,pat_9366
9149,FALCPAT_9149,dryup,hit_10pc_20d,other,PROMOTED,38,2060,64,38,0.031067961165048542,0.018446601941747572,0.525,5.357769896253624,volatility (20d ATR%) <= 4.4687 AND volatility (20d ATR%) >= 3.33 AND days with sub-75% volume in last 20 <= 11.5 AND 20d relative strength vs market >= -10.4124,atr_20_pct<=4.4687 AND atr_20_pct>=3.33 AND n_sub_75v_20d<=11.5 AND rs_market_20d>=-10.4124,pat_9149
7075,FALCPAT_7075,other,hit_25pc_30d,other,PROMOTED,37,853,68,37,0.07971864009378664,0.04337631887456037,0.5480392156862746,33.50654282962598,volatility (20d ATR%) >= 2.1013 AND distance from 200-DMA <= 34.864 AND close position in weekly range >= 0.1023 AND weekly range % >= 8.3165,atr_20_pct>=2.1013 AND dist_sma_200<=34.864 AND weekly_close_loc>=0.1023 AND weekly_range_pct>=8.3165,pat_7075
8162,FALCPAT_8162,dryup,hit_10pc_20d,other,PROMOTED,36,1555,66,36,0.04244372990353698,0.02315112540192926,0.6222222222222221,10.731017511121921,volatility (20d ATR%) >= 3.08 AND days with sub-75% volume in last 20 <= 12.5 AND 60-day return <= 9.1506 AND close position in weekly range >= 0.4086,atr_20_pct>=3.08 AND n_sub_75v_20d<=12.5 AND roc_60<=9.1506 AND weekly_close_loc>=0.4086,pat_8162
8337,FALCPAT_8337,fresh_breakout,hit_10pc_20d,breakout,PROMOTED,35,835,60,35,0.0718562874251497,0.041916167664670656,0.5188888888888888,27.222157328409036,distance from 60-day high >= -24.0447 AND distance from 200-DMA >= 6.4162 AND close position in weekly range >= 0.5083 AND weekly range % >= 5.9699,dist_high_60>=-24.0447 AND dist_sma_200>=6.4162 AND weekly_close_loc>=0.5083 AND weekly_range_pct>=5.9699,pat_8337
8629,FALCPAT_8629,dryup,hit_25pc_30d,other,PROMOTED,35,1771,60,35,0.03387916431394692,0.019762845849802372,0.58,6.764130699767137,volatility (20d ATR%) >= 3.712 AND distance from 200-DMA <= 30.3542 AND days with sub-75% volume in last 20 <= 14.5 AND 60d relative strength vs sector <= 25.6836,atr_20_pct>=3.712 AND dist_sma_200<=30.3542 AND n_sub_75v_20d<=14.5 AND rs_sector_60d<=25.6836,pat_8629
9044,FALCPAT_9044,momentum,hit_10pc_20d,momentum,PROBATION,34,774,56,34,0.07235142118863049,0.04392764857881137,0.5047619047619047,27.72335828608574,volatility (20d ATR%) <= 4.0628 AND 5-day return >= 2.8185 AND close position in weekly range >= 0.4183 AND weekly range % >= 6.2674,atr_20_pct<=4.0628 AND roc_5>=2.8185 AND weekly_close_loc>=0.4183 AND weekly_range_pct>=6.2674,pat_9044
8100,FALCPAT_8100,fresh_breakout,hit_10pc_20d,breakout,PROMOTED,34,955,51,34,0.05340314136125655,0.0356020942408377,0.4483660130718954,14.731578329707222,volatility (20d ATR%) >= 3.1155 AND distance from 200-DMA >= 10.5707 AND close position in weekly range >= 0.53 AND weekly range % <= 10.472,atr_20_pct>=3.1155 AND dist_sma_200>=10.5707 AND weekly_close_loc>=0.53 AND weekly_range_pct<=10.472,pat_8100
9260,FALCPAT_9260,other,hit_10pc_20d,other,PROMOTED,34,1411,54,34,0.03827072997873848,0.024096385542168676,0.48888888888888893,7.7911768220464905,volatility (20d ATR%) <= 4.4771 AND volatility (20d ATR%) >= 3.6046 AND distance from 200-DMA <= 27.3836 AND close position in weekly range >= 0.1095,atr_20_pct<=4.4771 AND atr_20_pct>=3.6046 AND dist_sma_200<=27.3836 AND weekly_close_loc>=0.1095,pat_9260
8069,FALCPAT_8069,fresh_breakout,hit_10pc_20d,breakout,PROMOTED,33,657,59,33,0.0898021308980213,0.0502283105022831,0.5491525423728815,42.45677897512303,5-day return >= 0.3379 AND close position in weekly range >= 0.4857 AND weekly range % <= 13.8814 AND weekly range % >= 7.862,roc_5>=0.3379 AND weekly_close_loc>=0.4857 AND weekly_range_pct<=13.8814 AND weekly_range_pct>=7.862,pat_8069
6697,FALCPAT_6697,fresh_breakout,hit_10pc_20d,breakout,PROMOTED,33,756,58,33,0.07671957671957672,0.04365079365079365,0.5126436781609196,29.42610501078382,volatility (20d ATR%) >= 3.1901 AND close position in weekly range >= 0.7359 AND weekly range % >= 5.1546,atr_20_pct>=3.1901 AND weekly_close_loc>=0.7359 AND weekly_range_pct>=5.1546,pat_6697
8643,FALCPAT_8643,fresh_breakout,hit_15pc_20d,breakout,PROMOTED,33,1068,55,33,0.05149812734082397,0.03089887640449438,0.4521212121212121,12.33127091458924,volatility (20d ATR%) <= 4.9327 AND volatility (20d ATR%) >= 3.4331 AND close position in weekly range >= 0.6079 AND weekly range % <= 11.7238,atr_20_pct<=4.9327 AND atr_20_pct>=3.4331 AND weekly_close_loc>=0.6079 AND weekly_range_pct<=11.7238,pat_8643
7055,FALCPAT_7055,other,hit_15pc_20d,other,PROMOTED,32,744,58,32,0.07795698924731183,0.043010752688172046,0.6034482758620691,34.387352779435844,volatility (20d ATR%) >= 2.1406 AND 60d relative strength vs sector <= 10.0563 AND close position in weekly range >= 0.0938 AND weekly range % >= 8.0101,atr_20_pct>=2.1406 AND rs_sector_60d<=10.0563 AND weekly_close_loc>=0.0938 AND weekly_range_pct>=8.0101,pat_7055
7554,FALCPAT_7554,fresh_breakout,hit_10pc_20d,breakout,PROMOTED,32,731,61,32,0.08344733242134063,0.04377564979480164,0.5409836065573771,33.5858045867808,volatility (20d ATR%) >= 2.3477 AND 20-day return >= 3.5439 AND close position in weekly range >= 0.4998 AND weekly range % >= 6.9997,atr_20_pct>=2.3477 AND roc_20>=3.5439 AND weekly_close_loc>=0.4998 AND weekly_range_pct>=6.9997,pat_7554
8321,FALCPAT_8321,other,hit_10pc_20d,other,PROMOTED,32,1541,51,32,0.03309539260220636,0.020765736534717714,0.5895424836601307,6.885834435274724,volatility (20d ATR%) >= 3.1306 AND 60d relative strength vs sector >= -21.4644 AND close position in weekly range <= 0.7007 AND close position in weekly range >= 0.3546,atr_20_pct>=3.1306 AND rs_sector_60d>=-21.4644 AND weekly_close_loc<=0.7007 AND weekly_close_loc>=0.3546,pat_8321
6677,FALCPAT_6677,fresh_breakout,hit_15pc_20d,breakout,PROMOTED,31,549,58,31,0.10564663023679417,0.056466302367941715,0.5218390804597701,52.44078508598044,volatility (20d ATR%) >= 2.673 AND 60-day return >= -15.4153 AND close position in weekly range >= 0.712 AND weekly range % >= 7.2486,atr_20_pct>=2.673 AND roc_60>=-15.4153 AND weekly_close_loc>=0.712 AND weekly_range_pct>=7.2486,pat_6677
9060,FALCPAT_9060,other,hit_15pc_20d,other,PROMOTED,31,1167,57,31,0.04884318766066838,0.026563838903170524,0.6058479532163742,13.24177086338643,volatility (20d ATR%) <= 5.9082 AND volatility (20d ATR%) >= 4.0877 AND close position in weekly range >= 0.2085,atr_20_pct<=5.9082 AND atr_20_pct>=4.0877 AND weekly_close_loc>=0.2085,pat_9060
6270,FALCPAT_6270,other,hit_10pc_20d,other,PROMOTED,31,1120,53,31,0.04732142857142857,0.027678571428571427,0.5094339622641509,11.24027660802843,distance from 120-day high >= -15.8326 AND 20d relative strength vs market >= -5.4021 AND close position in weekly range >= 0.364 AND weekly range % >= 5.571,dist_high_120>=-15.8326 AND rs_market_20d>=-5.4021 AND weekly_close_loc>=0.364 AND weekly_range_pct>=5.571,pat_6270
8903,FALCPAT_8903,fresh_breakout,hit_10pc_20d,breakout,PROBATION,31,1618,51,31,0.0315203955500618,0.019159456118665017,0.47973856209150323,4.880530718327246,close position in weekly range >= 0.8051,weekly_close_loc>=0.8051,pat_8903
8737,FALCPAT_8737,continuation,hit_10pc_20d,other,PROMOTED,30,482,59,30,0.12240663900414937,0.06224066390041494,0.5909604519774011,75.14989902265627,volatility (20d ATR%) >= 2.9337 AND 60-day return >= -20.5526 AND close position in weekly range >= 0.174 AND weekly range % >= 9.8757,atr_20_pct>=2.9337 AND roc_60>=-20.5526 AND weekly_close_loc>=0.174 AND weekly_range_pct>=9.8757,pat_8737
7695,FALCPAT_7695,fresh_breakout,hit_10pc_20d,breakout,PROMOTED,30,502,63,30,0.1254980079681275,0.05976095617529881,0.5238095238095238,65.57201863413242,volatility (20d ATR%) >= 2.5871 AND close position in weekly range >= 0.6838 AND weekly range % >= 8.5178,atr_20_pct>=2.5871 AND weekly_close_loc>=0.6838 AND weekly_range_pct>=8.5178,pat_7695
9058,FALCPAT_9058,fresh_breakout,hit_15pc_20d,breakout,PROMOTED,30,874,54,30,0.06178489702517163,0.034324942791762014,0.5123456790123456,18.136188475215796,volatility (20d ATR%) <= 4.0877 AND volatility (20d ATR%) >= 3.1626 AND close position in weekly range >= 0.5534 AND weekly range % >= 4.4766,atr_20_pct<=4.0877 AND atr_20_pct>=3.1626 AND weekly_close_loc>=0.5534 AND weekly_range_pct>=4.4766,pat_9058
9214,FALCPAT_9214,other,hit_10pc_20d,other,PROMOTED,30,1421,53,30,0.03729767769176636,0.0211118930330753,0.5534591194968553,7.274201206790476,volatility (20d ATR%) >= 3.2014 AND 60d relative strength vs market >= -9.7985 AND 60d relative strength vs sector <= 15.5385 AND close position in weekly range >= 0.424,atr_20_pct>=3.2014 AND rs_market_60d>=-9.7985 AND rs_sector_60d<=15.5385 AND weekly_close_loc>=0.424,pat_9214
6561,FALCPAT_6561,other,hit_10pc_20d,other,PROMOTED,30,1878,48,30,0.025559105431309903,0.01597444089456869,0.6638888888888889,4.5243637046716705,volatility (20d ATR%) >= 2.5179 AND distance from 120-day high <= -12.7789 AND 60d relative strength vs market <= 17.574 AND 20d relative strength vs sector <= -4.945,atr_20_pct>=2.5179 AND dist_high_120<=-12.7789 AND rs_market_60d<=17.574 AND rs_sector_20d<=-4.945,pat_6561
6617,FALCPAT_6617,other,hit_15pc_20d,other,PROMOTED,30,1878,44,30,0.023429179978700747,0.01597444089456869,0.6606060606060606,4.126825471206796,volatility (20d ATR%) >= 3.092 AND distance from 120-day high <= -7.0884 AND 60d relative strength vs market <= 6.8165 AND 20d relative strength vs sector <= -0.8391,atr_20_pct>=3.092 AND dist_high_120<=-7.0884 AND rs_market_60d<=6.8165 AND rs_sector_20d<=-0.8391,pat_6617
6427,FALCPAT_6427,fresh_breakout,hit_10pc_20d,breakout,PROMOTED,29,397,55,29,0.1385390428211587,0.07304785894206549,0.5830303030303031,97.54269679292246,60-day return >= -14.7778 AND 60d relative strength vs sector >= -15.622 AND close position in weekly range >= 0.6594 AND weekly range % >= 8.9956,roc_60>=-14.7778 AND rs_sector_60d>=-15.622 AND weekly_close_loc>=0.6594 AND weekly_range_pct>=8.9956,pat_6427
7394,FALCPAT_7394,fresh_breakout,hit_10pc_20d,breakout,PROMOTED,29,489,60,29,0.12269938650306748,0.05930470347648262,0.5166666666666667,62.15354873710244,volatility (20d ATR%) >= 2.5597 AND 20-day return <= 29.3078 AND close position in weekly range >= 0.7075 AND weekly range % >= 7.8851,atr_20_pct>=2.5597 AND roc_20<=29.3078 AND weekly_close_loc>=0.7075 AND weekly_range_pct>=7.8851,pat_7394
6245,FALCPAT_6245,fresh_breakout,hit_15pc_20d,breakout,PROMOTED,29,630,55,29,0.0873015873015873,0.046031746031746035,0.52,34.546725477966305,days with sub-3% range in last 7 <= 2.5 AND close position in weekly range >= 0.7117,n_sub_3_range_7d<=2.5 AND weekly_close_loc>=0.7117,pat_6245
6150,FALCPAT_6150,fresh_breakout,hit_10pc_20d,breakout,PROMOTED,29,869,51,29,0.05868814729574223,0.0333716915995397,0.5137254901960784,16.633501937792044,volatility (20d ATR%) >= 2.3809 AND distance from year-high <= -5.3701 AND close position in weekly range >= 0.7418 AND weekly range % >= 4.478,atr_20_pct>=2.3809 AND dist_high_252<=-5.3701 AND weekly_close_loc>=0.7418 AND weekly_range_pct>=4.478,pat_6150
6299,FALCPAT_6299,fresh_breakout,hit_10pc_20d,breakout,PROMOTED,28,1632,51,28,0.03125,0.01715686274509804,0.4836601307189543,4.244256092718799,distance from 120-day high <= -6.4176 AND distance from 200-DMA >= -7.8665 AND 60d relative strength vs market >= -3.8366 AND close position in weekly range >= 0.4856,dist_high_120<=-6.4176 AND dist_sma_200>=-7.8665 AND rs_market_60d>=-3.8366 AND weekly_close_loc>=0.4856,pat_6299
8875,FALCPAT_8875,pullback_reversal,hit_10pc_20d,capitulation,PROMOTED,28,2064,38,28,0.018410852713178296,0.013565891472868217,0.6771929824561405,2.768267692790276,volatility (20d ATR%) >= 2.5005 AND distance from 120-day high <= -21.2998 AND 60d relative strength vs market <= 0.438 AND close position in weekly range <= 0.7657,atr_20_pct>=2.5005 AND dist_high_120<=-21.2998 AND rs_market_60d<=0.438 AND weekly_close_loc<=0.7657,pat_8875
7741,FALCPAT_7741,fresh_breakout,hit_10pc_20d,breakout,PROMOTED,27,379,48,27,0.1266490765171504,0.0712401055408971,0.55,80.37352940115665,5-day return >= 4.1146 AND close position in weekly range >= 0.7385 AND weekly range % >= 8.6398,roc_5>=4.1146 AND weekly_close_loc>=0.7385 AND weekly_range_pct>=8.6398,pat_7741
6648,FALCPAT_6648,fresh_breakout,hit_10pc_20d,breakout,PROMOTED,27,833,51,27,0.061224489795918366,0.03241296518607443,0.4601307189542484,14.789344804539233,volatility (20d ATR%) >= 2.6723 AND 60-day return >= -11.5307 AND 60d relative strength vs market >= 3.557 AND close position in weekly range >= 0.7086,atr_20_pct>=2.6723 AND roc_60>=-11.5307 AND rs_market_60d>=3.557 AND weekly_close_loc>=0.7086,pat_6648
8224,FALCPAT_8224,other,hit_25pc_30d,other,PROMOTED,27,1533,49,27,0.0319634703196347,0.01761252446183953,0.582312925170068,5.30952577002611,volatility (20d ATR%) >= 3.732 AND distance from year-high <= -11.0436 AND close position in weekly range <= 0.7961,atr_20_pct>=3.732 AND dist_high_252<=-11.0436 AND weekly_close_loc<=0.7961,pat_8224
7693,FALCPAT_7693,fresh_breakout,hit_10pc_20d,breakout,PROMOTED,27,1284,42,27,0.03271028037383177,0.02102803738317757,0.473015873015873,5.269658726026689,volatility (20d ATR%) >= 3.4197 AND close position in weekly range >= 0.498 AND weekly range % <= 8.5178,atr_20_pct>=3.4197 AND weekly_close_loc>=0.498 AND weekly_range_pct<=8.5178,pat_7693
8508,FALCPAT_8508,dryup,hit_10pc_20d,other,PROMOTED,27,1679,42,27,0.02501488981536629,0.016081000595592615,0.46984126984126984,3.0611639662037717,distance from 60-day high <= -3.6453 AND days with sub-75% volume in last 20 >= 9.5 AND close position in weekly range >= 0.2185 AND weekly range % >= 3.683,dist_high_60<=-3.6453 AND n_sub_75v_20d>=9.5 AND weekly_close_loc>=0.2185 AND weekly_range_pct>=3.683,pat_8508
6562,FALCPAT_6562,other,hit_10pc_20d,other,PROMOTED,27,1848,37,27,0.02002164502164502,0.01461038961038961,0.5531531531531532,2.6207809025317235,volatility (20d ATR%) >= 2.5179 AND 60-day return <= -5.2357 AND 60d relative strength vs market <= 17.574 AND 20d relative strength vs sector >= -4.945,atr_20_pct>=2.5179 AND roc_60<=-5.2357 AND rs_market_60d<=17.574 AND rs_sector_20d>=-4.945,pat_6562
7162,FALCPAT_7162,fresh_breakout,hit_10pc_20d,breakout,PROMOTED,27,1823,43,27,0.023587493143170598,0.014810751508502468,0.4341085271317829,2.4562975086515264,volatility (20d ATR%) >= 2.2284 AND close position in weekly range >= 0.5467 AND weekly range % <= 9.6857 AND weekly range % >= 4.2386,atr_20_pct>=2.2284 AND weekly_close_loc>=0.5467 AND weekly_range_pct<=9.6857 AND weekly_range_pct>=4.2386,pat_7162
7620,FALCPAT_7620,fresh_breakout,hit_10pc_20d,breakout,PROMOTED,26,371,49,26,0.1320754716981132,0.07008086253369272,0.6231292517006802,92.3969372781303,distance from 50-DMA <= 14.898 AND 5-day return >= 3.643 AND close position in weekly range >= 0.5098 AND weekly range % >= 9.062,dist_sma_50<=14.898 AND roc_5>=3.643 AND weekly_close_loc>=0.5098 AND weekly_range_pct>=9.062,pat_7620
6819,FALCPAT_6819,other,hit_10pc_20d,other,PROMOTED,26,373,48,26,0.128686327077748,0.06970509383378017,0.6236111111111112,89.61250019123517,volatility (20d ATR%) >= 2.3312 AND 60d relative strength vs market <= 28.9405 AND close position in weekly range >= 0.3113 AND weekly range % >= 10.1174,atr_20_pct>=2.3312 AND rs_market_60d<=28.9405 AND weekly_close_loc>=0.3113 AND weekly_range_pct>=10.1174,pat_6819
7085,FALCPAT_7085,fresh_breakout,hit_10pc_20d,breakout,PROMOTED,26,417,53,26,0.12709832134292565,0.06235011990407674,0.569811320754717,72.33791867936716,volatility (20d ATR%) >= 2.3175 AND distance from 120-day high <= -4.8089 AND close position in weekly range >= 0.6441 AND weekly range % >= 7.9969,atr_20_pct>=2.3175 AND dist_high_120<=-4.8089 AND weekly_close_loc>=0.6441 AND weekly_range_pct>=7.9969,pat_7085
9215,FALCPAT_9215,other,hit_10pc_20d,other,PROMOTED,26,606,47,26,0.07755775577557755,0.0429042904290429,0.4354609929078014,23.213094749662268,volatility (20d ATR%) >= 3.2014 AND 60d relative strength vs market >= -9.7985 AND 60d relative strength vs sector >= 15.5385 AND close position in weekly range >= 0.424,atr_20_pct>=3.2014 AND rs_market_60d>=-9.7985 AND rs_sector_60d>=15.5385 AND weekly_close_loc>=0.424,pat_9215
9047,FALCPAT_9047,fresh_breakout,hit_10pc_20d,breakout,PROMOTED,26,712,45,26,0.06320224719101124,0.03651685393258427,0.5940740740740741,21.96465075737137,volatility (20d ATR%) <= 5.8747 AND volatility (20d ATR%) >= 4.0628 AND distance from 200-DMA >= -21.5972 AND close position in weekly range >= 0.5109,atr_20_pct<=5.8747 AND atr_20_pct>=4.0628 AND dist_sma_200>=-21.5972 AND weekly_close_loc>=0.5109,pat_9047
7111,FALCPAT_7111,dryup,hit_10pc_20d,other,PROMOTED,25,333,52,25,0.15615615615615616,0.07507507507507508,0.5987179487179487,111.15608246420781,days with sub-75% volume in last 7 <= 2.5 AND close position in weekly range >= 0.2193 AND weekly range % >= 9.9639,n_sub_75v_7d<=2.5 AND weekly_close_loc>=0.2193 AND weekly_range_pct>=9.9639,pat_7111
7942,FALCPAT_7942,other,hit_10pc_20d,other,PROMOTED,25,389,46,25,0.11825192802056556,0.06426735218508997,0.5768115942028985,69.4206519848487,distance from 10-day high >= -3.8795 AND 60-day return <= 12.7797 AND close position in weekly range >= 0.4131 AND weekly range % >= 7.8994,dist_high_10>=-3.8795 AND roc_60<=12.7797 AND weekly_close_loc>=0.4131 AND weekly_range_pct>=7.8994,pat_7942
8590,FALCPAT_8590,other,hit_15pc_20d,other,PROBATION,25,852,44,25,0.051643192488262914,0.029342723004694836,0.5530303030303031,13.271453619802342,volatility (20d ATR%) <= 4.1346 AND distance from year-high <= -8.3981 AND close position in weekly range >= 0.4465 AND weekly range % >= 5.5916,atr_20_pct<=4.1346 AND dist_high_252<=-8.3981 AND weekly_close_loc>=0.4465 AND weekly_range_pct>=5.5916,pat_8590
9122,FALCPAT_9122,pullback_reversal,hit_15pc_20d,capitulation,PROMOTED,25,1201,41,25,0.03413821815154038,0.020815986677768527,0.6243902439024391,7.026677611779849,volatility (20d ATR%) >= 3.4326 AND distance from year-high <= -21.3469 AND 60-day return >= -28.0132 AND close position in weekly range <= 0.8244,atr_20_pct>=3.4326 AND dist_high_252<=-21.3469 AND roc_60>=-28.0132 AND weekly_close_loc<=0.8244,pat_9122
9548,FALCPAT_9548,fresh_breakout,hit_10pc_20d,breakout,PROMOTED,24,374,47,24,0.12566844919786097,0.06417112299465241,0.5276595744680851,66.57574914147871,volatility (20d ATR%) >= 3.3204 AND 5-day return >= 1.6335 AND close position in weekly range >= 0.6786 AND weekly range % >= 8.9567,atr_20_pct>=3.3204 AND roc_5>=1.6335 AND weekly_close_loc>=0.6786 AND weekly_range_pct>=8.9567,pat_9548
6205,FALCPAT_6205,fresh_breakout,hit_15pc_20d,breakout,PROMOTED,23,409,39,23,0.09535452322738386,0.05623471882640587,0.49572649572649574,41.06211629481713,distance from year-high <= -15.5928 AND days with sub-2.5% range in last 7 <= 2.5 AND close position in weekly range >= 0.7386,dist_high_252<=-15.5928 AND n_sub_2_5_range_7d<=2.5 AND weekly_close_loc>=0.7386,pat_6205
7862,FALCPAT_7862,fresh_breakout,hit_10pc_20d,breakout,PROMOTED,23,500,42,23,0.084,0.046,0.46190476190476193,27.570391115734783,distance from 10-day high >= -2.5243 AND close position in weekly range >= 0.4998 AND weekly range % >= 7.5026,dist_high_10>=-2.5243 AND weekly_close_loc>=0.4998 AND weekly_range_pct>=7.5026,pat_7862
7885,FALCPAT_7885,other,hit_25pc_30d,other,PROMOTED,23,857,38,23,0.044340723453908985,0.026837806301050177,0.6,11.029464037630413,volatility (20d ATR%) >= 4.0235 AND distance from 20-DMA >= 2.9741,atr_20_pct>=4.0235 AND dist_sma_20>=2.9741,pat_7885
6255,FALCPAT_6255,continuation,hit_25pc_30d,other,PROMOTED,23,932,41,23,0.043991416309012876,0.02467811158798283,0.567479674796748,9.516637986190059,volatility (20d ATR%) >= 4.099 AND 60-day return >= -3.7201,atr_20_pct>=4.099 AND roc_60>=-3.7201,pat_6255
8666,FALCPAT_8666,dryup,hit_10pc_20d,other,PROMOTED,23,1033,38,23,0.036786060019361085,0.022265246853823813,0.5210526315789473,6.592433430628596,volatility (20d ATR%) <= 4.2698 AND volatility (20d ATR%) >= 3.5891 AND days with sub-75% volume in last 20 <= 11.5 AND close position in weekly range >= 0.1821,atr_20_pct<=4.2698 AND atr_20_pct>=3.5891 AND n_sub_75v_20d<=11.5 AND weekly_close_loc>=0.1821,pat_8666
8102,FALCPAT_8102,fresh_breakout,hit_10pc_20d,breakout,PROMOTED,22,302,45,22,0.1490066225165563,0.0728476821192053,0.5555555555555555,91.90664829236765,volatility (20d ATR%) >= 3.1155 AND 5-day return >= 5.4794 AND close position in weekly range >= 0.53 AND weekly range % >= 10.472,atr_20_pct>=3.1155 AND roc_5>=5.4794 AND weekly_close_loc>=0.53 AND weekly_range_pct>=10.472,pat_8102
7943,FALCPAT_7943,fresh_breakout,hit_10pc_20d,breakout,PROMOTED,22,631,40,22,0.06339144215530904,0.03486529318541997,0.41833333333333333,14.0910887248467,60-day return >= 12.7797 AND close position in weekly range >= 0.6481,roc_60>=12.7797 AND weekly_close_loc>=0.6481,pat_7943
8505,FALCPAT_8505,fresh_breakout,hit_15pc_20d,breakout,PROMOTED,22,676,38,22,0.05621301775147929,0.03254437869822485,0.4087719298245614,11.39704008116957,volatility (20d ATR%) >= 3.596 AND distance from 50-DMA >= -1.7562 AND 20d relative strength vs market >= -9.092 AND close position in weekly range >= 0.6795,atr_20_pct>=3.596 AND dist_sma_50>=-1.7562 AND rs_market_20d>=-9.092 AND weekly_close_loc>=0.6795,pat_8505
7252,FALCPAT_7252,other,hit_10pc_20d,other,PROMOTED,22,780,38,22,0.04871794871794872,0.028205128205128206,0.4754385964912281,9.956567261373106,volatility (20d ATR%) >= 2.1521 AND 60d relative strength vs sector >= 13.7136 AND close position in weekly range <= 0.8296 AND close position in weekly range >= 0.2647,atr_20_pct>=2.1521 AND rs_sector_60d>=13.7136 AND weekly_close_loc<=0.8296 AND weekly_close_loc>=0.2647,pat_7252
6644,FALCPAT_6644,other,hit_10pc_20d,other,PROMOTED,22,1197,34,22,0.028404344193817876,0.018379281537176273,0.49607843137254903,3.9469512909105515,volatility (20d ATR%) >= 3.5789 AND 60d relative strength vs sector >= -2.094 AND close position in weekly range <= 0.7086,atr_20_pct>=3.5789 AND rs_sector_60d>=-2.094 AND weekly_close_loc<=0.7086,pat_6644
6953,FALCPAT_6953,fresh_breakout,hit_25pc_30d,breakout,PROMOTED,21,263,43,21,0.1634980988593156,0.07984790874524715,0.5643410852713179,110.69168866863295,volatility (20d ATR%) >= 2.4437 AND distance from 50-DMA >= -2.9357 AND close position in weekly range >= 0.7028 AND weekly range % >= 10.0261,atr_20_pct>=2.4437 AND dist_sma_50>=-2.9357 AND weekly_close_loc>=0.7028 AND weekly_range_pct>=10.0261,pat_6953
8416,FALCPAT_8416,continuation,hit_25pc_30d,other,PROMOTED,21,698,37,21,0.05300859598853868,0.03008595988538682,0.4684684684684684,11.225033065528244,volatility (20d ATR%) >= 3.5179 AND distance from 200-DMA >= 15.007 AND 60-day return >= 14.8289 AND 60d relative strength vs sector >= 3.8227,atr_20_pct>=3.5179 AND dist_sma_200>=15.007 AND roc_60>=14.8289 AND rs_sector_60d>=3.8227,pat_8416
6818,FALCPAT_6818,other,hit_10pc_20d,other,PROMOTED,21,808,32,21,0.039603960396039604,0.02599009900990099,0.45208333333333334,6.991367616059655,volatility (20d ATR%) >= 2.3312 AND 60d relative strength vs sector >= 13.7474 AND close position in weekly range >= 0.3113 AND weekly range % <= 10.1174,atr_20_pct>=2.3312 AND rs_sector_60d>=13.7474 AND weekly_close_loc>=0.3113 AND weekly_range_pct<=10.1174,pat_6818
8583,FALCPAT_8583,fresh_breakout,hit_10pc_20d,breakout,PROMOTED,21,908,37,21,0.040748898678414094,0.023127753303964757,0.42522522522522527,6.020955704737581,volatility (20d ATR%) >= 3.4313 AND close position in daily range >= 0.4382 AND close position in weekly range >= 0.6707 AND weekly range % <= 11.6077,atr_20_pct>=3.4313 AND close_loc>=0.4382 AND weekly_close_loc>=0.6707 AND weekly_range_pct<=11.6077,pat_8583
6756,FALCPAT_6756,fresh_breakout,hit_10pc_20d,breakout,PROMOTED,21,905,31,21,0.03425414364640884,0.023204419889502764,0.44946236559139785,5.367527200580631,volatility (20d ATR%) >= 3.3478 AND close position in weekly range >= 0.6374 AND weekly range % <= 8.134,atr_20_pct>=3.3478 AND weekly_close_loc>=0.6374 AND weekly_range_pct<=8.134,pat_6756
7547,FALCPAT_7547,other,hit_10pc_20d,other,PROMOTED,21,1206,40,21,0.03316749585406302,0.017412935323383085,0.49666666666666665,4.309697369548619,volatility (20d ATR%) >= 3.6294 AND distance from 50-DMA >= -1.7213 AND 20d relative strength vs market >= 3.1904 AND 60d relative strength vs sector >= -16.2109,atr_20_pct>=3.6294 AND dist_sma_50>=-1.7213 AND rs_market_20d>=3.1904 AND rs_sector_60d>=-16.2109,pat_7547
8567,FALCPAT_8567,other,hit_10pc_20d,other,PROBATION,21,1068,35,21,0.03277153558052434,0.019662921348314606,0.44,4.25985288360012,volatility (20d ATR%) <= 4.0236 AND close position in weekly range >= 0.4465 AND weekly range % <= 11.0237 AND weekly range % >= 5.5916,atr_20_pct<=4.0236 AND weekly_close_loc>=0.4465 AND weekly_range_pct<=11.0237 AND weekly_range_pct>=5.5916,pat_8567
9151,FALCPAT_9151,dryup,hit_10pc_20d,other,PROMOTED,21,1024,31,21,0.0302734375,0.0205078125,0.40215053763440867,3.7511706308437334,volatility (20d ATR%) >= 3.33 AND days with sub-75% volume in last 20 >= 11.5 AND 20d relative strength vs market >= -10.4124,atr_20_pct>=3.33 AND n_sub_75v_20d>=11.5 AND rs_market_20d>=-10.4124,pat_9151
6292,FALCPAT_6292,fresh_breakout,hit_15pc_20d,other,PROMOTED,21,1249,34,21,0.02722177742193755,0.016813450760608487,0.5254901960784314,3.6135581140609796,volatility (20d ATR%) >= 3.8293 AND distance from 120-day high <= -5.9266 AND distance from year-high >= -25.9776,atr_20_pct>=3.8293 AND dist_high_120<=-5.9266 AND dist_high_252>=-25.9776,pat_6292
8909,FALCPAT_8909,pullback_reversal,hit_25pc_30d,capitulation,PROMOTED,21,1502,34,21,0.022636484687083888,0.013981358189081226,0.6686274509803921,3.1793595160927315,distance from 120-day high <= -27.1874,dist_high_120<=-27.1874,pat_8909
7163,FALCPAT_7163,fresh_breakout,hit_10pc_20d,breakout,PROMOTED,20,284,42,20,0.14788732394366197,0.07042253521126761,0.6142857142857143,94.67260371003687,volatility (20d ATR%) >= 2.2284 AND close position in weekly range >= 0.5467 AND weekly range % <= 13.298 AND weekly range % >= 9.6857,atr_20_pct>=2.2284 AND weekly_close_loc>=0.5467 AND weekly_range_pct<=13.298 AND weekly_range_pct>=9.6857,pat_7163
9293,FALCPAT_9293,other,hit_15pc_20d,other,PROMOTED,20,398,33,20,0.0829145728643216,0.05025125628140704,0.597979797979798,36.87020933279217,distance from 60-day high <= -4.2092 AND close position in weekly range >= 0.0559 AND weekly range % >= 10.6648,dist_high_60<=-4.2092 AND weekly_close_loc>=0.0559 AND weekly_range_pct>=10.6648,pat_9293
6440,FALCPAT_6440,fresh_breakout,hit_15pc_20d,breakout,PROMOTED,20,498,38,20,0.07630522088353414,0.040160642570281124,0.5385964912280701,24.424727459435374,60-day return >= -5.8816 AND 20d relative strength vs sector >= -2.8018 AND close position in weekly range >= 0.7316 AND weekly range % >= 6.249,roc_60>=-5.8816 AND rs_sector_20d>=-2.8018 AND weekly_close_loc>=0.7316 AND weekly_range_pct>=6.249,pat_6440
8727,FALCPAT_8727,fresh_breakout,hit_15pc_20d,breakout,PROMOTED,20,560,31,20,0.055357142857142855,0.03571428571428571,0.4881720430107527,14.282355525710749,volatility (20d ATR%) <= 5.2891 AND volatility (20d ATR%) >= 3.624 AND distance from year-high >= -37.4645 AND close position in weekly range >= 0.7552,atr_20_pct<=5.2891 AND atr_20_pct>=3.624 AND dist_high_252>=-37.4645 AND weekly_close_loc>=0.7552,pat_8727
7546,FALCPAT_7546,other,hit_10pc_20d,other,PROMOTED,20,705,25,20,0.03546099290780142,0.028368794326241134,0.45333333333333337,6.748709338508544,volatility (20d ATR%) >= 3.6294 AND distance from 50-DMA >= -1.7213 AND 20d relative strength vs market <= 3.1904 AND 60d relative strength vs sector >= -16.2109,atr_20_pct>=3.6294 AND dist_sma_50>=-1.7213 AND rs_market_20d<=3.1904 AND rs_sector_60d>=-16.2109,pat_7546
6481,FALCPAT_6481,fresh_breakout,hit_10pc_20d,other,PROMOTED,20,1203,36,20,0.029925187032418952,0.01662510390689942,0.5166666666666667,3.8038465164702475,volatility (20d ATR%) >= 3.8654 AND distance from year-high >= -20.1662,atr_20_pct>=3.8654 AND dist_high_252>=-20.1662,pat_6481
6335,FALCPAT_6335,fresh_breakout,hit_10pc_20d,breakout,PROBATION,20,1213,32,20,0.026380873866446827,0.016488046166529265,0.45208333333333334,2.909967700736202,distance from year-high >= -29.2888 AND distance from 200-DMA >= -21.0968 AND 20d relative strength vs market >= -3.6469 AND close position in weekly range >= 0.8003,dist_high_252>=-29.2888 AND dist_sma_200>=-21.0968 AND rs_market_20d>=-3.6469 AND weekly_close_loc>=0.8003,pat_6335
6895,FALCPAT_6895,dryup,hit_15pc_20d,capitulation,PROMOTED,20,1384,31,20,0.022398843930635837,0.014450867052023121,0.6043010752688172,2.8945707960162292,distance from 120-day high <= -25.7878 AND days with sub-75% volume in last 20 <= 13.5 AND 20d relative strength vs market <= 4.4732,dist_high_120<=-25.7878 AND n_sub_75v_20d<=13.5 AND rs_market_20d<=4.4732,pat_6895
7947,FALCPAT_7947,other,hit_25pc_30d,other,PROMOTED,20,1507,34,20,0.0225613802256138,0.013271400132714002,0.5607843137254902,2.4847892811441965,volatility (20d ATR%) >= 3.4679 AND distance from 200-DMA <= 5.5845,atr_20_pct>=3.4679 AND dist_sma_200<=5.5845,pat_7947
7412,FALCPAT_7412,other,hit_25pc_30d,other,PROMOTED,19,264,36,19,0.13636363636363635,0.07196969696969698,0.5962962962962963,85.2129261186435,volatility (20d ATR%) >= 2.4512 AND 20d relative strength vs sector <= 10.6274 AND close position in weekly range >= 0.319 AND weekly range % >= 10.5184,atr_20_pct>=2.4512 AND rs_sector_20d<=10.6274 AND weekly_close_loc>=0.319 AND weekly_range_pct>=10.5184,pat_7412
7304,FALCPAT_7304,other,hit_15pc_20d,other,PROMOTED,19,603,34,19,0.05638474295190713,0.03150912106135987,0.4725490196078431,12.224746978845216,distance from 200-DMA >= 24.7508 AND 20d relative strength vs sector >= -5.3079 AND close position in weekly range >= 0.4147 AND weekly range % >= 4.8858,dist_sma_200>=24.7508 AND rs_sector_20d>=-5.3079 AND weekly_close_loc>=0.4147 AND weekly_range_pct>=4.8858,pat_7304
9398,FALCPAT_9398,fresh_breakout,hit_10pc_20d,other,PROMOTED,19,733,29,19,0.03956343792633015,0.02592087312414734,0.6367816091954024,9.5088781138507,volatility (20d ATR%) >= 4.3672 AND distance from year-high >= -25.0624,atr_20_pct>=4.3672 AND dist_high_252>=-25.0624,pat_9398
8953,FALCPAT_8953,other,hit_15pc_20d,other,PROMOTED,19,813,34,19,0.041820418204182044,0.023370233702337023,0.6274509803921569,8.929483681373508,volatility (20d ATR%) >= 3.9374 AND distance from 20-day high >= -14.2373 AND distance from 200-DMA <= 26.2528 AND close position in weekly range >= 0.1754,atr_20_pct>=3.9374 AND dist_high_20>=-14.2373 AND dist_sma_200<=26.2528 AND weekly_close_loc>=0.1754,pat_8953
8157,FALCPAT_8157,other,hit_15pc_20d,other,PROMOTED,19,829,31,19,0.03739445114595899,0.022919179734620022,0.3526881720430108,4.401414275980777,volatility (20d ATR%) >= 2.7614 AND 20-day return <= 13.0636 AND 60d relative strength vs sector >= 10.9468 AND close position in weekly range >= 0.0729,atr_20_pct>=2.7614 AND roc_20<=13.0636 AND rs_sector_60d>=10.9468 AND weekly_close_loc>=0.0729,pat_8157
7113,FALCPAT_7113,compression,hit_10pc_20d,compression,PROMOTED,19,1052,30,19,0.028517110266159697,0.01806083650190114,0.46,3.4498191340415705,distance from 10-day high >= -8.1051 AND days with sub-75% volume in last 7 >= 2.5 AND close position in weekly range >= 0.2193 AND weekly range % >= 5.8433,dist_high_10>=-8.1051 AND n_sub_75v_7d>=2.5 AND weekly_close_loc>=0.2193 AND weekly_range_pct>=5.8433,pat_7113
8316,FALCPAT_8316,other,hit_15pc_20d,other,PROMOTED,18,737,32,18,0.04341926729986431,0.024423337856173677,0.3729166666666667,5.659707415092748,volatility (20d ATR%) >= 3.1996 AND distance from 200-DMA <= 47.1586 AND distance from 200-DMA >= 19.1227 AND close position in weekly range >= 0.4185,atr_20_pct>=3.1996 AND dist_sma_200<=47.1586 AND dist_sma_200>=19.1227 AND weekly_close_loc>=0.4185,pat_8316
8854,FALCPAT_8854,pullback_reversal,hit_15pc_20d,capitulation,PROMOTED,17,288,32,17,0.1111111111111111,0.059027777777777776,0.5458333333333333,50.29441996684675,volatility (20d ATR%) >= 2.5103 AND distance from 120-day high <= -16.1544 AND close position in weekly range >= 0.7072 AND weekly range % >= 6.7405,atr_20_pct>=2.5103 AND dist_high_120<=-16.1544 AND weekly_close_loc>=0.7072 AND weekly_range_pct>=6.7405,pat_8854
7819,FALCPAT_7819,fresh_breakout,hit_40pc_40d,breakout,PROMOTED,17,304,31,17,0.10197368421052631,0.05592105263157895,0.4881720430107527,39.10949228945936,volatility (20d ATR%) >= 3.3686 AND distance from 200-DMA >= 11.3274 AND close position in weekly range >= 0.6303 AND weekly range % >= 7.7431,atr_20_pct>=3.3686 AND dist_sma_200>=11.3274 AND weekly_close_loc>=0.6303 AND weekly_range_pct>=7.7431,pat_7819
6912,FALCPAT_6912,pullback_reversal,hit_25pc_30d,capitulation,PROMOTED,17,360,26,17,0.07222222222222222,0.04722222222222222,0.6076923076923076,29.117013818974492,distance from year-high <= -21.4232 AND distance from 200-DMA >= 4.2399,dist_high_252<=-21.4232 AND dist_sma_200>=4.2399,pat_6912
7752,FALCPAT_7752,fresh_breakout,hit_15pc_20d,breakout,PROMOTED,17,372,25,17,0.06720430107526881,0.0456989247311828,0.528,22.78152532102748,volatility (20d ATR%) >= 3.5078 AND distance from 60-day high >= -6.8519 AND close position in weekly range >= 0.6063 AND weekly range % <= 10.9288,atr_20_pct>=3.5078 AND dist_high_60>=-6.8519 AND weekly_close_loc>=0.6063 AND weekly_range_pct<=10.9288,pat_7752
6201,FALCPAT_6201,other,hit_10pc_20d,other,PROMOTED,17,430,29,17,0.06744186046511629,0.03953488372093023,0.5724137931034483,21.442031220977803,volatility (20d ATR%) >= 3.7864 AND distance from 200-DMA >= -1.4701 AND 20d relative strength vs market <= 4.6032 AND close position in weekly range >= 0.4408,atr_20_pct>=3.7864 AND dist_sma_200>=-1.4701 AND rs_market_20d<=4.6032 AND weekly_close_loc>=0.4408,pat_6201
6228,FALCPAT_6228,fresh_breakout,hit_10pc_20d,breakout,PROMOTED,17,572,30,17,0.05244755244755245,0.02972027972027972,0.4444444444444444,9.732881284929425,distance from 200-DMA >= 22.6967 AND 60d relative strength vs market >= -4.0304 AND close position in weekly range >= 0.7031,dist_sma_200>=22.6967 AND rs_market_60d>=-4.0304 AND weekly_close_loc>=0.7031,pat_6228
8942,FALCPAT_8942,other,hit_10pc_20d,other,PROMOTED,17,701,31,17,0.0442225392296719,0.024251069900142655,0.5978494623655914,9.007665454804544,volatility (20d ATR%) >= 3.9309 AND distance from 20-day high >= -12.7454 AND distance from 200-DMA <= 26.2528 AND close position in weekly range >= 0.2191,atr_20_pct>=3.9309 AND dist_high_20>=-12.7454 AND dist_sma_200<=26.2528 AND weekly_close_loc>=0.2191,pat_8942
7324,FALCPAT_7324,other,hit_10pc_20d,other,PROMOTED,17,829,31,17,0.03739445114595899,0.020506634499396863,0.38064516129032255,4.100791544509988,distance from 200-DMA <= 64.0406 AND distance from 200-DMA >= 24.1184 AND 20d relative strength vs sector >= -5.3079 AND close position in weekly range >= 0.4147,dist_sma_200<=64.0406 AND dist_sma_200>=24.1184 AND rs_sector_20d>=-5.3079 AND weekly_close_loc>=0.4147,pat_7324
6431,FALCPAT_6431,other,hit_15pc_20d,other,PROMOTED,17,953,22,17,0.023084994753410283,0.017838405036726127,0.6787878787878788,3.927043438203929,volatility (20d ATR%) >= 2.6908 AND distance from 60-day high <= -15.9195 AND 60d relative strength vs market <= -12.3114 AND close position in weekly range <= 0.7316,atr_20_pct>=2.6908 AND dist_high_60<=-15.9195 AND rs_market_60d<=-12.3114 AND weekly_close_loc<=0.7316,pat_6431
8568,FALCPAT_8568,other,hit_10pc_20d,other,PROMOTED,16,134,27,16,0.20149253731343283,0.11940298507462686,0.5703703703703703,188.97419591467155,volatility (20d ATR%) <= 4.0236 AND close position in weekly range >= 0.4465 AND weekly range % >= 11.0237,atr_20_pct<=4.0236 AND weekly_close_loc>=0.4465 AND weekly_range_pct>=11.0237,pat_8568
6758,FALCPAT_6758,fresh_breakout,hit_10pc_20d,breakout,PROMOTED,16,355,32,16,0.09014084507042254,0.04507042253521127,0.46458333333333335,25.992513599434496,volatility (20d ATR%) >= 3.3478 AND close position in daily range >= 0.3941 AND close position in weekly range >= 0.6374 AND weekly range % >= 8.5149,atr_20_pct>=3.3478 AND close_loc>=0.3941 AND weekly_close_loc>=0.6374 AND weekly_range_pct>=8.5149,pat_6758
7056,FALCPAT_7056,other,hit_15pc_20d,other,PROMOTED,16,427,28,16,0.06557377049180328,0.03747072599531616,0.43333333333333335,14.662761173805514,volatility (20d ATR%) >= 2.1406 AND 60d relative strength vs sector >= 10.0563 AND close position in weekly range >= 0.0938 AND weekly range % >= 8.0101,atr_20_pct>=2.1406 AND rs_sector_60d>=10.0563 AND weekly_close_loc>=0.0938 AND weekly_range_pct>=8.0101,pat_7056
6519,FALCPAT_6519,other,hit_15pc_20d,other,PROMOTED,16,452,28,16,0.061946902654867256,0.035398230088495575,0.4809523809523809,14.52361148458456,distance from 50-DMA >= 5.5854 AND 60d relative strength vs market >= -13.9851 AND 60d relative strength vs sector >= 26.8539,dist_sma_50>=5.5854 AND rs_market_60d>=-13.9851 AND rs_sector_60d>=26.8539,pat_6519
8411,FALCPAT_8411,pullback_reversal,hit_25pc_30d,capitulation,PROMOTED,16,741,25,16,0.033738191632928474,0.021592442645074223,0.6186666666666667,6.206570485553556,volatility (20d ATR%) >= 3.5179 AND distance from 120-day high <= -26.5584 AND distance from 200-DMA <= 15.007,atr_20_pct>=3.5179 AND dist_high_120<=-26.5584 AND dist_sma_200<=15.007,pat_8411
6643,FALCPAT_6643,other,hit_10pc_20d,other,PROMOTED,16,1103,26,16,0.02357207615593835,0.014505893019038985,0.7051282051282051,3.320334147583124,volatility (20d ATR%) >= 3.5789 AND 60d relative strength vs sector <= -2.094 AND close position in weekly range <= 0.7086,atr_20_pct>=3.5789 AND rs_sector_60d<=-2.094 AND weekly_close_loc<=0.7086,pat_6643
6672,FALCPAT_6672,other,hit_15pc_20d,other,PROMOTED,16,1133,27,16,0.02383053839364519,0.01412180052956752,0.691358024691358,3.204042989874417,volatility (20d ATR%) >= 3.5755 AND 60d relative strength vs market <= -0.5489 AND close position in weekly range <= 0.712,atr_20_pct>=3.5755 AND rs_market_60d<=-0.5489 AND weekly_close_loc<=0.712,pat_6672
9460,FALCPAT_9460,fresh_breakout,hit_10pc_20d,breakout,PROMOTED,15,178,27,15,0.15168539325842698,0.08426966292134831,0.5703703703703703,98.25384355434073,volatility (20d ATR%) >= 2.5731 AND distance from year-high >= -52.5716 AND close position in weekly range >= 0.4709 AND weekly range % >= 12.3243,atr_20_pct>=2.5731 AND dist_high_252>=-52.5716 AND weekly_close_loc>=0.4709 AND weekly_range_pct>=12.3243,pat_9460
9574,FALCPAT_9574,fresh_breakout,hit_15pc_20d,breakout,PROMOTED,15,289,27,15,0.09342560553633218,0.05190311418685121,0.4938271604938271,32.27095986773611,volatility (20d ATR%) >= 3.5761 AND distance from year-high >= -27.4711 AND close position in weekly range >= 0.5899 AND weekly range % >= 8.6569,atr_20_pct>=3.5761 AND dist_high_252>=-27.4711 AND weekly_close_loc>=0.5899 AND weekly_range_pct>=8.6569,pat_9574
8596,FALCPAT_8596,dryup,hit_15pc_20d,other,PROMOTED,15,493,29,15,0.058823529411764705,0.030425963488843813,0.6160919540229884,14.859990390463121,volatility (20d ATR%) >= 4.4669 AND days with sub-75% volume in last 20 <= 12.5 AND close position in weekly range >= 0.4229,atr_20_pct>=4.4669 AND n_sub_75v_20d<=12.5 AND weekly_close_loc>=0.4229,pat_8596
9150,FALCPAT_9150,dryup,hit_10pc_20d,other,PROMOTED,15,616,28,15,0.045454545454545456,0.024350649350649352,0.5928571428571429,8.843323164466813,volatility (20d ATR%) >= 4.4687 AND days with sub-75% volume in last 20 <= 11.5 AND 20d relative strength vs market >= -10.4124,atr_20_pct>=4.4687 AND n_sub_75v_20d<=11.5 AND rs_market_20d>=-10.4124,pat_9150
7751,FALCPAT_7751,fresh_breakout,hit_15pc_20d,breakout,PROMOTED,15,691,28,15,0.04052098408104197,0.02170767004341534,0.3952380952380953,4.685215446193557,volatility (20d ATR%) >= 3.5078 AND distance from 60-day high <= -6.8519 AND close position in weekly range >= 0.6063 AND weekly range % <= 10.9288,atr_20_pct>=3.5078 AND dist_high_60<=-6.8519 AND weekly_close_loc>=0.6063 AND weekly_range_pct<=10.9288,pat_7751
8966,FALCPAT_8966,compression,hit_10pc_20d,capitulation,PROMOTED,15,845,25,15,0.029585798816568046,0.01775147928994083,0.6293333333333334,4.454266097340517,volatility (20d ATR%) >= 3.5669 AND distance from 120-day high <= -15.7106 AND days with sub-3% range in last 7 <= 3.5 AND close position in weekly range <= 0.6536,atr_20_pct>=3.5669 AND dist_high_120<=-15.7106 AND n_sub_3_range_7d<=3.5 AND weekly_close_loc<=0.6536,pat_8966
6715,FALCPAT_6715,other,hit_15pc_20d,other,PROMOTED,15,990,20,15,0.020202020202020204,0.015151515151515152,0.6166666666666667,2.543776274032955,volatility (20d ATR%) >= 3.0418 AND 60-day return <= -12.5897 AND 60d relative strength vs market <= 29.6728 AND close position in weekly range <= 0.6892,atr_20_pct>=3.0418 AND roc_60<=-12.5897 AND rs_market_60d<=29.6728 AND weekly_close_loc<=0.6892,pat_6715
8943,FALCPAT_8943,other,hit_10pc_20d,other,PROMOTED,14,489,24,14,0.049079754601226995,0.028629856850715747,0.5027777777777778,9.299218770278044,volatility (20d ATR%) >= 3.9309 AND distance from 20-day high >= -12.7454 AND distance from 200-DMA >= 26.2528 AND close position in weekly range >= 0.2191,atr_20_pct>=3.9309 AND dist_high_20>=-12.7454 AND dist_sma_200>=26.2528 AND weekly_close_loc>=0.2191,pat_8943
8670,FALCPAT_8670,dryup,hit_10pc_20d,other,PROMOTED,14,547,25,14,0.04570383912248629,0.025594149908592323,0.5706666666666665,8.786678355844623,volatility (20d ATR%) >= 4.2698 AND days with sub-75% volume in last 20 <= 12.5 AND 60d relative strength vs sector >= -0.0247,atr_20_pct>=4.2698 AND n_sub_75v_20d<=12.5 AND rs_sector_60d>=-0.0247,pat_8670
8954,FALCPAT_8954,other,hit_15pc_20d,other,PROMOTED,14,508,24,14,0.047244094488188976,0.027559055118110236,0.5027777777777778,8.616616388057444,volatility (20d ATR%) >= 3.9374 AND distance from 20-day high >= -14.2373 AND distance from 200-DMA >= 26.2528 AND close position in weekly range >= 0.1754,atr_20_pct>=3.9374 AND dist_high_20>=-14.2373 AND dist_sma_200>=26.2528 AND weekly_close_loc>=0.1754,pat_8954
8572,FALCPAT_8572,other,hit_10pc_20d,other,PROMOTED,14,587,26,14,0.044293015332197615,0.02385008517887564,0.5615384615384615,7.808246597463873,volatility (20d ATR%) >= 4.0236 AND distance from 200-DMA >= -9.2327 AND close position in weekly range >= 0.4229 AND weekly range % <= 8.6663,atr_20_pct>=4.0236 AND dist_sma_200>=-9.2327 AND weekly_close_loc>=0.4229 AND weekly_range_pct<=8.6663,pat_8572
6647,FALCPAT_6647,fresh_breakout,hit_10pc_20d,breakout,PROMOTED,14,653,23,14,0.03522205206738132,0.021439509954058193,0.5652173913043479,5.6181568143190646,volatility (20d ATR%) >= 2.6723 AND 60-day return >= -11.5307 AND 60d relative strength vs market <= 3.557 AND close position in weekly range >= 0.7086,atr_20_pct>=2.6723 AND roc_60>=-11.5307 AND rs_market_60d<=3.557 AND weekly_close_loc>=0.7086,pat_6647
7735,FALCPAT_7735,pullback_reversal,hit_10pc_20d,capitulation,PROMOTED,14,914,28,14,0.030634573304157548,0.015317286652078774,0.5619047619047619,3.4706052529715476,volatility (20d ATR%) >= 3.0158 AND distance from 120-day high <= -18.0703 AND close position in weekly range >= 0.4253 AND weekly range % <= 8.6398,atr_20_pct>=3.0158 AND dist_high_120<=-18.0703 AND weekly_close_loc>=0.4253 AND weekly_range_pct<=8.6398,pat_7735
8509,FALCPAT_8509,other,hit_10pc_20d,other,PROMOTED,13,171,26,13,0.15204678362573099,0.07602339181286549,0.5564102564102564,82.50125437959032,distance from 60-day high >= -3.6453 AND weekly range % >= 8.9238,dist_high_60>=-3.6453 AND weekly_range_pct>=8.9238,pat_8509
9294,FALCPAT_9294,continuation,hit_15pc_20d,momentum,PROMOTED,13,186,20,13,0.10752688172043011,0.06989247311827956,0.5766666666666667,55.59212221082708,distance from 60-day high >= -4.2092 AND 20-day return >= 10.848 AND weekly range % >= 8.2161,dist_high_60>=-4.2092 AND roc_20>=10.848 AND weekly_range_pct>=8.2161,pat_9294
7754,FALCPAT_7754,fresh_breakout,hit_15pc_20d,breakout,PROMOTED,13,202,25,13,0.12376237623762376,0.06435643564356436,0.5413333333333334,55.30779414422878,volatility (20d ATR%) >= 3.5078 AND 5-day return >= 7.2582 AND close position in weekly range >= 0.6063 AND weekly range % >= 10.9288,atr_20_pct>=3.5078 AND roc_5>=7.2582 AND weekly_close_loc>=0.6063 AND weekly_range_pct>=10.9288,pat_7754
8691,FALCPAT_8691,fresh_breakout,hit_15pc_20d,breakout,PROMOTED,13,210,24,13,0.11428571428571428,0.06190476190476191,0.48333333333333334,43.86354192927328,volatility (20d ATR%) >= 3.9142 AND 60d relative strength vs sector >= 26.5086 AND close position in weekly range >= 0.4939,atr_20_pct>=3.9142 AND rs_sector_60d>=26.5086 AND weekly_close_loc>=0.4939,pat_8691
9429,FALCPAT_9429,other,hit_15pc_20d,other,PROMOTED,13,260,21,13,0.08076923076923077,0.05,0.6825396825396824,35.35776481010716,volatility (20d ATR%) >= 4.2484 AND distance from year-high <= -15.7819 AND distance from 200-DMA >= 1.1002 AND 20d relative strength vs sector <= 2.6078,atr_20_pct>=4.2484 AND dist_high_252<=-15.7819 AND dist_sma_200>=1.1002 AND rs_sector_20d<=2.6078,pat_9429
6151,FALCPAT_6151,fresh_breakout,hit_10pc_20d,breakout,PROMOTED,13,270,19,13,0.07037037037037037,0.04814814814814815,0.5087719298245614,22.11227936763777,volatility (20d ATR%) >= 2.3809 AND distance from year-high >= -5.3701 AND close position in weekly range >= 0.7418 AND weekly range % >= 4.478,atr_20_pct>=2.3809 AND dist_high_252>=-5.3701 AND weekly_close_loc>=0.7418 AND weekly_range_pct>=4.478,pat_6151
8270,FALCPAT_8270,fresh_breakout,hit_15pc_20d,other,PROMOTED,13,388,20,13,0.05154639175257732,0.03350515463917526,0.67,14.843135256873436,distance from year-high >= -32.38 AND distance from 60-day high <= -19.3918 AND days with sub-3% range in last 7 <= 3.5 AND 60d relative strength vs sector <= 1.7032,dist_high_252>=-32.38 AND dist_high_60<=-19.3918 AND n_sub_3_range_7d<=3.5 AND rs_sector_60d<=1.7032,pat_8270
9542,FALCPAT_9542,pullback_reversal,hit_10pc_20d,capitulation,PROMOTED,13,634,19,13,0.02996845425867508,0.02050473186119874,0.7052631578947367,5.5591780048332495,volatility (20d ATR%) >= 3.3204 AND distance from 120-day high <= -25.8628 AND 60-day return >= -24.9121 AND close position in weekly range <= 0.6786,atr_20_pct>=3.3204 AND dist_high_120<=-25.8628 AND roc_60>=-24.9121 AND weekly_close_loc<=0.6786,pat_9542
9127,FALCPAT_9127,fresh_breakout,hit_15pc_20d,breakout,PROMOTED,13,484,20,13,0.04132231404958678,0.026859504132231406,0.38333333333333336,5.457580568461242,volatility (20d ATR%) >= 3.4326 AND distance from year-high >= -21.3469 AND close position in weekly range >= 0.7406 AND weekly range % <= 10.6698,atr_20_pct>=3.4326 AND dist_high_252>=-21.3469 AND weekly_close_loc>=0.7406 AND weekly_range_pct<=10.6698,pat_9127
9195,FALCPAT_9195,other,hit_40pc_40d,other,PROMOTED,13,802,26,13,0.032418952618453865,0.016209476309226933,0.5897435897435898,3.9753204073527417,volatility (20d ATR%) <= 6.4183 AND volatility (20d ATR%) >= 4.4887 AND 20d relative strength vs sector >= -11.6776,atr_20_pct<=6.4183 AND atr_20_pct>=4.4887 AND rs_sector_20d>=-11.6776,pat_9195
8748,FALCPAT_8748,fresh_breakout,hit_25pc_30d,other,PROMOTED,13,1036,24,13,0.023166023166023165,0.012548262548262547,0.5805555555555555,2.164810142506985,volatility (20d ATR%) >= 4.0285 AND distance from year-high >= -34.3354 AND distance from 50-DMA >= -6.3733 AND 60d relative strength vs market <= 38.1353,atr_20_pct>=4.0285 AND dist_high_252>=-34.3354 AND dist_sma_50>=-6.3733 AND rs_market_60d<=38.1353,pat_8748
6223,FALCPAT_6223,other,hit_10pc_20d,other,PROMOTED,13,890,16,13,0.017977528089887642,0.014606741573033709,0.6416666666666667,2.161393028124472,distance from year-high <= -6.0163 AND distance from 60-day high <= -19.43 AND 60d relative strength vs sector <= -14.1806 AND close position in weekly range <= 0.7031,dist_high_252<=-6.0163 AND dist_high_60<=-19.43 AND rs_sector_60d<=-14.1806 AND weekly_close_loc<=0.7031,pat_6223
7164,FALCPAT_7164,fresh_breakout,hit_10pc_20d,breakout,PROMOTED,12,142,20,12,0.14084507042253522,0.08450704225352113,0.5866666666666667,87.05563377187208,volatility (20d ATR%) >= 2.2284 AND close position in weekly range >= 0.5467 AND weekly range % >= 13.298,atr_20_pct>=2.2284 AND weekly_close_loc>=0.5467 AND weekly_range_pct>=13.298,pat_7164
8646,FALCPAT_8646,fresh_breakout,hit_15pc_20d,breakout,PROMOTED,12,168,24,12,0.14285714285714285,0.07142857142857142,0.6222222222222221,79.15718792280069,volatility (20d ATR%) >= 3.4331 AND 5-day return >= 7.1233 AND close position in weekly range >= 0.6079 AND weekly range % >= 11.7238,atr_20_pct>=3.4331 AND roc_5>=7.1233 AND weekly_close_loc>=0.6079 AND weekly_range_pct>=11.7238,pat_8646
8450,FALCPAT_8450,momentum,hit_10pc_20d,momentum,PROMOTED,12,147,18,12,0.12244897959183673,0.08163265306122448,0.6185185185185186,77.08017716097797,5-day return >= 10.4381 AND close position in weekly range >= 0.1574 AND weekly range % >= 12.8017,roc_5>=10.4381 AND weekly_close_loc>=0.1574 AND weekly_range_pct>=12.8017,pat_8450
8486,FALCPAT_8486,continuation,hit_40pc_40d,other,PROMOTED,12,199,19,12,0.09547738693467336,0.06030150753768844,0.5894736842105263,42.312046512710424,volatility (20d ATR%) >= 3.359 AND 20-day return >= -5.2391 AND 60d relative strength vs sector <= 10.8226 AND weekly range % >= 10.7197,atr_20_pct>=3.359 AND roc_20>=-5.2391 AND rs_sector_60d<=10.8226 AND weekly_range_pct>=10.7197,pat_8486
7739,FALCPAT_7739,other,hit_10pc_20d,other,PROMOTED,12,232,22,12,0.09482758620689655,0.05172413793103448,0.6545454545454545,40.025676770714625,close position in weekly range <= 0.7385 AND close position in weekly range >= 0.4445 AND weekly range % >= 9.4473,weekly_close_loc<=0.7385 AND weekly_close_loc>=0.4445 AND weekly_range_pct>=9.4473,pat_7739
7685,FALCPAT_7685,other,hit_40pc_40d,other,PROMOTED,12,260,20,12,0.07692307692307693,0.046153846153846156,0.5766666666666667,25.524680212148077,volatility (20d ATR%) >= 2.8119 AND distance from 200-DMA >= 49.4324 AND 60d relative strength vs market <= 130.31,atr_20_pct>=2.8119 AND dist_sma_200>=49.4324 AND rs_market_60d<=130.31,pat_7685
8967,FALCPAT_8967,compression,hit_10pc_20d,capitulation,PROMOTED,12,334,28,12,0.08383233532934131,0.03592814371257485,0.5214285714285715,19.579972780861297,volatility (20d ATR%) >= 3.5669 AND distance from 120-day high <= -15.7106 AND days with sub-3% range in last 7 <= 3.5 AND close position in weekly range >= 0.6536,atr_20_pct>=3.5669 AND dist_high_120<=-15.7106 AND n_sub_3_range_7d<=3.5 AND weekly_close_loc>=0.6536,pat_8967
9500,FALCPAT_9500,fresh_breakout,hit_10pc_20d,breakout,PROMOTED,12,283,17,12,0.06007067137809187,0.04240282685512368,0.49411764705882355,15.691287386062807,distance from 120-day high >= -37.6909 AND days with sub-2.5% range in last 7 <= 3.5 AND days with sub-75% volume in last 20 <= 6.5 AND close position in weekly range >= 0.7666,dist_high_120>=-37.6909 AND n_sub_2_5_range_7d<=3.5 AND n_sub_75v_20d<=6.5 AND weekly_close_loc>=0.7666,pat_9500
9170,FALCPAT_9170,pullback_reversal,hit_25pc_30d,capitulation,PROMOTED,12,398,19,12,0.04773869346733668,0.03015075376884422,0.6877192982456141,12.341013566207208,volatility (20d ATR%) >= 3.3868 AND distance from 120-day high <= -32.2658 AND distance from year-high <= -26.8517 AND 60d relative strength vs sector >= -32.2112,atr_20_pct>=3.3868 AND dist_high_120<=-32.2658 AND dist_high_252<=-26.8517 AND rs_sector_60d>=-32.2112,pat_9170
7413,FALCPAT_7413,other,hit_25pc_30d,other,PROMOTED,12,434,19,12,0.04377880184331797,0.027649769585253458,0.5894736842105263,8.89591706104316,volatility (20d ATR%) >= 3.6673 AND 20d relative strength vs sector >= 10.6274 AND close position in weekly range >= 0.319,atr_20_pct>=3.6673 AND rs_sector_20d>=10.6274 AND weekly_close_loc>=0.319,pat_7413
7909,FALCPAT_7909,other,hit_25pc_30d,other,PROMOTED,12,464,18,12,0.03879310344827586,0.02586206896551724,0.6555555555555554,8.199704616222787,volatility (20d ATR%) >= 4.3575 AND 20d relative strength vs market <= 7.2399 AND weekly range % <= 7.2122,atr_20_pct>=4.3575 AND rs_market_20d<=7.2399 AND weekly_range_pct<=7.2122,pat_7909
8667,FALCPAT_8667,dryup,hit_10pc_20d,other,PROMOTED,12,397,21,12,0.05289672544080604,0.030226700251889168,0.2920634920634921,5.8219398790748365,volatility (20d ATR%) <= 4.2698 AND volatility (20d ATR%) >= 3.5891 AND days with sub-75% volume in last 20 >= 11.5 AND close position in weekly range >= 0.1821,atr_20_pct<=4.2698 AND atr_20_pct>=3.5891 AND n_sub_75v_20d>=11.5 AND weekly_close_loc>=0.1821,pat_8667
9494,FALCPAT_9494,dryup,hit_15pc_20d,other,PROMOTED,12,609,18,12,0.029556650246305417,0.019704433497536946,0.6851851851851852,4.975056825452058,volatility (20d ATR%) >= 3.0551 AND days with sub-75% volume in last 20 >= 7.5 AND 60-day return <= -12.4053 AND 60d relative strength vs sector >= -20.1105,atr_20_pct>=3.0551 AND n_sub_75v_20d>=7.5 AND roc_60<=-12.4053 AND rs_sector_60d>=-20.1105,pat_9494
8579,FALCPAT_8579,other,hit_10pc_20d,other,PROMOTED,12,605,19,12,0.03140495867768595,0.019834710743801654,0.5824561403508771,4.523329670359401,volatility (20d ATR%) <= 4.2758 AND volatility (20d ATR%) >= 3.4313 AND close position in weekly range <= 0.6707 AND close position in weekly range >= 0.3832,atr_20_pct<=4.2758 AND atr_20_pct>=3.4313 AND weekly_close_loc<=0.6707 AND weekly_close_loc>=0.3832,pat_8579
9292,FALCPAT_9292,other,hit_15pc_20d,other,PROMOTED,12,602,21,12,0.03488372093023256,0.019933554817275746,0.4634920634920635,4.018100321817204,distance from 60-day high <= -4.2092 AND close position in weekly range >= 0.0559 AND weekly range % <= 10.6648 AND weekly range % >= 8.2161,dist_high_60<=-4.2092 AND weekly_close_loc>=0.0559 AND weekly_range_pct<=10.6648 AND weekly_range_pct>=8.2161,pat_9292
9546,FALCPAT_9546,fresh_breakout,hit_10pc_20d,breakout,PROMOTED,12,560,18,12,0.03214285714285714,0.02142857142857143,0.3962962962962963,3.4030523200739773,volatility (20d ATR%) >= 3.3204 AND distance from year-high >= -19.8681 AND close position in weekly range >= 0.6786 AND weekly range % <= 8.9567,atr_20_pct>=3.3204 AND dist_high_252>=-19.8681 AND weekly_close_loc>=0.6786 AND weekly_range_pct<=8.9567,pat_9546
7884,FALCPAT_7884,other,hit_25pc_30d,other,PROMOTED,12,1020,26,12,0.025490196078431372,0.011764705882352941,0.6051282051282051,2.2624165129492524,volatility (20d ATR%) >= 4.0235 AND distance from 20-DMA <= 2.9741,atr_20_pct>=4.0235 AND dist_sma_20<=2.9741,pat_7884
6757,FALCPAT_6757,fresh_breakout,hit_10pc_20d,breakout,PROMOTED,11,96,22,11,0.22916666666666666,0.11458333333333333,0.5878787878787879,186.45021520418632,volatility (20d ATR%) >= 3.3478 AND close position in daily range <= 0.3941 AND close position in weekly range >= 0.6374 AND weekly range % >= 8.5149,atr_20_pct>=3.3478 AND close_loc<=0.3941 AND weekly_close_loc>=0.6374 AND weekly_range_pct>=8.5149,pat_6757
8585,FALCPAT_8585,fresh_breakout,hit_10pc_20d,breakout,PROMOTED,11,165,23,11,0.1393939393939394,0.06666666666666667,0.5797101449275363,65.06774145661986,volatility (20d ATR%) >= 3.4313 AND 5-day return >= 5.0998 AND close position in weekly range >= 0.6707 AND weekly range % >= 11.6077,atr_20_pct>=3.4313 AND roc_5>=5.0998 AND weekly_close_loc>=0.6707 AND weekly_range_pct>=11.6077,pat_8585
8749,FALCPAT_8749,fresh_breakout,hit_25pc_30d,other,PROMOTED,11,159,18,11,0.11320754716981132,0.06918238993710692,0.5407407407407407,51.15195445766492,volatility (20d ATR%) >= 4.0285 AND distance from year-high >= -34.3354 AND distance from 50-DMA >= -6.3733 AND 60d relative strength vs market >= 38.1353,atr_20_pct>=4.0285 AND dist_high_252>=-34.3354 AND dist_sma_50>=-6.3733 AND rs_market_60d>=38.1353,pat_8749
8199,FALCPAT_8199,pullback_reversal,hit_10pc_20d,capitulation,PROMOTED,11,361,23,11,0.06371191135734072,0.030470914127423823,0.6550724637681159,15.36022793799017,volatility (20d ATR%) >= 2.975 AND distance from 120-day high <= -26.1604 AND 60d relative strength vs market >= -22.1244 AND close position in weekly range >= 0.4434,atr_20_pct>=2.975 AND dist_high_120<=-26.1604 AND rs_market_60d>=-22.1244 AND weekly_close_loc>=0.4434,pat_8199
7553,FALCPAT_7553,fresh_breakout,hit_10pc_20d,breakout,PROMOTED,11,350,19,11,0.054285714285714284,0.03142857142857143,0.5157894736842105,10.62881556693885,volatility (20d ATR%) >= 2.3477 AND 20-day return <= 3.5439 AND close position in weekly range >= 0.4998 AND weekly range % >= 6.9997,atr_20_pct>=2.3477 AND roc_20<=3.5439 AND weekly_close_loc>=0.4998 AND weekly_range_pct>=6.9997,pat_7553
9261,FALCPAT_9261,other,hit_10pc_20d,other,PROMOTED,11,530,21,11,0.03962264150943396,0.020754716981132074,0.6793650793650793,6.7478537181823715,volatility (20d ATR%) >= 4.4771 AND distance from 200-DMA <= 27.3836 AND close position in weekly range >= 0.1095,atr_20_pct>=4.4771 AND dist_sma_200<=27.3836 AND weekly_close_loc>=0.1095,pat_9261
9223,FALCPAT_9223,fresh_breakout,hit_25pc_30d,other,PROMOTED,11,573,18,11,0.031413612565445025,0.019197207678883072,0.5592592592592592,4.07353384006024,volatility (20d ATR%) >= 4.4887 AND distance from year-high >= -25.6329 AND 20d relative strength vs sector >= -11.6776,atr_20_pct>=4.4887 AND dist_high_252>=-25.6329 AND rs_sector_20d>=-11.6776,pat_9223
7621,FALCPAT_7621,fresh_breakout,hit_10pc_20d,breakout,PROMOTED,10,135,16,10,0.11851851851851852,0.07407407407407407,0.44583333333333336,45.61916311783819,distance from 50-DMA >= 14.898 AND 5-day return >= 3.643 AND close position in weekly range >= 0.5098 AND weekly range % >= 9.062,dist_sma_50>=14.898 AND roc_5>=3.643 AND weekly_close_loc>=0.5098 AND weekly_range_pct>=9.062,pat_7621
6439,FALCPAT_6439,fresh_breakout,hit_15pc_20d,breakout,PROMOTED,10,150,13,10,0.08666666666666667,0.06666666666666667,0.41538461538461535,27.972647590293114,60-day return <= -5.8816 AND 20d relative strength vs sector >= -2.8018 AND close position in weekly range >= 0.7316 AND weekly range % >= 6.249,roc_60<=-5.8816 AND rs_sector_20d>=-2.8018 AND weekly_close_loc>=0.7316 AND weekly_range_pct>=6.249,pat_6439
7086,FALCPAT_7086,fresh_breakout,hit_10pc_20d,breakout,PROMOTED,10,178,17,10,0.09550561797752809,0.056179775280898875,0.41960784313725497,26.240665566929714,volatility (20d ATR%) >= 2.3175 AND distance from 120-day high >= -4.8089 AND close position in weekly range >= 0.6441 AND weekly range % >= 7.9969,atr_20_pct>=2.3175 AND dist_high_120>=-4.8089 AND weekly_close_loc>=0.6441 AND weekly_range_pct>=7.9969,pat_7086
8762,FALCPAT_8762,other,hit_10pc_20d,other,PROMOTED,10,191,16,10,0.08376963350785341,0.05235602094240838,0.4666666666666667,23.855161515681143,volatility (20d ATR%) <= 3.6888 AND volatility (20d ATR%) >= 3.521 AND distance from 50-DMA >= -4.1929 AND weekly range % >= 6.6399,atr_20_pct<=3.6888 AND atr_20_pct>=3.521 AND dist_sma_50>=-4.1929 AND weekly_range_pct>=6.6399,pat_8762
7861,FALCPAT_7861,fresh_breakout,hit_10pc_20d,breakout,PROMOTED,10,227,18,10,0.07929515418502203,0.04405286343612335,0.5740740740740741,23.3728169062051,distance from 10-day high <= -2.5243 AND distance from year-high >= -15.5986 AND close position in weekly range >= 0.4998 AND weekly range % >= 7.5026,dist_high_10<=-2.5243 AND dist_high_252>=-15.5986 AND weekly_close_loc>=0.4998 AND weekly_range_pct>=7.5026,pat_7861
8581,FALCPAT_8581,other,hit_10pc_20d,other,PROMOTED,10,429,18,10,0.04195804195804196,0.023310023310023312,0.6962962962962963,7.9373281964572895,volatility (20d ATR%) >= 4.2758 AND close position in weekly range <= 0.6707 AND close position in weekly range >= 0.3549,atr_20_pct>=4.2758 AND weekly_close_loc<=0.6707 AND weekly_close_loc>=0.3549,pat_8581
7447,FALCPAT_7447,dryup,hit_25pc_30d,other,PROMOTED,10,270,11,10,0.040740740740740744,0.037037037037037035,0.3212121212121212,5.649101974872486,volatility (20d ATR%) >= 3.2758 AND days with sub-75% volume in last 20 >= 11.5 AND 60-day return >= 4.3863 AND close position in weekly range >= 0.3227,atr_20_pct>=3.2758 AND n_sub_75v_20d>=11.5 AND roc_60>=4.3863 AND weekly_close_loc>=0.3227,pat_7447
9568,FALCPAT_9568,pullback_reversal,hit_15pc_20d,capitulation,PROMOTED,10,560,16,10,0.02857142857142857,0.017857142857142856,0.7541666666666667,4.484702038905766,volatility (20d ATR%) >= 3.5761 AND distance from year-high <= -27.4711 AND 60-day return >= -25.4389 AND close position in weekly range <= 0.767,atr_20_pct>=3.5761 AND dist_high_252<=-27.4711 AND roc_60>=-25.4389 AND weekly_close_loc<=0.767,pat_9568
7445,FALCPAT_7445,dryup,hit_25pc_30d,other,PROMOTED,9,124,14,9,0.11290322580645161,0.07258064516129033,0.5190476190476191,47.60386198835662,volatility (20d ATR%) >= 3.2758 AND days with sub-75% volume in last 20 <= 11.5 AND 60d relative strength vs market >= 39.7537 AND close position in weekly range >= 0.3227,atr_20_pct>=3.2758 AND n_sub_75v_20d<=11.5 AND rs_market_60d>=39.7537 AND weekly_close_loc>=0.3227,pat_7445
7860,FALCPAT_7860,fresh_breakout,hit_10pc_20d,breakout,PROMOTED,9,190,19,9,0.1,0.04736842105263158,0.6807017543859648,36.087233346462796,distance from 10-day high <= -2.5243 AND distance from year-high <= -15.5986 AND close position in weekly range >= 0.4998 AND weekly range % >= 7.5026,dist_high_10<=-2.5243 AND dist_high_252<=-15.5986 AND weekly_close_loc>=0.4998 AND weekly_range_pct>=7.5026,pat_7860
7694,FALCPAT_7694,fresh_breakout,hit_10pc_20d,breakout,PROMOTED,9,171,12,9,0.07017543859649122,0.05263157894736842,0.7055555555555555,29.165576142298423,volatility (20d ATR%) >= 2.5871 AND close position in weekly range <= 0.6838 AND close position in weekly range >= 0.498 AND weekly range % >= 8.5178,atr_20_pct>=2.5871 AND weekly_close_loc<=0.6838 AND weekly_close_loc>=0.498 AND weekly_range_pct>=8.5178,pat_7694
9332,FALCPAT_9332,compression,hit_25pc_30d,other,PROMOTED,9,184,15,9,0.08152173913043478,0.04891304347826087,0.5244444444444445,23.404826233310487,volatility (20d ATR%) >= 4.3657 AND distance from 120-day high >= -46.4478 AND days with sub-3% range in last 7 <= 2.5 AND 60d relative strength vs sector >= 25.8669,atr_20_pct>=4.3657 AND dist_high_120>=-46.4478 AND n_sub_3_range_7d<=2.5 AND rs_sector_60d>=25.8669,pat_9332
9395,FALCPAT_9395,pullback_reversal,hit_10pc_20d,capitulation,PROMOTED,9,365,24,9,0.06575342465753424,0.024657534246575342,0.5722222222222222,10.3834231100516,volatility (20d ATR%) >= 3.3431 AND distance from year-high <= -25.0624 AND 20d relative strength vs sector <= 5.8353 AND close position in weekly range >= 0.4821,atr_20_pct>=3.3431 AND dist_high_252<=-25.0624 AND rs_sector_20d<=5.8353 AND weekly_close_loc>=0.4821,pat_9395
8421,FALCPAT_8421,continuation,hit_40pc_40d,other,PROMOTED,9,292,16,9,0.0547945205479452,0.030821917808219176,0.5416666666666666,10.238508831209861,volatility (20d ATR%) >= 4.4253 AND distance from 200-DMA >= 15.902 AND 60-day return >= 14.222 AND weekly range % <= 17.6813,atr_20_pct>=4.4253 AND dist_sma_200>=15.902 AND roc_60>=14.222 AND weekly_range_pct<=17.6813,pat_8421
7253,FALCPAT_7253,fresh_breakout,hit_10pc_20d,breakout,PROMOTED,9,269,15,9,0.055762081784386616,0.03345724907063197,0.3866666666666667,8.073721275446099,volatility (20d ATR%) >= 2.1521 AND 60d relative strength vs sector >= 13.7136 AND close position in weekly range >= 0.8296,atr_20_pct>=2.1521 AND rs_sector_60d>=13.7136 AND weekly_close_loc>=0.8296,pat_7253
8369,FALCPAT_8369,other,hit_25pc_30d,other,PROMOTED,9,439,14,9,0.03189066059225513,0.02050113895216401,0.7,5.1220917562649895,volatility (20d ATR%) >= 3.9353 AND distance from 60-day high <= -9.5262 AND 20d relative strength vs market <= -5.6522 AND weekly range % <= 9.6165,atr_20_pct>=3.9353 AND dist_high_60<=-9.5262 AND rs_market_20d<=-5.6522 AND weekly_range_pct<=9.6165,pat_8369
6420,FALCPAT_6420,other,hit_10pc_20d,other,PROMOTED,9,455,17,9,0.03736263736263736,0.01978021978021978,0.5882352941176471,4.865500545182824,volatility (20d ATR%) >= 2.9747 AND distance from 60-day high <= -13.561 AND 60d relative strength vs market >= -3.8371 AND close position in weekly range <= 0.6594,atr_20_pct>=2.9747 AND dist_high_60<=-13.561 AND rs_market_60d>=-3.8371 AND weekly_close_loc<=0.6594,pat_6420
8163,FALCPAT_8163,dryup,hit_10pc_20d,other,PROMOTED,9,514,15,9,0.029182879377431907,0.017509727626459144,0.3866666666666667,2.21132244701871,volatility (20d ATR%) >= 3.08 AND days with sub-75% volume in last 20 >= 12.5 AND close position in weekly range >= 0.4086,atr_20_pct>=3.08 AND n_sub_75v_20d>=12.5 AND weekly_close_loc>=0.4086,pat_8163
8099,FALCPAT_8099,fresh_breakout,hit_10pc_20d,breakout,PROMOTED,9,950,19,9,0.02,0.009473684210526316,0.5824561403508771,1.235150667116046,volatility (20d ATR%) >= 3.1155 AND distance from 200-DMA <= 10.5707 AND close position in weekly range >= 0.53 AND weekly range % <= 10.472,atr_20_pct>=3.1155 AND dist_sma_200<=10.5707 AND weekly_close_loc>=0.53 AND weekly_range_pct<=10.472,pat_8099
6392,FALCPAT_6392,pullback_reversal,hit_10pc_20d,capitulation,PROMOTED,9,1001,15,9,0.014985014985014986,0.008991008991008992,0.6577777777777778,0.9918651249133034,distance from 20-day high <= -3.3536 AND distance from year-high <= -24.2757 AND 60d relative strength vs sector >= -14.3816 AND weekly range % >= 3.5174,dist_high_20<=-3.3536 AND dist_high_252<=-24.2757 AND rs_sector_60d>=-14.3816 AND weekly_range_pct>=3.5174,pat_6392
6295,FALCPAT_6295,pullback_reversal,hit_10pc_20d,capitulation,PROMOTED,9,999,14,9,0.014014014014014014,0.009009009009009009,0.5761904761904761,0.8141669216386448,distance from 200-DMA <= -7.8665 AND 60-day return <= -15.5387 AND 60d relative strength vs market <= -12.8744,dist_sma_200<=-7.8665 AND roc_60<=-15.5387 AND rs_market_60d<=-12.8744,pat_6295
6263,FALCPAT_6263,pullback_reversal,hit_10pc_20d,capitulation,PROMOTED,9,1104,11,9,0.009963768115942028,0.008152173913043478,0.6909090909090909,0.6280956192555073,distance from 120-day high <= -15.8326 AND 5-day return <= -0.708 AND 20d relative strength vs market <= -6.9151,dist_high_120<=-15.8326 AND roc_5<=-0.708 AND rs_market_20d<=-6.9151,pat_6263
9412,FALCPAT_9412,pullback_reversal,hit_25pc_30d,capitulation,PROBATION,8,109,13,8,0.11926605504587157,0.07339449541284404,0.758974358974359,70.95353156087731,distance from year-high <= -37.7756 AND distance from 200-DMA >= -8.8104,dist_high_252<=-37.7756 AND dist_sma_200>=-8.8104,pat_9412
8430,FALCPAT_8430,fresh_breakout,hit_15pc_20d,breakout,PROMOTED,8,138,14,8,0.10144927536231885,0.057971014492753624,0.5,31.404828288775153,volatility (20d ATR%) >= 4.3977 AND 60d relative strength vs sector >= 27.5345 AND close position in weekly range >= 0.4638,atr_20_pct>=4.3977 AND rs_sector_60d>=27.5345 AND weekly_close_loc>=0.4638,pat_8430
7941,FALCPAT_7941,pullback_reversal,hit_10pc_20d,other,PROMOTED,8,173,13,8,0.07514450867052024,0.046242774566473986,0.682051282051282,25.311899158446636,distance from 10-day high <= -3.8795 AND 60-day return <= 12.7797 AND close position in weekly range >= 0.4131 AND weekly range % >= 7.8994,dist_high_10<=-3.8795 AND roc_60<=12.7797 AND weekly_close_loc>=0.4131 AND weekly_range_pct>=7.8994,pat_7941
8573,FALCPAT_8573,other,hit_10pc_20d,other,PROMOTED,8,196,15,8,0.07653061224489796,0.04081632653061224,0.6133333333333333,20.461253716342863,volatility (20d ATR%) >= 4.0236 AND 5-day return <= 8.9765 AND close position in weekly range >= 0.4229 AND weekly range % >= 8.6663,atr_20_pct>=4.0236 AND roc_5<=8.9765 AND weekly_close_loc>=0.4229 AND weekly_range_pct>=8.6663,pat_8573
8632,FALCPAT_8632,other,hit_25pc_30d,other,PROMOTED,8,157,13,8,0.08280254777070063,0.050955414012738856,0.41025641025641024,18.486554653821447,volatility (20d ATR%) >= 3.712 AND distance from 200-DMA <= 81.1105 AND 60d relative strength vs sector >= 37.5146,atr_20_pct>=3.712 AND dist_sma_200<=81.1105 AND rs_sector_60d>=37.5146,pat_8632
7972,FALCPAT_7972,dryup,hit_15pc_20d,other,PROMOTED,8,215,14,8,0.06511627906976744,0.037209302325581395,0.6238095238095238,16.142086593220085,days with sub-75% volume in last 20 <= 10.5 AND close position in weekly range <= 0.7255 AND close position in weekly range >= 0.2793 AND weekly range % >= 9.1882,n_sub_75v_20d<=10.5 AND weekly_close_loc<=0.7255 AND weekly_close_loc>=0.2793 AND weekly_range_pct>=9.1882,pat_7972
8354,FALCPAT_8354,other,hit_25pc_30d,other,PROMOTED,8,175,12,8,0.06857142857142857,0.045714285714285714,0.47222222222222227,15.809135625009722,distance from 200-DMA <= 62.9021 AND distance from 200-DMA >= 43.4421 AND distance from 50-DMA >= 7.1184 AND close position in weekly range >= 0.3679,dist_sma_200<=62.9021 AND dist_sma_200>=43.4421 AND dist_sma_50>=7.1184 AND weekly_close_loc>=0.3679,pat_8354
6236,FALCPAT_6236,fresh_breakout,hit_25pc_30d,breakout,PROMOTED,8,307,13,8,0.04234527687296417,0.026058631921824105,0.4307692307692308,5.07654022796154,volatility (20d ATR%) >= 2.4985 AND distance from year-high >= -9.0394 AND 60d relative strength vs sector >= -3.1676 AND close position in weekly range >= 0.8386,atr_20_pct>=2.4985 AND dist_high_252>=-9.0394 AND rs_sector_60d>=-3.1676 AND weekly_close_loc>=0.8386,pat_6236
7446,FALCPAT_7446,dryup,hit_25pc_30d,other,PROMOTED,8,446,16,8,0.03587443946188341,0.017937219730941704,0.4583333333333333,3.1498383377169845,volatility (20d ATR%) >= 3.2758 AND days with sub-75% volume in last 20 >= 11.5 AND 60-day return <= 4.3863 AND close position in weekly range >= 0.3227,atr_20_pct>=3.2758 AND n_sub_75v_20d>=11.5 AND roc_60<=4.3863 AND weekly_close_loc>=0.3227,pat_7446
9331,FALCPAT_9331,compression,hit_25pc_30d,other,PROMOTED,8,579,14,8,0.024179620034542316,0.013816925734024179,0.7904761904761906,2.8204360527165333,volatility (20d ATR%) >= 4.3657 AND distance from 120-day high >= -46.4478 AND days with sub-3% range in last 7 <= 2.5 AND 60d relative strength vs sector <= 25.8669,atr_20_pct>=4.3657 AND dist_high_120>=-46.4478 AND n_sub_3_range_7d<=2.5 AND rs_sector_60d<=25.8669,pat_9331
6320,FALCPAT_6320,pullback_reversal,hit_15pc_20d,other,PROMOTED,8,660,11,8,0.016666666666666666,0.012121212121212121,0.6969696969696969,1.5037487044058528,distance from 10-day high <= -9.452 AND distance from 20-DMA <= 4.6493 AND distance from 200-DMA >= -7.5282,dist_high_10<=-9.452 AND dist_sma_20<=4.6493 AND dist_sma_200>=-7.5282,pat_6320
9301,FALCPAT_9301,pullback_reversal,hit_10pc_20d,capitulation,PROMOTED,7,74,20,7,0.2702702702702703,0.0945945945945946,0.6066666666666667,156.76660961606106,volatility (20d ATR%) >= 2.7959 AND distance from year-high <= -23.5637 AND close position in weekly range >= 0.6562 AND weekly range % >= 9.9519,atr_20_pct>=2.7959 AND dist_high_252<=-23.5637 AND weekly_close_loc>=0.6562 AND weekly_range_pct>=9.9519,pat_9301
7470,FALCPAT_7470,fresh_breakout,hit_15pc_20d,breakout,PROMOTED,7,48,9,7,0.1875,0.14583333333333334,0.5111111111111111,141.2577334300857,distance from 20-day high >= -3.9429 AND 60d relative strength vs sector <= -5.1916 AND close position in weekly range >= 0.5947 AND weekly range % >= 10.0582,dist_high_20>=-3.9429 AND rs_sector_60d<=-5.1916 AND weekly_close_loc>=0.5947 AND weekly_range_pct>=10.0582,pat_7470
7603,FALCPAT_7603,fresh_breakout,hit_15pc_20d,breakout,PROMOTED,7,84,12,7,0.14285714285714285,0.08333333333333333,0.5722222222222222,68.85322232853628,5-day return >= 11.7516 AND close position in weekly range >= 0.5365 AND weekly range % >= 14.9824,roc_5>=11.7516 AND weekly_close_loc>=0.5365 AND weekly_range_pct>=14.9824,pat_7603
9128,FALCPAT_9128,fresh_breakout,hit_15pc_20d,breakout,PROMOTED,7,107,11,7,0.102803738317757,0.06542056074766354,0.6363636363636365,43.258092120451415,volatility (20d ATR%) >= 3.4326 AND distance from year-high >= -21.3469 AND close position in weekly range >= 0.7406 AND weekly range % >= 10.6698,atr_20_pct>=3.4326 AND dist_high_252>=-21.3469 AND weekly_close_loc>=0.7406 AND weekly_range_pct>=10.6698,pat_9128
8582,FALCPAT_8582,fresh_breakout,hit_10pc_20d,breakout,PROMOTED,7,101,13,7,0.12871287128712872,0.06930693069306931,0.4666666666666667,42.076950997821314,volatility (20d ATR%) >= 3.4313 AND close position in daily range <= 0.4382 AND close position in weekly range >= 0.6707 AND weekly range % <= 11.6077,atr_20_pct>=3.4313 AND close_loc<=0.4382 AND weekly_close_loc>=0.6707 AND weekly_range_pct<=11.6077,pat_8582
9005,FALCPAT_9005,other,hit_15pc_20d,other,PROMOTED,7,247,13,7,0.05263157894736842,0.02834008097165992,0.7538461538461537,11.364989679586085,volatility (20d ATR%) >= 4.1414 AND 60d relative strength vs sector <= 15.164 AND weekly range % >= 9.1665,atr_20_pct>=4.1414 AND rs_sector_60d<=15.164 AND weekly_range_pct>=9.1665,pat_9005
8274,FALCPAT_8274,compression,hit_15pc_20d,other,PROMOTED,7,210,12,7,0.05714285714285714,0.03333333333333333,0.48333333333333334,9.305212182652673,distance from 200-DMA <= 80.5179 AND days with sub-3% range in last 7 <= 3.5 AND 20d relative strength vs sector >= 18.0764 AND 60d relative strength vs sector >= 1.7032,dist_sma_200<=80.5179 AND n_sub_3_range_7d<=3.5 AND rs_sector_20d>=18.0764 AND rs_sector_60d>=1.7032,pat_8274
8877,FALCPAT_8877,pullback_reversal,hit_10pc_20d,capitulation,PROMOTED,7,301,14,7,0.046511627906976744,0.023255813953488372,0.5761904761904761,6.299382746131029,volatility (20d ATR%) >= 2.5005 AND distance from 120-day high <= -21.2998 AND 20d relative strength vs sector <= 4.9934 AND close position in weekly range >= 0.7657,atr_20_pct>=2.5005 AND dist_high_120<=-21.2998 AND rs_sector_20d<=4.9934 AND weekly_close_loc>=0.7657,pat_8877
9367,FALCPAT_9367,other,hit_15pc_20d,other,PROMOTED,7,386,13,7,0.03367875647668394,0.018134715025906734,0.6512820512820513,4.020450589229952,volatility (20d ATR%) <= 5.2642 AND volatility (20d ATR%) >= 4.3375 AND close position in weekly range <= 0.7694 AND weekly range % >= 6.038,atr_20_pct<=5.2642 AND atr_20_pct>=4.3375 AND weekly_close_loc<=0.7694 AND weekly_range_pct>=6.038,pat_9367
6346,FALCPAT_6346,fresh_breakout,hit_15pc_20d,capitulation,PROMOTED,7,471,18,7,0.03821656050955414,0.014861995753715499,0.6666666666666666,3.827157262727152,volatility (20d ATR%) >= 3.6491 AND distance from 20-day high <= -9.0485 AND distance from year-high <= -24.4198 AND distance from year-high >= -45.8435,atr_20_pct>=3.6491 AND dist_high_20<=-9.0485 AND dist_high_252<=-24.4198 AND dist_high_252>=-45.8435,pat_6346
8502,FALCPAT_8502,other,hit_15pc_20d,other,PROMOTED,7,412,12,7,0.02912621359223301,0.01699029126213592,0.7444444444444446,3.723539658379929,volatility (20d ATR%) >= 3.596 AND 60d relative strength vs market <= -12.0015 AND 60d relative strength vs market >= -27.0458 AND close position in weekly range <= 0.6795,atr_20_pct>=3.596 AND rs_market_60d<=-12.0015 AND rs_market_60d>=-27.0458 AND weekly_close_loc<=0.6795,pat_8502
8618,FALCPAT_8618,other,hit_25pc_30d,other,PROMOTED,7,428,15,7,0.035046728971962614,0.016355140186915886,0.5733333333333334,3.32160350210609,volatility (20d ATR%) >= 4.5898 AND close position in weekly range >= 0.3905 AND weekly range % <= 12.8291,atr_20_pct>=4.5898 AND weekly_close_loc>=0.3905 AND weekly_range_pct<=12.8291,pat_8618
6569,FALCPAT_6569,pullback_reversal,hit_25pc_30d,capitulation,PROMOTED,7,421,12,7,0.028503562945368172,0.0166270783847981,0.6222222222222221,2.9805708412059553,distance from 120-day high <= -11.5647 AND distance from year-high <= -38.302 AND 60d relative strength vs sector <= -4.7312,dist_high_120<=-11.5647 AND dist_high_252<=-38.302 AND rs_sector_60d<=-4.7312,pat_6569
9300,FALCPAT_9300,pullback_reversal,hit_10pc_20d,capitulation,PROMOTED,7,419,11,7,0.026252983293556086,0.016706443914081145,0.5696969696969698,2.5254886736468776,volatility (20d ATR%) >= 2.7959 AND distance from year-high <= -23.5637 AND close position in weekly range >= 0.6562 AND weekly range % <= 9.9519,atr_20_pct>=2.7959 AND dist_high_252<=-23.5637 AND weekly_close_loc>=0.6562 AND weekly_range_pct<=9.9519,pat_9300
6545,FALCPAT_6545,pullback_reversal,hit_15pc_20d,capitulation,PROMOTED,7,462,12,7,0.025974025974025976,0.015151515151515152,0.5722222222222222,2.276139581108638,volatility (20d ATR%) >= 2.2916 AND distance from year-high <= -37.1329 AND 60d relative strength vs sector <= -4.87,atr_20_pct>=2.2916 AND dist_high_252<=-37.1329 AND rs_sector_60d<=-4.87,pat_6545
8097,FALCPAT_8097,pullback_reversal,hit_10pc_20d,capitulation,PROMOTED,7,557,8,7,0.01436265709156194,0.012567324955116697,0.525,0.9578020815932652,volatility (20d ATR%) >= 3.1155 AND distance from 120-day high <= -26.859 AND distance from 120-day high >= -40.3071 AND close position in weekly range <= 0.53,atr_20_pct>=3.1155 AND dist_high_120<=-26.859 AND dist_high_120>=-40.3071 AND weekly_close_loc<=0.53,pat_8097
8349,FALCPAT_8349,fresh_breakout,hit_25pc_30d,breakout,PROMOTED,6,26,10,6,0.38461538461538464,0.23076923076923078,0.62,520.4885113456232,distance from 50-DMA <= 7.1184 AND close position in weekly range >= 0.6784 AND weekly range % >= 14.8541,dist_sma_50<=7.1184 AND weekly_close_loc>=0.6784 AND weekly_range_pct>=14.8541,pat_8349
7599,FALCPAT_7599,fresh_breakout,hit_15pc_20d,breakout,PROMOTED,6,98,9,6,0.09183673469387756,0.061224489795918366,0.6518518518518519,34.66613436485743,distance from 50-DMA >= 20.4217 AND 60d relative strength vs sector >= -12.3946 AND close position in weekly range >= 0.5365 AND weekly range % <= 11.038,dist_sma_50>=20.4217 AND rs_sector_60d>=-12.3946 AND weekly_close_loc>=0.5365 AND weekly_range_pct<=11.038,pat_7599
8621,FALCPAT_8621,other,hit_25pc_30d,other,PROMOTED,6,100,9,6,0.09,0.06,0.48888888888888893,24.9700165830068,volatility (20d ATR%) >= 3.5234 AND close position in weekly range <= 0.7828 AND close position in weekly range >= 0.3476 AND weekly range % >= 12.8291,atr_20_pct>=3.5234 AND weekly_close_loc<=0.7828 AND weekly_close_loc>=0.3476 AND weekly_range_pct>=12.8291,pat_8621
8574,FALCPAT_8574,momentum,hit_10pc_20d,momentum,PROMOTED,6,156,13,6,0.08333333333333333,0.038461538461538464,0.6,18.18911464379866,volatility (20d ATR%) >= 4.0236 AND 5-day return >= 8.9765 AND close position in weekly range >= 0.4229 AND weekly range % >= 8.6663,atr_20_pct>=4.0236 AND roc_5>=8.9765 AND weekly_close_loc>=0.4229 AND weekly_range_pct>=8.6663,pat_8574
6645,FALCPAT_6645,fresh_breakout,hit_10pc_20d,breakout,PROBATION,6,205,12,6,0.05853658536585366,0.02926829268292683,0.65,10.533023057025206,volatility (20d ATR%) >= 2.6723 AND 60-day return <= -11.5307 AND 60d relative strength vs sector <= -13.9058 AND close position in weekly range >= 0.7086,atr_20_pct>=2.6723 AND roc_60<=-11.5307 AND rs_sector_60d<=-13.9058 AND weekly_close_loc>=0.7086,pat_6645
6474,FALCPAT_6474,pullback_reversal,hit_15pc_20d,capitulation,PROMOTED,6,195,10,6,0.05128205128205128,0.03076923076923077,0.6333333333333333,9.45212111404238,volatility (20d ATR%) >= 2.7816 AND distance from year-high <= -43.9096,atr_20_pct>=2.7816 AND dist_high_252<=-43.9096,pat_6474
8225,FALCPAT_8225,fresh_breakout,hit_25pc_30d,breakout,PROMOTED,6,173,11,6,0.06358381502890173,0.03468208092485549,0.44848484848484843,9.354367088688191,volatility (20d ATR%) >= 3.732 AND distance from year-high <= -11.0436 AND close position in weekly range <= 0.9024 AND close position in weekly range >= 0.7961,atr_20_pct>=3.732 AND dist_high_252<=-11.0436 AND weekly_close_loc<=0.9024 AND weekly_close_loc>=0.7961,pat_8225
8876,FALCPAT_8876,pullback_reversal,hit_10pc_20d,capitulation,PROMOTED,6,150,7,6,0.04666666666666667,0.04,0.5142857142857142,9.08000603018429,volatility (20d ATR%) >= 2.5005 AND distance from 120-day high <= -21.2998 AND 60d relative strength vs market >= 0.438 AND close position in weekly range <= 0.7657,atr_20_pct>=2.5005 AND dist_high_120<=-21.2998 AND rs_market_60d>=0.438 AND weekly_close_loc<=0.7657,pat_8876
9597,FALCPAT_9597,pullback_reversal,hit_40pc_40d,capitulation,PROMOTED,6,225,11,6,0.04888888888888889,0.02666666666666667,0.7151515151515151,8.818442070467048,volatility (20d ATR%) >= 4.1105 AND distance from year-high <= -35.2525 AND 60-day return <= 20.6957,atr_20_pct>=4.1105 AND dist_high_252<=-35.2525 AND roc_60<=20.6957,pat_9597
7992,FALCPAT_7992,fresh_breakout,hit_25pc_30d,breakout,PROMOTED,6,267,12,6,0.0449438202247191,0.02247191011235955,0.4444444444444444,4.245632112567292,distance from 200-DMA <= 61.1444 AND distance from 200-DMA >= 35.3444 AND 60d relative strength vs sector >= -20.939 AND close position in weekly range >= 0.6291,dist_sma_200<=61.1444 AND dist_sma_200>=35.3444 AND rs_sector_60d>=-20.939 AND weekly_close_loc>=0.6291,pat_7992
8262,FALCPAT_8262,other,hit_10pc_20d,other,PROMOTED,6,334,10,6,0.029940119760479042,0.017964071856287425,0.7200000000000001,3.662736843901656,volatility (20d ATR%) >= 4.4758 AND 60d relative strength vs market <= 49.5142 AND 60d relative strength vs sector >= -3.608 AND weekly range % >= 5.294,atr_20_pct>=4.4758 AND rs_market_60d<=49.5142 AND rs_sector_60d>=-3.608 AND weekly_range_pct>=5.294,pat_8262
9343,FALCPAT_9343,fresh_breakout,hit_10pc_20d,breakout,PROBATION,6,378,16,6,0.042328042328042326,0.015873015873015872,0.5041666666666667,3.203883131457158,volatility (20d ATR%) <= 3.3809 AND volatility (20d ATR%) >= 2.691 AND 60-day return >= -0.2981 AND close position in weekly range >= 0.6707,atr_20_pct<=3.3809 AND atr_20_pct>=2.691 AND roc_60>=-0.2981 AND weekly_close_loc>=0.6707,pat_9343
9545,FALCPAT_9545,fresh_breakout,hit_10pc_20d,breakout,PROMOTED,6,309,12,6,0.038834951456310676,0.019417475728155338,0.4055555555555556,2.892549478445333,volatility (20d ATR%) >= 3.3204 AND distance from year-high <= -19.8681 AND close position in weekly range >= 0.6786 AND weekly range % <= 8.9567,atr_20_pct>=3.3204 AND dist_high_252<=-19.8681 AND weekly_close_loc>=0.6786 AND weekly_range_pct<=8.9567,pat_9545
7911,FALCPAT_7911,other,hit_25pc_30d,other,PROMOTED,6,367,9,6,0.02452316076294278,0.01634877384196185,0.6,2.275242993256463,volatility (20d ATR%) >= 4.3575 AND 20d relative strength vs market >= 7.2399 AND 20d relative strength vs sector <= 26.4767,atr_20_pct>=4.3575 AND rs_market_20d>=7.2399 AND rs_sector_20d<=26.4767,pat_7911
8405,FALCPAT_8405,fresh_breakout,hit_10pc_20d,breakout,PROMOTED,6,331,10,6,0.030211480362537766,0.01812688821752266,0.36000000000000004,1.8647158722460235,distance from 20-day high <= -3.9254 AND close position in weekly range >= 0.5947 AND weekly range % <= 9.4741 AND weekly range % >= 5.4665,dist_high_20<=-3.9254 AND weekly_close_loc>=0.5947 AND weekly_range_pct<=9.4741 AND weekly_range_pct>=5.4665,pat_8405
6166,FALCPAT_6166,pullback_reversal,hit_15pc_20d,capitulation,PROMOTED,6,472,9,6,0.019067796610169493,0.012711864406779662,0.6148148148148148,1.4095126903661848,volatility (20d ATR%) >= 2.3998 AND distance from 10-day high <= -10.5311 AND distance from year-high <= -22.7827 AND distance from 200-DMA <= 26.4245,atr_20_pct>=2.3998 AND dist_high_10<=-10.5311 AND dist_high_252<=-22.7827 AND dist_sma_200<=26.4245,pat_6166
8370,FALCPAT_8370,other,hit_25pc_30d,other,PROMOTED,6,383,8,6,0.020887728459530026,0.015665796344647518,0.44166666666666665,1.3669518493768202,volatility (20d ATR%) >= 3.9353 AND distance from 20-day high <= -2.7604 AND distance from 60-day high >= -9.5262 AND weekly range % <= 9.6165,atr_20_pct>=3.9353 AND dist_high_20<=-2.7604 AND dist_high_60>=-9.5262 AND weekly_range_pct<=9.6165,pat_8370
6458,FALCPAT_6458,other,hit_40pc_40d,other,PROMOTED,6,494,10,6,0.020242914979757085,0.012145748987854251,0.5533333333333333,1.286764556092298,distance from 60-day high <= -27.1734,dist_high_60<=-27.1734,pat_6458
6229,FALCPAT_6229,mean_reversion,hit_25pc_30d,mean_reversion,PROMOTED,6,533,8,6,0.0150093808630394,0.01125703564727955,0.7,1.118664260342534,distance from 120-day high <= -7.3598 AND distance from 50-DMA <= -0.4667 AND 5-day return <= -5.5714 AND 60d relative strength vs sector <= -3.1676,dist_high_120<=-7.3598 AND dist_sma_50<=-0.4667 AND roc_5<=-5.5714 AND rs_sector_60d<=-3.1676,pat_6229
7828,FALCPAT_7828,other,hit_25pc_30d,other,PROMOTED,6,753,13,6,0.017264276228419653,0.00796812749003984,0.6358974358974359,0.8273830660410241,volatility (20d ATR%) >= 4.5381 AND distance from 200-DMA <= 77.183 AND 60-day return <= 37.8668 AND weekly range % <= 19.9051,atr_20_pct>=4.5381 AND dist_sma_200<=77.183 AND roc_60<=37.8668 AND weekly_range_pct<=19.9051,pat_7828
8408,FALCPAT_8408,fresh_breakout,hit_10pc_20d,breakout,PROMOTED,5,56,10,5,0.17857142857142858,0.08928571428571429,0.4866666666666667,67.57676233062615,60-day return >= 31.9685 AND 60d relative strength vs market >= 31.0766 AND close position in weekly range >= 0.5947 AND weekly range % >= 9.4741,roc_60>=31.9685 AND rs_market_60d>=31.0766 AND weekly_close_loc>=0.5947 AND weekly_range_pct>=9.4741,pat_8408
7829,FALCPAT_7829,continuation,hit_25pc_30d,momentum,PROMOTED,5,64,8,5,0.125,0.078125,0.375,31.8935704064706,volatility (20d ATR%) >= 4.5381 AND distance from 200-DMA <= 77.183 AND 60-day return >= 37.8668 AND weekly range % <= 19.9051,atr_20_pct>=4.5381 AND dist_sma_200<=77.183 AND roc_60>=37.8668 AND weekly_range_pct<=19.9051,pat_7829
8429,FALCPAT_8429,fresh_breakout,hit_15pc_20d,breakout,PROMOTED,5,114,9,5,0.07894736842105263,0.043859649122807015,0.7481481481481481,22.561202597167096,volatility (20d ATR%) >= 4.3977 AND 60d relative strength vs sector <= 27.5345 AND close position in weekly range >= 0.4638 AND weekly range % >= 9.4741,atr_20_pct>=4.3977 AND rs_sector_60d<=27.5345 AND weekly_close_loc>=0.4638 AND weekly_range_pct>=9.4741,pat_8429
6393,FALCPAT_6393,pullback_reversal,hit_10pc_20d,capitulation,PROBATION,5,147,13,5,0.08843537414965986,0.034013605442176874,0.6205128205128204,16.255535286812936,distance from 20-day high >= -3.3536 AND distance from year-high <= -24.2757 AND 60d relative strength vs sector >= -14.3816 AND close position in weekly range >= 0.7159,dist_high_20>=-3.3536 AND dist_high_252<=-24.2757 AND rs_sector_60d>=-14.3816 AND weekly_close_loc>=0.7159,pat_6393
9006,FALCPAT_9006,other,hit_15pc_20d,other,PROMOTED,5,136,11,5,0.08088235294117647,0.03676470588235294,0.4606060606060606,11.928514145103653,volatility (20d ATR%) >= 4.1414 AND 60d relative strength vs sector >= 15.164 AND weekly range % >= 9.1665,atr_20_pct>=4.1414 AND rs_sector_60d>=15.164 AND weekly_range_pct>=9.1665,pat_9006
8744,FALCPAT_8744,fresh_breakout,hit_25pc_30d,capitulation,PROMOTED,5,148,7,5,0.0472972972972973,0.033783783783783786,0.7238095238095238,10.072580242322736,volatility (20d ATR%) >= 4.0285 AND distance from year-high <= -34.3354 AND distance from year-high >= -42.9337 AND days with sub-75% volume in last 20 <= 15.5,atr_20_pct>=4.0285 AND dist_high_252<=-34.3354 AND dist_high_252>=-42.9337 AND n_sub_75v_20d<=15.5,pat_8744
6646,FALCPAT_6646,fresh_breakout,hit_10pc_20d,breakout,PROMOTED,5,129,8,5,0.06201550387596899,0.03875968992248062,0.44166666666666665,9.245853831433594,volatility (20d ATR%) >= 2.6723 AND 60-day return <= -11.5307 AND 60d relative strength vs sector >= -13.9058 AND close position in weekly range >= 0.7086,atr_20_pct>=2.6723 AND roc_60<=-11.5307 AND rs_sector_60d>=-13.9058 AND weekly_close_loc>=0.7086,pat_6646
8644,FALCPAT_8644,fresh_breakout,hit_15pc_20d,breakout,PROMOTED,5,150,9,5,0.06,0.03333333333333333,0.4518518518518519,7.870419681460859,volatility (20d ATR%) >= 4.9327 AND close position in weekly range >= 0.6079 AND weekly range % <= 11.7238,atr_20_pct>=4.9327 AND weekly_close_loc>=0.6079 AND weekly_range_pct<=11.7238,pat_8644
7320,FALCPAT_7320,pullback_reversal,hit_10pc_20d,capitulation,PROMOTED,5,188,8,5,0.0425531914893617,0.026595744680851064,0.75,7.39226258402578,distance from year-high <= -43.4753 AND distance from 200-DMA <= 24.1184 AND 60d relative strength vs sector >= -40.4443,dist_high_252<=-43.4753 AND dist_sma_200<=24.1184 AND rs_sector_60d>=-40.4443,pat_7320
8594,FALCPAT_8594,other,hit_15pc_20d,other,PROMOTED,5,236,12,5,0.05084745762711865,0.0211864406779661,0.5722222222222222,5.368633946042432,volatility (20d ATR%) <= 4.4669 AND volatility (20d ATR%) >= 4.1346 AND close position in weekly range <= 0.8334 AND close position in weekly range >= 0.4229,atr_20_pct<=4.4669 AND atr_20_pct>=4.1346 AND weekly_close_loc<=0.8334 AND weekly_close_loc>=0.4229,pat_8594
8668,FALCPAT_8668,pullback_reversal,hit_10pc_20d,capitulation,PROMOTED,5,266,12,5,0.045112781954887216,0.018796992481203006,0.6944444444444445,5.128582122007069,volatility (20d ATR%) >= 4.2698 AND distance from year-high <= -30.0108 AND 60d relative strength vs sector <= -0.0247,atr_20_pct>=4.2698 AND dist_high_252<=-30.0108 AND rs_sector_60d<=-0.0247,pat_8668
8631,FALCPAT_8631,other,hit_25pc_30d,other,PROMOTED,5,215,11,5,0.05116279069767442,0.023255813953488372,0.39393939393939387,4.082131691614077,volatility (20d ATR%) >= 3.712 AND distance from 200-DMA <= 81.1105 AND 60d relative strength vs sector <= 37.5146 AND 60d relative strength vs sector >= 25.6836,atr_20_pct>=3.712 AND dist_sma_200<=81.1105 AND rs_sector_60d<=37.5146 AND rs_sector_60d>=25.6836,pat_8631
8206,FALCPAT_8206,pullback_reversal,hit_15pc_20d,capitulation,PROMOTED,5,195,5,5,0.02564102564102564,0.02564102564102564,0.6266666666666667,3.5882212147508032,volatility (20d ATR%) >= 2.8187 AND distance from year-high <= -29.5833 AND distance from 60-day high <= -25.0326 AND close position in weekly range <= 0.4392,atr_20_pct>=2.8187 AND dist_high_252<=-29.5833 AND dist_high_60<=-25.0326 AND weekly_close_loc<=0.4392,pat_8206
8669,FALCPAT_8669,fresh_breakout,hit_10pc_20d,other,PROMOTED,5,297,7,5,0.02356902356902357,0.016835016835016835,0.8952380952380953,3.0936097607024067,volatility (20d ATR%) >= 4.2698 AND distance from year-high >= -30.0108 AND 60d relative strength vs sector <= -0.0247,atr_20_pct>=4.2698 AND dist_high_252>=-30.0108 AND rs_sector_60d<=-0.0247,pat_8669
8428,FALCPAT_8428,fresh_breakout,hit_15pc_20d,breakout,PROMOTED,5,296,9,5,0.030405405405405407,0.016891891891891893,0.6518518518518519,2.9157469122513184,volatility (20d ATR%) >= 4.3977 AND 60d relative strength vs sector <= 27.5345 AND close position in weekly range >= 0.4638 AND weekly range % <= 9.4741,atr_20_pct>=4.3977 AND rs_sector_60d<=27.5345 AND weekly_close_loc>=0.4638 AND weekly_range_pct<=9.4741,pat_8428
8957,FALCPAT_8957,dryup,hit_25pc_30d,capitulation,PROMOTED,5,301,8,5,0.026578073089700997,0.016611295681063124,0.5833333333333334,2.242929500886856,distance from year-high <= -31.6766 AND distance from 60-day high <= -23.6276 AND distance from 200-DMA <= 28.1487 AND days with sub-75% volume in last 20 <= 11.5,dist_high_252<=-31.6766 AND dist_high_60<=-23.6276 AND dist_sma_200<=28.1487 AND n_sub_75v_20d<=11.5,pat_8957
9413,FALCPAT_9413,fresh_breakout,hit_25pc_30d,other,PROMOTED,5,303,9,5,0.0297029702970297,0.0165016501650165,0.5037037037037037,2.1501770894340893,volatility (20d ATR%) >= 4.9235 AND distance from year-high >= -37.7756 AND distance from 200-DMA >= -8.8104,atr_20_pct>=4.9235 AND dist_high_252>=-37.7756 AND dist_sma_200>=-8.8104,pat_9413
8454,FALCPAT_8454,compression,hit_10pc_20d,other,PROMOTED,5,321,7,5,0.021806853582554516,0.01557632398753894,0.6476190476190476,1.9157967062029124,volatility (20d ATR%) >= 3.5945 AND distance from 200-DMA <= -7.3884 AND days with sub-3% range in last 7 >= 1.5 AND close position in weekly range <= 0.7018,atr_20_pct>=3.5945 AND dist_sma_200<=-7.3884 AND n_sub_3_range_7d>=1.5 AND weekly_close_loc<=0.7018,pat_8454
8726,FALCPAT_8726,fresh_breakout,hit_15pc_20d,other,PROMOTED,5,327,8,5,0.024464831804281346,0.01529051987767584,0.5166666666666667,1.6832427731098876,volatility (20d ATR%) >= 4.7929 AND distance from year-high >= -37.4645 AND close position in weekly range <= 0.7552,atr_20_pct>=4.7929 AND dist_high_252>=-37.4645 AND weekly_close_loc<=0.7552,pat_8726
8359,FALCPAT_8359,fresh_breakout,hit_15pc_20d,breakout,PROMOTED,5,379,10,5,0.026385224274406333,0.013192612137203167,0.3333333333333333,1.0105135904782956,distance from year-high <= -3.8863 AND distance from 200-DMA >= 21.9933 AND close position in weekly range >= 0.4792 AND weekly range % <= 9.6242,dist_high_252<=-3.8863 AND dist_sma_200>=21.9933 AND weekly_close_loc>=0.4792 AND weekly_range_pct<=9.6242,pat_8359
6145,FALCPAT_6145,pullback_reversal,hit_10pc_20d,other,PROMOTED,5,514,7,5,0.013618677042801557,0.009727626459143969,0.6761904761904761,0.7801582134583713,volatility (20d ATR%) >= 2.3809 AND distance from 10-day high <= -10.5981 AND 60-day return <= -5.3808 AND close position in weekly range <= 0.7418,atr_20_pct>=2.3809 AND dist_high_10<=-10.5981 AND roc_60<=-5.3808 AND weekly_close_loc<=0.7418,pat_6145
7463,FALCPAT_7463,dryup,hit_15pc_20d,other,PROMOTED,5,735,11,5,0.014965986394557823,0.006802721088435374,0.6666666666666666,0.5911103740659249,volatility (20d ATR%) >= 3.9983 AND days with sub-75% volume in last 20 <= 10.5 AND close position in weekly range <= 0.5947,atr_20_pct>=3.9983 AND n_sub_75v_20d<=10.5 AND weekly_close_loc<=0.5947,pat_7463
9570,FALCPAT_9570,pullback_reversal,hit_15pc_20d,capitulation,PROMOTED,4,16,8,4,0.5,0.25,0.5666666666666667,554.1202581678746,volatility (20d ATR%) >= 3.5761 AND distance from year-high <= -27.4711 AND close position in weekly range >= 0.767 AND weekly range % >= 13.4815,atr_20_pct>=3.5761 AND dist_high_252<=-27.4711 AND weekly_close_loc>=0.767 AND weekly_range_pct>=13.4815,pat_9570
7395,FALCPAT_7395,fresh_breakout,hit_10pc_20d,breakout,PROMOTED,4,45,5,4,0.1111111111111111,0.08888888888888889,0.5733333333333334,44.29742775535195,volatility (20d ATR%) >= 2.5597 AND 20-day return >= 29.3078 AND close position in weekly range >= 0.7075 AND weekly range % >= 7.8851,atr_20_pct>=2.5597 AND roc_20>=29.3078 AND weekly_close_loc>=0.7075 AND weekly_range_pct>=7.8851,pat_7395
7760,FALCPAT_7760,fresh_breakout,hit_10pc_20d,breakout,PROMOTED,4,53,7,4,0.1320754716981132,0.07547169811320754,0.5142857142857142,40.10302205574883,distance from 20-DMA >= 9.1181 AND close position in weekly range >= 0.4818 AND weekly range % >= 16.4858,dist_sma_20>=9.1181 AND weekly_close_loc>=0.4818 AND weekly_range_pct>=16.4858,pat_7760
8525,FALCPAT_8525,other,hit_25pc_30d,other,PROMOTED,4,58,6,4,0.10344827586206896,0.06896551724137931,0.6444444444444445,35.967237852681514,distance from 200-DMA >= 10.7458 AND 60d relative strength vs market <= -2.3131 AND weekly range % >= 8.3689,dist_sma_200>=10.7458 AND rs_market_60d<=-2.3131 AND weekly_range_pct>=8.3689,pat_8525
6334,FALCPAT_6334,pullback_reversal,hit_10pc_20d,capitulation,PROMOTED,4,66,7,4,0.10606060606060606,0.06060606060606061,0.6761904761904761,34.002085738600194,distance from year-high <= -29.2888 AND distance from 200-DMA >= -21.0968 AND 20d relative strength vs market >= -3.6469 AND close position in weekly range >= 0.8003,dist_high_252<=-29.2888 AND dist_sma_200>=-21.0968 AND rs_market_20d>=-3.6469 AND weekly_close_loc>=0.8003,pat_6334
8546,FALCPAT_8546,other,hit_40pc_40d,other,PROMOTED,4,72,8,4,0.1111111111111111,0.05555555555555555,0.4166666666666667,20.120561298760876,volatility (20d ATR%) >= 3.4337 AND close position in weekly range <= 0.7802 AND close position in weekly range >= 0.282 AND weekly range % >= 13.9527,atr_20_pct>=3.4337 AND weekly_close_loc<=0.7802 AND weekly_close_loc>=0.282 AND weekly_range_pct>=13.9527,pat_8546
6865,FALCPAT_6865,pullback_reversal,hit_40pc_40d,capitulation,PROBATION,4,92,6,4,0.06521739130434782,0.043478260869565216,0.5666666666666667,12.569835724034961,volatility (20d ATR%) >= 2.6793 AND distance from 120-day high <= -28.3595 AND distance from 200-DMA <= 14.55 AND close position in weekly range >= 0.8126,atr_20_pct>=2.6793 AND dist_high_120<=-28.3595 AND dist_sma_200<=14.55 AND weekly_close_loc>=0.8126,pat_6865
8226,FALCPAT_8226,fresh_breakout,hit_25pc_30d,breakout,PROMOTED,4,91,5,4,0.054945054945054944,0.04395604395604396,0.49333333333333335,9.320817827781008,volatility (20d ATR%) >= 3.732 AND distance from year-high <= -11.0436 AND close position in weekly range >= 0.9024,atr_20_pct>=3.732 AND dist_high_252<=-11.0436 AND weekly_close_loc>=0.9024,pat_8226
6423,FALCPAT_6423,fresh_breakout,hit_10pc_20d,breakout,PROMOTED,4,117,5,4,0.042735042735042736,0.03418803418803419,0.5333333333333333,6.095696677494421,volatility (20d ATR%) <= 3.7232 AND volatility (20d ATR%) >= 2.9435 AND 60-day return <= -14.7778 AND close position in weekly range >= 0.6594,atr_20_pct<=3.7232 AND atr_20_pct>=2.9435 AND roc_60<=-14.7778 AND weekly_close_loc>=0.6594,pat_6423
6675,FALCPAT_6675,pullback_reversal,hit_15pc_20d,capitulation,PROMOTED,4,144,6,4,0.041666666666666664,0.027777777777777776,0.6444444444444445,5.834962776640655,volatility (20d ATR%) >= 2.673 AND distance from 50-DMA >= -9.6156 AND 60-day return <= -15.4153 AND close position in weekly range >= 0.712,atr_20_pct>=2.673 AND dist_sma_50>=-9.6156 AND roc_60<=-15.4153 AND weekly_close_loc>=0.712,pat_6675
6332,FALCPAT_6332,pullback_reversal,hit_10pc_20d,capitulation,PROMOTED,4,174,6,4,0.034482758620689655,0.022988505747126436,0.8333333333333334,5.167706588028953,distance from year-high <= -39.341 AND distance from 200-DMA >= -21.0968 AND close position in weekly range <= 0.8003,dist_high_252<=-39.341 AND dist_sma_200>=-21.0968 AND weekly_close_loc<=0.8003,pat_6332
8724,FALCPAT_8724,pullback_reversal,hit_15pc_20d,capitulation,PROMOTED,4,194,8,4,0.041237113402061855,0.020618556701030927,0.7666666666666667,5.099404325164963,volatility (20d ATR%) >= 4.1837 AND distance from year-high <= -37.4645 AND 60-day return <= 24.2728,atr_20_pct>=4.1837 AND dist_high_252<=-37.4645 AND roc_60<=24.2728,pat_8724
8811,FALCPAT_8811,dryup,hit_40pc_40d,capitulation,PROMOTED,4,175,7,4,0.04,0.022857142857142857,0.6571428571428571,4.7001105595569435,volatility (20d ATR%) >= 4.0778 AND distance from year-high <= -38.1461 AND days with sub-75% volume in last 20 <= 15.5 AND close position in weekly range >= 0.057,atr_20_pct>=4.0778 AND dist_high_252<=-38.1461 AND n_sub_75v_20d<=15.5 AND weekly_close_loc>=0.057,pat_8811
9583,FALCPAT_9583,pullback_reversal,hit_25pc_30d,capitulation,PROMOTED,4,259,7,4,0.02702702702702703,0.015444015444015444,0.8476190476190477,2.767741712191857,volatility (20d ATR%) >= 4.0743 AND distance from year-high <= -32.3954 AND close position in weekly range <= 0.7707,atr_20_pct>=4.0743 AND dist_high_252<=-32.3954 AND weekly_close_loc<=0.7707,pat_9583
8469,FALCPAT_8469,other,hit_25pc_30d,other,PROMOTED,4,257,6,4,0.023346303501945526,0.01556420233463035,0.8666666666666667,2.463561659457844,volatility (20d ATR%) >= 4.3217 AND distance from 200-DMA >= 2.9181 AND 60d relative strength vs sector <= 22.0314 AND weekly range % >= 6.5103,atr_20_pct>=4.3217 AND dist_sma_200>=2.9181 AND rs_sector_60d<=22.0314 AND weekly_range_pct>=6.5103,pat_8469
8881,FALCPAT_8881,fresh_breakout,hit_10pc_20d,breakout,PROBATION,4,283,10,4,0.0353356890459364,0.014134275618374558,0.33999999999999997,1.3284107626294734,distance from 120-day high >= -21.2998 AND close position in weekly range <= 0.9115 AND close position in weekly range >= 0.8766,dist_high_120>=-21.2998 AND weekly_close_loc<=0.9115 AND weekly_close_loc>=0.8766,pat_8881
8617,FALCPAT_8617,other,hit_25pc_30d,other,PROMOTED,4,394,5,4,0.012690355329949238,0.01015228426395939,0.5333333333333333,0.5375299016866004,volatility (20d ATR%) >= 4.5898 AND close position in weekly range <= 0.3905 AND weekly range % <= 12.8291,atr_20_pct>=4.5898 AND weekly_close_loc<=0.3905 AND weekly_range_pct<=12.8291,pat_8617
8453,FALCPAT_8453,compression,hit_10pc_20d,other,PROMOTED,4,577,7,4,0.012131715771230503,0.006932409012131715,0.5904761904761905,0.3884857952243353,volatility (20d ATR%) >= 3.5945 AND distance from 200-DMA <= 48.4606 AND days with sub-3% range in last 7 <= 1.5 AND close position in weekly range <= 0.7018,atr_20_pct>=3.5945 AND dist_sma_200<=48.4606 AND n_sub_3_range_7d<=1.5 AND weekly_close_loc<=0.7018,pat_8453
8580,FALCPAT_8580,other,hit_10pc_20d,other,PROMOTED,4,547,5,4,0.009140767824497258,0.007312614259597806,0.6533333333333334,0.34163039874242046,volatility (20d ATR%) >= 4.2758 AND close position in weekly range <= 0.3549,atr_20_pct>=4.2758 AND weekly_close_loc<=0.3549,pat_8580
8633,FALCPAT_8633,other,hit_25pc_30d,other,PROMOTED,3,28,5,3,0.17857142857142858,0.10714285714285714,0.88,113.45024705450918,volatility (20d ATR%) >= 3.712 AND distance from 200-DMA >= 81.1105 AND 60d relative strength vs sector >= 25.6836,atr_20_pct>=3.712 AND dist_sma_200>=81.1105 AND rs_sector_60d>=25.6836,pat_8633
7469,FALCPAT_7469,fresh_breakout,hit_15pc_20d,breakout,PROMOTED,3,34,7,3,0.20588235294117646,0.08823529411764706,0.761904761904762,93.26307401775736,distance from 20-day high <= -3.9429 AND 60d relative strength vs sector <= -5.1916 AND close position in weekly range >= 0.5947 AND weekly range % >= 10.0582,dist_high_20<=-3.9429 AND rs_sector_60d<=-5.1916 AND weekly_close_loc>=0.5947 AND weekly_range_pct>=10.0582,pat_7469
9584,FALCPAT_9584,pullback_reversal,hit_25pc_30d,capitulation,PROMOTED,3,31,7,3,0.22580645161290322,0.0967741935483871,0.5428571428571428,79.93353893311743,volatility (20d ATR%) >= 4.0743 AND distance from year-high <= -32.3954 AND close position in weekly range >= 0.7707,atr_20_pct>=4.0743 AND dist_high_252<=-32.3954 AND weekly_close_loc>=0.7707,pat_9584
7508,FALCPAT_7508,fresh_breakout,hit_10pc_20d,breakout,PROMOTED,3,44,9,3,0.20454545454545456,0.06818181818181818,0.7481481481481481,70.30619492521485,20d relative strength vs sector <= -6.5723 AND close position in weekly range >= 0.5525 AND weekly range % >= 9.6217,rs_sector_20d<=-6.5723 AND weekly_close_loc>=0.5525 AND weekly_range_pct>=9.6217,pat_7508
8332,FALCPAT_8332,other,hit_10pc_20d,other,PROMOTED,3,41,5,3,0.12195121951219512,0.07317073170731707,0.6666666666666666,40.08481319323598,distance from 200-DMA <= 6.4162 AND weekly range % >= 16.3281,dist_sma_200<=6.4162 AND weekly_range_pct>=16.3281,pat_8332
8547,FALCPAT_8547,fresh_breakout,hit_40pc_40d,breakout,PROMOTED,3,55,7,3,0.12727272727272726,0.05454545454545454,0.638095238095238,29.848808300922897,volatility (20d ATR%) >= 3.4337 AND close position in weekly range >= 0.7802 AND weekly range % >= 13.9527,atr_20_pct>=3.4337 AND weekly_close_loc>=0.7802 AND weekly_range_pct>=13.9527,pat_8547
6868,FALCPAT_6868,other,hit_40pc_40d,other,PROMOTED,3,61,5,3,0.08196721311475409,0.04918032786885246,0.88,23.903518863406394,volatility (20d ATR%) >= 2.6793 AND distance from 200-DMA >= 73.6638 AND 60-day return <= 78.2525,atr_20_pct>=2.6793 AND dist_sma_200>=73.6638 AND roc_60<=78.2525,pat_6868
8878,FALCPAT_8878,pullback_reversal,hit_10pc_20d,capitulation,PROMOTED,3,59,7,3,0.11864406779661017,0.05084745762711865,0.4571428571428572,18.58295551241497,volatility (20d ATR%) >= 2.5005 AND distance from 120-day high <= -21.2998 AND 20d relative strength vs sector >= 4.9934 AND close position in weekly range >= 0.7657,atr_20_pct>=2.5005 AND dist_high_120<=-21.2998 AND rs_sector_20d>=4.9934 AND weekly_close_loc>=0.7657,pat_8878
8622,FALCPAT_8622,fresh_breakout,hit_25pc_30d,breakout,PROMOTED,3,73,7,3,0.0958904109589041,0.0410958904109589,0.638095238095238,16.94363766378153,volatility (20d ATR%) >= 3.5234 AND close position in weekly range >= 0.7828 AND weekly range % >= 12.8291,atr_20_pct>=3.5234 AND weekly_close_loc>=0.7828 AND weekly_range_pct>=12.8291,pat_8622
8230,FALCPAT_8230,fresh_breakout,hit_25pc_30d,other,PROMOTED,3,63,7,3,0.1111111111111111,0.047619047619047616,0.4666666666666667,16.637671846377703,volatility (20d ATR%) >= 2.9394 AND distance from year-high >= -11.0436 AND 20d relative strength vs market >= 9.5342 AND weekly range % >= 13.1496,atr_20_pct>=2.9394 AND dist_high_252>=-11.0436 AND rs_market_20d>=9.5342 AND weekly_range_pct>=13.1496,pat_8230
8414,FALCPAT_8414,other,hit_25pc_30d,other,PROMOTED,3,97,8,3,0.08247422680412371,0.030927835051546393,0.5666666666666667,9.739642526288488,volatility (20d ATR%) >= 3.5179 AND distance from 200-DMA >= 15.007 AND 60-day return <= 14.8289 AND weekly range % >= 10.4517,atr_20_pct>=3.5179 AND dist_sma_200>=15.007 AND roc_60<=14.8289 AND weekly_range_pct>=10.4517,pat_8414
6467,FALCPAT_6467,fresh_breakout,hit_25pc_30d,breakout,PROMOTED,3,119,8,3,0.06722689075630252,0.025210084033613446,0.825,9.42147380383467,volatility (20d ATR%) >= 3.8758 AND 60-day return <= -13.0654 AND 60d relative strength vs market >= -19.0757 AND close position in weekly range >= 0.5112,atr_20_pct>=3.8758 AND roc_60<=-13.0654 AND rs_market_60d>=-19.0757 AND weekly_close_loc>=0.5112,pat_6467
7912,FALCPAT_7912,other,hit_25pc_30d,other,PROMOTED,3,79,5,3,0.06329113924050633,0.0379746835443038,0.56,9.069277298730485,volatility (20d ATR%) >= 4.3575 AND 20d relative strength vs market >= 7.2399 AND 20d relative strength vs sector >= 26.4767,atr_20_pct>=4.3575 AND rs_market_20d>=7.2399 AND rs_sector_20d>=26.4767,pat_7912
7297,FALCPAT_7297,pullback_reversal,hit_15pc_20d,capitulation,PROMOTED,3,108,7,3,0.06481481481481481,0.027777777777777776,0.6476190476190476,7.856678371900582,distance from year-high <= -43.4753 AND distance from 200-DMA <= 24.7508 AND 20d relative strength vs sector >= -5.3304,dist_high_252<=-43.4753 AND dist_sma_200<=24.7508 AND rs_sector_20d>=-5.3304,pat_7297
6348,FALCPAT_6348,pullback_reversal,hit_25pc_30d,capitulation,PROMOTED,3,90,5,3,0.05555555555555555,0.03333333333333333,0.52,6.488692020087305,distance from year-high <= -51.1553,dist_high_252<=-51.1553,pat_6348
8595,FALCPAT_8595,fresh_breakout,hit_15pc_20d,breakout,PROMOTED,3,86,5,3,0.05813953488372093,0.03488372093023256,0.4266666666666667,5.830833616253517,volatility (20d ATR%) <= 4.4669 AND volatility (20d ATR%) >= 4.1346 AND close position in weekly range >= 0.8334,atr_20_pct<=4.4669 AND atr_20_pct>=4.1346 AND weekly_close_loc>=0.8334,pat_8595
6512,FALCPAT_6512,pullback_reversal,hit_25pc_30d,capitulation,PROMOTED,3,117,6,3,0.05128205128205128,0.02564102564102564,0.5888888888888888,5.2177314074438925,volatility (20d ATR%) >= 3.3322 AND distance from 120-day high <= -42.3676 AND distance from 50-DMA <= 10.5469,atr_20_pct>=3.3322 AND dist_high_120<=-42.3676 AND dist_sma_50<=10.5469,pat_6512
8096,FALCPAT_8096,pullback_reversal,hit_10pc_20d,capitulation,PROMOTED,3,139,5,3,0.03597122302158273,0.02158273381294964,0.8266666666666667,4.324537446949373,volatility (20d ATR%) >= 3.1155 AND distance from 120-day high <= -40.3071 AND close position in weekly range <= 0.53,atr_20_pct>=3.1155 AND dist_high_120<=-40.3071 AND weekly_close_loc<=0.53,pat_8096
8273,FALCPAT_8273,compression,hit_15pc_20d,other,PROBATION,3,97,4,3,0.041237113402061855,0.030927835051546393,0.5,4.296901114539039,distance from 200-DMA >= 53.4427 AND days with sub-3% range in last 7 <= 3.5 AND 20d relative strength vs sector <= 18.0764 AND 60d relative strength vs sector >= 1.7032,dist_sma_200>=53.4427 AND n_sub_3_range_7d<=3.5 AND rs_sector_20d<=18.0764 AND rs_sector_60d>=1.7032,pat_8273
6696,FALCPAT_6696,fresh_breakout,hit_10pc_20d,breakout,PROMOTED,3,159,10,3,0.06289308176100629,0.018867924528301886,0.5,3.998016552618351,volatility (20d ATR%) >= 3.1901 AND close position in weekly range <= 0.7359 AND close position in weekly range >= 0.6892 AND weekly range % >= 5.1546,atr_20_pct>=3.1901 AND weekly_close_loc<=0.7359 AND weekly_close_loc>=0.6892 AND weekly_range_pct>=5.1546,pat_6696
8723,FALCPAT_8723,pullback_reversal,hit_15pc_20d,capitulation,PROMOTED,3,128,5,3,0.0390625,0.0234375,0.5466666666666666,3.3724187134900117,volatility (20d ATR%) <= 4.1837 AND volatility (20d ATR%) >= 3.624 AND distance from year-high <= -37.4645 AND 60-day return <= 24.2728,atr_20_pct<=4.1837 AND atr_20_pct>=3.624 AND dist_high_252<=-37.4645 AND roc_60<=24.2728,pat_8723
8221,FALCPAT_8221,fresh_breakout,hit_40pc_40d,breakout,PROMOTED,3,141,8,3,0.05673758865248227,0.02127659574468085,0.375,3.0503653679415885,volatility (20d ATR%) >= 3.2023 AND distance from 20-DMA >= -1.1654 AND 60d relative strength vs market >= 24.7371 AND close position in weekly range >= 0.809,atr_20_pct>=3.2023 AND dist_sma_20>=-1.1654 AND rs_market_60d>=24.7371 AND weekly_close_loc>=0.809,pat_8221
7296,FALCPAT_7296,pullback_reversal,hit_15pc_20d,capitulation,PROMOTED,3,110,3,3,0.02727272727272727,0.02727272727272727,0.6,3.0071560601676057,distance from year-high <= -43.4753 AND distance from 200-DMA <= 24.7508 AND 20d relative strength vs sector <= -5.3304,dist_high_252<=-43.4753 AND dist_sma_200<=24.7508 AND rs_sector_20d<=-5.3304,pat_7296
8138,FALCPAT_8138,pullback_reversal,hit_15pc_20d,capitulation,PROMOTED,3,181,6,3,0.03314917127071823,0.016574585635359115,0.7555555555555554,2.797237463137522,volatility (20d ATR%) >= 3.7778 AND distance from year-high <= -38.3916 AND close position in weekly range <= 0.53,atr_20_pct>=3.7778 AND dist_high_252<=-38.3916 AND weekly_close_loc<=0.53,pat_8138
8260,FALCPAT_8260,other,hit_10pc_20d,other,PROMOTED,3,213,7,3,0.03286384976525822,0.014084507042253521,0.7428571428571428,2.3169302987814215,volatility (20d ATR%) >= 4.4758 AND 60-day return <= -7.8751 AND 60d relative strength vs sector <= -3.608 AND weekly range % >= 5.294,atr_20_pct>=4.4758 AND roc_60<=-7.8751 AND rs_sector_60d<=-3.608 AND weekly_range_pct>=5.294,pat_8260
7910,FALCPAT_7910,other,hit_25pc_30d,other,PROMOTED,3,291,10,3,0.03436426116838488,0.010309278350515464,0.66,1.5755304086643145,volatility (20d ATR%) >= 4.3575 AND 20d relative strength vs market <= 7.2399 AND weekly range % >= 7.2122,atr_20_pct>=4.3575 AND rs_market_20d<=7.2399 AND weekly_range_pct>=7.2122,pat_7910
9108,FALCPAT_9108,pullback_reversal,hit_10pc_20d,capitulation,PROMOTED,3,154,3,3,0.01948051948051948,0.01948051948051948,0.5555555555555555,1.4206141629665556,volatility (20d ATR%) >= 3.307 AND 60-day return <= -17.1495 AND 20d relative strength vs market <= -11.4042 AND close position in weekly range <= 0.7784,atr_20_pct>=3.307 AND roc_60<=-17.1495 AND rs_market_20d<=-11.4042 AND weekly_close_loc<=0.7784,pat_9108
7758,FALCPAT_7758,fresh_breakout,hit_10pc_20d,breakout,PROMOTED,3,230,6,3,0.02608695652173913,0.013043478260869565,0.5333333333333333,1.2228217039454914,5-day return <= 2.5905 AND close position in weekly range >= 0.4818 AND weekly range % <= 16.4858 AND weekly range % >= 6.772,roc_5<=2.5905 AND weekly_close_loc>=0.4818 AND weekly_range_pct<=16.4858 AND weekly_range_pct>=6.772,pat_7758
6199,FALCPAT_6199,fresh_breakout,hit_10pc_20d,breakout,PROBATION,3,208,5,3,0.02403846153846154,0.014423076923076924,0.52,1.2148300056099108,distance from 20-DMA >= -2.8747 AND distance from 200-DMA <= -1.4701 AND 60d relative strength vs market >= -13.4875 AND close position in weekly range >= 0.8145,dist_sma_20>=-2.8747 AND dist_sma_200<=-1.4701 AND rs_market_60d>=-13.4875 AND weekly_close_loc>=0.8145,pat_6199
9528,FALCPAT_9528,pullback_reversal,hit_25pc_30d,capitulation,PROMOTED,3,211,5,3,0.023696682464454975,0.014218009478672985,0.52,1.1805306566049092,volatility (20d ATR%) >= 3.347 AND distance from 120-day high <= -28.3924 AND 20d relative strength vs market <= -10.0472,atr_20_pct>=3.347 AND dist_high_120<=-28.3924 AND rs_market_20d<=-10.0472,pat_9528
8229,FALCPAT_8229,fresh_breakout,hit_25pc_30d,other,PROMOTED,3,192,5,3,0.026041666666666668,0.015625,0.3866666666666667,1.0601641484142044,volatility (20d ATR%) >= 4.1388 AND distance from year-high >= -11.0436 AND 20d relative strength vs market <= 9.5342,atr_20_pct>=4.1388 AND dist_high_252>=-11.0436 AND rs_market_20d<=9.5342,pat_8229
7277,FALCPAT_7277,continuation,hit_40pc_40d,momentum,PROMOTED,3,285,7,3,0.02456140350877193,0.010526315789473684,0.5714285714285714,0.9954950467638737,volatility (20d ATR%) >= 4.735 AND 20-day return >= 10.2475,atr_20_pct>=4.735 AND roc_20>=10.2475,pat_7277
9445,FALCPAT_9445,other,hit_25pc_30d,other,PROMOTED,3,251,5,3,0.0199203187250996,0.01195219123505976,0.6,0.9625928775741133,volatility (20d ATR%) >= 4.2366 AND distance from 200-DMA <= 4.8483 AND 20d relative strength vs market <= 9.0401 AND 60d relative strength vs sector <= -10.5818,atr_20_pct>=4.2366 AND dist_sma_200<=4.8483 AND rs_market_20d<=9.0401 AND rs_sector_60d<=-10.5818,pat_9445
9109,FALCPAT_9109,pullback_reversal,hit_10pc_20d,capitulation,PROMOTED,3,361,6,3,0.01662049861495845,0.008310249307479225,0.6666666666666666,0.620460901722636,volatility (20d ATR%) >= 3.307 AND 60-day return <= -17.1495 AND 20d relative strength vs market >= -11.4042 AND close position in weekly range <= 0.7784,atr_20_pct>=3.307 AND roc_60<=-17.1495 AND rs_market_20d>=-11.4042 AND weekly_close_loc<=0.7784,pat_9109
9152,FALCPAT_9152,other,hit_40pc_40d,other,PROMOTED,3,383,7,3,0.018276762402088774,0.007832898172323759,0.6,0.5787894077406309,volatility (20d ATR%) >= 5.2376,atr_20_pct>=5.2376,pat_9152
9447,FALCPAT_9447,fresh_breakout,hit_25pc_30d,other,PROMOTED,3,254,5,3,0.01968503937007874,0.011811023622047244,0.32000000000000006,0.5013273307297145,volatility (20d ATR%) >= 4.2366 AND distance from year-high >= -15.7819 AND distance from 200-DMA >= 4.8483 AND 20d relative strength vs market <= 9.0401,atr_20_pct>=4.2366 AND dist_high_252>=-15.7819 AND dist_sma_200>=4.8483 AND rs_market_20d<=9.0401,pat_9447
8641,FALCPAT_8641,other,hit_15pc_20d,other,PROMOTED,3,397,4,3,0.010075566750629723,0.007556675062972292,0.5333333333333333,0.27361918054052115,volatility (20d ATR%) >= 4.627 AND close position in weekly range <= 0.3771,atr_20_pct>=4.627 AND weekly_close_loc<=0.3771,pat_8641
6575,FALCPAT_6575,pullback_reversal,hit_15pc_20d,capitulation,PROMOTED,3,467,6,3,0.01284796573875803,0.006423982869379015,0.47777777777777775,0.2657126725370538,distance from 200-DMA <= -16.3941 AND 60-day return <= -12.5577,dist_sma_200<=-16.3941 AND roc_60<=-12.5577,pat_6575
6264,FALCPAT_6264,pullback_reversal,hit_10pc_20d,capitulation,PROMOTED,3,657,5,3,0.0076103500761035,0.0045662100456621,0.7066666666666667,0.16547130941227586,distance from 120-day high <= -15.8326 AND distance from year-high <= -27.3799 AND 5-day return <= -0.708 AND 20d relative strength vs market >= -6.9151,dist_high_120<=-15.8326 AND dist_high_252<=-27.3799 AND roc_5<=-0.708 AND rs_market_20d>=-6.9151,pat_6264
