date,stock,entry_time,entry_price,exit_time,exit_price,qty,deployed_rs,pnl_rs,stock_return_pct,exit_reason,day_portfolio_return_pct,day_result
2024-05-13,PAYTM,09:15,358.05,09:18,344.0,279,99896.0,-3920.0,-3.92,STOP_1.5,-1.61,LOSS
2024-05-13,MUTHOOTFIN,09:15,1665.95,09:18,1663.45,60,99957.0,-150.0,-0.15,STOP_1.5,-1.61,LOSS
2024-05-13,ENDURANCE,09:15,2124.85,09:18,2072.7,47,99868.0,-2451.0,-2.45,STOP_1.5,-1.61,LOSS
2024-05-13,CGCL,09:15,230.7,09:18,232.0,433,99893.0,563.0,0.56,STOP_1.5,-1.61,LOSS
2024-05-13,TATAINVEST,09:15,671.0,09:18,657.0,149,99979.0,-2086.0,-2.09,STOP_1.5,-1.61,LOSS
2024-05-14,ANGELONE,09:15,249.2,09:24,256.5,401,99929.0,2927.0,2.93,TRAIL_EXIT,0.925,WIN
2024-05-14,MMTC,09:15,69.5,09:24,70.8,1438,99941.0,1869.0,1.87,TRAIL_EXIT,0.925,WIN
2024-05-14,SWANCORP,09:15,541.7,09:24,540.05,184,99673.0,-304.0,-0.3,TRAIL_EXIT,0.925,WIN
2024-05-14,RAILTEL,09:15,358.15,09:24,365.5,279,99924.0,2051.0,2.05,TRAIL_EXIT,0.925,WIN
2024-05-14,ECLERX,09:15,1091.0,09:24,1069.8,91,99281.0,-1929.0,-1.94,TRAIL_EXIT,0.925,WIN
2024-05-15,SWANCORP,09:15,576.9,13:00,587.75,173,99804.0,1877.0,1.88,TRAIL_EXIT,0.99,WIN
2024-05-15,ANGELONE,09:15,264.0,13:00,267.8,378,99792.0,1436.0,1.44,TRAIL_EXIT,0.99,WIN
2024-05-15,APLAPOLLO,09:15,1581.05,13:00,1591.9,63,99606.0,684.0,0.69,TRAIL_EXIT,0.99,WIN
2024-05-15,ECLERX,09:15,1132.0,13:00,1158.8,88,99616.0,2358.0,2.37,TRAIL_EXIT,0.99,WIN
2024-05-15,AFFLE,09:15,1102.95,13:00,1087.15,90,99266.0,-1422.0,-1.43,TRAIL_EXIT,0.99,WIN
2024-05-16,ANGELONE,09:15,270.2,09:58,271.0,370,99974.0,296.0,0.3,TRAIL_EXIT,0.93,WIN
2024-05-16,APLAPOLLO,09:15,1590.45,09:58,1605.0,62,98608.0,902.0,0.91,TRAIL_EXIT,0.93,WIN
2024-05-16,RITES,09:15,334.7,09:58,334.8,298,99741.0,30.0,0.03,TRAIL_EXIT,0.93,WIN
2024-05-16,ECLERX,09:15,1172.5,09:58,1189.5,85,99662.0,1445.0,1.45,TRAIL_EXIT,0.93,WIN
2024-05-16,GRAPHITE,09:15,585.0,09:58,596.5,170,99450.0,1955.0,1.97,TRAIL_EXIT,0.93,WIN
2024-05-17,APLAPOLLO,09:15,1631.0,11:06,1669.0,61,99491.0,2318.0,2.33,TRAIL_EXIT,1.797,WIN
2024-05-17,AFFLE,09:15,1099.0,11:06,1137.0,90,98910.0,3420.0,3.46,TRAIL_EXIT,1.797,WIN
2024-05-17,ANGELONE,09:15,273.5,11:06,273.1,365,99828.0,-146.0,-0.15,TRAIL_EXIT,1.797,WIN
2024-05-17,SWANCORP,09:15,584.0,11:06,594.55,171,99864.0,1804.0,1.81,TRAIL_EXIT,1.797,WIN
2024-05-17,GRAPHITE,09:15,591.0,11:06,600.2,169,99879.0,1555.0,1.56,TRAIL_EXIT,1.797,WIN
2024-05-18,ECLERX,09:15,1159.0,12:29,1180.0,86,99674.0,1806.0,1.81,CLOSE_EXIT,-0.252,LOSS
2024-05-18,APLAPOLLO,09:15,1709.0,12:29,1672.0,58,99122.0,-2146.0,-2.17,CLOSE_EXIT,-0.252,LOSS
2024-05-18,SWANCORP,09:15,604.0,12:29,600.0,165,99660.0,-660.0,-0.66,CLOSE_EXIT,-0.252,LOSS
2024-05-18,ANGELONE,09:15,277.0,12:29,275.5,361,99997.0,-542.0,-0.54,CLOSE_EXIT,-0.252,LOSS
2024-05-18,PARADEEP,09:15,69.9,12:29,70.1,1430,99957.0,286.0,0.29,CLOSE_EXIT,-0.252,LOSS
2024-05-21,APLAPOLLO,09:15,1670.3,15:29,1717.35,59,98548.0,2776.0,2.82,CLOSE_EXIT,-1.119,LOSS
2024-05-21,AFFLE,09:15,1233.5,15:29,1215.05,81,99914.0,-1494.0,-1.5,CLOSE_EXIT,-1.119,LOSS
2024-05-21,GRAPHITE,09:15,616.0,15:29,602.0,162,99792.0,-2268.0,-2.27,CLOSE_EXIT,-1.119,LOSS
2024-05-21,ANGELONE,09:15,275.6,15:29,265.9,362,99767.0,-3511.0,-3.52,CLOSE_EXIT,-1.119,LOSS
2024-05-21,SWANCORP,09:15,605.0,15:29,598.5,165,99825.0,-1072.0,-1.07,CLOSE_EXIT,-1.119,LOSS
2024-05-22,SYRMA,09:15,421.25,14:01,430.5,237,99836.0,2192.0,2.2,TRAIL_EXIT,0.963,WIN
2024-05-22,ADANIENT,09:15,3034.4,14:01,3029.6,32,97101.0,-154.0,-0.16,TRAIL_EXIT,0.963,WIN
2024-05-22,CHENNPETRO,09:15,896.35,14:01,894.9,111,99495.0,-161.0,-0.16,TRAIL_EXIT,0.963,WIN
2024-05-22,IDEA,09:15,13.65,14:01,13.55,7326,100000.0,-733.0,-0.73,TRAIL_EXIT,0.963,WIN
2024-05-22,UNIONBANK,09:15,135.7,14:01,140.64,736,99875.0,3636.0,3.64,TRAIL_EXIT,0.963,WIN
2024-05-23,ADANIENT,09:15,3060.4,15:29,3294.3,32,97933.0,7485.0,7.64,CLOSE_EXIT,7.053,WIN
2024-05-23,SYRMA,09:15,433.0,15:29,452.0,230,99590.0,4370.0,4.39,CLOSE_EXIT,7.053,WIN
2024-05-23,IDEA,09:15,13.5,15:29,14.05,7407,99994.0,4074.0,4.07,CLOSE_EXIT,7.053,WIN
2024-05-23,CHENNPETRO,09:15,898.0,15:29,941.5,111,99678.0,4828.0,4.84,CLOSE_EXIT,7.053,WIN
2024-05-23,SAREGAMA,09:15,411.05,15:29,469.9,243,99885.0,14301.0,14.32,CLOSE_EXIT,7.053,WIN
2024-05-24,SYRMA,09:15,452.05,11:37,472.05,221,99903.0,4420.0,4.42,TRAIL_EXIT,5.726,WIN
2024-05-24,IDEA,09:15,14.25,11:37,15.3,7017,99992.0,7368.0,7.37,TRAIL_EXIT,5.726,WIN
2024-05-24,HAL,09:15,4950.0,11:37,5274.0,20,99000.0,6480.0,6.55,TRAIL_EXIT,5.726,WIN
2024-05-24,CHENNPETRO,09:15,941.75,11:37,990.5,106,99826.0,5168.0,5.18,TRAIL_EXIT,5.726,WIN
2024-05-24,COCHINSHIP,09:15,1899.5,11:37,1996.65,52,98774.0,5052.0,5.11,TRAIL_EXIT,5.726,WIN
2024-05-27,SYRMA,09:15,478.7,09:21,471.6,208,99570.0,-1477.0,-1.48,STOP_1.5,-1.474,LOSS
2024-05-27,COCHINSHIP,09:15,2100.0,09:21,2014.5,47,98700.0,-4018.0,-4.07,STOP_1.5,-1.474,LOSS
2024-05-27,IDEA,09:15,15.2,09:21,15.2,6578,99986.0,0.0,0.0,STOP_1.5,-1.474,LOSS
2024-05-27,ADANIENT,09:15,3255.5,09:21,3207.5,30,97665.0,-1440.0,-1.47,STOP_1.5,-1.474,LOSS
2024-05-27,BDL,09:15,1580.0,09:21,1574.2,63,99540.0,-365.0,-0.37,STOP_1.5,-1.474,LOSS
2024-05-28,NLCINDIA,09:15,228.85,09:17,228.65,436,99779.0,-87.0,-0.09,STOP_1.5,-1.563,LOSS
2024-05-28,FIVESTAR,09:15,706.1,09:17,701.2,141,99560.0,-691.0,-0.69,STOP_1.5,-1.563,LOSS
2024-05-28,BIKAJI,09:15,562.0,09:17,559.1,177,99474.0,-513.0,-0.52,STOP_1.5,-1.563,LOSS
2024-05-28,TARIL,09:15,334.95,09:17,315.0,298,99815.0,-5945.0,-5.96,STOP_1.5,-1.563,LOSS
2024-05-28,TECHNOE,09:15,1040.0,09:17,1034.2,96,99840.0,-557.0,-0.56,STOP_1.5,-1.563,LOSS
2024-05-29,FIVESTAR,09:15,697.1,09:39,702.75,143,99685.0,808.0,0.81,TRAIL_EXIT,0.983,WIN
2024-05-29,NLCINDIA,09:15,223.05,09:39,224.95,448,99926.0,851.0,0.85,TRAIL_EXIT,0.983,WIN
2024-05-29,TARIL,09:15,324.0,09:39,321.2,308,99792.0,-862.0,-0.86,TRAIL_EXIT,0.983,WIN
2024-05-29,ATGL,09:15,954.65,09:39,954.4,104,99284.0,-26.0,-0.03,TRAIL_EXIT,0.983,WIN
2024-05-29,TECHNOE,09:15,1017.0,09:39,1059.1,98,99666.0,4126.0,4.14,TRAIL_EXIT,0.983,WIN
2024-05-30,NLCINDIA,09:15,221.45,15:29,218.3,451,99874.0,-1421.0,-1.42,CLOSE_EXIT,-0.658,LOSS
2024-05-30,ATGL,09:15,952.0,15:29,956.25,105,99960.0,446.0,0.45,CLOSE_EXIT,-0.658,LOSS
2024-05-30,FIVESTAR,09:15,713.95,15:29,711.35,140,99953.0,-364.0,-0.36,CLOSE_EXIT,-0.658,LOSS
2024-05-30,GVT&D,09:15,1278.0,15:29,1262.55,78,99684.0,-1205.0,-1.21,CLOSE_EXIT,-0.658,LOSS
2024-05-30,TARIL,09:15,337.5,15:29,335.0,296,99900.0,-740.0,-0.74,CLOSE_EXIT,-0.658,LOSS
2024-05-31,NLCINDIA,09:15,220.1,09:45,218.9,454,99925.0,-545.0,-0.55,TRAIL_EXIT,0.919,WIN
2024-05-31,FIVESTAR,09:15,720.0,09:45,722.45,138,99360.0,338.0,0.34,TRAIL_EXIT,0.919,WIN
2024-05-31,BIKAJI,09:15,556.0,09:45,563.05,179,99524.0,1262.0,1.27,TRAIL_EXIT,0.919,WIN
2024-05-31,TARIL,09:15,335.0,09:45,340.25,298,99830.0,1564.0,1.57,TRAIL_EXIT,0.919,WIN
2024-05-31,ATGL,09:15,966.0,09:45,985.0,103,99498.0,1957.0,1.97,TRAIL_EXIT,0.919,WIN
2024-06-03,TARIL,09:15,367.5,09:19,367.5,272,99960.0,0.0,0.0,STOP_1.5,-1.897,LOSS
2024-06-03,ATGL,09:15,1190.0,09:19,1136.65,84,99960.0,-4481.0,-4.48,STOP_1.5,-1.897,LOSS
2024-06-03,GVT&D,09:15,1428.35,09:19,1426.95,70,99984.0,-98.0,-0.1,STOP_1.5,-1.897,LOSS
2024-06-03,POLICYBZR,09:15,1292.9,09:19,1313.0,77,99553.0,1548.0,1.55,STOP_1.5,-1.897,LOSS
2024-06-03,TECHNOE,09:15,1535.0,09:19,1435.95,65,99775.0,-6438.0,-6.45,STOP_1.5,-1.897,LOSS
2024-06-04,POONAWALLA,09:15,455.0,09:16,440.9,219,99645.0,-3088.0,-3.1,STOP_1.5,-1.75,LOSS
2024-06-04,TTML,09:15,75.05,09:16,73.85,1332,99967.0,-1598.0,-1.6,STOP_1.5,-1.75,LOSS
2024-06-04,BBTC,09:15,1489.0,09:16,1477.0,67,99763.0,-804.0,-0.81,STOP_1.5,-1.75,LOSS
2024-06-04,INDIAMART,09:15,2457.0,09:16,2408.15,40,98280.0,-1954.0,-1.99,STOP_1.5,-1.75,LOSS
2024-06-04,BOSCHLTD,09:15,30300.0,09:16,29931.05,3,90900.0,-1107.0,-1.22,STOP_1.5,-1.75,LOSS
2024-06-05,SHYAMMETL,09:15,555.0,09:21,544.2,180,99900.0,-1944.0,-1.95,STOP_1.5,-1.699,LOSS
2024-06-05,DLF,09:15,777.0,09:21,766.4,128,99456.0,-1357.0,-1.36,STOP_1.5,-1.699,LOSS
2024-06-05,MEDANTA,09:15,1116.2,09:21,1072.75,89,99342.0,-3867.0,-3.89,STOP_1.5,-1.699,LOSS
2024-06-05,BBTC,09:15,1404.0,09:21,1407.25,71,99684.0,231.0,0.23,STOP_1.5,-1.699,LOSS
2024-06-05,RKFORGE,09:15,640.0,09:21,630.2,156,99840.0,-1529.0,-1.53,STOP_1.5,-1.699,LOSS
2024-06-06,SHYAMMETL,09:15,574.75,09:19,579.25,173,99432.0,778.0,0.78,TRAIL_EXIT,0.831,WIN
2024-06-06,MEDANTA,09:15,1141.0,09:19,1143.9,87,99267.0,252.0,0.25,TRAIL_EXIT,0.831,WIN
2024-06-06,ACUTAAS,09:15,562.4,09:19,565.2,177,99545.0,496.0,0.5,TRAIL_EXIT,0.831,WIN
2024-06-06,MCX,09:15,710.0,09:19,709.0,140,99400.0,-140.0,-0.14,TRAIL_EXIT,0.831,WIN
2024-06-06,ITI,09:15,278.35,09:19,286.0,359,99928.0,2746.0,2.75,TRAIL_EXIT,0.831,WIN
2024-06-07,DCMSHRIRAM,09:15,945.9,10:32,955.45,105,99320.0,1003.0,1.01,TRAIL_EXIT,0.86,WIN
2024-06-07,MEDANTA,09:15,1203.0,10:32,1203.9,83,99849.0,75.0,0.07,TRAIL_EXIT,0.86,WIN
2024-06-07,PCBL,09:15,233.0,10:32,233.0,429,99957.0,0.0,0.0,TRAIL_EXIT,0.86,WIN
2024-06-07,MCX,09:15,697.0,10:32,719.0,143,99671.0,3146.0,3.16,TRAIL_EXIT,0.86,WIN
2024-06-07,MSUMI,09:15,44.87,10:32,44.9,2228,99970.0,67.0,0.07,TRAIL_EXIT,0.86,WIN
2024-06-10,INDIAMART,09:15,2569.5,15:29,2566.8,38,97641.0,-103.0,-0.11,CLOSE_EXIT,0.133,WIN
2024-06-10,PCBL,09:15,239.0,15:29,243.99,418,99902.0,2086.0,2.09,CLOSE_EXIT,0.133,WIN
2024-06-10,MEDANTA,09:15,1225.0,15:29,1212.0,81,99225.0,-1053.0,-1.06,CLOSE_EXIT,0.133,WIN
2024-06-10,TTML,09:15,75.0,15:29,74.5,1333,99975.0,-666.0,-0.67,CLOSE_EXIT,0.133,WIN
2024-06-10,MSUMI,09:15,45.6,15:29,45.78,2192,99955.0,395.0,0.39,CLOSE_EXIT,0.133,WIN
2024-06-11,MEDANTA,09:15,1202.0,15:29,1228.0,83,99766.0,2158.0,2.16,CLOSE_EXIT,0.563,WIN
2024-06-11,BEML,09:15,1977.5,15:29,2015.4,50,98875.0,1895.0,1.92,CLOSE_EXIT,0.563,WIN
2024-06-11,BDL,09:15,1427.8,15:29,1425.5,70,99946.0,-161.0,-0.16,CLOSE_EXIT,0.563,WIN
2024-06-11,MSUMI,09:15,46.27,15:29,45.85,2161,99989.0,-908.0,-0.91,CLOSE_EXIT,0.563,WIN
2024-06-11,ELGIEQUIP,09:15,611.1,15:29,610.0,163,99609.0,-179.0,-0.18,CLOSE_EXIT,0.563,WIN
2024-06-12,ELGIEQUIP,09:15,612.6,15:29,604.75,163,99854.0,-1280.0,-1.28,CLOSE_EXIT,-0.468,LOSS
2024-06-12,MEDANTA,09:15,1235.45,15:29,1243.0,80,98836.0,604.0,0.61,CLOSE_EXIT,-0.468,LOSS
2024-06-12,BDL,09:15,1425.0,15:29,1423.0,70,99750.0,-140.0,-0.14,CLOSE_EXIT,-0.468,LOSS
2024-06-12,COCHINSHIP,09:15,1902.8,15:29,1907.85,52,98946.0,263.0,0.27,CLOSE_EXIT,-0.468,LOSS
2024-06-12,BEML,09:15,2021.1,15:29,1985.0,49,99034.0,-1769.0,-1.79,CLOSE_EXIT,-0.468,LOSS
2024-06-13,ELGIEQUIP,09:15,605.0,12:52,643.0,165,99825.0,6270.0,6.28,TRAIL_EXIT,0.957,WIN
2024-06-13,BEML,09:15,2000.0,12:52,1966.8,50,100000.0,-1660.0,-1.66,TRAIL_EXIT,0.957,WIN
2024-06-13,MEDANTA,09:15,1243.2,12:52,1262.3,80,99456.0,1528.0,1.54,TRAIL_EXIT,0.957,WIN
2024-06-13,BDL,09:15,1425.0,12:52,1407.25,70,99750.0,-1242.0,-1.25,TRAIL_EXIT,0.957,WIN
2024-06-13,COCHINSHIP,09:15,1912.4,12:52,1910.0,52,99445.0,-125.0,-0.13,TRAIL_EXIT,0.957,WIN
2024-06-14,DATAPATTNS,09:15,2750.0,09:45,2809.7,36,99000.0,2149.0,2.17,TRAIL_EXIT,0.99,WIN
2024-06-14,BDL,09:15,1500.0,09:45,1539.55,66,99000.0,2610.0,2.64,TRAIL_EXIT,0.99,WIN
2024-06-14,BEML,09:15,2025.0,09:45,2042.9,49,99225.0,877.0,0.88,TRAIL_EXIT,0.99,WIN
2024-06-14,BALRAMCHIN,09:15,443.5,09:45,437.0,225,99788.0,-1462.0,-1.47,TRAIL_EXIT,0.99,WIN
2024-06-14,INTELLECT,09:15,1068.05,09:45,1076.0,93,99329.0,739.0,0.74,TRAIL_EXIT,0.99,WIN
2024-06-18,JWL,09:15,693.25,12:23,687.2,144,99828.0,-871.0,-0.87,TRAIL_EXIT,1.134,WIN
2024-06-18,TECHNOE,09:15,1480.0,12:23,1521.95,67,99160.0,2811.0,2.83,TRAIL_EXIT,1.134,WIN
2024-06-18,HUDCO,09:15,284.05,12:23,281.0,352,99986.0,-1074.0,-1.07,TRAIL_EXIT,1.134,WIN
2024-06-18,DATAPATTNS,09:15,2975.0,12:23,3066.3,33,98175.0,3013.0,3.07,TRAIL_EXIT,1.134,WIN
2024-06-18,BDL,09:15,1598.6,12:23,1626.8,62,99113.0,1748.0,1.76,TRAIL_EXIT,1.134,WIN
2024-06-19,MAPMYINDIA,09:15,1990.0,09:25,2002.15,50,99500.0,608.0,0.61,TRAIL_EXIT,0.922,WIN
2024-06-19,KALYANKJIL,09:15,428.85,09:25,442.4,233,99922.0,3157.0,3.16,TRAIL_EXIT,0.922,WIN
2024-06-19,SPLPETRO,09:15,732.3,09:25,732.9,136,99593.0,82.0,0.08,TRAIL_EXIT,0.922,WIN
2024-06-19,NEWGEN,09:15,931.65,09:25,945.55,107,99687.0,1487.0,1.49,TRAIL_EXIT,0.922,WIN
2024-06-19,TITAGARH,09:15,1506.0,09:25,1494.75,66,99396.0,-742.0,-0.75,TRAIL_EXIT,0.922,WIN
2024-06-20,KALYANKJIL,09:15,426.0,13:59,431.45,234,99684.0,1275.0,1.28,TRAIL_EXIT,2.983,WIN
2024-06-20,NEWGEN,09:15,939.85,13:59,946.05,106,99624.0,657.0,0.66,TRAIL_EXIT,2.983,WIN
2024-06-20,MAPMYINDIA,09:15,2220.0,13:59,2409.65,45,99900.0,8534.0,8.54,TRAIL_EXIT,2.983,WIN
2024-06-20,RAILTEL,09:15,428.9,13:59,423.15,233,99934.0,-1340.0,-1.34,TRAIL_EXIT,2.983,WIN
2024-06-20,SPLPETRO,09:15,753.0,13:59,796.5,132,99396.0,5742.0,5.78,TRAIL_EXIT,2.983,WIN
2024-06-21,RAILTEL,09:15,436.65,10:42,475.2,229,99993.0,8828.0,8.83,TRAIL_EXIT,3.225,WIN
2024-06-21,NEWGEN,09:15,964.0,10:42,997.35,103,99292.0,3435.0,3.46,TRAIL_EXIT,3.225,WIN
2024-06-21,MAPMYINDIA,09:15,2530.0,10:42,2578.15,39,98670.0,1878.0,1.9,TRAIL_EXIT,3.225,WIN
2024-06-21,TITAGARH,09:15,1496.0,10:42,1554.5,66,98736.0,3861.0,3.91,TRAIL_EXIT,3.225,WIN
2024-06-21,CLEAN,09:15,1480.0,10:42,1450.0,67,99160.0,-2010.0,-2.03,TRAIL_EXIT,3.225,WIN
2024-06-24,GALLANTT,09:15,361.35,09:22,350.0,276,99733.0,-3133.0,-3.14,TRAIL_EXIT,0.388,WIN
2024-06-24,INDUSTOWER,09:15,338.95,09:22,336.35,295,99990.0,-767.0,-0.77,TRAIL_EXIT,0.388,WIN
2024-06-24,RAILTEL,09:15,475.0,09:22,506.9,210,99750.0,6699.0,6.72,TRAIL_EXIT,0.388,WIN
2024-06-24,ASAHIINDIA,09:15,680.0,09:22,681.0,147,99960.0,147.0,0.15,TRAIL_EXIT,0.388,WIN
2024-06-24,NEWGEN,09:15,1020.0,09:22,1009.7,98,99960.0,-1009.0,-1.01,TRAIL_EXIT,0.388,WIN
2024-06-25,CEATLTD,09:15,2483.0,09:35,2475.8,40,99320.0,-288.0,-0.29,TRAIL_EXIT,0.955,WIN
2024-06-25,JKTYRE,09:15,392.75,09:35,393.35,254,99758.0,152.0,0.15,TRAIL_EXIT,0.955,WIN
2024-06-25,GRSE,09:15,1763.85,09:35,1779.15,56,98776.0,857.0,0.87,TRAIL_EXIT,0.955,WIN
2024-06-25,AEGISLOG,09:15,810.6,09:35,835.6,123,99704.0,3075.0,3.08,TRAIL_EXIT,0.955,WIN
2024-06-25,WELCORP,09:15,518.0,09:35,522.95,193,99974.0,955.0,0.96,TRAIL_EXIT,0.955,WIN
2024-06-26,CEATLTD,09:15,2478.8,09:21,2460.0,40,99152.0,-752.0,-0.76,TRAIL_EXIT,0.872,WIN
2024-06-26,GRSE,09:15,1970.0,09:21,2042.3,50,98500.0,3615.0,3.67,TRAIL_EXIT,0.872,WIN
2024-06-26,CDSL,09:15,1017.45,09:21,1015.5,98,99710.0,-191.0,-0.19,TRAIL_EXIT,0.872,WIN
2024-06-26,POWERINDIA,09:15,11525.4,09:21,11572.65,8,92203.0,378.0,0.41,TRAIL_EXIT,0.872,WIN
2024-06-26,AEGISLOG,09:15,816.05,09:21,826.0,122,99558.0,1214.0,1.22,TRAIL_EXIT,0.872,WIN
2024-06-27,CEATLTD,09:15,2523.0,11:46,2647.0,39,98397.0,4836.0,4.91,TRAIL_EXIT,0.971,WIN
2024-06-27,CDSL,09:15,1007.5,11:46,1003.0,99,99742.0,-446.0,-0.45,TRAIL_EXIT,0.971,WIN
2024-06-27,JKTYRE,09:15,399.1,11:46,399.4,250,99775.0,75.0,0.08,TRAIL_EXIT,0.971,WIN
2024-06-27,AEGISLOG,09:15,830.75,11:46,857.55,120,99690.0,3216.0,3.23,TRAIL_EXIT,0.971,WIN
2024-06-27,ARE&M,09:15,1667.0,11:46,1618.4,59,98353.0,-2867.0,-2.92,TRAIL_EXIT,0.971,WIN
2024-06-28,JKTYRE,09:15,397.9,15:04,426.5,251,99873.0,7179.0,7.19,TRAIL_EXIT,6.912,WIN
2024-06-28,CDSL,09:15,1080.0,15:04,1181.3,92,99360.0,9320.0,9.38,TRAIL_EXIT,6.912,WIN
2024-06-28,CEATLTD,09:15,2609.35,15:04,2856.9,38,99155.0,9407.0,9.49,TRAIL_EXIT,6.912,WIN
2024-06-28,ARE&M,09:15,1600.0,15:04,1662.2,62,99200.0,3856.0,3.89,TRAIL_EXIT,6.912,WIN
2024-06-28,APOLLOTYRE,09:15,518.0,15:04,542.0,193,99974.0,4632.0,4.63,TRAIL_EXIT,6.912,WIN
2024-07-01,ARE&M,09:15,1660.0,15:29,1707.0,60,99600.0,2820.0,2.83,CLOSE_EXIT,1.983,WIN
2024-07-01,SAIL,09:15,149.9,15:29,149.5,667,99983.0,-267.0,-0.27,CLOSE_EXIT,1.983,WIN
2024-07-01,TITAGARH,09:15,1853.0,15:29,1834.0,53,98209.0,-1007.0,-1.03,CLOSE_EXIT,1.983,WIN
2024-07-01,GRSE,09:15,2127.7,15:29,2309.0,46,97874.0,8340.0,8.52,CLOSE_EXIT,1.983,WIN
2024-07-01,PTCIL,09:15,13949.95,15:29,13935.0,7,97650.0,-105.0,-0.11,CLOSE_EXIT,1.983,WIN
2024-07-02,RITES,09:15,346.5,09:24,353.2,288,99792.0,1930.0,1.93,TRAIL_EXIT,0.799,WIN
2024-07-02,SWANCORP,09:15,620.25,09:24,625.95,161,99860.0,918.0,0.92,TRAIL_EXIT,0.799,WIN
2024-07-02,BAJAJHLDNG,09:15,8730.5,09:24,8800.0,11,96036.0,764.0,0.8,TRAIL_EXIT,0.799,WIN
2024-07-02,COCHINSHIP,09:15,2272.0,09:24,2276.25,44,99968.0,187.0,0.19,TRAIL_EXIT,0.799,WIN
2024-07-02,IRFC,09:15,172.5,09:24,172.78,579,99878.0,162.0,0.16,TRAIL_EXIT,0.799,WIN
2024-07-03,MAZDOCK,09:15,2177.25,15:29,2345.0,45,97976.0,7549.0,7.7,CLOSE_EXIT,3.595,WIN
2024-07-03,COCHINSHIP,09:15,2271.0,15:29,2434.0,44,99924.0,7172.0,7.18,CLOSE_EXIT,3.595,WIN
2024-07-03,BAJAJHLDNG,09:15,8855.55,15:29,9270.0,11,97411.0,4559.0,4.68,CLOSE_EXIT,3.595,WIN
2024-07-03,YESBANK,09:15,24.0,15:29,23.95,4166,99984.0,-208.0,-0.21,CLOSE_EXIT,3.595,WIN
2024-07-03,SWANCORP,09:15,623.95,15:29,616.0,160,99832.0,-1272.0,-1.27,CLOSE_EXIT,3.595,WIN
2024-07-04,YESBANK,09:15,23.99,15:29,23.99,4168,99990.0,0.0,0.0,CLOSE_EXIT,2.779,WIN
2024-07-04,RITES,09:15,350.9,15:29,374.1,284,99656.0,6589.0,6.61,CLOSE_EXIT,2.779,WIN
2024-07-04,SWANCORP,09:15,620.9,15:29,632.0,161,99965.0,1787.0,1.79,CLOSE_EXIT,2.779,WIN
2024-07-04,IRFC,09:15,177.85,15:29,177.69,562,99952.0,-90.0,-0.09,CLOSE_EXIT,2.779,WIN
2024-07-04,NIACL,09:15,245.31,15:29,259.05,407,99841.0,5592.0,5.6,CLOSE_EXIT,2.779,WIN
2024-07-05,RITES,09:15,377.05,09:21,376.8,265,99918.0,-66.0,-0.07,TRAIL_EXIT,0.377,WIN
2024-07-05,YESBANK,09:15,23.98,09:21,23.96,4170,99997.0,-83.0,-0.08,TRAIL_EXIT,0.377,WIN
2024-07-05,GRSE,09:15,2676.9,09:21,2678.7,37,99045.0,67.0,0.07,TRAIL_EXIT,0.377,WIN
2024-07-05,MAZDOCK,09:15,2814.8,09:21,2798.8,35,98518.0,-560.0,-0.57,TRAIL_EXIT,0.377,WIN
2024-07-05,COCHINSHIP,09:15,2715.0,09:21,2784.75,36,97740.0,2511.0,2.57,TRAIL_EXIT,0.377,WIN
2024-07-08,GRSE,09:15,2716.9,09:18,2736.0,36,97808.0,688.0,0.7,TRAIL_EXIT,0.987,WIN
2024-07-08,COCHINSHIP,09:15,2849.95,09:18,2930.0,35,99748.0,2802.0,2.81,TRAIL_EXIT,0.987,WIN
2024-07-08,YESBANK,09:15,26.95,09:18,26.87,3710,99984.0,-297.0,-0.3,TRAIL_EXIT,0.987,WIN
2024-07-08,JMFINANCIL,09:15,100.0,09:18,100.7,1000,100000.0,700.0,0.7,TRAIL_EXIT,0.987,WIN
2024-07-08,RITES,09:15,382.6,09:18,386.5,261,99859.0,1018.0,1.02,TRAIL_EXIT,0.987,WIN
2024-07-09,NSLNISP,09:15,57.8,10:21,57.32,1730,99994.0,-830.0,-0.83,TRAIL_EXIT,0.949,WIN
2024-07-09,SONACOMS,09:15,676.9,10:21,677.0,147,99504.0,15.0,0.01,TRAIL_EXIT,0.949,WIN
2024-07-09,JUBLINGREA,09:15,531.9,10:21,537.45,188,99997.0,1043.0,1.04,TRAIL_EXIT,0.949,WIN
2024-07-09,WELSPUNLIV,09:15,153.0,10:21,161.83,653,99909.0,5766.0,5.77,TRAIL_EXIT,0.949,WIN
2024-07-09,SONATSOFTW,09:15,635.0,10:21,627.0,157,99695.0,-1256.0,-1.26,TRAIL_EXIT,0.949,WIN
2024-07-10,RVNL,09:15,560.0,09:23,579.5,178,99680.0,3471.0,3.48,TRAIL_EXIT,0.76,WIN
2024-07-10,SONATSOFTW,09:15,627.0,09:23,624.95,159,99693.0,-326.0,-0.33,TRAIL_EXIT,0.76,WIN
2024-07-10,SONACOMS,09:15,680.15,09:23,677.75,147,99982.0,-353.0,-0.35,TRAIL_EXIT,0.76,WIN
2024-07-10,NSLNISP,09:15,57.98,09:23,57.47,1724,99958.0,-879.0,-0.88,TRAIL_EXIT,0.76,WIN
2024-07-10,RAILTEL,09:15,514.75,09:23,524.45,194,99862.0,1882.0,1.88,TRAIL_EXIT,0.76,WIN
2024-07-11,SONATSOFTW,09:15,615.1,09:31,619.75,162,99646.0,753.0,0.76,TRAIL_EXIT,0.978,WIN
2024-07-11,NSLNISP,09:15,57.98,09:31,58.13,1724,99958.0,259.0,0.26,TRAIL_EXIT,0.978,WIN
2024-07-11,IFCI,09:15,61.9,09:31,62.0,1615,99968.0,162.0,0.16,TRAIL_EXIT,0.978,WIN
2024-07-11,SONACOMS,09:15,692.9,09:31,715.1,144,99778.0,3197.0,3.2,TRAIL_EXIT,0.978,WIN
2024-07-11,NHPC,09:15,109.44,09:31,110.0,913,99919.0,511.0,0.51,TRAIL_EXIT,0.978,WIN
2024-07-12,SONATSOFTW,09:15,628.0,09:33,640.2,159,99852.0,1940.0,1.94,TRAIL_EXIT,1.302,WIN
2024-07-12,RVNL,09:15,628.0,09:33,633.6,159,99852.0,890.0,0.89,TRAIL_EXIT,1.302,WIN
2024-07-12,NSLNISP,09:15,60.63,09:33,61.23,1649,99979.0,989.0,0.99,TRAIL_EXIT,1.302,WIN
2024-07-12,IFCI,09:15,62.45,09:33,63.8,1601,99982.0,2161.0,2.16,TRAIL_EXIT,1.302,WIN
2024-07-12,SJVN,09:15,152.8,09:33,153.6,654,99931.0,523.0,0.52,TRAIL_EXIT,1.302,WIN
2024-07-15,SONATSOFTW,09:15,703.0,09:25,724.35,142,99826.0,3032.0,3.04,TRAIL_EXIT,0.745,WIN
2024-07-15,RVNL,09:15,637.0,09:25,634.65,156,99372.0,-367.0,-0.37,TRAIL_EXIT,0.745,WIN
2024-07-15,OIL,09:15,598.0,09:25,621.8,167,99866.0,3975.0,3.98,TRAIL_EXIT,0.745,WIN
2024-07-15,SCI,09:15,337.48,09:25,326.66,296,99894.0,-3203.0,-3.21,TRAIL_EXIT,0.745,WIN
2024-07-15,NHPC,09:15,113.8,09:25,114.12,878,99916.0,281.0,0.28,TRAIL_EXIT,0.745,WIN
2024-07-16,TTML,09:15,77.99,11:54,82.05,1282,99983.0,5205.0,5.21,TRAIL_EXIT,1.832,WIN
2024-07-16,INDIACEM,09:15,310.0,11:54,319.6,322,99820.0,3091.0,3.1,TRAIL_EXIT,1.832,WIN
2024-07-16,TECHNOE,09:15,1476.1,11:54,1495.0,67,98899.0,1266.0,1.28,TRAIL_EXIT,1.832,WIN
2024-07-16,RVNL,09:15,625.0,11:54,623.8,160,100000.0,-192.0,-0.19,TRAIL_EXIT,1.832,WIN
2024-07-16,KARURVYSYA,09:15,168.15,11:54,167.75,594,99881.0,-238.0,-0.24,TRAIL_EXIT,1.832,WIN
2024-07-18,TTML,09:15,81.6,09:20,83.4,1225,99960.0,2205.0,2.21,TRAIL_EXIT,1.778,WIN
2024-07-18,INDIACEM,09:15,325.55,09:20,336.0,307,99944.0,3208.0,3.21,TRAIL_EXIT,1.778,WIN
2024-07-18,TECHNOE,09:15,1495.9,09:20,1523.0,66,98729.0,1789.0,1.81,TRAIL_EXIT,1.778,WIN
2024-07-18,RVNL,09:15,612.0,09:20,618.6,163,99756.0,1076.0,1.08,TRAIL_EXIT,1.778,WIN
2024-07-18,PAYTM,09:15,459.0,09:20,461.65,217,99603.0,575.0,0.58,TRAIL_EXIT,1.778,WIN
2024-07-19,TTML,09:15,98.85,09:48,108.29,1011,99937.0,9544.0,9.55,TRAIL_EXIT,2.209,WIN
2024-07-19,RVNL,09:15,582.35,09:48,603.2,171,99582.0,3565.0,3.58,TRAIL_EXIT,2.209,WIN
2024-07-19,INDIACEM,09:15,343.5,09:48,339.05,291,99958.0,-1295.0,-1.3,TRAIL_EXIT,2.209,WIN
2024-07-19,PAYTM,09:15,443.0,09:48,436.0,225,99675.0,-1575.0,-1.58,TRAIL_EXIT,2.209,WIN
2024-07-19,ELECON,09:15,665.0,09:48,670.2,150,99750.0,780.0,0.78,TRAIL_EXIT,2.209,WIN
2024-07-22,INDIACEM,09:15,339.95,09:20,341.2,294,99945.0,368.0,0.37,TRAIL_EXIT,0.776,WIN
2024-07-22,TTML,09:15,99.99,09:20,107.23,1000,99990.0,7240.0,7.24,TRAIL_EXIT,0.776,WIN
2024-07-22,RVNL,09:15,615.0,09:20,602.6,162,99630.0,-2009.0,-2.02,TRAIL_EXIT,0.776,WIN
2024-07-22,ELECON,09:15,631.0,09:20,619.2,158,99698.0,-1864.0,-1.87,TRAIL_EXIT,0.776,WIN
2024-07-22,TECHNOE,09:15,1478.0,09:20,1480.0,67,99026.0,134.0,0.14,TRAIL_EXIT,0.776,WIN
2024-07-23,JPPOWER,09:15,18.11,12:20,17.8,5521,99985.0,-1712.0,-1.71,STOP_1.5,-2.421,LOSS
2024-07-23,AARTIIND,09:15,697.0,12:20,669.95,143,99671.0,-3868.0,-3.88,STOP_1.5,-2.421,LOSS
2024-07-23,IRB,09:15,34.15,12:20,32.68,2928,99991.0,-4304.0,-4.3,STOP_1.5,-2.421,LOSS
2024-07-23,BSE,09:15,735.5,12:20,728.5,135,99292.0,-945.0,-0.95,STOP_1.5,-2.421,LOSS
2024-07-23,RPOWER,09:15,27.2,12:20,26.86,3676,99987.0,-1250.0,-1.25,STOP_1.5,-2.421,LOSS
2024-07-24,AARTIIND,09:15,685.55,09:27,691.8,145,99405.0,906.0,0.91,TRAIL_EXIT,0.972,WIN
2024-07-24,JPPOWER,09:15,17.96,09:27,18.17,5567,99983.0,1169.0,1.17,TRAIL_EXIT,0.972,WIN
2024-07-24,TATAPOWER,09:15,416.45,09:27,420.75,240,99948.0,1032.0,1.03,TRAIL_EXIT,0.972,WIN
2024-07-24,VBL,09:15,619.5,09:27,623.6,161,99740.0,660.0,0.66,TRAIL_EXIT,0.972,WIN
2024-07-24,ITI,09:15,295.45,09:27,298.65,338,99862.0,1082.0,1.08,TRAIL_EXIT,0.972,WIN
2024-07-25,AARTIIND,09:15,687.0,09:48,685.55,145,99615.0,-210.0,-0.21,TRAIL_EXIT,0.887,WIN
2024-07-25,TATAPOWER,09:15,416.35,09:48,417.55,240,99924.0,288.0,0.29,TRAIL_EXIT,0.887,WIN
2024-07-25,ZEEL,09:15,133.89,09:48,134.67,746,99882.0,582.0,0.58,TRAIL_EXIT,0.887,WIN
2024-07-25,JPPOWER,09:15,18.65,09:48,18.76,5361,99983.0,590.0,0.59,TRAIL_EXIT,0.887,WIN
2024-07-25,RPOWER,09:15,28.28,09:48,29.18,3536,99998.0,3182.0,3.18,TRAIL_EXIT,0.887,WIN
2024-07-26,AARTIIND,09:15,696.9,15:29,706.0,143,99657.0,1301.0,1.31,CLOSE_EXIT,3.214,WIN
2024-07-26,ZEEL,09:15,137.61,15:29,140.06,726,99905.0,1779.0,1.78,CLOSE_EXIT,3.214,WIN
2024-07-26,JPPOWER,09:15,19.01,15:29,19.67,5260,99993.0,3472.0,3.47,CLOSE_EXIT,3.214,WIN
2024-07-26,TATAPOWER,09:15,432.0,15:29,444.6,231,99792.0,2911.0,2.92,CLOSE_EXIT,3.214,WIN
2024-07-26,ARE&M,09:15,1576.0,15:29,1680.15,63,99288.0,6561.0,6.61,CLOSE_EXIT,3.214,WIN
2024-07-29,AARTIIND,09:15,707.45,15:29,715.0,141,99750.0,1065.0,1.07,CLOSE_EXIT,-0.051,LOSS
2024-07-29,BSE,09:15,822.0,15:29,812.5,121,99462.0,-1150.0,-1.16,CLOSE_EXIT,-0.051,LOSS
2024-07-29,PGEL,09:15,443.6,15:29,459.5,225,99810.0,3577.0,3.58,CLOSE_EXIT,-0.051,LOSS
2024-07-29,MOTILALOFS,09:15,600.0,15:29,610.35,166,99600.0,1718.0,1.72,CLOSE_EXIT,-0.051,LOSS
2024-07-29,JPPOWER,09:15,20.5,15:29,19.38,4878,99999.0,-5463.0,-5.46,CLOSE_EXIT,-0.051,LOSS
2024-07-30,GVT&D,09:15,1577.0,12:52,1573.2,63,99351.0,-239.0,-0.24,TRAIL_EXIT,0.909,WIN
2024-07-30,ADANIENSOL,09:15,1064.9,12:52,1100.1,93,99036.0,3274.0,3.31,TRAIL_EXIT,0.909,WIN
2024-07-30,JUBLPHARMA,09:15,724.9,12:52,730.25,137,99311.0,733.0,0.74,TRAIL_EXIT,0.909,WIN
2024-07-30,AWL,09:15,347.8,12:52,351.75,287,99819.0,1134.0,1.14,TRAIL_EXIT,0.909,WIN
2024-07-30,ASTERDM,09:15,342.0,12:52,340.7,292,99864.0,-380.0,-0.38,TRAIL_EXIT,0.909,WIN
2024-07-31,GVT&D,09:15,1595.0,09:50,1582.2,62,98890.0,-794.0,-0.8,TRAIL_EXIT,0.817,WIN
2024-07-31,JUBLPHARMA,09:15,738.1,09:50,772.9,135,99644.0,4698.0,4.71,TRAIL_EXIT,0.817,WIN
2024-07-31,GRANULES,09:15,596.0,09:50,611.0,167,99532.0,2505.0,2.52,TRAIL_EXIT,0.817,WIN
2024-07-31,AWL,09:15,354.25,09:50,349.6,282,99898.0,-1311.0,-1.31,TRAIL_EXIT,0.817,WIN
2024-07-31,ASTERDM,09:15,349.15,09:50,345.55,286,99857.0,-1030.0,-1.03,TRAIL_EXIT,0.817,WIN
2024-08-01,DEEPAKFERT,09:15,943.0,10:43,959.7,106,99958.0,1770.0,1.77,TRAIL_EXIT,1.48,WIN
2024-08-01,ADANIENSOL,09:15,1120.0,10:43,1189.0,89,99680.0,6141.0,6.16,TRAIL_EXIT,1.48,WIN
2024-08-01,GVT&D,09:15,1664.3,10:43,1664.3,60,99858.0,0.0,0.0,TRAIL_EXIT,1.48,WIN
2024-08-01,AWL,09:15,349.9,10:43,345.9,285,99722.0,-1140.0,-1.14,TRAIL_EXIT,1.48,WIN
2024-08-01,SUZLON,09:15,69.93,10:43,70.36,1430,100000.0,615.0,0.61,TRAIL_EXIT,1.48,WIN
2024-08-02,AWL,09:15,344.0,09:46,362.6,290,99760.0,5394.0,5.41,TRAIL_EXIT,1.838,WIN
2024-08-02,CLEAN,09:15,1559.4,09:46,1605.0,64,99802.0,2918.0,2.92,TRAIL_EXIT,1.838,WIN
2024-08-02,DEEPAKFERT,09:15,922.5,09:46,938.9,108,99630.0,1771.0,1.78,TRAIL_EXIT,1.838,WIN
2024-08-02,ASTERDM,09:15,368.0,09:46,364.6,271,99728.0,-921.0,-0.92,TRAIL_EXIT,1.838,WIN
2024-08-02,GVT&D,09:15,1747.5,09:46,1747.5,57,99608.0,0.0,0.0,TRAIL_EXIT,1.838,WIN
2024-08-05,AWL,09:15,369.0,09:27,362.5,271,99999.0,-1762.0,-1.76,STOP_1.5,-1.95,LOSS
2024-08-05,ASTERDM,09:15,367.0,09:27,362.8,272,99824.0,-1142.0,-1.14,STOP_1.5,-1.95,LOSS
2024-08-05,NEULANDLAB,09:15,10900.0,09:27,10694.6,9,98100.0,-1849.0,-1.88,STOP_1.5,-1.95,LOSS
2024-08-05,GVT&D,09:15,1720.0,09:27,1677.5,58,99760.0,-2465.0,-2.47,STOP_1.5,-1.95,LOSS
2024-08-05,SUZLON,09:15,69.9,09:27,68.16,1430,99957.0,-2488.0,-2.49,STOP_1.5,-1.95,LOSS
2024-08-06,MANKIND,09:15,2000.0,09:26,2012.05,50,100000.0,602.0,0.6,TRAIL_EXIT,0.881,WIN
2024-08-06,BSE,09:15,812.0,09:26,812.5,123,99876.0,62.0,0.06,TRAIL_EXIT,0.881,WIN
2024-08-06,KIRLOSENG,09:15,1129.5,09:26,1147.7,88,99396.0,1602.0,1.61,TRAIL_EXIT,0.881,WIN
2024-08-06,COCHINSHIP,09:15,2401.0,09:26,2411.0,41,98441.0,410.0,0.42,TRAIL_EXIT,0.881,WIN
2024-08-06,NBCC,09:15,113.33,09:26,115.27,882,99957.0,1711.0,1.71,TRAIL_EXIT,0.881,WIN
2024-08-07,BSE,09:15,793.5,13:19,794.0,126,99981.0,63.0,0.06,TRAIL_EXIT,1.078,WIN
2024-08-07,KIRLOSENG,09:15,1126.9,13:19,1168.8,88,99167.0,3687.0,3.72,TRAIL_EXIT,1.078,WIN
2024-08-07,MANKIND,09:15,2033.0,13:19,2061.5,49,99617.0,1396.0,1.4,TRAIL_EXIT,1.078,WIN
2024-08-07,NBCC,09:15,112.5,13:19,113.17,888,99900.0,595.0,0.6,TRAIL_EXIT,1.078,WIN
2024-08-07,PTCIL,09:15,13506.0,13:19,13445.0,7,94542.0,-427.0,-0.45,TRAIL_EXIT,1.078,WIN
2024-08-08,MANKIND,09:15,2056.0,09:20,2051.95,48,98688.0,-194.0,-0.2,STOP_1.5,-2.018,LOSS
2024-08-08,BSE,09:15,885.5,09:20,855.5,112,99176.0,-3360.0,-3.39,STOP_1.5,-2.018,LOSS
2024-08-08,PTCIL,09:15,13998.95,09:20,13751.0,7,97993.0,-1736.0,-1.77,STOP_1.5,-2.018,LOSS
2024-08-08,COCHINSHIP,09:15,2360.0,09:20,2313.8,42,99120.0,-1940.0,-1.96,STOP_1.5,-2.018,LOSS
2024-08-08,KIRLOSENG,09:15,1229.95,09:20,1196.0,81,99626.0,-2750.0,-2.76,STOP_1.5,-2.018,LOSS
2024-08-09,MANKIND,09:15,2060.0,11:33,2092.75,48,98880.0,1572.0,1.59,TRAIL_EXIT,1.902,WIN
2024-08-09,KIRLOSENG,09:15,1165.0,11:33,1205.2,85,99025.0,3417.0,3.45,TRAIL_EXIT,1.902,WIN
2024-08-09,COCHINSHIP,09:15,2440.15,11:33,2385.1,40,97606.0,-2202.0,-2.26,TRAIL_EXIT,1.902,WIN
2024-08-09,NBCC,09:15,113.65,11:33,122.36,879,99898.0,7656.0,7.66,TRAIL_EXIT,1.902,WIN
2024-08-09,ASTERDM,09:15,403.55,11:33,399.4,247,99677.0,-1025.0,-1.03,TRAIL_EXIT,1.902,WIN
2024-08-12,ASTERDM,09:15,408.5,14:24,394.3,244,99674.0,-3465.0,-3.48,STOP_1.5,-1.512,LOSS
2024-08-12,COCHINSHIP,09:15,2365.0,14:24,2334.9,42,99330.0,-1264.0,-1.27,STOP_1.5,-1.512,LOSS
2024-08-12,MANKIND,09:15,2121.25,14:24,2153.7,47,99699.0,1525.0,1.53,STOP_1.5,-1.512,LOSS
2024-08-12,PTCIL,09:15,14489.9,14:24,13954.0,6,86939.0,-3215.0,-3.7,STOP_1.5,-1.512,LOSS
2024-08-12,BSE,09:15,866.5,14:24,858.5,115,99648.0,-920.0,-0.92,STOP_1.5,-1.512,LOSS
2024-08-13,CHENNPETRO,09:15,922.0,15:25,891.5,108,99576.0,-3294.0,-3.31,STOP_1.5,-1.519,LOSS
2024-08-13,ATGL,09:15,867.75,15:25,849.05,115,99791.0,-2151.0,-2.15,STOP_1.5,-1.519,LOSS
2024-08-13,JSL,09:15,691.4,15:25,694.1,144,99562.0,389.0,0.39,STOP_1.5,-1.519,LOSS
2024-08-13,ADANIPOWER,09:15,138.5,15:25,137.8,722,99997.0,-505.0,-0.51,STOP_1.5,-1.519,LOSS
2024-08-13,PAYTM,09:15,515.15,15:25,504.75,194,99939.0,-2018.0,-2.02,STOP_1.5,-1.519,LOSS
2024-08-14,CHENNPETRO,09:15,903.0,10:26,946.05,110,99330.0,4735.0,4.77,TRAIL_EXIT,0.964,WIN
2024-08-14,JSL,09:15,698.0,10:26,696.2,143,99814.0,-257.0,-0.26,TRAIL_EXIT,0.964,WIN
2024-08-14,PAYTM,09:15,508.1,10:26,516.8,196,99588.0,1705.0,1.71,TRAIL_EXIT,0.964,WIN
2024-08-14,ATGL,09:15,850.0,10:26,838.35,117,99450.0,-1363.0,-1.37,TRAIL_EXIT,0.964,WIN
2024-08-14,PGEL,09:15,433.0,10:26,432.9,230,99590.0,-23.0,-0.02,TRAIL_EXIT,0.964,WIN
2024-08-16,CHENNPETRO,09:15,974.0,15:09,980.7,102,99348.0,683.0,0.69,TRAIL_EXIT,0.976,WIN
2024-08-16,ATGL,09:15,845.9,15:09,847.45,118,99816.0,183.0,0.18,TRAIL_EXIT,0.976,WIN
2024-08-16,ADANIPOWER,09:15,136.6,15:09,139.4,732,99991.0,2050.0,2.05,TRAIL_EXIT,0.976,WIN
2024-08-16,JSL,09:15,699.1,15:09,702.5,143,99971.0,486.0,0.49,TRAIL_EXIT,0.976,WIN
2024-08-16,RVNL,09:15,561.1,15:09,569.35,178,99876.0,1468.0,1.47,TRAIL_EXIT,0.976,WIN
2024-08-19,JSL,09:15,708.2,15:02,723.6,141,99856.0,2171.0,2.17,TRAIL_EXIT,0.99,WIN
2024-08-19,ATGL,09:15,846.5,15:02,854.95,118,99887.0,997.0,1.0,TRAIL_EXIT,0.99,WIN
2024-08-19,CHENNPETRO,09:15,987.0,15:02,987.6,101,99687.0,61.0,0.06,TRAIL_EXIT,0.99,WIN
2024-08-19,ADANIPOWER,09:15,139.6,15:02,139.75,716,99954.0,107.0,0.11,TRAIL_EXIT,0.99,WIN
2024-08-19,TITAGARH,09:15,1450.1,15:02,1473.5,68,98607.0,1591.0,1.61,TRAIL_EXIT,0.99,WIN
2024-08-20,LEMONTREE,09:15,121.39,13:44,122.95,823,99904.0,1284.0,1.29,TRAIL_EXIT,0.982,WIN
2024-08-20,ELGIEQUIP,09:15,639.7,13:44,627.1,156,99793.0,-1966.0,-1.97,TRAIL_EXIT,0.982,WIN
2024-08-20,VBL,09:15,605.9,13:44,598.3,165,99974.0,-1254.0,-1.25,TRAIL_EXIT,0.982,WIN
2024-08-20,NIACL,09:15,253.0,13:44,256.0,395,99935.0,1185.0,1.19,TRAIL_EXIT,0.982,WIN
2024-08-20,POONAWALLA,09:15,372.9,13:44,394.0,268,99937.0,5655.0,5.66,TRAIL_EXIT,0.982,WIN
2024-08-21,ELGIEQUIP,09:15,630.6,15:29,633.0,158,99635.0,379.0,0.38,CLOSE_EXIT,2.929,WIN
2024-08-21,LEMONTREE,09:15,124.5,15:29,132.45,803,99974.0,6384.0,6.39,CLOSE_EXIT,2.929,WIN
2024-08-21,VBL,09:15,604.0,15:29,619.2,165,99660.0,2508.0,2.52,CLOSE_EXIT,2.929,WIN
2024-08-21,RADICO,09:15,1710.0,15:29,1720.0,58,99180.0,580.0,0.58,CLOSE_EXIT,2.929,WIN
2024-08-21,NIACL,09:15,260.95,15:29,273.35,383,99944.0,4749.0,4.75,CLOSE_EXIT,2.929,WIN
2024-08-22,ELGIEQUIP,09:15,633.4,11:29,685.1,157,99444.0,8117.0,8.16,TRAIL_EXIT,2.259,WIN
2024-08-22,LEMONTREE,09:15,132.51,11:29,132.45,754,99913.0,-45.0,-0.05,TRAIL_EXIT,2.259,WIN
2024-08-22,VBL,09:15,626.0,11:29,640.0,159,99534.0,2226.0,2.24,TRAIL_EXIT,2.259,WIN
2024-08-22,INDIGO,09:15,4400.0,11:29,4450.4,22,96800.0,1109.0,1.15,TRAIL_EXIT,2.259,WIN
2024-08-22,SYRMA,09:15,443.25,11:29,442.3,225,99731.0,-214.0,-0.21,TRAIL_EXIT,2.259,WIN
2024-08-23,ELGIEQUIP,09:15,646.8,12:10,673.9,154,99607.0,4173.0,4.19,TRAIL_EXIT,0.964,WIN
2024-08-23,VBL,09:15,637.8,12:10,635.2,156,99497.0,-406.0,-0.41,TRAIL_EXIT,0.964,WIN
2024-08-23,LEMONTREE,09:15,133.84,12:10,131.25,747,99978.0,-1935.0,-1.94,TRAIL_EXIT,0.964,WIN
2024-08-23,SYRMA,09:15,441.6,12:10,459.9,226,99802.0,4136.0,4.14,TRAIL_EXIT,0.964,WIN
2024-08-23,IIFL,09:15,468.9,12:10,463.45,213,99876.0,-1161.0,-1.16,TRAIL_EXIT,0.964,WIN
2024-08-26,VBL,09:15,630.0,15:29,628.6,158,99540.0,-221.0,-0.22,CLOSE_EXIT,-0.142,LOSS
2024-08-26,LEMONTREE,09:15,133.41,15:29,133.0,749,99924.0,-307.0,-0.31,CLOSE_EXIT,-0.142,LOSS
2024-08-26,CYIENT,09:15,1999.0,15:29,1992.0,50,99950.0,-350.0,-0.35,CLOSE_EXIT,-0.142,LOSS
2024-08-26,IIFL,09:15,459.0,15:29,461.0,217,99603.0,434.0,0.44,CLOSE_EXIT,-0.142,LOSS
2024-08-26,NIACL,09:15,265.45,15:29,264.75,376,99809.0,-263.0,-0.26,CLOSE_EXIT,-0.142,LOSS
2024-08-27,BSOFT,09:15,628.0,10:20,639.1,159,99852.0,1765.0,1.77,TRAIL_EXIT,1.607,WIN
2024-08-27,GRAVITA,09:15,2095.2,10:20,2023.7,47,98474.0,-3360.0,-3.41,TRAIL_EXIT,1.607,WIN
2024-08-27,LODHA,09:15,1218.95,10:20,1257.55,82,99954.0,3165.0,3.17,TRAIL_EXIT,1.607,WIN
2024-08-27,PAYTM,09:15,540.9,10:20,540.8,184,99526.0,-18.0,-0.02,TRAIL_EXIT,1.607,WIN
2024-08-27,TATAINVEST,09:15,618.0,10:20,658.0,161,99498.0,6440.0,6.47,TRAIL_EXIT,1.607,WIN
2024-08-28,GRAVITA,09:15,2072.0,14:53,2135.95,48,99456.0,3070.0,3.09,TRAIL_EXIT,1.2,WIN
2024-08-28,LODHA,09:15,1237.1,14:53,1234.45,80,98968.0,-212.0,-0.21,TRAIL_EXIT,1.2,WIN
2024-08-28,BSOFT,09:15,647.4,14:53,664.9,154,99700.0,2695.0,2.7,TRAIL_EXIT,1.2,WIN
2024-08-28,PAYTM,09:15,549.0,14:53,544.55,182,99918.0,-810.0,-0.81,TRAIL_EXIT,1.2,WIN
2024-08-28,WHIRLPOOL,09:15,2021.1,14:53,2046.05,49,99034.0,1223.0,1.23,TRAIL_EXIT,1.2,WIN
2024-08-29,GRAVITA,09:15,2155.1,09:31,2142.8,46,99135.0,-566.0,-0.57,TRAIL_EXIT,0.978,WIN
2024-08-29,PAYTM,09:15,559.0,09:31,552.5,178,99502.0,-1157.0,-1.16,TRAIL_EXIT,0.978,WIN
2024-08-29,KEC,09:15,890.0,09:31,917.15,112,99680.0,3041.0,3.05,TRAIL_EXIT,0.978,WIN
2024-08-29,WHIRLPOOL,09:15,2081.45,09:31,2101.8,48,99910.0,977.0,0.98,TRAIL_EXIT,0.978,WIN
2024-08-29,BSOFT,09:15,659.5,09:31,676.55,151,99584.0,2575.0,2.59,TRAIL_EXIT,0.978,WIN
2024-08-30,GRAVITA,09:15,2158.1,12:19,2177.65,46,99273.0,899.0,0.91,TRAIL_EXIT,0.928,WIN
2024-08-30,PAYTM,09:15,558.0,12:19,552.75,179,99882.0,-940.0,-0.94,TRAIL_EXIT,0.928,WIN
2024-08-30,WOCKPHARMA,09:15,998.8,12:19,1018.55,100,99880.0,1975.0,1.98,TRAIL_EXIT,0.928,WIN
2024-08-30,GODFRYPHLP,09:15,2045.0,12:19,2071.0,48,98160.0,1248.0,1.27,TRAIL_EXIT,0.928,WIN
2024-08-30,KEC,09:15,909.95,12:19,923.0,109,99185.0,1422.0,1.43,TRAIL_EXIT,0.928,WIN
2024-09-02,GRAVITA,09:15,2297.0,12:19,2348.45,43,98771.0,2212.0,2.24,STOP_1.5,-1.549,LOSS
2024-09-02,PAYTM,09:15,619.0,12:19,591.3,161,99659.0,-4460.0,-4.47,STOP_1.5,-1.549,LOSS
2024-09-02,WOCKPHARMA,09:15,1060.0,12:19,1050.0,94,99640.0,-940.0,-0.94,STOP_1.5,-1.549,LOSS
2024-09-02,LODHA,09:15,1253.9,12:19,1248.15,79,99058.0,-454.0,-0.46,STOP_1.5,-1.549,LOSS
2024-09-02,JSL,09:15,793.4,12:19,761.2,126,99968.0,-4057.0,-4.06,STOP_1.5,-1.549,LOSS
2024-09-03,PGEL,09:15,520.0,10:09,525.6,192,99840.0,1075.0,1.08,TRAIL_EXIT,1.002,WIN
2024-09-03,ASAHIINDIA,09:15,636.0,10:09,642.15,157,99852.0,966.0,0.97,TRAIL_EXIT,1.002,WIN
2024-09-03,CARTRADE,09:15,841.25,10:09,856.6,118,99268.0,1811.0,1.82,TRAIL_EXIT,1.002,WIN
2024-09-03,FLUOROCHEM,09:15,3174.0,10:09,3197.65,31,98394.0,733.0,0.75,TRAIL_EXIT,1.002,WIN
2024-09-03,SBICARD,09:15,748.0,10:09,750.95,133,99484.0,392.0,0.39,TRAIL_EXIT,1.002,WIN
2024-09-04,PGEL,09:15,538.0,09:50,557.9,185,99530.0,3681.0,3.7,TRAIL_EXIT,1.633,WIN
2024-09-04,FLUOROCHEM,09:15,3125.0,09:50,3184.1,32,100000.0,1891.0,1.89,TRAIL_EXIT,1.633,WIN
2024-09-04,ASAHIINDIA,09:15,656.5,09:50,678.35,152,99788.0,3321.0,3.33,TRAIL_EXIT,1.633,WIN
2024-09-04,JSWDULUX,09:15,3509.0,09:50,3522.75,28,98252.0,385.0,0.39,TRAIL_EXIT,1.633,WIN
2024-09-04,GODFRYPHLP,09:15,2199.0,09:50,2173.0,45,98955.0,-1170.0,-1.18,TRAIL_EXIT,1.633,WIN
2024-09-05,FLUOROCHEM,09:15,3186.0,09:22,3182.0,31,98766.0,-124.0,-0.13,TRAIL_EXIT,0.921,WIN
2024-09-05,GODFRYPHLP,09:15,2140.0,09:22,2177.0,46,98440.0,1702.0,1.73,TRAIL_EXIT,0.921,WIN
2024-09-05,ASAHIINDIA,09:15,688.0,09:22,691.0,145,99760.0,435.0,0.44,TRAIL_EXIT,0.921,WIN
2024-09-05,PGEL,09:15,572.0,09:22,584.35,174,99528.0,2149.0,2.16,TRAIL_EXIT,0.921,WIN
2024-09-05,JSWDULUX,09:15,3624.95,09:22,3639.5,27,97874.0,393.0,0.4,TRAIL_EXIT,0.921,WIN
2024-09-06,GODFRYPHLP,09:15,2128.0,09:51,2158.0,46,97888.0,1380.0,1.41,TRAIL_EXIT,2.098,WIN
2024-09-06,PGEL,09:15,596.9,09:51,603.8,167,99682.0,1152.0,1.16,TRAIL_EXIT,2.098,WIN
2024-09-06,ASAHIINDIA,09:15,684.0,09:51,688.0,146,99864.0,584.0,0.58,TRAIL_EXIT,2.098,WIN
2024-09-06,AAVAS,09:15,1855.0,09:51,1889.65,53,98315.0,1836.0,1.87,TRAIL_EXIT,2.098,WIN
2024-09-06,FLUOROCHEM,09:15,3542.0,09:51,3736.0,28,99176.0,5432.0,5.48,TRAIL_EXIT,2.098,WIN
2024-09-09,ASAHIINDIA,09:15,687.95,09:35,666.6,145,99753.0,-3096.0,-3.1,STOP_1.5,-1.589,LOSS
2024-09-09,PGEL,09:15,610.3,09:35,610.5,163,99479.0,33.0,0.03,STOP_1.5,-1.589,LOSS
2024-09-09,GODFRYPHLP,09:15,2372.0,09:35,2259.0,42,99624.0,-4746.0,-4.76,STOP_1.5,-1.589,LOSS
2024-09-09,AAVAS,09:15,1880.0,09:35,1891.7,53,99640.0,620.0,0.62,STOP_1.5,-1.589,LOSS
2024-09-09,SBICARD,09:15,800.8,09:35,795.0,124,99299.0,-719.0,-0.72,STOP_1.5,-1.589,LOSS
2024-09-10,VBL,09:15,615.7,10:01,612.35,162,99743.0,-543.0,-0.54,TRAIL_EXIT,0.998,WIN
2024-09-10,LINDEINDIA,09:15,7376.95,10:01,7425.0,13,95900.0,625.0,0.65,TRAIL_EXIT,0.998,WIN
2024-09-10,JWL,09:15,511.3,10:01,505.5,195,99704.0,-1131.0,-1.13,TRAIL_EXIT,0.998,WIN
2024-09-10,IDBI,09:15,88.1,10:01,87.98,1135,99994.0,-136.0,-0.14,TRAIL_EXIT,0.998,WIN
2024-09-10,GRAVITA,09:15,2191.05,10:01,2326.9,45,98597.0,6113.0,6.2,TRAIL_EXIT,0.998,WIN
2024-09-11,VBL,09:15,606.0,10:21,632.25,165,99990.0,4331.0,4.33,TRAIL_EXIT,0.96,WIN
2024-09-11,IDBI,09:15,89.0,10:21,88.29,1123,99947.0,-797.0,-0.8,TRAIL_EXIT,0.96,WIN
2024-09-11,JWL,09:15,511.1,10:21,518.6,195,99664.0,1462.0,1.47,TRAIL_EXIT,0.96,WIN
2024-09-11,CGPOWER,09:15,669.0,10:21,669.5,149,99681.0,74.0,0.07,TRAIL_EXIT,0.96,WIN
2024-09-11,LINDEINDIA,09:15,7890.0,10:21,7862.45,12,94680.0,-331.0,-0.35,TRAIL_EXIT,0.96,WIN
2024-09-12,JWL,09:15,526.8,09:19,520.15,189,99565.0,-1257.0,-1.26,TRAIL_EXIT,0.835,WIN
2024-09-12,IDBI,09:15,87.01,09:19,87.28,1149,99974.0,310.0,0.31,TRAIL_EXIT,0.835,WIN
2024-09-12,GODFRYPHLP,09:15,2225.0,09:19,2250.0,44,97900.0,1100.0,1.12,TRAIL_EXIT,0.835,WIN
2024-09-12,VBL,09:15,635.5,09:19,651.75,157,99774.0,2551.0,2.56,TRAIL_EXIT,0.835,WIN
2024-09-12,GRAVITA,09:15,2252.0,09:19,2284.75,44,99088.0,1441.0,1.45,TRAIL_EXIT,0.835,WIN
2024-09-13,IDBI,09:15,89.25,09:24,92.24,1120,99960.0,3349.0,3.35,TRAIL_EXIT,0.999,WIN
2024-09-13,JWL,09:15,528.15,09:24,533.8,189,99820.0,1068.0,1.07,TRAIL_EXIT,0.999,WIN
2024-09-13,LINDEINDIA,09:15,7649.95,09:24,7625.0,13,99449.0,-324.0,-0.33,TRAIL_EXIT,0.999,WIN
2024-09-13,GODFRYPHLP,09:15,2220.0,09:24,2216.0,45,99900.0,-180.0,-0.18,TRAIL_EXIT,0.999,WIN
2024-09-13,VBL,09:15,650.0,09:24,657.0,153,99450.0,1071.0,1.08,TRAIL_EXIT,0.999,WIN
2024-09-16,VBL,09:15,648.0,15:29,624.0,154,99792.0,-3696.0,-3.7,CLOSE_EXIT,-0.604,LOSS
2024-09-16,LINDEINDIA,09:15,8229.35,15:29,8299.9,12,98752.0,847.0,0.86,CLOSE_EXIT,-0.604,LOSS
2024-09-16,JWL,09:15,563.2,15:29,548.5,177,99686.0,-2602.0,-2.61,CLOSE_EXIT,-0.604,LOSS
2024-09-16,NAVA,09:15,555.0,15:29,554.5,180,99900.0,-90.0,-0.09,CLOSE_EXIT,-0.604,LOSS
2024-09-16,POWERINDIA,09:15,12830.0,15:29,13200.3,7,89810.0,2592.0,2.89,CLOSE_EXIT,-0.604,LOSS
2024-09-17,IRB,09:15,30.24,15:19,30.25,3306,99973.0,33.0,0.03,TRAIL_EXIT,0.916,WIN
2024-09-17,COCHINSHIP,09:15,1794.2,15:19,1764.15,55,98681.0,-1653.0,-1.67,TRAIL_EXIT,0.916,WIN
2024-09-17,SOBHA,09:15,1775.3,15:19,1839.85,56,99417.0,3615.0,3.64,TRAIL_EXIT,0.916,WIN
2024-09-17,THERMAX,09:15,5046.0,15:19,5201.05,19,95874.0,2946.0,3.07,TRAIL_EXIT,0.916,WIN
2024-09-17,CEMPRO,09:15,492.35,15:19,490.3,203,99947.0,-416.0,-0.42,TRAIL_EXIT,0.916,WIN
2024-09-18,IRB,09:15,30.22,10:24,30.54,3309,99998.0,1059.0,1.06,TRAIL_EXIT,0.952,WIN
2024-09-18,COCHINSHIP,09:15,1762.5,10:24,1760.5,56,98700.0,-112.0,-0.11,TRAIL_EXIT,0.952,WIN
2024-09-18,CEMPRO,09:15,490.95,10:24,494.75,203,99663.0,771.0,0.77,TRAIL_EXIT,0.952,WIN
2024-09-18,HEG,09:15,423.9,10:24,441.4,235,99616.0,4112.0,4.13,TRAIL_EXIT,0.952,WIN
2024-09-18,SOBHA,09:15,1870.0,10:24,1849.25,53,99110.0,-1100.0,-1.11,TRAIL_EXIT,0.952,WIN
2024-09-19,CEMPRO,09:15,489.9,10:11,480.0,204,99940.0,-2020.0,-2.02,STOP_1.5,-1.584,LOSS
2024-09-19,COCHINSHIP,09:15,1749.0,10:11,1678.0,57,99693.0,-4047.0,-4.06,STOP_1.5,-1.584,LOSS
2024-09-19,IRB,09:15,30.5,10:11,29.54,3278,99979.0,-3147.0,-3.15,STOP_1.5,-1.584,LOSS
2024-09-19,RITES,09:15,344.4,10:11,351.3,290,99876.0,2001.0,2.0,STOP_1.5,-1.584,LOSS
2024-09-19,THERMAX,09:15,5201.5,10:11,5165.55,19,98828.0,-683.0,-0.69,STOP_1.5,-1.584,LOSS
2024-09-20,CEMPRO,09:15,521.0,09:37,533.55,191,99511.0,2397.0,2.41,TRAIL_EXIT,0.958,WIN
2024-09-20,COCHINSHIP,09:15,1688.0,09:37,1722.0,59,99592.0,2006.0,2.01,TRAIL_EXIT,0.958,WIN
2024-09-20,IRB,09:15,29.7,09:37,29.9,3367,100000.0,673.0,0.67,TRAIL_EXIT,0.958,WIN
2024-09-20,GRSE,09:15,1709.5,09:37,1709.35,58,99151.0,-9.0,-0.01,TRAIL_EXIT,0.958,WIN
2024-09-20,SOBHA,09:15,1886.95,09:37,1880.9,52,98121.0,-315.0,-0.32,TRAIL_EXIT,0.958,WIN
2024-09-23,COCHINSHIP,09:15,1886.95,09:17,1907.0,52,98121.0,1043.0,1.06,TRAIL_EXIT,0.587,WIN
2024-09-23,IRB,09:15,32.06,09:17,31.68,3119,99995.0,-1185.0,-1.19,TRAIL_EXIT,0.587,WIN
2024-09-23,FORCEMOT,09:15,7290.0,09:17,7249.55,13,94770.0,-526.0,-0.55,TRAIL_EXIT,0.587,WIN
2024-09-23,SOBHA,09:15,2000.2,09:17,2046.15,49,98010.0,2252.0,2.3,TRAIL_EXIT,0.587,WIN
2024-09-23,TIINDIA,09:15,4186.05,09:17,4241.5,23,96279.0,1275.0,1.32,TRAIL_EXIT,0.587,WIN
2024-09-24,NMDC,09:15,68.45,09:21,69.16,1460,99937.0,1037.0,1.04,TRAIL_EXIT,0.946,WIN
2024-09-24,NATIONALUM,09:15,180.4,09:21,183.36,554,99942.0,1640.0,1.64,TRAIL_EXIT,0.946,WIN
2024-09-24,WELCORP,09:15,685.0,09:21,697.35,145,99325.0,1791.0,1.8,TRAIL_EXIT,0.946,WIN
2024-09-24,SAIL,09:15,131.5,09:21,132.39,760,99940.0,676.0,0.68,TRAIL_EXIT,0.946,WIN
2024-09-24,FORCEMOT,09:15,7199.0,09:21,7162.0,13,93587.0,-481.0,-0.51,TRAIL_EXIT,0.946,WIN
2024-09-25,NATIONALUM,09:15,191.42,15:29,190.83,522,99921.0,-308.0,-0.31,CLOSE_EXIT,-0.176,LOSS
2024-09-25,NMDC,09:15,70.6,15:29,70.55,1416,99970.0,-71.0,-0.07,CLOSE_EXIT,-0.176,LOSS
2024-09-25,FORCEMOT,09:15,7149.0,15:29,7034.0,13,92937.0,-1495.0,-1.61,CLOSE_EXIT,-0.176,LOSS
2024-09-25,GAIL,09:15,208.05,15:29,210.62,480,99864.0,1234.0,1.24,CLOSE_EXIT,-0.176,LOSS
2024-09-25,WELCORP,09:15,719.65,15:29,718.0,138,99312.0,-228.0,-0.23,CLOSE_EXIT,-0.176,LOSS
2024-09-26,NATIONALUM,09:15,190.63,09:39,188.48,524,99890.0,-1127.0,-1.13,STOP_1.5,-1.51,LOSS
2024-09-26,FORCEMOT,09:15,7119.0,09:39,6956.15,14,99666.0,-2280.0,-2.29,STOP_1.5,-1.51,LOSS
2024-09-26,NMDC,09:15,70.58,09:39,69.56,1416,99941.0,-1444.0,-1.45,STOP_1.5,-1.51,LOSS
2024-09-26,GPIL,09:15,212.0,09:39,208.7,471,99852.0,-1554.0,-1.56,STOP_1.5,-1.51,LOSS
2024-09-26,WELCORP,09:15,715.8,09:39,707.7,139,99496.0,-1126.0,-1.13,STOP_1.5,-1.51,LOSS
2024-09-27,FORCEMOT,09:15,7048.95,10:59,7610.0,14,98685.0,7855.0,7.96,TRAIL_EXIT,2.217,WIN
2024-09-27,GPIL,09:15,213.6,10:59,216.95,468,99965.0,1568.0,1.57,TRAIL_EXIT,2.217,WIN
2024-09-27,NMDC,09:15,74.17,10:59,74.16,1348,99981.0,-13.0,-0.01,TRAIL_EXIT,2.217,WIN
2024-09-27,GAIL,09:15,218.65,10:59,219.76,457,99923.0,507.0,0.51,TRAIL_EXIT,2.217,WIN
2024-09-27,SAIL,09:15,140.0,10:59,141.59,714,99960.0,1135.0,1.14,TRAIL_EXIT,2.217,WIN
2024-09-30,SAIL,09:15,141.4,11:10,142.53,707,99970.0,799.0,0.8,TRAIL_EXIT,0.869,WIN
2024-09-30,FORCEMOT,09:15,7580.0,11:10,7470.0,13,98540.0,-1430.0,-1.45,TRAIL_EXIT,0.869,WIN
2024-09-30,NMDC,09:15,75.98,11:10,76.52,1316,99990.0,711.0,0.71,TRAIL_EXIT,0.869,WIN
2024-09-30,GPIL,09:15,215.0,11:10,219.4,465,99975.0,2046.0,2.05,TRAIL_EXIT,0.869,WIN
2024-09-30,RPOWER,09:15,46.25,11:10,47.27,2162,99992.0,2205.0,2.21,TRAIL_EXIT,0.869,WIN
2024-10-01,TARIL,09:15,321.0,11:12,319.5,311,99831.0,-466.0,-0.47,TRAIL_EXIT,1.106,WIN
2024-10-01,JPPOWER,09:15,18.72,11:12,19.15,5341,99984.0,2297.0,2.3,TRAIL_EXIT,1.106,WIN
2024-10-01,BSE,09:15,1248.5,11:12,1283.0,80,99880.0,2760.0,2.76,TRAIL_EXIT,1.106,WIN
2024-10-01,RPOWER,09:15,51.09,11:12,51.09,1957,99983.0,0.0,0.0,TRAIL_EXIT,1.106,WIN
2024-10-01,SARDAEN,09:15,444.0,11:12,448.15,225,99900.0,934.0,0.93,TRAIL_EXIT,1.106,WIN
2024-10-03,TARIL,09:15,320.0,11:28,337.5,312,99840.0,5460.0,5.47,TRAIL_EXIT,4.831,WIN
2024-10-03,RPOWER,09:15,52.09,11:28,53.64,1919,99961.0,2974.0,2.98,TRAIL_EXIT,4.831,WIN
2024-10-03,BSE,09:15,1266.5,11:28,1364.5,78,98787.0,7644.0,7.74,TRAIL_EXIT,4.831,WIN
2024-10-03,JPPOWER,09:15,19.35,11:28,20.1,5167,99981.0,3875.0,3.88,TRAIL_EXIT,4.831,WIN
2024-10-03,SARDAEN,09:15,450.0,11:28,468.6,222,99900.0,4129.0,4.13,TRAIL_EXIT,4.831,WIN
2024-10-04,RPOWER,09:15,53.4,09:20,51.61,1872,99965.0,-3351.0,-3.35,STOP_1.5,-1.854,LOSS
2024-10-04,TARIL,09:15,339.5,09:20,337.5,294,99813.0,-588.0,-0.59,STOP_1.5,-1.854,LOSS
2024-10-04,BSE,09:15,1326.5,09:20,1308.0,75,99488.0,-1388.0,-1.39,STOP_1.5,-1.854,LOSS
2024-10-04,JPPOWER,09:15,20.5,09:20,19.85,4878,99999.0,-3171.0,-3.17,STOP_1.5,-1.854,LOSS
2024-10-04,SARDAEN,09:15,494.95,09:20,491.2,202,99980.0,-758.0,-0.76,STOP_1.5,-1.854,LOSS
2024-10-07,TARIL,09:15,335.0,09:32,334.25,298,99830.0,-224.0,-0.22,STOP_1.5,-1.503,LOSS
2024-10-07,RPOWER,09:15,48.4,09:32,48.4,2066,99994.0,0.0,0.0,STOP_1.5,-1.503,LOSS
2024-10-07,JPPOWER,09:15,19.43,09:32,18.78,5146,99987.0,-3345.0,-3.35,STOP_1.5,-1.503,LOSS
2024-10-07,SARDAEN,09:15,482.5,09:32,466.95,207,99878.0,-3219.0,-3.22,STOP_1.5,-1.503,LOSS
2024-10-07,BSE,09:15,1396.5,09:32,1386.5,71,99152.0,-710.0,-0.72,STOP_1.5,-1.503,LOSS
2024-10-08,GRSE,09:15,1532.0,09:38,1568.2,65,99580.0,2353.0,2.36,TRAIL_EXIT,1.107,WIN
2024-10-08,BDL,09:15,1110.0,09:38,1103.05,90,99900.0,-626.0,-0.63,TRAIL_EXIT,1.107,WIN
2024-10-08,MAZDOCK,09:15,1944.5,09:38,1989.1,51,99170.0,2275.0,2.29,TRAIL_EXIT,1.107,WIN
2024-10-08,360ONE,09:15,965.0,09:38,962.0,103,99395.0,-309.0,-0.31,TRAIL_EXIT,1.107,WIN
2024-10-08,VBL,09:15,540.3,09:38,550.15,185,99955.0,1822.0,1.82,TRAIL_EXIT,1.107,WIN
2024-10-09,GRSE,09:15,1672.45,10:04,1683.85,59,98675.0,673.0,0.68,TRAIL_EXIT,0.975,WIN
2024-10-09,RECLTD,09:15,529.0,10:04,529.9,189,99981.0,170.0,0.17,TRAIL_EXIT,0.975,WIN
2024-10-09,360ONE,09:15,979.95,10:04,1002.3,102,99955.0,2280.0,2.28,TRAIL_EXIT,0.975,WIN
2024-10-09,BANDHANBNK,09:15,188.5,10:04,188.17,530,99905.0,-175.0,-0.18,TRAIL_EXIT,0.975,WIN
2024-10-09,SWANCORP,09:15,549.5,10:04,560.05,181,99460.0,1910.0,1.92,TRAIL_EXIT,0.975,WIN
2024-10-10,GRSE,09:15,1655.0,13:41,1733.4,60,99300.0,4704.0,4.74,TRAIL_EXIT,1.3,WIN
2024-10-10,RECLTD,09:15,536.95,13:41,543.9,186,99873.0,1293.0,1.29,TRAIL_EXIT,1.3,WIN
2024-10-10,DATAPATTNS,09:15,2429.8,13:41,2489.95,41,99622.0,2466.0,2.48,TRAIL_EXIT,1.3,WIN
2024-10-10,SWANCORP,09:15,562.45,13:41,555.1,177,99554.0,-1301.0,-1.31,TRAIL_EXIT,1.3,WIN
2024-10-10,BANDHANBNK,09:15,190.3,13:41,189.0,525,99908.0,-683.0,-0.68,TRAIL_EXIT,1.3,WIN
2024-10-11,BANDHANBNK,09:15,202.0,15:29,209.3,495,99990.0,3614.0,3.61,CLOSE_EXIT,3.168,WIN
2024-10-11,GRSE,09:15,1753.7,15:29,1747.0,57,99961.0,-382.0,-0.38,CLOSE_EXIT,3.168,WIN
2024-10-11,SWANCORP,09:15,556.95,15:29,567.0,179,99694.0,1799.0,1.8,CLOSE_EXIT,3.168,WIN
2024-10-11,IRCON,09:15,220.5,15:29,226.02,453,99886.0,2501.0,2.5,CLOSE_EXIT,3.168,WIN
2024-10-11,NAM-INDIA,09:15,646.25,15:29,700.0,154,99522.0,8278.0,8.32,CLOSE_EXIT,3.168,WIN
2024-10-14,NMDC,09:15,73.17,12:53,73.37,1366,99950.0,273.0,0.27,STOP_1.5,-1.54,LOSS
2024-10-14,GRSE,09:15,1747.6,12:53,1689.8,57,99613.0,-3295.0,-3.31,STOP_1.5,-1.54,LOSS
2024-10-14,COCHINSHIP,09:15,1660.9,12:53,1625.0,60,99654.0,-2154.0,-2.16,STOP_1.5,-1.54,LOSS
2024-10-14,SWANCORP,09:15,571.0,12:53,562.0,175,99925.0,-1575.0,-1.58,STOP_1.5,-1.54,LOSS
2024-10-14,FACT,09:15,926.65,12:53,918.0,107,99152.0,-926.0,-0.93,STOP_1.5,-1.54,LOSS
2024-10-15,KARURVYSYA,09:15,170.85,15:00,169.35,585,99947.0,-878.0,-0.88,TRAIL_EXIT,1.0,WIN
2024-10-15,CEATLTD,09:15,3035.0,15:00,2978.1,32,97120.0,-1821.0,-1.87,TRAIL_EXIT,1.0,WIN
2024-10-15,TITAGARH,09:15,1132.95,15:00,1135.5,88,99700.0,224.0,0.23,TRAIL_EXIT,1.0,WIN
2024-10-15,ABREL,09:15,2748.0,15:00,2834.55,36,98928.0,3116.0,3.15,TRAIL_EXIT,1.0,WIN
2024-10-15,DCMSHRIRAM,09:15,1009.5,15:00,1053.1,99,99940.0,4316.0,4.32,TRAIL_EXIT,1.0,WIN
2024-10-16,KARURVYSYA,09:15,169.6,15:29,170.85,589,99894.0,736.0,0.74,CLOSE_EXIT,0.158,WIN
2024-10-16,TITAGARH,09:15,1148.5,15:29,1132.9,87,99920.0,-1357.0,-1.36,CLOSE_EXIT,0.158,WIN
2024-10-16,BEML,09:15,1885.0,15:29,1936.5,53,99905.0,2730.0,2.73,CLOSE_EXIT,0.158,WIN
2024-10-16,CEATLTD,09:15,2960.0,15:29,2949.0,33,97680.0,-363.0,-0.37,CLOSE_EXIT,0.158,WIN
2024-10-16,PAYTM,09:15,729.0,15:29,722.0,137,99873.0,-959.0,-0.96,CLOSE_EXIT,0.158,WIN
2024-10-17,KARURVYSYA,09:15,171.6,15:29,178.75,582,99871.0,4161.0,4.17,CLOSE_EXIT,-0.06,LOSS
2024-10-17,CEATLTD,09:15,2965.0,15:29,2900.0,33,97845.0,-2145.0,-2.19,CLOSE_EXIT,-0.06,LOSS
2024-10-17,TITAGARH,09:15,1137.75,15:29,1168.4,87,98984.0,2667.0,2.69,CLOSE_EXIT,-0.06,LOSS
2024-10-17,PGEL,09:15,606.5,15:29,594.05,164,99466.0,-2042.0,-2.05,CLOSE_EXIT,-0.06,LOSS
2024-10-17,SUNDARMFIN,09:15,4986.0,15:29,4839.0,20,99720.0,-2940.0,-2.95,CLOSE_EXIT,-0.06,LOSS
2024-10-18,CEATLTD,09:15,2799.0,09:18,2730.45,35,97965.0,-2399.0,-2.45,STOP_1.5,-1.499,LOSS
2024-10-18,TITAGARH,09:15,1170.05,09:18,1149.1,85,99454.0,-1781.0,-1.79,STOP_1.5,-1.499,LOSS
2024-10-18,BEML,09:15,1955.0,09:18,1930.0,51,99705.0,-1275.0,-1.28,STOP_1.5,-1.499,LOSS
2024-10-18,MOTILALOFS,09:15,932.9,09:18,916.65,107,99820.0,-1739.0,-1.74,STOP_1.5,-1.499,LOSS
2024-10-18,KARURVYSYA,09:15,177.1,09:18,176.65,564,99884.0,-254.0,-0.25,STOP_1.5,-1.499,LOSS
2024-10-21,BEML,09:15,2032.5,09:50,2045.0,49,99592.0,612.0,0.62,STOP_1.5,-1.496,LOSS
2024-10-21,CEATLTD,09:15,2965.6,09:50,2882.1,33,97865.0,-2756.0,-2.82,STOP_1.5,-1.496,LOSS
2024-10-21,TITAGARH,09:15,1197.0,09:50,1172.45,83,99351.0,-2038.0,-2.05,STOP_1.5,-1.496,LOSS
2024-10-21,MOTILALOFS,09:15,1021.95,09:50,1000.75,97,99129.0,-2056.0,-2.07,STOP_1.5,-1.496,LOSS
2024-10-21,PAYTM,09:15,725.0,09:50,716.45,137,99325.0,-1171.0,-1.18,STOP_1.5,-1.496,LOSS
2024-10-22,CUB,09:15,164.0,15:29,168.52,609,99876.0,2753.0,2.76,CLOSE_EXIT,-1.307,LOSS
2024-10-22,SONACOMS,09:15,639.0,15:29,634.0,156,99684.0,-780.0,-0.78,CLOSE_EXIT,-1.307,LOSS
2024-10-22,J&KBANK,09:15,94.66,15:29,91.6,1056,99961.0,-3231.0,-3.23,CLOSE_EXIT,-1.307,LOSS
2024-10-22,ASTERDM,09:15,425.0,15:29,404.0,235,99875.0,-4935.0,-4.94,CLOSE_EXIT,-1.307,LOSS
2024-10-22,COFORGE,09:15,1366.0,15:29,1361.5,73,99718.0,-328.0,-0.33,CLOSE_EXIT,-1.307,LOSS
2024-10-23,SONACOMS,09:15,630.15,09:25,636.7,158,99564.0,1035.0,1.04,TRAIL_EXIT,1.138,WIN
2024-10-23,ASTERDM,09:15,407.0,09:25,404.7,245,99715.0,-564.0,-0.57,TRAIL_EXIT,1.138,WIN
2024-10-23,DEEPAKFERT,09:15,971.2,09:25,974.3,102,99062.0,316.0,0.32,TRAIL_EXIT,1.138,WIN
2024-10-23,J&KBANK,09:15,91.18,09:25,90.5,1096,99933.0,-745.0,-0.75,TRAIL_EXIT,1.138,WIN
2024-10-23,RPOWER,09:15,37.3,09:25,39.4,2680,99964.0,5628.0,5.63,TRAIL_EXIT,1.138,WIN
2024-10-24,ASTERDM,09:15,430.0,10:49,437.15,232,99760.0,1659.0,1.66,TRAIL_EXIT,2.375,WIN
2024-10-24,SONACOMS,09:15,664.0,10:49,707.95,150,99600.0,6593.0,6.62,TRAIL_EXIT,2.375,WIN
2024-10-24,RPOWER,09:15,41.08,10:49,42.36,2434,99989.0,3116.0,3.12,TRAIL_EXIT,2.375,WIN
2024-10-24,CUB,09:15,168.85,10:49,169.75,592,99959.0,533.0,0.53,TRAIL_EXIT,2.375,WIN
2024-10-24,J&KBANK,09:15,94.15,10:49,94.11,1062,99987.0,-42.0,-0.04,TRAIL_EXIT,2.375,WIN
2024-10-25,J&KBANK,09:15,93.65,10:33,90.16,1067,99925.0,-3724.0,-3.73,STOP_1.5,-1.72,LOSS
2024-10-25,RPOWER,09:15,43.5,10:33,41.52,2298,99963.0,-4550.0,-4.55,STOP_1.5,-1.72,LOSS
2024-10-25,ASTERDM,09:15,439.0,10:33,448.5,227,99653.0,2156.0,2.16,STOP_1.5,-1.72,LOSS
2024-10-25,SONACOMS,09:15,727.5,10:33,713.75,137,99668.0,-1884.0,-1.89,STOP_1.5,-1.72,LOSS
2024-10-25,COFORGE,09:15,1537.0,10:33,1528.0,65,99905.0,-585.0,-0.59,STOP_1.5,-1.72,LOSS
2024-10-28,RPOWER,09:15,43.2,09:36,41.57,2314,99965.0,-3772.0,-3.77,STOP_1.5,-1.599,LOSS
2024-10-28,ASTERDM,09:15,452.75,09:36,440.0,220,99605.0,-2805.0,-2.82,STOP_1.5,-1.599,LOSS
2024-10-28,J&KBANK,09:15,98.0,09:36,96.6,1020,99960.0,-1428.0,-1.43,STOP_1.5,-1.599,LOSS
2024-10-28,CUB,09:15,172.7,09:36,171.05,579,99993.0,-955.0,-0.96,STOP_1.5,-1.599,LOSS
2024-10-28,PERSISTENT,09:15,5655.0,09:36,5715.8,17,96135.0,1034.0,1.08,STOP_1.5,-1.599,LOSS
2024-10-29,GPIL,09:15,173.1,13:06,172.65,577,99879.0,-260.0,-0.26,TRAIL_EXIT,0.97,WIN
2024-10-29,IFCI,09:15,53.1,13:06,52.46,1883,99987.0,-1205.0,-1.21,TRAIL_EXIT,0.97,WIN
2024-10-29,NBCC,09:15,94.7,13:06,92.18,1055,99908.0,-2659.0,-2.66,TRAIL_EXIT,0.97,WIN
2024-10-29,PHOENIXLTD,09:15,1460.95,13:06,1521.65,68,99345.0,4128.0,4.15,TRAIL_EXIT,0.97,WIN
2024-10-29,POONAWALLA,09:15,316.2,13:06,331.5,316,99919.0,4835.0,4.84,TRAIL_EXIT,0.97,WIN
2024-10-30,NBCC,09:15,93.55,09:33,95.52,1068,99911.0,2104.0,2.11,TRAIL_EXIT,1.707,WIN
2024-10-30,IFCI,09:15,53.45,09:33,53.63,1870,99952.0,337.0,0.34,TRAIL_EXIT,1.707,WIN
2024-10-30,GPIL,09:15,173.45,09:33,174.95,576,99907.0,864.0,0.86,TRAIL_EXIT,1.707,WIN
2024-10-30,PHOENIXLTD,09:15,1520.0,09:33,1529.0,65,98800.0,585.0,0.59,TRAIL_EXIT,1.707,WIN
2024-10-30,RVNL,09:15,440.0,09:33,460.35,227,99880.0,4619.0,4.63,TRAIL_EXIT,1.707,WIN
2024-10-31,IFCI,09:15,57.45,09:20,56.53,1740,99963.0,-1601.0,-1.6,STOP_1.5,-1.56,LOSS
2024-10-31,NBCC,09:15,96.8,09:20,95.99,1033,99994.0,-837.0,-0.84,STOP_1.5,-1.56,LOSS
2024-10-31,CIPLA,09:15,1560.05,09:20,1531.0,64,99843.0,-1859.0,-1.86,STOP_1.5,-1.56,LOSS
2024-10-31,BHEL,09:15,236.5,09:20,233.45,422,99803.0,-1287.0,-1.29,STOP_1.5,-1.56,LOSS
2024-10-31,GPIL,09:15,190.0,09:20,185.8,526,99940.0,-2209.0,-2.21,STOP_1.5,-1.56,LOSS
2024-11-04,NBCC,09:15,100.8,09:17,98.37,992,99994.0,-2411.0,-2.41,STOP_1.5,-2.033,LOSS
2024-11-04,BHEL,09:15,242.95,09:17,238.05,411,99852.0,-2014.0,-2.02,STOP_1.5,-2.033,LOSS
2024-11-04,MANAPPURAM,09:15,159.64,09:17,158.42,626,99935.0,-764.0,-0.76,STOP_1.5,-2.033,LOSS
2024-11-04,IDEA,09:15,8.49,09:17,8.33,11778,99995.0,-1884.0,-1.88,STOP_1.5,-2.033,LOSS
2024-11-04,IFCI,09:15,58.92,09:17,57.1,1697,99987.0,-3089.0,-3.09,STOP_1.5,-2.033,LOSS
2024-11-05,SUPREMEIND,09:15,4214.2,15:29,4380.0,23,96927.0,3813.0,3.93,CLOSE_EXIT,3.768,WIN
2024-11-05,LATENTVIEW,09:15,455.0,15:29,455.0,219,99645.0,0.0,0.0,CLOSE_EXIT,3.768,WIN
2024-11-05,GLAND,09:15,1601.0,15:29,1820.0,62,99262.0,13578.0,13.68,CLOSE_EXIT,3.768,WIN
2024-11-05,ITI,09:15,221.85,15:29,224.0,450,99832.0,968.0,0.97,CLOSE_EXIT,3.768,WIN
2024-11-05,INDHOTEL,09:15,665.9,15:29,668.0,150,99885.0,315.0,0.32,CLOSE_EXIT,3.768,WIN
2024-11-06,SUPREMEIND,09:15,4410.0,09:19,4539.95,22,97020.0,2859.0,2.95,TRAIL_EXIT,0.986,WIN
2024-11-06,INDHOTEL,09:15,669.0,09:19,672.65,149,99681.0,544.0,0.55,TRAIL_EXIT,0.986,WIN
2024-11-06,LATENTVIEW,09:15,456.9,09:19,458.1,218,99604.0,262.0,0.26,TRAIL_EXIT,0.986,WIN
2024-11-06,ITI,09:15,224.8,09:19,226.54,444,99811.0,773.0,0.77,TRAIL_EXIT,0.986,WIN
2024-11-06,PAGEIND,09:15,43399.0,09:19,43561.05,2,86798.0,324.0,0.37,TRAIL_EXIT,0.986,WIN
2024-11-07,SUPREMEIND,09:15,4685.0,09:22,4713.0,21,98385.0,588.0,0.6,TRAIL_EXIT,0.935,WIN
2024-11-07,LATENTVIEW,09:15,471.0,09:22,470.45,212,99852.0,-117.0,-0.12,TRAIL_EXIT,0.935,WIN
2024-11-07,INDHOTEL,09:15,690.15,09:22,682.7,144,99382.0,-1073.0,-1.08,TRAIL_EXIT,0.935,WIN
2024-11-07,ITI,09:15,235.5,09:22,248.96,424,99852.0,5707.0,5.72,TRAIL_EXIT,0.935,WIN
2024-11-07,PAGEIND,09:15,44400.0,09:22,44120.0,2,88800.0,-560.0,-0.63,TRAIL_EXIT,0.935,WIN
2024-11-08,SUPREMEIND,09:15,4640.0,09:44,4605.85,21,97440.0,-717.0,-0.74,TRAIL_EXIT,0.762,WIN
2024-11-08,INDHOTEL,09:15,710.0,09:44,716.1,140,99400.0,854.0,0.86,TRAIL_EXIT,0.762,WIN
2024-11-08,LATENTVIEW,09:15,466.0,09:44,467.55,214,99724.0,332.0,0.33,TRAIL_EXIT,0.762,WIN
2024-11-08,MOTILALOFS,09:15,942.0,09:44,949.0,106,99852.0,742.0,0.74,TRAIL_EXIT,0.762,WIN
2024-11-08,BLUEJET,09:15,540.25,09:44,554.15,185,99946.0,2571.0,2.57,TRAIL_EXIT,0.762,WIN
2024-11-11,SUPREMEIND,09:15,4584.0,09:41,4603.8,21,96264.0,416.0,0.43,TRAIL_EXIT,1.713,WIN
2024-11-11,GLAND,09:15,1784.5,09:41,1791.05,56,99932.0,367.0,0.37,TRAIL_EXIT,1.713,WIN
2024-11-11,INDHOTEL,09:15,737.95,09:41,738.7,135,99623.0,101.0,0.1,TRAIL_EXIT,1.713,WIN
2024-11-11,ITI,09:15,299.64,09:41,326.2,333,99780.0,8844.0,8.86,TRAIL_EXIT,1.713,WIN
2024-11-11,LATENTVIEW,09:15,496.0,09:41,489.8,201,99696.0,-1246.0,-1.25,TRAIL_EXIT,1.713,WIN
2024-11-12,SAREGAMA,09:15,482.9,09:50,480.05,207,99960.0,-590.0,-0.59,TRAIL_EXIT,1.656,WIN
2024-11-12,NEULANDLAB,09:15,14002.3,09:50,15111.0,7,98016.0,7761.0,7.92,TRAIL_EXIT,1.656,WIN
2024-11-12,ZOMATO,09:15,259.95,09:50,259.02,384,99821.0,-357.0,-0.36,TRAIL_EXIT,1.656,WIN
2024-11-12,POLYMED,09:15,2731.85,09:50,2741.9,36,98347.0,362.0,0.37,TRAIL_EXIT,1.656,WIN
2024-11-12,DCMSHRIRAM,09:15,1256.95,09:50,1270.0,79,99299.0,1031.0,1.04,TRAIL_EXIT,1.656,WIN
2024-11-13,SAREGAMA,09:15,470.0,09:21,462.05,212,99640.0,-1685.0,-1.69,STOP_1.5,-1.697,LOSS
2024-11-13,NEULANDLAB,09:15,15597.0,09:21,14860.0,6,93582.0,-4422.0,-4.73,STOP_1.5,-1.697,LOSS
2024-11-13,ZOMATO,09:15,258.08,09:21,258.23,387,99877.0,58.0,0.06,STOP_1.5,-1.697,LOSS
2024-11-13,DCMSHRIRAM,09:15,1244.0,09:21,1231.4,80,99520.0,-1008.0,-1.01,STOP_1.5,-1.697,LOSS
2024-11-13,POLYMED,09:15,2680.0,09:21,2645.15,37,99160.0,-1289.0,-1.3,STOP_1.5,-1.697,LOSS
2024-11-14,SAREGAMA,09:15,477.45,09:44,476.55,209,99787.0,-188.0,-0.19,TRAIL_EXIT,0.863,WIN
2024-11-14,NEULANDLAB,09:15,14610.0,09:44,14524.6,6,87660.0,-512.0,-0.58,TRAIL_EXIT,0.863,WIN
2024-11-14,ZOMATO,09:15,261.5,09:44,262.71,382,99893.0,462.0,0.46,TRAIL_EXIT,0.863,WIN
2024-11-14,DCMSHRIRAM,09:15,1190.0,09:44,1229.6,84,99960.0,3326.0,3.33,TRAIL_EXIT,0.863,WIN
2024-11-14,POLYMED,09:15,2669.95,09:44,2699.85,37,98788.0,1106.0,1.12,TRAIL_EXIT,0.863,WIN
2024-11-18,SAREGAMA,09:15,485.0,09:24,477.2,257,124645.0,-2005.0,-1.61,STOP_1.5,-1.812,LOSS
2024-11-18,NEULANDLAB,09:15,15578.55,09:24,15409.6,8,124628.0,-1352.0,-1.08,STOP_1.5,-1.812,LOSS
2024-11-18,POLYMED,09:15,2724.85,09:24,2636.45,45,122618.0,-3978.0,-3.24,STOP_1.5,-1.812,LOSS
2024-11-18,ETERNAL,09:15,274.3,09:24,270.64,455,124806.0,-1665.0,-1.33,STOP_1.5,-1.812,LOSS
2024-11-19,SUZLON,09:15,60.5,15:29,62.22,1652,99946.0,2841.0,2.84,TRAIL_EXIT,3.621,WIN
2024-11-19,PHOENIXLTD,09:15,1463.4,15:29,1469.0,68,99511.0,381.0,0.38,TRAIL_EXIT,3.621,WIN
2024-11-19,CRAFTSMAN,09:15,4620.0,15:29,4989.95,21,97020.0,7769.0,8.01,TRAIL_EXIT,3.621,WIN
2024-11-19,NLCINDIA,09:15,234.6,15:29,236.05,426,99940.0,618.0,0.62,TRAIL_EXIT,3.621,WIN
2024-11-19,VIJAYA,09:15,1001.0,15:29,1065.0,99,99099.0,6336.0,6.39,TRAIL_EXIT,3.621,WIN
2024-11-21,SWANCORP,09:15,534.0,09:24,538.95,187,99858.0,926.0,0.93,TRAIL_EXIT,0.895,WIN
2024-11-21,SUZLON,09:15,63.9,09:24,65.28,1564,99940.0,2158.0,2.16,TRAIL_EXIT,0.895,WIN
2024-11-21,CRAFTSMAN,09:15,4934.1,09:24,4949.0,20,98682.0,298.0,0.3,TRAIL_EXIT,0.895,WIN
2024-11-21,PHOENIXLTD,09:15,1460.05,09:24,1489.6,68,99283.0,2009.0,2.02,TRAIL_EXIT,0.895,WIN
2024-11-21,ACC,09:15,1986.0,09:24,1967.15,50,99300.0,-942.0,-0.95,TRAIL_EXIT,0.895,WIN
2024-11-22,SWANCORP,09:15,531.15,15:29,589.0,188,99856.0,10876.0,10.89,CLOSE_EXIT,4.157,WIN
2024-11-22,SUZLON,09:15,66.8,15:29,65.09,1497,100000.0,-2560.0,-2.56,CLOSE_EXIT,4.157,WIN
2024-11-22,CRAFTSMAN,09:15,4958.4,15:29,5161.0,20,99168.0,4052.0,4.09,CLOSE_EXIT,4.157,WIN
2024-11-22,PHOENIXLTD,09:15,1525.0,15:29,1616.0,65,99125.0,5915.0,5.97,CLOSE_EXIT,4.157,WIN
2024-11-22,GALLANTT,09:15,313.35,15:29,320.95,319,99959.0,2424.0,2.43,CLOSE_EXIT,4.157,WIN
2024-11-25,SUZLON,09:15,67.0,09:58,64.49,1492,99964.0,-3745.0,-3.75,STOP_1.5,-1.601,LOSS
2024-11-25,SWANCORP,09:15,610.0,09:58,612.25,163,99430.0,367.0,0.37,STOP_1.5,-1.601,LOSS
2024-11-25,GVT&D,09:15,1918.0,09:58,1912.95,52,99736.0,-263.0,-0.26,STOP_1.5,-1.601,LOSS
2024-11-25,CRAFTSMAN,09:15,5290.0,09:58,5165.1,18,95220.0,-2248.0,-2.36,STOP_1.5,-1.601,LOSS
2024-11-25,EIDPARRY,09:15,845.85,09:58,828.7,118,99810.0,-2024.0,-2.03,STOP_1.5,-1.601,LOSS
2024-11-26,IDEA,09:15,7.66,09:46,8.0,13054,99994.0,4438.0,4.44,TRAIL_EXIT,0.688,WIN
2024-11-26,ADANIENSOL,09:15,637.75,09:46,611.45,156,99489.0,-4103.0,-4.12,TRAIL_EXIT,0.688,WIN
2024-11-26,ADANIGREEN,09:15,968.8,09:46,916.05,103,99786.0,-5433.0,-5.44,TRAIL_EXIT,0.688,WIN
2024-11-26,RPOWER,09:15,34.6,09:46,34.98,2890,99994.0,1098.0,1.1,TRAIL_EXIT,0.688,WIN
2024-11-26,GRSE,09:15,1449.7,09:46,1558.9,68,98580.0,7426.0,7.53,TRAIL_EXIT,0.688,WIN
2024-11-27,ADANIENSOL,09:15,601.1,09:39,616.0,166,99783.0,2473.0,2.48,TRAIL_EXIT,0.931,WIN
2024-11-27,ADANIGREEN,09:15,890.0,09:39,908.4,112,99680.0,2061.0,2.07,TRAIL_EXIT,0.931,WIN
2024-11-27,ADANIENT,09:15,2113.5,09:39,2116.6,47,99334.0,146.0,0.15,TRAIL_EXIT,0.931,WIN
2024-11-27,IDEA,09:15,7.72,09:39,7.68,12953,99997.0,-518.0,-0.52,TRAIL_EXIT,0.931,WIN
2024-11-27,HONASA,09:15,227.9,09:39,229.0,438,99820.0,482.0,0.48,TRAIL_EXIT,0.931,WIN
2024-11-28,ADANIGREEN,09:15,1020.0,09:18,1057.2,98,99960.0,3646.0,3.65,TRAIL_EXIT,1.693,WIN
2024-11-28,ADANIENT,09:15,2365.5,09:18,2344.2,42,99351.0,-895.0,-0.9,TRAIL_EXIT,1.693,WIN
2024-11-28,HONASA,09:15,234.0,09:18,234.95,427,99918.0,406.0,0.41,TRAIL_EXIT,1.693,WIN
2024-11-28,ADANIENSOL,09:15,689.9,09:18,711.0,144,99346.0,3038.0,3.06,TRAIL_EXIT,1.693,WIN
2024-11-28,ADANIPOWER,09:15,106.9,09:18,109.3,935,99952.0,2244.0,2.25,TRAIL_EXIT,1.693,WIN
2024-11-29,ADANIGREEN,09:15,1149.0,09:25,1179.85,87,99963.0,2684.0,2.68,TRAIL_EXIT,2.946,WIN
2024-11-29,ADANIENT,09:15,2388.9,09:25,2395.6,41,97945.0,275.0,0.28,TRAIL_EXIT,2.946,WIN
2024-11-29,ADANIENSOL,09:15,748.0,09:25,780.0,133,99484.0,4256.0,4.28,TRAIL_EXIT,2.946,WIN
2024-11-29,HONASA,09:15,259.8,09:25,269.75,384,99763.0,3821.0,3.83,TRAIL_EXIT,2.946,WIN
2024-11-29,ADANIPOWER,09:15,112.2,09:25,116.25,891,99970.0,3609.0,3.61,TRAIL_EXIT,2.946,WIN
2024-12-02,ADANIENSOL,09:15,844.9,09:17,830.2,118,99698.0,-1735.0,-1.74,TRAIL_EXIT,-0.366,LOSS
2024-12-02,ADANIENT,09:15,2415.3,09:17,2397.6,41,99027.0,-726.0,-0.73,TRAIL_EXIT,-0.366,LOSS
2024-12-02,HONASA,09:15,264.0,09:17,257.25,378,99792.0,-2552.0,-2.56,TRAIL_EXIT,-0.366,LOSS
2024-12-02,ADANIGREEN,09:15,1360.55,09:17,1407.95,73,99320.0,3460.0,3.48,TRAIL_EXIT,-0.366,LOSS
2024-12-02,ADANIPOWER,09:15,111.4,09:17,111.1,897,99926.0,-269.0,-0.27,TRAIL_EXIT,-0.366,LOSS
2024-12-03,IGL,09:15,173.0,09:31,175.2,578,99994.0,1272.0,1.27,TRAIL_EXIT,0.952,WIN
2024-12-03,KPIL,09:15,1142.0,09:31,1153.15,87,99354.0,970.0,0.98,TRAIL_EXIT,0.952,WIN
2024-12-03,UCOBANK,09:15,44.49,09:31,44.99,2247,99969.0,1124.0,1.12,TRAIL_EXIT,0.952,WIN
2024-12-03,TATAELXSI,09:15,6750.05,09:31,6850.0,14,94501.0,1399.0,1.48,TRAIL_EXIT,0.952,WIN
2024-12-03,FINCABLES,09:15,1159.4,09:31,1158.65,86,99708.0,-64.0,-0.06,TRAIL_EXIT,0.952,WIN
2024-12-04,FINCABLES,09:15,1159.25,11:57,1200.1,86,99696.0,3513.0,3.52,TRAIL_EXIT,2.49,WIN
2024-12-04,KPIL,09:15,1150.05,11:57,1147.35,86,98904.0,-232.0,-0.23,TRAIL_EXIT,2.49,WIN
2024-12-04,IGL,09:15,180.5,11:57,178.5,554,99997.0,-1108.0,-1.11,TRAIL_EXIT,2.49,WIN
2024-12-04,RBLBANK,09:15,164.0,11:57,167.11,609,99876.0,1894.0,1.9,TRAIL_EXIT,2.49,WIN
2024-12-04,UCOBANK,09:15,45.3,11:57,49.08,2207,99977.0,8342.0,8.34,TRAIL_EXIT,2.49,WIN
2024-12-05,KPIL,09:15,1180.95,12:52,1248.45,84,99200.0,5670.0,5.72,TRAIL_EXIT,0.935,WIN
2024-12-05,IGL,09:15,187.0,12:52,187.4,534,99858.0,214.0,0.21,TRAIL_EXIT,0.935,WIN
2024-12-05,ASAHIINDIA,09:15,718.15,12:52,720.1,139,99823.0,271.0,0.27,TRAIL_EXIT,0.935,WIN
2024-12-05,UCOBANK,09:15,51.8,12:52,49.69,1930,99974.0,-4072.0,-4.07,TRAIL_EXIT,0.935,WIN
2024-12-05,CESC,09:15,174.24,12:52,178.74,573,99840.0,2578.0,2.58,TRAIL_EXIT,0.935,WIN
2024-12-06,IGL,09:15,193.5,15:20,192.1,516,99846.0,-722.0,-0.72,TRAIL_EXIT,2.287,WIN
2024-12-06,INOXWIND,09:15,201.31,15:20,204.71,496,99850.0,1686.0,1.69,TRAIL_EXIT,2.287,WIN
2024-12-06,GABRIEL,09:15,439.45,15:20,478.65,227,99755.0,8898.0,8.92,TRAIL_EXIT,2.287,WIN
2024-12-06,ACE,09:15,1430.0,15:20,1416.0,69,98670.0,-966.0,-0.98,TRAIL_EXIT,2.287,WIN
2024-12-06,PGEL,09:15,791.05,15:20,810.8,126,99672.0,2488.0,2.5,TRAIL_EXIT,2.287,WIN
2024-12-09,IGL,09:15,193.5,10:28,189.8,516,99846.0,-1909.0,-1.91,TRAIL_EXIT,1.016,WIN
2024-12-09,INOXWIND,09:15,205.18,10:28,206.59,487,99923.0,687.0,0.69,TRAIL_EXIT,1.016,WIN
2024-12-09,CESC,09:15,185.86,10:28,188.51,538,99993.0,1426.0,1.43,TRAIL_EXIT,1.016,WIN
2024-12-09,GPIL,09:15,216.47,10:28,221.93,461,99793.0,2517.0,2.52,TRAIL_EXIT,1.016,WIN
2024-12-09,ACE,09:15,1416.35,10:28,1449.85,70,99144.0,2345.0,2.37,TRAIL_EXIT,1.016,WIN
2024-12-10,CLEAN,09:15,1299.0,15:29,1397.45,76,98724.0,7482.0,7.58,CLOSE_EXIT,1.39,WIN
2024-12-10,CRISIL,09:15,5272.45,15:29,5433.85,18,94904.0,2905.0,3.06,CLOSE_EXIT,1.39,WIN
2024-12-10,PGEL,09:15,864.5,15:29,850.0,115,99418.0,-1668.0,-1.68,CLOSE_EXIT,1.39,WIN
2024-12-10,POWERINDIA,09:15,12596.8,15:29,12475.05,7,88178.0,-852.0,-0.97,CLOSE_EXIT,1.39,WIN
2024-12-10,CHALET,09:15,935.05,15:29,923.8,106,99115.0,-1192.0,-1.2,CLOSE_EXIT,1.39,WIN
2024-12-11,CLEAN,09:15,1413.7,10:15,1406.6,70,98959.0,-497.0,-0.5,TRAIL_EXIT,0.99,WIN
2024-12-11,CHALET,09:15,923.8,10:15,928.85,108,99770.0,545.0,0.55,TRAIL_EXIT,0.99,WIN
2024-12-11,KPRMILL,09:15,1029.9,10:15,1016.9,97,99900.0,-1261.0,-1.26,TRAIL_EXIT,0.99,WIN
2024-12-11,PGEL,09:15,860.0,10:15,850.95,116,99760.0,-1050.0,-1.05,TRAIL_EXIT,0.99,WIN
2024-12-11,TITAGARH,09:15,1241.1,10:15,1330.95,80,99288.0,7188.0,7.24,TRAIL_EXIT,0.99,WIN
2024-12-12,KPRMILL,09:15,1024.0,10:23,1019.4,97,99328.0,-446.0,-0.45,TRAIL_EXIT,1.001,WIN
2024-12-12,CHALET,09:15,927.1,10:23,964.8,107,99200.0,4034.0,4.07,TRAIL_EXIT,1.001,WIN
2024-12-12,PGEL,09:15,847.0,10:23,840.7,118,99946.0,-743.0,-0.74,TRAIL_EXIT,1.001,WIN
2024-12-12,TITAGARH,09:15,1324.8,10:23,1330.0,75,99360.0,390.0,0.39,TRAIL_EXIT,1.001,WIN
2024-12-12,CRISIL,09:15,5450.0,10:23,5546.0,18,98100.0,1728.0,1.76,TRAIL_EXIT,1.001,WIN
2024-12-13,TITAGARH,09:15,1323.05,10:01,1307.2,75,99229.0,-1189.0,-1.2,TRAIL_EXIT,0.852,WIN
2024-12-13,PGEL,09:15,852.55,10:01,853.95,117,99748.0,164.0,0.16,TRAIL_EXIT,0.852,WIN
2024-12-13,KPRMILL,09:15,1018.4,10:01,1026.1,98,99803.0,755.0,0.76,TRAIL_EXIT,0.852,WIN
2024-12-13,JBMA,09:15,851.0,10:01,884.5,117,99567.0,3920.0,3.94,TRAIL_EXIT,0.852,WIN
2024-12-13,CLEAN,09:15,1401.0,10:01,1409.35,71,99471.0,593.0,0.6,TRAIL_EXIT,0.852,WIN
2024-12-16,PGEL,09:15,933.0,11:54,975.0,107,99831.0,4494.0,4.5,TRAIL_EXIT,1.0,WIN
2024-12-16,TITAGARH,09:15,1308.6,11:54,1340.15,76,99454.0,2398.0,2.41,TRAIL_EXIT,1.0,WIN
2024-12-16,CLEAN,09:15,1425.0,11:54,1419.4,70,99750.0,-392.0,-0.39,TRAIL_EXIT,1.0,WIN
2024-12-16,KPRMILL,09:15,1084.05,11:54,1071.6,92,99733.0,-1145.0,-1.15,TRAIL_EXIT,1.0,WIN
2024-12-16,LATENTVIEW,09:15,507.8,11:54,505.9,196,99529.0,-372.0,-0.37,TRAIL_EXIT,1.0,WIN
2024-12-17,AEGISLOG,09:15,772.0,09:42,771.4,129,99588.0,-77.0,-0.08,TRAIL_EXIT,0.743,WIN
2024-12-17,CARTRADE,09:15,1500.0,09:42,1496.4,66,99000.0,-238.0,-0.24,TRAIL_EXIT,0.743,WIN
2024-12-17,TECHNOE,09:15,1525.0,09:42,1543.35,65,99125.0,1193.0,1.2,TRAIL_EXIT,0.743,WIN
2024-12-17,GICRE,09:15,431.1,09:42,429.3,231,99584.0,-416.0,-0.42,TRAIL_EXIT,0.743,WIN
2024-12-17,BLUEJET,09:15,525.0,09:42,542.0,190,99750.0,3230.0,3.24,TRAIL_EXIT,0.743,WIN
2024-12-18,AEGISLOG,09:15,782.85,09:52,783.6,127,99422.0,95.0,0.1,TRAIL_EXIT,1.472,WIN
2024-12-18,FIVESTAR,09:15,735.0,09:52,746.25,136,99960.0,1530.0,1.53,TRAIL_EXIT,1.472,WIN
2024-12-18,TECHNOE,09:15,1501.2,09:52,1510.0,66,99079.0,581.0,0.59,TRAIL_EXIT,1.472,WIN
2024-12-18,KFINTECH,09:15,1243.0,09:52,1273.9,80,99440.0,2472.0,2.49,TRAIL_EXIT,1.472,WIN
2024-12-18,ACE,09:15,1458.0,09:52,1496.8,68,99144.0,2638.0,2.66,TRAIL_EXIT,1.472,WIN
2024-12-19,AEGISLOG,09:15,780.0,13:03,777.2,128,99840.0,-358.0,-0.36,TRAIL_EXIT,2.94,WIN
2024-12-19,FIVESTAR,09:15,711.95,13:03,744.5,140,99673.0,4557.0,4.57,TRAIL_EXIT,2.94,WIN
2024-12-19,CARTRADE,09:15,1465.65,13:03,1525.55,68,99664.0,4073.0,4.09,TRAIL_EXIT,2.94,WIN
2024-12-19,ACE,09:15,1479.8,13:03,1503.95,67,99147.0,1618.0,1.63,TRAIL_EXIT,2.94,WIN
2024-12-19,ZENTEC,09:15,2316.9,13:03,2427.4,43,99627.0,4752.0,4.77,TRAIL_EXIT,2.94,WIN
2024-12-20,AEGISLOG,09:15,767.35,12:55,812.65,130,99756.0,5889.0,5.9,TRAIL_EXIT,3.388,WIN
2024-12-20,TECHNOE,09:15,1540.0,12:55,1563.0,64,98560.0,1472.0,1.49,TRAIL_EXIT,3.388,WIN
2024-12-20,FIVESTAR,09:15,753.9,12:55,764.65,132,99515.0,1419.0,1.43,TRAIL_EXIT,3.388,WIN
2024-12-20,ACE,09:15,1515.0,12:55,1500.25,66,99990.0,-974.0,-0.97,TRAIL_EXIT,3.388,WIN
2024-12-20,GICRE,09:15,432.1,12:55,471.3,231,99815.0,9055.0,9.07,TRAIL_EXIT,3.388,WIN
2024-12-23,FIVESTAR,09:15,765.0,09:29,750.15,130,99450.0,-1931.0,-1.94,STOP_1.5,-1.798,LOSS
2024-12-23,ACE,09:15,1506.05,09:29,1476.15,66,99399.0,-1973.0,-1.99,STOP_1.5,-1.798,LOSS
2024-12-23,ZENTEC,09:15,2555.0,09:29,2478.0,39,99645.0,-3003.0,-3.01,STOP_1.5,-1.798,LOSS
2024-12-23,TECHNOE,09:15,1675.0,09:29,1671.6,59,98825.0,-201.0,-0.2,STOP_1.5,-1.798,LOSS
2024-12-23,AEGISLOG,09:15,840.0,09:29,824.6,119,99960.0,-1833.0,-1.83,STOP_1.5,-1.798,LOSS
2024-12-24,AJANTPHARM,09:15,2818.75,10:25,2792.8,35,98656.0,-908.0,-0.92,TRAIL_EXIT,0.947,WIN
2024-12-24,GRSE,09:15,1571.8,10:25,1596.35,63,99023.0,1547.0,1.56,TRAIL_EXIT,0.947,WIN
2024-12-24,PGEL,09:15,988.0,10:25,978.85,101,99788.0,-924.0,-0.93,TRAIL_EXIT,0.947,WIN
2024-12-24,AMBER,09:15,6829.75,10:25,6975.0,14,95616.0,2034.0,2.13,TRAIL_EXIT,0.947,WIN
2024-12-24,PTCIL,09:15,12346.15,10:25,12710.0,8,98769.0,2911.0,2.95,TRAIL_EXIT,0.947,WIN
2024-12-26,AJANTPHARM,09:15,2790.0,15:29,2785.0,35,97650.0,-175.0,-0.18,CLOSE_EXIT,-0.468,LOSS
2024-12-26,GRSE,09:15,1569.8,15:29,1552.0,63,98897.0,-1121.0,-1.13,CLOSE_EXIT,-0.468,LOSS
2024-12-26,DEVYANI,09:15,181.0,15:29,183.0,552,99912.0,1104.0,1.1,CLOSE_EXIT,-0.468,LOSS
2024-12-26,PGEL,09:15,975.0,15:29,964.1,102,99450.0,-1112.0,-1.12,CLOSE_EXIT,-0.468,LOSS
2024-12-26,PTCIL,09:15,12396.3,15:29,12270.0,8,99170.0,-1010.0,-1.02,CLOSE_EXIT,-0.468,LOSS
2024-12-27,GRSE,09:15,1558.3,15:28,1674.8,64,99731.0,7456.0,7.48,TRAIL_EXIT,6.817,WIN
2024-12-27,AJANTPHARM,09:15,2795.35,15:28,3017.85,35,97837.0,7788.0,7.96,TRAIL_EXIT,6.817,WIN
2024-12-27,PGEL,09:15,975.0,15:28,989.75,102,99450.0,1504.0,1.51,TRAIL_EXIT,6.817,WIN
2024-12-27,DEVYANI,09:15,183.58,15:28,194.54,544,99868.0,5962.0,5.97,TRAIL_EXIT,6.817,WIN
2024-12-27,PTCIL,09:15,12208.0,15:28,13583.65,8,97664.0,11005.0,11.27,TRAIL_EXIT,6.817,WIN
2024-12-30,PTCIL,09:15,13999.7,09:24,13469.0,7,97998.0,-3715.0,-3.79,STOP_1.5,-1.66,LOSS
2024-12-30,GRSE,09:15,1680.0,09:24,1650.3,59,99120.0,-1752.0,-1.77,STOP_1.5,-1.66,LOSS
2024-12-30,DEVYANI,09:15,194.0,09:24,191.0,515,99910.0,-1545.0,-1.55,STOP_1.5,-1.66,LOSS
2024-12-30,PGEL,09:15,1003.0,09:24,984.7,99,99297.0,-1812.0,-1.82,STOP_1.5,-1.66,LOSS
2024-12-30,POWERINDIA,09:15,14704.0,09:24,14834.35,6,88224.0,782.0,0.89,STOP_1.5,-1.66,LOSS
2024-12-31,DMART,09:15,3555.0,15:29,3559.55,28,99540.0,127.0,0.13,CLOSE_EXIT,0.138,WIN
2024-12-31,CHOLAHLDNG,09:15,1430.0,15:29,1395.8,69,98670.0,-2360.0,-2.39,CLOSE_EXIT,0.138,WIN
2024-12-31,OIL,09:15,420.75,15:29,430.9,237,99718.0,2406.0,2.41,CLOSE_EXIT,0.138,WIN
2024-12-31,SAREGAMA,09:15,461.45,15:29,464.0,216,99673.0,551.0,0.55,CLOSE_EXIT,0.138,WIN
2024-12-31,EICHERMOT,09:15,4827.0,15:29,4825.0,20,96540.0,-40.0,-0.04,CLOSE_EXIT,0.138,WIN
2025-01-01,DMART,09:15,3560.0,13:25,3555.75,28,99680.0,-119.0,-0.12,TRAIL_EXIT,0.968,WIN
2025-01-01,EICHERMOT,09:15,4829.0,13:25,4846.7,20,96580.0,354.0,0.37,TRAIL_EXIT,0.968,WIN
2025-01-01,CHOLAHLDNG,09:15,1400.2,13:25,1396.8,71,99414.0,-241.0,-0.24,TRAIL_EXIT,0.968,WIN
2025-01-01,SAREGAMA,09:15,460.3,13:25,482.0,217,99885.0,4709.0,4.71,TRAIL_EXIT,0.968,WIN
2025-01-01,OIL,09:15,434.0,13:25,434.4,230,99820.0,92.0,0.09,TRAIL_EXIT,0.968,WIN
2025-01-02,SAREGAMA,09:15,480.1,09:47,473.95,208,99861.0,-1279.0,-1.28,TRAIL_EXIT,0.988,WIN
2025-01-02,OIL,09:15,435.65,09:47,444.7,229,99764.0,2072.0,2.08,TRAIL_EXIT,0.988,WIN
2025-01-02,FORCEMOT,09:15,6698.0,09:47,6767.65,14,93772.0,975.0,1.04,TRAIL_EXIT,0.988,WIN
2025-01-02,CHOLAHLDNG,09:15,1399.4,09:47,1410.35,71,99357.0,777.0,0.78,TRAIL_EXIT,0.988,WIN
2025-01-02,SUNDARMFIN,09:15,4125.65,09:47,4222.05,24,99016.0,2314.0,2.34,TRAIL_EXIT,0.988,WIN
2025-01-03,SAREGAMA,09:15,478.25,09:56,491.85,209,99954.0,2842.0,2.84,TRAIL_EXIT,3.375,WIN
2025-01-03,DMART,09:15,3840.0,09:56,4077.2,26,99840.0,6167.0,6.18,TRAIL_EXIT,3.375,WIN
2025-01-03,FORCEMOT,09:15,7198.3,09:56,7374.9,13,93578.0,2296.0,2.45,TRAIL_EXIT,3.375,WIN
2025-01-03,CARTRADE,09:15,1586.0,09:56,1641.8,63,99918.0,3515.0,3.52,TRAIL_EXIT,3.375,WIN
2025-01-03,SHYAMMETL,09:15,740.0,09:56,753.5,135,99900.0,1822.0,1.82,TRAIL_EXIT,3.375,WIN
2025-01-06,SHYAMMETL,09:15,784.0,11:01,759.1,127,99568.0,-3162.0,-3.18,STOP_1.5,-1.522,LOSS
2025-01-06,TARIL,09:15,637.0,11:01,601.0,156,99372.0,-5616.0,-5.65,STOP_1.5,-1.522,LOSS
2025-01-06,FORCEMOT,09:15,7315.0,11:01,7132.35,13,95095.0,-2374.0,-2.5,STOP_1.5,-1.522,LOSS
2025-01-06,SUNDARMFIN,09:15,4663.8,11:01,4544.1,21,97940.0,-2514.0,-2.57,STOP_1.5,-1.522,LOSS
2025-01-06,SAREGAMA,09:15,535.0,11:01,568.25,186,99510.0,6184.0,6.21,STOP_1.5,-1.522,LOSS
2025-01-07,SRF,09:15,2271.0,09:21,2310.7,44,99924.0,1747.0,1.75,TRAIL_EXIT,0.994,WIN
2025-01-07,SHYAMMETL,09:15,757.55,09:21,773.25,132,99997.0,2072.0,2.07,TRAIL_EXIT,0.994,WIN
2025-01-07,JSWDULUX,09:15,3440.0,09:21,3418.75,29,99760.0,-616.0,-0.62,TRAIL_EXIT,0.994,WIN
2025-01-07,ANANDRATHI,09:15,1934.5,09:21,1954.4,51,98660.0,1015.0,1.03,TRAIL_EXIT,0.994,WIN
2025-01-07,LLOYDSME,09:15,1405.0,09:21,1415.35,71,99755.0,735.0,0.74,TRAIL_EXIT,0.994,WIN
2025-01-08,SHYAMMETL,09:15,779.05,12:33,776.25,128,99718.0,-358.0,-0.36,STOP_1.5,-1.545,LOSS
2025-01-08,SRF,09:15,2298.1,12:33,2328.1,43,98818.0,1290.0,1.31,STOP_1.5,-1.545,LOSS
2025-01-08,JSWDULUX,09:15,3656.2,12:33,3636.95,27,98717.0,-520.0,-0.53,STOP_1.5,-1.545,LOSS
2025-01-08,ANANDRATHI,09:15,1964.8,12:33,1890.45,50,98240.0,-3717.0,-3.78,STOP_1.5,-1.545,LOSS
2025-01-08,PTCIL,09:15,16901.0,12:33,16078.75,5,84505.0,-4111.0,-4.87,STOP_1.5,-1.545,LOSS
2025-01-09,SHYAMMETL,09:15,780.45,09:25,783.5,128,99898.0,390.0,0.39,TRAIL_EXIT,0.94,WIN
2025-01-09,SRF,09:15,2500.0,09:25,2586.0,40,100000.0,3440.0,3.44,TRAIL_EXIT,0.94,WIN
2025-01-09,ANANDRATHI,09:15,1994.95,09:25,1965.35,50,99748.0,-1480.0,-1.48,TRAIL_EXIT,0.94,WIN
2025-01-09,JSWDULUX,09:15,3626.3,09:25,3636.0,27,97910.0,262.0,0.27,TRAIL_EXIT,0.94,WIN
2025-01-09,AARTIIND,09:15,398.55,09:25,406.8,250,99638.0,2062.0,2.07,TRAIL_EXIT,0.94,WIN
2025-01-10,SHYAMMETL,09:15,787.0,09:33,798.55,127,99949.0,1467.0,1.47,TRAIL_EXIT,1.081,WIN
2025-01-10,ANANDRATHI,09:15,1976.0,09:33,1966.0,50,98800.0,-500.0,-0.51,TRAIL_EXIT,1.081,WIN
2025-01-10,JSWDULUX,09:15,3734.5,09:33,3783.0,26,97097.0,1261.0,1.3,TRAIL_EXIT,1.081,WIN
2025-01-10,SRF,09:15,2527.05,09:33,2585.0,39,98555.0,2260.0,2.29,TRAIL_EXIT,1.081,WIN
2025-01-10,PTCIL,09:15,17310.05,09:33,17452.6,5,86550.0,713.0,0.82,TRAIL_EXIT,1.081,WIN
2025-01-13,SHYAMMETL,09:15,779.7,09:27,763.5,128,99802.0,-2074.0,-2.08,STOP_1.5,-1.568,LOSS
2025-01-13,SRF,09:15,2557.0,09:27,2547.65,39,99723.0,-365.0,-0.37,STOP_1.5,-1.568,LOSS
2025-01-13,ANANDRATHI,09:15,2049.8,09:27,2016.0,48,98390.0,-1622.0,-1.65,STOP_1.5,-1.568,LOSS
2025-01-13,PTCIL,09:15,17200.0,09:27,16924.0,5,86000.0,-1380.0,-1.6,STOP_1.5,-1.568,LOSS
2025-01-13,LLOYDSME,09:15,1441.9,09:27,1410.9,69,99491.0,-2139.0,-2.15,STOP_1.5,-1.568,LOSS
2025-01-14,RPOWER,09:15,37.39,09:18,37.39,2674,99981.0,0.0,0.0,TRAIL_EXIT,0.978,WIN
2025-01-14,NBCC,09:15,80.0,09:18,81.12,1250,100000.0,1400.0,1.4,TRAIL_EXIT,0.978,WIN
2025-01-14,RAILTEL,09:15,365.0,09:18,368.9,273,99645.0,1065.0,1.07,TRAIL_EXIT,0.978,WIN
2025-01-14,IDEA,09:15,7.8,09:18,7.86,12820,99996.0,769.0,0.77,TRAIL_EXIT,0.978,WIN
2025-01-14,IRCON,09:15,183.65,09:18,186.69,544,99906.0,1654.0,1.66,TRAIL_EXIT,0.978,WIN
2025-01-15,RAILTEL,09:15,380.8,11:17,382.9,262,99770.0,550.0,0.55,TRAIL_EXIT,0.985,WIN
2025-01-15,NBCC,09:15,85.7,11:17,85.95,1166,99926.0,292.0,0.29,TRAIL_EXIT,0.985,WIN
2025-01-15,IDEA,09:15,8.28,11:17,8.59,12077,99998.0,3744.0,3.74,TRAIL_EXIT,0.985,WIN
2025-01-15,JWL,09:15,446.9,11:17,443.45,223,99659.0,-769.0,-0.77,TRAIL_EXIT,0.985,WIN
2025-01-15,GMDCLTD,09:15,295.0,11:17,298.25,338,99710.0,1098.0,1.1,TRAIL_EXIT,0.985,WIN
2025-01-16,RAILTEL,09:15,386.0,09:21,389.3,259,99974.0,855.0,0.85,TRAIL_EXIT,0.959,WIN
2025-01-16,GMDCLTD,09:15,295.15,09:21,298.85,338,99761.0,1251.0,1.25,TRAIL_EXIT,0.959,WIN
2025-01-16,RPOWER,09:15,40.05,09:21,40.47,2496,99965.0,1048.0,1.05,TRAIL_EXIT,0.959,WIN
2025-01-16,NBCC,09:15,87.98,09:21,87.81,1136,99945.0,-193.0,-0.19,TRAIL_EXIT,0.959,WIN
2025-01-16,HUDCO,09:15,218.0,09:21,222.0,458,99844.0,1832.0,1.83,TRAIL_EXIT,0.959,WIN
2025-01-17,INOXWIND,09:15,162.51,09:34,162.26,615,99944.0,-154.0,-0.15,TRAIL_EXIT,0.896,WIN
2025-01-17,RVNL,09:15,410.0,09:34,427.65,243,99630.0,4289.0,4.3,TRAIL_EXIT,0.896,WIN
2025-01-17,RPOWER,09:15,41.5,09:34,42.0,2409,99974.0,1204.0,1.2,TRAIL_EXIT,0.896,WIN
2025-01-17,NBCC,09:15,87.55,09:34,88.7,1142,99982.0,1313.0,1.31,TRAIL_EXIT,0.896,WIN
2025-01-17,SWANCORP,09:15,692.0,09:34,676.85,144,99648.0,-2182.0,-2.19,TRAIL_EXIT,0.896,WIN
2025-01-20,HFCL,09:15,104.58,09:17,103.85,956,99978.0,-698.0,-0.7,STOP_1.5,-1.559,LOSS
2025-01-20,SWANCORP,09:15,687.9,09:17,656.7,145,99746.0,-4524.0,-4.54,STOP_1.5,-1.559,LOSS
2025-01-20,INOXWIND,09:15,165.4,09:17,164.1,604,99902.0,-785.0,-0.79,STOP_1.5,-1.559,LOSS
2025-01-20,NIACL,09:15,195.9,09:17,193.44,510,99909.0,-1255.0,-1.26,STOP_1.5,-1.559,LOSS
2025-01-20,GRSE,09:15,1515.7,09:17,1507.95,65,98520.0,-504.0,-0.51,STOP_1.5,-1.559,LOSS
2025-01-21,PERSISTENT,09:15,6095.4,10:54,6020.85,16,97526.0,-1193.0,-1.22,STOP_1.5,-1.53,LOSS
2025-01-21,CGCL,09:15,181.1,10:54,179.71,552,99967.0,-767.0,-0.77,STOP_1.5,-1.53,LOSS
2025-01-21,ZENSARTECH,09:15,755.0,10:54,741.55,132,99660.0,-1775.0,-1.78,STOP_1.5,-1.53,LOSS
2025-01-21,COFORGE,09:15,1736.0,10:54,1684.0,57,98952.0,-2964.0,-3.0,STOP_1.5,-1.53,LOSS
2025-01-21,FIVESTAR,09:15,663.45,10:54,657.55,150,99518.0,-885.0,-0.89,STOP_1.5,-1.53,LOSS
2025-01-22,PERSISTENT,09:15,5750.0,09:30,5607.25,17,97750.0,-2427.0,-2.48,STOP_1.5,-1.63,LOSS
2025-01-22,CGCL,09:15,178.51,09:30,178.6,560,99966.0,50.0,0.05,STOP_1.5,-1.63,LOSS
2025-01-22,COFORGE,09:15,1663.0,09:30,1634.5,60,99780.0,-1710.0,-1.71,STOP_1.5,-1.63,LOSS
2025-01-22,ZENSARTECH,09:15,740.0,09:30,722.05,135,99900.0,-2423.0,-2.43,STOP_1.5,-1.63,LOSS
2025-01-22,AMBER,09:15,6552.7,09:30,6447.95,15,98290.0,-1571.0,-1.6,STOP_1.5,-1.63,LOSS
2025-01-23,PERSISTENT,09:15,5790.0,13:27,6345.15,17,98430.0,9438.0,9.59,TRAIL_EXIT,7.747,WIN
2025-01-23,COFORGE,09:15,1742.0,13:27,1848.0,57,99294.0,6042.0,6.08,TRAIL_EXIT,7.747,WIN
2025-01-23,CGCL,09:15,179.19,13:27,182.68,558,99988.0,1947.0,1.95,TRAIL_EXIT,7.747,WIN
2025-01-23,ZENSARTECH,09:15,752.05,13:27,840.95,132,99271.0,11735.0,11.82,TRAIL_EXIT,7.747,WIN
2025-01-23,AMBER,09:15,6314.55,13:27,6910.0,15,94718.0,8932.0,9.43,TRAIL_EXIT,7.747,WIN
2025-01-24,CGCL,09:15,187.9,09:49,202.3,532,99963.0,7661.0,7.66,TRAIL_EXIT,1.433,WIN
2025-01-24,AMBER,09:15,7200.0,09:49,6921.45,13,93600.0,-3621.0,-3.87,TRAIL_EXIT,1.433,WIN
2025-01-24,FIVESTAR,09:15,663.0,09:49,674.75,150,99450.0,1762.0,1.77,TRAIL_EXIT,1.433,WIN
2025-01-24,PERSISTENT,09:15,6287.7,09:49,6325.25,15,94316.0,563.0,0.6,TRAIL_EXIT,1.433,WIN
2025-01-24,COFORGE,09:15,1820.0,09:49,1831.0,54,98280.0,594.0,0.6,TRAIL_EXIT,1.433,WIN
2025-01-27,AMBER,09:15,6925.75,09:55,6690.55,14,96960.0,-3293.0,-3.4,STOP_1.5,-1.571,LOSS
2025-01-27,PERSISTENT,09:15,6298.8,09:55,6191.25,15,94482.0,-1613.0,-1.71,STOP_1.5,-1.571,LOSS
2025-01-27,CGCL,09:15,192.8,09:55,186.21,518,99870.0,-3414.0,-3.42,STOP_1.5,-1.571,LOSS
2025-01-27,COFORGE,09:15,1819.0,09:55,1803.5,54,98226.0,-837.0,-0.85,STOP_1.5,-1.571,LOSS
2025-01-27,POLICYBZR,09:15,1670.0,09:55,1695.25,59,98530.0,1490.0,1.51,STOP_1.5,-1.571,LOSS
2025-01-28,TVSMOTOR,09:15,2254.0,09:19,2237.15,44,99176.0,-741.0,-0.75,STOP_1.5,-1.577,LOSS
2025-01-28,ZENTEC,09:15,1742.75,09:19,1715.3,57,99337.0,-1565.0,-1.58,STOP_1.5,-1.577,LOSS
2025-01-28,JMFINANCIL,09:15,107.75,09:19,108.0,928,99992.0,232.0,0.23,STOP_1.5,-1.577,LOSS
2025-01-28,PGEL,09:15,726.95,09:19,698.55,137,99592.0,-3891.0,-3.91,STOP_1.5,-1.577,LOSS
2025-01-28,POLYMED,09:15,2409.95,09:19,2364.3,41,98808.0,-1872.0,-1.89,STOP_1.5,-1.577,LOSS
2025-01-29,PGEL,09:15,645.0,09:27,667.95,155,99975.0,3557.0,3.56,TRAIL_EXIT,0.683,WIN
2025-01-29,ZENTEC,09:15,1592.05,09:27,1628.4,62,98707.0,2254.0,2.28,TRAIL_EXIT,0.683,WIN
2025-01-29,JMFINANCIL,09:15,102.31,09:27,96.7,977,99957.0,-5481.0,-5.48,TRAIL_EXIT,0.683,WIN
2025-01-29,NEWGEN,09:15,996.95,09:27,1032.8,100,99695.0,3585.0,3.6,TRAIL_EXIT,0.683,WIN
2025-01-29,KPITTECH,09:15,1263.0,09:27,1256.5,79,99777.0,-514.0,-0.51,TRAIL_EXIT,0.683,WIN
2025-01-30,PCBL,09:15,365.1,15:27,363.6,273,99672.0,-410.0,-0.41,STOP_1.5,-1.529,LOSS
2025-01-30,TRENT,09:15,5600.0,15:27,5504.7,17,95200.0,-1620.0,-1.7,STOP_1.5,-1.529,LOSS
2025-01-30,SUZLON,09:15,55.4,15:27,55.4,1805,99997.0,0.0,0.0,STOP_1.5,-1.529,LOSS
2025-01-30,JMFINANCIL,09:15,108.7,15:27,106.8,919,99895.0,-1746.0,-1.75,STOP_1.5,-1.529,LOSS
2025-01-30,PGEL,09:15,740.05,15:27,712.0,135,99907.0,-3787.0,-3.79,STOP_1.5,-1.529,LOSS
2025-01-31,SUZLON,09:15,57.0,09:24,57.67,1754,99978.0,1175.0,1.18,TRAIL_EXIT,0.859,WIN
2025-01-31,PCBL,09:15,367.0,09:24,369.5,272,99824.0,680.0,0.68,TRAIL_EXIT,0.859,WIN
2025-01-31,ZENTEC,09:15,1675.05,09:24,1708.95,59,98828.0,2000.0,2.02,TRAIL_EXIT,0.859,WIN
2025-01-31,TRENT,09:15,5569.0,09:24,5642.2,17,94673.0,1244.0,1.31,TRAIL_EXIT,0.859,WIN
2025-01-31,GRAVITA,09:15,1970.25,09:24,1952.75,50,98512.0,-875.0,-0.89,TRAIL_EXIT,0.859,WIN
2025-02-01,JMFINANCIL,09:15,109.91,11:04,113.63,909,99908.0,3381.0,3.38,TRAIL_EXIT,1.534,WIN
2025-02-01,TRENT,09:15,5780.0,11:04,5767.85,17,98260.0,-207.0,-0.21,TRAIL_EXIT,1.534,WIN
2025-02-01,ZENTEC,09:15,1745.0,11:04,1820.05,57,99465.0,4278.0,4.3,TRAIL_EXIT,1.534,WIN
2025-02-01,NEWGEN,09:15,1060.0,11:04,1071.5,94,99640.0,1081.0,1.08,TRAIL_EXIT,1.534,WIN
2025-02-01,POLYMED,09:15,2349.85,11:04,2327.85,42,98694.0,-924.0,-0.94,TRAIL_EXIT,1.534,WIN
2025-02-03,POLYMED,09:15,2410.75,09:21,2369.15,41,98841.0,-1706.0,-1.73,STOP_1.5,-2.071,LOSS
2025-02-03,ZENTEC,09:15,1785.0,09:21,1683.45,56,99960.0,-5687.0,-5.69,STOP_1.5,-2.071,LOSS
2025-02-03,NEWGEN,09:15,1070.0,09:21,1071.3,93,99510.0,121.0,0.12,STOP_1.5,-2.071,LOSS
2025-02-03,JMFINANCIL,09:15,110.1,09:21,107.39,908,99971.0,-2461.0,-2.46,STOP_1.5,-2.071,LOSS
2025-02-03,HSCL,09:15,485.0,09:21,482.15,206,99910.0,-587.0,-0.59,STOP_1.5,-2.071,LOSS
2025-02-04,TARIL,09:15,401.0,09:54,389.5,249,99849.0,-2864.0,-2.87,TRAIL_EXIT,0.976,WIN
2025-02-04,KFINTECH,09:15,1070.0,09:54,1090.6,93,99510.0,1916.0,1.93,TRAIL_EXIT,0.976,WIN
2025-02-04,PAYTM,09:15,778.1,09:54,785.3,128,99597.0,922.0,0.93,TRAIL_EXIT,0.976,WIN
2025-02-04,NATCOPHARM,09:15,1168.0,09:54,1201.2,85,99280.0,2822.0,2.84,TRAIL_EXIT,0.976,WIN
2025-02-04,JYOTICNC,09:15,1001.2,09:54,1022.0,99,99119.0,2059.0,2.08,TRAIL_EXIT,0.976,WIN
2025-02-05,TARIL,09:15,401.0,14:35,407.45,249,99849.0,1606.0,1.61,TRAIL_EXIT,3.601,WIN
2025-02-05,ABBOTINDIA,09:15,26300.0,14:35,27591.0,3,78900.0,3873.0,4.91,TRAIL_EXIT,3.601,WIN
2025-02-05,KFINTECH,09:15,1117.0,14:35,1150.55,89,99413.0,2986.0,3.0,TRAIL_EXIT,3.601,WIN
2025-02-05,PAYTM,09:15,781.7,14:35,808.7,127,99276.0,3429.0,3.45,TRAIL_EXIT,3.601,WIN
2025-02-05,JYOTICNC,09:15,1048.55,14:35,1104.2,95,99612.0,5287.0,5.31,TRAIL_EXIT,3.601,WIN
2025-02-06,TARIL,09:15,427.8,09:29,427.8,233,99677.0,0.0,0.0,TRAIL_EXIT,0.97,WIN
2025-02-06,GODFRYPHLP,09:15,1557.0,09:29,1538.0,64,99648.0,-1216.0,-1.22,TRAIL_EXIT,0.97,WIN
2025-02-06,PAYTM,09:15,807.45,09:29,801.95,123,99316.0,-676.0,-0.68,TRAIL_EXIT,0.97,WIN
2025-02-06,JYOTICNC,09:15,1100.0,09:29,1146.5,90,99000.0,4185.0,4.23,TRAIL_EXIT,0.97,WIN
2025-02-06,POWERINDIA,09:15,11950.0,09:29,12261.65,8,95600.0,2493.0,2.61,TRAIL_EXIT,0.97,WIN
2025-02-07,TARIL,09:15,430.0,09:55,422.3,232,99760.0,-1786.0,-1.79,TRAIL_EXIT,0.939,WIN
2025-02-07,GODFRYPHLP,09:15,1575.0,09:55,1615.0,63,99225.0,2520.0,2.54,TRAIL_EXIT,0.939,WIN
2025-02-07,PAYTM,09:15,799.6,09:55,797.8,125,99950.0,-225.0,-0.23,TRAIL_EXIT,0.939,WIN
2025-02-07,CHAMBLFERT,09:15,520.4,09:55,527.15,192,99917.0,1296.0,1.3,TRAIL_EXIT,0.939,WIN
2025-02-07,KFINTECH,09:15,1180.05,09:55,1214.25,84,99124.0,2873.0,2.9,TRAIL_EXIT,0.939,WIN
2025-02-10,TARIL,09:15,450.5,09:18,453.0,221,99560.0,552.0,0.55,STOP_1.5,-1.491,LOSS
2025-02-10,ABB,09:15,5674.95,09:18,5662.1,17,96474.0,-218.0,-0.23,STOP_1.5,-1.491,LOSS
2025-02-10,POWERINDIA,09:15,12800.0,09:18,12339.15,7,89600.0,-3226.0,-3.6,STOP_1.5,-1.491,LOSS
2025-02-10,GICRE,09:15,408.35,09:18,402.75,244,99637.0,-1366.0,-1.37,STOP_1.5,-1.491,LOSS
2025-02-10,KFINTECH,09:15,1234.55,09:18,1197.8,81,99999.0,-2977.0,-2.98,STOP_1.5,-1.491,LOSS
2025-02-11,JBCHEPHARM,09:15,1680.0,09:27,1667.4,59,99120.0,-743.0,-0.75,STOP_1.5,-1.489,LOSS
2025-02-11,CRISIL,09:15,5070.0,09:27,4932.5,19,96330.0,-2612.0,-2.71,STOP_1.5,-1.489,LOSS
2025-02-11,SBICARD,09:15,797.9,09:27,796.25,125,99738.0,-206.0,-0.21,STOP_1.5,-1.489,LOSS
2025-02-11,HONASA,09:15,206.2,09:27,203.23,484,99801.0,-1437.0,-1.44,STOP_1.5,-1.489,LOSS
2025-02-11,GODFRYPHLP,09:15,1814.0,09:27,1771.0,55,99770.0,-2365.0,-2.37,STOP_1.5,-1.489,LOSS
2025-02-12,GODFRYPHLP,09:15,1695.0,09:31,1644.0,58,98310.0,-2958.0,-3.01,STOP_1.5,-1.901,LOSS
2025-02-12,JBCHEPHARM,09:15,1600.0,09:31,1547.2,62,99200.0,-3274.0,-3.3,STOP_1.5,-1.901,LOSS
2025-02-12,SBICARD,09:15,784.0,09:31,776.9,127,99568.0,-902.0,-0.91,STOP_1.5,-1.901,LOSS
2025-02-12,HONASA,09:15,199.79,09:31,202.25,500,99895.0,1230.0,1.23,STOP_1.5,-1.901,LOSS
2025-02-12,CRISIL,09:15,5259.5,09:31,5073.0,19,99930.0,-3544.0,-3.55,STOP_1.5,-1.901,LOSS
2025-02-13,JBCHEPHARM,09:15,1626.1,09:59,1644.8,61,99192.0,1141.0,1.15,TRAIL_EXIT,0.949,WIN
2025-02-13,SBICARD,09:15,825.0,09:59,855.75,121,99825.0,3721.0,3.73,TRAIL_EXIT,0.949,WIN
2025-02-13,HONASA,09:15,210.0,09:59,216.89,476,99960.0,3280.0,3.28,TRAIL_EXIT,0.949,WIN
2025-02-13,GODFRYPHLP,09:15,1818.0,09:59,1748.0,55,99990.0,-3850.0,-3.85,TRAIL_EXIT,0.949,WIN
2025-02-13,CRISIL,09:15,5049.7,09:59,5071.0,19,95944.0,405.0,0.42,TRAIL_EXIT,0.949,WIN
2025-02-14,GODFRYPHLP,09:15,1833.0,10:14,1917.0,54,98982.0,4536.0,4.58,TRAIL_EXIT,0.849,WIN
2025-02-14,JBCHEPHARM,09:15,1668.6,10:14,1664.05,59,98447.0,-268.0,-0.27,TRAIL_EXIT,0.849,WIN
2025-02-14,CRISIL,09:15,5100.0,10:14,5103.65,19,96900.0,69.0,0.07,TRAIL_EXIT,0.849,WIN
2025-02-14,PARADEEP,09:15,98.96,10:14,97.18,1010,99950.0,-1798.0,-1.8,TRAIL_EXIT,0.849,WIN
2025-02-14,HONASA,09:15,220.0,10:14,223.65,454,99880.0,1657.0,1.66,TRAIL_EXIT,0.849,WIN
2025-02-17,JBCHEPHARM,09:15,1669.3,09:17,1633.85,59,98489.0,-2092.0,-2.12,STOP_1.5,-1.732,LOSS
2025-02-17,GODFRYPHLP,09:15,1950.0,09:17,1872.0,51,99450.0,-3978.0,-4.0,STOP_1.5,-1.732,LOSS
2025-02-17,CRISIL,09:15,5052.7,09:17,4965.05,19,96001.0,-1665.0,-1.73,STOP_1.5,-1.732,LOSS
2025-02-17,HONASA,09:15,220.0,09:17,220.5,454,99880.0,227.0,0.23,STOP_1.5,-1.732,LOSS
2025-02-17,SBICARD,09:15,864.0,09:17,855.0,115,99360.0,-1035.0,-1.04,STOP_1.5,-1.732,LOSS
2025-02-18,VIJAYA,09:15,901.3,09:28,891.8,110,99143.0,-1045.0,-1.05,STOP_1.5,-1.82,LOSS
2025-02-18,AEGISLOG,09:15,690.35,09:28,675.25,144,99410.0,-2174.0,-2.19,STOP_1.5,-1.82,LOSS
2025-02-18,AMBER,09:15,5795.0,09:28,5592.75,17,98515.0,-3438.0,-3.49,STOP_1.5,-1.82,LOSS
2025-02-18,NETWEB,09:15,1370.9,09:28,1350.05,72,98705.0,-1501.0,-1.52,STOP_1.5,-1.82,LOSS
2025-02-18,JSWINFRA,09:15,225.45,09:28,223.5,443,99874.0,-864.0,-0.86,STOP_1.5,-1.82,LOSS
2025-02-19,VIJAYA,09:15,885.0,09:25,881.35,112,99120.0,-409.0,-0.41,TRAIL_EXIT,1.743,WIN
2025-02-19,DEEPAKFERT,09:15,964.95,09:25,994.15,103,99390.0,3008.0,3.03,TRAIL_EXIT,1.743,WIN
2025-02-19,DEVYANI,09:15,161.65,09:25,162.35,618,99900.0,433.0,0.43,TRAIL_EXIT,1.743,WIN
2025-02-19,BALRAMCHIN,09:15,430.85,09:25,433.15,232,99957.0,534.0,0.53,TRAIL_EXIT,1.743,WIN
2025-02-19,NETWEB,09:15,1320.0,09:25,1388.05,75,99000.0,5104.0,5.16,TRAIL_EXIT,1.743,WIN
2025-02-20,VIJAYA,09:15,914.45,09:19,924.15,109,99675.0,1057.0,1.06,TRAIL_EXIT,1.144,WIN
2025-02-20,AMBER,09:15,5537.4,09:19,5538.0,18,99673.0,11.0,0.01,TRAIL_EXIT,1.144,WIN
2025-02-20,APLAPOLLO,09:15,1373.85,09:19,1402.8,72,98917.0,2084.0,2.11,TRAIL_EXIT,1.144,WIN
2025-02-20,DEEPAKFERT,09:15,1036.1,09:19,1035.9,96,99466.0,-19.0,-0.02,TRAIL_EXIT,1.144,WIN
2025-02-20,NETWEB,09:15,1500.0,09:19,1538.6,66,99000.0,2548.0,2.57,TRAIL_EXIT,1.144,WIN
2025-02-21,VIJAYA,09:15,923.35,09:41,958.6,108,99722.0,3807.0,3.82,TRAIL_EXIT,3.113,WIN
2025-02-21,DEEPAKFERT,09:15,1070.0,09:41,1085.3,93,99510.0,1423.0,1.43,TRAIL_EXIT,3.113,WIN
2025-02-21,JSWINFRA,09:15,238.95,09:41,250.7,418,99881.0,4912.0,4.92,TRAIL_EXIT,3.113,WIN
2025-02-21,ITI,09:15,277.0,09:41,282.65,361,99997.0,2040.0,2.04,TRAIL_EXIT,3.113,WIN
2025-02-21,AEGISLOG,09:15,731.0,09:41,755.55,136,99416.0,3339.0,3.36,TRAIL_EXIT,3.113,WIN
2025-02-24,KFINTECH,09:15,866.05,09:27,873.4,115,99596.0,845.0,0.85,STOP_1.5,-1.54,LOSS
2025-02-24,ITI,09:15,284.7,09:27,270.25,351,99930.0,-5072.0,-5.08,STOP_1.5,-1.54,LOSS
2025-02-24,AMBER,09:15,5905.05,09:27,5819.85,16,94481.0,-1363.0,-1.44,STOP_1.5,-1.54,LOSS
2025-02-24,AEGISLOG,09:15,740.0,09:27,732.6,135,99900.0,-999.0,-1.0,STOP_1.5,-1.54,LOSS
2025-02-24,DEEPAKFERT,09:15,1055.15,09:27,1044.45,94,99184.0,-1006.0,-1.01,STOP_1.5,-1.54,LOSS
2025-02-25,PATANJALI,09:15,609.0,09:19,609.2,164,99876.0,33.0,0.03,TRAIL_EXIT,0.958,WIN
2025-02-25,HOMEFIRST,09:15,912.95,09:19,913.6,109,99512.0,71.0,0.07,TRAIL_EXIT,0.958,WIN
2025-02-25,CRAFTSMAN,09:15,4005.7,09:19,4060.85,24,96137.0,1324.0,1.38,TRAIL_EXIT,0.958,WIN
2025-02-25,FIVESTAR,09:15,702.0,09:19,719.85,142,99684.0,2535.0,2.54,TRAIL_EXIT,0.958,WIN
2025-02-25,CHOLAHLDNG,09:15,1501.45,09:19,1513.15,66,99096.0,772.0,0.78,TRAIL_EXIT,0.958,WIN
2025-02-27,PATANJALI,09:15,609.9,10:08,606.3,163,99414.0,-587.0,-0.59,TRAIL_EXIT,1.855,WIN
2025-02-27,HOMEFIRST,09:15,888.1,10:08,919.9,112,99467.0,3562.0,3.58,TRAIL_EXIT,1.855,WIN
2025-02-27,CRAFTSMAN,09:15,4078.0,10:08,4100.65,24,97872.0,544.0,0.56,TRAIL_EXIT,1.855,WIN
2025-02-27,FIVESTAR,09:15,718.8,10:08,736.85,139,99913.0,2509.0,2.51,TRAIL_EXIT,1.855,WIN
2025-02-27,CHOLAHLDNG,09:15,1587.6,10:08,1638.5,62,98431.0,3156.0,3.21,TRAIL_EXIT,1.855,WIN
2025-02-28,PATANJALI,09:15,602.0,09:58,543.8,166,99932.0,-9661.0,-9.67,STOP_1.5,-1.725,LOSS
2025-02-28,HOMEFIRST,09:15,911.5,09:58,942.35,109,99354.0,3363.0,3.38,STOP_1.5,-1.725,LOSS
2025-02-28,CRAFTSMAN,09:15,4181.0,09:58,4200.0,23,96163.0,437.0,0.45,STOP_1.5,-1.725,LOSS
2025-02-28,FIVESTAR,09:15,721.35,09:58,721.0,138,99546.0,-48.0,-0.05,STOP_1.5,-1.725,LOSS
2025-02-28,CARTRADE,09:15,1445.0,09:58,1407.0,69,99705.0,-2622.0,-2.63,STOP_1.5,-1.725,LOSS
2025-03-03,PATANJALI,09:15,580.3,09:25,569.7,172,99812.0,-1823.0,-1.83,STOP_1.5,-1.575,LOSS
2025-03-03,HOMEFIRST,09:15,1018.2,09:25,1002.9,98,99784.0,-1499.0,-1.5,STOP_1.5,-1.575,LOSS
2025-03-03,CRAFTSMAN,09:15,4381.2,09:25,4315.9,22,96386.0,-1437.0,-1.49,STOP_1.5,-1.575,LOSS
2025-03-03,FIVESTAR,09:15,761.4,09:25,735.7,131,99743.0,-3367.0,-3.38,STOP_1.5,-1.575,LOSS
2025-03-03,CARTRADE,09:15,1528.0,09:25,1533.05,65,99320.0,328.0,0.33,STOP_1.5,-1.575,LOSS
2025-03-04,SHYAMMETL,09:15,698.5,09:18,689.85,143,99886.0,-1237.0,-1.24,TRAIL_EXIT,0.65,WIN
2025-03-04,CAPLIPOINT,09:15,1606.0,09:18,1655.5,62,99572.0,3069.0,3.08,TRAIL_EXIT,0.65,WIN
2025-03-04,NAVA,09:15,382.0,09:18,382.75,261,99702.0,196.0,0.2,TRAIL_EXIT,0.65,WIN
2025-03-04,NEULANDLAB,09:15,10201.7,09:18,10266.3,9,91815.0,581.0,0.63,TRAIL_EXIT,0.65,WIN
2025-03-04,DEEPAKFERT,09:15,924.0,09:18,929.4,108,99792.0,583.0,0.58,TRAIL_EXIT,0.65,WIN
2025-03-05,NAVA,09:15,386.75,10:14,405.7,258,99782.0,4889.0,4.9,TRAIL_EXIT,1.924,WIN
2025-03-05,NEULANDLAB,09:15,11360.1,10:14,11451.15,8,90881.0,728.0,0.8,TRAIL_EXIT,1.924,WIN
2025-03-05,DEEPAKFERT,09:15,975.8,10:14,1003.05,102,99532.0,2780.0,2.79,TRAIL_EXIT,1.924,WIN
2025-03-05,POLYMED,09:15,2148.9,10:14,2151.0,46,98849.0,97.0,0.1,TRAIL_EXIT,1.924,WIN
2025-03-05,LLOYDSME,09:15,979.7,10:14,988.65,102,99929.0,913.0,0.91,TRAIL_EXIT,1.924,WIN
2025-03-06,NEULANDLAB,09:15,11948.0,09:51,11822.55,8,95584.0,-1004.0,-1.05,TRAIL_EXIT,1.598,WIN
2025-03-06,LLOYDSME,09:15,1047.7,09:51,1036.6,95,99532.0,-1055.0,-1.06,TRAIL_EXIT,1.598,WIN
2025-03-06,DEEPAKFERT,09:15,1055.0,09:51,1056.15,94,99170.0,108.0,0.11,TRAIL_EXIT,1.598,WIN
2025-03-06,JUBLINGREA,09:15,631.0,09:51,636.05,158,99698.0,798.0,0.8,TRAIL_EXIT,1.598,WIN
2025-03-06,JYOTICNC,09:15,833.3,09:51,908.7,120,99996.0,9048.0,9.05,TRAIL_EXIT,1.598,WIN
2025-03-07,CAPLIPOINT,09:15,1949.2,09:53,1942.4,51,99409.0,-347.0,-0.35,TRAIL_EXIT,1.23,WIN
2025-03-07,MRPL,09:15,110.67,09:53,113.0,903,99935.0,2104.0,2.11,TRAIL_EXIT,1.23,WIN
2025-03-07,GRAVITA,09:15,1707.0,09:53,1744.0,58,99006.0,2146.0,2.17,TRAIL_EXIT,1.23,WIN
2025-03-07,ANANTRAJ,09:15,464.2,09:53,473.85,215,99803.0,2075.0,2.08,TRAIL_EXIT,1.23,WIN
2025-03-07,PARADEEP,09:15,93.9,09:53,94.04,1064,99910.0,149.0,0.15,TRAIL_EXIT,1.23,WIN
2025-03-10,GRAVITA,09:15,1691.0,09:18,1729.3,59,99769.0,2260.0,2.26,TRAIL_EXIT,0.693,WIN
2025-03-10,LTFOODS,09:15,352.85,09:18,358.6,283,99857.0,1627.0,1.63,TRAIL_EXIT,0.693,WIN
2025-03-10,NEULANDLAB,09:15,11998.85,09:18,11878.45,8,95991.0,-963.0,-1.0,TRAIL_EXIT,0.693,WIN
2025-03-10,CAPLIPOINT,09:15,1923.3,09:18,1920.0,51,98088.0,-168.0,-0.17,TRAIL_EXIT,0.693,WIN
2025-03-10,ECLERX,09:15,1382.6,09:18,1391.8,72,99547.0,662.0,0.67,TRAIL_EXIT,0.693,WIN
2025-03-11,KIMS,09:15,513.45,09:22,512.95,194,99609.0,-97.0,-0.1,TRAIL_EXIT,0.872,WIN
2025-03-11,GODFRYPHLP,09:15,1672.0,09:22,1679.0,59,98648.0,413.0,0.42,TRAIL_EXIT,0.872,WIN
2025-03-11,SARDAEN,09:15,490.4,09:22,492.0,203,99551.0,325.0,0.33,TRAIL_EXIT,0.872,WIN
2025-03-11,AAVAS,09:15,1700.0,09:22,1708.95,58,98600.0,519.0,0.53,TRAIL_EXIT,0.872,WIN
2025-03-11,TATACOMM,09:15,1366.0,09:22,1409.35,73,99718.0,3165.0,3.17,TRAIL_EXIT,0.872,WIN
2025-03-12,GODFRYPHLP,09:15,1758.0,15:29,1812.0,56,98448.0,3024.0,3.07,CLOSE_EXIT,1.716,WIN
2025-03-12,KIMS,09:15,526.95,15:29,543.45,189,99594.0,3118.0,3.13,CLOSE_EXIT,1.716,WIN
2025-03-12,SARDAEN,09:15,531.0,15:29,539.95,188,99828.0,1683.0,1.69,CLOSE_EXIT,1.716,WIN
2025-03-12,JYOTICNC,09:15,962.3,15:29,970.0,103,99117.0,793.0,0.8,CLOSE_EXIT,1.716,WIN
2025-03-12,CHENNPETRO,09:15,552.3,15:29,551.8,181,99966.0,-90.0,-0.09,CLOSE_EXIT,1.716,WIN
2025-03-13,GODFRYPHLP,09:15,1828.0,10:25,1900.0,54,98712.0,3888.0,3.94,TRAIL_EXIT,0.998,WIN
2025-03-13,KIMS,09:15,553.0,10:25,546.45,180,99540.0,-1179.0,-1.18,TRAIL_EXIT,0.998,WIN
2025-03-13,SARDAEN,09:15,540.05,10:25,543.5,185,99909.0,638.0,0.64,TRAIL_EXIT,0.998,WIN
2025-03-13,JYOTICNC,09:15,980.9,10:25,995.45,101,99071.0,1470.0,1.48,TRAIL_EXIT,0.998,WIN
2025-03-13,CHENNPETRO,09:15,553.9,10:25,554.7,180,99702.0,144.0,0.14,TRAIL_EXIT,0.998,WIN
2025-03-17,GODFRYPHLP,09:15,1893.0,09:50,1940.0,52,98436.0,2444.0,2.48,TRAIL_EXIT,0.982,WIN
2025-03-17,CHENNPETRO,09:15,570.15,09:50,569.5,175,99776.0,-114.0,-0.11,TRAIL_EXIT,0.982,WIN
2025-03-17,KIMS,09:15,571.25,09:50,565.3,175,99969.0,-1041.0,-1.04,TRAIL_EXIT,0.982,WIN
2025-03-17,SARDAEN,09:15,545.1,09:50,549.0,183,99753.0,714.0,0.72,TRAIL_EXIT,0.982,WIN
2025-03-17,JYOTICNC,09:15,1001.0,09:50,1030.05,99,99099.0,2876.0,2.9,TRAIL_EXIT,0.982,WIN
2025-03-18,BSE,09:15,1336.0,09:30,1333.5,74,98864.0,-185.0,-0.19,TRAIL_EXIT,0.989,WIN
2025-03-18,BLS,09:15,339.8,09:30,343.45,294,99901.0,1073.0,1.07,TRAIL_EXIT,0.989,WIN
2025-03-18,TARIL,09:15,396.4,09:30,406.25,252,99893.0,2482.0,2.48,TRAIL_EXIT,0.989,WIN
2025-03-18,KFINTECH,09:15,925.0,09:30,931.65,108,99900.0,718.0,0.72,TRAIL_EXIT,0.989,WIN
2025-03-18,NUVAMA,09:15,1067.0,09:30,1076.0,93,99231.0,837.0,0.84,TRAIL_EXIT,0.989,WIN
2025-03-19,RPOWER,09:15,35.11,15:29,37.75,2848,99993.0,7519.0,7.52,CLOSE_EXIT,6.164,WIN
2025-03-19,BSE,09:15,1388.0,15:29,1461.5,72,99936.0,5292.0,5.3,CLOSE_EXIT,6.164,WIN
2025-03-19,TEJASNET,09:15,673.5,15:29,712.5,148,99678.0,5772.0,5.79,CLOSE_EXIT,6.164,WIN
2025-03-19,OLECTRA,09:15,1070.0,15:29,1130.8,93,99510.0,5654.0,5.68,CLOSE_EXIT,6.164,WIN
2025-03-19,POLICYBZR,09:15,1454.0,15:29,1549.0,68,98872.0,6460.0,6.53,CLOSE_EXIT,6.164,WIN
2025-03-20,JMFINANCIL,09:15,92.5,09:26,93.84,1081,99992.0,1449.0,1.45,TRAIL_EXIT,0.929,WIN
2025-03-20,TEJASNET,09:15,721.0,09:26,730.4,138,99498.0,1297.0,1.3,TRAIL_EXIT,0.929,WIN
2025-03-20,BLS,09:15,351.0,09:26,356.65,284,99684.0,1605.0,1.61,TRAIL_EXIT,0.929,WIN
2025-03-20,MANKIND,09:15,2184.75,09:26,2195.9,45,98314.0,502.0,0.51,TRAIL_EXIT,0.929,WIN
2025-03-20,OLECTRA,09:15,1140.0,09:26,1137.25,87,99180.0,-239.0,-0.24,TRAIL_EXIT,0.929,WIN
2025-03-21,JMFINANCIL,09:15,92.42,10:55,99.0,1082,99998.0,7120.0,7.12,TRAIL_EXIT,7.253,WIN
2025-03-21,TEJASNET,09:15,714.2,10:55,821.0,140,99988.0,14952.0,14.95,TRAIL_EXIT,7.253,WIN
2025-03-21,NUVOCO,09:15,305.0,10:55,332.3,327,99735.0,8927.0,8.95,TRAIL_EXIT,7.253,WIN
2025-03-21,BSE,09:15,1496.5,10:55,1534.0,66,98769.0,2475.0,2.51,TRAIL_EXIT,7.253,WIN
2025-03-21,FSL,09:15,298.5,10:55,306.5,335,99998.0,2680.0,2.68,TRAIL_EXIT,7.253,WIN
2025-03-24,FSL,09:15,316.35,15:29,313.1,316,99967.0,-1027.0,-1.03,CLOSE_EXIT,-0.971,LOSS
2025-03-24,JMFINANCIL,09:15,98.5,15:29,97.83,1015,99978.0,-680.0,-0.68,CLOSE_EXIT,-0.971,LOSS
2025-03-24,MFSL,09:15,1145.25,15:29,1157.5,87,99637.0,1066.0,1.07,CLOSE_EXIT,-0.971,LOSS
2025-03-24,NUVOCO,09:15,322.65,15:29,319.95,309,99699.0,-834.0,-0.84,CLOSE_EXIT,-0.971,LOSS
2025-03-24,BSE,09:15,1613.5,15:29,1558.5,61,98424.0,-3355.0,-3.41,CLOSE_EXIT,-0.971,LOSS
2025-03-25,BSE,09:15,1561.5,11:30,1556.0,64,99936.0,-352.0,-0.35,STOP_1.5,-1.572,LOSS
2025-03-25,ASTERDM,09:15,438.8,11:30,439.0,227,99608.0,45.0,0.05,STOP_1.5,-1.572,LOSS
2025-03-25,RPOWER,09:15,38.58,11:30,36.95,2592,99999.0,-4225.0,-4.22,STOP_1.5,-1.572,LOSS
2025-03-25,ZFCVINDIA,09:15,12116.95,11:30,11971.05,8,96936.0,-1167.0,-1.2,STOP_1.5,-1.572,LOSS
2025-03-25,CUB,09:15,160.49,11:30,157.11,623,99985.0,-2106.0,-2.11,STOP_1.5,-1.572,LOSS
2025-03-26,ASTERDM,09:15,445.1,11:59,438.95,224,99702.0,-1378.0,-1.38,TRAIL_EXIT,1.129,WIN
2025-03-26,RPOWER,09:15,37.12,11:59,40.13,2693,99964.0,8106.0,8.11,TRAIL_EXIT,1.129,WIN
2025-03-26,BSE,09:15,1556.5,11:59,1520.5,64,99616.0,-2304.0,-2.31,TRAIL_EXIT,1.129,WIN
2025-03-26,CUB,09:15,157.9,11:59,160.0,633,99951.0,1329.0,1.33,TRAIL_EXIT,1.129,WIN
2025-03-26,BEML,09:15,1382.5,11:59,1380.8,72,99540.0,-122.0,-0.12,TRAIL_EXIT,1.129,WIN
2025-03-27,BSE,09:15,1550.0,10:34,1572.0,64,99200.0,1408.0,1.42,TRAIL_EXIT,1.013,WIN
2025-03-27,ASTERDM,09:15,435.05,10:34,434.6,229,99626.0,-103.0,-0.1,TRAIL_EXIT,1.013,WIN
2025-03-27,BEML,09:15,1374.8,10:34,1406.5,72,98986.0,2282.0,2.31,TRAIL_EXIT,1.013,WIN
2025-03-27,RPOWER,09:15,39.39,10:34,39.54,2538,99972.0,381.0,0.38,TRAIL_EXIT,1.013,WIN
2025-03-27,CUB,09:15,158.2,10:34,159.9,632,99982.0,1074.0,1.07,TRAIL_EXIT,1.013,WIN
2025-03-28,BSE,09:15,1666.5,09:19,1712.5,60,99990.0,2760.0,2.76,TRAIL_EXIT,0.957,WIN
2025-03-28,ASTERDM,09:15,455.05,09:19,457.55,219,99656.0,548.0,0.55,TRAIL_EXIT,0.957,WIN
2025-03-28,CUB,09:15,156.06,09:19,157.83,640,99878.0,1133.0,1.13,TRAIL_EXIT,0.957,WIN
2025-03-28,FORTIS,09:15,671.0,09:19,671.8,149,99979.0,119.0,0.12,TRAIL_EXIT,0.957,WIN
2025-03-28,BEML,09:15,1599.9,09:19,1603.3,62,99194.0,211.0,0.21,TRAIL_EXIT,0.957,WIN
2025-04-01,CUB,09:15,157.18,15:29,159.11,636,99966.0,1227.0,1.23,CLOSE_EXIT,-0.647,LOSS
2025-04-01,ASTERDM,09:15,479.45,15:29,477.75,208,99726.0,-354.0,-0.35,CLOSE_EXIT,-0.647,LOSS
2025-04-01,ERIS,09:15,1400.0,15:29,1387.0,71,99400.0,-923.0,-0.93,CLOSE_EXIT,-0.647,LOSS
2025-04-01,BEML,09:15,1613.9,15:29,1585.0,61,98448.0,-1763.0,-1.79,CLOSE_EXIT,-0.647,LOSS
2025-04-01,BSE,09:15,1848.0,15:29,1822.0,54,99792.0,-1404.0,-1.41,CLOSE_EXIT,-0.647,LOSS
2025-04-02,VTL,09:15,401.0,09:20,393.55,249,99849.0,-1855.0,-1.86,STOP_1.5,-1.657,LOSS
2025-04-02,GPIL,09:15,191.5,09:20,186.68,522,99963.0,-2516.0,-2.52,STOP_1.5,-1.657,LOSS
2025-04-02,PARADEEP,09:15,110.76,09:20,108.51,902,99906.0,-2030.0,-2.03,STOP_1.5,-1.657,LOSS
2025-04-02,BDL,09:15,1251.8,09:20,1226.85,79,98892.0,-1971.0,-1.99,STOP_1.5,-1.657,LOSS
2025-04-02,PNBHOUSING,09:15,872.9,09:20,873.95,114,99511.0,120.0,0.12,STOP_1.5,-1.657,LOSS
2025-04-03,VTL,09:15,398.0,09:51,407.8,251,99898.0,2460.0,2.46,TRAIL_EXIT,1.453,WIN
2025-04-03,BDL,09:15,1305.0,09:51,1306.0,76,99180.0,76.0,0.08,TRAIL_EXIT,1.453,WIN
2025-04-03,PARADEEP,09:15,110.98,09:51,114.75,901,99993.0,3397.0,3.4,TRAIL_EXIT,1.453,WIN
2025-04-03,GPIL,09:15,198.4,09:51,203.17,504,99994.0,2404.0,2.4,TRAIL_EXIT,1.453,WIN
2025-04-03,PNBHOUSING,09:15,916.0,09:51,906.0,109,99844.0,-1090.0,-1.09,TRAIL_EXIT,1.453,WIN
2025-04-04,VTL,09:15,476.15,09:21,464.5,210,99992.0,-2446.0,-2.45,STOP_1.5,-1.581,LOSS
2025-04-04,PARADEEP,09:15,117.31,09:21,114.87,852,99948.0,-2079.0,-2.08,STOP_1.5,-1.581,LOSS
2025-04-04,BDL,09:15,1347.95,09:21,1319.45,74,99748.0,-2109.0,-2.11,STOP_1.5,-1.581,LOSS
2025-04-04,GPIL,09:15,205.0,09:21,202.52,487,99835.0,-1208.0,-1.21,STOP_1.5,-1.581,LOSS
2025-04-04,PNBHOUSING,09:15,937.4,09:21,936.95,106,99364.0,-48.0,-0.05,STOP_1.5,-1.581,LOSS
2025-04-07,VTL,09:15,430.05,09:18,437.7,232,99772.0,1775.0,1.78,TRAIL_EXIT,3.77,WIN
2025-04-07,PARADEEP,09:15,104.97,09:18,108.62,952,99931.0,3475.0,3.48,TRAIL_EXIT,3.77,WIN
2025-04-07,GPIL,09:15,169.0,09:18,185.31,591,99879.0,9639.0,9.65,TRAIL_EXIT,3.77,WIN
2025-04-07,BDL,09:15,1152.2,09:18,1210.55,86,99089.0,5018.0,5.06,TRAIL_EXIT,3.77,WIN
2025-04-07,PNBHOUSING,09:15,879.55,09:18,869.55,113,99389.0,-1130.0,-1.14,TRAIL_EXIT,3.77,WIN
2025-04-08,FSL,09:15,308.25,10:39,302.25,324,99873.0,-1944.0,-1.95,STOP_1.5,-1.597,LOSS
2025-04-08,DIXON,09:15,13000.0,10:39,12831.4,7,91000.0,-1180.0,-1.3,STOP_1.5,-1.597,LOSS
2025-04-08,SYRMA,09:15,438.0,10:39,428.5,228,99864.0,-2166.0,-2.17,STOP_1.5,-1.597,LOSS
2025-04-08,JUBLINGREA,09:15,632.15,10:39,614.4,158,99880.0,-2804.0,-2.81,STOP_1.5,-1.597,LOSS
2025-04-08,LTFOODS,09:15,342.8,10:39,343.7,291,99755.0,262.0,0.26,STOP_1.5,-1.597,LOSS
2025-04-09,LTFOODS,09:15,333.0,09:18,326.65,300,99900.0,-1905.0,-1.91,STOP_1.5,-1.507,LOSS
2025-04-09,JMFINANCIL,09:15,92.41,09:18,90.58,1082,99988.0,-1980.0,-1.98,STOP_1.5,-1.507,LOSS
2025-04-09,DIXON,09:15,13130.0,09:18,12928.1,7,91910.0,-1413.0,-1.54,STOP_1.5,-1.507,LOSS
2025-04-09,FSL,09:15,311.2,09:18,306.95,321,99895.0,-1364.0,-1.37,STOP_1.5,-1.507,LOSS
2025-04-09,NUVAMA,09:15,1080.0,09:18,1072.0,92,99360.0,-736.0,-0.74,STOP_1.5,-1.507,LOSS
2025-04-11,LTFOODS,09:15,350.5,13:55,347.8,285,99892.0,-769.0,-0.77,TRAIL_EXIT,0.974,WIN
2025-04-11,JUBLINGREA,09:15,609.95,13:55,625.7,163,99422.0,2567.0,2.58,TRAIL_EXIT,0.974,WIN
2025-04-11,NUVAMA,09:15,1113.5,13:55,1092.0,89,99102.0,-1914.0,-1.93,TRAIL_EXIT,0.974,WIN
2025-04-11,PIIND,09:15,3420.0,13:55,3576.75,29,99180.0,4546.0,4.58,TRAIL_EXIT,0.974,WIN
2025-04-11,FSL,09:15,311.85,13:55,313.15,320,99792.0,416.0,0.42,TRAIL_EXIT,0.974,WIN
2025-04-15,JUBLINGREA,09:15,655.0,15:29,667.1,152,99560.0,1839.0,1.85,CLOSE_EXIT,0.789,WIN
2025-04-15,CAPLIPOINT,09:15,1913.0,15:29,1919.3,52,99476.0,328.0,0.33,CLOSE_EXIT,0.789,WIN
2025-04-15,SUZLON,09:15,54.88,15:29,54.5,1822,99991.0,-692.0,-0.69,CLOSE_EXIT,0.789,WIN
2025-04-15,FSL,09:15,317.35,15:29,323.45,315,99965.0,1921.0,1.92,CLOSE_EXIT,0.789,WIN
2025-04-15,MCX,09:15,1110.0,15:29,1116.0,90,99900.0,540.0,0.54,CLOSE_EXIT,0.789,WIN
2025-04-16,DOMS,09:15,2652.7,14:31,2832.9,37,98150.0,6667.0,6.79,TRAIL_EXIT,7.394,WIN
2025-04-16,KFINTECH,09:15,1015.2,14:31,1053.5,98,99490.0,3753.0,3.77,TRAIL_EXIT,7.394,WIN
2025-04-16,JBMA,09:15,633.0,14:31,690.35,157,99381.0,9004.0,9.06,TRAIL_EXIT,7.394,WIN
2025-04-16,ANURAS,09:15,749.95,14:31,797.45,133,99743.0,6318.0,6.33,TRAIL_EXIT,7.394,WIN
2025-04-16,GMDCLTD,09:15,287.0,14:31,318.55,348,99876.0,10979.0,10.99,TRAIL_EXIT,7.394,WIN
2025-04-17,DELHIVERY,09:15,263.0,09:36,270.6,380,99940.0,2888.0,2.89,TRAIL_EXIT,0.987,WIN
2025-04-17,KFINTECH,09:15,1071.3,09:36,1100.6,93,99631.0,2725.0,2.73,TRAIL_EXIT,0.987,WIN
2025-04-17,GMDCLTD,09:15,313.0,09:36,314.25,319,99847.0,399.0,0.4,TRAIL_EXIT,0.987,WIN
2025-04-17,ANURAS,09:15,794.5,09:36,791.3,125,99312.0,-400.0,-0.4,TRAIL_EXIT,0.987,WIN
2025-04-17,ENGINERSIN,09:15,182.8,09:36,181.54,547,99992.0,-689.0,-0.69,TRAIL_EXIT,0.987,WIN
2025-04-21,KFINTECH,09:15,1121.1,13:43,1165.8,89,99778.0,3978.0,3.99,TRAIL_EXIT,1.102,WIN
2025-04-21,FACT,09:15,759.9,13:43,768.1,131,99547.0,1074.0,1.08,TRAIL_EXIT,1.102,WIN
2025-04-21,ANURAS,09:15,813.0,13:43,804.45,123,99999.0,-1052.0,-1.05,TRAIL_EXIT,1.102,WIN
2025-04-21,GMDCLTD,09:15,320.85,13:43,323.6,311,99784.0,855.0,0.86,TRAIL_EXIT,1.102,WIN
2025-04-21,JBMA,09:15,701.0,13:43,705.5,142,99542.0,639.0,0.64,TRAIL_EXIT,1.102,WIN
2025-04-22,APARINDS,09:15,5025.0,12:51,5325.5,19,95475.0,5710.0,5.98,TRAIL_EXIT,0.954,WIN
2025-04-22,ATUL,09:15,5975.0,12:51,6000.0,16,95600.0,400.0,0.42,TRAIL_EXIT,0.954,WIN
2025-04-22,AUBANK,09:15,623.8,12:51,617.95,160,99808.0,-936.0,-0.94,TRAIL_EXIT,0.954,WIN
2025-04-22,GODFRYPHLP,09:15,2528.0,12:51,2502.0,39,98592.0,-1014.0,-1.03,TRAIL_EXIT,0.954,WIN
2025-04-22,CHOICEIN,09:15,561.35,12:51,564.2,178,99920.0,507.0,0.51,TRAIL_EXIT,0.954,WIN
2025-04-23,APARINDS,09:15,5349.0,10:07,5224.0,18,96282.0,-2250.0,-2.34,TRAIL_EXIT,1.656,WIN
2025-04-23,ATUL,09:15,6059.5,10:07,6239.5,16,96952.0,2880.0,2.97,TRAIL_EXIT,1.656,WIN
2025-04-23,REDINGTON,09:15,225.0,10:07,230.2,444,99900.0,2309.0,2.31,TRAIL_EXIT,1.656,WIN
2025-04-23,AUBANK,09:15,620.0,10:07,647.0,161,99820.0,4347.0,4.35,TRAIL_EXIT,1.656,WIN
2025-04-23,GODFRYPHLP,09:15,2533.0,10:07,2555.0,39,98787.0,858.0,0.87,TRAIL_EXIT,1.656,WIN
2025-04-24,APARINDS,09:15,5379.0,09:27,5342.5,18,96822.0,-657.0,-0.68,TRAIL_EXIT,0.919,WIN
2025-04-24,ATUL,09:15,6214.0,09:27,6239.5,16,99424.0,408.0,0.41,TRAIL_EXIT,0.919,WIN
2025-04-24,GODFRYPHLP,09:15,2683.0,09:27,2720.0,37,99271.0,1369.0,1.38,TRAIL_EXIT,0.919,WIN
2025-04-24,AUBANK,09:15,658.5,09:27,666.4,151,99434.0,1193.0,1.2,TRAIL_EXIT,0.919,WIN
2025-04-24,TATAELXSI,09:15,5678.0,09:27,5807.5,17,96526.0,2202.0,2.28,TRAIL_EXIT,0.919,WIN
2025-04-25,APARINDS,09:15,5504.0,09:54,5378.0,18,99072.0,-2268.0,-2.29,STOP_1.5,-1.547,LOSS
2025-04-25,ATUL,09:15,6235.0,09:54,6214.5,16,99760.0,-328.0,-0.33,STOP_1.5,-1.547,LOSS
2025-04-25,GODFRYPHLP,09:15,2742.0,09:54,2662.0,36,98712.0,-2880.0,-2.92,STOP_1.5,-1.547,LOSS
2025-04-25,HCLTECH,09:15,1590.0,09:54,1586.7,62,98580.0,-205.0,-0.21,STOP_1.5,-1.547,LOSS
2025-04-25,AUBANK,09:15,681.0,09:54,667.4,146,99426.0,-1986.0,-2.0,STOP_1.5,-1.547,LOSS
2025-04-28,APARINDS,09:15,5512.5,15:29,5581.0,18,99225.0,1233.0,1.24,CLOSE_EXIT,0.423,WIN
2025-04-28,GODFRYPHLP,09:15,2666.0,15:29,2709.0,37,98642.0,1591.0,1.61,CLOSE_EXIT,0.423,WIN
2025-04-28,HCLTECH,09:15,1565.0,15:29,1550.0,63,98595.0,-945.0,-0.96,CLOSE_EXIT,0.423,WIN
2025-04-28,MPHASIS,09:15,2482.4,15:29,2451.4,40,99296.0,-1240.0,-1.25,CLOSE_EXIT,0.423,WIN
2025-04-28,TATAELXSI,09:15,5612.5,15:29,5697.0,17,95412.0,1436.0,1.51,CLOSE_EXIT,0.423,WIN
2025-04-29,TIMKEN,09:15,2535.0,09:38,2526.0,39,98865.0,-351.0,-0.36,TRAIL_EXIT,0.941,WIN
2025-04-29,FORCEMOT,09:15,9149.0,09:38,9171.0,10,91490.0,220.0,0.24,TRAIL_EXIT,0.941,WIN
2025-04-29,TIINDIA,09:15,2666.0,09:38,2718.9,37,98642.0,1957.0,1.98,TRAIL_EXIT,0.941,WIN
2025-04-29,CEATLTD,09:15,3051.1,09:38,3074.5,32,97635.0,749.0,0.77,TRAIL_EXIT,0.941,WIN
2025-04-29,INDIACEM,09:15,294.0,09:38,299.9,340,99960.0,2006.0,2.01,TRAIL_EXIT,0.941,WIN
2025-04-30,TIMKEN,09:15,2516.0,09:37,2502.6,39,98124.0,-523.0,-0.53,TRAIL_EXIT,0.928,WIN
2025-04-30,FORCEMOT,09:15,9068.0,09:37,9002.5,11,99748.0,-720.0,-0.72,TRAIL_EXIT,0.928,WIN
2025-04-30,CEATLTD,09:15,3045.1,09:37,3147.6,32,97443.0,3280.0,3.37,TRAIL_EXIT,0.928,WIN
2025-04-30,MARUTI,09:15,11825.0,09:37,11916.0,8,94600.0,728.0,0.77,TRAIL_EXIT,0.928,WIN
2025-04-30,TIINDIA,09:15,2803.0,09:37,2853.4,35,98105.0,1764.0,1.8,TRAIL_EXIT,0.928,WIN
2025-05-02,TIMKEN,09:15,2467.8,09:19,2466.0,40,98712.0,-72.0,-0.07,TRAIL_EXIT,1.021,WIN
2025-05-02,FORCEMOT,09:15,8910.0,09:19,9038.5,11,98010.0,1414.0,1.44,TRAIL_EXIT,1.021,WIN
2025-05-02,ELECON,09:15,544.9,09:19,557.95,183,99717.0,2388.0,2.39,TRAIL_EXIT,1.021,WIN
2025-05-02,MARUTI,09:15,12257.0,09:19,12351.0,8,98056.0,752.0,0.77,TRAIL_EXIT,1.021,WIN
2025-05-02,CEATLTD,09:15,3308.0,09:19,3326.6,30,99240.0,558.0,0.56,TRAIL_EXIT,1.021,WIN
2025-05-05,TIMKEN,09:15,2640.1,15:29,2649.0,37,97684.0,329.0,0.34,CLOSE_EXIT,0.913,WIN
2025-05-05,TIINDIA,09:15,2913.0,15:29,2982.8,34,99042.0,2373.0,2.4,CLOSE_EXIT,0.913,WIN
2025-05-05,CEATLTD,09:15,3400.0,15:29,3475.1,29,98600.0,2178.0,2.21,CLOSE_EXIT,0.913,WIN
2025-05-05,MARUTI,09:15,12490.0,15:29,12449.0,8,99920.0,-328.0,-0.33,CLOSE_EXIT,0.913,WIN
2025-05-05,INDIACEM,09:15,309.4,15:29,309.3,323,99936.0,-32.0,-0.03,CLOSE_EXIT,0.913,WIN
2025-05-06,WELSPUNLIV,09:15,124.5,09:55,123.74,803,99974.0,-610.0,-0.61,STOP_1.5,-1.532,LOSS
2025-05-06,CONCORDBIO,09:15,1435.0,09:55,1399.2,69,99015.0,-2470.0,-2.49,STOP_1.5,-1.532,LOSS
2025-05-06,KPRMILL,09:15,1029.95,09:55,1019.7,97,99905.0,-994.0,-1.0,STOP_1.5,-1.532,LOSS
2025-05-06,ENDURANCE,09:15,1864.8,09:55,1863.5,53,98834.0,-69.0,-0.07,STOP_1.5,-1.532,LOSS
2025-05-06,YESBANK,09:15,19.24,09:55,18.57,5197,99990.0,-3482.0,-3.48,STOP_1.5,-1.532,LOSS
2025-05-07,WELSPUNLIV,09:15,124.2,09:46,128.35,805,99981.0,3341.0,3.34,TRAIL_EXIT,1.622,WIN
2025-05-07,YESBANK,09:15,17.87,09:46,17.84,5595,99983.0,-168.0,-0.17,TRAIL_EXIT,1.622,WIN
2025-05-07,KPRMILL,09:15,1059.0,09:46,1086.35,94,99546.0,2571.0,2.58,TRAIL_EXIT,1.622,WIN
2025-05-07,CONCORDBIO,09:15,1386.7,09:46,1400.0,72,99842.0,958.0,0.96,TRAIL_EXIT,1.622,WIN
2025-05-07,ENDURANCE,09:15,1871.0,09:46,1897.1,53,99163.0,1383.0,1.39,TRAIL_EXIT,1.622,WIN
2025-05-08,CONCORDBIO,09:15,1409.9,11:02,1432.2,70,98693.0,1561.0,1.58,TRAIL_EXIT,4.974,WIN
2025-05-08,WELSPUNLIV,09:15,135.0,11:02,145.35,740,99900.0,7659.0,7.67,TRAIL_EXIT,4.974,WIN
2025-05-08,YESBANK,09:15,18.35,11:02,18.67,5449,99989.0,1744.0,1.74,TRAIL_EXIT,4.974,WIN
2025-05-08,KPRMILL,09:15,1100.0,11:02,1169.0,90,99000.0,6210.0,6.27,TRAIL_EXIT,4.974,WIN
2025-05-08,APARINDS,09:15,5810.0,11:02,6252.0,17,98770.0,7514.0,7.61,TRAIL_EXIT,4.974,WIN
2025-05-09,CONCORDBIO,09:15,1470.0,09:17,1466.9,68,99960.0,-211.0,-0.21,TRAIL_EXIT,1.055,WIN
2025-05-09,YESBANK,09:15,17.8,09:17,17.95,5617,99983.0,843.0,0.84,TRAIL_EXIT,1.055,WIN
2025-05-09,WELSPUNLIV,09:15,134.0,09:17,134.28,746,99964.0,209.0,0.21,TRAIL_EXIT,1.055,WIN
2025-05-09,SPLPETRO,09:15,648.8,09:17,655.0,154,99915.0,955.0,0.96,TRAIL_EXIT,1.055,WIN
2025-05-09,ENDURANCE,09:15,1975.2,09:17,2044.5,50,98760.0,3465.0,3.51,TRAIL_EXIT,1.055,WIN
2025-05-12,CONCORDBIO,09:15,1552.0,09:19,1539.2,64,99328.0,-819.0,-0.82,STOP_1.5,-1.798,LOSS
2025-05-12,APARINDS,09:15,6320.0,09:19,6262.5,15,94800.0,-862.0,-0.91,STOP_1.5,-1.798,LOSS
2025-05-12,YESBANK,09:15,21.7,09:19,20.91,4608,99994.0,-3640.0,-3.64,STOP_1.5,-1.798,LOSS
2025-05-12,WELSPUNLIV,09:15,152.0,09:19,149.0,657,99864.0,-1971.0,-1.97,STOP_1.5,-1.798,LOSS
2025-05-12,TIMKEN,09:15,2904.0,09:19,2858.0,34,98736.0,-1564.0,-1.58,STOP_1.5,-1.798,LOSS
2025-05-13,TITAGARH,09:15,749.9,11:09,749.75,133,99737.0,-20.0,-0.02,TRAIL_EXIT,0.765,WIN
2025-05-13,PTCIL,09:15,12991.0,11:09,12955.0,7,90937.0,-252.0,-0.28,TRAIL_EXIT,0.765,WIN
2025-05-13,HBLENGINE,09:15,505.95,11:09,508.7,197,99672.0,542.0,0.54,TRAIL_EXIT,0.765,WIN
2025-05-13,STARHEALTH,09:15,376.0,11:09,385.0,265,99640.0,2385.0,2.39,TRAIL_EXIT,0.765,WIN
2025-05-13,IFCI,09:15,43.0,11:09,43.47,2325,99975.0,1093.0,1.09,TRAIL_EXIT,0.765,WIN
2025-05-14,KIRLOSENG,09:15,723.5,12:41,723.8,138,99843.0,41.0,0.04,TRAIL_EXIT,3.898,WIN
2025-05-14,PTCIL,09:15,12824.0,12:41,13770.0,7,89768.0,6622.0,7.38,TRAIL_EXIT,3.898,WIN
2025-05-14,IRCON,09:15,160.35,12:41,169.67,623,99898.0,5806.0,5.81,TRAIL_EXIT,3.898,WIN
2025-05-14,TITAGARH,09:15,753.9,12:41,785.55,132,99515.0,4178.0,4.2,TRAIL_EXIT,3.898,WIN
2025-05-14,RVNL,09:15,359.0,12:41,367.65,278,99802.0,2405.0,2.41,TRAIL_EXIT,3.898,WIN
2025-05-15,KIRLOSENG,09:15,740.0,09:39,773.8,135,99900.0,4563.0,4.57,TRAIL_EXIT,0.867,WIN
2025-05-15,BAJAJHLDNG,09:15,12066.0,09:39,12256.0,8,96528.0,1520.0,1.57,TRAIL_EXIT,0.867,WIN
2025-05-15,KPIL,09:15,1059.0,09:39,1034.0,94,99546.0,-2350.0,-2.36,TRAIL_EXIT,0.867,WIN
2025-05-15,SCI,09:15,171.6,09:39,172.96,582,99871.0,792.0,0.79,TRAIL_EXIT,0.867,WIN
2025-05-15,ANANTRAJ,09:15,461.9,09:39,460.85,216,99770.0,-227.0,-0.23,TRAIL_EXIT,0.867,WIN
2025-05-16,TITAGARH,09:15,812.0,10:49,871.8,123,99876.0,7355.0,7.36,TRAIL_EXIT,4.433,WIN
2025-05-16,IFCI,09:15,44.75,10:49,46.07,2234,99972.0,2949.0,2.95,TRAIL_EXIT,4.433,WIN
2025-05-16,JWL,09:15,393.0,10:49,409.65,254,99822.0,4229.0,4.24,TRAIL_EXIT,4.433,WIN
2025-05-16,GRANULES,09:15,504.0,10:49,504.9,198,99792.0,178.0,0.18,TRAIL_EXIT,4.433,WIN
2025-05-16,RVNL,09:15,380.5,10:49,408.8,262,99691.0,7415.0,7.44,TRAIL_EXIT,4.433,WIN
2025-05-19,HFCL,09:15,89.14,09:38,89.7,1121,99926.0,628.0,0.63,TRAIL_EXIT,2.159,WIN
2025-05-19,ZENTEC,09:15,1884.5,09:38,1884.5,53,99878.0,0.0,0.0,TRAIL_EXIT,2.159,WIN
2025-05-19,GRANULES,09:15,505.0,09:38,510.8,198,99990.0,1148.0,1.15,TRAIL_EXIT,2.159,WIN
2025-05-19,TITAGARH,09:15,924.9,09:38,961.2,108,99889.0,3920.0,3.92,TRAIL_EXIT,2.159,WIN
2025-05-19,JWL,09:15,426.5,09:38,448.25,234,99801.0,5090.0,5.1,TRAIL_EXIT,2.159,WIN
2025-05-20,SOLARINDS,09:15,13772.0,15:29,13563.0,7,96404.0,-1463.0,-1.52,CLOSE_EXIT,-0.527,LOSS
2025-05-20,TTML,09:15,60.38,15:29,58.35,1656,99989.0,-3362.0,-3.36,CLOSE_EXIT,-0.527,LOSS
2025-05-20,JKTYRE,09:15,356.0,15:29,347.7,280,99680.0,-2324.0,-2.33,CLOSE_EXIT,-0.527,LOSS
2025-05-20,HONASA,09:15,270.0,15:29,273.01,370,99900.0,1114.0,1.11,CLOSE_EXIT,-0.527,LOSS
2025-05-20,JUBLPHARMA,09:15,960.1,15:29,993.0,104,99850.0,3422.0,3.43,CLOSE_EXIT,-0.527,LOSS
2025-05-21,TTML,09:15,58.22,09:43,58.62,1717,99964.0,687.0,0.69,TRAIL_EXIT,0.99,WIN
2025-05-21,RPOWER,09:15,44.97,09:43,45.08,2223,99968.0,245.0,0.24,TRAIL_EXIT,0.99,WIN
2025-05-21,HONASA,09:15,273.33,09:43,271.2,365,99765.0,-777.0,-0.78,TRAIL_EXIT,0.99,WIN
2025-05-21,SOLARINDS,09:15,13499.0,09:43,13670.0,7,94493.0,1197.0,1.27,TRAIL_EXIT,0.99,WIN
2025-05-21,JKTYRE,09:15,340.0,09:43,352.05,294,99960.0,3543.0,3.54,TRAIL_EXIT,0.99,WIN
2025-05-22,TBOTEK,09:15,1246.0,15:29,1197.7,80,99680.0,-3864.0,-3.88,CLOSE_EXIT,2.374,WIN
2025-05-22,HONASA,09:15,270.27,15:29,275.06,370,100000.0,1772.0,1.77,CLOSE_EXIT,2.374,WIN
2025-05-22,RPOWER,09:15,45.0,15:29,44.84,2222,99990.0,-356.0,-0.36,CLOSE_EXIT,2.374,WIN
2025-05-22,PTCIL,09:15,14650.0,15:29,15595.0,6,87900.0,5670.0,6.45,CLOSE_EXIT,2.374,WIN
2025-05-22,SCI,09:15,176.4,15:29,191.15,566,99842.0,8348.0,8.36,CLOSE_EXIT,2.374,WIN
2025-05-23,TBOTEK,09:15,1207.2,10:09,1246.6,82,98990.0,3231.0,3.26,TRAIL_EXIT,2.671,WIN
2025-05-23,RPOWER,09:15,45.0,10:09,45.27,2222,99990.0,600.0,0.6,TRAIL_EXIT,2.671,WIN
2025-05-23,HONASA,09:15,285.0,10:09,309.95,350,99750.0,8732.0,8.75,TRAIL_EXIT,2.671,WIN
2025-05-23,GRSE,09:15,2809.0,10:09,2766.8,35,98315.0,-1477.0,-1.5,TRAIL_EXIT,2.671,WIN
2025-05-23,ERIS,09:15,1517.0,10:09,1550.1,65,98605.0,2151.0,2.18,TRAIL_EXIT,2.671,WIN
2025-05-26,GRSE,09:15,2761.0,15:29,2735.9,36,99396.0,-904.0,-0.91,CLOSE_EXIT,-0.001,LOSS
2025-05-26,TBOTEK,09:15,1319.0,15:29,1305.0,75,98925.0,-1050.0,-1.06,CLOSE_EXIT,-0.001,LOSS
2025-05-26,ERIS,09:15,1502.4,15:29,1543.9,66,99158.0,2739.0,2.76,CLOSE_EXIT,-0.001,LOSS
2025-05-26,HONASA,09:15,325.0,15:29,313.0,307,99775.0,-3684.0,-3.69,CLOSE_EXIT,-0.001,LOSS
2025-05-26,SOLARINDS,09:15,15390.0,15:29,15872.0,6,92340.0,2892.0,3.13,CLOSE_EXIT,-0.001,LOSS
2025-05-27,CONCORDBIO,09:15,1537.8,15:29,1532.8,65,99957.0,-325.0,-0.33,CLOSE_EXIT,2.895,WIN
2025-05-27,ITI,09:15,282.9,15:29,309.25,353,99864.0,9302.0,9.31,CLOSE_EXIT,2.895,WIN
2025-05-27,WELCORP,09:15,776.45,15:29,786.75,128,99386.0,1318.0,1.33,CLOSE_EXIT,2.895,WIN
2025-05-27,MMTC,09:15,64.2,15:29,63.8,1557,99959.0,-623.0,-0.62,CLOSE_EXIT,2.895,WIN
2025-05-27,POWERINDIA,09:15,16430.0,15:29,17220.0,6,98580.0,4740.0,4.81,CLOSE_EXIT,2.895,WIN
2025-05-28,CONCORDBIO,09:15,1565.0,14:54,1627.6,63,98595.0,3944.0,4.0,TRAIL_EXIT,4.61,WIN
2025-05-28,WELCORP,09:15,790.5,14:54,806.5,126,99603.0,2016.0,2.02,TRAIL_EXIT,4.61,WIN
2025-05-28,MMTC,09:15,64.0,14:54,70.52,1562,99968.0,10184.0,10.19,TRAIL_EXIT,4.61,WIN
2025-05-28,ENGINERSIN,09:15,204.89,14:54,210.47,488,99986.0,2723.0,2.72,TRAIL_EXIT,4.61,WIN
2025-05-28,ZENTEC,09:15,1934.5,14:54,2013.6,51,98660.0,4034.0,4.09,TRAIL_EXIT,4.61,WIN
2025-05-29,WELCORP,09:15,833.0,09:18,850.0,120,99960.0,2040.0,2.04,TRAIL_EXIT,0.929,WIN
2025-05-29,ENGINERSIN,09:15,212.43,09:18,209.66,470,99842.0,-1302.0,-1.3,TRAIL_EXIT,0.929,WIN
2025-05-29,CONCORDBIO,09:15,1655.3,09:18,1645.9,60,99318.0,-564.0,-0.57,TRAIL_EXIT,0.929,WIN
2025-05-29,ZENTEC,09:15,2061.9,09:18,2104.0,48,98971.0,2021.0,2.04,TRAIL_EXIT,0.929,WIN
2025-05-29,MMTC,09:15,70.7,09:18,72.42,1414,99970.0,2432.0,2.43,TRAIL_EXIT,0.929,WIN
2025-05-30,CONCORDBIO,09:15,1750.0,09:28,1718.8,57,99750.0,-1778.0,-1.78,TRAIL_EXIT,0.999,WIN
2025-05-30,ZENTEC,09:15,2190.0,09:28,2183.4,45,98550.0,-297.0,-0.3,TRAIL_EXIT,0.999,WIN
2025-05-30,SUZLON,09:15,71.5,09:28,73.03,1398,99957.0,2139.0,2.14,TRAIL_EXIT,0.999,WIN
2025-05-30,POWERINDIA,09:15,19165.0,09:28,19185.0,5,95825.0,100.0,0.1,TRAIL_EXIT,0.999,WIN
2025-05-30,ENGINERSIN,09:15,224.5,09:28,235.22,445,99902.0,4770.0,4.78,TRAIL_EXIT,0.999,WIN
2025-06-02,FORCEMOT,09:15,12742.0,09:18,12421.0,7,89194.0,-2247.0,-2.52,STOP_1.5,-1.992,LOSS
2025-06-02,ZENTEC,09:15,2140.0,09:18,2042.1,46,98440.0,-4503.0,-4.57,STOP_1.5,-1.992,LOSS
2025-06-02,CONCORDBIO,09:15,1763.1,09:18,1789.7,56,98734.0,1490.0,1.51,STOP_1.5,-1.992,LOSS
2025-06-02,GRSE,09:15,3000.0,09:18,2977.4,33,99000.0,-746.0,-0.75,STOP_1.5,-1.992,LOSS
2025-06-02,MMTC,09:15,84.4,09:18,81.31,1184,99930.0,-3659.0,-3.66,STOP_1.5,-1.992,LOSS
2025-06-03,SWANCORP,09:15,419.05,09:31,423.7,238,99734.0,1107.0,1.11,TRAIL_EXIT,0.942,WIN
2025-06-03,COCHINSHIP,09:15,1926.8,09:31,1992.0,51,98267.0,3325.0,3.38,TRAIL_EXIT,0.942,WIN
2025-06-03,NEULANDLAB,09:15,11670.0,09:31,11599.0,8,93360.0,-568.0,-0.61,TRAIL_EXIT,0.942,WIN
2025-06-03,FACT,09:15,890.7,09:31,906.2,112,99758.0,1736.0,1.74,TRAIL_EXIT,0.942,WIN
2025-06-03,GODREJIND,09:15,1199.0,09:31,1187.2,83,99517.0,-979.0,-0.98,TRAIL_EXIT,0.942,WIN
2025-06-04,SWANCORP,09:15,416.35,15:29,451.9,240,99924.0,8532.0,8.54,CLOSE_EXIT,2.01,WIN
2025-06-04,ABREL,09:15,2145.8,15:29,2131.8,46,98707.0,-644.0,-0.65,CLOSE_EXIT,2.01,WIN
2025-06-04,GODREJIND,09:15,1186.0,15:29,1185.0,84,99624.0,-84.0,-0.08,CLOSE_EXIT,2.01,WIN
2025-06-04,GMDCLTD,09:15,369.0,15:29,369.45,271,99999.0,122.0,0.12,CLOSE_EXIT,2.01,WIN
2025-06-04,KFINTECH,09:15,1145.0,15:29,1168.9,87,99615.0,2079.0,2.09,CLOSE_EXIT,2.01,WIN
2025-06-05,SWANCORP,09:15,454.0,11:06,460.8,220,99880.0,1496.0,1.5,TRAIL_EXIT,0.986,WIN
2025-06-05,GODREJIND,09:15,1188.2,11:06,1197.9,84,99809.0,815.0,0.82,TRAIL_EXIT,0.986,WIN
2025-06-05,RKFORGE,09:15,593.0,11:06,596.0,168,99624.0,504.0,0.51,TRAIL_EXIT,0.986,WIN
2025-06-05,ABREL,09:15,2138.0,11:06,2170.0,46,98348.0,1472.0,1.5,TRAIL_EXIT,0.986,WIN
2025-06-05,NEULANDLAB,09:15,11817.0,11:06,11888.0,8,94536.0,568.0,0.6,TRAIL_EXIT,0.986,WIN
2025-06-06,NEULANDLAB,09:15,11756.0,09:46,12055.0,8,94048.0,2392.0,2.54,TRAIL_EXIT,1.003,WIN
2025-06-06,GODREJIND,09:15,1198.0,09:46,1205.1,83,99434.0,589.0,0.59,TRAIL_EXIT,1.003,WIN
2025-06-06,CDSL,09:15,1795.0,09:46,1801.0,55,98725.0,330.0,0.33,TRAIL_EXIT,1.003,WIN
2025-06-06,GMDCLTD,09:15,388.0,09:46,395.2,257,99716.0,1850.0,1.86,TRAIL_EXIT,1.003,WIN
2025-06-06,ABREL,09:15,2169.5,09:46,2164.5,46,99797.0,-230.0,-0.23,TRAIL_EXIT,1.003,WIN
2025-06-09,SWANCORP,09:15,456.2,09:25,453.05,219,99908.0,-690.0,-0.69,STOP_1.5,-1.585,LOSS
2025-06-09,COCHINSHIP,09:15,2406.6,09:25,2320.0,41,98671.0,-3551.0,-3.6,STOP_1.5,-1.585,LOSS
2025-06-09,KFINTECH,09:15,1265.0,09:25,1225.4,79,99935.0,-3128.0,-3.13,STOP_1.5,-1.585,LOSS
2025-06-09,CDSL,09:15,1786.0,09:25,1779.2,55,98230.0,-374.0,-0.38,STOP_1.5,-1.585,LOSS
2025-06-09,BSE,09:15,2970.0,09:25,2967.0,33,98010.0,-99.0,-0.1,STOP_1.5,-1.585,LOSS
2025-06-10,ESCORTS,09:15,3300.0,15:29,3259.0,30,99000.0,-1230.0,-1.24,CLOSE_EXIT,-0.317,LOSS
2025-06-10,JUBLINGREA,09:15,707.0,15:29,695.0,141,99687.0,-1692.0,-1.7,CLOSE_EXIT,-0.317,LOSS
2025-06-10,RHIM,09:15,450.65,15:29,455.0,221,99594.0,961.0,0.97,CLOSE_EXIT,-0.317,LOSS
2025-06-10,WOCKPHARMA,09:15,1520.0,15:29,1546.5,65,98800.0,1722.0,1.74,CLOSE_EXIT,-0.317,LOSS
2025-06-10,360ONE,09:15,1074.5,15:29,1060.1,93,99928.0,-1339.0,-1.34,CLOSE_EXIT,-0.317,LOSS
2025-06-11,ESCORTS,09:15,3266.0,13:45,3223.0,30,97980.0,-1290.0,-1.32,TRAIL_EXIT,1.207,WIN
2025-06-11,JUBLINGREA,09:15,698.45,13:45,676.4,143,99878.0,-3153.0,-3.16,TRAIL_EXIT,1.207,WIN
2025-06-11,WOCKPHARMA,09:15,1555.0,13:45,1772.5,64,99520.0,13920.0,13.99,TRAIL_EXIT,1.207,WIN
2025-06-11,RHIM,09:15,456.6,13:45,455.05,219,99995.0,-339.0,-0.34,TRAIL_EXIT,1.207,WIN
2025-06-11,SCI,09:15,209.73,13:45,203.14,476,99831.0,-3137.0,-3.14,TRAIL_EXIT,1.207,WIN
2025-06-12,ESCORTS,09:15,3224.5,12:59,3188.0,31,99960.0,-1132.0,-1.13,TRAIL_EXIT,2.86,WIN
2025-06-12,JUBLINGREA,09:15,680.0,12:59,688.5,147,99960.0,1250.0,1.25,TRAIL_EXIT,2.86,WIN
2025-06-12,SCI,09:15,205.71,12:59,204.06,486,99975.0,-802.0,-0.8,TRAIL_EXIT,2.86,WIN
2025-06-12,FORCEMOT,09:15,12199.0,12:59,13021.0,8,97592.0,6576.0,6.74,TRAIL_EXIT,2.86,WIN
2025-06-12,RHIM,09:15,461.45,12:59,500.0,216,99673.0,8327.0,8.35,TRAIL_EXIT,2.86,WIN
2025-06-13,ESCORTS,09:15,2776.4,12:38,3143.5,36,99950.0,13216.0,13.22,TRAIL_EXIT,10.698,WIN
2025-06-13,JUBLINGREA,09:15,692.0,12:38,763.4,144,99648.0,10282.0,10.32,TRAIL_EXIT,10.698,WIN
2025-06-13,SCI,09:15,192.9,12:38,228.12,518,99922.0,18244.0,18.26,TRAIL_EXIT,10.698,WIN
2025-06-13,360ONE,09:15,1060.1,12:38,1115.95,94,99649.0,5250.0,5.27,TRAIL_EXIT,10.698,WIN
2025-06-13,FORCEMOT,09:15,12403.0,12:38,13194.0,8,99224.0,6328.0,6.38,TRAIL_EXIT,10.698,WIN
2025-06-16,ESCORTS,09:15,3144.0,11:23,3148.4,31,97464.0,136.0,0.14,TRAIL_EXIT,0.713,WIN
2025-06-16,JUBLINGREA,09:15,780.0,11:23,768.8,128,99840.0,-1434.0,-1.44,TRAIL_EXIT,0.713,WIN
2025-06-16,360ONE,09:15,1140.0,11:23,1151.85,87,99180.0,1031.0,1.04,TRAIL_EXIT,0.713,WIN
2025-06-16,RHIM,09:15,503.0,11:23,523.1,198,99594.0,3980.0,4.0,TRAIL_EXIT,0.713,WIN
2025-06-16,FORCEMOT,09:15,13500.0,11:23,13469.0,7,94500.0,-217.0,-0.23,TRAIL_EXIT,0.713,WIN
2025-06-17,GALLANTT,09:15,453.0,10:25,453.85,220,99660.0,187.0,0.19,TRAIL_EXIT,0.938,WIN
2025-06-17,GRSE,09:15,3074.9,10:25,3144.8,32,98397.0,2237.0,2.27,TRAIL_EXIT,0.938,WIN
2025-06-17,BEML,09:15,2190.0,10:25,2211.8,45,98550.0,981.0,1.0,TRAIL_EXIT,0.938,WIN
2025-06-17,CEMPRO,09:15,783.0,10:25,781.95,127,99441.0,-133.0,-0.13,TRAIL_EXIT,0.938,WIN
2025-06-17,GODREJIND,09:15,1307.0,10:25,1325.1,76,99332.0,1376.0,1.38,TRAIL_EXIT,0.938,WIN
2025-06-18,GALLANTT,09:15,445.0,09:57,448.65,224,99680.0,818.0,0.82,TRAIL_EXIT,1.002,WIN
2025-06-18,GRSE,09:15,3187.9,09:57,3168.9,31,98825.0,-589.0,-0.6,TRAIL_EXIT,1.002,WIN
2025-06-18,BEML,09:15,2188.9,09:57,2219.5,45,98500.0,1377.0,1.4,TRAIL_EXIT,1.002,WIN
2025-06-18,CEMPRO,09:15,779.95,09:57,803.35,128,99834.0,2995.0,3.0,TRAIL_EXIT,1.002,WIN
2025-06-18,GODREJIND,09:15,1318.9,09:57,1323.8,75,98918.0,367.0,0.37,TRAIL_EXIT,1.002,WIN
2025-06-19,GALLANTT,09:15,445.55,09:31,454.75,224,99803.0,2061.0,2.06,TRAIL_EXIT,0.878,WIN
2025-06-19,GRSE,09:15,3212.8,09:31,3226.0,31,99597.0,409.0,0.41,TRAIL_EXIT,0.878,WIN
2025-06-19,BEML,09:15,2231.5,09:31,2241.7,44,98186.0,449.0,0.46,TRAIL_EXIT,0.878,WIN
2025-06-19,CRISIL,09:15,5600.0,09:31,5627.0,17,95200.0,459.0,0.48,TRAIL_EXIT,0.878,WIN
2025-06-19,CEMPRO,09:15,801.5,09:31,809.1,124,99386.0,942.0,0.95,TRAIL_EXIT,0.878,WIN
2025-06-20,GALLANTT,09:15,478.0,12:30,492.6,209,99902.0,3051.0,3.05,TRAIL_EXIT,4.161,WIN
2025-06-20,GRSE,09:15,3138.9,12:30,3217.9,31,97306.0,2449.0,2.52,TRAIL_EXIT,4.161,WIN
2025-06-20,BEML,09:15,2145.8,12:30,2316.5,46,98707.0,7852.0,7.96,TRAIL_EXIT,4.161,WIN
2025-06-20,CRISIL,09:15,5588.0,12:30,5714.5,17,94996.0,2150.0,2.26,TRAIL_EXIT,4.161,WIN
2025-06-20,KFINTECH,09:15,1195.1,12:30,1254.0,83,99193.0,4889.0,4.93,TRAIL_EXIT,4.161,WIN
2025-06-23,GRSE,09:15,3272.0,09:54,3357.4,30,98160.0,2562.0,2.61,TRAIL_EXIT,0.994,WIN
2025-06-23,CEMPRO,09:15,794.1,09:54,793.65,125,99262.0,-56.0,-0.06,TRAIL_EXIT,0.994,WIN
2025-06-23,ABCAPITAL,09:15,258.8,09:54,261.81,386,99897.0,1162.0,1.16,TRAIL_EXIT,0.994,WIN
2025-06-23,BEML,09:15,2325.2,09:54,2329.0,43,99984.0,163.0,0.16,TRAIL_EXIT,0.994,WIN
2025-06-23,GALLANTT,09:15,508.95,09:54,514.6,196,99754.0,1107.0,1.11,TRAIL_EXIT,0.994,WIN
2025-06-24,HSCL,09:15,445.0,12:27,443.9,224,99680.0,-246.0,-0.25,TRAIL_EXIT,0.924,WIN
2025-06-24,IDEA,09:15,6.71,12:27,6.95,14903,99999.0,3577.0,3.58,TRAIL_EXIT,0.924,WIN
2025-06-24,SAMMAANCAP,09:15,125.1,12:27,124.84,799,99955.0,-208.0,-0.21,TRAIL_EXIT,0.924,WIN
2025-06-24,GABRIEL,09:15,600.0,12:27,602.35,166,99600.0,390.0,0.39,TRAIL_EXIT,0.924,WIN
2025-06-24,GRAVITA,09:15,1712.0,12:27,1730.9,58,99296.0,1096.0,1.1,TRAIL_EXIT,0.924,WIN
2025-06-25,HSCL,09:15,448.75,15:29,453.2,222,99622.0,988.0,0.99,CLOSE_EXIT,4.707,WIN
2025-06-25,SAMMAANCAP,09:15,125.6,15:29,143.69,796,99978.0,14400.0,14.4,CLOSE_EXIT,4.707,WIN
2025-06-25,NUVAMA,09:15,1438.0,15:29,1500.5,69,99222.0,4312.0,4.35,CLOSE_EXIT,4.707,WIN
2025-06-25,ATGL,09:15,635.0,15:29,633.95,157,99695.0,-165.0,-0.17,CLOSE_EXIT,4.707,WIN
2025-06-25,IDEA,09:15,6.87,15:29,7.14,14556,100000.0,3930.0,3.93,CLOSE_EXIT,4.707,WIN
2025-06-26,HSCL,09:15,454.5,15:29,448.75,220,99990.0,-1265.0,-1.27,CLOSE_EXIT,2.215,WIN
2025-06-26,NUVAMA,09:15,1500.0,15:29,1575.0,66,99000.0,4950.0,5.0,CLOSE_EXIT,2.215,WIN
2025-06-26,ABBOTINDIA,09:15,31680.0,15:29,33240.0,3,95040.0,4680.0,4.92,CLOSE_EXIT,2.215,WIN
2025-06-26,GRAVITA,09:15,1783.7,15:29,1811.1,56,99887.0,1534.0,1.54,CLOSE_EXIT,2.215,WIN
2025-06-26,ATGL,09:15,640.0,15:29,646.65,156,99840.0,1037.0,1.04,CLOSE_EXIT,2.215,WIN
2025-06-27,HSCL,09:15,451.9,09:24,452.85,221,99870.0,210.0,0.21,TRAIL_EXIT,0.746,WIN
2025-06-27,JSWDULUX,09:15,3215.0,09:24,3284.3,31,99665.0,2148.0,2.16,TRAIL_EXIT,0.746,WIN
2025-06-27,LTFOODS,09:15,442.7,09:24,443.25,225,99608.0,124.0,0.12,TRAIL_EXIT,0.746,WIN
2025-06-27,IDEA,09:15,7.25,09:24,7.33,13793,99999.0,1103.0,1.1,TRAIL_EXIT,0.746,WIN
2025-06-27,REDINGTON,09:15,298.55,09:24,298.95,334,99716.0,134.0,0.13,TRAIL_EXIT,0.746,WIN
2025-06-30,IDEA,09:15,7.4,15:29,7.46,13513,99996.0,811.0,0.81,CLOSE_EXIT,0.568,WIN
2025-06-30,USHAMART,09:15,358.35,15:29,365.55,279,99980.0,2009.0,2.01,CLOSE_EXIT,0.568,WIN
2025-06-30,SAMMAANCAP,09:15,141.96,15:29,142.03,704,99940.0,49.0,0.05,CLOSE_EXIT,0.568,WIN
2025-06-30,ABBOTINDIA,09:15,34945.0,15:29,35465.0,2,69890.0,1040.0,1.49,CLOSE_EXIT,0.568,WIN
2025-06-30,ATGL,09:15,684.0,15:29,675.5,146,99864.0,-1241.0,-1.24,CLOSE_EXIT,0.568,WIN
2025-07-01,BLUESTARCO,09:15,1635.6,14:40,1697.1,61,99772.0,3752.0,3.76,TRAIL_EXIT,1.271,WIN
2025-07-01,GABRIEL,09:15,842.75,14:40,842.75,118,99444.0,0.0,0.0,TRAIL_EXIT,1.271,WIN
2025-07-01,CHENNPETRO,09:15,684.05,14:40,683.4,146,99871.0,-95.0,-0.1,TRAIL_EXIT,1.271,WIN
2025-07-01,DCMSHRIRAM,09:15,1232.8,14:40,1215.0,81,99857.0,-1442.0,-1.44,TRAIL_EXIT,1.271,WIN
2025-07-01,ASAHIINDIA,09:15,764.8,14:40,796.5,130,99424.0,4121.0,4.14,TRAIL_EXIT,1.271,WIN
2025-07-02,CHENNPETRO,09:15,682.4,14:02,697.45,146,99630.0,2197.0,2.21,TRAIL_EXIT,0.976,WIN
2025-07-02,DCMSHRIRAM,09:15,1218.3,14:02,1233.5,82,99901.0,1246.0,1.25,TRAIL_EXIT,0.976,WIN
2025-07-02,BLUESTARCO,09:15,1710.0,14:02,1724.2,58,99180.0,824.0,0.83,TRAIL_EXIT,0.976,WIN
2025-07-02,COHANCE,09:15,960.0,14:02,965.65,104,99840.0,588.0,0.59,TRAIL_EXIT,0.976,WIN
2025-07-02,GABRIEL,09:15,1011.3,14:02,1011.3,98,99107.0,0.0,0.0,TRAIL_EXIT,0.976,WIN
2025-07-03,DCMSHRIRAM,09:15,1235.0,15:29,1471.0,80,98800.0,18880.0,19.11,CLOSE_EXIT,5.833,WIN
2025-07-03,BLUESTARCO,09:15,1764.7,15:29,1843.4,56,98823.0,4407.0,4.46,CLOSE_EXIT,5.833,WIN
2025-07-03,GABRIEL,09:15,943.95,15:29,946.0,105,99115.0,215.0,0.22,CLOSE_EXIT,5.833,WIN
2025-07-03,CHENNPETRO,09:15,703.0,15:29,712.9,142,99826.0,1406.0,1.41,CLOSE_EXIT,5.833,WIN
2025-07-03,COHANCE,09:15,968.75,15:29,1008.0,103,99781.0,4043.0,4.05,CLOSE_EXIT,5.833,WIN
2025-07-04,GABRIEL,09:15,949.5,10:00,953.6,105,99698.0,431.0,0.43,TRAIL_EXIT,0.969,WIN
2025-07-04,BLUESTARCO,09:15,1835.0,10:00,1869.0,54,99090.0,1836.0,1.85,TRAIL_EXIT,0.969,WIN
2025-07-04,COHANCE,09:15,1008.0,10:00,996.45,99,99792.0,-1143.0,-1.15,TRAIL_EXIT,0.969,WIN
2025-07-04,CHENNPETRO,09:15,715.95,10:00,725.5,139,99517.0,1327.0,1.33,TRAIL_EXIT,0.969,WIN
2025-07-04,KPRMILL,09:15,1150.2,10:00,1177.7,86,98917.0,2365.0,2.39,TRAIL_EXIT,0.969,WIN
2025-07-07,GABRIEL,09:15,946.95,10:42,921.3,105,99430.0,-2693.0,-2.71,STOP_1.5,-1.552,LOSS
2025-07-07,BLUESTARCO,09:15,1836.0,10:42,1835.2,54,99144.0,-43.0,-0.04,STOP_1.5,-1.552,LOSS
2025-07-07,CHENNPETRO,09:15,767.0,10:42,747.7,130,99710.0,-2509.0,-2.52,STOP_1.5,-1.552,LOSS
2025-07-07,LATENTVIEW,09:15,445.0,10:42,439.0,224,99680.0,-1344.0,-1.35,STOP_1.5,-1.552,LOSS
2025-07-07,ASAHIINDIA,09:15,844.0,10:42,834.4,118,99592.0,-1133.0,-1.14,STOP_1.5,-1.552,LOSS
2025-07-08,FORCEMOT,09:15,14840.0,09:26,14991.0,6,89040.0,906.0,1.02,TRAIL_EXIT,0.995,WIN
2025-07-08,GLENMARK,09:15,1860.1,09:26,1855.2,53,98585.0,-260.0,-0.26,TRAIL_EXIT,0.995,WIN
2025-07-08,LEMONTREE,09:15,138.25,09:26,140.62,723,99955.0,1714.0,1.71,TRAIL_EXIT,0.995,WIN
2025-07-08,GABRIEL,09:15,923.05,09:26,927.85,108,99689.0,518.0,0.52,TRAIL_EXIT,0.995,WIN
2025-07-08,CARTRADE,09:15,1698.6,09:26,1732.3,58,98519.0,1955.0,1.98,TRAIL_EXIT,0.995,WIN
2025-07-09,FORCEMOT,09:15,15308.0,09:37,15995.0,6,91848.0,4122.0,4.49,TRAIL_EXIT,0.934,WIN
2025-07-09,GLENMARK,09:15,1826.0,09:37,1814.4,54,98604.0,-626.0,-0.64,TRAIL_EXIT,0.934,WIN
2025-07-09,LEMONTREE,09:15,146.06,09:37,145.48,684,99905.0,-397.0,-0.4,TRAIL_EXIT,0.934,WIN
2025-07-09,KIRLOSENG,09:15,834.9,09:37,842.05,119,99353.0,851.0,0.86,TRAIL_EXIT,0.934,WIN
2025-07-09,GABRIEL,09:15,992.0,09:37,998.15,100,99200.0,615.0,0.62,TRAIL_EXIT,0.934,WIN
2025-07-10,GLENMARK,09:15,1821.9,09:28,1846.7,54,98383.0,1339.0,1.36,TRAIL_EXIT,0.953,WIN
2025-07-10,LEMONTREE,09:15,146.01,09:28,146.92,684,99871.0,622.0,0.62,TRAIL_EXIT,0.953,WIN
2025-07-10,GABRIEL,09:15,1029.8,09:28,1039.95,97,99891.0,985.0,0.99,TRAIL_EXIT,0.953,WIN
2025-07-10,FORCEMOT,09:15,16690.0,09:28,16679.0,5,83450.0,-55.0,-0.07,TRAIL_EXIT,0.953,WIN
2025-07-10,CARTRADE,09:15,1764.9,09:28,1795.0,56,98834.0,1686.0,1.71,TRAIL_EXIT,0.953,WIN
2025-07-11,FORCEMOT,09:15,16601.0,09:59,16601.0,6,99606.0,0.0,0.0,TRAIL_EXIT,0.836,WIN
2025-07-11,GABRIEL,09:15,1076.0,09:59,1063.9,92,98992.0,-1113.0,-1.12,TRAIL_EXIT,0.836,WIN
2025-07-11,GLENMARK,09:15,2094.4,09:59,2094.4,47,98437.0,0.0,0.0,TRAIL_EXIT,0.836,WIN
2025-07-11,NETWEB,09:15,1821.6,09:59,1929.8,54,98366.0,5843.0,5.94,TRAIL_EXIT,0.836,WIN
2025-07-11,LEMONTREE,09:15,156.32,09:59,155.4,639,99888.0,-588.0,-0.59,TRAIL_EXIT,0.836,WIN
2025-07-14,FORCEMOT,09:15,16421.0,11:59,16516.0,6,98526.0,570.0,0.58,TRAIL_EXIT,0.851,WIN
2025-07-14,GABRIEL,09:15,1082.0,11:59,1098.85,92,99544.0,1550.0,1.56,TRAIL_EXIT,0.851,WIN
2025-07-14,LEMONTREE,09:15,152.3,11:59,151.58,656,99909.0,-472.0,-0.47,TRAIL_EXIT,0.851,WIN
2025-07-14,GLENMARK,09:15,2170.1,11:59,2203.0,46,99825.0,1513.0,1.52,TRAIL_EXIT,0.851,WIN
2025-07-14,JPPOWER,09:15,24.2,11:59,24.46,4132,99994.0,1074.0,1.07,TRAIL_EXIT,0.851,WIN
2025-07-15,PATANJALI,09:15,562.8,10:20,561.8,177,99616.0,-177.0,-0.18,TRAIL_EXIT,0.984,WIN
2025-07-15,GMDCLTD,09:15,376.5,10:20,378.05,265,99772.0,411.0,0.41,TRAIL_EXIT,0.984,WIN
2025-07-15,THERMAX,09:15,3459.8,10:20,3458.9,28,96874.0,-25.0,-0.03,TRAIL_EXIT,0.984,WIN
2025-07-15,SWANCORP,09:15,451.9,10:20,462.5,221,99870.0,2343.0,2.35,TRAIL_EXIT,0.984,WIN
2025-07-15,TEGA,09:15,1793.0,10:20,1835.1,55,98615.0,2315.0,2.35,TRAIL_EXIT,0.984,WIN
2025-07-16,GMDCLTD,09:15,381.9,09:25,380.45,261,99676.0,-378.0,-0.38,TRAIL_EXIT,0.881,WIN
2025-07-16,THERMAX,09:15,3495.0,09:25,3538.0,28,97860.0,1204.0,1.23,TRAIL_EXIT,0.881,WIN
2025-07-16,PATANJALI,09:15,581.7,09:25,589.6,171,99471.0,1351.0,1.36,TRAIL_EXIT,0.881,WIN
2025-07-16,NUVOCO,09:15,368.95,09:25,372.05,271,99985.0,840.0,0.84,TRAIL_EXIT,0.881,WIN
2025-07-16,TEGA,09:15,1840.0,09:25,1865.1,54,99360.0,1355.0,1.36,TRAIL_EXIT,0.881,WIN
2025-07-17,GMDCLTD,09:15,379.45,10:28,380.25,263,99795.0,210.0,0.21,TRAIL_EXIT,0.872,WIN
2025-07-17,THERMAX,09:15,3701.0,10:28,3834.0,27,99927.0,3591.0,3.59,TRAIL_EXIT,0.872,WIN
2025-07-17,PATANJALI,09:15,617.7,10:28,618.6,161,99450.0,145.0,0.15,TRAIL_EXIT,0.872,WIN
2025-07-17,NUVOCO,09:15,378.2,10:28,377.85,264,99845.0,-92.0,-0.09,TRAIL_EXIT,0.872,WIN
2025-07-17,BLUEJET,09:15,959.0,10:28,963.75,104,99736.0,494.0,0.5,TRAIL_EXIT,0.872,WIN
2025-07-18,GMDCLTD,09:15,380.0,12:37,400.75,263,99940.0,5457.0,5.46,TRAIL_EXIT,0.979,WIN
2025-07-18,NUVOCO,09:15,410.0,12:37,392.85,243,99630.0,-4167.0,-4.18,TRAIL_EXIT,0.979,WIN
2025-07-18,THERMAX,09:15,3906.9,12:37,3954.2,25,97672.0,1182.0,1.21,TRAIL_EXIT,0.979,WIN
2025-07-18,PATANJALI,09:15,634.7,12:37,643.3,157,99648.0,1350.0,1.35,TRAIL_EXIT,0.979,WIN
2025-07-18,SWANCORP,09:15,507.8,12:37,513.1,196,99529.0,1039.0,1.04,TRAIL_EXIT,0.979,WIN
2025-07-21,THERMAX,09:15,3890.1,10:20,3903.1,25,97252.0,325.0,0.33,TRAIL_EXIT,0.904,WIN
2025-07-21,SWANCORP,09:15,506.7,10:20,508.5,197,99820.0,355.0,0.36,TRAIL_EXIT,0.904,WIN
2025-07-21,TEGA,09:15,1951.0,10:20,1994.0,51,99501.0,2193.0,2.2,TRAIL_EXIT,0.904,WIN
2025-07-21,PATANJALI,09:15,646.0,10:20,642.2,154,99484.0,-585.0,-0.59,TRAIL_EXIT,0.904,WIN
2025-07-21,NUVOCO,09:15,391.0,10:20,399.6,255,99705.0,2193.0,2.2,TRAIL_EXIT,0.904,WIN
2025-07-22,ETERNAL,09:15,293.0,09:39,301.5,426,124818.0,3621.0,2.9,TRAIL_EXIT,0.695,WIN
2025-07-22,OLECTRA,09:15,1267.0,09:39,1276.0,98,124166.0,882.0,0.71,TRAIL_EXIT,0.695,WIN
2025-07-22,GRAVITA,09:15,1722.0,09:39,1712.9,72,123984.0,-655.0,-0.53,TRAIL_EXIT,0.695,WIN
2025-07-22,AIIL,09:15,578.0,09:39,576.2,216,124848.0,-389.0,-0.31,TRAIL_EXIT,0.695,WIN
2025-07-23,OLECTRA,09:15,1274.9,13:19,1318.3,98,124940.0,4253.0,3.4,TRAIL_EXIT,0.968,WIN
2025-07-23,AIIL,09:15,578.0,13:19,578.4,216,124848.0,86.0,0.07,TRAIL_EXIT,0.968,WIN
2025-07-23,GRAVITA,09:15,1733.2,13:19,1729.0,72,124790.0,-302.0,-0.24,TRAIL_EXIT,0.968,WIN
2025-07-23,ETERNAL,09:15,298.0,13:19,299.9,419,124862.0,796.0,0.64,TRAIL_EXIT,0.968,WIN
2025-07-24,OLECTRA,09:15,1340.0,12:05,1362.8,93,124620.0,2120.0,1.7,TRAIL_EXIT,1.834,WIN
2025-07-24,AIIL,09:15,576.0,12:05,570.6,217,124992.0,-1172.0,-0.94,TRAIL_EXIT,1.834,WIN
2025-07-24,GRAVITA,09:15,1735.2,12:05,1805.9,72,124934.0,5090.0,4.07,TRAIL_EXIT,1.834,WIN
2025-07-24,ETERNAL,09:15,302.25,12:05,309.8,413,124829.0,3118.0,2.5,TRAIL_EXIT,1.834,WIN
2025-07-25,AIIL,09:15,554.0,09:16,453.2,225,124650.0,-22680.0,-18.19,STOP_1.5,-4.68,LOSS
2025-07-25,INDIACEM,09:15,358.0,09:16,353.45,349,124942.0,-1588.0,-1.27,STOP_1.5,-4.68,LOSS
2025-07-25,OLECTRA,09:15,1541.8,09:16,1537.2,81,124886.0,-373.0,-0.3,STOP_1.5,-4.68,LOSS
2025-07-25,ETERNAL,09:15,309.95,09:16,313.1,403,124910.0,1269.0,1.02,STOP_1.5,-4.68,LOSS
2025-07-28,AIIL,09:15,545.0,13:33,532.2,229,124805.0,-2931.0,-2.35,STOP_1.5,-1.498,LOSS
2025-07-28,INDIACEM,09:15,358.0,13:33,357.05,349,124942.0,-332.0,-0.27,STOP_1.5,-1.498,LOSS
2025-07-28,ETERNAL,09:15,310.0,13:33,307.4,403,124930.0,-1048.0,-0.84,STOP_1.5,-1.498,LOSS
2025-07-28,OLECTRA,09:15,1475.0,13:33,1437.4,84,123900.0,-3158.0,-2.55,STOP_1.5,-1.498,LOSS
2025-07-29,ACUTAAS,09:15,1142.0,09:31,1146.1,87,99354.0,357.0,0.36,TRAIL_EXIT,0.963,WIN
2025-07-29,KAYNES,09:15,5487.0,09:31,5495.0,18,98766.0,144.0,0.15,TRAIL_EXIT,0.963,WIN
2025-07-29,GVT&D,09:15,2406.0,09:31,2417.2,41,98646.0,459.0,0.47,TRAIL_EXIT,0.963,WIN
2025-07-29,ABDL,09:15,475.25,09:31,478.0,210,99802.0,578.0,0.58,TRAIL_EXIT,0.963,WIN
2025-07-29,NETWEB,09:15,1815.1,09:31,1874.1,55,99830.0,3245.0,3.25,TRAIL_EXIT,0.963,WIN
2025-07-30,ACUTAAS,09:15,1170.0,09:35,1179.8,85,99450.0,833.0,0.84,TRAIL_EXIT,0.933,WIN
2025-07-30,KAYNES,09:15,5584.5,09:35,5631.5,17,94936.0,799.0,0.84,TRAIL_EXIT,0.933,WIN
2025-07-30,GVT&D,09:15,2597.0,09:35,2597.0,38,98686.0,0.0,0.0,TRAIL_EXIT,0.933,WIN
2025-07-30,SUMICHEM,09:15,607.65,09:35,615.0,164,99655.0,1205.0,1.21,TRAIL_EXIT,0.933,WIN
2025-07-30,ABDL,09:15,500.0,09:35,508.8,200,100000.0,1760.0,1.76,TRAIL_EXIT,0.933,WIN
2025-07-31,KAYNES,09:15,5590.0,09:23,5656.5,17,95030.0,1130.0,1.19,TRAIL_EXIT,0.785,WIN
2025-07-31,ACUTAAS,09:15,1177.3,09:23,1199.9,84,98893.0,1898.0,1.92,TRAIL_EXIT,0.785,WIN
2025-07-31,NETWEB,09:15,1999.1,09:23,1982.3,50,99955.0,-840.0,-0.84,TRAIL_EXIT,0.785,WIN
2025-07-31,GVT&D,09:15,2726.8,09:23,2726.8,36,98165.0,0.0,0.0,TRAIL_EXIT,0.785,WIN
2025-07-31,EMAMILTD,09:15,559.95,09:23,569.35,178,99671.0,1673.0,1.68,TRAIL_EXIT,0.785,WIN
2025-08-01,KAYNES,09:15,6202.5,09:22,6235.5,16,99240.0,528.0,0.53,TRAIL_EXIT,0.902,WIN
2025-08-01,NETWEB,09:15,2092.9,09:22,2128.0,47,98366.0,1650.0,1.68,TRAIL_EXIT,0.902,WIN
2025-08-01,GVT&D,09:15,2863.1,09:22,2863.1,34,97345.0,0.0,0.0,TRAIL_EXIT,0.902,WIN
2025-08-01,GALLANTT,09:15,760.0,09:22,754.45,131,99560.0,-727.0,-0.73,TRAIL_EXIT,0.902,WIN
2025-08-01,EMAMILTD,09:15,595.0,09:22,612.9,168,99960.0,3007.0,3.01,TRAIL_EXIT,0.902,WIN
2025-08-04,KAYNES,09:15,6375.0,15:29,6304.0,15,95625.0,-1065.0,-1.11,CLOSE_EXIT,0.282,WIN
2025-08-04,GALLANTT,09:15,754.85,15:29,785.0,132,99640.0,3980.0,3.99,CLOSE_EXIT,0.282,WIN
2025-08-04,GVT&D,09:15,2863.1,15:29,2810.0,34,97345.0,-1805.0,-1.85,CLOSE_EXIT,0.282,WIN
2025-08-04,ACUTAAS,09:15,1306.0,15:29,1326.6,76,99256.0,1566.0,1.58,CLOSE_EXIT,0.282,WIN
2025-08-04,EMAMILTD,09:15,620.0,15:29,612.0,161,99820.0,-1288.0,-1.29,CLOSE_EXIT,0.282,WIN
2025-08-05,CAPLIPOINT,09:15,2008.6,15:29,1960.0,49,98421.0,-2381.0,-2.42,CLOSE_EXIT,0.771,WIN
2025-08-05,KAJARIACER,09:15,1189.8,15:29,1185.0,84,99943.0,-403.0,-0.4,CLOSE_EXIT,0.771,WIN
2025-08-05,RADICO,09:15,2815.0,15:29,2888.8,35,98525.0,2583.0,2.62,CLOSE_EXIT,0.771,WIN
2025-08-05,MEDANTA,09:15,1321.0,15:29,1328.1,75,99075.0,532.0,0.54,CLOSE_EXIT,0.771,WIN
2025-08-05,FSL,09:15,335.65,15:29,347.4,297,99688.0,3490.0,3.5,CLOSE_EXIT,0.771,WIN
2025-08-06,CAPLIPOINT,09:15,1957.0,11:17,1907.1,51,99807.0,-2545.0,-2.55,STOP_1.5,-1.504,LOSS
2025-08-06,MEDANTA,09:15,1326.8,11:17,1323.8,75,99510.0,-225.0,-0.23,STOP_1.5,-1.504,LOSS
2025-08-06,KAJARIACER,09:15,1187.9,11:17,1182.7,84,99784.0,-437.0,-0.44,STOP_1.5,-1.504,LOSS
2025-08-06,FSL,09:15,346.9,11:17,344.5,288,99907.0,-691.0,-0.69,STOP_1.5,-1.504,LOSS
2025-08-06,PVRINOX,09:15,1044.0,11:17,1006.15,95,99180.0,-3596.0,-3.63,STOP_1.5,-1.504,LOSS
2025-08-07,CAPLIPOINT,09:15,1900.0,11:42,1895.0,52,98800.0,-260.0,-0.26,TRAIL_EXIT,1.009,WIN
2025-08-07,KAJARIACER,09:15,1180.3,11:42,1225.9,84,99145.0,3830.0,3.86,TRAIL_EXIT,1.009,WIN
2025-08-07,RADICO,09:15,2840.6,11:42,2843.3,35,99421.0,95.0,0.1,TRAIL_EXIT,1.009,WIN
2025-08-07,FSL,09:15,342.25,11:42,352.55,292,99937.0,3008.0,3.01,TRAIL_EXIT,1.009,WIN
2025-08-07,MEDANTA,09:15,1338.0,11:42,1315.5,74,99012.0,-1665.0,-1.68,TRAIL_EXIT,1.009,WIN
2025-08-08,CAPLIPOINT,09:15,2043.1,09:27,2050.2,48,98069.0,341.0,0.35,TRAIL_EXIT,0.991,WIN
2025-08-08,RADICO,09:15,2849.0,09:27,2841.7,35,99715.0,-256.0,-0.26,TRAIL_EXIT,0.991,WIN
2025-08-08,MEDANTA,09:15,1355.0,09:27,1396.7,73,98915.0,3044.0,3.08,TRAIL_EXIT,0.991,WIN
2025-08-08,KAJARIACER,09:15,1264.2,09:27,1292.8,79,99872.0,2259.0,2.26,TRAIL_EXIT,0.991,WIN
2025-08-08,FSL,09:15,362.1,09:27,360.4,276,99940.0,-469.0,-0.47,TRAIL_EXIT,0.991,WIN
2025-08-11,RADICO,09:15,2824.1,15:29,2855.2,35,98844.0,1088.0,1.1,CLOSE_EXIT,-0.342,LOSS
2025-08-11,CAPLIPOINT,09:15,2099.1,15:29,2105.0,47,98658.0,277.0,0.28,CLOSE_EXIT,-0.342,LOSS
2025-08-11,KAJARIACER,09:15,1307.2,15:29,1304.1,76,99347.0,-236.0,-0.24,CLOSE_EXIT,-0.342,LOSS
2025-08-11,FSL,09:15,358.5,15:29,356.4,278,99663.0,-584.0,-0.59,CLOSE_EXIT,-0.342,LOSS
2025-08-11,MEDANTA,09:15,1419.8,15:29,1387.8,70,99386.0,-2240.0,-2.25,CLOSE_EXIT,-0.342,LOSS
2025-08-12,JMFINANCIL,09:15,166.42,15:29,162.8,600,99852.0,-2172.0,-2.18,CLOSE_EXIT,1.543,WIN
2025-08-12,EIHOTEL,09:15,360.0,15:29,364.8,277,99720.0,1330.0,1.33,CLOSE_EXIT,1.543,WIN
2025-08-12,ALKEM,09:15,4864.5,15:29,5165.0,20,97290.0,6010.0,6.18,CLOSE_EXIT,1.543,WIN
2025-08-12,CONCORDBIO,09:15,1607.2,15:29,1646.6,62,99646.0,2443.0,2.45,CLOSE_EXIT,1.543,WIN
2025-08-12,GODREJIND,09:15,1094.5,15:29,1095.0,91,99600.0,46.0,0.05,CLOSE_EXIT,1.543,WIN
2025-08-13,EIHOTEL,09:15,365.2,09:19,364.8,273,99700.0,-109.0,-0.11,TRAIL_EXIT,0.909,WIN
2025-08-13,CONCORDBIO,09:15,1645.0,09:19,1634.0,60,98700.0,-660.0,-0.67,TRAIL_EXIT,0.909,WIN
2025-08-13,APOLLOHOSP,09:15,7403.0,09:19,7594.0,13,96239.0,2483.0,2.58,TRAIL_EXIT,0.909,WIN
2025-08-13,JMFINANCIL,09:15,164.45,09:19,168.42,608,99986.0,2414.0,2.41,TRAIL_EXIT,0.909,WIN
2025-08-13,GODREJIND,09:15,1099.0,09:19,1103.0,90,98910.0,360.0,0.36,TRAIL_EXIT,0.909,WIN
2025-08-14,CONCORDBIO,09:15,1633.6,12:03,1650.9,61,99650.0,1055.0,1.06,STOP_1.5,-1.685,LOSS
2025-08-14,FORCEMOT,09:15,20047.0,12:03,19500.0,4,80188.0,-2188.0,-2.73,STOP_1.5,-1.685,LOSS
2025-08-14,MUTHOOTFIN,09:15,2730.0,12:03,2775.5,36,98280.0,1638.0,1.67,STOP_1.5,-1.685,LOSS
2025-08-14,EMCURE,09:15,1470.9,12:03,1464.2,67,98550.0,-449.0,-0.46,STOP_1.5,-1.685,LOSS
2025-08-14,AIIL,09:15,596.8,12:03,548.4,167,99666.0,-8083.0,-8.11,STOP_1.5,-1.685,LOSS
2025-08-18,CONCORDBIO,09:15,1640.0,15:29,1635.0,60,98400.0,-300.0,-0.3,CLOSE_EXIT,-0.058,LOSS
2025-08-18,FORCEMOT,09:15,20139.0,15:29,19856.0,4,80556.0,-1132.0,-1.41,CLOSE_EXIT,-0.058,LOSS
2025-08-18,EMCURE,09:15,1461.5,15:29,1451.1,68,99382.0,-707.0,-0.71,CLOSE_EXIT,-0.058,LOSS
2025-08-18,BIOCON,09:15,363.0,15:29,363.9,275,99825.0,247.0,0.25,CLOSE_EXIT,-0.058,LOSS
2025-08-18,AIIL,09:15,588.0,15:29,597.5,170,99960.0,1615.0,1.62,CLOSE_EXIT,-0.058,LOSS
2025-08-19,RPOWER,09:15,43.5,09:28,44.3,2298,99963.0,1838.0,1.84,TRAIL_EXIT,0.897,WIN
2025-08-19,DEVYANI,09:15,156.25,09:28,159.2,640,100000.0,1888.0,1.89,TRAIL_EXIT,0.897,WIN
2025-08-19,IDEA,09:15,6.52,09:28,6.52,15337,99997.0,0.0,0.0,TRAIL_EXIT,0.897,WIN
2025-08-19,SWANCORP,09:15,426.0,09:28,430.9,234,99684.0,1147.0,1.15,TRAIL_EXIT,0.897,WIN
2025-08-19,NAVA,09:15,579.5,09:28,577.2,172,99674.0,-396.0,-0.4,TRAIL_EXIT,0.897,WIN
2025-08-20,IDEA,09:15,6.61,10:07,6.73,15128,99996.0,1815.0,1.82,TRAIL_EXIT,0.973,WIN
2025-08-20,RPOWER,09:15,46.77,10:07,47.71,2138,99994.0,2010.0,2.01,TRAIL_EXIT,0.973,WIN
2025-08-20,SWANCORP,09:15,436.05,10:07,437.05,229,99855.0,229.0,0.23,TRAIL_EXIT,0.973,WIN
2025-08-20,DEVYANI,09:15,166.26,10:07,168.54,601,99922.0,1370.0,1.37,TRAIL_EXIT,0.973,WIN
2025-08-20,NAVA,09:15,596.0,10:07,592.6,167,99532.0,-568.0,-0.57,TRAIL_EXIT,0.973,WIN
2025-08-21,IDEA,09:15,6.81,10:28,6.72,14684,99998.0,-1322.0,-1.32,TRAIL_EXIT,1.023,WIN
2025-08-21,DEVYANI,09:15,169.1,10:28,176.39,591,99938.0,4308.0,4.31,TRAIL_EXIT,1.023,WIN
2025-08-21,NAVA,09:15,597.35,10:28,599.5,167,99757.0,359.0,0.36,TRAIL_EXIT,1.023,WIN
2025-08-21,SWANCORP,09:15,458.0,10:28,464.35,218,99844.0,1384.0,1.39,TRAIL_EXIT,1.023,WIN
2025-08-21,RPOWER,09:15,49.9,10:28,50.09,2004,100000.0,381.0,0.38,TRAIL_EXIT,1.023,WIN
2025-08-22,IDEA,09:15,6.7,10:49,6.62,14925,99998.0,-1194.0,-1.19,TRAIL_EXIT,0.798,WIN
2025-08-22,SWANCORP,09:15,461.05,10:49,458.35,216,99587.0,-583.0,-0.59,TRAIL_EXIT,0.798,WIN
2025-08-22,GPIL,09:15,223.5,10:49,236.35,447,99904.0,5744.0,5.75,TRAIL_EXIT,0.798,WIN
2025-08-22,DEVYANI,09:15,174.0,10:49,172.65,574,99876.0,-775.0,-0.78,TRAIL_EXIT,0.798,WIN
2025-08-22,SUNDARMFIN,09:15,5235.0,10:49,5276.4,19,99465.0,787.0,0.79,TRAIL_EXIT,0.798,WIN
2025-08-25,SWANCORP,09:15,480.0,15:29,478.5,208,99840.0,-312.0,-0.31,CLOSE_EXIT,-0.469,LOSS
2025-08-25,DEVYANI,09:15,170.55,15:29,169.49,586,99942.0,-621.0,-0.62,CLOSE_EXIT,-0.469,LOSS
2025-08-25,RPOWER,09:15,46.61,15:29,46.46,2145,99978.0,-322.0,-0.32,CLOSE_EXIT,-0.469,LOSS
2025-08-25,IDEA,09:15,7.07,15:29,7.4,14144,99998.0,4668.0,4.67,CLOSE_EXIT,-0.469,LOSS
2025-08-25,SUNDARMFIN,09:15,5268.4,15:29,4950.0,18,94831.0,-5731.0,-6.04,CLOSE_EXIT,-0.469,LOSS
2025-08-26,OLAELEC,09:15,48.54,14:17,50.34,2060,99992.0,3708.0,3.71,TRAIL_EXIT,1.014,WIN
2025-08-26,GRANULES,09:15,459.0,14:17,470.55,217,99603.0,2506.0,2.52,TRAIL_EXIT,1.014,WIN
2025-08-26,RBLBANK,09:15,257.6,14:17,253.95,388,99949.0,-1416.0,-1.42,TRAIL_EXIT,1.014,WIN
2025-08-26,AIIL,09:15,604.6,14:17,617.4,165,99759.0,2112.0,2.12,TRAIL_EXIT,1.014,WIN
2025-08-26,VTL,09:15,411.0,14:17,403.4,243,99873.0,-1847.0,-1.85,TRAIL_EXIT,1.014,WIN
2025-08-28,OLAELEC,09:15,51.15,11:58,55.03,1955,99998.0,7585.0,7.59,TRAIL_EXIT,1.004,WIN
2025-08-28,RBLBANK,09:15,255.3,11:58,245.7,391,99822.0,-3754.0,-3.76,TRAIL_EXIT,1.004,WIN
2025-08-28,GRANULES,09:15,474.0,11:58,473.25,210,99540.0,-158.0,-0.16,TRAIL_EXIT,1.004,WIN
2025-08-28,HBLENGINE,09:15,765.25,11:58,785.65,130,99482.0,2652.0,2.67,TRAIL_EXIT,1.004,WIN
2025-08-28,SAMMAANCAP,09:15,119.15,11:58,117.58,839,99967.0,-1317.0,-1.32,TRAIL_EXIT,1.004,WIN
2025-08-29,OLAELEC,09:15,55.31,10:13,56.08,1807,99945.0,1391.0,1.39,TRAIL_EXIT,1.845,WIN
2025-08-29,GRANULES,09:15,470.0,10:13,480.2,212,99640.0,2162.0,2.17,TRAIL_EXIT,1.845,WIN
2025-08-29,RBLBANK,09:15,251.5,10:13,260.85,397,99846.0,3712.0,3.72,TRAIL_EXIT,1.845,WIN
2025-08-29,AIIL,09:15,639.4,10:13,645.4,156,99746.0,936.0,0.94,TRAIL_EXIT,1.845,WIN
2025-08-29,HBLENGINE,09:15,780.0,10:13,787.85,128,99840.0,1005.0,1.01,TRAIL_EXIT,1.845,WIN
2025-09-01,OLAELEC,09:15,55.2,15:29,62.96,1811,99967.0,14053.0,14.06,CLOSE_EXIT,3.69,WIN
2025-09-01,GRANULES,09:15,494.0,15:29,513.0,202,99788.0,3838.0,3.85,CLOSE_EXIT,3.69,WIN
2025-09-01,RBLBANK,09:15,260.5,15:29,266.3,383,99772.0,2221.0,2.23,CLOSE_EXIT,3.69,WIN
2025-09-01,AIIL,09:15,646.4,15:29,640.0,154,99546.0,-986.0,-0.99,CLOSE_EXIT,3.69,WIN
2025-09-01,VTL,09:15,420.0,15:29,417.0,238,99960.0,-714.0,-0.71,CLOSE_EXIT,3.69,WIN
2025-09-02,NETWEB,09:15,2245.2,10:11,2255.8,44,98789.0,466.0,0.47,TRAIL_EXIT,1.06,WIN
2025-09-02,BLUEJET,09:15,651.75,10:11,670.55,153,99718.0,2876.0,2.88,TRAIL_EXIT,1.06,WIN
2025-09-02,IDEA,09:15,6.55,10:11,6.61,15267,99999.0,916.0,0.92,TRAIL_EXIT,1.06,WIN
2025-09-02,FIRSTCRY,09:15,359.9,10:11,359.55,277,99692.0,-97.0,-0.1,TRAIL_EXIT,1.06,WIN
2025-09-02,TBOTEK,09:15,1385.0,10:11,1400.5,72,99720.0,1116.0,1.12,TRAIL_EXIT,1.06,WIN
2025-09-03,BLUEJET,09:15,695.0,15:29,708.5,143,99385.0,1930.0,1.94,CLOSE_EXIT,2.24,WIN
2025-09-03,NETWEB,09:15,2355.9,15:29,2514.5,42,98948.0,6661.0,6.73,CLOSE_EXIT,2.24,WIN
2025-09-03,FIRSTCRY,09:15,363.0,15:29,362.0,275,99825.0,-275.0,-0.28,CLOSE_EXIT,2.24,WIN
2025-09-03,IDEA,09:15,6.52,15:29,6.58,15337,99997.0,920.0,0.92,CLOSE_EXIT,2.24,WIN
2025-09-03,TBOTEK,09:15,1560.0,15:29,1590.0,64,99840.0,1920.0,1.92,CLOSE_EXIT,2.24,WIN
2025-09-04,BLUEJET,09:15,724.0,09:27,714.4,138,99912.0,-1325.0,-1.33,TRAIL_EXIT,0.83,WIN
2025-09-04,FIRSTCRY,09:15,364.5,09:27,375.15,274,99873.0,2918.0,2.92,TRAIL_EXIT,0.83,WIN
2025-09-04,IDEA,09:15,6.69,09:27,6.72,14947,99995.0,448.0,0.45,TRAIL_EXIT,0.83,WIN
2025-09-04,GALLANTT,09:15,627.0,09:27,624.3,159,99693.0,-429.0,-0.43,TRAIL_EXIT,0.83,WIN
2025-09-04,ABFRL,09:15,82.55,09:27,84.64,1211,99968.0,2531.0,2.53,TRAIL_EXIT,0.83,WIN
2025-09-05,FIRSTCRY,09:15,354.6,12:02,390.75,282,99997.0,10194.0,10.19,TRAIL_EXIT,3.092,WIN
2025-09-05,BLUEJET,09:15,707.05,12:02,727.0,141,99694.0,2813.0,2.82,TRAIL_EXIT,3.092,WIN
2025-09-05,IDEA,09:15,6.64,12:02,6.71,15060,99998.0,1054.0,1.05,TRAIL_EXIT,3.092,WIN
2025-09-05,TBOTEK,09:15,1515.0,12:02,1548.7,66,99990.0,2224.0,2.22,TRAIL_EXIT,3.092,WIN
2025-09-05,NSLNISP,09:15,41.77,12:02,41.42,2394,99997.0,-838.0,-0.84,TRAIL_EXIT,3.092,WIN
2025-09-08,BLUEJET,09:15,743.75,09:53,748.4,134,99662.0,623.0,0.63,TRAIL_EXIT,1.576,WIN
2025-09-08,TBOTEK,09:15,1549.8,09:53,1642.2,64,99187.0,5914.0,5.96,TRAIL_EXIT,1.576,WIN
2025-09-08,IDEA,09:15,7.45,09:53,7.26,13422,99994.0,-2550.0,-2.55,TRAIL_EXIT,1.576,WIN
2025-09-08,NSLNISP,09:15,42.75,09:53,43.27,2339,99992.0,1216.0,1.22,TRAIL_EXIT,1.576,WIN
2025-09-08,FIRSTCRY,09:15,402.0,09:53,412.7,248,99696.0,2654.0,2.66,TRAIL_EXIT,1.576,WIN
2025-09-09,INTELLECT,09:15,905.0,10:02,938.7,138,124890.0,4651.0,3.72,TRAIL_EXIT,0.933,WIN
2025-09-09,NLCINDIA,09:15,236.0,10:02,235.72,529,124844.0,-148.0,-0.12,TRAIL_EXIT,0.933,WIN
2025-09-09,APARINDS,09:15,7876.5,10:02,7874.0,15,118148.0,-38.0,-0.03,TRAIL_EXIT,0.933,WIN
2025-09-09,SOBHA,09:15,1430.0,10:02,1431.5,87,124410.0,130.0,0.1,TRAIL_EXIT,0.933,WIN
2025-09-10,INTELLECT,09:15,954.0,15:29,1018.0,131,124974.0,8384.0,6.71,CLOSE_EXIT,3.413,WIN
2025-09-10,HINDCOPPER,09:15,244.5,15:29,244.0,511,124940.0,-256.0,-0.2,CLOSE_EXIT,3.413,WIN
2025-09-10,NLCINDIA,09:15,240.8,15:29,248.7,519,124975.0,4100.0,3.28,CLOSE_EXIT,3.413,WIN
2025-09-10,SOBHA,09:15,1438.3,15:29,1494.0,86,123694.0,4790.0,3.87,CLOSE_EXIT,3.413,WIN
2025-09-11,HINDCOPPER,09:15,244.93,12:27,252.53,510,124914.0,3876.0,3.1,TRAIL_EXIT,2.736,WIN
2025-09-11,INTELLECT,09:15,1014.05,12:27,1007.75,123,124728.0,-775.0,-0.62,TRAIL_EXIT,2.736,WIN
2025-09-11,NLCINDIA,09:15,250.99,12:27,261.6,498,124993.0,5284.0,4.23,TRAIL_EXIT,2.736,WIN
2025-09-11,GMDCLTD,09:15,525.0,12:27,547.2,238,124950.0,5284.0,4.23,TRAIL_EXIT,2.736,WIN
2025-09-12,HINDCOPPER,09:15,251.0,15:29,278.7,498,124998.0,13795.0,11.04,CLOSE_EXIT,3.351,WIN
2025-09-12,INTELLECT,09:15,1013.0,15:29,1016.3,123,124599.0,406.0,0.33,CLOSE_EXIT,3.351,WIN
2025-09-12,FORCEMOT,09:15,18080.0,15:29,18330.0,6,108480.0,1500.0,1.38,CLOSE_EXIT,3.351,WIN
2025-09-12,NLCINDIA,09:15,261.0,15:29,262.0,478,124758.0,478.0,0.38,CLOSE_EXIT,3.351,WIN
2025-09-15,JBMA,09:15,715.0,09:53,735.0,139,99385.0,2780.0,2.8,TRAIL_EXIT,0.894,WIN
2025-09-15,INTELLECT,09:15,1017.1,09:53,1023.25,98,99676.0,603.0,0.6,TRAIL_EXIT,0.894,WIN
2025-09-15,HINDCOPPER,09:15,280.05,09:53,282.91,357,99978.0,1021.0,1.02,TRAIL_EXIT,0.894,WIN
2025-09-15,GMDCLTD,09:15,565.1,09:53,558.4,176,99458.0,-1179.0,-1.19,TRAIL_EXIT,0.894,WIN
2025-09-15,FORCEMOT,09:15,18447.0,09:53,18680.0,5,92235.0,1165.0,1.26,TRAIL_EXIT,0.894,WIN
2025-09-16,IPCALAB,09:15,1305.0,09:17,1308.2,76,99180.0,243.0,0.25,TRAIL_EXIT,0.838,WIN
2025-09-16,POONAWALLA,09:15,439.2,09:17,439.8,227,99698.0,136.0,0.14,TRAIL_EXIT,0.838,WIN
2025-09-16,REDINGTON,09:15,242.2,09:17,245.33,412,99786.0,1290.0,1.29,TRAIL_EXIT,0.838,WIN
2025-09-16,NETWEB,09:15,2904.5,09:17,2934.2,34,98753.0,1010.0,1.02,TRAIL_EXIT,0.838,WIN
2025-09-16,ANANTRAJ,09:15,591.95,09:17,600.8,168,99448.0,1487.0,1.5,TRAIL_EXIT,0.838,WIN
2025-09-17,IPCALAB,09:15,1308.1,15:29,1312.8,76,99416.0,357.0,0.36,CLOSE_EXIT,0.622,WIN
2025-09-17,POONAWALLA,09:15,443.55,15:29,448.6,225,99799.0,1136.0,1.14,CLOSE_EXIT,0.622,WIN
2025-09-17,NETWEB,09:15,2860.0,15:29,2935.8,34,97240.0,2577.0,2.65,CLOSE_EXIT,0.622,WIN
2025-09-17,REDINGTON,09:15,295.0,15:29,290.4,338,99710.0,-1555.0,-1.56,CLOSE_EXIT,0.622,WIN
2025-09-17,AEGISLOG,09:15,800.45,15:29,805.0,124,99256.0,564.0,0.57,CLOSE_EXIT,0.622,WIN
2025-09-18,IPCALAB,09:15,1309.0,09:55,1321.0,76,99484.0,912.0,0.92,TRAIL_EXIT,1.631,WIN
2025-09-18,POONAWALLA,09:15,453.0,09:55,488.95,220,99660.0,7909.0,7.94,TRAIL_EXIT,1.631,WIN
2025-09-18,NETWEB,09:15,2965.0,09:55,2955.8,33,97845.0,-304.0,-0.31,TRAIL_EXIT,1.631,WIN
2025-09-18,ANANTRAJ,09:15,588.0,09:55,590.1,170,99960.0,357.0,0.36,TRAIL_EXIT,1.631,WIN
2025-09-18,REDINGTON,09:15,290.0,09:55,287.75,344,99760.0,-774.0,-0.78,TRAIL_EXIT,1.631,WIN
2025-09-19,IPCALAB,09:15,1345.8,09:24,1335.6,74,99589.0,-755.0,-0.76,TRAIL_EXIT,0.886,WIN
2025-09-19,NETWEB,09:15,3070.0,09:24,3110.0,32,98240.0,1280.0,1.3,TRAIL_EXIT,0.886,WIN
2025-09-19,ANANTRAJ,09:15,586.1,09:24,582.0,170,99637.0,-697.0,-0.7,TRAIL_EXIT,0.886,WIN
2025-09-19,REDINGTON,09:15,288.14,09:24,298.96,347,99985.0,3755.0,3.76,TRAIL_EXIT,0.886,WIN
2025-09-19,AEGISLOG,09:15,781.55,09:24,788.0,127,99257.0,819.0,0.83,TRAIL_EXIT,0.886,WIN
2025-09-22,IPCALAB,09:15,1406.0,15:29,1400.0,71,99826.0,-426.0,-0.43,CLOSE_EXIT,-0.192,LOSS
2025-09-22,REDINGTON,09:15,299.5,15:29,289.6,333,99734.0,-3297.0,-3.31,CLOSE_EXIT,-0.192,LOSS
2025-09-22,KPRMILL,09:15,1131.55,15:29,1127.0,88,99576.0,-400.0,-0.4,CLOSE_EXIT,-0.192,LOSS
2025-09-22,NETWEB,09:15,3340.0,15:29,3530.0,29,96860.0,5510.0,5.69,CLOSE_EXIT,-0.192,LOSS
2025-09-22,AEGISLOG,09:15,791.55,15:29,773.0,126,99735.0,-2337.0,-2.34,CLOSE_EXIT,-0.192,LOSS
2025-09-23,TATAINVEST,09:15,739.0,15:29,803.0,135,99765.0,8640.0,8.66,CLOSE_EXIT,3.152,WIN
2025-09-23,NETWEB,09:15,3535.0,15:29,3494.0,28,98980.0,-1148.0,-1.16,CLOSE_EXIT,3.152,WIN
2025-09-23,NLCINDIA,09:15,265.5,15:29,276.9,376,99828.0,4286.0,4.29,CLOSE_EXIT,3.152,WIN
2025-09-23,HINDCOPPER,09:15,298.1,15:29,306.9,335,99864.0,2948.0,2.95,CLOSE_EXIT,3.152,WIN
2025-09-23,MINDACORP,09:15,532.8,15:29,538.0,187,99634.0,972.0,0.98,CLOSE_EXIT,3.152,WIN
2025-09-24,NETWEB,09:15,3490.0,09:28,3513.0,28,97720.0,644.0,0.66,TRAIL_EXIT,1.451,WIN
2025-09-24,TATAINVEST,09:15,825.0,09:28,846.0,121,99825.0,2541.0,2.55,TRAIL_EXIT,1.451,WIN
2025-09-24,HINDCOPPER,09:15,308.05,09:28,308.5,324,99808.0,146.0,0.15,TRAIL_EXIT,1.451,WIN
2025-09-24,NLCINDIA,09:15,278.3,09:28,277.0,359,99910.0,-467.0,-0.47,TRAIL_EXIT,1.451,WIN
2025-09-24,MINDACORP,09:15,550.0,09:28,574.0,181,99550.0,4344.0,4.36,TRAIL_EXIT,1.451,WIN
2025-09-25,NETWEB,09:15,3439.0,10:26,3560.0,29,99731.0,3509.0,3.52,TRAIL_EXIT,0.968,WIN
2025-09-25,TATAINVEST,09:15,873.0,10:26,845.0,114,99522.0,-3192.0,-3.21,TRAIL_EXIT,0.968,WIN
2025-09-25,HINDCOPPER,09:15,315.75,10:26,326.35,316,99777.0,3350.0,3.36,TRAIL_EXIT,0.968,WIN
2025-09-25,NLCINDIA,09:15,281.2,10:26,282.52,355,99826.0,469.0,0.47,TRAIL_EXIT,0.968,WIN
2025-09-25,MINDACORP,09:15,579.0,10:26,583.0,172,99588.0,688.0,0.69,TRAIL_EXIT,0.968,WIN
2025-09-26,TATAINVEST,09:15,836.0,10:03,860.0,119,99484.0,2856.0,2.87,TRAIL_EXIT,0.947,WIN
2025-09-26,NETWEB,09:15,3634.7,10:03,3641.6,27,98137.0,186.0,0.19,TRAIL_EXIT,0.947,WIN
2025-09-26,MINDACORP,09:15,573.0,10:03,577.05,174,99702.0,705.0,0.71,TRAIL_EXIT,0.947,WIN
2025-09-26,NLCINDIA,09:15,279.8,10:03,286.02,357,99889.0,2221.0,2.22,TRAIL_EXIT,0.947,WIN
2025-09-26,HINDCOPPER,09:15,326.99,10:03,322.85,305,99732.0,-1263.0,-1.27,TRAIL_EXIT,0.947,WIN
2025-09-29,NETWEB,09:15,3700.0,10:26,3612.3,27,99900.0,-2368.0,-2.37,TRAIL_EXIT,1.004,WIN
2025-09-29,TATAINVEST,09:15,883.0,10:26,900.0,113,99779.0,1921.0,1.93,TRAIL_EXIT,1.004,WIN
2025-09-29,MINDACORP,09:15,578.0,10:26,588.5,173,99994.0,1816.0,1.82,TRAIL_EXIT,1.004,WIN
2025-09-29,HINDCOPPER,09:15,315.45,10:26,321.79,317,99998.0,2010.0,2.01,TRAIL_EXIT,1.004,WIN
2025-09-29,NLCINDIA,09:15,280.3,10:26,284.89,356,99787.0,1634.0,1.64,TRAIL_EXIT,1.004,WIN
2025-09-30,NETWEB,09:15,3618.0,09:47,3697.3,27,97686.0,2141.0,2.19,TRAIL_EXIT,0.919,WIN
2025-09-30,DATAPATTNS,09:15,2560.4,09:47,2563.3,39,99856.0,113.0,0.11,TRAIL_EXIT,0.919,WIN
2025-09-30,AEGISLOG,09:15,744.25,09:47,757.5,134,99730.0,1776.0,1.78,TRAIL_EXIT,0.919,WIN
2025-09-30,KPITTECH,09:15,1215.7,09:47,1214.9,82,99687.0,-66.0,-0.07,TRAIL_EXIT,0.919,WIN
2025-09-30,EIHOTEL,09:15,366.0,09:47,368.2,273,99918.0,601.0,0.6,TRAIL_EXIT,0.919,WIN
2025-10-01,NETWEB,09:15,3651.0,09:26,3617.0,27,98577.0,-918.0,-0.93,TRAIL_EXIT,0.948,WIN
2025-10-01,DATAPATTNS,09:15,2559.9,09:26,2568.4,39,99836.0,332.0,0.33,TRAIL_EXIT,0.948,WIN
2025-10-01,AEGISLOG,09:15,761.0,09:26,772.1,131,99691.0,1454.0,1.46,TRAIL_EXIT,0.948,WIN
2025-10-01,EIHOTEL,09:15,361.25,09:26,362.6,276,99705.0,373.0,0.37,TRAIL_EXIT,0.948,WIN
2025-10-01,SUNTV,09:15,528.6,09:26,547.0,189,99905.0,3478.0,3.48,TRAIL_EXIT,0.948,WIN
2025-10-03,EIHOTEL,09:15,365.65,09:46,368.35,273,99822.0,737.0,0.74,TRAIL_EXIT,1.715,WIN
2025-10-03,DATAPATTNS,09:15,2644.1,09:46,2751.5,37,97832.0,3974.0,4.06,TRAIL_EXIT,1.715,WIN
2025-10-03,AEGISLOG,09:15,787.0,09:46,795.65,127,99949.0,1099.0,1.1,TRAIL_EXIT,1.715,WIN
2025-10-03,NETWEB,09:15,4029.0,09:46,4205.0,24,96696.0,4224.0,4.37,TRAIL_EXIT,1.715,WIN
2025-10-03,PTCIL,09:15,16200.0,09:46,15933.0,6,97200.0,-1602.0,-1.65,TRAIL_EXIT,1.715,WIN
2025-10-06,NETWEB,09:15,4318.0,12:05,4186.9,23,99314.0,-3015.0,-3.04,STOP_1.5,-1.534,LOSS
2025-10-06,DATAPATTNS,09:15,2839.0,12:05,2830.0,35,99365.0,-315.0,-0.32,STOP_1.5,-1.534,LOSS
2025-10-06,EIHOTEL,09:15,392.0,12:05,382.4,255,99960.0,-2448.0,-2.45,STOP_1.5,-1.534,LOSS
2025-10-06,MRPL,09:15,141.02,12:05,141.83,709,99983.0,574.0,0.57,STOP_1.5,-1.534,LOSS
2025-10-06,KALYANKJIL,09:15,495.0,12:05,482.9,202,99990.0,-2444.0,-2.44,STOP_1.5,-1.534,LOSS
2025-10-07,TATACOMM,09:15,1666.0,15:29,1658.1,60,99960.0,-474.0,-0.47,CLOSE_EXIT,-0.323,LOSS
2025-10-07,RPOWER,09:15,45.0,15:29,44.78,2222,99990.0,-489.0,-0.49,CLOSE_EXIT,-0.323,LOSS
2025-10-07,PGEL,09:15,521.7,15:29,522.0,191,99645.0,57.0,0.06,CLOSE_EXIT,-0.323,LOSS
2025-10-07,BSE,09:15,2237.0,15:29,2230.0,44,98428.0,-308.0,-0.31,CLOSE_EXIT,-0.323,LOSS
2025-10-07,INOXWIND,09:15,140.0,15:29,139.45,714,99960.0,-393.0,-0.39,CLOSE_EXIT,-0.323,LOSS
2025-10-08,TATACOMM,09:15,1672.5,15:29,1690.0,59,98678.0,1032.0,1.05,CLOSE_EXIT,-0.361,LOSS
2025-10-08,RPOWER,09:15,45.54,15:29,44.58,2195,99960.0,-2107.0,-2.11,CLOSE_EXIT,-0.361,LOSS
2025-10-08,PGEL,09:15,522.8,15:29,514.8,191,99855.0,-1528.0,-1.53,CLOSE_EXIT,-0.361,LOSS
2025-10-08,BSE,09:15,2227.0,15:29,2230.8,44,97988.0,167.0,0.17,CLOSE_EXIT,-0.361,LOSS
2025-10-08,INOXWIND,09:15,139.8,15:29,140.7,715,99957.0,643.0,0.64,CLOSE_EXIT,-0.361,LOSS
2025-10-09,TATACOMM,09:15,1677.0,09:42,1687.8,59,98943.0,637.0,0.64,TRAIL_EXIT,0.841,WIN
2025-10-09,PGEL,09:15,514.95,09:42,534.15,194,99900.0,3725.0,3.73,TRAIL_EXIT,0.841,WIN
2025-10-09,BSE,09:15,2244.2,09:42,2243.7,44,98745.0,-22.0,-0.02,TRAIL_EXIT,0.841,WIN
2025-10-09,RPOWER,09:15,44.9,09:42,44.36,2227,99992.0,-1203.0,-1.2,TRAIL_EXIT,0.841,WIN
2025-10-09,INOXWIND,09:15,142.0,09:42,143.49,704,99968.0,1049.0,1.05,TRAIL_EXIT,0.841,WIN
2025-10-10,TATACOMM,09:15,1701.6,12:21,1852.0,58,98693.0,8723.0,8.84,TRAIL_EXIT,6.87,WIN
2025-10-10,RPOWER,09:15,44.1,12:21,48.43,2267,99975.0,9816.0,9.82,TRAIL_EXIT,6.87,WIN
2025-10-10,PGEL,09:15,550.3,12:21,588.05,181,99604.0,6833.0,6.86,TRAIL_EXIT,6.87,WIN
2025-10-10,BSE,09:15,2335.0,12:21,2390.0,42,98070.0,2310.0,2.36,TRAIL_EXIT,6.87,WIN
2025-10-10,YESBANK,09:15,22.45,12:21,23.89,4454,99992.0,6414.0,6.41,TRAIL_EXIT,6.87,WIN
2025-10-13,TATACOMM,09:15,1833.0,09:31,1820.9,54,98982.0,-653.0,-0.66,TRAIL_EXIT,0.825,WIN
2025-10-13,RPOWER,09:15,43.55,09:31,44.91,2296,99991.0,3123.0,3.12,TRAIL_EXIT,0.825,WIN
2025-10-13,BSE,09:15,2375.0,09:31,2382.1,42,99750.0,298.0,0.3,TRAIL_EXIT,0.825,WIN
2025-10-13,PGEL,09:15,577.05,09:31,585.75,173,99830.0,1505.0,1.51,TRAIL_EXIT,0.825,WIN
2025-10-13,IIFL,09:15,488.3,09:31,487.5,204,99613.0,-163.0,-0.16,TRAIL_EXIT,0.825,WIN
2025-10-14,WHIRLPOOL,09:15,1170.0,15:29,1155.1,85,99450.0,-1267.0,-1.27,CLOSE_EXIT,-0.288,LOSS
2025-10-14,OLAELEC,09:15,50.5,15:29,50.0,1980,99990.0,-990.0,-0.99,CLOSE_EXIT,-0.288,LOSS
2025-10-14,FORCEMOT,09:15,16134.0,15:29,16529.0,6,96804.0,2370.0,2.45,CLOSE_EXIT,-0.288,LOSS
2025-10-14,ICICIGI,09:15,1838.0,15:29,1865.0,54,99252.0,1458.0,1.47,CLOSE_EXIT,-0.288,LOSS
2025-10-14,BLS,09:15,300.0,15:29,291.0,333,99900.0,-2997.0,-3.0,CLOSE_EXIT,-0.288,LOSS
2025-10-15,WHIRLPOOL,09:15,1154.0,15:29,1185.0,86,99244.0,2666.0,2.69,CLOSE_EXIT,2.252,WIN
2025-10-15,OLAELEC,09:15,51.4,15:29,52.75,1945,99973.0,2626.0,2.63,CLOSE_EXIT,2.252,WIN
2025-10-15,BLS,09:15,292.0,15:29,277.9,342,99864.0,-4822.0,-4.83,CLOSE_EXIT,2.252,WIN
2025-10-15,NESTLEIND,09:15,1175.5,15:29,1222.3,85,99918.0,3978.0,3.98,CLOSE_EXIT,2.252,WIN
2025-10-15,ICICIGI,09:15,1895.1,15:29,2025.0,52,98545.0,6755.0,6.85,CLOSE_EXIT,2.252,WIN
2025-10-16,WHIRLPOOL,09:15,1192.0,15:29,1242.0,83,98936.0,4150.0,4.19,CLOSE_EXIT,5.302,WIN
2025-10-16,OLAELEC,09:15,53.59,15:29,55.38,1866,99999.0,3340.0,3.34,CLOSE_EXIT,5.302,WIN
2025-10-16,BLS,09:15,279.85,15:29,319.85,357,99906.0,14280.0,14.29,CLOSE_EXIT,5.302,WIN
2025-10-16,FORCEMOT,09:15,16550.0,15:29,16530.0,6,99300.0,-120.0,-0.12,CLOSE_EXIT,5.302,WIN
2025-10-16,NESTLEIND,09:15,1221.4,15:29,1279.5,81,98933.0,4706.0,4.76,CLOSE_EXIT,5.302,WIN
2025-10-17,BLS,09:15,320.0,09:22,316.25,312,99840.0,-1170.0,-1.17,TRAIL_EXIT,0.911,WIN
2025-10-17,WHIRLPOOL,09:15,1252.0,09:22,1268.5,79,98908.0,1304.0,1.32,TRAIL_EXIT,0.911,WIN
2025-10-17,FORCEMOT,09:15,16704.0,09:22,17045.0,5,83520.0,1705.0,2.04,TRAIL_EXIT,0.911,WIN
2025-10-17,OLAELEC,09:15,56.68,09:22,57.0,1764,99984.0,564.0,0.56,TRAIL_EXIT,0.911,WIN
2025-10-17,ADANIPOWER,09:15,157.26,09:22,160.39,635,99860.0,1988.0,1.99,TRAIL_EXIT,0.911,WIN
2025-10-20,BLS,09:15,324.9,09:39,324.4,307,99744.0,-154.0,-0.15,STOP_1.5,-1.63,LOSS
2025-10-20,WHIRLPOOL,09:15,1369.9,09:39,1339.3,72,98633.0,-2203.0,-2.23,STOP_1.5,-1.63,LOSS
2025-10-20,OLAELEC,09:15,57.5,09:39,55.25,1739,99992.0,-3913.0,-3.91,STOP_1.5,-1.63,LOSS
2025-10-20,FORCEMOT,09:15,17799.0,09:39,17560.0,5,88995.0,-1195.0,-1.34,STOP_1.5,-1.63,LOSS
2025-10-20,ANGELONE,09:15,250.9,09:39,249.7,398,99858.0,-478.0,-0.48,STOP_1.5,-1.63,LOSS
2025-10-23,BSOFT,09:15,354.5,11:33,374.5,282,99969.0,5640.0,5.64,TRAIL_EXIT,2.926,WIN
2025-10-23,SCI,09:15,232.0,11:33,244.05,431,99992.0,5194.0,5.19,TRAIL_EXIT,2.926,WIN
2025-10-23,CREDITACC,09:15,1296.3,11:33,1323.8,77,99815.0,2118.0,2.12,TRAIL_EXIT,2.926,WIN
2025-10-23,WELSPUNLIV,09:15,129.23,11:33,130.45,773,99895.0,943.0,0.94,TRAIL_EXIT,2.926,WIN
2025-10-23,CHOLAHLDNG,09:15,1877.0,11:33,1890.4,53,99481.0,710.0,0.71,TRAIL_EXIT,2.926,WIN
2025-10-24,CREDITACC,09:15,1332.3,15:29,1417.0,75,99922.0,6353.0,6.36,CLOSE_EXIT,6.254,WIN
2025-10-24,CHOLAHLDNG,09:15,1905.5,15:29,2007.0,52,99086.0,5278.0,5.33,CLOSE_EXIT,6.254,WIN
2025-10-24,SCI,09:15,248.0,15:29,274.2,403,99944.0,10559.0,10.56,CLOSE_EXIT,6.254,WIN
2025-10-24,SAMMAANCAP,09:15,174.68,15:29,189.19,572,99917.0,8300.0,8.31,CLOSE_EXIT,6.254,WIN
2025-10-24,WELSPUNLIV,09:15,127.6,15:29,128.5,783,99911.0,705.0,0.71,CLOSE_EXIT,6.254,WIN
2025-10-27,CREDITACC,09:15,1422.5,10:02,1479.0,70,99575.0,3955.0,3.97,TRAIL_EXIT,0.934,WIN
2025-10-27,BSOFT,09:15,383.5,10:02,387.45,260,99710.0,1027.0,1.03,TRAIL_EXIT,0.934,WIN
2025-10-27,WELSPUNLIV,09:15,128.5,10:02,129.35,778,99973.0,661.0,0.66,TRAIL_EXIT,0.934,WIN
2025-10-27,ABDL,09:15,615.0,10:02,617.05,162,99630.0,332.0,0.33,TRAIL_EXIT,0.934,WIN
2025-10-27,VTL,09:15,443.85,10:02,438.0,225,99866.0,-1316.0,-1.32,TRAIL_EXIT,0.934,WIN
2025-10-28,BLUEDART,09:15,5566.0,09:26,5559.0,17,94622.0,-119.0,-0.13,TRAIL_EXIT,0.977,WIN
2025-10-28,NAVINFLUOR,09:15,5055.0,09:26,5073.2,19,96045.0,346.0,0.36,TRAIL_EXIT,0.977,WIN
2025-10-28,FIVESTAR,09:15,529.95,09:26,541.1,188,99631.0,2096.0,2.1,TRAIL_EXIT,0.977,WIN
2025-10-28,WELCORP,09:15,875.0,09:26,892.9,114,99750.0,2041.0,2.05,TRAIL_EXIT,0.977,WIN
2025-10-28,BHEL,09:15,235.0,09:26,236.0,425,99875.0,425.0,0.43,TRAIL_EXIT,0.977,WIN
2025-10-29,BLUEDART,09:15,5900.0,15:29,6645.0,16,94400.0,11920.0,12.63,CLOSE_EXIT,7.009,WIN
2025-10-29,FIVESTAR,09:15,539.0,15:29,608.1,185,99715.0,12784.0,12.82,CLOSE_EXIT,7.009,WIN
2025-10-29,NAVINFLUOR,09:15,5027.5,15:29,4985.0,19,95522.0,-808.0,-0.85,CLOSE_EXIT,7.009,WIN
2025-10-29,BHEL,09:15,238.44,15:29,246.13,419,99906.0,3222.0,3.23,CLOSE_EXIT,7.009,WIN
2025-10-29,ABREL,09:15,1695.0,15:29,1817.0,58,98310.0,7076.0,7.2,CLOSE_EXIT,7.009,WIN
2025-10-30,NAVINFLUOR,09:15,5014.0,09:20,4942.8,19,95266.0,-1353.0,-1.42,TRAIL_EXIT,0.913,WIN
2025-10-30,INTELLECT,09:15,1035.0,09:20,1047.15,96,99360.0,1166.0,1.17,TRAIL_EXIT,0.913,WIN
2025-10-30,CHENNPETRO,09:15,810.0,09:20,816.05,123,99630.0,744.0,0.75,TRAIL_EXIT,0.913,WIN
2025-10-30,WELCORP,09:15,915.0,09:20,905.85,109,99735.0,-997.0,-1.0,TRAIL_EXIT,0.913,WIN
2025-10-30,FIVESTAR,09:15,606.0,09:20,636.0,165,99990.0,4950.0,4.95,TRAIL_EXIT,0.913,WIN
2025-10-31,NAVINFLUOR,09:15,5525.0,09:38,5602.0,18,99450.0,1386.0,1.39,TRAIL_EXIT,1.074,WIN
2025-10-31,INTELLECT,09:15,1053.5,09:38,1059.0,94,99029.0,517.0,0.52,TRAIL_EXIT,1.074,WIN
2025-10-31,WELCORP,09:15,945.0,09:38,943.7,105,99225.0,-136.0,-0.14,TRAIL_EXIT,1.074,WIN
2025-10-31,BLUEDART,09:15,6578.0,09:38,6673.5,15,98670.0,1432.0,1.45,TRAIL_EXIT,1.074,WIN
2025-10-31,FIVESTAR,09:15,630.0,09:38,643.45,158,99540.0,2125.0,2.13,TRAIL_EXIT,1.074,WIN
2025-11-03,FIVESTAR,09:15,640.0,10:09,649.1,156,99840.0,1420.0,1.42,TRAIL_EXIT,2.285,WIN
2025-11-03,WELCORP,09:15,970.0,10:09,969.1,103,99910.0,-93.0,-0.09,TRAIL_EXIT,2.285,WIN
2025-11-03,BLUEDART,09:15,6495.0,10:09,6316.0,15,97425.0,-2685.0,-2.76,TRAIL_EXIT,2.285,WIN
2025-11-03,INTELLECT,09:15,1128.9,10:09,1220.5,88,99343.0,8061.0,8.11,TRAIL_EXIT,2.285,WIN
2025-11-03,NAVINFLUOR,09:15,5700.0,10:09,5969.0,17,96900.0,4573.0,4.72,TRAIL_EXIT,2.285,WIN
2025-11-04,3MINDIA,09:15,33060.0,11:37,35410.0,3,99180.0,7050.0,7.11,TRAIL_EXIT,2.087,WIN
2025-11-04,REDINGTON,09:15,254.15,11:37,252.1,393,99881.0,-806.0,-0.81,TRAIL_EXIT,2.087,WIN
2025-11-04,CCL,09:15,881.85,11:37,885.95,113,99649.0,463.0,0.46,TRAIL_EXIT,2.087,WIN
2025-11-04,POWERINDIA,09:15,19210.0,11:37,20090.0,5,96050.0,4400.0,4.58,TRAIL_EXIT,2.087,WIN
2025-11-04,CUB,09:15,251.0,11:37,249.03,398,99898.0,-784.0,-0.78,TRAIL_EXIT,2.087,WIN
2025-11-06,REDINGTON,09:15,265.15,10:38,277.75,377,99962.0,4750.0,4.75,TRAIL_EXIT,1.701,WIN
2025-11-06,POWERINDIA,09:15,20305.0,10:38,20113.0,4,81220.0,-768.0,-0.95,TRAIL_EXIT,1.701,WIN
2025-11-06,CCL,09:15,922.0,10:38,993.75,108,99576.0,7749.0,7.78,TRAIL_EXIT,1.701,WIN
2025-11-06,SWANCORP,09:15,453.0,10:38,442.0,220,99660.0,-2420.0,-2.43,TRAIL_EXIT,1.701,WIN
2025-11-06,TBOTEK,09:15,1589.0,10:38,1570.2,62,98518.0,-1166.0,-1.18,TRAIL_EXIT,1.701,WIN
2025-11-07,BSE,09:15,2450.0,09:53,2505.7,40,98000.0,2228.0,2.27,TRAIL_EXIT,0.975,WIN
2025-11-07,POWERINDIA,09:15,20020.0,09:53,20383.0,4,80080.0,1452.0,1.81,TRAIL_EXIT,0.975,WIN
2025-11-07,REDINGTON,09:15,286.85,09:53,288.25,348,99824.0,487.0,0.49,TRAIL_EXIT,0.975,WIN
2025-11-07,SWANCORP,09:15,432.25,09:53,432.9,231,99850.0,150.0,0.15,TRAIL_EXIT,0.975,WIN
2025-11-07,3MINDIA,09:15,35500.0,09:53,35530.0,2,71000.0,60.0,0.08,TRAIL_EXIT,0.975,WIN
2025-11-10,SWANCORP,09:15,468.0,09:25,462.3,213,99684.0,-1214.0,-1.22,TRAIL_EXIT,0.985,WIN
2025-11-10,REDINGTON,09:15,289.0,09:25,297.25,346,99994.0,2854.0,2.85,TRAIL_EXIT,0.985,WIN
2025-11-10,POWERINDIA,09:15,20970.0,09:25,21250.0,4,83880.0,1120.0,1.34,TRAIL_EXIT,0.985,WIN
2025-11-10,CCL,09:15,1014.9,09:25,1035.85,98,99460.0,2053.0,2.06,TRAIL_EXIT,0.985,WIN
2025-11-10,CUB,09:15,254.2,09:25,254.05,393,99901.0,-59.0,-0.06,TRAIL_EXIT,0.985,WIN
2025-11-11,IPCALAB,09:15,1345.8,09:21,1337.4,74,99589.0,-622.0,-0.62,STOP_1.5,-1.537,LOSS
2025-11-11,DATAPATTNS,09:15,2644.4,09:21,2660.4,37,97843.0,592.0,0.61,STOP_1.5,-1.537,LOSS
2025-11-11,GRAPHITE,09:15,538.5,09:21,531.5,185,99622.0,-1295.0,-1.3,STOP_1.5,-1.537,LOSS
2025-11-11,TARIL,09:15,301.25,09:21,282.2,331,99714.0,-6306.0,-6.32,STOP_1.5,-1.537,LOSS
2025-11-11,HONASA,09:15,274.95,09:21,274.95,363,99807.0,0.0,0.0,STOP_1.5,-1.537,LOSS
2025-11-12,IPCALAB,09:15,1328.3,09:17,1320.1,75,99622.0,-615.0,-0.62,TRAIL_EXIT,0.571,WIN
2025-11-12,HONASA,09:15,279.9,09:17,282.5,357,99924.0,928.0,0.93,TRAIL_EXIT,0.571,WIN
2025-11-12,TARIL,09:15,289.8,09:17,289.6,345,99981.0,-69.0,-0.07,TRAIL_EXIT,0.571,WIN
2025-11-12,KIRLOSENG,09:15,1010.0,09:17,1043.2,99,99990.0,3287.0,3.29,TRAIL_EXIT,0.571,WIN
2025-11-12,DATAPATTNS,09:15,2778.9,09:17,2759.0,35,97262.0,-697.0,-0.72,TRAIL_EXIT,0.571,WIN
2025-11-13,IPCALAB,09:15,1340.0,09:37,1353.7,74,99160.0,1014.0,1.02,TRAIL_EXIT,0.764,WIN
2025-11-13,TARIL,09:15,302.45,09:37,303.45,330,99808.0,330.0,0.33,TRAIL_EXIT,0.764,WIN
2025-11-13,GRAPHITE,09:15,569.7,09:37,577.35,175,99698.0,1339.0,1.34,TRAIL_EXIT,0.764,WIN
2025-11-13,DATAPATTNS,09:15,2940.0,09:37,3017.2,34,99960.0,2625.0,2.63,TRAIL_EXIT,0.764,WIN
2025-11-13,HONASA,09:15,300.0,09:37,295.5,333,99900.0,-1498.0,-1.5,TRAIL_EXIT,0.764,WIN
2025-11-14,IPCALAB,09:15,1309.7,15:25,1465.0,76,99537.0,11803.0,11.86,TRAIL_EXIT,4.814,WIN
2025-11-14,TARIL,09:15,289.0,15:25,318.2,346,99994.0,10103.0,10.1,TRAIL_EXIT,4.814,WIN
2025-11-14,GRAPHITE,09:15,571.95,15:25,573.2,174,99519.0,218.0,0.22,TRAIL_EXIT,4.814,WIN
2025-11-14,LATENTVIEW,09:15,482.0,15:25,488.65,207,99774.0,1377.0,1.38,TRAIL_EXIT,4.814,WIN
2025-11-14,RPOWER,09:15,41.12,15:25,41.33,2431,99963.0,511.0,0.51,TRAIL_EXIT,4.814,WIN
2025-11-17,TARIL,09:15,330.55,15:29,333.5,302,99826.0,891.0,0.89,CLOSE_EXIT,-0.302,LOSS
2025-11-17,IPCALAB,09:15,1460.0,15:29,1457.0,68,99280.0,-204.0,-0.21,CLOSE_EXIT,-0.302,LOSS
2025-11-17,GRAPHITE,09:15,573.7,15:29,574.0,174,99824.0,52.0,0.05,CLOSE_EXIT,-0.302,LOSS
2025-11-17,DATAPATTNS,09:15,3110.0,15:29,3071.0,32,99520.0,-1248.0,-1.25,CLOSE_EXIT,-0.302,LOSS
2025-11-17,IDEA,09:15,11.04,15:29,10.93,9057,99989.0,-996.0,-1.0,CLOSE_EXIT,-0.302,LOSS
2025-11-18,ANURAS,09:15,1075.0,15:29,1110.9,93,99975.0,3339.0,3.34,CLOSE_EXIT,0.586,WIN
2025-11-18,TBOTEK,09:15,1617.0,15:29,1621.0,61,98637.0,244.0,0.25,CLOSE_EXIT,0.586,WIN
2025-11-18,M&MFIN,09:15,315.0,15:29,323.5,317,99855.0,2694.0,2.7,CLOSE_EXIT,0.586,WIN
2025-11-18,NH,09:15,2008.0,15:29,1946.0,49,98392.0,-3038.0,-3.09,CLOSE_EXIT,0.586,WIN
2025-11-18,360ONE,09:15,1079.8,15:29,1076.2,92,99342.0,-331.0,-0.33,CLOSE_EXIT,0.586,WIN
2025-11-19,ANURAS,09:15,1108.0,10:01,1106.4,90,99720.0,-144.0,-0.14,TRAIL_EXIT,0.942,WIN
2025-11-19,TBOTEK,09:15,1612.0,10:01,1613.9,62,99944.0,118.0,0.12,TRAIL_EXIT,0.942,WIN
2025-11-19,NH,09:15,1950.0,10:01,1987.6,51,99450.0,1918.0,1.93,TRAIL_EXIT,0.942,WIN
2025-11-19,M&MFIN,09:15,324.35,10:01,329.7,308,99900.0,1648.0,1.65,TRAIL_EXIT,0.942,WIN
2025-11-19,LTTS,09:15,4085.0,10:01,4132.7,24,98040.0,1145.0,1.17,TRAIL_EXIT,0.942,WIN
2025-11-20,TBOTEK,09:15,1644.0,09:44,1642.7,60,98640.0,-78.0,-0.08,TRAIL_EXIT,0.958,WIN
2025-11-20,ANURAS,09:15,1113.9,09:44,1115.0,89,99137.0,98.0,0.1,TRAIL_EXIT,0.958,WIN
2025-11-20,NH,09:15,1995.0,09:44,2020.4,50,99750.0,1270.0,1.27,TRAIL_EXIT,0.958,WIN
2025-11-20,M&MFIN,09:15,331.95,09:44,333.0,301,99917.0,316.0,0.32,TRAIL_EXIT,0.958,WIN
2025-11-20,NATCOPHARM,09:15,831.7,09:44,858.0,120,99804.0,3156.0,3.16,TRAIL_EXIT,0.958,WIN
2025-11-21,ANURAS,09:15,1187.9,10:51,1232.3,84,99784.0,3730.0,3.74,TRAIL_EXIT,2.061,WIN
2025-11-21,NH,09:15,2007.0,10:51,2017.1,49,98343.0,495.0,0.5,TRAIL_EXIT,2.061,WIN
2025-11-21,TBOTEK,09:15,1682.5,10:51,1745.8,59,99268.0,3735.0,3.76,TRAIL_EXIT,2.061,WIN
2025-11-21,M&MFIN,09:15,345.9,10:51,344.2,289,99965.0,-491.0,-0.49,TRAIL_EXIT,2.061,WIN
2025-11-21,DCMSHRIRAM,09:15,1174.3,10:51,1207.0,85,99816.0,2780.0,2.78,TRAIL_EXIT,2.061,WIN
2025-11-24,ANURAS,09:15,1253.0,15:29,1190.8,79,98987.0,-4914.0,-4.96,CLOSE_EXIT,-1.104,LOSS
2025-11-24,TBOTEK,09:15,1710.0,15:29,1725.2,58,99180.0,882.0,0.89,CLOSE_EXIT,-1.104,LOSS
2025-11-24,NH,09:15,2043.5,15:29,1978.0,48,98088.0,-3144.0,-3.21,CLOSE_EXIT,-1.104,LOSS
2025-11-24,M&MFIN,09:15,342.55,15:29,355.75,291,99682.0,3841.0,3.85,CLOSE_EXIT,-1.104,LOSS
2025-11-24,360ONE,09:15,1147.6,15:29,1123.0,87,99841.0,-2140.0,-2.14,CLOSE_EXIT,-1.104,LOSS
2025-11-25,GMDCLTD,09:15,471.1,15:29,485.95,212,99873.0,3148.0,3.15,CLOSE_EXIT,-0.252,LOSS
2025-11-25,WELSPUNLIV,09:15,131.87,15:29,130.31,758,99957.0,-1182.0,-1.18,CLOSE_EXIT,-0.252,LOSS
2025-11-25,TIMKEN,09:15,3100.0,15:29,3125.1,32,99200.0,803.0,0.81,CLOSE_EXIT,-0.252,LOSS
2025-11-25,ELGIEQUIP,09:15,495.5,15:29,480.0,201,99596.0,-3116.0,-3.13,CLOSE_EXIT,-0.252,LOSS
2025-11-25,CEMPRO,09:15,778.5,15:29,771.4,128,99648.0,-909.0,-0.91,CLOSE_EXIT,-0.252,LOSS
2025-11-26,GMDCLTD,09:15,492.35,09:29,494.55,203,99947.0,447.0,0.45,TRAIL_EXIT,0.939,WIN
2025-11-26,WELSPUNLIV,09:15,130.27,09:29,131.9,767,99917.0,1250.0,1.25,TRAIL_EXIT,0.939,WIN
2025-11-26,TIMKEN,09:15,3116.0,09:29,3103.5,32,99712.0,-400.0,-0.4,TRAIL_EXIT,0.939,WIN
2025-11-26,CEMPRO,09:15,780.45,09:29,781.75,128,99898.0,166.0,0.17,TRAIL_EXIT,0.939,WIN
2025-11-26,RPOWER,09:15,37.21,09:29,38.41,2687,99983.0,3224.0,3.22,TRAIL_EXIT,0.939,WIN
2025-11-27,GMDCLTD,09:15,543.4,12:47,569.45,184,99986.0,4793.0,4.79,TRAIL_EXIT,0.884,WIN
2025-11-27,WELSPUNLIV,09:15,133.53,12:47,131.54,748,99880.0,-1489.0,-1.49,TRAIL_EXIT,0.884,WIN
2025-11-27,TIMKEN,09:15,3149.8,12:47,3145.0,31,97644.0,-149.0,-0.15,TRAIL_EXIT,0.884,WIN
2025-11-27,SAREGAMA,09:15,382.9,12:47,388.9,261,99937.0,1566.0,1.57,TRAIL_EXIT,0.884,WIN
2025-11-27,ELGIEQUIP,09:15,503.2,12:47,501.55,198,99634.0,-327.0,-0.33,TRAIL_EXIT,0.884,WIN
2025-11-28,WELSPUNLIV,09:15,132.5,15:29,147.7,754,99905.0,11461.0,11.47,CLOSE_EXIT,2.739,WIN
2025-11-28,TIMKEN,09:15,3179.0,15:29,3151.9,31,98549.0,-840.0,-0.85,CLOSE_EXIT,2.739,WIN
2025-11-28,GMDCLTD,09:15,555.0,15:29,538.0,180,99900.0,-3060.0,-3.06,CLOSE_EXIT,2.739,WIN
2025-11-28,CEMPRO,09:15,811.0,15:29,843.0,123,99753.0,3936.0,3.95,CLOSE_EXIT,2.739,WIN
2025-11-28,ELGIEQUIP,09:15,498.55,15:29,509.25,200,99710.0,2140.0,2.15,CLOSE_EXIT,2.739,WIN
2025-12-01,TIMKEN,09:15,3158.1,15:29,3167.3,31,97901.0,285.0,0.29,CLOSE_EXIT,-1.117,LOSS
2025-12-01,GMDCLTD,09:15,542.0,15:29,552.3,184,99728.0,1895.0,1.9,CLOSE_EXIT,-1.117,LOSS
2025-12-01,WELSPUNLIV,09:15,146.6,15:29,141.79,682,99981.0,-3280.0,-3.28,CLOSE_EXIT,-1.117,LOSS
2025-12-01,RPOWER,09:15,39.86,15:29,38.86,2508,99969.0,-2508.0,-2.51,CLOSE_EXIT,-1.117,LOSS
2025-12-01,ELGIEQUIP,09:15,510.0,15:29,500.05,196,99960.0,-1950.0,-1.95,CLOSE_EXIT,-1.117,LOSS
2025-12-02,INDIACEM,09:15,386.65,12:20,382.0,258,99756.0,-1200.0,-1.2,TRAIL_EXIT,0.948,WIN
2025-12-02,BSOFT,09:15,387.0,12:20,404.2,258,99846.0,4438.0,4.44,TRAIL_EXIT,0.948,WIN
2025-12-02,ZFCVINDIA,09:15,14500.0,12:20,14600.0,6,87000.0,600.0,0.69,TRAIL_EXIT,0.948,WIN
2025-12-02,JSWDULUX,09:15,3319.8,12:20,3376.4,30,99594.0,1698.0,1.7,TRAIL_EXIT,0.948,WIN
2025-12-02,HSCL,09:15,438.8,12:20,434.7,227,99608.0,-931.0,-0.93,TRAIL_EXIT,0.948,WIN
2025-12-03,INDIACEM,09:15,383.55,10:29,377.9,260,99723.0,-1469.0,-1.47,TRAIL_EXIT,0.978,WIN
2025-12-03,ZFCVINDIA,09:15,14351.0,10:29,14412.0,6,86106.0,366.0,0.43,TRAIL_EXIT,0.978,WIN
2025-12-03,HSCL,09:15,434.1,10:29,442.15,230,99843.0,1851.0,1.85,TRAIL_EXIT,0.978,WIN
2025-12-03,BSOFT,09:15,405.9,10:29,418.15,246,99851.0,3014.0,3.02,TRAIL_EXIT,0.978,WIN
2025-12-03,JSWDULUX,09:15,3413.2,10:29,3446.8,29,98983.0,974.0,0.98,TRAIL_EXIT,0.978,WIN
2025-12-04,INDIACEM,09:15,374.0,15:29,413.25,267,99858.0,10480.0,10.49,CLOSE_EXIT,5.137,WIN
2025-12-04,BSOFT,09:15,422.0,15:29,436.7,236,99592.0,3469.0,3.48,CLOSE_EXIT,5.137,WIN
2025-12-04,ZFCVINDIA,09:15,14587.0,15:29,14799.0,6,87522.0,1272.0,1.45,CLOSE_EXIT,5.137,WIN
2025-12-04,HSCL,09:15,447.65,15:29,464.0,223,99826.0,3646.0,3.65,CLOSE_EXIT,5.137,WIN
2025-12-04,HINDCOPPER,09:15,342.0,15:29,363.0,292,99864.0,6132.0,6.14,CLOSE_EXIT,5.137,WIN
2025-12-05,ZFCVINDIA,09:15,14839.0,14:15,14885.0,6,89034.0,276.0,0.31,TRAIL_EXIT,0.94,WIN
2025-12-05,BSOFT,09:15,435.9,14:15,432.5,229,99821.0,-779.0,-0.78,TRAIL_EXIT,0.94,WIN
2025-12-05,INDIACEM,09:15,413.0,14:15,408.6,242,99946.0,-1065.0,-1.07,TRAIL_EXIT,0.94,WIN
2025-12-05,HSCL,09:15,462.35,14:15,479.6,216,99868.0,3726.0,3.73,TRAIL_EXIT,0.94,WIN
2025-12-05,HINDCOPPER,09:15,362.9,14:15,371.75,275,99798.0,2434.0,2.44,TRAIL_EXIT,0.94,WIN
2025-12-08,ZFCVINDIA,09:15,14721.0,10:25,15050.0,6,88326.0,1974.0,2.23,TRAIL_EXIT,0.891,WIN
2025-12-08,BSOFT,09:15,433.7,10:25,439.5,230,99751.0,1334.0,1.34,TRAIL_EXIT,0.891,WIN
2025-12-08,INDIACEM,09:15,410.85,10:25,416.0,243,99837.0,1251.0,1.25,TRAIL_EXIT,0.891,WIN
2025-12-08,HSCL,09:15,471.0,10:25,470.35,212,99852.0,-138.0,-0.14,TRAIL_EXIT,0.891,WIN
2025-12-08,HINDCOPPER,09:15,372.0,10:25,371.7,268,99696.0,-80.0,-0.08,TRAIL_EXIT,0.891,WIN
2025-12-09,JUBLINGREA,09:15,651.8,09:39,650.75,153,99725.0,-161.0,-0.16,STOP_1.5,-1.591,LOSS
2025-12-09,TARIL,09:15,240.75,09:39,233.2,415,99911.0,-3133.0,-3.14,STOP_1.5,-1.591,LOSS
2025-12-09,ANANTRAJ,09:15,503.1,09:39,491.1,198,99614.0,-2376.0,-2.39,STOP_1.5,-1.591,LOSS
2025-12-09,GODFRYPHLP,09:15,2629.9,09:39,2597.4,38,99936.0,-1235.0,-1.24,STOP_1.5,-1.591,LOSS
2025-12-09,GVT&D,09:15,2730.0,09:39,2702.0,36,98280.0,-1008.0,-1.03,STOP_1.5,-1.591,LOSS
2025-12-10,TARIL,09:15,247.05,09:25,247.05,404,99808.0,0.0,0.0,TRAIL_EXIT,0.968,WIN
2025-12-10,JUBLINGREA,09:15,682.6,09:25,685.35,146,99660.0,402.0,0.4,TRAIL_EXIT,0.968,WIN
2025-12-10,ANANTRAJ,09:15,507.0,09:25,512.4,197,99879.0,1064.0,1.07,TRAIL_EXIT,0.968,WIN
2025-12-10,GODFRYPHLP,09:15,2770.0,09:25,2837.2,36,99720.0,2419.0,2.43,TRAIL_EXIT,0.968,WIN
2025-12-10,NIACL,09:15,159.17,09:25,160.68,628,99959.0,948.0,0.95,TRAIL_EXIT,0.968,WIN
2025-12-11,TARIL,09:15,242.0,12:13,236.65,413,99946.0,-2210.0,-2.21,TRAIL_EXIT,0.86,WIN
2025-12-11,JUBLINGREA,09:15,673.15,12:13,675.0,148,99626.0,274.0,0.27,TRAIL_EXIT,0.86,WIN
2025-12-11,ANANTRAJ,09:15,510.35,12:13,506.15,195,99518.0,-819.0,-0.82,TRAIL_EXIT,0.86,WIN
2025-12-11,NIACL,09:15,160.79,12:13,159.52,621,99851.0,-789.0,-0.79,TRAIL_EXIT,0.86,WIN
2025-12-11,OLAELEC,09:15,34.06,12:13,36.73,2935,99966.0,7836.0,7.84,TRAIL_EXIT,0.86,WIN
2025-12-12,TARIL,09:15,241.7,09:17,248.55,413,99822.0,2829.0,2.83,TRAIL_EXIT,0.879,WIN
2025-12-12,JUBLINGREA,09:15,680.9,09:17,682.7,146,99411.0,263.0,0.26,TRAIL_EXIT,0.879,WIN
2025-12-12,ANANTRAJ,09:15,507.4,09:17,514.0,197,99958.0,1300.0,1.3,TRAIL_EXIT,0.879,WIN
2025-12-12,NIACL,09:15,163.8,09:17,163.29,610,99918.0,-311.0,-0.31,TRAIL_EXIT,0.879,WIN
2025-12-12,GODFRYPHLP,09:15,2810.0,09:17,2818.4,35,98350.0,294.0,0.3,TRAIL_EXIT,0.879,WIN
2025-12-15,JUBLINGREA,09:15,688.0,15:19,705.4,145,99760.0,2523.0,2.53,TRAIL_EXIT,3.267,WIN
2025-12-15,ANANTRAJ,09:15,546.0,15:19,550.15,183,99918.0,759.0,0.76,TRAIL_EXIT,3.267,WIN
2025-12-15,TARIL,09:15,276.95,15:19,305.25,361,99979.0,10216.0,10.22,TRAIL_EXIT,3.267,WIN
2025-12-15,OLAELEC,09:15,36.46,15:19,37.2,2742,99973.0,2029.0,2.03,TRAIL_EXIT,3.267,WIN
2025-12-15,GODFRYPHLP,09:15,2851.6,15:19,2874.2,35,99806.0,791.0,0.79,TRAIL_EXIT,3.267,WIN
2025-12-16,RPOWER,09:15,34.25,10:13,35.14,2919,99976.0,2598.0,2.6,TRAIL_EXIT,0.93,WIN
2025-12-16,AIIL,09:15,536.2,10:13,541.4,186,99733.0,967.0,0.97,TRAIL_EXIT,0.93,WIN
2025-12-16,KIRLOSENG,09:15,1136.1,10:13,1164.0,88,99977.0,2455.0,2.46,TRAIL_EXIT,0.93,WIN
2025-12-16,ZFCVINDIA,09:15,14633.0,10:13,14601.0,6,87798.0,-192.0,-0.22,TRAIL_EXIT,0.93,WIN
2025-12-16,HBLENGINE,09:15,814.95,10:13,804.3,122,99424.0,-1299.0,-1.31,TRAIL_EXIT,0.93,WIN
2025-12-17,RPOWER,09:15,34.83,15:29,35.82,2871,99997.0,2842.0,2.84,CLOSE_EXIT,-1.38,LOSS
2025-12-17,AIIL,09:15,559.9,15:29,550.6,178,99662.0,-1655.0,-1.66,CLOSE_EXIT,-1.38,LOSS
2025-12-17,HBLENGINE,09:15,799.0,15:29,762.0,125,99875.0,-4625.0,-4.63,CLOSE_EXIT,-1.38,LOSS
2025-12-17,POLICYBZR,09:15,1812.7,15:29,1763.9,55,99698.0,-2684.0,-2.69,CLOSE_EXIT,-1.38,LOSS
2025-12-17,PTCIL,09:15,17520.0,15:29,17401.0,5,87600.0,-595.0,-0.68,CLOSE_EXIT,-1.38,LOSS
2025-12-18,RPOWER,09:15,36.19,10:49,36.07,2763,99993.0,-332.0,-0.33,TRAIL_EXIT,0.981,WIN
2025-12-18,HBLENGINE,09:15,767.55,10:49,782.5,130,99782.0,1944.0,1.95,TRAIL_EXIT,0.981,WIN
2025-12-18,AIIL,09:15,551.8,10:49,547.8,181,99876.0,-724.0,-0.72,TRAIL_EXIT,0.981,WIN
2025-12-18,ZFCVINDIA,09:15,14755.0,10:49,15027.0,6,88530.0,1632.0,1.84,TRAIL_EXIT,0.981,WIN
2025-12-18,GABRIEL,09:15,950.0,10:49,971.6,105,99750.0,2268.0,2.27,TRAIL_EXIT,0.981,WIN
2025-12-19,AIIL,09:15,540.0,15:29,576.0,185,99900.0,6660.0,6.67,CLOSE_EXIT,3.454,WIN
2025-12-19,RPOWER,09:15,38.0,15:29,38.45,2631,99978.0,1184.0,1.18,CLOSE_EXIT,3.454,WIN
2025-12-19,POLICYBZR,09:15,1834.4,15:29,1885.1,54,99058.0,2738.0,2.76,CLOSE_EXIT,3.454,WIN
2025-12-19,PTCIL,09:15,16911.0,15:29,17490.0,5,84555.0,2895.0,3.42,CLOSE_EXIT,3.454,WIN
2025-12-19,ZFCVINDIA,09:15,15020.0,15:29,15500.0,6,90120.0,2880.0,3.2,CLOSE_EXIT,3.454,WIN
2025-12-22,RPOWER,09:15,38.3,09:41,36.75,2610,99963.0,-4045.0,-4.05,STOP_1.5,-1.581,LOSS
2025-12-22,AIIL,09:15,581.0,09:41,569.8,172,99932.0,-1926.0,-1.93,STOP_1.5,-1.581,LOSS
2025-12-22,POLICYBZR,09:15,1900.0,09:41,1877.3,52,98800.0,-1180.0,-1.19,STOP_1.5,-1.581,LOSS
2025-12-22,PTCIL,09:15,17500.0,09:41,17610.0,5,87500.0,550.0,0.63,STOP_1.5,-1.581,LOSS
2025-12-22,ZFCVINDIA,09:15,15569.0,09:41,15406.0,6,93414.0,-978.0,-1.05,STOP_1.5,-1.581,LOSS
2025-12-23,IRFC,09:15,117.8,10:21,119.58,848,99894.0,1509.0,1.51,TRAIL_EXIT,2.453,WIN
2025-12-23,MMTC,09:15,56.76,10:21,57.59,1761,99954.0,1462.0,1.46,TRAIL_EXIT,2.453,WIN
2025-12-23,GMDCLTD,09:15,518.0,10:21,537.4,193,99974.0,3744.0,3.75,TRAIL_EXIT,2.453,WIN
2025-12-23,RAILTEL,09:15,344.85,10:21,353.4,289,99662.0,2471.0,2.48,TRAIL_EXIT,2.453,WIN
2025-12-23,IRCON,09:15,157.96,10:21,162.8,633,99989.0,3064.0,3.06,TRAIL_EXIT,2.453,WIN
2025-12-24,GMDCLTD,09:15,530.3,09:32,531.1,188,99696.0,150.0,0.15,TRAIL_EXIT,0.984,WIN
2025-12-24,MMTC,09:15,57.2,09:32,58.11,1748,99986.0,1591.0,1.59,TRAIL_EXIT,0.984,WIN
2025-12-24,IRCON,09:15,170.4,09:32,170.57,586,99854.0,100.0,0.1,TRAIL_EXIT,0.984,WIN
2025-12-24,RVNL,09:15,343.95,09:32,346.55,290,99746.0,754.0,0.76,TRAIL_EXIT,0.984,WIN
2025-12-24,TITAGARH,09:15,837.95,09:32,857.4,119,99716.0,2315.0,2.32,TRAIL_EXIT,0.984,WIN
2025-12-26,MMTC,09:15,57.75,10:12,62.43,1731,99965.0,8101.0,8.1,TRAIL_EXIT,6.482,WIN
2025-12-26,TITAGARH,09:15,852.95,10:12,893.75,117,99795.0,4774.0,4.78,TRAIL_EXIT,6.482,WIN
2025-12-26,RAILTEL,09:15,356.55,10:12,378.55,280,99834.0,6160.0,6.17,TRAIL_EXIT,6.482,WIN
2025-12-26,IRCON,09:15,170.01,10:12,177.8,588,99966.0,4581.0,4.58,TRAIL_EXIT,6.482,WIN
2025-12-26,RVNL,09:15,346.7,10:12,377.1,288,99850.0,8755.0,8.77,TRAIL_EXIT,6.482,WIN
2025-12-29,TITAGARH,09:15,899.1,12:21,902.95,111,99800.0,427.0,0.43,STOP_1.5,-1.577,LOSS
2025-12-29,RAILTEL,09:15,382.9,12:21,373.1,261,99937.0,-2558.0,-2.56,STOP_1.5,-1.577,LOSS
2025-12-29,MMTC,09:15,66.2,12:21,68.9,1510,99962.0,4077.0,4.08,STOP_1.5,-1.577,LOSS
2025-12-29,IRCON,09:15,178.89,12:21,174.74,559,100000.0,-2320.0,-2.32,STOP_1.5,-1.577,LOSS
2025-12-29,HINDCOPPER,09:15,545.05,12:21,504.05,183,99744.0,-7503.0,-7.52,STOP_1.5,-1.577,LOSS
2025-12-30,OLAELEC,09:15,35.6,15:29,36.64,2808,99965.0,2920.0,2.92,CLOSE_EXIT,0.693,WIN
2025-12-30,TARIL,09:15,286.4,15:29,283.5,349,99954.0,-1012.0,-1.01,CLOSE_EXIT,0.693,WIN
2025-12-30,BOSCHLTD,09:15,35630.0,15:29,35745.0,2,71260.0,230.0,0.32,CLOSE_EXIT,0.693,WIN
2025-12-30,SJVN,09:15,73.12,15:29,73.7,1367,99955.0,793.0,0.79,CLOSE_EXIT,0.693,WIN
2025-12-30,GUJGASLTD,09:15,389.7,15:29,391.0,256,99763.0,333.0,0.33,CLOSE_EXIT,0.693,WIN
2025-12-31,TARIL,09:15,282.5,14:18,286.15,353,99722.0,1288.0,1.29,TRAIL_EXIT,1.481,WIN
2025-12-31,BOSCHLTD,09:15,35700.0,14:18,36020.0,2,71400.0,640.0,0.9,TRAIL_EXIT,1.481,WIN
2025-12-31,SJVN,09:15,73.29,14:18,74.83,1364,99968.0,2101.0,2.1,TRAIL_EXIT,1.481,WIN
2025-12-31,GUJGASLTD,09:15,394.5,14:18,411.3,253,99808.0,4250.0,4.26,TRAIL_EXIT,1.481,WIN
2025-12-31,OLAELEC,09:15,36.8,14:18,36.32,2717,99986.0,-1304.0,-1.3,TRAIL_EXIT,1.481,WIN
2026-01-01,TARIL,09:15,288.0,10:05,305.55,347,99936.0,6090.0,6.09,TRAIL_EXIT,1.418,WIN
2026-01-01,OLAELEC,09:15,36.3,10:05,36.44,2754,99970.0,386.0,0.39,TRAIL_EXIT,1.418,WIN
2026-01-01,SJVN,09:15,74.95,10:05,75.13,1334,99983.0,240.0,0.24,TRAIL_EXIT,1.418,WIN
2026-01-01,BOSCHLTD,09:15,36040.0,10:05,35835.0,2,72080.0,-410.0,-0.57,TRAIL_EXIT,1.418,WIN
2026-01-01,ANANTRAJ,09:15,547.95,10:05,550.05,182,99727.0,382.0,0.38,TRAIL_EXIT,1.418,WIN
2026-01-02,TARIL,09:15,310.0,09:55,308.0,322,99820.0,-644.0,-0.65,TRAIL_EXIT,0.905,WIN
2026-01-02,OLAELEC,09:15,37.89,09:55,39.74,2639,99992.0,4882.0,4.88,TRAIL_EXIT,0.905,WIN
2026-01-02,SJVN,09:15,74.96,09:55,75.13,1334,99997.0,227.0,0.23,TRAIL_EXIT,0.905,WIN
2026-01-02,HINDCOPPER,09:15,530.0,09:55,530.2,188,99640.0,38.0,0.04,TRAIL_EXIT,0.905,WIN
2026-01-02,IDBI,09:15,104.2,09:55,104.22,959,99928.0,19.0,0.02,TRAIL_EXIT,0.905,WIN
2026-01-05,TARIL,09:15,336.75,13:05,328.0,296,99678.0,-2590.0,-2.6,TRAIL_EXIT,1.271,WIN
2026-01-05,HINDCOPPER,09:15,554.95,13:05,555.15,180,99891.0,36.0,0.04,TRAIL_EXIT,1.271,WIN
2026-01-05,OLAELEC,09:15,41.25,13:05,43.42,2424,99990.0,5260.0,5.26,TRAIL_EXIT,1.271,WIN
2026-01-05,SJVN,09:15,84.0,13:05,87.14,1190,99960.0,3737.0,3.74,TRAIL_EXIT,1.271,WIN
2026-01-05,CRAFTSMAN,09:15,8013.0,13:05,8001.0,12,96156.0,-144.0,-0.15,TRAIL_EXIT,1.271,WIN
2026-01-06,IPCALAB,09:15,1419.5,10:05,1440.5,70,99365.0,1470.0,1.48,TRAIL_EXIT,0.9,WIN
2026-01-06,TATAELXSI,09:15,5350.0,10:05,5373.0,18,96300.0,414.0,0.43,TRAIL_EXIT,0.9,WIN
2026-01-06,SIGNATURE,09:15,1132.4,10:05,1127.0,88,99651.0,-475.0,-0.48,TRAIL_EXIT,0.9,WIN
2026-01-06,SOLARINDS,09:15,12749.0,10:05,12725.0,7,89243.0,-168.0,-0.19,TRAIL_EXIT,0.9,WIN
2026-01-06,NETWEB,09:15,3289.0,10:05,3392.6,30,98670.0,3108.0,3.15,TRAIL_EXIT,0.9,WIN
2026-01-07,IPCALAB,09:15,1475.5,09:27,1482.0,67,98858.0,436.0,0.44,TRAIL_EXIT,0.898,WIN
2026-01-07,SIGNATURE,09:15,1121.0,09:27,1120.0,89,99769.0,-89.0,-0.09,TRAIL_EXIT,0.898,WIN
2026-01-07,TATAELXSI,09:15,5340.0,09:27,5516.0,18,96120.0,3168.0,3.3,TRAIL_EXIT,0.898,WIN
2026-01-07,SOLARINDS,09:15,12856.0,09:27,12894.0,7,89992.0,266.0,0.3,TRAIL_EXIT,0.898,WIN
2026-01-07,BHEL,09:15,296.95,09:27,298.65,336,99775.0,571.0,0.57,TRAIL_EXIT,0.898,WIN
2026-01-08,IPCALAB,09:15,1523.5,10:22,1515.0,65,99028.0,-552.0,-0.56,STOP_1.5,-1.599,LOSS
2026-01-08,SIGNATURE,09:15,1105.0,10:22,1038.4,90,99450.0,-5994.0,-6.03,STOP_1.5,-1.599,LOSS
2026-01-08,NETWEB,09:15,3360.0,10:22,3345.1,29,97440.0,-432.0,-0.44,STOP_1.5,-1.599,LOSS
2026-01-08,SOLARINDS,09:15,13389.0,10:22,13640.0,7,93723.0,1757.0,1.87,STOP_1.5,-1.599,LOSS
2026-01-08,TATAELXSI,09:15,5853.0,10:22,5700.0,17,99501.0,-2601.0,-2.61,STOP_1.5,-1.599,LOSS
2026-01-09,IPCALAB,09:15,1545.0,10:23,1540.4,64,98880.0,-294.0,-0.3,TRAIL_EXIT,1.0,WIN
2026-01-09,NETWEB,09:15,3385.1,10:23,3431.7,29,98168.0,1351.0,1.38,TRAIL_EXIT,1.0,WIN
2026-01-09,SOLARINDS,09:15,13455.0,10:23,13610.0,7,94185.0,1085.0,1.15,TRAIL_EXIT,1.0,WIN
2026-01-09,TATAELXSI,09:15,5662.0,10:23,5817.0,17,96254.0,2635.0,2.74,TRAIL_EXIT,1.0,WIN
2026-01-09,EMCURE,09:15,1521.1,10:23,1522.4,65,98872.0,85.0,0.09,TRAIL_EXIT,1.0,WIN
2026-01-12,IPCALAB,09:15,1574.0,09:29,1519.0,63,99162.0,-3465.0,-3.49,STOP_1.5,-1.612,LOSS
2026-01-12,NETWEB,09:15,3300.0,09:29,3351.5,30,99000.0,1545.0,1.56,STOP_1.5,-1.612,LOSS
2026-01-12,SOLARINDS,09:15,13200.0,09:29,13027.0,7,92400.0,-1211.0,-1.31,STOP_1.5,-1.612,LOSS
2026-01-12,TATAELXSI,09:15,5650.0,09:29,5588.5,17,96050.0,-1046.0,-1.09,STOP_1.5,-1.612,LOSS
2026-01-12,EMCURE,09:15,1568.3,09:29,1510.4,63,98803.0,-3648.0,-3.69,STOP_1.5,-1.612,LOSS
2026-01-13,CHENNPETRO,09:15,810.0,15:29,822.9,123,99630.0,1587.0,1.59,CLOSE_EXIT,0.272,WIN
2026-01-13,ANGELONE,09:15,237.8,15:29,244.2,420,99876.0,2688.0,2.69,CLOSE_EXIT,0.272,WIN
2026-01-13,FEDERALBNK,09:15,253.15,15:29,249.75,395,99994.0,-1343.0,-1.34,CLOSE_EXIT,0.272,WIN
2026-01-13,JWL,09:15,301.0,15:29,294.05,332,99932.0,-2307.0,-2.31,CLOSE_EXIT,0.272,WIN
2026-01-13,UNIONBANK,09:15,164.99,15:29,166.2,606,99984.0,733.0,0.73,CLOSE_EXIT,0.272,WIN
2026-01-14,CHENNPETRO,09:15,822.5,10:06,849.8,121,99522.0,3303.0,3.32,TRAIL_EXIT,0.956,WIN
2026-01-14,ANGELONE,09:15,244.5,10:06,250.8,408,99756.0,2570.0,2.58,TRAIL_EXIT,0.956,WIN
2026-01-14,JWL,09:15,294.6,10:06,296.0,339,99869.0,475.0,0.48,TRAIL_EXIT,0.956,WIN
2026-01-14,FEDERALBNK,09:15,248.5,10:06,244.65,402,99897.0,-1548.0,-1.55,TRAIL_EXIT,0.956,WIN
2026-01-14,UNIONBANK,09:15,166.2,10:06,166.15,601,99886.0,-30.0,-0.03,TRAIL_EXIT,0.956,WIN
2026-01-16,FEDERALBNK,09:15,247.5,15:29,270.75,224,55440.0,5208.0,9.39,CLOSE_EXIT,2.438,WIN
2026-01-16,ANGELONE,09:15,258.8,15:29,274.0,214,55383.0,3253.0,5.87,CLOSE_EXIT,2.438,WIN
2026-01-16,MCX,09:15,2450.0,15:29,2444.0,22,53900.0,-132.0,-0.24,CLOSE_EXIT,2.438,WIN
2026-01-16,JWL,09:15,330.0,15:29,320.0,168,55440.0,-1680.0,-3.03,CLOSE_EXIT,2.438,WIN
2026-01-16,HDFCAMC,09:15,2580.2,15:29,2590.0,21,54184.0,206.0,0.38,CLOSE_EXIT,2.438,WIN
2026-01-16,IFCI,09:15,57.25,15:29,60.3,970,55532.0,2958.0,5.33,CLOSE_EXIT,2.438,WIN
2026-01-16,VEDL,09:15,675.75,15:29,681.45,82,55412.0,467.0,0.84,CLOSE_EXIT,2.438,WIN
2026-01-16,FORCEMOT,09:15,20555.0,15:29,20535.0,2,41110.0,-40.0,-0.1,CLOSE_EXIT,2.438,WIN
2026-01-16,MANAPPURAM,09:15,306.85,15:29,315.2,181,55540.0,1511.0,2.72,CLOSE_EXIT,2.438,WIN
2026-01-19,ANGELONE,09:15,276.5,14:58,270.0,361,99816.0,-2346.0,-2.35,TRAIL_EXIT,0.829,WIN
2026-01-19,JWL,09:15,320.0,14:58,320.7,312,99840.0,218.0,0.22,TRAIL_EXIT,0.829,WIN
2026-01-19,FEDERALBNK,09:15,271.45,14:58,279.25,368,99894.0,2870.0,2.87,TRAIL_EXIT,0.829,WIN
2026-01-19,CHENNPETRO,09:15,857.95,14:58,853.7,116,99522.0,-493.0,-0.5,TRAIL_EXIT,0.829,WIN
2026-01-19,FORCEMOT,09:15,20500.0,14:58,21435.0,4,82000.0,3740.0,4.56,TRAIL_EXIT,0.829,WIN
2026-01-20,SUNTV,09:15,540.0,09:48,538.0,185,99900.0,-370.0,-0.37,STOP_1.5,-1.559,LOSS
2026-01-20,CREDITACC,09:15,1285.0,09:48,1253.0,77,98945.0,-2464.0,-2.49,STOP_1.5,-1.559,LOSS
2026-01-20,RADICO,09:15,2852.9,09:48,2800.5,35,99852.0,-1834.0,-1.84,STOP_1.5,-1.559,LOSS
2026-01-20,MINDACORP,09:15,544.85,09:48,534.65,183,99708.0,-1867.0,-1.87,STOP_1.5,-1.559,LOSS
2026-01-20,MRPL,09:15,140.31,09:48,138.58,712,99901.0,-1232.0,-1.23,STOP_1.5,-1.559,LOSS
2026-01-21,SUNTV,09:15,550.05,10:19,547.05,181,99559.0,-543.0,-0.55,TRAIL_EXIT,1.198,WIN
2026-01-21,CREDITACC,09:15,1309.0,10:19,1336.2,76,99484.0,2067.0,2.08,TRAIL_EXIT,1.198,WIN
2026-01-21,RADICO,09:15,2759.8,10:19,2775.4,36,99353.0,562.0,0.57,TRAIL_EXIT,1.198,WIN
2026-01-21,MRPL,09:15,136.13,10:19,142.75,734,99919.0,4859.0,4.86,TRAIL_EXIT,1.198,WIN
2026-01-21,APLAPOLLO,09:15,1905.0,10:19,1886.0,52,99060.0,-988.0,-1.0,TRAIL_EXIT,1.198,WIN
2026-01-22,SUNTV,09:15,547.2,15:29,554.0,182,99590.0,1238.0,1.24,CLOSE_EXIT,3.319,WIN
2026-01-22,RADICO,09:15,2849.2,15:29,2996.0,35,99722.0,5138.0,5.15,CLOSE_EXIT,3.319,WIN
2026-01-22,MINDACORP,09:15,532.0,15:29,562.1,187,99484.0,5629.0,5.66,CLOSE_EXIT,3.319,WIN
2026-01-22,MRPL,09:15,151.8,15:29,150.83,658,99884.0,-638.0,-0.64,CLOSE_EXIT,3.319,WIN
2026-01-22,CREDITACC,09:15,1369.0,15:29,1440.0,73,99937.0,5183.0,5.19,CLOSE_EXIT,3.319,WIN
2026-01-23,SUNTV,09:15,559.7,15:29,560.0,178,99627.0,53.0,0.05,CLOSE_EXIT,-0.612,LOSS
2026-01-23,MRPL,09:15,151.8,15:29,152.25,658,99884.0,296.0,0.3,CLOSE_EXIT,-0.612,LOSS
2026-01-23,APLAPOLLO,09:15,2000.0,15:29,1997.8,50,100000.0,-110.0,-0.11,CLOSE_EXIT,-0.612,LOSS
2026-01-23,RADICO,09:15,2991.5,15:29,2962.0,33,98720.0,-974.0,-0.99,CLOSE_EXIT,-0.612,LOSS
2026-01-23,MINDACORP,09:15,560.0,15:29,547.0,178,99680.0,-2314.0,-2.32,CLOSE_EXIT,-0.612,LOSS
2026-01-27,SUNTV,09:15,555.0,13:40,529.2,180,99900.0,-4644.0,-4.65,STOP_1.5,-1.518,LOSS
2026-01-27,MRPL,09:15,153.48,13:40,152.38,651,99915.0,-716.0,-0.72,STOP_1.5,-1.518,LOSS
2026-01-27,RADICO,09:15,2901.4,13:40,2925.7,34,98648.0,826.0,0.84,STOP_1.5,-1.518,LOSS
2026-01-27,APLAPOLLO,09:15,2030.6,13:40,2057.4,49,99499.0,1313.0,1.32,STOP_1.5,-1.518,LOSS
2026-01-27,CREDITACC,09:15,1390.0,13:40,1329.2,71,98690.0,-4317.0,-4.37,STOP_1.5,-1.518,LOSS
2026-01-28,SYRMA,09:15,660.95,15:29,723.95,151,99803.0,9513.0,9.53,CLOSE_EXIT,5.513,WIN
2026-01-28,ABDL,09:15,454.2,15:29,460.0,220,99924.0,1276.0,1.28,CLOSE_EXIT,5.513,WIN
2026-01-28,ABB,09:15,4759.0,15:29,5040.0,21,99939.0,5901.0,5.9,CLOSE_EXIT,5.513,WIN
2026-01-28,SPLPETRO,09:15,512.3,15:29,536.0,195,99898.0,4622.0,4.63,CLOSE_EXIT,5.513,WIN
2026-01-28,GVT&D,09:15,2739.1,15:29,2910.0,36,98608.0,6152.0,6.24,CLOSE_EXIT,5.513,WIN
2026-01-29,CARTRADE,09:15,2448.4,10:45,2448.7,40,97936.0,12.0,0.01,STOP_1.5,-1.558,LOSS
2026-01-29,SPLPETRO,09:15,526.95,10:45,514.1,189,99594.0,-2429.0,-2.44,STOP_1.5,-1.558,LOSS
2026-01-29,ABDL,09:15,463.5,10:45,459.4,215,99652.0,-882.0,-0.88,STOP_1.5,-1.558,LOSS
2026-01-29,ABB,09:15,5050.0,10:45,4987.0,19,95950.0,-1197.0,-1.25,STOP_1.5,-1.558,LOSS
2026-01-29,IDEA,09:15,10.04,10:45,9.72,9960,99998.0,-3187.0,-3.19,STOP_1.5,-1.558,LOSS
2026-01-30,SPLPETRO,09:15,522.0,11:27,555.3,191,99702.0,6360.0,6.38,TRAIL_EXIT,6.782,WIN
2026-01-30,ABDL,09:15,450.0,11:27,469.6,222,99900.0,4351.0,4.36,TRAIL_EXIT,6.782,WIN
2026-01-30,IDEA,09:15,9.96,11:27,11.23,10040,99998.0,12751.0,12.75,TRAIL_EXIT,6.782,WIN
2026-01-30,VTL,09:15,413.55,11:27,448.8,241,99666.0,8495.0,8.52,TRAIL_EXIT,6.782,WIN
2026-01-30,DELHIVERY,09:15,411.0,11:27,418.8,243,99873.0,1895.0,1.9,TRAIL_EXIT,6.782,WIN
2026-02-01,GESHIP,09:15,1215.0,09:40,1193.0,82,99630.0,-1804.0,-1.81,STOP_1.5,-1.618,LOSS
2026-02-01,ABDL,09:15,486.9,09:40,476.6,205,99814.0,-2111.0,-2.12,STOP_1.5,-1.618,LOSS
2026-02-01,DELHIVERY,09:15,432.5,09:40,424.4,231,99908.0,-1871.0,-1.87,STOP_1.5,-1.618,LOSS
2026-02-01,INTELLECT,09:15,832.3,09:40,803.9,120,99876.0,-3408.0,-3.41,STOP_1.5,-1.618,LOSS
2026-02-01,CGPOWER,09:15,589.9,09:40,596.55,169,99693.0,1124.0,1.13,STOP_1.5,-1.618,LOSS
2026-02-02,ABDL,09:15,491.1,09:17,475.85,203,99693.0,-3096.0,-3.11,STOP_1.5,-1.443,LOSS
2026-02-02,INTELLECT,09:15,869.1,09:17,845.6,115,99946.0,-2702.0,-2.7,STOP_1.5,-1.443,LOSS
2026-02-02,ACMESOLAR,09:15,220.54,09:17,218.22,453,99905.0,-1051.0,-1.05,STOP_1.5,-1.443,LOSS
2026-02-02,CARTRADE,09:15,2574.7,09:17,2549.2,38,97839.0,-969.0,-0.99,STOP_1.5,-1.443,LOSS
2026-02-02,DELHIVERY,09:15,444.15,09:17,447.0,225,99934.0,641.0,0.64,STOP_1.5,-1.443,LOSS
2026-02-03,GALLANTT,09:15,534.0,09:25,522.75,187,99858.0,-2104.0,-2.11,STOP_1.5,-1.605,LOSS
2026-02-03,BALKRISIND,09:15,2522.5,09:25,2551.6,39,98378.0,1135.0,1.15,STOP_1.5,-1.605,LOSS
2026-02-03,ADANIPOWER,09:15,145.0,09:25,140.9,689,99905.0,-2825.0,-2.83,STOP_1.5,-1.605,LOSS
2026-02-03,SAPPHIRE,09:15,194.0,09:25,189.8,515,99910.0,-2163.0,-2.16,STOP_1.5,-1.605,LOSS
2026-02-03,GODFRYPHLP,09:15,2005.0,09:25,1964.0,49,98245.0,-2009.0,-2.04,STOP_1.5,-1.605,LOSS
2026-02-04,CONCORDBIO,09:15,1167.9,10:35,1162.3,85,99272.0,-476.0,-0.48,TRAIL_EXIT,0.966,WIN
2026-02-04,SAPPHIRE,09:15,188.85,10:35,191.07,529,99902.0,1174.0,1.18,TRAIL_EXIT,0.966,WIN
2026-02-04,POONAWALLA,09:15,411.0,10:35,405.5,243,99873.0,-1336.0,-1.34,TRAIL_EXIT,0.966,WIN
2026-02-04,GODFRYPHLP,09:15,1971.0,10:35,2016.7,50,98550.0,2285.0,2.32,TRAIL_EXIT,0.966,WIN
2026-02-04,LLOYDSME,09:15,1255.0,10:35,1294.9,79,99145.0,3152.0,3.18,TRAIL_EXIT,0.966,WIN
2026-02-05,CONCORDBIO,09:15,1177.6,09:38,1164.0,84,98918.0,-1142.0,-1.15,STOP_1.5,-1.563,LOSS
2026-02-05,ABREL,09:15,1219.9,09:38,1211.7,81,98812.0,-664.0,-0.67,STOP_1.5,-1.563,LOSS
2026-02-05,POONAWALLA,09:15,418.1,09:38,409.6,239,99926.0,-2032.0,-2.03,STOP_1.5,-1.563,LOSS
2026-02-05,GODFRYPHLP,09:15,2050.0,09:38,2006.6,48,98400.0,-2083.0,-2.12,STOP_1.5,-1.563,LOSS
2026-02-05,GODREJPROP,09:15,1720.0,09:38,1688.5,58,99760.0,-1827.0,-1.83,STOP_1.5,-1.563,LOSS
2026-02-06,CONCORDBIO,09:15,1164.8,12:35,1269.2,85,99008.0,8874.0,8.96,TRAIL_EXIT,3.653,WIN
2026-02-06,POONAWALLA,09:15,410.3,12:35,407.05,243,99703.0,-790.0,-0.79,TRAIL_EXIT,3.653,WIN
2026-02-06,GODFRYPHLP,09:15,1980.0,12:35,2159.0,50,99000.0,8950.0,9.04,TRAIL_EXIT,3.653,WIN
2026-02-06,ABCAPITAL,09:15,344.0,12:35,339.0,290,99760.0,-1450.0,-1.45,TRAIL_EXIT,3.653,WIN
2026-02-06,ABREL,09:15,1302.9,12:35,1336.5,76,99020.0,2554.0,2.58,TRAIL_EXIT,3.653,WIN
2026-02-09,ABCAPITAL,09:15,350.05,15:29,352.75,285,99764.0,769.0,0.77,CLOSE_EXIT,2.38,WIN
2026-02-09,GODREJPROP,09:15,1721.0,15:29,1802.0,58,99818.0,4698.0,4.71,CLOSE_EXIT,2.38,WIN
2026-02-09,ABREL,09:15,1352.0,15:29,1412.5,73,98696.0,4416.0,4.47,CLOSE_EXIT,2.38,WIN
2026-02-09,UPL,09:15,747.8,15:29,745.0,133,99457.0,-372.0,-0.37,CLOSE_EXIT,2.38,WIN
2026-02-09,FLUOROCHEM,09:15,3428.0,15:29,3508.0,29,99412.0,2320.0,2.33,CLOSE_EXIT,2.38,WIN
2026-02-10,SIGNATURE,09:15,915.0,11:32,918.4,109,99735.0,371.0,0.37,TRAIL_EXIT,0.99,WIN
2026-02-10,KIMS,09:15,655.0,11:32,665.45,152,99560.0,1588.0,1.6,TRAIL_EXIT,0.99,WIN
2026-02-10,AMBER,09:15,7299.0,11:32,7484.5,13,94887.0,2412.0,2.54,TRAIL_EXIT,0.99,WIN
2026-02-10,KIRLOSENG,09:15,1233.0,11:32,1224.3,81,99873.0,-705.0,-0.71,TRAIL_EXIT,0.99,WIN
2026-02-10,ENGINERSIN,09:15,181.7,11:32,183.93,550,99935.0,1227.0,1.23,TRAIL_EXIT,0.99,WIN
2026-02-11,KIMS,09:15,654.8,15:29,687.0,152,99530.0,4894.0,4.92,CLOSE_EXIT,3.312,WIN
2026-02-11,PFIZER,09:15,4950.0,15:29,5190.0,20,99000.0,4800.0,4.85,CLOSE_EXIT,3.312,WIN
2026-02-11,EICHERMOT,09:15,7505.0,15:29,7776.5,13,97565.0,3530.0,3.62,CLOSE_EXIT,3.312,WIN
2026-02-11,ENGINERSIN,09:15,183.6,15:29,184.14,544,99878.0,294.0,0.29,CLOSE_EXIT,3.312,WIN
2026-02-11,SIGNATURE,09:15,953.4,15:29,981.1,104,99154.0,2881.0,2.91,CLOSE_EXIT,3.312,WIN
2026-02-12,ENGINERSIN,09:15,183.51,09:23,183.51,544,99829.0,0.0,0.0,TRAIL_EXIT,0.803,WIN
2026-02-12,AMBER,09:15,7650.0,09:23,7769.0,13,99450.0,1547.0,1.56,TRAIL_EXIT,0.803,WIN
2026-02-12,KIMS,09:15,687.15,09:23,689.9,145,99637.0,399.0,0.4,TRAIL_EXIT,0.803,WIN
2026-02-12,SIGNATURE,09:15,977.6,09:23,988.0,102,99715.0,1061.0,1.06,TRAIL_EXIT,0.803,WIN
2026-02-12,PFIZER,09:15,5130.0,09:23,5181.4,19,97470.0,977.0,1.0,TRAIL_EXIT,0.803,WIN
2026-02-13,ENGINERSIN,09:15,199.1,09:22,202.7,502,99948.0,1807.0,1.81,TRAIL_EXIT,0.858,WIN
2026-02-13,AMBER,09:15,7750.0,09:22,7754.0,12,93000.0,48.0,0.05,TRAIL_EXIT,0.858,WIN
2026-02-13,KIMS,09:15,685.0,09:22,694.15,145,99325.0,1327.0,1.34,TRAIL_EXIT,0.858,WIN
2026-02-13,SIGNATURE,09:15,981.9,09:22,1007.45,101,99172.0,2581.0,2.6,TRAIL_EXIT,0.858,WIN
2026-02-13,PFIZER,09:15,5110.8,09:22,5028.2,19,97105.0,-1569.0,-1.62,TRAIL_EXIT,0.858,WIN
2026-02-16,AMBER,09:15,7760.0,09:29,7795.5,12,93120.0,426.0,0.46,TRAIL_EXIT,1.0,WIN
2026-02-16,KIMS,09:15,679.95,09:29,680.95,147,99953.0,147.0,0.15,TRAIL_EXIT,1.0,WIN
2026-02-16,ENGINERSIN,09:15,201.5,09:29,209.57,496,99944.0,4003.0,4.0,TRAIL_EXIT,1.0,WIN
2026-02-16,PFIZER,09:15,5037.5,09:29,5058.8,19,95712.0,405.0,0.42,TRAIL_EXIT,1.0,WIN
2026-02-16,EICHERMOT,09:15,8078.5,09:29,8068.0,12,96942.0,-126.0,-0.13,TRAIL_EXIT,1.0,WIN
2026-02-17,TARIL,09:15,270.0,09:29,273.3,370,99900.0,1221.0,1.22,TRAIL_EXIT,0.807,WIN
2026-02-17,TATAINVEST,09:15,630.4,09:29,630.5,158,99603.0,16.0,0.02,TRAIL_EXIT,0.807,WIN
2026-02-17,GODFRYPHLP,09:15,2020.0,09:29,2078.2,49,98980.0,2852.0,2.88,TRAIL_EXIT,0.807,WIN
2026-02-17,NETWEB,09:15,3088.1,09:29,3080.1,32,98819.0,-256.0,-0.26,TRAIL_EXIT,0.807,WIN
2026-02-17,TECHNOE,09:15,1050.45,09:29,1052.35,95,99793.0,180.0,0.18,TRAIL_EXIT,0.807,WIN
2026-02-18,TARIL,09:15,276.0,09:49,299.59,362,99912.0,8540.0,8.55,TRAIL_EXIT,4.278,WIN
2026-02-18,TATAINVEST,09:15,638.9,09:49,651.9,156,99668.0,2028.0,2.03,TRAIL_EXIT,4.278,WIN
2026-02-18,GODFRYPHLP,09:15,2083.7,09:49,2285.2,47,97934.0,9470.0,9.67,TRAIL_EXIT,4.278,WIN
2026-02-18,NETWEB,09:15,3210.9,09:49,3167.5,31,99538.0,-1345.0,-1.35,TRAIL_EXIT,4.278,WIN
2026-02-18,TECHNOE,09:15,1079.95,09:49,1107.6,92,99355.0,2544.0,2.56,TRAIL_EXIT,4.278,WIN
2026-02-19,TATAINVEST,09:15,646.3,10:12,719.8,154,99530.0,11319.0,11.37,TRAIL_EXIT,5.692,WIN
2026-02-19,TARIL,09:15,298.35,10:12,311.48,335,99947.0,4399.0,4.4,TRAIL_EXIT,5.692,WIN
2026-02-19,NCC,09:15,137.43,10:12,148.09,727,99912.0,7750.0,7.76,TRAIL_EXIT,5.692,WIN
2026-02-19,NETWEB,09:15,3399.0,10:12,3581.2,29,98571.0,5284.0,5.36,TRAIL_EXIT,5.692,WIN
2026-02-19,TECHNOE,09:15,1159.25,10:12,1154.3,86,99696.0,-426.0,-0.43,TRAIL_EXIT,5.692,WIN
2026-02-20,TATAINVEST,09:15,690.0,09:32,731.95,144,99360.0,6041.0,6.08,TRAIL_EXIT,0.775,WIN
2026-02-20,TARIL,09:15,300.25,09:32,307.56,333,99983.0,2434.0,2.43,TRAIL_EXIT,0.775,WIN
2026-02-20,ELGIEQUIP,09:15,520.55,09:32,515.95,192,99946.0,-883.0,-0.88,TRAIL_EXIT,0.775,WIN
2026-02-20,GODFRYPHLP,09:15,2480.0,09:32,2412.3,40,99200.0,-2708.0,-2.73,TRAIL_EXIT,0.775,WIN
2026-02-20,NCC,09:15,148.99,09:32,147.47,671,99972.0,-1020.0,-1.02,TRAIL_EXIT,0.775,WIN
2026-02-23,TATAINVEST,09:15,719.8,09:17,694.2,138,99332.0,-3533.0,-3.56,STOP_1.5,-1.812,LOSS
2026-02-23,NCC,09:15,150.0,09:17,150.06,666,99900.0,40.0,0.04,STOP_1.5,-1.812,LOSS
2026-02-23,ELGIEQUIP,09:15,535.0,09:17,535.95,186,99510.0,177.0,0.18,STOP_1.5,-1.812,LOSS
2026-02-23,GODFRYPHLP,09:15,2488.0,09:17,2430.1,40,99520.0,-2316.0,-2.33,STOP_1.5,-1.812,LOSS
2026-02-23,TARIL,09:15,318.51,09:17,307.67,313,99694.0,-3393.0,-3.4,STOP_1.5,-1.812,LOSS
2026-02-24,REDINGTON,09:15,246.0,11:45,239.0,406,99876.0,-2842.0,-2.85,STOP_1.5,-1.548,LOSS
2026-02-24,TEJASNET,09:15,325.5,11:45,315.65,307,99928.0,-3024.0,-3.03,STOP_1.5,-1.548,LOSS
2026-02-24,FINCABLES,09:15,825.2,11:45,808.15,121,99849.0,-2063.0,-2.07,STOP_1.5,-1.548,LOSS
2026-02-24,CONCORDBIO,09:15,1090.0,11:45,1080.9,91,99190.0,-828.0,-0.83,STOP_1.5,-1.548,LOSS
2026-02-24,BLUEJET,09:15,390.45,11:45,394.5,256,99955.0,1037.0,1.04,STOP_1.5,-1.548,LOSS
2026-02-25,REDINGTON,09:15,242.0,15:29,243.5,413,99946.0,620.0,0.62,CLOSE_EXIT,4.087,WIN
2026-02-25,TEJASNET,09:15,318.55,15:29,319.95,313,99706.0,438.0,0.44,CLOSE_EXIT,4.087,WIN
2026-02-25,CONCORDBIO,09:15,1075.0,15:29,1260.0,93,99975.0,17205.0,17.21,CLOSE_EXIT,4.087,WIN
2026-02-25,FINCABLES,09:15,815.0,15:29,824.0,122,99430.0,1098.0,1.1,CLOSE_EXIT,4.087,WIN
2026-02-25,J&KBANK,09:15,111.06,15:29,112.21,900,99954.0,1035.0,1.04,CLOSE_EXIT,4.087,WIN
2026-02-26,REDINGTON,09:15,242.9,15:29,245.0,411,99832.0,863.0,0.86,CLOSE_EXIT,5.159,WIN
2026-02-26,TEJASNET,09:15,323.55,15:29,381.35,309,99977.0,17860.0,17.86,CLOSE_EXIT,5.159,WIN
2026-02-26,FINCABLES,09:15,829.0,15:29,880.95,120,99480.0,6234.0,6.27,CLOSE_EXIT,5.159,WIN
2026-02-26,BLUEJET,09:15,395.05,15:29,398.0,253,99948.0,746.0,0.75,CLOSE_EXIT,5.159,WIN
2026-02-26,SPLPETRO,09:15,649.85,15:29,650.0,153,99427.0,23.0,0.02,CLOSE_EXIT,5.159,WIN
2026-02-27,REDINGTON,09:15,244.55,12:57,278.8,511,124965.0,17502.0,14.01,TRAIL_EXIT,7.112,WIN
2026-02-27,BLUEJET,09:15,400.05,12:57,399.9,312,124816.0,-47.0,-0.04,TRAIL_EXIT,7.112,WIN
2026-02-27,TEJASNET,09:15,387.8,12:57,423.35,322,124872.0,11447.0,9.17,TRAIL_EXIT,7.112,WIN
2026-02-27,FINCABLES,09:15,876.0,12:57,922.4,142,124392.0,6589.0,5.3,TRAIL_EXIT,7.112,WIN
2026-03-02,REDINGTON,09:15,267.9,09:47,271.65,373,99927.0,1399.0,1.4,TRAIL_EXIT,4.298,WIN
2026-03-02,BLUEJET,09:15,393.05,09:47,395.3,254,99835.0,572.0,0.57,TRAIL_EXIT,4.298,WIN
2026-03-02,TEJASNET,09:15,421.4,09:47,475.0,237,99872.0,12703.0,12.72,TRAIL_EXIT,4.298,WIN
2026-03-02,SCHAEFFLER,09:15,4170.0,09:47,4302.1,23,95910.0,3038.0,3.17,TRAIL_EXIT,4.298,WIN
2026-03-02,FINCABLES,09:15,873.7,09:47,905.0,114,99602.0,3568.0,3.58,TRAIL_EXIT,4.298,WIN
2026-03-04,MAZDOCK,09:15,2209.8,15:29,2162.9,45,99441.0,-2111.0,-2.12,CLOSE_EXIT,1.154,WIN
2026-03-04,ONESOURCE,09:15,1282.8,15:29,1334.0,77,98776.0,3942.0,3.99,CLOSE_EXIT,1.154,WIN
2026-03-04,JWL,09:15,252.0,15:29,248.4,396,99792.0,-1426.0,-1.43,CLOSE_EXIT,1.154,WIN
2026-03-04,NATIONALUM,09:15,365.0,15:29,372.35,273,99645.0,2007.0,2.01,CLOSE_EXIT,1.154,WIN
2026-03-04,SOLARINDS,09:15,14124.0,15:29,14598.0,7,98868.0,3318.0,3.36,CLOSE_EXIT,1.154,WIN
2026-03-05,MAZDOCK,09:15,2179.9,13:54,2346.1,45,98096.0,7479.0,7.62,TRAIL_EXIT,2.579,WIN
2026-03-05,JWL,09:15,252.0,13:54,250.0,396,99792.0,-792.0,-0.79,TRAIL_EXIT,2.579,WIN
2026-03-05,ONESOURCE,09:15,1349.9,13:54,1360.1,74,99893.0,755.0,0.76,TRAIL_EXIT,2.579,WIN
2026-03-05,SOLARINDS,09:15,14796.0,13:54,14616.0,6,88776.0,-1080.0,-1.22,TRAIL_EXIT,2.579,WIN
2026-03-05,DATAPATTNS,09:15,3124.5,13:54,3317.8,32,99984.0,6186.0,6.19,TRAIL_EXIT,2.579,WIN
2026-03-06,JWL,09:15,254.8,14:56,293.1,392,99882.0,15014.0,15.03,TRAIL_EXIT,5.814,WIN
2026-03-06,MAZDOCK,09:15,2383.3,14:56,2471.0,41,97715.0,3596.0,3.68,TRAIL_EXIT,5.814,WIN
2026-03-06,ONESOURCE,09:15,1400.0,14:56,1480.3,71,99400.0,5701.0,5.74,TRAIL_EXIT,5.814,WIN
2026-03-06,SOLARINDS,09:15,14702.0,14:56,15135.0,6,88212.0,2598.0,2.95,TRAIL_EXIT,5.814,WIN
2026-03-06,NATIONALUM,09:15,392.0,14:56,397.1,255,99960.0,1301.0,1.3,TRAIL_EXIT,5.814,WIN
2026-03-09,MAZDOCK,09:15,2488.4,09:17,2397.2,40,99536.0,-3648.0,-3.67,STOP_1.5,-2.564,LOSS
2026-03-09,SOLARINDS,09:15,15250.0,09:17,14900.0,6,91500.0,-2100.0,-2.3,STOP_1.5,-2.564,LOSS
2026-03-09,IRCON,09:15,143.44,09:17,139.19,697,99978.0,-2962.0,-2.96,STOP_1.5,-2.564,LOSS
2026-03-09,NATIONALUM,09:15,396.0,09:17,396.6,252,99792.0,151.0,0.15,STOP_1.5,-2.564,LOSS
2026-03-09,JWL,09:15,309.0,09:17,296.55,323,99807.0,-4021.0,-4.03,STOP_1.5,-2.564,LOSS
2026-03-10,NTPCGREEN,09:15,87.9,15:29,86.74,1137,99942.0,-1319.0,-1.32,CLOSE_EXIT,4.473,WIN
2026-03-10,AIIL,09:15,410.0,15:29,486.35,243,99630.0,18553.0,18.62,CLOSE_EXIT,4.473,WIN
2026-03-10,SAREGAMA,09:15,326.95,15:29,327.0,305,99720.0,15.0,0.02,CLOSE_EXIT,4.473,WIN
2026-03-10,ACMESOLAR,09:15,220.97,15:29,224.5,452,99878.0,1596.0,1.6,CLOSE_EXIT,4.473,WIN
2026-03-10,PARADEEP,09:15,104.8,15:29,108.45,954,99979.0,3482.0,3.48,CLOSE_EXIT,4.473,WIN
2026-03-11,NTPCGREEN,09:15,87.2,10:47,87.48,1146,99931.0,321.0,0.32,TRAIL_EXIT,0.826,WIN
2026-03-11,SAREGAMA,09:15,328.35,10:47,329.55,304,99818.0,365.0,0.37,TRAIL_EXIT,0.826,WIN
2026-03-11,ACMESOLAR,09:15,224.5,10:47,226.37,445,99902.0,832.0,0.83,TRAIL_EXIT,0.826,WIN
2026-03-11,PARADEEP,09:15,108.79,10:47,110.1,919,99978.0,1204.0,1.2,TRAIL_EXIT,0.826,WIN
2026-03-11,PREMIERENE,09:15,749.0,10:47,759.55,133,99617.0,1403.0,1.41,TRAIL_EXIT,0.826,WIN
2026-03-12,NTPCGREEN,09:15,86.5,10:51,90.56,1156,99994.0,4693.0,4.69,TRAIL_EXIT,0.974,WIN
2026-03-12,ACMESOLAR,09:15,229.0,10:51,234.32,436,99844.0,2320.0,2.32,TRAIL_EXIT,0.974,WIN
2026-03-12,SAREGAMA,09:15,327.85,10:51,322.9,305,99994.0,-1510.0,-1.51,TRAIL_EXIT,0.974,WIN
2026-03-12,PARADEEP,09:15,111.55,10:51,111.62,896,99949.0,63.0,0.06,TRAIL_EXIT,0.974,WIN
2026-03-12,LTTS,09:15,3100.0,10:51,3078.0,32,99200.0,-704.0,-0.71,TRAIL_EXIT,0.974,WIN
2026-03-13,ACMESOLAR,09:15,243.0,09:49,255.23,411,99873.0,5027.0,5.03,TRAIL_EXIT,1.566,WIN
2026-03-13,AIIL,09:15,447.0,09:49,445.35,223,99681.0,-368.0,-0.37,TRAIL_EXIT,1.566,WIN
2026-03-13,LTTS,09:15,3129.0,09:49,3149.9,31,96999.0,648.0,0.67,TRAIL_EXIT,1.566,WIN
2026-03-13,PARADEEP,09:15,110.4,09:49,111.15,905,99912.0,679.0,0.68,TRAIL_EXIT,1.566,WIN
2026-03-13,NTPCGREEN,09:15,98.3,09:49,100.06,1017,99971.0,1790.0,1.79,TRAIL_EXIT,1.566,WIN
2026-03-16,PARADEEP,09:15,111.0,09:18,109.0,900,99900.0,-1800.0,-1.8,STOP_1.5,-1.672,LOSS
2026-03-16,SAREGAMA,09:15,342.6,09:18,341.55,291,99697.0,-306.0,-0.31,STOP_1.5,-1.672,LOSS
2026-03-16,NTPCGREEN,09:15,100.0,09:18,97.06,1000,100000.0,-2940.0,-2.94,STOP_1.5,-1.672,LOSS
2026-03-16,TORNTPOWER,09:15,1462.0,09:18,1470.8,68,99416.0,598.0,0.6,STOP_1.5,-1.672,LOSS
2026-03-16,AIIL,09:15,464.0,09:18,445.9,215,99760.0,-3892.0,-3.9,STOP_1.5,-1.672,LOSS
2026-03-17,FIRSTCRY,09:15,214.05,15:02,213.6,467,99961.0,-210.0,-0.21,TRAIL_EXIT,1.287,WIN
2026-03-17,JPPOWER,09:15,14.04,15:02,14.04,7122,99993.0,0.0,0.0,TRAIL_EXIT,1.287,WIN
2026-03-17,OLECTRA,09:15,906.0,15:02,903.55,110,99660.0,-270.0,-0.27,TRAIL_EXIT,1.287,WIN
2026-03-17,IGIL,09:15,307.05,15:02,326.15,325,99791.0,6207.0,6.22,TRAIL_EXIT,1.287,WIN
2026-03-17,JBMA,09:15,488.75,15:02,492.15,204,99705.0,694.0,0.7,TRAIL_EXIT,1.287,WIN
2026-03-18,FIRSTCRY,09:15,214.1,10:00,212.1,467,99985.0,-934.0,-0.93,TRAIL_EXIT,3.679,WIN
2026-03-18,OLECTRA,09:15,905.0,10:00,967.8,110,99550.0,6908.0,6.94,TRAIL_EXIT,3.679,WIN
2026-03-18,JPPOWER,09:15,14.6,10:00,15.19,6849,99995.0,4041.0,4.04,TRAIL_EXIT,3.679,WIN
2026-03-18,IGIL,09:15,320.0,10:00,315.9,312,99840.0,-1279.0,-1.28,TRAIL_EXIT,3.679,WIN
2026-03-18,JBMA,09:15,496.2,10:00,544.1,201,99736.0,9628.0,9.65,TRAIL_EXIT,3.679,WIN
2026-03-19,FIRSTCRY,09:15,211.0,09:28,209.53,473,99803.0,-695.0,-0.7,TRAIL_EXIT,0.992,WIN
2026-03-19,AWL,09:15,175.0,09:28,175.47,571,99925.0,268.0,0.27,TRAIL_EXIT,0.992,WIN
2026-03-19,IGIL,09:15,328.0,09:28,327.95,304,99712.0,-15.0,-0.02,TRAIL_EXIT,0.992,WIN
2026-03-19,ACUTAAS,09:15,2177.4,09:28,2275.9,45,97983.0,4432.0,4.52,TRAIL_EXIT,0.992,WIN
2026-03-19,TARIL,09:15,280.5,09:28,283.15,356,99858.0,943.0,0.94,TRAIL_EXIT,0.992,WIN
2026-03-20,FIRSTCRY,09:15,210.7,10:22,231.17,474,99872.0,9703.0,9.72,TRAIL_EXIT,2.874,WIN
2026-03-20,AWL,09:15,178.74,10:22,184.16,559,99916.0,3030.0,3.03,TRAIL_EXIT,2.874,WIN
2026-03-20,OLECTRA,09:15,1009.45,10:22,1020.1,99,99936.0,1054.0,1.06,TRAIL_EXIT,2.874,WIN
2026-03-20,JBMA,09:15,550.0,10:22,546.5,181,99550.0,-634.0,-0.64,TRAIL_EXIT,2.874,WIN
2026-03-20,TARIL,09:15,280.0,10:22,283.35,357,99960.0,1196.0,1.2,TRAIL_EXIT,2.874,WIN
2026-03-23,JPPOWER,09:15,15.5,09:39,15.06,6451,99990.0,-2838.0,-2.84,STOP_1.5,-1.563,LOSS
2026-03-23,JBMA,09:15,556.0,09:39,545.25,179,99524.0,-1924.0,-1.93,STOP_1.5,-1.563,LOSS
2026-03-23,FIRSTCRY,09:15,245.0,09:39,234.23,408,99960.0,-4394.0,-4.4,STOP_1.5,-1.563,LOSS
2026-03-23,TARIL,09:15,275.85,09:39,281.75,362,99858.0,2136.0,2.14,STOP_1.5,-1.563,LOSS
2026-03-23,OLECTRA,09:15,1080.0,09:39,1071.6,92,99360.0,-773.0,-0.78,STOP_1.5,-1.563,LOSS
2026-03-24,SPLPETRO,09:15,642.9,10:58,652.8,155,99650.0,1534.0,1.54,STOP_1.5,-1.559,LOSS
2026-03-24,GRAPHITE,09:15,576.0,10:58,560.0,173,99648.0,-2768.0,-2.78,STOP_1.5,-1.559,LOSS
2026-03-24,HEG,09:15,488.0,10:58,483.8,204,99552.0,-857.0,-0.86,STOP_1.5,-1.559,LOSS
2026-03-24,KARURVYSYA,09:15,271.05,10:58,261.1,368,99746.0,-3662.0,-3.67,STOP_1.5,-1.559,LOSS
2026-03-24,SAGILITY,09:15,37.08,10:58,36.33,2696,99968.0,-2022.0,-2.02,STOP_1.5,-1.559,LOSS
2026-03-25,HEG,09:15,496.0,11:37,499.0,201,99696.0,603.0,0.6,TRAIL_EXIT,1.387,WIN
2026-03-25,ONESOURCE,09:15,1310.0,11:37,1241.1,76,99560.0,-5236.0,-5.26,TRAIL_EXIT,1.387,WIN
2026-03-25,GRAPHITE,09:15,579.0,11:37,590.1,172,99588.0,1909.0,1.92,TRAIL_EXIT,1.387,WIN
2026-03-25,SAMMAANCAP,09:15,144.0,11:37,151.8,694,99936.0,5413.0,5.42,TRAIL_EXIT,1.387,WIN
2026-03-25,KARURVYSYA,09:15,275.0,11:37,286.65,363,99825.0,4229.0,4.24,TRAIL_EXIT,1.387,WIN
2026-03-27,HEG,09:15,503.1,10:01,559.4,198,99614.0,11147.0,11.19,TRAIL_EXIT,4.881,WIN
2026-03-27,ONESOURCE,09:15,1352.9,10:01,1359.0,73,98762.0,445.0,0.45,TRAIL_EXIT,4.881,WIN
2026-03-27,GRAPHITE,09:15,597.1,10:01,639.5,167,99716.0,7081.0,7.1,TRAIL_EXIT,4.881,WIN
2026-03-27,KARURVYSYA,09:15,281.0,10:01,281.25,355,99755.0,89.0,0.09,TRAIL_EXIT,4.881,WIN
2026-03-27,SPLPETRO,09:15,664.0,10:01,700.8,150,99600.0,5520.0,5.54,TRAIL_EXIT,4.881,WIN
2026-03-30,ONESOURCE,09:15,1403.0,09:49,1423.2,71,99613.0,1434.0,1.44,TRAIL_EXIT,0.948,WIN
2026-03-30,CHOICEIN,09:15,633.0,09:49,628.7,157,99381.0,-675.0,-0.68,TRAIL_EXIT,0.948,WIN
2026-03-30,SAMMAANCAP,09:15,148.6,09:49,147.63,672,99859.0,-652.0,-0.65,TRAIL_EXIT,0.948,WIN
2026-03-30,HEG,09:15,560.0,09:49,563.8,178,99680.0,676.0,0.68,TRAIL_EXIT,0.948,WIN
2026-03-30,BALRAMCHIN,09:15,488.5,09:49,507.8,204,99654.0,3937.0,3.95,TRAIL_EXIT,0.948,WIN
2026-04-01,LATENTVIEW,09:15,263.85,09:27,268.35,379,99999.0,1706.0,1.71,TRAIL_EXIT,0.856,WIN
2026-04-01,OLAELEC,09:15,23.99,09:27,23.82,4168,99990.0,-709.0,-0.71,TRAIL_EXIT,0.856,WIN
2026-04-01,TTML,09:15,32.93,09:27,33.53,3036,99975.0,1822.0,1.82,TRAIL_EXIT,0.856,WIN
2026-04-01,IDBI,09:15,63.1,09:27,64.4,1584,99950.0,2059.0,2.06,TRAIL_EXIT,0.856,WIN
2026-04-01,RPOWER,09:15,21.65,09:27,21.52,4618,99980.0,-600.0,-0.6,TRAIL_EXIT,0.856,WIN
2026-04-02,LATENTVIEW,09:15,259.9,09:52,276.25,384,99802.0,6278.0,6.29,TRAIL_EXIT,0.955,WIN
2026-04-02,TTML,09:15,34.43,09:52,33.84,2904,99985.0,-1713.0,-1.71,TRAIL_EXIT,0.955,WIN
2026-04-02,IDBI,09:15,65.5,09:52,65.8,1526,99953.0,458.0,0.46,TRAIL_EXIT,0.955,WIN
2026-04-02,OLAELEC,09:15,25.62,09:52,25.68,3903,99995.0,234.0,0.23,TRAIL_EXIT,0.955,WIN
2026-04-02,TATACHEM,09:15,600.0,09:52,597.05,166,99600.0,-490.0,-0.49,TRAIL_EXIT,0.955,WIN
2026-04-06,SAPPHIRE,09:15,152.23,13:43,157.78,656,99863.0,3641.0,3.65,TRAIL_EXIT,0.935,WIN
2026-04-06,IDBI,09:15,69.39,13:43,68.88,1441,99991.0,-735.0,-0.73,TRAIL_EXIT,0.935,WIN
2026-04-06,TTML,09:15,36.5,13:43,37.19,2739,99974.0,1890.0,1.89,TRAIL_EXIT,0.935,WIN
2026-04-06,GRSE,09:15,2270.0,13:43,2256.1,44,99880.0,-612.0,-0.61,TRAIL_EXIT,0.935,WIN
2026-04-06,OLAELEC,09:15,28.8,13:43,28.94,3472,99994.0,486.0,0.49,TRAIL_EXIT,0.935,WIN
2026-04-07,GRAVITA,09:15,1374.1,10:21,1389.1,72,98935.0,1080.0,1.09,TRAIL_EXIT,0.822,WIN
2026-04-07,DEVYANI,09:15,99.0,10:21,98.27,1010,99990.0,-737.0,-0.74,TRAIL_EXIT,0.822,WIN
2026-04-07,COHANCE,09:15,302.9,10:21,304.6,330,99957.0,561.0,0.56,TRAIL_EXIT,0.822,WIN
2026-04-07,ASHOKLEY,09:15,150.0,10:21,149.39,666,99900.0,-406.0,-0.41,TRAIL_EXIT,0.822,WIN
2026-04-07,FIVESTAR,09:15,356.0,10:21,368.85,280,99680.0,3598.0,3.61,TRAIL_EXIT,0.822,WIN
2026-04-08,DEVYANI,09:15,104.49,15:29,105.81,957,99997.0,1263.0,1.26,CLOSE_EXIT,2.514,WIN
2026-04-08,GRAVITA,09:15,1463.9,15:29,1505.0,68,99545.0,2795.0,2.81,CLOSE_EXIT,2.514,WIN
2026-04-08,COHANCE,09:15,311.0,15:29,309.5,321,99831.0,-482.0,-0.48,CLOSE_EXIT,2.514,WIN
2026-04-08,ASHOKLEY,09:15,165.1,15:29,172.4,605,99886.0,4417.0,4.42,CLOSE_EXIT,2.514,WIN
2026-04-08,JPPOWER,09:15,15.8,15:29,16.52,6329,99998.0,4557.0,4.56,CLOSE_EXIT,2.514,WIN
2026-04-09,COHANCE,09:15,309.45,09:51,306.1,323,99952.0,-1082.0,-1.08,STOP_1.5,-1.696,LOSS
2026-04-09,PGEL,09:15,480.0,09:51,466.5,208,99840.0,-2808.0,-2.81,STOP_1.5,-1.696,LOSS
2026-04-09,ABREL,09:15,1263.3,09:51,1250.1,79,99801.0,-1043.0,-1.04,STOP_1.5,-1.696,LOSS
2026-04-09,LODHA,09:15,782.0,09:51,768.5,127,99314.0,-1714.0,-1.73,STOP_1.5,-1.696,LOSS
2026-04-09,DEVYANI,09:15,106.49,09:51,104.56,939,99994.0,-1812.0,-1.81,STOP_1.5,-1.696,LOSS
2026-04-10,COHANCE,09:15,321.6,09:27,337.15,310,99696.0,4820.0,4.84,TRAIL_EXIT,2.468,WIN
2026-04-10,PGEL,09:15,486.4,09:27,492.15,205,99712.0,1179.0,1.18,TRAIL_EXIT,2.468,WIN
2026-04-10,DEVYANI,09:15,104.63,09:27,105.63,955,99922.0,955.0,0.96,TRAIL_EXIT,2.468,WIN
2026-04-10,ZEEL,09:15,79.7,09:27,81.3,1254,99944.0,2006.0,2.01,TRAIL_EXIT,2.468,WIN
2026-04-10,SAPPHIRE,09:15,160.6,09:27,166.0,622,99893.0,3359.0,3.36,TRAIL_EXIT,2.468,WIN
2026-04-13,LODHA,09:15,788.0,09:37,804.35,126,99288.0,2060.0,2.07,TRAIL_EXIT,0.856,WIN
2026-04-13,PGEL,09:15,470.45,09:37,478.35,212,99735.0,1675.0,1.68,TRAIL_EXIT,0.856,WIN
2026-04-13,DEVYANI,09:15,105.05,09:37,105.8,951,99903.0,713.0,0.71,TRAIL_EXIT,0.856,WIN
2026-04-13,ASHOKLEY,09:15,172.0,09:37,172.6,581,99932.0,349.0,0.35,TRAIL_EXIT,0.856,WIN
2026-04-13,RPOWER,09:15,24.69,09:37,24.56,4050,99994.0,-527.0,-0.53,TRAIL_EXIT,0.856,WIN
2026-04-15,GUJGASLTD,09:15,322.0,09:30,320.55,310,99820.0,-449.0,-0.45,TRAIL_EXIT,1.009,WIN
2026-04-15,TRITURBINE,09:15,469.0,09:30,470.35,213,99897.0,288.0,0.29,TRAIL_EXIT,1.009,WIN
2026-04-15,NETWEB,09:15,3390.0,09:30,3422.0,29,98310.0,928.0,0.94,TRAIL_EXIT,1.009,WIN
2026-04-15,SONATSOFTW,09:15,246.9,09:30,248.9,405,99994.0,810.0,0.81,TRAIL_EXIT,1.009,WIN
2026-04-15,JWL,09:15,267.8,09:30,277.04,373,99889.0,3447.0,3.45,TRAIL_EXIT,1.009,WIN
2026-04-16,TRITURBINE,09:15,479.95,09:23,476.0,208,99830.0,-822.0,-0.82,TRAIL_EXIT,0.945,WIN
2026-04-16,NLCINDIA,09:15,277.35,09:23,280.3,360,99846.0,1062.0,1.06,TRAIL_EXIT,0.945,WIN
2026-04-16,GUJGASLTD,09:15,328.0,09:23,329.55,304,99712.0,471.0,0.47,TRAIL_EXIT,0.945,WIN
2026-04-16,ECLERX,09:15,1520.0,09:23,1574.7,65,98800.0,3556.0,3.6,TRAIL_EXIT,0.945,WIN
2026-04-16,MMTC,09:15,60.97,09:23,61.24,1640,99991.0,443.0,0.44,TRAIL_EXIT,0.945,WIN
2026-04-17,TRITURBINE,09:15,480.0,10:34,488.35,208,99840.0,1737.0,1.74,TRAIL_EXIT,4.863,WIN
2026-04-17,GUJGASLTD,09:15,339.5,10:34,357.45,294,99813.0,5277.0,5.29,TRAIL_EXIT,4.863,WIN
2026-04-17,NAVA,09:15,626.05,10:34,690.55,159,99542.0,10256.0,10.3,TRAIL_EXIT,4.863,WIN
2026-04-17,INOXWIND,09:15,95.79,10:34,98.96,1043,99909.0,3306.0,3.31,TRAIL_EXIT,4.863,WIN
2026-04-17,RADICO,09:15,3040.1,10:34,3151.4,32,97283.0,3562.0,3.66,TRAIL_EXIT,4.863,WIN
2026-04-20,RPOWER,09:15,29.0,09:17,27.97,3448,99992.0,-3551.0,-3.55,STOP_1.5,-1.862,LOSS
2026-04-20,RADICO,09:15,3220.9,09:17,3262.9,31,99848.0,1302.0,1.3,STOP_1.5,-1.862,LOSS
2026-04-20,INOXWIND,09:15,98.0,09:17,96.0,1020,99960.0,-2040.0,-2.04,STOP_1.5,-1.862,LOSS
2026-04-20,SUZLON,09:15,53.34,09:17,52.61,1874,99959.0,-1368.0,-1.37,STOP_1.5,-1.862,LOSS
2026-04-20,SONATSOFTW,09:15,282.0,09:17,271.7,354,99828.0,-3646.0,-3.65,STOP_1.5,-1.862,LOSS
2026-04-21,ELECON,09:15,437.0,13:27,470.4,228,99636.0,7615.0,7.64,TRAIL_EXIT,3.209,WIN
2026-04-21,PPLPHARMA,09:15,149.0,13:27,151.2,671,99979.0,1476.0,1.48,TRAIL_EXIT,3.209,WIN
2026-04-21,DATAPATTNS,09:15,3478.9,13:27,3607.7,28,97409.0,3606.0,3.7,TRAIL_EXIT,3.209,WIN
2026-04-21,ONESOURCE,09:15,1565.0,13:27,1543.0,63,98595.0,-1386.0,-1.41,TRAIL_EXIT,3.209,WIN
2026-04-21,HSCL,09:15,490.0,13:27,512.5,204,99960.0,4590.0,4.59,TRAIL_EXIT,3.209,WIN
2026-04-22,ONESOURCE,09:15,1564.8,15:29,1605.0,63,98582.0,2533.0,2.57,CLOSE_EXIT,3.574,WIN
2026-04-22,PPLPHARMA,09:15,150.71,15:29,153.6,663,99921.0,1916.0,1.92,CLOSE_EXIT,3.574,WIN
2026-04-22,DATAPATTNS,09:15,3536.0,15:29,3840.0,28,99008.0,8512.0,8.6,CLOSE_EXIT,3.574,WIN
2026-04-22,WELCORP,09:15,1112.0,15:29,1148.0,89,98968.0,3204.0,3.24,CLOSE_EXIT,3.574,WIN
2026-04-22,CLEAN,09:15,754.85,15:29,766.7,132,99640.0,1564.0,1.57,CLOSE_EXIT,3.574,WIN
2026-04-23,PPLPHARMA,09:15,153.81,12:06,163.08,650,99976.0,6026.0,6.03,TRAIL_EXIT,5.834,WIN
2026-04-23,ONESOURCE,09:15,1626.0,12:06,1738.7,61,99186.0,6875.0,6.93,TRAIL_EXIT,5.834,WIN
2026-04-23,CLEAN,09:15,766.0,12:06,807.65,130,99580.0,5414.0,5.44,TRAIL_EXIT,5.834,WIN
2026-04-23,DATAPATTNS,09:15,3845.0,12:06,3975.8,26,99970.0,3401.0,3.4,TRAIL_EXIT,5.834,WIN
2026-04-23,WELCORP,09:15,1130.0,12:06,1213.5,88,99440.0,7348.0,7.39,TRAIL_EXIT,5.834,WIN
2026-04-24,DATAPATTNS,09:15,4135.0,09:35,3932.1,24,99240.0,-4870.0,-4.91,STOP_1.5,-1.596,LOSS
2026-04-24,PPLPHARMA,09:15,164.68,09:35,165.86,607,99961.0,716.0,0.72,STOP_1.5,-1.596,LOSS
2026-04-24,CLEAN,09:15,807.4,09:35,801.15,123,99310.0,-769.0,-0.77,STOP_1.5,-1.596,LOSS
2026-04-24,TARIL,09:15,322.8,09:35,316.75,309,99745.0,-1869.0,-1.87,STOP_1.5,-1.596,LOSS
2026-04-24,MANAPPURAM,09:15,292.85,09:35,289.45,341,99862.0,-1159.0,-1.16,STOP_1.5,-1.596,LOSS
2026-04-27,PPLPHARMA,09:15,166.29,09:24,167.89,601,99940.0,962.0,0.96,TRAIL_EXIT,0.881,WIN
2026-04-27,DATAPATTNS,09:15,4100.0,09:24,4124.0,24,98400.0,576.0,0.59,TRAIL_EXIT,0.881,WIN
2026-04-27,TARIL,09:15,329.4,09:24,339.1,303,99808.0,2939.0,2.94,TRAIL_EXIT,0.881,WIN
2026-04-27,WELCORP,09:15,1224.5,09:24,1228.95,81,99184.0,360.0,0.36,TRAIL_EXIT,0.881,WIN
2026-04-27,CLEAN,09:15,822.0,09:24,818.2,121,99462.0,-460.0,-0.46,TRAIL_EXIT,0.881,WIN
2026-04-28,IIFL,09:15,437.5,13:29,439.25,228,99750.0,399.0,0.4,TRAIL_EXIT,0.993,WIN
2026-04-28,SAPPHIRE,09:15,174.99,13:29,173.79,571,99919.0,-685.0,-0.69,TRAIL_EXIT,0.993,WIN
2026-04-28,CONCORDBIO,09:15,1062.0,13:29,1106.1,94,99828.0,4145.0,4.15,TRAIL_EXIT,0.993,WIN
2026-04-28,CEMPRO,09:15,662.95,13:29,669.25,150,99442.0,945.0,0.95,TRAIL_EXIT,0.993,WIN
2026-04-28,DEVYANI,09:15,112.0,13:29,112.17,892,99904.0,152.0,0.15,TRAIL_EXIT,0.993,WIN
2026-04-29,SAPPHIRE,09:15,175.0,10:42,181.48,571,99925.0,3700.0,3.7,TRAIL_EXIT,1.646,WIN
2026-04-29,IIFL,09:15,442.9,10:42,449.5,225,99652.0,1485.0,1.49,TRAIL_EXIT,1.646,WIN
2026-04-29,DEVYANI,09:15,112.85,10:42,112.1,886,99985.0,-664.0,-0.66,TRAIL_EXIT,1.646,WIN
2026-04-29,CEMPRO,09:15,688.6,10:42,688.0,145,99847.0,-87.0,-0.09,TRAIL_EXIT,1.646,WIN
2026-04-29,CONCORDBIO,09:15,1074.3,10:42,1115.0,93,99910.0,3785.0,3.79,TRAIL_EXIT,1.646,WIN
2026-04-30,IIFL,09:15,460.45,09:38,455.75,217,99918.0,-1020.0,-1.02,TRAIL_EXIT,0.828,WIN
2026-04-30,CEMPRO,09:15,738.0,09:38,770.65,135,99630.0,4408.0,4.42,TRAIL_EXIT,0.828,WIN
2026-04-30,HFCL,09:15,106.8,09:38,110.01,936,99965.0,3005.0,3.01,TRAIL_EXIT,0.828,WIN
2026-04-30,SAPPHIRE,09:15,205.15,09:38,198.31,487,99908.0,-3331.0,-3.33,TRAIL_EXIT,0.828,WIN
2026-04-30,IKS,09:15,1561.9,09:38,1578.7,64,99962.0,1075.0,1.08,TRAIL_EXIT,0.828,WIN
2026-05-04,IIFL,09:15,465.2,09:17,464.35,214,99553.0,-182.0,-0.18,TRAIL_EXIT,0.829,WIN
2026-05-04,ERIS,09:15,1322.9,09:17,1327.1,75,99218.0,315.0,0.32,TRAIL_EXIT,0.829,WIN
2026-05-04,HFCL,09:15,122.35,09:17,125.76,817,99960.0,2786.0,2.79,TRAIL_EXIT,0.829,WIN
2026-05-04,SAPPHIRE,09:15,199.6,09:17,203.0,501,100000.0,1703.0,1.7,TRAIL_EXIT,0.829,WIN
2026-05-04,IKS,09:15,1672.0,09:17,1663.5,59,98648.0,-502.0,-0.51,TRAIL_EXIT,0.829,WIN
2026-05-05,ECLERX,09:15,1419.0,10:11,1467.0,70,99330.0,3360.0,3.38,TRAIL_EXIT,0.943,WIN
2026-05-05,FSL,09:15,215.53,10:11,215.91,463,99790.0,176.0,0.18,TRAIL_EXIT,0.943,WIN
2026-05-05,NUVOCO,09:15,290.55,10:11,291.8,344,99949.0,430.0,0.43,TRAIL_EXIT,0.943,WIN
2026-05-05,NUVAMA,09:15,1334.1,10:11,1340.2,74,98723.0,451.0,0.46,TRAIL_EXIT,0.943,WIN
2026-05-05,PAYTM,09:15,1111.6,10:11,1114.6,89,98932.0,267.0,0.27,TRAIL_EXIT,0.943,WIN
2026-05-06,COFORGE,09:15,1261.2,09:38,1263.1,79,99635.0,150.0,0.15,TRAIL_EXIT,0.767,WIN
2026-05-06,ECLERX,09:15,1460.9,09:38,1504.6,68,99341.0,2972.0,2.99,TRAIL_EXIT,0.767,WIN
2026-05-06,NUVOCO,09:15,297.25,09:38,299.45,336,99876.0,739.0,0.74,TRAIL_EXIT,0.767,WIN
2026-05-06,CRAFTSMAN,09:15,7800.0,09:38,7805.5,12,93600.0,66.0,0.07,TRAIL_EXIT,0.767,WIN
2026-05-06,PAYTM,09:15,1105.0,09:38,1103.3,90,99450.0,-153.0,-0.15,TRAIL_EXIT,0.767,WIN
2026-05-07,CRAFTSMAN,09:15,7825.0,10:23,7751.0,12,93900.0,-888.0,-0.95,TRAIL_EXIT,2.63,WIN
2026-05-07,NUVAMA,09:15,1420.0,10:23,1418.0,70,99400.0,-140.0,-0.14,TRAIL_EXIT,2.63,WIN
2026-05-07,GODREJIND,09:15,1029.5,10:23,1158.55,97,99862.0,12518.0,12.54,TRAIL_EXIT,2.63,WIN
2026-05-07,PAYTM,09:15,1150.0,10:23,1172.2,86,98900.0,1909.0,1.93,TRAIL_EXIT,2.63,WIN
2026-05-07,ECLERX,09:15,1594.2,10:23,1586.3,62,98840.0,-490.0,-0.5,TRAIL_EXIT,2.63,WIN
2026-05-08,FSL,09:15,235.18,10:40,258.62,425,99952.0,9962.0,9.97,TRAIL_EXIT,5.423,WIN
2026-05-08,SONATSOFTW,09:15,275.0,10:40,293.05,363,99825.0,6552.0,6.56,TRAIL_EXIT,5.423,WIN
2026-05-08,APTUS,09:15,277.35,10:40,284.05,360,99846.0,2412.0,2.42,TRAIL_EXIT,5.423,WIN
2026-05-08,HFCL,09:15,146.0,10:40,144.37,684,99864.0,-1115.0,-1.12,TRAIL_EXIT,5.423,WIN
2026-05-08,NUVAMA,09:15,1474.5,10:40,1612.0,67,98792.0,9212.0,9.33,TRAIL_EXIT,5.423,WIN
2026-05-11,HFCL,09:15,139.3,10:09,151.38,717,99878.0,8661.0,8.67,TRAIL_EXIT,0.954,WIN
2026-05-11,ECLERX,09:15,1665.0,10:09,1632.4,60,99900.0,-1956.0,-1.96,TRAIL_EXIT,0.954,WIN
2026-05-11,NUVOCO,09:15,325.0,10:09,319.5,307,99775.0,-1688.0,-1.69,TRAIL_EXIT,0.954,WIN
2026-05-11,APTUS,09:15,282.8,10:09,282.9,353,99828.0,35.0,0.04,TRAIL_EXIT,0.954,WIN
2026-05-11,CHOLAHLDNG,09:15,1778.1,10:09,1772.9,56,99574.0,-291.0,-0.29,TRAIL_EXIT,0.954,WIN
2026-05-12,MAPMYINDIA,09:15,1041.05,09:29,1021.55,96,99941.0,-1872.0,-1.87,STOP_1.5,-1.573,LOSS
2026-05-12,AFFLE,09:15,1648.0,09:29,1611.0,60,98880.0,-2220.0,-2.25,STOP_1.5,-1.573,LOSS
2026-05-12,IDEA,09:15,12.04,09:29,11.78,8305,99992.0,-2159.0,-2.16,STOP_1.5,-1.573,LOSS
2026-05-12,HFCL,09:15,150.54,09:29,149.67,664,99959.0,-578.0,-0.58,STOP_1.5,-1.573,LOSS
2026-05-12,KIMS,09:15,778.9,09:29,771.0,128,99699.0,-1011.0,-1.01,STOP_1.5,-1.573,LOSS
2026-05-13,HFCL,09:15,149.0,15:29,153.0,838,124862.0,3352.0,2.68,CLOSE_EXIT,0.373,WIN
2026-05-13,OIL,09:15,493.45,15:29,505.0,253,124843.0,2922.0,2.34,CLOSE_EXIT,0.373,WIN
2026-05-13,VTL,09:15,613.75,15:29,608.0,203,124591.0,-1167.0,-0.94,CLOSE_EXIT,0.373,WIN
2026-05-13,AFFLE,09:15,1571.0,15:29,1529.9,79,124109.0,-3247.0,-2.62,CLOSE_EXIT,0.373,WIN
2026-05-14,IDEA,09:15,12.92,11:03,12.73,6449,83321.0,-1225.0,-1.47,STOP_1.5,-1.563,LOSS
2026-05-14,HFCL,09:15,154.0,11:03,142.53,541,83314.0,-6205.0,-7.45,STOP_1.5,-1.563,LOSS
2026-05-14,OIL,09:15,525.4,11:03,514.75,158,83013.0,-1683.0,-2.03,STOP_1.5,-1.563,LOSS
2026-05-14,BIOCON,09:15,417.55,11:03,417.2,199,83092.0,-70.0,-0.08,STOP_1.5,-1.563,LOSS
2026-05-14,VEDL,09:15,329.0,11:03,333.75,253,83237.0,1202.0,1.44,STOP_1.5,-1.563,LOSS
2026-05-14,KIMS,09:15,779.85,11:03,781.6,106,82664.0,186.0,0.22,STOP_1.5,-1.563,LOSS
2026-05-15,HFCL,09:15,152.64,09:18,150.0,655,99979.0,-1729.0,-1.73,STOP_1.5,-1.704,LOSS
2026-05-15,VEDL,09:15,338.9,09:18,326.5,295,99976.0,-3658.0,-3.66,STOP_1.5,-1.704,LOSS
2026-05-15,SAREGAMA,09:15,390.0,09:18,391.5,256,99840.0,384.0,0.38,STOP_1.5,-1.704,LOSS
2026-05-15,NLCINDIA,09:15,375.2,09:18,365.85,266,99803.0,-2487.0,-2.49,STOP_1.5,-1.704,LOSS
2026-05-15,SAIL,09:15,199.99,09:18,197.94,500,99995.0,-1025.0,-1.03,STOP_1.5,-1.704,LOSS
2026-05-18,LATENTVIEW,09:15,305.25,15:29,309.35,327,99817.0,1341.0,1.34,CLOSE_EXIT,0.76,WIN
2026-05-18,SAILIFE,09:15,1073.5,15:29,1127.0,93,99836.0,4976.0,4.98,CLOSE_EXIT,0.76,WIN
2026-05-18,JPPOWER,09:15,19.2,15:29,19.0,5208,99994.0,-1042.0,-1.04,CLOSE_EXIT,0.76,WIN
2026-05-18,VEDL,09:15,323.9,15:29,327.4,308,99761.0,1078.0,1.08,CLOSE_EXIT,0.76,WIN
2026-05-18,KIRLOSENG,09:15,1739.0,15:29,1694.0,57,99123.0,-2565.0,-2.59,CLOSE_EXIT,0.76,WIN
2026-05-19,COHANCE,09:15,440.0,09:35,451.35,227,99880.0,2576.0,2.58,TRAIL_EXIT,0.99,WIN
2026-05-19,GESHIP,09:15,1705.0,09:35,1745.1,58,98890.0,2326.0,2.35,TRAIL_EXIT,0.99,WIN
2026-05-19,VEDL,09:15,325.4,09:35,326.5,307,99898.0,338.0,0.34,TRAIL_EXIT,0.99,WIN
2026-05-19,PAGEIND,09:15,37580.0,09:35,37890.0,2,75160.0,620.0,0.82,TRAIL_EXIT,0.99,WIN
2026-05-19,MRPL,09:15,149.41,09:35,147.66,669,99955.0,-1171.0,-1.17,TRAIL_EXIT,0.99,WIN
2026-05-20,IRB,09:15,20.0,12:54,20.15,5000,100000.0,750.0,0.75,TRAIL_EXIT,1.89,WIN
2026-05-20,IGIL,09:15,330.0,12:54,340.6,303,99990.0,3212.0,3.21,TRAIL_EXIT,1.89,WIN
2026-05-20,SAMMAANCAP,09:15,137.55,12:54,138.32,727,99999.0,560.0,0.56,TRAIL_EXIT,1.89,WIN
2026-05-20,HONAUT,09:15,29075.0,12:54,29745.0,3,87225.0,2010.0,2.3,TRAIL_EXIT,1.89,WIN
2026-05-20,FSL,09:15,241.0,12:54,247.45,414,99774.0,2670.0,2.68,TRAIL_EXIT,1.89,WIN
2026-05-21,SAMMAANCAP,09:15,148.19,09:34,150.81,674,99880.0,1766.0,1.77,TRAIL_EXIT,2.158,WIN
2026-05-21,IRB,09:15,21.15,09:34,21.37,4728,99997.0,1040.0,1.04,TRAIL_EXIT,2.158,WIN
2026-05-21,HONAUT,09:15,31500.0,09:34,32605.0,3,94500.0,3315.0,3.51,TRAIL_EXIT,2.158,WIN
2026-05-21,FSL,09:15,250.0,09:34,249.53,400,100000.0,-188.0,-0.19,TRAIL_EXIT,2.158,WIN
2026-05-21,TECHNOE,09:15,1207.5,09:34,1265.0,82,99015.0,4715.0,4.76,TRAIL_EXIT,2.158,WIN
2026-05-22,SAMMAANCAP,09:15,156.05,12:10,153.9,640,99872.0,-1376.0,-1.38,TRAIL_EXIT,0.949,WIN
2026-05-22,HONASA,09:15,385.0,12:10,400.75,259,99715.0,4079.0,4.09,TRAIL_EXIT,0.949,WIN
2026-05-22,FSL,09:15,254.2,12:10,261.13,393,99901.0,2723.0,2.73,TRAIL_EXIT,0.949,WIN
2026-05-22,IGIL,09:15,375.95,12:10,376.55,265,99627.0,159.0,0.16,TRAIL_EXIT,0.949,WIN
2026-05-22,PCBL,09:15,288.9,12:10,286.45,346,99959.0,-848.0,-0.85,TRAIL_EXIT,0.949,WIN
2026-05-25,SAMMAANCAP,09:15,163.6,15:29,168.51,611,99960.0,3000.0,3.0,CLOSE_EXIT,-0.333,LOSS
2026-05-25,IGIL,09:15,376.0,15:29,372.5,265,99640.0,-928.0,-0.93,CLOSE_EXIT,-0.333,LOSS
2026-05-25,PCBL,09:15,297.4,15:29,293.7,336,99926.0,-1243.0,-1.24,CLOSE_EXIT,-0.333,LOSS
2026-05-25,LATENTVIEW,09:15,327.2,15:29,321.0,305,99796.0,-1891.0,-1.89,CLOSE_EXIT,-0.333,LOSS
2026-05-25,POWERINDIA,09:15,36000.0,15:29,35745.0,2,72000.0,-510.0,-0.71,CLOSE_EXIT,-0.333,LOSS
2026-05-26,BLUEJET,09:15,480.0,10:00,514.6,208,99840.0,7197.0,7.21,TRAIL_EXIT,2.084,WIN
2026-05-26,HFCL,09:15,163.37,10:00,165.1,612,99982.0,1059.0,1.06,TRAIL_EXIT,2.084,WIN
2026-05-26,SAGILITY,09:15,41.65,10:00,41.78,2400,99960.0,312.0,0.31,TRAIL_EXIT,2.084,WIN
2026-05-26,NAM-INDIA,09:15,1100.0,10:00,1105.6,90,99000.0,504.0,0.51,TRAIL_EXIT,2.084,WIN
2026-05-26,ADANIPOWER,09:15,234.25,10:00,237.35,426,99790.0,1321.0,1.32,TRAIL_EXIT,2.084,WIN
2026-05-27,BLUEJET,09:15,492.0,15:29,472.0,203,99876.0,-4060.0,-4.07,CLOSE_EXIT,3.246,WIN
2026-05-27,ADANIPOWER,09:15,247.6,15:29,249.75,403,99783.0,866.0,0.87,CLOSE_EXIT,3.246,WIN
2026-05-27,ARE&M,09:15,886.0,15:29,904.85,112,99232.0,2111.0,2.13,CLOSE_EXIT,3.246,WIN
2026-05-27,CEMPRO,09:15,950.0,15:29,991.5,105,99750.0,4358.0,4.37,CLOSE_EXIT,3.246,WIN
2026-05-27,ATGL,09:15,719.8,15:29,813.2,138,99332.0,12889.0,12.98,CLOSE_EXIT,3.246,WIN
2026-05-29,ADANIPOWER,09:15,250.9,09:30,250.85,498,124948.0,-25.0,-0.02,STOP_1.5,-1.554,LOSS
2026-05-29,HFCL,09:15,175.0,09:30,173.43,714,124950.0,-1121.0,-0.9,STOP_1.5,-1.554,LOSS
2026-05-29,JPPOWER,09:15,24.5,09:30,23.15,5102,124999.0,-6888.0,-5.51,STOP_1.5,-1.554,LOSS
2026-05-29,ADANIENSOL,09:15,1557.1,09:30,1560.5,80,124568.0,272.0,0.22,STOP_1.5,-1.554,LOSS
2026-06-01,POWERINDIA,09:15,38700.0,09:26,38320.0,2,77400.0,-760.0,-0.98,STOP_1.5,-1.569,LOSS
2026-06-01,CEMPRO,09:15,1071.0,09:26,1045.0,77,82467.0,-2002.0,-2.43,STOP_1.5,-1.569,LOSS
2026-06-01,ZEEL,09:15,94.1,09:26,93.21,885,83278.0,-788.0,-0.95,STOP_1.5,-1.569,LOSS
2026-06-01,ADANIENSOL,09:15,1521.8,09:26,1514.9,54,82177.0,-373.0,-0.45,STOP_1.5,-1.569,LOSS
2026-06-01,EXIDEIND,09:15,390.45,09:26,388.2,213,83166.0,-479.0,-0.58,STOP_1.5,-1.569,LOSS
2026-06-01,WOCKPHARMA,09:15,2377.0,09:26,2282.4,35,83195.0,-3311.0,-3.98,STOP_1.5,-1.569,LOSS
2026-06-02,PTCIL,09:15,18596.0,15:29,19400.0,5,92980.0,4020.0,4.32,CLOSE_EXIT,-0.566,LOSS
2026-06-02,JKCEMENT,09:15,5199.5,15:29,5032.0,19,98790.0,-3182.0,-3.22,CLOSE_EXIT,-0.566,LOSS
2026-06-02,CEMPRO,09:15,1064.1,15:29,1037.0,93,98961.0,-2520.0,-2.55,CLOSE_EXIT,-0.566,LOSS
2026-06-02,NATIONALUM,09:15,436.0,15:29,434.9,229,99844.0,-252.0,-0.25,CLOSE_EXIT,-0.566,LOSS
2026-06-02,KPIL,09:15,1300.0,15:29,1289.0,76,98800.0,-836.0,-0.85,CLOSE_EXIT,-0.566,LOSS
2026-06-03,CONCORDBIO,09:15,1230.0,09:20,1196.9,81,99630.0,-2681.0,-2.69,STOP_1.5,-1.597,LOSS
2026-06-03,JMFINANCIL,09:15,129.16,09:20,127.03,774,99970.0,-1649.0,-1.65,STOP_1.5,-1.597,LOSS
2026-06-03,NEWGEN,09:15,528.0,09:20,521.0,189,99792.0,-1323.0,-1.33,STOP_1.5,-1.597,LOSS
2026-06-03,PTCIL,09:15,19379.0,09:20,19458.0,5,96895.0,395.0,0.41,STOP_1.5,-1.597,LOSS
2026-06-03,ACMESOLAR,09:15,335.0,09:20,326.05,298,99830.0,-2667.0,-2.67,STOP_1.5,-1.597,LOSS
2026-06-04,CONCORDBIO,09:15,1201.5,11:03,1227.9,83,99724.0,2191.0,2.2,TRAIL_EXIT,1.951,WIN
2026-06-04,RHIM,09:15,374.05,11:03,395.6,267,99871.0,5754.0,5.76,TRAIL_EXIT,1.951,WIN
2026-06-04,CHENNPETRO,09:15,1184.0,11:03,1202.1,84,99456.0,1520.0,1.53,TRAIL_EXIT,1.951,WIN
2026-06-04,OLAELEC,09:15,43.49,11:03,44.0,2299,99984.0,1172.0,1.17,TRAIL_EXIT,1.951,WIN
2026-06-04,CARTRADE,09:15,1953.8,11:03,1936.0,51,99644.0,-908.0,-0.91,TRAIL_EXIT,1.951,WIN
2026-06-05,RHIM,09:15,396.0,13:23,394.5,252,99792.0,-378.0,-0.38,STOP_1.5,-1.596,LOSS
2026-06-05,CONCORDBIO,09:15,1238.2,13:23,1219.0,80,99056.0,-1536.0,-1.55,STOP_1.5,-1.596,LOSS
2026-06-05,IIFL,09:15,531.0,13:23,512.75,188,99828.0,-3431.0,-3.44,STOP_1.5,-1.596,LOSS
2026-06-05,OLAELEC,09:15,43.4,13:23,43.98,2304,99994.0,1336.0,1.34,STOP_1.5,-1.596,LOSS
2026-06-05,ANANTRAJ,09:15,595.2,13:23,571.7,168,99994.0,-3948.0,-3.95,STOP_1.5,-1.596,LOSS
2026-06-08,RHIM,09:15,390.0,09:42,379.2,256,99840.0,-2765.0,-2.77,TRAIL_EXIT,0.946,WIN
2026-06-08,OLAELEC,09:15,44.0,09:42,44.91,2272,99968.0,2068.0,2.07,TRAIL_EXIT,0.946,WIN
2026-06-08,CONCORDBIO,09:15,1204.1,09:42,1198.8,83,99940.0,-440.0,-0.44,TRAIL_EXIT,0.946,WIN
2026-06-08,ACUTAAS,09:15,3232.0,09:42,3395.7,30,96960.0,4911.0,5.06,TRAIL_EXIT,0.946,WIN
2026-06-08,RRKABEL,09:15,2179.0,09:42,2199.1,45,98055.0,904.0,0.92,TRAIL_EXIT,0.946,WIN
2026-06-09,CCL,09:15,1173.0,15:29,1149.5,85,99705.0,-1998.0,-2.0,CLOSE_EXIT,-0.235,LOSS
2026-06-09,ANANDRATHI,09:15,1765.0,15:29,1730.0,56,98840.0,-1960.0,-1.98,CLOSE_EXIT,-0.235,LOSS
2026-06-09,ALKEM,09:15,5405.0,15:29,5322.5,18,97290.0,-1485.0,-1.53,CLOSE_EXIT,-0.235,LOSS
2026-06-09,CARTRADE,09:15,2069.8,15:29,2178.0,48,99350.0,5194.0,5.23,CLOSE_EXIT,-0.235,LOSS
2026-06-09,HEXT,09:15,525.0,15:29,520.2,190,99750.0,-912.0,-0.91,CLOSE_EXIT,-0.235,LOSS
2026-06-10,CARTRADE,09:15,2190.6,11:54,2341.0,45,98577.0,6768.0,6.87,TRAIL_EXIT,2.529,WIN
2026-06-10,CEMPRO,09:15,1240.0,11:54,1233.2,80,99200.0,-544.0,-0.55,TRAIL_EXIT,2.529,WIN
2026-06-10,DATAPATTNS,09:15,4600.0,11:54,4380.9,21,96600.0,-4601.0,-4.76,TRAIL_EXIT,2.529,WIN
2026-06-10,CAPLIPOINT,09:15,2260.8,11:54,2362.0,44,99475.0,4453.0,4.48,TRAIL_EXIT,2.529,WIN
2026-06-10,CCL,09:15,1151.9,11:54,1226.2,86,99063.0,6390.0,6.45,TRAIL_EXIT,2.529,WIN
2026-06-11,CEMPRO,09:15,1218.9,12:36,1175.3,82,99950.0,-3575.0,-3.58,STOP_1.5,-1.578,LOSS
2026-06-11,CCL,09:15,1185.1,12:36,1129.6,84,99548.0,-4662.0,-4.68,STOP_1.5,-1.578,LOSS
2026-06-11,CARTRADE,09:15,2401.6,12:36,2353.4,41,98466.0,-1976.0,-2.01,STOP_1.5,-1.578,LOSS
2026-06-11,CAPLIPOINT,09:15,2309.4,12:36,2349.0,43,99304.0,1703.0,1.71,STOP_1.5,-1.578,LOSS
2026-06-11,CONCORDBIO,09:15,1323.0,12:36,1332.0,75,99225.0,675.0,0.68,STOP_1.5,-1.578,LOSS
2026-06-12,BLUEJET,09:15,501.0,12:18,512.2,199,99699.0,2229.0,2.24,TRAIL_EXIT,0.928,WIN
2026-06-12,CARTRADE,09:15,2404.9,12:18,2335.9,41,98601.0,-2829.0,-2.87,TRAIL_EXIT,0.928,WIN
2026-06-12,AEGISLOG,09:15,956.35,12:18,966.5,104,99460.0,1056.0,1.06,TRAIL_EXIT,0.928,WIN
2026-06-12,APARINDS,09:15,14823.0,12:18,15206.0,6,88938.0,2298.0,2.58,TRAIL_EXIT,0.928,WIN
2026-06-12,CAPLIPOINT,09:15,2350.0,12:18,2391.7,42,98700.0,1751.0,1.77,TRAIL_EXIT,0.928,WIN
2026-06-15,IFCI,09:15,87.67,15:29,89.0,1140,99944.0,1516.0,1.52,CLOSE_EXIT,-0.735,LOSS
2026-06-15,APARINDS,09:15,15600.0,15:29,16160.0,6,93600.0,3360.0,3.59,CLOSE_EXIT,-0.735,LOSS
2026-06-15,TEJASNET,09:15,607.0,15:29,582.35,164,99548.0,-4043.0,-4.06,CLOSE_EXIT,-0.735,LOSS
2026-06-15,TTML,09:15,47.0,15:29,45.69,2127,99969.0,-2786.0,-2.79,CLOSE_EXIT,-0.735,LOSS
2026-06-15,AAVAS,09:15,1416.9,15:29,1393.1,70,99183.0,-1666.0,-1.68,CLOSE_EXIT,-0.735,LOSS
